date,open,high,low,close,adjusted_close,volume
2003-09-26,102.0,102.45,102.0,102.45,49.1623,11800
2003-09-29,102.29,102.3,102.1,102.17,49.0279,13600
2003-09-30,102.3,102.74,102.29,102.7,49.2822,62600
2003-10-01,102.64,102.75,102.6,102.65,49.2583,66300
2003-10-02,102.2,102.65,102.01,102.49,49.1815,68900
2003-10-03,102.05,102.05,101.7,101.75,48.8264,64500
2003-10-06,101.64,101.99,101.6,101.9,48.8984,28700
2003-10-07,101.94,101.94,101.38,101.55,48.7304,13000
2003-10-08,101.49,102.05,101.28,101.8,48.8504,42700
2003-10-09,101.39,101.5,101.1,101.44,48.6776,35900
2003-10-10,101.68,102.05,101.68,102.0,48.9463,13500
2003-10-13,102.0,102.1,101.55,101.55,48.7304,23700
2003-10-14,101.44,101.59,101.14,101.35,48.6344,54300
2003-10-15,101.18,101.24,100.9,101.1,48.5145,23100
2003-10-16,101.39,101.55,100.55,100.83,48.3849,62300
2003-10-17,101.04,101.31,100.75,101.31,48.6152,55600
2003-10-20,101.14,101.47,101.14,101.25,48.5864,12900
2003-10-21,101.39,101.73,101.39,101.45,48.6824,49000
2003-10-22,101.75,101.95,101.51,101.9,48.8984,25400
2003-10-23,101.84,101.87,101.65,101.65,48.7784,20700
2003-10-24,101.8,102.15,101.8,102.15,49.0183,28200
2003-10-27,102.04,102.12,101.8,101.95,48.9223,35400
2003-10-28,101.8,102.35,101.8,102.35,49.1143,16600
2003-10-29,102.08,102.1,101.9,101.9,48.8984,71700
2003-10-30,101.79,101.96,101.78,101.9,48.8984,17300
2003-10-31,101.9,101.9,101.4,101.74,48.8216,31000
2003-11-03,101.33,101.42,101.2,101.2,48.7342,56659
2003-11-04,101.45,101.58,101.4,101.4,48.8305,26841
2003-11-05,101.5,101.57,101.4,101.4,48.8305,24600
2003-11-06,101.18,101.19,100.85,100.85,48.5657,78000
2003-11-07,100.69,100.9,100.55,100.9,48.5898,33400
2003-11-10,101.08,101.14,100.91,101.09,48.6813,21100
2003-11-11,101.18,101.2,100.81,100.91,48.5946,23700
2003-11-12,101.04,101.34,100.81,101.1,48.6861,16400
2003-11-13,101.53,101.91,101.53,101.84,49.0424,25400
2003-11-14,101.92,102.16,101.89,101.92,49.081,18800
2003-11-17,102.22,102.42,102.18,102.35,49.288,48800
2003-11-18,102.13,102.35,102.05,102.3,49.264,26800
2003-11-19,102.28,102.3,101.82,101.82,49.0328,44900
2003-11-20,102.0,102.26,101.94,102.17,49.2014,21400
2003-11-21,102.34,102.44,102.21,102.28,49.2543,66500
2003-11-24,102.09,102.14,101.85,101.85,49.0473,37000
2003-11-25,101.78,102.25,101.78,102.25,49.2399,54000
2003-11-26,102.08,102.14,101.88,101.88,49.0617,25300
2003-11-28,101.75,101.75,101.72,101.72,48.9846,22900
2003-12-01,101.15,101.32,101.0,101.17,48.8503,58700
2003-12-02,100.84,101.15,100.6,101.14,48.8359,52100
2003-12-03,100.9,101.35,100.9,101.24,48.8841,32400
2003-12-04,101.14,101.5,101.05,101.39,48.9566,25200
2003-12-05,101.89,101.9,101.51,101.9,49.2028,42200
2003-12-08,101.99,102.04,101.81,101.9,49.2028,67200
2003-12-09,102.04,102.1,101.21,101.33,48.9276,87900
2003-12-10,101.74,101.75,101.6,101.73,49.1207,120500
2003-12-11,101.59,102.14,101.4,102.09,49.2946,91600
2003-12-12,102.24,102.34,101.95,102.15,49.3235,16400
2003-12-15,102.2,102.25,101.85,102.09,49.2946,21100
2003-12-16,102.1,102.19,101.9,102.15,49.3235,61500
2003-12-17,102.44,102.55,102.16,102.4,49.4442,23100
2003-12-18,102.45,102.64,102.21,102.55,49.5167,33400
2003-12-19,102.54,102.6,102.36,102.6,49.5408,26500
2003-12-22,102.69,102.8,102.27,102.55,49.5167,139700
2003-12-23,102.39,102.5,102.15,102.15,49.3235,80300
2003-12-24,102.34,102.49,102.11,102.23,49.3622,16200
2003-12-26,102.59,102.74,102.31,102.74,49.6084,54500
2003-12-29,102.5,102.6,102.16,102.49,49.4877,37600
2003-12-30,102.29,102.39,102.08,102.3,49.396,33800
2003-12-31,102.0,102.15,102.0,102.15,49.4642,51900
2004-01-02,102.15,102.19,101.35,101.57,49.1833,26100
2004-01-05,101.54,101.69,101.3,101.69,49.2414,63600
2004-01-06,101.94,102.19,101.76,102.15,49.4642,151800
2004-01-07,102.2,102.45,102.15,102.38,49.5756,75200
2004-01-08,102.2,102.5,102.12,102.35,49.561,40800
2004-01-09,103.14,103.27,102.91,103.2,49.9726,49800
2004-01-12,103.2,103.25,102.9,102.91,49.8322,67600
2004-01-13,103.04,103.18,102.9,103.15,49.9484,21700
2004-01-14,103.05,103.24,103.05,103.14,49.9436,14100
2004-01-15,103.35,103.35,103.0,103.27,50.0065,32600
2004-01-16,103.4,103.55,103.1,103.19,49.9678,66800
2004-01-20,103.18,103.29,102.93,103.1,49.9242,51700
2004-01-21,103.28,103.29,103.01,103.17,49.9581,53800
2004-01-22,103.38,103.54,103.28,103.35,50.0453,44100
2004-01-23,103.78,103.79,103.0,103.1,49.9242,28700
2004-01-26,103.08,103.09,102.7,102.7,49.7305,31900
2004-01-27,102.88,103.15,102.8,102.85,49.8032,20200
2004-01-28,103.14,103.4,102.22,102.64,49.7015,63000
2004-01-29,102.54,102.54,102.3,102.4,49.5852,50600
2004-01-30,102.83,102.83,102.5,102.6,49.6821,105300
2004-02-02,102.54,102.67,102.35,102.35,49.6956,21300
2004-02-03,102.78,102.78,102.41,102.63,49.8315,40300
2004-02-04,102.68,102.69,102.37,102.64,49.8364,37600
2004-02-05,102.6,102.66,102.2,102.35,49.6956,38900
2004-02-06,102.64,102.78,102.55,102.77,49.8995,31600
2004-02-09,102.93,103.0,102.7,102.84,49.9335,15800
2004-02-10,102.88,102.88,102.55,102.62,49.8266,31300
2004-02-11,102.67,103.19,102.46,103.02,50.0209,26200
2004-02-12,103.2,103.2,102.84,103.03,50.0257,61400
2004-02-13,103.23,103.49,103.0,103.49,50.2491,82500
2004-02-17,103.28,103.3,103.0,103.24,50.1277,78300
2004-02-18,103.45,103.5,103.1,103.16,50.0888,38800
2004-02-19,103.08,103.3,102.9,103.27,50.1423,21500
2004-02-20,103.23,103.24,102.84,102.95,49.9869,40700
2004-02-23,103.08,103.25,102.81,103.23,50.1228,24300
2004-02-24,103.33,103.39,103.12,103.14,50.0791,40800
2004-02-25,103.35,103.47,103.2,103.38,50.1957,78800
2004-02-26,103.33,103.34,103.12,103.21,50.1131,33700
2004-02-27,103.49,103.52,103.28,103.49,50.2491,34100
2004-03-01,103.35,103.38,102.9,103.29,50.2716,154200
2004-03-02,103.1,103.23,102.75,102.93,50.0963,28500
2004-03-03,103.08,103.08,102.7,102.82,50.0428,79900
2004-03-04,103.08,103.1,102.83,103.07,50.1645,116500
2004-03-05,103.9,103.99,102.99,103.83,50.5344,68900
2004-03-08,104.15,104.2,103.87,104.18,50.7047,44100
2004-03-09,104.18,104.43,104.05,104.33,50.7777,46400
2004-03-10,104.3,104.36,104.12,104.21,50.7193,38800
2004-03-11,104.54,104.54,103.91,104.44,50.8313,56000
2004-03-12,104.3,104.32,104.01,104.12,50.6755,42300
2004-03-15,104.15,104.27,104.0,104.14,50.6852,61300
2004-03-16,104.08,104.47,103.81,104.39,50.8069,53200
2004-03-17,104.58,104.58,104.23,104.34,50.7826,28300
2004-03-18,104.32,104.46,104.02,104.24,50.7339,27000
2004-03-19,104.24,104.3,103.89,104.13,50.6804,132500
2004-03-22,104.24,104.42,104.12,104.4,50.8118,23300
2004-03-23,104.35,104.46,104.17,104.41,50.8167,45500
2004-03-24,104.5,104.52,104.24,104.47,50.8459,31300
2004-03-25,104.35,104.43,104.17,104.41,50.8167,39000
2004-03-26,104.3,104.35,103.77,104.05,50.6414,102300
2004-03-29,103.78,103.87,103.46,103.86,50.549,210100
2004-03-30,103.93,103.95,103.45,103.45,50.3494,243200
2004-03-31,103.8,104.08,103.7,103.95,50.5928,105100
2004-04-01,103.78,103.78,103.37,103.74,50.617,128500
2004-04-02,102.41,102.97,102.41,102.79,50.1534,165600
2004-04-05,102.05,102.35,102.05,102.16,49.8461,77500
2004-04-06,102.45,102.5,102.14,102.45,49.9876,54800
2004-04-07,102.48,102.67,102.2,102.2,49.8656,207600
2004-04-08,102.3,102.59,102.25,102.26,49.8948,18700
2004-04-12,102.35,102.4,102.08,102.23,49.8802,88400
2004-04-13,101.98,102.1,101.71,102.05,49.7924,110800
2004-04-14,101.5,101.76,101.28,101.75,49.646,30400
2004-04-15,101.48,101.77,101.42,101.6,49.5728,40600
2004-04-16,101.85,101.9,101.6,101.88,49.7094,49000
2004-04-19,101.95,102.0,101.62,101.75,49.646,115300
2004-04-20,101.65,101.72,101.31,101.42,49.485,40000
2004-04-21,101.05,101.51,101.01,101.18,49.3679,72700
2004-04-22,101.6,101.69,101.33,101.55,49.5484,41100
2004-04-23,101.45,101.5,101.11,101.35,49.4508,90200
2004-04-26,101.35,101.59,101.04,101.32,49.4362,109900
2004-04-27,101.45,101.59,101.23,101.57,49.5582,54200
2004-04-28,101.59,101.59,101.06,101.1,49.3289,36400
2004-04-29,101.03,101.28,100.62,100.81,49.1874,46600
2004-04-30,100.94,101.04,100.75,100.78,49.1727,64200
2004-05-03,100.65,100.83,100.36,100.36,49.0993,245200
2004-05-04,100.6,100.94,100.28,100.54,49.1874,41200
2004-05-05,100.65,100.79,100.3,100.41,49.1238,34000
2004-05-06,100.25,100.34,100.06,100.1,48.9721,67900
2004-05-07,99.5,99.5,99.15,99.25,48.5563,56800
2004-05-10,99.4,99.49,99.06,99.1,48.4829,77000
2004-05-11,99.01,99.45,99.01,99.35,48.6052,84200
2004-05-12,99.45,99.51,99.21,99.21,48.5367,48900
2004-05-13,99.25,99.26,98.86,99.19,48.5269,21200
2004-05-14,99.28,99.54,99.15,99.21,48.5367,53300
2004-05-17,99.66,99.89,99.66,99.71,48.7813,37400
2004-05-18,99.74,99.8,99.51,99.76,48.8058,24000
2004-05-19,99.64,99.64,99.4,99.59,48.7226,31000
2004-05-20,99.79,99.86,99.58,99.86,48.8547,11200
2004-05-21,99.95,99.95,99.46,99.7,48.7764,22300
2004-05-24,99.6,99.84,99.6,99.78,48.8156,39300
2004-05-25,99.89,99.89,99.68,99.75,48.8009,44600
2004-05-26,99.99,100.07,99.9,100.0,48.9232,35800
2004-05-27,100.15,100.49,100.15,100.48,49.158,99600
2004-05-28,100.54,100.54,100.05,100.13,48.9868,54900
2004-06-01,99.8,99.89,99.53,99.7,48.9318,39500
2004-06-02,99.69,99.77,99.5,99.74,48.9514,196100
2004-06-03,99.5,99.7,99.5,99.7,48.9318,91900
2004-06-04,99.59,99.59,99.38,99.49,48.8287,30100
2004-06-07,99.49,99.59,99.19,99.59,48.8778,39300
2004-06-08,99.49,99.55,99.3,99.35,48.76,264400
2004-06-09,99.16,99.39,99.15,99.38,48.7747,90200
2004-06-10,99.34,99.47,99.1,99.28,48.7257,49500
2004-06-14,99.0,99.24,98.85,99.0,48.5882,73500
2004-06-15,99.49,99.88,99.42,99.84,49.0005,58200
2004-06-16,99.84,99.84,99.5,99.64,48.9024,55600
2004-06-17,99.64,99.87,99.36,99.75,48.9563,57100
2004-06-18,99.81,100.04,99.66,99.9,49.03,47700
2004-06-21,99.99,100.03,99.784,100.03,49.0938,31500
2004-06-22,99.94,99.99,99.75,99.99,49.0741,39900
2004-06-23,99.89,100.0,99.79,99.91,49.0349,24600
2004-06-24,100.29,100.4,100.13,100.29,49.2214,42100
2004-06-25,100.24,100.35,100.09,100.26,49.2066,33200
2004-06-28,100.0,100.05,99.8,99.93,49.0447,77500
2004-06-29,99.41,100.1,99.41,99.75,48.9563,225700
2004-06-30,100.14,100.55,100.09,100.54,49.3441,23300
2004-07-01,100.29,100.4,100.02,100.35,49.4068,316900
2004-07-02,100.99,101.09,100.75,100.99,49.7219,162500
2004-07-06,100.99,101.05,100.74,100.92,49.6874,27900
2004-07-07,100.87,100.95,100.75,100.86,49.6579,29700
2004-07-08,100.94,101.02,100.79,100.97,49.712,74200
2004-07-09,100.97,101.02,100.67,100.67,49.5643,425600
2004-07-12,100.8,100.97,100.8,100.9685,49.7113,52600
2004-07-13,100.89,100.89,100.687,100.86,49.6579,52800
2004-07-14,100.99,100.99,100.74,100.92,49.6874,39000
2004-07-15,100.71,100.9,100.7,100.73,49.5939,24600
2004-07-16,101.01,101.4,101.01,101.4,49.9237,58800
2004-07-19,101.49,101.49,101.23,101.25,49.8499,13000
2004-07-20,101.25,101.35,100.8,100.98,49.717,62300
2004-07-21,100.75,100.9985,100.6,100.74,49.5988,32900
2004-07-22,100.99,101.0,100.8,100.96,49.7071,35000
2004-07-23,101.14,101.19,100.8515,101.19,49.8203,41200
2004-07-26,101.0,101.01,100.71,100.72,49.5889,81000
2004-07-27,100.89,100.89,100.29,100.49,49.4757,20500
2004-07-28,100.49,100.64,100.27,100.64,49.5496,30800
2004-07-29,100.59,100.7,100.39,100.41,49.4363,48200
2004-07-30,100.71,101.17,100.71,101.15,49.8007,31300
2004-08-02,101.08,101.08,100.76,100.8,49.787,28200
2004-08-03,100.88,101.07,100.8,100.94,49.8561,77400
2004-08-04,100.79,101.2,100.79,101.16,49.9648,213200
2004-08-05,101.16,101.28,101.1,101.23,49.9994,281500
2004-08-06,101.86,102.14,101.86,101.88,50.3204,44800
2004-08-09,101.99,102.03,101.8,101.95,50.355,23200
2004-08-10,101.99,102.0,101.63,101.68,50.2216,28400
2004-08-11,101.68,101.89,101.53,101.75,50.2562,22100
2004-08-12,101.51,101.96,101.51,101.96,50.3599,17600
2004-08-13,102.15,102.16,102.0,102.16,50.4587,18500
2004-08-16,102.04,102.04,101.84,102.04,50.3994,16400
2004-08-17,102.09,102.34,102.0,102.34,50.5476,271000
2004-08-18,102.39,102.4,102.01,102.01,50.3846,47400
2004-08-19,102.12,102.35,102.0,102.35,50.5525,32700
2004-08-20,102.39,102.39,102.05,102.05,50.4044,57900
2004-08-23,102.09,102.16,101.81,102.08,50.4192,40600
2004-08-24,101.75,102.11,101.74,102.09,50.4241,39400
2004-08-25,102.09,102.28,101.99,102.1,50.4291,69900
2004-08-26,102.19,102.34,102.05,102.29,50.5229,46800
2004-08-27,102.39,102.43,102.31,102.36,50.5575,50600
2004-08-30,102.44,102.5,102.28,102.46,50.6069,50000
2004-08-31,102.66,102.89,102.41,102.46,50.6069,386200
2004-09-01,102.31,102.53,102.17,102.51,50.7893,277800
2004-09-02,102.42,102.42,102.07,102.1,50.5861,27900
2004-09-03,101.99,102.05,101.56,102.05,50.5614,97700
2004-09-07,101.89,102.04,101.71,102.04,50.5564,36100
2004-09-08,101.85,102.39,101.76,102.35,50.71,87700
2004-09-09,102.42,102.52,102.12,102.25,50.6605,49400
2004-09-10,102.55,102.5985,102.34,102.47,50.7695,67200
2004-09-13,102.47,102.61,102.37,102.57,50.819,126000
2004-09-14,102.57,102.7,102.54,102.68,50.8735,86300
2004-09-15,102.64,102.65,102.5,102.62,50.8438,124400
2004-09-16,102.65,102.98,102.47,102.93,50.9974,111700
2004-09-17,102.89,102.9,102.5,102.5,50.7843,59800
2004-09-20,102.89,102.94,102.6,102.94,51.0023,94600
2004-09-21,102.94,102.97,102.6,102.91,50.9875,41400
2004-09-22,103.04,103.25,102.8,103.25,51.1559,28600
2004-09-23,103.22,103.25,102.8,102.94,51.0023,28300
2004-09-24,102.84,103.0,102.7,102.97,51.0172,26400
2004-09-27,102.86,103.14,102.85,102.94,51.0023,39100
2004-09-28,103.14,103.19,102.92,103.11,51.0865,47600
2004-09-29,102.62,102.89,102.5,102.52,50.7942,225100
2004-09-30,102.59,102.69,102.31,102.67,50.8685,60700
2004-10-01,102.26,102.26,102.01,102.17,50.7777,45500
2004-10-04,101.76,102.2,101.76,102.2,50.7926,23400
2004-10-05,102.01,102.31,102.0,102.19,50.7876,139600
2004-10-06,102.17,102.2,101.87,102.0,50.6932,128000
2004-10-07,101.97,102.05,101.85,102.0,50.6932,39800
2004-10-08,102.57,102.6,102.26,102.5,50.9417,29200
2004-10-11,102.36,102.8,102.36,102.6,50.9914,25800
2004-10-12,102.76,102.83,102.5,102.5,50.9417,34100
2004-10-13,102.41,102.92,102.41,102.65,51.0162,32700
2004-10-14,102.9,103.14,102.89,103.14,51.2597,18900
2004-10-15,103.0,103.0,102.69,102.95,51.1653,21400
2004-10-18,102.99,102.99,102.7,102.86,51.1206,39700
2004-10-19,102.65,103.04,102.65,102.91,51.1454,32200
2004-10-20,102.91,103.27,102.91,103.27,51.3244,135800
2004-10-21,103.2,103.3,103.01,103.01,51.1951,23100
2004-10-22,103.15,103.28,103.04,103.26,51.3194,25800
2004-10-25,103.43,103.44,103.11,103.38,51.379,33800
2004-10-26,103.25,103.36,103.03,103.08,51.2299,60200
2004-10-27,103.37,103.39,102.691,102.85,51.1156,29100
2004-10-28,102.89,103.12,102.66,102.97,51.1753,76000
2004-10-29,103.15,103.25,102.98,103.24,51.3094,61600
2004-11-01,102.89,102.94,102.57,102.74,51.1993,28900
2004-11-02,102.86,102.86,102.59,102.65,51.1545,97300
2004-11-03,102.64,102.9,102.41,102.87,51.2641,40700
2004-11-04,102.99,103.04,102.66,102.78,51.2192,40700
2004-11-05,102.44,102.52,102.15,102.52,51.0897,149600
2004-11-08,102.36,102.42,102.15,102.15,50.9053,52300
2004-11-09,102.39,102.4,102.17,102.39,51.0249,54700
2004-11-10,102.33,102.39,102.12,102.27,50.9651,21800
2004-11-11,102.24,102.4,102.02,102.37,51.0149,43000
2004-11-12,102.39,102.54,102.27,102.49,51.0747,32200
2004-11-15,102.39,102.55,102.29,102.54,51.0996,390500
2004-11-16,102.44,102.45,102.2,102.44,51.0498,50100
2004-11-17,102.26,102.8,102.26,102.7,51.1794,64600
2004-11-18,102.74,102.89,102.47,102.74,51.1993,50300
2004-11-19,102.58,102.7,102.35,102.53,51.0947,43500
2004-11-22,102.56,102.73,102.3,102.69,51.1744,63100
2004-11-23,102.59,102.7,102.44,102.63,51.1445,63600
2004-11-24,102.63,102.75,102.37,102.73,51.1943,94300
2004-11-26,102.37,102.48,102.21,102.4315,51.0456,39400
2004-11-29,102.24,102.28,102.12,102.15,50.9053,103200
2004-11-30,102.12,102.23,101.97,102.2,50.9302,108000
2004-12-01,101.95,101.95,101.51,101.51,50.7392,49000
2004-12-02,101.67,101.74,101.5,101.7,50.8341,51500
2004-12-03,102.22,102.29,101.9815,102.29,51.1291,85100
2004-12-06,102.25,102.48,102.14,102.4,51.184,146500
2004-12-07,102.39,102.54,102.217,102.54,51.254,76500
2004-12-08,102.45,102.89,102.44,102.89,51.429,158200
2004-12-09,102.79,102.95,102.63,102.75,51.359,120600
2004-12-10,102.75,102.84,102.6,102.62,51.294,139800
2004-12-13,102.69,102.88,102.51,102.77,51.369,102400
2004-12-14,102.41,102.89,102.41,102.87,51.419,53900
2004-12-15,103.07,103.11,102.86,103.1,51.5339,57400
2004-12-16,102.99,102.99,102.6,102.7,51.334,123100
2004-12-17,102.45,102.65,102.42,102.45,51.209,48100
2004-12-20,102.69,102.72,102.46,102.55,51.259,57800
2004-12-21,102.6,102.8,102.5,102.55,51.259,83100
2004-12-22,102.5,102.79,102.5,102.77,51.369,94300
2004-12-23,102.7,102.85,102.58,102.82,51.394,192700
2004-12-27,102.4,102.5,102.3,102.43,51.199,145200
2004-12-28,102.34,102.4,102.0,102.38,51.174,122800
2004-12-29,102.49,102.5,102.26,102.36,51.164,125700
2004-12-30,102.36,102.59,102.25,102.57,51.269,132700
2004-12-31,102.36,102.59,102.25,102.4,51.3362,135300
2005-01-03,102.34,102.5485,102.12,102.4,51.3362,479600
2005-01-04,102.46,102.5,102.07,102.3,51.2861,190500
2005-01-05,102.2,102.35,102.06,102.26,51.266,69900
2005-01-06,102.29,102.37,102.18,102.33,51.3011,75400
2005-01-07,102.39,102.44,102.11,102.3,51.2861,137000
2005-01-10,102.32,102.32,102.1,102.25,51.261,69500
2005-01-11,102.42,102.51,102.22,102.39,51.3312,78600
2005-01-12,102.43,102.59,102.25,102.54,51.4064,119100
2005-01-13,102.64,102.84,102.53,102.79,51.5317,62400
2005-01-14,102.67,102.7085,102.37,102.42,51.3462,124200
2005-01-18,102.54,102.7,102.2715,102.69,51.4816,86600
2005-01-19,102.77,102.85,102.59,102.84,51.5568,88300
2005-01-20,102.79,103.01,102.6,102.98,51.627,98400
2005-01-21,102.89,103.05,102.86,103.03,51.652,85200
2005-01-24,103.04,103.08,102.9,103.05,51.6621,85200
2005-01-25,102.94,102.97,102.77,102.87,51.5718,79600
2005-01-26,102.94,102.94,102.75,102.82,51.5468,95100
2005-01-27,102.69,102.71,102.54,102.68,51.4766,83900
2005-01-28,102.89,103.03,102.76,103.03,51.652,79400
2005-01-31,103.02,103.02,102.75,102.9,51.5869,113800
2005-02-01,102.5,102.78,102.5,102.7,51.6419,98400
2005-02-02,102.72,102.8,102.6,102.78,51.6821,203100
2005-02-03,102.59,102.68,102.44,102.68,51.6318,52600
2005-02-04,103.12,103.21,102.7,103.08,51.833,52800
2005-02-07,103.11,103.23,102.81,103.1,51.843,68900
2005-02-08,103.13,103.25,102.92,103.16,51.8732,114900
2005-02-09,103.24,103.5,103.1,103.44,52.014,90600
2005-02-10,103.33,103.33,102.91,102.91,51.7475,134500
2005-02-11,103.11,103.11,102.8,103.05,51.8179,73700
2005-02-14,102.93,103.13,102.85,103.07,51.8279,99200
2005-02-15,102.71,103.08,102.708,102.87,51.7274,139700
2005-02-16,103.08,103.08,102.6,102.75,51.667,75000
2005-02-17,102.66,102.82,102.5,102.7,51.6419,90400
2005-02-18,102.51,102.75,102.476,102.73,51.657,94000
2005-02-22,102.53,102.55,102.3,102.44,51.5111,103500
2005-02-23,102.59,102.6,102.35,102.49,51.5363,128300
2005-02-24,102.58,102.58,102.31,102.39,51.486,83600
2005-02-25,102.45,102.48,102.22,102.48,51.5313,66800
2005-02-28,102.48,102.5,102.06,102.21,51.3955,359800
2005-03-01,101.69,101.93,101.69,101.85,51.3589,125000
2005-03-02,101.61,101.89,101.61,101.72,51.2933,171000
2005-03-03,101.94,101.9485,101.55,101.8,51.3337,120700
2005-03-04,102.04,102.21,101.89,102.09,51.4799,585500
2005-03-07,102.14,102.27,101.91,102.12,51.495,203000
2005-03-08,101.89,101.95,101.75,101.9,51.3841,96500
2005-03-09,101.66,101.69,101.19,101.28,51.0715,110600
2005-03-10,101.45,101.45,101.06,101.16,51.011,173000
2005-03-11,101.39,101.39,100.99,101.24,51.0513,87600
2005-03-14,101.15,101.25,100.928,101.2,51.0311,129900
2005-03-15,101.4,101.41,101.05,101.22,51.0412,108000
2005-03-16,101.22,101.49,101.04,101.29,51.0765,94600
2005-03-17,101.49,101.56,101.11,101.27,51.0664,191700
2005-03-18,101.2,101.3,100.95,101.2,51.0311,80800
2005-03-21,101.33,101.33,101.09,101.2,51.0311,106700
2005-03-22,101.4,101.42,100.48,100.65,50.7538,181500
2005-03-23,100.61,100.78,100.25,100.78,50.8193,158800
2005-03-24,100.65,100.99,100.55,100.84,50.8496,101500
2005-03-28,100.72,100.72,100.41,100.64,50.7487,83100
2005-03-29,100.79,100.87,100.51,100.58,50.7185,270600
2005-03-30,101.0,101.1,100.6,100.88,50.8698,53500
2005-03-31,101.23,101.27,100.8,100.93,50.895,128100
2005-04-01,101.24,101.25,100.72,101.18,51.1953,102200
2005-04-04,101.09,101.24,100.8,101.06,51.1345,387300
2005-04-05,101.06,101.06,100.75,100.86,51.0333,46500
2005-04-06,101.14,101.19,100.89,101.12,51.1649,279600
2005-04-07,101.31,101.42,101.0,101.0,51.1042,235900
2005-04-08,100.99,101.07,100.75,101.0,51.1042,130600
2005-04-11,101.05,101.22,100.86,101.19,51.2003,82200
2005-04-12,101.09,101.61,101.0,101.47,51.342,150600
2005-04-13,101.68,101.71,101.38,101.61,51.4128,74600
2005-04-14,101.66,101.75,101.44,101.7,51.4584,185600
2005-04-15,101.93,102.06,101.61,102.06,51.6405,146900
2005-04-18,102.09,102.1,101.73,101.94,51.5798,153400
2005-04-19,101.87,102.2,101.71,102.07,51.6456,100600
2005-04-20,101.94,102.15,101.71,102.14,51.681,114900
2005-04-21,101.71,102.11,101.71,101.89,51.5545,109500
2005-04-22,102.05,102.12,101.76,102.1,51.6608,44100
2005-04-25,102.0,102.09,101.86,102.06,51.6405,63400
2005-04-26,102.12,102.12,101.81,101.81,51.514,68800
2005-04-27,102.25,102.36,101.94,102.23,51.7265,70500
2005-04-28,102.2,102.49,102.09,102.49,51.8581,75900
2005-04-29,102.31,102.45,102.05,102.32,51.7721,151000
2005-05-02,102.09,102.1,101.85,101.99,51.7739,54800
2005-05-03,102.07,102.07,101.66,101.92,51.7384,708100
2005-05-04,101.92,102.09,101.65,102.03,51.7942,63900
2005-05-05,102.1,102.3,101.9,102.1,51.8298,86400
2005-05-06,101.83,101.85,101.53,101.72,51.6369,70000
2005-05-09,101.63,101.66,101.51,101.64,51.5962,70300
2005-05-10,101.87,101.95,101.57,101.75,51.6521,133700
2005-05-11,102.03,102.14,101.74,101.92,51.7384,75900
2005-05-12,101.84,102.17,101.6455,102.16,51.8602,83700
2005-05-13,102.26,102.34,102.12,102.26,51.911,52900
2005-05-16,102.26,102.31,102.08,102.11,51.8348,82800
2005-05-17,102.26,102.34,102.12,102.23,51.8958,99400
2005-05-18,102.4,102.55,102.24,102.5,52.0328,330800
2005-05-19,102.32,102.37,102.04,102.25,51.9059,64200
2005-05-20,102.31,102.31,102.01,102.13,51.845,113600
2005-05-23,102.21,102.49,102.2,102.47,52.0176,104300
2005-05-24,102.63,102.7,102.41,102.65,52.109,81500
2005-05-25,102.84,102.84,102.5,102.63,52.0988,102500
2005-05-26,102.55,102.66,102.37,102.62,52.0937,69500
2005-05-27,102.59,102.73,102.41,102.55,52.0582,140400
2005-05-31,102.8,102.9,102.6,102.83,52.2003,65400
2005-06-01,102.69,103.24,102.59,103.24,52.5875,266900
2005-06-02,103.2,103.21,103.03,103.17,52.5518,269800
2005-06-03,103.44,103.47,102.85,102.91,52.4194,70700
2005-06-06,102.94,103.03,102.8,102.93,52.4296,104200
2005-06-07,103.2,103.23,103.04,103.2,52.5671,154400
2005-06-08,103.19,103.21,102.96,103.008,52.4693,109900
2005-06-09,102.94,103.02,102.56,103.0,52.4652,107400
2005-06-10,102.86,102.86,102.52,102.6,52.2615,77700
2005-06-13,102.58,102.59,102.31,102.51,52.2156,87900
2005-06-14,102.48,102.49,102.27,102.38,52.1494,129800
2005-06-15,102.37,102.43,102.2,102.32,52.1188,105800
2005-06-16,102.5,102.66,102.35,102.63,52.2767,89500
2005-06-17,102.51,102.66,102.4,102.63,52.2767,76100
2005-06-20,102.51,102.6,102.31,102.4,52.1596,72300
2005-06-21,102.67,102.82,102.4135,102.82,52.3735,75100
2005-06-22,103.05,103.27,102.71,103.26,52.5976,71600
2005-06-23,103.14,103.23,103.01,103.16,52.5467,113400
2005-06-24,103.34,103.36,103.12,103.32,52.6282,171000
2005-06-27,103.39,103.47,103.28,103.4,52.669,198700
2005-06-28,103.25,103.34,103.085,103.1,52.5161,93800
2005-06-29,103.34,103.34,102.89,103.05,52.4907,166800
2005-06-30,103.19,103.38,102.99,103.38,52.6588,123000
2005-07-01,102.94,102.96,102.5,102.68,52.4712,123100
2005-07-05,102.34,102.5,102.18,102.3,52.277,141600
2005-07-06,102.49,102.56,102.34,102.46,52.3587,228700
2005-07-07,102.69,102.82,102.5,102.59,52.4252,166100
2005-07-08,102.59,102.7,102.39,102.42,52.3383,231100
2005-07-11,102.18,102.47,102.15,102.43,52.3434,141800
2005-07-12,102.48,102.48,102.28,102.38,52.3179,127900
2005-07-13,102.3,102.3,102.07,102.24,52.2463,251100
2005-07-14,102.36,102.38,102.06,102.24,52.2463,139700
2005-07-15,102.19,102.29,102.13,102.29,52.2719,111600
2005-07-18,102.24,102.28,102.04,102.11,52.1799,74300
2005-07-19,102.11,102.29,102.09,102.16,52.2054,127300
2005-07-20,102.01,102.38,101.92,102.33,52.2923,159200
2005-07-21,102.15,102.16,101.79,101.8,52.0215,135000
2005-07-22,101.95,102.13,101.75,101.95,52.0981,125100
2005-07-25,101.95,102.17,101.78,101.95,52.0981,97400
2005-07-26,101.88,102.06,101.88,102.06,52.1543,113000
2005-07-27,101.91,102.08,101.9,102.0,52.1237,79000
2005-07-28,101.98,102.32,101.98,102.3,52.277,403000
2005-07-29,102.14,102.14,101.81,101.98,52.1135,106000
2005-08-01,101.59,101.65,101.38,101.59,52.0832,220300
2005-08-02,101.52,101.58,101.2,101.37,51.9704,90200
2005-08-03,101.54,101.7,101.35,101.7,52.1396,167700
2005-08-04,101.68,101.7,101.46,101.6,52.0883,196200
2005-08-05,101.23,101.29,101.1,101.1,51.832,86100
2005-08-08,101.18,101.26,100.97,101.08,51.8218,86400
2005-08-09,101.18,101.26,101.0,101.26,51.914,103300
2005-08-10,101.41,101.43,101.15,101.27,51.9192,128400
2005-08-11,101.31,101.57,101.25,101.54,52.0576,126800
2005-08-12,101.59,101.88,101.54,101.83,52.2063,93400
2005-08-15,101.85,101.85,101.67,101.74,52.1601,145300
2005-08-16,101.84,102.03,101.84,101.98,52.2832,279600
2005-08-17,101.89,101.96,101.5,101.77,52.1755,119100
2005-08-18,101.9,102.05,101.82,102.05,52.3191,85600
2005-08-19,101.89,102.05,101.8,101.95,52.2678,73800
2005-08-22,101.95,102.11,101.85,102.04,52.3139,93800
2005-08-23,102.04,102.25,102.0,102.11,52.3498,110900
2005-08-24,102.13,102.27,102.06,102.24,52.4165,98900
2005-08-25,102.24,102.28,102.0,102.24,52.4165,182200
2005-08-26,102.22,102.25,101.99,102.16,52.3754,103900
2005-08-29,102.2,102.32,102.07,102.2,52.396,97700
2005-08-30,102.34,102.58,102.3,102.45,52.5241,127800
2005-08-31,102.69,102.91,102.43,102.85,52.7292,112200
2005-09-01,102.54,102.81,102.384,102.65,52.8013,104900
2005-09-02,102.47,102.75,102.39,102.6,52.7756,264800
2005-09-06,102.55,102.62,102.18,102.4,52.6727,121300
2005-09-07,102.29,102.33,102.1,102.23,52.5853,96300
2005-09-08,102.3,102.32,102.08,102.22,52.5801,130900
2005-09-09,102.13,102.39,102.01,102.19,52.5647,234600
2005-09-12,102.0,102.19,101.88,102.05,52.4927,106300
2005-09-13,102.1,102.37,102.09,102.3,52.6213,105900
2005-09-14,102.29,102.33,101.9,102.19,52.5647,171500
2005-09-15,102.05,102.21,101.75,101.94,52.4361,165800
2005-09-16,101.94,101.95,101.6272,101.71,52.3178,86400
2005-09-19,101.68,101.88,101.57,101.8,52.3641,96000
2005-09-20,101.84,101.9,101.43,101.73,52.3281,219700
2005-09-21,102.09,102.13,101.77,101.96,52.4464,233300
2005-09-22,102.09,102.2,101.92,102.05,52.4927,396000
2005-09-23,102.04,102.04,101.8,101.87,52.4001,85200
2005-09-26,101.65,101.76,101.54,101.62,52.2715,126100
2005-09-27,101.68,101.79,101.3,101.55,52.2355,297900
2005-09-28,101.64,101.86,101.46,101.83,52.3795,233800
2005-09-29,101.72,101.79,101.57,101.6,52.2612,137100
2005-09-30,101.69,101.76,101.34,101.55,52.2355,127300
2005-10-03,101.0,101.12,100.66,100.87,52.0582,86200
2005-10-04,101.03,101.08,100.83,101.01,52.1305,136500
2005-10-05,101.05,101.22,100.95,101.17,52.2131,608800
2005-10-06,101.22,101.22,100.95,101.1,52.1769,129500
2005-10-07,100.95,101.23,100.85,101.0,52.1253,81100
2005-10-10,101.09,101.24,101.0,101.13,52.1924,90100
2005-10-11,101.14,101.19,100.82,100.83,52.0376,128600
2005-10-12,100.82,100.99,100.72,100.79,52.017,150900
2005-10-13,100.66,100.72,100.31,100.53,51.8828,108000
2005-10-14,100.6,100.81,100.33,100.5,51.8673,103500
2005-10-17,100.76,100.8,100.54,100.66,51.9499,94600
2005-10-18,100.76,100.78,100.52,100.62,51.9292,113200
2005-10-19,100.74,100.96,100.74,100.8,52.0221,138100
2005-10-20,100.74,100.83,100.55,100.82,52.0324,145000
2005-10-21,100.94,101.19,100.73,101.05,52.1511,285800
2005-10-24,101.07,101.11,100.73,100.85,52.0479,136900
2005-10-25,100.72,100.96,100.35,100.55,51.8931,481600
2005-10-26,100.38,100.4025,100.03,100.15,51.6867,134900
2005-10-27,100.39,100.45,100.04,100.38,51.8054,73100
2005-10-28,100.49,100.5,100.04,100.22,51.7228,85700
2005-10-31,100.1,100.43,100.061,100.21,51.7176,91300
2005-11-01,100.08,100.11,99.77,99.88,51.7352,434000
2005-11-02,99.89,99.97,99.66,99.79,51.6886,104800
2005-11-03,99.79,99.845,99.34,99.45,51.5125,158100
2005-11-04,99.59,99.71,99.4,99.55,51.5643,121200
2005-11-07,99.69,99.74,99.35,99.56,51.5695,128300
2005-11-08,99.89,100.01,99.67,99.9,51.7456,171300
2005-11-09,99.88,99.89,99.57,99.64,51.6109,132600
2005-11-10,99.74,100.02,99.54,99.99,51.7922,177700
2005-11-11,99.82,100.2,99.82,100.09,51.844,77800
2005-11-14,99.98,100.0,99.58,99.75,51.6679,530600
2005-11-15,99.85,100.03,99.69,99.89,51.7404,209100
2005-11-16,100.09,100.31,99.9,100.12,51.8595,150000
2005-11-17,100.23,100.46,100.02,100.15,51.8751,274600
2005-11-18,100.33,100.4,99.97,100.11,51.8543,127300
2005-11-21,100.44,100.51,100.24,100.43,52.0201,194000
2005-11-22,100.49,100.74,100.3,100.69,52.1548,202700
2005-11-23,100.74,100.77,100.37,100.62,52.1185,230400
2005-11-25,100.65,100.71,100.53,100.71,52.1651,31200
2005-11-28,100.5,100.849,100.49,100.57,52.0926,211400
2005-11-29,100.8,100.83,100.3035,100.43,52.0201,199900
2005-11-30,100.52,100.53,100.08,100.22,51.9113,158200
2005-12-01,99.9,100.11,99.52,99.7,51.8378,520700
2005-12-02,99.84,99.88,99.59,99.7,51.8378,151700
2005-12-05,99.8,99.86,99.36,99.75,51.8638,308600
2005-12-06,99.86,100.0,99.671,99.92,51.9522,186000
2005-12-07,100.0,100.06,99.6701,99.79,51.8846,200800
2005-12-08,100.0,100.31,99.9,100.3,52.1498,137100
2005-12-09,100.15,100.17,99.73,99.96,51.973,175800
2005-12-12,100.05,100.09,99.7,99.75,51.8638,122400
2005-12-13,99.75,100.13,99.69,100.13,52.0614,152200
2005-12-14,100.24,100.49,100.14,100.4,52.2018,202200
2005-12-15,100.4,100.44,100.01,100.3,52.1498,300500
2005-12-16,100.57,100.58,100.184,100.29,52.1446,779300
2005-12-19,100.44,100.6,100.26,100.37,52.1862,196700
2005-12-20,100.4,100.51,100.23,100.4,52.2018,142200
2005-12-21,100.39,100.43,100.13,100.4,52.2018,179400
2005-12-22,100.5,100.64,100.4,100.62,52.3162,171200
2005-12-23,100.37,100.94,100.366,100.88,52.4514,154300
2005-12-27,100.86,101.14,100.8,101.14,52.5865,204100
2005-12-28,100.68,100.68,100.28,100.4,52.4006,1395000
2005-12-29,100.41,100.66,100.29,100.47,52.4371,185200
2005-12-30,100.56,100.76,100.28,100.59,52.4998,141000
2006-01-03,100.47,100.72,100.36,100.64,52.5259,170600
2006-01-04,100.69,100.88,100.61,100.88,52.6511,284500
2006-01-05,100.82,100.91,100.61,100.88,52.6511,203100
2006-01-06,100.88,100.8906,100.6,100.65,52.5311,201100
2006-01-09,100.74,100.89,100.6,100.76,52.5885,170500
2006-01-10,100.82,100.84,100.55,100.56,52.4841,251500
2006-01-11,100.73,100.75,100.41,100.49,52.4476,111000
2006-01-12,100.52,100.81,100.35,100.75,52.5833,188200
2006-01-13,100.88,101.13,100.81,101.03,52.7294,108400
2006-01-17,101.05,101.13,100.79,101.08,52.7555,253000
2006-01-18,101.35,101.35,101.0,101.2,52.8182,142600
2006-01-19,101.04,101.1094,100.81,101.05,52.7399,156500
2006-01-20,101.09,101.19,100.8,101.1,52.766,134100
2006-01-23,101.02,101.2,100.9,101.1,52.766,221900
2006-01-24,101.1,101.13,100.8,100.93,52.6772,209400
2006-01-25,100.93,100.93,100.4,100.68,52.5468,162600
2006-01-26,100.55,100.6,100.16,100.37,52.385,183800
2006-01-27,100.59,100.59,100.25,100.5,52.4528,164400
2006-01-30,100.5,100.54,100.27,100.51,52.458,130800
2006-01-31,100.51,100.6,100.25,100.53,52.4685,174300
2006-02-01,100.15,100.2,99.8,99.88,52.3222,459300
2006-02-02,99.99,100.11,99.81,99.95,52.3588,150400
2006-02-03,99.84,100.23,99.8,100.23,52.5055,145000
2006-02-06,100.07,100.29,100.01,100.21,52.495,119800
2006-02-07,100.33,100.34,99.93,100.14,52.4584,122900
2006-02-08,100.19,100.24,100.03,100.09,52.4322,146800
2006-02-09,100.13,100.25,99.91,100.15,52.4636,144200
2006-02-10,100.14,100.23,99.82,99.94,52.3536,118100
2006-02-13,99.99,100.01,99.82,100.01,52.3903,109600
2006-02-14,99.85,99.9799,99.75,99.85,52.3064,237600
2006-02-15,100.08,100.1,99.82,99.96,52.3641,199000
2006-02-16,99.95,100.05,99.85,99.86,52.3117,148300
2006-02-17,99.92,100.31,99.92,100.27,52.5265,155800
2006-02-21,100.27,100.29,99.88,99.9,52.3326,276700
2006-02-22,100.14,100.41,100.14,100.3,52.5422,79400
2006-02-23,100.34,100.34,100.04,100.24,52.5107,157900
2006-02-24,100.13,100.4,100.03,100.32,52.5527,150500
2006-02-27,100.39,100.42,100.03,100.11,52.4426,189300
2006-02-28,100.46,100.57,100.3,100.32,52.5527,169000
2006-03-01,100.12,100.1499,99.78,99.95,52.5542,182800
2006-03-02,99.85,99.85,99.47,99.7,52.4228,134000
2006-03-03,99.63,99.63,99.42,99.5,52.3176,229300
2006-03-06,99.4,99.46,98.92,98.95,52.0284,237300
2006-03-07,99.22,99.37,99.1,99.2,52.1599,211200
2006-03-08,99.35,99.35,99.1,99.25,52.1862,196100
2006-03-09,99.31,99.39,99.08,99.12,52.1178,105700
2006-03-10,99.23,99.32,98.97,99.16,52.1388,85600
2006-03-13,99.26,99.34,99.18,99.34,52.2335,198900
2006-03-14,99.41,99.67,99.3,99.67,52.407,345800
2006-03-15,99.38,99.58,99.28,99.4,52.265,181100
2006-03-16,99.61,99.88,99.53,99.82,52.4859,122000
2006-03-17,99.79,99.79,99.5,99.6,52.3702,253400
2006-03-20,99.7,99.75,99.54,99.56,52.3492,460900
2006-03-21,99.58,99.65,99.23,99.3,52.2125,165400
2006-03-22,99.62,99.72,99.45,99.48,52.3071,117200
2006-03-23,99.7,99.74,99.4,99.4,52.265,168700
2006-03-24,99.58,99.9,99.5,99.57,52.3544,109300
2006-03-27,99.71,99.75,99.5,99.65,52.3965,190100
2006-03-28,99.6,99.64,99.3,99.4,52.265,181600
2006-03-29,99.32,99.41,99.01,99.2,52.1599,370200
2006-03-30,99.11,99.23,98.7,98.75,51.9233,857800
2006-03-31,98.91,99.17,98.91,99.08,52.0968,154000
2006-04-03,98.53,98.68,98.42,98.6,52.0455,175400
2006-04-04,98.66,98.88,98.6,98.73,52.1141,499500
2006-04-05,98.96,98.96,98.7,98.8,52.1511,195900
2006-04-06,98.79,98.8,98.6,98.72,52.1088,282000
2006-04-07,98.57,98.57,98.1701,98.39,51.9346,250100
2006-04-10,98.06,98.33,98.06,98.3,51.8871,267400
2006-04-11,98.49,98.59,98.26,98.5,51.9927,194800
2006-04-12,98.42,98.64,98.211,98.41,51.9452,171400
2006-04-13,98.19,98.35,98.05,98.21,51.8396,182200
2006-04-17,98.25,98.39,98.05,98.37,51.9241,109200
2006-04-18,98.37,98.5,98.27,98.3,51.8871,205900
2006-04-19,98.41,98.45,98.1,98.39,51.9346,233000
2006-04-20,98.41,98.44,98.06,98.24,51.8555,242300
2006-04-21,98.24,98.42,98.08,98.23,51.8502,396000
2006-04-24,98.49,98.65,98.32,98.6,52.0455,141300
2006-04-25,98.55,98.55,98.0301,98.27,51.8713,110000
2006-04-26,98.12,98.2045,97.95,98.1,51.7816,128300
2006-04-27,98.0,98.46,97.95,98.3299,51.9029,143400
2006-04-28,98.44,98.55,98.21,98.55,52.0191,219900
2006-05-01,98.09,98.09,97.68,97.79,51.8149,163000
2006-05-02,97.83,97.96,97.7,97.89,51.8679,123000
2006-05-03,97.89,97.93,97.51,97.82,51.8308,128600
2006-05-04,97.34,97.86,97.34,97.77,51.8043,103100
2006-05-05,98.14,98.14,97.765,97.95,51.8997,128600
2006-05-08,97.99,98.05,97.86,98.02,51.9368,116000
2006-05-09,97.94,98.02,97.86,97.97,51.9103,172500
2006-05-10,97.97,98.19,97.22,97.86,51.852,170700
2006-05-11,97.91,97.91,97.7,97.8,51.8202,186900
2006-05-12,97.72,97.8,97.37,97.59,51.7089,181800
2006-05-15,97.7,97.87,97.61,97.65,51.7407,126100
2006-05-16,97.65,98.17,97.65,98.13,51.9951,471300
2006-05-17,97.76,97.85,97.41,97.85,51.8467,163200
2006-05-18,98.07,98.26,98.04,98.26,52.0639,224200
2006-05-19,98.17,98.41,98.13,98.24,52.0534,316800
2006-05-22,98.43,98.55,98.17,98.26,52.0639,374300
2006-05-23,98.05,98.2,97.91,97.99,51.9209,246100
2006-05-24,98.19,98.42,98.01,98.01,51.9315,192300
2006-05-25,98.25,98.39,97.92,98.0,51.9262,189500
2006-05-26,98.29,98.53,98.0145,98.42,52.1487,275000
2006-05-30,98.2,98.27,98.1,98.2,52.0322,203400
2006-05-31,98.31,98.31,97.91,97.98,51.9156,415500
2006-06-01,97.64,97.72,97.41,97.52,51.8745,461500
2006-06-02,98.15,98.28,98.0,98.27,52.2735,115500
2006-06-05,97.96,98.26,97.95,97.95,52.1032,356200
2006-06-06,98.08,98.25,97.88,98.21,52.2415,255500
2006-06-07,98.12,98.14,97.85,97.9,52.0766,320000
2006-06-08,98.18,98.44,98.01,98.23,52.2522,205100
2006-06-09,98.11,98.41,98.11,98.37,52.3267,166800
2006-06-12,98.36,98.36,98.06,98.07,52.1671,193700
2006-06-13,98.4,98.44,98.11,98.35,52.316,258900
2006-06-14,98.2,98.25,97.85,97.98,52.1192,158000
2006-06-15,97.92,97.94,96.0,97.82,52.0341,114800
2006-06-16,97.97,98.0,97.5601,97.76,52.0022,227900
2006-06-19,97.64,97.75,97.42,97.5,51.8639,164400
2006-06-20,97.61,97.63,97.421,97.56,51.8958,109200
2006-06-21,97.51,97.69,97.4121,97.59,51.9117,95700
2006-06-22,97.58,97.58,97.08,97.17,51.6883,248700
2006-06-23,97.23,97.31,97.11,97.22,51.7149,331800
2006-06-26,97.01,97.28,96.91,96.94,51.566,561200
2006-06-27,97.28,97.3,97.01,97.21,51.7096,746000
2006-06-28,97.36,97.36,97.1,97.11,51.6564,108000
2006-06-29,97.15,97.47,97.1,97.45,51.8373,248100
2006-06-30,97.55,97.6199,97.4,97.44,51.832,187400
2006-07-03,96.99,97.36,96.99,97.2,51.9121,88800
2006-07-05,97.22,97.22,96.71,96.91,51.7572,260100
2006-07-06,97.09,97.09,96.87,97.0,51.8053,137000
2006-07-07,97.13,97.54,97.11,97.36,51.9975,427600
2006-07-10,97.48,97.54,97.36,97.45,52.0456,92600
2006-07-11,97.6,97.7,97.46,97.61,52.131,204000
2006-07-12,97.5,97.67,97.4,97.67,52.1631,173100
2006-07-13,97.53,97.8,97.53,97.75,52.2058,499200
2006-07-14,97.8,97.89,97.631,97.88,52.2752,738700
2006-07-17,97.79,97.83,97.65,97.67,52.1631,187300
2006-07-18,97.58,97.7,97.4701,97.6,52.1257,223900
2006-07-19,97.47,97.98,97.41,97.98,52.3286,129100
2006-07-20,97.84,98.16,97.81,98.08,52.3821,91500
2006-07-21,98.26,98.28,98.01,98.02,52.35,139800
2006-07-24,98.08,98.21,98.05,98.17,52.4301,172500
2006-07-25,98.16,98.16,97.93,98.09,52.3874,86500
2006-07-26,98.06,98.33,97.95,98.15,52.4194,117200
2006-07-27,98.29,98.4,98.05,98.31,52.5049,135700
2006-07-28,98.53,98.5899,98.36,98.52,52.617,105400
2006-07-31,98.5,98.61,98.4,98.4,52.553,491100
2006-08-01,98.18,98.25,97.91,98.23,52.681,195000
2006-08-02,98.34,98.43,98.2,98.27,52.7025,127400
2006-08-03,98.39,98.44,98.15,98.29,52.7132,330100
2006-08-04,98.55,98.71,98.55,98.6,52.8794,136000
2006-08-07,98.62,98.67,98.51,98.61,52.8848,209400
2006-08-08,98.59,98.77,98.51,98.61,52.8848,137300
2006-08-09,98.45,98.71,98.45,98.69,52.9277,131700
2006-08-10,98.69,98.7,98.35,98.64,52.9009,143700
2006-08-11,98.52,98.52,98.39,98.47,52.8097,109500
2006-08-14,98.42,98.44,98.24,98.36,52.7507,195300
2006-08-15,98.66,98.74,98.53,98.6,52.8794,269400
2006-08-16,99.05,99.05,98.9,98.92,53.0511,188300
2006-08-17,99.14,99.14,98.91,98.94,53.0618,143100
2006-08-18,99.12,99.16,98.99,99.01,53.0993,449000
2006-08-21,99.19,99.26,99.07,99.25,53.228,350500
2006-08-22,99.21,99.304,99.13,99.2,53.2012,432000
2006-08-23,99.2,99.3,99.06,99.23,53.2173,157100
2006-08-24,99.36,99.37,99.22,99.22,53.2119,199600
2006-08-25,99.32,99.44,99.22,99.32,53.2656,173600
2006-08-28,99.22,99.4,99.18,99.23,53.2173,294200
2006-08-29,99.26,99.3,99.05,99.27,53.2388,134600
2006-08-30,99.31,99.45,99.31,99.42,53.3192,146500
2006-08-31,99.49,99.72,99.4642,99.55,53.3889,169100
2006-09-01,99.15,99.29,99.06,99.17,53.3961,125000
2006-09-05,99.2,99.29,99.04,99.05,53.3315,137500
2006-09-06,99.01,99.12,98.9434,99.07,53.3423,142200
2006-09-07,99.05,99.24,98.96,99.04,53.3261,273300
2006-09-08,99.27,99.33,99.17,99.17,53.3961,120300
2006-09-11,99.26,99.3,99.0601,99.1,53.3584,190800
2006-09-12,99.17,99.37,99.09,99.34,53.4877,126600
2006-09-13,99.49,99.53,99.32,99.42,53.5307,130600
2006-09-14,99.39,99.46,99.26,99.28,53.4554,172400
2006-09-15,99.45,99.45,99.25,99.25,53.4392,122500
2006-09-18,98.86,99.25,98.86,99.23,53.4284,237400
2006-09-19,99.47,99.57,99.4,99.46,53.5523,133100
2006-09-20,99.69,99.746,99.51,99.57,53.6115,215500
2006-09-21,99.69,100.03,99.5,100.0,53.843,259500
2006-09-22,100.13,100.24,100.05,100.06,53.8753,271000
2006-09-25,100.26,100.42,100.22,100.26,53.983,177400
2006-09-26,100.35,100.38,100.21,100.25,53.9776,340200
2006-09-27,100.4,100.53,100.21,100.21,53.9561,430400
2006-09-28,100.29,100.29,100.0809,100.11,53.9023,155400
2006-09-29,100.22,100.35,100.08,100.16,53.9292,414300
2006-10-02,99.74,99.95,99.7001,99.84,53.9801,174100
2006-10-03,99.89,99.9,99.61,99.82,53.9693,342300
2006-10-04,99.9,100.22,99.81,100.21,54.1802,252200
2006-10-05,100.11,100.11,99.9,99.9,54.0126,207800
2006-10-06,99.86,99.86,99.53,99.53,53.8125,328500
2006-10-09,99.62,99.75,99.58,99.74,53.9261,181900
2006-10-10,99.47,99.5,99.32,99.35,53.7152,336400
2006-10-11,99.48,99.51,99.15,99.24,53.6557,275600
2006-10-12,99.34,99.5,99.24,99.34,53.7098,261200
2006-10-13,99.2,99.22,99.06,99.09,53.5746,257400
2006-10-16,99.34,99.34,99.15,99.25,53.6611,192300
2006-10-17,99.58,99.6,99.32,99.4,53.7422,144600
2006-10-18,99.42,99.55,99.36,99.52,53.8071,304700
2006-10-19,99.39,99.48,99.29,99.47,53.7801,174200
2006-10-20,99.48,99.5,99.36,99.44,53.7639,143300
2006-10-23,99.2,99.25,99.11,99.15,53.6071,199000
2006-10-24,99.24,99.32,99.2,99.26,53.6665,209000
2006-10-25,99.2,99.59,99.2,99.5,53.7963,239900
2006-10-26,99.69,99.86,99.6,99.84,53.9801,185900
2006-10-27,100.12,100.12,99.82,100.04,54.0883,266300
2006-10-30,100.02,100.07,99.93,100.06,54.0991,175300
2006-10-31,100.06,100.43,100.02,100.43,54.2991,189800
2006-11-01,100.05,100.19,99.8,100.18,54.3925,773100
2006-11-02,100.0,100.09,99.98,100.07,54.3327,249400
2006-11-03,99.66,99.7,99.38,99.55,54.0504,172600
2006-11-06,99.5,99.63,99.424,99.55,54.0504,240000
2006-11-07,99.85,100.0,99.77,99.8,54.1861,225400
2006-11-08,99.86,100.09,99.8,100.07,54.3327,185400
2006-11-09,100.03,100.12,99.95,100.1,54.349,127200
2006-11-10,100.25,100.34,100.12,100.32,54.4685,145400
2006-11-13,100.17,100.2499,100.05,100.2,54.4033,187700
2006-11-14,100.44,100.4799,100.29,100.34,54.4793,191700
2006-11-15,100.28,100.28,100.07,100.15,54.3762,212900
2006-11-16,100.36,100.37,99.98,100.06,54.3273,305100
2006-11-17,100.11,100.35,100.08,100.32,54.4685,534400
2006-11-20,100.35,100.43,100.24,100.3899,54.5064,222200
2006-11-21,100.39,100.54,100.3,100.52,54.5771,251200
2006-11-22,100.47,100.68,100.45,100.64,54.6422,274000
2006-11-24,100.7,100.78,100.6508,100.69,54.6694,176200
2006-11-27,100.52,100.73,100.41,100.64,54.6422,191000
2006-11-28,100.87,100.94,100.6,100.91,54.7888,269500
2006-11-29,100.94,100.95,100.69,100.76,54.7074,300900
2006-11-30,100.94,101.13,100.86,101.07,54.8757,210500
2006-12-01,100.64,100.97,100.55,100.86,54.9782,354500
2006-12-04,100.86,100.99,100.72,100.96,55.0327,184600
2006-12-05,101.03,101.03,100.75,100.9,55.0,348500
2006-12-06,100.82,100.89,100.75,100.82,54.9564,222800
2006-12-07,100.74,100.77,100.62,100.73,54.9073,169500
2006-12-08,100.68,100.73,100.49,100.52,54.7929,364200
2006-12-11,100.59,100.65,100.5,100.58,54.8256,249200
2006-12-12,100.7,100.8,100.6,100.78,54.9346,222000
2006-12-13,100.59,100.62,100.4,100.47,54.7656,215700
2006-12-14,100.48,100.48,100.26,100.33,54.6893,2319800
2006-12-15,100.83,100.83,100.22,100.31,54.6784,314000
2006-12-18,100.37,100.39,100.26,100.37,54.7111,236000
2006-12-19,100.32,100.45,100.29,100.44,54.7493,252900
2006-12-20,100.41,100.5,100.34,100.4,54.7275,333500
2006-12-21,100.48,100.66,100.23,100.6,54.8365,306000
2006-12-22,100.52,100.54,100.28,100.51,54.7874,461300
2006-12-26,100.28,100.5,100.28,100.48,54.7711,166000
2006-12-27,100.01,100.11,99.66,99.84,54.6225,781500
2006-12-28,99.95,99.98,99.61,99.71,54.5514,326900
2006-12-29,99.73,99.73,99.61,99.7,54.5459,278800
2007-01-03,100.0,100.07,99.79,99.91,54.6608,471100
2007-01-04,100.03,100.19,99.94,100.12,54.7757,1745500
2007-01-05,100.0,100.09,99.9,100.05,54.7374,318200
2007-01-08,100.15,100.15,100.01,100.11,54.7703,281700
2007-01-09,100.17,100.17,100.04,100.11,54.7703,361300
2007-01-10,100.11,100.11,99.91,100.0,54.7101,697900
2007-01-11,100.04,100.09,99.74,99.8101,54.6062,446800
2007-01-12,99.8,99.85,99.6,99.67,54.5295,249000
2007-01-16,99.82,99.92,99.6701,99.82,54.6116,448700
2007-01-17,99.89,99.96,99.6709,99.74,54.5678,258700
2007-01-18,99.74,99.91,99.65,99.88,54.6444,290600
2007-01-19,99.93,99.93,99.73,99.84,54.6225,309200
2007-01-22,99.91,99.92,99.79,99.89,54.6499,263600
2007-01-23,99.89,99.89,99.64,99.7,54.5459,334100
2007-01-24,99.84,99.84,99.65,99.67,54.5295,357900
2007-01-25,99.71,99.71,99.44,99.54,54.4584,296700
2007-01-26,99.46,99.57,99.35,99.53,54.4529,296700
2007-01-29,99.68,99.69,99.34,99.4,54.3818,388400
2007-01-30,99.55,99.56,99.37,99.55,54.4639,293100
2007-01-31,99.51,99.82,99.43,99.63,54.5076,386400
2007-02-01,99.76,99.76,99.22,99.29,54.537,821500
2007-02-02,99.39,99.49,99.28,99.43,54.6139,445100
2007-02-05,99.57,99.61,99.47,99.59,54.7017,248000
2007-02-06,99.7,99.8,99.37,99.78,54.8061,236400
2007-02-07,99.86,99.94,99.72,99.9,54.872,289800
2007-02-08,99.87,100.0,99.81,99.96,54.905,353800
2007-02-09,99.8,99.83,99.52,99.73,54.7786,419600
2007-02-12,99.68,99.73,99.46,99.63,54.7237,304700
2007-02-13,99.53,99.7105,99.38,99.62,54.7182,227400
2007-02-14,99.79,100.02,99.68,100.0,54.9269,269400
2007-02-15,100.16,100.22,100.06,100.14,55.0038,438500
2007-02-16,100.14,100.24,100.09,100.21,55.0423,309400
2007-02-20,100.16,100.29,100.05,100.26,55.0698,252400
2007-02-21,100.16,100.27,100.02,100.25,55.0643,223600
2007-02-22,100.18,100.18,100.01,100.05,54.9544,188000
2007-02-23,100.11,100.37,100.11,100.29,55.0862,360200
2007-02-26,100.41,100.54,100.35,100.51,55.2071,222640
2007-02-27,100.92,101.67,100.56,100.92,55.4323,379300
2007-02-28,100.92,100.96,100.62,100.86,55.3993,533700
2007-03-01,100.7,100.72,100.29,100.44,55.3849,662885
2007-03-02,100.54,100.68,100.39,100.65,55.5007,187600
2007-03-05,100.69,100.69,100.43,100.59,55.4676,262600
2007-03-06,100.41,100.6,100.41,100.52,55.429,221300
2007-03-07,100.57,100.69,100.46,100.6,55.4731,296500
2007-03-08,100.6,100.66,100.46,100.51,55.4235,351700
2007-03-09,100.33,100.39,100.21,100.23,55.2691,309900
2007-03-12,100.47,100.55,100.32,100.54,55.44,224200
2007-03-13,100.67,100.8,100.55,100.8,55.5834,344300
2007-03-14,100.72,100.87,100.61,100.68,55.5172,468700
2007-03-15,100.81,100.81,100.52,100.57,55.4566,201400
2007-03-16,100.55,100.64,100.45,100.58,55.4621,204100
2007-03-19,100.49,100.53,100.36,100.51,55.4235,181300
2007-03-20,100.68,100.69,100.5,100.61,55.4786,446400
2007-03-21,100.55,100.82,100.4801,100.74,55.5503,664300
2007-03-22,100.69,100.71,100.4,100.55,55.4455,211700
2007-03-23,100.67,100.67,100.31,100.41,55.3683,226200
2007-03-26,100.4,100.65,100.28,100.35,55.3353,444100
2007-03-27,100.45,100.49,100.27,100.37,55.3463,275600
2007-03-28,100.55,100.65,100.341,100.42,55.3739,217600
2007-03-29,100.36,100.42,100.21,100.35,55.3353,223000
2007-03-30,100.42,100.43,100.07,100.26,55.2856,435200
2007-04-02,100.19,100.19,99.81,100.0,55.3572,1065300
2007-04-03,99.98,100.02,99.78,99.9,55.3019,390600
2007-04-04,100.01,100.11,99.91,100.01,55.3628,181400
2007-04-05,100.01,100.02,99.82,99.92,55.3129,269592
2007-04-09,99.7,99.7099,99.5,99.54,55.1026,324111
2007-04-10,99.74,99.86,99.54,99.69,55.1856,314700
2007-04-11,99.84,99.91,99.51,99.63,55.1524,344200
2007-04-12,99.65,99.83,99.63,99.75,55.2188,274100
2007-04-13,99.79,99.79,99.46,99.59,55.1303,291520
2007-04-16,99.65,99.8,99.57,99.79,55.241,396325
2007-04-17,99.91,100.08,99.8401,100.08,55.4015,368200
2007-04-18,100.19,100.24,100.06,100.23,55.4846,160100
2007-04-19,100.3,100.3,100.05,100.19,55.4624,223500
2007-04-20,100.26,100.26,100.02,100.14,55.4347,162100
2007-04-23,100.18,100.3,100.03,100.24,55.4901,409600
2007-04-24,100.31,100.45,100.26,100.29,55.5178,227500
2007-04-25,100.37,100.4516,100.2,100.33,55.5399,634100
2007-04-26,100.31,100.31,100.06,100.14,55.4347,251900
2007-04-27,100.16,100.21,100.03,100.12,55.4237,169100
2007-04-30,100.3,100.46,100.24,100.46,55.6119,298600
2007-05-01,100.0,100.1,99.8,100.02,55.5798,1029900
2007-05-02,100.08,100.77,99.8,100.05,55.5965,255200
2007-05-03,100.01,100.06,99.81,99.94,55.5353,268800
2007-05-04,100.06,100.13,99.94,100.07,55.6076,233700
2007-05-07,100.05,100.17,99.97,100.17,55.6631,301500
2007-05-08,100.19,100.2,100.02,100.06,55.602,290967
2007-05-09,100.19,100.19,99.93,99.94,55.5353,302100
2007-05-10,100.05,100.12,99.94,100.11,55.6298,218200
2007-05-11,100.22,100.23,99.84,99.91,55.5187,185100
2007-05-14,100.0,100.02,99.76,99.93,55.5298,247300
2007-05-15,99.99,100.0,99.75,99.89,55.5075,266100
2007-05-16,99.75,99.93,99.7,99.91,55.5187,238800
2007-05-17,99.79,99.83,99.67,99.74,55.4242,212200
2007-05-18,99.68,99.74,99.41,99.45,55.263,431900
2007-05-21,99.53,99.65,99.41,99.65,55.3742,316500
2007-05-22,99.64,99.64,99.31,99.45,55.263,353000
2007-05-23,99.4,99.52,99.16,99.37,55.2186,1081300
2007-05-24,99.24,99.41,99.04,99.41,55.2408,339254
2007-05-25,99.32,99.41,99.17,99.36,55.213,222200
2007-05-29,99.36,99.39,99.15,99.26,55.1575,222700
2007-05-30,99.45,99.47,99.27,99.38,55.2241,577600
2007-05-31,99.25,99.35,99.12,99.16,55.1019,506000
2007-06-01,98.72,98.77,98.53,98.63,55.045,942500
2007-06-04,98.71,98.77,98.61,98.75,55.112,299000
2007-06-05,98.67,98.7,98.37,98.47,54.9557,244760
2007-06-06,98.52,98.54,98.3,98.51,54.9781,1001268
2007-06-07,98.23,98.23,97.7,97.83,54.5986,319414
2007-06-08,97.6,97.86,97.57,97.71,54.5316,389700
2007-06-11,97.58,97.89,97.57,97.78,54.5707,260962
2007-06-12,97.55,97.57,97.11,97.2,54.247,380400
2007-06-13,97.11,97.5,97.1,97.35,54.3307,407100
2007-06-14,97.47,97.68,97.39,97.54,54.4367,230700
2007-06-15,97.66,97.91,97.54,97.89,54.632,470200
2007-06-18,97.85,97.98,97.66,97.96,54.6711,242200
2007-06-19,98.12,98.34,98.02,98.27,54.8441,300900
2007-06-20,98.04,98.15,97.85,97.97,54.6767,298700
2007-06-21,97.94,98.0499,97.78,97.8499,54.6097,340000
2007-06-22,97.85,98.08,97.63,98.08,54.7381,357900
2007-06-25,98.24,98.29,98.04,98.17,54.7883,305000
2007-06-26,98.17,98.27,98.01,98.05,54.7213,639900
2007-06-27,98.36,98.4599,98.13,98.24,54.8274,214500
2007-06-28,98.21,98.33,98.04,98.17,54.7883,293500
2007-06-29,98.31,98.459,98.18,98.36,54.8943,506700
2007-07-02,97.96,98.36,97.96,98.2,55.0404,3076400
2007-07-03,98.34,98.49,98.04,98.09,54.9787,384200
2007-07-05,97.96,97.96,97.5,97.68,54.7489,453000
2007-07-06,97.41,97.6,97.32,97.51,54.6537,281300
2007-07-09,97.71,97.73,97.52,97.68,54.7489,232100
2007-07-10,97.95,98.11,97.78,98.1,54.9844,712600
2007-07-11,98.21,98.21,97.76,97.88,54.861,233300
2007-07-12,98.02,98.02,97.67,97.78,54.805,234100
2007-07-13,97.98,98.0,97.7,97.9,54.8723,247600
2007-07-16,97.97,98.22,97.87,98.1,54.9844,279500
2007-07-17,98.04,98.13,97.85,97.92,54.8835,221300
2007-07-18,97.95,98.32,97.93,98.1702,55.0237,226700
2007-07-19,98.06,98.22,98.0,98.17,55.0236,321200
2007-07-20,98.15,98.58,98.12,98.4,55.1525,316300
2007-07-23,98.24,98.48,98.22,98.34,55.1189,255600
2007-07-24,98.39,98.56,98.35,98.54,55.231,208800
2007-07-25,98.23,98.65,98.23,98.48,55.1973,580900
2007-07-26,98.57,99.0,98.55,98.83,55.3935,324300
2007-07-27,98.71,98.89,98.58,98.73,55.3375,329000
2007-07-30,98.81,98.87,98.61,98.68,55.3094,389210
2007-07-31,98.63,99.01,98.6,98.99,55.4832,529100
2007-08-01,98.52,98.6,98.33,98.33,55.3544,814500
2007-08-02,98.32,98.48,98.16,98.28,55.3262,563900
2007-08-03,98.52,98.71,98.39,98.71,55.5683,371600
2007-08-06,98.86,98.86,98.45,98.55,55.4782,231300
2007-08-07,98.6,98.78,98.41,98.48,55.4388,308900
2007-08-08,98.48,98.49,98.17,98.36,55.3712,277800
2007-08-09,98.46,98.57,98.32,98.48,55.4388,271600
2007-08-10,98.68,98.68,98.12,98.15,55.253,398700
2007-08-13,98.04,98.49,98.04,98.33,55.3544,220200
2007-08-14,98.29,98.68,98.29,98.6,55.5063,250900
2007-08-15,98.79,98.8,98.47,98.73,55.5795,224900
2007-08-16,98.72,98.98,98.43,98.67,55.5458,541400
2007-08-17,98.67,98.97,98.42,98.89,55.6696,311800
2007-08-20,98.9,99.02,98.79,98.8,55.6189,252400
2007-08-21,99.31,99.38,99.11,99.26,55.8779,224600
2007-08-22,99.15,99.26,98.9601,99.18,55.8329,545300
2007-08-23,99.16,99.32,99.01,99.3,55.9004,522300
2007-08-24,99.27,99.31,99.03,99.05,55.7597,293700
2007-08-27,99.24,99.44,99.17,99.35,55.9286,301600
2007-08-28,99.41,99.77,99.37,99.75,56.1537,187700
2007-08-29,99.77,99.85,99.54,99.55,56.0411,201400
2007-08-30,99.74,99.83,99.64,99.76,56.1594,186400
2007-08-31,99.7,100.09,99.52,99.82,56.1931,201000
2007-09-04,99.98,101.0,99.1,99.28,56.1318,554500
2007-09-05,99.09,99.74,99.09,99.6,56.3128,294600
2007-09-06,99.64,99.73,99.51,99.58,56.3015,761000
2007-09-07,99.93,100.23,99.75,100.2,56.652,353400
2007-09-10,100.29,100.54,100.13,100.44,56.7877,285900
2007-09-11,100.03,100.41,100.03,100.26,56.6859,687000
2007-09-12,100.21,100.26,100.024,100.12,56.6068,2039700
2007-09-13,99.8,99.94,99.63,99.83,56.4428,790400
2007-09-14,100.1,100.13,99.7,99.9,56.4824,320600
2007-09-17,99.86,99.96,99.77,99.94,56.505,278000
2007-09-18,99.83,100.3499,99.6,100.15,56.6237,628000
2007-09-19,100.1,100.19,99.83,100.13,56.6124,441200
2007-09-20,99.94,99.96,99.35,99.42,56.211,282100
2007-09-21,99.6,99.74,99.33,99.71,56.375,465700
2007-09-24,99.73,99.74,99.5,99.72,56.3806,274000
2007-09-25,99.96,100.01,99.76,99.8,56.4258,259930
2007-09-26,99.67,99.84,99.45,99.7,56.3693,702100
2007-09-27,99.65,100.0,99.65,99.87,56.4654,380900
2007-09-28,99.98,100.26,99.81,100.02,56.5502,336100
2007-10-01,99.82,99.83,99.27,99.27,56.3596,3538500
2007-10-02,99.18,99.74,99.18,99.65,56.5753,282100
2007-10-03,99.86,99.9,99.51,99.7,56.6037,327042
2007-10-04,99.79,99.9,99.51,99.66,56.581,445000
2007-10-05,99.32,99.65,98.24,98.87,56.1325,750177
2007-10-08,99.36,99.95,99.08,99.65,56.5753,367700
2007-10-09,99.53,99.59,99.16,99.44,56.4561,182700
2007-10-10,99.46,99.65,99.19,99.57,56.5299,711540
2007-10-11,99.39,99.64,99.24,99.64,56.5697,257945
2007-10-12,99.55,99.65,99.32,99.4501,56.4618,470400
2007-10-15,99.43,99.5,99.25,99.48,56.4788,200800
2007-10-16,99.66,99.72,99.45,99.64,56.5697,266400
2007-10-17,99.66,100.03,99.62,99.98,56.7627,243600
2007-10-18,100.28,100.3,100.07,100.2699,56.9273,270000
2007-10-19,100.5,100.73,100.34,100.73,57.1885,732700
2007-10-22,100.81,100.81,100.5,100.7,57.1715,284500
2007-10-23,100.64,100.67,100.45,100.67,57.1544,328900
2007-10-24,100.87,101.2,100.7,101.11,57.4042,1018400
2007-10-25,101.13,101.14,100.83,100.85,57.2566,236200
2007-10-26,100.76,101.0,100.61,100.76,57.2055,348000
2007-10-29,100.78,100.89,100.6,100.76,57.2055,261000
2007-10-30,100.85,100.89,100.7,100.89,57.2793,252400
2007-10-31,100.56,100.86,100.41,100.61,57.1204,767000
2007-11-01,100.3,100.6637,100.26,100.44,57.2614,251200
2007-11-02,100.46,100.9,100.43,100.55,57.3241,401100
2007-11-05,100.77,100.77,100.46,100.46,57.2728,509632
2007-11-06,100.4,100.51,100.17,100.33,57.1987,418000
2007-11-07,100.4,100.42,100.12,100.35,57.2101,716010
2007-11-08,100.51,100.57,100.28,100.45,57.2671,469630
2007-11-09,100.67,100.84,100.55,100.8,57.4667,184583
2007-11-12,100.5,100.84,100.5,100.66,57.3869,223910
2007-11-13,100.75,100.81,100.55,100.67,57.3926,276017
2007-11-14,100.54,100.65,100.4,100.63,57.3698,335955
2007-11-15,100.81,101.11,100.63,101.0599,57.6148,493480
2007-11-16,101.0,101.1,100.85,100.99,57.575,1810842
2007-11-19,100.81,101.38,100.81,101.21,57.7004,329799
2007-11-20,101.23,101.25,100.89,101.0,57.5807,332064
2007-11-21,101.41,101.77,101.18,101.77,58.0197,789119
2007-11-23,101.54,101.78,101.25,101.25,57.7232,137631
2007-11-26,101.53,102.42,101.41,102.17,58.2477,441852
2007-11-27,102.21,102.21,101.43,101.75,58.0083,932967
2007-11-28,101.62,101.76,101.42,101.5,57.8657,536483
2007-11-29,101.86,102.08,101.51,101.79,58.0311,1496733
2007-11-30,101.52,102.11,101.28,101.99,58.1451,1734208
2007-12-03,101.9,102.58,101.74,102.13,58.4579,630053
2007-12-04,102.17,102.23,101.66,101.74,58.2347,580800
2007-12-05,101.8,101.819,101.54,101.55,58.1259,442400
2007-12-06,101.37,101.7,101.14,101.44,58.063,805900
2007-12-07,101.26,101.26,100.59,100.86,57.731,406200
2007-12-10,100.88,100.88,100.32,100.66,57.6165,916379
2007-12-11,100.89,101.41,100.65,101.15,57.897,1153453
2007-12-12,100.77,101.228,100.52,101.05,57.8397,500900
2007-12-13,100.94,100.94,100.56,100.66,57.6165,425500
2007-12-14,100.6,100.62,100.24,100.38,57.4562,515300
2007-12-17,100.68,100.77,100.36,100.53,57.5421,550720
2007-12-18,100.93,101.102,100.68,101.06,57.8455,402290
2007-12-19,101.14,101.56,100.89,101.27,57.9657,634758
2007-12-20,101.55,101.66,101.18,101.18,57.9142,489132
2007-12-21,101.26,101.26,100.74,100.74,57.6623,411813
2007-12-24,100.75,100.84,100.62,100.77,57.6795,190700
2007-12-26,100.75,100.94,100.35,100.46,57.502,259200
2007-12-27,100.53,100.6,100.2,100.6,57.8174,427124
2007-12-28,100.82,101.21,100.69,101.14,58.1277,442412
2007-12-31,101.32,101.38,100.85,101.17,58.145,707976
2008-01-02,101.36,102.61,101.06,101.6499,58.4208,888822
2008-01-03,101.62,101.92,101.37,101.92,58.576,370600
2008-01-04,101.81,102.37,101.81,102.13,58.6967,497679
2008-01-07,102.21,102.36,101.83,102.01,58.6277,693542
2008-01-08,102.16,102.52,101.94,102.52,58.9208,1544357
2008-01-09,102.44,102.5,102.11,102.28,58.7829,437665
2008-01-10,102.24,102.29,101.8,102.07,58.6622,291834
2008-01-11,102.2,102.52,102.18,102.51,58.9151,315632
2008-01-14,102.51,102.65,102.38,102.59,58.9611,290339
2008-01-15,102.81,102.96,102.62,102.96,59.1737,361329
2008-01-16,102.96,103.0696,102.6,102.65,58.9956,620830
2008-01-17,102.77,103.27,102.58,103.27,59.3519,807406
2008-01-18,102.96,103.25,102.8,103.25,59.3404,809373
2008-01-22,103.97,105.49,102.88,103.41,59.4324,792950
2008-01-23,104.39,104.39,103.05,103.1,59.2542,866162
2008-01-24,103.45,103.45,102.71,102.84,59.1048,469192
2008-01-25,102.58,103.26,102.22,103.02,59.2082,585379
2008-01-28,103.01,103.36,102.97,103.22,59.3232,483921
2008-01-29,103.15,103.23,102.83,102.9,59.1392,450816
2008-01-30,103.02,103.18,102.7701,103.06,59.2312,557753
2008-01-31,103.48,103.6199,103.07,103.51,59.4898,649107
2008-02-01,103.27,103.32,102.99,102.99,59.4291,610229
2008-02-04,102.85,103.01,102.66,102.93,59.3944,336176
2008-02-05,103.35,103.43,102.92,103.25,59.5791,622761
2008-02-06,103.24,103.24,102.92,103.17,59.5329,698594
2008-02-07,103.13,103.15,102.05,102.26,59.0078,622292
2008-02-08,102.64,102.9,102.48,102.75,59.2906,543355
2008-02-11,102.88,103.17,102.77,102.97,59.4175,746226
2008-02-12,102.68,102.97,102.46,102.93,59.3944,653388
2008-02-13,102.65,102.83,102.32,102.32,59.0424,510395
2008-02-14,102.14,102.33,101.74,102.0,58.8578,578724
2008-02-15,102.13,102.13,101.88,101.95,58.8289,455283
2008-02-19,101.86,101.98,101.31,101.46,58.5462,597111
2008-02-20,101.22,101.6,101.09,101.3,58.4539,405251
2008-02-21,101.76,102.19,101.51,102.13,58.9328,486328
2008-02-22,101.86,102.25,101.55,101.59,58.6212,987700
2008-02-25,101.68,101.7399,101.09,101.23,58.4135,557816
2008-02-26,101.41,101.72,101.3004,101.72,58.6962,638307
2008-02-27,101.92,101.97,101.66,101.9299,58.8173,632971
2008-02-28,102.35,102.63,102.18,102.54,59.1694,434500
2008-02-29,102.9,103.3,102.49,102.93,59.3944,922897
2008-03-03,102.39,102.79,102.35,102.53,59.3844,388246
2008-03-04,102.41,102.57,101.78,102.09,59.1296,385265
2008-03-05,102.09,102.12,101.368,101.44,58.7531,432091
2008-03-06,101.56,101.71,101.27,101.29,58.6662,1161118
2008-03-07,101.88,101.93,101.22,101.6,58.8458,1087572
2008-03-10,101.89,102.2,101.74,102.14,59.1585,444422
2008-03-11,101.54,101.71,101.27,101.52,58.7994,564177
2008-03-12,101.89,102.62,101.62,102.56,59.4018,429492
2008-03-13,102.35,102.52,101.72,102.12,59.147,417473
2008-03-14,102.46,102.84,102.152,102.55,59.396,490865
2008-03-17,102.42,103.26,102.14,102.99,59.6509,722161
2008-03-18,103.03,103.32,102.55,102.75,59.5118,398113
2008-03-19,102.77,103.37,102.73,103.06,59.6914,403300
2008-03-20,103.3,103.47,102.87,103.42,59.8999,315579
2008-03-24,102.88,102.88,102.35,102.66,59.4597,422917
2008-03-25,102.75,102.97,102.56,102.85,59.5698,490419
2008-03-26,102.85,103.15,102.52,102.55,59.396,341216
2008-03-27,102.5,102.77,102.3,102.59,59.4192,371204
2008-03-28,102.62,102.86,102.52,102.84,59.564,466149
2008-03-31,102.94,103.15,102.68,102.68,59.4713,555845
2008-04-01,102.14,102.29,101.55,101.57,59.0672,1209032
2008-04-02,101.78,101.97,101.42,101.62,59.0963,499383
2008-04-03,101.89,102.08,101.6,101.6,59.0846,480823
2008-04-04,102.45,102.73,102.28,102.46,59.5847,430923
2008-04-07,102.25,102.48,102.04,102.448,59.5778,416903
2008-04-08,102.51,102.83,102.3946,102.444,59.5754,408767
2008-04-09,102.61,103.0,102.46,102.89,59.8348,492675
2008-04-10,102.68,102.89,102.28,102.57,59.6487,456492
2008-04-11,102.78,102.93,102.56,102.79,59.7767,263599
2008-04-14,102.55,102.84,102.47,102.67,59.7069,683148
2008-04-15,102.27,102.48,102.07,102.12,59.387,635519
2008-04-16,102.03,102.25,101.573,101.75,59.1719,386474
2008-04-17,101.77,101.79,101.35,101.73,59.1602,487113
2008-04-18,101.4,102.02,101.18,102.0,59.3172,619964
2008-04-21,101.95,102.06,101.72,102.013,59.3248,438599
2008-04-22,102.0,102.28,101.8,102.16,59.4103,569055
2008-04-23,102.03,102.09,101.81,102.06,59.3521,496233
2008-04-24,101.65,101.8,101.41,101.68,59.1311,363951
2008-04-25,101.52,101.67,101.34,101.58,59.073,507858
2008-04-28,101.54,101.86,101.4301,101.83,59.2184,513453
2008-04-29,102.02,102.13,101.73,101.98,59.3056,697420
2008-04-30,101.97,102.6,101.48,102.6,59.6662,813209
2008-05-01,102.36,102.37,101.92,102.1,59.5649,503163
2008-05-02,101.6,102.09,101.53,101.93,59.4657,462085
2008-05-05,102.01,102.06,101.7,101.97,59.489,541514
2008-05-06,102.14,102.14,101.55,101.64,59.2965,930082
2008-05-07,101.57,101.9399,101.41,101.93,59.4657,299142
2008-05-08,102.0,102.88,101.8178,102.19,59.6174,731269
2008-05-09,102.44,102.6,102.08,102.23,59.6407,433562
2008-05-12,102.17,102.39,102.0,102.05,59.5357,579395
2008-05-13,101.81,101.9,101.41,101.47,59.1973,482670
2008-05-14,101.82,101.83,101.32,101.62,59.2848,291938
2008-05-15,101.7,102.16,101.58,102.16,59.5999,350518
2008-05-16,101.87,102.3055,101.78,101.91,59.454,387176
2008-05-19,102.15,102.19,101.8,102.08,59.5532,630392
2008-05-20,102.3,102.33,102.1,102.3,59.6815,670664
2008-05-21,102.16,102.27,101.97,102.16,59.5999,540801
2008-05-22,101.91,101.91,101.3,101.55,59.244,509214
2008-05-23,101.74,101.9499,101.6,101.94,59.4715,583954
2008-05-27,101.5,101.69,101.35,101.37,59.139,865232
2008-05-28,101.27,101.39,100.74,100.9,58.8648,371435
2008-05-29,100.87,100.87,100.44,100.62,58.7014,621258
2008-05-30,100.96,101.27,100.85,100.98,58.9115,1132489
2008-06-02,100.76,101.23,100.56,100.96,59.1306,601763
2008-06-03,100.68,101.18,100.51,101.15,59.2419,476175
2008-06-04,101.29,101.3,100.63,100.79,59.0311,390877
2008-06-05,100.52,100.7,100.34,100.417,58.8126,377928
2008-06-06,100.91,101.06,100.7,100.98,59.1424,434780
2008-06-09,100.5,100.74,100.36,100.47,58.8437,555490
2008-06-10,100.25,100.38,99.85,99.94,58.5333,557156
2008-06-11,100.18,100.43,99.91,100.0701,58.6094,508589
2008-06-12,99.89,99.91,99.4068,99.45,58.2463,513651
2008-06-13,99.57,99.87,99.19,99.2,58.0998,798998
2008-06-16,99.57,99.6,99.19,99.31,58.1643,460378
2008-06-17,99.7,99.72,99.464,99.65,58.3634,407126
2008-06-18,99.86,100.09,99.73,100.07,58.6094,345806
2008-06-19,99.91,99.99,99.56,99.56,58.3107,435847
2008-06-20,100.11,100.13,99.76,99.865,58.4893,418989
2008-06-23,99.93,99.98,99.6,99.73,58.4103,515548
2008-06-24,99.93,100.07,99.7,99.932,58.5286,514243
2008-06-25,100.04,100.05,99.39,99.9799,58.5566,487100
2008-06-26,100.25,100.37,99.99,100.11,58.6328,540107
2008-06-27,99.99,100.536,99.99,100.35,58.7734,465902
2008-06-30,100.66,100.76,100.36,100.4,58.8027,639506
2008-07-01,100.62,100.62,99.67,99.67,58.599,854483
2008-07-02,100.01,100.04,99.55,99.55,58.5285,812394
2008-07-03,99.87,99.97,99.56,99.58,58.5461,281222
2008-07-07,99.59,100.09,99.34,99.925,58.7489,603050
2008-07-08,100.0,100.4,99.83,100.3176,58.9798,327262
2008-07-09,100.5,100.8,100.27,100.7065,59.2084,392000
2008-07-10,100.77,100.88,100.45,100.8,59.2634,577110
2008-07-11,101.06,101.06,100.14,100.23,58.9282,478188
2008-07-14,100.22,100.8368,100.22,100.38,59.0164,365913
2008-07-15,100.64,100.98,100.61,100.77,59.2457,433387
2008-07-16,100.51,100.52,100.0,100.0,58.793,487306
2008-07-17,100.0,100.1,99.39,99.56,58.5343,503295
2008-07-18,99.34,99.681,98.98,98.98,58.1933,438346
2008-07-21,99.33,99.5,99.1201,99.38,58.4285,326792
2008-07-22,99.42,99.44,99.019,99.16,58.2992,302830
2008-07-23,99.2,99.3,99.028,99.28,58.3697,405688
2008-07-24,99.41,100.01,99.35,99.97,58.7754,320170
2008-07-25,99.8,99.82,99.31,99.46,58.4755,394282
2008-07-28,99.95,100.01,99.71,99.91,58.7401,458492
2008-07-29,99.8,99.8899,99.54,99.79,58.6696,279186
2008-07-30,99.87,99.98,99.48,99.9,58.7342,403779
2008-07-31,100.37,100.65,100.11,100.41,59.0341,559515
2008-08-01,100.19,100.19,99.65,99.89,58.9646,331438
2008-08-04,99.81,100.02,99.57,99.6,58.7934,391583
2008-08-05,99.8,99.8,99.41,99.43,58.6931,489485
2008-08-06,99.45,99.45,98.98,99.32,58.6282,462913
2008-08-07,99.45,99.9,99.307,99.84,58.9351,391248
2008-08-08,99.8,99.92,99.62,99.69,58.8466,359576
2008-08-11,99.51,99.82,99.35,99.44,58.699,460699
2008-08-12,99.69,99.88,99.64,99.86,58.9469,392594
2008-08-13,99.86,99.98,99.5201,99.69,58.8466,300920
2008-08-14,99.88,100.0,99.692,99.93,58.9882,417861
2008-08-15,100.23,100.24,99.9992,100.2201,59.1595,333144
2008-08-18,100.25,100.42,100.128,100.39,59.2598,526501
2008-08-19,100.38,100.38,100.098,100.31,59.2126,284370
2008-08-20,100.46,100.72,100.27,100.47,59.307,277351
2008-08-21,100.45,100.57,100.2301,100.49,59.3188,361784
2008-08-22,100.19,100.41,100.1102,100.3799,59.2538,497793
2008-08-25,100.76,100.76,100.53,100.69,59.4369,267817
2008-08-26,100.52,100.73,100.44,100.57,59.366,634310
2008-08-27,100.58,100.88,100.39,100.69,59.4369,334368
2008-08-28,100.81,100.97,100.63,100.78,59.49,372507
2008-08-29,101.26,101.26,100.42,100.75,59.4723,701477
2008-09-02,100.31,100.72,100.04,100.69,59.6702,1275463
2008-09-03,100.7,100.87,100.5,100.67,59.6584,419791
2008-09-04,100.99,101.19,100.82,101.04,59.8776,338707
2008-09-05,101.24,101.38,100.74,100.74,59.6999,667093
2008-09-08,100.96,101.51,100.84,101.37,60.0732,873280
2008-09-09,101.47,101.88,101.31,101.82,60.3399,540340
2008-09-10,101.4,101.82,101.4,101.75,60.2984,515383
2008-09-11,101.9,101.9,101.5,101.62,60.2214,371724
2008-09-12,101.7,101.72,101.0,101.21,59.9784,514788
2008-09-15,101.35,101.85,101.25,101.61,60.2154,386888
2008-09-16,102.02,102.08,100.58,100.58,59.605,675971
2008-09-17,100.77,101.27,100.6,100.83,59.7532,707896
2008-09-18,100.5,101.19,100.25,100.55,59.5873,1016870
2008-09-19,100.0,101.49,99.77,101.0,59.8539,1984990
2008-09-22,99.88,100.72,99.001,99.42,58.9176,1719452
2008-09-23,99.32,99.6,99.0,99.268,58.8275,435443
2008-09-24,99.0,99.45,98.75,99.39,58.8998,2371473
2008-09-25,99.5,99.5,98.6,99.21,58.7932,633159
2008-09-26,98.66,99.3,98.15,98.71,58.4969,473107
2008-09-29,98.55,99.22,97.0,98.26,58.2302,759165
2008-09-30,98.25,99.29,97.03,98.59,58.4257,655322
2008-10-01,97.9,98.78,94.5,97.5,58.0093,799942
2008-10-02,97.45,98.42,96.92,97.88,58.2354,400368
2008-10-03,98.22,98.62,96.86,98.62,58.6756,501109
2008-10-06,98.62,99.45,95.55,98.65,58.6935,798282
2008-10-07,98.41,98.6,96.52,96.61,57.4797,817962
2008-10-08,96.17,96.96,93.05,94.67,56.3255,834944
2008-10-09,94.52,95.37,92.9,94.89,56.4564,946520
2008-10-10,91.3,91.99,86.8,88.4,52.5951,1559609
2008-10-13,90.39,93.56,90.0,91.82,54.6299,910933
2008-10-14,92.63,95.25,92.6,93.75,55.7781,773061
2008-10-15,94.42,95.8,92.79,95.25,56.6706,678118
2008-10-16,95.25,95.79,93.49,93.754,55.7805,482853
2008-10-17,93.38,95.96,92.51,94.09,55.9804,588586
2008-10-20,94.89,96.16,94.41,95.77,56.98,537544
2008-10-21,96.41,97.22,94.6,96.61,57.4797,570909
2008-10-22,97.27,98.0,96.75,97.73,58.1461,666799
2008-10-23,97.97,97.97,95.51,96.01,57.1228,855319
2008-10-24,96.15,96.35,94.8944,95.2,56.6408,400064
2008-10-27,94.7,95.85,93.7,94.25,56.0756,675311
2008-10-28,94.7,95.24,93.75,94.58,56.272,602604
2008-10-29,95.21,96.5,94.68,96.38,57.3429,597774
2008-10-30,96.35,96.35,95.37,96.26,57.2715,386317
2008-10-31,95.54,96.3,95.11,95.96,57.093,732693
2008-11-03,95.99,95.99,93.51,94.04,56.1849,613654
2008-11-04,95.16,95.78,94.53,95.55,57.087,531009
2008-11-05,96.83,97.0,96.19,97.0,57.9534,612577
2008-11-06,97.49,97.49,96.31,96.6,57.7144,515932
2008-11-07,96.87,97.14,95.23,97.09,58.0071,878450
2008-11-10,97.29,97.41,95.91,96.47,57.6367,424315
2008-11-11,95.95,97.38,95.95,97.2,58.0728,402449
2008-11-12,97.58,97.61,96.03,96.36,57.571,823298
2008-11-13,96.68,97.16,96.16,96.69,57.7681,523763
2008-11-14,97.0,97.0,96.32,96.98,57.9414,546005
2008-11-17,96.91,97.24,96.62,97.24,58.0967,407470
2008-11-18,97.07,97.4,96.96,97.1,58.0131,414903
2008-11-19,97.46,97.8872,97.3,97.38,58.1804,546491
2008-11-20,97.9,97.9385,97.16,97.4,58.1923,826106
2008-11-21,97.4,97.86,96.42,96.62,57.7263,1015122
2008-11-24,97.11,97.76,96.04,96.61,57.7203,1523947
2008-11-25,97.74,99.12,97.67,99.02,59.1602,1049802
2008-11-26,99.2,99.77,98.29,98.64,58.9332,859476
2008-11-28,98.93,99.26,98.1,98.45,58.8197,294762
2008-12-01,98.98,99.48,98.43,99.43,59.649,604083
2008-12-02,99.01,99.68,98.86,99.53,59.709,641539
2008-12-03,99.6,99.6,98.9,99.54,59.715,583257
2008-12-04,99.62,99.87,99.02,99.87,59.913,713895
2008-12-05,99.51,99.97,97.88,99.32,59.5831,616391
2008-12-08,99.82,99.82,99.0,99.191,59.5057,653528
2008-12-09,99.75,100.12,99.21,100.12,60.063,762004
2008-12-10,99.65,100.15,99.62,99.94,59.955,810005
2008-12-11,100.2,100.46,99.74,100.46,60.2669,682088
2008-12-12,100.6,100.65,99.7,100.49,60.2849,679711
2008-12-15,100.43,100.73,100.18,100.73,60.4289,500963
2008-12-16,100.33,101.13,100.3,101.13,60.6689,670734
2008-12-17,101.76,102.09,101.01,101.67,60.9928,938589
2008-12-18,101.91,102.46,101.1239,102.31,61.3768,931072
2008-12-19,101.93,102.31,101.5,101.98,61.1788,829657
2008-12-22,102.3,102.54,101.98,102.53,61.5088,1490196
2008-12-23,102.29,103.54,102.14,103.53,62.1087,774103
2008-12-24,103.28,104.19,103.17,104.02,62.4026,491497
2008-12-26,104.1,104.22,103.48,103.67,62.1927,467221
2008-12-29,103.03,104.19,103.03,104.09,62.672,613945
2008-12-30,103.66,104.35,103.55,104.128,62.6948,570294
2008-12-31,104.24,104.33,103.54,104.2,62.7382,612055
2009-01-02,103.75,104.39,103.5,103.55,62.3468,484596
2009-01-05,103.5,105.32,103.1,105.2,63.3403,3306323
2009-01-06,104.74,104.87,103.41,104.61,62.9851,670148
2009-01-07,104.21,104.28,103.26,103.65,62.407,1222710
2009-01-08,103.91,104.06,102.6,102.86,61.9314,1616257
2009-01-09,102.71,103.31,102.34,102.51,61.7207,1137563
2009-01-12,102.5,103.28,102.37,103.05,62.0458,774326
2009-01-13,103.3,103.31,102.79,103.22,62.1481,585591
2009-01-14,103.45,103.45,102.61,103.08,62.0639,951863
2009-01-15,102.85,103.52,102.65,103.07,62.0578,1047367
2009-01-16,102.97,103.86,102.81,103.6,62.3769,608700
2009-01-20,102.71,103.19,102.64,103.06,62.0518,663089
2009-01-21,103.23,103.23,102.51,102.52,61.7267,621118
2009-01-22,102.69,102.69,101.8,102.08,61.4618,446723
2009-01-23,102.02,102.39,101.64,101.92,61.3654,577941
2009-01-26,101.73,102.07,100.88,101.82,61.3052,550718
2009-01-27,101.63,102.5,101.45,102.34,61.6183,541158
2009-01-28,102.74,102.77,102.13,102.4,61.6544,478311
2009-01-29,102.27,102.54,101.401,101.49,61.1065,869588
2009-01-30,101.65,102.33,101.63,102.13,61.4919,608217
2009-02-02,101.72,102.156,101.57,101.59,61.3866,591994
2009-02-03,101.76,102.0,101.14,101.14,61.1147,575159
2009-02-04,101.3,101.46,100.87,101.0,61.0301,673384
2009-02-05,101.27,101.47,100.61,100.68,60.8367,702108
2009-02-06,100.92,101.18,99.97,100.95,60.9999,1936797
2009-02-09,101.15,101.24,100.73,100.96,61.0059,588225
2009-02-10,101.15,101.7964,100.85,101.58,61.3806,524742
2009-02-11,101.48,102.15,101.4,101.56,61.3685,518722
2009-02-12,101.9,102.2,101.65,102.1,61.6948,366863
2009-02-13,101.39,102.03,101.39,101.79,61.5074,851827
2009-02-17,102.15,102.26,101.64,101.87,61.5558,436082
2009-02-18,101.89,102.1001,101.59,101.66,61.4289,495753
2009-02-19,101.6,101.7,101.26,101.5,61.3322,532306
2009-02-20,101.68,101.91,100.77,100.98,61.018,656297
2009-02-23,101.65,101.65,100.9,101.5,61.3322,621430
2009-02-24,101.34,101.85,101.11,101.3,61.2114,605550
2009-02-25,101.25,101.42,101.04,101.21,61.157,485773
2009-02-26,100.77,101.1,100.61,100.68,60.8367,509293
2009-02-27,100.62,100.95,100.5,100.69,60.8428,463771
2009-03-02,100.7,100.82,100.3,100.7,61.0471,627391
2009-03-03,100.55,100.68,100.09,100.57,60.9683,970616
2009-03-04,100.38,100.38,99.7672,100.1,60.6833,548818
2009-03-05,100.29,100.67,100.05,100.43,60.8834,684930
2009-03-06,100.56,100.71,100.15,100.7,61.0471,701138
2009-03-09,100.71,100.71,100.01,100.01,60.6288,645269
2009-03-10,99.9,100.25,99.82,100.24,60.7682,507425
2009-03-11,100.33,100.57,99.85,100.48,60.9137,607469
2009-03-12,100.43,100.73,100.25,100.57,60.9683,603453
2009-03-13,100.4,100.74,100.35,100.67,61.0289,561307
2009-03-16,100.24,100.47,100.174,100.36,60.8409,643973
2009-03-17,100.52,100.6,100.03,100.06,60.6591,644135
2009-03-18,100.2,101.8814,100.12,101.65,61.623,493614
2009-03-19,101.74,102.89,101.41,101.8968,61.7726,738491
2009-03-20,101.89,102.03,101.2619,101.33,61.429,513030
2009-03-23,101.44,101.4882,101.17,101.33,61.429,518070
2009-03-24,100.83,101.18,100.64,100.64,61.0107,934035
2009-03-25,100.66,101.0,100.09,100.2,60.7439,1240962
2009-03-26,100.38,100.47,100.05,100.4,60.8652,1187868
2009-03-27,100.62,100.89,100.14,100.48,60.9137,1303850
2009-03-30,100.41,101.09,100.41,100.95,61.1986,616285
2009-03-31,101.0,101.47,100.73,101.47,61.5139,638055
2009-04-01,101.19,101.2836,100.61,101.073,61.4859,579063
2009-04-02,101.11,101.12,100.54,100.75,61.2894,960438
2009-04-03,100.9,100.9,100.01,100.42,61.0886,3081411
2009-04-06,100.66,100.68,100.1,100.4,61.0765,495064
2009-04-07,100.42,100.47,100.01,100.24,60.9791,807080
2009-04-08,100.43,100.72,100.3,100.57,61.1799,528342
2009-04-09,100.28,100.71,100.21,100.42,61.0886,564085
2009-04-13,100.82,101.15,100.33,101.15,61.5327,475741
2009-04-14,100.7,101.14,100.63,101.13,61.5205,594176
2009-04-15,101.21,101.41,101.0,101.41,61.6909,534406
2009-04-16,101.26,101.32,101.02,101.23,61.5814,457622
2009-04-17,101.05,101.11,100.67,100.67,61.2407,486890
2009-04-20,101.11,101.25,100.78,101.25,61.5935,705549
2009-04-21,101.41,101.42,100.86,100.93,61.3989,702062
2009-04-22,101.02,101.26,100.85,101.2,61.5631,448461
2009-04-23,101.2,101.36,100.96,101.33,61.6422,318695
2009-04-24,101.37,101.44,101.0,101.44,61.7091,533305
2009-04-27,101.58,101.83,101.254,101.6,61.8065,614350
2009-04-28,101.91,101.91,101.41,101.57,61.7882,397707
2009-04-29,101.69,101.69,101.1,101.15,61.5327,487955
2009-04-30,101.33,101.64,100.962,101.64,61.8308,760661
2009-05-01,101.08,101.16,100.75,100.92,61.5924,536080
2009-05-04,101.31,101.41,100.78,101.0,61.6412,690512
2009-05-05,101.32,101.58,101.01,101.21,61.7694,886548
2009-05-06,101.38,101.7,101.29,101.44,61.9098,833612
2009-05-07,101.5,101.67,100.8,100.99,61.6351,1418928
2009-05-08,101.08,101.42,100.84,101.18,61.7511,705911
2009-05-11,101.14,101.57,101.14,101.25,61.7938,431873
2009-05-12,101.3,101.84,101.27,101.81,62.1356,786650
2009-05-13,101.95,102.14,101.6,101.9,62.1905,430696
2009-05-14,102.05,102.0776,101.69,101.96,62.2271,453834
2009-05-15,101.84,102.19,101.84,102.19,62.3675,616115
2009-05-18,102.19,102.22,101.8024,101.89,62.1844,420886
2009-05-19,101.85,102.05,101.8,101.98,62.2393,586069
2009-05-20,101.95,102.5,101.92,102.29,62.4285,543529
2009-05-21,102.3,102.44,101.75,101.97,62.2332,393387
2009-05-22,101.89,101.96,101.6,101.7,62.0684,433377
2009-05-26,101.87,101.89,101.35,101.47,61.9281,469269
2009-05-27,101.45,101.56,100.75,100.91,61.5863,636112
2009-05-28,100.84,101.07,100.42,100.95,61.6107,634199
2009-05-29,100.8,102.15,100.8,102.03,62.2698,1142053
2009-06-01,101.23,101.35,100.39,100.46,61.4975,1111001
2009-06-02,101.06,101.23,100.555,101.15,61.9199,618024
2009-06-03,101.0,101.48,101.0,101.43,62.0913,797677
2009-06-04,101.29,101.29,100.54,100.59,61.577,591830
2009-06-05,100.5,100.57,100.07,100.07,61.2587,479005
2009-06-08,100.05,100.303,99.8,99.8,61.0934,648744
2009-06-09,100.14,100.37,99.98,100.25,61.3689,442254
2009-06-10,100.01,100.54,99.97,99.97,61.1975,772556
2009-06-11,99.9,100.67,99.56,100.32,61.4118,481833
2009-06-12,100.33,100.91,100.33,100.81,61.7117,357947
2009-06-15,101.1,101.19,100.78,101.19,61.9443,490965
2009-06-16,101.13,101.43,100.95,101.33,62.03,430818
2009-06-17,101.5,101.77,101.34,101.53,62.1525,454824
2009-06-18,101.35,101.3599,100.85,100.87,61.7484,550281
2009-06-19,100.66,101.25,100.66,101.24,61.9749,584332
2009-06-22,101.56,101.64,101.25,101.39,62.0668,516788
2009-06-23,101.44,101.8,101.29,101.72,62.2688,524263
2009-06-24,101.65,101.99,101.45,101.45,62.1035,525658
2009-06-25,101.58,102.1188,101.44,101.92,62.3912,575104
2009-06-26,102.09,102.22,101.92,102.22,62.5749,471300
2009-06-29,102.03,102.37,102.03,102.13,62.5198,398397
2009-06-30,101.98,102.3,101.92,102.15,62.532,805409
2009-07-01,101.62,101.87,101.56,101.77,62.5089,450547
2009-07-02,101.75,102.16,101.75,102.01,62.6563,532916
2009-07-06,101.89,102.1,101.85,101.93,62.6072,436553
2009-07-07,101.99,102.3,101.97,102.26,62.8099,518524
2009-07-08,102.23,102.82,102.23,102.82,63.1538,789989
2009-07-09,102.46,102.69,102.31,102.53,62.9757,600023
2009-07-10,102.72,103.0,102.63,102.88,63.1907,504582
2009-07-13,102.9,103.12,102.77,102.83,63.16,397753
2009-07-14,102.6,102.77,102.41,102.52,62.9696,529657
2009-07-15,102.21,102.39,101.85,101.85,62.558,849541
2009-07-16,102.01,102.36,102.01,102.17,62.7546,410709
2009-07-17,102.01,102.27,101.98,102.17,62.7546,437206
2009-07-20,102.01,102.49,101.97,102.29,62.8283,675313
2009-07-21,102.09,103.01,102.09,103.0,63.2644,812645
2009-07-22,102.89,102.96,102.53,102.65,63.0494,450507
2009-07-23,102.74,102.74,102.24,102.39,62.8897,564432
2009-07-24,102.2,102.55,102.11,102.39,62.8897,579853
2009-07-27,102.0,102.37,101.85,102.08,62.6993,883338
2009-07-28,102.01,102.53,102.01,102.27,62.816,674501
2009-07-29,102.56,102.68,102.16,102.45,62.9266,451361
2009-07-30,102.28,102.7,102.21,102.58,63.0064,1109513
2009-07-31,102.95,103.33,102.75,103.1,63.3258,1058816
2009-08-03,102.78,102.79,102.31,102.55,63.1929,716602
2009-08-04,102.79,102.86,102.14,102.24,63.0019,629823
2009-08-05,102.33,102.33,102.0,102.15,62.9464,608162
2009-08-06,102.2,102.35,102.03,102.2,62.9772,564282
2009-08-07,101.71,102.09,101.36,101.59,62.6013,1076896
2009-08-10,102.04,102.43,101.66,102.38,63.0881,920607
2009-08-11,102.63,102.75,102.44,102.74,63.31,741364
2009-08-12,102.78,102.82,102.3208,102.69,63.2792,672038
2009-08-13,102.76,103.17,102.6216,102.95,63.4394,523672
2009-08-14,103.17,103.44,103.02,103.13,63.5503,453529
2009-08-17,103.33,103.59,103.04,103.56,63.8153,631252
2009-08-18,103.42,103.55,103.22,103.22,63.6058,442343
2009-08-19,103.33,103.6,103.2132,103.43,63.7352,486879
2009-08-20,103.52,103.61,100.22,103.6,63.8399,596566
2009-08-21,103.63,103.66,103.0,103.0,63.4702,504878
2009-08-24,103.1,103.56,102.95,103.42,63.729,434359
2009-08-25,103.22,103.7,103.22,103.59,63.8338,477379
2009-08-26,103.68,103.84,103.613,103.74,63.9262,692323
2009-08-27,103.5,103.73,103.42,103.66,63.8769,487272
2009-08-28,103.49,103.87,103.43,103.59,63.8338,503564
2009-08-31,103.75,104.02,103.7,104.02,64.0987,809510
2009-09-01,103.56,103.81,103.36,103.51,63.9888,816118
2009-09-02,103.66,104.18,103.51,104.06,64.3288,843119
2009-09-03,103.83,104.03,103.66,103.87,64.2113,750862
2009-09-04,103.85,103.96,103.5915,103.67,64.0877,542294
2009-09-08,103.55,103.79,103.52,103.52,63.9949,473426
2009-09-09,103.48,103.7899,103.412,103.7204,64.1188,605708
2009-09-10,103.87,104.34,103.72,104.25,64.4462,567119
2009-09-11,104.31,104.47,104.142,104.24,64.44,447437
2009-09-14,104.0,104.38,104.0,104.09,64.3473,375381
2009-09-15,103.96,104.16,103.9,103.93,64.2484,471586
2009-09-16,104.11,104.14,103.89,104.01,64.2979,595067
2009-09-17,104.07,104.5,103.99,104.5,64.6008,468395
2009-09-18,104.25,104.39,104.12,104.24,64.44,470212
2009-09-21,104.2,104.39,104.09,104.16,64.3906,433586
2009-09-22,104.03,104.32,104.03,104.09,64.3473,566986
2009-09-23,104.14,104.39,104.0,104.35,64.508,616615
2009-09-24,104.39,104.59,104.332,104.48,64.5884,459110
2009-09-25,104.56,104.79,104.47,104.79,64.78,512079
2009-09-28,104.73,104.83,104.59,104.78,64.7739,610396
2009-09-29,104.67,104.85,104.53,104.73,64.743,937676
2009-09-30,104.65,104.92,104.64,104.92,64.8604,818790
2009-10-01,104.64,104.84,104.4,104.82,65.0105,784646
2009-10-02,105.01,107.95,104.53,104.62,64.8864,683656
2009-10-05,104.82,104.95,104.65,104.69,64.9298,666889
2009-10-06,104.79,104.82,104.54,104.54,64.8368,508939
2009-10-07,104.86,105.06,104.78,104.96,65.0973,531468
2009-10-08,105.1,105.12,104.68,104.89,65.0539,511974
2009-10-09,104.68,104.71,104.15,104.16,64.6011,567423
2009-10-12,104.43,104.46,104.2,104.4,64.75,416934
2009-10-13,104.56,104.68,104.46,104.66,64.9112,380150
2009-10-14,104.29,104.54,104.29,104.41,64.7562,491367
2009-10-15,104.23,104.32,104.03,104.25,64.6569,727608
2009-10-16,104.18,104.33,104.08,104.24,64.6507,458608
2009-10-19,104.31,104.45,104.0301,104.45,64.781,455433
2009-10-20,104.56,104.7,104.51,104.7,64.936,473218
2009-10-21,104.53,104.63,104.2825,104.63,64.8926,460461
2009-10-22,104.4,104.54,104.3,104.47,64.7934,518660
2009-10-23,104.33,104.45,104.24,104.34,64.7128,677292
2009-10-26,104.28,104.47,104.03,104.06,64.5391,470497
2009-10-27,104.21,104.53,104.1,104.47,64.7934,420045
2009-10-28,104.48,104.66,104.33,104.62,64.8864,651635
2009-10-29,104.53,104.57,104.29,104.41,64.7562,590384
2009-10-30,104.5,104.842,104.46,104.81,65.0043,515202
2009-11-02,104.55,104.6,104.24,104.32,64.9008,1036685
2009-11-03,104.4,104.51,104.17,104.18,64.8137,684520
2009-11-04,104.24,104.41,104.01,104.01,64.708,490690
2009-11-05,104.0,104.33,103.7,104.28,64.8759,899245
2009-11-06,104.24,104.46,104.178,104.37,64.9319,435501
2009-11-09,104.45,104.57,104.346,104.51,65.019,509308
2009-11-10,104.6,104.68,104.41,104.54,65.0377,464460
2009-11-11,104.5,104.81,104.46,104.58,65.0626,509792
2009-11-12,104.52,104.79,104.34,104.79,65.1932,506981
2009-11-13,104.77,104.9,104.58,104.9,65.2617,407918
2009-11-16,104.82,105.29,104.82,105.15,65.4172,479859
2009-11-17,105.06,105.24,105.0,105.24,65.4732,681381
2009-11-18,105.19,105.36,104.9,105.02,65.3363,528059
2009-11-19,105.18,105.24,104.99,105.13,65.4048,393584
2009-11-20,105.16,105.2,105.03,105.17,65.4296,422451
2009-11-23,105.05,105.17,104.92,105.15,65.4172,470581
2009-11-24,105.26,105.46,105.03,105.46,65.6101,507960
2009-11-25,105.41,105.56,105.29,105.56,65.6723,418188
2009-11-27,105.31,105.65,105.3,105.65,65.7283,182468
2009-11-30,105.63,105.83,105.34,105.83,65.8402,632658
2009-12-01,105.35,105.42,105.17,105.22,65.6796,788750
2009-12-02,105.19,105.3,104.94,105.02,65.5547,480240
2009-12-03,104.95,105.03,104.77,105.03,65.561,744730
2009-12-04,104.67,104.9,104.47,104.82,65.4299,1243094
2009-12-07,104.86,105.0,104.75,104.92,65.4923,558117
2009-12-08,105.15,105.28,105.03,105.06,65.5797,708267
2009-12-09,105.1,105.2,104.9,104.95,65.511,455120
2009-12-10,104.87,104.95,104.71,104.87,65.4611,533053
2009-12-11,104.74,104.76,104.56,104.62,65.3051,517132
2009-12-14,104.82,104.83,104.64,104.68,65.3425,423268
2009-12-15,104.45,104.56,104.36,104.39,65.1615,475183
2009-12-16,104.51,104.72,104.5,104.58,65.2801,518962
2009-12-17,104.8,104.85,104.62,104.75,65.3862,481638
2009-12-18,104.82,105.0,104.74,104.75,65.3862,525867
2009-12-21,104.67,104.7,104.29,104.314,65.114,628488
2009-12-22,104.13,104.1699,103.88,104.01,64.9243,609370
2009-12-23,104.08,104.2,104.0,104.05,64.9493,589020
2009-12-24,103.88,103.99,103.73,103.87,64.8369,388653
2009-12-28,103.77,103.9,103.2,103.24,64.4436,3458313
2009-12-29,103.11,103.2,103.0,103.06,64.5198,833797
2009-12-30,103.3,103.32,103.08,103.32,64.6826,531924
2009-12-31,103.04,103.3,102.7819,103.19,64.6012,651797
2010-01-04,103.27,103.41,103.15,103.31,64.6763,987879
2010-01-05,103.62,103.82,103.52,103.78,64.9705,500418
2010-01-06,103.82,103.82,103.41,103.72,64.933,714211
2010-01-07,103.66,103.71,103.472,103.6,64.8579,705695
2010-01-08,103.87,103.87,103.54,103.66,64.8954,412240
2010-01-11,103.65,103.72,103.51,103.58,64.8453,684587
2010-01-12,103.87,104.24,103.82,104.24,65.2585,1818439
2010-01-13,104.09,104.17,103.79,103.8,64.9831,530839
2010-01-14,103.97,104.18,103.87,104.07,65.1521,498510
2010-01-15,104.3,104.4,104.18,104.2655,65.2745,575231
2010-01-19,104.2,104.26,104.0,104.1,65.1709,754719
2010-01-20,104.27,104.4,104.2,104.37,65.3399,614176
2010-01-21,104.37,104.65,104.27,104.4,65.3587,540125
2010-01-22,104.38,104.64,104.35,104.46,65.3962,426599
2010-01-25,104.49,104.49,104.26,104.45,65.39,514170
2010-01-26,104.65,104.71,104.47,104.58,65.4714,1288127
2010-01-27,104.47,104.71,104.4335,104.5,65.4213,618238
2010-01-28,104.4,104.56,104.34,104.41,65.3649,640216
2010-01-29,104.34,104.72,104.32,104.65,65.5152,748509
2010-02-01,104.36,104.4,104.13,104.18,65.4255,501230
2010-02-02,104.2,104.33,104.192,104.3,65.5008,618904
2010-02-03,104.14,104.25,103.89,104.11,65.3815,2040533
2010-02-04,104.28,104.52,104.221,104.36,65.5385,595222
2010-02-05,104.43,104.74,104.2781,104.4,65.5636,777556
2010-02-08,104.51,104.6,104.33,104.6,65.6892,658331
2010-02-09,104.41,104.64,104.35,104.41,65.5699,707026
2010-02-10,104.42,104.47,104.04,104.17,65.4192,458252
2010-02-11,104.04,104.1,103.82,103.998,65.3112,547366
2010-02-12,104.24,104.26,104.02,104.02,65.325,506063
2010-02-16,104.03,104.33,103.97,104.28,65.4883,592771
2010-02-17,104.24,104.26,103.91,103.96,65.2873,509182
2010-02-18,103.99,104.1,103.75,103.92,65.2622,400050
2010-02-19,103.75,104.0,103.691,104.0,65.3124,501451
2010-02-22,103.88,104.01,103.78,103.82,65.1994,1120683
2010-02-23,103.92,104.25,103.92,104.19,65.4318,539377
2010-02-24,104.31,104.4072,104.17,104.3,65.5008,542031
2010-02-25,104.46,104.51,104.23,104.51,65.6327,658714
2010-02-26,104.5,104.65,104.5,104.53,65.6453,658574
2010-03-01,104.35,104.4799,104.25,104.36,65.7417,617998
2010-03-02,104.29,104.45,104.29,104.4,65.7669,661200
2010-03-03,104.3,104.45,104.29,104.4,65.7669,492590
2010-03-04,104.34,104.6299,104.34,104.59,65.8866,782621
2010-03-05,104.5,104.5,104.25,104.39,65.7606,1057414
2010-03-08,104.39,104.47,104.3,104.46,65.8047,1827030
2010-03-09,104.62,104.64,104.48,104.58,65.8803,1140135
2010-03-10,104.38,104.51,104.38,104.51,65.8362,511974
2010-03-11,104.47,104.6,104.42,104.51,65.8362,540143
2010-03-12,104.49,104.63,104.4,104.515,65.8393,854135
2010-03-15,104.62,104.66,104.4999,104.65,65.9244,832517
2010-03-16,104.64,104.89,104.59,104.84,66.044,507659
2010-03-17,104.8,104.97,104.8,104.92,66.0944,662090
2010-03-18,104.91,104.918,104.79,104.83,66.0377,618168
2010-03-19,104.76,104.8526,104.7,104.75,65.9874,388513
2010-03-22,104.87,104.91,104.75,104.83,66.0377,526665
2010-03-23,104.79,104.94,104.79,104.85,66.0503,725634
2010-03-24,104.67,104.67,104.22,104.32,65.7165,602640
2010-03-25,104.23,104.24,103.86,104.05,65.5464,1416634
2010-03-26,103.97,104.25,103.96,104.22,65.6535,1251062
2010-03-29,104.25,104.25,104.04,104.1,65.5779,479912
2010-03-30,104.12,104.1948,104.0201,104.14,65.6031,460469
2010-03-31,104.17,104.34,104.15,104.2,65.6409,808281
2010-04-01,103.82,103.93,103.72,103.84,65.6163,1386071
2010-04-05,103.59,103.59,103.13,103.199,65.2112,849257
2010-04-06,103.28,103.47,103.28,103.33,65.294,934732
2010-04-07,103.4,103.77,103.4,103.77,65.572,746594
2010-04-08,103.91,103.9399,103.64,103.67,65.5088,406657
2010-04-09,103.71,103.82,103.6,103.78,65.5783,414180
2010-04-12,103.91,104.04,103.8,104.02,65.73,476437
2010-04-13,104.12,104.22,104.051,104.19,65.8374,680894
2010-04-14,104.15,104.25,103.97,104.07,65.7616,513557
2010-04-15,104.04,104.27,103.89,104.26,65.8816,837685
2010-04-16,104.3,104.5,104.22,104.42,65.9828,479247
2010-04-19,104.41,104.5,104.21,104.23,65.8627,769490
2010-04-20,104.23,104.4,104.2,104.4,65.9701,652170
2010-04-21,104.4,104.58,104.32,104.58,66.0839,747505
2010-04-22,104.55,104.65,104.29,104.37,65.9512,653999
2010-04-23,104.2,104.29,104.1337,104.24,65.869,480959
2010-04-26,104.3,104.38,104.2,104.23,65.8627,587097
2010-04-27,104.37,104.72,104.35,104.56,66.0712,950880
2010-04-28,104.41,104.56,104.3,104.4,65.9701,929559
2010-04-29,104.42,104.53,104.33,104.44,65.9954,662261
2010-04-30,104.49,104.95,104.49,104.89,66.2797,920108
2010-05-03,104.4,104.489,104.25,104.38,66.154,638542
2010-05-04,104.74,104.82,104.56,104.8,66.4202,690144
2010-05-05,104.89,105.0,104.72,104.72,66.3695,662380
2010-05-06,104.91,105.59,104.72,104.87,66.4645,1366586
2010-05-07,105.1,105.5,104.4,104.41,66.173,1415335
2010-05-10,104.42,104.62,104.34,104.4,66.1667,1173510
2010-05-11,104.8,104.8,104.45,104.79,66.4138,417479
2010-05-12,104.67,104.79,104.57,104.68,66.3441,426583
2010-05-13,104.88,104.92,104.66,104.83,66.4392,352641
2010-05-14,105.17,105.36,104.98,105.21,66.68,585543
2010-05-17,105.13,105.4899,105.05,105.13,66.6293,312845
2010-05-18,105.28,105.54,105.16,105.49,66.8575,572344
2010-05-19,105.52,105.63,105.34,105.54,66.8892,577274
2010-05-20,105.76,105.831,105.3,105.45,66.8321,876890
2010-05-21,105.76,105.97,105.56,105.9,67.1173,1048179
2010-05-24,105.9,106.0,105.82,105.84,67.0793,1322609
2010-05-25,106.1,106.27,105.93,105.97,67.1617,1154604
2010-05-26,105.91,105.94,105.7,105.85,67.0856,886314
2010-05-27,105.67,105.67,105.37,105.6,66.9272,1072414
2010-05-28,105.58,105.81,105.57,105.71,66.9969,658875
2010-06-01,105.33,105.61,105.29,105.56,67.1076,1717415
2010-06-02,105.59,105.63,105.439,105.45,67.0376,1241585
2010-06-03,105.32,105.51,105.23,105.4,67.0058,1231246
2010-06-04,105.67,105.82,105.51,105.67,67.1775,1365310
2010-06-07,105.57,105.99,105.57,105.98,67.3746,417044
2010-06-08,105.96,106.04,105.86,105.86,67.2983,636346
2010-06-09,105.8,105.96,105.67,105.92,67.3364,538961
2010-06-10,105.76,105.83,105.55,105.6,67.133,649194
2010-06-11,105.64,105.887,105.5701,105.66,67.1711,441931
2010-06-14,105.64,105.81,105.46,105.81,67.2665,600174
2010-06-15,105.86,105.95,105.65,105.81,67.2665,882769
2010-06-16,105.72,105.99,105.72,105.968,67.3669,654096
2010-06-17,105.95,106.35,105.95,106.22,67.5271,776066
2010-06-18,106.34,106.34,106.03,106.05,67.4191,633993
2010-06-21,105.97,106.28,105.82,106.28,67.5653,696010
2010-06-22,106.28,106.46,106.13,106.39,67.6352,560080
2010-06-23,106.35,106.74,106.35,106.66,67.8069,334116
2010-06-24,106.8,106.88,106.4919,106.57,67.7496,812256
2010-06-25,106.47,106.79,106.47,106.72,67.845,513737
2010-06-28,106.97,107.0,106.8101,106.92,67.9722,529523
2010-06-29,107.17,107.26,106.976,107.24,68.1756,468951
2010-06-30,107.32,107.35,107.04,107.25,68.1819,1050800
2010-07-01,107.01,107.12,106.79,106.88,68.1465,744789
2010-07-02,106.69,106.886,106.68,106.73,68.0509,586057
2010-07-06,106.85,107.1,106.75,107.06,68.2613,553106
2010-07-07,107.13,107.15,106.9,106.92,68.172,1011178
2010-07-08,106.82,106.98,106.67,106.9,68.1593,622025
2010-07-09,106.67,106.91,106.67,106.74,68.0573,490599
2010-07-12,106.9,107.0,106.8,106.86,68.1338,323437
2010-07-13,106.86,106.87,106.58,106.59,67.9616,402205
2010-07-14,106.74,106.98,106.73,106.95,68.1912,786859
2010-07-15,107.06,107.2365,106.97,107.1,68.2868,1254984
2010-07-16,107.29,107.49,107.2,107.43,68.4972,386026
2010-07-19,107.38,107.469,107.26,107.33,68.4334,425588
2010-07-20,107.4,107.5,107.24,107.25,68.3824,616860
2010-07-21,107.26,107.75,107.26,107.72,68.6821,518400
2010-07-22,107.63,107.63,107.491,107.62,68.6183,919905
2010-07-23,107.64,107.64,107.29,107.43,68.4972,708755
2010-07-26,107.47,107.47,107.24,107.41,68.4845,836250
2010-07-27,107.39,107.488,107.32,107.37,68.4589,516852
2010-07-28,107.37,107.6098,107.36,107.57,68.5865,494972
2010-07-29,107.44,107.67,107.4019,107.67,68.6502,444750
2010-07-30,107.94,107.96,107.72,107.85,68.765,937006
2010-08-02,107.49,107.56,107.32,107.41,68.6713,1532341
2010-08-03,107.56,107.63,107.42,107.48,68.7161,1149991
2010-08-04,107.48,107.58,107.15,107.29,68.5946,981780
2010-08-05,107.43,107.49,107.28,107.42,68.6777,972148
2010-08-06,107.67,107.735,107.48,107.63,68.812,809159
2010-08-09,107.66,107.68,107.53,107.63,68.812,506868
2010-08-10,107.63,107.92,107.56,107.81,68.9271,571847
2010-08-11,107.91,107.956,107.79,107.91,68.991,682235
2010-08-12,107.93,107.98,107.67,107.74,68.8823,671506
2010-08-13,107.77,108.0,107.67,107.99,69.0422,580219
2010-08-16,108.33,108.3699,108.21,108.35,69.2723,773170
2010-08-17,108.24,108.26,108.11,108.22,69.1892,513479
2010-08-18,108.34,108.34,108.05,108.1,69.1125,558282
2010-08-19,108.11,108.5,108.0799,108.45,69.3362,469450
2010-08-20,108.41,108.43,108.1935,108.3,69.2403,665261
2010-08-23,108.31,108.41,108.2,108.41,69.3107,479807
2010-08-24,108.57,108.86,108.38,108.84,69.5856,833903
2010-08-25,108.96,109.09,108.552,108.59,69.4258,485927
2010-08-26,108.63,108.94,108.56,108.73,69.5153,1177874
2010-08-27,108.6,108.83,108.12,108.13,69.1317,475453
2010-08-30,108.48,108.86,108.3319,108.86,69.5984,429853
2010-08-31,108.85,108.99,108.7378,108.94,69.6495,737639
2010-09-01,108.42,108.55,108.07,108.41,69.5011,976020
2010-09-02,108.25,108.28,108.1,108.27,69.4113,1217447
2010-09-03,107.9,108.08,107.78,108.02,69.2511,855904
2010-09-07,108.14,108.435,108.09,108.33,69.4498,512401
2010-09-08,108.2,108.34,108.136,108.25,69.3985,819757
2010-09-09,108.0,108.08,107.7,107.73,69.0652,769781
2010-09-10,107.62,107.7181,107.48,107.5,68.9177,771093
2010-09-13,107.52,107.83,107.47,107.74,69.0716,1044035
2010-09-14,107.82,108.14,107.77,108.13,69.3216,792220
2010-09-15,108.0,108.17,107.88,107.93,69.1934,813404
2010-09-16,107.79,107.89,107.56,107.75,69.078,691563
2010-09-17,107.74,108.0,107.74,107.89,69.1677,719325
2010-09-20,107.85,108.0,107.772,107.93,69.1934,716976
2010-09-21,108.01,108.46,107.9919,108.39,69.4883,497179
2010-09-22,108.47,108.62,108.36,108.42,69.5075,652868
2010-09-23,108.66,108.66,108.4,108.54,69.5844,837117
2010-09-24,108.36,108.4044,108.13,108.14,69.328,1116503
2010-09-27,108.39,108.58,108.3,108.51,69.5652,956761
2010-09-28,108.49,108.87,108.49,108.77,69.7319,980269
2010-09-29,108.72,108.8,108.6,108.69,69.6806,833497
2010-09-30,108.64,108.7,108.29,108.65,69.655,2628516
2010-10-01,108.26,108.37,108.14,108.26,69.5743,1366664
2010-10-04,108.29,108.51,108.26,108.44,69.69,772047
2010-10-05,108.61,108.61,108.38,108.44,69.69,758423
2010-10-06,108.67,108.77,108.54,108.55,69.7607,1041827
2010-10-07,108.69,108.73,108.56,108.6,69.7928,962845
2010-10-08,108.91,108.93,108.76,108.82,69.9342,604464
2010-10-11,108.82,108.85,108.718,108.76,69.8956,434513
2010-10-12,108.82,108.9,108.6,108.65,69.8249,573224
2010-10-13,108.7,108.72,108.45,108.64,69.8185,984140
2010-10-14,108.62,108.67,108.2,108.24,69.5615,1091714
2010-10-15,108.21,108.23,107.9719,108.02,69.4201,882543
2010-10-18,108.25,108.4683,108.17,108.4,69.6643,755604
2010-10-19,108.3,108.6172,108.25,108.49,69.7221,607194
2010-10-20,108.49,108.72,108.41,108.62,69.8057,849452
2010-10-21,108.58,108.6599,108.45,108.45,69.6964,507069
2010-10-22,108.45,108.57,108.41,108.5,69.7285,551306
2010-10-25,108.8,108.8,108.49,108.51,69.735,723494
2010-10-26,108.38,108.41,108.2001,108.26,69.5743,433114
2010-10-27,108.15,108.35,108.02,108.05,69.4394,587807
2010-10-28,108.15,108.35,108.15,108.32,69.6129,505295
2010-10-29,108.45,108.55,108.36,108.55,69.7607,963589
2010-11-01,108.38,108.49,108.12,108.23,69.732,737089
2010-11-02,108.47,108.47,108.333,108.42,69.8545,1052526
2010-11-03,108.61,108.82,108.29,108.4,69.8416,462589
2010-11-04,108.75,108.99,108.67,108.92,70.1766,626087
2010-11-05,108.62,108.75,108.52,108.62,69.9833,1150225
2010-11-08,108.61,108.75,108.54,108.57,69.9511,370473
2010-11-09,108.55,108.6,108.0,108.04,69.6096,686780
2010-11-10,108.0302,108.1364,107.62,107.95,69.5516,910058
2010-11-11,107.95,108.0,107.81,107.94,69.5452,425004
2010-11-12,107.8,107.94,107.51,107.51,69.2682,759419
2010-11-15,107.3,107.4001,106.89,106.92,68.888,2020266
2010-11-16,107.01,107.21,106.68,107.18,69.0555,1460827
2010-11-17,107.33,107.4701,107.15,107.21,69.0749,822446
2010-11-18,107.08,107.2,106.93,107.18,69.0555,916043
2010-11-19,107.22,107.37,107.19,107.3,69.1329,658111
2010-11-22,107.44,107.61,107.44,107.56,69.3004,512151
2010-11-23,107.84,107.89,107.67,107.67,69.3712,412243
2010-11-24,107.5,107.52,107.14,107.15,69.0362,740642
2010-11-26,107.23,107.42,107.2194,107.37,69.178,134123
2010-11-29,107.59,107.59,107.3476,107.44,69.2231,658872
2010-11-30,107.74,107.74,107.33,107.37,69.178,767826
2010-12-01,106.56,106.56,106.25,106.26,68.8171,950572
2010-12-02,106.32,106.35,106.04,106.05,68.6811,1124890
2010-12-03,106.44,106.5,106.12,106.26,68.8171,659914
2010-12-06,106.45,106.65,106.4,106.65,69.0697,2606141
2010-12-07,106.26,106.3262,105.68,105.82,68.5322,1214656
2010-12-08,105.55,105.55,104.93,105.31,68.2019,1856144
2010-12-09,105.48,105.63,105.272,105.5,68.3249,805729
2010-12-10,105.49,105.49,105.21,105.3,68.1954,1217500
2010-12-13,105.07,105.48,104.97,105.37,68.2407,1812910
2010-12-14,105.16,105.28,104.6,104.782,67.8599,941177
2010-12-15,104.86,104.99,104.36,104.6,67.7421,1357488
2010-12-16,104.5,104.84,104.3,104.8,67.8716,1647793
2010-12-17,104.83,105.41,104.83,105.37,68.2407,1579282
2010-12-20,105.41,105.67,105.262,105.44,68.2861,930035
2010-12-21,105.49,105.65,105.3805,105.64,68.4156,1520230
2010-12-22,105.71,105.71,105.4,105.5175,68.3363,669422
2010-12-23,105.41,105.44,105.25,105.32,68.2084,1285729
2010-12-27,105.36,105.68,105.16,105.62,68.4027,686556
2010-12-28,105.16,105.28,104.66,104.66,68.0024,708958
2010-12-29,104.71,105.47,104.68,105.4,68.4832,487012
2010-12-30,105.28,105.39,105.1,105.32,68.4312,780419
2010-12-31,105.38,105.75,105.37,105.75,68.7106,551595
2011-01-03,105.4,105.68,105.3,105.63,68.6326,739658
2011-01-04,105.68,105.7724,105.5,105.66,68.6521,625447
2011-01-05,105.28,105.36,104.941,105.15,68.3207,864151
2011-01-06,105.31,105.31,105.11,105.17,68.3337,2032597
2011-01-07,105.31,105.61,105.18,105.51,68.5546,968598
2011-01-10,105.59,105.79,105.55,105.79,68.7366,565984
2011-01-11,105.81,105.81,105.444,105.58,68.6001,620781
2011-01-12,105.49,105.6,105.31,105.57,68.5936,562378
2011-01-13,105.43,105.95,105.42,105.95,68.8405,943490
2011-01-14,105.99,106.0,105.73,105.73,68.6976,751891
2011-01-18,105.69,105.74,105.46,105.66,68.6521,445133
2011-01-19,105.56,105.76,105.53,105.68,68.6651,912017
2011-01-20,105.51,105.58,105.2,105.28,68.4052,846288
2011-01-21,105.25,105.61,105.24,105.61,68.6196,578187
2011-01-24,105.49,105.6876,105.49,105.55,68.5806,535224
2011-01-25,105.57,105.93,105.48,105.88,68.795,483335
2011-01-26,105.74,105.78,105.51,105.53,68.5676,568326
2011-01-27,105.64,105.7501,105.52,105.71,68.6846,598432
2011-01-28,105.6,105.97,105.58,105.86,68.782,783024
2011-01-31,105.85,105.94,105.59,105.66,68.6521,1691445
2011-02-01,105.25,105.26,105.03,105.12,68.5062,700406
2011-02-02,105.15,105.23,104.88,105.0,68.428,512945
2011-02-03,104.79,104.871,104.61,104.61,68.1739,912289
2011-02-04,104.47,104.63,104.2,104.26,67.9458,1116592
2011-02-07,104.17,104.331,104.11,104.3,67.9718,604611
2011-02-08,104.31,104.32,103.91,104.0,67.7763,740954
2011-02-09,104.04,104.32,103.9301,104.19,67.9001,518095
2011-02-10,104.11,104.17,103.85,103.89,67.7046,520722
2011-02-11,104.31,104.36,104.07,104.3,67.9718,797169
2011-02-14,104.21,104.4462,104.21,104.35,68.0044,1024864
2011-02-15,104.35,104.49,104.32,104.48,68.0891,513464
2011-02-16,104.48,104.6536,104.4,104.48,68.0891,474754
2011-02-17,104.7,104.82,104.66,104.73,68.2521,606236
2011-02-18,104.57,104.7228,104.5,104.69,68.226,694345
2011-02-22,104.81,105.1399,104.8,105.07,68.4736,1033375
2011-02-23,105.2,105.2898,105.04,105.15,68.5258,706969
2011-02-24,105.24,105.34,105.16,105.17,68.5388,1135250
2011-02-25,105.27,105.47,105.254,105.45,68.7213,541936
2011-02-28,105.53,105.65,105.46,105.65,68.8516,558180
2011-03-01,105.1,105.3756,105.05,105.28,68.7961,735679
2011-03-02,105.31,105.3888,105.09,105.11,68.685,506196
2011-03-03,104.91,104.92,104.68,104.74,68.4432,618676
2011-03-04,104.89,105.11,104.85,105.02,68.6262,761622
2011-03-07,104.939,105.22,104.81,105.07,68.6588,621106
2011-03-08,104.95,105.07,104.9,104.99,68.6066,527195
2011-03-09,105.05,105.37,104.96,105.24,68.7699,590587
2011-03-10,105.41,105.66,105.28,105.61,69.0117,467888
2011-03-11,105.64,105.74,105.51,105.63,69.0248,473753
2011-03-14,105.82,105.98,105.69,105.69,69.064,415888
2011-03-15,106.0,106.06,105.71,105.73,69.0901,672519
2011-03-16,105.96,106.54,105.86,106.03,69.2861,1012149
2011-03-17,105.87,106.08,105.74,105.96,69.2404,584751
2011-03-18,105.81,105.96,105.73,105.92,69.2143,382823
2011-03-21,105.87,105.88,105.55,105.67,69.0509,460827
2011-03-22,105.56,105.73,105.54,105.68,69.0574,604754
2011-03-23,105.8299,105.85,105.5756,105.63,69.0248,472213
2011-03-24,105.46,105.53,105.28,105.34,68.8353,1569945
2011-03-25,105.53,105.53,105.18,105.25,68.7764,811195
2011-03-28,105.13,105.26,105.08,105.2,68.7438,1443521
2011-03-29,105.12,105.31,105.03,105.07,68.6588,538077
2011-03-30,105.17,105.3,105.1,105.25,68.7764,791484
2011-03-31,105.37,105.4,105.13,105.13,68.698,1014363
2011-04-01,104.71,105.03,104.68,104.96,68.792,983686
2011-04-04,105.03,105.25,105.02,105.13,68.9034,517413
2011-04-05,105.09,105.11,104.85,104.91,68.7592,801877
2011-04-06,104.9,104.91,104.6,104.6,68.556,980375
2011-04-07,104.69,104.92,104.66,104.76,68.6609,681671
2011-04-08,104.62,104.69,104.53,104.56,68.5298,392850
2011-04-11,104.6,104.75,104.55,104.66,68.5954,386938
2011-04-12,104.83,105.1172,104.83,105.06,68.8575,562948
2011-04-13,104.89,105.23,104.89,105.17,68.9296,531455
2011-04-14,105.19,105.26,105.065,105.07,68.8641,654221
2011-04-15,105.31,105.51,105.31,105.45,69.1131,391048
2011-04-18,105.49,105.7562,105.43,105.63,69.2311,720370
2011-04-19,105.81,105.88,105.75,105.84,69.3687,470754
2011-04-20,105.75,105.83,105.64,105.69,69.2704,388775
2011-04-21,105.7,105.83,105.67,105.76,69.3163,447719
2011-04-25,105.75,105.92,105.7,105.82,69.3556,541603
2011-04-26,105.91,106.21,105.91,106.21,69.6112,569697
2011-04-27,106.02,106.15,105.87,106.12,69.5523,473252
2011-04-28,106.28,106.39,106.1652,106.37,69.7161,573094
2011-04-29,106.24,106.49,106.24,106.46,69.7751,499153
2011-05-02,106.21,106.24,106.04,106.2,69.812,613497
2011-05-03,106.26,106.34,106.15,106.23,69.8317,486196
2011-05-04,106.22,106.44,106.22,106.43,69.9632,659162
2011-05-05,106.47,106.7162,106.47,106.67,70.1209,800630
2011-05-06,106.56,106.83,106.43,106.66,70.1144,1021031
2011-05-09,106.69,106.82,106.69,106.78,70.1932,502188
2011-05-10,106.65,106.73,106.54,106.59,70.0683,536060
2011-05-11,106.5,106.81,106.5,106.78,70.1932,538895
2011-05-12,106.72,106.81,106.53,106.62,70.0881,767073
2011-05-13,106.74,106.99,106.7,106.79,70.1998,312830
2011-05-16,106.8,107.07,106.78,107.02,70.351,678014
2011-05-17,107.11,107.21,107.062,107.14,70.4299,683442
2011-05-18,107.1,107.15,106.9001,106.97,70.3181,618581
2011-05-19,106.68,106.95,106.64,106.89,70.2655,632778
2011-05-20,106.94,107.04,106.9136,106.99,70.3313,938483
2011-05-23,107.19,107.23,107.07,107.08,70.3904,804028
2011-05-24,107.03,107.17,106.98,107.12,70.4167,579340
2011-05-25,107.1,107.24,107.0592,107.1,70.4036,543390
2011-05-26,107.16,107.3899,107.11,107.33,70.5548,862205
2011-05-27,107.39,107.51,107.33,107.43,70.6205,509661
2011-05-31,107.32,107.62,107.28,107.46,70.6402,1047256
2011-06-01,107.31,107.63,107.31,107.61,70.9453,1139469
2011-06-02,107.31,107.47,107.17,107.18,70.6618,666597
2011-06-03,107.53,107.53,107.17,107.32,70.7541,522224
2011-06-06,107.23,107.43,107.18,107.34,70.7673,1477328
2011-06-07,107.24,107.56,107.18,107.56,70.9123,1737676
2011-06-08,107.54,107.8,107.535,107.65,70.9717,1085170
2011-06-09,107.6,107.66,107.39,107.49,70.8662,646468
2011-06-10,107.53,107.65,107.39,107.48,70.8596,1160457
2011-06-13,107.36,107.61,107.31,107.34,70.7673,955940
2011-06-14,107.15,107.18,107.02,107.05,70.5761,1198944
2011-06-15,107.08,107.4701,107.06,107.32,70.7541,1395610
2011-06-16,107.4,107.57,107.37,107.39,70.8003,1211870
2011-06-17,107.44,107.51,107.34,107.4899,70.8661,871234
2011-06-20,107.52,107.52,107.29,107.35,70.7739,731878
2011-06-21,107.25,107.47,107.23,107.45,70.8398,803548
2011-06-22,107.5,107.56,107.24,107.38,70.7937,897712
2011-06-23,107.55,107.8,107.53,107.73,71.0244,2735216
2011-06-24,107.63,107.88,107.62,107.63,70.9585,1084022
2011-06-27,107.7,107.7,107.36,107.44,70.8332,730574
2011-06-28,107.34,107.38,106.95,107.01,70.5497,1038410
2011-06-29,107.03,107.09,106.68,106.69,70.3388,2533703
2011-06-30,106.87,106.9095,106.4,106.67,70.3256,1295556
2011-07-01,106.5,106.54,106.27,106.4,70.3478,1970094
2011-07-05,106.57,106.82,106.57,106.81,70.6188,799142
2011-07-06,106.79,106.93,106.76,106.87,70.6585,774513
2011-07-07,106.63,106.67,106.45,106.57,70.4602,1291578
2011-07-08,106.98,107.2,106.93,107.12,70.8238,682758
2011-07-11,107.34,107.54,107.25,107.41,71.0155,614984
2011-07-12,107.51,107.61,107.33,107.5,71.075,681461
2011-07-13,107.43,107.72,107.4,107.71,71.2139,508318
2011-07-14,107.57,107.71,107.42,107.44,71.0354,1724898
2011-07-15,107.39,107.69,107.32,107.59,71.1345,638240
2011-07-18,107.57,107.65,107.38,107.43,71.0288,641532
2011-07-19,107.37,107.66,107.33,107.66,71.1808,780048
2011-07-20,107.55,107.8,107.47,107.49,71.0684,627233
2011-07-21,107.36,107.47,107.17,107.32,70.956,839117
2011-07-22,107.41,107.57,107.39,107.55,71.1081,457959
2011-07-25,107.29,107.56,107.21,107.24,70.9031,1154517
2011-07-26,107.35,107.59,107.31,107.49,71.0684,832178
2011-07-27,107.34,107.51,107.25,107.31,70.9494,662620
2011-07-28,107.51,107.63,107.41,107.52,71.0883,823517
2011-07-29,107.8,108.2001,107.7,108.16,71.5114,1400634
2011-08-01,107.84,108.23,107.82,108.1175,71.6821,1300549
2011-08-02,108.29,108.67,108.14,108.58,71.9887,1010510
2011-08-03,108.69,108.9499,108.61,108.69,72.0617,1237410
2011-08-04,108.8,109.37,108.76,109.27,72.4462,1585685
2011-08-05,108.97,109.26,108.42,108.55,71.9689,2184355
2011-08-08,108.68,108.8,108.51,108.6,72.002,2068484
2011-08-09,108.6,109.97,108.45,109.24,72.4263,1642544
2011-08-10,109.75,110.17,109.64,110.13,73.0164,1102381
2011-08-11,109.94,109.94,108.73,108.76,72.1081,2596294
2011-08-12,109.16,109.56,108.93,109.24,72.4263,2472257
2011-08-15,109.53,109.5732,109.25,109.41,72.539,1034133
2011-08-16,109.29,109.76,109.29,109.64,72.6915,900015
2011-08-17,109.73,109.97,109.5,109.82,72.8109,1119445
2011-08-18,110.24,110.5,109.9,109.98,72.917,954220
2011-08-19,109.98,110.06,109.81,110.03,72.9501,1271778
2011-08-22,109.82,109.98,109.72,109.89,72.8573,761759
2011-08-23,109.72,109.72,109.5,109.63,72.6849,757058
2011-08-24,109.5,109.5099,108.9278,109.01,72.2738,663280
2011-08-25,109.14,109.33,109.03,109.23,72.4197,647038
2011-08-26,109.52,109.58,109.19,109.38,72.5192,674698
2011-08-29,109.16,109.27,109.08,109.26,72.4396,1150614
2011-08-30,109.55,109.77,109.42,109.6,72.665,1108174
2011-08-31,109.78,109.88,109.49,109.5,72.5987,2444391
2011-09-01,109.47,109.69,109.16,109.62,72.8326,1541529
2011-09-02,109.97,110.16,109.8,109.95,73.0519,923809
2011-09-06,110.41,110.41,110.19,110.24,73.2446,1104030
2011-09-07,110.06,110.12,109.85,109.98,73.0718,919487
2011-09-08,110.16,110.17,109.86,110.01,73.0918,1169361
2011-09-09,110.06,110.27,109.9805,110.16,73.1914,809693
2011-09-12,110.19,110.19,109.84,109.94,73.0453,1037935
2011-09-13,110.04,110.06,109.85,109.98,73.0718,701302
2011-09-14,109.9,110.11,109.86,110.0,73.0851,1065209
2011-09-15,109.84,109.92,109.68,109.68,72.8725,1046682
2011-09-16,109.67,109.84,109.54,109.84,72.9788,885687
2011-09-19,110.18,110.25,110.05,110.08,73.1383,786416
2011-09-20,110.25,110.3,110.08,110.3,73.2844,701584
2011-09-21,110.27,110.53,110.08,110.48,73.404,1242880
2011-09-22,110.79,111.03,110.64,110.8,73.6166,874925
2011-09-23,110.93,110.93,110.21,110.23,73.2379,1113340
2011-09-26,110.14,110.276,109.91,109.98,73.0718,1158750
2011-09-27,109.72,109.85,109.61,109.83,72.9722,1287379
2011-09-28,109.79,109.8,109.52,109.74,72.9124,850376
2011-09-29,109.64,109.87,109.56,109.7,72.8858,824938
2011-09-30,110.0,110.22,109.8578,110.11,73.1582,1020607
2011-10-03,110.11,110.39,109.94,110.34,73.4574,2372406
2011-10-04,110.43,110.53,109.99,110.0,73.231,1351308
2011-10-05,109.9,109.93,109.6,109.63,72.9847,1499039
2011-10-06,109.62,109.7289,109.39,109.45,72.8649,1022445
2011-10-07,109.23,109.37,109.03,109.23,72.7184,1513760
2011-10-10,109.16,109.23,108.7,109.01,72.572,711462
2011-10-11,109.08,109.29,108.96,109.27,72.7451,2154957
2011-10-12,108.89,109.16,108.82,109.06,72.6053,1120801
2011-10-13,109.17,109.32,108.93,109.12,72.6452,939560
2011-10-14,108.78,109.1,108.78,108.94,72.5254,587478
2011-10-17,109.01,109.37,109.0,109.37,72.8116,826668
2011-10-18,109.32,109.54,109.12,109.25,72.7317,958755
2011-10-19,109.27,109.5699,109.16,109.41,72.8383,780127
2011-10-20,109.38,109.63,109.21,109.35,72.7983,860769
2011-10-21,109.46,109.53,109.24,109.41,72.8383,555298
2011-10-24,109.46,109.46,109.16,109.24,72.7251,867574
2011-10-25,109.33,109.81,109.2602,109.8,73.0979,1478143
2011-10-26,109.59,109.77,109.39,109.5,72.8982,664158
2011-10-27,109.39,109.42,108.91,109.08,72.6186,962236
2011-10-28,109.17,109.54,109.15,109.51,72.9048,979087
2011-10-31,109.83,110.03,109.73,110.03,73.251,1746949
2011-11-01,109.9,110.29,109.851,110.27,73.6025,1443640
2011-11-02,109.97,110.335,109.92,110.27,73.6025,732325
2011-11-03,109.97,110.18,109.8803,110.03,73.4423,1115939
2011-11-04,110.03,110.2,109.96,110.0,73.4223,2040077
2011-11-07,109.99,110.34,109.97,110.09,73.4823,745217
2011-11-08,109.95,110.18,109.85,109.94,73.3822,949230
2011-11-09,110.17,110.34,110.019,110.13,73.509,779991
2011-11-10,109.9,110.16,109.6725,109.92,73.3689,1307746
2011-11-11,109.8,109.8661,109.69,109.79,73.2821,1803328
2011-11-14,109.96,110.01,109.75,109.88,73.3422,1189526
2011-11-15,109.86,109.93,109.59,109.74,73.2487,787764
2011-11-16,109.98,109.9897,109.6,109.7,73.222,1213062
2011-11-17,109.66,109.85,109.5,109.64,73.182,1669952
2011-11-18,109.73,109.73,109.44,109.62,73.1686,805668
2011-11-21,109.76,109.78,109.57,109.6,73.1553,838780
2011-11-22,109.56,109.75,109.43,109.68,73.2087,1050914
2011-11-23,109.6,109.94,109.54,109.78,73.2754,865404
2011-11-25,109.79,109.86,109.58,109.63,73.1753,764769
2011-11-28,109.37,109.67,109.243,109.62,73.1686,1726071
2011-11-29,109.49,109.71,109.27,109.66,73.1953,1718444
2011-11-30,109.59,109.61,109.2677,109.38,73.0084,1280232
2011-12-01,108.8,108.97,108.6,108.84,73.034,1830922
2011-12-02,108.81,109.21,108.76,109.12,73.2219,917447
2011-12-05,108.99,109.24,108.9,109.24,73.3024,1063701
2011-12-06,109.11,109.21,108.8556,109.14,73.2353,1105261
2011-12-07,109.22,109.43,109.0603,109.34,73.3695,690961
2011-12-08,109.3,109.58,109.265,109.45,73.4433,1228808
2011-12-09,109.43,109.58,109.264,109.39,73.4031,934864
2011-12-12,109.47,109.626,109.41,109.42,73.4232,1220871
2011-12-13,109.43,109.78,109.38,109.64,73.5708,1467990
2011-12-14,109.79,110.04,109.7285,109.91,73.752,928453
2011-12-15,109.86,109.965,109.59,109.68,73.5977,3769214
2011-12-16,109.88,110.12,109.84,110.05,73.8459,1181916
2011-12-19,110.05,110.23,109.96,110.16,73.9198,1123630
2011-12-20,110.06,110.2,109.97,110.01,73.8191,2779465
2011-12-21,109.99,110.0336,109.69,109.73,73.6312,929967
2011-12-22,109.9,109.94,109.78,109.9,73.7453,1465829
2011-12-23,109.71,109.83,109.46,109.77,73.6581,679656
2011-12-27,109.7,109.94,109.6668,109.94,73.7908,1090506
2011-12-28,109.99,110.23,109.91,110.13,73.9183,873724
2011-12-29,110.24,110.44,110.08,110.39,74.0928,985373
2011-12-30,110.51,110.64,110.24,110.25,73.9988,1098267
2012-01-03,110.2,110.2,109.92,110.03,73.8512,1994587
2012-01-04,110.07,110.07,109.77,109.88,73.7505,1299106
2012-01-05,109.91,110.05,109.85,110.03,73.8512,856414
2012-01-06,110.03,110.25,110.02,110.12,73.9116,897827
2012-01-09,110.13,110.32,110.0,110.03,73.8512,976115
2012-01-10,110.03,110.17,109.94,110.0,73.831,1002085
2012-01-11,110.13,110.39,110.0624,110.39,74.0928,789805
2012-01-12,110.33,110.38,110.17,110.3,74.0324,844128
2012-01-13,110.41,110.65,110.41,110.55,74.2002,764987
2012-01-17,110.68,110.75,110.53,110.58,74.2203,1272839
2012-01-18,110.56,110.68,110.4,110.44,74.1264,1216839
2012-01-19,110.43,110.47,110.1648,110.26,74.0055,1032233
2012-01-20,110.32,110.32,109.9,109.98,73.8176,1032506
2012-01-23,109.77,109.99,109.77,109.89,73.7572,819598
2012-01-24,109.97,109.99,109.84,109.98,73.8176,791591
2012-01-25,109.98,110.48,109.85,110.14,73.925,1559544
2012-01-26,110.39,110.5012,110.33,110.36,74.0727,1231605
2012-01-27,110.53,110.62,110.37,110.54,74.1935,778008
2012-01-30,110.75,110.94,110.69,110.86,74.4083,1490259
2012-01-31,110.84,111.07,110.72,111.05,74.5358,3255877
2012-02-01,110.61,110.72,110.45,110.58,74.4045,1964930
2012-02-02,110.55,110.68,110.4707,110.61,74.4247,1182126
2012-02-03,110.3,110.6,110.22,110.56,74.3911,1142392
2012-02-06,110.52,110.64,110.4,110.64,74.4449,1854338
2012-02-07,110.46,110.57,110.34,110.53,74.3709,966526
2012-02-08,110.47,110.55,110.33,110.44,74.3103,1479599
2012-02-09,110.37,110.42,110.18,110.26,74.1892,1068358
2012-02-10,110.35,110.53,110.34,110.41,74.2902,714898
2012-02-13,110.48,110.55,110.39,110.45,74.3171,914793
2012-02-14,110.56,110.72,110.52,110.54,74.3776,876187
2012-02-15,110.65,110.678,110.49,110.5,74.3507,875490
2012-02-16,110.5,110.58,110.38,110.48,74.3373,918702
2012-02-17,110.32,110.37,110.2,110.34,74.2431,853672
2012-02-21,110.27,110.32,110.16,110.17,74.1287,1043799
2012-02-22,110.34,110.48,110.28,110.48,74.3373,975112
2012-02-23,110.42,110.6,110.37,110.57,74.3978,788325
2012-02-24,110.64,110.79,110.58,110.6,74.418,1364208
2012-02-27,110.83,110.95,110.76,110.95,74.6535,711968
2012-02-28,111.02,111.05,110.81,110.87,74.5997,795228
2012-02-29,110.94,110.94,110.6,110.76,74.5257,1993561
2012-03-01,110.23,110.31,110.08,110.26,74.375,1242675
2012-03-02,110.32,110.506,110.3,110.5,74.5369,863812
2012-03-05,110.48,110.52,110.32,110.34,74.429,1098099
2012-03-06,110.55,110.62,110.45,110.56,74.5774,1056422
2012-03-07,110.55,110.56,110.42,110.46,74.5099,836015
2012-03-08,110.45,110.48,110.18,110.21,74.3413,971270
2012-03-09,110.23,110.23,110.13,110.19,74.3278,710885
2012-03-12,110.39,110.449,110.2515,110.29,74.3952,1096591
2012-03-13,110.22,110.23,109.9,109.92,74.1457,1444662
2012-03-14,109.76,109.84,109.25,109.32,73.7409,1119721
2012-03-15,109.26,109.4636,109.253,109.27,73.7072,800426
2012-03-16,109.15,109.32,109.06,109.28,73.7139,933874
2012-03-19,109.3,109.3,108.89,108.93,73.4779,1146768
2012-03-20,108.92,109.09,108.84,109.09,73.5858,960317
2012-03-21,109.23,109.39,109.13,109.35,73.7612,590690
2012-03-22,109.35,109.47,109.35,109.45,73.8286,666888
2012-03-23,109.47,109.7,109.44,109.7,73.9973,758359
2012-03-26,109.65,109.6792,109.44,109.62,73.9433,867775
2012-03-27,109.69,109.802,109.6136,109.74,74.0242,2551642
2012-03-28,109.73,109.88,109.681,109.72,74.0107,812660
2012-03-29,109.95,110.06,109.84,110.02,74.2131,1208009
2012-03-30,110.11,110.11,109.69,109.85,74.0984,1121222
2012-04-02,109.88,109.88,109.46,109.62,74.1074,2398353
2012-04-03,109.71,109.79,109.07,109.15,73.7896,767007
2012-04-04,109.35,109.41,109.21,109.38,73.9451,1137133
2012-04-05,109.6,109.63,109.408,109.63,74.1141,749007
2012-04-09,110.18,110.19,110.04,110.11,74.4386,575575
2012-04-10,110.19,110.34,110.07,110.12,74.4454,1893811
2012-04-11,110.05,110.13,109.89,110.13,74.4522,1203172
2012-04-12,110.1,110.14,110.0,110.02,74.3778,505877
2012-04-13,110.3,110.38,110.21,110.36,74.6076,1104585
2012-04-16,110.24,110.49,110.24,110.38,74.6212,1121180
2012-04-17,110.3,110.4,110.25,110.4,74.6347,737536
2012-04-18,110.44,110.54,110.35,110.54,74.7293,884244
2012-04-19,110.5,110.58,110.46,110.46,74.6752,618678
2012-04-20,110.48,110.52,110.37,110.48,74.6888,1530198
2012-04-23,110.74,110.74,110.53,110.59,74.7631,787049
2012-04-24,110.53,110.58,110.41,110.43,74.655,627475
2012-04-25,110.41,110.5,110.24,110.48,74.6888,982296
2012-04-26,110.64,110.69,110.54,110.65,74.8037,1021635
2012-04-27,110.61,110.6728,110.55,110.64,74.7969,656510
2012-04-30,110.73,110.73,110.59,110.6,74.7699,881893
2012-05-01,110.46,110.5,110.26,110.33,74.7431,772846
2012-05-02,110.46,110.51,110.36,110.44,74.8176,1298433
2012-05-03,110.43,110.56,110.41,110.56,74.8989,575303
2012-05-04,110.66,110.7,110.5701,110.67,74.9734,611496
2012-05-07,110.74,110.77,110.67,110.71,75.0005,646038
2012-05-08,110.84,110.95,110.78,110.79,75.0547,580138
2012-05-09,110.92,110.92,110.72,110.82,75.075,929913
2012-05-10,110.72,110.76,110.625,110.71,75.0005,526506
2012-05-11,110.92,110.93,110.75,110.79,75.0547,446250
2012-05-14,111.0,111.06,110.9246,111.04,75.2241,764212
2012-05-15,111.1,111.1,110.88,110.98,75.1834,1187121
2012-05-16,110.87,111.09,110.83,110.96,75.1699,986368
2012-05-17,110.88,111.13,110.83,111.03,75.2173,1420643
2012-05-18,110.99,111.08,110.9,111.0,75.197,1184629
2012-05-21,111.02,111.05,110.97,110.98,75.1834,1208408
2012-05-22,110.82,110.92,110.71,110.71,75.0005,1007359
2012-05-23,110.95,111.01,110.82,110.84,75.0886,696428
2012-05-24,110.88,110.88,110.7132,110.75,75.0276,938889
2012-05-25,110.84,110.95,110.81,110.92,75.1428,454275
2012-05-29,110.95,110.99,110.83,110.86,75.1021,1192081
2012-05-30,111.2,111.3,111.11,111.23,75.3528,547044
2012-05-31,111.45,111.62,111.35,111.56,75.5763,2984039
2012-06-01,111.5,111.67,111.41,111.6,75.7653,1851599
2012-06-04,111.32,111.87,111.32,111.34,75.5888,1046091
2012-06-05,111.17,111.33,111.1,111.11,75.4327,951052
2012-06-06,111.23,111.23,110.78,110.78,75.2086,1864391
2012-06-07,110.82,110.95,110.78,110.95,75.324,751716
2012-06-08,111.17,111.18,110.84,110.9,75.2901,710157
2012-06-11,110.87,111.09,110.81,111.0,75.358,516041
2012-06-12,110.98,111.04,110.83,110.91,75.2969,481979
2012-06-13,110.99,111.22,110.85,111.2,75.4938,2650862
2012-06-14,111.1,111.18,111.0331,111.12,75.4395,559106
2012-06-15,111.35,111.39,111.23,111.38,75.616,1030761
2012-06-18,111.33,111.43,111.23,111.35,75.5956,695983
2012-06-19,111.3,111.3,111.11,111.22,75.5073,605482
2012-06-20,111.07,111.21,110.88,111.05,75.3919,1256025
2012-06-21,111.18,111.32,111.06,111.2,75.4938,939825
2012-06-22,111.17,111.2,111.04,111.04,75.3851,600170
2012-06-25,111.25,111.4,111.22,111.39,75.6228,2321819
2012-06-26,111.27,111.37,111.24,111.27,75.5413,789040
2012-06-27,111.35,111.39,111.24,111.32,75.5752,1552551
2012-06-28,111.53,111.56,111.42,111.45,75.6635,1180328
2012-06-29,111.25,111.33,111.2,111.3,75.5617,2052796
2012-07-02,111.17,111.321,111.08,111.29,75.7067,1994491
2012-07-03,111.21,111.29,111.18,111.21,75.6523,1002835
2012-07-05,111.24,111.5,111.24,111.5,75.8496,740689
2012-07-06,111.51,111.68,111.5,111.58,75.904,1520157
2012-07-09,111.67,111.82,111.65,111.8,76.0536,472529
2012-07-10,111.76,111.91,111.73,111.85,76.0877,521599
2012-07-11,111.86,112.0,111.81,111.84,76.0809,566355
2012-07-12,112.0,112.04,111.93,112.04,76.2169,382629
2012-07-13,112.07,112.09,111.94,112.08,76.2441,435218
2012-07-16,112.21,112.32,112.16,112.17,76.3053,480800
2012-07-17,112.21,112.24,112.119,112.13,76.2781,600160
2012-07-18,112.24,112.36,112.24,112.35,76.4278,470301
2012-07-19,112.3,112.43,112.23,112.26,76.3666,901544
2012-07-20,112.39,112.55,112.39,112.42,76.4754,602125
2012-07-23,112.62,112.62,112.49,112.52,76.5434,498133
2012-07-24,112.47,112.68,112.43,112.66,76.6387,521119
2012-07-25,112.63,112.7099,112.61,112.7,76.6659,874664
2012-07-26,112.66,112.69,112.62,112.63,76.6183,857883
2012-07-27,112.45,112.46,112.15,112.29,76.387,1010103
2012-07-30,112.31,112.52,112.27,112.48,76.5162,618387
2012-07-31,112.58,112.65,112.43,112.59,76.5911,983561
2012-08-01,112.25,112.39,111.99,112.24,76.5025,2480557
2012-08-02,112.33,112.5,112.26,112.26,76.5161,846266
2012-08-03,112.1,112.16,111.96,111.99,76.3321,1832348
2012-08-06,112.12,112.23,112.041,112.16,76.448,1832463
2012-08-07,111.84,111.91,111.81,111.86,76.2435,1733030
2012-08-08,111.94,111.94,111.7,111.72,76.1481,550396
2012-08-09,111.63,111.78,111.55,111.69,76.1276,835873
2012-08-10,111.98,111.98,111.79,111.87,76.2503,627389
2012-08-13,111.92,111.99,111.86,111.86,76.2435,570479
2012-08-14,111.59,111.6766,111.54,111.6,76.0663,567054
2012-08-15,111.45,111.45,111.19,111.24,75.8209,549915
2012-08-16,111.3,111.32,110.97,111.1,75.7255,668255
2012-08-17,111.19,111.29,111.15,111.23,75.8141,505634
2012-08-20,111.15,111.27,111.14,111.19,75.7868,418911
2012-08-21,111.18,111.35,111.0427,111.34,75.8891,738552
2012-08-22,111.6,111.82,111.51,111.82,76.2162,405483
2012-08-23,111.84,111.94,111.83,111.9,76.2708,421444
2012-08-24,111.98,111.98,111.79,111.82,76.2162,649521
2012-08-27,111.9,112.0,111.89,111.97,76.3185,493061
2012-08-28,112.04,112.11,111.98,112.06,76.3798,699138
2012-08-29,112.01,112.04,111.9,111.95,76.3048,717032
2012-08-30,112.02,112.14,112.02,112.02,76.3526,436181
2012-08-31,112.1,112.43,112.07,112.37,76.5911,1203313
2012-09-04,112.14,112.15,111.96,112.13,76.5768,1596695
2012-09-05,112.05,112.17,112.03,112.13,76.5768,502922
2012-09-06,111.89,111.892,111.76,111.87,76.3992,1805127
2012-09-07,112.15,112.2,111.85,111.89,76.4129,1554393
2012-09-10,111.9,111.93,111.77,111.91,76.4265,1302973
2012-09-11,111.77,111.88,111.75,111.78,76.3378,3037049
2012-09-12,111.66,111.69,111.52,111.57,76.1943,1679430
2012-09-13,111.75,111.889,111.37,111.83,76.3719,2165152
2012-09-14,111.61,111.61,111.33,111.37,76.0578,1011166
2012-09-17,111.51,111.62,111.43,111.55,76.1807,1063729
2012-09-18,111.72,111.81,111.61,111.62,76.2285,1133563
2012-09-19,111.87,111.91,111.76,111.84,76.3787,732112
2012-09-20,111.95,111.96,111.75,111.77,76.3309,2518549
2012-09-21,111.77,111.95,111.75,111.95,76.4539,829107
2012-09-24,111.94,112.09,111.94,112.07,76.5358,1220721
2012-09-25,112.12,112.25,112.01,112.25,76.6587,836316
2012-09-26,112.359,112.4,112.26,112.36,76.7339,793438
2012-09-27,112.3,112.376,112.27,112.29,76.6861,1127093
2012-09-28,112.39,112.46,112.25,112.448,76.794,2745443
2012-10-01,112.17,112.25,112.07,112.2,76.7659,1674382
2012-10-02,112.16,112.29,112.11,112.29,76.8274,903222
2012-10-03,112.18,112.31,112.18,112.25,76.8001,1187468
2012-10-04,112.16,112.25,112.07,112.09,76.6906,459163
2012-10-05,111.94,111.99,111.84,111.86,76.5332,580195
2012-10-08,111.9,112.0455,111.9,112.03,76.6496,524758
2012-10-09,111.94,112.07,111.86,111.91,76.5675,2316327
2012-10-10,111.9,112.16,111.8828,112.09,76.6906,555310
2012-10-11,111.97,112.25,111.97,112.23,76.7864,523307
2012-10-12,112.32,112.41,112.26,112.32,76.848,1646842
2012-10-15,112.3,112.38,112.25,112.38,76.889,1646224
2012-10-16,112.31,112.3622,112.1694,112.2,76.7659,978481
2012-10-17,112.04,112.05,111.82,111.85,76.5264,1199144
2012-10-18,111.93,111.93,111.71,111.81,76.499,1249420
2012-10-19,111.79,112.03,111.79,111.95,76.5948,683637
2012-10-22,111.9,111.96,111.8,111.8,76.4922,438094
2012-10-23,111.87,112.07,111.87,112.05,76.6632,628066
2012-10-24,111.95,112.06,111.9001,111.97,76.6085,604827
2012-10-25,111.78,111.95,111.71,111.73,76.4443,970662
2012-10-26,111.89,112.08,111.88,112.03,76.6496,908863
2012-10-31,112.04,112.24,112.0,112.19,76.759,2200158
2012-11-01,112.05,112.05,111.78,111.8,76.658,1350748
2012-11-02,111.83,111.92,111.67,111.8694,76.7056,961638
2012-11-05,112.0,112.09,111.95,112.06,76.8362,2683986
2012-11-06,112.0,112.01,111.72,111.74,76.6168,589508
2012-11-07,112.16,112.21,112.0,112.0,76.7951,1563034
2012-11-08,111.98,112.21,111.95,112.14,76.8911,1411364
2012-11-09,112.01,112.11,111.92,112.08,76.85,1295157
2012-11-12,112.13,112.15,112.02,112.05,76.8294,612614
2012-11-13,112.28,112.33,112.11,112.2469,76.9644,3355791
2012-11-14,112.05,112.28,112.04,112.28,76.9871,1242680
2012-11-15,112.19,112.23,112.11,112.17,76.9117,1532522
2012-11-16,112.2,112.3,112.15,112.21,76.9391,981648
2012-11-19,112.09,112.29,112.06,112.29,76.994,916994
2012-11-20,112.19,112.24,112.06,112.08,76.85,666721
2012-11-21,111.97,112.06,111.88,111.89,76.7197,1160734
2012-11-23,111.96,111.98,111.89,111.96,76.7677,220266
2012-11-26,112.02,112.09,111.95,112.0,76.7951,629458
2012-11-27,112.01,112.17,112.01,112.15,76.898,571888
2012-11-28,112.2,112.26,112.157,112.17,76.9117,465560
2012-11-29,112.14,112.31,112.14,112.31,77.0077,661777
2012-11-30,112.26,112.32,112.19,112.25,76.9665,908579
2012-12-03,111.45,111.61,111.36,111.6,76.9779,809847
2012-12-04,111.6,111.69,111.51,111.67,77.0262,871836
2012-12-05,111.69,111.79,111.68,111.77,77.0951,538142
2012-12-06,111.77,111.84,111.73,111.76,77.0882,519319
2012-12-07,111.61,111.71,111.55,111.66,77.0193,966127
2012-12-10,111.64,111.71,111.61,111.68,77.0331,843432
2012-12-11,111.6,111.65,111.55,111.64,77.0055,814061
2012-12-12,111.59,111.66,111.33,111.33,76.7916,1448565
2012-12-13,111.3,111.34,111.14,111.15,76.6675,1209653
2012-12-14,111.34,111.42,111.28,111.35,76.8054,1678796
2012-12-17,111.35,111.36,111.04,111.08,76.6192,1464068
2012-12-18,111.0,111.0699,110.74,110.82,76.4399,1411480
2012-12-19,110.92,111.1,110.92,111.01,76.5709,1113977
2012-12-20,111.1,111.16,110.98,111.0216,76.5789,1122575
2012-12-21,111.19,111.23,111.09,111.12,76.6468,973666
2012-12-24,111.09,111.16,111.0801,111.13,76.6537,329166
2012-12-26,110.96,111.07,110.96,111.05,76.7576,575839
2012-12-27,111.05,111.25,110.99,111.11,76.799,722022
2012-12-28,111.29,111.3,111.15,111.28,76.9165,1295782
2012-12-31,111.25,111.26,111.02,111.08,76.7783,905302
2013-01-02,110.82,110.996,110.82,110.95,76.6884,1137272
2013-01-03,111.01,111.08,110.64,110.67,76.4949,1762867
2013-01-04,110.59,110.8,110.55,110.79,76.5778,1286754
2013-01-07,110.79,110.82,110.68,110.73,76.5364,1854346
2013-01-08,110.79,110.89,110.75,110.83,76.6055,1784444
2013-01-09,110.85,110.85,110.71,110.75,76.5502,1346870
2013-01-10,110.7,110.81,110.65,110.74,76.5433,1128616
2013-01-11,110.64,110.91,110.62,110.85,76.6193,1120000
2013-01-14,110.94,111.01,110.87,110.95,76.6884,870110
2013-01-15,111.01,111.07,110.95,110.98,76.7092,2561051
2013-01-16,111.02,111.1,110.92,111.04,76.7506,1231979
2013-01-17,110.78,110.91,110.71,110.8,76.5848,1280922
2013-01-18,110.88,110.94,110.83,110.93,76.6746,654661
2013-01-22,110.75,110.95,110.75,110.87,76.6331,1459001
2013-01-23,110.96,111.01,110.5,110.99,76.7161,1393770
2013-01-24,110.89,110.95,110.82,110.84,76.6124,659741
2013-01-25,110.6,110.69,110.49,110.57,76.4258,877738
2013-01-28,110.28,110.42,110.27,110.41,76.3152,1067644
2013-01-29,110.41,110.49,110.26,110.34,76.2668,837633
2013-01-30,110.21,110.3,110.15,110.29,76.2323,1362172
2013-01-31,110.3,110.39,110.26,110.39,76.3014,1969986
2013-02-01,110.38,110.39,109.92,109.94,76.1362,1340017
2013-02-04,110.09,110.28,110.09,110.25,76.3509,805306
2013-02-05,110.04,110.1145,110.02,110.02,76.1916,1905899
2013-02-06,110.12,110.26,110.11,110.21,76.3232,1229531
2013-02-07,110.18,110.34,110.16,110.25,76.3509,1147844
2013-02-08,110.17,110.28,110.051,110.28,76.3716,681367
2013-02-11,110.25,110.25,110.137,110.17,76.2954,1384066
2013-02-12,110.1,110.18,110.08,110.15,76.2816,666730
2013-02-13,109.94,110.09,109.94,110.04,76.2054,902171
2013-02-14,110.01,110.24,110.01,110.24,76.3439,731894
2013-02-15,110.19,110.25,110.06,110.25,76.3509,1864659
2013-02-19,110.26,110.29,110.07,110.12,76.2608,1391243
2013-02-20,110.09,110.25,110.03,110.19,76.3093,2028866
2013-02-21,110.26,110.37,110.241,110.25,76.3509,829505
2013-02-22,110.31,110.35,110.29,110.31,76.3924,955606
2013-02-25,110.29,110.78,110.2,110.73,76.6833,1181447
2013-02-26,110.64,110.834,110.64,110.7,76.6625,801229
2013-02-27,110.83,110.84,110.62,110.73,76.6833,520262
2013-02-28,110.69,110.83,110.69,110.83,76.7525,1212718
2013-03-01,110.64,110.72,110.57,110.66,76.7799,1076797
2013-03-04,110.65,110.66,110.57,110.58,76.7244,782016
2013-03-05,110.54,110.57,110.48,110.49,76.662,804324
2013-03-06,110.4,110.45,110.33,110.37,76.5787,974206
2013-03-07,110.26,110.26,109.97,110.14,76.4191,1046909
2013-03-08,109.86,109.96,109.78,109.82,76.1971,2006756
2013-03-11,109.84,109.92,109.82,109.88,76.2387,1163404
2013-03-12,109.94,110.08,109.93,110.08,76.3775,1656197
2013-03-13,109.92,110.08,109.92,109.99,76.315,1136948
2013-03-14,109.9,110.15,109.9,110.11,76.3983,1090617
2013-03-15,110.07,110.25,110.07,110.21,76.4677,661472
2013-03-18,110.36,110.38,110.28,110.31,76.5371,1231900
2013-03-19,110.42,110.61,110.39,110.47,76.6481,1104710
2013-03-20,110.39,110.4825,110.32,110.35,76.5648,1275080
2013-03-21,110.43,110.46,110.35,110.37,76.5787,906369
2013-03-22,110.52,110.52,110.35,110.41,76.6065,775935
2013-03-25,110.4,110.52,110.3601,110.37,76.5787,981053
2013-03-26,110.31,110.52,110.31,110.5,76.6689,964647
2013-03-27,110.62,110.75,110.5701,110.73,76.8285,1028730
2013-03-28,110.68,110.78,110.65,110.73,76.8285,2343278
2013-04-01,110.44,110.58,110.39,110.57,76.8985,1580788
2013-04-02,110.51,110.52,110.41,110.45,76.8151,875223
2013-04-03,110.54,110.69,110.49,110.57,76.8985,1260253
2013-04-04,110.72,110.88,110.71,110.88,77.1141,1263784
2013-04-05,111.17,111.26,111.11,111.2,77.3367,1013775
2013-04-08,111.15,111.23,111.01,111.01,77.2045,1027316
2013-04-09,111.1,111.13,110.9516,111.05,77.2323,1286513
2013-04-10,110.9,110.91,110.77,110.82,77.0724,1281562
2013-04-11,110.84,110.91,110.82,110.84,77.0863,1037321
2013-04-12,111.02,111.21,110.97,111.2,77.3367,873614
2013-04-15,111.16,111.29,111.13,111.25,77.3714,1521623
2013-04-16,111.22,111.28,111.16,111.25,77.3714,592949
2013-04-17,111.2,111.44,111.2,111.25,77.3714,1078406
2013-04-18,111.29,111.35,111.21,111.23,77.3575,1153765
2013-04-19,111.25,111.28,111.2,111.24,77.3645,373522
2013-04-22,111.27,111.39,111.2528,111.38,77.4618,1113771
2013-04-23,111.45,111.51,111.29,111.33,77.4271,747886
2013-04-24,111.28,111.38,111.26,111.31,77.4132,743871
2013-04-25,111.28,111.3,111.21,111.26,77.3784,848647
2013-04-26,111.37,111.53,111.35,111.49,77.5383,678427
2013-04-29,111.49,111.57,111.47,111.56,77.587,869326
2013-04-30,111.59,111.68,111.48,111.54,77.5731,1853055
2013-05-01,111.48,111.5,111.36,111.39,77.609,1741208
2013-05-02,111.37,111.48,111.36,111.4,77.616,875468
2013-05-03,111.2,111.2,110.94,110.99,77.3303,579993
2013-05-06,110.94,111.0,110.81,110.81,77.2049,686220
2013-05-07,110.79,110.85,110.75,110.75,77.1631,931563
2013-05-08,110.83,110.9,110.7601,110.85,77.2328,1032527
2013-05-09,110.85,110.95,110.7,110.7,77.1283,537803
2013-05-10,110.69,110.74,110.3501,110.48,76.975,423039
2013-05-13,110.35,110.39,110.29,110.38,76.9053,563375
2013-05-14,110.38,110.45,110.12,110.12,76.7242,994272
2013-05-15,110.27,110.32,110.1,110.28,76.8357,926736
2013-05-16,110.36,110.58,110.36,110.58,77.0447,1965685
2013-05-17,110.5,110.51,110.25,110.31,76.8566,621763
2013-05-20,110.32,110.38,110.1102,110.2,76.7799,1710056
2013-05-21,110.13,110.32,110.075,110.29,76.8426,992243
2013-05-22,110.36,110.48,109.83,109.92,76.5848,1134398
2013-05-23,110.03,110.05,109.8,109.88,76.557,1107141
2013-05-24,109.94,110.049,109.83,109.88,76.557,640035
2013-05-28,109.77,109.78,109.17,109.2,76.0832,1082765
2013-05-29,109.26,109.38,109.18,109.35,76.1877,1369366
2013-05-30,109.36,109.48,109.29,109.32,76.1668,1300982
2013-05-31,109.4,109.47,108.88,109.11,76.0205,1616787
2013-06-03,108.79,109.08,108.73,108.97,76.059,2110336
2013-06-04,108.83,108.89,108.68,108.73,75.8915,980403
2013-06-05,108.85,108.9,108.67,108.67,75.8496,1160549
2013-06-06,108.66,109.09,108.6149,108.95,76.0451,1142473
2013-06-07,108.67,108.91,108.54,108.61,75.8078,1337326
2013-06-10,108.35,108.512,108.33,108.39,75.6542,1173293
2013-06-11,108.19,108.45,108.0,108.4,75.6612,1118700
2013-06-12,108.33,108.5,108.2,108.22,75.5355,1469428
2013-06-13,108.24,108.75,108.24,108.75,75.9055,998941
2013-06-14,108.82,109.0,108.78,108.78,75.9264,1219776
2013-06-17,108.85,108.94,108.684,108.7,75.8706,1694616
2013-06-18,108.63,108.73,108.52,108.66,75.8427,1067448
2013-06-19,108.82,108.82,107.8,107.93,75.3331,975715
2013-06-20,107.33,107.53,107.12,107.21,74.8306,3057098
2013-06-21,107.11,107.31,106.53,106.61,74.4118,1979411
2013-06-24,106.01,106.5955,105.82,106.18,74.1117,2270894
2013-06-25,106.47,106.6,106.2098,106.3,74.1954,1687344
2013-06-26,106.72,106.8799,106.548,106.75,74.5095,995783
2013-06-27,106.98,107.2,106.9001,107.2,74.8236,1333640
2013-06-28,106.93,107.35,106.85,107.21,74.8306,2673965
2013-07-01,106.92,107.21,106.92,107.16,74.9338,950232
2013-07-02,107.24,107.3074,107.13,107.16,74.9338,636898
2013-07-03,107.22,107.28,107.01,107.01,74.8289,442585
2013-07-05,106.17,106.2655,105.82,105.84,74.0107,1476399
2013-07-08,106.11,106.44,106.11,106.39,74.3953,641783
2013-07-09,106.57,106.575,106.43,106.5,74.4723,1725957
2013-07-10,106.59,106.59,106.22,106.22,74.2765,717065
2013-07-11,106.77,106.94,106.62,106.93,74.773,1044169
2013-07-12,107.14,107.14,106.68,106.81,74.689,616210
2013-07-15,106.92,107.04,106.83,107.04,74.8499,757436
2013-07-16,107.14,107.2199,107.068,107.21,74.9687,585842
2013-07-17,107.44,107.55,107.3,107.44,75.1296,693404
2013-07-18,107.37,107.44,107.18,107.24,74.9897,576862
2013-07-19,107.39,107.55,107.29,107.52,75.1855,563186
2013-07-22,107.53,107.69,107.52,107.66,75.2834,684004
2013-07-23,107.51,107.62,107.43,107.6,75.2415,502155
2013-07-24,107.24,107.3299,107.033,107.25,74.9967,956713
2013-07-25,107.02,107.3,106.95,107.29,75.0247,917021
2013-07-26,107.35,107.37,107.22,107.26,75.0037,771600
2013-07-29,107.26,107.27,107.13,107.26,75.0037,459582
2013-07-30,107.26,107.34,107.1,107.22,74.9757,662428
2013-07-31,106.81,107.32,106.77,107.3,75.0317,1361945
2013-08-01,106.84,106.85,106.4,106.49,74.6075,1163736
2013-08-02,106.8,106.96,106.71,106.85,74.8597,844661
2013-08-05,106.93,106.95,106.7435,106.9,74.8947,1166615
2013-08-06,106.85,106.9,106.75,106.79,74.8177,595670
2013-08-07,106.92,107.03,106.87,106.93,74.9158,460602
2013-08-08,107.1,107.21,107.02,107.08,75.0209,848671
2013-08-09,107.06,107.19,106.974,107.15,75.0699,389769
2013-08-12,107.27,107.27,107.0,107.08,75.0209,713363
2013-08-13,106.68,106.75,106.52,106.65,74.7196,525069
2013-08-14,106.55,106.65,106.5,106.51,74.6215,756185
2013-08-15,106.23,106.3399,106.061,106.13,74.3553,765573
2013-08-16,106.21,106.21,105.73,105.83,74.1451,777347
2013-08-19,105.79,105.79,105.47,105.5,73.9139,734006
2013-08-20,105.75,105.84,105.7,105.81,74.1311,984615
2013-08-21,105.71,105.85,105.42,105.42,73.8579,656305
2013-08-22,105.52,105.6,105.33,105.55,73.9489,821584
2013-08-23,105.54,105.93,105.45,105.9,74.1941,654188
2013-08-26,106.11,106.11,106.0,106.09,74.3273,926437
2013-08-27,106.31,106.45,106.1565,106.366,74.5206,676315
2013-08-28,106.32,106.32,106.13,106.17,74.3833,648506
2013-08-29,106.08,106.429,106.0,106.38,74.5304,476203
2013-08-30,106.4,106.52,106.21,106.21,74.4113,1670406
2013-09-03,105.63,105.96,105.53,105.75,74.2281,1345211
2013-09-04,105.85,105.85,105.54,105.6,74.1229,546147
2013-09-05,105.34,105.34,104.88,104.89,73.6245,1058451
2013-09-06,105.33,105.48,105.23,105.28,73.8982,639485
2013-09-09,105.6,105.61,105.4108,105.49,74.0456,897228
2013-09-10,105.34,105.48,105.245,105.3,73.9123,628386
2013-09-11,105.44,105.66,105.39,105.66,74.165,2315613
2013-09-12,105.8,105.83,105.54,105.54,74.0807,846369
2013-09-13,105.64,105.76,105.6101,105.69,74.186,655256
2013-09-16,106.28,106.28,105.8601,105.91,74.3405,883388
2013-09-17,106.0,106.06,105.9015,106.01,74.4106,865352
2013-09-18,105.93,106.9899,105.8001,106.9,75.0354,1113393
2013-09-19,106.86,106.94,106.7,106.77,74.9441,661790
2013-09-20,106.84,106.87,106.69,106.77,74.9441,482816
2013-09-23,106.8,106.92,106.72,106.85,75.0003,855826
2013-09-24,106.99,107.16,106.94,107.1,75.1757,718165
2013-09-25,107.08,107.32,107.0639,107.25,75.281,647670
2013-09-26,107.2,107.23,107.1,107.23,75.267,588121
2013-09-27,107.2,107.36,107.17,107.29,75.3091,427859
2013-09-30,107.29,107.33,107.15,107.2,75.2459,1439520
2013-10-01,107.08,107.1,106.86,106.93,75.1902,2279010
2013-10-02,107.09,107.19,106.99,107.07,75.2887,576914
2013-10-03,106.96,107.22,106.96,107.15,75.3449,905020
2013-10-04,107.06,107.1,106.96,107.06,75.2816,558673
2013-10-07,107.23,107.25,107.02,107.04,75.2676,559642
2013-10-08,107.07,107.15,106.97,106.99,75.2324,406977
2013-10-09,107.1,107.1,106.8804,106.91,75.1761,771519
2013-10-10,106.84,107.08,106.75,107.03,75.2605,2191892
2013-10-11,107.22,107.27,107.041,107.07,75.2887,1032211
2013-10-14,107.1,107.12,106.85,106.87,75.148,412899
2013-10-15,107.06,107.09,106.79,106.82,75.1129,946887
2013-10-16,106.78,107.28,106.74,107.28,75.4363,774745
2013-10-17,107.5,107.68,107.44,107.58,75.6473,1027322
2013-10-18,107.75,107.82,107.68,107.76,75.7738,632355
2013-10-21,107.71,107.73,107.58,107.66,75.7035,734662
2013-10-22,107.98,108.07,107.92,108.04,75.9707,1572301
2013-10-23,108.07,108.16,108.0,108.01,75.9496,694323
2013-10-24,108.14,108.14,107.94,107.97,75.9215,532820
2013-10-25,108.01,108.1,107.9635,108.01,75.9496,484285
2013-10-28,108.0,108.09,107.94,107.96,75.9145,936216
2013-10-29,107.92,108.09,107.87,108.09,76.0059,521444
2013-10-30,108.11,108.21,107.82,107.89,75.8653,492132
2013-10-31,108.11,108.12,107.8,107.899,75.8716,1793619
2013-11-01,107.64,107.65,107.41,107.45,75.6893,1262256
2013-11-04,107.55,107.6,107.48,107.56,75.7668,421665
2013-11-05,107.4,107.43,107.22,107.24,75.5414,873119
2013-11-06,107.39,107.46,107.35,107.41,75.6611,561727
2013-11-07,107.5,107.59,107.4301,107.49,75.7175,804348
2013-11-08,106.89,106.94,106.76,106.82,75.2455,796624
2013-11-11,106.82,106.83,106.678,106.76,75.2032,1281366
2013-11-12,106.71,106.79,106.67,106.72,75.1751,1130631
2013-11-13,106.94,107.04,106.874,107.0,75.3723,673339
2013-11-14,107.12,107.33,107.1,107.33,75.6048,1437849
2013-11-15,107.37,107.39,107.28,107.36,75.6259,1853385
2013-11-18,107.43,107.57,107.42,107.57,75.7738,856053
2013-11-19,107.48,107.5,107.26,107.28,75.5695,1703526
2013-11-20,107.34,107.4648,106.94,106.98,75.3582,984760
2013-11-21,106.92,107.11,106.8,107.09,75.4357,1362947
2013-11-22,107.13,107.27,107.12,107.24,75.5414,919379
2013-11-25,107.25,107.3899,107.23,107.32,75.5977,692312
2013-11-26,107.34,107.52,107.3301,107.35,75.6188,1625574
2013-11-27,107.44,107.48,107.21,107.4,75.6541,932808
2013-11-29,107.3,107.49,107.21,107.44,75.6822,956486
2013-12-02,107.1,107.12,106.83,106.83,75.3947,1518682
2013-12-03,106.97,107.0199,106.9,106.96,75.4865,1478590
2013-12-04,106.61,106.77,106.59,106.68,75.2888,1205288
2013-12-05,106.62,106.6999,106.45,106.45,75.1265,1882757
2013-12-06,106.53,106.71,106.48,106.63,75.2536,2883569
2013-12-09,106.7,106.8099,106.66,106.76,75.3453,1381541
2013-12-10,107.05,107.07,106.8901,106.93,75.4653,2986889
2013-12-11,106.93,106.95,106.755,106.76,75.3453,4010607
2013-12-12,106.72,106.72,106.57,106.6,75.2324,2260040
2013-12-13,106.85,106.85,106.62,106.65,75.2677,3461585
2013-12-16,106.92,106.92,106.67,106.73,75.3241,804938
2013-12-17,106.77,106.96,106.73,106.91,75.4512,1384156
2013-12-18,106.8,107.099,106.5,106.86,75.4159,1446065
2013-12-19,106.58,106.75,106.47,106.68,75.2888,2011353
2013-12-20,106.86,106.93,106.69,106.86,75.4159,1378324
2013-12-23,106.86,106.97,106.77,106.81,75.3806,1926747
2013-12-24,106.72,106.76,106.63,106.66,75.2747,688526
2013-12-26,106.35,106.42,105.35,106.39,75.2325,750809
2013-12-27,106.38,106.46,106.29,106.43,75.2608,1320388
2013-12-30,106.51,106.59,106.44,106.53,75.3315,1226524
2013-12-31,106.48,106.58,106.37,106.43,75.2608,3280297
2014-01-02,106.45,106.57,106.4301,106.5,75.3103,1346635
2014-01-03,106.45,106.63,106.39,106.54,75.3385,2293520
2014-01-06,106.53,106.68,106.53,106.68,75.4375,4413863
2014-01-07,106.74,106.78,106.67,106.73,75.4729,1255683
2014-01-08,106.57,106.62,106.4,106.41,75.2466,1090809
2014-01-09,106.56,106.58,106.42,106.56,75.3527,829446
2014-01-10,106.92,107.1,106.84,107.1,75.7345,1484433
2014-01-13,107.15,107.31,107.14,107.2,75.8053,1139533
2014-01-14,107.18,107.25,106.98,107.04,75.6921,987501
2014-01-15,106.88,106.979,106.82,106.95,75.6285,1664833
2014-01-16,107.13,107.21,107.07,107.2,75.8053,3113724
2014-01-17,107.18,107.3,107.1,107.25,75.8406,588650
2014-01-21,107.21,107.34,107.17,107.3,75.876,1777054
2014-01-22,107.11,107.24,107.0241,107.07,75.7133,892944
2014-01-23,107.27,107.52,107.26,107.35,75.9113,1901180
2014-01-24,107.48,107.65,107.4601,107.58,76.074,783270
2014-01-27,107.53,107.64,107.34,107.35,75.9113,1334950
2014-01-28,107.46,107.56,107.39,107.53,76.0386,1306409
2014-01-29,107.68,107.92,107.68,107.85,76.2649,1116203
2014-01-30,107.76,107.88,107.71,107.87,76.279,3074373
2014-01-31,108.0,108.07,107.91,108.07,76.4205,3195172
2014-02-03,107.78,108.23,107.71,108.23,76.6796,1976089
2014-02-04,107.96,108.075,107.88,107.97,76.4953,2288988
2014-02-05,107.88,107.92,107.69,107.7,76.3041,1161953
2014-02-06,107.62,107.67,107.55,107.65,76.2686,1127704
2014-02-07,107.68,107.9,107.65,107.82,76.3891,628612
2014-02-10,107.86,107.97,107.81,107.93,76.467,1097231
2014-02-11,107.7,107.78,107.63,107.72,76.3182,1493233
2014-02-12,107.58,107.61,107.45,107.54,76.1907,714129
2014-02-13,107.75,107.82,107.69,107.77,76.3537,777422
2014-02-14,107.75,107.78,107.66,107.77,76.3537,709033
2014-02-18,107.76,107.9436,107.74,107.84,76.4032,940929
2014-02-19,107.97,108.06,107.73,107.76,76.3466,902609
2014-02-20,107.71,107.7599,107.57,107.7,76.3041,894002
2014-02-21,107.62,107.8,107.607,107.8,76.3749,395315
2014-02-24,107.8,107.8,107.68,107.7,76.3041,838467
2014-02-25,107.85,108.02,107.85,107.99,76.5095,542149
2014-02-26,108.04,108.22,108.0,108.22,76.6725,617049
2014-02-27,108.25,108.37,108.23,108.33,76.7504,628859
2014-02-28,108.24,108.32,108.12,108.27,76.7079,1589498
2014-03-03,108.21,108.38,108.1501,108.35,76.9067,2533867
2014-03-04,108.25,108.25,107.92,107.95,76.6227,953664
2014-03-05,107.83,108.0199,107.81,108.01,76.6653,2852331
2014-03-06,107.76,107.83,107.69,107.77,76.495,689227
2014-03-07,107.46,107.56,107.42,107.47,76.282,701655
2014-03-10,107.5,107.56,107.46,107.47,76.282,877780
2014-03-11,107.53,107.56,107.44,107.46,76.2749,2060680
2014-03-12,107.67,107.72,107.6,107.7,76.4453,943309
2014-03-13,107.57,108.06,107.5501,107.98,76.644,660856
2014-03-14,108.13,108.169,107.93,107.93,76.6085,741804
2014-03-17,107.91,107.98,107.83,107.87,76.566,590812
2014-03-18,107.88,108.0,107.85,108.0,76.6582,568768
2014-03-19,107.98,107.98,107.41,107.52,76.3175,701986
2014-03-20,107.45,107.53,107.39,107.44,76.2607,1100577
2014-03-21,107.52,107.65,107.46,107.59,76.3672,756565
2014-03-24,107.58,107.77,107.5,107.75,76.4808,712806
2014-03-25,107.69,107.83,107.63,107.64,76.4027,1377644
2014-03-26,107.75,107.98,107.72,107.98,76.644,593935
2014-03-27,107.87,108.08,107.85,108.06,76.7008,1299237
2014-03-28,108.1,108.1,107.84,107.9,76.5873,865582
2014-03-31,107.83,107.98,107.7401,107.91,76.5943,1452262
2014-04-01,107.66,107.67,107.54,107.54,76.477,759994
2014-04-02,107.35,107.49,107.33,107.36,76.3489,1550723
2014-04-03,107.46,107.54,107.39,107.44,76.4058,1126701
2014-04-04,107.66,107.85,107.65,107.78,76.6476,1043591
2014-04-07,107.94,108.06,107.89,107.94,76.7614,679524
2014-04-08,107.98,108.15,107.93,108.07,76.8539,1435735
2014-04-09,108.0,108.21,107.93,108.08,76.861,1167121
2014-04-10,108.17,108.49,108.15,108.33,77.0388,1033347
2014-04-11,108.58,108.58,108.41,108.43,77.1099,1168746
2014-04-14,108.43,108.5,108.4,108.47,77.1383,1002828
2014-04-15,108.44,108.62,108.39,108.48,77.1454,1442126
2014-04-16,108.41,108.54,108.34,108.54,77.1881,2245605
2014-04-17,108.53,108.53,108.1,108.19,76.9392,1262934
2014-04-21,108.27,108.29,108.13,108.18,76.9321,1018249
2014-04-22,108.1,108.16,108.0501,108.16,76.9179,1034816
2014-04-23,108.24,108.36,108.21,108.27,76.9961,745962
2014-04-24,108.22,108.37,108.18,108.37,77.0672,494013
2014-04-25,108.43,108.545,108.375,108.39,77.0814,489724
2014-04-28,108.39,108.46,108.26,108.32,77.0316,523333
2014-04-29,108.26,108.4,108.24,108.37,77.0672,858629
2014-04-30,108.46,108.61,108.38,108.59,77.2237,1312994
2014-05-01,108.38,108.7,108.38,108.55,77.3365,1727501
2014-05-02,108.45,108.78,108.35,108.68,77.4291,1075337
2014-05-05,108.72,108.74,108.56,108.64,77.4006,1261124
2014-05-06,108.69,108.73,108.62,108.72,77.4576,786783
2014-05-07,108.7,108.8,108.62,108.72,77.4576,664899
2014-05-08,108.78,108.9,108.68,108.79,77.5075,2023412
2014-05-09,108.75,108.815,108.66,108.69,77.4362,812801
2014-05-12,108.64,108.65,108.54,108.6,77.3721,472926
2014-05-13,108.76,108.7975,108.724,108.78,77.5003,577525
2014-05-14,108.91,109.15,108.91,109.09,77.7212,1321613
2014-05-15,109.3,109.45,109.23,109.32,77.8851,2408932
2014-05-16,109.22,109.3499,109.17,109.2,77.7996,558690
2014-05-19,109.34,109.39,109.15,109.16,77.7711,945884
2014-05-20,109.16,109.31,109.155,109.21,77.8067,1102242
2014-05-21,109.15,109.18,109.0799,109.17,77.7782,804401
2014-05-22,109.14,109.18,109.0601,109.12,77.7426,633858
2014-05-23,109.18,109.25,109.14,109.23,77.8209,435506
2014-05-27,109.25,109.33,109.1,109.33,77.8922,762614
2014-05-28,109.49,109.69,109.43,109.63,78.1059,692257
2014-05-29,109.74,109.83,109.54,109.57,78.0632,981366
2014-05-30,109.52,109.67,109.45,109.67,78.1344,5554725
2014-06-02,109.29,109.36,109.09,109.13,77.8968,2822931
2014-06-03,109.02,109.04,108.78,108.84,77.6898,864572
2014-06-04,108.88,108.88,108.73,108.8,77.6612,1445716
2014-06-05,108.82,108.98,108.7701,108.94,77.7611,643481
2014-06-06,109.1,109.12,108.88,108.88,77.7183,839471
2014-06-09,108.84,108.87,108.755,108.78,77.6469,1133370
2014-06-10,108.66,108.74,108.62,108.62,77.5327,823256
2014-06-11,108.73,108.78,108.64,108.7,77.5898,1171171
2014-06-12,108.74,108.9999,108.68,108.91,77.7397,1224225
2014-06-13,108.75,108.91,108.71,108.88,77.7183,1040913
2014-06-16,108.87,108.955,108.8,108.82,77.6755,1308947
2014-06-17,108.76,108.79,108.61,108.62,77.5327,842325
2014-06-18,108.73,108.91,108.64,108.91,77.7397,504430
2014-06-19,109.0,109.03,108.68,108.75,77.6255,690012
2014-06-20,108.73,108.94,108.73,108.94,77.7611,690618
2014-06-23,108.99,109.02,108.84,108.84,77.6898,559686
2014-06-24,108.96,109.05,108.88,109.03,77.8254,740782
2014-06-25,109.2,109.28,109.11,109.18,77.9324,713668
2014-06-26,109.25,109.41,109.25,109.39,78.0823,673742
2014-06-27,109.45,109.5,109.35,109.39,78.0823,668228
2014-06-30,109.47,109.5,109.36,109.4,78.0895,1046876
2014-07-01,109.11,109.1799,109.05,109.07,77.9934,1038472
2014-07-02,108.94,108.94,108.69,108.69,77.7216,1381415
2014-07-03,108.55,108.66,108.4701,108.62,77.6716,634462
2014-07-07,108.68,108.748,108.6207,108.65,77.693,1253261
2014-07-08,108.84,108.98,108.84,108.87,77.8503,2023980
2014-07-09,108.88,109.04,108.78,108.96,77.9147,785506
2014-07-10,109.18,109.19,109.01,109.01,77.9504,791501
2014-07-11,109.16,109.27,109.14,109.16,78.0577,606815
2014-07-14,109.11,109.13,109.0,109.07,77.9934,710430
2014-07-15,108.99,109.16,108.9,108.93,77.8932,660181
2014-07-16,109.01,109.05,108.961,109.02,77.9576,725585
2014-07-17,109.22,109.38,109.12,109.34,78.1864,1158365
2014-07-18,109.28,109.33,109.18,109.22,78.1006,543622
2014-07-21,109.35,109.45,109.26,109.26,78.1292,585667
2014-07-22,109.38,109.45,109.28,109.44,78.2579,724714
2014-07-23,109.5,109.55,109.41,109.46,78.2722,711838
2014-07-24,109.32,109.32,109.12,109.12,78.0291,853416
2014-07-25,109.36,109.39,109.26,109.33,78.1793,506244
2014-07-28,109.37,109.43,109.27,109.35,78.1936,673026
2014-07-29,109.45,109.52,109.34,109.46,78.2722,2977132
2014-07-30,109.25,109.29,109.02,109.07,77.9934,1245013
2014-07-31,108.9,109.09,108.88,108.93,77.8932,1066380
2014-08-01,108.89,109.19,108.76,109.14,78.187,1064384
2014-08-04,109.2,109.275,109.12,109.12,78.1726,1496980
2014-08-05,109.12,109.2,108.95,109.12,78.1726,1875186
2014-08-06,109.27,109.27,109.11,109.13,78.1798,708756
2014-08-07,109.19,109.4,109.1,109.34,78.3303,1246477
2014-08-08,109.47,109.63,109.3454,109.38,78.3589,1339201
2014-08-11,109.4,109.49,109.35,109.39,78.3661,1632940
2014-08-12,109.44,109.44,109.31,109.34,78.3303,876046
2014-08-13,109.44,109.57,109.39,109.56,78.4879,3471734
2014-08-14,109.65,109.68,109.54,109.62,78.5308,1072886
2014-08-15,109.7,110.12,109.6,109.89,78.7243,2593232
2014-08-18,109.79,109.82,109.62,109.66,78.5595,1424390
2014-08-19,109.76,109.8,109.49,109.51,78.452,1820733
2014-08-20,109.54,109.54,109.355,109.39,78.3661,929463
2014-08-21,109.48,109.6,109.45,109.58,78.5022,775579
2014-08-22,109.53,109.61,109.35,109.56,78.4879,801920
2014-08-25,109.69,109.69,109.52,109.65,78.5523,3473776
2014-08-26,109.73,109.73,109.61,109.66,78.5595,543367
2014-08-27,109.73,109.85,109.7,109.8,78.6598,866103
2014-08-28,109.96,110.05,109.89,110.02,78.8174,1123701
2014-08-29,110.0,110.09,109.94,109.98,78.7887,1473300
2014-09-02,109.55,109.63,109.45,109.45,78.5488,1029287
2014-09-03,109.39,109.58,109.37,109.57,78.6349,1311668
2014-09-04,109.44,109.54,109.31,109.43,78.5344,1308945
2014-09-05,109.44,109.54,109.29,109.37,78.4913,798456
2014-09-08,109.49,109.54,109.26,109.26,78.4124,895295
2014-09-09,109.17,109.23,109.09,109.11,78.3047,689510
2014-09-10,108.98,109.01,108.91,108.96,78.1971,974367
2014-09-11,109.01,109.06,108.83,108.85,78.1182,753477
2014-09-12,108.69,108.74,108.595,108.63,77.9603,1327615
2014-09-15,108.73,108.76,108.59,108.61,77.9459,1210783
2014-09-16,108.7,108.77,108.61,108.61,77.9459,850970
2014-09-17,108.74,108.84,108.48,108.49,77.8598,707246
2014-09-18,108.5,108.55,108.45,108.5,77.867,707596
2014-09-19,108.56,108.73,108.509,108.68,77.9961,929889
2014-09-22,108.86,108.91,108.76,108.83,78.1038,592391
2014-09-23,108.91,108.95,108.83,108.93,78.1756,705231
2014-09-24,109.08,109.08,108.84,108.86,78.1253,836713
2014-09-25,108.98,109.1,108.98,109.07,78.276,1161869
2014-09-26,109.06,109.09,108.88,109.06,78.2689,1729491
2014-09-29,109.16,109.24,109.0601,109.18,78.355,7243748
2014-09-30,109.19,109.28,109.09,109.11,78.3047,2335365
2014-10-01,109.2,109.54,109.1997,109.53,78.7426,6605180
2014-10-02,109.56,109.63,109.35,109.35,78.6132,4826810
2014-10-03,109.31,109.36,109.2,109.3,78.5772,2928901
2014-10-06,109.4,109.55,109.31,109.4,78.6491,2145824
2014-10-07,109.61,109.85,109.5601,109.82,78.9511,2328416
2014-10-08,109.9,110.14,109.6801,110.13,79.1739,2477897
2014-10-09,110.07,110.07,109.87,109.91,79.0158,1502816
2014-10-10,109.96,110.03,109.87,109.99,79.0733,1734434
2014-10-13,110.15,110.34,110.04,110.31,79.3033,1098538
2014-10-14,110.5,110.58,110.28,110.56,79.483,3518455
2014-10-15,111.2,112.08,110.63,110.76,79.6268,2275368
2014-10-16,111.0,111.15,110.5435,110.67,79.5621,1792877
2014-10-17,110.51,110.65,110.4,110.52,79.4543,2065773
2014-10-20,110.69,110.7267,110.57,110.65,79.5478,1518290
2014-10-21,110.55,110.678,110.49,110.55,79.4759,2624964
2014-10-22,110.5,110.54,110.4,110.49,79.4327,3179164
2014-10-23,110.36,110.36,110.13,110.23,79.2458,1863102
2014-10-24,110.27,110.35,110.15,110.27,79.2746,1188946
2014-10-27,110.28,110.33,110.191,110.31,79.3033,1073056
2014-10-28,110.21,110.25,110.1,110.14,79.1811,1128600
2014-10-29,110.03,110.16,109.85,109.9,79.0086,1591007
2014-10-30,110.05,110.1855,110.03,110.08,79.138,2479468
2014-10-31,109.93,110.08,109.9,110.08,79.138,3145121
2014-11-03,109.83,109.85,109.56,109.68,78.9881,2282374
2014-11-04,109.7,109.86,109.67,109.69,78.9953,2346280
2014-11-05,109.65,109.74,109.59,109.73,79.0242,2699558
2014-11-06,109.52,109.6699,109.5,109.54,78.8873,1391435
2014-11-07,109.61,109.92,109.6,109.91,79.1538,1661449
2014-11-10,109.9,109.91,109.65,109.65,78.9665,846857
2014-11-11,109.66,109.71,109.59,109.7,79.0026,1138463
2014-11-12,109.74,109.88,109.661,109.71,79.0098,1123741
2014-11-13,109.75,109.8,109.6599,109.76,79.0458,860783
2014-11-14,109.68,109.94,109.64,109.86,79.1178,1073003
2014-11-17,109.96,109.96,109.72,109.73,79.0242,1403014
2014-11-18,109.82,109.8801,109.77,109.83,79.0962,1318376
2014-11-19,109.68,109.84,109.56,109.57,78.9089,1361784
2014-11-20,109.87,109.93,109.69,109.77,79.053,1155795
2014-11-21,109.92,109.96,109.84,109.9,79.1466,1294994
2014-11-24,109.85,110.04,109.8389,109.94,79.1754,1355121
2014-11-25,109.96,110.22,109.96,110.18,79.3482,3187726
2014-11-26,110.33,110.34,110.2432,110.27,79.413,1205659
2014-11-28,110.43,110.62,110.4,110.61,79.6579,2072793
2014-12-01,110.6,110.6,110.08,110.08,79.4789,2811726
2014-12-02,109.99,109.99,109.81,109.86,79.32,1469400
2014-12-03,109.83,109.87,109.73,109.76,79.2478,1998004
2014-12-04,109.85,110.11,109.78,110.09,79.4861,3001658
2014-12-05,109.87,109.94,109.61,109.62,79.1467,3477696
2014-12-08,109.81,109.995,109.56,109.89,79.3417,984140
2014-12-09,110.14,110.23,109.95,110.06,79.4644,1203037
2014-12-10,110.0,110.31,109.98,110.25,79.6016,1207989
2014-12-11,110.15,110.23,110.02,110.21,79.5727,1447694
2014-12-12,110.5,110.66,110.31,110.56,79.8254,1714109
2014-12-15,110.38,110.54,110.25,110.26,79.6088,2540686
2014-12-16,110.6,110.6,110.3201,110.53,79.8038,1411670
2014-12-17,110.5,110.675,110.28,110.39,79.7027,2167454
2014-12-18,110.17,110.22,110.06,110.1,79.4933,1865794
2014-12-19,110.08,110.38,110.08,110.28,79.6233,1865027
2014-12-22,110.35,110.46,110.2666,110.45,79.746,3827829
2014-12-23,110.3,110.39,109.9,109.94,79.3778,2790798
2014-12-24,109.63,109.71,109.46,109.69,79.4642,922096
2014-12-26,109.72,109.87,109.62,109.74,79.5005,1124918
2014-12-29,109.94,110.05,109.83,109.97,79.6671,2199237
2014-12-30,110.2,110.26,110.01,110.09,79.754,2069596
2014-12-31,110.14,110.26,110.102,110.12,79.7758,2493870
2015-01-02,110.18,110.5,110.18,110.43,80.0003,2090232
2015-01-05,110.56,110.76,110.48,110.67,80.1742,3446236
2015-01-06,110.96,111.35,110.89,110.95,80.377,3688054
2015-01-07,111.0,111.04,110.74,110.93,80.3626,3984399
2015-01-08,110.84,110.84,110.63,110.76,80.2394,2212153
2015-01-09,110.89,111.14,110.73,111.03,80.435,1322557
2015-01-12,111.16,111.255,111.081,111.12,80.5002,2185655
2015-01-13,111.15,111.33,111.03,111.15,80.5219,5536965
2015-01-14,111.64,111.65,111.395,111.42,80.7175,3043605
2015-01-15,111.49,111.94,111.49,111.93,81.087,2084009
2015-01-16,111.68,111.83,111.42,111.5,80.7755,2744525
2015-01-20,111.75,111.84,111.55,111.69,80.9131,2059394
2015-01-21,111.68,111.81,111.3901,111.49,80.7682,2020176
2015-01-22,111.72,111.72,111.29,111.43,80.7248,2030434
2015-01-23,111.65,111.81,111.54,111.71,80.9276,1535012
2015-01-26,111.79,111.79,111.45,111.66,80.8914,2705234
2015-01-27,111.97,111.97,111.545,111.6,80.8479,1635906
2015-01-28,111.7,112.22,111.6662,112.07,81.1884,1327756
2015-01-29,111.93,112.059,111.82,111.98,81.1232,1752591
2015-01-30,112.35,112.52,112.24,112.38,81.413,6252828
2015-02-02,112.06,112.23,112.0,112.2,81.4102,2792120
2015-02-03,112.1,112.1,111.76,111.77,81.0982,1815375
2015-02-04,111.64,111.95,111.5,111.94,81.2215,1953033
2015-02-05,111.79,111.8474,111.57,111.71,81.0547,2409552
2015-02-06,111.41,111.41,111.03,111.06,80.583,2531315
2015-02-09,111.31,111.31,111.04,111.04,80.5685,1724911
2015-02-10,110.96,111.0555,110.82,110.92,80.4814,1272543
2015-02-11,110.88,110.99,110.7401,110.87,80.4452,1803433
2015-02-12,110.91,111.12,110.87,110.89,80.4597,2123746
2015-02-13,110.95,110.9692,110.71,110.76,80.3654,1706183
2015-02-17,110.67,110.73,110.2401,110.31,80.0388,2043026
2015-02-18,110.39,110.7451,110.3149,110.62,80.2638,1442441
2015-02-19,110.62,110.76,110.48,110.53,80.1985,1442991
2015-02-20,110.68,110.88,110.37,110.55,80.213,2280736
2015-02-23,110.69,110.805,110.66,110.75,80.3581,1688234
2015-02-24,110.74,111.27,110.55,111.24,80.7136,1736745
2015-02-25,111.2,111.32,111.0701,111.32,80.7717,2319277
2015-02-26,111.21,111.28,110.86,110.92,80.4814,1837251
2015-02-27,111.14,111.22,110.89,111.2,80.6846,3816414
2015-03-02,110.99,110.99,110.45,110.45,80.2745,7881863
2015-03-03,110.44,110.57,110.31,110.31,80.1727,4228397
2015-03-04,110.44,110.51,110.275,110.37,80.2163,1477095
2015-03-05,110.43,110.54,110.3,110.42,80.2527,1053013
2015-03-06,110.08,110.09,109.6,109.7,79.7294,1872869
2015-03-09,110.17,110.17,109.91,109.98,79.9329,2724695
2015-03-10,110.23,110.36,110.15,110.24,80.1218,1708143
2015-03-11,110.21,110.53,110.21,110.46,80.2817,1171619
2015-03-12,110.69,110.7232,110.42,110.55,80.3471,1416645
2015-03-13,110.44,110.63,110.25,110.34,80.1945,3235526
2015-03-16,110.62,110.67,110.42,110.58,80.3689,1305770
2015-03-17,110.64,110.68,110.54,110.56,80.3544,1423692
2015-03-18,110.79,111.39,110.5755,111.37,80.9431,1997848
2015-03-19,111.24,111.3,110.94,110.98,80.6597,1929655
2015-03-20,111.23,111.34,111.1801,111.32,80.9068,3833605
2015-03-23,111.37,111.4,111.2312,111.34,80.9213,1120884
2015-03-24,111.48,111.67,111.37,111.64,81.1393,2647340
2015-03-25,111.75,111.75,111.4258,111.43,80.9867,1612307
2015-03-26,111.31,111.3647,110.995,111.03,80.696,1377559
2015-03-27,111.18,111.34,111.16,111.19,80.8123,5610233
2015-03-30,111.34,111.34,111.16,111.24,80.8486,1310728
2015-03-31,111.27,111.45,111.18,111.43,80.9867,2958055
2015-04-01,111.42,111.63,111.31,111.58,81.2494,1927330
2015-04-02,111.57,111.57,111.38,111.43,81.1402,1761723
2015-04-06,111.78,111.78,111.37,111.5,81.1911,1430979
2015-04-07,111.45,111.57,111.28,111.52,81.2057,1415177
2015-04-08,111.56,111.5899,111.3646,111.53,81.213,903019
2015-04-09,111.56,111.56,111.17,111.25,81.0091,1728452
2015-04-10,111.43,111.4597,111.2047,111.25,81.0091,2055617
2015-04-13,111.25,111.37,111.25,111.37,81.0965,950963
2015-04-14,111.7,111.79,111.4878,111.49,81.1839,1157399
2015-04-15,111.66,111.71,111.5501,111.64,81.2931,1296832
2015-04-16,111.7,111.7,111.4,111.58,81.2494,1000803
2015-04-17,111.53,111.8,111.4601,111.67,81.3149,1274289
2015-04-20,111.67,111.73,111.47,111.59,81.2567,1289415
2015-04-21,111.57,111.6,111.44,111.47,81.1693,1522674
2015-04-22,111.44,111.44,111.1,111.14,80.929,916429
2015-04-23,111.15,111.415,111.1362,111.31,81.0528,1483934
2015-04-24,111.48,111.5701,111.41,111.5,81.1911,837747
2015-04-27,111.51,111.56,111.3359,111.54,81.2203,1595563
2015-04-28,111.34,111.44,111.11,111.11,80.9071,1602004
2015-04-29,110.89,110.9699,110.7,110.86,80.7251,1313249
2015-04-30,110.69,110.92,110.51,110.86,80.7251,3328573
2015-05-01,110.52,110.5302,110.245,110.34,80.4961,1357164
2015-05-04,110.42,110.4715,110.12,110.1307,80.3434,1651932
2015-05-05,110.19,110.219,109.84,110.03,80.2699,1481227
2015-05-06,109.95,109.97,109.6139,109.66,80.0,1566004
2015-05-07,109.85,110.04,109.76,109.93,80.197,1986235
2015-05-08,110.36,110.43,110.205,110.29,80.4596,1933601
2015-05-11,110.02,110.06,109.57,109.59,79.9489,2984888
2015-05-12,109.5,109.76,109.38,109.58,79.9416,1394866
2015-05-13,109.91,109.92,109.45,109.57,79.9343,2441612
2015-05-14,109.65,109.79,109.58,109.74,80.0584,1796941
2015-05-15,109.96,110.22,109.8801,110.2,80.3939,1047478
2015-05-18,109.93,110.01,109.76,109.78,80.0875,863865
2015-05-19,109.46,109.7101,109.39,109.4,79.8103,1664380
2015-05-20,109.58,109.692,109.46,109.57,79.9343,1584131
2015-05-21,109.65,109.93,109.65,109.91,80.1824,2652588
2015-05-22,109.85,109.8597,109.62,109.79,80.0948,1086983
2015-05-26,109.8,110.1,109.75,110.06,80.2918,2774957
2015-05-27,110.06,110.1851,109.8988,110.17,80.3721,888691
2015-05-28,110.14,110.22,110.0501,110.13,80.3429,1298906
2015-05-29,110.18,110.3,110.0801,110.17,80.3721,2780256
2015-06-01,109.95,109.99,109.56,109.66,80.1501,4327305
2015-06-02,109.43,109.4463,109.17,109.23,79.8358,1830416
2015-06-03,108.98,109.01,108.67,108.8,79.5215,3413107
2015-06-04,108.89,109.1665,108.89,109.03,79.6896,1907881
2015-06-05,108.63,108.79,108.51,108.55,79.3388,1619045
2015-06-08,108.76,108.8,108.66,108.71,79.4558,1289705
2015-06-09,108.65,108.65,108.32,108.4,79.2292,1206678
2015-06-10,108.24,108.2992,108.04,108.13,79.0318,1491244
2015-06-11,108.33,108.71,108.2751,108.71,79.4558,1539634
2015-06-12,108.68,108.895,108.52,108.58,79.3607,1365918
2015-06-15,108.96,108.96,108.63,108.71,79.4558,1666570
2015-06-16,108.83,108.89,108.6815,108.89,79.5873,1309857
2015-06-17,108.84,108.9,108.44,108.9,79.5946,1895671
2015-06-18,108.81,108.87,108.62,108.87,79.5727,2917418
2015-06-19,109.1,109.26,109.04,109.21,79.8212,2048458
2015-06-22,108.95,108.9999,108.64,108.67,79.4265,1173800
2015-06-23,108.41,108.64,108.3501,108.42,79.2438,1339035
2015-06-24,108.55,108.68,108.4501,108.59,79.3681,1527811
2015-06-25,108.58,108.6,108.39,108.47,79.2803,1222025
2015-06-26,108.29,108.31,108.11,108.21,79.0903,1054938
2015-06-29,108.6,108.94,108.38,108.85,79.5581,3278938
2015-06-30,108.72,109.0,108.61,108.78,79.5069,2159465
2015-07-01,108.33,108.38,108.15,108.29,79.3066,6010318
2015-07-02,108.48,108.6,108.43,108.44,79.4164,994614
2015-07-06,108.88,108.99,108.63,108.83,79.702,1107991
2015-07-07,109.12,109.38,108.96,108.98,79.8119,2502487
2015-07-08,109.16,109.36,109.03,109.24,80.0023,2892899
2015-07-09,109.09,109.09,108.82,108.84,79.7094,1932808
2015-07-10,108.47,108.58,108.28,108.38,79.3725,2163693
2015-07-13,108.24,108.37,108.14,108.22,79.2553,1938311
2015-07-14,108.43,108.5,108.32,108.4,79.3871,1441422
2015-07-15,108.36,108.72,108.36,108.69,79.5995,1781385
2015-07-16,108.54,108.79,108.4988,108.78,79.6654,1294775
2015-07-17,108.73,108.86,108.72,108.79,79.6727,897639
2015-07-20,108.67,108.72,108.5512,108.6,79.5336,1245077
2015-07-21,108.54,108.85,108.51,108.78,79.6654,1191503
2015-07-22,108.83,108.99,108.82,108.83,79.702,1099960
2015-07-23,108.84,109.15,108.81,109.14,79.9291,1021367
2015-07-24,109.23,109.24,109.0585,109.12,79.9144,1192475
2015-07-27,109.25,109.35,109.205,109.26,80.017,2665995
2015-07-28,109.13,109.22,109.09,109.15,79.9364,1873240
2015-07-29,109.09,109.12,108.94,109.06,79.8705,2273525
2015-07-30,109.08,109.15,108.97,109.07,79.8778,1959020
2015-07-31,109.44,109.51,109.35,109.5,80.1927,2084323
2015-08-03,109.29,109.54,109.19,109.4,80.2755,2563943
2015-08-04,109.35,109.43,109.07,109.08,80.0407,1659909
2015-08-05,108.94,109.08,108.7238,108.88,79.894,2346582
2015-08-06,108.93,109.1,108.9001,109.01,79.9894,1038142
2015-08-07,109.14,109.275,109.035,109.2,80.1288,2154749
2015-08-10,109.15,109.17,108.85,109.06,80.026,1280227
2015-08-11,109.42,109.5765,109.284,109.42,80.2902,1537300
2015-08-12,109.55,109.71,109.35,109.35,80.2388,1563891
2015-08-13,109.36,109.3651,109.11,109.12,80.0701,1571743
2015-08-14,109.12,109.24,109.02,109.07,80.0334,1890482
2015-08-17,109.33,109.3992,109.2,109.26,80.1728,1387062
2015-08-18,109.19,109.24,109.04,109.06,80.026,785393
2015-08-19,109.04,109.48,108.96,109.4,80.2755,2184876
2015-08-20,109.58,109.64,109.45,109.57,80.4003,1075630
2015-08-21,109.68,109.865,109.57,109.76,80.5397,2443414
2015-08-24,110.0,110.34,109.57,109.72,80.5103,5440205
2015-08-25,109.7,109.7,109.13,109.46,80.3196,4069990
2015-08-26,109.08,109.41,108.88,108.95,79.9453,3994218
2015-08-27,108.95,109.195,108.93,109.1,80.0554,4040532
2015-08-28,109.34,109.37,108.93,109.0,79.982,4774631
2015-08-31,109.28,109.37,108.9,108.92,79.9233,4145627
2015-09-01,108.89,109.11,108.77,109.02,80.1604,3386037
2015-09-02,108.92,109.05,108.81,108.88,80.0574,3442041
2015-09-03,109.06,109.12,108.8701,109.04,80.1751,1935134
2015-09-04,109.19,109.33,109.02,109.27,80.3442,1748062
2015-09-08,108.96,109.04,108.91,109.01,80.153,2130373
2015-09-09,108.78,109.08,108.7022,109.05,80.1824,2891414
2015-09-10,109.0,109.009,108.81,108.93,80.0942,2564356
2015-09-11,109.05,109.17,109.01,109.06,80.1898,2001634
2015-09-14,109.18,109.2,109.04,109.09,80.2118,1543554
2015-09-15,109.0,109.0,108.5,108.6,79.8515,1541194
2015-09-16,108.59,108.66,108.41,108.51,79.7854,1810077
2015-09-17,108.48,109.19,108.4,109.19,80.2854,1955397
2015-09-18,109.26,109.39,109.15,109.28,80.3515,4510562
2015-09-21,109.17,109.17,108.88,108.99,80.1383,2325812
2015-09-22,109.19,109.39,109.12,109.25,80.3295,2044824
2015-09-23,109.29,109.29,109.1,109.16,80.2633,1562085
2015-09-24,109.49,109.51,109.24,109.3,80.3662,2699968
2015-09-25,109.16,109.2299,109.03,109.11,80.2265,1225465
2015-09-28,109.19,109.41,109.11,109.37,80.4177,1884380
2015-09-29,109.44,109.6,109.37,109.54,80.5427,1506765
2015-09-30,109.47,109.63,109.44,109.58,80.5721,3121559
2015-10-01,109.48,109.65,109.45,109.46,80.6348,4274924
2015-10-02,109.85,110.15,109.7,109.79,80.8779,3553258
2015-10-05,109.63,109.68,109.37,109.38,80.5759,4604506
2015-10-06,109.47,109.694,109.37,109.65,80.7748,5013761
2015-10-07,109.55,109.68,109.48,109.57,80.7158,1983212
2015-10-08,109.7,109.7,109.3037,109.42,80.6053,2038676
2015-10-09,109.32,109.465,109.2423,109.33,80.539,3235549
2015-10-12,109.48,109.65,109.33,109.61,80.7453,1268800
2015-10-13,109.75,109.75,109.49,109.62,80.7527,1500196
2015-10-14,109.83,110.05,109.7251,110.03,81.0547,3911956
2015-10-15,109.93,110.0499,109.79,109.88,80.9442,2044846
2015-10-16,109.9,109.94,109.77,109.77,80.8632,1629967
2015-10-19,109.78,109.895,109.65,109.88,80.9442,1534892
2015-10-20,109.78,109.78,109.55,109.66,80.7821,1805387
2015-10-21,109.73,109.9499,109.73,109.92,80.9736,1278248
2015-10-22,109.9,110.05,109.83,109.94,80.9884,2276274
2015-10-23,109.79,109.79,109.69,109.75,80.8484,2237383
2015-10-26,109.85,109.9,109.74,109.8,80.8852,1541278
2015-10-27,110.03,110.03,109.88,109.96,81.0031,2021871
2015-10-28,109.98,110.05,109.57,109.63,80.76,1661266
2015-10-29,109.34,109.42,109.13,109.16,80.4138,2333240
2015-10-30,109.19,109.46,109.1536,109.45,80.6274,10576990
2015-11-02,109.08,109.19,108.9811,109.02,80.4684,8049353
2015-11-03,108.95,108.9956,108.79,108.82,80.3208,3033405
2015-11-04,108.91,108.99,108.71,108.82,80.3208,3542543
2015-11-05,108.87,108.89,108.6,108.77,80.2839,2185900
2015-11-06,108.36,108.39,108.19,108.25,79.9001,1829481
2015-11-09,108.06,108.36,108.04,108.18,79.8484,12843240
2015-11-10,108.29,108.48,108.2,108.38,79.996,5233179
2015-11-11,108.32,108.37,108.24,108.24,79.8927,1603365
2015-11-12,108.35,108.45,108.2101,108.34,79.9665,3448695
2015-11-13,108.48,108.59,108.4459,108.55,80.1215,3784105
2015-11-16,108.63,108.7,108.56,108.64,80.188,3326000
2015-11-17,108.49,108.78,108.416,108.72,80.247,2461340
2015-11-18,108.65,108.71,108.54,108.64,80.188,1952051
2015-11-19,108.9,108.9,108.68,108.69,80.2249,4232721
2015-11-20,108.77,108.82,108.6,108.62,80.1732,2034414
2015-11-23,108.65,108.756,108.57,108.65,80.1953,1975965
2015-11-24,108.75,108.8,108.6611,108.75,80.2691,1335246
2015-11-25,108.77,108.84,108.69,108.8,80.3061,1169253
2015-11-27,108.85,108.87,108.77,108.77,80.2839,946065
2015-11-30,108.83,108.87,108.77,108.81,80.3134,2397035
2015-12-01,108.54,108.84,108.43,108.82,80.5948,4259986
2015-12-02,108.73,108.7799,108.61,108.685,80.4948,2462787
2015-12-03,108.41,108.41,107.81,107.89,79.906,4634083
2015-12-04,108.05,108.3,108.0,108.24,80.1652,2182057
2015-12-07,108.3,108.58,108.23,108.4,80.2837,2143773
2015-12-08,108.59,108.6,108.37,108.44,80.3133,2311799
2015-12-09,108.34,108.58,108.21,108.44,80.3133,2791044
2015-12-10,108.51,108.51,108.3643,108.42,80.2985,2001503
2015-12-11,108.7,108.86,108.57,108.69,80.4985,2321370
2015-12-14,108.53,108.58,108.17,108.18,80.1208,3351855
2015-12-15,108.08,108.19,107.9111,108.19,80.1282,2955918
2015-12-16,108.12,108.27,107.93,108.0,79.9875,2946785
2015-12-17,108.24,108.3,108.0201,108.15,80.0986,5407881
2015-12-18,108.35,108.4561,108.25,108.38,80.2689,4006425
2015-12-21,108.49,108.54,108.24,108.28,80.1948,3233516
2015-12-22,108.27,108.28,108.12,108.2,80.1356,4507611
2015-12-23,108.01,108.19,108.0,108.18,80.1208,3599565
2015-12-24,107.95,108.05,107.92,108.01,80.1596,1248819
2015-12-28,108.03,108.13,107.99,108.01,80.1596,3736430
2015-12-29,107.92,107.98,107.6201,107.74,79.9592,3094619
2015-12-30,107.64,107.78,107.6,107.72,79.9444,3731393
2015-12-31,107.87,108.03,107.82,108.01,80.1596,3406140
2016-01-04,108.09,108.29,107.93,107.97,80.1299,3690995
2016-01-05,107.87,108.12,107.87,108.02,80.167,2732887
2016-01-06,108.34,108.46,108.22,108.43,80.4713,2916018
2016-01-07,108.4,108.47,108.21,108.42,80.4639,2469015
2016-01-08,108.57,108.71,108.35,108.66,80.642,4017144
2016-01-11,108.39,108.586,108.34,108.35,80.412,2820542
2016-01-12,108.44,108.815,108.36,108.59,80.5901,3318448
2016-01-13,108.6,108.93,108.55,108.84,80.7756,3011466
2016-01-14,108.79,108.89,108.581,108.8,80.7459,5322713
2016-01-15,109.08,109.12,108.83,108.93,80.8424,3348853
2016-01-19,108.85,108.96,108.7215,108.82,80.7608,4209886
2016-01-20,109.1,109.1825,108.8713,108.91,80.8276,4349924
2016-01-21,109.08,109.08,108.74,108.76,80.7162,7256021
2016-01-22,108.72,108.85,108.585,108.84,80.7756,3258715
2016-01-25,108.95,108.98,108.77,108.78,80.7311,3285000
2016-01-26,108.9,108.995,108.7699,108.92,80.835,2604142
2016-01-27,108.91,109.01,108.72,108.94,80.8498,1645315
2016-01-28,108.99,109.0988,108.8201,109.03,80.9166,2390647
2016-01-29,109.41,109.48,109.25,109.35,81.1541,8632951
2016-02-01,109.1,109.25,108.8415,108.99,81.0559,4512330
2016-02-02,109.23,109.38,109.1301,109.32,81.3014,4835115
2016-02-03,109.26,109.64,109.2,109.31,81.2939,3700282
2016-02-04,109.34,109.46,109.235,109.42,81.3757,1880319
2016-02-05,109.24,109.44,109.1532,109.32,81.3014,2155563
2016-02-08,109.59,109.87,109.5,109.74,81.6137,2818711
2016-02-09,109.92,109.93,109.66,109.73,81.6063,3023852
2016-02-10,109.82,110.0,109.6,110.0,81.8071,2318976
2016-02-11,110.41,110.499,110.01,110.07,81.8591,2928013
2016-02-12,109.92,109.96,109.545,109.77,81.636,2968985
2016-02-16,109.54,109.61,109.4301,109.5,81.4352,2356364
2016-02-17,109.43,109.4599,109.22,109.44,81.3906,2446719
2016-02-18,109.5,109.81,109.45,109.77,81.636,2844572
2016-02-19,109.8,109.85,109.64,109.79,81.6509,2278789
2016-02-22,109.77,109.88,109.72,109.82,81.6732,2421786
2016-02-23,109.63,110.0,109.52,109.84,81.6881,2337755
2016-02-24,110.12,110.32,109.84,109.88,81.7178,2473501
2016-02-25,110.09,110.31,110.0,110.16,81.9261,2335961
2016-02-26,109.9,109.97,109.8,109.96,81.7773,2068260
2016-02-29,109.94,110.1,109.91,110.09,81.874,3694192
2016-03-01,109.93,110.05,109.4,109.54,81.6285,3984505
2016-03-02,109.45,109.48,109.32,109.42,81.5391,2624471
2016-03-03,109.47,109.61,109.37,109.55,81.6359,3632840
2016-03-04,109.5,109.58,109.28,109.38,81.5093,4461135
2016-03-07,109.39,109.39,109.21,109.35,81.4869,2823244
2016-03-08,109.73,109.83,109.5601,109.62,81.6881,1984289
2016-03-09,109.56,109.66,109.45,109.57,81.6508,1468657
2016-03-10,109.65,109.7372,109.38,109.62,81.6881,2828718
2016-03-11,109.65,109.71,109.39,109.42,81.5391,2065008
2016-03-14,109.49,109.6,109.4501,109.48,81.5838,2186892
2016-03-15,109.68,109.7,109.38,109.38,81.5093,1746182
2016-03-16,109.39,109.86,109.2863,109.85,81.8595,1888538
2016-03-17,109.95,110.13,109.9,110.08,82.0309,4116539
2016-03-18,110.19,110.29,110.1201,110.17,82.098,1909665
2016-03-21,110.06,110.13,109.91,109.93,81.9191,2152276
2016-03-22,110.27,110.27,109.83,109.86,81.867,2023058
2016-03-23,109.96,110.14,109.8601,110.1,82.0458,2885056
2016-03-24,110.29,110.29,110.03,110.11,82.0533,2846436
2016-03-28,110.15,110.2999,110.08,110.19,82.1129,2918053
2016-03-29,110.35,110.57,110.21,110.52,82.3588,1886251
2016-03-30,110.49,110.56,110.3055,110.48,82.329,2764517
2016-03-31,110.52,110.85,110.52,110.825,82.5861,7003559
2016-04-01,110.53,110.6599,110.35,110.51,82.5163,5374230
2016-04-04,110.6,110.67,110.51,110.62,82.5984,3176154
2016-04-05,110.95,110.975,110.71,110.77,82.7104,2954123
2016-04-06,110.8,110.8,110.6235,110.75,82.6955,2027438
2016-04-07,110.98,111.05,110.77,110.99,82.8747,1876140
2016-04-08,111.0,111.0,110.81,110.88,82.7925,2318334
2016-04-11,110.87,110.96,110.76,110.96,82.8523,1718424
2016-04-12,110.85,110.86,110.65,110.78,82.7179,1984517
2016-04-13,110.74,110.915,110.68,110.83,82.7552,1769278
2016-04-14,110.76,110.81,110.64,110.64,82.6133,3596565
2016-04-15,110.8,110.98,110.75,110.95,82.8448,1579648
2016-04-18,110.91,110.95,110.79,110.94,82.8373,2146557
2016-04-19,110.94,111.0,110.77,110.93,82.8299,2019189
2016-04-20,111.02,111.03,110.604,110.66,82.6283,2376103
2016-04-21,110.52,110.62,110.45,110.51,82.5163,2692797
2016-04-22,110.65,110.72,110.52,110.52,82.5237,3795615
2016-04-25,110.52,110.59,110.39,110.4,82.4341,3118816
2016-04-26,110.48,110.48,110.2259,110.35,82.3968,2326144
2016-04-27,110.53,110.6875,110.3282,110.68,82.6432,2337117
2016-04-28,110.68,110.95,110.59,110.9,82.8075,9405201
2016-04-29,110.82,110.93,110.75,110.89,82.8,5112855
2016-05-02,110.74,110.74,110.52,110.605,82.7403,3553939
2016-05-03,110.89,110.945,110.75,110.81,82.8937,3044940
2016-05-04,110.91,110.9315,110.7595,110.86,82.9311,2920608
2016-05-05,110.92,111.16,110.801,111.14,83.1405,3008142
2016-05-06,111.12,111.12,110.97,110.97,83.0134,2718710
2016-05-09,111.11,111.14,111.005,111.04,83.0657,2173463
2016-05-10,111.06,111.1,110.99,111.09,83.1031,2103822
2016-05-11,111.06,111.26,111.02,111.09,83.1031,2507055
2016-05-12,110.92,111.1,110.92,110.99,83.0283,1938846
2016-05-13,111.08,111.23,111.03,111.2,83.1854,1511386
2016-05-16,111.19,111.19,110.98,111.01,83.0433,3134424
2016-05-17,111.03,111.05,110.86,110.86,82.9311,1769745
2016-05-18,110.78,110.8,110.315,110.4,82.587,1900840
2016-05-19,110.47,110.56,110.4,110.47,82.6393,3461882
2016-05-20,110.54,110.62,110.44,110.54,82.6917,2655713
2016-05-23,110.54,110.5999,110.43,110.52,82.6767,2244346
2016-05-24,110.56,110.56,110.34,110.46,82.6318,1759881
2016-05-25,110.54,110.55,110.3899,110.48,82.6468,2743128
2016-05-26,110.64,110.73,110.56,110.65,82.774,1614809
2016-05-27,110.68,110.7,110.48,110.63,82.759,2164776
2016-05-31,110.41,110.76,110.36,110.7,82.8114,3368858
2016-06-01,110.59,110.65,110.41,110.42,82.765,2941672
2016-06-02,110.56,110.7399,110.56,110.7,82.9749,2013855
2016-06-03,111.15,111.3,111.12,111.3,83.4246,2210534
2016-06-06,111.17,111.2315,111.07,111.15,83.3122,3278944
2016-06-07,111.24,111.31,111.1977,111.25,83.3871,2157143
2016-06-08,111.3,111.3399,111.22,111.29,83.4171,2148002
2016-06-09,111.5,111.5,111.3631,111.37,83.4771,1543605
2016-06-10,111.54,111.6575,111.45,111.52,83.5895,1368457
2016-06-13,111.57,111.67,111.53,111.61,83.657,1661371
2016-06-14,111.68,111.73,111.55,111.56,83.6195,1871475
2016-06-15,111.67,111.93,111.64,111.8,83.7994,1732212
2016-06-16,111.92,112.0699,111.78,111.87,83.8519,2533104
2016-06-17,111.86,111.87,111.66,111.79,83.7919,2730866
2016-06-20,111.57,111.58,111.45,111.48,83.5595,2043815
2016-06-21,111.55,111.5676,111.35,111.4,83.4996,1882471
2016-06-22,111.44,111.51,111.35,111.47,83.5521,1734386
2016-06-23,111.33,111.43,111.25,111.28,83.4096,1721410
2016-06-24,112.11,112.15,111.79,111.86,83.8444,4080993
2016-06-27,112.33,112.49,112.31,112.33,84.1967,3018894
2016-06-28,112.54,112.54,112.37,112.47,84.3016,2951700
2016-06-29,112.53,112.6,112.34,112.39,84.2416,2745817
2016-06-30,112.51,112.69,112.4,112.615,84.4103,4154315
2016-07-01,112.72,112.77,112.5211,112.65,84.5961,5235298
2016-07-05,113.03,113.12,112.865,112.95,84.8214,4739997
2016-07-06,113.09,113.17,112.94,113.16,84.9791,3150465
2016-07-07,113.0,113.1715,112.92,113.08,84.919,3122244
2016-07-08,113.08,113.27,113.0,113.25,85.0467,2910456
2016-07-11,113.19,113.24,112.93,112.95,84.8214,4423995
2016-07-12,112.81,112.81,112.485,112.61,84.5661,1970760
2016-07-13,112.82,112.88,112.741,112.77,84.6862,2363319
2016-07-14,112.51,112.7001,112.5,112.67,84.6112,3345200
2016-07-15,112.58,112.58,112.22,112.26,84.3033,3612189
2016-07-18,112.49,112.49,112.2,112.32,84.3483,1547259
2016-07-19,112.48,112.52,112.37,112.51,84.491,1787302
2016-07-20,112.42,112.44,112.3,112.41,84.4159,1808776
2016-07-21,112.27,112.54,112.2037,112.51,84.491,3043480
2016-07-22,112.38,112.61,112.35,112.53,84.506,2315883
2016-07-25,112.58,112.58,112.4,112.4,84.4084,1680790
2016-07-26,112.58,112.58,112.3149,112.4,84.4084,3540188
2016-07-27,112.52,112.74,112.44,112.73,84.6562,3047227
2016-07-28,112.64,112.7576,112.56,112.72,84.6487,2640793
2016-07-29,112.88,113.03,112.7601,113.02,84.874,3671163
2016-08-01,112.5,112.678,112.47,112.55,84.6759,3149309
2016-08-02,112.36,112.4599,112.19,112.22,84.4276,3643852
2016-08-03,112.31,112.36,112.1,112.34,84.5179,3777808
2016-08-04,112.54,112.66,112.5,112.55,84.6759,2002838
2016-08-05,112.54,112.54,112.135,112.17,84.39,2474608
2016-08-08,112.16,112.315,112.03,112.24,84.4427,2604005
2016-08-09,112.4,112.54,112.3,112.53,84.6608,2981125
2016-08-10,112.61,112.73,112.54,112.66,84.7587,3185774
2016-08-11,112.73,112.73,112.31,112.36,84.533,1807426
2016-08-12,112.72,112.83,112.63,112.63,84.7361,1889646
2016-08-15,112.57,112.6175,112.42,112.43,84.5856,1950534
2016-08-16,112.49,112.52,112.355,112.36,84.533,6250346
2016-08-17,112.45,112.66,112.36,112.57,84.6909,5210676
2016-08-18,112.64,112.7799,112.535,112.73,84.8113,1963011
2016-08-19,112.53,112.62,112.39,112.48,84.6232,3287636
2016-08-22,112.66,112.738,112.56,112.65,84.7511,1808608
2016-08-23,112.78,112.825,112.6301,112.68,84.7737,2583046
2016-08-24,112.79,112.8,112.629,112.64,84.7436,2312833
2016-08-25,112.55,112.67,112.52,112.52,84.6533,1613504
2016-08-26,112.69,112.8572,112.28,112.34,84.5179,2513744
2016-08-29,112.55,112.68,112.46,112.65,84.7511,2156390
2016-08-30,112.71,112.71,112.55,112.59,84.706,1712330
2016-08-31,112.64,112.705,112.5101,112.57,84.6909,3024974
2016-09-01,112.1,112.495,112.05,112.46,84.7645,3777072
2016-09-02,112.44,112.44,112.181,112.31,84.6514,1730891
2016-09-06,112.36,112.675,112.29,112.55,84.8323,3745783
2016-09-07,112.76,112.76,112.59,112.61,84.8775,1839590
2016-09-08,112.5,112.5559,112.14,112.22,84.5836,2605588
2016-09-09,111.96,111.99,111.73,111.73,84.2143,2763905
2016-09-12,111.76,111.89,111.65,111.82,84.2821,2358202
2016-09-13,111.93,111.93,111.34,111.51,84.0484,3005397
2016-09-14,111.47,111.75,111.47,111.65,84.154,2089669
2016-09-15,111.6,111.76,111.49,111.72,84.2067,2270232
2016-09-16,111.75,111.87,111.7,111.8,84.267,1701101
2016-09-19,111.73,111.85,111.69,111.71,84.1992,2026930
2016-09-20,111.9,111.935,111.74,111.75,84.2293,2078533
2016-09-21,111.69,112.03,111.65,112.03,84.4404,1899475
2016-09-22,112.1,112.35,112.1,112.26,84.6137,2017170
2016-09-23,112.31,112.35,112.21,112.23,84.5911,3415707
2016-09-26,112.28,112.45,112.28,112.37,84.6966,2326930
2016-09-27,112.57,112.61,112.41,112.51,84.8022,2881338
2016-09-28,112.58,112.61,112.47,112.54,84.8248,2853912
2016-09-29,112.41,112.64,112.3699,112.54,84.8248,1668048
2016-09-30,112.57,112.65,112.27,112.42,84.7343,3679813
2016-10-03,112.21,112.25,112.07,112.09,84.6386,9372902
2016-10-04,112.09,112.09,111.7036,111.71,84.3516,5022435
2016-10-05,111.69,111.7415,111.51,111.56,84.2384,3368692
2016-10-06,111.57,111.665,111.45,111.56,84.2384,2059449
2016-10-07,111.64,111.6695,111.41,111.58,84.2535,1867638
2016-10-10,111.47,111.54,111.39,111.53,84.2157,1295404
2016-10-11,111.49,111.54,111.35,111.36,84.0873,2753285
2016-10-12,111.39,111.43,111.26,111.4,84.1175,1668515
2016-10-13,111.6,111.68,111.525,111.56,84.2384,1964801
2016-10-14,111.47,111.61,111.33,111.37,84.0949,2471532
2016-10-17,111.45,111.61,111.385,111.56,84.2384,1556795
2016-10-18,111.54,111.74,111.4683,111.74,84.3743,1583035
2016-10-19,111.68,111.83,111.64,111.8,84.4196,1550019
2016-10-20,111.84,111.9,111.73,111.76,84.3894,1420763
2016-10-21,111.8,111.9,111.69,111.83,84.4422,1776977
2016-10-24,111.81,111.83,111.6043,111.66,84.3139,1385635
2016-10-25,111.58,111.8,111.58,111.66,84.3139,2344414
2016-10-26,111.57,111.5701,111.43,111.44,84.1477,2684013
2016-10-27,111.28,111.28,111.04,111.16,83.9363,2330676
2016-10-28,111.11,111.26,111.08,111.16,83.9363,1713818
2016-10-31,111.3,111.33,111.21,111.3,84.042,3260284
2016-11-01,110.88,111.1342,110.82,111.03,83.9965,4724994
2016-11-02,111.12,111.32,111.06,111.16,84.0948,2572621
2016-11-03,111.03,111.16,111.01,111.01,83.9813,3254541
2016-11-04,111.15,111.32,111.13,111.24,84.1553,2013403
2016-11-07,111.14,111.18,111.07,111.11,84.057,2030961
2016-11-08,111.13,111.16,110.8734,110.93,83.9208,2107399
2016-11-09,110.53,110.57,109.78,109.9,83.1416,3657249
2016-11-10,109.66,109.88,109.42,109.45,82.8012,4179169
2016-11-11,109.46,109.5,109.22,109.25,82.6498,2804638
2016-11-14,108.64,109.06,108.64,108.81,82.317,3055326
2016-11-15,109.0,109.07,108.87,108.89,82.3775,2252283
2016-11-16,109.01,109.13,108.9241,109.13,82.5591,2165040
2016-11-17,109.01,109.02,108.67,108.72,82.2489,1904088
2016-11-18,108.81,108.82,108.36,108.37,81.9841,2767026
2016-11-21,108.56,108.57,108.37,108.46,82.0522,1705567
2016-11-22,108.59,108.659,108.4599,108.56,82.1278,3465281
2016-11-23,108.18,108.3267,107.92,108.18,81.8404,2497587
2016-11-25,108.3,108.37,108.0945,108.17,81.8328,1071549
2016-11-28,108.38,108.57,108.33,108.55,82.1203,2476734
2016-11-29,108.5,108.72,108.425,108.67,82.2111,2178974
2016-11-30,108.23,108.43,108.1342,108.24,81.8858,4627504
2016-12-01,107.75,107.79,107.465,107.68,81.6159,4691890
2016-12-02,107.93,108.1999,107.85,108.02,81.8736,4269397
2016-12-05,107.94,108.26,107.78,108.11,81.9418,3398051
2016-12-06,108.14,108.18,108.04,108.09,81.9266,3306875
2016-12-07,108.22,108.38,108.2,108.37,82.1388,3796920
2016-12-08,108.18,108.215,108.05,108.17,81.9873,2822645
2016-12-09,108.08,108.18,107.72,107.84,81.7371,4530921
2016-12-12,107.7,107.82,107.61,107.74,81.6613,3074224
2016-12-13,107.87,107.94,107.7101,107.88,81.7675,3665919
2016-12-14,108.07,108.1185,107.29,107.29,81.3203,3544087
2016-12-15,107.37,107.42,107.15,107.16,81.2217,4619085
2016-12-16,107.16,107.385,107.06,107.23,81.2748,2981686
2016-12-19,107.4,107.55,107.349,107.51,81.487,3202481
2016-12-20,107.3,107.4366,107.27,107.41,81.4112,2871918
2016-12-21,107.5,107.66,107.43,107.64,81.5855,4066779
2016-12-22,107.34,107.46,107.24,107.39,81.5845,4110325
2016-12-23,107.54,107.54,107.39,107.42,81.6073,3821161
2016-12-27,107.19,107.34,107.19,107.34,81.5466,2661574
2016-12-28,107.33,107.6,107.3,107.51,81.6757,5609732
2016-12-29,107.73,107.8793,107.65,107.84,81.9264,3649948
2016-12-30,107.88,108.12,107.85,108.06,82.0935,3690250
2017-01-03,107.73,108.22,107.73,108.17,82.1771,5079339
2017-01-04,108.16,108.21,108.03,108.2,82.1999,3297075
2017-01-05,108.37,108.68,108.2201,108.65,82.5418,5165933
2017-01-06,108.43,108.5,108.26,108.29,82.2683,2910119
2017-01-09,108.54,108.54,108.43,108.47,82.405,3030497
2017-01-10,108.45,108.5472,108.42,108.44,82.3822,2396346
2017-01-11,108.53,108.93,108.42,108.57,82.481,4465599
2017-01-12,108.78,108.9,108.61,108.61,82.5114,3036555
2017-01-13,108.5,108.55,108.261,108.42,82.367,3293580
2017-01-17,108.81,108.87,108.65,108.79,82.6481,3685709
2017-01-18,108.6,108.67,108.235,108.32,82.2911,3115614
2017-01-19,108.06,108.16,107.9334,108.04,82.0783,2387984
2017-01-20,107.94,108.1191,107.83,108.08,82.1087,3524950
2017-01-23,108.22,108.57,108.1,108.38,82.3366,3063351
2017-01-24,108.33,108.3962,108.101,108.21,82.2075,2049504
2017-01-25,107.98,108.04,107.83,107.92,81.9872,2912944
2017-01-26,107.86,108.03,107.71,107.99,82.0404,2046256
2017-01-27,108.03,108.16,108.015,108.08,82.1087,3096808
2017-01-30,108.16,108.21,108.03,108.03,82.0707,2946223
2017-01-31,108.08,108.3701,108.08,108.29,82.2683,7552672
2017-02-01,107.77,108.005,107.6935,107.92,82.1526,2994645
2017-02-02,108.06,108.18,107.95,107.98,82.1983,3490763
2017-02-03,108.12,108.2833,107.86,108.01,82.2211,2728430
2017-02-06,108.22,108.38,108.095,108.32,82.4571,1827186
2017-02-07,108.3,108.58,108.245,108.43,82.5408,2659217
2017-02-08,108.61,108.83,108.61,108.74,82.7768,3873152
2017-02-09,108.61,108.67,108.43,108.48,82.5789,2736100
2017-02-10,108.26,108.47,108.26,108.46,82.5637,2365339
2017-02-13,108.34,108.35,108.23,108.3,82.4419,2189830
2017-02-14,108.3,108.3,107.91,108.06,82.2592,2809525
2017-02-15,107.92,107.9966,107.86,107.89,82.1298,2138914
2017-02-16,108.01,108.28,108.01,108.12,82.3048,5257568
2017-02-17,108.37,108.445,108.32,108.36,82.4875,2228261
2017-02-21,108.24,108.45,108.22,108.35,82.4799,1980343
2017-02-22,108.54,108.55,108.2,108.42,82.5332,2655460
2017-02-23,108.56,108.645,108.5338,108.6,82.6702,2168995
2017-02-24,108.88,109.06,108.82,109.0,82.9747,2670884
2017-02-27,108.95,108.98,108.77,108.8,82.8225,1998161
2017-02-28,108.8,108.94,108.75,108.77,82.7997,3840064
2017-03-01,108.12,108.1369,107.98,108.04,82.4108,3280167
2017-03-02,107.93,107.99,107.7513,107.84,82.2583,2299703
2017-03-03,107.92,107.97,107.74,107.92,82.3193,4293867
2017-03-06,107.94,107.99,107.82,107.87,82.2812,3678302
2017-03-07,107.8,107.84,107.69,107.73,82.1744,2237937
2017-03-08,107.39,107.5,107.34,107.47,81.9761,2834748
2017-03-09,107.32,107.34,107.1207,107.14,81.7243,3527292
2017-03-10,107.23,107.32,107.16,107.3,81.8464,1905999
2017-03-13,107.21,107.28,107.1,107.12,81.7091,1658472
2017-03-14,107.08,107.24,107.08,107.16,81.7396,2639200
2017-03-15,107.25,107.79,107.2,107.78,82.2125,2163046
2017-03-16,107.68,107.75,107.62,107.66,82.121,2369707
2017-03-17,107.72,107.91,107.6901,107.89,82.2964,2368799
2017-03-20,107.86,108.05,107.8401,108.05,82.4185,1635249
2017-03-21,107.93,108.27,107.93,108.27,82.5863,2049680
2017-03-22,108.44,108.54,108.36,108.42,82.7007,2643641
2017-03-23,108.44,108.51,108.2635,108.45,82.7236,2071485
2017-03-24,108.35,108.51,108.31,108.36,82.6549,3374871
2017-03-27,108.65,108.71,108.5345,108.62,82.8533,1977292
2017-03-28,108.63,108.68,108.35,108.37,82.6626,2016097
2017-03-29,108.48,108.62,108.46,108.61,82.8456,1965626
2017-03-30,108.52,108.58,108.38,108.41,82.6931,1733874
2017-03-31,108.44,108.53,108.42,108.49,82.7541,3717721
2017-04-03,108.31,108.68,108.3,108.67,83.0617,5198006
2017-04-04,108.61,108.65,108.52,108.57,82.9852,1627492
2017-04-05,108.48,108.74,108.453,108.69,83.077,2304074
2017-04-06,108.64,108.71,108.48,108.68,83.0693,1725301
2017-04-07,108.8,108.89,108.42,108.44,82.8859,1783599
2017-04-10,108.53,108.65,108.4901,108.58,82.9929,1903768
2017-04-11,108.76,108.98,108.75,108.89,83.2298,2200830
2017-04-12,108.93,109.2,108.89,109.13,83.4133,2432965
2017-04-13,109.25,109.39,109.13,109.27,83.5203,2339939
2017-04-17,109.3,109.4,109.18,109.21,83.4744,1646056
2017-04-18,109.41,109.7,109.39,109.65,83.8107,2369862
2017-04-19,109.47,109.56,109.39,109.48,83.6808,2148531
2017-04-20,109.31,109.4,109.2,109.31,83.5509,1867805
2017-04-21,109.4,109.4899,109.3,109.34,83.5738,1539265
2017-04-24,109.05,109.22,109.0,109.18,83.4515,2745689
2017-04-25,108.99,109.045,108.77,108.82,83.1763,1888469
2017-04-26,108.85,108.97,108.77,108.96,83.2833,2893801
2017-04-27,108.94,109.1,108.91,109.06,83.3598,1660940
2017-04-28,108.98,109.25,108.91,109.25,83.505,5774846
2017-05-01,108.86,108.9599,108.62,108.73,83.2898,2510027
2017-05-02,108.68,108.94,108.679,108.88,83.4048,2841518
2017-05-03,108.97,108.99,108.77,108.77,83.3205,1923403
2017-05-04,108.55,108.7,108.55,108.68,83.2515,1897912
2017-05-05,108.72,108.74,108.57,108.7,83.2669,1421843
2017-05-08,108.63,108.67,108.49,108.49,83.106,3568402
2017-05-09,108.43,108.51,108.4,108.5,83.1137,3084948
2017-05-10,108.6,108.66,108.44,108.53,83.1366,1653429
2017-05-11,108.35,108.54,108.3435,108.52,83.129,2331142
2017-05-12,108.81,108.94,108.78,108.92,83.4354,1329696
2017-05-15,108.85,108.94,108.82,108.88,83.4048,1770999
2017-05-16,108.88,109.101,108.88,109.02,83.512,2051881
2017-05-17,109.35,109.6,109.28,109.58,83.941,2464752
2017-05-18,109.54,109.6299,109.4433,109.52,83.895,2107020
2017-05-19,109.51,109.535,109.352,109.52,83.895,1503978
2017-05-22,109.43,109.48,109.4,109.45,83.8414,1642809
2017-05-23,109.5,109.53,109.21,109.24,83.6805,1334724
2017-05-24,109.25,109.5,109.2115,109.43,83.8261,2719267
2017-05-25,109.45,109.49,109.3701,109.48,83.8644,1558065
2017-05-26,109.46,109.54,109.44,109.44,83.8337,955267
2017-05-30,109.58,109.66,109.54,109.65,83.9946,2093241
2017-05-31,109.64,109.81,109.64,109.76,84.0789,2416515
2017-06-01,109.36,109.5,109.3409,109.48,84.0406,2454539
2017-06-02,109.74,109.89,109.69,109.84,84.3169,1507368
2017-06-05,109.66,109.74,109.6,109.67,84.1864,2450624
2017-06-06,109.87,109.95,109.81,109.89,84.3553,1607846
2017-06-07,109.81,109.87,109.7,109.76,84.2555,1903624
2017-06-08,109.7,109.7,109.5101,109.65,84.1711,1532737
2017-06-09,109.51,109.63,109.46,109.56,84.102,1616833
2017-06-12,109.51,109.6958,109.47,109.56,84.102,1394766
2017-06-13,109.43,109.6,109.43,109.59,84.125,1474335
2017-06-14,110.0,110.18,109.85,109.94,84.3937,2627482
2017-06-15,109.9,109.9,109.78,109.87,84.34,2233855
2017-06-16,109.86,109.97,109.85,109.94,84.3937,2216671
2017-06-19,109.87,109.9,109.74,109.79,84.2786,1610466
2017-06-20,109.85,110.03,109.8,109.96,84.409,2195500
2017-06-21,109.88,110.04,109.88,109.98,84.4244,1217369
2017-06-22,110.06,110.0947,109.95,110.03,84.4628,1427444
2017-06-23,110.01,110.1085,109.98,110.05,84.4781,1259120
2017-06-26,110.19,110.24,110.13,110.15,84.5549,1914565
2017-06-27,109.93,109.98,109.7901,109.82,84.3016,3072302
2017-06-28,109.85,109.88,109.68,109.86,84.3323,12184480
2017-06-29,109.53,109.68,109.465,109.65,84.1711,3377194
2017-06-30,109.62,109.6273,109.46,109.51,84.0636,2626939
2017-07-03,109.3,109.3,109.01,109.09,83.9137,1817281
2017-07-05,109.08,109.18,109.0,109.15,83.9599,4288609
2017-07-06,108.95,109.0,108.82,108.94,83.7984,2284910
2017-07-07,108.89,108.95,108.83,108.9,83.7676,2727445
2017-07-10,108.97,109.02,108.89,108.95,83.8061,2386444
2017-07-11,108.97,109.1,108.93,109.05,83.883,1969064
2017-07-12,109.38,109.43,109.26,109.38,84.1368,2129850
2017-07-13,109.29,109.3118,109.13,109.26,84.0445,1568304
2017-07-14,109.54,109.56,109.29,109.37,84.1291,1916631
2017-07-17,109.4,109.48,109.32,109.42,84.1676,4078495
2017-07-18,109.64,109.71,109.58,109.67,84.3599,2878592
2017-07-19,109.72,109.75,109.63,109.7,84.383,1577734
2017-07-20,109.85,109.88,109.7,109.73,84.406,1802663
2017-07-21,109.88,109.96,109.83,109.92,84.5522,1532056
2017-07-24,109.84,109.92,109.76,109.82,84.4753,1946019
2017-07-25,109.6,109.63,109.39,109.43,84.1753,2601670
2017-07-26,109.37,109.71,109.35,109.64,84.3368,2249859
2017-07-27,109.51,109.5868,109.4301,109.48,84.2137,1868732
2017-07-28,109.54,109.7,109.49,109.7,84.383,1894332
2017-07-31,109.69,109.725,109.58,109.65,84.3445,2362989
2017-08-01,109.38,109.72,109.36,109.72,84.5756,2338876
2017-08-02,109.71,109.77,109.64,109.64,84.514,2253372
2017-08-03,109.77,109.94,109.74,109.86,84.6836,1485193
2017-08-04,109.7,109.72,109.535,109.68,84.5448,2300875
2017-08-07,109.69,109.72,109.6066,109.67,84.5371,2359826
2017-08-08,109.67,109.69,109.5,109.57,84.46,2570876
2017-08-09,109.87,109.87,109.66,109.67,84.5371,2308932
2017-08-10,109.7,109.85,109.67,109.78,84.6219,2004163
2017-08-11,109.75,109.94,109.68,109.87,84.6913,1913253
2017-08-14,109.84,109.8969,109.74,109.82,84.6527,2294261
2017-08-15,109.56,109.715,109.56,109.66,84.5294,2177420
2017-08-16,109.54,109.93,109.54,109.86,84.6836,1956479
2017-08-17,109.83,110.02,109.78,110.02,84.8069,5403527
2017-08-18,110.05,110.14,109.89,109.95,84.7529,1564794
2017-08-21,110.01,110.09,109.97,110.03,84.8146,1717640
2017-08-22,109.99,110.02,109.87,109.93,84.7375,1992321
2017-08-23,110.08,110.19,110.01,110.18,84.9302,1894934
2017-08-24,110.07,110.16,109.99,110.04,84.8223,2102142
2017-08-25,110.05,110.19,110.01,110.12,84.884,2326792
2017-08-28,110.17,110.24,110.1,110.16,84.9148,4476080
2017-08-29,110.48,110.49,110.26,110.32,85.0381,2092244
2017-08-30,110.27,110.33,110.24,110.3,85.0227,1505746
2017-08-31,110.31,110.46,110.31,110.45,85.1383,5308381
2017-09-01,110.19,110.22,109.91,109.97,84.945,2824636
2017-09-05,110.27,110.4972,110.21,110.42,85.2926,2257109
2017-09-06,110.42,110.52,110.2301,110.3,85.1999,2720188
2017-09-07,110.43,110.66,110.42,110.57,85.4085,1648825
2017-09-08,110.54,110.58,110.43,110.44,85.3081,2363231
2017-09-11,110.27,110.29,110.1,110.14,85.0764,2492743
2017-09-12,110.04,110.06,109.92,109.98,84.9528,2403562
2017-09-13,110.0,110.04,109.86,109.87,84.8678,1304102
2017-09-14,109.81,109.97,109.81,109.93,84.9141,1704216
2017-09-15,110.0,110.04,109.86,109.91,84.8987,2818046
2017-09-18,109.86,109.9,109.7705,109.86,84.8601,1946411
2017-09-19,109.91,109.96,109.785,109.8,84.8137,1407196
2017-09-20,109.84,109.9194,109.59,109.71,84.7442,1356768
2017-09-21,109.82,109.85,109.68,109.69,84.7288,2210883
2017-09-22,109.86,109.9,109.75,109.77,84.7906,1461846
2017-09-25,109.85,110.04,109.82,110.03,84.9914,3937638
2017-09-26,109.95,110.02,109.88,109.99,84.9605,2749892
2017-09-27,109.67,109.75,109.6,109.67,84.7133,3042751
2017-09-28,109.58,109.72,109.51,109.68,84.721,1702507
2017-09-29,109.74,109.77,109.54,109.59,84.6515,5770818
2017-10-02,109.43,109.51,109.33,109.43,84.7036,5692248
2017-10-03,109.46,109.54,109.4,109.52,84.7733,2462485
2017-10-04,109.56,109.57,109.41,109.49,84.75,2673151
2017-10-05,109.54,109.54,109.3701,109.44,84.7113,1909925
2017-10-06,109.22,109.42,109.1499,109.28,84.5875,1823984
2017-10-09,109.35,109.43,109.3,109.43,84.7036,1131590
2017-10-10,109.47,109.61,109.3999,109.44,84.7113,1635802
2017-10-11,109.47,109.53,109.42,109.46,84.7268,1866393
2017-10-12,109.56,109.61,109.48,109.59,84.8274,1933369
2017-10-13,109.82,109.87,109.69,109.86,85.0364,1743840
2017-10-16,109.75,109.81,109.66,109.75,84.9513,3788111
2017-10-17,109.62,109.74,109.55,109.71,84.9203,1764831
2017-10-18,109.51,109.56,109.46,109.54,84.7887,1663836
2017-10-19,109.71,109.75,109.54,109.62,84.8507,1876987
2017-10-20,109.32,109.405,109.26,109.3,84.603,2014321
2017-10-23,109.4,109.47,109.36,109.42,84.6958,2000787
2017-10-24,109.23,109.29,109.17,109.19,84.5178,1722478
2017-10-25,108.96,109.13,108.95,109.12,84.4636,2945419
2017-10-26,109.2,109.229,108.98,109.0,84.3708,2163496
2017-10-27,109.07,109.26,109.035,109.24,84.5565,1902541
2017-10-30,109.43,109.56,109.36,109.54,84.7887,2384812
2017-10-31,109.52,109.55,109.44,109.47,84.7346,3719883
2017-11-01,109.17,109.41,109.17,109.29,84.7718,2959362
2017-11-02,109.35,109.495,109.331,109.35,84.8183,2160492
2017-11-03,109.48,109.48,109.29,109.45,84.8959,1781239
2017-11-06,109.56,109.59,109.46,109.55,84.9735,1292977
2017-11-07,109.58,109.61,109.49,109.58,84.9967,2015511
2017-11-08,109.54,109.6,109.46,109.51,84.9424,2742622
2017-11-09,109.39,109.46,109.3,109.43,84.8804,2479760
2017-11-10,109.06,109.15,108.97,108.99,84.5391,1751136
2017-11-13,109.11,109.11,108.96,108.99,84.5391,1891563
2017-11-14,109.01,109.12,109.0,109.1,84.6244,2799949
2017-11-15,109.26,109.38,109.14,109.31,84.7873,2495653
2017-11-16,109.22,109.32,109.175,109.19,84.6942,1912596
2017-11-17,109.33,109.39,109.26,109.31,84.7873,3544593
2017-11-20,109.23,109.3,109.18,109.25,84.7408,2639133
2017-11-21,109.39,109.43,109.222,109.36,84.8261,2297395
2017-11-22,109.4,109.56,109.38,109.55,84.9735,6104105
2017-11-24,109.5,109.56,109.48,109.53,84.9579,1693471
2017-11-27,109.53,109.58,109.44,109.53,84.9579,2653260
2017-11-28,109.59,109.63,109.47,109.53,84.9579,5126887
2017-11-29,109.27,109.32,109.1789,109.26,84.7485,2423666
2017-11-30,109.25,109.3,109.02,109.08,84.6089,4011274
2017-12-01,109.02,109.48,108.845,109.16,84.8505,3410153
2017-12-04,109.03,109.17,109.0,109.15,84.8428,2652809
2017-12-05,109.09,109.26,109.08,109.26,84.9283,2995529
2017-12-06,109.42,109.52,109.37,109.37,85.0138,2965777
2017-12-07,109.44,109.46,109.1536,109.23,84.905,2584120
2017-12-08,109.21,109.29,109.145,109.19,84.8739,1684998
2017-12-11,109.29,109.32,109.13,109.15,84.8428,2612378
2017-12-12,109.07,109.11,108.95,109.1,84.8039,3142615
2017-12-13,109.23,109.55,109.135,109.41,85.0449,3109545
2017-12-14,109.31,109.51,109.23,109.44,85.0682,4126106
2017-12-15,109.42,109.55,109.315,109.47,85.0915,2403655
2017-12-18,109.47,109.47,109.25,109.33,84.9827,4474295
2017-12-19,109.14,109.16,108.89,109.01,84.7339,2820942
2017-12-20,108.75,108.88,108.7059,108.76,84.5396,4002532
2017-12-21,108.76,108.87,108.73,108.82,84.6146,2374500
2017-12-22,108.82,108.89,108.81,108.87,84.6535,3292848
2017-12-26,108.91,109.01,108.87,108.96,84.7234,1873401
2017-12-27,109.02,109.325,109.02,109.3,84.9878,2046950
2017-12-28,109.22,109.2599,109.1435,109.22,84.9256,2895441
2017-12-29,109.28,109.39,109.24,109.33,85.0111,2813359
2018-01-02,109.26,109.31,108.97,109.17,84.8867,8851239
2018-01-03,109.25,109.25,109.09,109.18,84.8945,2441732
2018-01-04,109.02,109.15,108.9747,109.11,84.8401,2945384
2018-01-05,109.15,109.15,108.95,109.04,84.7857,4322873
2018-01-08,109.11,109.11,108.95,109.01,84.7623,3394498
2018-01-09,108.91,108.91,108.69,108.71,84.5291,2301454
2018-01-10,108.48,108.72,108.43,108.71,84.5291,4194349
2018-01-11,108.66,108.86,108.61,108.76,84.5679,3470415
2018-01-12,108.64,108.83,108.63,108.74,84.5524,3605930
2018-01-16,108.87,108.98,108.715,108.77,84.5757,6794442
2018-01-17,108.73,108.839,108.62,108.65,84.4824,3146296
2018-01-18,108.43,108.525,108.35,108.41,84.2958,2896531
2018-01-19,108.4,108.4,108.14,108.18,84.1169,2933808
2018-01-22,108.22,108.2999,108.11,108.14,84.0858,3983269
2018-01-23,108.33,108.4401,108.29,108.4,84.288,4775565
2018-01-24,108.25,108.32,108.15,108.29,84.2025,2362273
2018-01-25,108.26,108.57,108.19,108.57,84.4202,9851621
2018-01-26,108.51,108.51,108.27,108.37,84.2647,3808163
2018-01-29,108.14,108.25,108.02,108.18,84.1169,3974875
2018-01-30,108.12,108.12,107.92,108.01,83.9848,3659538
2018-01-31,108.2,108.21,107.88,108.1,84.0547,8066895
2018-02-01,107.75,107.825,107.48,107.52,83.7912,9678708
2018-02-02,107.25,107.345,107.1,107.2,83.5418,4779286
2018-02-05,107.13,107.81,107.0,107.63,83.8769,5991702
2018-02-06,107.46,107.56,107.28,107.32,83.6353,6031378
2018-02-07,107.43,107.4369,107.0,107.08,83.4483,4115631
2018-02-08,106.84,107.14,106.77,106.9,83.308,4761578
2018-02-09,106.72,107.07,106.7,106.76,83.1989,5926119
2018-02-12,106.74,106.945,106.6632,106.79,83.2223,5421413
2018-02-13,106.79,106.91,106.7,106.82,83.2457,4256198
2018-02-14,106.57,106.66,106.4039,106.46,82.9651,4317006
2018-02-15,106.56,106.7272,106.53,106.59,83.0664,2878890
2018-02-16,106.85,106.875,106.71,106.8,83.2301,3648896
2018-02-20,106.69,106.7099,106.5501,106.69,83.1444,2907353
2018-02-21,106.77,106.8,106.2601,106.35,82.8794,3223807
2018-02-22,106.49,106.56,106.36,106.36,82.8872,2485375
2018-02-23,106.61,106.76,106.565,106.63,83.0976,2398139
2018-02-26,106.88,106.95,106.69,106.71,83.16,4617332
2018-02-27,106.78,106.82,106.38,106.48,82.9807,5704682
2018-02-28,106.59,106.77,106.54,106.77,83.2067,9614100
2018-03-01,106.54,106.72,106.381,106.63,83.281,7335507
2018-03-02,106.47,106.5498,106.36,106.46,83.1482,3717333
2018-03-05,106.6,106.65,106.28,106.4,83.1013,3307229
2018-03-06,106.45,106.56,106.38,106.42,83.1169,1932134
2018-03-07,106.51,106.55,106.37,106.4,83.1013,3448700
2018-03-08,106.42,106.63,106.42,106.57,83.2341,2396210
2018-03-09,106.43,106.46,106.3048,106.37,83.0779,3669435
2018-03-12,106.43,106.49,106.37,106.43,83.1248,4149551
2018-03-13,106.59,106.6,106.453,106.57,83.2341,2727516
2018-03-14,106.54,106.845,106.52,106.75,83.3747,3126465
2018-03-15,106.73,106.8099,106.64,106.76,83.3825,3045480
2018-03-16,106.62,106.7199,106.6,106.7,83.3356,2552666
2018-03-19,106.56,106.74,106.53,106.59,83.2497,2263306
2018-03-20,106.44,106.51,106.4,106.42,83.1169,3000736
2018-03-21,106.32,106.48,106.08,106.41,83.1091,2994423
2018-03-22,106.67,106.8,106.49,106.61,83.2653,3334408
2018-03-23,106.46,106.7,106.46,106.61,83.2653,3618720
2018-03-26,106.64,106.71,106.47,106.57,83.2341,4546535
2018-03-27,106.63,106.95,106.61,106.88,83.4762,4537652
2018-03-28,107.05,107.1,106.88,106.94,83.5231,5617206
2018-03-29,106.95,107.26,106.95,107.25,83.7652,9190690
2018-04-02,106.9,107.04,106.82,106.9,83.6823,7280259
2018-04-03,106.82,106.87,106.74,106.78,83.5884,9916091
2018-04-04,106.9,106.9267,106.791,106.82,83.6197,6200862
2018-04-05,106.71,106.76,106.63,106.67,83.5023,2592453
2018-04-06,106.89,106.9763,106.79,106.91,83.6902,2814781
2018-04-09,106.83,107.0,106.78,107.0,83.7606,3746468
2018-04-10,106.95,106.985,106.83,106.92,83.698,2955469
2018-04-11,107.05,107.0599,106.93,107.01,83.7685,8598940
2018-04-12,106.91,106.93,106.76,106.77,83.5806,3898969
2018-04-13,106.69,106.84,106.67,106.8,83.6041,2764839
2018-04-16,106.64,106.84,106.61,106.82,83.6197,3860835
2018-04-17,106.81,106.8899,106.75,106.85,83.6432,2362997
2018-04-18,106.74,106.751,106.54,106.55,83.4084,2231676
2018-04-19,106.34,106.3899,106.24,106.29,83.2048,10985060
2018-04-20,106.15,106.24,106.0,106.0,82.9778,2766030
2018-04-23,105.98,106.01,105.9,105.95,82.9387,2620804
2018-04-24,105.85,105.92,105.78,105.81,82.8291,3442319
2018-04-25,105.72,105.74,105.6,105.67,82.7195,3784953
2018-04-26,105.83,105.9,105.76,105.85,82.8604,4870388
2018-04-27,105.96,106.04,105.94,105.98,82.9622,3806396
2018-04-30,106.01,106.12,105.99,106.0,82.9778,4692614
2018-05-01,105.73,105.79,105.6,105.67,82.9073,3027047
2018-05-02,105.7,105.78,105.62,105.67,82.9073,2560752
2018-05-03,105.82,105.95,105.78,105.79,83.0014,4499248
2018-05-04,105.92,105.93,105.71,105.86,83.0563,2317096
2018-05-07,105.88,105.88,105.77,105.81,83.0171,1533669
2018-05-08,105.66,105.75,105.6,105.69,82.9229,2591700
2018-05-09,105.56,105.64,105.52,105.57,82.8288,2507491
2018-05-10,105.75,105.82,105.69,105.81,83.0171,2096721
2018-05-11,105.9,105.9,105.76,105.86,83.0563,2034081
2018-05-14,105.79,105.85,105.74,105.76,82.9779,2183502
2018-05-15,105.49,105.49,105.19,105.29,82.6091,2166440
2018-05-16,105.36,105.42,105.15,105.17,82.515,2477507
2018-05-17,105.19,105.21,105.0,105.03,82.4051,2789005
2018-05-18,105.16,105.32,105.16,105.3,82.617,2151118
2018-05-21,105.28,105.37,105.2405,105.31,82.6248,1952244
2018-05-22,105.32,105.3712,105.28,105.31,82.6248,2246365
2018-05-23,105.5,105.65,105.48,105.6,82.8523,6061860
2018-05-24,105.82,105.96,105.82,105.89,83.0799,2903289
2018-05-25,106.1,106.18,106.03,106.12,83.2603,2508114
2018-05-29,106.37,107.0,106.32,106.82,83.8095,3494325
2018-05-30,106.54,106.67,106.401,106.55,83.5977,3158167
2018-05-31,106.52,106.67,106.39,106.46,83.5271,5157385
2018-06-01,105.95,106.13,105.91,106.08,83.4243,6206774
2018-06-04,106.0,106.01,105.79,105.83,83.2277,4288082
2018-06-05,105.99,106.04,105.85,105.91,83.2906,1848314
2018-06-06,105.71,105.75,105.581,105.67,83.1018,2705824
2018-06-07,105.64,106.12,105.6246,105.9,83.2827,2724806
2018-06-08,105.75,105.9,105.74,105.75,83.1648,3416767
2018-06-11,105.65,105.74,105.57,105.64,83.0782,4330767
2018-06-12,105.56,105.69,105.56,105.67,83.1018,3546472
2018-06-13,105.68,105.75,105.38,105.57,83.0232,3627325
2018-06-14,105.75,105.86,105.691,105.84,83.2355,4689627
2018-06-15,106.01,106.089,105.86,105.88,83.267,2361806
2018-06-18,105.93,105.93,105.8,105.9,83.2827,2359348
2018-06-19,106.05,106.11,105.98,106.01,83.3692,2184239
2018-06-20,106.06,106.06,105.79,105.81,83.2119,2403650
2018-06-21,105.88,105.9599,105.81,105.84,83.2355,2895519
2018-06-22,105.82,105.94,105.8,105.94,83.3142,1957177
2018-06-25,105.95,106.04,105.86,105.88,83.267,5522854
2018-06-26,105.99,106.05,105.9405,106.05,83.4007,2665205
2018-06-27,106.23,106.31,106.16,106.24,83.5501,3001320
2018-06-28,106.28,106.29,106.16,106.23,83.5422,1798917
2018-06-29,106.3,106.42,106.25,106.32,83.613,7117325
2018-07-02,106.1,106.125,105.99,105.99,83.5335,7159907
2018-07-03,106.03,106.21,106.025,106.21,83.7069,2425106
2018-07-05,106.22,106.34,106.21,106.31,83.7857,2739896
2018-07-06,106.41,106.45,106.32,106.42,83.8724,2598654
2018-07-09,106.29,106.34,106.25,106.32,83.7936,1926043
2018-07-10,106.28,106.3,106.19,106.24,83.7306,2489718
2018-07-11,106.33,106.35,106.22,106.28,83.7621,5385003
2018-07-12,106.26,106.42,106.26,106.41,83.8646,2145797
2018-07-13,106.44,106.52,106.44,106.51,83.9434,2235587
2018-07-16,106.35,106.4,106.2434,106.39,83.8488,2116503
2018-07-17,106.4,106.45,106.29,106.35,83.8173,2964094
2018-07-18,106.36,106.385,106.27,106.32,83.7936,1760866
2018-07-19,106.34,106.545,106.31,106.48,83.9197,2163249
2018-07-20,106.38,106.44,106.2,106.27,83.7542,3024605
2018-07-23,106.17,106.185,105.885,105.9,83.4626,1848649
2018-07-24,105.92,106.07,105.9001,106.05,83.5808,3590304
2018-07-25,106.12,106.17,105.95,106.06,83.5887,3318287
2018-07-26,106.1,106.15,105.95,106.0,83.5414,2245020
2018-07-27,106.13,106.1599,106.04,106.08,83.6045,2637432
2018-07-30,105.94,106.05,105.91,105.97,83.5178,5518246
2018-07-31,106.11,106.1756,106.05,106.06,83.5887,5928141
2018-08-01,105.55,105.76,105.512,105.7,83.5028,4534062
2018-08-02,105.76,105.76,105.65,105.74,83.5344,3671901
2018-08-03,105.81,105.9799,105.81,105.97,83.7161,2542872
2018-08-06,106.03,106.11,106.0,106.04,83.7714,4120024
2018-08-07,105.97,105.97,105.825,105.85,83.6213,2532774
2018-08-08,105.83,105.91,105.8,105.85,83.6213,1937527
2018-08-09,105.97,106.04,105.9329,106.0,83.7398,2386423
2018-08-10,106.11,106.36,106.11,106.23,83.9215,4136263
2018-08-13,106.16,106.3,106.1501,106.29,83.9689,2786252
2018-08-14,106.3,106.33,106.16,106.19,83.8899,6087441
2018-08-15,106.29,106.44,106.25,106.34,84.0084,4652701
2018-08-16,106.38,106.42,106.24,106.4,84.0558,2658190
2018-08-17,106.43,106.545,106.38,106.46,84.1032,2071108
2018-08-20,106.59,106.68,106.53,106.67,84.2691,2355530
2018-08-21,106.58,106.62,106.51,106.58,84.198,2834967
2018-08-22,106.66,106.71,106.57,106.67,84.2691,2189962
2018-08-23,106.67,106.705,106.61,106.61,84.2217,1568629
2018-08-24,106.5,106.73,106.49,106.73,84.3165,3649676
2018-08-27,106.59,106.66,106.56,106.59,84.2059,3233506
2018-08-28,106.45,106.49,106.36,106.39,84.0479,2558087
2018-08-29,106.38,106.41,106.29,106.37,84.0321,2792416
2018-08-30,106.47,106.5,106.38,106.42,84.0716,2803229
2018-08-31,106.58,106.6,106.41,106.41,84.0637,3308670
2018-09-04,106.02,106.12,105.975,106.06,83.9712,3164000
2018-09-05,106.05,106.075,105.96,106.01,83.9316,2788329
2018-09-06,106.09,106.27,106.09,106.19,84.0742,2248481
2018-09-07,105.92,105.94,105.81,105.81,83.7733,2571740
2018-09-10,105.85,105.95,105.85,105.91,83.8525,3305683
2018-09-11,105.78,105.84,105.7,105.73,83.71,4918982
2018-09-12,105.81,105.89,105.8,105.8,83.7654,4168939
2018-09-13,105.96,106.0,105.85,105.87,83.8208,2280187
2018-09-14,105.72,105.7899,105.66,105.67,83.6625,2693325
2018-09-17,105.65,105.78,105.6,105.67,83.6625,5721676
2018-09-18,105.59,105.6,105.39,105.44,83.4804,2206031
2018-09-19,105.42,105.43,105.22,105.24,83.322,2700645
2018-09-20,105.23,105.45,105.23,105.38,83.4329,2897990
2018-09-21,105.34,105.47,105.3232,105.46,83.4962,2792572
2018-09-24,105.33,105.46,105.3101,105.36,83.417,1894985
2018-09-25,105.25,105.31,105.18,105.31,83.3774,2059394
2018-09-26,105.37,105.6,105.335,105.56,83.5754,2912060
2018-09-27,105.5,105.64,105.5,105.63,83.6308,2528176
2018-09-28,105.69,105.71,105.51,105.52,83.5437,4883958
2018-10-01,105.35,105.35,105.2,105.24,83.5211,3517615
2018-10-02,105.32,105.46,105.25,105.36,83.6164,6912595
2018-10-03,105.22,105.24,104.75,104.86,83.2196,2540483
2018-10-04,104.65,104.7171,104.4701,104.56,82.9815,5268197
2018-10-05,104.46,104.48,104.19,104.33,82.7989,3460512
2018-10-08,104.38,104.4,104.29,104.29,82.7672,2267961
2018-10-09,104.39,104.5099,104.32,104.44,82.8862,21903180
2018-10-10,104.34,104.46,104.2335,104.41,82.8624,3834833
2018-10-11,104.59,104.86,104.51,104.72,83.1085,7053895
2018-10-12,104.71,104.8699,104.675,104.75,83.1323,5017438
2018-10-15,104.73,104.7835,104.6233,104.68,83.0767,3047742
2018-10-16,104.69,104.74,104.58,104.74,83.1243,5750136
2018-10-17,104.71,104.77,104.52,104.53,82.9577,2844251
2018-10-18,104.39,104.6195,104.375,104.46,82.9021,3158160
2018-10-19,104.47,104.55,104.34,104.37,82.8307,2985836
2018-10-22,104.47,104.52,104.34,104.35,82.8148,2807288
2018-10-23,104.67,104.74,104.475,104.48,82.918,3524332
2018-10-24,104.69,104.81,104.67,104.75,83.1323,4465115
2018-10-25,104.71,104.77,104.61,104.66,83.0608,8290193
2018-10-26,104.88,105.05,104.87,104.9,83.2513,5811430
2018-10-29,104.86,104.89,104.72,104.79,83.164,5075124
2018-10-30,104.68,104.78,104.64,104.64,83.045,2551951
2018-10-31,104.5,104.7,104.5,104.59,83.0053,14880450
2018-11-01,104.22,104.41,104.21,104.34,83.0103,7918997
2018-11-02,104.25,104.29,103.94,104.03,82.7637,4491534
2018-11-05,104.14,104.17,104.07,104.1,82.8194,3412593
2018-11-06,104.09,104.1699,104.0635,104.11,82.8273,2619867
2018-11-07,104.25,104.36,104.14,104.2,82.8989,4677344
2018-11-08,104.19,104.22,104.0,104.01,82.7478,3489240
2018-11-09,104.07,104.25,104.07,104.14,82.8512,2901862
2018-11-12,104.31,104.35,104.25,104.31,82.9865,2779740
2018-11-13,104.3,104.37,104.2131,104.35,83.0183,2977135
2018-11-14,104.22,104.5,104.2,104.36,83.0262,3395933
2018-11-15,104.48,104.51,104.3101,104.49,83.1297,3861267
2018-11-16,104.55,104.71,104.51,104.66,83.2649,3332603
2018-11-19,104.61,104.7299,104.61,104.65,83.257,4673171
2018-11-20,104.67,104.72,104.61,104.61,83.2251,3162710
2018-11-21,104.6,104.69,104.58,104.68,83.2808,5701650
2018-11-23,104.84,104.84,104.65,104.65,83.257,1665891
2018-11-26,104.67,104.67,104.59,104.63,83.241,4326052
2018-11-27,104.58,104.74,104.58,104.66,83.2649,4107650
2018-11-28,104.63,104.91,104.57,104.86,83.424,8513892
2018-11-29,104.92,104.99,104.84,104.91,83.4638,5922602
2018-11-30,104.93,104.96,104.82,104.88,83.4399,6126215
2018-12-03,104.69,104.86,104.63,104.8,83.5766,14037870
2018-12-04,104.98,105.2799,104.94,105.08,83.7999,5365152
2018-12-06,105.29,105.54,105.28,105.34,84.0073,7396761
2018-12-07,105.39,105.55,105.28,105.48,84.1189,5440236
2018-12-10,105.55,105.63,105.43,105.55,84.1747,6096047
2018-12-11,105.63,105.7166,105.51,105.58,84.1987,8086242
2018-12-12,105.48,105.5688,105.46,105.5,84.1349,8088958
2018-12-13,105.59,105.65,105.53,105.53,84.1588,5762548
2018-12-14,105.68,105.68,105.56,105.56,84.1827,6265024
2018-12-17,105.66,105.78,105.61,105.74,84.3263,7630451
2018-12-18,105.63,105.84,105.63,105.84,84.5736,6626140
2018-12-19,105.88,106.1699,105.79,105.94,84.6536,7264847
2018-12-20,106.1,106.12,105.8101,105.84,84.5736,7695043
2018-12-21,105.94,105.96,105.76,105.79,84.5337,10381250
2018-12-24,105.95,105.9999,105.81,105.86,84.5896,7196077
2018-12-26,105.92,106.0,105.63,105.66,84.4298,8606928
2018-12-27,105.95,106.06,105.77,105.83,84.5657,10562240
2018-12-28,105.97,106.22,105.94,106.22,84.8773,7019644
2018-12-31,106.12,106.51,106.11,106.49,85.093,9671788
2019-01-02,106.55,106.61,106.4701,106.57,85.157,11200740
2019-01-03,106.57,107.075,106.57,107.01,85.5086,6497102
2019-01-04,106.66,106.72,106.55,106.69,85.2529,8148986
2019-01-07,106.72,106.79,106.46,106.51,85.109,7433691
2019-01-08,106.4,106.53,106.38,106.43,85.0451,4395589
2019-01-09,106.42,106.57,106.4001,106.52,85.117,5458087
2019-01-10,106.52,106.56,106.33,106.4,85.0211,3532551
2019-01-11,106.58,106.66,106.5,106.55,85.141,5759032
2019-01-14,106.57,106.6099,106.4,106.4,85.0211,7544314
2019-01-15,106.54,106.55,106.33,106.42,85.0371,3690211
2019-01-16,106.33,106.52,106.305,106.51,85.109,4007835
2019-01-17,106.53,106.53,106.335,106.43,85.0451,5546970
2019-01-18,106.37,106.4799,106.2803,106.35,84.9812,5643389
2019-01-22,106.44,106.62,106.44,106.44,85.0531,6823956
2019-01-23,106.38,106.59,106.37,106.55,85.141,3222846
2019-01-24,106.72,106.84,106.67,106.73,85.2848,7308898
2019-01-25,106.64,106.7,106.56,106.68,85.2449,3469453
2019-01-28,106.62,106.745,106.58,106.62,85.1969,7365747
2019-01-29,106.73,106.925,106.685,106.9,85.4207,6158607
2019-01-30,106.79,107.15,106.79,107.14,85.6124,6350434
2019-01-31,107.3,107.53,107.29,107.46,85.8681,14766450
2019-02-01,107.09,107.15,106.88,106.97,85.6906,7227896
2019-02-04,106.83,106.9,106.77,106.88,85.6185,14227730
2019-02-05,106.95,107.14,106.95,107.11,85.8027,8913510
2019-02-06,107.2,107.22,106.985,107.05,85.7547,6449575
2019-02-07,107.15,107.1983,107.03,107.1,85.7947,3938913
2019-02-08,107.17,107.38,107.17,107.34,85.987,4288562
2019-02-11,107.23,107.28,107.15,107.23,85.8989,3521028
2019-02-12,107.22,107.26,107.1217,107.25,85.9149,3136691
2019-02-13,107.08,107.14,107.01,107.06,85.7627,2526097
2019-02-14,107.33,107.35,107.17,107.22,85.8908,2908486
2019-02-15,107.25,107.31,107.19,107.3,85.9549,2413984
2019-02-19,107.43,107.45,107.28,107.36,86.003,6235519
2019-02-20,107.37,107.39,107.2843,107.37,86.011,3231241
2019-02-21,107.16,107.18,107.1,107.13,85.8187,3676956
2019-02-22,107.25,107.5161,107.22,107.4,86.035,2731541
2019-02-25,107.35,107.4,107.3,107.37,86.011,3645391
2019-02-26,107.53,107.565,107.4301,107.49,86.1071,4759394
2019-02-27,107.4,107.4,107.21,107.26,85.9229,2988342
2019-02-28,107.26,107.29,107.03,107.07,85.7707,11872110
2019-03-01,106.77,106.84,106.61,106.63,85.6316,5526990
2019-03-04,106.74,106.8399,106.69,106.76,85.736,3837156
2019-03-05,106.73,106.84,106.6701,106.83,85.7922,5835845
2019-03-06,106.88,107.07,106.85,106.99,85.9207,4834023
2019-03-07,107.16,107.35,107.1175,107.29,86.1617,6089153
2019-03-08,107.31,107.465,107.2401,107.43,86.2741,4943131
2019-03-11,107.44,107.47,107.35,107.44,86.2821,5638411
2019-03-12,107.5,107.6685,107.43,107.64,86.4427,5243350
2019-03-13,107.56,107.61,107.51,107.59,86.4026,2608927
2019-03-14,107.57,107.58,107.39,107.43,86.2741,2955400
2019-03-15,107.65,107.7396,107.57,107.7,86.4909,2756917
2019-03-18,107.67,107.7,107.63,107.68,86.4748,2295491
2019-03-19,107.58,107.71,107.53,107.62,86.4267,2928330
2019-03-20,107.71,108.0899,107.67,108.06,86.78,4236169
2019-03-21,108.13,108.1752,108.05,108.08,86.7961,4192702
2019-03-22,108.46,108.755,108.37,108.62,87.2297,2464093
2019-03-25,108.63,108.989,108.6,108.82,87.3904,4971284
2019-03-26,108.76,108.93,108.71,108.84,87.4064,3120549
2019-03-27,109.0,109.18,108.99,109.07,87.5911,3719559
2019-03-28,109.06,109.14,108.96,109.08,87.5992,6070991
2019-03-29,108.85,109.07,108.83,109.07,87.5911,5988628
2019-04-01,108.62,108.62,108.28,108.31,87.1902,11261860
2019-04-02,108.39,108.46,108.3201,108.43,87.2868,8080094
2019-04-03,108.24,108.32,108.19,108.23,87.1258,3731127
2019-04-04,108.25,108.32,108.2,108.31,87.1902,3676929
2019-04-05,108.27,108.41,108.23,108.39,87.2546,2236562
2019-04-08,108.39,108.4,108.3,108.34,87.2143,9485306
2019-04-09,108.47,108.52,108.39,108.4,87.2626,3753769
2019-04-10,108.55,108.6367,108.495,108.61,87.4317,4682046
2019-04-11,108.53,108.53,108.42,108.48,87.327,2827701
2019-04-12,108.26,108.35,108.22,108.27,87.158,2390560
2019-04-15,108.21,108.3,108.21,108.25,87.1419,2546204
2019-04-16,108.12,108.21,108.02,108.06,86.9889,4093942
2019-04-17,108.09,108.1899,108.05,108.05,86.9809,3390171
2019-04-18,108.23,108.29,108.16,108.19,87.0936,2217221
2019-04-22,108.13,108.16,108.05,108.06,86.9889,5725612
2019-04-23,108.18,108.28,108.15,108.25,87.1419,3422712
2019-04-24,108.42,108.53,108.42,108.5,87.3431,3000163
2019-04-25,108.47,108.55,108.42,108.49,87.3351,2648150
2019-04-26,108.74,108.75,108.66,108.71,87.5122,2299929
2019-04-29,108.56,108.62,108.49,108.52,87.3592,2782634
2019-04-30,108.56,108.68,108.5135,108.59,87.4156,7491505
2019-05-01,108.47,108.76,108.32,108.4,87.4723,6387902
2019-05-02,108.33,108.33,108.1,108.16,87.2787,3379510
2019-05-03,108.32,108.42,108.275,108.34,87.4239,2326299
2019-05-06,108.56,108.57,108.44,108.48,87.5369,4609083
2019-05-07,108.63,108.7,108.585,108.61,87.6418,3051351
2019-05-08,108.74,108.81,108.55,108.59,87.6256,5946381
2019-05-09,108.78,108.81,108.55,108.65,87.6741,4847612
2019-05-10,108.74,108.82,108.63,108.67,87.6902,5257496
2019-05-13,108.83,108.9768,108.815,108.85,87.8354,6733774
2019-05-14,108.9,108.97,108.87,108.94,87.9081,6217044
2019-05-15,109.16,109.18,109.0,109.13,88.0614,2666488
2019-05-16,109.04,109.04,108.95,109.0,87.9565,2756957
2019-05-17,109.12,109.145,108.935,109.03,87.9807,2090829
2019-05-20,108.98,109.0568,108.86,108.88,87.8596,2035034
2019-05-21,108.86,108.91,108.81,108.87,87.8516,2029825
2019-05-22,108.95,109.09,108.92,109.05,87.9968,3509876
2019-05-23,109.18,109.5,109.14,109.37,88.255,4922489
2019-05-24,109.37,109.4499,109.33,109.41,88.2873,2010339
2019-05-28,109.57,109.65,109.5,109.57,88.4164,6270138
2019-05-29,109.73,109.85,109.6,109.6,88.4406,5634417
2019-05-30,109.77,109.94,109.65,109.89,88.6747,3305173
2019-05-31,110.01,110.64,110.0,110.4,89.0862,9204082
2019-06-03,110.26,110.515,110.1725,110.4,89.2966,7137903
2019-06-04,110.28,110.38,110.13,110.3,89.2157,5131883
2019-06-05,110.36,110.47,110.23,110.24,89.1672,3253509
2019-06-06,110.34,110.42,110.16,110.22,89.151,2660352
2019-06-07,110.64,110.67,110.45,110.53,89.4018,3697054
2019-06-10,110.36,110.36,110.22,110.24,89.1672,3992934
2019-06-11,110.21,110.25,110.17,110.22,89.151,4374559
2019-06-12,110.28,110.41,110.26,110.36,89.2642,2797629
2019-06-13,110.43,110.62,110.4,110.6,89.4584,2293318
2019-06-14,110.51,110.6265,110.4847,110.57,89.4341,1901165
2019-06-17,110.52,110.595,110.46,110.54,89.4098,3312647
2019-06-18,110.94,110.97,110.71,110.84,89.6525,3640299
2019-06-19,110.71,111.22,110.645,111.22,89.9599,2895875
2019-06-20,111.39,111.567,111.335,111.41,90.1135,4224311
2019-06-21,111.22,111.26,111.04,111.12,89.879,4640233
2019-06-24,111.23,111.3766,111.22,111.32,90.0407,3079779
2019-06-25,111.36,111.44,111.22,111.34,90.0569,3111092
2019-06-26,111.29,111.31,111.06,111.09,89.8547,3703224
2019-06-27,111.25,111.41,111.1633,111.4,90.1054,2963646
2019-06-28,111.36,111.4684,111.32,111.35,90.065,9887791
2019-07-01,111.25,111.27,111.01,111.18,90.1314,4199232
2019-07-02,111.2,111.4062,111.14,111.38,90.2936,5765417
2019-07-03,111.44,111.6,111.43,111.56,90.4395,1324832
2019-07-05,111.21,111.21,110.905,111.09,90.0585,2461249
2019-07-08,111.23,111.26,111.03,111.03,90.0098,3041397
2019-07-09,111.04,111.06,110.9501,111.0,89.9855,2525797
2019-07-10,111.14,111.16,110.97,111.08,90.0504,4589808
2019-07-11,111.06,111.06,110.67,110.67,89.718,3303803
2019-07-12,110.67,110.845,110.67,110.79,89.8153,3836296
2019-07-15,110.87,110.96,110.85,110.95,89.945,3619073
2019-07-16,110.75,110.83,110.64,110.83,89.8477,2149083
2019-07-17,110.93,111.14,110.91,111.12,90.0828,2985610
2019-07-18,111.1,111.33,111.06,111.3,90.2287,5982223
2019-07-19,111.22,111.286,111.14,111.17,90.1233,3150774
2019-07-22,111.41,111.41,111.3,111.31,90.2368,2855073
2019-07-23,111.27,111.32,111.16,111.2,90.1477,2659305
2019-07-24,111.33,111.41,111.295,111.36,90.2774,2783254
2019-07-25,111.33,111.33,111.0474,111.19,90.1396,2976838
2019-07-26,111.32,111.32,111.14,111.21,90.1558,4669019
2019-07-29,111.3,111.35,111.22,111.26,90.1963,4167109
2019-07-30,111.27,111.33,111.16,111.25,90.1882,2409278
2019-07-31,111.3,111.59,111.07,111.3,90.2287,10034510
2019-08-01,111.34,111.95,111.26,111.91,90.936,5709211
2019-08-02,111.93,112.04,111.82,111.95,90.9685,3293739
2019-08-05,112.28,112.58,112.25,112.44,91.3667,7626602
2019-08-06,112.47,112.76,112.4,112.74,91.6105,5151810
2019-08-07,113.17,113.29,112.61,112.68,91.5617,9156551
2019-08-08,112.51,112.82,112.33,112.79,91.6511,3707196
2019-08-09,112.86,112.95,112.575,112.64,91.5292,2432292
2019-08-12,112.93,113.185,112.87,113.05,91.8624,2474866
2019-08-13,113.15,113.1504,112.785,112.89,91.7323,3048473
2019-08-14,113.28,113.38,113.21,113.24,92.0168,2829922
2019-08-15,113.39,113.91,113.37,113.76,92.4393,2822315
2019-08-16,113.57,113.685,113.36,113.67,92.3662,5209017
2019-08-19,113.34,113.46,113.27,113.37,92.1224,2900796
2019-08-20,113.67,113.7,113.56,113.68,92.3743,2253593
2019-08-21,113.51,113.825,113.51,113.62,92.3255,3815389
2019-08-22,113.51,113.6791,113.3001,113.32,92.0818,6294965
2019-08-23,113.34,113.9099,113.31,113.78,92.4555,3772105
2019-08-26,113.84,113.95,113.67,113.73,92.4149,5128260
2019-08-27,113.91,114.12,113.87,114.09,92.7074,3473405
2019-08-28,114.3,114.3,114.04,114.1,92.7156,5102472
2019-08-29,114.08,114.08,113.835,114.03,92.6587,2670969
2019-08-30,113.9,114.15,113.89,114.13,92.7399,4661629
2019-09-03,113.86,114.12,113.69,113.84,92.7188,6197414
2019-09-04,113.82,114.0801,113.82,114.04,92.8817,3814413
2019-09-05,113.61,113.67,113.3,113.55,92.4826,5336458
2019-09-06,113.66,113.7199,113.555,113.67,92.5803,3675151
2019-09-09,113.39,113.39,113.18,113.19,92.1894,2747429
2019-09-10,113.1,113.13,112.58,112.58,91.6926,3119323
2019-09-11,112.58,112.71,112.5611,112.6,91.7089,2647080
2019-09-12,112.91,112.91,112.34,112.42,91.5622,4069598
2019-09-13,112.15,112.265,111.75,111.75,91.0166,2506567
2019-09-16,112.05,112.15,111.89,112.05,91.2609,2923475
2019-09-17,112.11,112.37,112.015,112.22,91.3994,2614166
2019-09-18,112.5,112.7,112.29,112.35,91.5052,2292355
2019-09-19,112.64,112.6599,112.45,112.51,91.6356,2280050
2019-09-20,112.64,112.94,112.59,112.92,91.9695,2057157
2019-09-23,113.02,113.24,112.94,112.97,92.0102,3412011
2019-09-24,113.03,113.355,113.03,113.28,92.2627,2602286
2019-09-25,113.21,113.2299,112.74,112.81,91.8799,3813759
2019-09-26,113.0,113.1,112.935,113.0,92.0346,4869355
2019-09-27,113.0,113.165,113.0,113.14,92.1487,4652474
2019-09-30,112.93,113.27,112.92,113.17,92.1731,6621995
2019-10-01,112.71,113.25,112.63,113.12,92.3407,5980252
2019-10-02,113.19,113.3075,113.09,113.2,92.406,9561979
2019-10-03,113.34,113.74,113.32,113.64,92.7651,5144049
2019-10-04,113.68,113.8255,113.63,113.82,92.9121,3331180
2019-10-07,113.64,113.705,113.51,113.51,92.659,2492981
2019-10-08,113.82,113.82,113.485,113.55,92.6917,3055708
2019-10-09,113.55,113.56,113.359,113.49,92.6427,3332795
2019-10-10,113.27,113.33,113.03,113.1,92.3243,4312383
2019-10-11,112.84,112.8501,112.585,112.73,92.0223,3566227
2019-10-14,112.93,112.93,112.82,112.92,92.1774,1716639
2019-10-15,112.9,112.92,112.55,112.55,91.8754,4168633
2019-10-16,112.68,112.79,112.62,112.75,92.0386,2430650
2019-10-17,112.67,112.8649,112.62,112.72,92.0141,2320651
2019-10-18,112.76,112.909,112.73,112.8,92.0795,1454236
2019-10-21,112.62,112.71,112.49,112.49,91.8264,3314469
2019-10-22,112.65,112.7375,112.51,112.66,91.9652,2147439
2019-10-23,112.82,112.88,112.73,112.75,92.0386,1887886
2019-10-24,112.84,112.9459,112.75,112.78,92.0631,1725844
2019-10-25,112.84,112.85,112.5229,112.62,91.9325,2486700
2019-10-28,112.42,112.44,112.31,112.38,91.7366,2951411
2019-10-29,112.48,112.5,112.345,112.39,91.7448,2384826
2019-10-30,112.45,112.75,112.43,112.71,92.006,2381436
2019-10-31,112.98,113.3,112.89,113.15,92.3652,5416778
2019-11-01,112.98,113.105,112.805,112.93,92.3908,3988327
2019-11-04,112.71,112.72,112.59,112.65,92.1617,2723842
2019-11-05,112.35,112.38,112.15,112.23,91.8181,3766043
2019-11-06,112.4,112.51,112.26,112.4,91.9572,3908982
2019-11-07,112.12,112.12,111.635,111.87,91.5236,4022445
2019-11-08,111.87,112.1,111.81,111.81,91.4745,3866063
2019-11-11,111.96,111.96,111.78,111.83,91.4909,2112221
2019-11-12,111.92,112.0298,111.8,111.95,91.5891,2032870
2019-11-13,112.2,112.23,112.08,112.15,91.7527,2598503
2019-11-14,112.5,112.57,112.4337,112.47,92.0145,2901048
2019-11-15,112.46,112.46,112.38,112.41,91.9654,5078285
2019-11-18,112.56,112.646,112.52,112.62,92.1372,6044518
2019-11-19,112.63,112.76,112.6,112.7,92.2027,2655993
2019-11-20,112.83,112.98,112.805,112.97,92.4235,3474474
2019-11-21,112.8,112.8859,112.72,112.81,92.2926,6522830
2019-11-22,112.89,112.9,112.7605,112.87,92.3417,2507046
2019-11-25,112.91,113.01,112.89,112.98,92.4317,4392682
2019-11-26,113.09,113.159,113.08,113.14,92.5626,2522234
2019-11-27,113.03,113.07,112.96,113.0,92.4481,3437269
2019-11-29,113.01,113.02,112.85,112.86,92.3336,4058982
2019-12-02,112.31,112.51,112.29,112.49,92.2316,9329626
2019-12-03,112.8,113.1277,112.76,113.0,92.6498,5310615
2019-12-04,112.87,112.95,112.68,112.81,92.494,5806479
2019-12-05,112.58,112.74,112.53,112.68,92.3874,4374749
2019-12-06,112.47,112.68,112.41,112.52,92.2562,4648200
2019-12-09,112.69,112.72,112.565,112.58,92.3054,7406938
2019-12-10,112.67,112.67,112.49,112.54,92.2726,3761060
2019-12-11,112.67,112.9,112.61,112.84,92.5186,3764527
2019-12-12,112.79,112.79,112.22,112.36,92.1251,5080118
2019-12-13,112.58,112.86,112.4,112.81,92.494,5910984
2019-12-16,112.68,112.69,112.5,112.58,92.3054,5012142
2019-12-17,112.69,112.7,112.52,112.59,92.3136,3016266
2019-12-18,112.55,112.555,112.36,112.37,92.1333,6516293
2019-12-19,112.19,112.36,112.13,112.3,92.2322,5613828
2019-12-20,112.21,112.33,112.15,112.32,92.2486,8809204
2019-12-23,112.38,112.39,112.18,112.24,92.1829,3148580
2019-12-24,112.17,112.4,112.13,112.38,92.2979,1887800
2019-12-26,112.42,112.49,112.32,112.48,92.3801,6072100
2019-12-27,112.6,112.64,112.58,112.63,92.5032,4733786
2019-12-30,112.42,112.645,112.34,112.63,92.5032,3979075
2019-12-31,112.54,112.54,112.365,112.37,92.2897,6807603
2020-01-02,112.68,112.8,112.56,112.68,92.5443,6791537
2020-01-03,112.89,113.05,112.7814,113.01,92.8153,3664283
2020-01-06,113.13,113.13,112.84,112.92,92.7414,8131608
2020-01-07,112.92,112.92,112.78,112.8,92.6429,2883005
2020-01-08,112.85,112.94,112.545,112.67,92.5361,7323117
2020-01-09,112.49,112.79,112.46,112.79,92.6347,9110852
2020-01-10,112.9,112.99,112.82,112.98,92.7907,4198053
2020-01-13,112.89,112.94,112.825,112.91,92.7332,4465340
2020-01-14,112.97,113.02,112.93,113.01,92.8153,3626984
2020-01-15,113.18,113.19,113.07,113.18,92.955,3896304
2020-01-16,113.16,113.21,113.05,113.18,92.955,2801378
2020-01-17,113.02,113.096,112.97,113.05,92.8482,3003267
2020-01-21,113.25,113.41,113.22,113.37,93.111,4672052
2020-01-22,113.44,113.49,113.39,113.43,93.1603,3627169
2020-01-23,113.64,113.7,113.58,113.58,93.2835,3429575
2020-01-24,113.68,113.89,113.67,113.79,93.456,4199784
2020-01-27,114.14,114.16,114.047,114.14,93.7434,4790076
2020-01-28,114.1,114.16,113.9501,114.04,93.6613,4463823
2020-01-29,114.13,114.35,114.1108,114.3,93.8748,2890247
2020-01-30,114.28,114.54,114.235,114.31,93.883,6885551
2020-01-31,114.48,114.6667,114.38,114.65,94.1623,5061895
2020-02-03,114.2,114.41,114.0848,114.37,94.1322,7214231
2020-02-04,114.1,114.1,113.888,113.99,93.8194,5290765
2020-02-05,113.82,113.87,113.7601,113.82,93.6795,6066905
2020-02-06,113.82,113.93,113.77,113.89,93.7371,6838658
2020-02-07,114.2,114.28,114.1,114.22,94.0087,5224176
2020-02-10,114.44,114.44,114.29,114.35,94.1157,8187842
2020-02-11,114.35,114.35,114.19,114.21,94.0005,5633359
2020-02-12,114.12,114.14,114.03,114.09,93.9017,6373719
2020-02-13,114.11,114.24,114.1,114.17,93.9676,5214383
2020-02-14,114.35,114.38,114.27,114.29,94.0663,4004913
2020-02-18,114.48,114.555,114.34,114.44,94.1898,4874767
2020-02-19,114.4,114.47,114.33,114.41,94.1651,3692153
2020-02-20,114.53,114.675,114.49,114.67,94.3791,4056035
2020-02-21,114.86,115.1,114.84,114.9,94.5684,4492753
2020-02-24,115.43,115.43,115.23,115.27,94.8729,7490110
2020-02-25,115.28,115.58,115.27,115.47,95.0375,7474824
2020-02-26,115.32,115.61,115.26,115.35,94.9388,4807627
2020-02-27,115.75,115.75,115.35,115.37,94.9552,11606410
2020-02-28,115.88,116.34,115.76,116.22,95.6548,17242971
2020-03-02,116.29,116.435,115.89,115.94,95.621,13198200
2020-03-03,116.05,117.26,116.01,116.73,96.2726,12541000
2020-03-04,116.83,117.12,116.53,116.64,96.1984,6285261
2020-03-05,116.99,117.23,116.93,117.0,96.4953,6802750
2020-03-06,118.18,118.265,117.5,117.86,97.2045,17456410
2020-03-09,119.27,119.27,117.0,117.71,97.0808,13666700
2020-03-10,117.41,117.68,116.17,116.38,95.9839,18694070
2020-03-11,116.7,116.79,114.55,114.72,94.6148,13342360
2020-03-12,113.98,114.75,109.06,110.13,90.8293,18684760
2020-03-13,111.53,112.4643,110.25,111.86,92.2561,24960721
2020-03-16,111.37,113.95,110.46,113.73,93.7983,12310310
2020-03-17,112.89,113.915,110.59,110.79,91.3736,15737220
2020-03-18,109.36,110.57,105.7707,106.57,87.8932,17061660
2020-03-19,106.47,109.22,105.56,108.95,89.8561,11720250
2020-03-20,108.46,110.2399,108.46,110.03,90.7468,16503721
2020-03-23,109.9,112.94,109.0,112.64,92.8994,12572180
2020-03-24,111.52,113.57,111.0754,113.57,93.6664,10253620
2020-03-25,114.0,114.75,113.7,114.73,94.6231,10999710
2020-03-26,114.2,115.39,114.2,115.08,94.9117,16611381
2020-03-27,114.78,115.58,114.53,115.57,95.3159,10841700
2020-03-30,115.77,116.26,115.62,115.68,95.4066,13340570
2020-03-31,115.71,115.98,115.23,115.37,95.1509,14018640
2020-04-01,115.38,115.4,114.65,114.73,94.8275,14192270
2020-04-02,115.02,115.22,114.7,114.9,94.968,11565380
2020-04-03,114.95,115.125,114.28,114.98,95.0341,9786694
2020-04-06,115.02,115.61,115.02,115.54,95.497,7647780
2020-04-07,115.61,115.74,115.36,115.7,95.6292,7743944
2020-04-08,115.7,115.97,115.55,115.81,95.7201,4674198
2020-04-09,116.5,117.25,116.17,117.25,96.9103,5584071
2020-04-13,117.09,117.17,116.5308,116.7,96.4557,5738262
2020-04-14,116.99,117.0,116.585,116.76,96.5053,5506671
2020-04-15,117.03,117.305,116.71,117.24,96.9021,4367410
2020-04-16,117.19,117.525,117.19,117.39,97.0261,4744716
2020-04-17,117.52,117.62,117.035,117.25,96.9103,4949824
2020-04-20,117.15,117.28,116.94,117.08,96.7698,3847904
2020-04-21,117.43,117.44,117.07,117.14,96.8194,4660507
2020-04-22,117.16,117.24,116.94,117.14,96.8194,4647244
2020-04-23,117.33,117.45,117.19,117.42,97.0508,4331115
2020-04-24,117.22,117.39,117.2,117.36,97.0013,3162137
2020-04-27,117.21,117.36,116.82,116.82,96.5549,5576322
2020-04-28,117.27,117.45,117.12,117.28,96.9351,5889809
2020-04-29,117.29,117.48,117.2,117.36,97.0013,4653336
2020-04-30,117.38,117.49,117.065,117.1,96.7864,10487460
2020-05-01,116.97,117.0998,116.6775,116.87,96.7916,6099551
2020-05-04,116.89,117.09,116.87,116.97,96.8744,3684081
2020-05-05,116.96,116.97,116.81,116.88,96.7999,4611519
2020-05-06,116.44,116.71,116.3,116.41,96.4106,6394949
2020-05-07,116.61,116.77,116.42,116.77,96.7088,3786651
2020-05-08,116.68,116.76,116.35,116.46,96.452,3592658
2020-05-11,116.4,116.43,116.065,116.11,96.1621,5249607
2020-05-12,116.46,116.595,116.23,116.41,96.4106,6161470
2020-05-13,116.63,116.76,116.45,116.6,96.568,4425927
2020-05-14,116.91,116.97,116.72,116.96,96.8661,5698908
2020-05-15,117.04,117.09,116.9,117.03,96.9241,5897983
2020-05-18,116.97,117.09,116.66,116.86,96.7833,5037112
2020-05-19,116.91,117.0255,116.81,116.99,96.891,4929483
2020-05-20,117.03,117.34,117.0,117.29,97.1394,4579246
2020-05-21,117.35,117.475,117.32,117.38,97.214,5143735
2020-05-22,117.6,117.6,117.39,117.44,97.2636,2794003
2020-05-26,117.38,117.44,117.24,117.25,97.1063,6164678
2020-05-27,117.5,117.54,117.3,117.42,97.2471,4772889
2020-05-28,117.14,117.35,117.14,117.34,97.1808,11253050
2020-05-29,117.43,117.71,117.32,117.65,97.4376,9228690
2020-06-01,117.35,117.3999,117.24,117.37,97.3825,5580035
2020-06-02,117.38,117.47,117.31,117.47,97.4654,4286887
2020-06-03,117.26,117.41,117.06,117.18,97.2248,6077614
2020-06-04,117.27,117.3,116.82,116.83,96.9344,5002653
2020-06-05,116.75,116.91,116.48,116.9,96.9925,5166330
2020-06-08,116.81,117.1092,116.7501,117.03,97.1004,8551900
2020-06-09,117.31,117.33,117.18,117.18,97.2248,5512556
2020-06-10,117.25,117.68,117.185,117.66,97.6231,4681205
2020-06-11,117.73,117.8,117.435,117.46,97.4572,7438799
2020-06-12,117.6,117.7,117.44,117.58,97.5567,4571846
2020-06-15,117.72,117.98,117.61,117.97,97.8803,5869970
2020-06-16,117.98,118.0,117.59,117.74,97.6895,5327356
2020-06-17,117.74,117.76,117.47,117.64,97.6065,3695970
2020-06-18,117.88,117.88,117.64,117.76,97.7061,3356844
2020-06-19,117.8,117.97,117.74,117.8,97.7393,2917426
2020-06-22,118.0,118.0,117.73,117.77,97.7144,3445741
2020-06-23,117.79,117.825,117.69,117.75,97.6978,3991369
2020-06-24,117.7,117.84,117.61,117.73,97.6812,5040112
2020-06-25,117.94,117.95,117.8,117.87,97.7973,4723348
2020-06-26,117.99,118.08,117.845,118.01,97.9135,5683422
2020-06-29,118.01,118.11,117.95,118.11,97.9965,3517292
2020-06-30,118.28,118.32,117.98,118.21,98.0794,7451457
2020-07-01,117.9,118.07,117.76,118.05,98.1317,6746473
2020-07-02,118.05,118.21,117.99,118.19,98.2481,3614293
2020-07-06,118.18,118.21,118.0,118.18,98.2398,5945243
2020-07-07,118.23,118.38,118.06,118.36,98.3894,5454674
2020-07-08,118.35,118.45,118.22,118.32,98.3561,5026726
2020-07-09,118.4,118.7,118.3553,118.63,98.6138,3804030
2020-07-10,118.83,118.83,118.45,118.49,98.4975,3133855
2020-07-13,118.46,118.5287,118.37,118.48,98.4891,4803170
2020-07-14,118.58,118.74,118.58,118.67,98.6471,3986756
2020-07-15,118.5,118.7,118.5,118.68,98.6554,3403571
2020-07-16,118.83,118.89,118.74,118.76,98.7219,3526894
2020-07-17,118.94,118.99,118.77,118.88,98.8216,2549106
2020-07-20,119.03,119.06,118.91,119.01,98.9297,3989211
2020-07-21,119.1,119.1,119.01,119.08,98.9879,6098027
2020-07-22,119.22,119.27,119.11,119.18,99.071,6296788
2020-07-23,119.35,119.39,119.2517,119.32,99.1874,12117180
2020-07-24,119.26,119.41,119.19,119.28,99.1542,11071680
2020-07-27,119.4,119.42,119.15,119.2,99.0877,5606050
2020-07-28,119.3,119.35,119.22,119.28,99.1542,6080801
2020-07-29,119.3,119.4299,119.24,119.42,99.2705,9727968
2020-07-30,119.51,119.54,119.4533,119.51,99.3454,3052829
2020-07-31,119.45,119.63,119.4,119.56,99.3869,5277863
2020-08-03,119.37,119.4,119.1903,119.4,99.4264,13013690
2020-08-04,119.42,119.63,119.42,119.63,99.6179,10935150
2020-08-05,119.39,119.49,119.31,119.4,99.4264,17346070
2020-08-06,119.62,119.73,119.53,119.57,99.5679,4608710
2020-08-07,119.66,119.73,119.395,119.43,99.4513,5559066
2020-08-10,119.62,119.635,119.28,119.32,99.3597,5152700
2020-08-11,119.11,119.21,118.84,118.99,99.0849,7809897
2020-08-12,118.73,118.89,118.65,118.75,98.8851,5524629
2020-08-13,118.78,118.78,118.24,118.31,98.5187,8023792
2020-08-14,118.43,118.49,118.2,118.2,98.4271,4556476
2020-08-17,118.38,118.47,118.305,118.36,98.5603,3947091
2020-08-18,118.428,118.6,118.42,118.53,98.7019,4765813
2020-08-19,118.65,118.7,118.34,118.35,98.552,4540992
2020-08-20,118.58,118.71,118.56,118.56,98.7269,4487506
2020-08-21,118.74,118.76,118.55,118.68,98.8268,6373275
2020-08-24,118.72,118.82,118.6,118.63,98.7852,4620863
2020-08-25,118.35,118.46,118.182,118.38,98.577,4002330
2020-08-26,118.35,118.4199,118.21,118.36,98.5603,5139794
2020-08-27,118.55,118.56,117.95,117.95,98.2189,5609698
2020-08-28,118.08,118.16,117.99,118.11,98.3522,6467365
2020-08-31,118.14,118.51,118.14,118.37,98.5687,10894510
2020-09-01,118.12,118.44,118.0,118.42,98.7732,9844234
2020-09-02,118.42,118.71,118.34,118.66,98.9734,4838532
2020-09-03,118.73,118.87,118.62,118.69,98.9984,6856734
2020-09-04,118.41,118.52,118.08,118.1,98.5063,5366819
2020-09-08,118.34,118.46,118.2,118.23,98.6147,8894007
2020-09-09,118.39,118.39,118.04,118.22,98.6064,7824768
2020-09-10,118.15,118.29,118.015,118.23,98.6147,4932623
2020-09-11,118.42,118.49,118.24,118.37,98.7315,8200474
2020-09-14,118.47,118.49,118.31,118.38,98.7398,6394336
2020-09-15,118.29,118.425,118.29,118.39,98.7482,4163037
2020-09-16,118.53,118.53,118.2,118.33,98.6981,6452562
2020-09-17,118.5,118.52,118.33,118.36,98.7232,4882182
2020-09-18,118.44,118.44,118.18,118.22,98.6064,5149369
2020-09-21,118.41,118.42,118.24,118.24,98.6231,6191910
2020-09-22,118.25,118.38,118.2433,118.33,98.6981,4390186
2020-09-23,118.35,118.35,118.07,118.08,98.4896,5392884
2020-09-24,118.01,118.16,118.01,118.09,98.4979,4145039
2020-09-25,118.12,118.17,118.05,118.13,98.5313,5138241
2020-09-28,118.18,118.23,118.11,118.23,98.6147,5830389
2020-09-29,118.28,118.33,118.21,118.25,98.6314,5301718
2020-09-30,118.26,118.26,117.9516,118.06,98.4729,6090816
2020-10-01,117.81,118.04,117.75,118.02,98.608,9741805
2020-10-02,118.03,118.04,117.81,117.9,98.5078,5599555
2020-10-05,117.74,117.74,117.52,117.52,98.1903,4890812
2020-10-06,117.6,117.84,117.49,117.62,98.2738,4338717
2020-10-07,117.53,117.66,117.4515,117.54,98.207,4801667
2020-10-08,117.67,117.71,117.59,117.69,98.3323,4235989
2020-10-09,117.65,117.74,117.5,117.72,98.3574,2909311
2020-10-12,117.85,117.95,117.77,117.95,98.5495,2999269
2020-10-13,118.01,118.07,117.9294,117.98,98.5746,3421737
2020-10-14,118.1,118.11,117.985,118.05,98.6331,4919727
2020-10-15,118.15,118.15,117.95,117.95,98.5495,5459197
2020-10-16,117.99,118.0778,117.88,117.89,98.4994,3933279
2020-10-19,117.81,117.87,117.72,117.75,98.3824,4685033
2020-10-20,117.7,117.71,117.58,117.65,98.2989,4013620
2020-10-21,117.59,117.64,117.48,117.51,98.1819,3688494
2020-10-22,117.51,117.54,117.3,117.3,98.0064,4801011
2020-10-23,117.3,117.52,117.3,117.47,98.1485,3878745
2020-10-26,117.65,117.72,117.59,117.63,98.2822,4962531
2020-10-27,117.8,117.91,117.7275,117.9,98.5078,5694085
2020-10-28,117.81,117.955,117.72,117.73,98.3657,7329242
2020-10-29,117.76,117.77,117.4,117.52,98.1903,11775810
2020-10-30,117.45,117.52,117.2,117.2,97.9229,10610000
2020-11-02,117.27,117.35,117.18,117.22,98.1004,6667902
2020-11-03,117.22,117.22,117.05,117.17,98.0585,6693534
2020-11-04,117.9,118.04,117.83,117.95,98.7113,5308746
2020-11-05,118.09,118.12,117.91,118.06,98.8034,5293955
2020-11-06,117.81,117.86,117.6699,117.8,98.5858,5514452
2020-11-09,117.4,117.47,117.06,117.25,98.1255,6625285
2020-11-10,117.05,117.23,117.03,117.06,97.9665,5146371
2020-11-11,117.06,117.18,117.02,117.13,98.025,3044345
2020-11-12,117.37,117.63,117.33,117.62,98.4351,7740846
2020-11-13,117.52,117.69,117.52,117.64,98.4519,5126806
2020-11-16,117.61,117.67,117.58,117.63,98.4435,7951487
2020-11-17,117.75,117.9,117.75,117.87,98.6443,4650191
2020-11-18,117.95,117.99,117.89,117.95,98.7113,6191072
2020-11-19,118.08,118.26,118.03,118.17,98.8954,6680775
2020-11-20,118.19,118.34,118.13,118.29,98.9958,7217433
2020-11-23,118.28,118.3,118.1734,118.26,98.9707,4739119
2020-11-24,118.24,118.28,118.07,118.1,98.8368,4696878
2020-11-25,118.15,118.21,118.02,118.06,98.8034,4125185
2020-11-27,118.25,118.285,118.22,118.26,98.9707,3436221
2020-11-30,118.32,118.45,118.25,118.42,99.1046,8688562
2020-12-01,118.03,118.1,117.73,117.84,98.7911,5190827
2020-12-02,117.81,117.81,117.54,117.71,98.6821,6120981
2020-12-03,117.92,117.98,117.765,117.91,98.8498,5198437
2020-12-04,117.9,117.9,117.5133,117.59,98.5815,5896088
2020-12-07,117.76,117.8262,117.69,117.77,98.7324,6127835
2020-12-08,117.88,117.9597,117.75,117.78,98.7408,6807000
2020-12-09,117.73,117.78,117.5172,117.61,98.5982,6975697
2020-12-10,117.74,117.93,117.69,117.9,98.8414,6192273
2020-12-11,118.01,118.09,117.95,118.03,98.9504,5636060
2020-12-14,117.86,118.025,117.7969,117.96,98.8917,4705572
2020-12-15,117.95,118.03,117.9,118.03,98.9504,4217872
2020-12-16,117.83,118.033,117.761,117.98,98.9084,4467913
2020-12-17,118.01,118.06,117.7299,117.85,98.9045,6610627
2020-12-18,117.97,117.97,117.76,117.79,98.8541,3874807
2020-12-21,117.92,117.96,117.75,117.79,98.8541,4818305
2020-12-22,117.88,117.98,117.825,117.96,98.9968,4516554
2020-12-23,117.81,117.88,117.63,117.88,98.9296,4157735
2020-12-24,117.94,118.046,117.925,117.99,99.022,2214487
2020-12-28,117.97,118.045,117.833,118.01,99.0387,4567222
2020-12-29,118.06,118.06,117.92,118.03,99.0555,4295691
2020-12-30,118.09,118.12,117.9815,118.1,99.1143,2762258
2020-12-31,118.18,118.24,118.12,118.19,99.1898,4834717
2021-01-04,118.08,118.14,117.985,118.04,99.0639,6414050
2021-01-05,118.06,118.06,117.75,117.92,98.9632,7477903
2021-01-06,117.9,117.9,117.15,117.34,98.4765,10680790
2021-01-07,117.13,117.26,117.0667,117.22,98.3757,6639609
2021-01-08,117.18,117.3428,116.98,117.08,98.2583,7335700
2021-01-11,117.02,117.05,116.89,116.89,98.0988,8610105
2021-01-12,116.82,116.99,116.68,116.99,98.1827,7269596
2021-01-13,117.63,117.63,117.08,117.36,98.4932,6788521
2021-01-14,117.37,117.45,117.08,117.13,98.3002,6610456
2021-01-15,117.34,117.36,117.18,117.25,98.4009,6447838
2021-01-19,117.27,117.42,117.22,117.41,98.5352,7601121
2021-01-20,117.35,117.43,117.31,117.42,98.5436,6229268
2021-01-21,117.22,117.2985,117.14,117.25,98.4009,8301326
2021-01-22,117.29,117.32,117.19,117.25,98.4009,3513742
2021-01-25,117.39,117.56,117.36,117.55,98.6527,4049029
2021-01-26,117.46,117.585,117.4255,117.51,98.6191,3639521
2021-01-27,117.61,117.67,117.04,117.52,98.6275,3619105
2021-01-28,117.48,117.49,117.29,117.44,98.5604,6176611
2021-01-29,117.1563,117.4,116.5625,117.31,98.4513,12164830
2021-02-01,117.2,117.26,117.0915,117.23,98.5454,6621900
2021-02-02,116.99,117.09,116.97,117.05,98.3941,7323411
2021-02-03,116.97,116.99,116.87,116.91,98.2764,5492357
2021-02-04,116.75,116.89,116.69,116.86,98.2344,5287405
2021-02-05,116.91,116.96,116.7,116.71,98.1083,3446584
2021-02-08,116.75,116.9285,116.72,116.83,98.2091,4704165
2021-02-09,116.94,116.97,116.8215,116.88,98.2512,4533527
2021-02-10,116.97,117.01,116.92,116.99,98.3436,4378370
2021-02-11,117.03,117.03,116.8,116.85,98.226,3470842
2021-02-12,116.67,116.74,116.5418,116.58,97.999,3284934
2021-02-16,116.22,116.23,116.02,116.03,97.5367,5682753
2021-02-17,116.22,116.29,116.145,116.26,97.73,7795885
2021-02-18,116.14,116.28,116.03,116.2,97.6796,5333967
2021-02-19,116.0187,116.06,115.7515,115.84,97.3769,4673220
2021-02-22,115.76,115.8662,115.48,115.48,97.0743,4894556
2021-02-23,115.75,115.75,115.27,115.51,97.0995,6035405
2021-02-24,115.06,115.5,115.01,115.47,97.0659,6232271
2021-02-25,115.01,115.29,114.2,114.41,96.1749,14926910
2021-02-26,114.96,115.39,114.5915,115.34,96.9566,11333380
2021-03-01,114.97,115.5899,114.89,115.09,96.9059,13018090
2021-03-02,115.04,115.12,114.95,115.11,96.9227,10111340
2021-03-03,114.8,114.83,114.6,114.69,96.5691,10317490
2021-03-04,114.79,114.8,114.26,114.36,96.2912,5953553
2021-03-05,114.17,114.3197,114.05,114.28,96.2238,8675690
2021-03-08,114.2,114.23,113.83,113.83,95.8449,5639392
2021-03-09,114.2,114.31,114.0,114.26,96.207,5676798
2021-03-10,114.3,114.5,114.275,114.45,96.367,6936942
2021-03-11,114.47,114.54,114.295,114.44,96.3586,8827827
2021-03-12,113.88,113.91,113.705,113.79,95.8113,5066976
2021-03-15,113.6,114.01,113.6,113.91,95.9123,5001788
2021-03-16,113.97,114.032,113.78,113.87,95.8786,3991008
2021-03-17,113.55,113.9778,113.48,113.86,95.8702,6229776
2021-03-18,113.32,113.55,113.2,113.42,95.4997,6222247
2021-03-19,113.4,113.54,113.33,113.51,95.5755,4701406
2021-03-22,113.7,113.8,113.6022,113.73,95.7607,5468656
2021-03-23,113.89,114.04,113.77,114.02,96.0049,5525062
2021-03-24,113.9,114.2,113.86,114.16,96.1228,6352692
2021-03-25,114.24,114.29,113.99,114.1,96.0723,5177994
2021-03-26,113.91,114.075,113.86,113.91,95.9123,4333939
2021-03-29,113.52,114.0,113.52,113.72,95.7523,7630810
2021-03-30,113.64,113.85,113.525,113.81,95.8281,4996946
2021-03-31,113.84,113.98,113.71,113.83,95.8449,6309151
2021-04-01,113.93,114.05,113.83,114.04,96.1672,10767220
2021-04-05,113.78,113.89,113.69,113.81,95.9733,9230132
2021-04-06,113.98,114.22,113.95,114.21,96.3106,4864120
2021-04-07,114.12,114.2968,114.025,114.03,96.1588,4505626
2021-04-08,114.18,114.31,114.13,114.31,96.3949,4932133
2021-04-09,114.11,114.33,114.035,114.18,96.2853,7467129
2021-04-12,114.172,114.172,114.0,114.15,96.26,3845011
2021-04-13,114.12,114.48,114.11,114.48,96.5383,4040521
2021-04-14,114.41,114.44,114.28,114.39,96.4624,3620530
2021-04-15,113.78,114.98,113.78,114.84,96.8419,6753201
2021-04-16,114.56,114.665,114.5,114.54,96.5889,3663673
2021-04-19,114.0,114.5,114.0,114.45,96.513,5072766
2021-04-20,114.42,114.67,114.39,114.63,96.6648,4322279
2021-04-21,114.6,114.74,114.53,114.74,96.7575,5511435
2021-04-22,114.74,114.8,114.59,114.77,96.7828,4571030
2021-04-23,114.81,115.086,114.6415,114.75,96.766,3813862
2021-04-26,114.74,114.8015,114.65,114.65,96.6816,3480303
2021-04-27,115.13,115.13,114.37,114.37,96.4455,3823347
2021-04-28,114.45,114.4685,114.2,114.43,96.4961,7078559
2021-04-29,114.14,114.37,114.09,114.37,96.4455,6254127
2021-04-30,114.41,114.515,114.33,114.49,96.5467,6469535
2021-05-03,114.4,114.59,114.33,114.39,96.608,5939532
2021-05-04,114.55,114.7,114.41,114.53,96.7262,6291480
2021-05-05,114.45,114.62,114.4222,114.62,96.8022,4475729
2021-05-06,114.55,114.71,114.53,114.64,96.8191,4739453
2021-05-07,114.85,114.97,114.57,114.61,96.7938,7005205
2021-05-10,114.61,114.72,114.4,114.43,96.6418,5576535
2021-05-11,114.23,114.38,114.13,114.18,96.4306,6161678
2021-05-12,113.98,114.01,113.78,113.78,96.0928,7000777
2021-05-13,113.9,114.06,113.78,114.04,96.3124,6772308
2021-05-14,114.22,114.3,114.1219,114.3,96.532,3985440
2021-05-17,114.21,114.25,114.15,114.2,96.4475,4926557
2021-05-18,114.11,114.11,114.03,114.06,96.3293,3674624
2021-05-19,114.62,114.62,113.79,113.9,96.1942,6892441
2021-05-20,114.08,114.3,114.08,114.29,96.5235,6243292
2021-05-21,114.36,114.4,114.23,114.34,96.5658,3873173
2021-05-24,114.5,114.51,114.38,114.45,96.6587,3867733
2021-05-25,114.58,114.75,114.0285,114.73,96.8951,6351673
2021-05-26,114.13,114.8,114.13,114.69,96.8614,3969393
2021-05-27,114.61,114.62,114.45,114.55,96.7431,5072323
2021-05-28,114.55,114.68,114.5,114.55,96.7431,6768941
2021-06-01,114.36,114.4,114.164,114.33,96.6985,6209773
2021-06-02,114.45,114.51,114.3,114.48,96.8253,6103871
2021-06-03,114.31,114.46,114.21,114.21,96.597,3464339
2021-06-04,114.39,114.68,114.22,114.68,96.9945,4535897
2021-06-07,113.97,114.64,113.97,114.6,96.9268,3728371
2021-06-08,114.84,114.87,114.78,114.81,97.1044,4395332
2021-06-09,115.43,115.43,114.97,115.04,97.299,3643098
2021-06-10,115.3,115.31,114.8605,115.28,97.502,4021902
2021-06-11,115.31,115.32,115.16,115.23,97.4597,3781860
2021-06-14,115.18,115.18,114.935,114.94,97.2144,3270788
2021-06-15,114.9,115.02,114.87,114.99,97.2567,8230360
2021-06-16,115.07,115.1285,114.51,114.62,96.9437,8654214
2021-06-17,114.792,115.25,114.785,114.98,97.2482,7641819
2021-06-18,115.05,115.39,114.91,115.29,97.5104,5690395
2021-06-21,115.06,115.12,114.921,114.99,97.2567,6875480
2021-06-22,114.83,115.14,114.83,115.11,97.3582,6485071
2021-06-23,115.06,115.138,114.99,115.05,97.3074,5070470
2021-06-24,115.1,115.17,115.045,115.09,97.3413,8357942
2021-06-25,115.11,115.13,114.7516,114.86,97.1467,6496582
2021-06-28,115.04,115.23,115.04,115.19,97.4258,5739041
2021-06-29,115.06,115.25,115.045,115.25,97.4766,5097132
2021-06-30,115.36,115.45,115.3,115.33,97.5443,6653138
2021-07-01,115.15,115.19,115.01,115.11,97.4896,4744859
2021-07-02,115.23,115.37,115.17,115.36,97.7014,4312838
2021-07-06,115.51,115.83,115.51,115.73,98.0147,7372886
2021-07-07,115.83,116.015,115.75,115.93,98.1841,7786358
2021-07-08,116.04,116.18,115.96,116.06,98.2942,6538371
2021-07-09,115.735,115.76,115.68,115.68,97.9724,4750779
2021-07-12,115.8,115.805,115.6,115.61,97.9131,4266616
2021-07-13,115.65,115.76,115.3022,115.36,97.7014,5145171
2021-07-14,115.59,115.76,115.569,115.75,98.0317,4977399
2021-07-15,115.94,116.02,115.7222,116.0,98.2434,4480890
2021-07-16,115.77,115.96,115.76,115.9,98.1587,3869611
2021-07-19,116.39,116.6085,116.35,116.51,98.6753,6688067
2021-07-20,116.78,116.82,116.32,116.4,98.5822,8474754
2021-07-21,116.075,116.15,115.92,116.02,98.2603,9686429
2021-07-22,116.03,116.35,116.03,116.29,98.489,8176256
2021-07-23,116.03,116.22,116.03,116.21,98.4213,4441022
2021-07-26,116.3,116.33,116.085,116.11,98.3366,7127420
2021-07-27,116.35,116.4,116.2727,116.38,98.5652,5423774
2021-07-28,116.24,116.49,116.14,116.49,98.6584,5463630
2021-07-29,116.29,116.36,116.225,116.3,98.4975,6629507
2021-07-30,116.36,116.485,116.3532,116.46,98.633,5552109
2021-08-02,116.36,116.68,116.305,116.54,98.8422,5753765
2021-08-03,116.56,116.69,116.5306,116.58,98.8761,3715333
2021-08-04,116.77,116.83,116.3,116.57,98.8676,4654252
2021-08-05,116.46,116.48,116.28,116.31,98.6471,3283363
2021-08-06,115.93,116.02,115.78,115.79,98.2061,3811953
2021-08-09,115.89,115.96,115.58,115.58,98.028,5298656
2021-08-10,115.65,115.65,115.43,115.43,97.9007,7332093
2021-08-11,115.46,115.7,115.34,115.54,97.994,6674630
2021-08-12,115.49,115.5799,115.4,115.55,98.0025,5017250
2021-08-13,115.65,115.97,115.6401,115.97,98.3587,4599811
2021-08-16,116.14,116.27,116.03,116.03,98.4096,3693626
2021-08-17,115.98,116.09,115.93,115.94,98.3333,5469248
2021-08-18,115.94,116.03,115.8,115.95,98.3418,3981911
2021-08-19,116.12,116.155,116.02,116.15,98.5114,4581313
2021-08-20,116.18,116.21,116.08,116.16,98.5199,2897840
2021-08-23,116.09,116.18,116.04,116.16,98.5199,6585417
2021-08-24,116.08,116.14,115.96,115.99,98.3757,5875388
2021-08-25,115.99,116.011,115.681,115.77,98.1891,5452000
2021-08-26,115.76,115.79,115.6444,115.78,98.1976,4879211
2021-08-27,115.81,116.1,115.7146,116.1,98.469,5545551
2021-08-30,116.015,116.23,116.0,116.23,98.5792,3706042
2021-08-31,116.18,116.285,116.02,116.06,98.4351,6763941
2021-09-01,116.02,116.02,115.81,115.93,98.4668,4153988
2021-09-02,116.02,116.06,115.92,116.05,98.5688,5427270
2021-09-03,115.84,115.89,115.7707,115.85,98.3989,5274341
2021-09-07,115.64,115.6457,115.4737,115.54,98.1356,3579852
2021-09-08,115.7,115.82,115.62,115.73,98.297,3417489
2021-09-09,115.84,116.147,115.755,116.1,98.6112,3332649
2021-09-10,115.99,116.01,115.7801,115.87,98.4159,3957348
2021-09-13,116.0,116.075,115.96,116.02,98.5433,3954120
2021-09-14,116.07,116.38,116.07,116.28,98.7641,4183570
2021-09-15,116.29,116.2929,116.09,116.17,98.6707,3448467
2021-09-16,115.95,116.11,115.905,115.97,98.5008,4265519
2021-09-17,115.8,115.875,115.7428,115.87,98.4159,5742502
2021-09-20,116.02,116.17,115.975,116.09,98.6027,5464713
2021-09-21,116.13,116.17,116.045,116.14,98.6452,5225248
2021-09-22,116.11,116.25,116.005,116.18,98.6792,7139913
2021-09-23,115.93,115.94,115.57,115.61,98.195,8265009
2021-09-24,115.5,115.5055,115.319,115.41,98.0252,4461937
2021-09-27,115.21,115.375,115.185,115.25,97.8893,5630622
2021-09-28,114.9,114.9999,114.695,114.77,97.4816,7017089
2021-09-29,114.97,115.06,114.715,114.85,97.5495,6161321
2021-09-30,114.77,114.86,114.69,114.83,97.5325,5348804
2021-10-01,114.82,115.06,114.79,115.0,97.83,7064531
2021-10-04,114.92,115.03,114.795,114.92,97.762,4180607
2021-10-05,114.82,114.867,114.61,114.65,97.5323,7422000
2021-10-06,114.68,114.73,114.59,114.7,97.5748,4893390
2021-10-07,114.46,114.5,114.34,114.38,97.3026,4456194
2021-10-08,114.31,114.35,114.07,114.13,97.0899,4581904
2021-10-11,114.01,114.065,113.94,113.95,96.9368,2178356
2021-10-12,114.17,114.38,114.11,114.37,97.2941,3688376
2021-10-13,114.43,114.64,114.415,114.63,97.5153,5522671
2021-10-14,114.7,114.85,114.63,114.85,97.7024,4094516
2021-10-15,114.61,114.63,114.51,114.57,97.4642,4644812
2021-10-18,114.33,114.56,114.25,114.49,97.3962,5575055
2021-10-19,114.37,114.37,114.16,114.16,97.1154,5041044
2021-10-20,114.17,114.29,114.06,114.08,97.0474,6183697
2021-10-21,114.01,114.04,113.84,113.84,96.8432,5228294
2021-10-22,113.97,114.1399,113.895,114.06,97.0304,3528834
2021-10-25,114.06,114.27,114.06,114.17,97.1239,8569649
2021-10-26,114.25,114.38,114.11,114.38,97.3026,5429821
2021-10-27,114.66,114.915,114.425,114.76,97.6258,8048651
2021-10-28,114.71,114.825,114.57,114.67,97.5493,5916055
2021-10-29,114.35,114.78,114.35,114.64,97.5238,10047910
2021-11-01,114.16,114.42,114.14,114.39,97.4637,6198199
2021-11-02,114.43,114.69,114.43,114.62,97.6597,5317021
2021-11-03,114.65,114.69,114.2501,114.39,97.4637,6421690
2021-11-04,114.51,114.84,114.48,114.77,97.7875,6618091
2021-11-05,114.99,115.3199,114.9001,115.22,98.1709,7283109
2021-11-08,115.14,115.15,114.95,115.01,97.992,4922756
2021-11-09,115.38,115.5,115.29,115.33,98.2646,8960485
2021-11-10,115.11,115.14,114.395,114.55,97.6,11620260
2021-11-11,114.51,114.57,114.3,114.34,97.4211,3937147
2021-11-12,114.5,114.585,114.26,114.32,97.4041,4554672
2021-11-15,114.3,114.31,113.9,113.9,97.0462,6405000
2021-11-16,113.92,114.11,113.84,113.86,97.0121,7484034
2021-11-17,113.79,114.13,113.77,114.13,97.2422,7173096
2021-11-18,114.05,114.28,114.03,114.23,97.3274,4230789
2021-11-19,114.49,114.59,114.415,114.45,97.5148,5688583
2021-11-22,114.14,114.23,113.82,113.9,97.0462,6995331
2021-11-23,113.71,113.77,113.45,113.45,96.6628,6275143
2021-11-24,113.47,113.725,113.3905,113.71,96.8843,8472445
2021-11-26,114.33,114.5769,114.2,114.52,97.5745,3258891
2021-11-29,114.15,114.6,114.13,114.58,97.6256,8982838
2021-11-30,114.87,115.1074,114.5,114.77,97.7875,13109000
2021-12-01,114.27,114.64,114.21,114.63,97.8061,12772740
2021-12-02,114.67,114.79,114.4001,114.61,97.789,7759699
2021-12-03,114.5,115.24,114.46,115.07,98.1815,7600888
2021-12-06,114.98,115.0391,114.6196,114.67,97.8402,9416707
2021-12-07,114.52,114.71,114.45,114.49,97.6866,6787061
2021-12-08,114.37,114.37,114.05,114.19,97.4307,8050116
2021-12-09,114.28,114.386,114.12,114.2,97.4392,8646766
2021-12-10,114.37,114.51,114.22,114.23,97.4648,6501338
2021-12-13,114.51,114.705,114.46,114.63,97.8061,8659260
2021-12-14,114.46,114.54,114.26,114.41,97.6184,7503635
2021-12-15,114.23,114.445,114.11,114.32,97.5416,7459084
2021-12-16,114.26,114.48,114.26,114.36,97.6753,7566579
2021-12-17,114.55,114.68,114.47,114.5,97.7949,7428096
2021-12-20,114.57,114.61,114.32,114.33,97.6497,7382619
2021-12-21,114.07,114.32,113.97,114.24,97.5728,12970210
2021-12-22,114.33,114.35,114.17,114.34,97.6582,6171714
2021-12-23,114.29,114.31,114.07,114.2,97.5386,5506661
2021-12-27,114.15,114.3,114.13,114.26,97.5899,5436840
2021-12-28,114.43,114.45,114.17,114.21,97.5472,5253786
2021-12-29,113.99,114.05,113.81,113.87,97.2568,5933775
2021-12-30,113.99,114.13,113.83,114.12,97.4703,5455434
2021-12-31,114.15,114.31,114.06,114.08,97.4361,7989476
2022-01-03,113.67,113.6753,113.3,113.3,96.7699,9399276
2022-01-04,113.22,113.3,113.075,113.29,96.7614,7772171
2022-01-05,113.34,113.36,112.9,112.94,96.4625,8530902
2022-01-06,112.75,112.84,112.66,112.82,96.36,8866493
2022-01-07,112.69,112.705,112.34,112.49,96.0781,9018905
2022-01-10,112.23,112.42,112.1427,112.39,95.9927,8074992
2022-01-11,112.33,112.63,112.265,112.6,96.1721,6728618
2022-01-12,112.72,112.785,112.58,112.6,96.1721,6713197
2022-01-13,112.6,112.8,112.51,112.8,96.3429,8454265
2022-01-14,112.53,112.545,112.15,112.17,95.8048,9113399
2022-01-18,111.81,111.86,111.47,111.49,95.224,7943803
2022-01-19,111.7,111.89,111.65,111.73,95.429,8320991
2022-01-20,111.84,111.9,111.75,111.79,95.4802,7186396
2022-01-21,112.19,112.35,112.11,112.23,95.856,8679614
2022-01-24,112.381,112.42,112.1,112.1,95.745,12131420
2022-01-25,112.18,112.3,111.96,111.99,95.6511,9540988
2022-01-26,112.06,112.13,111.36,111.36,95.113,10729370
2022-01-27,111.62,111.88,111.62,111.73,95.429,6146781
2022-01-28,111.46,111.86,111.44,111.81,95.4973,10855690
2022-01-31,111.64,111.89,111.6,111.8,95.4888,12837440
2022-02-01,111.66,111.6764,111.38,111.6,95.4558,10356010
2022-02-02,111.7,111.97,111.6744,111.72,95.5585,7967892
2022-02-03,111.26,111.37,111.13,111.27,95.1736,10290430
2022-02-04,110.75,110.75,110.4707,110.57,94.5748,6967250
2022-02-07,110.57,110.71,110.47,110.67,94.6604,6723367
2022-02-08,110.44,110.48,110.32,110.33,94.3696,7986961
2022-02-09,110.51,110.68,110.39,110.4,94.4294,9194441
2022-02-10,109.97,110.06,109.38,109.38,93.557,10761160
2022-02-11,109.74,110.155,109.3439,110.1,94.1728,13868360
2022-02-14,109.66,109.76,109.4,109.46,93.6254,8843670
2022-02-15,109.36,109.51,109.24,109.28,93.4714,5820180
2022-02-16,109.44,109.4849,109.1,109.41,93.5826,8115969
2022-02-17,109.58,109.805,109.5146,109.64,93.7794,10216990
2022-02-18,109.83,109.88,109.71,109.87,93.9761,7111143
2022-02-22,109.68,109.78,109.5616,109.75,93.8735,7604428
2022-02-23,109.52,109.55,109.23,109.26,93.4543,11732150
2022-02-24,109.67,109.7681,109.17,109.46,93.6254,12372110
2022-02-25,109.45,109.58,109.33,109.57,93.7195,10089130
2022-02-28,110.03,110.43,110.02,110.36,94.3952,16594641
2022-03-01,110.6,111.17,110.57,110.82,94.9268,14355120
2022-03-02,110.3,110.38,109.46,109.49,93.7876,9028866
2022-03-03,109.79,110.0,109.65,109.86,94.1045,15802640
2022-03-04,110.4,110.55,110.225,110.3,94.4814,8556616
2022-03-07,109.87,110.14,109.64,109.66,93.9332,12740570
2022-03-08,109.25,109.3301,109.1201,109.27,93.5991,9933667
2022-03-09,109.1,109.209,108.93,109.04,93.4021,11192340
2022-03-10,108.66,108.68,108.25,108.43,92.8796,16234910
2022-03-11,108.44,108.55,108.34,108.41,92.8625,11997840
2022-03-14,107.79,107.816,107.36,107.36,91.963,10961640
2022-03-15,107.84,107.92,107.43,107.6,92.1686,14001160
2022-03-16,107.63,107.73,107.0032,107.68,92.2371,16805400
2022-03-17,107.846,108.06,107.73,107.86,92.3913,8035416
2022-03-18,107.93,108.14,107.9203,108.1,92.5969,7864062
2022-03-21,107.58,107.649,106.9841,107.04,91.6889,8024821
2022-03-22,106.74,106.88,106.61,106.75,91.4405,16120490
2022-03-23,106.96,107.21,106.7105,107.19,91.8174,9060751
2022-03-24,106.72,107.035,106.65,106.95,91.6118,7480541
2022-03-25,106.57,106.65,105.975,106.1,90.8837,10540250
2022-03-28,106.25,106.5252,106.16,106.36,91.1065,8540492
2022-03-29,106.61,106.89,106.455,106.86,91.5347,11396570
2022-03-30,106.6,107.15,106.59,107.15,91.7832,11544370
2022-03-31,107.17,107.38,107.06,107.1,91.7403,13799160
2022-04-01,106.35,106.95,106.25,106.75,91.5772,11581630
2022-04-04,106.84,106.87,106.56,106.84,91.6544,9956504
2022-04-05,106.58,106.625,105.74,105.76,90.7279,11028330
2022-04-06,105.21,105.805,105.115,105.49,90.4963,13115970
2022-04-07,105.38,105.51,105.13,105.26,90.299,7922503
2022-04-08,104.82,105.01,104.615,104.73,89.8443,6503173
2022-04-11,104.44,104.505,104.17,104.28,89.4583,8381780
2022-04-12,104.8,104.92,104.58,104.61,89.7414,8498697
2022-04-13,104.77,105.09,104.74,104.82,89.9215,6801024
2022-04-14,104.73,104.74,103.93,103.97,89.1923,8510083
2022-04-18,103.97,104.015,103.61,103.65,88.9178,8632981
2022-04-19,103.26,103.4264,102.974,103.02,88.3774,7847461
2022-04-20,103.36,103.7356,103.3,103.61,88.8835,8460184
2022-04-21,103.44,103.47,102.79,103.04,88.3945,11396050
2022-04-22,102.73,103.18,102.67,102.94,88.3087,9159006
2022-04-25,103.47,103.93,103.47,103.63,88.9007,8777519
2022-04-26,104.13,104.13,103.8,103.95,89.1752,8535145
2022-04-27,103.91,104.01,103.53,103.53,88.8149,11185370
2022-04-28,103.33,103.51,103.165,103.49,88.7806,10372230
2022-04-29,102.92,103.27,102.82,102.87,88.2487,9924179
2022-05-02,102.32,102.36,102.0,102.13,87.7686,12729040
2022-05-03,102.71,102.79,102.29,102.36,87.9662,12165260
2022-05-04,102.32,103.05,102.12,103.02,88.5334,14656380
2022-05-05,102.48,102.52,101.585,102.0,87.6569,17474430
2022-05-06,101.66,101.95,101.49,101.57,87.2873,8314307
2022-05-09,101.54,102.1,101.475,102.07,87.717,8640927
2022-05-10,102.52,102.72,102.32,102.38,87.9834,18464961
2022-05-11,102.07,102.785,101.96,102.76,88.31,16461961
2022-05-12,102.94,103.14,102.865,102.95,88.4733,9015308
2022-05-13,102.75,102.78,102.48,102.51,88.0951,6715579
2022-05-16,102.71,102.97,102.69,102.74,88.2928,7239212
2022-05-17,102.27,102.43,102.14,102.18,87.8115,6559038
2022-05-18,102.11,102.639,102.075,102.59,88.1639,6093818
2022-05-19,103.2,103.22,102.75,102.85,88.3873,10504270
2022-05-20,102.95,103.21,102.8801,103.16,88.6537,6731407
2022-05-23,103.01,103.2,102.73,102.82,88.3615,8007232
2022-05-24,103.14,103.74,103.13,103.61,89.0405,10332290
2022-05-25,103.93,104.07,103.765,104.04,89.41,7718122
2022-05-26,104.07,104.19,103.8,103.96,89.3412,5720073
2022-05-27,104.09,104.305,104.0201,104.13,89.4873,5496283
2022-05-31,103.53,103.64,103.285,103.47,88.9201,10491720
2022-06-01,103.39,103.525,102.75,102.86,88.5552,8056802
2022-06-02,103.06,103.09,102.73,102.99,88.6671,7456895
2022-06-03,102.67,102.905,102.64,102.82,88.5208,6561091
2022-06-06,102.67,102.77,102.16,102.19,87.9784,5144496
2022-06-07,102.42,102.76,102.4,102.58,88.3141,5620183
2022-06-08,102.42,102.555,102.16,102.16,87.9525,4150910
2022-06-09,102.07,102.22,101.97,102.05,87.8578,5423587
2022-06-10,101.67,101.72,101.03,101.26,87.1777,7829980
2022-06-13,100.1,100.35,99.13,99.6,85.7486,9479214
2022-06-14,99.84,99.94,98.86,99.01,85.2406,10943480
2022-06-15,99.69,100.16,99.18,100.11,86.1876,10979030
2022-06-16,99.24,100.36,99.1432,100.35,86.3943,9329899
2022-06-17,100.42,100.57,99.98,100.34,86.3857,9892239
2022-06-21,100.02,100.26,99.79,99.94,86.0413,9022476
2022-06-22,100.67,100.9296,100.665,100.79,86.7731,9436995
2022-06-23,101.25,101.76,101.125,101.21,87.1347,7774051
2022-06-24,101.11,101.47,100.995,101.05,86.9969,7389583
2022-06-27,100.67,100.945,100.475,100.6,86.6095,8319683
2022-06-28,100.53,100.66,100.395,100.64,86.6439,6540036
2022-06-29,100.8,101.235,100.68,101.22,87.1433,7326495
2022-06-30,101.6,101.955,101.575,101.68,87.5393,7521306
2022-07-01,102.21,102.7874,102.09,102.34,88.2687,7393110
2022-07-05,102.54,102.7043,102.3465,102.53,88.4326,6813402
2022-07-06,102.78,102.8,101.84,101.84,87.8374,6647665
2022-07-07,101.94,101.9799,101.52,101.61,87.639,8226532
2022-07-08,101.35,101.4499,101.16,101.23,87.3113,5270091
2022-07-11,101.67,101.92,101.6029,101.7,87.7167,5758407
2022-07-12,102.02,102.19,101.82,101.84,87.8374,6690559
2022-07-13,101.23,102.24,101.19,102.21,88.1566,6534738
2022-07-14,101.51,101.98,101.33,101.85,87.846,6233275
2022-07-15,101.94,102.35,101.9,102.25,88.1911,8640415
2022-07-18,102.0,102.03,101.72,101.92,87.9064,6006406
2022-07-19,101.95,101.99,101.6615,101.78,87.7857,5936232
2022-07-20,102.16,102.17,101.665,101.71,87.7253,6123970
2022-07-21,101.96,102.58,101.96,102.56,88.4584,5919977
2022-07-22,103.26,103.6,103.115,103.36,89.1484,7323110
2022-07-25,102.9,103.09,102.87,102.98,88.8207,3729487
2022-07-26,103.44,103.51,102.96,102.96,88.8034,6312403
2022-07-27,103.19,103.64,103.18,103.32,89.1139,5431438
2022-07-28,104.09,104.205,103.835,104.06,89.7522,6473834
2022-07-29,103.94,104.395,103.83,104.07,89.7608,7674760
2022-08-01,103.99,104.305,103.91,104.23,90.0723,7733744
2022-08-02,104.27,104.345,103.135,103.16,89.1476,6869385
2022-08-03,103.03,103.64,102.72,103.62,89.5452,6261918
2022-08-04,103.67,103.89,103.57,103.87,89.7612,5199672
2022-08-05,102.81,102.83,102.52,102.71,88.7588,4847064
2022-08-08,103.1,103.29,103.04,103.18,89.1649,3424967
2022-08-09,102.92,103.045,102.84,102.95,88.9662,3854013
2022-08-10,103.43,103.675,103.1095,103.21,89.1909,7156420
2022-08-11,103.38,103.63,102.615,102.66,88.7156,8518254
2022-08-12,102.97,103.12,102.72,103.12,89.1131,3643558
2022-08-15,103.37,103.45,103.24,103.25,89.2254,3782889
2022-08-16,103.13,103.13,102.79,103.1,89.0958,4976060
2022-08-17,102.64,102.735,102.34,102.49,88.5687,7222288
2022-08-18,102.7,102.93,102.64,102.71,88.7588,4260579
2022-08-19,102.13,102.13,101.845,101.99,88.1366,4575547
2022-08-22,101.82,101.89,101.515,101.55,87.7563,7133245
2022-08-23,101.54,101.9671,101.4,101.51,87.7218,7369600
2022-08-24,101.35,101.395,101.15,101.24,87.4884,6319122
2022-08-25,101.33,101.87,101.2426,101.8,87.9724,8217318
2022-08-26,101.67,101.85,101.42,101.61,87.8082,5584793
2022-08-29,101.27,101.28,101.055,101.12,87.3847,7508960
2022-08-30,101.26,101.445,100.93,101.25,87.4971,6573668
2022-08-31,101.04,101.23,100.641,100.71,87.0304,6116453
2022-09-01,100.07,100.145,99.66,100.07,86.6533,8961796
2022-09-02,100.37,100.67,100.13,100.36,86.9044,5966840
2022-09-06,99.96,99.97,99.41,99.42,86.0905,5341272
2022-09-07,99.73,100.13,99.72,100.11,86.6879,3607139
2022-09-08,100.0,100.18,99.785,99.79,86.4108,5546199
2022-09-09,99.99,100.13,99.73,99.78,86.4022,7496080
2022-09-12,100.0,100.09,99.51,99.63,86.2723,8535467
2022-09-13,98.91,99.19,98.895,99.07,85.7874,4957421
2022-09-14,99.0,99.35,98.97,99.2,85.8999,7557369
2022-09-15,99.04,99.1057,98.8436,98.9,85.6402,6016666
2022-09-16,98.66,99.01,98.61,98.83,85.5796,6965431
2022-09-19,98.53,98.84,98.48,98.68,85.4497,5982197
2022-09-20,98.21,98.4,98.08,98.24,85.0687,11271700
2022-09-21,98.4,98.6001,97.86,98.55,85.3371,7094443
2022-09-22,97.9,97.92,97.4039,97.5,84.4279,7092379
2022-09-23,97.4,97.45,96.89,97.2,84.1681,11059540
2022-09-26,96.87,96.91,95.865,95.95,83.0857,9010119
2022-09-27,95.975,96.075,95.375,95.54,82.7307,11440210
2022-09-28,96.47,97.1277,96.27,97.08,84.0642,10539880
2022-09-29,96.48,96.7999,96.29,96.57,83.6226,8666051
2022-09-30,96.86,97.09,96.19,96.34,83.4234,14376290
2022-10-03,96.89,97.48,96.64,96.91,84.1008,9617946
2022-10-04,97.21,97.55,97.0811,97.17,84.3265,6964233
2022-10-05,96.69,96.99,96.27,96.66,83.8839,9512807
2022-10-06,96.59,96.71,96.21,96.28,83.5541,5625145
2022-10-07,95.81,96.01,95.68,95.77,83.1115,6149631
2022-10-10,95.73,95.75,95.1536,95.34,82.7383,4074744
2022-10-11,95.63,95.83,95.27,95.4,82.7904,8892773
2022-10-12,95.25,95.61,95.23,95.48,82.8598,5651195
2022-10-13,94.23,95.44,94.175,95.18,82.5995,6254435
2022-10-14,95.63,95.63,94.61,94.66,82.1482,8580697
2022-10-17,95.25,95.4,94.83,94.86,82.3218,5460624
2022-10-18,95.11,95.18,94.64,95.02,82.4606,6389064
2022-10-19,94.41,94.5584,94.1528,94.2,81.749,6316065
2022-10-20,94.06,94.2555,93.5648,93.63,81.2544,9013040
2022-10-21,93.27,93.865,93.2,93.77,81.3759,8371273
2022-10-24,93.77,94.03,93.45,93.64,81.263,6090397
2022-10-25,94.39,94.705,94.36,94.56,82.0614,11710400
2022-10-26,94.78,95.17,94.76,94.98,82.4259,7884252
2022-10-27,95.21,95.6204,94.99,95.46,82.8425,6913500
2022-10-28,95.01,95.46,94.98,95.22,82.6342,6229253
2022-10-31,95.01,95.06,94.6,94.9,82.3565,10946420
2022-11-01,95.25,95.35,94.6501,94.86,82.5096,8096833
2022-11-02,94.98,95.51,94.53,94.7,82.3705,8584173
2022-11-03,93.97,94.505,93.93,94.35,82.066,9314775
2022-11-04,94.43,94.64,94.17,94.34,82.0573,6918307
2022-11-07,94.41,94.46,94.03,94.04,81.7964,7597242
2022-11-08,94.24,94.6099,94.22,94.44,82.1443,5834912
2022-11-09,94.39,94.7001,94.25,94.55,82.24,6694180
2022-11-10,95.98,96.58,95.79,96.58,84.0057,8494808
2022-11-11,96.23,96.605,96.23,96.51,83.9448,4953168
2022-11-14,96.43,96.45,96.175,96.24,83.71,7457618
2022-11-15,96.8,96.95,96.605,96.95,84.3275,7961974
2022-11-16,97.25,97.63,97.135,97.55,84.8494,11075020
2022-11-17,97.03,97.165,96.85,97.14,84.4928,6889201
2022-11-18,97.22,97.325,96.91,97.0,84.371,4714973
2022-11-21,97.27,97.3355,96.91,96.94,84.3188,6829111
2022-11-22,97.18,97.5,97.18,97.44,84.7537,8039011
2022-11-23,97.58,98.02,97.58,98.02,85.2582,5885623
2022-11-25,97.81,98.04,97.81,98.04,85.2756,2718602
2022-11-28,98.14,98.19,97.835,97.88,85.1365,7920752
2022-11-29,97.54,97.7885,97.492,97.53,84.832,6643300
2022-11-30,97.48,98.32,97.285,98.29,85.4931,8963551
2022-12-01,98.3,98.89,98.17,98.88,86.2047,12471320
2022-12-02,98.49,99.295,98.3,99.29,86.5621,6367993
2022-12-05,98.82,99.29,98.3,98.51,85.8821,8072479
2022-12-06,98.71,98.92,98.59,98.8,86.1349,7660058
2022-12-07,99.29,99.725,99.17,99.68,86.9021,6752854
2022-12-08,99.39,99.5959,99.24,99.38,86.6406,6307207
2022-12-09,99.12,99.21,98.77,98.79,86.1262,8994364
2022-12-12,99.19,99.2355,98.63,98.81,86.1436,10384260
2022-12-13,100.18,100.18,99.4,99.47,86.719,9120641
2022-12-14,99.52,99.79,99.17,99.69,86.9108,10623950
2022-12-15,99.57,99.7,99.365,99.61,87.0382,9424090
2022-12-16,98.96,99.52,98.94,99.35,86.811,7546301
2022-12-19,98.9,98.93,98.6142,98.74,86.278,10351010
2022-12-20,98.1,98.26,97.98,98.07,85.6926,10282170
2022-12-21,98.49,98.536,98.19,98.34,85.9285,8489423
2022-12-22,98.32,98.4653,98.215,98.31,85.9023,8267852
2022-12-23,98.05,98.11,97.895,97.97,85.6052,4823380
2022-12-27,97.46,97.615,97.2121,97.26,84.9848,7925770
2022-12-28,97.47,97.5,97.08,97.09,84.8363,12131150
2022-12-29,97.21,97.47,97.1825,97.45,85.1508,7763261
2022-12-30,97.25,97.36,96.9741,96.99,84.7489,8469000
2023-01-03,97.97,97.97,97.365,97.56,85.247,19930920
2023-01-04,98.17,98.25,97.89,98.1,85.7188,10080090
2023-01-05,97.64,98.06,97.565,98.02,85.6489,9682089
2023-01-06,98.13,99.15,98.04,99.09,86.5839,8503052
2023-01-09,99.06,99.5,99.0,99.34,86.8023,7849643
2023-01-10,99.02,99.15,98.7401,98.96,86.4703,7291301
2023-01-11,99.28,99.57,99.2592,99.57,87.0033,6102954
2023-01-12,99.84,100.53,99.49,100.29,87.6324,8342746
2023-01-13,100.02,100.26,99.8321,99.92,87.3091,6719042
2023-01-17,99.74,99.96,99.65,99.74,87.1518,8174659
2023-01-18,100.76,100.875,100.37,100.73,88.0169,7779524
2023-01-19,100.73,100.73,100.33,100.5,87.8159,8633834
2023-01-20,100.17,100.26,99.89,100.09,87.4577,6095775
2023-01-23,99.8,100.06,99.78,99.84,87.2392,6573240
2023-01-24,99.84,100.32,99.68,100.28,87.6237,6538592
2023-01-25,100.26,100.47,100.1,100.4,87.7285,5431036
2023-01-26,100.33,100.46,100.07,100.23,87.58,5399092
2023-01-27,99.96,100.14,99.91,100.08,87.4489,5123098
2023-01-30,99.9,100.0904,99.8,99.81,87.213,6822012
2023-01-31,100.16,100.34,99.825,100.22,87.5712,12083590
2023-02-01,100.19,100.78,99.86,100.68,88.1891,11593330
2023-02-02,101.04,101.15,100.735,100.79,88.2854,9197909
2023-02-03,99.95,100.13,99.52,99.82,87.4358,9082975
2023-02-06,99.31,99.415,99.23,99.27,86.954,9198870
2023-02-07,99.15,99.57,99.055,99.1,86.8051,6224773
2023-02-08,99.14,99.43,98.95,99.24,86.9277,4900645
2023-02-09,99.54,99.56,98.83,98.85,86.5861,5594835
2023-02-10,98.82,98.83,98.4,98.42,86.2095,5068200
2023-02-13,98.49,98.72,98.46,98.72,86.4722,6832726
2023-02-14,98.67,98.7574,98.11,98.37,86.1657,9559496
2023-02-15,98.24,98.36,98.03,98.18,85.9992,6489232
2023-02-16,97.88,98.03,97.69,97.77,85.6401,5235622
2023-02-17,97.53,98.01,97.53,98.0,85.8416,5956279
2023-02-21,97.361,97.46,97.08,97.08,85.0357,8369587
2023-02-22,97.4,97.59,97.3,97.34,85.2634,5862307
2023-02-23,97.4,97.72,97.37,97.69,85.57,8527182
2023-02-24,97.22,97.26,96.9696,97.13,85.0795,4866858
2023-02-27,97.41,97.49,97.215,97.32,85.2459,5040022
2023-02-28,96.992,97.37,96.9291,97.31,85.2372,8575033
2023-03-01,96.83,97.04,96.5,96.52,84.7488,9125349
2023-03-02,96.15,96.35,96.11,96.32,84.5732,9247374
2023-03-03,96.85,97.08,96.59,97.08,85.2405,7266999
2023-03-06,97.27,97.29,96.81,96.84,85.0297,4188489
2023-03-07,96.98,97.025,96.57,96.71,84.9156,6013304
2023-03-08,96.904,97.08,96.48,96.61,84.8278,8044025
2023-03-09,96.76,97.1501,96.695,96.96,85.1351,7054402
2023-03-10,97.79,98.32,97.755,98.09,86.1273,7515785
2023-03-13,99.05,99.65,98.62,98.87,86.8122,10344140
2023-03-14,98.77,98.82,98.085,98.29,86.3029,8159781
2023-03-15,99.43,99.7,98.81,99.27,87.1634,11133660
2023-03-16,99.53,99.72,98.675,98.88,86.821,15219710
2023-03-17,99.29,99.8,99.21,99.5,87.3653,8277602
2023-03-20,99.73,99.73,99.015,99.1,87.0141,6346444
2023-03-21,98.88,99.03,98.7,98.8,86.7507,5499073
2023-03-22,98.8,99.82,98.64,99.75,87.5849,7585382
2023-03-23,99.68,100.05,99.51,99.99,87.7956,9949714
2023-03-24,100.28,100.49,99.95,100.16,87.9449,6217707
2023-03-27,99.39,99.52,99.07,99.08,86.9966,6823373
2023-03-28,98.98,99.05,98.82,98.93,86.8649,6356361
2023-03-29,98.74,99.11,98.72,99.05,86.9702,5111265
2023-03-30,99.03,99.23,98.9535,99.16,87.0668,4251904
2023-03-31,99.39,99.69,99.16,99.64,87.4883,8521604
2023-04-03,99.28,99.855,99.21,99.82,87.8683,7567059
2023-04-04,99.55,100.3,99.5,100.19,88.194,8925168
2023-04-05,100.5,100.98,100.41,100.53,88.4933,9883500
2023-04-06,100.56,100.685,100.44,100.44,88.4141,6105185
2023-04-10,99.89,99.91,99.6,99.75,87.8067,4477955
2023-04-11,99.81,99.88,99.59,99.81,87.8595,4543802
2023-04-12,100.17,100.2,99.61,99.93,87.9652,7226075
2023-04-13,100.16,100.2677,99.805,99.89,87.93,3964799
2023-04-14,99.56,99.59,99.32,99.4,87.4986,4794084
2023-04-17,99.13,99.175,98.88,98.9,87.0585,4441277
2023-04-18,98.91,99.16,98.91,99.04,87.1817,4753036
2023-04-19,98.89,98.93,98.71,98.89,87.0497,3592906
2023-04-20,99.21,99.36,99.19,99.34,87.4458,5092430
2023-04-21,99.51,99.56,99.11,99.17,87.2962,5367257
2023-04-24,99.42,99.59,99.36,99.56,87.6395,3256883
2023-04-25,99.97,100.25,99.9636,100.18,88.1852,5065415
2023-04-26,100.16,100.22,99.72,99.81,87.8595,3723566
2023-04-27,99.61,99.63,99.39,99.45,87.5426,4018321
2023-04-28,99.99,99.99,99.72,99.96,87.9916,5469882
2023-05-01,99.35,99.41,98.595,98.69,87.0908,10631640
2023-05-02,98.96,99.67,98.93,99.65,87.938,6085943
2023-05-03,99.89,100.1336,99.6901,100.09,88.3263,5637180
2023-05-04,99.77,100.415,99.75,99.97,88.2204,5262191
2023-05-05,99.64,99.7199,99.4542,99.65,87.938,4003005
2023-05-08,99.21,99.35,99.0801,99.1,87.4527,5481302
2023-05-09,99.11,99.19,99.01,99.01,87.3732,5712210
2023-05-10,99.43,99.68,99.39,99.65,87.938,4803044
2023-05-11,100.11,100.19,99.88,99.95,88.2028,7703942
2023-05-12,99.89,99.95,99.39,99.39,87.7086,4286034
2023-05-15,99.21,99.22,99.1,99.14,87.488,8532590
2023-05-16,98.89,98.95,98.74,98.91,87.285,6728498
2023-05-17,98.99,99.025,98.68,98.76,87.1526,6318677
2023-05-18,98.49,98.51,98.27,98.3,86.7467,4811544
2023-05-19,98.13,98.44,98.0,98.08,86.5525,10285870
2023-05-22,98.14,98.33,97.97,97.99,86.4731,8551145
2023-05-23,97.92,98.2058,97.81,98.1,86.5702,7641202
2023-05-24,98.17,98.19,97.815,97.85,86.3496,7719174
2023-05-25,97.74,97.8,97.4399,97.49,86.0319,5941485
2023-05-26,97.36,97.5898,97.2406,97.57,86.1025,3889853
2023-05-30,97.9,98.24,97.85,98.22,86.6761,7349896
2023-05-31,98.22,98.72,98.21,98.57,86.985,10560020
2023-06-01,98.6,98.8,98.484,98.61,87.2484,9029803
2023-06-02,98.54,98.58,98.08,98.09,86.7883,6877188
2023-06-05,97.85,98.32,97.76,98.08,86.7795,7562834
2023-06-06,98.12,98.21,97.89,98.2,86.8856,3815981
2023-06-07,98.15,98.22,97.59,97.68,86.4255,5131567
2023-06-08,97.8,98.21,97.77,98.2,86.8856,5041870
2023-06-09,97.91,98.05,97.79,97.97,86.6821,7140768
2023-06-12,98.09,98.16,97.73,98.14,86.8325,5436273
2023-06-13,98.48,98.48,97.6001,97.68,86.4255,9568345
2023-06-14,97.88,97.99,97.4499,97.77,86.5052,8360159
2023-06-15,98.29,98.46,98.1337,98.45,87.1068,7471994
2023-06-16,98.09,98.275,97.905,98.14,86.8325,5653727
2023-06-20,98.28,98.505,98.17,98.32,86.9918,6694188
2023-06-21,98.09,98.53,97.975,98.48,87.1334,5579941
2023-06-22,98.17,98.325,97.92,97.97,86.6821,7147656
2023-06-23,98.49,98.5,98.1,98.26,86.9387,4792937
2023-06-26,98.5,98.5125,98.31,98.38,87.0449,10632270
2023-06-27,98.45,98.585,98.1,98.19,86.8768,7803348
2023-06-28,98.34,98.535,98.2,98.48,87.1334,8622853
2023-06-29,97.8,97.87,97.61,97.72,86.4609,8877566
2023-06-30,97.86,98.1,97.74,97.95,86.6644,13417260
2023-07-03,97.82,98.04,97.54,97.58,86.5622,3691597
2023-07-05,97.51,97.53,97.05,97.14,86.1719,6046567
2023-07-06,96.56,96.64,96.28,96.51,85.613,9534231
2023-07-07,96.4247,96.75,96.4247,96.53,85.6307,8311015
2023-07-10,96.57,96.94,96.55,96.8,85.8703,8827490
2023-07-11,96.94,97.0999,96.855,97.01,86.0565,5978640
2023-07-12,97.51,97.8499,97.45,97.8,86.7573,7189081
2023-07-13,98.18,98.44,98.115,98.41,87.2985,7458509
2023-07-14,98.23,98.31,97.92,97.94,86.8815,7208467
2023-07-17,97.95,98.1,97.85,98.05,86.9791,4689526
2023-07-18,98.33,98.41,98.13,98.13,87.0501,5593380
2023-07-19,98.35,98.48,98.185,98.43,87.3162,7467923
2023-07-20,98.06,98.075,97.7344,97.92,86.8638,12562380
2023-07-21,98.11,98.15,97.94,97.99,86.9259,7605261
2023-07-24,98.1,98.155,97.79,97.81,86.7662,6656685
2023-07-25,97.58,97.79,97.57,97.7,86.6686,5794830
2023-07-26,97.93,98.065,97.68,98.02,86.9525,5907376
2023-07-27,97.84,97.93,97.105,97.18,86.2073,6937871
2023-07-28,97.39,97.59,97.3102,97.56,86.5444,9233678
2023-07-31,97.53,97.8,97.5219,97.68,86.6509,11079100
2023-08-01,97.01,97.09,96.71,96.77,86.0768,8810799
2023-08-02,96.48,96.56,96.23,96.54,85.8722,8551942
2023-08-03,95.93,96.0181,95.8,95.89,85.2941,7532793
2023-08-04,96.25,96.75,96.25,96.68,85.9968,6400359
2023-08-07,96.64,96.7,96.48,96.7,86.0146,9732593
2023-08-08,96.94,97.1092,96.835,96.93,86.2191,6867329
2023-08-09,97.01,97.1199,96.9136,97.0,86.2814,5634703
2023-08-10,97.06,97.22,96.37,96.37,85.721,15516100
2023-08-11,96.12,96.415,96.07,96.07,85.4542,9016684
2023-08-14,95.98,96.22,95.83,96.0,85.3919,7901458
2023-08-15,95.81,96.07,95.74,95.74,85.1606,6522465
2023-08-16,95.76,95.93,95.45,95.51,84.956,8964587
2023-08-17,95.5,95.5455,95.21,95.41,84.8671,8162377
2023-08-18,95.47,95.7475,95.43,95.62,85.0539,6154612
2023-08-21,95.255,95.3,95.04,95.14,84.6269,13362270
2023-08-22,95.17,95.32,95.06,95.24,84.7159,6156222
2023-08-23,95.75,96.15,95.731,96.15,85.5253,7831606
2023-08-24,95.99,96.12,95.85,95.93,85.3296,8247712
2023-08-25,95.82,96.08,95.5957,95.87,85.2763,7917939
2023-08-28,96.1,96.11,95.925,96.08,85.4631,6544469
2023-08-29,95.91,96.71,95.91,96.7,86.0146,7386310
2023-08-30,96.78,96.825,96.62,96.66,85.979,8752362
2023-08-31,96.78,96.9557,96.715,96.8,86.1035,7230076
2023-09-01,96.54,96.57,95.9825,96.04,85.658,8132478
2023-09-05,95.85,95.87,95.52,95.52,85.1942,6111516
2023-09-06,95.63,95.64,95.31,95.43,85.1139,8379217
2023-09-07,95.59,95.74,95.49,95.73,85.3815,5077850
2023-09-08,95.93,96.02,95.76,95.78,85.4261,4774309
2023-09-11,95.66,95.73,95.57,95.67,85.328,4077173
2023-09-12,95.71,95.73,95.5743,95.7,85.3547,4583413
2023-09-13,95.61,95.95,95.59,95.84,85.4796,5953577
2023-09-14,95.96,95.975,95.6801,95.71,85.3636,5952843
2023-09-15,95.64,95.695,95.48,95.49,85.1674,5667690
2023-09-18,95.37,95.6399,95.36,95.63,85.2923,6066168
2023-09-19,95.54,95.59,95.35,95.35,85.0425,5327873
2023-09-20,95.57,95.6981,95.3,95.3,84.998,6282734
2023-09-21,94.8,94.8059,94.64,94.65,84.4182,8028921
2023-09-22,94.78,95.09,94.73,95.05,84.775,7294228
2023-09-25,94.49,94.6175,94.285,94.3,84.1061,7485203
2023-09-26,94.47,94.505,94.15,94.18,83.999,15549170
2023-09-27,94.47,94.5122,93.6562,93.85,83.7047,14560460
2023-09-28,93.7,94.16,93.5299,94.13,83.9544,13334180
2023-09-29,94.5,94.565,93.97,94.04,83.8742,13483640
2023-10-02,93.43,93.51,93.1,93.13,83.2904,8880050
2023-10-03,92.99,93.086,92.3745,92.4,82.6375,12058370
2023-10-04,92.77,93.05,92.55,93.05,83.2189,14097770
2023-10-05,93.17,93.22,92.99,93.11,83.2725,7129439
2023-10-06,92.46,92.98,92.3708,92.75,82.9506,9569518
2023-10-09,93.22,93.72,93.15,93.71,83.8091,4353218
2023-10-10,93.39,93.805,93.255,93.62,83.7286,14553560
2023-10-11,93.94,94.05,93.76,94.05,84.1132,15347040
2023-10-12,93.87,93.91,93.17,93.24,83.3888,11189790
2023-10-13,93.68,93.79,93.5234,93.64,83.7465,7516133
2023-10-16,93.32,93.405,93.1,93.12,83.2815,6332779
2023-10-17,92.51,92.6873,92.35,92.45,82.6823,8198418
2023-10-18,92.29,92.375,91.94,92.02,82.2977,9352743
2023-10-19,91.89,92.165,91.61,91.67,81.9847,11552720
2023-10-20,91.94,92.135,91.9006,92.0,82.2798,6630026
2023-10-23,91.7,92.5,91.5819,92.36,82.6018,12886000
2023-10-24,92.43,92.69,92.28,92.69,82.8969,9165301
2023-10-25,92.33,92.35,91.92,92.0,82.2798,8904428
2023-10-26,92.12,92.64,92.105,92.62,82.8343,11574570
2023-10-27,92.56,92.6405,92.37,92.59,82.8075,7650175
2023-10-30,92.29,92.505,92.1523,92.37,82.6107,8166711
2023-10-31,92.45,92.63,92.31,92.31,82.5571,12343610
2023-11-01,92.23,93.05,92.23,93.05,83.469,14404640
2023-11-02,93.68,93.76,93.37,93.61,83.9713,11166740
2023-11-03,94.54,94.685,94.14,94.18,84.4826,11890350
2023-11-06,93.93,93.99,93.634,93.71,84.061,8521632
2023-11-07,93.94,94.36,93.91,94.21,84.5095,7306930
2023-11-08,94.27,94.6154,94.25,94.53,84.7966,6932255
2023-11-09,94.42,94.44,93.73,93.74,84.0879,9163165
2023-11-10,94.19,94.215,93.88,93.96,84.2853,6101956
2023-11-13,93.64,93.97,93.53,93.95,84.2763,9679644
2023-11-14,95.03,95.2,94.93,95.13,85.3348,12149610
2023-11-15,94.7,94.715,94.455,94.54,84.8055,10956780
2023-11-16,94.85,95.1979,94.85,95.06,85.272,10145390
2023-11-17,95.21,95.36,95.025,95.25,85.4424,9244042
2023-11-20,95.07,95.42,95.07,95.4,85.577,10051650
2023-11-21,95.45,95.5699,95.28,95.5,85.6667,7393840
2023-11-22,95.68,95.75,95.37,95.59,85.7474,6329863
2023-11-24,95.24,95.3158,95.12,95.15,85.3527,2944257
2023-11-27,95.36,95.72,95.33,95.69,85.8371,8854641
2023-11-28,95.61,96.13,95.565,96.11,86.2139,9749395
2023-11-29,96.42,96.665,96.3414,96.58,86.6355,8006828
2023-11-30,96.38,96.41,96.13,96.26,86.3484,8889239
2023-12-01,96.0,96.869,95.97,96.83,87.1074,11774330
2023-12-04,96.58,96.6678,96.3135,96.46,86.7745,9440199
2023-12-05,96.85,97.145,96.785,97.1,87.3503,8850641
2023-12-06,97.24,97.49,97.15,97.35,87.5752,11111230
2023-12-07,97.22,97.56,97.22,97.38,87.6022,7157947
2023-12-08,96.99,97.065,96.7217,96.89,87.1614,6696783
2023-12-11,96.8,96.95,96.6,96.9,87.1703,15008720
2023-12-12,96.94,97.19,96.8213,97.19,87.4312,11711460
2023-12-13,97.39,98.45,97.3299,98.41,88.5287,11194420
2023-12-14,98.68,99.04,98.6102,98.92,89.2436,12651260
2023-12-15,98.8,98.88,98.59,98.69,89.0361,10079310
2023-12-18,98.58,98.58,98.42,98.49,88.8556,11521010
2023-12-19,98.63,98.777,98.59,98.61,88.9639,13787120
2023-12-20,98.87,99.04,98.69,98.97,89.2887,9994103
2023-12-21,99.22,99.255,98.83,98.96,89.2797,9099118
2023-12-22,99.13,99.135,98.805,98.83,89.1624,13234680
2023-12-26,98.93,99.08,98.89,99.03,89.3428,5418487
2023-12-27,99.4,99.7,99.3127,99.66,89.9112,6919952
2023-12-28,99.54,99.65,99.3127,99.44,89.7127,7172285
2023-12-29,99.2,99.425,99.13,99.25,89.5413,7327825
2024-01-02,98.84,98.97,98.725,98.78,89.1173,9754476
2024-01-03,98.45,98.9367,98.3114,98.83,89.1624,10002140
2024-01-04,98.42,98.5499,98.325,98.43,88.8015,9896688
2024-01-05,98.13,98.69,98.0694,98.2,88.594,9038700
2024-01-08,98.24,98.71,98.205,98.57,88.9278,7946495
2024-01-09,98.39,98.66,98.39,98.55,88.9098,7157411
2024-01-10,98.74,98.8,98.36,98.36,88.7383,7679382
2024-01-11,98.53,98.9599,98.41,98.92,89.2436,7275940
2024-01-12,99.14,99.36,98.96,99.1,89.406,6359407
2024-01-16,98.72,98.85,98.2701,98.36,88.7383,14489800
2024-01-17,98.16,98.2099,97.94,98.09,88.4948,8977600
2024-01-18,98.16,98.195,97.89,98.0,88.4136,10575150
2024-01-19,97.89,98.02,97.6714,98.02,88.4316,9126093
2024-01-22,98.26,98.3556,98.1,98.2,88.594,8712582
2024-01-23,97.99,98.0,97.82,97.96,88.3775,5642997
2024-01-24,98.29,98.33,97.7,97.74,88.179,11278510
2024-01-25,98.01,98.2,97.96,98.18,88.576,16521609
2024-01-26,98.2,98.2,97.984,98.07,88.4767,5022843
2024-01-29,98.3,98.53,98.1918,98.46,88.8286,6423562
2024-01-30,98.64,98.69,98.29,98.65,89.0,6740125
2024-01-31,99.0,99.26,98.81,99.1,89.406,10829130
2024-02-01,99.2,99.565,99.02,99.37,89.9157,11937360
2024-02-02,98.49,98.62,98.2616,98.46,89.0922,8422612
2024-02-05,97.89,97.91,97.56,97.65,88.3593,7656888
2024-02-06,97.79,98.2,97.775,98.16,88.8208,6608583
2024-02-07,97.99,98.28,97.94,97.96,88.6398,8785226
2024-02-08,97.78,97.84,97.62,97.66,88.3683,12446860
2024-02-09,97.54,97.63,97.495,97.63,88.3412,7120463
2024-02-12,97.7,97.745,97.52,97.65,88.3593,5696254
2024-02-13,97.04,97.095,96.75,96.75,87.5449,15872620
2024-02-14,96.84,97.215,96.84,97.18,87.934,8776901
2024-02-15,97.49,97.55,97.2301,97.41,88.1421,7194549
2024-02-16,96.95,97.1,96.895,97.1,87.8616,7723697
2024-02-20,97.23,97.3575,97.16,97.19,87.9431,8735680
2024-02-21,97.28,97.28,96.8653,96.9,87.6807,7785144
2024-02-22,96.93,97.09,96.84,96.98,87.753,7538284
2024-02-23,96.99,97.39,96.99,97.34,88.0788,7738039
2024-02-26,97.34,97.35,96.97,97.13,87.8888,9374597
2024-02-27,97.1,97.215,96.94,97.0,87.7711,9065486
2024-02-28,97.07,97.23,97.0133,97.19,87.9431,7942456
2024-02-29,97.38,97.555,97.29,97.35,88.0878,16774090
2024-03-01,96.99,97.55,96.81,97.53,88.5109,8994931
2024-03-04,97.26,97.3801,97.23,97.29,88.2931,7428243
2024-03-05,97.69,97.92,97.6,97.82,88.7741,6815524
2024-03-06,97.95,98.1601,97.91,97.97,88.9102,16536199
2024-03-07,98.22,98.24,97.97,98.18,89.1008,7726663
2024-03-08,98.34,98.405,98.19,98.27,89.1825,7168723
2024-03-11,98.28,98.305,98.09,98.16,89.0827,11354560
2024-03-12,98.02,98.04,97.8,97.91,88.8558,7471902
2024-03-13,97.82,97.93,97.73,97.73,88.6924,5846648
2024-03-14,97.48,97.48,97.1,97.11,88.1298,10541000
2024-03-15,97.15,97.195,97.02,97.1,88.1207,5756900
2024-03-18,97.07,97.12,96.92,97.0,88.0299,5227228
2024-03-19,97.15,97.3391,97.105,97.24,88.2477,5076659
2024-03-20,97.29,97.63,97.13,97.44,88.4293,8681408
2024-03-21,97.62,97.68,97.41,97.51,88.4928,10100250
2024-03-22,97.91,97.91,97.74,97.82,88.7741,8359208
2024-03-25,97.76,97.76,97.57,97.64,88.6108,11037740
2024-03-26,97.66,97.76,97.52,97.74,88.7015,8830456
2024-03-27,97.8,98.075,97.79,98.06,88.9919,9366825
2024-03-28,97.93,98.08,97.85,97.94,88.883,8863332
2024-04-01,97.32,97.34,96.89,96.94,88.2397,8667445
2024-04-02,96.66,96.89,96.54,96.87,88.176,10624650
2024-04-03,96.58,96.95,96.485,96.93,88.2306,6919270
2024-04-04,97.11,97.17,96.92,97.16,88.4399,9327565
2024-04-05,96.76,96.995,96.675,96.68,88.003,12343560
2024-04-08,96.56,96.7,96.5,96.59,87.9211,11457110
2024-04-09,96.83,96.98,96.83,96.92,88.2215,5736500
2024-04-10,96.22,96.27,95.74,95.76,87.1656,11248930
2024-04-11,95.98,96.025,95.59,95.78,87.1838,16217810
2024-04-12,96.08,96.1963,95.96,95.96,87.3476,17284699
2024-04-15,95.47,95.53,95.205,95.38,86.8197,11705250
2024-04-16,95.01,95.175,94.9,95.11,86.5739,17565920
2024-04-17,95.4,95.61,95.25,95.55,86.9744,7567782
2024-04-18,95.55,95.57,95.2201,95.28,86.7287,7717474
2024-04-19,95.53,95.55,95.33,95.38,86.8197,9121718
2024-04-22,95.33,95.525,95.32,95.44,86.8743,9029044
2024-04-23,95.38,95.84,95.3,95.64,87.0564,10837190
2024-04-24,95.38,95.465,95.2001,95.39,86.8288,7960989
2024-04-25,94.94,95.14,94.85,95.12,86.583,6758125
2024-04-26,95.32,95.4698,95.3,95.33,86.7742,8442514
2024-04-29,95.6,95.67,95.45,95.62,87.0382,7384591
2024-04-30,95.32,95.5,95.15,95.23,86.6832,11228470
2024-05-01,95.2,95.58,94.99,95.27,86.9888,11017680
2024-05-02,95.27,95.73,95.22,95.7,87.3815,7607332
2024-05-03,96.32,96.455,95.93,96.19,87.8289,9146714
2024-05-06,96.21,96.33,96.15,96.26,87.8928,10155470
2024-05-07,96.53,96.67,96.38,96.46,88.0754,7686999
2024-05-08,96.25,96.3453,96.2318,96.26,87.8928,4587251
2024-05-09,96.2,96.53,96.19,96.44,88.0571,6732586
2024-05-10,96.26,96.325,96.16,96.24,87.8745,5326446
2024-05-13,96.44,96.4674,96.28,96.29,87.9202,5263260
2024-05-14,96.5,96.64,96.42,96.55,88.1576,5243275
2024-05-15,97.11,97.28,96.9801,97.19,88.7419,5846511
2024-05-16,97.23,97.27,97.01,97.08,88.6415,7894451
2024-05-17,96.92,96.9986,96.77,96.77,88.3584,5267144
2024-05-20,96.71,96.76,96.665,96.68,88.2763,5262987
2024-05-21,96.92,96.945,96.83,96.86,88.4406,5227948
2024-05-22,96.66,96.8899,96.65,96.74,88.3311,3823632
2024-05-23,96.83,96.83,96.37,96.47,88.0845,5094928
2024-05-24,96.43,96.62,96.39,96.58,88.185,3072140
2024-05-28,96.67,96.69,96.12,96.13,87.7741,6046075
2024-05-29,95.91,95.93,95.6317,95.76,87.4362,8249084
2024-05-30,96.08,96.23,96.02,96.21,87.8471,5568856
2024-05-31,96.46,96.5886,96.41,96.52,88.1302,8762935
2024-06-03,96.4,96.8,96.38,96.8,88.6631,6095674
2024-06-04,97.0,97.24,96.94,97.15,88.9837,3979112
2024-06-05,97.29,97.45,97.04,97.45,89.2584,4602541
2024-06-06,97.31,97.5,97.31,97.48,89.2859,6568939
2024-06-07,96.82,96.82,96.62,96.62,88.4982,5364971
2024-06-10,96.52,96.5875,96.4301,96.54,88.4249,8235950
2024-06-11,96.64,96.93,96.56,96.87,88.7272,4650303
2024-06-12,97.6,97.8116,97.31,97.33,89.1485,7627065
2024-06-13,97.7,97.93,97.58,97.82,89.5973,7094817
2024-06-14,97.85,98.045,97.85,97.92,89.6889,6239526
2024-06-17,97.57,97.6,97.445,97.57,89.3683,5265075
2024-06-18,97.7,98.04,97.6754,97.92,89.6889,7030650
2024-06-20,97.55,97.77,97.515,97.75,89.5332,5621633
2024-06-21,97.89,97.98,97.645,97.76,89.5424,4715500
2024-06-24,97.82,97.86,97.72,97.84,89.6157,5017272
2024-06-25,97.78,97.88,97.7118,97.83,89.6065,5701669
2024-06-26,97.43,97.49,97.37,97.39,89.2035,4964125
2024-06-27,97.56,97.67,97.535,97.55,89.35,5276457
2024-06-28,97.77,97.795,97.07,97.07,88.9104,12781550
2024-07-01,96.43,96.66,96.22,96.25,88.4334,12239100
2024-07-02,96.64,96.6702,96.441,96.57,88.7274,5441965
2024-07-03,96.8,97.165,96.77,97.09,89.2052,4061079
2024-07-05,97.45,97.63,97.305,97.58,89.6554,3490062
2024-07-08,97.59,97.65,97.45,97.61,89.683,4603072
2024-07-09,97.51,97.605,97.34,97.52,89.6003,5004874
2024-07-10,97.61,97.67,97.485,97.62,89.6922,4586211
2024-07-11,98.18,98.31,98.09,98.12,90.1516,3790200
2024-07-12,98.17,98.39,98.1302,98.39,90.3996,6329054
2024-07-15,98.15,98.28,98.025,98.05,90.0872,6984734
2024-07-16,98.18,98.45,98.14,98.45,90.4548,8936096
2024-07-17,98.26,98.57,98.23,98.52,90.5191,5680415
2024-07-18,98.37,98.56,98.21,98.25,90.271,10584200
2024-07-19,98.04,98.0969,97.97,98.05,90.0872,7735774
2024-07-22,98.12,98.2,97.8625,98.01,90.0505,11657640
2024-07-23,98.095,98.18,97.98,98.0,90.0413,7225976
2024-07-24,97.82,98.19,97.7,97.7,89.7657,6578527
2024-07-25,97.84,98.135,97.82,97.97,90.0137,12766230
2024-07-26,98.29,98.3574,98.18,98.32,90.3353,4243795
2024-07-29,98.54,98.54,98.37,98.48,90.4823,6822624
2024-07-30,98.52,98.64,98.38,98.58,90.5742,5845841
2024-07-31,98.81,99.12,98.6493,99.11,91.0612,11725120
2024-08-01,99.01,99.32,99.005,99.22,91.4425,9642741
2024-08-02,99.88,100.37,99.8,100.33,92.4655,9397607
2024-08-05,100.82,100.89,100.0205,100.25,92.3917,12066080
2024-08-06,100.14,100.155,99.625,99.65,91.8388,10945180
2024-08-07,99.51,99.6142,99.24,99.35,91.5623,8085207
2024-08-08,99.11,99.28,99.07,99.2,91.424,5558079
2024-08-09,99.64,99.7,99.48,99.55,91.7466,3879241
2024-08-12,99.47,99.78,99.41,99.72,91.9033,7300711
2024-08-13,100.04,100.12,99.93,100.12,92.2719,3925473
2024-08-14,100.15,100.4,100.14,100.3,92.4378,9871619
2024-08-15,99.7,99.9,99.65,99.88,92.0507,8628478
2024-08-16,100.03,100.12,99.85,100.12,92.2719,6507875
2024-08-19,100.07,100.3374,100.04,100.23,92.3733,4690310
2024-08-20,100.41,100.56,100.33,100.53,92.6498,5516765
2024-08-21,100.61,100.9,100.43,100.72,92.8249,6366682
2024-08-22,100.54,100.565,100.23,100.31,92.447,7893691
2024-08-23,100.52,100.81,100.43,100.77,92.871,6179548
2024-08-26,100.92,100.92,100.66,100.68,92.788,6653194
2024-08-27,100.48,100.74,100.43,100.71,92.8157,7965500
2024-08-28,100.71,100.77,100.6,100.62,92.7327,6960499
2024-08-29,100.45,100.55,100.3506,100.49,92.6129,6912660
2024-08-30,100.51,100.64,100.22,100.25,92.3917,7213235
2024-09-03,100.32,100.53,100.23,100.36,92.7815,6837240
2024-09-04,100.43,100.85,100.4,100.8,93.1883,10867810
2024-09-05,101.02,101.115,100.75,101.06,93.4286,11921950
2024-09-06,101.13,101.595,100.97,101.19,93.5488,8830177
2024-09-09,101.15,101.429,101.05,101.34,93.6875,7569256
2024-09-10,101.34,101.7,101.31,101.65,93.9741,5979509
2024-09-11,101.51,101.85,101.46,101.62,93.9463,4184407
2024-09-12,101.56,101.65,101.38,101.53,93.8631,6419517
2024-09-13,101.76,101.82,101.62,101.74,94.0573,5330629
2024-09-16,101.83,102.04,101.7482,101.98,94.2792,8425911
2024-09-17,101.99,102.0301,101.825,101.88,94.1867,9256001
2024-09-18,101.68,102.03,101.53,101.56,93.8909,6280106
2024-09-19,101.41,101.6101,101.3701,101.57,93.9001,5079896
2024-09-20,101.43,101.65,101.315,101.48,93.8169,8464907
2024-09-23,101.34,101.59,101.185,101.44,93.7799,8428058
2024-09-24,101.27,101.619,101.22,101.58,93.9094,5803587
2024-09-25,101.42,101.4265,101.19,101.19,93.5488,9259117
2024-09-26,101.32,101.35,101.0,101.21,93.5673,8124446
2024-09-27,101.41,101.56,101.325,101.5,93.8354,5033279
2024-09-30,101.44,101.4794,101.14,101.27,93.6228,9105421
2024-10-01,101.27,101.445,101.15,101.23,93.8707,8811488
2024-10-02,100.88,101.1056,100.805,101.02,93.6759,11700910
2024-10-03,100.85,100.8867,100.59,100.61,93.2957,8751191
2024-10-04,100.1,100.14,99.8901,99.96,92.693,9641064
2024-10-07,99.64,99.765,99.58,99.62,92.3777,6382168
2024-10-08,99.52,99.79,99.49,99.79,92.5354,7340131
2024-10-09,99.64,99.67,99.47,99.53,92.2943,8218472
2024-10-10,99.45,99.55,99.2338,99.47,92.2386,5757678
2024-10-11,99.41,99.62,99.36,99.5,92.2664,4878672
2024-10-14,99.2,99.42,99.1701,99.41,92.183,3512569
2024-10-15,99.74,99.84,99.68,99.81,92.5539,7158682
2024-10-16,99.96,100.04,99.87,99.94,92.6745,4741263
2024-10-17,99.6,99.66,99.42,99.45,92.2201,5306334
2024-10-18,99.63,99.675,99.5,99.52,92.285,4973029
2024-10-21,99.18,99.205,98.83,98.83,91.6451,6874029
2024-10-22,98.93,99.01,98.77,98.85,91.6637,11401910
2024-10-23,98.57,98.76,98.4815,98.6,91.4319,19660141
2024-10-24,98.68,98.95,98.6,98.79,91.6081,7559385
2024-10-25,98.97,98.99,98.54,98.59,91.4226,9028548
2024-10-28,98.64,98.65,98.2946,98.43,91.2742,7363142
2024-10-29,98.12,98.56,98.0871,98.54,91.3762,5421716
2024-10-30,98.75,98.94,98.4,98.44,91.2835,11188380
2024-10-31,98.32,98.5789,98.1501,98.42,91.265,12754770
2024-11-01,98.29,98.38,97.6801,97.72,90.9024,10387260
2024-11-04,98.25,98.375,97.9538,98.13,91.2838,6630091
2024-11-05,98.09,98.39,97.86,98.36,91.4978,6663038
2024-11-06,97.43,97.8199,97.355,97.59,90.7815,9158058
2024-11-07,97.96,98.54,97.9,98.33,91.4698,17402311
2024-11-08,98.48,98.715,98.3748,98.5,91.628,6199838
2024-11-11,98.3,98.33,98.16,98.28,91.4233,4501340
2024-11-12,97.98,98.14,97.6501,97.71,90.8931,16775680
2024-11-13,98.17,98.2,97.57,97.69,90.8745,15834910
2024-11-14,97.85,97.99,97.57,97.65,90.8373,7312304
2024-11-15,97.44,97.88,97.26,97.66,90.8466,11844290
2024-11-18,97.55,97.82,97.465,97.75,90.9303,5260760
2024-11-19,97.95,98.045,97.87,97.89,91.0605,4735960
2024-11-20,97.69,97.93,97.67,97.79,90.9675,5551154
2024-11-21,97.85,98.01,97.6701,97.74,90.921,6348553
2024-11-22,97.87,97.92,97.72,97.81,90.9861,4989634
2024-11-25,98.53,98.7,98.43,98.69,91.8047,9246256
2024-11-26,98.49,98.54,98.3,98.54,91.6652,11303240
2024-11-27,98.8,98.9299,98.65,98.81,91.9164,8749917
2024-11-29,99.15,99.215,99.08,99.2,92.2792,9623184
2024-12-02,99.39,99.6,98.58,98.9,92.2899,18397840
2024-12-03,98.97,99.06,98.67,98.71,92.1126,6889766
2024-12-04,98.52,99.09,98.484,99.03,92.4112,7448899
2024-12-05,98.96,99.11,98.85,99.05,92.4299,8787117
2024-12-06,99.4,99.44,99.1397,99.33,92.6912,12890680
2024-12-09,99.2,99.22,99.03,99.04,92.4206,10689040
2024-12-10,98.87,98.99,98.804,98.92,92.3086,5984610
2024-12-11,99.08,99.1546,98.66,98.69,92.0939,8095829
2024-12-12,98.53,98.58,98.25,98.29,91.7207,12353320
2024-12-13,98.2,98.23,97.87,97.92,91.3754,6566351
2024-12-16,98.07,98.0998,97.8841,98.01,91.4594,7124119
2024-12-17,98.0,98.13,97.95,98.01,91.4594,7239282
2024-12-18,97.66,97.8,96.9,96.95,90.7631,14261480
2024-12-19,96.76,96.82,96.5045,96.7,90.5291,15490130
2024-12-20,97.05,97.22,96.94,96.96,90.7725,8657695
2024-12-23,96.95,96.9699,96.6,96.66,90.4916,10540780
2024-12-24,96.5,96.78,96.47,96.77,90.5946,4739264
2024-12-26,96.52,96.8799,96.51,96.84,90.6601,10620330
2024-12-27,96.79,96.89,96.61,96.64,90.4729,8601525
2024-12-30,97.0,97.08,96.96,97.02,90.8287,10154730
2024-12-31,97.15,97.2099,96.83,96.9,90.7163,12276730
2025-01-02,97.07,97.205,96.78,96.91,90.7257,5547684
2025-01-03,97.03,97.0676,96.79,96.81,90.6321,5331125
2025-01-06,96.72,96.7999,96.58,96.71,90.5384,9248349
2025-01-07,96.61,96.675,96.24,96.37,90.2201,9153293
2025-01-08,96.27,96.52,96.23,96.48,90.3231,7444537
2025-01-10,95.85,96.225,95.85,95.94,89.8176,9822014
2025-01-13,95.94,95.95,95.735,95.85,89.7333,10420720
2025-01-14,95.86,95.93,95.7501,95.88,89.7614,5487559
2025-01-15,96.94,96.94,96.552,96.71,90.5384,9562977
2025-01-16,96.63,97.025,96.5,96.92,90.735,9810870
2025-01-17,97.07,97.095,96.87,96.92,90.735,5360235
2025-01-21,97.15,97.28,97.09,97.24,91.0346,7726045
2025-01-22,97.21,97.25,96.96,97.01,90.8193,7283359
2025-01-23,96.77,96.92,96.72,96.85,90.6695,7706998
2025-01-24,96.87,97.1099,96.8,97.01,90.8193,6459421
2025-01-27,97.49,97.56,97.31,97.55,91.3248,7601955
2025-01-28,97.34,97.53,97.29,97.52,91.2968,5730533
2025-01-29,97.58,97.645,97.22,97.46,91.2406,5912753
2025-01-30,97.62,97.725,97.5198,97.6,91.3716,6802911
2025-01-31,97.62,97.73,97.26,97.4,91.1844,10750150
2025-02-03,97.34,97.5375,97.05,97.17,91.2711,9977153
2025-02-04,97.02,97.38,97.0001,97.35,91.4402,8483497
2025-02-05,97.7,97.995,97.66,97.87,91.9286,9716763
2025-02-06,97.77,97.8764,97.6318,97.77,91.8347,6629549
2025-02-07,97.52,97.59,97.36,97.46,91.5435,6422344
2025-02-10,97.57,97.68,97.41,97.49,91.5717,6038721
2025-02-11,97.27,97.34,97.2218,97.27,91.365,8001204
2025-02-12,96.77,96.88,96.61,96.76,90.886,6404974
2025-02-13,97.16,97.425,96.84,97.34,91.4308,7041568
2025-02-14,97.75,97.88,97.67,97.7,91.7689,6257547
2025-02-18,97.46,97.58,97.31,97.31,91.4026,8159401
2025-02-19,97.27,97.4999,97.27,97.45,91.5341,5604824
2025-02-20,97.54,97.6686,97.5,97.6,91.675,27958750
2025-02-21,97.75,98.175,97.7,98.02,92.0695,7070574
2025-02-24,97.96,98.24,97.935,98.19,92.2292,7298424
2025-02-25,98.65,98.81,98.56,98.8,92.8022,5801251
2025-02-26,98.77,99.02,98.6549,98.96,92.9524,5036046
2025-02-27,98.77,98.9263,98.725,98.81,92.8115,6263221
2025-02-28,99.08,99.285,98.92,99.25,93.2248,14453010
2025-03-03,98.66,99.19,98.6,99.16,93.4266,7533471
2025-03-04,99.3,99.4,98.81,98.91,93.1911,7532407
2025-03-05,98.97,99.055,98.55,98.57,92.8708,7302567
2025-03-06,98.51,98.62,98.23,98.47,92.7765,9946193
2025-03-07,98.85,98.9752,98.3,98.35,92.6635,6450705
2025-03-10,98.81,98.99,98.73,98.82,93.1063,12319020
2025-03-11,98.77,98.94,98.42,98.47,92.7765,10187880
2025-03-12,98.3,98.43,98.16,98.18,92.5033,8436677
2025-03-13,98.09,98.5,98.012,98.48,92.786,7959567
2025-03-14,98.34,98.42,98.25,98.28,92.5975,8949789
2025-03-17,98.49,98.65,98.345,98.41,92.72,10605920
2025-03-18,98.3,98.62,98.28,98.51,92.8142,9022067
2025-03-19,98.42,98.8291,98.325,98.8,93.0875,6764189
2025-03-20,99.22,99.2499,98.8,98.86,93.144,6556791
2025-03-21,98.96,99.035,98.74,98.74,93.0309,5028775
2025-03-24,98.6,98.64,98.32,98.36,92.6729,4894841
2025-03-25,98.37,98.56,98.34,98.45,92.7577,5663057
2025-03-26,98.36,98.4,98.2032,98.21,92.5316,6744041
2025-03-27,98.16,98.2299,98.01,98.16,92.4845,9513010
2025-03-28,98.54,98.82,98.455,98.73,93.0215,8534084
2025-03-31,98.98,99.09,98.7,98.92,93.2005,13350750
2025-04-01,98.81,99.13,98.6223,98.96,93.5457,10295170
2025-04-02,99.17,99.21,98.615,98.85,93.4418,8225068
2025-04-03,99.47,99.73,99.05,99.37,93.9333,9905042
2025-04-04,99.92,100.55,99.44,99.46,94.0184,14914280
2025-04-07,99.22,99.31,98.0,98.2,92.8273,21796529
2025-04-08,98.1,98.69,97.64,97.69,92.3452,13173370
2025-04-09,97.07,97.99,96.63,97.91,92.5532,16244400
2025-04-10,97.67,97.86,97.11,97.14,91.8253,9940126
2025-04-11,96.66,97.17,96.15,97.04,91.7308,8437429
2025-04-14,97.44,97.69,97.27,97.61,92.2696,7940563
2025-04-15,97.6,97.9612,97.51,97.81,92.4587,10074370
2025-04-16,97.88,98.19,97.72,98.12,92.7517,10105020
2025-04-17,98.06,98.1135,97.81,97.87,92.5154,5589431
2025-04-21,97.61,97.83,97.28,97.28,91.9577,7925680
2025-04-22,97.61,97.77,97.445,97.46,92.1278,6521502
2025-04-23,98.33,98.47,97.65,97.7,92.3547,13376710
2025-04-24,98.06,98.25,98.0,98.24,92.8651,8524534
2025-04-25,98.47,98.6283,98.3649,98.6,93.2054,9058952
2025-04-28,98.52,98.8999,98.5,98.87,93.4607,4890765
2025-04-29,98.76,99.11,98.75,99.11,93.6875,6731098
2025-04-30,98.99,99.165,98.8848,99.02,93.6025,7370375
2025-05-01,98.83,98.873,98.28,98.43,93.3476,6912635
2025-05-02,98.06,98.3417,97.82,97.95,92.8923,9879165
2025-05-05,97.9,97.91,97.645,97.78,92.7311,14273810
2025-05-06,97.78,98.02,97.65,98.02,92.9587,11730110
2025-05-07,98.16,98.3395,98.0907,98.17,93.101,6556985
2025-05-08,98.21,98.23,97.65,97.66,92.6173,7814291
2025-05-09,97.86,97.97,97.74,97.76,92.7122,5739278
2025-05-12,97.45,97.6599,97.33,97.43,92.3992,10768260
2025-05-13,97.5,97.55,97.24,97.33,92.3044,6305463
2025-05-14,97.28,97.34,97.01,97.05,92.0388,7350713
2025-05-15,97.31,97.6,97.22,97.6,92.5604,7638874
2025-05-16,97.91,97.92,97.62,97.66,92.6173,5262544
2025-05-19,97.14,97.66,97.1,97.63,92.5889,7232766
2025-05-20,97.52,97.54,97.28,97.46,92.4276,7496635
2025-05-21,97.17,97.28,96.7444,96.82,91.8207,12393430
2025-05-22,96.77,97.11,96.66,97.1,92.0862,6084846
2025-05-23,97.34,97.38,97.08,97.24,92.219,5210517
2025-05-27,97.51,97.74,97.42,97.68,92.6363,7461471
2025-05-28,97.56,97.6746,97.375,97.5,92.4656,4909442
2025-05-29,97.74,97.94,97.7,97.86,92.807,7724141
2025-05-30,97.86,98.1,97.8,98.1,93.0346,15488430
2025-06-02,97.23,97.5955,97.23,97.52,92.79,28390080
2025-06-03,97.6,97.7518,97.37,97.45,92.7234,7177836
2025-06-04,97.75,98.09,97.69,98.03,93.2753,7761493
2025-06-05,98.03,98.12,97.77,97.78,93.0374,10456610
2025-06-06,97.46,97.525,97.2505,97.28,92.5617,6299934
2025-06-09,97.29,97.54,97.27,97.4,92.6759,7096604
2025-06-10,97.72,97.7399,97.505,97.62,92.8852,4990864
2025-06-11,97.79,97.98,97.7,97.95,93.1992,5992536
2025-06-12,98.24,98.32,98.12,98.31,93.5417,5726351
2025-06-13,98.11,98.16,97.76,97.96,93.2087,8050549
2025-06-16,97.89,98.07,97.75,97.76,93.0184,5680895
2025-06-17,97.95,98.115,97.76,98.06,93.3038,5312113
2025-06-18,98.21,98.395,98.03,98.13,93.3705,5907865
2025-06-20,98.0,98.305,97.95,98.22,93.4561,6213004
2025-06-23,98.4,98.65,98.3,98.42,93.6464,5884591
2025-06-24,98.36,98.82,98.34,98.82,94.027,7907575
2025-06-25,98.62,98.81,98.52,98.81,94.0175,8434797
2025-06-26,98.8,99.1,98.78,99.08,94.2744,9775172
2025-06-27,98.87,99.095,98.76,98.8,94.008,25931631
2025-06-30,99.05,99.23,98.9444,99.2,94.3886,14036870
2025-07-01,98.87,98.9495,98.665,98.79,94.3021,18480330
2025-07-02,98.68,98.7,98.54,98.67,94.1876,8755956
2025-07-03,98.53,98.59,98.4057,98.47,93.9967,4583196
2025-07-07,98.32,98.33,98.06,98.12,93.6626,8088095
2025-07-08,97.95,98.08,97.93,98.08,93.6244,7804229
2025-07-09,98.21,98.49,98.13,98.49,94.0158,11043650
2025-07-10,98.42,98.48,98.3,98.46,93.9871,5127152
2025-07-11,98.17,98.2472,98.02,98.05,93.5957,6106474
2025-07-14,98.01,98.125,97.93,98.04,93.5862,6231389
2025-07-15,98.16,98.16,97.7,97.75,93.3094,9680969
2025-07-16,97.89,98.02,97.685,97.89,93.443,23556801
2025-07-17,97.98,98.0567,97.86,97.93,93.4812,8355454
2025-07-18,98.15,98.17,98.0415,98.11,93.653,8443792
2025-07-21,98.46,98.54,98.36,98.38,93.9108,6865690
2025-07-22,98.48,98.64,98.43,98.57,94.0921,6172677
2025-07-23,98.45,98.48,98.32,98.35,93.8821,7467087
2025-07-24,98.11,98.36,98.09,98.29,93.8248,9644196
2025-07-25,98.3,98.48,98.25,98.45,93.9776,5530410
2025-07-28,98.36,98.42,98.28,98.32,93.8535,7032238
2025-07-29,98.42,98.85,98.42,98.85,94.3594,12015160
2025-07-30,98.67,98.8199,98.52,98.57,94.0921,8305360
2025-07-31,98.72,98.83,98.57,98.62,94.1399,19774721
2025-08-01,98.87,99.16,98.85,99.14,94.9542,12416290
2025-08-04,99.16,99.24,99.03,99.22,95.0308,6717955
2025-08-05,99.13,99.31,99.105,99.25,95.0595,9092372
2025-08-06,99.14,99.29,98.835,99.21,95.0212,8102718
2025-08-07,99.23,99.3174,99.09,99.13,94.9446,7869348
2025-08-08,99.0,99.12,98.89,98.94,94.7626,8238131
2025-08-11,99.01,99.115,98.941,99.01,94.8297,9698278
2025-08-12,98.91,99.01,98.795,99.01,94.8297,12239540
2025-08-13,99.28,99.4135,99.2605,99.37,95.1745,5386916
2025-08-14,99.18,99.2698,99.02,99.09,94.9063,5208674
2025-08-15,99.07,99.1,98.874,98.94,94.7626,6884785
2025-08-18,98.99,99.0,98.75,98.83,94.6573,7906363
2025-08-19,98.94,99.04,98.91,99.02,94.8392,9946958
2025-08-20,98.99,99.1599,98.98,99.08,94.8967,5615239
2025-08-21,98.96,98.985,98.734,98.85,94.6764,7129167
2025-08-22,99.03,99.445,99.0,99.4,95.2032,9451448
2025-08-25,99.21,99.34,99.16,99.25,95.0595,5625046
2025-08-26,99.24,99.39,99.16,99.37,95.1745,4695983
2025-08-27,99.22,99.47,99.165,99.47,95.2702,7320773
2025-08-28,99.43,99.6099,99.405,99.59,95.3852,7068538
2025-08-29,99.47,99.54,99.4,99.46,95.2607,9181441
2025-09-02,98.82,98.945,98.785,98.87,95.0097,8530146
2025-09-03,98.95,99.3281,98.95,99.23,95.3556,8399985
2025-09-04,99.44,99.64,99.335,99.63,95.74,6297263
2025-09-05,100.14,100.23,100.08,100.1,96.1917,7617276
2025-09-08,100.33,100.45,100.3028,100.44,96.5184,7202666
2025-09-09,100.38,100.455,100.1634,100.24,96.3262,7090107
2025-09-10,100.41,100.585,100.34,100.44,96.5184,5952390
2025-09-11,100.55,100.7799,100.53,100.63,96.701,6776518
2025-09-12,100.48,100.54,100.335,100.54,96.6145,6525926
2025-09-15,100.67,100.74,100.6219,100.71,96.7778,5038980
2025-09-16,100.75,100.97,100.6501,100.75,96.8163,8264633
2025-09-17,100.87,101.02,100.49,100.57,96.6433,7878394
2025-09-18,100.265,100.4099,100.16,100.29,96.3742,7123780
2025-09-19,100.3,100.36,100.21,100.29,96.3742,7238582
2025-09-22,100.26,100.29,100.12,100.17,96.2589,5642221
2025-09-23,100.24,100.36,100.16,100.33,96.4127,8095806
2025-09-24,100.25,100.26,100.11,100.14,96.2301,6610757
2025-09-25,100.0,100.0599,99.85,100.0,96.0956,8743587
2025-09-26,100.09,100.205,99.9701,100.07,96.1628,6868258
2025-09-29,100.18,100.33,100.14,100.26,96.3454,7751896
2025-09-30,100.33,100.49,100.2,100.25,96.3358,12400670
2025-10-01,100.18,100.26,100.03,100.18,96.5819,6961327
2025-10-02,100.14,100.32,100.1,100.29,96.6879,6055896
2025-10-03,100.32,100.38,100.16,100.18,96.5819,5268682
2025-10-06,100.0,100.145,99.95,99.96,96.3698,6950292
2025-10-07,100.08,100.2299,100.02,100.13,96.5337,6379424
2025-10-08,100.31,100.33,100.1109,100.14,96.5433,5726913
2025-10-09,100.08,100.1,100.0,100.02,96.4276,5199511
2025-10-10,100.355,100.535,100.2537,100.43,96.8229,10204150
2025-10-13,100.46,100.63,100.355,100.62,97.0061,8320524
2025-10-14,100.57,100.79,100.53,100.78,97.1603,8508742
2025-10-15,100.82,100.93,100.6503,100.74,97.1218,6297053
2025-10-16,100.69,101.11,100.665,101.1,97.4688,10035370
2025-10-17,101.01,101.01,100.855,100.96,97.3339,11738940
2025-10-20,101.07,101.13,101.015,101.13,97.4978,7299173
2025-10-21,101.27,101.3499,101.2,101.23,97.5942,12966020
2025-10-22,101.16,101.24,101.0944,101.22,97.5845,13263180
2025-10-23,101.11,101.17,101.01,101.04,97.411,9975319
2025-10-24,101.17,101.1999,101.02,101.14,97.5074,6544551
2025-10-27,101.08,101.21,100.9734,101.21,97.5749,8527970
2025-10-28,101.19,101.3,101.1401,101.27,97.6327,10300920
2025-10-29,101.25,101.25,100.76,100.79,97.17,9275654
2025-10-30,100.48,100.76,100.46,100.6,96.9868,13563860
2025-10-31,100.66,100.7,100.5034,100.54,96.9289,13111990
2025-11-03,100.07,100.15,100.0,100.09,96.8099,9042118
2025-11-04,100.15,100.2772,100.13,100.14,96.8583,29687561
2025-11-05,100.1,100.105,99.8201,99.87,96.5971,8164985
2025-11-06,100.18,100.3,100.14,100.24,96.955,7247564
2025-11-07,100.13,100.34,100.11,100.2,96.9163,5708277
2025-11-10,100.2,100.27,100.1,100.16,96.8776,7944991
2025-11-11,100.38,100.49,100.33,100.46,97.1678,5186222
2025-11-12,100.42,100.4969,100.355,100.42,97.1291,6267263
2025-11-13,100.24,100.33,100.12,100.12,96.8389,7541607
2025-11-14,100.3,100.325,99.98,100.0,96.7229,6350455
2025-11-17,100.05,100.1367,100.01,100.02,96.7422,7821945
2025-11-18,100.25,100.2699,100.0,100.08,96.8003,7731817
2025-11-19,100.2,100.2499,100.03,100.08,96.8003,8951707
2025-11-20,100.18,100.28,100.135,100.2,96.9163,12968080
2025-11-21,100.45,100.5,100.2801,100.44,97.1485,9334905
2025-11-24,100.51,100.6599,100.5,100.64,97.3419,7717732
2025-11-25,100.71,100.9499,100.7,100.8,97.4967,16788420
2025-11-26,100.78,100.97,100.66,100.96,97.6514,8935197
2025-11-28,100.91,100.943,100.7,100.82,97.516,5064810
2025-12-01,100.07,100.14,100.023,100.06,97.0952,7223750
2025-12-02,100.07,100.22,100.04,100.19,97.2214,7972078
2025-12-03,100.3,100.39,100.21,100.38,97.4057,9744487
2025-12-04,100.25,100.31,100.11,100.14,97.1729,6953210
2025-12-05,100.17,100.1747,99.96,100.03,97.0661,6870064
2025-12-08,100.02,100.0333,99.7415,99.87,96.9109,8039061
2025-12-09,100.04,100.04,99.7736,99.78,96.8235,5967960
2025-12-10,99.77,100.13,99.76,100.1,97.134,9279664
2025-12-11,100.32,100.35,100.0801,100.12,97.1535,9961268
2025-12-12,99.84,99.92,99.7801,99.81,96.8526,7588508
2025-12-15,100.01,100.08,99.88,99.91,96.9497,9960413
2025-12-16,99.87,100.15,99.86,100.1,97.134,8614448
2025-12-17,100.03,100.135,100.015,100.07,97.1049,12010950
2025-12-18,100.32,100.37,100.215,100.32,97.3475,8191080
2025-12-19,99.89,99.95,99.8,99.84,97.2054,6216568
2025-12-22,99.82,99.83,99.74,99.8,97.1664,6178745
2025-12-23,99.6,99.815,99.58,99.8,97.1664,9744231
2025-12-24,99.9,100.04,99.8501,100.02,97.3806,4483895
2025-12-26,100.13,100.15,99.97,100.04,97.4001,6503670
2025-12-29,100.12,100.19,100.0601,100.16,97.5169,7886660
2025-12-30,100.06,100.18,100.0321,100.12,97.478,7955848
2025-12-31,100.02,100.12,99.88,99.88,97.2443,13535520
2026-01-02,100.0,100.01,99.81,99.85,97.2151,6730314
2026-01-05,99.93,100.07,99.88,100.04,97.4001,9364905
2026-01-06,99.93,100.03,99.81,100.02,97.3806,8573862
2026-01-07,100.17,100.2,100.03,100.12,97.478,7151866
2026-01-08,99.94,100.01,99.91,99.94,97.3027,6184140
2026-01-09,100.08,100.2697,99.97,100.16,97.5169,9879943
2026-01-12,100.06,100.21,100.025,100.11,97.4683,9871275
2026-01-13,100.24,100.24,100.0907,100.2,97.5559,7561565
2026-01-14,100.23,100.41,100.23,100.35,97.7019,8585382
2026-01-15,100.42,100.42,100.22,100.22,97.5754,9923598
2026-01-16,100.22,100.24,100.04,100.05,97.4098,10332460
2026-01-20,99.71,99.86,99.66,99.67,97.0399,14337310
2026-01-21,99.77,100.03,99.72,100.0,97.3612,16939840
2026-01-22,99.91,100.08,99.87,100.02,97.3806,10154560
2026-01-23,100.05,100.15,99.96,100.11,97.4683,8621395
2026-01-26,100.26,100.305,100.21,100.26,97.6143,6527090
2026-01-27,100.25,100.3272,100.165,100.19,97.5462,7571771
2026-01-28,100.15,100.17,100.0,100.15,97.5072,14730060
2026-01-29,100.1,100.24,100.01,100.15,97.5072,10066550
2026-01-30,100.16,100.22,100.11,100.13,97.4877,12469670
2026-02-02,99.84,99.8501,99.6598,99.69,97.3751,13264310
2026-02-03,99.62,99.715,99.59,99.7,97.3848,9358818
2026-02-04,99.62,99.75,99.595,99.64,97.3262,12574250
2026-02-05,99.87,100.11,99.805,100.07,97.7462,11442180
2026-02-06,100.09,100.135,99.98,100.13,97.8048,9471919
2026-02-09,100.04,100.17,100.0,100.16,97.8342,9307581
2026-02-10,100.4,100.5,100.37,100.45,98.1174,8566531
2026-02-11,100.22,100.4,100.193,100.22,97.8928,8484945
2026-02-12,100.4,100.7,100.3916,100.67,98.3323,11167540
2026-02-13,100.93,101.005,100.89,100.99,98.6449,5927123
2026-02-17,101.0,101.04,100.935,101.0,98.6546,6588816
2026-02-18,100.87,100.96,100.8395,100.86,98.5179,5460232
2026-02-19,100.79,100.94,100.77,100.88,98.5374,6600713
2026-02-20,100.9,100.93,100.74,100.9,98.557,8651032
2026-02-23,100.96,101.18,100.95,101.1,98.7523,9817257
2026-02-24,101.09,101.15,101.01,101.09,98.7426,7890464
2026-02-25,101.01,101.13,101.01,101.04,98.6937,6869033
2026-02-26,101.09,101.21,101.084,101.2,98.85,8920792
2026-02-27,101.37,101.4557,101.34,101.4,99.0454,9033548
2026-03-02,100.78,100.8001,100.56,100.68,98.6499,10359070
2026-03-03,100.26,100.707,100.24,100.57,98.5421,10854970
2026-03-04,100.58,100.62,100.475,100.53,98.5029,13744080
2026-03-05,100.22,100.3199,100.1537,100.24,98.2187,8744174
2026-03-06,99.97,100.3651,99.905,100.12,98.1012,9356647
2026-03-09,100.08,100.4799,99.96,100.44,98.4147,8948538
2026-03-10,100.36,100.4395,100.11,100.11,98.0914,10177760
2026-03-11,99.92,100.0,99.61,99.66,97.6504,5933233
2026-03-12,99.5,99.5678,99.18,99.29,97.2879,10195970
2026-03-13,99.45,99.535,99.14,99.21,97.2095,8749921
2026-03-16,99.59,99.65,99.4424,99.6,97.5917,6168749
2026-03-17,99.74,99.83,99.715,99.8,97.7876,7377412
2026-03-18,99.67,99.74,99.38,99.38,97.3761,8241322
2026-03-19,99.16,99.6156,99.135,99.49,97.4839,13223740
2026-03-20,99.14,99.165,98.66,98.66,96.6706,14458780
2026-03-23,98.86,99.235,98.765,99.03,97.0331,27624891
2026-03-24,98.63,98.965,98.57,98.76,96.7686,16738670
2026-03-25,99.15,99.21,98.995,99.11,97.1115,16242710
2026-03-26,98.84,98.97,98.545,98.55,96.5628,12299450
2026-03-27,98.34,98.6699,98.29,98.54,96.553,15511340
2026-03-30,99.03,99.1966,98.95,99.04,97.0429,12882720
2026-03-31,99.28,99.475,99.18,99.27,97.2683,23478539
2026-04-01,98.97,99.165,98.915,99.0,97.3339,20860920
2026-04-02,98.89,99.29,98.88,99.23,97.56,12024570
2026-04-06,99.0,99.17,99.0,99.05,97.3831,14350280
2026-04-07,99.07,99.22,98.74,99.17,97.501,14034120
2026-04-08,99.67,99.72,99.3443,99.43,97.7567,8882043
2026-04-09,99.34,99.6399,99.22,99.49,97.8157,8004988
2026-04-10,99.46,99.4861,99.3,99.32,97.6485,4512201
2026-04-13,99.33,99.56,99.2701,99.52,97.8452,5838924
2026-04-14,99.53,99.79,99.5,99.78,98.1008,5811240
2026-04-15,99.68,99.7,99.5501,99.62,97.9435,6536975
2026-04-16,99.73,99.75,99.41,99.48,97.8058,10659930
2026-04-17,99.89,100.0,99.8101,99.85,98.1696,5614179
2026-04-20,99.88,99.88,99.7001,99.84,98.1598,5687892
2026-04-21,99.77,99.77,99.47,99.47,97.796,7583618
2026-04-22,99.77,99.77,99.575,99.61,97.9336,7874055
2026-04-23,99.6,99.695,99.291,99.45,97.7763,5063494
2026-04-24,99.4,99.6396,99.32,99.59,97.914,4791849
2026-04-27,99.52,99.58,99.3638,99.44,97.7665,7852013
2026-04-28,99.34,99.41,99.265,99.4,97.7272,8672858
2026-04-29,99.23,99.23,98.88,98.96,97.2946,6764328
2026-04-30,99.15,99.2155,99.03,99.1,97.4322,13320140
2026-05-01,98.84,99.13,98.7825,98.9,97.5604,11661620
2026-05-04,98.77,98.795,98.41,98.59,97.2546,7580407
2026-05-05,98.7,98.8499,98.6606,98.77,97.4322,10045690
2026-05-06,99.12,99.22,99.0629,99.19,97.8465,6968841
2026-05-07,99.34,99.39,98.9,98.95,97.6097,10903140
2026-05-08,99.21,99.2565,99.13,99.18,97.8366,8205018
2026-05-11,99.05,99.1052,98.92,98.92,97.5801,6848275
2026-05-12,98.71,98.73,98.61,98.63,97.294,6336367
2026-05-13,98.62,98.69,98.48,98.67,97.3335,5396308
2026-05-14,98.86,98.885,98.625,98.64,97.3039,5124043
2026-05-15,98.14,98.2,98.005,98.02,96.6923,8026908
2026-05-18,98.11,98.21,97.855,98.01,96.6824,7774550
2026-05-19,97.65,97.795,97.515,97.63,96.3076,8945503
2026-05-20,97.69,98.275,97.6681,98.22,96.8896,15851070
2026-05-21,97.97,98.34,97.84,98.34,97.008,7072651
2026-05-22,98.49,98.505,98.185,98.44,97.1066,6950638
2026-05-26,98.78,98.845,98.605,98.72,97.3828,5334787
2026-05-27,98.81,98.9,98.76,98.8,97.4617,6899979
2026-05-28,98.82,99.1,98.765,99.0,97.659,10302760
2026-05-29,99.09,99.19,99.02,99.06,97.7182,8936781
2026-06-01,98.44,98.695,98.36,98.68,97.6702,8816658
2026-06-02,98.8,98.84,98.66,98.71,97.6999,6863325
2026-06-03,98.51,98.5855,98.41,98.5,97.4921,7331019
2026-06-04,98.71,98.9983,98.61,98.66,97.6504,7001328
2026-06-05,98.33,98.37,98.17,98.17,97.1654,13805500
2026-06-08,98.4,98.4297,98.15,98.17,97.1654,8965395
2026-06-09,98.33,98.4199,98.215,98.37,97.3634,14475610
2026-06-10,98.42,98.48,98.215,98.31,97.304,4781004
2026-06-11,98.39,98.915,98.34,98.88,97.8682,7137770
2026-06-12,98.73,98.82,98.59,98.76,97.7494,6317034
2026-06-15,98.96,99.025,98.82,98.85,97.8385,7115765
2026-06-16,98.9,99.0856,98.88,98.97,97.9572,6353242
2026-06-17,99.0,99.07,98.57,98.61,97.6009,9348575
2026-06-18,99.0,99.11,98.87,98.9,97.888,4635657
2026-06-22,98.74,98.77,98.58,98.63,97.6207,6323332
2026-06-23,98.73,98.85,98.7,98.71,97.6999,12089070
2026-06-24,99.1,99.24,99.07,99.19,98.175,6517082
2026-06-25,99.32,99.4299,99.24,99.25,98.2344,8178995
2026-06-26,99.24,99.42,99.23,99.34,98.3235,9920100
2026-06-29,99.34,99.41,99.3048,99.37,98.3531,8163694
2026-06-30,99.3,99.3,98.95,98.98,97.9671,19005170
2026-07-01,98.48,98.61,98.422,98.5,97.8189,10914680
2026-07-02,98.54,98.66,98.49,98.61,97.9281,8407130
2026-07-06,98.6,98.67,98.4842,98.66,97.9778,6837114
2026-07-07,98.46,98.49,98.16,98.21,97.5309,9137277
2026-07-08,98.08,98.11,97.9,98.04,97.362,7482993
2026-07-09,98.12,98.3099,98.04,98.18,97.5011,9011059
2026-07-10,98.41,98.48,98.02,98.08,97.4018,7745449
2026-07-13,97.93,98.02,97.71,97.71,97.0343,8320066
2026-07-14,97.98,98.125,97.9,98.0,97.3223,6715091
2026-07-15,98.06,98.26,98.06,98.14,97.4614,11873000
2026-07-16,98.03,98.17,97.99,98.13,97.4514,6691804
2026-07-17,98.32,98.3959,98.175,98.2,97.5209,6552297
2026-07-20,98.17,98.1842,97.895,97.95,97.2727,4949442
2026-07-21,97.85,97.8959,97.715,97.74,97.0641,9518207
2026-07-22,97.71,97.7399,97.58,97.58,96.9052,6313323
2026-07-23,97.32,97.4,97.27,97.34,96.6669,6394374
2026-07-24,97.45,97.635,97.405,97.46,96.7861,5908311
2026-07-27,97.64,97.73,97.585,97.69,97.0145,7043943
2026-07-28,97.79,98.01,97.765,97.92,97.2429,12020860
2026-07-29,97.83,97.8951,97.55,97.55,96.8754,6320629
2026-07-30,97.62,97.7075,97.5343,97.62,96.9449,8661243
2026-07-31,97.48,97.49,97.235,97.37,96.6967,11043450
2026-08-03,97.21,97.29,97.12,97.26,96.9235,12320400
2026-08-04,97.55,97.66,97.51,97.66,97.3221,10963870
2026-08-05,97.64,97.74,97.565,97.71,97.3719,14452070
2026-08-06,97.57,97.58,97.35,97.43,97.0929,10147000
2026-08-07,97.69,97.73,97.495,97.6,97.2623,5859865
2026-08-10,97.46,97.49,97.24,97.24,96.9035,5880744
2026-08-11,97.4,97.4774,97.32,97.32,96.9833,11240990
2026-08-12,97.57,97.62,97.3901,97.43,97.0929,5970540
2026-08-13,97.72,97.89,97.65,97.69,97.352,9597174
2026-08-14,97.65,97.7288,97.41,97.48,97.1427,7183660
2026-08-17,97.38,97.47,97.23,97.25,96.9135,10229020
2026-08-18,97.19,97.39,97.135,97.35,97.0131,5965670
2026-08-19,97.75,97.82,97.57,97.82,97.4815,6952033
2026-08-20,97.49,97.635,97.425,97.49,97.1527,5695758
2026-08-21,97.46,97.49,97.32,97.35,97.0131,5954486
2026-08-24,97.49,97.625,97.455,97.55,97.2125,5010841
2026-08-25,97.79,98.01,97.76,98.01,97.6709,5576095
2026-08-26,97.86,97.88,97.76,97.86,97.5214,5930440
2026-08-27,97.86,97.9199,97.7445,97.83,97.4915,6002650
2026-08-28,97.75,97.96,97.48,97.49,97.1527,9906858
2026-08-31,97.41,97.4199,97.3,97.41,97.0729,11784870
2026-09-01,96.88,97.05,96.75,96.77,96.77,8665679
2026-09-02,96.84,96.86,96.72,96.84,96.84,11775250
2026-09-03,97.11,97.16,96.94,96.95,96.95,6727200
2026-09-04,97.0,97.11,96.95,97.0,97.0,7809100
2026-09-08,97.04,97.05,96.82,96.9,96.9,6017300
2026-09-09,96.85,96.93,96.6,96.68,96.68,8217800
2026-09-10,96.26,96.36,96.04,96.05,96.05,13035600
2026-09-11,96.26,96.31,95.94,95.98,95.98,7338700
2026-09-14,95.88,96.16,95.73,95.89,95.89,15495400
2026-09-15,95.85,95.9,95.78,95.85,95.85,12242400
2026-09-16,96.02,96.23,95.79,95.81,95.81,9608600
2026-09-17,96.21,96.33,96.12,96.33,96.33,8034700
2026-09-18,96.07,96.07,95.93,95.96,95.96,6148500
