date,open,high,low,close,adjusted_close,volume
2012-01-25,21107.32,21324.6,21091.63,21130.84,21130.84,23797100
2012-01-26,21130.84,21662.01,21130.84,21651.16,21651.16,33034000
2012-01-27,21651.16,22211.9,21511.21,22073.38,22073.38,41495500
2012-01-30,22073.38,22103.87,21677.54,21927.77,21927.77,36616100
2012-01-31,21927.77,22536.99,21927.77,22536.99,22536.99,58489000
2012-02-01,22536.99,23141.44,22536.99,23096.39,23096.39,61347800
2012-02-02,23096.39,23404.29,23096.39,23391.29,23391.29,62084000
2012-02-03,23391.29,23944.76,23216.87,23751.71,23751.71,68278496
2012-02-06,23751.71,23879.66,22999.87,23657.15,23657.15,72695296
2012-02-07,23657.15,23866.5,23480.86,23737.59,23737.59,23322400
2012-02-08,23737.59,24042.67,23737.59,24039.34,24039.34,77759296
2012-02-09,24039.34,24768.71,23974.43,24576.72,24576.72,42597400
2012-02-10,24576.72,24851.03,24210.41,24412.7,24412.7,53640000
2012-02-13,24412.7,25035.22,24412.7,24985.43,24985.43,23414100
2012-02-14,24985.43,25463.32,24985.43,25050.51,25050.51,39190300
2012-02-15,25050.51,25415.17,24400.78,24603.92,24603.92,25863400
2012-02-16,24603.92,24781.39,24153.35,24692.88,24692.88,68553904
2012-02-17,24692.88,25139.05,24692.88,24973.61,24973.61,20495900
2012-02-20,24973.61,25268.14,24973.61,25163.12,25163.12,24409600
2012-02-21,25163.12,25340.48,24854.33,25034.32,25034.32,21993100
2012-02-22,25034.32,25263.65,24833.35,25147.98,25147.98,38341300
2012-02-23,25147.98,25408.27,24939.54,25307.91,25307.91,44056200
2012-02-24,25307.91,25564.26,25297.09,25534.51,25534.51,33828600
2012-02-27,25534.51,25534.51,24966.43,24979.21,24979.21,32622000
2012-02-28,24979.21,25424.96,24979.21,25270.53,25270.53,21821100
2012-02-29,25270.53,26011.68,25270.53,26011.68,26011.68,48670200
2012-03-01,26011.68,26122.81,25848.44,26097.47,26097.47,63261100
2012-03-02,26097.47,26231.21,25785.02,26022.03,26022.03,49122100
2012-03-05,26022.03,26180.89,25764.77,25882.19,25882.19,41422600
2012-03-06,25882.19,25926.24,25644.79,25696.79,25696.79,58015800
2012-03-07,25696.79,25696.79,25246.69,25356.22,25356.22,51807800
2012-03-08,25356.22,25766.91,25356.22,25588.68,25588.68,29669400
2012-03-09,25588.68,25653.03,25162.56,25162.56,25162.56,31507600
2012-03-12,25162.56,25162.56,24367.58,24367.58,24367.58,48510600
2012-03-13,24367.58,24801.86,24367.58,24444.84,24444.84,28291300
2012-03-14,24444.84,25032.48,24365.25,24542.14,24542.14,48419200
2012-03-15,24542.14,24887.64,24513.89,24704.81,24704.81,15423200
2012-03-16,24704.81,24865.51,24640.6,24693.52,24693.52,38161300
2012-03-19,24693.52,24741.49,24196.63,24510.85,24510.85,27104200
2012-03-20,24510.85,24510.85,24295.32,24435.92,24435.92,15458800
2012-03-21,24435.92,24592.34,24334.34,24334.34,24334.34,12361800
2012-03-22,24334.34,24391.77,24090.21,24214.91,24214.91,9830100
2012-03-23,24214.91,24314.15,24050.33,24278.0,24278.0,15953100
2012-03-26,24278.0,24964.52,24278.0,24898.65,24898.65,16988900
2012-03-27,24898.65,25279.29,24898.65,25038.69,25038.69,18734200
2012-03-28,25038.69,25163.75,24892.87,24980.48,24980.48,13314600
2012-03-29,24980.48,24980.48,24669.56,24681.77,24681.77,18300500
2012-03-30,24681.77,24970.93,24681.77,24970.93,24970.93,22890900
2012-04-02,24970.93,25187.72,24888.05,24964.12,24964.12,7907400
2012-04-03,24964.12,24986.71,24781.95,24801.51,24801.51,4501900
2012-04-04,24801.51,24801.51,24552.22,24618.63,24618.63,3566000
2012-04-05,24618.63,24638.19,24185.49,24273.32,24273.32,10810100
2012-04-06,24273.32,24322.88,24152.39,24251.38,24251.38,6478400
2012-04-09,24251.38,24251.38,23905.49,23980.02,23980.02,7031500
2012-04-10,23980.02,24148.2,23798.71,23893.92,23893.92,15145900
2012-04-11,23893.92,23921.97,23728.72,23864.39,23864.39,11296100
2012-04-12,23864.39,23979.55,23864.39,23954.08,23954.08,12305100
2012-04-13,23954.08,24164.62,23954.08,24118.42,24118.42,6112800
2012-04-17,24118.42,24141.67,23966.39,24015.31,24015.31,11016100
2012-04-18,24015.31,24102.91,23961.51,24018.01,24018.01,7556800
2012-04-19,24018.01,24018.01,23686.5,23714.33,23714.33,17953900
2012-04-20,23714.33,24107.67,23660.7,24078.45,24078.45,24333200
2012-04-23,24078.45,24114.65,23766.23,23815.9,23815.9,23040600
2012-04-24,23815.9,24216.12,23675.7,24135.74,24135.74,28863700
2012-04-25,24135.74,24135.74,23636.59,24123.09,24123.09,22024500
2012-04-26,24123.09,24324.39,23867.29,24286.46,24286.46,22782400
2012-04-27,24286.46,24461.24,23933.35,24165.92,24165.92,34260900
2012-04-30,24165.92,24409.82,24135.38,24409.82,24409.82,16104600
2012-05-02,24409.82,24663.79,24335.26,24335.26,24335.26,51677000
2012-05-03,24335.26,24425.15,24209.91,24320.16,24320.16,9147000
2012-05-04,24320.16,24331.35,24064.75,24172.36,24172.36,8541100
2012-05-07,24172.36,24172.36,23748.39,23989.54,23989.54,24616400
2012-05-08,23989.54,24397.64,23983.02,24124.87,24124.87,16000700
2012-05-09,24124.87,24183.32,23923.56,23923.56,23923.56,38520600
2012-05-10,23923.56,23934.5,23314.64,23403.32,23403.32,51279100
2012-05-11,23403.32,23403.32,22836.16,22994.8,22994.8,27622500
2012-05-14,22994.8,23020.31,22012.49,22039.52,22039.52,41831800
2012-05-15,22039.52,22088.17,21563.25,21842.82,21842.82,56068000
2012-05-16,21842.82,21842.82,20164.86,20620.52,20620.52,28300700
2012-05-17,20620.52,20876.75,20421.75,20524.87,20524.87,23794300
2012-05-18,20524.87,20524.87,19987.2,20028.06,20028.06,26183700
2012-05-21,20028.06,20313.66,19898.19,20130.13,20130.13,17686100
2012-05-22,20130.13,20480.06,20130.13,20445.26,20445.26,11848300
2012-05-23,20445.26,20445.26,20163.14,20207.6,20207.6,10857400
2012-05-24,20207.6,20207.6,19937.99,20081.69,20081.69,18070400
2012-05-25,20081.69,20415.35,20048.55,20048.55,20048.55,7869600
2012-05-28,20048.55,20206.93,19907.94,19996.2,19996.2,3299900
2012-05-29,19996.2,20191.24,19996.2,20114.39,20114.39,8999900
2012-05-30,20114.39,20114.39,19918.47,20001.45,20001.45,8357100
2012-05-31,20001.45,20102.59,19900.38,20102.59,20102.59,17842800
2012-06-01,20102.59,20124.97,19400.42,19400.42,19400.42,21865700
2012-06-05,19400.42,19471.17,19231.11,19338.25,19338.25,20029100
2012-06-06,19338.25,19771.89,19336.88,19554.87,19554.87,23973000
2012-06-07,19554.87,20061.4,19554.87,20060.7,20060.7,14588200
2012-06-08,20060.7,20063.43,19737.11,19846.59,19846.59,8547000
2012-06-11,19846.59,20429.84,19846.59,20389.46,20389.46,27162400
2012-06-12,20389.46,20397.79,20128.76,20244.72,20244.72,15735700
2012-06-13,20244.72,20360.68,20044.54,20105.68,20105.68,15385500
2012-06-14,20105.68,20182.55,20016.63,20089.77,20089.77,10883200
2012-06-15,20089.77,20307.59,20074.28,20299.61,20299.61,16921500
2012-06-18,20299.61,20864.32,20299.61,20460.32,20460.32,20077300
2012-06-19,20460.32,20460.32,19902.73,20006.37,20006.37,46420600
2012-06-20,20006.37,20114.06,19895.63,20090.88,20090.88,14950400
2012-06-21,20090.88,20114.24,19893.75,20110.3,20110.3,13389900
2012-06-22,20110.3,20110.3,19814.39,19979.16,19979.16,23731500
2012-06-25,19979.16,19984.75,19773.44,19839.66,19839.66,12600000
2012-06-26,19839.66,19872.76,19604.41,19625.07,19625.07,23856000
2012-06-27,19625.07,19754.0,19588.17,19733.86,19733.86,3644500
2012-06-28,19733.86,19915.25,19684.59,19865.82,19865.82,21589400
2012-06-29,19865.82,20357.87,19865.82,20322.52,20322.52,42960200
2012-07-02,20322.52,21099.52,20311.62,21099.52,21099.52,38809900
2012-07-03,21099.52,21393.23,21099.52,21280.53,21280.53,22809300
2012-07-04,21280.53,21307.68,20652.21,20691.54,20691.54,27290300
2012-07-05,20691.54,20740.57,20409.56,20420.73,20420.73,14265900
2012-07-06,20420.73,20465.97,20245.06,20325.62,20325.62,4495200
2012-07-09,20325.62,20965.82,20325.62,20907.54,20907.54,49557200
2012-07-10,20907.54,21481.9,20907.54,21232.89,21232.89,26944200
2012-07-11,21232.89,21346.16,21038.24,21151.05,21151.05,12416100
2012-07-12,21151.05,21151.05,20953.64,21136.78,21136.78,10270200
2012-07-13,21136.78,21280.44,21136.78,21205.0,21205.0,13057100
2012-07-16,21205.0,21413.67,21205.0,21229.62,21229.62,15913800
2012-07-17,21229.62,21593.58,21186.72,21593.58,21593.58,7416500
2012-07-18,21593.58,21760.67,21470.95,21500.74,21500.74,10272200
2012-07-19,21500.74,21528.21,21149.68,21221.2,21221.2,6893100
2012-07-20,21221.2,21263.71,21063.8,21093.79,21093.79,3232200
2012-07-23,21093.79,21093.79,20454.74,20482.85,20482.85,22264300
2012-07-24,20482.85,20674.46,20252.06,20635.48,20635.48,6745800
2012-07-25,20635.48,21024.18,20571.91,21014.47,21014.47,23565300
2012-07-26,21014.47,21177.63,20845.07,21177.63,21177.63,13565900
2012-07-27,21177.63,21313.9,21121.02,21218.67,21218.67,17432500
2012-07-30,21218.67,21364.63,21089.19,21363.81,21363.81,8266200
2012-07-31,21363.81,21612.89,21363.81,21582.4,21582.4,17757700
2012-08-01,21582.4,22001.57,21582.4,21975.23,21975.23,25999100
2012-08-02,21975.23,22073.02,21672.94,21706.26,21706.26,16187100
2012-08-03,21706.26,22002.27,21452.62,21981.79,21981.79,24261300
2012-08-06,21981.79,22271.86,21981.79,22232.67,22232.67,6617000
2012-08-07,22232.67,22287.03,21874.73,22001.34,22001.34,6734700
2012-08-08,22001.34,22052.08,21835.32,21908.38,21908.38,6744400
2012-08-09,21908.38,22085.72,21837.89,21852.3,21852.3,9554100
2012-08-10,21852.3,21982.28,21746.25,21982.28,21982.28,6681100
2012-08-13,21982.28,22419.38,21857.36,22397.99,22397.99,24369700
2012-08-14,22397.99,22753.13,22388.21,22629.05,22629.05,9042400
2012-08-16,22629.05,22940.08,22629.05,22932.33,22932.33,25695800
2012-08-17,22932.33,23050.58,22872.16,22887.91,22887.91,18526000
2012-08-20,22887.91,23058.8,22887.68,22948.59,22948.59,10753100
2012-08-21,22948.59,23276.08,22872.79,23270.62,23270.62,24263800
2012-08-22,23270.62,23270.62,23036.51,23236.5,23236.5,9836700
2012-08-23,23236.5,23380.68,23145.68,23194.1,23194.1,13566600
2012-08-24,23194.1,23195.52,22882.12,22991.88,22991.88,5889800
2012-08-27,22991.88,23099.94,22860.73,22995.7,22995.7,4617300
2012-08-28,22995.7,23053.49,22844.81,23026.77,23026.77,5485900
2012-08-29,23026.77,23111.62,22922.92,23031.8,23031.8,15564500
2012-08-30,23031.8,23112.92,22903.33,22967.97,22967.97,7268400
2012-08-31,22967.97,23197.33,22885.22,23171.83,23171.83,12377100
2012-09-03,23171.83,23350.76,23143.88,23301.37,23301.37,9246700
2012-09-04,23301.37,23333.8,23132.67,23218.66,23218.66,7734000
2012-09-05,23218.66,23327.74,23126.19,23241.0,23241.0,6523400
2012-09-06,23241.0,23391.5,23138.68,23391.5,23391.5,11555700
2012-09-07,23391.5,23899.01,23391.5,23851.56,23851.56,37539700
2012-09-10,23851.56,23992.13,23838.58,23948.07,23948.07,9688800
2012-09-11,23948.07,23961.71,23744.69,23857.39,23857.39,7404500
2012-09-12,23857.39,24117.27,23843.54,23858.42,23858.42,11564200
2012-09-13,23858.42,23969.58,23769.56,23807.59,23807.59,11157900
2012-09-14,23807.59,24303.78,23807.59,24227.36,24227.36,42139900
2012-09-17,24227.36,24333.35,24120.19,24254.99,24254.99,10011600
2012-09-18,24254.99,24305.59,24067.79,24305.59,24305.59,15704700
2012-09-19,24305.59,24373.42,24216.96,24250.84,24250.84,9776900
2012-09-20,24250.84,24312.85,24088.38,24146.24,24146.24,4344500
2012-09-21,24146.24,24346.75,24146.24,24253.85,24253.85,7213500
2012-09-24,24253.85,24287.57,23635.39,23680.61,23680.61,6451900
2012-09-25,23680.61,23869.6,23626.29,23838.79,23838.79,8878700
2012-09-26,23838.79,23838.79,23243.03,23302.39,23302.39,25395600
2012-09-27,23302.39,23521.56,23302.39,23402.59,23402.59,8238600
2012-09-28,23402.59,23598.88,23329.12,23491.51,23491.51,16376200
2012-10-01,23491.51,23510.39,23327.87,23367.52,23367.52,3222400
2012-10-02,23367.52,23634.61,23332.99,23524.62,23524.62,24543200
2012-10-03,23524.62,23529.23,23313.43,23443.03,23443.03,7696800
2012-10-04,23443.03,23526.71,23330.76,23364.47,23364.47,6605500
2012-10-05,23364.47,23562.69,23313.45,23537.11,23537.11,8061400
2012-10-08,23537.11,23537.11,23308.77,23358.88,23358.88,4602600
2012-10-09,23358.88,23397.73,23184.59,23257.88,23257.88,8140400
2012-10-10,23257.88,23376.5,23183.89,23243.81,23243.81,2072200
2012-10-11,23243.81,23243.81,22771.45,22890.81,22890.81,21046800
2012-10-12,22890.81,23190.49,22858.38,23061.39,23061.39,7064700
2012-10-15,23061.39,23320.89,23050.75,23298.51,23298.51,9974000
2012-10-16,23298.51,23851.32,23298.51,23830.51,23830.51,12949100
2012-10-17,23830.51,24243.86,23830.51,24145.03,24145.03,28185200
2012-10-18,24145.03,24233.34,24089.69,24224.58,24224.58,10702900
2012-10-19,24224.58,24286.66,23993.3,24009.25,24009.25,17345300
2012-10-22,24009.25,24029.96,23838.53,23979.45,23979.45,9670600
2012-10-23,23979.45,23979.45,23727.99,23772.5,23772.5,8778900
2012-10-24,23772.5,23975.8,23709.74,23962.4,23962.4,12682800
2012-10-25,23962.4,24083.65,23908.26,23967.18,23967.18,4843100
2012-10-26,23967.18,24014.81,23786.19,23993.85,23993.85,8097800
2012-10-29,23993.85,24045.36,23813.77,24036.58,24036.58,12531600
2012-10-30,24036.58,24124.36,23953.59,24057.41,24057.41,7978800
2012-10-31,24057.41,24327.32,24057.41,24305.28,24305.28,14590400
2012-11-01,24305.28,24322.78,24162.46,24297.75,24297.75,3526200
2012-11-02,24297.75,24356.41,24239.85,24282.9,24282.9,16729800
2012-11-05,24282.9,24282.9,24044.74,24137.82,24137.82,3058300
2012-11-06,24137.82,24249.59,24136.77,24206.19,24206.19,4142200
2012-11-07,24206.19,24333.85,23936.24,23955.17,23955.17,5555500
2012-11-08,23955.17,24056.64,23801.49,23858.81,23858.81,15157200
2012-11-09,23858.81,23942.88,23778.09,23891.49,23891.49,8044200
2012-11-12,23891.49,23910.89,23672.29,23672.29,23672.29,8085800
2012-11-13,23672.29,23672.29,23465.32,23465.32,23465.32,12426000
2012-11-14,23465.32,23615.6,23406.54,23505.58,23505.58,12039300
2012-11-15,23505.58,23637.28,23110.39,23265.13,23265.13,11440100
2012-11-16,23265.13,23376.09,23054.42,23363.84,23363.84,14955400
2012-11-19,23363.84,23632.04,23290.99,23432.42,23432.42,5697000
2012-11-20,23432.42,23526.71,23369.65,23500.48,23500.48,10040400
2012-11-21,23500.48,23632.73,23437.38,23584.72,23584.72,5858500
2012-11-22,23584.72,23741.65,23584.72,23692.16,23692.16,7031700
2012-11-23,23692.16,23744.9,23598.43,23694.44,23694.44,2212700
2012-11-26,23694.44,23759.86,23550.53,23736.12,23736.12,10145300
2012-11-27,23736.12,23836.64,23711.4,23824.41,23824.41,5786400
2012-11-28,23824.41,23833.34,23659.2,23715.78,23715.78,4920200
2012-11-29,23715.78,24156.09,23698.59,24136.77,24136.77,28570900
2012-12-03,24136.77,24346.82,24136.77,24346.82,24346.82,13599900
2012-12-04,24346.82,24422.4,24064.87,24200.38,24200.38,14267000
2012-12-05,24200.38,24414.15,24200.38,24285.04,24285.04,9343500
2012-12-06,24285.04,24384.93,24261.29,24348.68,24348.68,14844700
2012-12-07,24348.68,24447.12,24260.1,24312.13,24312.13,4302000
2012-12-10,24312.13,24392.08,24190.15,24318.22,24318.22,14090300
2012-12-11,24318.22,24594.14,24313.32,24594.14,24594.14,20851700
2012-12-12,24594.14,25156.85,24594.14,25047.24,25047.24,28604500
2012-12-13,25047.24,25143.51,24844.85,24900.79,24900.79,9277100
2012-12-14,24900.79,24900.79,24635.77,24635.77,24635.77,11915100
2012-12-17,24635.77,24789.85,24621.19,24631.8,24631.8,13803800
2012-12-18,24631.8,24828.16,24601.48,24808.45,24808.45,29237700
2012-12-19,24808.45,24957.42,24808.45,24939.49,24939.49,10730900
2012-12-20,24939.49,24946.18,24762.43,24873.53,24873.53,10084400
2012-12-21,24873.53,24892.28,24680.38,24799.78,24799.78,20013100
2012-12-27,24799.78,25426.34,24799.78,25426.34,25426.34,12860500
2012-12-28,25426.34,25459.02,25198.9,25375.38,25375.38,12926300
2013-01-03,25375.38,26103.62,25375.38,26103.62,26103.62,22499200
2013-01-04,26103.62,26705.42,26103.62,26670.25,26670.25,50646000
2013-01-07,26670.25,26670.25,26244.89,26374.93,26374.93,15508400
2013-01-08,26374.93,26611.16,26295.78,26529.34,26529.34,8175300
2013-01-09,26529.34,26828.62,26515.1,26646.25,26646.25,11669100
2013-01-10,26646.25,26790.83,26646.25,26706.2,26706.2,16031400
2013-01-11,26706.2,26836.72,26674.91,26798.94,26798.94,25310900
2013-01-14,26798.94,27046.22,26795.6,27005.86,27005.86,15259400
2013-01-15,27005.86,27050.59,26864.41,27050.59,27050.59,23261700
2013-01-16,27050.59,27084.86,26938.65,27052.03,27052.03,17451100
2013-01-17,27052.03,27118.13,26957.15,26975.78,26975.78,9329300
2013-01-18,26975.78,27080.13,26906.31,26940.77,26940.77,9985300
2013-01-21,26940.77,27001.78,26752.62,26790.38,26790.38,11496200
2013-01-22,26790.38,26855.71,26426.78,26515.24,26515.24,17398100
2013-01-23,26515.24,26803.79,26505.08,26727.62,26727.62,4345100
2013-01-24,26727.62,26882.28,26637.51,26808.83,26808.83,6605600
2013-01-25,26808.83,27045.25,26785.19,27013.15,27013.15,16567900
2013-01-28,27013.15,27037.13,26894.15,26974.18,26974.18,2978400
2013-01-29,26974.18,27038.7,26902.02,27026.79,27026.79,13631800
2013-01-30,27026.79,27174.51,27011.21,27011.21,27011.21,25476100
2013-01-31,27011.21,27084.8,26886.18,26945.29,26945.29,7543700
2013-02-01,26945.29,27057.45,26883.43,26980.85,26980.85,11397000
2013-02-04,26980.85,27059.49,26938.51,26986.66,26986.66,9673300
2013-02-05,26986.66,27077.23,26878.26,27045.14,27045.14,10606500
2013-02-06,27045.14,27116.53,26843.1,26924.04,26924.04,16589800
2013-02-07,26924.04,27033.48,26808.12,26894.95,26894.95,15399200
2013-02-08,26894.95,26968.25,26702.98,26839.71,26839.71,7795600
2013-02-11,26839.71,27005.51,26839.71,26863.05,26863.05,3688900
2013-02-12,26863.05,26878.84,26556.24,26669.1,26669.1,7446100
2013-02-13,26669.1,26754.39,26547.76,26648.85,26648.85,4298300
2013-02-14,26648.85,26706.93,26519.44,26565.17,26565.17,4748000
2013-02-15,26565.17,26735.24,26521.86,26712.78,26712.78,19580500
2013-02-18,26712.78,26928.22,26662.29,26701.99,26701.99,7592200
2013-02-19,26701.99,26811.97,26656.2,26796.81,26796.81,4524100
2013-02-20,26796.81,26924.8,26699.85,26765.75,26765.75,7252200
2013-02-21,26765.75,26765.75,26450.02,26545.35,26545.35,11182900
2013-02-22,26545.35,26657.82,26531.91,26643.26,26643.26,18689100
2013-02-25,26643.26,26924.05,26643.26,26778.15,26778.15,21451300
2013-02-26,26778.15,26778.15,26497.58,26727.98,26727.98,14965800
2013-02-27,26727.98,26956.26,26655.63,26897.17,26897.17,8606800
2013-02-28,26897.17,27138.88,26897.17,27138.88,27138.88,19510100
2013-03-01,27138.88,27152.29,26954.04,27088.35,27088.35,10390800
2013-03-04,27088.35,27161.36,26915.24,27105.39,27105.39,16350800
2013-03-05,27105.39,27543.72,27077.19,27529.99,27529.99,38251900
2013-03-06,27529.99,28008.42,27529.99,27979.34,27979.34,38716400
2013-03-07,27979.34,28145.96,27925.15,28145.96,28145.96,16470500
2013-03-08,28145.96,28514.58,28075.21,28441.16,28441.16,31360900
2013-03-11,28441.16,28473.67,28029.03,28211.45,28211.45,9488600
2013-03-12,28211.45,28421.06,28077.91,28349.89,28349.89,7437300
2013-03-13,28349.89,28515.85,28288.89,28497.17,28497.17,14946900
2013-03-14,28497.17,28677.47,28349.4,28371.55,28371.55,15993200
2013-03-15,28371.55,28382.28,28146.46,28205.28,28205.28,20495000
2013-03-18,28205.28,28205.28,27826.72,28021.17,28021.17,14578800
2013-03-19,28021.17,28127.34,27965.22,28099.57,28099.57,9444400
2013-03-20,28099.57,28109.69,27819.32,27884.62,27884.62,21890400
2013-03-21,27884.62,27936.9,27764.28,27853.59,27853.59,5938900
2013-03-22,27853.59,27853.59,27470.78,27635.24,27635.24,11644100
2013-03-25,27635.24,27766.01,27513.67,27563.17,27563.17,10837100
2013-03-26,27563.17,27600.56,27230.77,27440.98,27440.98,16135400
2013-03-27,27440.98,27550.75,27270.98,27320.26,27320.26,20316700
2013-03-28,27320.26,27556.32,27253.19,27311.54,27311.54,51320200
2013-03-29,27311.54,27556.84,27198.74,27274.53,27274.53,4220500
2013-04-01,27274.53,27519.34,27159.73,27519.34,27519.34,4929700
2013-04-02,27519.34,27642.07,27436.19,27499.58,27499.58,7131200
2013-04-03,27499.58,27529.69,27384.41,27389.96,27389.96,11301400
2013-04-04,27389.96,27458.97,27232.17,27348.98,27348.98,9444300
2013-04-05,27348.98,27386.12,27014.16,27083.58,27083.58,14172900
2013-04-08,27083.58,27130.63,26902.02,26958.89,26958.89,9180000
2013-04-09,26958.89,27016.15,26840.4,26992.36,26992.36,7357400
2013-04-10,26992.36,27122.57,26919.86,26959.51,26959.51,7356400
2013-04-11,26959.51,27145.04,26914.97,27041.86,27041.86,24762600
2013-04-12,27041.86,27238.86,26975.21,27067.62,27067.62,33581500
2013-04-15,27067.62,27072.95,26507.41,26557.12,26557.12,11724900
2013-04-16,26557.12,26942.53,26473.97,26935.8,26935.8,14840800
2013-04-17,26935.8,27164.67,26701.75,26761.46,26761.46,10814200
2013-04-18,26761.46,26761.46,25947.27,25978.81,25978.81,11738200
2013-04-19,25978.81,26076.82,25920.13,25964.79,25964.79,18230500
2013-04-22,25964.79,25989.06,25892.98,25895.13,25895.13,12246900
2013-04-23,25895.13,25902.37,25669.55,25713.55,25713.55,16183800
2013-04-24,25713.55,25785.38,24968.23,25106.37,25106.37,16338100
2013-04-25,25106.37,25111.78,24600.22,24745.12,24745.12,15719100
2013-04-26,24745.12,24957.07,24690.9,24950.79,24950.79,6654800
2013-04-29,24950.79,25206.32,24950.79,25003.36,25003.36,19526700
2013-04-30,25003.36,25092.89,24692.42,24752.84,24752.84,17959500
2013-05-02,24752.84,24796.11,24579.71,24579.84,24579.84,18538000
2013-05-03,24579.84,24728.99,24485.36,24701.69,24701.69,11666500
2013-05-07,24701.69,24715.32,24459.48,24506.9,24506.9,30348200
2013-05-08,24506.9,24506.9,23532.45,23887.07,23887.07,27541300
2013-05-09,23887.07,24229.55,23887.07,24220.28,24220.28,26129900
2013-05-10,24220.28,24468.83,24220.28,24310.72,24310.72,20759000
2013-05-13,24310.72,24310.72,23082.78,24191.52,24191.52,42846500
2013-05-14,24191.52,24668.86,24170.51,24283.21,24283.21,29619900
2013-05-15,24283.21,24880.41,24283.21,24804.76,24804.76,42626900
2013-05-16,24804.76,25187.73,24625.44,24796.78,24796.78,19252600
2013-05-17,24796.78,24859.35,24607.42,24757.44,24757.44,14877200
2013-05-20,24757.44,24892.02,24665.47,24793.39,24793.39,6623900
2013-05-21,24793.39,24929.76,24697.87,24708.74,24708.74,15975700
2013-05-22,24708.74,25439.29,24708.74,25439.29,25439.29,17454600
2013-05-23,25439.29,25439.29,24828.44,24989.07,24989.07,13808400
2013-05-24,24989.07,25464.38,24973.98,25391.02,25391.02,8587600
2013-05-27,25391.02,25804.49,25387.87,25699.82,25699.82,8885200
2013-05-28,25699.82,25909.62,25699.82,25716.06,25716.06,12623500
2013-05-29,25716.06,25719.91,25468.15,25682.19,25682.19,8991800
2013-05-30,25682.19,25704.62,25465.01,25680.39,25680.39,15608400
2013-05-31,25680.39,25750.17,25434.85,25434.85,25434.85,8450800
2013-06-03,25434.85,25485.62,25042.48,25167.84,25167.84,13830800
2013-06-04,25167.84,25334.82,25136.97,25287.52,25287.52,6885800
2013-06-05,25287.52,25287.52,24847.94,24904.44,24904.44,15197400
2013-06-06,24904.44,24904.44,24648.4,24648.4,24648.4,20253600
2013-06-07,24648.4,24804.19,24456.83,24671.08,24671.08,10534000
2013-06-10,24671.08,24997.82,24671.08,24929.61,24929.61,21025600
2013-06-11,24929.61,25112.44,24703.99,24723.8,24723.8,20505200
2013-06-12,24723.8,24921.54,24677.15,24921.54,24921.54,10980900
2013-06-13,24921.54,24921.54,24587.49,24841.09,24841.09,15812700
2013-06-14,24841.09,25047.69,24841.09,24914.99,24914.99,81646800
2013-06-17,24914.99,25206.65,24914.99,25185.93,25185.93,13001500
2013-06-18,25185.93,25343.77,25150.19,25246.47,25246.47,8478400
2013-06-19,25246.47,25261.59,25095.85,25137.69,25137.69,5840400
2013-06-20,25137.69,25137.69,24619.45,24730.96,24730.96,11935100
2013-06-21,24730.96,24738.68,24438.9,24684.52,24684.52,10946500
2013-06-25,24684.52,24684.52,24297.67,24383.1,24383.1,12680500
2013-06-26,24383.1,24621.25,24322.37,24329.44,24329.44,5959100
2013-06-27,24329.44,24657.23,24329.44,24502.08,24502.08,8128300
2013-06-28,24502.08,24635.06,24387.51,24387.51,24387.51,10700500
2013-07-01,24387.51,24672.5,24387.51,24508.31,24508.31,5904100
2013-07-02,24508.31,24675.35,24289.63,24360.04,24360.04,15319400
2013-07-03,24360.04,24360.04,24009.63,24093.73,24093.73,16078200
2013-07-04,24093.73,24247.83,24093.73,24247.83,24247.83,12332000
2013-07-05,24247.83,24386.25,24167.09,24386.25,24386.25,12794900
2013-07-08,24386.25,24611.3,24360.25,24596.4,24596.4,18198000
2013-07-09,24596.4,24771.12,24553.0,24679.99,24679.99,17868600
2013-07-10,24679.99,24840.14,24679.99,24802.76,24802.76,16253200
2013-07-11,24802.76,24942.34,24593.47,24740.27,24740.27,8585100
2013-07-12,24740.27,24850.82,24707.85,24803.97,24803.97,14682100
2013-07-15,24803.97,24919.08,24715.63,24715.63,24715.63,15347700
2013-07-16,24715.63,24844.03,24511.67,24545.92,24545.92,9110000
2013-07-17,24545.92,24627.85,24353.15,24404.05,24404.05,20192700
2013-07-18,24404.05,24509.05,24252.03,24384.57,24384.57,13085200
2013-07-19,24384.57,24438.15,24214.13,24294.72,24294.72,11248900
2013-07-22,24294.72,24450.67,24098.67,24115.44,24115.44,6273000
2013-07-23,24115.44,24318.94,24115.44,24245.52,24245.52,14085600
2013-07-24,24245.52,24320.78,24066.21,24151.96,24151.96,10903400
2013-07-25,24151.96,24183.66,24015.62,24093.65,24093.65,6441700
2013-07-26,24093.65,24216.23,24081.93,24198.95,24198.95,5300800
2013-07-29,24198.95,24207.68,23888.86,24008.24,24008.24,13877900
2013-07-30,24008.24,24136.44,24006.59,24077.43,24077.43,10114600
2013-07-31,24077.43,24186.07,24063.35,24063.35,24063.35,8475800
2013-08-01,24063.35,24195.67,24063.26,24160.49,24160.49,21841500
2013-08-02,24160.49,24266.62,24160.49,24228.68,24228.68,17190200
2013-08-05,24228.68,24359.9,24228.68,24359.9,24359.9,7596600
2013-08-06,24359.9,24543.5,24300.71,24543.5,24543.5,21143400
2013-08-07,24543.5,25289.87,24525.96,25289.87,25289.87,26675800
2013-08-08,25289.87,25978.63,25289.87,25907.67,25907.67,31952700
2013-08-09,25907.67,25967.59,25557.79,25676.9,25676.9,14932400
2013-08-12,25676.9,25860.37,25512.57,25691.14,25691.14,16865000
2013-08-13,25691.14,26023.53,25604.66,26020.47,26020.47,22819200
2013-08-14,26020.47,26145.27,25945.99,26036.85,26036.85,13968200
2013-08-16,26036.85,26036.85,25768.16,25913.0,25913.0,20690900
2013-08-19,25913.0,26073.98,25888.6,26042.83,26042.83,14258000
2013-08-20,26042.83,26042.83,25787.22,25923.85,25923.85,20213000
2013-08-21,25923.85,25923.85,25731.93,25825.32,25825.32,6373700
2013-08-22,25825.32,26083.13,25802.21,26045.84,26045.84,18086700
2013-08-23,26045.84,26143.31,26026.64,26126.47,26126.47,8543100
2013-08-26,26126.47,26143.87,25893.76,25980.72,25980.72,13148400
2013-08-27,25980.72,25988.47,25418.73,25552.13,25552.13,20358200
2013-08-28,25552.13,25552.13,25040.94,25414.33,25414.33,22079100
2013-08-29,25414.33,25611.69,25414.33,25423.82,25423.82,7749900
2013-08-30,25423.82,25423.82,25274.49,25352.03,25352.03,9318300
2013-09-02,25352.03,25672.14,25352.03,25656.65,25656.65,2152800
2013-09-03,25656.65,25679.63,25291.79,25328.24,25328.24,10405900
2013-09-04,25328.24,25395.22,25107.85,25176.04,25176.04,9868900
2013-09-05,25176.04,25359.85,25060.55,25213.68,25213.68,7841500
2013-09-06,25213.68,25219.45,24852.09,25111.68,25111.68,14296300
2013-09-09,25111.68,25274.41,24999.97,25106.06,25106.06,4440700
2013-09-10,25106.06,25324.78,25106.06,25290.53,25290.53,12261900
2013-09-11,25290.53,25602.51,25130.8,25602.51,25602.51,33961000
2013-09-12,25602.51,25770.26,25482.86,25770.26,25770.26,6578000
2013-09-13,25770.26,26267.79,25770.26,26267.79,26267.79,20981400
2013-09-16,26267.79,26414.78,26128.96,26221.42,26221.42,13231600
2013-09-17,26221.42,26221.42,26006.55,26044.27,26044.27,10715900
2013-09-18,26044.27,26201.35,26044.27,26151.28,26151.28,6971900
2013-09-19,26151.28,26449.17,26151.28,26449.17,26449.17,23849700
2013-09-20,26449.17,26507.85,26343.81,26424.58,26424.58,7046400
2013-09-23,26424.58,26470.58,26301.67,26429.51,26429.51,9981300
2013-09-24,26429.51,26554.28,26429.51,26509.9,26509.9,7828100
2013-09-25,26509.9,26847.4,26509.9,26841.85,26841.85,21711200
2013-09-26,26841.85,27227.22,26830.93,26861.46,26861.46,25886400
2013-09-27,26861.46,27078.49,26861.46,27018.88,27018.88,21402400
2013-09-30,27018.88,27079.19,26815.95,26854.22,26854.22,26032000
2013-10-01,26854.22,26929.35,26805.3,26805.3,26805.3,19356600
2013-10-02,26805.3,26923.36,26796.57,26882.51,26882.51,8313700
2013-10-03,26882.51,27041.93,26826.99,27020.32,27020.32,21180700
2013-10-04,27020.32,27150.14,26989.62,27128.08,27128.08,16754900
2013-10-07,27128.08,27134.02,26713.86,26770.66,26770.66,4201800
2013-10-08,26770.66,26861.97,26576.5,26609.78,26609.78,10995900
2013-10-09,26609.78,26638.85,26397.48,26448.87,26448.87,9537600
2013-10-10,26448.87,27191.58,26425.09,26883.17,26883.17,49911300
2013-10-11,26883.17,27235.14,26870.82,26896.75,26896.75,57028600
2013-10-14,26896.75,26991.87,26644.99,26649.02,26649.02,11398500
2013-10-15,26649.02,26799.55,26628.95,26731.63,26731.63,8816900
2013-10-16,26731.63,26954.98,26717.58,26877.81,26877.81,8844800
2013-10-17,26877.81,27140.04,26877.81,26939.97,26939.97,13316400
2013-10-18,26939.97,27106.98,26656.65,26807.56,26807.56,0
2013-10-21,26807.56,26807.56,26458.66,26550.25,26550.25,13664700
2013-10-22,26550.25,26609.27,26408.15,26505.08,26505.08,13127700
2013-10-23,26505.08,26594.85,26445.67,26478.06,26478.06,8316400
2013-10-24,26478.06,26689.55,26478.06,26689.55,26689.55,4168200
2013-10-25,26689.55,26820.18,26689.55,26716.32,26716.32,7067900
2013-10-28,26716.32,26813.8,26678.39,26688.63,26688.63,7616400
2013-10-29,26688.63,27104.12,26666.41,27047.9,27047.9,19081400
2013-10-30,27047.9,27260.86,27038.89,27133.11,27133.11,4235300
2013-10-31,27133.11,27230.93,26987.29,27207.9,27207.9,11513400
2013-11-01,27207.9,27756.68,27191.83,27756.68,27756.68,14560900
2013-11-04,27756.68,28261.84,27756.68,28173.95,28173.95,40506300
2013-11-05,28173.95,28447.05,28111.98,28137.53,28137.53,19738200
2013-11-06,28137.53,28285.86,28137.53,28257.35,28257.35,0
2013-11-07,28257.35,28401.23,28239.95,28239.95,28239.95,11094400
2013-11-08,28239.95,28239.95,28019.34,28074.48,28074.48,13514500
2013-11-11,28074.48,28182.73,27947.06,28067.13,28067.13,7282900
2013-11-12,28067.13,28143.12,27962.45,27962.45,27962.45,6636700
2013-11-13,27962.45,28077.14,27791.78,27819.74,27819.74,32382300
2013-11-14,27819.74,28215.6,27786.02,28163.31,28163.31,18783300
2013-11-15,28163.31,28265.17,28002.73,28199.91,28199.91,13695100
2013-11-18,28199.91,28352.67,28170.73,28230.5,28230.5,29539500
2013-11-19,28230.5,28631.67,28183.72,28502.3,28502.3,28738800
2013-11-20,28502.3,28589.62,28502.3,28542.81,28542.81,8896300
2013-11-21,28542.81,28622.84,28300.23,28536.01,28536.01,14879000
2013-11-22,28536.01,28622.13,28489.06,28604.03,28604.03,4390500
2013-11-25,28604.03,28956.75,28604.03,28956.75,28956.75,45360100
2013-11-26,28956.75,29231.64,28876.0,29193.85,29193.85,31352900
2013-11-27,29193.85,29911.97,29193.85,29829.85,29829.85,39392100
2013-11-28,29829.85,30073.84,29742.87,30015.49,30015.49,32263900
2013-11-29,30015.49,30513.2,29910.18,30513.2,30513.2,23962400
2013-12-02,30513.2,31118.86,30513.2,30996.64,30996.64,35705300
2013-12-03,30996.64,30996.64,30590.64,30815.47,30815.47,24263700
2013-12-04,30815.47,31005.02,30370.77,30571.34,30571.34,25749200
2013-12-05,30571.34,30809.03,30571.34,30724.06,30724.06,18624100
2013-12-06,30724.06,30870.79,30599.89,30854.49,30854.49,14743400
2013-12-09,30854.49,31030.34,30491.48,30513.7,30513.7,25156600
2013-12-10,30513.7,30554.68,29752.55,29898.39,29898.39,47502200
2013-12-11,29898.39,30043.21,29810.11,30028.81,30028.81,23518500
2013-12-12,30028.81,30143.01,29922.45,30107.41,30107.41,19574400
2013-12-13,30107.41,30326.98,30008.55,30326.98,30326.98,18154600
2013-12-16,30326.98,30419.87,30225.4,30328.9,30328.9,27134900
2013-12-17,30328.9,30430.36,30089.92,30269.88,30269.88,20295800
2013-12-18,30269.88,30396.33,30165.04,30273.26,30273.26,18376200
2013-12-19,30273.26,30779.47,30273.26,30695.52,30695.52,10943100
2013-12-20,30695.52,30829.07,30638.52,30690.01,30690.01,8932200
2013-12-23,30690.01,30883.06,30690.01,30860.94,30860.94,8483600
2013-12-27,30860.94,31179.94,30860.94,31168.76,31168.76,4468500
2013-12-30,31168.76,31373.29,31168.76,31291.82,31291.82,6922900
2014-01-03,31291.82,31510.98,31111.97,31487.99,31487.99,9043600
2014-01-06,31487.99,31489.26,31225.57,31262.73,31262.73,3121000
2014-01-07,31262.73,31475.34,31262.73,31475.34,31475.34,7593000
2014-01-08,31475.34,31776.0,31435.2,31591.41,31591.41,18214500
2014-01-09,31591.41,31677.03,31571.8,31572.78,31572.78,7017400
2014-01-10,31572.78,31710.32,31572.78,31710.32,31710.32,8733900
2014-01-13,31710.32,32479.31,31710.32,32121.48,32121.48,19597000
2014-01-14,32121.48,32121.48,31713.22,31890.56,31890.56,10371100
2014-01-15,31890.56,32046.79,31890.56,32014.81,32014.81,10383100
2014-01-16,32014.81,32014.81,31763.19,31780.83,31780.83,9709900
2014-01-17,31780.83,32201.45,31774.82,32114.54,32114.54,9969200
2014-01-20,32114.54,32147.64,31842.36,31923.35,31923.35,8433300
2014-01-21,31923.35,32111.45,31923.35,32016.16,32016.16,11370300
2014-01-22,32016.16,32123.66,31932.77,32115.24,32115.24,12250300
2014-01-23,32115.24,32125.57,31790.77,31871.97,31871.97,5067600
2014-01-24,31871.97,31937.03,31260.86,31400.83,31400.83,11585300
2014-01-27,31400.83,31400.83,30426.88,31084.12,31084.12,15521700
2014-01-28,31084.12,31384.86,31069.1,31224.21,31224.21,10334200
2014-01-29,31224.21,31579.43,30688.57,30924.25,30924.25,15112400
2014-01-30,30924.25,30924.25,30420.83,30618.83,30618.83,15936000
2014-01-31,30618.83,30818.6,30035.09,30129.81,30129.81,25135000
2014-02-03,30129.81,30633.91,29649.58,30264.93,30264.93,23219800
2014-02-04,30264.93,30303.63,29465.27,30294.78,30294.78,8622000
2014-02-05,30294.78,30658.67,30213.6,30267.51,30267.51,7818800
2014-02-06,30267.51,31302.28,30267.51,31302.28,31302.28,24569400
2014-02-07,31302.28,31529.84,31063.77,31235.78,31235.78,15280600
2014-02-10,31235.78,31341.42,30948.44,31014.16,31014.16,3213800
2014-02-11,31014.16,31418.95,30994.17,31171.32,31171.32,3662800
2014-02-12,31171.32,31375.31,31169.46,31257.22,31257.22,10325800
2014-02-13,31257.22,31314.51,30990.58,31223.0,31223.0,10032200
2014-02-14,31223.0,31229.41,30896.0,31081.53,31081.53,17774400
2014-02-17,31081.53,31421.47,31019.01,31078.92,31078.92,8699500
2014-02-18,31078.92,31205.95,30952.07,31049.96,31049.96,3931100
2014-02-19,31049.96,31095.37,30834.12,30893.34,30893.34,6880600
2014-02-20,30893.34,30893.34,30280.39,30602.26,30602.26,7039400
2014-02-21,30602.26,30856.11,30602.26,30690.9,30690.9,4190100
2014-02-24,30690.9,30699.91,30414.78,30575.52,30575.52,12945500
2014-02-25,30575.52,30754.87,30334.69,30522.42,30522.42,15149200
2014-02-26,30522.42,30531.43,29948.84,29983.41,29983.41,13619500
2014-02-27,29983.41,30070.51,29794.63,30024.09,30024.09,7930200
2014-02-28,30024.09,30359.17,29980.53,30304.38,30304.38,8366700
2014-03-03,30304.38,30304.38,28706.74,28766.41,28766.41,38128100
2014-03-04,28766.41,29550.14,28766.41,29517.34,29517.34,15692000
2014-03-05,29517.34,29843.42,29517.34,29762.81,29762.81,6898800
2014-03-06,29762.81,30152.76,29762.81,30151.45,30151.45,6204900
2014-03-07,30151.45,30279.73,29856.87,29867.8,29867.8,3365300
2014-03-10,29867.8,30065.26,29359.55,29574.84,29574.84,4709600
2014-03-11,29574.84,29758.31,29377.53,29672.39,29672.39,8516200
2014-03-12,29672.39,29678.4,29038.43,29070.03,29070.03,14204600
2014-03-13,29070.03,29073.03,28608.04,28896.34,28896.34,24217800
2014-03-14,28896.34,28896.34,28289.42,28590.07,28590.07,12661300
2014-03-17,28590.07,29228.84,28590.07,29187.79,29187.79,20250700
2014-03-18,29187.79,29381.33,29082.45,29321.18,29321.18,14247300
2014-03-19,29321.18,29372.9,28939.13,28984.48,28984.48,7857700
2014-03-20,28984.48,29004.56,28835.18,28987.71,28987.71,6030300
2014-03-21,28987.71,28993.72,28802.83,28868.98,28868.98,4139600
2014-03-24,28868.98,28962.67,28466.44,28586.49,28586.49,8468300
2014-03-25,28586.49,28698.27,28489.84,28551.65,28551.65,6318600
2014-03-26,28551.65,28957.72,28551.65,28843.23,28843.23,21518600
2014-03-27,28843.23,28934.93,28779.95,28900.18,28900.18,9440200
2014-03-28,28900.18,28997.71,28816.75,28862.76,28862.76,11831700
2014-03-31,28862.76,29111.65,28852.73,28935.81,28935.81,27062200
2014-04-01,28935.81,29086.36,28796.14,28897.69,28897.69,9589300
2014-04-02,28897.69,29016.33,28762.63,28820.51,28820.51,13144100
2014-04-03,28820.51,28861.04,28640.76,28692.87,28692.87,9470700
2014-04-04,28692.87,28795.22,28603.3,28689.97,28689.97,7139600
2014-04-07,28689.97,28727.41,28516.21,28552.65,28552.65,5284400
2014-04-08,28552.65,28678.96,27860.91,27883.76,27883.76,11735500
2014-04-09,27883.76,28010.82,27749.29,27898.93,27898.93,10156100
2014-04-10,27898.93,28032.04,27674.67,27831.05,27831.05,6654700
2014-04-11,27831.05,27856.2,27547.62,27716.25,27716.25,18284800
2014-04-14,27716.25,28110.61,27546.08,27997.17,27997.17,7233200
2014-04-15,27997.17,28395.06,27997.17,28255.66,28255.66,12647900
2014-04-16,28255.66,28624.25,28163.69,28178.46,28178.46,8947400
2014-04-17,28178.46,28284.62,27927.7,27930.29,27930.29,4445800
2014-04-18,27930.29,28145.24,27897.7,28099.34,28099.34,2045000
2014-04-22,28099.34,28196.59,28017.28,28042.24,28042.24,6176300
2014-04-23,28042.24,28297.28,27878.96,27914.33,27914.33,13291500
2014-04-24,27914.33,28033.14,27590.19,27615.68,27615.68,19944600
2014-04-25,27615.68,27825.75,27348.36,27384.01,27384.01,14345600
2014-04-28,27384.01,27491.4,26759.41,26913.18,26913.18,8546900
2014-04-29,26913.18,26981.53,26337.77,26541.27,26541.27,11257380
2014-04-30,26541.27,26970.8,26387.98,26952.64,26952.64,10253130
2014-05-02,26952.64,27153.9,26882.19,27003.55,27003.55,27373760
2014-05-05,27003.55,27108.75,26589.1,26710.72,26710.72,6064420
2014-05-06,26710.72,26827.41,26555.11,26616.93,26616.93,11683730
2014-05-07,26616.93,26851.43,26289.56,26807.82,26807.82,10598300
2014-05-08,26807.82,27241.32,26620.87,27172.0,27172.0,11661160
2014-05-09,27172.0,27411.71,27053.61,27176.22,27176.22,10983560
2014-05-12,27176.22,27452.73,27095.93,27423.25,27423.25,10837030
2014-05-13,27423.25,27612.66,27423.25,27599.77,27599.77,9972130
2014-05-14,27599.77,27622.71,27445.1,27506.17,27506.17,9777820
2014-05-15,27506.17,28168.51,27506.17,27898.77,27898.77,14223640
2014-05-16,27898.77,28384.61,27898.77,28254.21,28254.21,10219750
2014-05-19,28254.21,28340.29,28104.14,28262.5,28262.5,8781320
2014-05-20,28262.5,28373.65,28131.25,28362.56,28362.56,9101230
2014-05-21,28362.56,28383.57,28064.95,28207.29,28207.29,8071060
2014-05-22,28207.29,28564.92,28204.13,28564.92,28564.92,10805930
2014-05-23,28564.92,28942.8,28412.3,28907.13,28907.13,22983070
2014-05-26,28907.13,29023.56,28844.91,28908.74,28908.74,10978800
2014-05-27,28908.74,28953.1,28651.03,28743.61,28743.61,8894570
2014-05-28,28743.61,28793.77,28092.71,28303.28,28303.28,13655830
2014-05-29,28303.28,28626.65,28250.85,28402.64,28402.64,7564690
2014-05-30,28402.64,28699.43,28402.64,28699.43,28699.43,23288880
2014-06-02,28699.43,28959.9,28631.81,28878.06,28878.06,17969500
2014-06-03,28878.06,28890.14,28484.07,28515.67,28515.67,9982210
2014-06-04,28515.67,28632.07,28369.25,28570.38,28570.38,8680900
2014-06-05,28570.38,28573.92,28300.91,28448.21,28448.21,8353010
2014-06-06,28448.21,28471.6,28221.49,28355.22,28355.22,10427310
2014-06-10,28355.22,28355.22,28018.95,28315.24,28315.24,15458420
2014-06-11,28315.24,28405.18,28262.64,28346.59,28346.59,18220300
2014-06-12,28346.59,28608.38,28286.33,28589.33,28589.33,14277760
2014-06-13,28589.33,28681.41,28351.99,28398.47,28398.47,7322610
2014-06-16,28398.47,28474.43,28123.27,28436.02,28436.02,6061570
2014-06-17,28436.02,28490.74,28251.86,28371.9,28371.9,8485260
2014-06-18,28371.9,28455.94,28189.63,28411.97,28411.97,13121120
2014-06-19,28411.97,28489.11,28282.91,28418.57,28418.57,16789900
2014-06-20,28418.57,28598.17,28318.24,28587.23,28587.23,10742780
2014-06-23,28587.23,28798.88,28496.73,28798.88,28798.88,13651590
2014-06-24,28798.88,29348.21,28725.56,29156.77,29156.77,11657600
2014-06-25,29156.77,29208.15,28952.72,29123.48,29123.48,20420960
2014-06-26,29123.48,29314.33,29065.78,29293.29,29293.29,17826630
2014-06-27,29293.29,29623.87,29244.38,29608.33,29608.33,17131910
2014-06-30,29608.33,30179.47,29608.33,30139.07,30139.07,16451920
2014-07-01,30139.07,30170.95,29926.26,29970.31,29970.31,15494220
2014-07-02,29970.31,30221.68,29889.67,30207.48,30207.48,15057970
2014-07-03,30207.48,30288.85,30064.88,30260.21,30260.21,17050760
2014-07-04,30260.21,30329.3,29887.57,30090.05,30090.05,11865770
2014-07-07,30090.05,30125.24,29647.22,29892.16,29892.16,25075550
2014-07-08,29892.16,29946.47,29627.66,29783.69,29783.69,9843700
2014-07-09,29783.69,29900.13,29696.57,29757.91,29757.91,10578940
2014-07-10,29757.91,29766.62,29032.42,29276.31,29276.31,16630210
2014-07-11,29276.31,29749.41,29241.21,29717.76,29717.76,9941290
2014-07-14,29717.76,30002.62,29717.76,29825.73,29825.73,11002480
2014-07-15,29825.73,29955.21,29440.48,29585.67,29585.67,18974330
2014-07-16,29585.67,29689.33,29363.6,29623.57,29623.57,22282150
2014-07-17,29623.57,29815.02,29607.04,29702.6,29702.6,17025190
2014-07-18,29702.6,29771.19,29385.65,29464.53,29464.53,6361750
2014-07-21,29464.53,29826.56,29352.82,29816.04,29816.04,10599290
2014-07-22,29816.04,30102.66,29627.68,30067.79,30067.79,16521990
2014-07-23,30067.79,30142.52,29932.67,30072.38,30072.38,14679230
2014-07-24,30072.38,30304.62,30037.92,30257.81,30257.81,11193670
2014-07-25,30257.81,30343.77,30178.83,30216.91,30216.91,11518640
2014-07-28,30216.91,30216.91,29885.46,30093.36,30093.36,9074470
2014-07-29,30093.36,30220.46,30021.62,30121.15,30121.15,7310620
2014-07-30,30121.15,30207.6,30029.28,30206.43,30206.43,4973230
2014-07-31,30206.43,30350.48,30178.12,30290.52,30290.52,14391270
2014-08-01,30290.52,30376.34,29978.77,30376.34,30376.34,15102130
2014-08-04,30376.34,30431.3,30268.61,30424.02,30424.02,11982560
2014-08-05,30424.02,30492.37,30334.63,30426.04,30426.04,4895440
2014-08-06,30426.04,30481.1,30162.73,30246.86,30246.86,10094060
2014-08-07,30246.86,30356.87,29996.75,30017.78,30017.78,23534990
2014-08-08,30017.78,30311.88,30016.65,30287.32,30287.32,9725850
2014-08-11,30287.32,30399.33,30286.83,30350.1,30350.1,5879530
2014-08-12,30350.1,30351.46,29982.76,30301.53,30301.53,8238790
2014-08-13,30301.53,30636.42,30177.81,30573.69,30573.69,43220320
2014-08-14,30573.69,30668.39,30355.57,30529.47,30529.47,19177280
2014-08-18,30529.47,30529.47,30284.41,30421.39,30421.39,9306600
2014-08-19,30421.39,30421.39,30013.77,30123.71,30123.71,22442440
2014-08-20,30123.71,30310.3,29989.76,30290.83,30290.83,5113530
2014-08-21,30290.83,30368.96,30177.65,30221.03,30221.03,4394640
2014-08-22,30221.03,30329.74,30071.0,30176.72,30176.72,4472070
2014-08-25,30176.72,30343.57,30126.08,30314.45,30314.45,4565480
2014-08-26,30314.45,30437.81,30271.62,30425.04,30425.04,6081120
2014-08-27,30425.04,30550.13,30366.53,30472.67,30472.67,6187140
2014-08-28,30472.67,30579.53,30356.14,30461.22,30461.22,4298230
2014-08-29,30461.22,30616.35,30382.36,30562.34,30562.34,14828800
2014-09-01,30562.34,30733.0,30447.07,30638.95,30638.95,14398790
2014-09-02,30638.95,30747.26,30569.34,30723.14,30723.14,10475210
2014-09-03,30723.14,30842.6,30632.01,30829.92,30829.92,7792530
2014-09-04,30829.92,30895.52,30765.05,30774.26,30774.26,7739560
2014-09-05,30774.26,30863.02,30607.82,30694.58,30694.58,3843270
2014-09-08,30694.58,30762.28,30545.55,30651.59,30651.59,5500090
2014-09-09,30651.59,30726.22,30569.12,30569.12,30569.12,6890470
2014-09-10,30569.12,30630.91,30490.54,30630.91,30630.91,12855730
2014-09-11,30630.91,30677.36,30379.87,30387.23,30387.23,12926800
2014-09-12,30387.23,30600.18,30292.7,30452.56,30452.56,4515140
2014-09-15,30452.56,30516.94,30231.48,30516.94,30516.94,43608700
2014-09-16,30516.94,30621.64,30371.74,30388.79,30388.79,26893030
2014-09-17,30388.79,30869.03,30388.79,30788.09,30788.09,15313290
2014-09-18,30788.09,30820.25,30485.66,30633.77,30633.77,10612390
2014-09-19,30633.77,30855.51,30525.24,30641.6,30641.6,8768940
2014-09-22,30641.6,30666.44,30489.53,30538.48,30538.48,7319280
2014-09-23,30538.48,30633.23,30140.61,30458.37,30458.37,8534530
2014-09-24,30458.37,30544.01,30190.24,30525.29,30525.29,3896190
2014-09-25,30525.29,30694.32,30434.4,30493.47,30493.47,4400450
2014-09-26,30493.47,30579.81,30295.88,30396.09,30396.09,4857900
2014-09-29,30396.09,30482.18,30279.39,30355.55,30355.55,3569480
2014-09-30,30355.55,31032.37,30355.55,30885.99,30885.99,29021830
2014-10-01,30885.99,31100.48,30804.41,30839.07,30839.07,16522310
2014-10-02,30839.07,30932.43,30585.28,30656.95,30656.95,7073630
2014-10-03,30656.95,30838.1,30620.55,30838.1,30838.1,6459110
2014-10-06,30838.1,31013.45,30800.25,31003.05,31003.05,13727970
2014-10-07,31003.05,32065.32,31003.05,31832.2,31832.2,28974850
2014-10-08,31832.2,31832.2,31409.74,31595.76,31595.76,10139520
2014-10-09,31595.76,31763.16,31464.9,31523.69,31523.69,7029860
2014-10-10,31523.69,31523.69,30765.1,31047.83,31047.83,14720970
2014-10-13,31047.83,31207.17,30717.57,30957.36,30957.36,16005900
2014-10-14,30957.36,30995.0,30599.82,30806.95,30806.95,12349990
2014-10-15,30806.95,31024.24,30372.09,30466.01,30466.01,39680712
2014-10-16,30466.01,30583.53,29400.81,29418.54,29418.54,24302120
2014-10-17,29418.54,30246.15,29418.54,30191.53,30191.53,12183140
2014-10-20,30191.53,30594.1,30043.08,30188.02,30188.02,6128210
2014-10-21,30188.02,30785.56,30188.02,30524.77,30524.77,22258440
2014-10-22,30524.77,30904.41,30524.77,30805.29,30805.29,16884020
2014-10-23,30805.29,31067.14,30623.5,31026.93,31026.93,11389730
2014-10-24,31026.93,31270.78,30894.11,31129.12,31129.12,3750470
2014-10-27,31129.12,31452.17,31078.42,31284.76,31284.76,10917890
2014-10-28,31284.76,31476.92,31229.56,31324.57,31324.57,5463230
2014-10-29,31324.57,31596.72,31304.63,31350.75,31350.75,18039530
2014-10-30,31350.75,31449.19,31177.76,31296.35,31296.35,14377100
2014-10-31,31296.35,31396.96,31203.13,31377.97,31377.97,5920260
2014-11-03,31377.97,31458.87,31232.75,31415.19,31415.19,1218830
2014-11-04,31415.19,31576.49,31325.73,31546.83,31546.83,3788880
2014-11-05,31546.83,31826.07,31497.61,31799.13,31799.13,13925700
2014-11-06,31799.13,31986.99,31792.17,31986.99,31986.99,10535350
2014-11-07,31986.99,32038.38,31820.91,31881.61,31881.61,37493912
2014-11-10,31881.61,31925.51,31613.32,31893.34,31893.34,4204460
2014-11-11,31893.34,31958.28,31767.51,31840.49,31840.49,4436700
2014-11-12,31840.49,31929.77,31697.82,31817.38,31817.38,5595090
2014-11-13,31817.38,31908.05,31670.17,31732.62,31732.62,6234620
2014-11-14,31732.62,31797.76,31542.96,31719.93,31719.93,3821480
2014-11-17,31719.93,31742.94,31388.63,31551.21,31551.21,3934880
2014-11-18,31551.21,31595.95,31366.35,31440.57,31440.57,3562160
2014-11-19,31440.57,31515.79,31261.33,31372.2,31372.2,3043540
2014-11-20,31372.2,31421.02,31048.86,31094.93,31094.93,4945840
2014-11-21,31094.93,31341.9,31094.93,31270.65,31270.65,4621780
2014-11-24,31270.65,31367.99,31137.26,31221.59,31221.59,5753180
2014-11-25,31221.59,31352.06,31164.74,31352.06,31352.06,7293960
2014-11-26,31352.06,31375.48,31180.27,31318.76,31318.76,4333030
2014-11-27,31318.76,31393.17,31178.95,31358.75,31358.75,3818820
2014-11-28,31358.75,31416.61,31114.48,31192.51,31192.51,5260060
2014-12-02,31192.51,31419.54,31012.56,31163.41,31163.41,2995940
2014-12-03,31163.41,31432.88,31077.29,31143.06,31143.06,22177330
2014-12-04,31143.06,31584.07,31067.39,31480.88,31480.88,33563072
2014-12-05,31480.88,31903.18,31351.09,31853.66,31853.66,26648110
2014-12-08,31853.66,31936.84,31662.29,31806.09,31806.09,35528060
2014-12-09,31806.09,31806.09,31436.79,31543.05,31543.05,29230670
2014-12-10,31543.05,31618.68,30906.25,31234.85,31234.85,21677370
2014-12-11,31234.85,31278.4,30557.67,30720.63,30720.63,20884240
2014-12-12,30720.63,30720.63,30197.27,30494.36,30494.36,17554890
2014-12-15,30494.36,30518.73,29691.57,30128.64,30128.64,16253270
2014-12-16,30128.64,30330.51,29767.82,29788.65,29788.65,10400670
2014-12-17,29788.65,29960.91,29195.4,29406.9,29406.9,11053750
2014-12-18,29406.9,29993.42,29406.9,29773.46,29773.46,35925340
2014-12-19,29773.46,30253.77,29773.46,29808.89,29808.89,22936090
2014-12-22,29808.89,30306.13,29795.0,30306.13,30306.13,11466410
2014-12-23,30306.13,30566.19,30133.91,30344.74,30344.74,7573950
2014-12-29,30344.74,30455.73,30130.85,30423.51,30423.51,5026740
2014-12-30,30423.51,30469.64,30114.12,30283.31,30283.31,6489860
2015-01-05,30283.31,30345.86,29994.51,30120.38,30120.38,15908350
2015-01-06,30120.38,30120.38,29504.05,29925.93,29925.93,17871870
2015-01-07,29925.93,30014.12,29618.45,29799.43,29799.43,6695247
2015-01-08,29799.43,30104.01,29799.43,30067.06,30067.06,26019564
2015-01-09,30067.06,30313.18,29976.35,30001.53,30001.53,10619379
2015-01-12,30001.53,30076.38,29626.69,29751.11,29751.11,6377190
2015-01-13,29751.11,29832.79,29603.67,29716.01,29716.01,6687861
2015-01-14,29716.01,29716.01,29402.11,29621.6,29621.6,5953309
2015-01-15,29621.6,29690.89,29412.61,29512.05,29512.05,22724336
2015-01-16,29512.05,29623.7,29220.24,29441.12,29441.12,12456777
2015-01-19,29441.12,29527.45,29139.92,29176.23,29176.23,9840839
2015-01-20,29176.23,29363.94,29105.72,29318.47,29318.47,4715799
2015-01-21,29318.47,29737.18,29301.4,29611.54,29611.54,11017866
2015-01-22,29611.54,30181.03,29555.39,30085.18,30085.18,10979623
2015-01-23,30085.18,30676.29,30085.18,30429.09,30429.09,9632574
2015-01-26,30429.09,30476.97,30060.8,30238.41,30238.41,5693091
2015-01-27,30238.41,30324.65,29778.69,29819.24,29819.24,10528426
2015-01-28,29819.24,30066.39,29694.92,29721.95,29721.95,17200472
2015-01-29,29721.95,29899.14,29520.93,29693.26,29693.26,7760407
2015-01-30,29693.26,29887.34,29565.95,29795.97,29795.97,18519412
2015-02-02,29795.97,29896.62,29713.58,29851.91,29851.91,11330649
2015-02-03,29851.91,30213.96,29810.95,30135.84,30135.84,6355597
2015-02-04,30135.84,30491.33,30135.84,30398.18,30398.18,11887876
2015-02-05,30398.18,30520.52,30108.53,30316.95,30316.95,6411242
2015-02-06,30316.95,30445.39,30198.69,30438.53,30438.53,1615464
2015-02-09,30438.53,30488.29,30059.67,30220.44,30220.44,2812090
2015-02-10,30220.44,30655.52,30118.6,30655.52,30655.52,11192456
2015-02-11,30655.52,30842.45,30350.71,30655.02,30655.02,6138699
2015-02-12,30655.02,30910.36,30489.25,30872.13,30872.13,12200125
2015-02-13,30872.13,31069.77,30743.67,31069.77,31069.77,8842560
2015-02-16,31069.77,31139.48,30785.9,30988.35,30988.35,3612592
2015-02-17,30988.35,31002.37,30668.72,30845.78,30845.78,6666055
2015-02-18,30845.78,31238.11,30784.83,31238.11,31238.11,11717711
2015-02-19,31238.11,31242.41,31034.64,31164.35,31164.35,10629862
2015-02-20,31164.35,31257.41,31039.88,31191.4,31191.4,10256240
2015-02-23,31191.4,31599.91,31158.37,31580.21,31580.21,15545251
2015-02-24,31580.21,31728.95,31544.23,31703.02,31703.02,23134084
2015-02-25,31703.02,31933.3,31369.07,31429.85,31429.85,15075609
2015-02-26,31429.85,31656.71,30841.08,31072.6,31072.6,10929192
2015-02-27,31072.6,31338.19,30970.42,31080.79,31080.79,6770212
2015-03-02,31080.79,31208.75,30899.38,31109.56,31109.56,11866745
2015-03-03,31109.56,31190.87,30980.01,31149.32,31149.32,10719789
2015-03-04,31149.32,31210.91,30861.78,31036.6,31036.6,6943612
2015-03-05,31036.6,31097.36,30942.11,31039.26,31039.26,6036980
2015-03-06,31039.26,31314.52,31000.76,31202.69,31202.69,4509303
2015-03-09,31202.69,31223.11,31014.25,31140.01,31140.01,9948628
2015-03-10,31140.01,31243.76,30868.3,30979.38,30979.38,5849937
2015-03-11,30979.38,31064.1,30801.95,30927.57,30927.57,20371592
2015-03-12,30927.57,31100.21,30835.28,31003.18,31003.18,14034740
2015-03-13,31003.18,31081.26,30317.39,30413.78,30413.78,14663861
2015-03-16,30413.78,30640.0,30220.89,30299.16,30299.16,4506864
2015-03-17,30299.16,30385.74,30036.45,30162.28,30162.28,13722851
2015-03-18,30162.28,30269.83,29846.84,29966.31,29966.31,14725766
2015-03-19,29966.31,30043.5,29819.66,30003.1,30003.1,13082072
2015-03-20,30003.1,30207.95,29674.85,29674.85,29674.85,6579053
2015-03-23,29674.85,30118.46,29671.7,30058.9,30058.9,15244358
2015-03-24,30058.9,30557.24,29923.29,30502.85,30502.85,22700690
2015-03-25,30502.85,30574.82,30257.06,30395.08,30395.08,17399172
2015-03-26,30395.08,30458.11,30154.76,30302.63,30302.63,4407730
2015-03-27,30302.63,30403.06,30095.43,30397.67,30397.67,1594501
2015-03-30,30397.67,30430.03,29999.7,30268.47,30268.47,3196473
2015-03-31,30268.47,30303.59,30062.23,30280.72,30280.72,1853707
2015-04-01,30280.72,30457.74,30058.95,30409.27,30409.27,9615629
2015-04-02,30409.27,30447.15,30175.91,30175.91,30175.91,1512029
2015-04-03,30175.91,30306.63,29881.48,30063.47,30063.47,4380165
2015-04-06,30063.47,30117.37,29727.9,29943.24,29943.24,3467674
2015-04-07,29943.24,30335.14,29943.24,30294.55,30294.55,1942890
2015-04-08,30294.55,30465.87,30121.82,30455.09,30455.09,3079778
2015-04-09,30455.09,30824.67,30354.18,30811.67,30811.67,22041808
2015-04-10,30811.67,31009.78,30640.35,31009.78,31009.78,17746944
2015-04-14,31009.78,31162.34,30821.3,31151.56,31151.56,11987081
2015-04-15,31151.56,31324.96,31006.06,31319.57,31319.57,17906348
2015-04-16,31319.57,31404.68,31183.43,31316.08,31316.08,21094338
2015-04-17,31316.08,31521.37,31089.56,31452.09,31452.09,16216090
2015-04-20,31452.09,31508.19,31150.38,31366.02,31366.02,19650892
2015-04-21,31366.02,31521.11,31239.85,31498.61,31498.61,31674278
2015-04-22,31498.61,31554.23,31361.82,31508.39,31508.39,9054681
2015-04-23,31508.39,31700.79,31508.39,31644.8,31644.8,16917900
2015-04-24,31644.8,31805.44,31534.43,31700.34,31700.34,14064055
2015-04-27,31700.34,31797.36,31541.87,31690.71,31690.71,7913834
2015-04-28,31690.71,31702.11,31407.6,31595.06,31595.06,7912438
2015-04-29,31595.06,31620.67,31326.31,31542.63,31542.63,14103582
2015-04-30,31542.63,31542.63,31198.91,31383.06,31383.06,8183453
2015-05-04,31383.06,31478.23,31151.89,31471.85,31471.85,6225399
2015-05-05,31471.85,31716.59,31327.39,31565.54,31565.54,17846856
2015-05-06,31565.54,31667.95,31268.93,31431.39,31431.39,5389441
2015-05-07,31431.39,31635.63,31287.37,31635.63,31635.63,2213693
2015-05-08,31635.63,31805.3,31411.51,31752.25,31752.25,1708635
2015-05-11,31752.25,31776.03,31439.57,31602.77,31602.77,2311377
2015-05-12,31602.77,31639.95,31333.61,31405.56,31405.56,5349899
2015-05-13,31405.56,31525.55,31247.5,31446.73,31446.73,4598426
2015-05-14,31446.73,31495.24,31162.7,31390.02,31390.02,3360842
2015-05-15,31390.02,31512.79,31143.0,31213.54,31213.54,7576081
2015-05-18,31213.54,31436.96,31106.6,31299.14,31299.14,5664388
2015-05-19,31299.14,31353.82,31098.0,31262.1,31262.1,6397173
2015-05-20,31262.1,31340.44,31147.93,31340.44,31340.44,2904293
2015-05-21,31340.44,31455.07,31115.8,31455.07,31455.07,3210985
2015-05-22,31455.07,31455.07,31174.35,31409.76,31409.76,2259374
2015-05-25,31409.76,31424.01,31125.35,31281.72,31281.72,1500836
2015-05-26,31281.72,31289.19,31129.3,31231.5,31231.5,4268167
2015-05-27,31231.5,31251.46,31004.14,31151.62,31151.62,2393172
2015-05-28,31151.62,31231.8,30891.71,31024.13,31024.13,2336346
2015-05-29,31024.13,31088.81,30797.5,30903.44,30903.44,4472526
2015-06-02,30903.44,31028.59,30814.07,30945.21,30945.21,8161665
2015-06-03,30945.21,30990.2,30804.16,30962.81,30962.81,6988432
2015-06-04,30962.81,30996.95,30720.25,30798.95,30798.95,8125915
2015-06-05,30798.95,30975.39,30688.11,30823.73,30823.73,7249034
2015-06-08,30823.73,30825.95,30527.96,30641.22,30641.22,5389006
2015-06-09,30641.22,30705.9,30387.51,30495.41,30495.41,8998814
2015-06-10,30495.41,30566.54,30368.22,30511.82,30511.82,4290767
2015-06-11,30511.82,30541.31,30325.17,30416.69,30416.69,10088151
2015-06-12,30416.69,30647.87,30380.07,30606.6,30606.6,7938516
2015-06-15,30606.6,30682.06,30397.85,30516.24,30516.24,7861950
2015-06-16,30516.24,30549.74,30086.84,30156.6,30156.6,8841889
2015-06-17,30156.6,30352.51,30034.31,30352.51,30352.51,5250832
2015-06-18,30352.51,30378.29,30148.35,30356.1,30356.1,4961769
2015-06-19,30356.1,30378.26,30191.24,30363.29,30363.29,18804040
2015-06-22,30363.29,30398.96,30142.24,30261.37,30261.37,10445879
2015-06-23,30261.37,30261.37,29654.33,29971.4,29971.4,19913008
2015-06-24,29971.4,30011.31,29600.1,29873.71,29873.71,30699074
2015-06-25,29873.71,29875.93,29607.75,29744.22,29744.22,12568112
2015-06-26,29744.22,29876.06,29533.26,29857.05,29857.05,20518740
2015-06-29,29857.05,29857.05,29153.72,29578.38,29578.38,11853490
2015-06-30,29578.38,29672.05,29369.97,29647.34,29647.34,14990680
2015-07-01,29647.34,29969.85,29647.34,29910.74,29910.74,11041834
2015-07-02,29910.74,30009.19,29827.25,29878.17,29878.17,15085638
2015-07-03,29878.17,29972.98,29762.07,29946.03,29946.03,4315319
2015-07-06,29946.03,29946.03,29488.24,29744.88,29744.88,3700498
2015-07-07,29744.88,29744.88,29382.54,29625.2,29625.2,10876284
2015-07-08,29625.2,29711.44,29388.72,29391.31,29391.31,16504626
2015-07-09,29391.31,29637.14,29372.27,29615.58,29615.58,24066534
2015-07-10,29615.58,29877.22,29427.84,29861.05,29861.05,6786408
2015-07-13,29861.05,30192.81,29861.05,30172.13,30172.13,7923957
2015-07-14,30172.13,30332.51,30172.13,30332.51,30332.51,10768572
2015-07-15,30332.51,30886.53,30293.95,30865.61,30865.61,32969540
2015-07-16,30865.61,31431.93,30843.51,31426.54,31426.54,23047992
2015-07-17,31426.54,31809.37,31200.86,31677.28,31677.28,30567316
2015-07-20,31677.28,31875.11,31614.33,31788.89,31788.89,18446240
2015-07-21,31788.89,31810.58,31413.19,31598.38,31598.38,11050478
2015-07-22,31598.38,31701.23,31313.59,31685.3,31685.3,6172307
2015-07-23,31685.3,31781.18,31517.73,31781.18,31781.18,21193664
2015-07-24,31781.18,31870.93,31611.11,31861.26,31861.26,8041052
2015-07-27,31861.26,31861.26,31470.85,31690.51,31690.51,3889953
2015-07-28,31690.51,31835.62,31488.84,31812.85,31812.85,6209239
2015-07-29,31812.85,31952.92,31749.55,31870.48,31870.48,7310460
2015-07-30,31870.48,31985.76,31754.31,31984.56,31984.56,12253913
2015-07-31,31984.56,32042.61,31592.89,32034.86,32034.86,3918621
2015-08-03,32034.86,32046.26,31796.09,31929.27,31929.27,4010608
2015-08-04,31929.27,32316.07,31830.27,32300.27,32300.27,10118730
2015-08-05,32300.27,32565.66,32207.69,32518.12,32518.12,6795802
2015-08-06,32518.12,32685.3,32465.82,32659.86,32659.86,2224893
2015-08-07,32659.86,32689.33,32505.19,32523.8,32523.8,3141725
2015-08-10,32523.8,32644.04,32435.43,32594.99,32594.99,4422508
2015-08-11,32594.99,32689.28,32476.09,32561.79,32561.79,7257093
2015-08-12,32561.79,32590.62,31909.45,32047.89,32047.89,17320412
2015-08-13,32047.89,32300.18,31770.47,32300.18,32300.18,7144454
2015-08-14,32300.18,32501.46,32227.38,32435.8,32435.8,3366660
2015-08-17,32435.8,32574.32,32185.99,32309.9,32309.9,4871081
2015-08-18,32309.9,32391.43,32089.03,32351.19,32351.19,1369812
2015-08-19,32351.19,32370.4,32088.14,32166.39,32166.39,4906099
2015-08-20,32166.39,32274.19,31748.92,31788.97,31788.97,3169626
2015-08-21,31788.97,31788.97,31201.79,31359.43,31359.43,8525216
2015-08-24,31359.43,31359.43,27976.13,29273.08,29273.08,38851992
2015-08-25,29273.08,30463.6,28402.45,30463.6,30463.6,20719628
2015-08-26,30463.6,30463.6,29907.87,30312.29,30312.29,3995821
2015-08-27,30312.29,30502.7,29807.21,30335.46,30335.46,14595209
2015-08-28,30335.46,30511.87,29578.17,30118.82,30118.82,5513300
2015-08-31,30118.82,30208.93,29914.14,30198.84,30198.84,1081490
2015-09-01,30198.84,30203.24,29686.65,30078.24,30078.24,5188378
2015-09-02,30078.24,30210.78,29893.7,30194.61,30194.61,2705832
2015-09-03,30194.61,30338.48,30029.66,30229.46,30229.46,3212067
2015-09-04,30229.46,30291.99,29863.87,29962.55,29962.55,1774088
2015-09-07,29962.55,29994.89,29562.68,29873.96,29873.96,1297444
2015-09-08,29873.96,30108.81,29650.47,30077.51,30077.51,2434420
2015-09-09,30077.51,30731.75,30077.51,30616.31,30616.31,16850760
2015-09-10,30616.31,30669.43,30324.49,30538.73,30538.73,8773116
2015-09-11,30538.73,30559.12,30264.3,30470.01,30470.01,2866471
2015-09-14,30470.01,30569.1,30225.58,30364.48,30364.48,8386023
2015-09-15,30364.48,30441.96,30170.12,30246.03,30246.03,1978944
2015-09-16,30246.03,30469.29,30130.43,30297.38,30297.38,2024205
2015-09-17,30297.38,30413.19,30229.22,30343.6,30343.6,9980061
2015-09-18,30343.6,30514.35,30018.75,30064.68,30064.68,5070582
2015-09-21,30064.68,30419.41,29873.06,30395.89,30395.89,4796869
2015-09-22,30395.89,30495.83,29881.17,30082.65,30082.65,6058273
2015-09-23,30082.65,30316.81,30012.36,30300.32,30300.32,8005415
2015-09-24,30300.32,30408.46,30149.85,30347.34,30347.34,12827376
2015-09-25,30347.34,30686.54,30347.34,30678.43,30678.43,12257615
2015-09-28,30678.43,30724.92,30524.67,30641.2,30641.2,6195721
2015-09-29,30641.2,30641.2,30285.76,30416.91,30416.91,11253989
2015-09-30,30416.91,30536.7,30231.5,30536.7,30536.7,5639540
2015-10-01,30536.7,30564.52,30247.0,30473.27,30473.27,12856214
2015-10-02,30473.27,30550.91,30219.49,30511.5,30511.5,4708861
2015-10-05,30511.5,30678.35,30431.78,30489.35,30489.35,5129901
2015-10-06,30489.35,30613.38,30277.26,30436.23,30436.23,4677769
2015-10-07,30436.23,30459.4,30256.61,30403.97,30403.97,4166562
2015-10-08,30403.97,30489.67,30261.55,30355.33,30355.33,5763107
2015-10-09,30355.33,30600.45,30314.12,30548.31,30548.31,8867588
2015-10-12,30548.31,30688.15,30244.96,30301.23,30301.23,14313289
2015-10-13,30301.23,30415.77,30100.35,30384.53,30384.53,6048397
2015-10-14,30384.53,30442.68,30202.84,30299.07,30299.07,2375760
2015-10-15,30299.07,30408.09,30175.66,30270.57,30270.57,2927428
2015-10-16,30270.57,30375.78,30186.85,30283.19,30283.19,5194851
2015-10-19,30283.19,30405.48,30165.51,30239.26,30239.26,11252001
2015-10-20,30239.26,30313.78,29814.01,29946.2,29946.2,6391243
2015-10-21,29946.2,30068.22,29858.74,30019.39,30019.39,13895554
2015-10-22,30019.39,30206.2,29870.47,30120.83,30120.83,25084116
2015-10-23,30120.83,30636.61,30120.83,30612.71,30612.71,80957160
2015-10-26,30612.71,30627.63,30337.38,30540.9,30540.9,9113781
2015-10-27,30540.9,30592.19,30242.57,30344.71,30344.71,17782966
2015-10-28,30344.71,30578.54,30210.46,30578.54,30578.54,7385278
2015-10-29,30578.54,30762.27,30419.14,30762.27,30762.27,15644346
2015-10-30,30762.27,30910.98,30570.89,30758.73,30758.73,27130140
2015-11-02,30758.73,30984.5,30627.16,30884.02,30884.02,10044267
2015-11-03,30884.02,31285.67,30869.51,31277.03,31277.03,21480876
2015-11-04,31277.03,31419.57,30995.82,31215.56,31215.56,23926468
2015-11-05,31215.56,31311.61,30962.15,31046.67,31046.67,13213301
2015-11-06,31046.67,31171.93,30988.48,31107.19,31107.19,16281318
2015-11-09,31107.19,31145.5,30703.55,30857.37,30857.37,14189704
2015-11-10,30857.37,30946.77,30601.95,30772.19,30772.19,5879429
2015-11-11,30772.19,30902.44,30690.79,30780.99,30780.99,6138200
2015-11-12,30780.99,30854.84,30637.62,30817.46,30817.46,8510671
2015-11-13,30817.46,30946.65,30665.39,30709.18,30709.18,10590552
2015-11-16,30709.18,30933.75,30566.52,30812.67,30812.67,9536747
2015-11-17,30812.67,30933.13,30585.29,30839.97,30839.97,8153820
2015-11-18,30839.97,30870.39,30606.12,30686.73,30686.73,3213028
2015-11-19,30686.73,30801.09,30616.2,30765.72,30765.72,21323800
2015-11-20,30765.72,30794.41,30607.05,30694.6,30694.6,2167214
2015-11-23,30694.6,30806.22,30638.31,30702.21,30702.21,3650932
2015-11-24,30702.21,30736.65,30248.32,30417.3,30417.3,6722074
2015-11-25,30417.3,30545.2,30292.26,30302.93,30302.93,11810133
2015-11-26,30302.93,30484.55,30262.6,30327.12,30327.12,6986629
2015-11-27,30327.12,30431.41,30275.57,30380.97,30380.97,767819
2015-12-02,30380.97,30458.42,30173.42,30255.33,30255.33,7888601
2015-12-03,30255.33,30309.85,30092.24,30147.41,30147.41,13928826
2015-12-04,30147.41,30262.73,29991.06,30162.95,30162.95,4812473
2015-12-07,30162.95,30263.94,30026.01,30219.93,30219.93,20306940
2015-12-08,30219.93,30265.29,30025.55,30265.29,30265.29,3558795
2015-12-09,30265.29,30346.32,30131.82,30329.33,30329.33,5748623
2015-12-10,30329.33,30340.81,30074.81,30285.91,30285.91,10062440
2015-12-11,30285.91,30297.39,29877.28,29926.22,29926.22,8378706
2015-12-14,29926.22,29975.07,29630.77,29740.93,29740.93,8121455
2015-12-15,29740.93,29828.44,29606.46,29717.47,29717.47,19242728
2015-12-16,29717.47,29890.8,29588.25,29879.32,29879.32,7982013
2015-12-17,29879.32,30024.72,29785.39,29938.71,29938.71,14242454
2015-12-18,29938.71,29984.63,29733.13,29912.01,29912.01,6415708
2015-12-21,29912.01,30067.31,29774.27,30047.7,30047.7,6702348
2015-12-22,30047.7,30155.08,29851.24,30138.64,30138.64,9827288
2015-12-23,30138.64,30217.72,29977.45,30147.32,30147.32,1400234
2015-12-28,30147.32,30147.32,29843.72,30029.42,30029.42,1472998
2015-12-29,30029.42,30142.43,29903.87,30054.87,30054.87,3656021
2015-12-30,30054.87,30336.14,29941.98,30276.49,30276.49,5737723
2016-01-04,30276.49,30276.49,29883.12,30007.31,30007.31,2577824
2016-01-05,30007.31,30166.97,29938.83,30112.38,30112.38,7055912
2016-01-06,30112.38,30197.1,29958.17,29994.29,29994.29,2956262
2016-01-07,29994.29,30032.81,29450.24,29649.69,29649.69,14666467
2016-01-08,29649.69,29854.89,29382.19,29591.69,29591.69,26711648
2016-01-11,29591.69,29607.57,28877.66,29029.17,29029.17,9702544
2016-01-12,29029.17,29103.99,28606.36,28846.66,28846.66,11977498
2016-01-13,28846.66,29063.8,28707.94,28851.25,28851.25,8113562
2016-01-14,28851.25,28917.85,27778.44,28076.56,28076.56,43282920
2016-01-15,28076.56,28435.02,27075.46,27481.02,27481.02,13951014
2016-01-18,27481.02,27633.88,25956.87,26154.71,26154.71,12189263
2016-01-19,26154.71,26922.24,26154.71,26752.58,26752.58,7113244
2016-01-20,26752.58,26752.58,25563.8,25863.23,25863.23,8051430
2016-01-21,25863.23,26493.28,25614.69,26453.42,26453.42,7121508
2016-01-22,26453.42,27457.78,26453.42,27419.83,27419.83,5260092
2016-01-25,27419.83,27594.28,27193.42,27254.55,27254.55,6999371
2016-01-26,27254.55,27265.81,26532.69,27230.53,27230.53,7900470
2016-01-27,27230.53,27626.8,27220.37,27551.22,27551.22,3635417
2016-01-28,27551.22,27742.01,27369.62,27546.02,27546.02,5506076
2016-01-29,27546.02,27800.38,27517.53,27764.6,27764.6,4817903
2016-02-01,27764.6,28054.04,27452.37,27982.6,27982.6,10307099
2016-02-02,27982.6,28159.45,27897.53,28049.72,28049.72,10502171
2016-02-03,28049.72,28368.49,27887.84,28212.53,28212.53,16704798
2016-02-04,28212.53,28422.14,28178.87,28321.86,28321.86,24723666
2016-02-05,28321.86,28401.97,28196.96,28329.51,28329.51,11504203
2016-02-08,28329.51,28396.36,27532.91,27595.84,27595.84,4732349
2016-02-09,27595.84,27784.5,27042.95,27135.35,27135.35,16132122
2016-02-10,27135.35,27458.08,27012.5,27043.15,27043.15,3536031
2016-02-11,27043.15,27117.93,26259.23,26471.36,26471.36,5663737
2016-02-12,26471.36,26732.61,26405.44,26604.53,26604.53,1115048
2016-02-15,26604.53,27040.1,26567.59,26730.45,26730.45,1146668
2016-02-16,26730.45,26954.03,26469.03,26571.88,26571.88,6936547
2016-02-17,26571.88,26906.13,26475.84,26853.15,26853.15,10513042
2016-02-18,26853.15,26991.48,26699.13,26748.98,26748.98,9067925
2016-02-19,26748.98,26868.2,26622.03,26775.07,26775.07,6810214
2016-02-22,26775.07,26950.06,26696.67,26868.7,26868.7,6907487
2016-02-23,26868.7,26945.37,26702.37,26894.96,26894.96,7643995
2016-02-24,26894.96,27057.83,26625.56,26825.73,26825.73,6529777
2016-02-25,26825.73,27055.33,26682.47,27037.87,27037.87,12930136
2016-02-26,27037.87,27368.76,27037.87,27325.36,27325.36,8123520
2016-02-29,27325.36,27402.16,27118.87,27255.45,27255.45,8597050
2016-03-01,27255.45,27798.96,27175.24,27709.39,27709.39,9797745
2016-03-02,27709.39,27964.52,27450.9,27836.95,27836.95,8033599
2016-03-03,27836.95,28083.65,27770.62,28083.65,28083.65,12141687
2016-03-04,28083.65,28103.16,27873.91,27993.59,27993.59,13024617
2016-03-07,27993.59,28051.63,27761.92,27957.63,27957.63,6366847
2016-03-08,27957.63,28008.98,27764.04,27872.75,27872.75,19531936
2016-03-09,27872.75,28096.26,27812.34,28053.09,28053.09,6561836
2016-03-10,28053.09,28221.08,28044.91,28157.55,28157.55,6124369
2016-03-11,28157.55,28299.35,28059.27,28104.44,28104.44,14025045
2016-03-14,28104.44,28396.18,28104.44,28384.98,28384.98,9432628
2016-03-15,28384.98,28402.44,28084.2,28234.9,28234.9,6163884
2016-03-16,28234.9,28435.03,28075.83,28435.03,28435.03,2026452
2016-03-17,28435.03,28668.97,28332.52,28476.17,28476.17,6486010
2016-03-18,28476.17,28729.81,28341.96,28726.68,28726.68,9942950
2016-03-21,28726.68,28767.62,27916.15,28411.55,28411.55,7157522
2016-03-22,28411.55,28498.73,28249.42,28444.63,28444.63,4037074
2016-03-23,28444.63,28475.9,28218.81,28336.09,28336.09,5041973
2016-03-24,28336.09,28378.24,28029.94,28221.53,28221.53,4551133
2016-03-25,28221.53,28342.39,28061.12,28342.39,28342.39,1283331
2016-03-28,28342.39,28386.23,28093.14,28288.53,28288.53,508470
2016-03-29,28288.53,28310.92,27906.41,28001.41,28001.41,5973525
2016-03-30,28001.41,28177.98,27856.65,27959.52,27959.52,18851028
2016-03-31,27959.52,28189.05,27842.91,28104.67,28104.67,3178133
2016-04-01,28104.67,28104.67,27778.21,27962.97,27962.97,5520096
2016-04-04,27962.97,28035.7,27862.94,28002.69,28002.69,3371549
2016-04-05,28002.69,28008.58,27750.96,27912.43,27912.43,3289257
2016-04-06,27912.43,28005.84,27773.47,27860.75,27860.75,21569764
2016-04-07,27860.75,28030.81,27736.23,27947.13,27947.13,1132563
2016-04-08,27947.13,28024.65,27752.3,27924.9,27924.9,1658676
2016-04-11,27924.9,27980.46,27732.86,27905.5,27905.5,6009044
2016-04-12,27905.5,27956.63,27695.51,27833.08,27833.08,8287040
2016-04-13,27833.08,27896.01,27738.61,27872.99,27872.99,13504028
2016-04-14,27872.99,27913.22,27718.67,27894.24,27894.24,10455925
2016-04-15,27894.24,27961.81,27654.76,27838.26,27838.26,3009166
2016-04-18,27838.26,27838.26,27595.89,27724.51,27724.51,948946
2016-04-19,27724.51,27796.31,27622.33,27774.25,27774.25,4055690
2016-04-20,27774.25,27784.81,27350.37,27417.62,27417.62,9953869
2016-04-21,27417.62,27499.95,27215.84,27240.2,27240.2,6163844
2016-04-22,27240.2,27383.06,27227.73,27357.33,27357.33,5124951
2016-04-25,27357.33,27390.91,27089.98,27305.34,27305.34,2989382
2016-04-26,27305.34,27373.18,26911.01,26963.18,26963.18,9215740
2016-04-27,26963.18,27050.32,26670.63,26860.34,26860.34,3392358
2016-04-28,26860.34,26905.91,26619.77,26713.01,26713.01,1704834
2016-04-29,26713.01,26963.98,26434.15,26691.72,26691.72,3222039
2016-05-03,26691.72,26837.56,26184.25,26301.02,26301.02,10885597
2016-05-04,26301.02,26411.65,25901.08,26099.88,26099.88,7055840
2016-05-05,26099.88,26207.38,25919.5,26157.54,26157.54,3535210
2016-05-06,26157.54,26318.6,25907.77,25927.43,25927.43,3746830
2016-05-09,25927.43,26086.81,25698.7,25799.33,25799.33,5107124
2016-05-10,25799.33,25937.84,25699.95,25760.95,25760.95,52107000
2016-05-11,25760.95,25802.85,25552.54,25650.28,25650.28,9083284
2016-05-12,25650.28,25809.2,25509.76,25639.35,25639.35,3590166
2016-05-13,25639.35,25759.2,25369.55,25569.12,25569.12,6729591
2016-05-16,25569.12,25666.0,25313.3,25535.41,25535.41,2770810
2016-05-17,25535.41,25616.27,25328.24,25437.82,25437.82,8091171
2016-05-18,25437.82,25475.14,25059.15,25457.54,25457.54,4981864
2016-05-19,25457.54,25469.68,25057.75,25258.0,25258.0,7260757
2016-05-20,25258.0,25452.51,25149.37,25173.81,25173.81,8835492
2016-05-23,25173.81,25348.36,25145.16,25338.4,25338.4,1368746
2016-05-24,25338.4,25409.28,25095.46,25409.28,25409.28,9747812
2016-05-25,25409.28,25484.07,25124.85,25200.17,25200.17,2509950
2016-05-26,25200.17,25278.99,25066.5,25226.05,25226.05,2647752
2016-05-27,25226.05,25303.44,25154.52,25172.73,25172.73,1417980
2016-05-30,25172.73,25579.72,25172.73,25553.62,25553.62,4938106
2016-05-31,25553.62,25986.69,25509.4,25986.69,25986.69,6673196
2016-06-01,25986.69,26061.95,25806.69,26049.33,26049.33,5888717
2016-06-02,26049.33,26440.46,26049.33,26337.16,26337.16,17588360
2016-06-03,26337.16,26346.44,25791.99,26140.48,26140.48,12239623
2016-06-06,26140.48,26297.75,26030.28,26204.17,26204.17,10591000
2016-06-07,26204.17,26227.16,25921.16,26227.16,26227.16,3453574
2016-06-08,26227.16,26314.38,26102.64,26291.92,26291.92,5695063
2016-06-09,26291.92,26291.92,25932.61,26002.04,26002.04,5598712
2016-06-10,26002.04,26228.39,25477.92,25657.92,25657.92,5095315
2016-06-13,25657.92,25835.56,25263.1,25552.84,25552.84,1342438
2016-06-14,25552.84,25710.72,25333.79,25515.76,25515.76,1249538
2016-06-15,25515.76,25773.1,25483.67,25727.82,25727.82,3125396
2016-06-16,25727.82,25813.15,25429.74,25520.08,25520.08,2384088
2016-06-17,25520.08,25687.34,25232.4,25624.9,25624.9,2992495
2016-06-21,25624.9,26102.54,25624.9,25904.03,25904.03,8930726
2016-06-22,25904.03,26105.56,25890.43,26080.77,26080.77,16169653
2016-06-23,26080.77,26173.74,25927.61,26066.39,26066.39,2100297
2016-06-24,26066.39,26066.39,24016.66,25286.77,25286.77,29878668
2016-06-27,25286.77,25602.25,25064.49,25275.71,25275.71,3727609
2016-06-28,25275.71,26147.05,25275.71,26142.54,26142.54,9114053
2016-06-29,26142.54,26469.52,26125.63,26469.52,26469.52,3975967
2016-06-30,26469.52,26639.03,26330.56,26639.03,26639.03,6920638
2016-07-01,26639.03,26773.38,26492.12,26614.62,26614.62,2477397
2016-07-04,26614.62,27128.45,26508.67,27105.51,27105.51,6120622
2016-07-05,27105.51,27346.84,26859.05,27297.27,27297.27,12311189
2016-07-06,27297.27,27353.47,26905.09,27096.51,27096.51,3277159
2016-07-07,27096.51,27279.35,26967.19,27268.52,27268.52,4159755
2016-07-08,27268.52,27404.19,27076.45,27375.16,27375.16,4523196
2016-07-11,27375.16,27959.7,27375.16,27959.7,27959.7,2702044
2016-07-12,27959.7,28101.87,27538.05,27544.41,27544.41,4339950
2016-07-13,27544.41,27672.64,27200.08,27418.33,27418.33,6367030
2016-07-14,27418.33,27709.03,27330.02,27517.29,27517.29,26487820
2016-07-15,27517.29,27694.1,27465.51,27694.1,27694.1,6055414
2016-07-18,27694.1,27837.08,27593.19,27814.85,27814.85,6622147
2016-07-19,27814.85,27878.35,27695.11,27790.82,27790.82,5958054
2016-07-20,27790.82,27967.03,27664.8,27937.33,27937.33,7037024
2016-07-21,27937.33,28028.34,27822.26,27878.14,27878.14,4151548
2016-07-22,27878.14,28041.39,27820.87,27962.25,27962.25,3906110
2016-07-25,27962.25,27987.52,27721.97,27827.24,27827.24,6218587
2016-07-26,27827.24,27930.27,27767.35,27890.57,27890.57,4395813
2016-07-27,27890.57,28153.94,27890.57,28133.69,28133.69,5540056
2016-07-28,28133.69,28268.69,27945.77,28186.58,28186.58,8811266
2016-07-29,28186.58,28335.63,28089.3,28291.2,28291.2,3926367
2016-08-01,28291.2,28354.15,28137.25,28242.6,28242.6,1288087
2016-08-02,28242.6,28288.16,27997.24,28076.21,28076.21,1515338
2016-08-03,28076.21,28177.84,27841.55,28059.95,28059.95,1528285
2016-08-04,28059.95,28167.29,28006.55,28144.47,28144.47,3684182
2016-08-05,28144.47,28270.83,27976.16,28229.02,28229.02,3294551
2016-08-08,28229.02,28345.57,28130.39,28224.85,28224.85,1901994
2016-08-09,28224.85,28358.32,28117.92,28315.0,28315.0,1971711
2016-08-10,28315.0,28393.35,28127.55,28393.35,28393.35,2548098
2016-08-11,28393.35,28414.0,28241.62,28414.0,28414.0,2952627
2016-08-12,28414.0,28414.0,28226.12,28325.68,28325.68,909799
2016-08-16,28325.68,28579.01,28294.45,28568.18,28568.18,10087850
2016-08-17,28568.18,28568.18,28220.87,28361.75,28361.75,4833002
2016-08-18,28361.75,28553.77,28250.6,28524.02,28524.02,3156237
2016-08-19,28524.02,28604.47,28449.27,28566.42,28566.42,1128331
2016-08-22,28566.42,28629.23,28385.35,28495.18,28495.18,2709285
2016-08-23,28495.18,28538.05,28340.61,28507.22,28507.22,2538241
2016-08-24,28507.22,28746.06,28507.22,28746.06,28746.06,5488178
2016-08-25,28746.06,28868.75,28685.95,28868.75,28868.75,8468746
2016-08-26,28868.75,28961.24,28733.26,28961.24,28961.24,3838696
2016-08-29,28961.24,29028.24,28831.07,29017.41,29017.41,2899545
2016-08-30,29017.41,29240.79,28923.85,29240.79,29240.79,2299451
2016-08-31,29240.79,29406.39,29149.36,29406.39,29406.39,11960744
2016-09-01,29406.39,29450.81,29276.85,29431.65,29431.65,2292633
2016-09-02,29431.65,29438.02,29311.99,29398.67,29398.67,3852523
2016-09-05,29398.67,29465.68,29313.71,29437.92,29437.92,9945164
2016-09-06,29437.92,29443.54,29313.92,29313.92,29313.92,8070426
2016-09-07,29313.92,29561.05,29313.92,29561.05,29561.05,5295246
2016-09-08,29561.05,29722.01,29447.97,29581.17,29581.17,31080820
2016-09-09,29581.17,29581.17,28994.64,29173.27,29173.27,18932812
2016-09-12,29173.27,29221.46,28767.61,28890.87,28890.87,32273314
2016-09-13,28890.87,29101.94,28870.57,29094.97,29094.97,3822165
2016-09-14,29094.97,29139.64,28894.57,29007.25,29007.25,2115230
2016-09-15,29007.25,29053.54,28852.83,29053.54,29053.54,6572225
2016-09-16,29053.54,29074.66,28935.54,29022.49,29022.49,10726089
2016-09-19,29022.49,29149.63,28930.35,29149.63,29149.63,19034072
2016-09-20,29149.63,29253.38,29075.3,29240.32,29240.32,9009342
2016-09-21,29240.32,29298.74,29099.4,29232.04,29232.04,11324396
2016-09-22,29232.04,29329.19,29144.68,29309.62,29309.62,13674087
2016-09-23,29309.62,29324.36,29105.25,29276.09,29276.09,22782464
2016-09-26,29276.09,29312.55,29030.58,29155.01,29155.01,5510682
2016-09-27,29155.01,29236.58,28942.56,29145.19,29145.19,6014697
2016-09-28,29145.19,29209.44,28988.35,29085.28,29085.28,10758359
2016-09-29,29085.28,29213.84,28996.01,29151.44,29151.44,8539388
2016-09-30,29151.44,29178.35,28973.99,29094.71,29094.71,2513541
2016-10-03,29094.71,29248.74,28972.68,29226.57,29226.57,3958472
2016-10-04,29226.57,29382.89,29079.54,29382.89,29382.89,15330533
2016-10-05,29382.89,29382.89,28848.74,29111.73,29111.73,4517346
2016-10-06,29111.73,29111.73,28871.12,29023.38,29023.38,3717392
2016-10-07,29023.38,29033.9,28826.45,28913.91,28913.91,4523199
2016-10-10,28913.91,28969.0,28727.42,28884.59,28884.59,4844841
2016-10-11,28884.59,28896.46,28725.63,28814.88,28814.88,3358189
2016-10-12,28814.88,28837.55,28655.56,28805.4,28805.4,3510853
2016-10-13,28805.4,28805.4,28506.9,28717.9,28717.9,5101140
2016-10-14,28717.9,28788.51,28530.83,28766.34,28766.34,9901301
2016-10-17,28766.34,28845.27,28630.42,28786.41,28786.41,1623445
2016-10-18,28786.41,28913.87,28613.1,28877.31,28877.31,4218748
2016-10-19,28877.31,28942.42,28788.75,28942.42,28942.42,3260770
2016-10-20,28942.42,28969.77,28809.04,28866.28,28866.28,6939913
2016-10-21,28866.28,28910.46,28721.61,28902.98,28902.98,6293577
2016-10-24,28902.98,28914.85,28713.14,28812.85,28812.85,9131509
2016-10-25,28812.85,28866.25,28636.75,28723.09,28723.09,2598492
2016-10-26,28723.09,28752.56,28582.15,28645.2,28645.2,11627137
2016-10-27,28645.2,28766.44,28565.02,28746.38,28746.38,21320496
2016-10-28,28746.38,28867.45,28651.65,28826.36,28826.36,15977106
2016-10-31,28826.36,28865.1,28647.21,28693.21,28693.21,3945197
2016-11-01,28693.21,28807.19,28631.98,28738.42,28738.42,23386300
2016-11-02,28738.42,28738.42,28441.95,28604.23,28604.23,5221964
2016-11-03,28604.23,28679.74,28427.0,28679.74,28679.74,5366518
2016-11-04,28679.74,28696.79,28411.79,28540.02,28540.02,3565559
2016-11-07,28540.02,28597.76,28419.8,28487.69,28487.69,4906244
2016-11-08,28487.69,28573.02,28362.38,28463.89,28463.89,2895282
2016-11-09,28463.89,28515.76,27917.5,28493.26,28493.26,23327364
2016-11-10,28493.26,28810.5,28493.26,28698.84,28698.84,5656995
2016-11-11,28698.84,28870.19,28630.63,28827.81,28827.81,3044480
2016-11-14,28827.81,28940.9,28658.01,28820.94,28820.94,4013641
2016-11-15,28820.94,29102.24,28820.94,28941.21,28941.21,2627854
2016-11-16,28941.21,29011.37,28777.89,28898.59,28898.59,3625948
2016-11-17,28898.59,29045.05,28790.75,28898.27,28898.27,1966808
2016-11-18,28898.27,28929.61,28779.62,28877.22,28877.22,874937
2016-11-21,28877.22,28947.12,28758.56,28831.86,28831.86,4665402
2016-11-22,28831.86,28940.93,28718.59,28849.43,28849.43,3538489
2016-11-23,28849.43,28971.21,28632.24,28723.84,28723.84,6385924
2016-11-24,28723.84,28828.86,28524.97,28586.12,28586.12,2200701
2016-11-25,28586.12,28665.91,28483.68,28638.83,28638.83,6623777
2016-11-28,28638.83,28706.49,28450.47,28561.85,28561.85,5803622
2016-11-29,28561.85,28755.08,28561.85,28755.08,28755.08,5502303
2016-12-02,28755.08,29094.03,28711.84,29072.57,29072.57,36898568
2016-12-05,29072.57,29072.57,28870.39,29015.09,29015.09,1492272
2016-12-06,29015.09,29050.94,28788.08,28851.02,28851.02,8967583
2016-12-07,28851.02,29192.89,28812.86,29172.74,29172.74,18118074
2016-12-08,29172.74,29217.9,29034.67,29112.98,29112.98,2519137
2016-12-09,29112.98,29146.48,28977.2,29085.71,29085.71,773034
2016-12-12,29085.71,29189.06,29006.06,29031.81,29031.81,7379429
2016-12-13,29031.81,29111.26,28968.95,29020.17,29020.17,4478777
2016-12-14,29020.17,29116.1,28951.72,28961.63,28961.63,9283562
2016-12-15,28961.63,29095.86,28927.46,29057.52,29057.52,11344141
2016-12-16,29057.52,29213.49,29032.44,29152.14,29152.14,8732898
2016-12-19,29152.14,29241.37,29025.78,29112.94,29112.94,2102267
2016-12-20,29112.94,29210.97,28977.07,29077.96,29077.96,5035997
2016-12-21,29077.96,29138.62,28968.18,29038.93,29038.93,3612094
2016-12-22,29038.93,29175.11,28978.96,29169.52,29169.52,9029080
2016-12-23,29169.52,29432.74,29126.4,29274.01,29274.01,3412705
2016-12-27,29274.01,29411.77,29159.98,29328.11,29328.11,1289864
2016-12-28,29328.11,29396.87,29148.67,29301.03,29301.03,1375191
2016-12-29,29301.03,29594.4,29170.46,29561.53,29561.53,2966661
2016-12-30,29561.53,29710.63,29402.82,29710.63,29710.63,4688813
2017-01-03,29710.63,30078.78,29465.88,30078.78,30078.78,8036428
2017-01-04,30078.78,30702.95,30040.67,30593.59,30593.59,19985382
2017-01-05,30593.59,30783.08,30413.76,30580.84,30580.84,13294749
2017-01-06,30580.84,30628.2,30411.88,30528.66,30528.66,12592807
2017-01-09,30528.66,30716.33,30518.66,30689.85,30689.85,7478233
2017-01-10,30689.85,30820.41,30534.86,30671.62,30671.62,7974420
2017-01-11,30671.62,30772.6,30534.03,30744.3,30744.3,9387043
2017-01-12,30744.3,30850.26,30460.05,30466.38,30466.38,18484932
2017-01-13,30466.38,30679.89,30299.85,30511.68,30511.68,4567754
2017-01-16,30511.68,30673.58,30271.15,30556.12,30556.12,10531409
2017-01-17,30556.12,30556.12,30299.69,30535.34,30535.34,2605020
2017-01-18,30535.34,30726.28,30505.25,30609.95,30609.95,8581566
2017-01-19,30609.95,30872.94,30445.9,30833.77,30833.77,7028408
2017-01-20,30833.77,30913.33,30621.65,30880.02,30880.02,3978518
2017-01-23,30880.02,30915.03,30571.79,30782.95,30782.95,4155983
2017-01-25,30782.95,31035.42,30721.43,31024.87,31024.87,3669881
2017-01-26,31024.87,31169.87,30917.97,31062.6,31062.6,4472533
2017-01-27,31062.6,31499.6,31043.73,31477.64,31477.64,23242276
2017-01-30,31477.64,31533.07,31338.08,31407.13,31407.13,3635305
2017-01-31,31407.13,31462.16,31258.22,31343.7,31343.7,2514076
2017-02-01,31343.7,31343.7,31054.46,31300.82,31300.82,7321788
2017-02-02,31300.82,31370.16,31047.2,31239.7,31239.7,1572381
2017-02-03,31239.7,31316.39,31075.91,31265.89,31265.89,3338187
2017-02-06,31265.89,31678.84,31220.92,31678.84,31678.84,5023791
2017-02-07,31678.84,31701.82,31368.34,31695.32,31695.32,6925644
2017-02-08,31695.32,31740.89,31470.7,31563.4,31563.4,2258743
2017-02-09,31563.4,31876.1,31413.79,31865.14,31865.14,7458561
2017-02-10,31865.14,32159.22,31774.5,32153.85,32153.85,7127927
2017-02-13,32153.85,32305.67,31897.22,32078.52,32078.52,2610647
2017-02-14,32078.52,32110.28,31672.72,31956.17,31956.17,2903995
2017-02-15,31956.17,32087.35,31766.81,31949.86,31949.86,1936861
2017-02-16,31949.86,31949.86,31634.64,31842.44,31842.44,6465286
2017-02-17,31842.44,31856.92,31396.77,31719.28,31719.28,6216125
2017-02-20,31719.28,31777.56,31564.95,31688.76,31688.76,4443698
2017-02-21,31688.76,31800.58,31566.01,31783.66,31783.66,9275342
2017-02-22,31783.66,32060.26,31744.65,32045.7,32045.7,10266960
2017-02-23,32045.7,32240.17,31880.05,32240.17,32240.17,5611469
2017-02-24,32240.17,32338.73,31865.47,32051.68,32051.68,5122218
2017-02-27,32051.68,32110.1,31631.86,31844.21,31844.21,13670308
2017-02-28,31844.21,32038.22,31726.04,31860.4,31860.4,5745505
2017-03-01,31860.4,32042.43,31826.94,32007.2,32007.2,5301322
2017-03-02,32007.2,32050.87,31649.56,31690.83,31690.83,3642397
2017-03-03,31690.83,31938.34,31621.42,31899.94,31899.94,4374443
2017-03-06,31899.94,31956.23,31252.04,31431.48,31431.48,4302268
2017-03-07,31431.48,31527.25,31268.52,31462.14,31462.14,12752253
2017-03-08,31462.14,31518.97,31295.12,31429.17,31429.17,1403674
2017-03-09,31429.17,31429.17,31171.01,31273.53,31273.53,5441175
2017-03-10,31273.53,31522.27,31227.91,31511.32,31511.32,9037074
2017-03-13,31511.32,31522.28,31269.88,31431.13,31431.13,7023616
2017-03-14,31431.13,31443.8,31219.03,31381.93,31381.93,3154083
2017-03-15,31381.93,31961.94,31271.73,31922.44,31922.44,10629716
2017-03-16,31922.44,32297.03,31767.53,32151.14,32151.14,14196127
2017-03-17,32151.14,32241.79,31798.58,32075.45,32075.45,7520358
2017-03-20,32075.45,32212.74,31819.89,32093.57,32093.57,4170695
2017-03-21,32093.57,32245.06,31952.28,32069.68,32069.68,19506720
2017-03-22,32069.68,32073.61,31741.63,31887.53,31887.53,6922742
2017-03-23,31887.53,32017.66,31651.84,31963.2,31963.2,8901270
2017-03-24,31963.2,32063.22,31726.04,31919.51,31919.51,3307205
2017-03-27,31919.51,31999.77,31681.3,31856.98,31856.98,5575543
2017-03-28,31856.98,31991.54,31563.96,31817.78,31817.78,7975407
2017-03-29,31817.78,31885.61,31574.15,31772.11,31772.11,9076348
2017-03-30,31772.11,31834.94,31627.59,31808.85,31808.85,7739848
2017-03-31,31808.85,31947.46,31558.17,31925.86,31925.86,11751982
2017-04-03,31925.86,32040.93,31710.38,32040.93,32040.93,10960209
2017-04-04,32040.93,32040.93,31794.93,31923.55,31923.55,21907450
2017-04-05,31923.55,31923.55,31723.77,31866.46,31866.46,4631140
2017-04-06,31866.46,31928.65,31639.85,31765.68,31765.68,9194806
2017-04-07,31765.68,31918.82,31645.34,31917.01,31917.01,6563609
2017-04-10,31917.01,31917.01,31692.3,31835.53,31835.53,4731473
2017-04-11,31835.53,31898.04,31609.05,31626.83,31626.83,2318043
2017-04-12,31626.83,31708.97,31492.48,31499.57,31499.57,4932411
2017-04-13,31499.57,31620.08,31335.33,31500.4,31500.4,3274420
2017-04-14,31500.4,31554.06,31398.33,31449.66,31449.66,430924
2017-04-18,31449.66,31552.92,31399.26,31552.92,31552.92,2209777
2017-04-19,31552.92,31596.68,31295.55,31378.08,31378.08,2686159
2017-04-20,31378.08,31506.05,31294.2,31506.05,31506.05,1875508
2017-04-21,31506.05,31533.36,31352.7,31485.75,31485.75,566822
2017-04-24,31485.75,31555.29,31371.56,31497.56,31497.56,2531577
2017-04-25,31497.56,31555.0,31324.26,31538.99,31538.99,7749167
2017-04-26,31538.99,31619.28,31403.07,31619.28,31619.28,9579601
2017-04-27,31619.28,31619.28,31356.36,31442.74,31442.74,9547707
2017-04-28,31442.74,31604.4,31361.14,31604.4,31604.4,5129444
2017-05-02,31604.4,31661.52,31481.4,31579.12,31579.12,12165294
2017-05-03,31579.12,31579.87,31303.74,31379.39,31379.39,3087644
2017-05-04,31379.39,31500.26,31296.05,31426.88,31426.88,5368494
2017-05-05,31426.88,31622.73,31323.0,31604.94,31604.94,6853974
2017-05-08,31604.94,31751.25,31454.85,31729.65,31729.65,1329515
2017-05-09,31729.65,31830.9,31653.46,31830.9,31830.9,3185800
2017-05-10,31830.9,31992.92,31582.02,31890.08,31890.08,5656710
2017-05-11,31890.08,32344.85,31865.92,32130.06,32130.06,8718630
2017-05-12,32130.06,32446.42,32130.06,32396.05,32396.05,7059185
2017-05-15,32396.05,32706.23,32356.48,32663.08,32663.08,10890375
2017-05-16,32663.08,32663.08,32332.84,32379.63,32379.63,10259539
2017-05-17,32379.63,32603.36,32296.04,32563.11,32563.11,5580924
2017-05-18,32563.11,32642.41,32316.57,32487.93,32487.93,6140719
2017-05-19,32487.93,32580.02,32396.71,32546.46,32546.46,6353084
2017-05-22,32546.46,32705.18,32456.27,32678.84,32678.84,9717660
2017-05-23,32678.84,32713.38,32490.84,32653.73,32653.73,3976235
2017-05-24,32653.73,32697.07,32505.97,32661.28,32661.28,5082202
2017-05-25,32661.28,32752.87,32508.9,32705.99,32705.99,17536382
2017-05-26,32705.99,33005.89,32653.61,33005.89,33005.89,6788186
2017-05-29,33005.89,33212.45,32864.19,33144.07,33144.07,6855624
2017-05-30,33144.07,33239.18,33028.31,33108.52,33108.52,2663609
2017-05-31,33108.52,33421.01,33102.52,33308.88,33308.88,9093825
2017-06-06,33308.88,33407.66,33105.8,33337.17,33337.17,2861042
2017-06-07,33337.17,33376.55,32948.53,33266.32,33266.32,19274660
2017-06-08,33266.32,33425.81,33112.85,33385.36,33385.36,17242512
2017-06-09,33385.36,33385.36,32676.98,33012.01,33012.01,10187357
2017-06-12,33012.01,33071.85,32721.89,33027.58,33027.58,6724240
2017-06-13,33027.58,33271.48,32974.3,33229.59,33229.59,15956870
2017-06-14,33229.59,33522.05,33177.24,33427.46,33427.46,17702036
2017-06-15,33427.46,33504.01,33202.23,33337.78,33337.78,7773309
2017-06-16,33337.78,33602.42,33245.47,33584.41,33584.41,8547732
2017-06-19,33584.41,33705.45,33363.82,33437.54,33437.54,11593096
2017-06-20,33437.54,33571.79,33247.44,33571.79,33571.79,6015851
2017-06-21,33571.79,33613.16,33214.37,33491.79,33491.79,5139439
2017-06-22,33491.79,33595.62,33172.52,33220.26,33220.26,1039208
2017-06-23,33220.26,33449.64,33183.11,33385.64,33385.64,8820520
2017-06-26,33385.64,33494.6,33245.35,33453.99,33453.99,13281353
2017-06-27,33453.99,33465.32,33038.38,33145.74,33145.74,3272248
2017-06-28,33145.74,33219.07,32977.58,33101.19,33101.19,1917313
2017-06-29,33101.19,33190.22,32270.16,32309.9,32309.9,16627696
2017-06-30,32309.9,32838.9,32289.57,32482.32,32482.32,11481034
2017-07-03,32482.32,32774.88,32310.13,32607.66,32607.66,2082250
2017-07-04,32607.66,33040.52,32512.95,33040.52,33040.52,5259024
2017-07-05,33040.52,33390.04,33040.52,33349.49,33349.49,6051352
2017-07-06,33349.49,33435.05,33090.48,33316.63,33316.63,10882533
2017-07-07,33316.63,33431.55,33079.8,33357.38,33357.38,2386066
2017-07-10,33357.38,33462.87,33184.29,33319.6,33319.6,4165097
2017-07-11,33319.6,33421.63,33115.37,33421.63,33421.63,11298339
2017-07-12,33421.63,33433.38,33171.06,33372.69,33372.69,2125894
2017-07-13,33372.69,33395.94,33028.69,33239.95,33239.95,3354765
2017-07-14,33239.95,33263.85,33007.82,33097.26,33097.26,3201511
2017-07-17,33097.26,33404.97,33097.26,33288.66,33288.66,4807041
2017-07-18,33288.66,33402.27,33248.61,33402.27,33402.27,3211084
2017-07-19,33402.27,33419.45,33255.3,33370.56,33370.56,3126152
2017-07-20,33370.56,33534.62,33357.45,33488.47,33488.47,10508532
2017-07-21,33488.47,33600.35,33469.56,33529.3,33529.3,39575604
2017-07-24,33529.3,33634.96,33373.46,33535.19,33535.19,5276768
2017-07-25,33535.19,33611.08,33379.48,33577.35,33577.35,5383366
2017-07-26,33577.35,33844.57,33439.83,33656.62,33656.62,4620610
2017-07-27,33656.62,33739.02,33485.97,33665.96,33665.96,2808264
2017-07-28,33665.96,33684.97,33490.75,33584.45,33584.45,5043267
2017-07-31,33584.45,33745.58,33457.39,33712.8,33712.8,11059923
2017-08-01,33712.8,33779.26,33505.88,33682.09,33682.09,2104718
2017-08-02,33682.09,33829.78,33474.03,33618.77,33618.77,5073026
2017-08-03,33618.77,33757.93,33425.44,33692.15,33692.15,2595620
2017-08-04,33692.15,33921.96,33579.12,33785.38,33785.38,4738367
2017-08-07,33785.38,33936.38,33690.53,33850.3,33850.3,2972328
2017-08-08,33850.3,34840.06,33816.15,34812.52,34812.52,8785439
2017-08-09,34812.52,35113.06,34671.3,34973.22,34973.22,6123322
2017-08-10,34973.22,35067.75,34459.64,34705.75,34705.75,2717201
2017-08-11,34705.75,34898.2,34328.1,34583.64,34583.64,3874284
2017-08-14,34583.64,34761.09,34479.23,34712.85,34712.85,1940074
2017-08-16,34712.85,34770.62,34358.08,34616.04,34616.04,2831544
2017-08-17,34616.04,35107.16,34374.74,35062.31,35062.31,9935865
2017-08-18,35062.31,35124.2,34781.25,34879.92,34879.92,10126848
2017-08-21,34879.92,35096.37,34829.45,34955.01,34955.01,5749854
2017-08-22,34955.01,35043.12,34758.37,34996.03,34996.03,10588163
2017-08-23,34996.03,35330.82,34759.96,35330.82,35330.82,9890770
2017-08-24,35330.82,35429.34,35140.25,35322.01,35322.01,5295971
2017-08-25,35322.01,35487.27,35164.07,35472.74,35472.74,2627350
2017-08-28,35472.74,35726.49,35313.22,35711.83,35711.83,2582175
2017-08-29,35711.83,35727.86,35368.59,35594.69,35594.69,4716293
2017-08-30,35594.69,35808.56,35345.19,35729.34,35729.34,3065090
2017-08-31,35729.34,35846.48,35231.96,35739.25,35739.25,19121164
2017-09-01,35739.25,35814.05,35578.62,35711.63,35711.63,12043150
2017-09-04,35711.63,35752.46,35437.27,35733.91,35733.91,2465623
2017-09-05,35733.91,35808.1,35401.17,35678.72,35678.72,5146243
2017-09-06,35678.72,36124.58,35535.16,36060.29,36060.29,6467209
2017-09-07,36060.29,36432.05,36016.93,36188.74,36188.74,5865436
2017-09-08,36188.74,36205.68,35509.25,36201.64,36201.64,15845652
2017-09-11,36201.64,36436.64,35486.63,36436.64,36436.64,13165787
2017-09-12,36436.64,36831.14,36425.49,36690.04,36690.04,7418490
2017-09-13,36690.04,37232.4,36306.62,36990.44,36990.44,16851528
2017-09-14,36990.44,37413.5,36970.23,37338.98,37338.98,8284855
2017-09-15,37338.98,37518.35,37132.48,37312.17,37312.17,5796420
2017-09-18,37312.17,37814.62,37083.83,37814.62,37814.62,5173960
2017-09-19,37814.62,37885.55,37506.08,37710.89,37710.89,4854043
2017-09-20,37710.89,38083.26,37488.32,37874.01,37874.01,3285233
2017-09-21,37874.01,37926.18,37481.75,37683.78,37683.78,6102487
2017-09-22,37683.78,37701.55,37327.8,37449.4,37449.4,3163126
2017-09-25,37449.4,37734.03,37188.03,37450.73,37450.73,25544806
2017-09-26,37450.73,37578.9,37181.86,37445.43,37445.43,18523756
2017-09-27,37445.43,37542.8,37166.78,37398.86,37398.86,5356157
2017-09-28,37398.86,37479.77,37131.19,37420.26,37420.26,4286243
2017-09-29,37420.26,37457.97,37145.14,37413.56,37413.56,16446091
2017-10-02,37413.56,37498.36,37109.33,37391.09,37391.09,6449129
2017-10-03,37391.09,37467.06,37127.98,37173.22,37173.22,1849000
2017-10-04,37173.22,37403.5,36828.91,37141.87,37141.87,7540168
2017-10-05,37141.87,37141.87,36695.39,36833.57,36833.57,3706599
2017-10-06,36833.57,37030.15,36721.19,36919.94,36919.94,5091233
2017-10-09,36919.94,37024.68,36832.52,36883.53,36883.53,4289393
2017-10-10,36883.53,36910.05,36401.92,36560.9,36560.9,6080899
2017-10-11,36560.9,36704.21,36302.6,36392.47,36392.47,7643651
2017-10-12,36392.47,36542.26,36151.91,36377.46,36377.46,3223109
2017-10-13,36377.46,36674.41,36200.4,36674.41,36674.41,9828799
2017-10-16,36674.41,36711.09,36250.85,36650.71,36650.71,8082746
2017-10-17,36650.71,36821.64,36428.94,36717.93,36717.93,11268061
2017-10-18,36717.93,36830.37,36421.06,36764.88,36764.88,5822515
2017-10-19,36764.88,36842.14,36385.38,36610.51,36610.51,13005522
2017-10-20,36610.51,36775.25,36354.33,36549.94,36549.94,2185696
2017-10-23,36549.94,36666.04,36160.94,36331.38,36331.38,2483240
2017-10-24,36331.38,36634.92,36117.26,36506.96,36506.96,7653112
2017-10-25,36506.96,36572.81,36145.36,36432.81,36432.81,1436486
2017-10-26,36432.81,36449.11,36132.16,36425.37,36425.37,17381914
2017-10-27,36425.37,36447.09,36131.71,36423.32,36423.32,3809322
2017-10-30,36423.32,36546.05,36107.05,36373.68,36373.68,3563796
2017-10-31,36373.68,36521.24,36117.97,36494.72,36494.72,8489703
2017-11-01,36494.72,36734.83,36377.81,36729.3,36729.3,3408907
2017-11-02,36729.3,36799.63,36527.41,36728.96,36728.96,3371226
2017-11-03,36728.96,36798.13,36434.02,36696.39,36696.39,4985127
2017-11-06,36696.39,36944.44,36491.91,36890.81,36890.81,6093131
2017-11-07,36890.81,37733.34,36771.38,37628.47,37628.47,15226625
2017-11-08,37628.47,37676.06,37187.17,37611.74,37611.74,4660697
2017-11-09,37611.74,38073.48,37252.9,38067.95,38067.95,3188262
2017-11-10,38067.95,38229.12,37766.68,38077.85,38077.85,4390289
2017-11-13,38077.85,38190.37,37700.9,38111.57,38111.57,2227882
2017-11-14,38111.57,38785.52,37666.23,38645.58,38645.58,8664541
2017-11-15,38645.58,38812.03,38237.39,38315.92,38315.92,575163
2017-11-16,38315.92,38520.85,37710.47,37882.08,37882.08,2609169
2017-11-17,37882.08,38230.31,37617.33,38044.99,38044.99,2363733
2017-11-20,38044.99,38202.28,37619.33,37866.9,37866.9,5160759
2017-11-21,37866.9,39455.19,37793.01,38984.85,38984.85,17953368
2017-11-22,38984.85,39363.05,38622.41,38685.67,38685.67,2890950
2017-11-23,38685.67,38959.7,38171.99,38230.55,38230.55,4008538
2017-11-24,38230.55,38639.99,38079.33,38324.23,38324.23,7818926
2017-11-27,38324.23,38675.16,37970.39,38247.62,38247.62,1448203
2017-11-28,38247.62,38388.39,37804.92,38338.13,38338.13,14130783
2017-11-29,38338.13,38522.57,38097.09,38466.9,38466.9,29965336
2017-12-04,38466.9,38847.63,38233.88,38847.63,38847.63,31058336
2017-12-05,38847.63,39292.7,38566.24,39201.29,39201.29,18284490
2017-12-06,39201.29,39283.78,38738.59,39036.5,39036.5,7976643
2017-12-07,39036.5,39138.78,38657.65,39130.24,39130.24,19241208
2017-12-08,39130.24,39233.92,38764.82,39089.51,39089.51,13060359
2017-12-11,39089.51,39281.79,38809.36,39136.7,39136.7,4845492
2017-12-12,39136.7,39285.79,38738.0,39038.41,39038.41,21964480
2017-12-13,39038.41,39137.01,38157.32,38709.56,38709.56,19127984
2017-12-14,38709.56,38919.36,38335.06,38897.93,38897.93,6115386
2017-12-15,38897.93,39471.96,38746.57,39397.8,39397.8,30369616
2017-12-18,39397.8,39642.26,39300.54,39642.26,39642.26,101330264
2017-12-19,39642.26,39849.3,39359.04,39805.39,39805.39,4643418
2017-12-20,39805.39,39946.74,39647.76,39873.44,39873.44,16700571
2017-12-21,39873.44,39975.6,39609.48,39813.22,39813.22,17439494
2017-12-22,39813.22,39973.21,39635.46,39795.54,39795.54,3279241
2017-12-27,39795.54,39837.05,39508.97,39721.27,39721.27,2548360
2017-12-28,39721.27,39810.62,39514.37,39722.85,39722.85,2984150
2017-12-29,39722.85,39766.18,39347.7,39643.35,39643.35,2618607
2018-01-03,39643.35,40456.89,39516.16,40362.29,40362.29,2206465
2018-01-04,40362.29,40367.55,39931.5,40343.56,40343.56,5137858
2018-01-05,40343.56,40569.12,40248.95,40569.12,40569.12,5961469
2018-01-08,40569.12,40963.51,40492.57,40820.84,40820.84,2048294
2018-01-09,40820.84,41197.12,40752.79,41197.12,41197.12,7410832
2018-01-10,41197.12,41646.01,40938.68,41525.5,41525.5,22061874
2018-01-11,41525.5,41968.24,41525.5,41864.19,41864.19,7303633
2018-01-12,41864.19,42057.11,41447.05,41828.75,41828.75,13741724
2018-01-15,41828.75,41938.49,41455.78,41938.49,41938.49,5611266
2018-01-16,41938.49,42151.56,41406.37,42105.48,42105.48,5927181
2018-01-17,42105.48,42264.64,41767.52,42264.64,42264.64,6557864
2018-01-18,42264.64,42364.75,41884.93,42364.75,42364.75,1346496
2018-01-19,42364.75,42638.42,42144.61,42600.21,42600.21,3607826
2018-01-22,42600.21,42765.99,42258.69,42708.72,42708.72,6477285
2018-01-23,42708.72,43091.73,42638.15,43017.51,43017.51,20610206
2018-01-25,43017.51,43030.72,42615.64,42927.69,42927.69,2232667
2018-01-26,42927.69,42977.08,42661.98,42953.34,42953.34,4696620
2018-01-29,42953.34,43654.4,42736.59,43541.57,43541.57,1010050
2018-01-30,43541.57,43541.57,42724.69,42936.84,42936.84,5618131
2018-01-31,42936.84,43164.97,42243.25,43056.33,43056.33,2384365
2018-02-01,43056.33,43056.33,42321.77,42491.67,42491.67,1859722
2018-02-02,42491.67,42735.93,41932.99,42162.1,42162.1,1531858
2018-02-05,42162.1,42162.1,41253.98,42060.18,42060.18,6391293
2018-02-06,42060.18,42060.18,40038.57,41061.64,41061.64,10820484
2018-02-07,41061.64,41870.06,40432.46,40808.08,40808.08,4706995
2018-02-08,40808.08,41032.74,40436.25,40817.15,40817.15,3391247
2018-02-09,40817.15,40817.15,40215.86,40733.74,40733.74,1608972
2018-02-12,40733.74,41188.62,40657.59,40950.46,40950.46,2435999
2018-02-13,40950.46,41193.74,40697.64,41137.83,41137.83,4958971
2018-02-14,41137.83,41420.71,40682.19,41420.71,41420.71,2185667
2018-02-15,41420.71,41595.55,41042.38,41595.55,41595.55,6258587
2018-02-16,41595.55,41779.95,41148.59,41779.95,41779.95,869646
2018-02-19,41779.95,41952.41,41372.68,41845.61,41845.61,5769618
2018-02-20,41845.61,42120.98,41343.28,41896.21,41896.21,2578299
2018-02-21,41896.21,41956.56,41000.92,41498.68,41498.68,1442174
2018-02-22,41498.68,41527.52,40936.43,41461.05,41461.05,1220892
2018-02-23,41461.05,41591.76,40976.08,41566.63,41566.63,2475793
2018-02-26,41566.63,41972.32,41129.99,41632.4,41632.4,13613246
2018-02-27,41632.4,41937.46,41169.03,41937.46,41937.46,10503210
2018-02-28,41937.46,41993.53,41380.0,41958.47,41958.47,1791918
2018-03-01,41958.47,42091.99,41467.12,42091.99,42091.99,1107624
2018-03-02,42091.99,42126.26,41318.37,41622.4,41622.4,2310328
2018-03-05,41622.4,42133.02,41372.09,42075.35,42075.35,2770531
2018-03-06,42075.35,42293.14,41603.5,42077.24,42077.24,8706095
2018-03-07,42077.24,42077.24,41638.52,41946.15,41946.15,11615125
2018-03-08,41946.15,41955.08,41587.54,41827.29,41827.29,8821813
2018-03-09,41827.29,41950.83,41338.05,41764.67,41764.67,21229996
2018-03-12,41764.67,41782.88,41407.35,41556.84,41556.84,4330603
2018-03-13,41556.84,41717.49,41436.39,41530.67,41530.67,4300040
2018-03-14,41530.67,41723.88,41426.64,41619.3,41619.3,1734583
2018-03-15,41619.3,41720.38,41390.45,41671.33,41671.33,10911449
2018-03-16,41671.33,41747.0,41384.47,41674.21,41674.21,12325226
2018-03-19,41674.21,41774.42,41402.72,41549.36,41549.36,11584364
2018-03-20,41549.36,41830.21,41209.14,41696.39,41696.39,12823100
2018-03-21,41696.39,41696.39,41398.81,41661.31,41661.31,8750303
2018-03-22,41661.31,41744.9,41081.68,41246.48,41246.48,1970078
2018-03-23,41246.48,41246.48,40649.99,41184.97,41184.97,3763541
2018-03-26,41184.97,41191.29,40684.63,41024.59,41024.59,11805238
2018-03-27,41024.59,41161.73,40760.41,40982.46,40982.46,15179311
2018-03-28,40982.46,41101.04,40574.54,40772.58,40772.58,3559902
2018-03-29,40772.58,40832.18,40229.78,40634.51,40634.51,1043059
2018-03-30,40634.51,40753.0,40277.47,40735.57,40735.57,626674
2018-04-02,40735.57,40741.78,40226.35,40741.78,40741.78,674581
2018-04-03,40741.78,40843.26,40207.19,40776.94,40776.94,1486159
2018-04-04,40776.94,40916.9,40099.1,40562.36,40562.36,3284384
2018-04-05,40562.36,40940.15,40328.38,40940.15,40940.15,2552129
2018-04-10,40940.15,41015.93,40317.05,40957.9,40957.9,3852220
2018-04-11,40957.9,41093.29,40366.81,40751.4,40751.4,2460249
2018-04-12,40751.4,40805.29,40365.34,40745.36,40745.36,4796493
2018-04-13,40745.36,40876.48,40149.83,40524.16,40524.16,5549859
2018-04-16,40524.16,40561.01,40082.97,40410.3,40410.3,2803933
2018-04-17,40410.3,40559.28,40125.77,40444.68,40444.68,3589117
2018-04-18,40444.68,40479.77,39904.63,40345.59,40345.59,4278174
2018-04-19,40345.59,40345.59,39751.8,40008.43,40008.43,13530964
2018-04-20,40008.43,40238.95,39693.75,40107.27,40107.27,12527179
2018-04-23,40107.27,40143.01,39683.73,40143.01,40143.01,11679211
2018-04-24,40143.01,40295.97,39619.84,40166.85,40166.85,2148134
2018-04-25,40166.85,40166.85,39665.24,39962.72,39962.72,16237700
2018-04-26,39962.72,40103.46,39654.74,39871.9,39871.9,4333659
2018-04-27,39871.9,39871.9,39238.75,39557.63,39557.63,1467144
2018-04-30,39557.63,39557.63,39036.89,39369.48,39369.48,645657
2018-05-02,39369.48,39627.78,38980.37,39111.39,39111.39,8161103
2018-05-03,39111.39,39454.02,38176.86,38543.27,38543.27,11536272
2018-05-04,38543.27,38917.37,38180.83,38711.05,38711.05,3180856
2018-05-07,38711.05,38956.49,38471.92,38784.73,38784.73,3717628
2018-05-08,38784.73,39128.93,38503.56,38759.31,38759.31,2223028
2018-05-09,38759.31,39040.51,38620.25,39040.51,39040.51,2011643
2018-05-10,39040.51,39182.67,38575.64,39182.67,39182.67,6329176
2018-05-11,39182.67,39198.9,38713.77,39198.9,39198.9,5609822
2018-05-14,39198.9,39198.9,38699.45,38757.39,38757.39,1413287
2018-05-15,38757.39,38798.84,38204.84,38447.29,38447.29,1824965
2018-05-16,38447.29,38755.26,38128.74,38670.28,38670.28,4836036
2018-05-17,38670.28,38675.89,37797.92,38563.68,38563.68,22576108
2018-05-18,38563.68,38642.72,37928.67,38165.1,38165.1,4713711
2018-05-21,38165.1,38191.81,37249.61,37779.07,37779.07,4736866
2018-05-22,37779.07,38110.46,37553.34,38109.46,38109.46,1747645
2018-05-23,38109.46,38259.93,37737.72,38134.51,38134.51,698743
2018-05-24,38134.51,38156.95,37637.81,37973.24,37973.24,1061792
2018-05-25,37973.24,37981.53,37720.33,37912.36,37912.36,3141615
2018-05-29,37912.36,37978.59,37405.89,37612.38,37612.38,920435
2018-05-30,37612.38,37612.38,36534.37,37014.14,37014.14,3245044
2018-05-31,37014.14,37129.16,35782.38,36902.97,36902.97,6089944
2018-06-04,36902.97,37398.36,36390.07,37174.67,37174.67,5349569
2018-06-05,37174.67,37566.08,36894.2,37282.71,37282.71,9888334
2018-06-06,37282.71,37554.93,36946.55,37150.48,37150.48,12912443
2018-06-07,37150.48,37403.79,36848.09,37014.93,37014.93,15155394
2018-06-08,37014.93,37014.93,36020.15,36588.82,36588.82,8019108
2018-06-11,36588.82,36588.82,36136.47,36503.35,36503.35,4092959
2018-06-12,36503.35,36595.59,36202.8,36484.99,36484.99,2911349
2018-06-13,36484.99,38744.43,36285.41,38425.08,38425.08,5960660
2018-06-14,38425.08,39145.42,37735.17,37846.5,37846.5,3497448
2018-06-15,37846.5,38212.25,37530.44,37969.46,37969.46,6106142
2018-06-18,37969.46,38224.31,37537.89,37746.8,37746.8,2971525
2018-06-19,37746.8,37856.42,36755.97,37415.09,37415.09,2761524
2018-06-20,37415.09,37472.83,36614.81,37265.36,37265.36,2969287
2018-06-21,37265.36,37665.09,36984.23,37289.71,37289.71,1597452
2018-06-22,37289.71,37289.71,36648.43,37145.15,37145.15,2410690
2018-06-25,37145.15,37663.69,37028.18,37394.63,37394.63,4269112
2018-06-26,37394.63,37692.72,37311.26,37582.33,37582.33,4570974
2018-06-27,37582.33,37721.64,37257.31,37597.0,37597.0,2756154
2018-06-28,37597.0,37669.83,37037.33,37650.74,37650.74,3580501
2018-06-29,37650.74,37730.57,37434.37,37685.16,37685.16,3382882
2018-07-02,37685.16,37899.07,37440.23,37535.43,37535.43,2535007
2018-07-03,37535.43,37784.12,37378.52,37716.24,37716.24,5563267
2018-07-04,37716.24,37977.41,37204.94,37300.39,37300.39,3654348
2018-07-05,37300.39,37675.78,37208.47,37470.24,37470.24,5133892
2018-07-06,37470.24,37743.36,37318.15,37647.11,37647.11,2205755
2018-07-09,37647.11,37685.91,37297.68,37497.51,37497.51,1218983
2018-07-10,37497.51,37682.95,37238.97,37536.52,37536.52,4190888
2018-07-11,37536.52,37936.62,37220.65,37651.96,37651.96,2896074
2018-07-12,37651.96,37945.27,37279.02,37724.83,37724.83,6878565
2018-07-13,37724.83,37948.99,37374.44,37821.58,37821.58,1706167
2018-07-16,37821.58,37919.84,37305.56,37910.0,37910.0,2258369
2018-07-17,37910.0,37910.0,37412.23,37744.42,37744.42,2208390
2018-07-18,37744.42,37803.64,37444.83,37615.33,37615.33,1295710
2018-07-19,37615.33,37633.12,37374.73,37416.8,37416.8,964411
2018-07-20,37416.8,37581.02,36607.27,37581.02,37581.02,953085
2018-07-23,37581.02,37688.57,37355.91,37681.44,37681.44,4217872
2018-07-24,37681.44,37715.04,37387.14,37553.35,37553.35,1234710
2018-07-25,37553.35,37667.74,37258.99,37627.82,37627.82,1024440
2018-07-26,37627.82,37732.88,37455.87,37732.88,37732.88,3590106
2018-07-27,37732.88,37865.21,37529.53,37835.44,37835.44,6096967
2018-07-30,37835.44,37981.23,37713.35,37923.29,37923.29,3345654
2018-07-31,37923.29,38053.41,37701.5,37755.52,37755.52,2456673
2018-08-01,37755.52,37948.86,37385.92,37613.14,37613.14,12132860
2018-08-02,37613.14,38031.03,37460.51,37798.62,37798.62,8169037
2018-08-03,37798.62,37989.98,37552.78,37989.98,37989.98,1242766
2018-08-06,37989.98,37997.9,37633.73,37940.95,37940.95,1731089
2018-08-07,37940.95,37956.66,37577.96,37956.66,37956.66,2029287
2018-08-08,37956.66,37977.4,37693.99,37865.82,37865.82,1892266
2018-08-09,37865.82,38097.64,37773.07,38097.64,38097.64,6755898
2018-08-10,38097.64,38186.47,37835.58,38066.56,38066.56,9302457
2018-08-13,38066.56,38086.12,37734.09,37925.7,37925.7,1298571
2018-08-14,37925.7,37956.15,37501.68,37854.89,37854.89,2674405
2018-08-16,37854.89,38019.91,37560.36,37745.87,37745.87,4658659
2018-08-17,37745.87,37928.15,37578.82,37807.81,37807.81,4769282
2018-08-20,37807.81,38047.51,37549.57,38023.24,38023.24,1813244
2018-08-21,38023.24,38092.59,37731.56,37877.03,37877.03,1398530
2018-08-22,37877.03,38063.23,37812.01,38035.54,38035.54,6913836
2018-08-23,38035.54,38162.39,37808.33,38162.39,38162.39,2394282
2018-08-24,38162.39,38578.22,37936.02,38566.93,38566.93,5542014
2018-08-27,38566.93,38744.88,38362.49,38708.46,38708.46,1471683
2018-08-28,38708.46,38714.33,38205.31,38541.97,38541.97,3138543
2018-08-29,38541.97,38629.25,38389.6,38562.53,38562.53,2514738
2018-08-30,38562.53,38580.6,38241.64,38572.73,38572.73,15916207
2018-08-31,38572.73,38572.73,38271.6,38421.74,38421.74,6344079
2018-09-03,38421.74,38603.82,38143.73,38315.17,38315.17,2415766
2018-09-04,38315.17,38563.76,38131.9,38298.92,38298.92,4911356
2018-09-05,38298.92,38323.65,37971.43,38078.59,38078.59,6558186
2018-09-06,38078.59,38335.01,37910.34,37938.39,37938.39,14988486
2018-09-07,37938.39,38172.21,37757.99,37955.9,37955.9,12978668
2018-09-10,37955.9,38005.2,37352.02,37729.81,37729.81,1656674
2018-09-11,37729.81,37744.38,37359.84,37693.23,37693.23,3530025
2018-09-12,37693.23,37705.37,37395.93,37566.99,37566.99,1916992
2018-09-13,37566.99,37694.37,37223.12,37476.72,37476.72,1063844
2018-09-14,37476.72,37476.72,37005.9,37393.9,37393.9,2957685
2018-09-17,37393.9,37398.05,36960.93,37109.35,37109.35,18615614
2018-09-18,37109.35,37146.09,36728.47,37146.09,37146.09,18718128
2018-09-19,37146.09,37335.25,36795.38,37090.82,37090.82,7539541
2018-09-20,37090.82,37196.65,36725.27,36928.51,36928.51,6140867
2018-09-21,36928.51,37184.83,36772.54,37054.38,37054.38,22900412
2018-09-24,37054.38,37299.07,36837.58,37158.12,37158.12,5212737
2018-09-25,37158.12,37158.12,36818.81,37014.2,37014.2,8365239
2018-09-26,37014.2,37210.11,36619.77,36984.55,36984.55,8371214
2018-09-27,36984.55,37085.28,36651.01,36920.86,36920.86,5742114
2018-09-28,36920.86,37116.8,36660.09,36696.26,36696.26,9818630
2018-10-01,36696.26,37096.1,36660.25,36864.74,36864.74,4656286
2018-10-02,36864.74,36878.04,36470.4,36853.42,36853.42,4706369
2018-10-03,36853.42,37031.0,36482.31,36757.37,36757.37,8066694
2018-10-04,36757.37,36757.37,36485.36,36693.11,36693.11,8102741
2018-10-05,36693.11,36869.85,36476.09,36869.85,36869.85,4890502
2018-10-08,36869.85,36885.24,36499.04,36720.59,36720.59,2341509
2018-10-09,36720.59,36842.81,36510.52,36656.49,36656.49,2215263
2018-10-10,36656.49,36970.81,36580.08,36724.87,36724.87,2956863
2018-10-11,36724.87,36786.38,36094.32,36416.31,36416.31,7144221
2018-10-12,36416.31,36602.97,36197.48,36472.66,36472.66,5974795
2018-10-15,36472.66,36841.9,36397.82,36835.07,36835.07,2267470
2018-10-16,36835.07,36987.3,36528.78,36987.3,36987.3,4368401
2018-10-17,36987.3,37190.27,36646.04,37190.27,37190.27,13321893
2018-10-18,37190.27,37190.27,36645.64,36802.77,36802.77,4177810
2018-10-19,36802.77,37034.92,36633.01,36984.95,36984.95,4946842
2018-10-22,36984.95,37158.09,36618.09,36926.6,36926.6,4265190
2018-10-23,36926.6,36926.6,36435.94,36613.15,36613.15,2451653
2018-10-24,36613.15,36832.65,36570.06,36766.96,36766.96,6369169
2018-10-25,36766.96,36766.96,35997.46,36390.33,36390.33,3284215
2018-10-26,36390.33,36676.89,35934.98,36064.73,36064.73,7332213
2018-10-29,36064.73,36249.91,35950.82,36181.1,36181.1,2405756
2018-10-30,36181.1,36302.66,35927.88,35973.43,35973.43,2949314
2018-10-31,35973.43,36049.67,35716.03,35982.58,35982.58,2734545
2018-11-01,35982.58,36241.38,35930.19,36241.38,36241.38,3170353
2018-11-02,36241.38,36241.38,35904.17,35989.29,35989.29,2251577
2018-11-05,35989.29,36127.16,35838.96,36052.21,36052.21,4991846
2018-11-06,36052.21,37443.95,36009.28,37443.95,37443.95,8173846
2018-11-07,37443.95,37533.82,36794.32,36942.62,36942.62,3513435
2018-11-08,36942.62,37052.53,36359.51,36359.51,36359.51,2495907
2018-11-09,36359.51,37125.57,36359.51,36844.04,36844.04,3151817
2018-11-12,36844.04,36953.26,36515.76,36724.0,36724.0,1327330
2018-11-13,36724.0,36913.67,36531.26,36693.0,36693.0,4389828
2018-11-14,36693.0,36939.61,36564.69,36939.61,36939.61,2924953
2018-11-15,36939.61,36944.57,36528.48,36784.2,36784.2,3501047
2018-11-16,36784.2,36785.5,36360.97,36581.38,36581.38,3583862
2018-11-19,36581.38,36756.0,36294.28,36457.42,36457.42,1447230
2018-11-20,36457.42,36511.15,36041.11,36207.11,36207.11,4542760
2018-11-21,36207.11,36207.11,35849.35,36144.32,36144.32,3410323
2018-11-22,36144.32,36175.7,35931.25,36005.91,36005.91,1164632
2018-11-23,36005.91,36279.73,35901.69,36259.31,36259.31,3538003
2018-11-26,36259.31,36331.06,36030.94,36086.13,36086.13,1737138
2018-11-27,36086.13,36508.17,36085.74,36443.54,36443.54,2904346
2018-11-28,36443.54,36559.72,36227.87,36315.83,36315.83,4123661
2018-11-29,36315.83,36662.64,36315.83,36631.85,36631.85,3621661
2018-12-03,36631.85,36805.75,36370.8,36797.2,36797.2,5742161
2018-12-04,36797.2,36970.0,36564.81,36945.01,36945.01,14485577
2018-12-05,36945.01,36945.01,36527.36,36576.56,36576.56,5735418
2018-12-06,36576.56,36748.45,36306.31,36332.26,36332.26,5862388
2018-12-07,36332.26,36620.84,36256.01,36496.09,36496.09,2287699
2018-12-10,36496.09,36665.88,36159.72,36265.41,36265.41,2730337
2018-12-11,36265.41,36643.53,36056.06,36602.18,36602.18,2750745
2018-12-12,36602.18,36638.77,36183.74,36375.14,36375.14,3367359
2018-12-13,36375.14,36617.5,36158.4,36617.5,36617.5,3372552
2018-12-14,36617.5,36736.5,36208.47,36736.5,36736.5,2397758
2018-12-17,36736.5,36755.67,36431.42,36673.84,36673.84,9997494
2018-12-18,36673.84,36686.33,36139.47,36292.99,36292.99,4735834
2018-12-19,36292.99,36292.99,33328.58,34229.57,34229.57,32370012
2018-12-20,34229.57,34454.53,32735.63,33978.68,33978.68,9856875
2018-12-21,33978.68,34312.34,32495.24,32753.97,32753.97,11779474
2018-12-24,32753.97,34456.15,32290.87,34456.15,34456.15,6175403
2018-12-27,34456.15,34749.24,33918.89,34506.98,34506.98,8081333
2018-12-28,34506.98,34607.74,34062.91,34293.17,34293.17,4370608
2018-12-31,34293.17,34636.37,34099.8,34636.37,34636.37,4324686
2019-01-03,34636.37,34743.62,34338.19,34570.93,34570.93,4884011
2019-01-04,34570.93,35379.2,34476.92,35379.2,35379.2,5576894
2019-01-07,35379.2,35517.38,35192.98,35480.53,35480.53,3099768
2019-01-08,35480.53,35518.95,34741.19,34905.86,34905.86,16433261
2019-01-09,34905.86,35060.13,34659.21,35060.13,35060.13,4236547
2019-01-10,35060.13,35174.49,34648.95,34967.46,34967.46,4810644
2019-01-11,34967.46,35207.68,34598.75,34702.01,34702.01,3865686
2019-01-14,34702.01,34736.32,32888.91,33767.62,33767.62,7802910
2019-01-15,33767.62,33841.27,32659.08,33646.11,33646.11,10475859
2019-01-16,33646.11,34048.32,33354.77,33816.77,33816.77,6021597
2019-01-17,33816.77,34406.62,33664.29,34331.6,34331.6,5103819
2019-01-18,34331.6,34578.6,34198.61,34295.74,34295.74,6115944
2019-01-21,34295.74,34334.16,33571.52,33762.3,33762.3,5067170
2019-01-22,33762.3,33866.55,33465.32,33713.23,33713.23,4528946
2019-01-23,33713.23,33946.21,33582.69,33753.61,33753.61,2967153
2019-01-25,33753.61,33898.19,33167.7,33280.25,33280.25,11295041
2019-01-28,33280.25,33707.0,32988.25,33423.85,33423.85,2351573
2019-01-29,33423.85,33459.52,32687.99,33416.09,33416.09,9164144
2019-01-30,33416.09,33433.56,32936.42,33311.15,33311.15,2401647
2019-01-31,33311.15,33542.82,33059.99,33287.08,33287.08,4607232
2019-02-01,33287.08,33440.98,32841.15,33142.41,33142.41,8916213
2019-02-04,33142.41,33827.92,32929.03,33827.92,33827.92,6174398
2019-02-05,33827.92,34398.97,33495.28,34398.97,34398.97,4331774
2019-02-06,34398.97,34599.66,33863.26,34280.42,34280.42,2048851
2019-02-07,34280.42,34626.57,34179.4,34471.15,34471.15,5446481
2019-02-08,34471.15,34707.41,34214.39,34615.91,34615.91,5026496
2019-02-11,34615.91,34748.83,33951.75,34133.23,34133.23,6245837
2019-02-12,34133.23,34488.42,34054.35,34147.73,34147.73,4646109
2019-02-13,34147.73,34825.18,34147.73,34769.76,34769.76,10190292
2019-02-14,34769.76,35053.28,34541.08,34769.04,34769.04,10496981
2019-02-15,34769.04,35171.79,34642.0,35169.46,35169.46,9256201
2019-02-18,35169.46,35313.06,34726.33,35099.25,35099.25,4694372
2019-02-19,35099.25,35161.88,34766.29,35161.88,35161.88,4347588
2019-02-20,35161.88,35316.45,34783.38,35024.81,35024.81,22864914
2019-02-21,35024.81,35162.49,34780.72,35159.75,35159.75,2248321
2019-02-22,35159.75,35345.66,34950.06,35263.84,35263.84,3243354
2019-02-25,35263.84,35496.72,34943.1,35242.61,35242.61,2184750
2019-02-26,35242.61,35265.48,34746.01,35230.14,35230.14,2829815
2019-02-27,35230.14,35242.21,34671.86,34845.71,34845.71,3742252
2019-02-28,34845.71,35093.82,34714.8,35054.05,35054.05,5802910
2019-03-01,35054.05,35054.05,34745.72,34953.76,34953.76,4184691
2019-03-04,34953.76,35262.48,34677.28,35262.48,35262.48,3129144
2019-03-05,35262.48,35318.73,34872.2,35212.96,35212.96,2840913
2019-03-06,35212.96,35684.96,35153.72,35557.15,35557.15,9373669
2019-03-07,35557.15,35723.6,35313.11,35597.44,35597.44,4661837
2019-03-08,35597.44,35730.09,35433.44,35612.25,35612.25,3590921
2019-03-11,35612.25,35816.16,35451.31,35816.16,35816.16,4100379
2019-03-12,35816.16,35878.61,35550.02,35771.22,35771.22,4535874
2019-03-13,35771.22,35847.65,35543.66,35786.32,35786.32,4299932
2019-03-14,35786.32,35797.76,35380.62,35636.34,35636.34,13749765
2019-03-15,35636.34,35751.77,35465.17,35740.33,35740.33,7754793
2019-03-18,35740.33,35871.15,35475.98,35764.84,35764.84,3038978
2019-03-19,35764.84,35800.99,35453.03,35705.13,35705.13,3729464
2019-03-20,35705.13,36011.4,35513.12,35761.09,35761.09,14507160
2019-03-21,35761.09,36191.55,35691.89,35887.6,35887.6,25295048
2019-03-22,35887.6,35924.07,35640.25,35697.86,35697.86,8919429
2019-03-25,35697.86,35697.86,35059.14,35271.0,35271.0,7742762
2019-03-26,35271.0,35513.38,35181.66,35453.55,35453.55,9983423
2019-03-27,35453.55,35756.77,35200.83,35756.77,35756.77,3209575
2019-03-28,35756.77,35800.2,35294.06,35698.4,35698.4,7223251
2019-03-29,35698.4,35822.17,35544.53,35768.47,35768.47,2711517
2019-04-01,35768.47,36054.15,35387.79,35939.43,35939.43,2144520
2019-04-02,35939.43,35963.53,35539.52,35664.69,35664.69,4589921
2019-04-03,35664.69,35945.31,35584.36,35945.31,35945.31,2517454
2019-04-04,35945.31,35990.45,35571.71,35990.45,35990.45,2189058
2019-04-05,35990.45,36096.05,35747.09,36096.05,36096.05,2518998
2019-04-08,36096.05,36120.15,35759.07,35993.05,35993.05,8056510
2019-04-09,35993.05,36163.7,35744.38,36142.49,36142.49,8495291
2019-04-10,36142.49,36166.59,35831.41,36121.78,36121.78,3302866
2019-04-11,36121.78,36402.37,35806.72,36346.89,36346.89,4315833
2019-04-12,36346.89,36370.99,35824.14,35824.14,35824.14,3705645
2019-04-15,35824.14,36179.69,35782.4,35884.84,35884.84,2090541
2019-04-16,35884.84,35993.12,35533.93,35797.19,35797.19,2655411
2019-04-17,35797.19,35966.47,35499.13,35966.47,35966.47,6855899
2019-04-18,35966.47,35973.51,35588.26,35973.51,35973.51,8701169
2019-04-19,35973.51,36203.16,35771.61,36203.16,36203.16,2234836
2019-04-22,36203.16,36206.46,35824.65,36130.19,36130.19,7555463
2019-04-23,36130.19,36199.59,35821.36,36051.33,36051.33,5924704
2019-04-24,36051.33,36212.9,35786.93,36212.9,36212.9,1528145
2019-04-25,36212.9,36308.41,36006.36,36298.91,36298.91,2738544
2019-04-30,36298.91,36325.28,36119.56,36312.72,36312.72,5669990
2019-05-02,36312.72,36457.75,36039.38,36455.26,36455.26,1895475
2019-05-03,36455.26,36554.14,36256.66,36420.43,36420.43,1468631
2019-05-06,36420.43,36420.43,35792.32,35890.89,35890.89,3434704
2019-05-07,35890.89,36222.56,35622.1,36034.37,36034.37,4640021
2019-05-08,36034.37,36136.51,35674.12,35674.12,35674.12,7892031
2019-05-09,35674.12,36001.38,35531.96,35925.52,35925.52,2108942
2019-05-10,35925.52,36096.49,35549.8,36096.49,36096.49,3139007
2019-05-13,36096.49,36096.49,35545.95,35847.83,35847.83,1876246
2019-05-14,35847.83,35847.83,35307.79,35597.92,35597.92,5544833
2019-05-15,35597.92,35827.91,35394.6,35827.91,35827.91,4515232
2019-05-16,35827.91,35859.29,35515.83,35846.36,35846.36,5583937
2019-05-17,35846.36,35985.58,35548.29,35985.58,35985.58,1892426
2019-05-20,35985.58,35985.58,35611.21,35842.89,35842.89,1605610
2019-05-21,35842.89,35861.98,35551.29,35693.27,35693.27,3567330
2019-05-22,35693.27,35908.21,35472.7,35867.66,35867.66,2923453
2019-05-23,35867.66,35939.96,35531.17,35727.53,35727.53,1875070
2019-05-24,35727.53,35727.53,35482.29,35662.25,35662.25,4145958
2019-05-27,35662.25,35679.71,35071.29,35371.76,35371.76,7582728
2019-05-28,35371.76,35901.02,35179.18,35901.02,35901.02,8492653
2019-05-29,35901.02,36258.3,35802.1,36068.02,36068.02,5693408
2019-05-30,36068.02,37521.59,35911.46,37393.58,37393.58,15543643
2019-05-31,37393.58,38155.07,37273.07,38155.07,38155.07,7574363
2019-06-03,38155.07,38856.53,37756.87,38796.28,38796.28,21054168
2019-06-04,38796.28,38861.02,38399.06,38439.46,38439.46,14576208
2019-06-05,38439.46,38893.67,38237.73,38893.67,38893.67,8601679
2019-06-06,38893.67,39160.6,38652.37,38873.61,38873.61,13228209
2019-06-07,38873.61,38984.97,37750.85,37835.23,37835.23,3241591
2019-06-10,37835.23,38175.88,37708.57,37925.64,37925.64,6792360
2019-06-11,37925.64,38138.27,37744.16,38079.08,38079.08,9897703
2019-06-12,38079.08,38440.73,37740.53,38320.23,38320.23,7352175
2019-06-13,38320.23,38641.46,37989.49,38310.12,38310.12,5298415
2019-06-14,38310.12,38349.83,37749.42,38228.11,38228.11,2805087
2019-06-18,38228.11,38492.33,37490.54,38172.42,38172.42,4738596
2019-06-19,38172.42,38415.21,38001.11,38354.95,38354.95,1571751
2019-06-20,38354.95,38803.79,38080.11,38527.88,38527.88,30598388
2019-06-21,38527.88,38835.98,38524.58,38696.58,38696.58,31415706
2019-06-24,38696.58,38854.1,38191.35,38191.35,38191.35,6523626
2019-06-25,38191.35,38575.73,38191.35,38272.79,38272.79,1577098
2019-06-26,38272.79,38535.29,38146.63,38451.13,38451.13,4722581
2019-06-27,38451.13,38728.61,38252.76,38659.61,38659.61,26495912
2019-06-28,38659.61,38890.36,38505.11,38801.36,38801.36,4330052
2019-07-01,38801.36,38833.64,38373.55,38613.4,38613.4,8319468
2019-07-02,38613.4,39231.08,38613.4,38987.83,38987.83,11468188
2019-07-03,38987.83,39340.86,38880.55,39118.74,39118.74,1265034
2019-07-04,39118.74,39699.93,38924.85,39699.93,39699.93,51787584
2019-07-05,39699.93,39788.93,39200.25,39504.37,39504.37,3650638
2019-07-08,39504.37,39504.37,39107.98,39239.95,39239.95,1519354
2019-07-09,39239.95,39563.01,39101.78,39542.88,39542.88,2778429
2019-07-10,39542.88,39769.4,39251.63,39600.58,39600.58,7819791
2019-07-11,39600.58,39714.01,39430.45,39689.72,39689.72,7569590
2019-07-12,39689.72,39990.66,39573.28,39952.16,39952.16,5048543
2019-07-15,39952.16,40481.26,39803.05,40284.26,40284.26,14979551
2019-07-16,40284.26,40323.95,39797.21,39967.23,39967.23,3214197
2019-07-17,39967.23,40219.49,39615.19,39803.21,39803.21,3917089
2019-07-18,39803.21,39851.2,39436.32,39688.64,39688.64,1950636
2019-07-19,39688.64,40159.41,39491.04,40159.41,40159.41,1452684
2019-07-22,40159.41,40159.41,39573.03,39868.88,39868.88,4434979
2019-07-23,39868.88,39868.88,39603.78,39851.3,39851.3,3109632
2019-07-24,39851.3,39880.09,39490.41,39684.15,39684.15,2579676
2019-07-25,39684.15,39833.6,39564.11,39833.6,39833.6,2947428
2019-07-26,39833.6,39885.53,39580.02,39885.53,39885.53,1025575
2019-07-29,39885.53,39960.61,39554.79,39930.83,39930.83,4880716
2019-07-30,39930.83,40032.98,39693.42,39921.25,39921.25,6747903
2019-07-31,39921.25,40087.56,39742.74,40087.56,40087.56,1300581
2019-08-01,40087.56,40156.3,39842.71,40088.84,40088.84,4135921
2019-08-02,40088.84,40088.84,39658.32,39856.04,39856.04,17541484
2019-08-05,39856.04,39912.76,39511.74,39811.91,39811.91,13803810
2019-08-06,39811.91,39942.02,39368.64,39942.02,39942.02,53365636
2019-08-07,39942.02,40173.09,39785.59,40173.09,40173.09,5383346
2019-08-08,40173.09,40604.51,39904.38,40547.79,40547.79,12245693
2019-08-09,40547.79,40646.66,40213.8,40614.38,40614.38,3792625
2019-08-12,40614.38,40619.72,40087.64,40231.41,40231.41,3406152
2019-08-13,40231.41,40397.88,39955.67,40397.88,40397.88,10616488
2019-08-14,40397.88,40435.46,40045.03,40319.95,40319.95,7886529
2019-08-16,40319.95,40319.95,39910.23,40121.16,40121.16,3617462
2019-08-19,40121.16,40121.16,39764.52,39955.24,39955.24,2537115
2019-08-20,39955.24,40056.17,39729.26,39980.59,39980.59,1790194
2019-08-21,39980.59,40435.89,39827.7,40435.89,40435.89,8994734
2019-08-22,40435.89,40444.87,40069.02,40396.88,40396.88,3592813
2019-08-23,40396.88,40435.64,40196.96,40342.07,40342.07,1408126
2019-08-26,40342.07,40342.07,39856.72,40237.26,40237.26,1933252
2019-08-27,40237.26,40669.47,40126.15,40663.98,40663.98,9737966
2019-08-28,40663.98,40925.76,40375.98,40869.04,40869.04,5124576
2019-08-29,40869.04,41026.29,40688.61,40912.85,40912.85,4810098
2019-08-30,40912.85,41074.89,40692.7,40989.65,40989.65,9588211
2019-09-02,40989.65,40989.65,40464.27,40826.86,40826.86,4213488
2019-09-03,40826.86,40851.17,40416.42,40518.93,40518.93,4398404
2019-09-04,40518.93,40689.08,40196.17,40544.53,40544.53,9216564
2019-09-05,40544.53,40568.84,40238.0,40496.66,40496.66,8878121
2019-09-06,40496.66,40496.66,40154.22,40429.49,40429.49,3495961
2019-09-09,40429.49,40485.86,40113.63,40254.77,40254.77,3084796
2019-09-10,40254.77,41513.58,40254.77,41424.58,41424.58,10982002
2019-09-11,41424.58,41574.04,40995.51,41218.85,41218.85,4437816
2019-09-12,41218.85,41293.53,41041.66,41234.3,41234.3,9699372
2019-09-13,41234.3,41376.78,41067.01,41194.04,41194.04,12020626
2019-09-16,41194.04,41324.38,41101.01,41298.12,41298.12,5566839
2019-09-17,41298.12,41877.61,41087.67,41340.1,41340.1,10931453
2019-09-18,41340.1,41774.38,41340.1,41694.57,41694.57,10714119
2019-09-19,41694.57,41983.44,41536.58,41962.18,41962.18,3196701
2019-09-20,41962.18,42594.24,41932.54,42537.52,42537.52,10629913
2019-09-23,42537.52,42725.43,42027.54,42725.43,42725.43,4221222
2019-09-24,42725.43,42725.43,42216.64,42321.89,42321.89,6254988
2019-09-25,42321.89,42342.73,42010.79,42340.36,42340.36,4400497
2019-09-26,42340.36,42529.71,42109.76,42446.43,42446.43,9095190
2019-09-27,42446.43,42849.16,42375.73,42595.22,42595.22,4727779
2019-09-30,42595.22,42683.99,42396.82,42610.45,42610.45,2885470
2019-10-01,42610.45,42639.88,42163.82,42400.9,42400.9,9762216
2019-10-02,42400.9,42400.9,41461.18,41620.23,41620.23,3503769
2019-10-03,41620.23,41753.2,41288.47,41753.2,41753.2,2579022
2019-10-04,41753.2,41933.81,41382.38,41787.39,41787.39,5853687
2019-10-07,41787.39,42054.11,41481.89,42054.11,42054.11,8119651
2019-10-08,42054.11,42087.11,41562.33,41850.28,41850.28,2135634
2019-10-09,41850.28,41990.35,41546.52,41933.78,41933.78,1704450
2019-10-10,41933.78,42060.93,41587.58,41968.45,41968.45,7409899
2019-10-11,41968.45,42037.36,41641.98,42036.0,42036.0,3096315
2019-10-14,42036.0,42146.2,41798.56,41894.61,41894.61,2752078
2019-10-15,41894.61,42050.69,41771.16,41962.71,41962.71,1892302
2019-10-16,41962.71,42022.31,41601.92,41901.14,41901.14,6573079
2019-10-17,41901.14,42155.17,41692.04,42155.17,42155.17,4692601
2019-10-18,42155.17,42245.48,41902.24,42145.33,42145.33,2070257
2019-10-21,42145.33,42233.23,41931.23,42181.76,42181.76,1725303
2019-10-22,42181.76,42243.58,41955.27,42116.37,42116.37,1314097
2019-10-23,42116.37,42386.13,41911.23,42332.29,42332.29,4410196
2019-10-24,42332.29,42493.83,42070.33,42290.25,42290.25,8993220
2019-10-25,42290.25,42619.14,42136.15,42612.18,42612.18,3105103
2019-10-28,42612.18,42681.58,42296.67,42538.78,42538.78,5421967
2019-10-29,42538.78,42650.48,42367.67,42559.05,42559.05,4964689
2019-10-30,42559.05,42576.49,42387.57,42387.57,42387.57,2032014
2019-10-31,42387.57,42497.47,42226.3,42226.3,42226.3,1522526
2019-11-01,42226.3,42523.35,41985.38,42456.65,42456.65,3670105
2019-11-04,42456.65,42520.32,42225.97,42520.32,42520.32,4516167
2019-11-05,42520.32,42660.32,42350.81,42618.9,42618.9,1498922
2019-11-06,42618.9,42645.2,42370.41,42561.37,42561.37,11405347
2019-11-07,42561.37,42828.92,42391.4,42828.92,42828.92,12123108
2019-11-08,42828.92,43190.79,42647.14,43160.0,43160.0,10251328
2019-11-11,43160.0,43184.85,42714.65,43034.77,43034.77,1538257
2019-11-12,43034.77,43034.77,42708.9,42784.82,42784.82,2917710
2019-11-13,42784.82,42950.48,42613.09,42950.48,42950.48,7766467
2019-11-14,42950.48,43046.62,42668.01,42929.21,42929.21,3326884
2019-11-15,42929.21,43380.98,42830.31,43380.98,43380.98,3443880
2019-11-18,43380.98,43776.02,43151.54,43763.6,43763.6,5174574
2019-11-19,43763.6,44324.31,43763.6,44021.0,44021.0,12509554
2019-11-20,44021.0,44590.15,43986.9,44590.15,44590.15,6379859
2019-11-21,44590.15,44839.18,44442.1,44809.75,44809.75,8754136
2019-11-22,44809.75,46052.66,44809.65,45938.16,45938.16,8220109
2019-11-25,45938.16,46202.67,45845.91,45980.96,45980.96,3575486
2019-11-26,45980.96,46038.59,45490.3,45713.14,45713.14,8484639
2019-11-27,45713.14,47520.51,45713.14,47136.19,47136.19,10806491
2019-11-28,47136.19,47387.49,46400.78,46953.75,46953.75,5881246
2019-11-29,46953.75,47143.59,46642.21,46979.89,46979.89,5220418
2019-12-02,46979.89,47078.89,46166.05,46613.37,46613.37,3683048
2019-12-03,46613.37,46628.01,46085.89,46203.79,46203.79,3790550
2019-12-04,46203.79,46784.8,46090.49,46691.88,46691.88,4028341
2019-12-05,46691.88,46737.09,46276.83,46671.1,46671.1,1889134
2019-12-06,46671.1,46850.08,46464.4,46796.64,46796.64,4652188
2019-12-09,46796.64,46796.64,46330.09,46448.93,46448.93,1756671
2019-12-10,46448.93,46559.17,45912.25,46340.59,46340.59,1837554
2019-12-11,46340.59,46340.59,45657.46,46145.4,46145.4,6136781
2019-12-12,46145.4,46438.95,45713.94,46331.26,46331.26,10876192
2019-12-13,46331.26,46599.64,46211.99,46448.74,46448.74,4619426
2019-12-16,46448.74,46716.95,46184.39,46507.23,46507.23,14376256
2019-12-17,46507.23,46637.29,46283.09,46628.11,46628.11,3245838
2019-12-18,46628.11,46714.01,46211.47,46510.05,46510.05,2059899
2019-12-19,46510.05,46704.64,46327.65,46582.74,46582.74,2856136
2019-12-20,46582.74,46998.87,46504.35,46998.87,46998.87,6000912
2019-12-23,46998.87,47211.5,46789.05,47211.5,47211.5,2244348
2019-12-27,47211.5,47390.04,46893.89,47344.74,47344.74,20616144
2019-12-30,47344.74,47618.94,47140.86,47546.89,47546.89,11678192
2020-01-03,47546.89,47623.67,47140.19,47285.4,47285.4,5560516
2020-01-06,47285.4,47300.52,46728.03,47241.5,47241.5,5715758
2020-01-07,47241.5,47312.54,46942.98,47155.65,47155.65,5137603
2020-01-08,47155.65,47345.07,46598.28,47313.17,47313.17,8406679
2020-01-09,47313.17,47641.03,47246.05,47608.13,47608.13,11200501
2020-01-10,47608.13,48052.08,47497.01,47993.05,47993.05,6150114
2020-01-13,47993.05,49080.81,47697.06,49080.81,49080.81,7661636
2020-01-14,49080.81,49244.98,48788.21,49145.01,49145.01,7476452
2020-01-15,49145.01,49565.96,49017.13,49523.35,49523.35,31363322
2020-01-16,49523.35,50198.18,49523.35,49920.57,49920.57,5918095
2020-01-17,49920.57,50969.64,49920.57,50811.11,50811.11,5611172
2020-01-20,50811.11,52777.78,50811.11,51704.46,51704.46,8562787
2020-01-21,51704.46,52333.24,51601.99,51767.31,51767.31,7009490
2020-01-22,51767.31,52284.46,51567.97,51891.09,51891.09,9050864
2020-01-23,51891.09,52562.46,51689.25,52011.8,52011.8,7190929
2020-01-27,52011.8,52101.41,51216.92,51532.75,51532.75,12851250
2020-01-28,51532.75,51936.27,51387.2,51857.45,51857.45,7982160
2020-01-29,51857.45,51982.67,51421.62,51423.45,51423.45,6254498
2020-01-30,51423.45,51688.76,50884.88,51033.35,51033.35,8625014
2020-01-31,51033.35,51304.07,50893.35,51253.26,51253.26,4999474
2020-02-03,51253.26,51253.26,50414.78,50952.17,50952.17,6010577
2020-02-04,50952.17,51207.1,50746.08,51071.18,51071.18,4421290
2020-02-05,51071.18,51447.92,50850.37,51174.56,51174.56,10317712
2020-02-06,51174.56,51563.39,51174.56,51445.33,51445.33,8041262
2020-02-07,51445.33,51676.75,51203.73,51381.35,51381.35,4966236
2020-02-10,51381.35,51575.92,51169.1,51431.51,51431.51,1910185
2020-02-11,51431.51,51525.75,51110.17,51383.67,51383.67,5486619
2020-02-12,51383.67,51499.16,51076.3,51327.27,51327.27,3281183
2020-02-13,51327.27,51590.9,51098.91,51550.41,51550.41,3391818
2020-02-14,51550.41,51862.14,51419.31,51862.14,51862.14,2424900
2020-02-17,51862.14,51928.84,51478.11,51701.78,51701.78,2985785
2020-02-18,51701.78,51713.79,51287.91,51552.23,51552.23,3894005
2020-02-19,51552.23,51700.48,51321.62,51700.48,51700.48,3561207
2020-02-20,51700.48,51896.27,51473.21,51821.61,51821.61,6729846
2020-02-21,51821.61,51906.89,51527.7,51906.89,51906.89,3092638
2020-02-24,51906.89,51906.89,50324.2,50645.7,50645.7,21550072
2020-02-25,50645.7,50656.39,49787.81,49969.59,49969.59,10201341
2020-02-26,49969.59,49969.59,47770.31,49603.3,49603.3,20528376
2020-02-27,49603.3,49603.3,47756.35,47756.35,47756.35,6362636
2020-02-28,47756.35,47756.35,45089.55,45572.4,45572.4,26257932
2020-03-02,45572.4,47860.96,45572.4,47393.54,47393.54,8350726
2020-03-03,47393.54,49010.19,47393.54,48667.37,48667.37,4812641
2020-03-04,48667.37,49187.3,48006.36,48672.62,48672.62,4683195
2020-03-05,48672.62,49157.96,47455.62,48142.21,48142.21,13987609
2020-03-06,48142.21,48142.21,46758.6,46955.19,46955.19,14443986
2020-03-09,46955.19,46955.19,41793.06,43303.74,43303.74,25511838
2020-03-10,43303.74,45603.94,43104.56,43656.3,43656.3,6484179
2020-03-11,43656.3,44065.78,42176.29,42180.45,42180.45,15599512
2020-03-12,42180.45,42180.45,38155.76,40759.37,40759.37,23906148
2020-03-13,40759.37,42252.32,39311.55,39616.5,39616.5,10340751
2020-03-16,39616.5,39616.5,34269.29,36005.56,36005.56,11359058
2020-03-17,36005.56,40325.05,35501.08,39934.07,39934.07,20132748
2020-03-18,39934.07,40161.7,36531.05,38499.11,38499.11,7277164
2020-03-19,38499.11,39229.35,37663.28,39048.13,39048.13,15505559
2020-03-20,39048.13,40525.63,38294.84,38515.27,38515.27,22625908
2020-03-23,38515.27,38515.27,36330.06,37565.91,37565.91,15716240
2020-03-24,37565.91,39939.83,37506.39,39939.83,39939.83,15313989
2020-03-25,39939.83,40800.4,39134.62,39484.27,39484.27,18690460
2020-03-26,39484.27,39889.34,38834.47,39106.1,39106.1,12134497
2020-03-27,39106.1,39759.12,38190.0,38726.84,38726.84,5999933
2020-03-30,38726.84,39111.66,38458.54,38579.59,38579.59,5613799
2020-03-31,38579.59,39574.56,38579.59,39441.94,39441.94,7758316
2020-04-01,39441.94,39441.94,38155.94,38194.29,38194.29,6519987
2020-04-02,38194.29,38933.85,38078.75,38204.37,38204.37,19917002
2020-04-03,38204.37,38623.97,38020.73,38020.73,38020.73,16945434
2020-04-06,38020.73,39174.24,38020.73,38979.01,38979.01,9275724
2020-04-07,38979.01,40397.52,38979.01,39922.11,39922.11,14298217
2020-04-08,39922.11,39958.58,39325.53,39627.79,39627.79,6642181
2020-04-09,39627.79,40517.86,39627.79,40195.83,40195.83,6370028
2020-04-10,40195.83,41321.8,40195.83,41321.8,41321.8,7134090
2020-04-13,41321.8,41380.32,40609.89,41219.88,41219.88,8584530
2020-04-14,41219.88,41477.9,40949.25,41347.16,41347.16,7689146
2020-04-15,41347.16,41347.16,39764.14,40074.7,40074.7,7028622
2020-04-16,40074.7,40379.84,39699.11,39974.42,39974.42,6160907
2020-04-21,39974.42,39974.42,39048.55,39380.94,39380.94,3796371
2020-04-22,39380.94,40044.04,39350.21,39925.24,39925.24,3429603
2020-04-23,39925.24,40239.09,39877.53,39915.21,39915.21,3299519
2020-04-24,39915.21,40188.33,39783.66,40188.33,40188.33,2200906
2020-04-27,40188.33,40486.8,40066.59,40334.48,40334.48,5222217
2020-04-28,40334.48,40865.83,40254.78,40865.83,40865.83,8575866
2020-04-29,40865.83,41053.27,40817.87,40945.47,40945.47,4311964
2020-04-30,40945.47,41093.21,40419.36,40419.36,40419.36,5033306
2020-05-04,40419.36,40665.6,40216.66,40275.49,40275.49,3637132
2020-05-05,40275.49,40640.41,40275.49,40630.82,40630.82,7067416
2020-05-06,40630.82,41018.9,40630.82,40668.88,40668.88,2360465
2020-05-07,40668.88,41056.64,40530.34,41047.06,41047.06,3159703
2020-05-08,41047.06,41912.96,41047.06,41912.96,41912.96,2080181
2020-05-11,41912.96,42351.23,41848.35,42340.64,42340.64,2645597
2020-05-12,42340.64,42511.57,42014.36,42014.36,42014.36,6947796
2020-05-13,42014.36,42522.25,42014.36,42132.27,42132.27,6818247
2020-05-14,42132.27,42196.31,41559.84,41701.57,41701.57,4269524
2020-05-15,41701.57,42300.81,41617.86,42184.28,42184.28,1727584
2020-05-18,42184.28,42184.28,41407.45,41890.29,41890.29,5290100
2020-05-19,41890.29,42279.32,41810.81,42146.87,42146.87,3618808
2020-05-20,42146.87,42242.82,41715.63,42090.19,42090.19,4947226
2020-05-21,42090.19,42708.02,42090.19,42703.32,42703.32,6161710
2020-05-22,42703.32,43176.97,42233.14,43129.04,43129.04,3914686
2020-05-25,43129.04,44435.8,43129.04,44320.56,44320.56,4984889
2020-05-26,44320.56,44578.57,43918.29,44542.79,44542.79,10004504
2020-05-27,44542.79,44778.11,44350.46,44582.06,44582.06,11178426
2020-05-28,44582.06,44803.6,44137.38,44585.5,44585.5,4137660
2020-05-29,44585.5,44585.5,43610.08,44087.07,44087.07,3803940
2020-06-02,44087.07,44409.87,43677.41,44015.52,44015.52,3337917
2020-06-03,44015.52,44561.39,44002.68,44148.36,44148.36,9849599
2020-06-04,44148.36,44365.02,43687.04,44301.12,44301.12,3664985
2020-06-05,44301.12,44495.23,43870.48,43968.98,43968.98,8558553
2020-06-09,43968.98,44057.07,43094.29,43119.98,43119.98,7421539
2020-06-10,43119.98,43540.6,43119.98,43306.57,43306.57,5293239
2020-06-11,43306.57,43306.57,41324.28,42129.22,42129.22,4987565
2020-06-12,42129.22,42756.69,41107.02,42707.44,42707.44,11330347
2020-06-15,42707.44,42707.44,41682.06,42270.16,42270.16,2189998
2020-06-16,42270.16,43002.2,42270.16,42967.74,42967.74,1933566
2020-06-17,42967.74,43064.79,42625.82,42673.12,42673.12,5670217
2020-06-18,42673.12,42975.09,42420.12,42664.81,42664.81,2717383
2020-06-19,42664.81,43203.72,42631.29,42928.9,42928.9,1626286
2020-06-22,42928.9,42928.9,42350.42,42653.5,42653.5,1138725
2020-06-23,42653.5,42803.28,42334.15,42659.06,42659.06,1810179
2020-06-24,42659.06,42862.83,42281.48,42354.25,42354.25,5059801
2020-06-25,42354.25,42477.46,42010.81,42252.99,42252.99,2347679
2020-06-26,42252.99,42754.07,42196.55,42512.34,42512.34,1771546
2020-06-29,42512.34,42578.99,42053.01,42303.96,42303.96,3185974
2020-06-30,42303.96,42944.25,42089.47,42838.26,42838.26,4751133
2020-07-01,42838.26,42853.85,42514.63,42734.33,42734.33,1759482
2020-07-02,42734.33,42980.25,42584.24,42980.25,42980.25,3073728
2020-07-03,42980.25,43079.23,42517.14,42916.8,42916.8,2444953
2020-07-06,42916.8,43157.76,42529.37,42529.37,42529.37,1893268
2020-07-07,42529.37,42932.76,42310.35,42360.53,42360.53,920202
2020-07-08,42360.53,42593.4,42249.5,42274.6,42274.6,2117925
2020-07-09,42274.6,42540.13,41843.27,42016.76,42016.76,3084857
2020-07-10,42016.76,42168.71,41202.78,41367.81,41367.81,5017262
2020-07-13,41367.81,41815.97,41367.81,41420.45,41420.45,4172588
2020-07-14,41420.45,41737.58,41093.56,41292.39,41292.39,1742465
2020-07-15,41292.39,41547.58,41070.45,41110.62,41110.62,9985748
2020-07-16,41110.62,41339.24,40926.04,41105.48,41105.48,2654034
2020-07-17,41105.48,41918.08,41080.81,41602.77,41602.77,8861742
2020-07-20,41602.77,42002.97,41475.75,41865.73,41865.73,11885621
2020-07-21,41865.73,42118.06,41733.67,42023.86,42023.86,5637754
2020-07-22,42023.86,42279.11,41794.46,42279.11,42279.11,5457331
2020-07-23,42279.11,42366.99,42057.34,42268.24,42268.24,1403978
2020-07-24,42268.24,42545.4,42137.65,42368.28,42368.28,6365958
2020-07-27,42368.28,42510.73,42100.73,42458.91,42458.91,1294011
2020-07-28,42458.91,42557.84,42156.38,42485.98,42485.98,6282015
2020-07-29,42485.98,42682.07,42109.41,42271.38,42271.38,3543974
2020-07-30,42271.38,42659.18,41700.23,41824.3,41824.3,7730843
2020-07-31,41824.3,42179.16,41824.3,42146.06,42146.06,5791805
2020-08-03,42146.06,42212.54,41584.55,41958.49,41958.49,696649
2020-08-04,41958.49,42358.18,41747.19,42304.04,42304.04,5993517
2020-08-05,42304.04,42462.46,41768.14,41990.48,41990.48,11000804
2020-08-06,41990.48,42238.55,41780.32,41955.87,41955.87,1440939
2020-08-07,41955.87,42023.01,41630.01,41674.52,41674.52,6496665
2020-08-10,41674.52,41956.55,41594.22,41956.55,41956.55,1709624
2020-08-11,41956.55,42522.01,41734.75,42522.01,42522.01,7535449
2020-08-12,42522.01,42720.97,42204.56,42272.03,42272.03,793581
2020-08-13,42272.03,42620.23,42188.05,42393.12,42393.12,4851535
2020-08-14,42393.12,42447.26,42124.11,42124.11,42124.11,2061194
2020-08-17,42124.11,42379.47,42020.57,42170.83,42170.83,1529890
2020-08-18,42170.83,42418.91,42107.43,42364.77,42364.77,553465
2020-08-19,42364.77,42481.53,41940.97,42246.56,42246.56,6913218
2020-08-20,42246.56,42354.85,41768.31,42063.47,42063.47,4422552
2020-08-21,42063.47,42171.34,41722.52,42017.35,42017.35,524846
2020-08-24,42017.35,42311.41,41800.61,42203.12,42203.12,2333609
2020-08-25,42203.12,42396.8,41856.02,42052.03,42052.03,3625143
2020-08-26,42052.03,42165.05,41773.37,41908.51,41908.51,7455407
2020-08-27,41908.51,42315.21,41728.85,42315.21,42315.21,4914457
2020-08-28,42315.21,42333.63,41604.34,42233.96,42233.96,1770605
2020-08-31,42233.96,42233.96,41708.56,41889.21,41889.21,6039328
2020-09-01,41889.21,42082.18,41619.04,41878.18,41878.18,33293824
2020-09-02,41878.18,42079.32,41670.27,41961.41,41961.41,3347746
2020-09-03,41961.41,42074.71,41622.79,41932.43,41932.43,1704525
2020-09-04,41932.43,42037.11,41584.47,42032.61,42032.61,1017408
2020-09-07,42032.61,42032.61,41620.59,41963.1,41963.1,1889050
2020-09-08,41963.1,42161.28,41661.33,42161.28,42161.28,3291326
2020-09-09,42161.28,42161.28,41821.84,41927.81,41927.81,794363
2020-09-10,41927.81,42378.96,41859.38,42292.23,42292.23,4299182
2020-09-11,42292.23,42854.19,42030.85,42751.32,42751.32,8442225
2020-09-14,42751.32,42882.21,42447.0,42880.33,42880.33,6423131
2020-09-15,42880.33,43113.16,42543.0,43003.84,43003.84,5486183
2020-09-16,43003.84,43190.94,42564.69,42923.7,42923.7,2701705
2020-09-17,42923.7,42964.92,42519.85,42902.31,42902.31,5411090
2020-09-18,42902.31,42968.79,42665.57,42806.11,42806.11,3750381
2020-09-21,42806.11,42937.67,41854.68,41988.96,41988.96,5649831
2020-09-22,41988.96,42521.24,41828.33,42521.24,42521.24,4132864
2020-09-23,42521.24,42756.97,42058.69,42706.63,42706.63,9056850
2020-09-24,42706.63,42759.7,42206.47,42703.77,42703.77,9881175
2020-09-25,42703.77,42791.94,42268.86,42537.47,42537.47,6015788
2020-09-28,42537.47,42711.39,42430.25,42560.35,42560.35,7665629
2020-09-29,42560.35,42674.17,42066.37,42427.82,42427.82,3655029
2020-09-30,42427.82,42589.97,42053.0,42053.0,42053.0,4580357
2020-10-01,42053.0,42307.28,41917.69,42217.16,42217.16,4802718
2020-10-02,42217.16,42217.16,41808.31,42058.75,42058.75,5361950
2020-10-05,42058.75,42090.17,41389.86,41612.33,41612.33,3943850
2020-10-06,41612.33,41722.32,41231.9,41557.18,41557.18,5457070
2020-10-07,41557.18,41680.41,41348.53,41572.64,41572.64,3686640
2020-10-08,41572.64,41882.34,41467.8,41767.63,41767.63,3187791
2020-10-09,41767.63,41860.45,41192.64,41262.45,41262.45,3778884
2020-10-12,41262.45,41499.82,40870.92,41003.03,41003.03,4041115
2020-10-13,41003.03,41021.96,40553.77,40898.5,40898.5,6749800
2020-10-14,40898.5,40898.5,40238.13,40414.79,40414.79,3555135
2020-10-15,40414.79,40427.6,39606.1,39606.1,39606.1,3854359
2020-10-16,39606.1,40222.2,39606.1,40179.03,40179.03,2315733
2020-10-19,40179.03,40218.6,39786.59,39843.39,39843.39,1154456
2020-10-20,39843.39,39871.14,39371.41,39585.5,39585.5,2587939
2020-10-21,39585.5,39674.0,39371.82,39417.53,39417.53,1512722
2020-10-22,39417.53,39773.45,39301.46,39723.1,39723.1,423508
2020-10-23,39723.1,39930.49,39412.17,39810.61,39810.61,1994458
2020-10-26,39810.61,39829.56,39311.7,39692.99,39692.99,17679520
2020-10-27,39692.99,39898.63,39383.93,39707.13,39707.13,2212695
2020-10-28,39707.13,39807.82,39131.9,39508.07,39508.07,11282276
2020-10-29,39508.07,39508.07,38748.91,38886.29,38886.29,10330584
2020-10-30,38886.29,39143.59,38781.65,39080.17,39080.17,5253128
2020-11-02,39080.17,39262.68,38787.24,39212.33,39212.33,7149246
2020-11-03,39212.33,39364.82,39037.91,39284.9,39284.9,3412810
2020-11-04,39284.9,39344.98,39135.58,39332.46,39332.46,3592031
2020-11-05,39332.46,39618.38,39231.77,39351.1,39351.1,1965772
2020-11-06,39351.1,39495.84,39168.7,39283.18,39283.18,2917154
2020-11-09,39283.18,39978.52,39157.76,39873.8,39873.8,8801412
2020-11-10,39873.8,40400.97,39702.09,39714.13,39714.13,3891683
2020-11-11,39714.13,39942.53,39478.37,39713.17,39713.17,4166071
2020-11-12,39713.17,39763.51,39293.98,39678.97,39678.97,3793580
2020-11-13,39678.97,39678.97,39235.6,39504.69,39504.69,1420660
2020-11-16,39504.69,39597.15,38917.9,39154.12,39154.12,2036459
2020-11-17,39154.12,39393.66,38914.08,39027.27,39027.27,1156830
2020-11-18,39027.27,39565.55,38995.57,39390.09,39390.09,2608905
2020-11-19,39390.09,39496.37,39093.97,39496.37,39496.37,4082640
2020-11-20,39496.37,39538.48,39306.07,39470.17,39470.17,4472826
2020-11-23,39470.17,39556.51,39338.95,39537.54,39537.54,1459262
2020-11-24,39537.54,39949.68,39366.0,39706.86,39706.86,4650587
2020-11-25,39706.86,39899.36,39340.02,39340.02,39340.02,1822565
2020-11-26,39340.02,39767.76,39340.02,39545.84,39545.84,1444000
2020-11-27,39545.84,39627.89,39230.7,39290.77,39290.77,855516
2020-12-02,39290.77,39708.85,39162.72,39698.9,39698.9,10717767
2020-12-03,39698.9,40045.23,39560.32,40045.01,40045.01,7795355
2020-12-04,40045.01,40315.91,39752.69,40066.82,40066.82,5228030
2020-12-07,40066.82,40244.39,39928.49,40148.16,40148.16,2417274
2020-12-08,40148.16,40182.65,39689.87,40005.09,40005.09,1694911
2020-12-09,40005.09,40389.74,39775.02,40320.29,40320.29,2795819
2020-12-10,40320.29,40692.66,40114.66,40397.53,40397.53,4084972
2020-12-11,40397.53,40532.71,40087.11,40507.53,40507.53,1274472
2020-12-14,40507.53,40652.11,40320.99,40496.93,40496.93,1446889
2020-12-15,40496.93,40748.02,40488.54,40632.61,40632.61,665199
2020-12-16,40632.61,42045.24,40632.61,42045.24,42045.24,8627804
2020-12-17,42045.24,43163.01,42045.24,43035.75,43035.75,3778598
2020-12-18,43035.75,43035.75,42336.74,42537.21,42537.21,3301374
2020-12-21,42537.21,42613.74,41418.09,42159.24,42159.24,3644606
2020-12-22,42159.24,42565.26,42125.28,42565.26,42565.26,5130188
2020-12-23,42565.26,42796.24,42405.43,42751.41,42751.41,1618072
2020-12-28,42751.41,43030.56,42602.19,43030.56,43030.56,1702608
2020-12-29,43030.56,43047.38,42601.82,42887.89,42887.89,2866986
2020-12-30,42887.89,43077.92,42339.42,43077.92,43077.92,2060159
2021-01-04,43077.92,43077.92,42598.3,42819.05,42819.05,4679179
2021-01-05,42819.05,42926.74,42590.27,42777.06,42777.06,5429980
2021-01-06,42777.06,43177.77,42634.86,43160.68,43160.68,5378094
2021-01-07,43160.68,43321.6,42955.56,43251.51,43251.51,6047395
2021-01-08,43251.51,43987.66,43230.9,43791.99,43791.99,5541535
2021-01-11,43791.99,43921.89,43413.03,43714.73,43714.73,3913898
2021-01-12,43714.73,43837.78,43504.9,43710.85,43710.85,4173946
2021-01-13,43710.85,43964.21,43651.73,43964.21,43964.21,5811303
2021-01-14,43964.21,44118.39,43802.02,44118.39,44118.39,3582087
2021-01-15,44118.39,44331.16,44015.67,44115.27,44115.27,8284119
2021-01-18,44115.27,44393.71,43911.13,44202.68,44202.68,3316451
2021-01-19,44202.68,44468.5,44017.23,44017.23,44017.23,3219062
2021-01-20,44017.23,44298.27,43875.03,44226.38,44226.38,6289105
2021-01-21,44226.38,44678.44,44226.38,44601.97,44601.97,8550390
2021-01-22,44601.97,44721.91,44328.37,44718.54,44718.54,1721641
2021-01-25,44718.54,44826.35,44460.41,44659.21,44659.21,2605331
2021-01-26,44659.21,44732.4,44337.22,44692.61,44692.61,2342418
2021-01-27,44692.61,44918.35,44501.69,44535.08,44535.08,2918489
2021-01-28,44535.08,44997.1,44196.16,44665.75,44665.75,4923258
2021-01-29,44665.75,45285.35,44552.72,45128.61,45128.61,1449125
2021-02-01,45128.61,45366.26,45053.21,45210.53,45210.53,1921349
2021-02-02,45210.53,45599.88,45086.55,45568.88,45568.88,2543712
2021-02-03,45568.88,45685.5,45198.84,45254.73,45254.73,5954725
2021-02-04,45254.73,45685.79,45254.73,45571.6,45571.6,2768733
2021-02-05,45571.6,46187.37,45571.6,46187.37,46187.37,5169997
2021-02-08,46187.37,46236.9,45784.83,46059.26,46059.26,5113643
2021-02-09,46059.26,46711.42,46059.26,46697.58,46697.58,6395145
2021-02-10,46697.58,46794.73,45917.82,46358.62,46358.62,10049156
2021-02-11,46358.62,46558.21,45937.09,46558.21,46558.21,3435132
2021-02-12,46558.21,46574.91,46121.23,46508.41,46508.41,4518133
2021-02-15,46508.41,46603.33,46152.93,46485.2,46485.2,1568372
2021-02-16,46485.2,46573.16,46102.41,46397.44,46397.44,3122107
2021-02-17,46397.44,46560.56,45922.26,46056.97,46056.97,3376693
2021-02-18,46056.97,46328.22,45676.43,45998.62,45998.62,2343583
2021-02-19,45998.62,46171.6,45646.82,45787.03,45787.03,1465713
2021-02-22,45787.03,45958.43,45548.01,45896.91,45896.91,3063090
2021-02-23,45896.91,45934.73,45340.68,45490.08,45490.08,4165314
2021-02-24,45490.08,46651.36,45297.63,46606.53,46606.53,4276225
2021-02-25,46606.53,46880.76,46158.03,46581.37,46581.37,6317792
2021-02-26,46581.37,46646.27,46116.84,46504.71,46504.71,1467716
2021-03-01,46504.71,46741.75,46286.24,46724.06,46724.06,2274958
2021-03-02,46724.06,46918.21,46225.92,46650.32,46650.32,1528332
2021-03-03,46650.32,47072.66,46550.5,46981.37,46981.37,2945322
2021-03-04,46981.37,47370.76,46805.54,47325.94,47325.94,2875144
2021-03-05,47325.94,47519.0,46885.53,47474.17,47474.17,6539452
2021-03-08,47474.17,47783.81,47077.46,47688.89,47688.89,3998056
2021-03-09,47688.89,47688.89,47136.45,47594.69,47594.69,4490226
2021-03-10,47594.69,47654.64,47260.32,47547.23,47547.23,3774062
2021-03-11,47547.23,47764.61,47457.58,47709.87,47709.87,4711985
2021-03-12,47709.87,48351.05,47499.03,48259.15,48259.15,4370442
2021-03-15,48259.15,48433.53,48006.02,48328.16,48328.16,3894607
2021-03-16,48328.16,48698.33,48170.36,48502.65,48502.65,4852980
2021-03-17,48502.65,48538.83,48145.19,48526.2,48526.2,5186131
2021-03-18,48526.2,48526.2,47998.41,48034.37,48034.37,1651255
2021-03-19,48034.37,48338.97,47880.14,48204.49,48204.49,1892824
2021-03-22,48204.49,48322.94,47780.57,48130.57,48130.57,3087289
2021-03-23,48130.57,48285.28,47689.25,47877.41,47877.41,2452192
2021-03-24,47877.41,47995.25,47091.63,47556.38,47556.38,4375640
2021-03-25,47556.38,47828.97,47391.02,47611.67,47611.67,1620410
2021-03-26,47611.67,47860.0,47611.67,47828.3,47828.3,731992
2021-03-29,47828.3,48188.53,47664.51,48144.39,48144.39,2024149
2021-03-30,48144.39,48144.39,47670.41,47953.32,47953.32,1516329
2021-03-31,47953.32,48652.09,47953.32,48618.43,48618.43,3621880
2021-04-01,48618.43,49208.21,48253.24,48672.02,48672.02,3121310
2021-04-02,48672.02,48908.61,48499.04,48662.13,48662.13,1007978
2021-04-05,48662.13,48750.85,48438.38,48510.33,48510.33,1289085
2021-04-06,48510.33,48724.29,48186.62,48391.54,48391.54,2168806
2021-04-07,48391.54,48456.36,47944.95,48153.55,48153.55,10379529
2021-04-08,48153.55,48222.08,47891.54,48173.94,48173.94,2468273
2021-04-09,48173.94,48654.82,48173.94,48621.17,48621.17,1845437
2021-04-12,48621.17,48865.12,48166.52,48559.84,48559.84,4848380
2021-04-13,48559.84,48672.48,48149.98,48318.83,48318.83,1734065
2021-04-14,48318.83,48456.0,48091.17,48250.24,48250.24,1667943
2021-04-15,48250.24,48381.51,47987.77,47987.77,47987.77,1868827
2021-04-16,47987.77,48507.69,47987.77,48306.86,48306.86,1264312
2021-04-19,48306.86,48608.86,47971.18,48016.93,48016.93,2076043
2021-04-20,48016.93,48325.54,47778.37,48146.69,48146.69,775428
2021-04-21,48146.69,48372.24,47780.48,47837.12,47837.12,1980122
2021-04-22,47837.12,48013.52,47837.12,47915.64,47915.64,6029950
2021-04-23,47915.64,48284.73,47867.77,48055.21,48055.21,7349861
2021-04-26,48055.21,48203.62,47810.43,47833.17,47833.17,6260300
2021-04-27,47833.17,48308.82,47833.17,48281.89,48281.89,18615482
2021-04-28,48281.89,48491.74,47984.56,48459.43,48459.43,1965725
2021-04-29,48459.43,48819.02,48431.7,48468.91,48468.91,2175161
2021-05-04,48468.91,49222.21,48468.91,48880.51,48880.51,2348411
2021-05-05,48880.51,49378.38,48754.31,49193.56,49193.56,2061351
2021-05-06,49193.56,49412.93,48874.78,48897.55,48897.55,1277309
2021-05-07,48897.55,49436.25,48897.55,49300.53,49300.53,6324974
2021-05-10,49300.53,49402.25,48903.17,49336.67,49336.67,4406318
2021-05-11,49336.67,49551.32,48860.3,49452.13,49452.13,2508709
2021-05-12,49452.13,49969.74,49368.7,49969.74,49969.74,3582894
2021-05-13,49969.74,50050.87,49229.2,49755.05,49755.05,3489990
2021-05-14,49755.05,49937.33,49450.61,49656.35,49656.35,6070611
2021-05-17,49656.35,49971.73,49455.67,49592.51,49592.51,3408664
2021-05-18,49592.51,49740.25,49285.32,49285.32,49285.32,4818359
2021-05-19,49285.32,49663.85,49114.26,49183.91,49183.91,3618467
2021-05-20,49183.91,49574.26,48983.43,49405.53,49405.53,5608307
2021-05-21,49405.53,49540.51,49103.42,49430.69,49430.69,2102976
2021-05-24,49430.69,49430.69,48837.11,48987.89,48987.89,3011713
2021-05-25,48987.89,49269.05,48571.89,48782.14,48782.14,4601993
2021-05-26,48782.14,49439.62,48745.93,48978.06,48978.06,2708642
2021-05-27,48978.06,49072.73,48165.76,48905.7,48905.7,4241124
2021-05-28,48905.7,49170.48,48134.05,48442.23,48442.23,6505520
2021-05-31,48442.23,48760.66,48350.76,48457.47,48457.47,2128884
2021-06-02,48457.47,49858.58,48360.46,49551.34,49551.34,1735789
2021-06-03,49551.34,49883.04,49140.73,49883.04,49883.04,3406511
2021-06-04,49883.04,49967.81,49289.56,49544.15,49544.15,1629944
2021-06-07,49544.15,50087.3,49110.7,49977.67,49977.67,2078108
2021-06-08,49977.67,50393.96,49170.56,50103.61,50103.61,3050306
2021-06-09,50103.61,50821.89,50054.97,50592.41,50592.41,2222535
2021-06-10,50592.41,51463.57,50208.5,51362.59,51362.59,3275056
2021-06-11,51362.59,51468.5,50949.21,51351.85,51351.85,2649900
2021-06-14,51351.85,52123.67,51001.31,52090.45,52090.45,2733316
2021-06-15,52090.45,52285.56,51494.52,52163.95,52163.95,3045605
2021-06-16,52163.95,52326.64,51570.71,52019.25,52019.25,1661409
2021-06-17,52019.25,52156.26,51547.4,52041.21,52041.21,2084995
2021-06-18,52041.21,52041.21,51200.53,51354.56,51354.56,1650109
2021-06-22,51354.56,51919.91,51312.77,51609.32,51609.32,1879352
2021-06-23,51609.32,51887.71,51042.09,51391.05,51391.05,1910454
2021-06-24,51391.05,51798.6,51227.11,51473.47,51473.47,5719538
2021-06-25,51473.47,52265.0,51469.22,52040.13,52040.13,2586477
2021-06-28,52040.13,52620.12,51675.36,52487.92,52487.92,1780989
2021-06-29,52487.92,52845.4,52175.77,52537.08,52537.08,6975208
2021-06-30,52537.08,52904.12,52276.98,52716.04,52716.04,4428660
2021-07-01,52716.04,53135.58,52462.74,53100.74,53100.74,826158
2021-07-02,53100.74,53100.74,52355.48,52652.45,52652.45,1424255
2021-07-05,52652.45,53151.68,52331.96,53134.26,53134.26,1064958
2021-07-06,53134.26,53481.95,53134.26,53399.98,53399.98,3637719
2021-07-07,53399.98,53685.52,52995.75,53502.15,53502.15,1469507
2021-07-08,53502.15,53530.19,52608.45,52943.33,52943.33,1212805
2021-07-09,52943.33,53417.82,52567.78,53089.71,53089.71,1219719
2021-07-12,53089.71,53252.6,52678.43,52950.48,52950.48,1609202
2021-07-13,52950.48,53020.15,52393.2,52704.34,52704.34,1163987
2021-07-14,52704.34,53057.39,52503.67,53057.39,53057.39,1963781
2021-07-15,53057.39,53144.48,52699.56,52937.22,52937.22,1997317
2021-07-16,52937.22,53099.12,52676.32,52896.01,52896.01,3112148
2021-07-19,52896.01,53077.11,52185.64,52185.64,52185.64,3832952
2021-07-20,52185.64,52273.9,51889.47,52022.33,52022.33,3420639
2021-07-21,52022.33,52690.58,51851.53,52673.17,52673.17,3631307
2021-07-22,52673.17,52746.67,51910.89,52274.75,52274.75,2865535
2021-07-23,52274.75,52302.79,51760.51,52111.21,52111.21,1623409
2021-07-26,52111.21,52233.14,51755.1,52090.88,52090.88,844090
2021-07-27,52090.88,52090.88,51563.73,51825.12,51825.12,1355158
2021-07-28,51825.12,52033.87,51353.68,51700.07,51700.07,1993221
2021-07-29,51700.07,51907.26,51323.92,51644.85,51644.85,2207660
2021-07-30,51644.85,51845.12,51250.48,51845.12,51845.12,924001
2021-08-02,51845.12,52338.91,51658.94,52237.16,52237.16,1114275
2021-08-03,52237.16,52428.76,51527.16,51559.37,51559.37,1955232
2021-08-04,51559.37,51731.22,51411.62,51729.78,51729.78,2627952
2021-08-05,51729.78,51729.78,50895.98,51342.85,51342.85,1098655
2021-08-06,51342.85,51342.85,50982.67,51185.5,51185.5,1094111
2021-08-09,51185.5,51522.44,51086.25,51295.39,51295.39,1120487
2021-08-10,51295.39,51361.75,51014.21,51193.65,51193.65,1275709
2021-08-11,51193.65,51346.97,51035.16,51346.97,51346.97,1676318
2021-08-12,51346.97,51713.49,51226.78,51713.49,51713.49,1430927
2021-08-13,51713.49,51713.49,51308.52,51652.71,51652.71,845605
2021-08-16,51652.71,51760.22,51485.56,51621.18,51621.18,1788214
2021-08-17,51621.18,51813.02,51398.71,51660.13,51660.13,1923949
2021-08-18,51660.13,51864.75,51525.46,51606.47,51606.47,2665972
2021-08-19,51606.47,51748.94,51408.74,51601.03,51601.03,1435604
2021-08-20,51601.03,51753.6,51326.59,51718.76,51718.76,1170170
2021-08-23,51718.76,51725.61,51274.63,51497.19,51497.19,883730
2021-08-24,51497.19,51865.29,51292.05,51531.16,51531.16,862920
2021-08-25,51531.16,51895.62,51385.5,51638.62,51638.62,1131426
2021-08-26,51638.62,51729.55,51375.14,51711.01,51711.01,1599350
2021-08-27,51711.01,51851.47,51270.93,51746.87,51746.87,2135155
2021-08-30,51746.87,51746.87,51271.08,51595.66,51595.66,2111057
2021-08-31,51595.66,51630.5,51098.35,51512.38,51512.38,2394784
2021-09-01,51512.38,51881.54,51342.62,51670.54,51670.54,2704140
2021-09-02,51670.54,51670.54,51068.3,51242.27,51242.27,755179
2021-09-03,51242.27,51608.22,51119.21,51312.71,51312.71,1333776
2021-09-06,51312.71,51492.04,50912.72,51171.99,51171.99,1550054
2021-09-07,51171.99,51334.01,50532.09,50672.69,50672.69,4261407
2021-09-08,50672.69,52405.06,50349.9,52335.39,52335.39,3452907
2021-09-09,52335.39,52819.27,52043.07,52551.91,52551.91,2244794
2021-09-10,52551.91,52925.61,52328.51,52925.61,52925.61,809429
2021-09-13,52925.61,53084.72,52236.77,52679.23,52679.23,1709483
2021-09-14,52679.23,52679.23,51989.23,52410.83,52410.83,737743
2021-09-15,52410.83,52534.0,51751.73,51801.79,51801.79,2184626
2021-09-16,51801.79,52155.1,51747.19,51794.59,51794.59,1509419
2021-09-17,51794.59,52179.0,51670.94,52075.48,52075.48,5221862
2021-09-20,52075.48,52213.94,51576.34,52037.68,52037.68,1410886
2021-09-21,52037.68,52425.09,51967.42,52321.34,52321.34,2112858
2021-09-22,52321.34,53577.63,52008.6,53087.45,53087.45,4886583
2021-09-23,53087.45,53349.02,52823.13,53224.74,53224.74,2955595
2021-09-24,53224.74,53319.37,52956.74,52990.51,52990.51,7027142
2021-09-27,52990.51,53221.75,52920.79,53135.73,53135.73,10305671
2021-09-28,53135.73,53136.79,52519.36,52638.03,52638.03,6544209
2021-09-29,52638.03,53281.24,52526.84,53263.98,53263.98,1477131
2021-09-30,53263.98,53342.71,52778.56,53280.32,53280.32,4214608
2021-10-01,53280.32,53364.83,53146.09,53306.87,53306.87,759709
2021-10-04,53306.87,53386.91,52944.28,53016.26,53016.26,1169684
2021-10-05,53016.26,53352.63,53001.05,53216.46,53216.46,3344662
2021-10-06,53216.46,53624.96,53151.82,53362.43,53362.43,3323976
2021-10-07,53362.43,53506.0,53177.58,53421.45,53421.45,2604948
2021-10-08,53421.45,53556.25,53204.89,53457.54,53457.54,1849914
2021-10-11,53457.54,53516.91,53140.57,53143.9,53143.9,3092971
2021-10-12,53143.9,53485.49,52644.38,52837.27,52837.27,5178760
2021-10-13,52837.27,53942.51,52709.27,53361.47,53361.47,5596974
2021-10-14,53361.47,53361.47,52720.19,53073.97,53073.97,2846254
2021-10-15,53073.97,53549.42,53073.97,53412.67,53412.67,5095854
2021-10-18,53412.67,53842.53,53214.98,53325.36,53325.36,3575099
2021-10-19,53325.36,53527.66,52948.76,53253.47,53253.47,1856040
2021-10-20,53253.47,53351.09,52702.51,52901.48,52901.48,3482246
2021-10-21,52901.48,53086.2,52554.27,52693.25,52693.25,3277840
2021-10-22,52693.25,53014.99,52505.93,52716.17,52716.17,1300871
2021-10-25,52716.17,52931.66,52290.8,52596.86,52596.86,2268095
2021-10-26,52596.86,52725.52,52169.89,52473.05,52473.05,1318374
2021-10-27,52473.05,52614.05,52187.74,52343.53,52343.53,1126081
2021-10-28,52343.53,52616.02,51718.24,52390.31,52390.31,4571976
2021-10-29,52390.31,52442.21,51259.2,51259.2,51259.2,8673150
2021-11-01,51259.2,51953.55,51259.2,51534.11,51534.11,2154917
2021-11-02,51534.11,51840.7,51452.57,51696.55,51696.55,1271747
2021-11-03,51696.55,52069.25,51554.12,51963.85,51963.85,2731956
2021-11-04,51963.85,52542.85,51760.42,52140.03,52140.03,3028868
2021-11-05,52140.03,52392.23,51740.2,51740.2,51740.2,2121344
2021-11-08,51740.2,52101.36,51710.23,51825.22,51825.22,3131567
2021-11-09,51825.22,51934.12,51361.72,51555.62,51555.62,1853131
2021-11-10,51555.62,52049.9,51366.82,51818.19,51818.19,1804993
2021-11-11,51818.19,51930.44,51563.61,51829.92,51829.92,1074074
2021-11-12,51829.92,52112.75,51534.05,51851.76,51851.76,3575894
2021-11-15,51851.76,52124.94,51624.47,52038.2,52038.2,14984195
2021-11-16,52038.2,52545.94,52038.2,52130.2,52130.2,1519703
2021-11-17,52130.2,52501.99,52037.46,52228.22,52228.22,1166472
2021-11-18,52228.22,52401.37,52085.0,52143.32,52143.32,1542288
2021-11-19,52143.32,52162.0,51467.0,51705.29,51705.29,2305053
2021-11-22,51705.29,52167.85,51594.79,52106.62,52106.62,1147704
2021-11-23,52106.62,52134.12,51605.27,51804.83,51804.83,1142811
2021-11-24,51804.83,51962.92,51582.7,51775.1,51775.1,1087794
2021-11-25,51775.1,51882.38,51627.26,51777.2,51777.2,1553803
2021-11-26,51777.2,51777.2,50384.48,50822.58,50822.58,2603927
2021-11-29,50822.58,51272.92,50475.11,51272.92,51272.92,6311898
2021-12-02,51272.92,51421.32,50720.22,51336.3,51336.3,1313330
2021-12-03,51336.3,51602.41,51009.51,51526.46,51526.46,1287874
2021-12-06,51526.46,51618.82,51135.63,51565.19,51565.19,1068298
2021-12-07,51565.19,51651.78,51243.56,51616.53,51616.53,2320847
2021-12-08,51616.53,52139.72,51616.53,52104.47,52104.47,49150144
2021-12-09,52104.47,52153.77,51521.81,51779.03,51779.03,1300047
2021-12-10,51779.03,51861.07,51122.28,51464.13,51464.13,1282248
2021-12-13,51464.13,51715.79,51153.86,51351.29,51351.29,965039
2021-12-14,51351.29,51531.25,50727.38,50984.04,50984.04,9219770
2021-12-15,50984.04,51157.19,50682.88,50834.26,50834.26,1980566
2021-12-16,50834.26,51270.63,50834.26,51111.75,51111.75,26697534
2021-12-17,51111.75,51350.36,50729.49,51278.9,51278.9,1464855
2021-12-20,51278.9,51278.9,50420.98,50952.89,50952.89,1189016
2021-12-21,50952.89,51117.76,50706.98,50882.94,50882.94,1252240
2021-12-22,50882.94,51243.89,50604.21,51118.25,51118.25,1113617
2021-12-23,51118.25,51611.47,51065.29,51251.39,51251.39,1735118
2021-12-27,51251.39,51592.5,51251.39,51533.51,51533.51,2052151
2021-12-28,51533.51,52145.3,51533.51,51800.3,51800.3,2185747
2021-12-29,51800.3,52197.56,51619.86,51896.28,51896.28,3323362
2021-12-30,51896.28,52321.69,51830.23,52157.9,52157.9,2106875
2022-01-03,52157.9,52444.46,51957.92,52192.55,52192.55,1317047
2022-01-04,52192.55,52674.84,52075.93,52279.81,52279.81,14233645
2022-01-05,52279.81,52438.58,51958.75,52055.65,52055.65,3214288
2022-01-06,52055.65,52263.92,51803.89,52016.22,52016.22,665185
2022-01-07,52016.22,52280.46,51855.51,52082.81,52082.81,709079
2022-01-10,52082.81,52434.88,52082.81,52434.88,52434.88,9298843
2022-01-11,52434.88,52752.94,52193.1,52436.53,52436.53,5135686
2022-01-12,52436.53,53000.17,52218.75,52422.89,52422.89,2893281
2022-01-13,52422.89,52755.93,52422.89,52670.26,52670.26,704077
2022-01-14,52670.26,54195.19,52423.3,53452.43,53452.43,3070798
2022-01-17,53452.43,55000.63,52318.49,52342.55,52342.55,16516167
2022-01-18,52342.55,52788.63,51994.38,52265.73,52265.73,42506796
2022-01-19,52265.73,52589.74,51560.82,52139.95,52139.95,1968669
2022-01-20,52139.95,52659.97,51830.22,52509.77,52509.77,14416890
2022-01-21,52509.77,52509.77,51541.94,51881.0,51881.0,4768558
2022-01-25,51881.0,52129.97,50669.89,51535.44,51535.44,5045500
2022-01-26,51535.44,52227.73,51535.44,52116.31,52116.31,8294176
2022-01-27,52116.31,52116.31,51156.24,51804.72,51804.72,2282034
2022-01-28,51804.72,52185.53,51568.92,51775.09,51775.09,3495347
2022-01-31,51775.09,52347.52,51733.34,51846.85,51846.85,6194922
2022-02-01,51846.85,52513.8,51846.85,52158.86,52158.86,2614041
2022-02-02,52158.86,52510.95,51924.8,52235.59,52235.59,14887166
2022-02-03,52235.59,52492.54,51977.6,52206.19,52206.19,5314790
2022-02-04,52206.19,52384.52,52083.98,52180.6,52180.6,1914642
2022-02-07,52180.6,52373.35,51825.26,51963.5,51963.5,17892096
2022-02-08,51963.5,52135.15,51524.86,51611.06,51611.06,10801010
2022-02-09,51611.06,52214.09,51611.06,52086.5,52086.5,2414271
2022-02-10,52086.5,52350.47,51894.76,52207.73,52207.73,10445341
2022-02-11,52207.73,52412.22,51816.79,52412.22,52412.22,43936056
2022-02-14,52412.22,52412.22,50349.01,50881.33,50881.33,25493116
2022-02-15,50881.33,51757.88,50723.67,51674.62,51674.62,12139749
2022-02-16,51674.62,51871.73,51288.99,51329.98,51329.98,20098316
2022-02-17,51329.98,51624.8,50538.0,50923.76,50923.76,3142306
2022-02-18,50923.76,51063.56,50399.89,50751.76,50751.76,1681635
2022-02-21,50751.76,50956.65,50028.09,50275.18,50275.18,2442197
2022-02-22,50275.18,50531.16,49257.68,50531.16,50531.16,3237684
2022-02-23,50531.16,51357.43,50455.86,51357.43,51357.43,6776676
2022-02-24,51357.43,51357.43,48512.07,48996.97,48996.97,13122286
2022-02-25,48996.97,50333.25,48774.71,50078.36,50078.36,2301228
2022-02-28,50078.36,50349.88,48850.38,49218.22,49218.22,3259978
2022-03-01,49218.22,49588.44,48528.82,48562.22,48562.22,4945575
2022-03-02,48562.22,48706.66,47582.12,48218.71,48218.71,8499542
2022-03-03,48218.71,49383.1,48131.87,49118.92,49118.92,3145307
2022-03-04,49118.92,49138.96,46916.03,47364.61,47364.61,6910990
2022-03-07,47364.61,47364.61,43416.61,45196.83,45196.83,8245278
2022-03-08,45196.83,46593.78,45083.28,46410.61,46410.61,3819799
2022-03-09,46410.61,47702.76,46307.33,47702.76,47702.76,6579750
2022-03-10,47702.76,48836.75,47702.76,47986.8,47986.8,3776536
2022-03-11,47986.8,48889.55,47896.55,48185.14,48185.14,3301115
2022-03-14,48185.14,49883.92,48185.14,49073.41,49073.41,1713219
2022-03-15,49073.41,49451.01,48263.89,49009.65,49009.65,1879844
2022-03-16,49009.65,49759.35,49009.65,49395.36,49395.36,3158157
2022-03-17,49395.36,49877.91,49089.83,49395.28,49395.28,2847936
2022-03-18,49395.28,50433.69,49395.28,50235.99,50235.99,12372144
2022-03-21,50235.99,50297.55,49842.47,50101.04,50101.04,7211737
2022-03-22,50101.04,50201.86,49720.88,49948.23,49948.23,2174189
2022-03-23,49948.23,50257.38,49741.69,50012.3,50012.3,6007433
2022-03-24,50012.3,50012.3,49688.78,49967.44,49967.44,20953716
2022-03-25,49967.44,50177.48,49588.01,49726.83,49726.83,17292516
2022-03-28,49726.83,49918.3,49525.84,49651.4,49651.4,6830673
2022-03-29,49651.4,50722.73,49651.4,50191.29,50191.29,3354103
2022-03-30,50191.29,51342.09,50007.82,50259.31,50259.31,5141127
2022-03-31,50259.31,51018.03,50136.88,50616.22,50616.22,3184747
2022-04-01,50616.22,51190.61,50280.6,50843.66,50843.66,2265551
2022-04-04,50843.66,51278.41,50721.59,51241.87,51241.87,4484151
2022-04-05,51241.87,51747.68,50924.73,51181.93,51181.93,4934525
2022-04-06,51181.93,51423.8,50738.71,50896.9,50896.9,1418569
2022-04-07,50896.9,51459.58,50804.61,50918.25,50918.25,1413793
2022-04-08,50918.25,51398.36,50722.21,50838.46,50838.46,751956
2022-04-11,50838.46,50926.22,50530.68,50881.69,50881.69,999570
2022-04-12,50881.69,50896.94,50413.5,50548.42,50548.42,4799898
2022-04-13,50548.42,50742.05,50177.58,50742.05,50742.05,1191090
2022-04-14,50742.05,51105.61,50486.33,51004.25,51004.25,576897
2022-04-15,51004.25,51114.48,50745.64,51012.17,51012.17,443373
2022-04-18,51012.17,51447.67,50781.37,51024.57,51024.57,2955913
2022-04-19,51024.57,51670.11,50709.33,50747.13,50747.13,6199527
2022-04-20,50747.13,51663.85,50747.13,51120.26,51120.26,1066300
2022-04-21,51120.26,51658.54,50953.39,51160.34,51160.34,3030692
2022-04-27,50357.49,50725.01,49885.78,50223.05,50223.05,2551772
2022-04-29,50363.09,50771.4,49813.6,50265.31,50265.31,1004751
2022-05-02,50265.31,50792.21,49905.21,50537.17,50537.17,1035681
2022-05-03,50537.17,50939.9,50051.2,50641.39,50641.39,840653
2022-05-04,50641.39,50641.39,49800.38,49800.38,49800.38,5654760
2022-05-05,49800.38,50462.78,49800.38,50462.78,50462.78,396770
2022-05-06,50462.78,50490.03,49526.33,49716.7,49716.7,1571433
2022-05-09,49716.7,49716.7,48897.9,49452.3,49452.3,1829071
2022-05-10,49452.3,49732.27,49025.68,49025.68,49025.68,1861114
2022-05-11,49025.68,49465.31,48666.66,49305.44,49305.44,2236821
2022-05-12,49305.44,49550.18,48564.85,49267.85,49267.85,2710609
2022-05-13,49267.85,49915.86,49204.22,49644.7,49644.7,1532456
2022-05-16,49644.7,50289.81,49621.5,50152.9,50152.9,3166682
2022-05-17,50152.9,50539.04,49324.54,49716.17,49716.17,3466215
2022-05-18,49716.17,50162.57,49219.86,49649.33,49649.33,598614
2022-05-19,49649.33,49649.33,48964.7,49292.85,49292.85,1675180
2022-05-20,49292.85,49673.95,49064.43,49327.73,49327.73,1039420
2022-05-23,49327.73,49736.64,49174.7,49600.53,49600.53,1217377
2022-05-24,49600.53,49706.76,49208.4,49622.0,49622.0,3725866
2022-05-25,49622.0,50103.7,49024.08,49249.36,49249.36,7639686
2022-05-26,49249.36,49287.16,48811.72,49283.53,49283.53,2217339
2022-05-27,49283.53,49782.71,49005.19,49186.17,49186.17,5443049
2022-05-30,49186.17,49432.91,49009.42,49192.45,49192.45,5271985
2022-05-31,49192.45,49872.74,48942.16,49715.05,49715.05,2200507
2022-06-02,49715.05,49715.05,48946.19,48946.19,48946.19,3552989
2022-06-03,48946.19,49203.0,48819.36,49172.77,49172.77,2857837
2022-06-06,49172.77,49614.82,49042.63,49266.46,49266.46,1580597
2022-06-07,49266.46,49369.41,48900.85,49151.51,49151.51,2334253
2022-06-08,49151.51,49407.32,48800.4,48916.72,48916.72,2121917
2022-06-09,48916.72,49308.62,48750.68,49094.9,49094.9,1145370
2022-06-10,49094.9,49377.41,48902.51,49039.52,49039.52,2447051
2022-06-14,49039.52,49300.93,48674.34,49048.69,49048.69,1568774
2022-06-15,49048.69,49494.37,48759.45,48925.47,48925.47,2187578
2022-06-16,48925.47,49473.79,48464.0,49383.08,49383.08,888608
2022-06-17,49383.08,49758.27,48954.86,49672.02,49672.02,1528451
2022-06-20,49672.02,50270.79,49466.14,49844.21,49844.21,1695205
2022-06-21,49844.21,50551.63,49611.54,50551.63,50551.63,6059235
2022-06-22,50551.63,50676.8,49720.45,50151.26,50151.26,579658
2022-06-23,50151.26,50508.49,49252.04,49325.73,49325.73,1866681
2022-06-24,49325.73,51340.14,49325.73,51019.08,51019.08,3465805
2022-06-27,51019.08,51931.73,51019.08,51341.59,51341.59,8062383
2022-06-28,51341.59,52332.85,51341.59,51499.44,51499.44,13757320
2022-06-29,51499.44,51684.49,51032.69,51190.16,51190.16,4913290
2022-06-30,51190.16,51313.06,50404.64,50404.64,50404.64,6188451
2022-07-01,50404.64,50992.28,49787.6,50107.35,50107.35,2731572
2022-07-04,50107.35,50546.86,49772.13,50458.72,50458.72,19078296
2022-07-05,50458.72,50547.66,49655.88,49945.38,49945.38,20724672
2022-07-06,49945.38,50742.68,49695.42,50470.17,50470.17,5286827
2022-07-07,50470.17,51478.61,50470.17,51193.99,51193.99,7280274
2022-07-08,51193.99,51291.33,50569.65,51291.33,51291.33,6023263
2022-07-11,51291.33,51374.31,50325.68,50602.35,50602.35,6917298
2022-07-12,50602.35,50803.29,50292.82,50803.29,50803.29,7445114
2022-07-13,50803.29,50873.8,50282.49,50485.16,50485.16,8608702
2022-07-14,50485.16,50582.29,49944.01,50207.76,50207.76,19363790
2022-07-15,50207.76,50406.43,49870.59,49870.59,49870.59,11648230
2022-07-18,49870.59,50458.38,49870.59,50163.1,50163.1,6516916
2022-07-19,50163.1,50406.34,49776.6,50025.39,50025.39,5598720
2022-07-20,50025.39,51054.44,49900.92,50980.75,50980.75,23170258
2022-07-21,50980.75,51112.89,50262.23,50498.7,50498.7,6100702
2022-07-22,50498.7,50889.25,50158.1,50427.03,50427.03,7096253
2022-07-25,50427.03,50776.62,49953.29,50234.71,50234.71,5999345
2022-07-26,50234.71,50375.33,49322.73,49932.64,49932.64,6370320
2022-07-27,49932.64,50065.28,49419.24,49779.49,49779.49,4980864
2022-07-28,49779.49,50077.44,49313.68,50016.03,50016.03,5666507
2022-07-29,50016.03,50148.67,49375.53,50092.19,50092.19,6611539
2022-08-01,50092.19,50289.53,49502.05,49588.85,49588.85,4350909
2022-08-02,49588.85,50164.78,49588.85,49611.02,49611.02,3164696
2022-08-03,49611.02,49891.93,49466.57,49891.93,49891.93,4739338
2022-08-04,49891.93,50760.38,49891.93,50760.38,50760.38,3255233
2022-08-05,50760.38,50857.16,50029.96,50853.57,50853.57,2315322
2022-08-08,50853.57,51066.86,50478.97,50827.08,50827.08,5248903
2022-08-09,50827.08,50897.59,50426.37,50499.05,50499.05,3728797
2022-08-10,50499.05,50782.34,50247.51,50679.37,50679.37,3046016
2022-08-11,50679.37,50723.58,50327.49,50702.97,50702.97,4091213
2022-08-12,50702.97,51129.72,50427.94,51102.06,51102.06,4362796
2022-08-16,51102.06,51552.75,50861.4,51493.8,51493.8,3755105
2022-08-17,51493.8,51726.27,51190.34,51348.31,51348.31,3081436
2022-08-18,51348.31,51808.35,51085.19,51778.87,51778.87,3021196
2022-08-19,51778.87,51778.87,51199.7,51447.84,51447.84,2193379
2022-08-22,51447.84,51875.42,51011.14,51058.4,51058.4,1452842
2022-08-23,51058.4,51217.53,50764.19,50835.21,50835.21,2099159
2022-08-24,50835.21,51320.07,50766.01,51222.98,51222.98,2495863
2022-08-25,51222.98,51345.62,50881.84,51200.55,51200.55,2057923
2022-08-26,51200.55,51419.15,50956.65,51089.3,51089.3,1366739
2022-08-29,51089.3,51219.38,50607.13,50762.0,50762.0,1257443
2022-08-30,50762.0,51151.28,50672.94,50853.95,50853.95,2320349
2022-08-31,50853.95,51316.93,50573.46,50985.04,50985.04,2629965
2022-09-01,50985.04,51053.53,50552.83,50713.69,50713.69,1115319
2022-09-02,50713.69,50977.77,50430.95,50977.77,50977.77,2094936
2022-09-05,50977.77,51193.26,50495.07,50852.3,50852.3,1107955
2022-09-06,50852.3,51053.77,50586.84,50762.65,50762.65,866235
2022-09-07,50762.65,51023.09,50411.05,50453.27,50453.27,11083837
2022-09-08,50453.27,51557.72,50438.53,51498.77,51498.77,8204230
2022-09-09,51498.7695,51804.4297,50568.4609,50791.1289,50791.1289,7440807
2022-09-12,50791.13,51024.08,50218.41,50286.86,50286.86,2730000
2022-09-13,50286.86,50724.36,50052.78,50052.78,50052.78,20280000
2022-09-14,50052.78,50580.82,49574.71,49954.88,49954.88,2690000
2022-09-15,49954.88,50170.31,49448.72,49999.88,49999.88,2100000
2022-09-16,49999.88,50413.84,49374.67,49702.88,49702.88,2740000
2022-09-19,49702.88,50215.91,48451.52,48485.51,48485.51,5760000
2022-09-20,48485.51,49291.67,48367.55,48878.68,48878.68,990820
2022-09-21,48878.68,49034.54,48073.25,48223.41,48223.41,6600000
2022-09-22,48223.41,49049.96,47872.05,48710.08,48710.08,16350000
2022-09-23,48710.08,48807.05,47470.12,47470.12,47470.12,18200000
2022-09-26,47470.12,48534.35,47039.36,47119.42,47119.42,2130000
2022-09-27,47119.42,47997.6,47119.42,47869.34,47869.34,9500000
2022-09-28,47869.34,47915.67,46901.06,47305.38,47305.38,2430000
2022-09-29,47305.38,47361.03,46527.29,47098.09,47098.09,2120000
2022-09-30,47098.09,47434.54,46665.67,47213.19,47213.19,2190000
2022-10-03,47213.19,47372.64,46762.3,47256.64,47256.64,2270000
2022-10-04,47256.64,47750.56,47004.83,47621.86,47621.86,2760000
2022-10-05,47621.86,47902.54,46762.75,46762.75,46762.75,2800000
2022-10-06,46762.75,47397.03,46762.75,47079.71,47079.71,1850000
2022-10-07,47079.71,47293.63,46782.95,46961.54,46961.54,860400
2022-10-10,46961.54,47470.93,46946.2,47301.32,47301.32,4630000
2022-10-11,47301.32,47457.18,46439.51,46584.75,46584.75,20080000
2022-10-12,46584.75,47040.69,46556.84,46837.36,46837.36,3580000
2022-10-13,46837.36,47085.69,46440.9,46955.31,46955.31,1840000
2022-10-14,46955.31,47647.17,46955.31,47581.37,47581.37,2800000
2022-10-17,47581.37,47852.46,47123.06,47638.69,47638.69,2160000
2022-10-18,47638.69,48028.34,47623.59,47795.01,47795.01,4470000
2022-10-19,47795.01,48017.16,47282.21,47379.98,47379.98,2570000
2022-10-20,47379.98,47716.5,47276.74,47452.36,47452.36,1290000
2022-10-21,47452.36,47904.42,47363.59,47669.26,47669.26,1590000
2022-10-24,47669.26,48084.58,47432.6,47913.13,47913.13,2280000
2022-10-25,47913.13,48053.4,47345.34,47659.89,47659.89,2370000
2022-10-26,47659.89,47659.89,47129.92,47365.06,47365.06,3180000
2022-10-27,47365.06,47628.76,46980.22,47392.45,47392.45,2170000
2022-10-28,47392.45,47661.4,47267.47,47500.32,47500.32,1840000
2022-10-31,47500.32,47749.69,47126.51,47632.68,47632.68,1260000
2022-11-01,47632.68,47823.13,47230.18,47823.13,47823.13,3490000
2022-11-02,47823.13,48744.27,47419.95,48713.1,48713.1,2200000
2022-11-03,48713.1,48849.37,47465.15,48690.34,48690.34,2140000
2022-11-04,48690.34,48720.29,47541.18,48196.69,48196.69,14020000
2022-11-07,48196.69,48599.5,48094.05,48487.2,48487.2,18840000
2022-11-08,48487.2,48978.59,48344.85,48963.0,48963.0,2980000
2022-11-09,48963.0,48998.18,48248.06,48338.64,48338.64,1440000
2022-11-10,48338.64,48817.64,48238.77,48714.17,48714.17,1850000
2022-11-11,48714.17,49077.24,48555.1,48983.91,48983.91,2100000
2022-11-14,48983.91,49186.66,48469.14,49108.97,49108.97,2180000
2022-11-15,49108.97,49247.22,48622.15,48815.02,48815.02,1800000
2022-11-16,48815.02,49227.86,48566.13,48674.0,48674.0,2910000
2022-11-17,48674.0,49152.99,48534.12,48658.09,48658.09,3220000
2022-11-18,48658.09,48996.52,48592.5,48651.9,48651.9,2280000
2022-11-21,48651.9,49037.26,48651.9,49037.26,49037.26,895240
2022-11-22,49037.26,49037.26,48495.22,48588.12,48588.12,821650
2022-11-23,48588.12,48877.81,48479.63,48559.68,48559.68,1330000
2022-11-24,48559.68,49825.48,48526.43,49525.05,49525.05,2700000
2022-11-25,49525.05,49976.43,49001.13,49976.43,49976.43,5150000
2022-11-28,49976.43,49976.43,48936.5,49366.89,49366.89,2430000
2022-11-29,49366.89,49855.59,49236.62,49855.59,49855.59,5100000
2022-12-02,49855.59,50198.74,49812.17,50127.35,50127.35,177920000
2022-12-05,50127.35,50714.58,49918.47,50459.39,50459.39,4010000
2022-12-06,50459.39,50779.38,50280.64,50710.13,50710.13,5790000
2022-12-07,50710.13,51158.58,50643.53,51152.92,51152.92,6470000
2022-12-08,51152.92,51990.01,50936.12,51123.87,51123.87,4690000
2022-12-09,51123.87,51464.07,50932.07,51232.6,51232.6,3180000
2022-12-12,51232.6,51404.77,50580.12,50823.84,50823.84,1240000
2022-12-13,50823.84,51309.34,50415.94,50976.16,50976.16,1930000
2022-12-14,50976.16,50976.16,49852.78,49852.78,49852.78,1700000
2022-12-15,49852.78,50390.15,49677.99,49929.65,49929.65,2230000
2022-12-16,49929.65,50448.5,49798.76,50432.91,50432.91,1530000
2022-12-19,50432.91,50741.53,49824.38,50593.6,50593.6,5850000
2022-12-20,50593.6,51263.98,50465.23,50993.96,50993.96,5700000
2022-12-21,50993.96,51377.23,50606.7,51135.24,51135.24,3720000
2022-12-22,51135.24,51135.24,50513.88,50822.73,50822.73,3750000
2022-12-23,50822.73,51295.6,50541.43,51032.22,51032.22,3800000
2022-12-27,51032.22,51402.67,50606.02,51141.73,51141.73,3290000
2022-12-28,51141.73,51141.73,50080.32,50737.67,50737.67,4820000
2022-12-29,50737.67,51039.49,49864.19,50582.39,50582.39,4480000
2022-12-30,50582.39,50808.75,50246.63,50284.36,50284.36,5130000
2023-01-03,50284.36,51046.13,50113.16,51008.41,51008.41,12020000
2023-01-04,51008.41,51046.14,50566.93,50729.0,50729.0,1420000
2023-01-05,50729.0,51084.35,50518.55,50921.97,50921.97,3540000
2023-01-06,50921.97,51048.56,50608.66,50722.66,50722.66,4880000
2023-01-09,50722.66,50909.6,50478.29,50736.74,50736.74,2060000
2023-01-10,50736.74,50842.01,50277.28,50583.97,50583.97,4840000
2023-01-11,50583.97,50619.08,50157.39,50443.1,50443.1,837020
2023-01-12,50443.1,50519.45,49819.97,50230.41,50230.41,2690000
2023-01-13,50230.41,50330.45,49653.6,49988.3,49988.3,1210000
2023-01-16,49988.3,49988.3,49426.13,49515.32,49515.32,2850000
2023-01-17,49515.32,49909.14,49401.2,49778.14,49778.14,804640
2023-01-18,49778.14,50155.41,49486.7,49848.88,49848.88,3930000
2023-01-19,49848.88,49905.51,49469.09,49743.93,49743.93,456750
2023-01-20,49743.93,49872.05,49363.82,49463.55,49463.55,1110000
2023-01-23,49463.55,50384.12,49463.55,50318.11,50318.11,2420000
2023-01-25,50318.11,50421.32,49769.05,50263.34,50263.34,1210000
2023-01-26,50263.34,50445.4,49676.15,50055.54,50055.54,3240000
2023-01-27,50055.54,50093.27,49778.84,49953.42,49953.42,706200
2023-01-30,49953.42,50020.96,49515.46,49721.47,49721.47,2020000
2023-01-31,49721.47,49969.33,49609.82,49749.09,49749.09,644260
2023-02-01,49749.09,49900.0,49533.71,49722.52,49722.52,441940
2023-02-02,49722.52,49926.1,49395.95,49698.03,49698.03,2500000
2023-02-03,49698.03,49974.13,49428.67,49974.13,49974.13,1920000
2023-02-06,49974.13,50104.87,49518.78,50040.43,50040.43,1960000
2023-02-07,50040.43,50136.34,49580.44,50038.45,50038.45,1310000
2023-02-08,50038.45,50212.37,49627.35,50028.97,50028.97,2160000
2023-02-09,50028.97,50267.66,49645.09,50082.17,50082.17,583940
2023-02-10,50082.17,50114.91,49862.46,50046.08,50046.08,432130
2023-02-13,50046.08,50286.84,49811.83,50164.6,50164.6,709820
2023-02-14,50164.6,50190.62,49815.73,50080.99,50080.99,784470
2023-02-15,50080.99,50577.22,49784.1,50577.22,50577.22,1300000
2023-02-16,50577.22,50667.86,50139.14,50317.5,50317.5,864960
2023-02-17,50317.5,50496.31,50048.47,50235.5,50235.5,753200
2023-02-20,50235.5,50380.68,50004.94,50147.71,50147.71,655950
2023-02-21,50147.71,50485.92,49940.17,50322.21,50322.21,855720
2023-02-22,50322.21,50339.32,49666.98,49666.98,49666.98,555160
2023-02-23,49666.98,50538.65,49666.98,50535.71,50535.71,3070000
2023-02-24,50535.71,50790.61,50168.49,50632.1,50632.1,595540
2023-02-27,50632.1,50714.83,50054.42,50459.15,50459.15,772390
2023-02-28,50459.15,51086.74,50253.56,50946.29,50946.29,1600000
2023-03-01,50946.29,51159.83,50397.58,50769.42,50769.42,1350000
2023-03-02,50769.42,50875.71,50385.12,50599.35,50599.35,2270000
2023-03-03,50599.35,51186.44,50489.04,50875.55,50875.55,3430000
2023-03-06,50875.55,51213.83,50694.53,50926.19,50926.19,1790000
2023-03-07,50926.19,51076.64,50629.38,50807.17,50807.17,1090000
2023-03-08,50807.17,50908.48,50388.91,50720.35,50720.35,671330
2023-03-09,50720.35,51110.9,50373.97,51077.07,51077.07,2440000
2023-03-10,51077.07,51245.25,50548.69,50755.14,50755.14,1410000
2023-03-13,50755.14,50956.1,50408.57,50891.34,50891.34,3260000
2023-03-14,50891.34,51264.56,50413.02,51264.56,51264.56,3090000
2023-03-15,51264.56,51264.56,50420.88,50768.55,50768.55,2630000
2023-03-16,50768.55,50954.84,50253.08,50548.35,50548.35,2770000
2023-03-17,50548.35,50685.99,49980.16,49996.1,49996.1,1900000
2023-03-20,49996.1,50240.81,49590.32,50103.28,50103.28,4920000
2023-03-21,50103.28,50193.1,49451.94,49727.24,49727.24,3200000
2023-03-22,49727.24,50033.07,49355.46,49676.99,49676.99,1290000
2023-03-23,49676.99,49733.55,49357.89,49481.18,49481.18,1550000
2023-03-24,49481.18,49980.17,49383.87,49782.55,49782.55,3620000
2023-03-27,49782.55,50104.37,49277.62,49805.41,49805.41,2620000
2023-03-28,49805.41,50159.49,49666.95,49965.99,49965.99,9080000
2023-03-29,49965.99,50137.41,49705.84,49705.84,49705.84,12840000
2023-03-30,49705.84,50058.15,49632.67,49992.89,49992.89,3330000
2023-03-31,49992.89,50375.51,49783.48,50303.71,50303.71,2900000
2023-04-03,50303.71,50601.99,50173.99,50416.07,50416.07,4480000
2023-04-04,50416.07,50647.57,50223.58,50463.13,50463.13,5960000
2023-04-05,50463.13,50550.8,50220.47,50249.21,50249.21,5310000
2023-04-06,50249.21,50426.21,50079.97,50372.43,50372.43,2870000
2023-04-07,50372.43,50444.23,49986.36,50095.5,50095.5,4470000
2023-04-10,50095.5,50439.72,49967.67,50335.68,50335.68,2790000
2023-04-11,50335.68,50723.35,50040.37,50379.64,50379.64,4840000
2023-04-12,50379.64,50516.18,50142.43,50408.32,50408.32,431920
2023-04-13,50408.32,50724.82,50209.96,50655.52,50655.52,509700
2023-04-18,50655.52,51039.05,50428.8,50749.82,50749.82,2460000
2023-04-19,50749.82,50987.76,50332.26,50824.48,50824.48,4660000
2023-04-20,50824.48,50927.6,50376.82,50891.56,50891.56,5150000
2023-04-21,50891.56,50922.27,50502.09,50775.79,50775.79,2640000
2023-04-24,50775.79,50832.0,50345.17,50815.58,50815.58,1210000
2023-04-25,50815.58,51208.0,50553.79,51037.78,51037.78,3060000
2023-04-26,51037.78,51189.98,50703.28,50947.42,50947.42,6120000
2023-04-27,50947.42,51281.13,50636.18,51097.67,51097.67,3740000
2023-04-28,51097.67,51301.69,50846.2,50946.46,50946.46,1050000
2023-05-02,50946.46,51174.82,50618.44,51079.61,51079.61,1250000
2023-05-03,51079.61,51135.82,50789.06,50909.33,50909.33,1210000
2023-05-04,50909.33,51019.06,50717.89,50907.44,50907.44,1160000
2023-05-05,50907.44,51202.9,50782.19,51202.9,51202.9,2270000
2023-05-08,51202.9,51267.08,50779.93,50950.55,50950.55,2390000
2023-05-09,50950.55,51095.59,50712.17,50944.24,50944.24,1430000
2023-05-10,50944.24,50975.49,50657.53,50759.74,50759.74,2810000
2023-05-11,50759.74,50915.45,50400.41,50508.39,50508.39,3570000
2023-05-12,50508.39,50610.13,50399.21,50509.85,50509.85,5110000
2023-05-15,50509.85,50683.82,49976.98,50455.65,50455.65,2150000
2023-05-16,50455.65,50678.9,50134.39,50550.4,50550.4,514600
2023-05-17,50550.4,50928.83,50243.41,50928.83,50928.83,1090000
2023-05-18,50928.83,51050.17,50479.44,51050.17,51050.17,1870000
2023-05-19,51050.17,51079.26,50614.94,51079.26,51079.26,488540
2023-05-22,51079.26,51079.26,50518.87,51070.1,51070.1,1400000
2023-05-23,51070.1,51100.04,50628.31,50815.45,50815.45,783580
2023-05-24,50815.45,50978.53,50509.15,50978.53,50978.53,915330
2023-05-25,50978.53,51014.43,50522.02,50892.37,50892.37,723450
2023-05-26,50892.37,51000.07,50560.78,50958.16,50958.16,867700
2023-05-29,50958.16,51029.96,50646.12,50876.27,50876.27,1170000
2023-05-30,50876.27,50928.15,50460.25,50893.48,50893.48,757400
2023-05-31,50893.48,51095.3,50565.4,50968.9,50968.9,4520000
2023-06-02,50968.9,51146.61,50634.74,50906.84,50906.84,2660000
2023-06-06,50906.84,51027.58,50647.22,50718.19,50718.19,7200000
2023-06-07,50718.19,50909.57,50655.7,50773.93,50773.93,6650000
2023-06-08,50773.93,50851.87,49970.52,50417.41,50417.41,1100000
2023-06-09,50417.41,50417.41,49670.48,50081.3,50081.3,1560000
2023-06-12,50081.3,50186.67,49125.98,49469.34,49469.34,6570000
2023-06-13,49469.34,49670.93,48279.22,48611.85,48611.85,22310000
2023-06-14,48611.85,48888.56,48320.83,48885.71,48885.71,8450000
2023-06-15,48885.71,49190.0,48602.88,48702.48,48702.48,4450000
2023-06-16,48702.48,49308.7,48702.48,49308.7,49308.7,9070000
2023-06-19,49308.7,49593.89,49079.64,49567.53,49567.53,2580000
2023-06-20,49567.53,49649.27,49187.82,49649.27,49649.27,1320000
2023-06-21,49649.27,49649.27,49186.85,49186.85,49186.85,2730000
2023-06-22,49186.85,49375.68,49156.12,49302.63,49302.63,285390
2023-06-23,49302.63,49302.63,48248.14,48878.56,48878.56,10890000
2023-06-26,48878.56,48878.56,48177.75,48415.4,48415.4,2440000
2023-06-27,48415.4,48661.6,48239.37,48631.86,48631.86,6790000
2023-06-28,48631.86,48867.59,48307.95,48793.24,48793.24,7110000
2023-06-29,48793.24,49480.37,48754.28,49062.87,49062.87,2390000
2023-06-30,49062.87,49360.25,48562.61,48913.05,48913.05,2740000
2023-07-03,48913.05,49191.4,48800.38,49041.72,49041.72,3960000
2023-07-04,49041.72,49111.64,48512.34,48745.04,48745.04,4050000
2023-07-05,48745.04,49130.06,48645.46,49042.46,49042.46,15070000
2023-07-06,49042.46,49247.11,48775.49,49125.27,49125.27,8680000
2023-07-07,49125.27,49184.75,48613.09,48932.57,48932.57,9900000
2023-07-10,48932.57,49286.29,48623.02,48936.19,48936.19,5330000
2023-07-11,48936.19,49460.92,48878.72,49031.38,49031.38,5230000
2023-07-12,49031.38,49508.12,48922.95,49354.98,49354.98,4400000
2023-07-13,49354.98,50349.88,48782.59,49070.39,49070.39,30450000
2023-07-14,49070.39,49303.05,48864.01,49284.25,49284.25,7940000
2023-07-17,49284.25,49516.15,48769.57,49012.24,49012.24,8600000
2023-07-18,49012.24,49243.18,48878.66,49029.08,49029.08,7500000
2023-07-19,49029.08,49064.64,48719.68,48719.68,48719.68,6490000
2023-07-20,48719.68,48962.32,48615.56,48716.94,48716.94,7420000
2023-07-21,48716.94,48941.35,48612.65,48838.0,48838.0,3750000
2023-07-24,48838.0,48953.23,48232.55,48431.99,48431.99,7560000
2023-07-25,48431.99,48593.69,48189.04,48511.37,48511.37,6030000
2023-07-26,48511.37,48856.15,48296.02,48536.48,48536.48,5020000
2023-07-27,48536.48,48955.08,48536.48,48793.37,48793.37,4860000
2023-07-28,48793.37,48988.63,48646.38,48923.09,48923.09,2730000
2023-07-31,48923.09,49248.71,48866.04,49046.36,49046.36,7300000
2023-08-01,49046.36,49270.22,48934.87,49189.54,49189.54,4300000
2023-08-02,49189.54,49330.28,48836.35,49097.66,49097.66,3410000
2023-08-03,49097.66,49181.67,48810.48,48982.47,48982.47,9170000
2023-08-04,48982.47,49208.1,48790.36,49121.12,49121.12,3180000
2023-08-07,49121.12,49217.11,48773.8,48941.23,48941.23,4150000
2023-08-08,48941.23,49200.65,48754.91,49019.32,49019.32,4010000
2023-08-09,49019.32,49108.54,48836.66,49026.01,49026.01,2960000
2023-08-10,49026.01,49026.01,48748.28,48901.04,48901.04,2740000
2023-08-11,48901.04,49211.43,48858.78,49181.69,49181.69,3730000
2023-08-14,49181.69,49365.67,49068.33,49313.4,49313.4,3990000
2023-08-16,49313.4,49462.21,48911.62,49103.36,49103.36,3220000
2023-08-17,49103.36,49225.11,48844.91,49044.36,49044.36,3240000
2023-08-18,49044.36,49334.57,48695.97,48951.59,48951.59,5950000
2023-08-21,48951.59,49151.72,48921.6,49143.7,49143.7,6510000
2023-08-22,49143.7,49317.97,48982.08,49273.36,49273.36,6500000
2023-08-23,49273.36,49339.87,49046.89,49219.25,49219.25,6060000
2023-08-24,49219.25,49333.78,49035.36,49155.04,49155.04,4840000
2023-08-25,49155.04,49324.02,48983.05,49223.15,49223.15,5040000
2023-08-28,49223.15,49260.54,48981.85,49260.54,49260.54,5790000
2023-08-29,49260.54,49346.52,49017.9,49327.34,49327.34,11040000
2023-08-30,49327.34,49342.21,48977.72,49166.05,49166.05,15460000
2023-08-31,49166.05,49166.05,48859.22,49122.75,49122.75,6430000
2023-09-01,49122.75,49367.05,48894.19,49226.19,49226.19,9410000
2023-09-04,49226.19,49421.43,49032.59,49421.43,49421.43,18270000
2023-09-05,49421.43,49563.27,48915.44,49235.27,49235.27,22200000
2023-09-06,49235.27,49905.77,48997.06,49905.77,49905.77,63590000
2023-09-07,49905.77,51110.62,49859.81,50994.76,50994.76,102130000
2023-09-08,50994.76,51238.11,50553.62,51220.46,51220.46,24990000
2023-09-11,51220.46,51540.3,50938.94,51437.43,51437.43,19540000
2023-09-12,51437.43,52283.16,51294.74,52257.28,52257.28,14120000
2023-09-13,52257.28,52564.85,51701.5,52254.82,52254.82,14030000
2023-09-14,52254.82,52496.77,51580.97,52182.71,52182.71,16260000
2023-09-15,52182.71,52298.68,51411.67,51977.45,51977.45,13660000
2023-09-18,51977.45,53913.97,51947.42,53913.97,53913.97,22220000
2023-09-19,53913.97,54934.68,53421.43,54879.04,54879.04,30480000
2023-09-20,54879.04,56122.92,54869.41,55249.03,55249.03,35670000
2023-09-21,55249.03,55660.65,54260.75,54677.75,54677.75,23520000
2023-09-22,54677.75,54793.92,53455.63,54045.83,54045.83,26720000
2023-09-25,54045.83,54501.39,53214.95,53214.95,53214.95,24340000
2023-09-26,53214.95,53353.64,52014.18,52526.13,52526.13,20490000
2023-09-27,52526.13,52759.79,52032.95,52704.15,52704.15,16420000
2023-09-28,52704.15,53644.26,52105.83,53588.62,53588.62,21060000
2023-09-29,53588.62,54375.91,53588.62,54101.37,54101.37,46870000
2023-10-02,54101.37,54472.29,52947.88,53109.48,53109.48,35640000
2023-10-03,53109.48,53247.89,52485.8,52540.81,52540.81,21160000
2023-10-04,52540.81,52702.79,52137.79,52151.49,52151.49,11770000
2023-10-05,52151.49,52508.73,51567.52,51981.26,51981.26,20160000
2023-10-06,51981.26,52208.33,51659.06,52089.65,52089.65,14250000
2023-10-09,52089.65,52219.76,51361.48,51805.99,51805.99,12820000
2023-10-10,51805.99,52576.74,51805.99,52514.4,52514.4,15760000
2023-10-11,52514.4,52743.89,52366.02,52743.89,52743.89,5680000
2023-10-12,52743.89,53580.89,52727.76,53414.56,53414.56,19010000
2023-10-13,53414.56,53683.34,53136.12,53179.63,53179.63,10990000
2023-10-16,53179.63,53528.77,52677.99,53085.92,53085.92,9360000
2023-10-17,53085.92,53303.54,52554.31,52739.86,52739.86,4490000
2023-10-18,52739.86,53206.48,52316.36,53206.48,53206.48,35150000
2023-10-19,53206.48,53206.48,52375.24,52726.3,52726.3,15030000
2023-10-20,52726.3,52950.36,51930.53,52456.34,52456.34,6880000
2023-10-23,52456.34,53134.4,52234.99,53041.29,53041.29,13900000
2023-10-24,53041.29,54722.97,52331.87,54396.55,54396.55,52980000
2023-10-25,54396.55,55780.16,54396.55,55538.75,55538.75,48080000
2023-10-26,55538.75,55851.81,55000.57,55315.37,55315.37,15350000
2023-10-27,55315.37,55595.07,55023.79,55513.27,55513.27,12190000
2023-10-30,55513.27,55687.19,55183.94,55651.53,55651.53,10520000
2023-10-31,55651.53,55882.56,55242.36,55777.02,55777.02,5950000
2023-11-01,55777.02,56142.65,55366.96,56105.56,56105.56,7620000
2023-11-02,56105.56,56592.45,55893.34,56482.46,56482.46,11500000
2023-11-03,56482.46,57807.88,56446.6,57193.22,57193.22,42650000
2023-11-06,57193.22,57967.19,57177.09,57736.87,57736.87,13840000
2023-11-07,57736.87,57969.89,57212.04,57366.15,57366.15,8420000
2023-11-08,57366.15,57691.2,56995.23,57585.06,57585.06,9700000
2023-11-09,57585.06,57889.22,56900.95,57739.61,57739.61,8950000
2023-11-10,57739.61,58100.87,57366.38,58063.78,58063.78,8620000
2023-11-13,58063.78,58357.68,57737.17,58272.97,58272.97,7550000
2023-11-14,58272.97,58792.93,57927.84,58792.93,58792.93,10660000
2023-11-15,58792.93,58955.46,58028.87,58792.95,58792.95,9040000
2023-11-16,58792.95,59211.23,58367.17,59150.8,59150.8,6170000
2023-11-17,59150.8,59615.62,58921.74,59456.59,59456.59,8170000
2023-11-20,59456.59,59594.85,58971.38,59346.16,59346.16,4800000
2023-11-21,59346.16,59623.5,58810.83,59235.51,59235.51,8130000
2023-11-22,59235.51,59510.1,58851.61,59363.6,59363.6,11680000
2023-11-23,59363.6,59421.66,58700.52,58885.14,58885.14,12210000
2023-11-24,58885.14,59156.01,58387.09,58650.32,58650.32,13520000
2023-11-27,58650.32,58835.94,57787.25,57936.01,57936.01,7930000
2023-11-28,57936.01,58644.3,57723.22,58271.49,58271.49,10620000
2023-11-29,58271.49,58642.03,57280.9,57916.75,57916.75,27490000
2023-12-04,57916.75,58106.83,57006.32,57958.46,57958.46,5070000
2023-12-05,57958.46,58292.29,57210.24,57913.04,57913.04,5540000
2023-12-06,57913.04,58662.75,55796.38,57106.15,57106.15,40110000
2023-12-07,57106.15,57632.53,56957.83,57151.53,57151.53,27530000
2023-12-08,57151.53,57491.09,57079.81,57453.7,57453.7,9410000
2023-12-11,57453.7,57875.13,57211.57,57784.07,57784.07,12420000
2023-12-12,57784.07,58618.94,57707.81,58010.59,58010.59,17480000
2023-12-13,58010.59,59080.31,57828.13,58888.25,58888.25,8340000
2023-12-14,58888.25,59167.09,58295.4,58588.79,58588.79,9060000
2023-12-15,58588.79,59037.27,58064.47,58543.67,58543.67,8030000
2023-12-18,58543.67,58781.15,58097.73,58425.35,58425.35,18170000
2023-12-19,58425.35,58680.38,57928.01,58536.27,58536.27,11880000
2023-12-20,58536.27,58610.55,57773.76,58117.14,58117.14,10800000
2023-12-21,58117.14,58327.6,57427.74,57903.08,57903.08,8760000
2023-12-22,57903.08,58441.58,57475.6,58378.2,58378.2,4040000
2023-12-27,58378.2,58845.44,58120.76,58747.31,58747.31,8110000
2023-12-28,58747.31,59261.17,58586.34,59261.17,59261.17,16090000
2023-12-29,59261.17,59506.88,58971.87,59309.11,59309.11,10580000
2024-01-03,59309.11,59700.23,58974.33,59276.07,59276.07,6250000
2024-01-04,59276.07,59619.12,58827.69,59343.7,59343.7,7010000
2024-01-05,59343.7,59499.06,58670.24,59098.27,59098.27,6510000
2024-01-08,59098.27,59369.99,58786.61,59073.89,59073.89,8050000
2024-01-09,59073.89,59199.86,58499.03,58843.27,58843.27,10450000
2024-01-10,58843.27,58992.26,58516.36,58778.24,58778.24,4080000
2024-01-11,58778.24,59060.6,58661.77,59010.89,59010.89,3860000
2024-01-12,59010.89,59760.37,59010.89,59760.37,59760.37,4790000
2024-01-15,59760.37,59994.01,59145.79,59603.05,59603.05,7710000
2024-01-16,59603.05,59896.04,59200.84,59775.12,59775.12,4190000
2024-01-17,59775.12,59788.99,59045.61,59368.06,59368.06,4380000
2024-01-18,59368.06,59524.59,58980.52,59095.95,59095.95,1270000
2024-01-19,59095.95,59475.57,58983.32,59379.76,59379.76,1040000
2024-01-22,59379.76,59554.22,58890.85,59017.0,59017.0,3420000
2024-01-23,59017.0,59068.5,58210.8,58555.67,58555.67,5620000
2024-01-25,58555.67,58780.22,58189.43,58780.22,58780.22,1340000
2024-01-26,58780.22,58780.22,58082.85,58503.88,58503.88,2240000
2024-01-29,58503.88,58913.39,58202.03,58412.27,58412.27,2390000
2024-01-30,58412.27,58568.48,58058.68,58089.84,58089.84,1910000
2024-01-31,58089.84,58265.3,57954.95,58233.26,58233.26,1500000
2024-02-01,58233.26,58430.27,57578.3,57999.28,57999.28,4450000
2024-02-02,57999.28,58132.71,57510.63,57801.55,57801.55,4740000
2024-02-05,57801.55,57815.06,57249.02,57526.93,57526.93,3860000
2024-02-06,57526.93,57805.51,57299.12,57579.78,57579.78,2460000
2024-02-07,57579.78,57602.92,56361.1,56992.98,56992.98,4890000
2024-02-08,56992.98,57502.27,56697.06,57268.91,57268.91,2850000
2024-02-09,57268.91,57340.58,56449.5,57253.39,57253.39,6500000
2024-02-12,57253.39,57253.39,56502.54,57121.51,57121.51,3970000
2024-02-13,57121.51,57159.95,56486.14,57048.91,57048.91,6210000
2024-02-14,57048.91,57202.5,56291.49,56569.51,56569.51,3490000
2024-02-15,56569.51,56938.05,56397.92,56938.05,56938.05,3480000
2024-02-16,56938.05,57565.29,56777.23,57261.08,57261.08,4380000
2024-02-19,57261.08,57889.87,56872.72,57889.87,57889.87,3860000
2024-02-20,57889.87,58282.05,57375.55,58218.04,58218.04,3780000
2024-02-21,58218.04,58282.05,57507.62,58282.05,58282.05,4530000
2024-02-22,58282.05,58572.83,58006.25,58538.7,58538.7,3700000
2024-02-23,58538.7,58546.35,57917.7,58339.18,58339.18,2660000
2024-02-26,58339.18,58381.23,57023.67,57822.95,57822.95,2840000
2024-02-27,57822.95,57822.95,57039.02,57237.5,57237.5,4310000
2024-02-28,57237.5,57630.83,56794.89,57275.27,57275.27,2330000
2024-02-29,57275.27,57275.27,56243.72,56704.1,56704.1,6460000
2024-03-01,56704.1,57518.34,56704.1,57504.25,57504.25,3130000
2024-03-04,57504.25,57522.66,56769.44,57271.06,57271.06,4260000
2024-03-05,57271.06,57271.06,56571.77,56972.37,56972.37,10960000
2024-03-06,56972.37,57081.27,55951.21,56331.9,56331.9,9580000
2024-03-07,56331.9,57584.86,56109.4,57584.86,57584.86,9780000
2024-03-08,57584.86,58233.85,57380.41,58233.85,58233.85,4000000
2024-03-11,58233.85,58467.63,57510.32,57996.88,57996.88,4370000
2024-03-12,57996.88,58347.46,57623.04,58127.44,58127.44,1900000
2024-03-13,58127.44,58610.18,57499.87,58610.18,58610.18,2180000
2024-03-14,58610.18,60248.31,58184.38,59861.56,59861.56,4450000
2024-03-15,59861.56,60651.42,59141.42,59225.96,59225.96,3070000
2024-03-18,59225.96,59989.49,59225.96,59593.1,59593.1,2450000
2024-03-19,59593.1,59877.94,59113.92,59822.83,59822.83,2870000
2024-03-20,59822.83,59822.83,58996.57,59382.89,59382.89,7690000
2024-03-21,59382.89,59725.54,59206.61,59682.65,59682.65,2260000
2024-03-22,59682.65,60550.79,59259.48,60550.79,60550.79,5450000
2024-03-25,60550.79,60550.79,59289.95,59530.61,59530.61,2300000
2024-03-26,59530.61,60454.46,59400.59,60255.64,60255.64,9830000
2024-03-27,60255.64,60307.14,59447.81,60128.46,60128.46,2740000
2024-03-28,60128.46,60700.98,59659.99,60700.98,60700.98,3760000
2024-03-29,60700.98,60771.35,60066.96,60771.35,60771.35,2830000
2024-04-01,60771.35,61081.39,60382.88,60740.65,60740.65,2060000
2024-04-02,60740.65,60783.56,60117.35,60554.67,60554.67,3720000
2024-04-03,60554.67,60985.05,60261.89,60797.41,60797.41,4700000
2024-04-04,60797.41,60870.38,60521.21,60769.36,60769.36,1910000
2024-04-05,60769.36,60933.05,60262.29,60625.7,60625.7,2400000
2024-04-08,60625.7,60843.05,60457.53,60843.05,60843.05,3460000
2024-04-09,60843.05,60936.24,60062.45,60626.54,60626.54,1410000
2024-04-10,60626.54,60687.72,60064.92,60167.53,60167.53,2890000
2024-04-11,60167.53,61452.62,60102.07,60447.56,60447.56,5870000
2024-04-12,60447.56,60789.82,59921.46,60301.58,60301.58,2380000
2024-04-15,60301.58,60575.25,59885.39,60480.06,60480.06,3110000
2024-04-16,60480.06,60578.82,59717.16,60140.71,60140.71,1790000
2024-04-17,60140.71,60576.94,59679.51,60331.04,60331.04,6070000
2024-04-18,60331.04,60583.05,59954.14,60489.28,60489.28,1600000
2024-04-19,60489.28,60589.58,59772.37,59897.97,59897.97,2210000
2024-04-22,59897.97,60554.38,59689.71,60107.7,60107.7,928520
2024-04-23,60107.7,60319.32,59614.16,60119.58,60119.58,1590000
2024-04-24,60119.58,60482.43,59905.61,60482.43,60482.43,2730000
2024-04-25,60482.43,61076.42,59732.78,60049.67,60049.67,1950000
2024-04-26,60049.67,60511.68,59762.22,60314.98,60314.98,3020000
2024-04-29,60314.98,60597.03,59706.36,60272.31,60272.31,8610000
2024-04-30,60272.31,60461.57,59795.64,60331.28,60331.28,7380000
2024-05-02,60331.28,60600.02,59966.83,60122.56,60122.56,5250000
2024-05-08,60375.79,60393.71,59436.28,59941.9,59941.9,5910000
2024-05-09,59941.9,60068.71,59394.19,59546.1,59546.1,8270000
2024-05-10,59546.1,59963.34,59162.16,59949.25,59949.25,4630000
2024-05-13,59949.25,60133.82,59302.97,60058.65,60058.65,6670000
2024-05-14,60058.65,60292.24,59388.87,60268.13,60268.13,9290000
2024-05-15,60268.13,60352.67,59362.23,59884.37,59884.37,25260000
2024-05-16,59884.37,60079.4,57544.39,58836.0,58836.0,9700000
2024-05-17,58836.0,59256.97,58454.37,59256.97,59256.97,8140000
2024-05-20,59256.97,59384.03,58799.06,59384.03,59384.03,7290000
2024-05-21,59384.03,59384.03,58361.72,59120.89,59120.89,3860000
2024-05-22,59120.89,59314.94,58384.0,59272.47,59272.47,3610000
2024-05-23,59272.47,59300.65,58356.06,59039.73,59039.73,3120000
2024-05-24,59039.73,59115.4,58343.57,58826.12,58826.12,4210000
2024-05-27,58826.12,58879.87,58131.39,58294.88,58294.88,3430000
2024-05-28,58294.88,58468.59,57820.09,58448.21,58448.21,12930000
2024-05-29,58448.21,58687.29,57831.86,58687.29,58687.29,3320000
2024-05-30,58687.29,58985.38,57768.24,58919.56,58919.56,8380000
2024-05-31,58919.56,58990.36,58151.38,58932.26,58932.26,4990000
2024-06-03,58932.26,59208.26,58715.44,58957.58,58957.58,2780000
2024-06-04,58957.58,59119.92,58526.48,58996.76,58996.76,5810000
2024-06-05,58996.76,59297.03,58351.09,58795.66,58795.66,5140000
2024-06-06,58795.66,59465.15,58431.94,59432.11,59432.11,5130000
2024-06-07,59432.11,59699.25,58547.59,59434.14,59434.14,8500000
2024-06-10,59434.14,59651.74,58696.75,59432.01,59432.01,9180000
2024-06-11,59432.01,59432.01,58459.86,58954.65,58954.65,19310000
2024-06-12,58954.65,59076.81,58292.42,58879.73,58879.73,24070000
2024-06-13,58879.73,58912.54,58368.06,58806.46,58806.46,13440000
2024-06-14,58806.46,58806.46,58134.47,58449.3,58449.3,7350000
2024-06-17,58449.3,58916.79,58449.3,58888.18,58888.18,13900000
2024-06-18,58888.18,59180.57,58423.35,59154.7,59154.7,10060000
2024-06-19,59154.7,59154.7,58705.21,59082.89,59082.89,9270000
2024-06-20,59082.89,59276.45,58745.38,59167.26,59167.26,14660000
2024-06-21,59167.26,59214.97,58394.35,58920.93,58920.93,12410000
2024-06-25,58920.93,59059.2,58406.93,58771.15,58771.15,9870000
2024-06-26,58771.15,59014.3,58127.72,58694.21,58694.21,9850000
2024-06-27,58694.21,59038.76,58077.34,58767.56,58767.56,27840000
2024-06-28,58767.56,58921.68,57893.76,58767.53,58767.53,23460000
2024-07-01,58767.53,58767.53,58001.91,58118.42,58118.42,0
2024-07-02,58118.42,58535.79,57927.22,58535.79,58535.79,12640000
2024-07-03,58494.7383,58494.7383,57726.0586,57886.1289,57886.1289,28797616
2024-07-04,57886.1289,58422.0391,57682.4883,58311.9297,58311.9297,29029098
2024-07-05,57886.13,58422.04,57682.49,58311.93,58311.93,29030000
2024-07-07,58311.9297,58505.5703,57928.6289,58175.6406,58175.6406,58970880
2024-07-08,58311.9297,58505.5703,57928.6289,58175.6406,58175.6406,58970880
2024-07-09,58175.6406,58739.3906,58164.3711,58713.4805,58713.4805,15986325
2024-07-10,58713.4805,59207.1719,58431.3594,59077.3086,59077.3086,11960220
2024-07-11,59077.3086,59759.8281,58606.8789,59509.8398,59509.8398,12183197
2024-07-12,59509.8398,59783.9688,58886.6719,59755.1719,59755.1719,8005863
2024-07-14,59755.1719,60812.1094,59667.2891,59791.6992,59791.6992,21778472
2024-07-15,59755.1719,60812.1094,59667.2891,59791.6992,59791.6992,21778472
2024-07-16,59791.6992,60872.6016,59708.8516,60300.0508,60300.0508,20156956
2024-07-17,60300.0508,61134.8594,59982.5781,61117.9492,61117.9492,12526345
2024-07-18,61117.9492,61473.1719,60455.5703,61341.2109,61341.2109,7906472
2024-07-19,61341.2109,61391.9297,60452.2891,60983.2383,60983.2383,6018024
2024-07-21,60983.2383,61148.8398,60290.6602,60936.2188,60936.2188,11154830
2024-07-22,60983.2383,61148.8398,60290.6602,60936.2188,60936.2188,11154830
2024-07-23,60936.2188,61097.8281,60419.6016,60943.5586,60943.5586,4806179
2024-07-24,60943.5586,60943.5586,60254.1094,60463.0508,60463.0508,4541208
2024-07-25,60463.0508,60752.1406,59874.3086,60260.0508,60260.0508,44554100
2024-07-26,60260.0508,60788.1094,59777.3398,60522.9102,60522.9102,7888175
2024-07-28,60522.9102,60829.3906,60076.7695,60369.75,60369.75,4944101
2024-07-29,60522.9102,60829.3906,60076.7695,60369.75,60369.75,4944101
2024-07-30,60369.75,61145.2695,60369.75,60631.8203,60631.8203,18356396
2024-07-31,60631.8203,61236.4102,60443.2891,61166.8086,61166.8086,10865209
2024-08-01,61166.8086,61288.6016,60453.0391,61142.3281,61142.3281,8761948
2024-08-02,61142.3281,61142.3281,60228.1289,60887.0781,60887.0781,10373822
2024-08-04,60887.0781,60887.0781,57656.4609,58695.9688,58695.9688,20698624
2024-08-05,60887.0781,60887.0781,57656.4609,58695.9688,58695.9688,20698624
2024-08-06,58695.9688,59156.1094,57719.5117,58225.8203,58225.8203,21617528
2024-08-07,58225.8203,59006.3008,57603.9102,58444.6406,58444.6406,17423762
2024-08-08,58444.6406,58762.3789,57903.5586,58500.3594,58500.3594,8172359
2024-08-09,58500.3594,59458.7891,58458.3086,59430.6094,59430.6094,2189603
2024-08-12,59430.6094,59470.4492,58774.8516,59260.2891,59260.2891,11688215
2024-08-13,59260.2891,59318.3281,58806.5,59004.0,59004.0,5184347
2024-08-14,59004.0,59507.2383,58913.6289,59320.6719,59320.6719,5551194
2024-08-16,59320.6719,60082.4219,59213.6094,59952.9102,59952.9102,3738340
2024-08-19,59952.9102,60272.3203,59636.9102,60244.1406,60244.1406,3106804
2024-08-20,60244.1406,60387.8906,59774.2109,60369.3398,60369.3398,2848821
2024-08-21,60369.3398,60409.1797,59678.7617,60395.0117,60395.0117,3020943
2024-08-22,60395.0117,60531.9414,59899.6289,60531.9414,60531.9414,3115278
2024-08-23,60531.9414,60557.1094,59900.25,60557.1094,60557.1094,2433894
2024-08-26,60557.1094,60971.8984,60293.3906,60954.2695,60954.2695,2833529
2024-08-27,60954.2695,60988.0898,60094.6289,60584.6719,60584.6719,2568888
2024-08-28,60584.6719,60929.6094,59861.5117,59861.5117,59861.5117,3770369
2024-08-29,59861.5117,61041.7305,59737.9297,60852.8789,60852.8789,2387383
2024-08-30,60852.8789,60978.4414,59515.9688,60978.4414,60978.4414,18848944
2024-09-02,60978.4414,61130.6094,59981.0781,60859.6914,60859.6914,5208666
2024-09-03,60859.6914,60859.6914,59884.1719,60526.3984,60526.3984,6890613
2024-09-04,60526.3984,60952.7109,59504.8711,60823.5195,60823.5195,33420700
2024-09-05,60823.5195,61437.1719,60548.9297,60942.6406,60942.6406,71699600
2024-09-06,60942.6406,61122.9805,60048.3516,60605.9102,60605.9102,14698121
2024-09-09,60605.9102,60784.7813,60223.6289,60784.7813,60784.7813,5700888
2024-09-10,60784.7813,61245.6602,60556.3789,61234.3789,61234.3789,7615077
2024-09-11,61234.3789,61360.7383,60668.1797,61051.8203,61051.8203,10134714
2024-09-12,61051.8203,61209.6289,60357.2109,60666.6797,60666.6797,8136560
2024-09-13,60666.6797,60992.2695,60281.5781,60672.7188,60672.7188,2829691
2024-09-16,60672.7188,60944.6289,60389.1406,60915.2813,60915.2813,4588237
2024-09-17,60915.2813,61182.2891,60511.3281,61082.7188,61082.7188,2746932
2024-09-18,61082.7188,61502.2891,60855.0195,61366.9297,61366.9297,11474291
2024-09-19,61366.9297,61474.2305,60951.2188,61396.3906,61396.3906,6677618
2024-09-20,61396.3906,61689.9297,60861.0781,61529.1914,61529.1914,6899526
2024-09-23,61529.1914,61553.25,60900.6016,61211.1094,61211.1094,9844299
2024-09-24,61211.1094,61270.1992,60572.6914,61264.8398,61264.8398,4274025
2024-09-25,61264.8398,61366.6797,60558.4688,60942.0508,60942.0508,2124075
2024-09-26,60942.0508,61232.0195,60207.9688,60641.0195,60641.0195,29328720
2024-09-27,60641.0195,61665.5703,60641.0195,61549.7891,61549.7891,53882316
2024-09-30,61549.7891,62029.8984,61326.5,61916.3008,61916.3008,13684998
2024-10-01,61916.3008,62354.9492,61482.6914,61967.4297,61967.4297,6895301
2024-10-02,61967.4297,62153.8008,61301.3516,61902.0391,61902.0391,7439923
2024-10-03,61902.0391,62020.0898,61175.1914,61853.5898,61853.5898,2552769
2024-10-04,61853.5898,62045.0508,61353.2188,61744.6914,61744.6914,6616432
2024-10-07,61744.6914,61917.2695,61326.8086,61860.3281,61860.3281,4662301
2024-10-08,61860.3281,61860.3281,61030.0117,61644.1914,61644.1914,2355051
2024-10-09,61644.1914,61689.1016,60823.9414,61406.1289,61406.1289,12150678
2024-10-10,61406.1289,61484.5,60806.2617,60964.0195,60964.0195,8308505
2024-10-11,60964.0195,61521.8984,60553.3086,61458.5898,61458.5898,8452920
2024-10-14,61458.5898,61656.4492,60972.2305,61205.3984,61205.3984,6398442
2024-10-15,61205.3984,61399.9688,60702.9219,61280.8203,61280.8203,2670363
2024-10-16,61280.8203,61303.8711,60468.4297,61196.9609,61196.9609,1669801
2024-10-17,61196.9609,61398.0313,60686.3281,61247.2188,61247.2188,2218938
2024-10-18,61247.2188,61441.7813,60974.4609,61425.6992,61425.6992,4348611
2024-10-21,61425.6992,61570.8516,59928.6602,61167.9492,61167.9492,1645515
2024-10-22,61167.9492,61215.5,60672.8203,61073.2695,61073.2695,1656396
2024-10-23,61073.2695,62011.7617,61073.2695,61581.2305,61581.2305,4206586
2024-10-24,61581.2305,62071.4688,61364.0508,62023.2305,62023.2305,2951638
2024-10-25,62023.2305,62297.2695,61749.3398,62171.8594,62171.8594,2473343
2024-10-28,62171.8594,62386.8398,61885.8984,62376.1211,62376.1211,2021526
2024-10-29,62376.1211,62376.1211,61584.6992,61904.8594,61904.8594,3902074
2024-10-30,61904.8594,62024.1797,61043.5898,61545.75,61545.75,6405297
2024-10-31,61545.75,61679.2109,61025.7305,61545.6289,61545.6289,12506380
2024-11-01,61545.6289,61854.4297,60833.4805,61444.4805,61444.4805,6817676
2024-11-04,61444.4805,61775.9219,61038.0117,61201.1719,61201.1719,8593379
2024-11-05,61201.1719,61256.9297,60642.3711,61231.1992,61231.1992,3772829
2024-11-06,61231.1992,61398.4219,60113.0781,60285.5313,60285.5313,23903618
2024-11-07,60285.5313,60942.0,59973.9297,60270.3398,60270.3398,8423730
2024-11-08,60270.3398,60543.2383,60052.3203,60102.7188,60102.7188,16931144
2024-11-11,60102.7188,60636.4297,59731.8281,60636.4297,60636.4297,86447696
2024-11-12,60636.4297,61244.3008,60444.3516,61190.6992,61190.6992,13713953
2024-11-13,61190.6992,61719.0,60346.8906,61313.3789,61313.3789,13005639
2024-11-14,61313.3789,61408.8516,60203.5313,60608.4219,60608.4219,10829011
2024-11-15,60608.4219,60954.1719,59931.3398,60869.1797,60869.1797,2577354
2024-11-18,60869.1797,61087.3984,60003.7695,60672.5313,60672.5313,3548588
2024-11-19,60672.5313,60689.1719,59571.1484,59986.2383,59986.2383,3905841
2024-11-20,59986.2383,60712.8984,59843.5117,60291.8984,60291.8984,3483571
2024-11-21,60291.8984,60754.6992,59935.5508,60662.1211,60662.1211,2114269
2024-11-22,60662.1211,60746.4414,59982.9492,60622.5586,60622.5586,2277287
2024-11-25,60622.5586,60622.5586,59478.1914,59910.5586,59910.5586,4877943
2024-11-26,59910.5586,60728.6016,59723.1016,60623.3516,60623.3516,1355775
2024-11-27,60623.3516,60685.5586,59947.0781,60434.8203,60434.8203,1893630
2024-11-28,60434.8203,60743.5117,59773.7813,60142.5703,60142.5703,2178291
2024-11-29,60142.5703,60142.5703,59180.6094,59528.8594,59528.8594,6792863
2024-12-02,59528.8594,60203.7383,59237.25,59870.6602,59870.6602,6082411
2024-12-03,59870.6602,60152.2617,57900.3711,58033.5586,58033.5586,14333811
2024-12-04,58033.5586,58315.0391,56894.9883,58315.0391,58315.0391,24137056
2024-12-05,58315.0391,58435.6914,57090.5508,57397.7383,57397.7383,10847155
2024-12-06,57397.7383,58915.4219,56844.3008,58839.2617,58839.2617,35191424
2024-12-09,58839.2617,59650.5781,58319.4414,59407.0586,59407.0586,7170326
2024-12-10,59407.0586,59863.6289,58823.7813,59765.7109,59765.7109,9837892
2024-12-11,59765.7109,60351.0898,59595.7305,60351.0898,60351.0898,7165728
2024-12-12,60351.0898,61088.2305,60335.3008,61088.2305,61088.2305,5768251
2024-12-13,61088.2305,61905.0703,60538.8906,61787.0898,61787.0898,5872975
2024-12-16,61787.0898,62526.9492,61459.2383,61875.2813,61875.2813,6804339
2024-12-17,61875.2813,62122.9883,61304.5195,61650.9219,61650.9219,1287492
2024-12-18,61650.9219,61650.9219,60474.8516,61168.9805,61168.9805,4278643
2024-12-19,61168.9805,61232.3008,59837.6211,61232.3008,61232.3008,8403425
2024-12-20,61232.3008,61739.7188,60625.3086,61405.0313,61405.0313,4615960
2024-12-23,61405.0313,61533.8711,61119.1914,61313.5508,61313.5508,31004360
2024-12-27,61313.5508,61826.8281,60850.6094,61555.9219,61555.9219,2163377
2024-12-30,61555.9219,62020.4883,60947.2891,62020.4883,62020.4883,3576217
2025-01-03,62020.4883,62294.3984,61347.2813,61732.6406,61732.6406,2538662
2025-01-08,61732.6406,62452.2695,61454.9297,62284.4492,62284.4492,2517705
2025-01-09,62284.4492,62681.3906,62261.4219,62289.2109,62289.2109,2375044
2025-01-10,62289.2109,63293.6406,62063.3086,63165.9688,63165.9688,5400830
2025-01-13,63165.9688,63248.8008,61982.6289,62815.0117,62815.0117,2431745
2025-01-14,62815.0117,63124.7813,62239.3906,63005.6602,63005.6602,3422348
2025-01-15,63005.6602,63135.9414,61925.25,63092.2617,63092.2617,2435132
2025-01-16,63092.2617,63463.9688,62157.2813,63197.1211,63197.1211,8035277
2025-01-17,63197.1211,63376.6719,62379.9102,63133.3281,63133.3281,2469847
2025-01-20,63133.3281,63200.3906,62296.5898,62990.7383,62990.7383,16652254
2025-01-21,62990.7383,62990.7383,61958.2305,62765.5898,62765.5898,8808541
2025-01-22,62765.5898,63608.7695,62765.5898,63013.7695,63013.7695,45355032
2025-01-23,63013.7695,63865.9688,62904.3789,63816.7383,63816.7383,3074622
2025-01-27,63816.7383,63816.7383,62696.6289,63237.8711,63237.8711,4183736
2025-01-28,63237.8711,63605.3008,62793.4219,63457.3906,63457.3906,4935962
2025-01-29,63457.3906,63862.3789,62122.3008,62377.4219,62377.4219,5296809
2025-01-30,62377.4219,62958.9609,62112.0,62958.9609,62958.9609,1472139
2025-01-31,62958.9609,63063.3281,62143.1406,62990.1289,62990.1289,2524239
2025-02-03,62990.1289,63198.5195,62122.9297,62950.9883,62950.9883,5815643
2025-02-04,62950.9883,63055.8711,62021.7188,62312.7891,62312.7891,7436925
2025-02-05,62312.7891,62930.4414,61954.0313,62669.4609,62669.4609,11220282
2025-02-06,62669.4609,62956.1406,61816.5117,62680.7188,62680.7188,7159747
2025-02-07,62680.7188,62881.3516,61921.5117,62702.6992,62702.6992,6373124
2025-02-10,62702.6992,62845.5313,61729.0,62249.6289,62249.6289,7965698
2025-02-11,62249.6289,62585.1914,61493.0391,62278.7383,62278.7383,8346706
2025-02-12,62278.7383,62405.5508,61734.2383,62261.8906,62261.8906,3354781
2025-02-13,62261.8906,62633.5,61663.7617,62511.0,62511.0,3616941
2025-02-14,62511.0,62785.3789,61852.0703,62665.6719,62665.6719,5107964
2025-02-17,62665.6719,62924.7188,62065.2188,62924.7188,62924.7188,6467372
2025-02-18,62924.7188,63079.0391,62086.0,62603.5898,62603.5898,3951525
2025-02-19,62603.5898,62753.0781,62064.4219,62339.3398,62339.3398,5205881
2025-02-20,62339.3398,62639.6016,61704.0391,62218.9414,62218.9414,6331001
2025-02-21,62218.9414,62416.1406,61297.6602,62166.6016,62166.6016,3418260
2025-02-24,62166.6016,62206.2383,61060.4805,61985.7617,61985.7617,3524402
2025-02-25,61985.7617,62205.5781,61111.5117,62205.5781,62205.5781,1910706
2025-02-26,62205.5781,62401.0898,61260.8789,62359.6602,62359.6602,2057309
2025-02-27,62359.6602,62407.8398,61445.5391,62180.4609,62180.4609,2252167
2025-02-28,62180.4609,62529.3281,61350.6094,61947.5703,61947.5703,2316243
2025-03-03,61947.5703,62128.0781,61287.9414,62128.0781,62128.0781,2308192
2025-03-04,62128.0781,62266.6602,61120.3594,61453.6914,61453.6914,50243928
2025-03-05,61453.6914,61887.5313,60847.3086,61508.2188,61508.2188,3331144
2025-03-06,61508.2188,61741.3594,61063.8984,61680.0781,61680.0781,2786849
2025-03-20,62683.7813,62757.2383,61608.0391,62474.75,62474.75,8225888
2025-03-24,62589.3398,62589.3398,61472.6992,62068.5586,62068.5586,0
2025-03-25,62068.5586,62317.9609,61540.9883,61728.0195,61728.0195,3138975
2025-03-26,61728.0195,62292.6992,61559.1914,61935.2383,61935.2383,0
2025-03-27,61935.2383,62620.3711,60124.6094,60124.6094,60124.6094,0
2025-03-28,60124.6094,61248.8281,59752.8281,59752.8281,59752.8281,3079961
2025-03-31,59752.8281,61024.6719,59650.9609,60649.0586,60649.0586,0
2025-04-01,60649.0586,60966.7305,59976.5898,60779.8281,60779.8281,0
2025-04-02,60779.8281,61120.9883,60034.1797,61072.8984,61072.8984,0
2025-04-03,61072.8984,61072.8984,60073.5313,60865.1992,60865.1992,0
2025-04-04,60865.1992,60865.1992,58962.7891,59479.0313,59479.0313,0
2025-04-07,59479.0313,59479.0313,57778.8711,59115.6992,59115.6992,0
2025-04-08,59115.6992,59917.9102,58680.0117,59843.1406,59843.1406,0
2025-04-09,59843.1406,59843.1406,58156.9297,59303.6289,59303.6289,0
2025-04-10,59303.6289,60448.9805,59066.4883,59912.9492,59912.9492,0
2025-04-11,59912.9492,60247.4805,59278.6406,60187.9883,60187.9883,0
2025-04-14,60187.9883,60892.9102,59288.5,60351.9414,60351.9414,0
2025-04-15,60351.9414,61033.8281,59232.5508,60019.6719,60019.6719,0
2025-04-16,60019.6719,60399.3711,59430.0508,60122.5508,60122.5508,0
2025-04-17,60122.5508,60641.6602,59716.1602,60535.9492,60535.9492,0
2025-04-22,60535.9492,60753.2305,59854.5586,60753.2305,60753.2305,0
2025-04-23,60753.2305,61051.8789,60258.2305,60935.6094,60935.6094,0
2025-04-24,60935.6094,60995.7305,59611.3398,60595.7813,60595.7813,0
2025-04-25,60595.7813,60746.6797,59899.7695,60596.1719,60596.1719,0
2025-04-28,60596.1719,60729.8281,59758.9219,60729.8281,60729.8281,0
2025-04-29,60729.8281,61466.5508,60118.8711,61416.5703,61416.5703,0
2025-04-30,61416.5703,61549.6992,60311.8711,61049.8594,61049.8594,0
2025-05-02,61049.8594,61293.1602,60335.3594,60917.5117,60917.5117,0
2025-05-05,60917.5117,60917.5117,58232.9219,59036.6992,59036.6992,0
2025-05-06,59036.6992,59036.6992,57296.0,58198.5117,58198.5117,0
2025-05-07,58198.5117,58488.2109,57201.9492,57959.2305,57959.2305,0
2025-05-08,57959.2305,57961.6484,57038.1797,57538.3789,57538.3789,0
2025-05-09,57538.3789,57704.5313,56604.3711,57644.5898,57644.5898,0
2025-05-12,57644.5898,57863.9492,56874.2383,57863.9492,57863.9492,0
2025-05-13,57863.9492,58069.2188,57073.6211,58069.2188,58069.2188,0
2025-05-14,58069.2188,58069.2188,56616.2813,57320.3594,57320.3594,0
2025-05-15,57320.3594,57360.0703,55881.6719,56698.2891,56698.2891,0
2025-05-16,56698.2891,57957.8516,55989.0,57957.8516,57957.8516,0
2025-05-19,57957.8516,59631.8203,57847.2188,59459.0391,59459.0391,0
2025-05-20,59459.0391,59618.5313,58674.1406,59563.0313,59563.0313,0
2025-05-21,59563.0313,59901.2188,58152.2891,59546.3594,59546.3594,0
2025-05-22,59546.3594,59546.3594,57593.3984,59008.4297,59008.4297,0
2025-05-23,59008.4297,59089.7383,58289.9609,58842.3906,58842.3906,0
2025-05-26,58842.3906,59826.1484,58350.1992,59826.1484,59826.1484,0
2025-05-27,59826.1484,59865.7891,58109.9492,59215.5,59215.5,0
2025-05-28,59215.5,59301.2383,58214.8789,58928.8008,58928.8008,0
2025-05-29,58928.8008,58928.8008,57995.5195,58828.1094,58828.1094,0
2025-05-30,58828.1094,58828.1094,58011.6406,58617.9883,58617.9883,0
2025-06-02,58617.9883,58726.5195,58083.2813,58678.6406,58678.6406,0
2025-06-03,58678.6406,59317.1992,57953.3594,59317.1992,59317.1992,0
2025-06-04,59317.1992,59371.3711,58501.9492,59235.6719,59235.6719,0
2025-06-05,59235.6719,59794.9414,58569.4883,59782.5313,59782.5313,0
2025-06-06,59782.5313,59782.5313,58922.5586,59695.3711,59695.3711,0
2025-06-10,59695.3711,60274.6289,59088.1992,60133.6289,60133.6289,0
2025-06-11,60133.6289,60277.3086,59266.4219,60204.4688,60204.4688,0
2025-06-12,60204.4688,60582.1914,59213.6719,60582.1914,60582.1914,0
2025-06-13,60582.1914,61035.9609,60049.6484,60839.1797,60839.1797,0
2025-06-16,60839.1797,61701.8594,60374.7109,61701.8594,61701.8594,0
2025-06-17,61701.8594,61808.1289,60565.75,61386.0,61386.0,0
2025-06-18,61386.0,61567.9297,60492.8984,61443.6289,61443.6289,0
2025-06-19,61443.6289,62096.4414,60758.0117,61723.2383,61723.2383,0
2025-06-20,61723.2383,61723.2383,60517.5,61199.0586,61199.0586,0
2025-06-23,61199.0586,61739.1797,60669.7891,61451.8789,61451.8789,0
2025-06-24,61451.8789,61558.3594,60473.6016,60985.8906,60985.8906,0
2025-06-25,60985.8906,61152.7813,60363.8594,60824.0313,60824.0313,0
2025-06-26,60824.0313,61065.1797,60159.1797,60952.9219,60952.9219,0
2025-06-27,60952.9219,61318.0781,60132.6797,61289.5508,61289.5508,0
2025-06-30,61289.5508,61569.9492,60196.6992,60830.0586,60830.0586,0
2025-07-01,60830.0586,60905.6094,60136.4883,60588.7617,60588.7617,0
2025-07-02,60588.7617,61361.7383,60021.6797,61000.1602,61000.1602,0
2025-07-03,61000.1602,61391.8008,60573.6289,61339.0898,61339.0898,0
2025-07-04,61339.0898,61606.7305,60637.8281,61449.2109,61449.2109,0
2025-07-07,61449.2109,61613.3008,60346.1484,61171.8398,61171.8398,0
2025-07-08,61171.8398,61362.9883,60539.3711,61196.1016,61196.1016,0
2025-07-09,61196.1016,61707.9297,60633.9297,61683.0117,61683.0117,0
2025-07-10,61683.0117,62342.9883,61239.3789,61572.7617,61572.7617,0
2025-07-11,61572.7617,62261.9414,60979.6797,61868.6992,61868.6992,0
2025-07-14,61868.6992,62008.2305,60897.8984,61835.6719,61835.6719,0
2025-07-15,61835.6719,62425.4414,61402.0391,62365.6914,62365.6914,0
2025-07-16,62365.6914,62468.6094,61388.9883,62172.9688,62172.9688,0
2025-07-17,62172.9688,62719.75,61606.2891,62328.1914,62328.1914,0
2025-07-18,62328.1914,62655.4688,61582.1719,62322.3711,62322.3711,0
2025-07-21,62322.3711,62497.0,61645.9805,62318.0313,62318.0313,0
2025-07-22,62318.0313,62610.6484,61692.4805,62598.1914,62598.1914,0
2025-07-23,62598.1914,62598.1914,61602.7383,62314.2383,62314.2383,0
2025-07-24,62314.2383,62672.8516,61773.3516,62669.0391,62669.0391,0
2025-07-25,62669.0391,62889.8906,61807.6602,62535.7695,62535.7695,0
2025-07-28,62535.7695,62819.8281,62005.3516,62807.3711,62807.3711,0
2025-07-29,62807.3711,63500.3594,62233.3281,63164.2383,63164.2383,0
2025-07-30,63164.2383,63449.6211,62697.1992,63389.9102,63389.9102,0
2025-07-31,63389.9102,63803.0586,62843.0703,63794.3203,63794.3203,0
2025-08-01,63794.3203,63973.8281,62998.9492,63961.3711,63961.3711,0
2025-08-04,63961.3711,64804.4688,63794.75,64724.4688,64724.4688,0
2025-08-05,64724.4688,65053.5586,64048.7109,64949.0898,64949.0898,0
2025-08-06,64949.0898,65330.9883,64527.8906,65099.1797,65099.1797,0
2025-08-07,65099.1797,65330.4297,64474.3203,64885.1797,64885.1797,0
2025-08-08,64885.1797,65863.7969,64633.7695,65764.1484,65764.1484,0
2025-08-11,65764.1484,66068.8828,65151.9102,65838.3203,65838.3203,0
2025-08-12,65838.3203,66003.3594,65131.4609,65801.8984,65801.8984,0
2025-08-13,65801.8984,66248.6797,65242.3984,66248.6797,66248.6797,0
2025-08-14,66248.6797,66387.2109,65284.25,66234.6484,66234.6484,0
2025-08-18,66234.6484,67698.0391,65582.5078,66876.4688,66876.4688,0
2025-08-19,66876.4688,68898.5234,66798.4609,68807.3125,68807.3125,0
2025-08-20,68807.3125,69222.3438,68108.7969,69222.3438,69222.3438,0
2025-08-21,69222.3438,69822.8281,68420.6016,68985.4219,68985.4219,0
2025-08-22,68985.4219,69846.4922,68911.7266,69717.0781,69717.0781,0
2025-08-25,69717.0781,70910.7891,69129.9609,70910.7891,70910.7891,0
2025-08-26,70910.7891,71438.2813,70592.3516,71208.4297,71208.4297,0
2025-08-27,71208.4297,71818.2266,70722.6875,71227.1172,71227.1172,0
2025-08-28,71227.1172,71974.2578,70746.9375,71780.4219,71780.4219,0
2025-08-29,71780.4219,72058.7422,70810.5313,71222.3984,71222.3984,0
2025-09-01,71222.3984,71579.7031,70463.1172,71579.7031,71579.7031,0
2025-09-02,71579.7031,71878.6406,70862.8203,71866.1797,71866.1797,0
2025-09-03,71866.1797,71911.8672,70993.5078,71876.5078,71876.5078,0
2025-09-04,71876.5078,72917.6875,71876.5078,72892.7734,72892.7734,0
2025-09-05,72892.7734,73102.6563,72317.4219,72957.2422,72957.2422,0
2025-09-08,72957.2422,73860.2969,72870.2578,73675.3281,73675.3281,0
2025-09-09,73675.3281,74198.5391,73314.7188,74057.4531,74057.4531,0
2025-09-10,74057.4531,74092.4063,73244.0313,73853.7422,73853.7422,0
2025-09-11,73853.7422,74158.9063,72636.6328,73782.1172,73782.1172,0
2025-09-12,73782.1172,73897.6172,72527.8438,73651.1563,73651.1563,0
2025-09-15,73651.1563,73860.7891,72901.0078,73860.7891,73860.7891,0
2025-09-16,73860.7891,74031.4766,73083.1719,73936.1719,73936.1719,0
2025-09-17,73936.1719,73936.1719,73104.6875,73717.8438,73717.8438,0
2025-09-18,73717.8438,73949.8828,73282.4609,73912.5078,73912.5078,0
2025-09-19,73912.5078,74100.8594,73213.3594,73763.2188,73763.2188,0
2025-09-22,73763.2188,74006.9063,73073.4609,73524.6719,73524.6719,0
2025-09-23,73524.6719,73628.0625,72483.0078,73312.8125,73312.8125,0
2025-09-24,73312.8125,73627.4688,72617.3281,73627.4688,73627.4688,0
2025-09-25,73627.4688,73901.9531,72673.3984,73507.0781,73507.0781,0
2025-09-26,73507.0781,74576.9219,72747.1016,74218.1875,74218.1875,0
2025-09-29,74218.1875,74922.7188,74077.0313,74819.9688,74819.9688,0
2025-09-30,74819.9688,75642.7891,73771.1172,75491.5391,75491.5391,0
2025-10-01,75491.5391,75491.5391,74129.5234,75009.9063,75009.9063,0
2025-10-02,75009.9063,75565.75,74188.9922,75395.8516,75395.8516,0
2025-10-03,75395.8516,76908.5469,74680.4297,76424.5391,76424.5391,0
2025-10-06,76424.5391,78564.0781,76228.7813,78552.5,78552.5,0
2025-10-07,78552.5,80779.9766,78438.3203,79513.3125,79513.3125,0
2025-10-08,79513.3125,79977.1094,78538.6094,79531.3984,79531.3984,0
2025-10-09,79531.3984,79654.7266,78501.7734,78786.9375,78786.9375,0
2025-10-10,78786.9375,78911.0234,77987.3203,78308.7266,78308.7266,0
2025-10-13,78308.7266,78889.9688,77638.25,78889.9688,78889.9688,0
2025-10-14,78889.9688,79167.7188,77832.1328,78837.6016,78837.6016,0
2025-10-15,78837.6016,78967.6016,77998.1563,78906.6484,78906.6484,0
2025-10-16,78906.6484,79042.5313,78062.0781,79042.5313,79042.5313,0
2025-10-17,79042.5313,79080.7266,78216.5,79011.4531,79011.4531,0
2025-10-20,79011.4531,79011.4531,77717.3828,78473.9375,78473.9375,0
2025-10-21,78473.9375,78972.3203,77847.0,78972.3203,78972.3203,0
2025-10-22,78972.3203,79363.9531,78280.4297,79363.9531,79363.9531,0
2025-10-23,79363.9531,81332.3516,78419.8984,81332.3516,81332.3516,0
2025-10-24,81332.3516,83980.4922,80276.9219,83141.2109,83141.2109,0
2025-10-27,83141.2109,83532.3828,81850.7891,83354.7031,83354.7031,0
2025-10-28,83354.7031,83584.1484,81431.1875,81828.8984,81828.8984,0
2025-10-29,81828.8984,82220.0703,80606.4609,80908.2109,80908.2109,0
2025-10-30,80908.2109,81805.3672,79372.9063,79384.4922,79384.4922,0
2025-10-31,79384.4922,80456.0,78943.0469,80316.1797,80316.1797,0
2025-11-03,80316.1797,80827.2969,79405.1875,80319.2188,80319.2188,0
2025-11-04,80319.2188,81073.8203,79519.4375,80996.0469,80996.0469,0
2025-11-05,80996.0469,81981.75,80433.4531,81835.6094,81835.6094,0
2025-11-06,81835.6094,84988.3828,81593.9609,84988.3828,84988.3828,0
2025-11-07,84988.3828,85983.9688,83638.2109,85906.2109,85906.2109,0
2025-11-10,85906.2109,86342.9375,84889.1719,86086.5078,86086.5078,0
2025-11-11,86086.5078,86790.5781,85390.8672,86339.4688,86339.4688,0
2025-11-12,86339.4688,88375.1016,85455.6719,88375.1016,88375.1016,0
2025-11-13,88375.1016,88506.1094,86636.5313,88431.0938,88431.0938,0
2025-11-14,88431.0938,89575.5391,87380.9922,88566.3984,88566.3984,0
2025-11-17,88566.3984,89785.3828,88225.4219,88753.4375,88753.4375,0
2025-11-18,88753.4375,90654.5781,88672.8906,90368.2266,90368.2266,0
2025-11-19,90368.2266,92498.7578,89868.9063,90815.2188,90815.2188,0
2025-11-20,90815.2188,90815.2188,89019.0,89841.1094,89841.1094,0
2025-11-21,89841.1094,89841.1094,87398.7188,88044.5781,88044.5781,0
2025-11-24,88044.5781,89278.3438,87919.3516,89278.3438,89278.3438,0
2025-11-25,89278.3438,89960.2891,88813.1016,89827.9219,89827.9219,0
2025-11-26,89827.9219,90635.1719,89205.4531,90530.1094,90530.1094,0
2025-11-27,90530.1094,91175.7109,90170.0,91175.7109,91175.7109,0
2025-11-28,91175.7109,91175.7109,90173.8672,90254.4219,90254.4219,0
2025-12-02,90254.4219,90936.8281,89803.1328,90859.0234,90859.0234,0
2025-12-03,90859.0234,91187.1172,90146.7031,91187.1172,91187.1172,0
2025-12-04,91187.1172,91210.2734,90490.0391,91152.9531,91152.9531,0
2025-12-05,91152.9531,91967.6406,90911.2969,91587.5703,91587.5703,0
2025-12-08,91587.5703,91922.5938,90843.6875,91787.4063,91787.4063,0
2025-12-09,91787.4063,92553.7422,91419.0625,92499.1172,92499.1172,0
2025-12-10,92499.1172,93046.25,91916.1172,92855.8672,92855.8672,0
2025-12-11,92855.8672,93118.4531,91825.4219,92547.3984,92547.3984,0
2025-12-12,92547.3984,93284.4688,92294.8828,92985.4531,92985.4531,0
2025-12-15,92985.4531,93237.3594,92412.8203,92957.7422,92957.7422,0
2025-12-16,92957.7422,93577.6719,92680.6563,93104.7266,93104.7266,0
2025-12-17,93104.7266,93206.6406,91606.5469,92628.5781,92628.5781,0
2025-12-18,92628.5781,92674.8906,91224.8594,92031.2188,92031.2188,0
2025-12-19,92031.2188,92132.1484,90818.4297,91629.8828,91629.8828,0
2025-12-22,91629.8828,91998.8438,90514.8594,91349.5625,91349.5625,0
2025-12-23,91349.5625,91908.1563,91113.3906,91378.0078,91378.0078,0
2025-12-29,91378.0078,91540.7422,90502.0469,90901.7188,90901.7188,0
2025-12-30,90901.7188,91231.75,90362.6563,90620.3594,90620.3594,0
2026-01-05,90620.3594,91547.25,90290.0078,91369.2031,91369.2031,0
2026-01-08,91369.2031,92244.6406,91205.8906,92244.6406,92244.6406,0
2026-01-09,92244.6406,92716.5469,91884.2266,92624.8984,92624.8984,0
2026-01-12,92624.8984,95312.1875,92624.8984,95150.3203,95150.3203,0
2026-01-13,95150.3203,95609.9531,93566.0313,94551.3594,94551.3594,0
2026-01-14,94551.3594,95595.6797,94205.0078,95595.6797,95595.6797,0
2026-01-15,95595.6797,98128.1172,94907.7891,98128.1172,98128.1172,0
2026-01-16,98128.1172,101138.7266,98128.1172,100977.4297,100977.4297,0
2026-01-19,100977.4297,101974.8438,99492.75,101852.75,101852.75,0
2026-01-20,101852.75,101950.1172,100519.1328,101129.1172,101129.1172,0
2026-01-21,101129.1172,101605.7813,99666.2109,100610.25,100610.25,0
2026-01-22,100610.25,101579.6406,100112.7109,101392.0391,101392.0391,0
2026-01-23,101392.0391,101684.7734,100657.3125,101608.0625,101608.0625,0
2026-01-26,101608.0625,103385.75,101106.1484,103307.8906,103307.8906,0
2026-01-27,103307.8906,105086.7422,102657.6172,103988.5781,103988.5781,0
2026-01-28,103988.5781,105684.7266,103043.0,105684.7266,105684.7266,0
2026-01-29,105684.7266,105723.6563,102923.5625,103377.5625,103377.5625,0
2026-01-30,103377.5625,104103.4063,102786.8516,103391.1563,103391.1563,0
2026-02-02,103391.1563,103469.0234,100599.3438,103338.8516,103338.8516,0
2026-02-03,103338.8516,103580.7969,102010.1563,103300.4297,103300.4297,0
2026-02-04,103300.4297,104846.2578,102267.8203,104846.2578,104846.2578,0
2026-02-05,104846.2578,105007.5625,102559.1016,103126.4688,103126.4688,0
2026-02-06,103126.4688,104214.0625,102341.5234,104214.0625,104214.0625,0
2026-02-09,104214.0625,104861.3828,103213.4375,104848.5078,104848.5078,0
2026-02-10,104848.5078,105995.0703,104163.5078,104741.5234,104741.5234,0
2026-02-11,104741.5234,106458.1406,104660.8672,106458.1406,106458.1406,0
2026-02-12,106458.1406,106857.6406,105066.3594,106422.3828,106422.3828,0
2026-02-13,106422.3828,107361.2422,104858.1328,107361.2422,107361.2422,0
2026-02-16,107361.2422,107915.8594,106523.0234,107704.4375,107704.4375,0
2026-02-17,107704.4375,110183.75,107623.7891,109595.8984,109595.8984,0
2026-02-18,109595.8984,110225.1484,108958.7109,110225.1484,110225.1484,0
2026-02-19,110225.1484,110769.1406,109421.5703,110745.9531,110745.9531,0
2026-02-20,110745.9531,112420.6484,110469.0469,111563.0469,111563.0469,0
2026-02-23,111563.0469,112008.1875,111149.2266,111395.5625,111395.5625,0
2026-02-24,111395.5625,111457.9766,110006.4922,110794.7578,110794.7578,0
2026-02-25,110794.7578,110887.4922,109216.9219,109695.3594,109695.3594,0
2026-02-26,109695.3594,109695.3594,103399.5469,104401.1875,104401.1875,0
2026-02-27,104401.1875,105151.8203,102561.2734,102750.8672,102750.8672,0
2026-03-02,102750.8672,102750.8672,99878.2422,100640.4375,100640.4375,0
2026-03-03,100640.4375,100922.8906,98356.0469,98371.3672,98371.3672,0
2026-03-04,98371.3672,99393.1328,98174.8125,98971.6406,98971.6406,0
2026-03-05,98971.6406,100588.2891,98971.6406,100303.6016,100303.6016,0
2026-03-06,100303.6016,101392.9531,100080.6875,100793.6016,100793.6016,0
2026-03-09,100793.6016,100797.0938,99380.4766,100133.1172,100133.1172,0
2026-03-10,100133.1172,101245.4297,99902.9219,101222.5,101222.5,0
2026-03-11,101222.5,102170.7891,100960.1328,102170.7891,102170.7891,0
2026-03-12,102170.7891,102296.9688,100809.9766,101481.3516,101481.3516,0
2026-03-13,101481.3516,101681.5781,100992.9375,101496.0469,101496.0469,0
2026-03-16,101496.0469,102519.8516,101109.3281,102473.4922,102473.4922,0
2026-03-17,102473.4922,102620.0391,101073.8281,102050.8281,102050.8281,0
2026-03-18,102050.8281,102259.9297,100800.5313,101100.5234,101100.5234,0
2026-03-19,101100.5234,101331.1094,99723.1406,100923.4766,100923.4766,0
2026-03-20,100923.4766,100923.4766,99741.9063,100481.5234,100481.5234,0
2026-03-23,100481.5234,100567.4922,98999.5625,100331.8438,100331.8438,0
2026-03-24,100331.8438,100437.5391,98876.9063,99174.2734,99174.2734,0
2026-03-25,99174.2734,99753.7109,98925.1797,99054.7109,99054.7109,0
2026-03-26,99054.7109,100913.4375,99054.7109,100029.5469,100029.5469,0
2026-03-27,100029.5469,100310.1875,98433.0703,98972.3281,98972.3281,0
2026-03-30,98972.3281,99515.2891,98511.5313,98860.9297,98860.9297,0
2026-03-31,98860.9297,98939.3203,96667.2031,97580.9531,97580.9531,0
2026-04-01,97580.9531,98150.0625,96837.4531,97144.1875,97144.1875,0
2026-04-02,97144.1875,97498.1484,96572.8281,97201.7813,97201.7813,0
2026-04-03,97201.7813,97717.5391,96456.0078,97673.5391,97673.5391,0
2026-04-06,97673.5391,98460.4609,96459.0313,98387.4688,98387.4688,0
2026-04-07,98387.4688,99376.2578,97744.8828,99121.8125,99121.8125,0
2026-04-08,99121.8125,101143.1484,99121.8125,100974.2578,100974.2578,0
2026-04-09,100974.2578,101127.5703,99961.9766,100620.2266,100620.2266,0
2026-04-14,100620.2266,101472.8125,100333.6016,101172.2422,101172.2422,0
2026-04-15,101172.2422,104326.9766,100924.0938,104018.6172,104018.6172,0
2026-04-16,104018.6172,105650.6406,103741.1094,105229.2734,105229.2734,0
2026-04-17,105229.2734,105475.5703,103170.8203,104229.8594,104229.8594,0
2026-04-20,104229.8594,104373.6328,100853.1797,101497.8516,101497.8516,0
2026-04-21,101497.8516,101497.8516,99041.5703,100759.2266,100759.2266,0
2026-04-22,100759.2266,101484.1484,99809.9922,101484.1484,101484.1484,0
2026-04-23,101484.1484,101761.9531,99892.2891,100374.2891,100374.2891,0
2026-04-24,100374.2891,101210.7891,100071.5078,101111.0078,101111.0078,0
2026-04-27,101111.0078,101111.0078,99699.4063,99884.9297,99884.9297,0
2026-04-28,99884.9297,99884.9297,97877.1016,98633.1797,98633.1797,0
2026-04-29,98633.1797,98633.1797,97525.1797,98280.4766,98280.4766,0
2026-04-30,98280.4766,98405.3984,97193.3672,98133.4922,98133.4922,0
2026-05-04,98133.4922,98585.1484,97317.4922,98412.3984,98412.3984,0
2026-05-05,98412.3984,99236.2813,96987.5313,99236.2813,99236.2813,0
2026-05-06,99236.2813,101735.7734,98806.8594,101584.0078,101584.0078,0
2026-05-07,101584.0078,105442.5391,101391.7422,103221.9688,103221.9688,0
2026-05-08,103221.9688,103504.9531,102135.9609,102780.75,102780.75,0
2026-05-11,102780.75,103723.6172,102284.3438,103069.9375,103069.9375,0
2026-05-12,103069.9375,103241.1875,101884.4609,103088.8672,103088.8672,0
2026-05-13,103088.8672,103523.9609,101954.9063,102571.8672,102571.8672,0
2026-05-14,102571.8672,103691.5625,102075.9766,103597.1563,103597.1563,0
2026-05-15,103597.1563,105132.8281,102832.5938,104551.3906,104551.3906,0
2026-05-18,104551.3906,105371.2578,103561.4531,104782.1406,104782.1406,0
2026-05-19,104782.1406,105923.6016,104202.9219,105534.5391,105534.5391,0
2026-05-20,105534.5391,106419.7734,105157.6875,106008.7031,106008.7031,0
2026-05-21,106008.7031,106432.7578,105459.1406,105934.0313,105934.0313,0
2026-05-22,105934.0313,107262.0234,105562.0,106450.2031,106450.2031,0
2026-05-25,106450.2031,106990.5469,105562.2188,106550.6875,106550.6875,0
2026-05-26,106550.6875,106550.6875,105876.8281,106396.7266,106396.7266,0
2026-05-27,106396.7266,106510.4531,105699.8984,106082.5234,106082.5234,0
2026-05-28,106082.5234,106607.2734,104971.4297,105948.2109,105948.2109,0
2026-05-29,105948.2109,105948.2109,104557.0234,105768.8281,105768.8281,0
2026-06-02,105768.8281,106036.8438,103576.6875,104935.0234,104935.0234,0
2026-06-03,104935.0234,105389.0078,102324.5938,103803.6484,103803.6484,0
2026-06-04,103803.6484,104143.3984,102542.1016,103147.1172,103147.1172,0
2026-06-05,103147.1172,103147.1172,101070.6328,101309.8984,101309.8984,0
2026-06-08,101309.8984,101480.6094,100237.6406,100948.7734,100948.7734,0
2026-06-09,100948.7734,101097.25,100087.5703,101097.25,101097.25,0
2026-06-10,101097.25,101405.9688,100195.4063,100938.5625,100938.5625,0
2026-06-11,100938.5625,101783.4063,99807.8516,101545.8906,101545.8906,0
2026-06-12,101545.8906,104569.0703,101545.8906,104017.8906,104017.8906,0
2026-06-15,104017.8906,104805.3203,103054.1875,104677.7188,104677.7188,0
2026-06-16,104677.7188,104825.6328,103437.7188,104742.6797,104742.6797,0
2026-06-17,104742.6797,104884.2734,103394.1719,104146.4609,104146.4609,0
2026-06-18,104146.4609,104806.9766,103920.0391,104806.9766,104806.9766,0
2026-06-19,104806.9766,104948.1563,103906.1406,104008.1328,104008.1328,0
2026-06-22,104008.1328,104367.3203,103133.8438,103603.4375,103603.4375,0
2026-06-23,103603.4375,103995.4219,102633.6406,103356.3438,103356.3438,0
2026-06-24,103356.3438,104025.7188,102698.1797,103508.2031,103508.2031,0
2026-06-25,103508.2031,104257.0078,102880.9922,104257.0078,104257.0078,0
2026-06-26,104257.0078,104257.0078,103245.9375,104070.0625,104070.0625,0
2026-06-29,104070.0625,104641.7813,103419.0078,104375.1016,104375.1016,0
2026-06-30,104375.1016,104637.2422,103634.2813,104406.8906,104406.8906,0
2026-07-01,104406.8906,105255.1172,104228.8438,105255.1172,105255.1172,0
2026-07-02,105255.1172,106389.1797,105051.2109,106389.1797,106389.1797,0
2026-07-03,106389.1797,107452.7578,105570.9922,106920.9063,106920.9063,0
2026-07-06,106920.9063,107617.0234,106238.2031,107617.0234,107617.0234,0
2026-07-07,107617.0234,107647.6016,106255.7188,107565.4766,107565.4766,0
2026-07-08,107565.4766,107565.4766,105630.1563,106457.2031,106457.2031,0
2026-07-09,106457.2031,106606.1094,105705.0078,106606.1094,106606.1094,0
2026-07-10,106606.1094,106831.5391,105208.1563,106090.9531,106090.9531,0
2026-07-13,106090.9531,106519.3125,105436.9531,106190.1797,106190.1797,0
2026-07-14,106190.1797,106951.5781,105312.0625,106172.5703,106172.5703,0
2026-07-15,106172.5703,107285.4063,105513.6484,107037.0234,107037.0234,0
2026-07-16,107037.0234,107988.8281,106873.6328,107923.0781,107923.0781,0
2026-07-17,107923.0781,108476.4688,107126.9063,108476.4688,108476.4688,0
2026-07-20,108476.4688,108516.7578,107341.0,107951.8516,107951.8516,0
2026-07-21,107951.8516,108965.8828,107019.8984,108773.2188,108773.2188,0
2026-07-22,108773.2188,108901.6172,107968.3438,108776.2422,108776.2422,0
2026-07-23,108776.2422,109356.6875,107289.8672,107744.5391,107744.5391,0
2026-07-24,107744.5391,108384.6328,106486.2813,107291.3281,107291.3281,0
2026-07-27,107291.3281,107966.2109,106312.1094,107461.7031,107461.7031,0
2026-07-28,107461.7031,108366.1719,106859.2031,108366.1719,108366.1719,0
2026-07-29,108366.1719,108463.4063,107432.8984,108099.4531,108099.4531,0
2026-07-30,108099.4531,108214.6484,106458.75,108022.5625,108022.5625,0
2026-07-31,108022.5625,108101.7578,106828.0313,107990.9219,107990.9219,0
2026-08-03,107990.9219,109298.4297,107446.1172,108490.7891,108490.7891,0
2026-08-04,108490.7891,109260.5703,108490.7891,108822.8984,108822.8984,0
2026-08-05,108822.8984,109197.4219,108369.8594,108722.9531,108722.9531,0
2026-08-06,108722.9531,108771.4609,106992.6406,108169.2422,108169.2422,0
2026-08-07,108169.2422,109066.3594,107020.3984,109066.3594,109066.3594,0
2026-08-10,109066.3594,109066.3594,107319.7969,108254.1094,108254.1094,0
2026-08-11,108254.1094,109219.3125,107382.7969,109145.4219,109145.4219,0
2026-08-12,109145.4219,109145.4219,107893.0703,108491.2188,108491.2188,0
2026-08-13,108491.2188,110066.5781,108491.2188,109858.7578,109858.7578,0
2026-08-14,109858.7578,110988.0938,109363.2422,110515.2109,110515.2109,0
2026-08-17,110515.2109,110892.8828,109510.8672,109797.8438,109797.8438,0
2026-08-18,109797.8438,111832.2188,109262.4766,110922.3516,110922.3516,0
2026-08-19,110922.3516,111557.5234,109888.8203,110965.1875,110965.1875,0
2026-08-20,110965.1875,114674.8672,110401.9297,114544.0781,114544.0781,0
2026-08-21,114544.0781,115705.2031,114260.2734,115684.4922,115684.4922,0
2026-08-24,115684.4922,115736.1797,113887.8203,115325.3984,115325.3984,0
2026-08-25,115325.3984,115773.3906,114452.25,115651.0,115651.0,0
2026-08-26,115651.0,115872.6875,114666.8828,115548.6094,115548.6094,0
2026-08-27,115548.6094,116294.8438,114878.9609,115819.2813,115819.2813,0
2026-08-28,115819.2813,116163.2031,113466.1797,114780.7969,114780.7969,0
2026-08-31,114780.7969,115108.2266,111455.6094,112097.4609,112097.4609,0
2026-09-01,112097.4609,113307.9922,111491.3281,113250.9297,113250.9297,0
2026-09-02,113250.9297,113538.25,112335.5469,113116.1875,113116.1875,0
2026-09-03,113116.1875,114091.0703,112547.0391,114091.0703,114091.0703,0
2026-09-04,114091.0703,116199.9063,113186.7969,116199.9063,116199.9063,0
2026-09-07,116199.9063,117950.2422,115426.5781,117665.5625,117665.5625,0
2026-09-08,117665.5625,117887.2266,116073.1797,116757.6016,116757.6016,0
2026-09-09,116757.6016,117923.1172,114436.3828,115304.7578,115304.7578,0
2026-09-10,115304.7578,115684.6563,113844.3516,114723.9609,114723.9609,0
2026-09-11,114723.9609,114911.9297,112303.7109,113491.5391,113491.5391,0
2026-09-14,113491.5391,113655.2578,111964.1797,112432.8281,112432.8281,0
2026-09-15,112432.8281,113011.1484,110701.6328,112057.6563,112057.6563,0
2026-09-16,112057.6563,112221.3828,110245.0234,111161.1484,111161.1484,0
2026-09-17,111161.1484,111209.6563,108935.0703,110566.6484,110566.6484,0
2026-09-18,110566.6484,112309.8516,109761.2188,111153.4922,111153.4922,0
