date,open,high,low,close,adjusted_close,volume
2014-09-23,7903.2798,7918.7202,7841.21,7868.4902,7868.4902,0
2014-09-24,7868.4902,7873.27,7795.6699,7842.7998,7842.7998,0
2014-09-25,7842.7998,7903.5898,7840.8999,7863.25,7863.25,0
2014-09-26,7863.25,7863.25,7805.4199,7829.6699,7829.6699,0
2014-09-29,7829.6699,7882.4502,7820.5898,7865.75,7865.75,0
2014-09-30,7865.75,7931.6401,7865.75,7931.6401,7931.6401,0
2014-10-01,7931.6401,7981.6802,7931.6401,7947.7998,7947.7998,0
2014-10-02,7947.7998,7957.0898,7894.0601,7894.0601,7894.0601,0
2014-10-03,7894.0601,7921.71,7885.5801,7913.1899,7913.1899,0
2014-10-06,7913.1899,7967.7998,7887.79,7906.4302,7906.4302,0
2014-10-07,7906.4302,7954.1602,7882.2598,7897.4702,7897.4702,0
2014-10-08,7897.4702,7897.4702,7802.2202,7803.2402,7803.2402,0
2014-10-09,7803.2402,7865.2002,7786.98,7786.98,7786.98,0
2014-10-10,7786.98,7786.98,7641.6802,7655.6401,7655.6401,0
2014-10-13,7655.6401,7655.6401,7616.0698,7620.3101,7620.3101,0
2014-10-14,7620.3101,7636.04,7531.46,7577.2002,7577.2002,0
2014-10-15,7577.2002,7632.52,7518.1899,7525.7798,7525.7798,0
2014-10-16,7525.7798,7543.25,7313.5098,7316.3901,7316.3901,0
2014-10-17,7316.3901,7464.8799,7316.3901,7437.0698,7437.0698,0
2014-10-20,7437.0698,7577.27,7437.0698,7464.8398,7464.8398,0
2014-10-21,7464.8398,7600.48,7461.77,7566.1899,7566.1899,0
2014-10-22,7566.1899,7648.5601,7566.1899,7629.0098,7629.0098,0
2014-10-23,7629.0098,7720.7002,7616.5098,7717.27,7717.27,0
2014-10-24,7717.27,7727.9102,7692.5298,7693.04,7693.04,0
2014-10-27,7693.04,7754.6099,7674.8999,7683.7402,7683.7402,0
2014-10-28,7683.7402,7724.1299,7657.7598,7675.6602,7675.6602,0
2014-10-29,7675.6602,7724.6899,7640.1699,7640.1699,7640.1699,0
2014-10-30,7640.1699,7670.5898,7609.21,7628.2998,7628.2998,0
2014-10-31,7628.2998,7686.5601,7628.2998,7682.2798,7682.2798,0
2014-11-03,7682.2798,7710.5298,7650.4199,7668.5801,7668.5801,0
2014-11-04,7668.5801,7694.5898,7637.9902,7637.9902,7637.9902,0
2014-11-05,7637.9902,7677.4902,7585.1201,7585.1201,7585.1201,0
2014-11-06,7585.1201,7664.1802,7583.8799,7603.0698,7603.0698,0
2014-11-07,7603.0698,7673.1099,7603.0698,7655.0298,7655.0298,0
2014-11-10,7655.0298,7686.9902,7645.7002,7645.7002,7645.7002,0
2014-11-11,7645.7002,7673.8999,7603.6001,7603.6001,7603.6001,0
2014-11-12,7603.6001,7646.3701,7599.1602,7599.98,7599.98,0
2014-11-13,7599.98,7664.0098,7581.1299,7581.1299,7581.1299,0
2014-11-14,7581.1299,7620.8501,7581.1299,7594.8198,7594.8198,0
2014-11-17,7594.8198,7631.8301,7594.8198,7609.1699,7609.1699,0
2014-11-18,7609.1699,7638.1099,7569.2002,7586.1602,7586.1602,0
2014-11-19,7586.1602,7616.0698,7573.6001,7590.2798,7590.2798,0
2014-11-20,7590.2798,7599.9502,7547.9399,7550.9702,7550.9702,0
2014-11-21,7550.9702,7593.8198,7550.9702,7589.3701,7589.3701,0
2014-11-24,7589.3701,7624.0801,7571.8701,7572.3101,7572.3101,0
2014-11-25,7572.3101,7623.8599,7545.23,7619.3901,7619.3901,0
2014-11-26,7619.3901,7636.3999,7563.3101,7606.6001,7606.6001,0
2014-11-27,7606.6001,7629.1602,7588.75,7605.3501,7605.3501,0
2014-11-28,7605.3501,7623.5298,7555.4399,7574.9102,7574.9102,0
2014-12-02,7574.9102,7614.2202,7564.1899,7564.1899,7564.1899,0
2014-12-03,7564.1899,7624.6602,7562.6699,7591.48,7591.48,0
2014-12-04,7591.48,7673.04,7591.48,7645.1699,7645.1699,0
2014-12-05,7645.1699,7686.9302,7641.9199,7670.0,7670.0,0
2014-12-08,7670.0,7723.3599,7653.8301,7653.8301,7653.8301,0
2014-12-09,7653.8301,7676.4199,7535.02,7543.5298,7543.5298,0
2014-12-10,7543.5298,7580.6001,7509.1899,7512.27,7512.27,0
2014-12-11,7512.27,7558.4502,7362.9502,7362.9502,7362.9502,0
2014-12-12,7362.9502,7408.7798,7291.0801,7291.0801,7291.0801,0
2014-12-15,7291.0801,7328.4502,7278.3701,7279.9902,7279.9902,0
2014-12-16,7279.9902,7321.6699,7185.7798,7215.8701,7215.8701,0
2014-12-17,7215.8701,7226.6099,7101.6201,7101.6201,7101.6201,0
2014-12-18,7101.6201,7364.4102,7101.6201,7319.9502,7319.9502,0
2014-12-19,7319.9502,7514.9399,7319.9502,7451.5801,7451.5801,0
2014-12-22,7451.5801,7564.3301,7451.5801,7561.4902,7561.4902,0
2014-12-23,7561.4902,7579.9702,7532.8198,7534.7598,7534.7598,0
2014-12-29,7534.7598,7668.4199,7534.7598,7660.8799,7660.8799,0
2014-12-30,7660.8799,7734.8901,7595.1099,7734.8901,7734.8901,0
2015-01-05,7734.8901,7740.46,7608.9702,7612.4199,7612.4199,0
2015-01-06,7612.4199,7612.4199,7491.8501,7549.6299,7549.6299,0
2015-01-07,7549.6299,7649.4399,7536.3901,7649.4399,7649.4399,0
2015-01-08,7649.4399,7735.4702,7637.4702,7710.6201,7710.6201,0
2015-01-09,7710.6201,7779.0098,7661.5801,7661.5801,7661.5801,0
2015-01-12,7661.5801,7716.8599,7642.0,7663.5298,7663.5298,0
2015-01-13,7663.5298,7699.5698,7627.0298,7699.5698,7699.5698,0
2015-01-14,7699.5698,7699.5698,7634.4199,7659.6899,7659.6899,0
2015-01-15,7659.6899,7668.0098,7564.5498,7574.3501,7574.3501,0
2015-01-16,7574.3501,7653.3301,7568.75,7631.2798,7631.2798,0
2015-01-19,7631.2798,7673.2402,7609.27,7612.98,7612.98,0
2015-01-20,7612.98,7661.79,7608.9502,7661.79,7661.79,0
2015-01-21,7661.79,7715.9199,7650.3301,7657.02,7657.02,0
2015-01-22,7657.02,7706.9702,7639.5298,7685.8599,7685.8599,0
2015-01-23,7685.8599,7748.98,7672.5098,7706.29,7706.29,0
2015-01-26,7706.29,7718.5601,7632.9102,7643.27,7643.27,0
2015-01-27,7643.27,7669.5,7591.1401,7591.1401,7591.1401,0
2015-01-28,7591.1401,7658.6299,7591.1401,7652.46,7652.46,0
2015-01-29,7652.46,7672.8501,7635.8901,7656.3398,7656.3398,0
2015-01-30,7656.3398,7717.7202,7656.3398,7680.4702,7680.4702,0
2015-02-02,7680.4702,7714.4902,7632.6401,7660.5,7660.5,0
2015-02-03,7660.5,7711.7998,7660.4102,7676.2202,7676.2202,0
2015-02-04,7676.2202,7726.1299,7676.2202,7714.3301,7714.3301,0
2015-02-05,7714.3301,7722.5898,7684.5098,7705.3501,7705.3501,0
2015-02-06,7705.3501,7739.3301,7684.8301,7708.2598,7708.2598,0
2015-02-09,7708.2598,7729.1699,7647.3701,7671.04,7671.04,0
2015-02-10,7671.04,7757.3501,7669.27,7757.3501,7757.3501,0
2015-02-11,7757.3501,7817.4102,7757.3501,7817.0698,7817.0698,0
2015-02-12,7817.0698,7866.6699,7817.0698,7849.7798,7849.7798,0
2015-02-13,7849.7798,7895.2402,7839.9102,7857.1899,7857.1899,0
2015-02-16,7857.1899,7926.0,7857.1899,7919.5898,7919.5898,0
2015-02-17,7919.5898,7959.1499,7881.2202,7889.2998,7889.2998,0
2015-02-18,7889.2998,7995.3799,7888.27,7984.29,7984.29,0
2015-02-19,7984.29,8005.5898,7944.2002,7956.4702,7956.4702,0
2015-02-20,7956.4702,7978.9102,7941.5298,7978.9102,7978.9102,0
2015-02-23,7978.9102,8014.1201,7975.2998,8013.1201,8013.1201,0
2015-02-24,8013.1201,8032.6699,7974.4502,7993.3398,7993.3398,0
2015-02-25,7993.3398,7999.9102,7903.5298,7918.4399,7918.4399,0
2015-02-26,7918.4399,7943.6802,7784.04,7855.6299,7855.6299,0
2015-02-27,7855.6299,7896.6899,7803.0698,7803.0698,7803.0698,0
2015-03-02,7803.0698,7881.52,7802.8198,7859.1802,7859.1802,0
2015-03-03,7859.1802,7879.1099,7826.5698,7851.3101,7851.3101,0
2015-03-04,7851.3101,7892.75,7840.4502,7863.6802,7863.6802,0
2015-03-05,7863.6802,7890.0698,7840.7202,7840.7798,7840.7798,0
2015-03-06,7840.7798,7859.2798,7790.1401,7813.7598,7813.7598,0
2015-03-09,7813.7598,7825.0898,7756.2798,7758.77,7758.77,0
2015-03-10,7758.77,7800.0,7716.6299,7723.3599,7723.3599,0
2015-03-11,7723.3599,7753.6001,7666.5698,7685.9399,7685.9399,0
2015-03-12,7685.9399,7767.3198,7677.5801,7754.2402,7754.2402,0
2015-03-13,7754.2402,7763.3799,7682.7998,7682.7998,7682.7998,0
2015-03-16,7682.7998,7728.3198,7643.9199,7678.4502,7678.4502,0
2015-03-17,7678.4502,7694.2402,7610.0098,7639.2402,7639.2402,0
2015-03-18,7639.2402,7656.1001,7579.0898,7595.8701,7595.8701,0
2015-03-19,7595.8701,7633.5698,7594.7402,7619.4302,7619.4302,0
2015-03-20,7619.4302,7655.6299,7566.1299,7569.23,7569.23,0
2015-03-23,7569.23,7656.9102,7564.5,7656.0,7656.0,0
2015-03-24,7656.0,7680.7798,7621.5098,7642.54,7642.54,0
2015-03-25,7642.54,7693.8198,7617.8501,7640.52,7640.52,0
2015-03-26,7640.52,7698.8901,7629.0098,7654.1899,7654.1899,0
2015-03-27,7654.1899,7678.5298,7643.21,7643.54,7643.54,0
2015-03-30,7643.54,7727.5298,7643.54,7717.2998,7717.2998,0
2015-03-31,7717.2998,7763.23,7702.6099,7727.5698,7727.5698,0
2015-04-01,7727.5698,7750.98,7711.1802,7725.7998,7725.7998,0
2015-04-02,7725.7998,7768.6499,7716.5801,7755.5498,7755.5498,0
2015-04-03,7755.5498,7759.4399,7614.29,7614.29,7614.29,0
2015-04-06,7614.29,7678.6401,7604.3901,7644.0801,7644.0801,0
2015-04-07,7644.0801,7689.1001,7626.1401,7677.5801,7677.5801,0
2015-04-08,7677.5801,7755.5898,7673.9399,7754.7402,7754.7402,0
2015-04-09,7754.7402,7886.3999,7749.5,7870.9902,7870.9902,0
2015-04-10,7870.9902,7934.8101,7864.0698,7921.5298,7921.5298,0
2015-04-14,7921.5298,8020.2998,7886.23,8011.5098,8011.5098,0
2015-04-15,8011.5098,8065.6201,8000.6001,8025.79,8025.79,0
2015-04-16,8025.79,8114.04,8025.79,8111.0698,8111.0698,0
2015-04-17,8111.0698,8247.8496,8099.1802,8247.8496,8247.8496,0
2015-04-20,8247.8496,8247.8496,8156.6602,8191.0498,8191.0498,0
2015-04-21,8191.0498,8220.9199,8170.48,8194.1201,8194.1201,0
2015-04-22,8194.1201,8208.4697,8136.5098,8148.5898,8148.5898,0
2015-04-23,8148.5898,8248.4697,8148.5898,8226.2998,8226.2998,0
2015-04-24,8226.2998,8297.6504,8226.2998,8257.8203,8257.8203,0
2015-04-27,8257.8203,8304.8301,8250.5898,8284.3701,8284.3701,0
2015-04-28,8284.3701,8306.5195,8183.1001,8215.3799,8215.3799,0
2015-04-29,8215.3799,8245.4697,8170.52,8170.52,8170.52,0
2015-04-30,8170.52,8252.4697,8170.52,8242.0498,8242.0498,0
2015-05-04,8242.0498,8301.9502,8228.3398,8301.5703,8301.5703,0
2015-05-05,8301.5703,8353.1396,8280.2197,8304.8398,8304.8398,0
2015-05-06,8304.8398,8329.1699,8254.75,8257.8301,8257.8301,0
2015-05-07,8257.8301,8261.4004,8188.0498,8261.4004,8261.4004,0
2015-05-08,8261.4004,8286.0898,8220.7002,8281.8203,8281.8203,0
2015-05-11,8281.8203,8304.3604,8233.7197,8258.0195,8258.0195,0
2015-05-12,8258.0195,8259.5703,8204.7305,8252.9697,8252.9697,0
2015-05-13,8252.9697,8263.5996,8193.8096,8218.79,8218.79,0
2015-05-14,8218.79,8244.0801,8156.8799,8160.54,8160.54,0
2015-05-15,8160.54,8197.7695,8095.23,8135.23,8135.23,0
2015-05-18,8135.23,8171.9199,8106.6001,8171.9199,8171.9199,0
2015-05-19,8171.9199,8216.5098,8166.6699,8210.6504,8210.6504,0
2015-05-20,8210.6504,8215.1699,8154.4702,8165.8398,8165.8398,0
2015-05-21,8165.8398,8173.5601,8112.9502,8149.8101,8149.8101,0
2015-05-22,8149.8101,8157.5098,8121.3901,8147.4702,8147.4702,0
2015-05-25,8147.4702,8151.4302,8107.9502,8136.3999,8136.3999,0
2015-05-26,8136.3999,8143.0698,8118.4399,8127.0601,8127.0601,0
2015-05-27,8127.0601,8145.4502,8104.8501,8104.8501,8104.8501,0
2015-05-28,8104.8501,8157.02,8100.4702,8105.9199,8105.9199,0
2015-05-29,8105.9199,8206.5,8064.0898,8197.3604,8197.3604,0
2015-06-02,8197.3604,8236.0703,8173.3799,8236.0703,8236.0703,0
2015-06-03,8236.0703,8253.4805,8212.2695,8230.5703,8230.5703,0
2015-06-04,8230.5703,8232.7803,8165.1602,8167.1899,8167.1899,0
2015-06-05,8167.1899,8170.02,8108.1201,8121.1802,8121.1802,0
2015-06-08,8121.1802,8140.2002,8071.6499,8074.54,8074.54,0
2015-06-09,8074.54,8104.8398,8044.9702,8070.75,8070.75,0
2015-06-10,8070.75,8086.6602,8058.96,8072.2002,8072.2002,0
2015-06-11,8072.2002,8088.9502,7999.0601,8027.5,8027.5,0
2015-06-12,8027.5,8050.0601,8005.3501,8041.6899,8041.6899,0
2015-06-15,8041.6899,8056.4399,7958.5698,7969.1401,7969.1401,0
2015-06-16,7969.1401,7973.9502,7861.54,7897.1299,7897.1299,0
2015-06-17,7897.1299,7958.6299,7870.4199,7939.8501,7939.8501,0
2015-06-18,7939.8501,7973.5298,7930.1299,7944.6099,7944.6099,0
2015-06-19,7944.6099,7988.46,7944.6099,7951.5,7951.5,0
2015-06-22,7951.5,7985.8198,7939.2598,7960.4199,7960.4199,0
2015-06-23,7960.4199,8030.1899,7955.5298,8019.1602,8019.1602,0
2015-06-24,8019.1602,8055.1299,8000.2202,8042.9302,8042.9302,0
2015-06-25,8042.9302,8074.4399,8018.2002,8053.9902,8053.9902,0
2015-06-26,8053.9902,8128.4902,8041.3599,8118.9199,8118.9199,0
2015-06-29,8118.9199,8118.9199,7874.8799,8055.9702,8055.9702,0
2015-06-30,8055.9702,8099.3799,8005.8999,8092.6899,8092.6899,0
2015-07-01,8180.02,8277.3496,8171.2202,8272.7803,8272.7803,0
2015-07-02,8272.7803,8277.7695,8209.4404,8209.4404,8209.4404,0
2015-07-03,8209.4404,8258.1602,8209.4404,8245.5703,8245.5703,0
2015-07-06,8245.5703,8245.5703,8150.6802,8202.7402,8202.7402,0
2015-07-07,8202.7402,8215.9697,8140.9399,8190.1299,8190.1299,0
2015-07-08,8190.1299,8208.7197,8146.3599,8151.54,8151.54,0
2015-07-09,8151.54,8193.4404,8136.1299,8183.48,8183.48,0
2015-07-10,8183.48,8321.2598,8156.8101,8309.1504,8309.1504,0
2015-07-13,8309.1504,8419.9297,8287.7998,8417.9004,8417.9004,0
2015-07-14,8417.9004,8449.46,8406.0996,8428.25,8428.25,0
2015-07-15,8428.25,8532.5996,8424.6104,8504.71,8504.71,0
2015-07-16,8504.71,8609.0498,8504.21,8581.0195,8581.0195,0
2015-07-17,8581.0195,8835.7402,8563.8398,8653.1797,8653.1797,0
2015-07-20,8653.1797,8765.21,8650.3604,8668.2695,8668.2695,0
2015-07-21,8668.2695,8693.25,8599.8096,8614.6797,8614.6797,0
2015-07-22,8614.6797,8623.2002,8572.5996,8583.9502,8583.9502,0
2015-07-23,8583.9502,8616.9697,8565.6699,8582.1602,8582.1602,0
2015-07-24,8582.1602,8608.3799,8568.1797,8587.2197,8587.2197,0
2015-07-27,8587.2197,8587.4404,8547.5703,8573.6797,8573.6797,0
2015-07-28,8573.6797,8614.2402,8560.4102,8606.5996,8606.5996,0
2015-07-29,8606.5996,8665.7305,8605.9902,8609.3398,8609.3398,0
2015-07-30,8609.3398,8675.6104,8609.3398,8665.96,8665.96,0
2015-07-31,8665.96,8679.2803,8610.9805,8661.7197,8661.7197,0
2015-08-03,8661.7197,8664.9697,8593.0498,8593.0498,8593.0498,0
2015-08-04,8593.0498,8684.8896,8593.0498,8655.5303,8655.5303,0
2015-08-05,8655.5303,8686.3701,8627.3096,8651.3896,8651.3896,0
2015-08-06,8651.3896,8699.5996,8648.7402,8648.7402,8648.7402,0
2015-08-07,8648.7402,8697.7402,8648.7402,8658.1699,8658.1699,0
2015-08-10,8658.1699,8713.4102,8646.3701,8699.5801,8699.5801,0
2015-08-11,8699.5801,8724.2998,8653.7695,8653.7695,8653.7695,0
2015-08-12,8653.7695,8692.8398,8516.79,8518.8799,8518.8799,0
2015-08-13,8518.8799,8593.6201,8507.5195,8552.0498,8552.0498,0
2015-08-14,8552.0498,8597.4404,8520.04,8538.8203,8538.8203,0
2015-08-17,8538.8203,8581.7803,8425.7197,8425.7197,8425.7197,0
2015-08-18,8425.7197,8481.1904,8425.7197,8426.3701,8426.3701,0
2015-08-19,8426.3701,8476.04,8425.71,8447.4199,8447.4199,0
2015-08-20,8447.4199,8475.04,8387.8398,8402.0801,8402.0801,0
2015-08-21,8402.0801,8402.0801,8282.9697,8318.8701,8318.8701,0
2015-08-24,8318.8701,8318.8701,7598.71,7794.4102,7794.4102,0
2015-08-25,7794.4102,8058.0801,7595.29,8029.3599,8029.3599,0
2015-08-26,8029.3599,8060.1499,7898.1899,7974.5,7974.5,0
2015-08-27,7974.5,8123.3599,7974.5,8074.2798,8074.2798,0
2015-08-28,8074.2798,8130.98,8003.5298,8003.5298,8003.5298,0
2015-08-31,8003.5298,8063.1899,7977.8999,7979.9302,7979.9302,0
2015-09-01,7979.9302,8009.1001,7916.8101,7941.3901,7941.3901,0
2015-09-02,7941.3901,8046.5098,7924.1201,7987.9399,7987.9399,0
2015-09-03,7987.9399,8115.6802,7987.9399,8071.5801,8071.5801,0
2015-09-04,8071.5801,8097.5298,8032.54,8064.6899,8064.6899,0
2015-09-07,8064.6899,8083.6201,8018.21,8047.1602,8047.1602,0
2015-09-08,8047.1602,8100.5098,8036.2002,8096.2202,8096.2202,0
2015-09-09,8096.2202,8237.21,8096.2202,8203.21,8203.21,0
2015-09-10,8203.21,8204.7402,8149.79,8161.4702,8161.4702,0
2015-09-11,8161.4702,8181.3501,8110.1401,8113.1802,8113.1802,0
2015-09-14,8113.1802,8158.27,8063.3701,8152.7002,8152.7002,0
2015-09-15,8152.7002,8174.0698,8097.6201,8097.6201,8097.6201,0
2015-09-16,8097.6201,8152.8799,8097.6201,8115.4102,8115.4102,0
2015-09-17,8115.4102,8181.2202,8115.4102,8131.46,8131.46,0
2015-09-18,8131.46,8178.6499,8087.6001,8102.3101,8102.3101,0
2015-09-21,8102.3101,8217.2695,8083.6201,8215.6602,8215.6602,0
2015-09-22,8215.6602,8216.9404,8102.9502,8102.9502,8102.9502,0
2015-09-23,8102.9502,8161.7998,8097.04,8144.2598,8144.2598,0
2015-09-24,8144.2598,8184.4199,8100.1802,8111.02,8111.02,0
2015-09-25,8111.02,8196.1104,8106.3799,8189.9702,8189.9702,0
2015-09-28,8189.9702,8192.71,8040.5298,8040.5298,8040.5298,0
2015-09-29,8040.5298,8062.8999,7997.8398,8020.0601,8020.0601,0
2015-09-30,8020.0601,8065.2798,7952.1899,7952.1899,7952.1899,0
2015-10-01,7952.1899,8041.2998,7952.1899,7978.2202,7978.2202,0
2015-10-02,7978.2202,8063.5801,7978.2202,8030.8101,8030.8101,0
2015-10-05,8030.8101,8066.25,8026.5098,8034.8701,8034.8701,0
2015-10-06,8034.8701,8052.0,7945.2798,7956.9199,7956.9199,0
2015-10-07,7956.9199,7998.2002,7947.4302,7971.8501,7971.8501,0
2015-10-08,7971.8501,8040.3901,7971.8501,8026.5698,8026.5698,0
2015-10-09,8026.5698,8125.52,8026.5698,8113.7402,8113.7402,0
2015-10-12,8113.7402,8142.0098,8094.1201,8131.02,8131.02,0
2015-10-13,8131.02,8131.02,8037.3599,8083.8799,8083.8799,0
2015-10-14,8083.8799,8110.3701,8059.52,8093.79,8093.79,0
2015-10-15,8093.79,8135.5698,8073.2798,8073.2798,8073.2798,0
2015-10-16,8073.2798,8112.48,8049.25,8079.54,8079.54,0
2015-10-19,8079.54,8101.9399,8052.2002,8072.7202,8072.7202,0
2015-10-20,8072.7202,8072.7202,7982.8398,8001.75,8001.75,0
2015-10-21,8001.75,8026.7998,7991.1899,8019.8501,8019.8501,0
2015-10-22,8019.8501,8024.5898,7969.6299,8024.5898,8024.5898,0
2015-10-23,8024.5898,8119.8901,8022.9102,8114.6499,8114.6499,0
2015-10-26,8114.6499,8127.4302,8088.1699,8119.3398,8119.3398,0
2015-10-27,8119.3398,8147.0601,8045.4902,8051.2402,8051.2402,0
2015-10-28,8051.2402,8089.2598,8046.5698,8083.3999,8083.3999,0
2015-10-29,8083.3999,8155.4702,8074.2002,8148.46,8148.46,0
2015-10-30,8148.46,8231.3301,8148.46,8206.9102,8206.9102,0
2015-11-02,8206.9102,8268.46,8206.9102,8243.8203,8243.8203,0
2015-11-03,8243.8203,8376.9297,8243.8203,8366.2695,8366.2695,0
2015-11-04,8366.2695,8411.3398,8315.0996,8371.5195,8371.5195,0
2015-11-05,8371.5195,8383.5898,8285.1299,8299.7002,8299.7002,0
2015-11-06,8299.7002,8345.04,8284.3496,8337.1504,8337.1504,0
2015-11-09,8337.1504,8345.3398,8286.4902,8303.6201,8303.6201,0
2015-11-10,8303.6201,8333.6504,8289.8096,8303.4697,8303.4697,0
2015-11-11,8303.4697,8336.0303,8295.5195,8298.0703,8298.0703,0
2015-11-12,8298.0703,8318.9902,8248.3398,8318.9902,8318.9902,0
2015-11-13,8318.9902,8318.9902,8231.4502,8302.4004,8302.4004,0
2015-11-16,8302.4004,8316.8896,8158.8901,8158.8901,8158.8901,0
2015-11-17,8158.8901,8224.0303,8158.8901,8189.3999,8189.3999,0
2015-11-18,8189.3999,8233.79,8171.7798,8171.7798,8171.7798,0
2015-11-19,8171.7798,8220.5703,8154.0801,8204.4297,8204.4297,0
2015-11-20,8204.4297,8242.9102,8180.9199,8235.9004,8235.9004,0
2015-11-23,8235.9004,8307.54,8226.8896,8299.0303,8299.0303,0
2015-11-24,8299.0303,8314.2002,8249.0498,8262.6602,8262.6602,0
2015-11-25,8262.6602,8302.5996,8140.2998,8141.9102,8141.9102,0
2015-11-26,8141.9102,8210.7695,8129.73,8146.3599,8146.3599,0
2015-11-27,8146.3599,8187.8599,7993.6899,7993.6899,7993.6899,0
2015-12-02,7993.6899,8115.98,7962.1099,7962.1099,7962.1099,0
2015-12-03,7962.1099,8050.52,7962.1099,7996.5298,7996.5298,0
2015-12-04,7996.5298,8023.0801,7977.29,7994.9902,7994.9902,0
2015-12-07,7994.9902,8088.9199,7994.9902,8085.2798,8085.2798,0
2015-12-08,8085.2798,8091.9302,8030.5898,8052.8599,8052.8599,0
2015-12-09,8052.8599,8070.8301,8014.0,8014.0,8014.0,0
2015-12-10,8014.0,8050.0098,7986.04,8003.54,8003.54,0
2015-12-11,8003.54,8023.2598,7883.75,7908.9199,7908.9199,0
2015-12-14,7908.9199,7913.6499,7809.6099,7838.0498,7838.0498,0
2015-12-15,7838.0498,7856.2002,7805.7202,7815.5498,7815.5498,0
2015-12-16,7815.5498,7845.71,7739.25,7739.25,7739.25,0
2015-12-17,7739.25,7840.8501,7739.25,7746.1602,7746.1602,0
2015-12-18,7746.1602,7814.98,7725.02,7746.4702,7746.4702,0
2015-12-21,7746.4702,7860.21,7746.4702,7860.21,7860.21,0
2015-12-22,7860.21,7941.0498,7854.0801,7917.8198,7917.8198,0
2015-12-23,7917.8198,7983.4102,7913.8701,7958.48,7958.48,0
2015-12-28,7958.48,7983.1299,7912.7798,7974.2998,7974.2998,0
2015-12-29,7974.2998,7974.2998,7905.8999,7951.0298,7951.0298,0
2015-12-30,7951.0298,7981.1699,7896.48,7977.9399,7977.9399,0
2016-01-04,7977.9399,7977.9399,7857.8799,7865.9702,7865.9702,0
2016-01-05,7865.9702,7895.96,7818.98,7821.5898,7821.5898,0
2016-01-06,7821.5898,7831.6299,7749.6899,7749.6899,7749.6899,0
2016-01-07,7749.6899,7749.6899,7564.98,7700.6001,7700.6001,0
2016-01-08,7700.6001,7761.8501,7634.1802,7641.0498,7641.0498,0
2016-01-11,7641.0498,7653.0601,7512.6499,7527.0,7527.0,0
2016-01-12,7527.0,7547.9199,7434.2998,7482.0801,7482.0801,0
2016-01-13,7482.0801,7515.3301,7481.5,7486.8101,7486.8101,0
2016-01-14,7486.8101,7487.9199,7288.4199,7306.6001,7306.6001,0
2016-01-15,7306.6001,7418.8501,7096.8501,7221.7002,7221.7002,0
2016-01-18,7221.7002,7221.7002,6845.3599,6855.6299,6855.6299,0
2016-01-19,6855.6299,7055.3301,6855.6299,7033.9302,7033.9302,0
2016-01-20,7033.9302,7033.9302,6862.21,6905.73,6905.73,0
2016-01-21,6905.73,7136.8701,6878.1699,7136.1802,7136.1802,0
2016-01-22,7136.1802,7362.0298,7136.1802,7263.8101,7263.8101,0
2016-01-25,7263.8101,7301.0898,7123.7998,7125.4302,7125.4302,0
2016-01-26,7125.4302,7127.0698,6955.4102,7112.54,7112.54,0
2016-01-27,7112.54,7184.23,7112.54,7130.6299,7130.6299,0
2016-01-28,7130.6299,7184.6299,7102.3398,7113.48,7113.48,0
2016-01-29,7113.48,7197.3301,7113.48,7140.1899,7140.1899,0
2016-02-01,7140.1899,7211.6099,7126.0298,7201.2402,7201.2402,0
2016-02-02,7201.2402,7225.6699,7157.6602,7182.21,7182.21,0
2016-02-03,7182.21,7218.9102,7153.6602,7163.7798,7163.7798,0
2016-02-04,7163.7798,7286.4902,7163.7798,7282.73,7282.73,0
2016-02-05,7282.73,7305.7598,7267.2002,7267.2002,7267.2002,0
2016-02-08,7267.2002,7277.1602,7105.71,7105.71,7105.71,0
2016-02-09,7105.71,7133.29,7001.0,7030.7598,7030.7598,0
2016-02-10,7030.7598,7075.7202,6985.6499,6985.6499,6985.6499,0
2016-02-11,6985.6499,7047.46,6845.2202,6879.3799,6879.3799,0
2016-02-12,6879.3799,6928.46,6852.7598,6907.5898,6907.5898,0
2016-02-15,6907.5898,7070.6299,6907.5898,6988.8799,6988.8799,0
2016-02-16,6988.8799,7058.04,6950.02,6963.7002,6963.7002,0
2016-02-17,6963.7002,7043.7798,6963.7002,7031.46,7031.46,0
2016-02-18,7031.46,7082.9502,7011.6899,7075.6699,7075.6699,0
2016-02-19,7075.6699,7165.8799,7071.7202,7149.29,7149.29,0
2016-02-22,7149.29,7218.3701,7137.1401,7218.3701,7218.3701,0
2016-02-23,7218.3701,7281.5,7177.2798,7244.2998,7244.2998,0
2016-02-24,7244.2998,7272.8701,7116.9502,7116.9502,7116.9502,0
2016-02-25,7116.9502,7260.6802,7116.9502,7249.4902,7249.4902,0
2016-02-26,7249.4902,7401.4302,7249.4902,7401.4302,7401.4302,0
2016-02-29,7401.4302,7404.3599,7277.4902,7277.4902,7277.4902,0
2016-03-01,7277.4902,7421.6802,7258.79,7412.6201,7412.6201,0
2016-03-02,7412.6201,7528.04,7367.0498,7447.8999,7447.8999,0
2016-03-03,7447.8999,7484.3901,7427.2798,7476.3398,7476.3398,0
2016-03-04,7476.3398,7501.2598,7441.2402,7467.8999,7467.8999,0
2016-03-07,7467.8999,7546.9102,7459.71,7546.9102,7546.9102,0
2016-03-08,7546.9102,7601.5298,7537.6602,7601.5298,7601.5298,0
2016-03-09,7601.5298,7616.7998,7561.4702,7561.4702,7561.4702,0
2016-03-10,7561.4702,7600.9199,7534.7798,7534.7798,7534.7798,0
2016-03-11,7534.7798,7585.25,7525.4302,7525.4302,7525.4302,0
2016-03-14,7525.4302,7595.3501,7522.1001,7573.2798,7573.2798,0
2016-03-15,7573.2798,7576.5498,7516.4502,7549.0698,7549.0698,0
2016-03-16,7549.0698,7616.1602,7524.0898,7616.1602,7616.1602,0
2016-03-17,7616.1602,7798.7798,7616.1602,7693.71,7693.71,0
2016-03-18,7693.71,7806.4702,7689.7598,7775.23,7775.23,0
2016-03-21,7775.23,7809.7598,7666.9702,7734.23,7734.23,0
2016-03-22,7734.23,7750.2998,7703.2202,7724.9399,7724.9399,0
2016-03-23,7724.9399,7736.3799,7706.73,7714.4502,7714.4502,0
2016-03-24,7714.4502,7742.3599,7672.4102,7677.7402,7677.7402,0
2016-03-25,7677.7402,7702.75,7668.3101,7694.52,7694.52,0
2016-03-28,7694.52,7708.23,7682.0698,7691.1899,7691.1899,0
2016-03-29,7691.1899,7691.1899,7644.6802,7644.6802,7644.6802,0
2016-03-30,7644.6802,7676.3799,7621.5,7648.8599,7648.8599,0
2016-03-31,7648.8599,7688.52,7627.4502,7674.2402,7674.2402,0
2016-04-01,7674.2402,7674.2402,7602.46,7637.1499,7637.1499,0
2016-04-04,7637.1499,7691.1001,7616.5898,7667.7202,7667.7202,0
2016-04-05,7667.7202,7678.3198,7595.1899,7607.3799,7607.3799,0
2016-04-06,7607.3799,7656.2002,7606.1201,7623.4702,7623.4702,0
2016-04-07,7623.4702,7674.8701,7620.96,7654.7402,7654.7402,0
2016-04-08,7654.7402,7703.02,7654.7402,7663.7002,7663.7002,0
2016-04-11,7663.7002,7695.4902,7638.3101,7644.8501,7644.8501,0
2016-04-12,7644.8501,7665.1899,7632.5298,7640.3599,7640.3599,0
2016-04-13,7640.3599,7698.75,7640.3599,7667.7002,7667.7002,0
2016-04-14,7667.7002,7696.5298,7649.8701,7661.4199,7661.4199,0
2016-04-15,7661.4199,7682.2998,7588.54,7589.0098,7589.0098,0
2016-04-18,7589.0098,7601.3101,7543.4702,7543.4702,7543.4702,0
2016-04-19,7543.4702,7574.7002,7543.4702,7551.8501,7551.8501,0
2016-04-20,7551.8501,7551.8501,7454.75,7490.4502,7490.4502,0
2016-04-21,7490.4502,7507.7798,7458.1001,7458.1001,7458.1001,0
2016-04-22,7458.1001,7526.02,7458.1001,7472.5,7472.5,0
2016-04-25,7472.5,7495.3301,7465.8901,7478.9199,7478.9199,0
2016-04-26,7478.9199,7517.75,7478.75,7494.1899,7494.1899,0
2016-04-27,7494.1899,7535.0698,7435.3398,7436.7798,7436.7798,0
2016-04-28,7436.7798,7503.2798,7432.7402,7453.6602,7453.6602,0
2016-04-29,7453.6602,7515.0801,7368.3799,7369.1001,7369.1001,0
2016-05-03,7369.1001,7425.6401,7306.21,7321.6499,7321.6499,0
2016-05-04,7321.6499,7362.1699,7306.3599,7349.23,7349.23,0
2016-05-05,7349.23,7424.5898,7349.23,7400.1299,7400.1299,0
2016-05-06,7400.1299,7439.9702,7362.4102,7364.48,7364.48,0
2016-05-09,7364.48,7406.7202,7364.48,7389.0801,7389.0801,0
2016-05-10,7389.0801,7427.2402,7381.1602,7401.0498,7401.0498,0
2016-05-11,7401.0498,7433.1899,7370.6099,7383.1299,7383.1299,0
2016-05-12,7383.1299,7418.3999,7370.4302,7372.3101,7372.3101,0
2016-05-13,7372.3101,7402.3999,7363.27,7387.7402,7387.7402,0
2016-05-16,7387.7402,7407.0298,7348.5601,7369.1699,7369.1699,0
2016-05-17,7369.1699,7377.54,7326.4199,7326.4199,7326.4199,0
2016-05-18,7326.4199,7357.8501,7309.7998,7357.8501,7357.8501,0
2016-05-19,7357.8501,7361.9902,7296.2202,7296.2202,7296.2202,0
2016-05-20,7296.2202,7334.7998,7277.3198,7278.98,7278.98,0
2016-05-23,7278.98,7308.1201,7263.1001,7300.2002,7300.2002,0
2016-05-24,7300.2002,7347.4199,7287.1899,7322.8301,7322.8301,0
2016-05-25,7322.8301,7356.5098,7317.04,7326.75,7326.75,0
2016-05-26,7326.75,7368.6602,7326.75,7362.46,7362.46,0
2016-05-27,7362.46,7422.2002,7362.46,7399.3599,7399.3599,0
2016-05-30,7399.3599,7530.4399,7399.3599,7515.5098,7515.5098,0
2016-05-31,7515.5098,7623.0898,7515.5098,7531.21,7531.21,0
2016-06-01,7531.21,7668.9199,7531.21,7661.1802,7661.1802,0
2016-06-02,7661.1802,7826.7798,7661.1802,7791.96,7791.96,0
2016-06-03,7791.96,7952.3398,7753.5801,7856.0898,7856.0898,0
2016-06-06,7856.0898,7909.6201,7827.7598,7901.02,7901.02,0
2016-06-07,7901.02,7989.1201,7898.8501,7985.04,7985.04,0
2016-06-08,7985.04,8027.4702,7946.0898,8021.7598,8021.7598,0
2016-06-09,8021.7598,8037.3701,7840.0601,7843.04,7843.04,0
2016-06-10,7843.04,7888.6401,7711.29,7716.6499,7716.6499,0
2016-06-13,7716.6499,7761.3999,7615.8701,7711.29,7711.29,0
2016-06-14,7711.29,7744.6899,7682.9302,7731.1699,7731.1699,0
2016-06-15,7731.1699,7856.6602,7724.4502,7853.3301,7853.3301,0
2016-06-16,7853.3301,7870.3398,7781.6802,7793.6201,7793.6201,0
2016-06-17,7793.6201,7837.71,7760.4902,7816.9102,7816.9102,0
2016-06-21,7816.9102,7939.0698,7816.9102,7891.6602,7891.6602,0
2016-06-22,7891.6602,7933.1802,7865.1201,7882.4502,7882.4502,0
2016-06-23,7882.4502,7906.8701,7875.9199,7876.0,7876.0,0
2016-06-24,7876.0,7876.0,7154.6602,7598.54,7598.54,0
2016-06-27,7598.54,7659.04,7571.8599,7606.0698,7606.0698,0
2016-06-28,7606.0698,7815.3301,7606.0698,7815.3301,7815.3301,0
2016-06-29,7815.3301,7887.9702,7815.3301,7887.9702,7887.9702,0
2016-06-30,7887.9702,7913.96,7848.2798,7851.7798,7851.7798,0
2016-07-01,7851.7798,7910.48,7840.6802,7867.6802,7867.6802,0
2016-07-04,7867.6802,7962.0298,7867.6802,7962.0298,7962.0298,0
2016-07-05,7962.0298,8011.1099,7892.29,7995.8101,7995.8101,0
2016-07-06,7995.8101,8025.1899,7888.3701,7897.9902,7897.9902,0
2016-07-07,7897.9902,7959.1001,7895.0601,7950.5898,7950.5898,0
2016-07-08,7950.5898,7972.8701,7926.9702,7946.73,7946.73,0
2016-07-11,7946.73,8023.4702,7946.73,8013.6001,8013.6001,0
2016-07-12,8013.6001,8091.1201,8013.6001,8064.4702,8064.4702,0
2016-07-13,8064.4702,8121.2798,8035.52,8121.2798,8121.2798,0
2016-07-14,8121.2798,8180.7998,8121.2798,8122.8198,8122.8198,0
2016-07-15,8122.8198,8167.6001,8122.3901,8165.6099,8165.6099,0
2016-07-18,8165.6099,8181.04,8139.48,8175.9199,8175.9199,0
2016-07-19,8175.9199,8216.4102,8167.3701,8202.9805,8202.9805,0
2016-07-20,8202.9805,8229.1504,8200.3496,8227.1602,8227.1602,0
2016-07-21,8227.1602,8255.1504,8180.9102,8191.79,8191.79,0
2016-07-22,8191.79,8225.75,8179.48,8195.3398,8195.3398,0
2016-07-25,8195.3398,8233.7197,8184.21,8215.6602,8215.6602,0
2016-07-26,8215.6602,8283.29,8197.0996,8218.25,8218.25,0
2016-07-27,8218.25,8306.7598,8218.25,8306.7598,8306.7598,0
2016-07-28,8306.7598,8306.7598,8237.5303,8266.29,8266.29,0
2016-07-29,8266.29,8326.7002,8259.3896,8304.3398,8304.3398,0
2016-08-01,8304.3398,8382.6504,8299.8301,8323.7402,8323.7402,0
2016-08-02,8323.7402,8342.9297,8237.6797,8255.9697,8255.9697,0
2016-08-03,8255.9697,8295.8096,8229.3604,8232.9199,8232.9199,0
2016-08-04,8232.9199,8284.7002,8232.9199,8284.7002,8284.7002,0
2016-08-05,8284.7002,8350.8799,8272.6104,8338.79,8338.79,0
2016-08-08,8338.79,8454.3799,8329.1104,8453.9902,8453.9902,0
2016-08-09,8453.9902,8505.9697,8433.29,8493.7803,8493.7803,0
2016-08-10,8493.7803,8498.1299,8424.7803,8434.9102,8434.9102,0
2016-08-11,8434.9102,8453.9199,8391.5703,8437.96,8437.96,0
2016-08-12,8437.96,8445.2998,8380.9502,8381.3398,8381.3398,0
2016-08-16,8381.3398,8480.4004,8379.5801,8473.5498,8473.5498,0
2016-08-17,8473.5498,8481.5498,8431.8398,8475.6104,8475.6104,0
2016-08-18,8475.6104,8531.3496,8465.5303,8516.6104,8516.6104,0
2016-08-19,8516.6104,8535.25,8500.7598,8527.6904,8527.6904,0
2016-08-22,8527.6904,8539.6104,8484.96,8487.1797,8487.1797,0
2016-08-23,8487.1797,8516.75,8478.2197,8512.6104,8512.6104,0
2016-08-24,8512.6104,8629.25,8490.5801,8584.96,8584.96,0
2016-08-25,8584.96,8607.8398,8548.2002,8597.0703,8597.0703,0
2016-08-26,8597.0703,8625.7803,8591.1504,8625.7803,8625.7803,0
2016-08-29,8625.7803,8644.7305,8614.0303,8642.5498,8642.5498,0
2016-08-30,8642.5498,8678.8203,8630.8301,8672.4502,8672.4502,0
2016-08-31,8672.4502,8705.7598,8663.6299,8690.6504,8690.6504,0
2016-09-01,8690.6504,8714.54,8662.8896,8680.3203,8680.3203,0
2016-09-02,8680.3203,8685.54,8636.3301,8651.25,8651.25,0
2016-09-05,8651.25,8676.8203,8636.8701,8676.8203,8676.8203,0
2016-09-06,8676.8203,8698.0098,8656.9502,8693.6602,8693.6602,0
2016-09-07,8693.6602,8754.0801,8683.6396,8754.0801,8754.0801,0
2016-09-08,8754.0801,8775.79,8721.7598,8724.1299,8724.1299,0
2016-09-09,8724.1299,8741.2197,8682.5195,8682.5195,8682.5195,0
2016-09-12,8682.5195,8691.9404,8524.7197,8538.8096,8538.8096,0
2016-09-13,8538.8096,8614.6201,8538.8096,8573.2598,8573.2598,0
2016-09-14,8573.2598,8582.29,8557.7305,8563.1396,8563.1396,0
2016-09-15,8563.1396,8606.0098,8525.2402,8573.3096,8573.3096,0
2016-09-16,8573.3096,8621.1904,8565.4502,8621.1904,8621.1904,0
2016-09-19,8621.1904,8622.9102,8588.2695,8609.8301,8609.8301,0
2016-09-20,8609.8301,8637.0498,8586.7197,8622.4902,8622.4902,0
2016-09-21,8622.4902,8697.8701,8622.4902,8691.8604,8691.8604,0
2016-09-22,8691.8604,8704.9902,8645.6699,8703.1201,8703.1201,0
2016-09-23,8703.1201,8707.4697,8615.2998,8647.2803,8647.2803,0
2016-09-26,8647.2803,8669.6201,8567.6504,8591.4297,8591.4297,0
2016-09-27,8591.4297,8607.0801,8519.8799,8539.5703,8539.5703,0
2016-09-28,8539.5703,8606.0703,8539.5703,8581.3896,8581.3896,0
2016-09-29,8581.3896,8644.1602,8581.3896,8623.5098,8623.5098,0
2016-09-30,8623.5098,8635.8096,8545.7598,8568.9199,8568.9199,0
2016-10-03,8568.9199,8613.6104,8568.9199,8593.1797,8593.1797,0
2016-10-04,8593.1797,8624.6797,8566.4805,8624.6797,8624.6797,0
2016-10-05,8624.6797,8624.6797,8564.2803,8602.0498,8602.0498,0
2016-10-06,8602.0498,8610.2402,8555.21,8578.2998,8578.2998,0
2016-10-07,8578.2998,8585.7695,8554.6299,8577.0801,8577.0801,0
2016-10-10,8577.0801,8587.1797,8527.1602,8537.6299,8537.6299,0
2016-10-11,8537.6299,8561.0098,8515.1904,8556.3896,8556.3896,0
2016-10-12,8556.3896,8577.5,8535.3799,8547.3398,8547.3398,0
2016-10-13,8547.3398,8561.8701,8458.8604,8472.3604,8472.3604,0
2016-10-14,8472.3604,8526.4102,8421.2402,8520.1396,8520.1396,0
2016-10-17,8520.1396,8520.4004,8474.3896,8483.8799,8483.8799,0
2016-10-18,8483.8799,8483.8799,8427.9404,8454.79,8454.79,0
2016-10-19,8454.79,8496.2002,8451.25,8496.2002,8496.2002,0
2016-10-20,8496.2002,8533.5898,8483.4697,8533.5898,8533.5898,0
2016-10-21,8533.5898,8542.1104,8474.4102,8476.4697,8476.4697,0
2016-10-24,8476.4697,8501.2402,8462.0703,8466.1104,8466.1104,0
2016-10-25,8466.1104,8486.6699,8377.1201,8391.2402,8391.2402,0
2016-10-26,8391.2402,8402.4004,8360.7002,8377.9805,8377.9805,0
2016-10-27,8377.9805,8449.0996,8377.9805,8447.2305,8447.2305,0
2016-10-28,8447.2305,8449.4404,8428.3799,8435.8096,8435.8096,0
2016-10-31,8435.8096,8448.21,8406.29,8413.5,8413.5,0
2016-11-01,8413.5,8467.1299,8413.5,8453.1797,8453.1797,0
2016-11-02,8453.1797,8453.7197,8390.0303,8393.4902,8393.4902,0
2016-11-03,8393.4902,8427.54,8393.3896,8409.6104,8409.6104,0
2016-11-04,8409.6104,8445.9199,8360.1396,8376.25,8376.25,0
2016-11-07,8376.25,8432.3203,8376.25,8427.2305,8427.2305,0
2016-11-08,8427.2305,8433.2998,8402.6396,8413.04,8413.04,0
2016-11-09,8413.04,8413.04,8228.6201,8376.1602,8376.1602,0
2016-11-10,8376.1602,8483.7197,8373.3799,8456.0898,8456.0898,0
2016-11-11,8456.0898,8474.2695,8428.5703,8461.3604,8461.3604,0
2016-11-14,8461.3604,8485.1504,8442.2305,8467.4404,8467.4404,0
2016-11-15,8467.4404,8502.8896,8459.5801,8493.4297,8493.4297,0
2016-11-16,8493.4297,8504.6504,8449.7197,8453.1299,8453.1299,0
2016-11-17,8453.1299,8472.7803,8437.71,8472.7803,8472.7803,0
2016-11-18,8472.7803,8476.46,8418.3701,8429.71,8429.71,0
2016-11-21,8429.71,8457.5498,8426.0098,8450.3301,8450.3301,0
2016-11-22,8450.3301,8469.0,8443.9902,8464.29,8464.29,0
2016-11-23,8464.29,8471.9502,8433.3096,8447.0898,8447.0898,0
2016-11-24,8447.0898,8461.5,8420.1602,8444.4697,8444.4697,0
2016-11-25,8444.4697,8454.7695,8430.7305,8444.4404,8444.4404,0
2016-11-28,8444.4404,8445.0303,8386.8496,8386.8496,8386.8496,0
2016-11-29,8386.8496,8441.7305,8386.8496,8441.7305,8441.7305,0
2016-12-02,8441.7305,8584.9502,8439.8604,8582.9805,8582.9805,0
2016-12-05,8582.9805,8588.5703,8528.6602,8542.3096,8542.3096,0
2016-12-06,8542.3096,8547.9004,8482.0596,8508.5498,8508.5498,0
2016-12-07,8508.5498,8508.79,8463.1396,8491.6104,8491.6104,0
2016-12-08,8491.6104,8500.79,8466.5898,8475.6602,8475.6602,0
2016-12-09,8475.6602,8521.7002,8470.9502,8517.1396,8517.1396,0
2016-12-12,8517.1396,8597.2803,8517.1396,8590.1602,8590.1602,0
2016-12-13,8590.1602,8633.1602,8579.3301,8628.4199,8628.4199,0
2016-12-14,8628.4199,8674.7803,8618.0596,8658.6299,8658.6299,0
2016-12-15,8658.6299,8658.6299,8615.9004,8645.0996,8645.0996,0
2016-12-16,8645.0996,8736.5596,8623.6699,8717.04,8717.04,0
2016-12-19,8717.04,8751.1201,8701.46,8720.7002,8720.7002,0
2016-12-20,8720.7002,8743.1299,8632.8301,8674.0898,8674.0898,0
2016-12-21,8674.0898,8681.71,8650.5596,8674.7695,8674.7695,0
2016-12-22,8674.7695,8683.8496,8647.8301,8673.9502,8673.9502,0
2016-12-23,8673.9502,8701.7803,8652.0303,8663.7002,8663.7002,0
2016-12-27,8663.7002,8685.8496,8642.7002,8672.3398,8672.3398,0
2016-12-28,8672.3398,8689.9697,8658.4199,8683.1797,8683.1797,0
2016-12-29,8683.1797,8737.3896,8672.4297,8736.1699,8736.1699,0
2016-12-30,8736.1699,8752.3398,8707.9902,8751.9502,8751.9502,0
2017-01-03,8751.9502,8867.7305,8732.29,8849.9102,8849.9102,0
2017-01-04,8849.9102,8956.8701,8831.2695,8913.0801,8913.0801,0
2017-01-05,8913.0801,8954.6797,8894.6504,8894.6504,8894.6504,0
2017-01-06,8894.6504,8952.79,8894.6504,8917.75,8917.75,0
2017-01-09,8917.75,8967.8799,8917.75,8953.8096,8953.8096,0
2017-01-10,8953.8096,8965.7695,8931.6904,8948.4297,8948.4297,0
2017-01-11,8948.4297,8956.6299,8918.4404,8941.75,8941.75,0
2017-01-12,8941.75,8962.4902,8855.3701,8867.1699,8867.1699,0
2017-01-13,8867.1699,8886.6201,8794.04,8824.7197,8824.7197,0
2017-01-16,8824.7197,8877.2998,8804.2305,8822.4502,8822.4502,0
2017-01-17,8822.4502,8849.1904,8798.6201,8847.3604,8847.3604,0
2017-01-18,8847.3604,8879.1104,8840.4805,8866.8896,8866.8896,0
2017-01-19,8866.8896,8936.75,8866.8896,8923.21,8923.21,0
2017-01-20,8923.21,9009.7305,8920.0801,9004.79,9004.79,0
2017-01-23,9004.79,9038.0098,8971.2803,8981.6504,8981.6504,0
2017-01-25,8981.6504,9123.6797,8981.6504,9123.6797,9123.6797,0
2017-01-26,9123.6797,9172.96,9118.9697,9143.1201,9143.1201,0
2017-01-27,9143.1201,9273.1201,9143.1201,9259.2598,9259.2598,0
2017-01-30,9259.2598,9295.0303,9224.0,9245.2002,9245.2002,0
2017-01-31,9245.2002,9305.25,9245.2002,9286.5703,9286.5703,0
2017-02-01,9286.5703,9299.0303,9205.8896,9299.0303,9299.0303,0
2017-02-02,9299.0303,9301.8301,9230.0195,9231.9199,9231.9199,0
2017-02-03,9231.9199,9281.4404,9231.9199,9255.5703,9255.5703,0
2017-02-06,9255.5703,9371.4297,9255.5703,9371.4297,9371.4297,0
2017-02-07,9371.4297,9424.0303,9326.3604,9424.0303,9424.0303,0
2017-02-08,9424.0303,9442.0098,9385.1201,9394.4404,9394.4404,0
2017-02-09,9394.4404,9455.5498,9385.7695,9421.9502,9421.9502,0
2017-02-10,9421.9502,9488.9805,9421.9502,9472.7305,9472.7305,0
2017-02-13,9472.7305,9488.0996,9418.7598,9438.5596,9438.5596,0
2017-02-14,9438.5596,9452.2402,9352.6201,9399.4697,9399.4697,0
2017-02-15,9399.4697,9481.9404,9399.4697,9481.9404,9481.9404,0
2017-02-16,9481.9404,9566.4297,9474.6201,9526.1904,9526.1904,0
2017-02-17,9526.1904,9567.6299,9508.3301,9567.6299,9567.6299,0
2017-02-20,9567.6299,9662.0098,9562.6699,9630.3203,9630.3203,0
2017-02-21,9630.3203,9796.9697,9630.3203,9774.2305,9774.2305,0
2017-02-22,9774.2305,9951.79,9774.2305,9925.6904,9925.6904,0
2017-02-23,9925.6904,9981.3301,9910.3896,9937.75,9937.75,0
2017-02-24,9937.75,9951.5996,9772.5996,9825.1699,9825.1699,0
2017-02-27,9825.1699,9897.0898,9791.7695,9894.4502,9894.4502,0
2017-02-28,9894.4502,9931.6699,9841.2197,9845.0195,9845.0195,0
2017-03-01,9845.0195,9937.4697,9833.5996,9928.4199,9928.4199,0
2017-03-02,9928.4199,9948.3301,9834.9697,9848.8096,9848.8096,0
2017-03-03,9848.8096,9883.9502,9833.9004,9856.1904,9856.1904,0
2017-03-06,9856.1904,9915.5801,9853.8398,9895.4404,9895.4404,0
2017-03-07,9895.4404,9912.8398,9869.75,9873.9199,9873.9199,0
2017-03-08,9873.9199,9901.6602,9860.2402,9865.9404,9865.9404,0
2017-03-09,9865.9404,9867.8799,9809.75,9829.7002,9829.7002,0
2017-03-10,9829.7002,9872.4102,9809.3096,9859.0,9859.0,0
2017-03-13,9859.0,9875.7598,9820.4404,9854.0996,9854.0996,0
2017-03-14,9854.0996,9877.2305,9848.3096,9854.0195,9854.0195,0
2017-03-15,9854.0195,9934.1602,9852.25,9931.5596,9931.5596,0
2017-03-16,9931.5596,9969.7998,9892.4697,9896.21,9896.21,0
2017-03-17,9896.21,9959.8398,9896.21,9952.6504,9952.6504,0
2017-03-20,9952.6504,9968.4404,9914.3203,9949.75,9949.75,0
2017-03-21,9949.75,9995.7305,9945.8203,9959.5303,9959.5303,0
2017-03-22,9959.5303,10004.0303,9925.04,9952.4502,9952.4502,0
2017-03-23,9952.4502,9995.6797,9911.5898,9942.8096,9942.8096,0
2017-03-24,9942.8096,9972.1602,9932.9297,9967.1396,9967.1396,0
2017-03-27,9967.1396,9971.2998,9933.8496,9942.1699,9942.1699,0
2017-03-28,9942.1699,9951.9805,9920.7197,9933.25,9933.25,0
2017-03-29,9933.25,9965.5098,9919.3604,9919.3604,9919.3604,0
2017-03-30,9919.3604,10013.9199,9919.3604,10013.9199,10013.9199,0
2017-03-31,10013.9199,10091.6904,9997.0498,10077.4502,10077.4502,0
2017-04-03,10077.4502,10185.8203,10077.1396,10185.2305,10185.2305,0
2017-04-04,10185.2305,10222.6201,10170.5596,10200.5801,10200.5801,0
2017-04-05,10200.5801,10259.8496,10200.5801,10242.9102,10242.9102,0
2017-04-06,10242.9102,10277.0498,10201.6396,10217.7305,10217.7305,0
2017-04-07,10217.7305,10253.9805,10204.9902,10252.1396,10252.1396,0
2017-04-10,10252.1396,10286.9004,10224.21,10259.1201,10259.1201,0
2017-04-11,10259.1201,10283.46,10225.29,10240.8496,10240.8496,0
2017-04-12,10240.8496,10289.29,10240.8496,10262.8896,10262.8896,0
2017-04-13,10262.8896,10313.1396,10260.1904,10313.1396,10313.1396,0
2017-04-14,10313.1396,10321.1104,10283.6504,10313.9805,10313.9805,0
2017-04-18,10313.9805,10326.8604,10258.1201,10281.4102,10281.4102,0
2017-04-19,10281.4102,10281.4102,10193.2598,10235.7803,10235.7803,0
2017-04-20,10235.7803,10262.96,10205.0996,10252.7002,10252.7002,0
2017-04-21,10252.7002,10295.4404,10233.79,10281.6504,10281.6504,0
2017-04-24,10281.6504,10368.7598,10281.6504,10361.4697,10361.4697,0
2017-04-25,10361.4697,10366.1797,10304.2803,10315.9902,10315.9902,0
2017-04-26,10315.9902,10320.4902,10245.4697,10288.2598,10288.2598,0
2017-04-27,10288.2598,10288.2598,10199.1299,10221.6201,10221.6201,0
2017-04-28,10221.6201,10301.25,10204.5098,10278.6797,10278.6797,0
2017-05-02,10278.6797,10313.2695,10262.6201,10265.7402,10265.7402,0
2017-05-03,10265.7402,10313.4199,10233.2402,10252.9697,10252.9697,0
2017-05-04,10252.9697,10317.4004,10251.0996,10285.4697,10285.4697,0
2017-05-05,10285.4697,10370.6504,10285.4697,10363.8398,10363.8398,0
2017-05-08,10363.8398,10433.7002,10363.8398,10428.2803,10428.2803,0
2017-05-09,10428.2803,10478.7197,10428.2803,10451.0596,10451.0596,0
2017-05-10,10451.0596,10478.8096,10438.6201,10456.2197,10456.2197,0
2017-05-11,10456.2197,10550.1104,10442.0898,10512.7598,10512.7598,0
2017-05-12,10512.7598,10601.79,10512.7598,10565.8096,10565.8096,0
2017-05-15,10565.8096,10655.0303,10559.4004,10633.9404,10633.9404,0
2017-05-16,10633.9404,10684.1797,10618.6299,10627.46,10627.46,0
2017-05-17,10627.46,10676.2197,10610.0,10629.9805,10629.9805,0
2017-05-18,10629.9805,10646.0098,10556.46,10596.9297,10596.9297,0
2017-05-19,10596.9297,10676.1396,10596.9297,10666.5996,10666.5996,0
2017-05-22,10666.5996,10774.0098,10664.8896,10774.0098,10774.0098,0
2017-05-23,10774.0098,10799.9404,10743.2305,10779.4697,10779.4697,0
2017-05-24,10779.4697,10855.4404,10779.4697,10830.5703,10830.5703,0
2017-05-25,10830.5703,10893.54,10830.5703,10882.3799,10882.3799,0
2017-05-26,10882.3799,10956.7197,10874.79,10953.04,10953.04,0
2017-05-29,10953.04,10991.2002,10936.1104,10986.4697,10986.4697,0
2017-05-30,10986.4697,11055.5703,10986.4697,11003.7998,11003.7998,0
2017-05-31,11003.7998,11106.1299,10972.1104,11106.1299,11106.1299,0
2017-06-06,11106.1299,11127.7197,10985.9199,11055.1104,11055.1104,0
2017-06-07,11055.1104,11084.7197,11043.3896,11069.7305,11069.7305,0
2017-06-08,11069.7305,11086.5703,11030.6396,11061.1504,11061.1504,0
2017-06-09,11061.1504,11091.2598,10958.5596,10975.79,10975.79,0
2017-06-12,10975.79,11009.4902,10809.6299,10892.79,10892.79,0
2017-06-13,10892.79,10923.0,10868.1797,10886.3203,10886.3203,0
2017-06-14,10886.3203,10950.7695,10886.0303,10927.4199,10927.4199,0
2017-06-15,10927.4199,10927.4199,10824.6602,10836.7803,10836.7803,0
2017-06-16,10836.7803,10943.5303,10836.7803,10917.0195,10917.0195,0
2017-06-19,10917.0195,10948.5498,10816.8496,10845.9697,10845.9697,0
2017-06-20,10845.9697,10894.6904,10796.7695,10799.25,10799.25,0
2017-06-21,10799.25,10836.2998,10710.1904,10796.0195,10796.0195,0
2017-06-22,10796.0195,10799.71,10731.3604,10747.4805,10747.4805,0
2017-06-23,10747.4805,10782.2998,10742.0801,10761.2002,10761.2002,0
2017-06-26,10761.2002,10786.0996,10694.9297,10704.3398,10704.3398,0
2017-06-27,10704.3398,10722.0898,10598.1396,10661.0801,10661.0801,0
2017-06-28,10661.0801,10665.5,10604.0898,10613.7998,10613.7998,0
2017-06-29,10613.7998,10630.3896,10143.3701,10225.8799,10225.8799,0
2017-06-30,10225.8799,10457.2695,10210.0498,10226.4404,10226.4404,0
2017-07-03,10226.4404,10351.0703,10218.3096,10226.5303,10226.5303,0
2017-07-04,10226.5303,10458.3301,10226.5303,10454.5703,10454.5703,0
2017-07-05,10454.5703,10736.9502,10454.5703,10736.1299,10736.1299,0
2017-07-06,10736.1299,10811.1104,10651.9004,10651.9004,10651.9004,0
2017-07-07,10651.9004,10712.6504,10604.8896,10604.8896,10604.8896,0
2017-07-10,10604.8896,10715.71,10604.8896,10694.96,10694.96,0
2017-07-11,10694.96,10754.9199,10690.54,10754.7402,10754.7402,0
2017-07-12,10754.7402,10773.75,10731.0703,10773.75,10773.75,0
2017-07-13,10773.75,10798.3896,10728.4102,10759.04,10759.04,0
2017-07-14,10759.04,10761.1699,10716.8096,10721.9902,10721.9902,0
2017-07-17,10721.9902,10843.3301,10721.9902,10750.5996,10750.5996,0
2017-07-18,10750.5996,10843.9404,10747.9805,10827.0,10827.0,0
2017-07-19,10827.0,10909.4199,10827.0,10903.5801,10903.5801,0
2017-07-20,10903.5801,11041.1104,10903.5801,11035.96,11035.96,0
2017-07-21,11035.96,11090.7695,11028.1299,11042.4805,11042.4805,0
2017-07-24,11042.4805,11071.8203,10964.79,10997.5195,10997.5195,0
2017-07-25,10997.5195,11005.3604,10961.5,10982.3096,10982.3096,0
2017-07-26,10982.3096,11011.5996,10962.7305,10974.75,10974.75,0
2017-07-27,10974.75,11000.4102,10951.9404,10970.3604,10970.3604,0
2017-07-28,10970.3604,10991.4102,10948.5,10948.5,10948.5,0
2017-07-31,10948.5,11035.2803,10912.4297,10912.4297,10912.4297,0
2017-08-01,10912.4297,10972.7197,10912.4297,10923.7002,10923.7002,0
2017-08-02,10923.7002,10988.5703,10923.7002,10941.1504,10941.1504,0
2017-08-03,10941.1504,11064.7197,10940.7002,11042.79,11042.79,0
2017-08-04,11042.79,11067.5,11014.3398,11026.96,11026.96,0
2017-08-07,11026.96,11094.7402,11007.9697,11087.75,11087.75,0
2017-08-08,11087.75,11211.4199,11087.75,11196.8604,11196.8604,0
2017-08-09,11196.8604,11263.7305,11113.6104,11118.54,11118.54,0
2017-08-10,11118.54,11196.0801,11034.75,11034.75,11034.75,0
2017-08-11,11034.75,11096.3799,10976.4297,11016.29,11016.29,0
2017-08-14,11016.29,11054.6104,11007.2305,11039.9805,11039.9805,0
2017-08-16,11039.9805,11053.6699,10930.4004,10985.8701,10985.8701,0
2017-08-17,10985.8701,11075.96,10985.8701,11040.6104,11040.6104,0
2017-08-18,11040.6104,11055.0,10997.2402,11003.1602,11003.1602,0
2017-08-21,11003.1602,11064.54,11001.1699,11022.8604,11022.8604,0
2017-08-22,11022.8604,11092.4297,10996.9102,11069.8799,11069.8799,0
2017-08-23,11069.8799,11075.1904,11039.5195,11069.46,11069.46,0
2017-08-24,11069.46,11090.0195,11035.0898,11065.1699,11065.1699,0
2017-08-25,11065.1699,11129.9199,11056.21,11105.8701,11105.8701,0
2017-08-28,11105.8701,11110.8096,11052.6699,11084.8203,11084.8203,0
2017-08-29,11084.8203,11085.1104,10964.4199,11011.04,11011.04,0
2017-08-30,11011.04,11051.4697,10876.6699,10904.0498,10904.0498,0
2017-08-31,10904.0498,10963.5996,10629.1201,10672.5498,10672.5498,0
2017-09-01,10672.5498,10845.04,10672.5498,10762.2598,10762.2598,0
2017-09-04,10762.2598,10788.1396,10640.7695,10640.7695,10640.7695,0
2017-09-05,10640.7695,10730.5303,10640.7695,10680.9199,10680.9199,0
2017-09-06,10680.9199,10687.6602,10619.3604,10626.21,10626.21,0
2017-09-07,10626.21,10679.3203,10564.6797,10576.6201,10576.6201,0
2017-09-08,10576.6201,10578.3301,10294.9502,10425.6602,10425.6602,0
2017-09-11,10425.6602,10687.6504,10425.6602,10687.6504,10687.6504,0
2017-09-12,10687.6504,10723.3203,10616.7197,10622.0898,10622.0898,0
2017-09-13,10622.0898,10695.8203,10622.0898,10661.8604,10661.8604,0
2017-09-14,10661.8604,10700.04,10633.3496,10641.0195,10641.0195,0
2017-09-15,10641.0195,10729.3799,10624.8496,10624.8496,10624.8496,0
2017-09-18,10624.8496,10725.2002,10597.6904,10601.8496,10601.8496,0
2017-09-19,10601.8496,10659.6797,10558.9004,10576.7402,10576.7402,0
2017-09-20,10576.7402,10583.0098,10465.5498,10498.54,10498.54,0
2017-09-21,10498.54,10501.0195,10451.6797,10456.2197,10456.2197,0
2017-09-22,10456.2197,10492.0596,10400.1904,10405.79,10405.79,0
2017-09-25,10405.79,10472.6104,10392.4805,10459.54,10459.54,0
2017-09-26,10459.54,10530.96,10459.54,10530.96,10530.96,0
2017-09-27,10530.96,10596.54,10476.25,10493.4902,10493.4902,0
2017-09-28,10493.4902,10523.1699,10465.6504,10520.5303,10520.5303,0
2017-09-29,10520.5303,10543.5303,10442.8398,10445.3398,10445.3398,0
2017-10-02,10445.3398,10524.6602,10434.4297,10467.0,10467.0,0
2017-10-03,10467.0,10514.3096,10458.7197,10458.7197,10458.7197,0
2017-10-04,10458.7197,10498.2305,10336.3301,10459.5801,10459.5801,0
2017-10-05,10459.5801,10498.0195,10452.9199,10480.7402,10480.7402,0
2017-10-06,10480.7402,10597.9697,10469.0596,10586.4199,10586.4199,0
2017-10-09,10586.4199,10641.7197,10583.0898,10615.6504,10615.6504,0
2017-10-10,10615.6504,10650.3896,10602.8398,10637.0498,10637.0498,0
2017-10-11,10637.0498,10637.2305,10587.25,10613.6201,10613.6201,0
2017-10-12,10613.6201,10626.0098,10595.54,10603.5195,10603.5195,0
2017-10-13,10603.5195,10665.6602,10603.5195,10653.5596,10653.5596,0
2017-10-16,10653.5596,10678.29,10646.1504,10656.9697,10656.9697,0
2017-10-17,10656.9697,10711.0195,10654.5,10698.5898,10698.5898,0
2017-10-18,10698.5898,10710.4902,10666.9102,10684.7998,10684.7998,0
2017-10-19,10684.7998,10704.1104,10617.1396,10621.6602,10621.6602,0
2017-10-20,10621.6602,10660.7402,10525.8398,10525.8398,10525.8398,0
2017-10-23,10525.8398,10551.3701,10482.1602,10482.1602,10482.1602,0
2017-10-24,10482.1602,10506.8398,10443.3096,10469.3301,10469.3301,0
2017-10-25,10469.3301,10478.1602,10401.2305,10455.79,10455.79,0
2017-10-26,10455.79,10473.1504,10434.25,10454.2402,10454.2402,0
2017-10-27,10454.2402,10468.0996,10398.71,10425.3896,10425.3896,0
2017-10-30,10425.3896,10444.3604,10358.0,10409.1201,10409.1201,0
2017-10-31,10409.1201,10447.5,10380.8096,10431.2197,10431.2197,0
2017-11-01,10431.2197,10454.7998,10361.9902,10361.9902,10361.9902,0
2017-11-02,10361.9902,10440.46,10343.6299,10343.6299,10343.6299,0
2017-11-03,10343.6299,10408.6797,10295.2598,10305.6504,10305.6504,0
2017-11-06,10305.6504,10356.1699,10258.4697,10352.9502,10352.9502,0
2017-11-07,10352.9502,10436.5195,10352.9502,10400.7598,10400.7598,0
2017-11-08,10400.7598,10456.5098,10400.3701,10440.9902,10440.9902,0
2017-11-09,10440.9902,10477.3398,10399.6396,10414.3604,10414.3604,0
2017-11-10,10414.3604,10480.46,10414.3604,10448.0898,10448.0898,0
2017-11-13,10448.0898,10492.2803,10404.0498,10404.1396,10404.1396,0
2017-11-14,10404.1396,10529.3701,10404.1396,10492.4004,10492.4004,0
2017-11-15,10492.4004,10539.29,10379.6396,10394.6904,10394.6904,0
2017-11-16,10394.6904,10408.5596,10337.5801,10374.1602,10374.1602,0
2017-11-17,10374.1602,10453.5996,10374.1602,10450.1904,10450.1904,0
2017-11-20,10450.1904,10536.3604,10442.79,10506.1602,10506.1602,0
2017-11-21,10506.1602,10534.9902,10492.21,10513.4697,10513.4697,0
2017-11-22,10513.4697,10533.7402,10424.96,10453.1104,10453.1104,0
2017-11-23,10453.1104,10495.0303,10449.4404,10460.29,10460.29,0
2017-11-24,10460.29,10531.9404,10458.9102,10465.6904,10465.6904,0
2017-11-27,10465.6904,10486.9297,10383.9404,10404.3398,10404.3398,0
2017-11-28,10404.3398,10499.7402,10404.3398,10492.0,10492.0,0
2017-11-29,10492.0,10523.8799,10478.3896,10483.9199,10483.9199,0
2017-12-04,10483.9199,10513.9199,10457.4102,10465.0098,10465.0098,0
2017-12-05,10465.0098,10499.79,10381.8398,10381.8398,10381.8398,0
2017-12-06,10381.8398,10441.3096,10313.8398,10313.8398,10313.8398,0
2017-12-07,10313.8398,10367.4697,10268.5801,10316.8096,10316.8096,0
2017-12-08,10316.8096,10345.2402,10305.2803,10345.2402,10345.2402,0
2017-12-11,10345.2402,10365.0098,10239.6504,10239.6504,10239.6504,0
2017-12-12,10239.6504,10284.2598,10171.1396,10207.6504,10207.6504,0
2017-12-13,10207.6504,10214.4502,9968.5195,10145.8496,10145.8496,0
2017-12-14,10145.8496,10203.7998,10098.71,10201.3301,10201.3301,0
2017-12-15,10201.3301,10282.8604,10180.0801,10222.5195,10222.5195,0
2017-12-18,10222.5195,10323.1299,10222.5195,10306.3096,10306.3096,0
2017-12-19,10306.3096,10461.4404,10306.3096,10445.9102,10445.9102,0
2017-12-20,10445.9102,10505.7803,10445.9102,10487.2402,10487.2402,0
2017-12-21,10487.2402,10510.6797,10441.25,10478.3701,10478.3701,0
2017-12-22,10478.3701,10517.3203,10463.1602,10480.9004,10480.9004,0
2017-12-27,10480.9004,10492.71,10380.6904,10380.7002,10380.7002,0
2017-12-28,10380.7002,10413.5303,10363.6797,10381.0098,10381.0098,0
2017-12-29,10381.0098,10442.8799,10359.7197,10422.5996,10422.5996,0
2018-01-03,10422.5996,10633.9102,10422.5996,10633.9102,10633.9102,0
2018-01-04,10633.9102,10708.5,10621.75,10708.5,10708.5,0
2018-01-05,10708.5,10765.3604,10707.4102,10735.1602,10735.1602,0
2018-01-08,10735.1602,10768.1602,10671.9404,10730.0898,10730.0898,0
2018-01-09,10730.0898,10800.25,10726.6904,10800.25,10800.25,0
2018-01-10,10800.25,10809.7002,10776.8398,10800.6104,10800.6104,0
2018-01-11,10800.6104,10985.1602,10800.3701,10979.9805,10979.9805,0
2018-01-12,10979.9805,11116.3604,10979.04,11116.3604,11116.3604,0
2018-01-15,11116.3604,11116.5898,11037.6699,11097.4297,11097.4297,0
2018-01-16,11097.4297,11099.6299,10987.2998,11068.7002,11068.7002,0
2018-01-17,11068.7002,11181.4297,11065.8896,11181.4297,11181.4297,0
2018-01-18,11181.4297,11259.4697,11178.7402,11259.2002,11259.2002,0
2018-01-19,11259.2002,11267.8096,11223.8398,11244.1504,11244.1504,0
2018-01-22,11244.1504,11418.1201,11202.1602,11418.1201,11418.1201,0
2018-01-23,11418.1201,11440.4102,11324.9004,11346.1104,11346.1104,0
2018-01-25,11346.1104,11385.8096,11276.1699,11314.6201,11314.6201,0
2018-01-26,11314.6201,11364.2002,11305.8398,11343.3398,11343.3398,0
2018-01-29,11343.3398,11378.4199,11297.9297,11329.1797,11329.1797,0
2018-01-30,11329.1797,11329.1797,11198.25,11247.2305,11247.2305,0
2018-01-31,11247.2305,11268.7402,11217.6201,11256.4404,11256.4404,0
2018-02-01,11256.4404,11307.5801,11187.4297,11187.9502,11187.9502,0
2018-02-02,11187.9502,11216.6797,11064.2695,11085.5898,11085.5898,0
2018-02-05,11085.5898,11085.9502,10922.04,11002.0898,11002.0898,0
2018-02-06,11002.0898,11002.0898,10545.2598,10767.8701,10767.8701,0
2018-02-07,10767.8701,11012.3496,10765.2002,10778.04,10778.04,0
2018-02-08,10778.04,10869.3301,10769.9199,10848.5,10848.5,0
2018-02-09,10848.5,10848.5,10645.5498,10761.4805,10761.4805,0
2018-02-12,10761.4805,10945.4004,10761.4805,10905.5303,10905.5303,0
2018-02-13,10905.5303,10997.7002,10905.5303,10943.0498,10943.0498,0
2018-02-14,10943.0498,11003.5098,10931.0498,10982.7002,10982.7002,0
2018-02-15,10982.7002,11158.0303,10980.04,11108.2998,11108.2998,0
2018-02-16,11108.2998,11201.21,11108.2998,11200.0195,11200.0195,0
2018-02-19,11200.0195,11221.7598,11164.8496,11182.1602,11182.1602,0
2018-02-20,11182.1602,11209.0703,11160.0195,11171.0996,11171.0996,0
2018-02-21,11171.0996,11202.7002,11126.1504,11137.7402,11137.7402,0
2018-02-22,11137.7402,11157.3701,11105.9004,11150.0596,11150.0596,0
2018-02-23,11150.0596,11237.1904,11140.8896,11237.1904,11237.1904,0
2018-02-26,11237.1904,11274.1904,11210.0596,11268.1602,11268.1602,0
2018-02-27,11268.1602,11317.5703,11268.1602,11317.5703,11317.5703,0
2018-02-28,11317.5703,11367.8701,11268.3799,11367.8701,11367.8701,0
2018-03-01,11367.8701,11367.8701,11288.1699,11312.5498,11312.5498,0
2018-03-02,11312.5498,11323.2197,11181.9902,11231.8701,11231.8701,0
2018-03-05,11231.8701,11274.3496,11209.2002,11274.3496,11274.3496,0
2018-03-06,11274.3496,11349.5303,11274.3496,11340.5996,11340.5996,0
2018-03-07,11340.5996,11357.5596,11312.6396,11354.9805,11354.9805,0
2018-03-08,11354.9805,11393.3301,11347.8203,11392.9297,11392.9297,0
2018-03-09,11392.9297,11410.8203,11377.5,11400.3896,11400.3896,0
2018-03-12,11400.3896,11544.6299,11397.6699,11510.0596,11510.0596,0
2018-03-13,11510.0596,11591.3203,11510.0596,11576.7695,11576.7695,0
2018-03-14,11576.7695,11607.8604,11554.4404,11568.0898,11568.0898,0
2018-03-15,11568.0898,11684.4102,11557.2002,11683.7305,11683.7305,0
2018-03-16,11683.7305,11856.6299,11681.7998,11856.6299,11856.6299,0
2018-03-19,11856.6299,11863.4102,11790.2197,11800.3799,11800.3799,0
2018-03-20,11800.3799,11810.9297,11718.54,11741.7695,11741.7695,0
2018-03-21,11741.7695,11828.5195,11738.6699,11819.2998,11819.2998,0
2018-03-22,11819.2998,11823.0195,11602.79,11622.6797,11622.6797,0
2018-03-23,11622.6797,11653.5898,11512.4199,11646.8799,11646.8799,0
2018-03-26,11646.8799,11745.1396,11616.0596,11730.1299,11730.1299,0
2018-03-27,11730.1299,11811.9502,11715.6299,11754.0,11754.0,0
2018-03-28,11754.0,11773.7197,11674.7598,11735.2998,11735.2998,0
2018-03-29,11735.2998,11747.6104,11671.6797,11671.6797,11671.6797,0
2018-03-30,11671.6797,11746.3203,11669.9199,11717.6904,11717.6904,0
2018-04-02,11717.6904,11790.9902,11696.6797,11790.9902,11790.9902,0
2018-04-03,11790.9902,11790.9902,11700.9102,11784.6602,11784.6602,0
2018-04-04,11784.6602,11800.0,11721.1699,11772.9697,11772.9697,0
2018-04-05,11772.9697,11912.8701,11772.4697,11912.8701,11912.8701,0
2018-04-10,11912.8701,11924.2695,11879.2998,11886.25,11886.25,0
2018-04-11,11886.25,11936.29,11829.2197,11866.9297,11866.9297,0
2018-04-12,11866.9297,12000.6797,11865.1699,12000.6797,12000.6797,0
2018-04-13,12000.6797,12017.21,11887.2998,11924.75,11924.75,0
2018-04-16,11924.75,11997.2197,11924.75,11967.7998,11967.7998,0
2018-04-17,11967.7998,12005.3896,11943.1396,11998.8203,11998.8203,0
2018-04-18,11998.8203,12023.9502,11984.2402,12007.5498,12007.5498,0
2018-04-19,12007.5498,12047.4697,11985.5996,12033.0703,12033.0703,0
2018-04-20,12033.0703,12037.5801,11979.75,11989.5996,11989.5996,0
2018-04-23,11989.5996,12048.1396,11980.5,12038.79,12038.79,0
2018-04-24,12038.79,12103.2197,12038.79,12103.2197,12103.2197,0
2018-04-25,12103.2197,12117.4297,12088.6201,12104.9502,12104.9502,0
2018-04-26,12104.9502,12162.3203,11971.2402,11971.2402,11971.2402,0
2018-04-27,11971.2402,12022.9697,11751.0098,11801.7803,11801.7803,0
2018-04-30,11801.7803,11864.9199,11712.7598,11712.7598,11712.7598,0
2018-05-02,11712.7598,11798.8301,11712.7598,11735.0303,11735.0303,0
2018-05-03,11735.0303,11822.4297,11686.3701,11699.4805,11699.4805,0
2018-05-04,11699.4805,11822.7998,11696.0996,11810.8496,11810.8496,0
2018-05-07,11810.8496,11916.7197,11810.8496,11891.1504,11891.1504,0
2018-05-08,11891.1504,11988.3604,11891.1504,11923.6504,11923.6504,0
2018-05-09,11923.6504,11976.0801,11887.0,11906.3398,11906.3398,0
2018-05-10,11906.3398,12005.5801,11905.6504,11986.8496,11986.8496,0
2018-05-11,11986.8496,12019.9297,11927.04,11937.8203,11937.8203,0
2018-05-14,11937.8203,11990.0498,11900.5996,11909.1299,11909.1299,0
2018-05-15,11909.1299,11934.2402,11755.1904,11805.0801,11805.0801,0
2018-05-16,11805.0801,11841.0898,11656.9902,11665.6104,11665.6104,0
2018-05-17,11665.6104,11751.71,11577.6201,11577.6201,11577.6201,0
2018-05-18,11577.6201,11645.9697,11392.9697,11438.6602,11438.6602,0
2018-05-21,11438.6602,11438.6602,11213.3203,11244.8701,11244.8701,0
2018-05-22,11244.8701,11493.8701,11244.3701,11474.5098,11474.5098,0
2018-05-23,11474.5098,11496.9902,11345.1396,11359.3799,11359.3799,0
2018-05-24,11359.3799,11438.8203,11357.9102,11358.5801,11358.5801,0
2018-05-25,11358.5801,11410.1299,11353.0098,11356.96,11356.96,0
2018-05-29,11356.96,11408.79,11270.6602,11271.2998,11271.2998,0
2018-05-30,11271.2998,11274.9697,10983.1396,11019.2998,11019.2998,0
2018-05-31,11019.2998,11294.2002,10941.7305,11103.7002,11103.7002,0
2018-06-04,11103.7002,11314.3398,11103.7002,11260.6504,11260.6504,0
2018-06-05,11260.6504,11492.4502,11250.2402,11479.4697,11479.4697,0
2018-06-06,11479.4697,11533.4102,11442.21,11533.4102,11533.4102,0
2018-06-07,11533.4102,11581.5596,11520.8896,11577.8701,11577.8701,0
2018-06-08,11577.8701,11719.7695,11574.2695,11707.0,11707.0,0
2018-06-11,11707.0,11755.3096,11707.0,11725.9697,11725.9697,0
2018-06-12,11725.9697,11789.5098,11725.9697,11775.1299,11775.1299,0
2018-06-13,11775.1299,11815.2998,11759.7695,11775.4102,11775.4102,0
2018-06-14,11775.4102,11785.6396,11587.5596,11594.3496,11594.3496,0
2018-06-15,11594.3496,11705.5596,11594.0801,11646.4102,11646.4102,0
2018-06-18,11646.4102,11719.1904,11592.0703,11592.0703,11592.0703,0
2018-06-19,11592.0703,11611.2305,11483.7695,11483.7695,11483.7695,0
2018-06-20,11483.7695,11551.0195,11437.5596,11551.0195,11551.0195,0
2018-06-21,11551.0195,11572.0898,11491.0195,11535.2695,11535.2695,0
2018-06-22,11535.2695,11554.54,11457.7197,11514.8398,11514.8398,0
2018-06-25,11514.8398,11531.75,11376.6904,11402.5195,11402.5195,0
2018-06-26,11402.5195,11444.75,11392.0,11402.0801,11402.0801,0
2018-06-27,11402.0801,11440.1396,11328.0703,11366.5195,11366.5195,0
2018-06-28,11366.5195,11462.1797,11302.7803,11437.0596,11437.0596,0
2018-06-29,11437.0596,11618.5898,11437.0596,11573.7402,11573.7402,0
2018-07-02,11573.7402,11637.1504,11476.0703,11476.0703,11476.0703,0
2018-07-03,11476.0703,11580.6699,11363.9199,11363.9199,11363.9199,0
2018-07-04,11363.9199,11467.5195,11299.7305,11301.7002,11301.7002,0
2018-07-05,11301.7002,11430.5898,11285.8496,11377.6602,11377.6602,0
2018-07-06,11377.6602,11440.3398,11375.0801,11408.6904,11408.6904,0
2018-07-09,11408.6904,11473.8604,11406.2998,11454.6299,11454.6299,0
2018-07-10,11454.6299,11505.0703,11431.5596,11473.0596,11473.0596,0
2018-07-11,11473.0596,11553.2598,11446.7803,11496.8604,11496.8604,0
2018-07-12,11496.8604,11576.4199,11496.8604,11536.75,11536.75,0
2018-07-13,11536.75,11576.6299,11535.7598,11554.46,11554.46,0
2018-07-16,11554.46,11646.96,11548.0498,11630.3799,11630.3799,0
2018-07-17,11630.3799,11707.79,11630.3799,11660.6699,11660.6699,0
2018-07-18,11660.6699,11700.0498,11629.3701,11635.2197,11635.2197,0
2018-07-19,11635.2197,11635.2197,11426.8896,11445.8301,11445.8301,0
2018-07-20,11445.8301,11577.0,11424.79,11498.9805,11498.9805,0
2018-07-23,11498.9805,11614.6699,11498.9805,11574.21,11574.21,0
2018-07-24,11574.21,11600.8301,11550.8896,11580.2803,11580.2803,0
2018-07-25,11580.2803,11609.3799,11541.7695,11577.3896,11577.3896,0
2018-07-26,11577.3896,11675.1602,11577.3896,11669.8496,11669.8496,0
2018-07-27,11669.8496,11717.8701,11666.0195,11704.8398,11704.8398,0
2018-07-30,11704.8398,11788.29,11704.8398,11731.0898,11731.0898,0
2018-07-31,11731.0898,11769.5703,11613.4199,11613.4199,11613.4199,0
2018-08-01,11613.4199,11721.46,11613.4199,11666.2002,11666.2002,0
2018-08-02,11666.2002,11756.0498,11608.04,11641.21,11641.21,0
2018-08-03,11641.21,11780.2002,11641.21,11780.2002,11780.2002,0
2018-08-06,11780.2002,11937.5801,11755.4502,11925.4902,11925.4902,0
2018-08-07,11925.4902,11952.9805,11890.2803,11931.1201,11931.1201,0
2018-08-08,11931.1201,12003.9004,11916.8604,11991.0195,11991.0195,0
2018-08-09,11991.0195,12008.2695,11929.25,11950.1904,11950.1904,0
2018-08-10,11950.1904,11966.6396,11849.2402,11876.5898,11876.5898,0
2018-08-13,11876.5898,11919.7998,11777.5498,11791.5703,11791.5703,0
2018-08-14,11791.5703,11834.8096,11763.3301,11774.96,11774.96,0
2018-08-16,11774.96,11889.4697,11758.6699,11839.6699,11839.6699,0
2018-08-17,11839.6699,11927.9297,11839.6699,11925.6504,11925.6504,0
2018-08-20,11925.6504,12008.6104,11922.6201,11998.0195,11998.0195,0
2018-08-21,11998.0195,12003.9199,11929.6201,11964.4199,11964.4199,0
2018-08-22,11964.4199,12003.5996,11929.7197,11931.7002,11931.7002,0
2018-08-23,11931.7002,11956.9102,11906.8604,11956.9102,11956.9102,0
2018-08-24,11956.9102,12066.29,11942.4004,12049.0303,12049.0303,0
2018-08-27,12049.0303,12100.1699,12032.6699,12092.3701,12092.3701,0
2018-08-28,12092.3701,12198.25,12043.7197,12198.25,12198.25,0
2018-08-29,12198.25,12206.3203,12134.0498,12138.75,12138.75,0
2018-08-30,12138.75,12193.0898,12106.8398,12152.71,12152.71,0
2018-08-31,12152.71,12164.3896,12053.6602,12053.6602,12053.6602,0
2018-09-03,12053.6602,12169.46,12053.6602,12104.5,12104.5,0
2018-09-04,12104.5,12157.79,12099.0,12157.3398,12157.3398,0
2018-09-05,12157.3398,12157.3398,12097.2598,12109.7998,12109.7998,0
2018-09-06,12109.7998,12168.8398,12109.7998,12121.5996,12121.5996,0
2018-09-07,12121.5996,12139.1201,12088.0801,12098.6396,12098.6396,0
2018-09-10,12098.6396,12145.0801,12066.3604,12138.1201,12138.1201,0
2018-09-11,12138.1201,12138.1201,12066.6504,12066.6504,12066.6504,0
2018-09-12,12066.6504,12097.0596,12032.7002,12033.6396,12033.6396,0
2018-09-13,12033.6396,12061.5,11942.7998,11950.2695,11950.2695,0
2018-09-14,11950.2695,11977.6602,11883.6396,11890.4697,11890.4697,0
2018-09-17,11890.4697,11922.0801,11881.4102,11900.4404,11900.4404,0
2018-09-18,11900.4404,12072.46,11892.9902,12072.46,12072.46,0
2018-09-19,12072.46,12109.5703,12035.6797,12078.9902,12078.9902,0
2018-09-20,12078.9902,12170.1104,12060.1299,12165.5596,12165.5596,0
2018-09-21,12165.5596,12255.7305,12141.29,12203.5195,12203.5195,0
2018-09-24,12203.5195,12268.9902,12175.5498,12199.1396,12199.1396,0
2018-09-25,12199.1396,12214.21,12125.6104,12201.5703,12201.5703,0
2018-09-26,12201.5703,12203.3096,12165.8496,12195.5703,12195.5703,0
2018-09-27,12195.5703,12310.2803,12169.3701,12303.5703,12303.5703,0
2018-09-28,12303.5703,12320.9404,12244.21,12254.1504,12254.1504,0
2018-10-01,12254.1504,12302.8301,12254.1504,12297.96,12297.96,0
2018-10-02,12297.96,12399.6904,12280.9697,12399.6904,12399.6904,0
2018-10-03,12399.6904,12465.1396,12361.1201,12367.7998,12367.7998,0
2018-10-04,12367.7998,12418.4697,12364.2598,12398.2998,12398.2998,0
2018-10-05,12398.2998,12495.5303,12389.2598,12458.46,12458.46,0
2018-10-08,12458.46,12492.1396,12408.1201,12410.6797,12410.6797,0
2018-10-09,12410.6797,12449.6299,12399.6299,12444.1396,12444.1396,0
2018-10-10,12444.1396,12477.3096,12360.0195,12360.0195,12360.0195,0
2018-10-11,12360.0195,12360.0195,12136.0898,12233.7002,12233.7002,0
2018-10-12,12233.7002,12244.5,12185.0098,12221.4902,12221.4902,0
2018-10-15,12221.4902,12316.0996,12218.9502,12289.5898,12289.5898,0
2018-10-16,12289.5898,12461.1504,12289.5898,12458.9102,12458.9102,0
2018-10-17,12458.9102,12621.8496,12439.9297,12621.8496,12621.8496,0
2018-10-18,12621.8496,12631.8896,12520.1699,12520.1699,12520.1699,0
2018-10-19,12520.1699,12547.5,12475.2002,12521.1904,12521.1904,0
2018-10-22,12521.1904,12574.5498,12498.9697,12543.8496,12543.8496,0
2018-10-23,12543.8496,12580.7803,12495.8896,12580.7803,12580.7803,0
2018-10-24,12580.7803,12583.5,12505.8096,12559.5498,12559.5498,0
2018-10-25,12559.5498,12559.5498,12338.5596,12375.9004,12375.9004,0
2018-10-26,12375.9004,12438.1299,12238.3203,12253.8096,12253.8096,0
2018-10-29,12253.8096,12403.2305,12253.8096,12384.9697,12384.9697,0
2018-10-30,12384.9697,12450.9004,12361.0,12363.2402,12363.2402,0
2018-10-31,12363.2402,12467.2803,12363.2402,12402.4805,12402.4805,0
2018-11-01,12402.4805,12473.0195,12402.4805,12463.1104,12463.1104,0
2018-11-02,12463.1104,12482.9502,12426.8398,12469.2803,12469.2803,0
2018-11-05,12469.2803,12508.3604,12469.0098,12483.25,12483.25,0
2018-11-06,12483.25,12551.6201,12469.7803,12548.4004,12548.4004,0
2018-11-07,12548.4004,12633.6602,12537.2803,12627.8301,12627.8301,0
2018-11-08,12627.8301,12656.4102,12481.4805,12481.4805,12481.4805,0
2018-11-09,12481.4805,12624.75,12479.5303,12607.9004,12607.9004,0
2018-11-12,12607.9004,12654.0801,12590.3301,12613.25,12613.25,0
2018-11-13,12613.25,12638.5996,12545.8398,12627.7197,12627.7197,0
2018-11-14,12627.7197,12627.7197,12450.1504,12458.0098,12458.0098,0
2018-11-15,12458.0098,12515.04,12414.6699,12488.4102,12488.4102,0
2018-11-16,12488.4102,12516.8701,12432.96,12489.8301,12489.8301,0
2018-11-19,12489.8301,12490.1904,12437.3398,12478.2998,12478.2998,0
2018-11-20,12478.2998,12481.6201,12384.9102,12384.9102,12384.9102,0
2018-11-21,12384.9102,12440.5801,12334.7695,12440.5801,12440.5801,0
2018-11-22,12440.5801,12441.8301,12376.1504,12410.2598,12410.2598,0
2018-11-23,12410.2598,12424.21,12343.2803,12420.79,12420.79,0
2018-11-26,12420.79,12423.4297,12357.1602,12412.0098,12412.0098,0
2018-11-27,12412.0098,12500.1699,12402.3398,12495.2695,12495.2695,0
2018-11-28,12495.2695,12529.4902,12487.6602,12501.7402,12501.7402,0
2018-11-29,12501.7402,12631.3398,12501.7402,12631.3398,12631.3398,0
2018-12-03,12631.3398,12757.1396,12631.0703,12757.1396,12757.1396,0
2018-12-04,12757.1396,12809.4902,12672.46,12806.8701,12806.8701,0
2018-12-05,12806.8701,12807.0596,12676.7598,12752.1104,12752.1104,0
2018-12-06,12752.1104,12752.1104,12620.3096,12620.3096,12620.3096,0
2018-12-07,12620.3096,12684.2598,12619.6797,12661.7402,12661.7402,0
2018-12-10,12661.7402,12672.4004,12478.3701,12478.3701,12478.3701,0
2018-12-11,12478.3701,12550.1504,12475.2598,12512.2402,12512.2402,0
2018-12-12,12512.2402,12518.6104,12448.4102,12493.46,12493.46,0
2018-12-13,12493.46,12522.6699,12459.1602,12522.6699,12522.6699,0
2018-12-14,12522.6699,12523.1104,12466.3896,12502.1797,12502.1797,0
2018-12-17,12502.1797,12511.5,12396.5098,12430.7598,12430.7598,0
2018-12-18,12430.7598,12456.1699,12252.96,12278.1797,12278.1797,0
2018-12-19,12278.1797,12278.1797,10760.8203,10905.3301,10905.3301,0
2018-12-20,10905.3301,11081.3496,10513.7695,10771.25,10771.25,0
2018-12-21,10771.25,10838.54,10260.4902,10260.4902,10260.4902,0
2018-12-24,10260.4902,11061.29,10205.1699,10972.2305,10972.2305,0
2018-12-27,10972.2305,11272.0498,10945.1602,10960.54,10960.54,0
2018-12-28,10960.54,10998.3398,10869.0303,10918.9902,10918.9902,0
2018-12-31,10918.9902,10955.8799,10860.8398,10870.9697,10870.9697,0
2019-01-03,10870.9697,11063.9502,10870.9697,11012.2305,11012.2305,0
2019-01-04,11012.2305,11317.2002,11012.2305,11302.2803,11302.2803,0
2019-01-07,11302.2803,11387.8701,11284.2598,11329.21,11329.21,0
2019-01-08,11329.21,11366.4199,11037.6299,11037.6299,11037.6299,0
2019-01-09,11037.6299,11147.9902,10984.8203,10984.8203,10984.8203,0
2019-01-10,10984.8203,11055.8896,10879.2803,10892.5195,10892.5195,0
2019-01-11,10892.5195,10938.7695,10670.9004,10673.3096,10673.3096,0
2019-01-14,10673.3096,10735.75,10198.3398,10222.1797,10222.1797,0
2019-01-15,10222.1797,10412.7803,9987.7598,10412.7803,10412.7803,0
2019-01-16,10412.7803,10536.5898,10339.54,10437.7197,10437.7197,0
2019-01-17,10437.7197,10629.0098,10418.5898,10594.6602,10594.6602,0
2019-01-18,10594.6602,10792.7197,10594.6602,10616.7402,10616.7402,0
2019-01-21,10616.7402,10657.3096,10535.5596,10556.2598,10556.2598,0
2019-01-22,10556.2598,10607.96,10481.9004,10605.3398,10605.3398,0
2019-01-23,10605.3398,10612.5996,10521.5498,10528.3896,10528.3896,0
2019-01-25,10528.3896,10581.5303,10344.3496,10399.46,10399.46,0
2019-01-28,10399.46,10475.21,10300.1201,10328.21,10328.21,0
2019-01-29,10328.21,10351.04,10165.6699,10244.4902,10244.4902,0
2019-01-30,10244.4902,10383.4297,10224.1797,10382.3701,10382.3701,0
2019-01-31,10382.3701,10465.96,10248.2695,10248.2695,10248.2695,0
2019-02-01,10248.2695,10386.7197,10234.2402,10364.5303,10364.5303,0
2019-02-04,10364.5303,10770.75,10359.5,10751.9902,10751.9902,0
2019-02-05,10751.9902,10944.4199,10751.9902,10924.9697,10924.9697,0
2019-02-06,10924.9697,11023.1904,10918.9502,10977.1201,10977.1201,0
2019-02-07,10977.1201,11185.0596,10977.1201,11114.2197,11114.2197,0
2019-02-08,11114.2197,11182.3896,11024.96,11146.3398,11146.3398,0
2019-02-11,11146.3398,11167.21,10823.9805,10878.8701,10878.8701,0
2019-02-12,10878.8701,11101.8896,10878.8701,11101.8896,11101.8896,0
2019-02-13,11101.8896,11356.5996,11101.8896,11332.6904,11332.6904,0
2019-02-14,11332.6904,11420.5801,11273.0498,11278.1104,11278.1104,0
2019-02-15,11278.1104,11375.7803,11267.5596,11299.29,11299.29,0
2019-02-18,11299.29,11461.0898,11299.29,11461.0898,11461.0898,0
2019-02-19,11461.0898,11461.0898,11403.0703,11407.4404,11407.4404,0
2019-02-20,11407.4404,11497.2305,11346.0996,11438.71,11438.71,0
2019-02-21,11438.71,11601.8604,11392.4199,11594.6299,11594.6299,0
2019-02-22,11594.6299,11633.2002,11450.5498,11461.3799,11461.3799,0
2019-02-25,11461.3799,11541.0303,11429.9297,11462.2998,11462.2998,0
2019-02-26,11462.2998,11467.9297,11395.8398,11467.9297,11467.9297,0
2019-02-27,11467.9297,11467.9297,11314.9502,11314.9502,11314.9502,0
2019-02-28,11314.9502,11374.4297,11237.9297,11321.7002,11321.7002,0
2019-03-01,11321.7002,11398.2695,11301.8896,11306.0898,11306.0898,0
2019-03-04,11306.0898,11511.2305,11296.1504,11511.2305,11511.2305,0
2019-03-05,11511.2305,11671.6201,11511.2305,11671.6201,11671.6201,0
2019-03-06,11671.6201,11775.1299,11643.2598,11681.5996,11681.5996,0
2019-03-07,11681.5996,11692.3398,11562.8701,11609.4297,11609.4297,0
2019-03-08,11609.4297,11657.5498,11576.75,11576.75,11576.75,0
2019-03-11,11576.75,11731.6396,11576.75,11709.3896,11709.3896,0
2019-03-12,11709.3896,11731.9502,11636.2598,11663.7803,11663.7803,0
2019-03-13,11663.7803,11664.25,11559.5303,11594.1201,11594.1201,0
2019-03-14,11594.1201,11659.25,11562.0195,11590.6602,11590.6602,0
2019-03-15,11590.6602,11706.0703,11590.6602,11593.4004,11593.4004,0
2019-03-18,11593.4004,11675.8701,11593.4004,11625.1904,11625.1904,0
2019-03-19,11625.1904,11719.96,11620.4004,11719.96,11719.96,0
2019-03-20,11719.96,11887.3799,11708.1299,11825.1299,11825.1299,0
2019-03-21,11825.1299,11917.29,11825.1299,11867.7803,11867.7803,0
2019-03-22,11867.7803,11913.9004,11819.0195,11843.5996,11843.5996,0
2019-03-25,11843.5996,11843.5996,11670.1201,11729.75,11729.75,0
2019-03-26,11729.75,11882.4805,11725.2598,11862.2197,11862.2197,0
2019-03-27,11862.2197,11975.5801,11857.9004,11975.21,11975.21,0
2019-03-28,11975.21,11993.7598,11854.1504,11937.0596,11937.0596,0
2019-03-29,11937.0596,12041.7197,11861.8701,11864.0801,11864.0801,0
2019-04-01,11864.0801,12024.4805,11864.0801,12008.1797,12008.1797,0
2019-04-02,12008.1797,12044.9805,11983.2998,12011.6602,12011.6602,0
2019-04-03,12011.6602,12056.3096,12004.79,12027.2803,12027.2803,0
2019-04-04,12027.2803,12073.9102,12026.54,12047.3604,12047.3604,0
2019-04-05,12047.3604,12105.7803,12042.3203,12095.3604,12095.3604,0
2019-04-08,12095.3604,12175.9102,12095.3604,12163.4805,12163.4805,0
2019-04-09,12163.4805,12276.9502,12163.4805,12241.6396,12241.6396,0
2019-04-10,12241.6396,12268.4902,12232.1396,12246.8096,12246.8096,0
2019-04-11,12246.8096,12283.9404,12221.3301,12280.9004,12280.9004,0
2019-04-12,12280.9004,12280.9004,12189.4805,12191.4805,12191.4805,0
2019-04-15,12191.4805,12257.5,12187.8398,12197.9199,12197.9199,0
2019-04-16,12197.9199,12210.7998,12129.25,12162.2695,12162.2695,0
2019-04-17,12162.2695,12204.9502,12147.2197,12197.7598,12197.7598,0
2019-04-18,12197.7598,12245.3604,12167.4199,12209.8398,12209.8398,0
2019-04-19,12209.8398,12316.6699,12209.8398,12315.2402,12315.2402,0
2019-04-22,12315.2402,12391.2998,12307.3701,12391.2998,12391.2998,0
2019-04-23,12391.2998,12407.1699,12313.5498,12325.5303,12325.5303,0
2019-04-24,12325.5303,12361.75,12317.5303,12343.0195,12343.0195,0
2019-04-25,12343.0195,12434.3799,12338.7803,12410.6904,12410.6904,0
2019-04-30,12410.6904,12488.9199,12376.6104,12448.9102,12448.9102,0
2019-05-02,12448.9102,12499.04,12414.2998,12460.8896,12460.8896,0
2019-05-03,12460.8896,12491.5498,12444.4805,12451.0898,12451.0898,0
2019-05-06,12451.0898,12451.46,12358.46,12358.46,12358.46,0
2019-05-07,12358.46,12446.1602,12351.7197,12415.3398,12415.3398,0
2019-05-08,12415.3398,12439.0,12343.8799,12343.8799,12343.8799,0
2019-05-09,12343.8799,12452.1699,12343.8799,12393.4805,12393.4805,0
2019-05-10,12393.4805,12438.3496,12372.3799,12401.8604,12401.8604,0
2019-05-13,12401.8604,12412.2002,12170.7695,12190.3301,12190.3301,0
2019-05-14,12190.3301,12206.0,12048.9697,12145.8096,12145.8096,0
2019-05-15,12145.8096,12230.9805,12145.8096,12210.4004,12210.4004,0
2019-05-16,12210.4004,12268.4805,12183.9004,12266.4805,12266.4805,0
2019-05-17,12266.4805,12343.9697,12253.2695,12283.2998,12283.2998,0
2019-05-20,12283.2998,12332.2998,12244.0898,12252.8799,12252.8799,0
2019-05-21,12252.8799,12280.04,12172.7695,12172.7695,12172.7695,0
2019-05-22,12172.7695,12314.46,12169.1602,12282.4004,12282.4004,0
2019-05-23,12282.4004,12318.5596,12270.8398,12271.6699,12271.6699,0
2019-05-24,12271.6699,12393.25,12256.2305,12393.25,12393.25,0
2019-05-27,12393.25,12491.7402,12393.25,12475.1699,12475.1699,0
2019-05-28,12475.1699,12869.7402,12473.5996,12869.7402,12869.7402,0
2019-05-29,12869.7402,12887.0,12748.0801,12831.4805,12831.4805,0
2019-05-30,12831.4805,13006.8398,12803.46,12892.6904,12892.6904,0
2019-05-31,12892.6904,13041.7998,12828.7998,13029.6797,13029.6797,0
2019-06-03,13029.6797,13191.2598,12959.4502,13160.25,13160.25,0
2019-06-04,13160.25,13250.2305,13138.0996,13195.3604,13195.3604,0
2019-06-05,13195.3604,13424.5303,13190.4297,13415.0498,13415.0498,0
2019-06-06,13415.0498,13495.0098,13415.0498,13467.5898,13467.5898,0
2019-06-07,13467.5898,13646.04,13467.5898,13638.8301,13638.8301,0
2019-06-10,13638.8301,13709.2402,13564.5098,13659.8896,13659.8896,0
2019-06-11,13659.8896,13788.5098,13659.8896,13768.3799,13768.3799,0
2019-06-12,13768.3799,13825.6699,13679.75,13700.2803,13700.2803,0
2019-06-13,13700.2803,13707.2197,13518.9102,13518.9102,13518.9102,0
2019-06-14,13518.9102,13605.9502,13516.5303,13561.3896,13561.3896,0
2019-06-18,13561.3896,13650.6299,13524.7197,13594.0801,13594.0801,0
2019-06-19,13594.0801,13725.2002,13594.0801,13684.3701,13684.3701,0
2019-06-20,13684.3701,13907.2002,13670.2197,13828.4404,13828.4404,0
2019-06-21,13828.4404,13957.4199,13828.4404,13946.96,13946.96,0
2019-06-24,13946.96,14014.4102,13804.04,13804.04,13804.04,0
2019-06-25,13804.04,13899.46,13754.5098,13754.5098,13754.5098,0
2019-06-26,13754.5098,13874.29,13743.6299,13842.2002,13842.2002,0
2019-06-27,13842.2002,14040.9697,13839.6699,14002.5996,14002.5996,0
2019-06-28,14002.5996,14119.1396,14002.5996,14105.7197,14105.7197,0
2019-07-01,14105.7197,14145.1602,14045.6699,14078.2803,14078.2803,0
2019-07-02,14078.2803,14146.5098,14041.4902,14041.4902,14041.4902,0
2019-07-03,14041.4902,14167.8301,14041.4902,14155.3301,14155.3301,0
2019-07-04,14155.3301,14271.1396,14154.7305,14269.8398,14269.8398,0
2019-07-05,14269.8398,14352.0703,14230.1299,14349.8799,14349.8799,0
2019-07-08,14349.8799,14349.8799,14206.8604,14206.8604,14206.8604,0
2019-07-09,14206.8604,14256.7402,14119.7598,14256.7402,14256.7402,0
2019-07-10,14256.7402,14298.5801,14174.6396,14227.0801,14227.0801,0
2019-07-11,14227.0801,14444.7305,14227.0801,14444.7305,14444.7305,0
2019-07-12,14444.7305,14689.6396,14434.9805,14552.1602,14552.1602,0
2019-07-15,14552.1602,14675.9805,14517.1299,14638.3701,14638.3701,0
2019-07-16,14638.3701,14683.0703,14554.3398,14608.6904,14608.6904,0
2019-07-17,14608.6904,14661.0303,14551.3701,14551.8496,14551.8496,0
2019-07-18,14551.8496,14556.29,14425.96,14496.4297,14496.4297,0
2019-07-19,14496.4297,14586.3496,14468.71,14546.2998,14546.2998,0
2019-07-22,14546.2998,14576.3496,14476.3096,14485.4697,14485.4697,0
2019-07-23,14485.4697,14525.5,14452.7998,14511.0,14511.0,0
2019-07-24,14511.0,14521.1396,14269.1299,14284.1602,14284.1602,0
2019-07-25,14284.1602,14376.3896,14284.1602,14356.8301,14356.8301,0
2019-07-26,14356.8301,14369.2002,14298.4199,14344.7695,14344.7695,0
2019-07-29,14344.7695,14404.0801,14336.7402,14404.0801,14404.0801,0
2019-07-30,14404.0801,14424.25,14367.8496,14399.3604,14399.3604,0
2019-07-31,14399.3604,14732.3604,14393.4404,14732.3604,14732.3604,0
2019-08-01,14732.3604,14748.7598,14591.0195,14597.9297,14597.9297,0
2019-08-02,14597.9297,14633.6797,14490.7695,14516.25,14516.25,0
2019-08-05,14516.25,14542.5703,14432.5996,14432.5996,14432.5996,0
2019-08-06,14432.5996,14511.5098,14345.4199,14482.4404,14482.4404,0
2019-08-07,14482.4404,14653.7197,14482.4404,14509.2695,14509.2695,0
2019-08-08,14509.2695,14644.29,14509.2695,14599.4199,14599.4199,0
2019-08-09,14599.4199,14646.5596,14542.7305,14640.1396,14640.1396,0
2019-08-12,14640.1396,14648.75,14540.1104,14566.5898,14566.5898,0
2019-08-13,14566.5898,14614.1299,14542.6602,14590.6602,14590.6602,0
2019-08-14,14590.6602,14656.4102,14477.0098,14487.6299,14487.6299,0
2019-08-16,14487.6299,14487.6299,14335.6299,14460.21,14460.21,0
2019-08-19,14460.21,14521.7402,14447.2803,14521.7402,14521.7402,0
2019-08-20,14521.7402,14537.8799,14482.8604,14501.1396,14501.1396,0
2019-08-21,14501.1396,14635.4404,14499.9502,14635.4404,14635.4404,0
2019-08-22,14635.4404,14644.8398,14595.1797,14595.1797,14595.1797,0
2019-08-23,14595.1797,14654.5195,14556.21,14556.21,14556.21,0
2019-08-26,14556.21,14556.21,14418.1797,14475.4404,14475.4404,0
2019-08-27,14475.4404,14818.1299,14475.4404,14818.1299,14818.1299,0
2019-08-28,14818.1299,14821.9502,14714.5498,14797.5596,14797.5596,0
2019-08-29,14797.5596,14821.1797,14753.6699,14790.4297,14790.4297,0
2019-08-30,14790.4297,14809.9697,14744.4004,14780.9502,14780.9502,0
2019-09-02,14780.9502,14831.7598,14750.5596,14819.7695,14819.7695,0
2019-09-03,14819.7695,14856.2695,14786.9502,14797.2598,14797.2598,0
2019-09-04,14797.2598,14856.2002,14797.2598,14823.5195,14823.5195,0
2019-09-05,14823.5195,14868.0098,14806.1797,14806.1797,14806.1797,0
2019-09-06,14806.1797,14855.4902,14766.54,14796.1904,14796.1904,0
2019-09-09,14796.1904,14845.7695,14766.8604,14778.8604,14778.8604,0
2019-09-10,14778.8604,14829.4902,14770.3398,14770.3398,14770.3398,0
2019-09-11,14770.3398,14805.0303,14753.3604,14768.7695,14768.7695,0
2019-09-12,14768.7695,14788.04,14730.0098,14757.8604,14757.8604,0
2019-09-13,14757.8604,14813.3799,14738.5303,14773.9502,14773.9502,0
2019-09-16,14773.9502,14879.5801,14772.4297,14865.54,14865.54,0
2019-09-17,14865.54,14895.5996,14828.4297,14828.4297,14828.4297,0
2019-09-18,14828.4297,14912.8301,14828.4297,14904.4502,14904.4502,0
2019-09-19,14904.4502,14983.5898,14904.4502,14977.29,14977.29,0
2019-09-20,14977.29,15137.25,14976.4697,15110.3496,15110.3496,0
2019-09-23,15110.3496,15295.3701,15085.1104,15272.21,15272.21,0
2019-09-24,15272.21,15287.2305,15157.1699,15177.1504,15177.1504,0
2019-09-25,15177.1504,15211.8799,15165.25,15207.6299,15207.6299,0
2019-09-26,15207.6299,15266.9902,15180.3301,15248.8496,15248.8496,0
2019-09-27,15248.8496,15458.75,15244.9697,15369.0996,15369.0996,0
2019-09-30,15369.0996,15395.2402,15300.54,15322.6797,15322.6797,0
2019-10-01,15322.6797,15328.9102,15264.9902,15287.9697,15287.9697,0
2019-10-02,15287.9697,15290.6104,15083.7002,15083.9502,15083.9502,0
2019-10-03,15083.9502,15148.9697,15053.0898,15091.7695,15091.7695,0
2019-10-04,15091.7695,15161.1797,15084.75,15111.6904,15111.6904,0
2019-10-07,15111.6904,15279.4404,15111.6904,15279.4404,15279.4404,0
2019-10-08,15279.4404,15285.9102,15167.6602,15184.5498,15184.5498,0
2019-10-09,15184.5498,15228.4404,15144.6104,15228.4404,15228.4404,0
2019-10-10,15228.4404,15260.6699,15150.96,15172.4502,15172.4502,0
2019-10-11,15172.4502,15269.8496,15172.4502,15251.21,15251.21,0
2019-10-14,15251.21,15325.3301,15233.7695,15233.7695,15233.7695,0
2019-10-15,15233.7695,15316.3701,15233.7695,15277.8096,15277.8096,0
2019-10-16,15277.8096,15301.9004,15222.75,15222.75,15222.75,0
2019-10-17,15222.75,15298.7002,15222.29,15298.3496,15298.3496,0
2019-10-18,15298.3496,15354.0195,15256.7598,15269.0703,15269.0703,0
2019-10-21,15269.0703,15382.9297,15269.0703,15334.29,15334.29,0
2019-10-22,15334.29,15424.4902,15314.3799,15402.7695,15402.7695,0
2019-10-23,15402.7695,15429.1904,15377.29,15395.9902,15395.9902,0
2019-10-24,15395.9902,15462.0996,15393.54,15400.2695,15400.2695,0
2019-10-25,15400.2695,15489.4697,15400.2695,15489.4697,15489.4697,0
2019-10-28,15489.4697,15512.0498,15441.0596,15496.1504,15496.1504,0
2019-10-29,15496.1504,15556.1904,15489.8496,15547.1797,15547.1797,0
2019-10-30,15547.1797,15551.0,15438.0303,15440.29,15440.29,0
2019-10-31,15440.29,15474.1904,15235.4404,15235.4404,15235.4404,0
2019-11-01,15235.4404,15399.1904,15235.4404,15377.5303,15377.5303,0
2019-11-04,15377.5303,15451.3701,15325.4902,15446.8604,15446.8604,0
2019-11-05,15446.8604,15495.8701,15412.5898,15490.21,15490.21,0
2019-11-06,15490.21,15548.2402,15482.1104,15505.5898,15505.5898,0
2019-11-07,15505.5898,15543.6396,15473.9199,15493.6904,15493.6904,0
2019-11-08,15493.6904,15536.3896,15481.5703,15508.6699,15508.6699,0
2019-11-11,15508.6699,15569.1797,15496.6104,15558.5996,15558.5996,0
2019-11-12,15558.5996,15574.2305,15494.9297,15513.8301,15513.8301,0
2019-11-13,15513.8301,15572.4199,15498.46,15572.4199,15572.4199,0
2019-11-14,15572.4199,15604.0195,15498.6797,15512.7695,15512.7695,0
2019-11-15,15512.7695,15562.7998,15492.4697,15513.2695,15513.2695,0
2019-11-18,15513.2695,15581.9404,15513.2695,15565.1699,15565.1699,0
2019-11-19,15565.1699,15579.9805,15515.9297,15535.25,15535.25,0
2019-11-20,15535.25,15596.6904,15502.9902,15576.8301,15576.8301,0
2019-11-21,15576.8301,15610.9297,15534.4697,15546.3096,15546.3096,0
2019-11-22,15546.3096,15588.8398,15530.2402,15554.7998,15554.7998,0
2019-11-25,15554.7998,15640.8096,15554.7998,15640.4502,15640.4502,0
2019-11-26,15640.4502,15739.6104,15577.3496,15680.79,15680.79,0
2019-11-27,15680.79,15806.4697,15680.79,15806.4697,15806.4697,0
2019-11-28,15806.4697,15842.3096,15754.71,15796.3799,15796.3799,0
2019-11-29,15796.3799,15853.1602,15794.4102,15824.3604,15824.3604,0
2019-12-02,15824.3604,15864.04,15797.7998,15850.2002,15850.2002,0
2019-12-03,15850.2002,15868.9902,15812.0195,15812.0195,15812.0195,0
2019-12-04,15812.0195,15928.5303,15811.4004,15922.2305,15922.2305,0
2019-12-05,15922.2305,15969.0098,15897.4102,15942.9805,15942.9805,0
2019-12-06,15942.9805,15988.9697,15942.9805,15969.2598,15969.2598,0
2019-12-09,15969.2598,15981.6797,15901.0498,15905.5596,15905.5596,0
2019-12-10,15905.5596,15918.9297,15778.6602,15811.1396,15811.1396,0
2019-12-11,15811.1396,15815.8203,15672.2002,15701.6299,15701.6299,0
2019-12-12,15701.6299,15758.9697,15630.2402,15652.2402,15652.2402,0
2019-12-13,15652.2402,15813.9404,15652.2402,15813.9404,15813.9404,0
2019-12-16,15813.9404,15951.1797,15812.79,15951.1797,15951.1797,0
2019-12-17,15951.1797,15961.8096,15822.7598,15825.96,15825.96,0
2019-12-18,15825.96,15880.46,15762.2002,15856.9102,15856.9102,0
2019-12-19,15856.9102,15902.9805,15818.21,15828.8896,15828.8896,0
2019-12-20,15828.8896,15867.2803,15805.1201,15822.2305,15822.2305,0
2019-12-23,15822.2305,15899.6104,15795.5098,15810.0703,15810.0703,0
2019-12-27,15810.0703,15930.6602,15809.7998,15923.0195,15923.0195,0
2019-12-30,15923.0195,15974.4902,15911.0596,15969.0703,15969.0703,0
2020-01-03,15969.0703,16025.8604,15876.4502,15879.9004,15879.9004,0
2020-01-06,15879.9004,15890.21,15762.6104,15790.6602,15790.6602,0
2020-01-07,15790.6602,15872.96,15783.2305,15822.0996,15822.0996,0
2020-01-08,15822.0996,15834.0195,15737.4404,15776.4102,15776.4102,0
2020-01-09,15776.4102,15912.0303,15776.4102,15908.7002,15908.7002,0
2020-01-10,15908.7002,15956.4502,15906.2402,15929.9102,15929.9102,0
2020-01-13,15929.9102,16063.2695,15906.1904,16043.75,16043.75,0
2020-01-14,16043.75,16086.3604,16026.4297,16062.1904,16062.1904,0
2020-01-15,16062.1904,16153.4199,16062.1904,16136.6699,16136.6699,0
2020-01-16,16136.6699,16173.6201,16095.7598,16125.1504,16125.1504,0
2020-01-17,16125.1504,16201.5898,16125.1504,16145.3496,16145.3496,0
2020-01-20,16145.3496,16208.7402,16143.79,16157.9004,16157.9004,0
2020-01-21,16157.9004,16207.5996,16127.7695,16159.54,16159.54,0
2020-01-22,16159.54,16300.5,16145.1201,16216.3301,16216.3301,0
2020-01-23,16216.3301,16375.4902,16216.3301,16357.1504,16357.1504,0
2020-01-27,16357.1504,16360.2402,16167.7197,16174.0703,16174.0703,0
2020-01-28,16174.0703,16217.5498,16111.8896,16151.2002,16151.2002,0
2020-01-29,16151.2002,16210.7402,16084.3398,16086.5801,16086.5801,0
2020-01-30,16086.5801,16198.3604,15905.7803,15924.6797,15924.6797,0
2020-01-31,15924.6797,16065.8203,15922.9805,16050.0596,16050.0596,0
2020-02-03,16050.0596,16050.0596,15834.79,15938.4102,15938.4102,0
2020-02-04,15938.4102,16005.2305,15901.2695,15950.2998,15950.2998,0
2020-02-05,15950.2998,16062.6104,15944.1201,16062.6104,16062.6104,0
2020-02-06,16062.6104,16263.9697,16009.5703,16177.2998,16177.2998,0
2020-02-07,16177.2998,16251.8799,16029.04,16046.4004,16046.4004,0
2020-02-10,16046.4004,16185.3604,16009.5,16025.1299,16025.1299,0
2020-02-11,16025.1299,16090.5098,15973.9697,16015.1201,16015.1201,0
2020-02-12,16015.1201,16106.4199,15983.3301,16005.7197,16005.7197,0
2020-02-13,16005.7197,16159.0596,16004.5498,16159.0596,16159.0596,0
2020-02-14,16159.0596,16231.3203,16139.75,16165.1904,16165.1904,0
2020-02-17,16165.1904,16206.6602,16124.2002,16178.3701,16178.3701,0
2020-02-18,16178.3701,16228.71,16152.8203,16226.4902,16226.4902,0
2020-02-19,16226.4902,16370.5195,16220.29,16333.5,16333.5,0
2020-02-20,16333.5,16333.5,16236.1602,16236.1602,16236.1602,0
2020-02-21,16236.1602,16285.96,16151.3301,16161.0195,16161.0195,0
2020-02-24,16161.0195,16162.2598,15639.0195,15763.8301,15763.8301,0
2020-02-25,15763.8301,15803.29,15625.8398,15651.9404,15651.9404,0
2020-02-26,15651.9404,15651.9404,15236.5098,15532.9902,15532.9902,0
2020-02-27,15532.9902,15567.2598,15300.9404,15305.4102,15305.4102,0
2020-02-28,15305.4102,15305.4102,14598.9902,14598.9902,14598.9902,0
2020-03-02,14598.9902,15341.5,14586.1797,15129.1504,15129.1504,0
2020-03-03,15129.1504,15550.6104,15129.1504,15514.1504,15514.1504,0
2020-03-04,15514.1504,15688.4805,15385.9102,15632.0098,15632.0098,0
2020-03-05,15632.0098,15739.2998,15220.5195,15355.6299,15355.6299,0
2020-03-06,15355.6299,15355.6299,14980.3301,15117.1904,15117.1904,0
2020-03-09,15117.1904,15117.1904,13610.1504,13979.0898,13979.0898,0
2020-03-10,13979.0898,14391.4102,13955.6602,13960.1299,13960.1299,0
2020-03-11,13960.1299,13995.21,13387.0996,13414.9199,13414.9199,0
2020-03-12,13414.9199,13414.9199,12201.0098,12724.3604,12724.3604,0
2020-03-13,12724.3604,13155.5996,12579.6201,12615.79,12615.79,0
2020-03-16,12615.79,12617.8604,11230.3496,11406.6396,11406.6396,0
2020-03-17,11406.6396,12103.29,11278.2598,12103.29,12103.29,0
2020-03-18,12103.29,12103.29,11363.4697,11673.8799,11673.8799,0
2020-03-19,11673.8799,11881.3096,11530.6797,11821.1797,11821.1797,0
2020-03-20,11821.1797,12238.21,11699.5898,11761.96,11761.96,0
2020-03-23,11761.96,11761.96,11103.54,11267.5498,11267.5498,0
2020-03-24,11267.5498,11972.8604,11267.5498,11960.9902,11960.9902,0
2020-03-25,11960.9902,12446.3398,11940.6396,12199.2402,12199.2402,0
2020-03-26,12199.2402,12259.9404,12112.7803,12201.9805,12201.9805,0
2020-03-27,12201.9805,12318.3398,11959.2998,12051.8701,12051.8701,0
2020-03-30,12051.8701,12068.5195,11868.2197,11978.5996,11978.5996,0
2020-03-31,11978.5996,12289.1797,11978.5996,12206.2197,12206.2197,0
2020-04-01,12206.2197,12206.2197,11858.5996,11886.25,11886.25,0
2020-04-02,11886.25,12111.5195,11886.25,12083.4199,12083.4199,0
2020-04-03,12083.4199,12155.7402,12031.4902,12046.5596,12046.5596,0
2020-04-06,12046.5596,12347.0703,12046.5596,12336.1797,12336.1797,0
2020-04-07,12336.1797,12957.8896,12336.1797,12838.3701,12838.3701,0
2020-04-08,12838.3701,12848.5498,12693.2305,12806.2598,12806.2598,0
2020-04-09,12806.2598,13132.9697,12806.2598,13013.3896,13013.3896,0
2020-04-10,13013.3896,13366.3096,13012.7305,13366.3096,13366.3096,0
2020-04-13,13366.3096,13448.7598,13208.9199,13290.3203,13290.3203,0
2020-04-14,13290.3203,13476.4004,13280.2803,13280.2803,13280.2803,0
2020-04-15,13280.2803,13345.5195,12748.5801,12748.5801,12748.5801,0
2020-04-16,12748.5801,12924.1797,12698.75,12702.1797,12702.1797,0
2020-04-21,12702.1797,12740.7197,12360.9902,12360.9902,12360.9902,0
2020-04-22,12360.9902,12667.1201,12360.9902,12555.4404,12555.4404,0
2020-04-23,12555.4404,12794.9697,12555.4404,12681.1699,12681.1699,0
2020-04-24,12681.1699,12727.4297,12638.2998,12674.4404,12674.4404,0
2020-04-27,12674.4404,12867.7998,12674.4404,12836.7305,12836.7305,0
2020-04-28,12836.7305,13112.3799,12836.7305,13112.0195,13112.0195,0
2020-04-29,13112.0195,13298.6104,13112.0195,13245.8896,13245.8896,0
2020-04-30,13245.8896,13333.2197,12771.9004,12771.9004,12771.9004,0
2020-05-04,12771.9004,12922.3604,12742.2598,12793.9404,12793.9404,0
2020-05-05,12793.9404,12977.0195,12793.9404,12951.0801,12951.0801,0
2020-05-06,12951.0801,13089.8701,12951.0801,12977.2305,12977.2305,0
2020-05-07,12977.2305,13118.9697,12977.2305,13113.71,13113.71,0
2020-05-08,13113.71,13445.7002,13113.71,13416.2998,13416.2998,0
2020-05-11,13416.2998,13530.2803,13371.4805,13456.0596,13456.0596,0
2020-05-12,13456.0596,13468.4805,13391.2695,13459.3301,13459.3301,0
2020-05-13,13459.3301,13504.8496,13378.8896,13390.9805,13390.9805,0
2020-05-14,13390.9805,13417.7998,13198.21,13249.1699,13249.1699,0
2020-05-15,13249.1699,13387.0996,13236.8799,13310.2695,13310.2695,0
2020-05-18,13310.2695,13534.2197,13298.1602,13516.5898,13516.5898,0
2020-05-19,13516.5898,13700.29,13516.5898,13656.8096,13656.8096,0
2020-05-20,13656.8096,13740.0303,13578.8496,13714.5,13714.5,0
2020-05-21,13714.5,13979.2803,13640.1299,13973.1904,13973.1904,0
2020-05-22,13973.1904,13989.6797,13859.7803,13989.6797,13989.6797,0
2020-05-25,13989.6797,14143.2695,13984.5498,14143.2695,14143.2695,0
2020-05-26,14143.2695,14229.2402,14118.5303,14171.46,14171.46,0
2020-05-27,14171.46,14262.46,14141.54,14211.7197,14211.7197,0
2020-05-28,14211.7197,14323.25,14182.9902,14273.2695,14273.2695,0
2020-05-29,14273.2695,14276.0996,14126.6904,14165.21,14165.21,0
2020-06-02,14165.21,14374.5801,14164.8701,14345.5898,14345.5898,0
2020-06-03,14345.5898,14629.9199,14345.5898,14619.5801,14619.5801,0
2020-06-04,14619.5801,14685.9004,14515.0703,14683.6104,14683.6104,0
2020-06-05,14683.6104,14712.8799,14444.8398,14444.8398,14444.8398,0
2020-06-09,14444.8398,14738.9004,14444.8398,14522.3301,14522.3301,0
2020-06-10,14522.3301,14625.3701,14495.6602,14559.4502,14559.4502,0
2020-06-11,14559.4502,14561.46,14009.3799,14060.9404,14060.9404,0
2020-06-12,14060.9404,14407.9502,13748.2598,14399.2402,14399.2402,0
2020-06-15,14399.2402,14399.2402,13934.1299,14113.8096,14113.8096,0
2020-06-16,14113.8096,14448.4102,14113.8096,14416.1797,14416.1797,0
2020-06-17,14416.1797,14458.4902,14356.9502,14377.7305,14377.7305,0
2020-06-18,14377.7305,14451.2998,14347.2998,14399.25,14399.25,0
2020-06-19,14399.25,14497.2695,14355.25,14401.9102,14401.9102,0
2020-06-22,14401.9102,14401.9102,14206.6396,14361.5498,14361.5498,0
2020-06-23,14361.5498,14471.0703,14335.5195,14403.75,14403.75,0
2020-06-24,14403.75,14482.1797,14292.75,14297.46,14297.46,0
2020-06-25,14297.46,14336.6396,14170.4697,14196.1797,14196.1797,0
2020-06-26,14196.1797,14357.4102,14196.1797,14270.4502,14270.4502,0
2020-06-29,14270.4502,14315.2598,14209.0996,14307.3701,14307.3701,0
2020-06-30,14307.3701,14363.3301,14267.0596,14362.2803,14362.2803,0
2020-07-01,14362.2803,14433.6504,14334.1797,14411.5195,14411.5195,0
2020-07-02,14411.5195,14460.5498,14370.25,14443.2998,14443.2998,0
2020-07-03,14443.2998,14488.96,14414.0098,14452.1904,14452.1904,0
2020-07-06,14452.1904,14537.5898,14330.2803,14332.7598,14332.7598,0
2020-07-07,14332.7598,14450.2695,14211.2197,14213.7002,14213.7002,0
2020-07-08,14213.7002,14311.9102,14203.2305,14226.6396,14226.6396,0
2020-07-09,14226.6396,14307.4502,14183.4805,14248.71,14248.71,0
2020-07-10,14248.71,14248.71,14033.5596,14081.29,14081.29,0
2020-07-13,14081.29,14201.5801,14081.29,14126.5996,14126.5996,0
2020-07-14,14126.5996,14179.8799,14037.2598,14037.2598,14037.2598,0
2020-07-15,14037.2598,14173.7402,14037.2598,14073.5703,14073.5703,0
2020-07-16,14073.5703,14160.25,14054.1602,14054.1602,14054.1602,0
2020-07-17,14054.1602,14238.54,14050.2305,14194.8301,14194.8301,0
2020-07-20,14194.8301,14232.71,14156.2305,14157.3701,14157.3701,0
2020-07-21,14157.3701,14333.9404,14157.3701,14279.0303,14279.0303,0
2020-07-22,14279.0303,14331.54,14247.6797,14314.5195,14314.5195,0
2020-07-23,14314.5195,14329.79,14238.2598,14296.0898,14296.0898,0
2020-07-24,14296.0898,14302.5498,14211.8301,14260.6797,14260.6797,0
2020-07-27,14260.6797,14333.8301,14236.3301,14318.0,14318.0,0
2020-07-28,14318.0,14387.2402,14295.79,14364.0703,14364.0703,0
2020-07-29,14364.0703,14419.9102,14300.0,14300.9404,14300.9404,0
2020-07-30,14300.9404,14349.1104,14010.4004,14065.0996,14065.0996,0
2020-07-31,14065.0996,14197.6396,13969.1504,13969.1504,13969.1504,0
2020-08-03,13969.1504,14094.1396,13964.3701,14058.2598,14058.2598,0
2020-08-04,14058.2598,14176.1299,14056.8701,14160.5898,14160.5898,0
2020-08-05,14160.5898,14270.5898,14134.5996,14270.5898,14270.5898,0
2020-08-06,14270.5898,14333.3301,14228.3896,14316.3896,14316.3896,0
2020-08-07,14316.3896,14355.1797,14284.29,14293.0898,14293.0898,0
2020-08-10,14293.0898,14404.4697,14292.8096,14370.7695,14370.7695,0
2020-08-11,14370.7695,14610.1504,14370.7695,14578.79,14578.79,0
2020-08-12,14578.79,14656.5596,14571.1396,14630.8799,14630.8799,0
2020-08-13,14630.8799,14658.9404,14608.79,14608.79,14608.79,0
2020-08-14,14608.79,14675.0498,14553.7197,14557.8896,14557.8896,0
2020-08-17,14557.8896,14631.8799,14469.8604,14521.8301,14521.8301,0
2020-08-18,14521.8301,14548.8203,14486.9297,14528.1699,14528.1699,0
2020-08-19,14528.1699,14554.3398,14477.8301,14480.1797,14480.1797,0
2020-08-20,14480.1797,14522.8701,14473.9902,14504.6396,14504.6396,0
2020-08-21,14504.6396,14555.3398,14466.2695,14542.7402,14542.7402,0
2020-08-24,14542.7402,14632.21,14542.7402,14562.3398,14562.3398,0
2020-08-25,14562.3398,14719.2305,14556.9697,14642.9199,14642.9199,0
2020-08-26,14642.9199,14736.6396,14642.9199,14727.7598,14727.7598,0
2020-08-27,14727.7598,14809.7197,14727.4805,14792.4404,14792.4404,0
2020-08-28,14792.4404,14821.3096,14736.0,14753.2695,14753.2695,0
2020-08-31,14753.2695,15002.0898,14752.1904,14996.4297,14996.4297,0
2020-09-01,14996.4297,15053.6201,14968.54,15014.96,15014.96,0
2020-09-02,15014.96,15078.9805,14979.21,15017.3799,15017.3799,0
2020-09-03,15017.3799,15147.5303,15002.2598,15091.1602,15091.1602,0
2020-09-04,15091.1602,15142.6504,14885.9502,14988.0098,14988.0098,0
2020-09-07,14988.0098,15114.7305,14988.0098,15105.9004,15105.9004,0
2020-09-08,15105.9004,15217.4297,15101.9102,15187.8604,15187.8604,0
2020-09-09,15187.8604,15200.0,15092.4004,15134.5303,15134.5303,0
2020-09-10,15134.5303,15305.6396,15134.5303,15261.8203,15261.8203,0
2020-09-11,15261.8203,15498.1699,15260.1797,15498.1699,15498.1699,0
2020-09-14,15498.1699,15660.1104,15473.8701,15607.7803,15607.7803,0
2020-09-15,15607.7803,15683.1602,15546.6104,15663.4902,15663.4902,0
2020-09-16,15663.4902,15676.9199,15347.6201,15383.7402,15383.7402,0
2020-09-17,15383.7402,15391.29,15262.0,15346.8398,15346.8398,0
2020-09-18,15346.8398,15445.1504,15187.6797,15187.6797,15187.6797,0
2020-09-21,15187.6797,15337.7002,14777.5195,14813.9902,14813.9902,0
2020-09-22,14813.9902,15060.2998,14789.6602,15027.2002,15027.2002,0
2020-09-23,15027.2002,15198.2695,15007.54,15178.6396,15178.6396,0
2020-09-24,15178.6396,15182.7002,15045.9004,15045.9004,15045.9004,0
2020-09-25,15045.9004,15172.5996,14890.9805,14930.6201,14930.6201,0
2020-09-28,14930.6201,15110.5195,14929.71,15011.7803,15011.7803,0
2020-09-29,15011.7803,15078.71,14945.46,15008.0098,15008.0098,0
2020-09-30,15008.0098,15084.9902,14974.9004,15006.6201,15006.6201,0
2020-10-01,15006.6201,15082.8496,14977.8896,14995.3496,14995.3496,0
2020-10-02,14995.3496,15033.3096,14916.0098,14936.8896,14936.8896,0
2020-10-05,14936.8896,14981.7803,14903.04,14917.96,14917.96,0
2020-10-06,14917.96,15004.71,14910.4102,14944.6396,14944.6396,0
2020-10-07,14944.6396,15013.3203,14918.5703,14918.5703,14918.5703,0
2020-10-08,14918.5703,15011.8496,14918.5703,14928.4805,14928.4805,0
2020-10-09,14928.4805,15004.6299,14870.7695,14870.7695,14870.7695,0
2020-10-12,14870.7695,15000.8301,14866.1602,14948.3701,14948.3701,0
2020-10-13,14948.3701,14977.5996,14864.5195,14931.5195,14931.5195,0
2020-10-14,14931.5195,14990.8604,14806.6602,14938.8496,14938.8496,0
2020-10-15,14938.8496,14998.3203,14744.0498,14765.9297,14765.9297,0
2020-10-16,14765.9297,14961.6396,14765.9297,14930.0703,14930.0703,0
2020-10-19,14930.0703,15005.5596,14923.8203,14925.8398,14925.8398,0
2020-10-20,14925.8398,14944.1797,14816.2402,14839.8301,14839.8301,0
2020-10-21,14839.8301,14879.7002,14779.3896,14810.9805,14810.9805,0
2020-10-22,14810.9805,14844.75,14729.9297,14729.9297,14729.9297,0
2020-10-23,14729.9297,14849.0195,14729.9297,14792.4297,14792.4297,0
2020-10-26,14792.4297,14794.9102,14609.4004,14714.79,14714.79,0
2020-10-27,14714.79,14817.9404,14667.4902,14771.1104,14771.1104,0
2020-10-28,14771.1104,14825.0898,14563.3203,14575.3096,14575.3096,0
2020-10-29,14575.3096,14580.4902,14386.1299,14386.1299,14386.1299,0
2020-10-30,14386.1299,14410.4297,14284.1904,14309.4502,14309.4502,0
2020-11-02,14309.4502,14533.2598,14291.0703,14402.8604,14402.8604,0
2020-11-03,14402.8604,14636.0898,14401.6201,14632.4102,14632.4102,0
2020-11-04,14632.4102,14771.5098,14571.8301,14759.4502,14759.4502,0
2020-11-05,14759.4502,14908.4404,14735.04,14877.4697,14877.4697,0
2020-11-06,14877.4697,14905.21,14796.3799,14815.5195,14815.5195,0
2020-11-09,14815.5195,15357.21,14815.5195,15356.0303,15356.0303,0
2020-11-10,15356.0303,15465.6299,15223.3604,15246.6904,15246.6904,0
2020-11-11,15246.6904,15325.1299,15182.5801,15219.3096,15219.3096,0
2020-11-12,15219.3096,15236.6201,15061.9297,15097.79,15097.79,0
2020-11-13,15097.79,15120.8301,14942.7002,14985.1299,14985.1299,0
2020-11-16,14985.1299,15131.2695,14892.1699,14982.6299,14982.6299,0
2020-11-17,14982.6299,15119.7305,14893.6797,14893.6797,14893.6797,0
2020-11-18,14893.6797,15096.9004,14893.6797,15032.1104,15032.1104,0
2020-11-19,15032.1104,15133.6104,15032.1104,15116.1104,15116.1104,0
2020-11-20,15116.1104,15322.7002,15116.1104,15256.5098,15256.5098,0
2020-11-23,15256.5098,15442.5596,15256.5098,15431.9502,15431.9502,0
2020-11-24,15431.9502,15759.54,15427.5596,15692.6602,15692.6602,0
2020-11-25,15692.6602,15731.21,15552.4102,15552.4102,15552.4102,0
2020-11-26,15552.4102,15654.6299,15501.79,15565.5303,15565.5303,0
2020-11-27,15565.5303,15683.0,15540.1104,15622.96,15622.96,0
2020-12-02,15622.96,15781.2002,15594.0596,15772.2305,15772.2305,0
2020-12-03,15772.2305,15960.2998,15746.5098,15960.2998,15960.2998,0
2020-12-04,15960.2998,16091.29,15933.3701,16068.0596,16068.0596,0
2020-12-07,16068.0596,16076.0498,15927.96,15971.0596,15971.0596,0
2020-12-08,15971.0596,16015.5996,15888.3203,15927.21,15927.21,0
2020-12-09,15927.21,16070.7803,15927.21,16036.5898,16036.5898,0
2020-12-10,16036.5898,16153.4102,16029.9004,16071.54,16071.54,0
2020-12-11,16071.54,16106.5,15969.5303,16016.9805,16016.9805,0
2020-12-14,16016.9805,16146.5303,16016.9805,16105.4297,16105.4297,0
2020-12-15,16105.4297,16182.7197,16079.6504,16121.7305,16121.7305,0
2020-12-16,16121.7305,16253.3203,16110.0195,16218.6904,16218.6904,0
2020-12-17,16218.6904,16278.4004,16199.2598,16248.29,16248.29,0
2020-12-18,16248.29,16306.3203,16209.71,16264.54,16264.54,0
2020-12-21,16264.54,16272.2695,15949.1396,16142.6602,16142.6602,0
2020-12-22,16142.6602,16311.0703,16142.6602,16235.3301,16235.3301,0
2020-12-23,16235.3301,16383.96,16235.3301,16307.0596,16307.0596,0
2020-12-28,16307.0596,16393.9492,16307.0596,16363.1104,16363.1104,0
2020-12-29,16363.1104,16458.2109,16349.3799,16396.8203,16396.8203,0
2020-12-30,16396.8203,16512.1094,16378.5801,16509.6406,16509.6406,0
2021-01-04,16509.6406,16614.3594,16468.1699,16573.5098,16573.5098,0
2021-01-05,16573.5098,16582.0898,16484.7793,16545.0996,16545.0996,0
2021-01-06,16545.0996,16755.5195,16537.0703,16710.5508,16710.5508,0
2021-01-07,16710.5508,16871.7793,16710.5508,16818.1094,16818.1094,0
2021-01-08,16818.1094,17094.9902,16818.1094,17080.3496,17080.3496,0
2021-01-11,17080.3496,17117.7109,16960.2305,16960.2305,16960.2305,0
2021-01-12,16960.2305,17137.2207,16960.2305,17125.1602,17125.1602,0
2021-01-13,17125.1602,17300.75,17122.3691,17294.4609,17294.4609,0
2021-01-14,17294.4609,17394.2695,17294.4609,17356.8809,17356.8809,0
2021-01-15,17356.8809,17408.4805,17178.9199,17191.2793,17191.2793,0
2021-01-18,17191.2793,17344.7305,17146.2109,17146.2109,17146.2109,0
2021-01-19,17146.2109,17299.1992,17116.4805,17244.6191,17244.6191,0
2021-01-20,17244.6191,17300.3496,17168.5391,17196.6992,17196.6992,0
2021-01-21,17196.6992,17376.9707,17196.6992,17363.8809,17363.8809,0
2021-01-22,17363.8809,17401.8809,17257.6309,17401.8809,17401.8809,0
2021-01-25,17401.8809,17432.6602,17318.1504,17377.3594,17377.3594,0
2021-01-26,17377.3594,17410.4004,17259.4102,17410.4004,17410.4004,0
2021-01-27,17410.4004,17468.8105,17347.5898,17378.4707,17378.4707,0
2021-01-28,17378.4707,17422.6797,17224.0391,17354.7695,17354.7695,0
2021-01-29,17354.7695,17444.0195,17324.3203,17352.3398,17352.3398,0
2021-02-01,17352.3398,17521.5605,17352.3398,17496.3496,17496.3496,0
2021-02-02,17496.3496,17566.3203,17490.4805,17494.7207,17494.7207,0
2021-02-03,17494.7207,17567.7305,17437.8496,17495.0195,17495.0195,0
2021-02-04,17495.0195,17694.3398,17495.0195,17687.3906,17687.3906,0
2021-02-05,17687.3906,17873.0801,17686.8008,17873.0801,17873.0801,0
2021-02-08,17873.0801,17991.0391,17873.0801,17979.0996,17979.0996,0
2021-02-09,17979.0996,18166.2109,17946.0391,17996.8906,17996.8906,0
2021-02-10,17996.8906,18043.9609,17686.6309,17810.4707,17810.4707,0
2021-02-11,17810.4707,17833.5996,17698.5801,17770.2891,17770.2891,0
2021-02-12,17770.2891,17802.2793,17580.5605,17667.3906,17667.3906,0
2021-02-15,17667.3906,17754.2598,17584.4297,17682.0703,17682.0703,0
2021-02-16,17682.0703,17849.8301,17680.2402,17741.5801,17741.5801,0
2021-02-17,17741.5801,17831.6699,17557.3105,17557.3105,17557.3105,0
2021-02-18,17557.3105,17640.7207,17522.4199,17540.4297,17540.4297,0
2021-02-19,17540.4297,17620.25,17414.5996,17421.5508,17421.5508,0
2021-02-22,17421.5508,17468.6309,17273.4102,17277.0898,17277.0898,0
2021-02-23,17277.0898,17374.8594,17179.2598,17229.2402,17229.2402,0
2021-02-24,17229.2402,17328.2793,17157.8398,17157.8398,17157.8398,0
2021-02-25,17157.8398,17363.2891,17156.9199,17310.5,17310.5,0
2021-02-26,17310.5,17316.8906,17179.1992,17179.1992,17179.1992,0
2021-03-01,17179.1992,17312.1699,17179.1992,17227.3496,17227.3496,0
2021-03-02,17227.3496,17312.0195,17191.3301,17202.9902,17202.9902,0
2021-03-03,17202.9902,17329.6992,17179.2695,17260.7793,17260.7793,0
2021-03-04,17260.7793,17427.1094,17260.7793,17412.8105,17412.8105,0
2021-03-05,17412.8105,17725.1504,17412.8105,17680.4902,17680.4902,0
2021-03-08,17680.4902,17821.6191,17646.9199,17792.6992,17792.6992,0
2021-03-09,17792.6992,17880.0508,17705.3105,17874.3496,17874.3496,0
2021-03-10,17874.3496,17951.3008,17834.4707,17845.3105,17845.3105,0
2021-03-11,17845.3105,18070.0098,17845.3105,18060.0391,18060.0391,0
2021-03-12,18060.0391,18121.1699,17997.1992,18092.5605,18092.5605,0
2021-03-15,18092.5605,18218.0391,18092.2207,18162.5703,18162.5703,0
2021-03-16,18162.5703,18265.4707,18112.3594,18265.4707,18265.4707,0
2021-03-17,18265.4707,18271.3906,18160.4805,18209.6504,18209.6504,0
2021-03-18,18209.6504,18333.0898,18185.2695,18270.7402,18270.7402,0
2021-03-19,18270.7402,18347.7695,18166.1309,18317.1406,18317.1406,0
2021-03-22,18317.1406,18385.8301,18254.8496,18331.5508,18331.5508,0
2021-03-23,18331.5508,18363.8203,18262.4102,18300.2402,18300.2402,0
2021-03-24,18300.2402,18316.4609,18228.0605,18278.6895,18278.6895,0
2021-03-25,18278.6895,18482.8008,18254.0898,18442.8594,18442.8594,0
2021-03-26,18442.8594,18478.8496,18363.0508,18464.0703,18464.0703,0
2021-03-29,18464.0703,18523.1309,18406.7305,18479.75,18479.75,0
2021-03-30,18479.75,18692.0996,18479.75,18692.0996,18692.0996,0
2021-03-31,18692.0996,18870.5391,18674.0605,18848.0293,18848.0293,0
2021-04-01,18848.0293,19102.2402,18848.0293,19093.7598,19093.7598,0
2021-04-02,19093.7598,19134.4609,18999.3203,19037.8105,19037.8105,0
2021-04-05,19037.8105,19085.2305,18988.8906,18988.8906,18988.8906,0
2021-04-06,18988.8906,19036.0508,18921.2305,18941.3496,18941.3496,0
2021-04-07,18941.3496,19010.8594,18902.1504,18939.6191,18939.6191,0
2021-04-08,18939.6191,18985.4199,18871.8496,18877.0,18877.0,0
2021-04-09,18877.0,18961.1191,18877.0,18936.7891,18936.7891,0
2021-04-12,18936.7891,18981.9805,18887.6992,18906.1406,18906.1406,0
2021-04-13,18906.1406,18945.6797,18790.1699,18795.7109,18795.7109,0
2021-04-14,18795.7109,18860.8906,18745.1699,18753.5,18753.5,0
2021-04-15,18753.5,18814.5898,18725.0,18732.4902,18732.4902,0
2021-04-16,18732.4902,18866.9902,18732.4902,18776.8301,18776.8301,0
2021-04-19,18776.8301,18899.0996,18703.7891,18703.7891,18703.7891,0
2021-04-20,18703.7891,18813.3691,18679.5801,18760.6992,18760.6992,0
2021-04-21,18760.6992,18815.2109,18685.8105,18685.8105,18685.8105,0
2021-04-22,18685.8105,18783.3301,18685.8105,18747.6191,18747.6191,0
2021-04-23,18747.6191,18889.4805,18747.6191,18887.1699,18887.1699,0
2021-04-26,18887.1699,18961.8691,18867.6191,18888.7402,18888.7402,0
2021-04-27,18888.7402,19080.7402,18888.7402,19075.6406,19075.6406,0
2021-04-28,19075.6406,19206.8105,19029.9102,19199.8906,19199.8906,0
2021-04-29,19199.8906,19357.6094,19104.8398,19104.8398,19104.8398,0
2021-05-04,19104.8398,19500.1797,19104.8398,19307.4102,19307.4102,0
2021-05-05,19307.4102,19488.6797,19307.4102,19473.2402,19473.2402,0
2021-05-06,19473.2402,19555.8301,19370.7207,19379.4805,19379.4805,0
2021-05-07,19379.4805,19542.3594,19379.4805,19525.0098,19525.0098,0
2021-05-10,19525.0098,19695.3809,19525.0098,19655.6191,19655.6191,0
2021-05-11,19655.6191,19701.2793,19594.8809,19700.8301,19700.8301,0
2021-05-12,19700.8301,19840.8594,19649.6309,19822.9492,19822.9492,0
2021-05-13,19822.9492,19822.9492,19676.1699,19799.6895,19799.6895,0
2021-05-14,19799.6895,19800.9297,19724.5,19759.8105,19759.8105,0
2021-05-17,19759.8105,19840.9004,19759.8105,19772.0801,19772.0801,0
2021-05-18,19772.0801,19905.2695,19772.0801,19842.9609,19842.9609,0
2021-05-19,19842.9609,19941.8203,19784.1992,19784.1992,19784.1992,0
2021-05-20,19784.1992,19873.2598,19732.9707,19811.1895,19811.1895,0
2021-05-21,19811.1895,19906.6504,19811.1895,19901.8691,19901.8691,0
2021-05-24,19901.8691,20006.2598,19845.1602,19986.9004,19986.9004,0
2021-05-25,19986.9004,20061.6699,19821.4609,19823.9805,19823.9805,0
2021-05-26,19823.9805,20051.5391,19756.4805,19771.8594,19771.8594,0
2021-05-27,19771.8594,19891.0801,19414.7207,19414.7207,19414.7207,0
2021-05-28,19414.7207,19723.0801,19414.7207,19610.9902,19610.9902,0
2021-05-31,19610.9902,19811.9492,19609.9609,19631.75,19631.75,0
2021-06-02,19631.75,20007.1094,19631.75,19948.6797,19948.6797,0
2021-06-03,19948.6797,20088.4395,19924.2402,19988.25,19988.25,0
2021-06-04,19988.25,20116.2305,19837.5293,19837.5293,19837.5293,0
2021-06-07,19837.5293,19982.1797,19543.0801,19543.0801,19543.0801,0
2021-06-08,19543.0801,19753.3105,19543.0801,19632.0996,19632.0996,0
2021-06-09,19632.0996,19792.8691,19632.0996,19707.8594,19707.8594,0
2021-06-10,19707.8594,19873.6191,19707.8594,19717.8301,19717.8301,0
2021-06-11,19717.8301,20023.6699,19717.8301,19987.7598,19987.7598,0
2021-06-14,19987.7598,20083.6094,19968.1406,20070.4492,20070.4492,0
2021-06-15,20070.4492,20192.3105,20061.3809,20152.8594,20152.8594,0
2021-06-16,20152.8594,20300.6309,20121.6699,20123.0391,20123.0391,0
2021-06-17,20123.0391,20277.2695,20117.3691,20227.0703,20227.0703,0
2021-06-18,20227.0703,20316.8203,20086.6992,20138.9609,20138.9609,0
2021-06-22,20138.9609,20258.5195,19793.5996,19793.5996,19793.5996,0
2021-06-23,19793.5996,20136.9102,19793.5996,20112.1797,20112.1797,0
2021-06-24,20112.1797,20396.2305,20109.6191,20296.9902,20296.9902,0
2021-06-25,20296.9902,20632.0898,20296.9902,20624.5,20624.5,0
2021-06-28,20624.5,20872.6699,20624.5,20784.1992,20784.1992,0
2021-06-29,20784.1992,20897.4902,20683.6699,20683.6699,20683.6699,0
2021-06-30,20683.6699,20787.3496,20596.1992,20620.6406,20620.6406,0
2021-07-01,20620.6406,20798.3008,20620.6406,20731.7109,20731.7109,0
2021-07-02,20731.7109,20834.5391,20539.6094,20547.4805,20547.4805,0
2021-07-05,20547.4805,20713.9492,20547.4805,20660.1895,20660.1895,0
2021-07-06,20660.1895,20826.0508,20659.9199,20779.9102,20779.9102,0
2021-07-07,20779.9102,20834.8203,20712.75,20725.7793,20725.7793,0
2021-07-08,20725.7793,20808.4395,20588.0195,20623.2402,20623.2402,0
2021-07-09,20623.2402,20712.9297,20611.6504,20616.6309,20616.6309,0
2021-07-12,20616.6309,20851.1406,20614.25,20851.1406,20851.1406,0
2021-07-13,20851.1406,20931.0,20804.5,20918.0508,20918.0508,0
2021-07-14,20918.0508,21046.1992,20897.1992,21002.5391,21002.5391,0
2021-07-15,21002.5391,21153.0508,20930.5605,20950.5898,20950.5898,0
2021-07-16,20950.5898,21033.4492,20911.0703,20954.6602,20954.6602,0
2021-07-19,20954.6602,21000.0605,20625.6094,20650.6699,20650.6699,0
2021-07-20,20650.6699,20784.1797,20633.3691,20675.4395,20675.4395,0
2021-07-21,20675.4395,20799.3301,20673.9609,20768.5996,20768.5996,0
2021-07-22,20768.5996,20841.6406,20693.4395,20752.6699,20752.6699,0
2021-07-23,20752.6699,20810.2305,20704.1895,20762.8008,20762.8008,0
2021-07-26,20762.8008,20877.9395,20759.6602,20859.9199,20859.9199,0
2021-07-27,20859.9199,20880.5703,20726.8594,20726.8594,20726.8594,0
2021-07-28,20726.8594,20808.1309,20559.8301,20590.3203,20590.3203,0
2021-07-29,20590.3203,20704.0801,20573.0801,20704.0801,20704.0801,0
2021-07-30,20704.0801,20747.8594,20656.6191,20658.9707,20658.9707,0
2021-08-02,20658.9707,20848.8105,20658.9707,20676.9902,20676.9902,0
2021-08-03,20676.9902,20836.1309,20594.1895,20594.1895,20594.1895,0
2021-08-04,20594.1895,20735.5391,20569.3691,20578.9004,20578.9004,0
2021-08-05,20578.9004,20745.5898,20578.9004,20671.4805,20671.4805,0
2021-08-06,20671.4805,20888.0391,20671.4805,20784.7109,20784.7109,0
2021-08-09,20784.7109,20977.0391,20784.7109,20905.9902,20905.9902,0
2021-08-10,20905.9902,21226.0508,20905.9902,21171.1602,21171.1602,0
2021-08-11,21171.1602,21311.2305,21168.3691,21264.7207,21264.7207,0
2021-08-12,21264.7207,21419.8691,21264.7207,21292.0195,21292.0195,0
2021-08-13,21292.0195,21359.75,21289.0605,21325.4199,21325.4199,0
2021-08-16,21325.4199,21398.3203,21297.7793,21333.4492,21333.4492,0
2021-08-17,21333.4492,21355.9102,21246.2305,21304.7891,21304.7891,0
2021-08-18,21304.7891,21378.7109,21277.1191,21330.8906,21330.8906,0
2021-08-19,21330.8906,21389.8105,21156.0,21194.8008,21194.8008,0
2021-08-20,21194.8008,21286.0898,21183.4102,21247.2305,21247.2305,0
2021-08-23,21247.2305,21529.1406,21247.2305,21392.4395,21392.4395,0
2021-08-24,21392.4395,21546.0996,21375.8691,21449.1602,21449.1602,0
2021-08-25,21449.1602,21755.6602,21449.1602,21580.4004,21580.4004,0
2021-08-26,21580.4004,21716.2109,21579.25,21655.25,21655.25,0
2021-08-27,21655.25,21856.7793,21637.3105,21782.0098,21782.0098,0
2021-08-30,21782.0098,21933.6797,21764.9707,21910.5898,21910.5898,0
2021-08-31,21910.5898,21955.8691,21416.0996,21416.0996,21416.0996,0
2021-09-01,21416.0996,21770.6094,21416.0996,21637.2305,21637.2305,0
2021-09-02,21637.2305,21685.7598,21542.4297,21553.7109,21553.7109,0
2021-09-03,21553.7109,21751.0801,21543.2305,21660.7207,21660.7207,0
2021-09-06,21660.7207,21790.3691,21627.4297,21740.0703,21740.0703,0
2021-09-07,21740.0703,21890.5703,21663.1094,21712.3105,21712.3105,0
2021-09-08,21712.3105,21785.4492,21635.75,21718.3496,21718.3496,0
2021-09-09,21718.3496,21862.2793,21681.3496,21862.2793,21862.2793,0
2021-09-10,21862.2793,21921.0195,21763.8008,21817.5,21817.5,0
2021-09-13,21817.5,21916.3398,21656.2695,21687.5508,21687.5508,0
2021-09-14,21687.5508,21813.5,21578.2891,21767.0996,21767.0996,0
2021-09-15,21767.0996,21908.4297,21604.0098,21612.9805,21612.9805,0
2021-09-16,21612.9805,21787.2305,21573.1504,21577.9297,21577.9297,0
2021-09-17,21577.9297,21699.5508,21505.4199,21668.75,21668.75,0
2021-09-20,21668.75,21748.3301,21367.2695,21501.9902,21501.9902,0
2021-09-21,21501.9902,21768.8809,21487.3809,21740.9805,21740.9805,0
2021-09-22,21740.9805,21910.6699,21740.7793,21770.0996,21770.0996,0
2021-09-23,21770.0996,21996.3203,21770.0996,21936.8809,21936.8809,0
2021-09-24,21936.8809,22155.8301,21935.8203,22017.6992,22017.6992,0
2021-09-27,22017.6992,22204.8691,22017.6992,22141.7402,22141.7402,0
2021-09-28,22141.7402,22319.7305,22096.9707,22163.25,22163.25,0
2021-09-29,22163.25,22350.3809,22146.3203,22326.2305,22326.2305,0
2021-09-30,22326.2305,22398.9609,22270.7695,22381.9004,22381.9004,0
2021-10-01,22381.9004,22434.0898,22130.4004,22359.7402,22359.7402,0
2021-10-04,22359.7402,22440.8594,22283.2793,22319.4609,22319.4609,0
2021-10-05,22319.4609,22438.8301,22310.6797,22322.9199,22322.9199,0
2021-10-06,22322.9199,22385.3203,22320.3496,22359.4297,22359.4297,0
2021-10-07,22359.4297,22586.5098,22341.1406,22555.1504,22555.1504,0
2021-10-08,22555.1504,22686.4492,22555.1504,22686.0,22686.0,0
2021-10-11,22686.0,22802.75,22655.3594,22655.3594,22655.3594,0
2021-10-12,22655.3594,22723.5801,22543.0801,22543.0801,22543.0801,0
2021-10-13,22543.0801,22644.9199,22492.6094,22556.5996,22556.5996,0
2021-10-14,22556.5996,22648.9805,22494.9805,22524.6602,22524.6602,0
2021-10-15,22524.6602,22622.0098,22494.9492,22494.9492,22494.9492,0
2021-10-18,22494.9492,22616.2305,22409.8809,22422.1602,22422.1602,0
2021-10-19,22422.1602,22480.5098,22362.25,22419.7109,22419.7109,0
2021-10-20,22419.7109,22571.4609,22419.7109,22563.0195,22563.0195,0
2021-10-21,22563.0195,22757.2598,22540.5391,22563.5605,22563.5605,0
2021-10-22,22563.5605,22718.6309,22550.0508,22672.0703,22672.0703,0
2021-10-25,22672.0703,22835.6094,22639.3809,22661.0703,22661.0703,0
2021-10-26,22661.0703,22686.9805,22523.6309,22532.3809,22532.3809,0
2021-10-27,22532.3809,22693.5605,22491.5391,22555.8105,22555.8105,0
2021-10-28,22555.8105,22718.5098,22555.8105,22639.2207,22639.2207,0
2021-10-29,22639.2207,22710.6191,22303.2109,22303.2109,22303.2109,0
2021-11-01,22303.2109,22634.25,22303.2109,22498.0098,22498.0098,0
2021-11-02,22498.0098,22610.7891,22473.0898,22518.0195,22518.0195,0
2021-11-03,22518.0195,22715.6504,22518.0195,22692.1094,22692.1094,0
2021-11-04,22692.1094,22897.1602,22685.4297,22796.3203,22796.3203,0
2021-11-05,22796.3203,22878.3301,22779.6094,22779.6094,22779.6094,0
2021-11-08,22779.6094,22867.0391,22754.9004,22754.9004,22754.9004,0
2021-11-09,22754.9004,22832.0195,22678.2598,22732.3105,22732.3105,0
2021-11-10,22732.3105,22782.2695,22613.1191,22613.1191,22613.1191,0
2021-11-11,22613.1191,22715.8203,22600.5898,22618.9004,22618.9004,0
2021-11-12,22618.9004,22745.8398,22618.9004,22711.5703,22711.5703,0
2021-11-15,22711.5703,22901.5508,22709.9199,22709.9199,22709.9199,0
2021-11-16,22709.9199,22894.6602,22700.9805,22701.6191,22701.6191,0
2021-11-17,22701.6191,22832.7891,22586.1406,22586.1406,22586.1406,0
2021-11-18,22586.1406,22699.75,22563.6309,22565.9395,22565.9395,0
2021-11-19,22565.9395,22577.3496,22154.8809,22227.0996,22227.0996,0
2021-11-22,22227.0996,22512.2598,22227.0996,22338.4902,22338.4902,0
2021-11-23,22338.4902,22410.0605,22037.0605,22072.1406,22072.1406,0
2021-11-24,22072.1406,22281.1191,22045.1309,22183.2891,22183.2891,0
2021-11-25,22183.2891,22403.1191,22171.75,22308.8105,22308.8105,0
2021-11-26,22308.8105,22310.0996,21549.3809,21549.3809,21549.3809,0
2021-11-29,21549.3809,21731.5,21326.1602,21582.2109,21582.2109,0
2021-12-02,21582.2109,21824.0195,21510.0801,21603.7695,21603.7695,0
2021-12-03,21603.7695,21985.0098,21603.4199,21906.1992,21906.1992,0
2021-12-06,21906.1992,22144.3906,21906.1992,22026.7305,22026.7305,0
2021-12-07,22026.7305,22245.8496,22010.9297,22151.5801,22151.5801,0
2021-12-08,22151.5801,22494.1895,22150.1699,22292.5391,22292.5391,0
2021-12-09,22292.5391,22418.9707,22229.9199,22272.7598,22272.7598,0
2021-12-10,22272.7598,22392.9805,22152.5801,22173.5898,22173.5898,0
2021-12-13,22173.5898,22337.5391,21951.6504,21961.2891,21961.2891,0
2021-12-14,21961.2891,22084.7305,21793.0195,21795.3301,21795.3301,0
2021-12-15,21795.3301,21936.0605,21561.4805,21595.7109,21595.7109,0
2021-12-16,21595.7109,22036.6191,21595.7109,21947.8203,21947.8203,0
2021-12-17,21947.8203,22096.3691,21838.9492,22081.8398,22081.8398,0
2021-12-20,22081.8398,22083.0293,21729.3301,21927.0098,21927.0098,0
2021-12-21,21927.0098,22029.3906,21853.9395,21853.9395,21853.9395,0
2021-12-22,21853.9395,22094.6504,21853.9395,22082.4102,22082.4102,0
2021-12-23,22082.4102,22400.5195,22082.4102,22283.0801,22283.0801,0
2021-12-27,22283.0801,22698.0605,22283.0801,22666.9492,22666.9492,0
2021-12-28,22666.9492,23119.0293,22666.9492,23032.5508,23032.5508,0
2021-12-29,23032.5508,23223.6309,23032.5508,23125.8105,23125.8105,0
2021-12-30,23125.8105,23203.4707,23034.75,23113.9297,23113.9297,0
2022-01-03,23113.9297,23212.5605,23070.9492,23106.6797,23106.6797,0
2022-01-04,23106.6797,23276.7109,23105.4199,23256.4395,23256.4395,0
2022-01-05,23256.4395,23440.1094,23256.4395,23336.8398,23336.8398,0
2022-01-06,23336.8398,23338.6191,22981.4297,23204.6094,23204.6094,0
2022-01-07,23204.6094,23393.4805,23204.6094,23283.1602,23283.1602,0
2022-01-10,23283.1602,23425.2598,23283.1602,23401.4297,23401.4297,0
2022-01-11,23401.4297,23570.8496,23379.7207,23491.7793,23491.7793,0
2022-01-12,23491.7793,23956.8398,23486.3398,23797.3008,23797.3008,0
2022-01-13,23797.3008,24013.1602,23797.3008,23811.4395,23811.4395,0
2022-01-14,23811.4395,24306.1309,23807.1602,24212.1797,24212.1797,0
2022-01-17,24212.1797,24635.6191,23835.0703,23857.6406,23857.6406,0
2022-01-18,23857.6406,24024.4297,23499.25,23509.4199,23509.4199,0
2022-01-19,23509.4199,23510.6797,23098.0391,23232.3594,23232.3594,0
2022-01-20,23232.3594,23369.4707,23091.2598,23247.8105,23247.8105,0
2022-01-21,23247.8105,23262.1309,22593.7305,22719.4102,22719.4102,0
2022-01-25,22719.4102,22719.4102,21903.0898,22532.25,22532.25,0
2022-01-26,22532.25,23202.5898,22532.25,23038.75,23038.75,0
2022-01-27,23038.75,23228.7109,22911.1699,23187.0391,23187.0391,0
2022-01-28,23187.0391,23482.0098,23187.0391,23331.4102,23331.4102,0
2022-01-31,23331.4102,23665.4004,23331.4102,23490.2305,23490.2305,0
2022-02-01,23490.2305,23956.75,23490.2305,23886.4395,23886.4395,0
2022-02-02,23886.4395,24143.0293,23886.4395,23946.4707,23946.4707,0
2022-02-03,23946.4707,24167.2695,23809.4805,23857.6895,23857.6895,0
2022-02-04,23857.6895,24017.8203,23830.4297,23840.9102,23840.9102,0
2022-02-07,23840.9102,24006.9609,23802.75,23822.4707,23822.4707,0
2022-02-08,23822.4707,23896.4199,23788.5605,23809.6191,23809.6191,0
2022-02-09,23809.6191,24017.3594,23809.6191,23860.1895,23860.1895,0
2022-02-10,23860.1895,24063.1406,23860.1895,23935.0195,23935.0195,0
2022-02-11,23935.0195,23935.0195,23720.7598,23819.1992,23819.1992,0
2022-02-14,23819.1992,23819.1992,23018.8105,23339.1992,23339.1992,0
2022-02-15,23339.1992,23879.1191,23230.0508,23841.7793,23841.7793,0
2022-02-16,23841.7793,24115.4199,23725.75,23725.75,23725.75,0
2022-02-17,23725.75,23936.3105,23402.9199,23402.9199,23402.9199,0
2022-02-18,23402.9199,23678.6992,23402.9199,23488.4395,23488.4395,0
2022-02-21,23488.4395,23581.1094,23100.4609,23113.9902,23113.9902,0
2022-02-22,23113.9902,23242.5996,22498.2305,23167.5605,23167.5605,0
2022-02-23,23167.5605,23559.3496,23167.5605,23515.2207,23515.2207,0
2022-02-24,23515.2207,23515.2207,22305.3203,22553.4609,22553.4609,0
2022-02-25,22553.4609,23202.9395,22553.4609,22959.6895,22959.6895,0
2022-02-28,22959.6895,23039.8691,22518.7695,22648.3691,22648.3691,0
2022-03-01,22648.3691,22834.4492,22233.5801,22233.5801,22233.5801,0
2022-03-02,22233.5801,22267.9805,21522.5391,21525.0195,21525.0195,0
2022-03-03,21525.0195,22114.3594,21447.5508,21447.5508,21447.5508,0
2022-03-04,21447.5508,21459.4902,20255.2402,20301.9102,20301.9102,0
2022-03-07,20301.9102,20301.9102,18965.3906,19531.1406,19531.1406,0
2022-03-08,19531.1406,20482.8203,19445.4609,19963.7207,19963.7207,0
2022-03-09,19963.7207,21345.5098,19963.7207,21338.9199,21338.9199,0
2022-03-10,21338.9199,22058.3008,21211.1602,21234.9297,21234.9297,0
2022-03-11,21234.9297,22040.8809,21234.9297,21803.6309,21803.6309,0
2022-03-14,21803.6309,22376.8301,21803.6309,22255.3496,22255.3496,0
2022-03-15,22255.3496,22281.25,21934.7793,22233.7695,22233.7695,0
2022-03-16,22233.7695,22619.6992,22233.7695,22395.1191,22395.1191,0
2022-03-17,22395.1191,22710.75,22395.1191,22535.2305,22535.2305,0
2022-03-18,22535.2305,22915.9297,22535.2305,22901.0605,22901.0605,0
2022-03-21,22901.0605,23092.5293,22859.6602,22911.7793,22911.7793,0
2022-03-22,22911.7793,23143.9902,22911.7793,22998.7402,22998.7402,0
2022-03-23,22998.7402,23112.1504,22508.7109,22508.7109,22508.7109,0
2022-03-24,22508.7109,22797.4199,22434.0996,22513.9609,22513.9609,0
2022-03-25,22513.9609,22671.3301,22408.9492,22408.9492,22408.9492,0
2022-03-28,22408.9492,22616.7695,22408.9492,22489.6504,22489.6504,0
2022-03-29,22489.6504,23144.75,22489.6504,23051.9609,23051.9609,0
2022-03-30,23051.9609,23523.2109,22959.0293,22975.3594,22975.3594,0
2022-03-31,22975.3594,23216.9297,22949.8906,22949.8906,22949.8906,0
2022-04-01,22949.8906,23196.9297,22912.5195,23072.1699,23072.1699,0
2022-04-04,23072.1699,23322.9004,23069.6191,23195.9707,23195.9707,0
2022-04-05,23195.9707,23423.4004,23135.1309,23197.1992,23197.1992,0
2022-04-06,23197.1992,23289.7207,22945.2402,22975.9395,22975.9395,0
2022-04-07,22975.9395,23088.9395,22753.2598,22786.7207,22786.7207,0
2022-04-08,22786.7207,23080.1797,22784.4492,22956.9492,22956.9492,0
2022-04-11,22956.9492,23048.4199,22886.3398,22932.8809,22932.8809,0
2022-04-12,22932.8809,22955.9902,22722.2109,22780.75,22780.75,0
2022-04-13,22780.75,22950.4609,22780.75,22945.5801,22945.5801,0
2022-04-14,22945.5801,23223.4609,22945.5801,23191.4102,23191.4102,0
2022-04-15,23191.4102,23505.9102,23191.4102,23475.2598,23475.2598,0
2022-04-18,23475.2598,23625.9395,23475.2598,23593.5996,23593.5996,0
2022-04-19,23593.5996,23671.9805,23424.4102,23449.1406,23449.1406,0
2022-04-20,23449.1406,23592.0703,23449.1406,23460.8105,23460.8105,0
2022-04-21,23460.8105,23620.5605,23460.8105,23477.6406,23477.6406,0
2022-04-26,23477.6406,23479.0605,22890.75,22890.75,22890.75,0
2022-04-27,22890.75,23141.2305,22890.75,22966.8105,22966.8105,0
2022-04-28,22966.8105,23283.5605,22966.8105,23054.3906,23054.3906,0
2022-04-29,23054.3906,23352.3809,22930.1094,22970.0898,22970.0898,0
2022-05-02,22970.0898,23125.7891,22786.3301,22796.2598,22796.2598,0
2022-05-03,22796.2598,22979.3398,22684.8105,22693.5898,22693.5898,0
2022-05-04,22693.5898,22825.7305,22466.5098,22469.0605,22469.0605,0
2022-05-05,22469.0605,22830.5996,22427.1992,22483.1895,22483.1895,0
2022-05-06,22483.1895,22488.7402,22157.3691,22157.3691,22157.3691,0
2022-05-09,22157.3691,22231.8906,21948.3203,22076.4102,22076.4102,0
2022-05-10,22076.4102,22305.0,21968.9805,22009.9609,22009.9609,0
2022-05-11,22009.9609,22177.0898,21952.2793,22087.1406,22087.1406,0
2022-05-12,22087.1406,22225.1895,21900.1309,22044.7598,22044.7598,0
2022-05-13,22044.7598,22467.2109,22044.7598,22335.4492,22335.4492,0
2022-05-16,22335.4492,22560.0801,22271.9492,22280.3105,22280.3105,0
2022-05-17,22280.3105,22524.7793,22156.6602,22193.6094,22193.6094,0
2022-05-18,22193.6094,22410.7793,22193.6094,22259.5098,22259.5098,0
2022-05-19,22259.5098,22269.8809,21936.0195,22043.9902,22043.9902,0
2022-05-20,22043.9902,22251.4102,22043.9902,22174.6895,22174.6895,0
2022-05-23,22174.6895,22527.4199,22174.6895,22422.5195,22422.5195,0
2022-05-24,22422.5195,22708.3398,22422.5195,22593.5391,22593.5391,0
2022-05-25,22593.5391,22795.4199,22502.7793,22505.25,22505.25,0
2022-05-26,22505.25,22785.4805,22505.25,22725.0703,22725.0703,0
2022-05-27,22725.0703,22987.7402,22725.0703,22852.6797,22852.6797,0
2022-05-30,22852.6797,23044.4004,22852.6797,22978.2598,22978.2598,0
2022-05-31,22978.2598,23120.5391,22976.3906,23072.9102,23072.9102,0
2022-06-02,23072.9102,23267.1699,23069.5508,23135.0996,23135.0996,0
2022-06-03,23135.0996,23238.3203,23127.1191,23151.25,23151.25,0
2022-06-06,23151.25,23433.3691,23151.25,23404.3691,23404.3691,0
2022-06-07,23404.3691,23578.3008,23404.3691,23542.1602,23542.1602,0
2022-06-08,23542.1602,23678.6094,23508.3398,23568.5391,23568.5391,0
2022-06-09,23568.5391,23719.6504,23563.1602,23614.0801,23614.0801,0
2022-06-10,23614.0801,23678.0098,23367.8105,23373.0801,23373.0801,0
2022-06-14,23373.0801,23375.5801,22776.1602,22830.0508,22830.0508,0
2022-06-15,22830.0508,23230.2207,22830.0508,22856.0391,22856.0391,0
2022-06-16,22856.0391,23166.2305,22835.6406,22835.6406,22835.6406,0
2022-06-17,22835.6406,23046.7793,22835.6406,22978.4492,22978.4492,0
2022-06-20,22978.4492,23408.5098,22978.4492,23324.5391,23324.5391,0
2022-06-21,23324.5391,23503.7891,23324.5391,23421.5898,23421.5898,0
2022-06-22,23421.5898,23533.9805,23248.5391,23317.3906,23317.3906,0
2022-06-23,23317.3906,23435.9609,23194.2109,23223.5703,23223.5703,0
2022-06-24,23223.5703,23642.5996,23223.5703,23567.5098,23567.5098,0
2022-06-27,23567.5098,23896.0,23567.5098,23765.5293,23765.5293,0
2022-06-28,23765.5293,23915.5098,23765.5293,23828.3008,23828.3008,0
2022-06-29,23828.3008,23876.6504,23726.9395,23726.9395,23726.9395,0
2022-06-30,23726.9395,23789.2305,23305.4297,23305.4297,23305.4297,0
2022-07-01,23305.4297,23562.6309,23305.4297,23459.1699,23459.1699,0
2022-07-04,23459.1699,23673.8203,23418.9609,23447.25,23447.25,0
2022-07-05,23447.25,23723.1797,23341.6406,23348.0996,23348.0996,0
2022-07-06,23348.0996,23635.0703,23348.0996,23491.7305,23491.7305,0
2022-07-07,23491.7305,23675.1309,23481.6406,23513.2695,23513.2695,0
2022-07-08,23513.2695,23556.4199,23370.9395,23431.0605,23431.0605,0
2022-07-11,23431.0605,23444.0703,23270.6309,23305.3008,23305.3008,0
2022-07-12,23305.3008,23444.4102,23265.6699,23319.7891,23319.7891,0
2022-07-13,23319.7891,23399.5508,22989.7793,22989.7793,22989.7793,0
2022-07-14,22989.7793,23188.7109,22783.8105,22788.3203,22788.3203,0
2022-07-15,22788.3203,23102.5098,22787.9805,23009.3203,23009.3203,0
2022-07-18,23009.3203,23262.3105,23009.3203,23159.9395,23159.9395,0
2022-07-19,23159.9395,23268.0996,23014.7695,23084.8809,23084.8809,0
2022-07-20,23084.8809,23226.6602,23082.4297,23118.7598,23118.7598,0
2022-07-21,23118.7598,23312.9902,23118.4395,23233.0391,23233.0391,0
2022-07-22,23233.0391,23413.5391,23196.1094,23383.9902,23383.9902,0
2022-07-25,23383.9902,23443.2402,23315.8301,23426.9902,23426.9902,0
2022-07-26,23426.9902,23586.6406,23417.6191,23417.6191,23417.6191,0
2022-07-27,23417.6191,23824.1309,23417.6191,23687.8906,23687.8906,0
2022-07-28,23687.8906,24065.8203,23687.8906,23888.3105,23888.3105,0
2022-07-29,23888.3105,24017.3008,23813.0,23835.1699,23835.1699,0
2022-08-01,23835.1699,24008.9492,23835.1699,23963.4199,23963.4199,0
2022-08-02,23963.4199,24032.8398,23779.5703,23799.3906,23799.3906,0
2022-08-03,23799.3906,23927.0801,23799.3906,23859.2598,23859.2598,0
2022-08-04,23859.2598,24091.9004,23859.2598,24022.6602,24022.6602,0
2022-08-05,24022.6602,24177.7305,24021.3398,24050.4004,24050.4004,0
2022-08-08,24050.4004,24154.6699,24019.1895,24058.8008,24058.8008,0
2022-08-09,24058.8008,24150.8203,24052.1797,24076.6191,24076.6191,0
2022-08-10,24076.6191,24197.3203,24066.9805,24147.4102,24147.4102,0
2022-08-11,24147.4102,24490.4492,24147.4102,24433.6191,24433.6191,0
2022-08-12,24433.6191,24580.5293,24430.4199,24551.2891,24551.2891,0
2022-08-16,24551.2891,24660.6094,24551.2891,24577.6992,24577.6992,0
2022-08-17,24577.6992,24660.6094,24431.9805,24450.1797,24450.1797,0
2022-08-18,24450.1797,24651.4102,24433.2695,24633.2109,24633.2109,0
2022-08-19,24633.2109,24685.9707,24490.6699,24572.7891,24572.7891,0
2022-08-22,24572.7891,24590.1602,24210.8301,24216.5703,24216.5703,0
2022-08-23,24216.5703,24350.7305,23996.4805,23996.4805,23996.4805,0
2022-08-24,23996.4805,24128.8398,23889.7207,23923.6406,23923.6406,0
2022-08-25,23923.6406,24057.5098,23900.5391,23907.0703,23907.0703,0
2022-08-26,23907.0703,24078.6602,23907.0703,23983.2793,23983.2793,0
2022-08-29,23983.2793,23992.6504,23662.6895,23701.5508,23701.5508,0
2022-08-30,23701.5508,23832.4102,23680.1504,23688.8398,23688.8398,0
2022-08-31,23688.8398,23808.8691,23438.1406,23438.1406,23438.1406,0
2022-09-01,23438.1406,23464.1504,23059.9102,23059.9102,23059.9102,0
2022-09-02,23059.9102,23201.9004,22948.7598,23001.1406,23001.1406,0
2022-09-05,23001.1406,23317.3691,23001.1406,23306.0391,23306.0391,0
2022-09-06,23306.0391,23579.4609,23306.0391,23427.0,23427.0,0
2022-09-07,23427.0,23476.0996,23184.1797,23184.1797,23184.1797,0
2022-09-08,23184.1797,23383.3301,23096.3105,23113.5605,23113.5605,0
2022-09-09,23113.5605,23291.6191,22973.2695,23079.5703,23079.5703,0
2022-09-12,23079.5703,23206.9902,23021.9805,23089.3906,23089.3906,0
2022-09-13,23089.3906,23227.0,23088.4102,23188.4492,23188.4492,0
2022-09-14,23188.4492,23190.7402,23015.75,23015.75,23015.75,0
2022-09-15,23015.75,23120.6895,22955.6191,22955.6191,22955.6191,0
2022-09-16,22955.6191,23120.5996,22767.3691,22852.9395,22852.9395,0
2022-09-19,22852.9395,22940.2109,22252.0996,22252.0996,22252.0996,0
2022-09-20,22252.0996,22656.1504,22252.0996,22305.7207,22305.7207,0
2022-09-21,22305.7207,22450.4102,21929.4609,21957.3301,21957.3301,0
2022-09-22,21957.3301,22073.9395,21742.6797,21747.4102,21747.4102,0
2022-09-23,21747.4102,21787.5605,21189.8105,21189.8105,21189.8105,0
2022-09-26,21189.8105,21337.8496,20633.7402,20652.8496,20652.8496,0
2022-09-27,20652.8496,21115.6309,20652.8496,20946.9199,20946.9199,0
2022-09-28,20946.9199,21015.0195,20622.5801,20744.3496,20744.3496,0
2022-09-29,20744.3496,21060.2598,20510.6602,20510.6602,20510.6602,0
2022-09-30,20510.6602,20756.3105,20510.6602,20685.9902,20685.9902,0
2022-10-03,20685.9902,21020.9902,20685.6699,21004.3691,21004.3691,0
2022-10-04,21004.3691,21396.6309,21004.3691,21375.5996,21375.5996,0
2022-10-05,21375.5996,21598.6699,21307.3691,21322.4199,21322.4199,0
2022-10-06,21322.4199,21639.25,21277.6602,21277.6602,21277.6602,0
2022-10-07,21277.6602,21414.6309,21204.6406,21209.5801,21209.5801,0
2022-10-10,21209.5801,21363.2891,21012.9805,21125.8594,21125.8594,0
2022-10-11,21125.8594,21211.0195,20694.5703,20735.4902,20735.4902,0
2022-10-12,20735.4902,20913.9805,20613.75,20695.3398,20695.3398,0
2022-10-13,20695.3398,20805.6797,20376.9609,20504.9492,20504.9492,0
2022-10-14,20504.9492,20939.0098,20501.5898,20747.1406,20747.1406,0
2022-10-17,20747.1406,21113.7598,20747.1406,20977.25,20977.25,0
2022-10-18,20977.25,21421.0898,20977.25,21301.2207,21301.2207,0
2022-10-19,21301.2207,21457.4492,20997.8496,21008.9492,21008.9492,0
2022-10-20,21008.9492,21182.7109,21008.9492,21090.3906,21090.3906,0
2022-10-21,21090.3906,21207.8496,21087.2793,21149.7402,21149.7402,0
2022-10-24,21149.7402,21334.3203,21051.2109,21056.8398,21056.8398,0
2022-10-25,21056.8398,21171.9707,21053.5801,21157.1797,21157.1797,0
2022-10-26,21157.1797,21262.8008,21013.8906,21013.8906,21013.8906,0
2022-10-27,21013.8906,21141.2402,21001.4395,21002.0605,21002.0605,0
2022-10-28,21002.0605,21247.9707,21002.0605,21072.2598,21072.2598,0
2022-10-31,21072.2598,21324.9707,21007.8301,21007.8301,21007.8301,0
2022-11-01,21007.8301,21224.9707,21004.4707,21070.4199,21070.4199,0
2022-11-02,21070.4199,21248.2402,21070.4199,21149.7793,21149.7793,0
2022-11-03,21149.7793,21194.1797,21036.0996,21060.0703,21060.0703,0
2022-11-04,21060.0703,21223.0703,21060.0703,21178.0293,21178.0293,0
2022-11-07,21178.0293,21562.0195,21178.0293,21436.3008,21436.3008,0
2022-11-08,21436.3008,21844.1309,21436.3008,21844.1309,21844.1309,0
2022-11-09,21844.1309,21954.1191,21717.3496,21891.3008,21891.3008,0
2022-11-10,21891.3008,22164.5195,21889.3203,22164.5195,22164.5195,0
2022-11-11,22164.5195,22494.0391,22164.5195,22381.1699,22381.1699,0
2022-11-14,22381.1699,22648.6699,22324.8301,22606.3398,22606.3398,0
2022-11-15,22606.3398,22711.6895,22496.5508,22667.4004,22667.4004,0
2022-11-16,22667.4004,22977.7695,22584.5508,22663.7891,22663.7891,0
2022-11-17,22663.7891,22914.1602,22663.7891,22793.4902,22793.4902,0
2022-11-18,22793.4902,22895.0703,22694.3906,22720.8008,22720.8008,0
2022-11-21,22720.8008,22875.5605,22689.7305,22737.8496,22737.8496,0
2022-11-22,22737.8496,22821.9492,22412.0,22483.2207,22483.2207,0
2022-11-23,22483.2207,22616.9707,22444.9297,22491.8203,22491.8203,0
2022-11-24,22491.8203,22601.7207,22472.9102,22515.9707,22515.9707,0
2022-11-25,22515.9707,22678.6992,22505.0,22505.0,22505.0,0
2022-11-28,22505.0,22577.2695,22384.6895,22427.6699,22427.6699,0
2022-11-29,22427.6699,22817.4004,22427.6699,22817.4004,22817.4004,0
2022-12-02,22817.4004,23247.8594,22815.1797,23194.5898,23194.5898,0
2022-12-05,23194.5898,23629.1406,23175.2305,23572.5391,23572.5391,0
2022-12-06,23572.5391,23954.1094,23572.5391,23936.0391,23936.0391,0
2022-12-07,23936.0391,24012.6699,23657.9707,23785.4004,23785.4004,0
2022-12-08,23785.4004,23921.1699,23618.4004,23637.0898,23637.0898,0
2022-12-09,23637.0898,23835.7109,23637.0898,23832.5801,23832.5801,0
2022-12-12,23832.5801,23878.3398,23699.0605,23742.0508,23742.0508,0
2022-12-13,23742.0508,23772.0293,23491.5898,23550.4902,23550.4902,0
2022-12-14,23550.4902,23574.1602,23207.9004,23207.9004,23207.9004,0
2022-12-15,23207.9004,23297.8203,23114.3398,23174.2207,23174.2207,0
2022-12-16,23174.2207,23292.7695,23140.0605,23268.3809,23268.3809,0
2022-12-19,23268.3809,23634.4102,23248.3594,23536.3203,23536.3203,0
2022-12-20,23536.3203,23729.0898,23444.75,23729.0898,23729.0898,0
2022-12-21,23729.0898,23914.4004,23709.5996,23848.1094,23848.1094,0
2022-12-22,23848.1094,23878.7598,23653.8105,23656.5508,23656.5508,0
2022-12-23,23656.5508,23755.3906,23575.9395,23626.5898,23626.5898,0
2022-12-27,23626.5898,23738.8906,23612.6094,23696.1094,23696.1094,0
2022-12-28,23696.1094,23696.1094,22813.4297,22813.4297,22813.4297,0
2022-12-29,22813.4297,22908.6406,22567.4609,22594.6094,22594.6094,0
2022-12-30,22594.6094,22735.9902,22594.6094,22685.9902,22685.9902,0
2023-01-03,22685.9902,23421.0,22641.0,23366.7793,23366.7793,0
2023-01-04,23366.7793,23537.75,23361.8203,23466.9395,23466.9395,0
2023-01-05,23466.9395,23686.1992,23466.9395,23670.0,23670.0,0
2023-01-06,23670.0,23710.1699,23547.5703,23603.1406,23603.1406,0
2023-01-09,23603.1406,23898.5195,23603.1406,23898.5195,23898.5195,0
2023-01-10,23898.5195,23936.1309,23812.0,23815.3594,23815.3594,0
2023-01-11,23815.3594,24024.3691,23814.9902,23985.9199,23985.9199,0
2023-01-12,23985.9199,24159.2109,23981.1094,24032.9395,24032.9395,0
2023-01-13,24032.9395,24083.4297,23728.4492,23782.6504,23782.6504,0
2023-01-16,23782.6504,23913.9805,23283.9902,23283.9902,23283.9902,0
2023-01-17,23283.9902,23589.8301,23262.4492,23262.4492,23262.4492,0
2023-01-18,23262.4492,23612.2793,23262.4492,23490.6094,23490.6094,0
2023-01-19,23490.6094,23528.6094,23424.5391,23516.4902,23516.4902,0
2023-01-20,23516.4902,23581.5391,23479.5605,23487.6992,23487.6992,0
2023-01-23,23487.6992,23697.0391,23487.6992,23689.5391,23689.5391,0
2023-01-25,23689.5391,23760.1504,23657.7695,23696.0996,23696.0996,0
2023-01-26,23696.0996,23826.3809,23696.0996,23784.3105,23784.3105,0
2023-01-27,23784.3105,23825.9395,23663.7305,23701.7891,23701.7891,0
2023-01-30,23701.7891,23746.75,23461.4609,23581.0391,23581.0391,0
2023-01-31,23581.0391,23742.0898,23581.0391,23611.5996,23611.5996,0
2023-02-01,23611.5996,23773.3008,23611.5996,23667.5,23667.5,0
2023-02-02,23667.5,23874.7793,23667.5,23846.4707,23846.4707,0
2023-02-03,23846.4707,23923.5293,23846.4707,23877.0293,23877.0293,0
2023-02-06,23877.0293,23994.3691,23877.0293,23894.0293,23894.0293,0
2023-02-07,23894.0293,24112.6191,23894.0293,24000.3398,24000.3398,0
2023-02-08,24000.3398,24056.7598,23771.1309,23816.9199,23816.9199,0
2023-02-09,23816.9199,23879.4902,23708.7305,23789.1699,23789.1699,0
2023-02-10,23789.1699,23899.7207,23789.0508,23828.6309,23828.6309,0
2023-02-13,23828.6309,23994.2109,23828.6309,23994.2109,23994.2109,0
2023-02-14,23994.2109,24047.5293,23893.5508,23893.5508,23893.5508,0
2023-02-15,23893.5508,24125.3496,23893.5508,24091.8496,24091.8496,0
2023-02-16,24091.8496,24196.8301,24019.3594,24048.8105,24048.8105,0
2023-02-17,24048.8105,24106.4199,23948.9707,23957.0996,23957.0996,0
2023-02-20,23957.0996,24076.8008,23957.0996,24029.9492,24029.9492,0
2023-02-21,24029.9492,24128.8906,23988.8008,24014.5996,24014.5996,0
2023-02-22,24014.5996,24091.8301,23846.9004,23892.0801,23892.0801,0
2023-02-23,23892.0801,24006.4199,23892.0801,23993.5098,23993.5098,0
2023-02-24,23993.5098,24068.25,23957.2109,23970.0996,23970.0996,0
2023-02-27,23970.0996,24085.9199,23936.6504,23938.5293,23938.5293,0
2023-02-28,23938.5293,24001.3809,23891.1406,23944.2207,23944.2207,0
2023-03-01,23944.2207,24026.1992,23939.5898,23951.4199,23951.4199,0
2023-03-02,23951.4199,24105.9707,23951.4199,24054.5098,24054.5098,0
2023-03-03,24054.5098,24166.1406,24050.5098,24104.9297,24104.9297,0
2023-03-06,24104.9297,24282.4707,24104.9297,24278.9902,24278.9902,0
2023-03-07,24278.9902,24324.2305,24144.8008,24180.8301,24180.8301,0
2023-03-08,24180.8301,24199.3906,24009.6797,24140.0195,24140.0195,0
2023-03-09,24140.0195,24339.5195,24140.0195,24259.0898,24259.0898,0
2023-03-10,24259.0898,24311.75,24034.2891,24034.2891,24034.2891,0
2023-03-13,24034.2891,24122.9004,23753.0391,23840.5801,23840.5801,0
2023-03-14,23840.5801,24172.5801,23779.7793,24164.7793,24164.7793,0
2023-03-15,24164.7793,24338.2305,23731.6699,23764.0703,23764.0703,0
2023-03-16,23764.0703,24004.9902,23715.3809,23715.3809,23715.3809,0
2023-03-17,23715.3809,23972.6895,23715.3809,23785.9805,23785.9805,0
2023-03-20,23785.9805,23832.2793,23448.4004,23448.4004,23448.4004,0
2023-03-21,23448.4004,23647.1191,23448.4004,23512.0508,23512.0508,0
2023-03-22,23512.0508,23602.75,23333.0391,23425.9102,23425.9102,0
2023-03-23,23425.9102,23594.6191,23425.9102,23504.5391,23504.5391,0
2023-03-24,23504.5391,23619.4902,23244.4297,23324.5098,23324.5098,0
2023-03-27,23324.5098,23564.0801,23324.1895,23530.1895,23530.1895,0
2023-03-28,23530.1895,23653.3203,23530.1895,23612.5195,23612.5195,0
2023-03-29,23612.5195,23647.9902,23399.7402,23448.1406,23448.1406,0
2023-03-30,23448.1406,23533.5996,23359.3594,23424.9004,23424.9004,0
2023-03-31,23424.9004,23623.4004,23424.9004,23561.0801,23561.0801,0
2023-04-03,23561.0801,23826.4395,23561.0801,23795.9902,23795.9902,0
2023-04-04,23795.9902,23941.0098,23795.9902,23915.3203,23915.3203,0
2023-04-05,23915.3203,24057.0195,23915.3203,23995.3691,23995.3691,0
2023-04-06,23995.3691,24096.2598,23975.4707,23991.3301,23991.3301,0
2023-04-07,23991.3301,24130.8301,23991.3301,24051.1094,24051.1094,0
2023-04-10,24051.1094,24194.5801,24051.0391,24171.5,24171.5,0
2023-04-11,24171.5,24239.3496,24145.0703,24211.8203,24211.8203,0
2023-04-12,24211.8203,24260.8691,24127.8008,24189.2793,24189.2793,0
2023-04-13,24189.2793,24272.1992,24189.2793,24238.7402,24238.7402,0
2023-04-18,24238.7402,24355.1504,24238.7402,24312.8809,24312.8809,0
2023-04-19,24312.8809,24369.1992,24247.5801,24252.8203,24252.8203,0
2023-04-20,24252.8203,24305.4707,24113.9102,24172.5703,24172.5703,0
2023-04-21,24172.5703,24196.1191,24083.5391,24115.9102,24115.9102,0
2023-04-24,24115.9102,24211.0195,24115.9102,24197.6406,24197.6406,0
2023-04-25,24197.6406,24221.4609,24123.75,24221.4609,24221.4609,0
2023-04-26,24221.4609,24238.0098,24063.25,24083.75,24083.75,0
2023-04-27,24083.75,24167.9102,23960.9199,23963.8809,23963.8809,0
2023-04-28,23963.8809,24045.5293,23864.75,23864.75,23864.75,0
2023-05-02,23864.75,24152.7891,23861.9609,23925.2402,23925.2402,0
2023-05-03,23925.2402,24038.4004,23791.0098,23826.3594,23826.3594,0
2023-05-04,23826.3594,23861.0605,23651.7598,23653.0508,23653.0508,0
2023-05-05,23653.0508,23743.7793,23649.8105,23705.8809,23705.8809,0
2023-05-08,23705.8809,23970.2305,23705.8809,23789.1191,23789.1191,0
2023-05-09,23789.1191,23872.0098,23674.9902,23696.4395,23696.4395,0
2023-05-10,23696.4395,23795.8203,23672.4102,23687.4805,23687.4805,0
2023-05-11,23687.4805,23874.9805,23687.4805,23729.4395,23729.4395,0
2023-05-12,23729.4395,23941.1797,23729.4395,23871.3203,23871.3203,0
2023-05-15,23871.3203,23967.1191,23828.1895,23881.4492,23881.4492,0
2023-05-16,23881.4492,24105.6895,23881.4492,24105.6895,24105.6895,0
2023-05-17,24105.6895,24283.4492,24078.4707,24279.5195,24279.5195,0
2023-05-18,24279.5195,24346.6406,24250.7109,24305.2793,24305.2793,0
2023-05-19,24305.2793,24407.4492,24304.5801,24389.9707,24389.9707,0
2023-05-22,24389.9707,24461.7598,24346.9102,24371.1406,24371.1406,0
2023-05-23,24371.1406,24490.6504,24351.5391,24444.8809,24444.8809,0
2023-05-24,24444.8809,24473.9004,24312.7891,24364.2695,24364.2695,0
2023-05-25,24364.2695,24387.8105,24172.2305,24201.5801,24201.5801,0
2023-05-26,24201.5801,24417.0293,24169.3203,24407.0605,24407.0605,0
2023-05-29,24407.0605,24491.0391,24377.0,24421.9395,24421.9395,0
2023-05-30,24421.9395,24466.1797,24323.4395,24409.7109,24409.7109,0
2023-05-31,24409.7109,24494.1406,24293.7305,24301.2305,24301.2305,0
2023-06-02,24301.2305,24399.0508,24112.8496,24112.8496,24112.8496,0
2023-06-06,24112.8496,24345.25,24112.8496,24290.7109,24290.7109,0
2023-06-07,24290.7109,24391.1992,24290.3496,24316.5898,24316.5898,0
2023-06-08,24316.5898,24494.0391,24316.5898,24454.7402,24454.7402,0
2023-06-09,24454.7402,24530.5,24418.2891,24453.6309,24453.6309,0
2023-06-12,24453.6309,24535.2695,24295.1094,24326.8691,24326.8691,0
2023-06-13,24326.8691,24372.7793,23944.5098,23970.1094,23970.1094,0
2023-06-14,23970.1094,24101.5293,23939.0996,24053.2207,24053.2207,0
2023-06-15,24053.2207,24174.5293,24014.8203,24043.0508,24043.0508,0
2023-06-16,24043.0508,24478.5801,24041.0703,24478.5801,24478.5801,0
2023-06-19,24478.5801,24644.1797,24434.0,24644.1797,24644.1797,0
2023-06-20,24644.1797,24669.5898,24462.9297,24501.7109,24501.7109,0
2023-06-21,24501.7109,24561.3301,24361.8809,24361.8809,24361.8809,0
2023-06-22,24361.8809,24461.9004,24169.2598,24169.2598,24169.2598,0
2023-06-23,24169.2598,24169.2598,23751.3301,23949.1191,23949.1191,0
2023-06-26,23949.1191,24051.25,23855.4004,23865.4492,23865.4492,0
2023-06-27,23865.4492,24244.4004,23862.2207,24162.5195,24162.5195,0
2023-06-28,24162.5195,24586.2305,24161.0098,24550.5898,24550.5898,0
2023-06-29,24550.5898,25224.0508,24549.0293,25119.8691,25119.8691,0
2023-06-30,25119.8691,25375.0898,24887.4199,24949.2793,24949.2793,0
2023-07-03,24949.2793,25178.0195,24949.2793,25067.25,25067.25,0
2023-07-04,25067.25,25167.9609,25042.8809,25104.1094,25104.1094,0
2023-07-05,25104.1094,25854.2598,25104.1094,25842.5,25842.5,0
2023-07-06,25842.5,26083.6699,25469.5898,25498.7695,25498.7695,0
2023-07-07,25498.7695,25728.8906,25460.7109,25460.7109,25460.7109,0
2023-07-10,25460.7109,25584.3008,25324.9902,25415.0801,25415.0801,0
2023-07-11,25415.0801,25895.0801,25413.5703,25808.7891,25808.7891,0
2023-07-12,25808.7891,26586.1504,25808.7891,26177.4102,26177.4102,0
2023-07-13,26177.4102,26558.2695,26111.6797,26111.6797,26111.6797,0
2023-07-14,26111.6797,26347.2695,26111.6797,26306.6895,26306.6895,0
2023-07-17,26306.6895,26431.4707,26306.6895,26346.5293,26346.5293,0
2023-07-18,26346.5293,26515.6992,26346.5293,26499.1992,26499.1992,0
2023-07-19,26499.1992,26669.4805,26485.3594,26624.8105,26624.8105,0
2023-07-20,26624.8105,26825.4902,26624.8105,26765.0605,26765.0605,0
2023-07-21,26765.0605,26816.5898,26632.5605,26646.7891,26646.7891,0
2023-07-24,26646.7891,26700.4297,26364.4199,26421.5098,26421.5098,0
2023-07-25,26421.5098,26553.5391,26255.9102,26553.5391,26553.5391,0
2023-07-26,26553.5391,26582.0508,26418.2695,26432.4902,26432.4902,0
2023-07-27,26432.4902,26710.8691,26432.4902,26644.5293,26644.5293,0
2023-07-28,26644.5293,26691.3906,26568.6699,26681.9492,26681.9492,0
2023-07-31,26681.9492,26912.1191,26647.5898,26647.5898,26647.5898,0
2023-08-01,26647.5898,26943.3008,26647.5898,26943.3008,26943.3008,0
2023-08-02,26943.3008,26980.7598,26789.2207,26862.8398,26862.8398,0
2023-08-03,26862.8398,26893.3496,26346.1191,26459.5508,26459.5508,0
2023-08-04,26459.5508,26549.1699,26344.7109,26414.1797,26414.1797,0
2023-08-07,26414.1797,26452.4805,26358.8008,26444.1094,26444.1094,0
2023-08-08,26444.1094,26550.0098,26316.5098,26351.0391,26351.0391,0
2023-08-09,26351.0391,26434.0508,26190.8398,26190.8398,26190.8398,0
2023-08-10,26190.8398,26307.1309,26190.8398,26269.75,26269.75,0
2023-08-11,26269.75,26379.2695,26260.0098,26335.9805,26335.9805,0
2023-08-14,26335.9805,26388.7793,26299.0293,26326.9004,26326.9004,0
2023-08-16,26326.9004,26385.3691,26088.3203,26156.1992,26156.1992,0
2023-08-17,26156.1992,26182.5391,25822.6309,25854.8906,25854.8906,0
2023-08-18,25854.8906,25884.6094,25563.0508,25618.7891,25618.7891,0
2023-08-21,25618.7891,26009.0508,25556.5098,25972.0,25972.0,0
2023-08-22,25972.0,26177.8105,25972.0,26049.25,26049.25,0
2023-08-23,26049.25,26320.6191,26049.25,26215.8008,26215.8008,0
2023-08-24,26215.8008,26477.8906,26215.4199,26385.8105,26385.8105,0
2023-08-25,26385.8105,26456.0293,26242.9004,26242.9004,26242.9004,0
2023-08-28,26242.9004,26433.9297,26242.9004,26401.3203,26401.3203,0
2023-08-29,26401.3203,26597.4707,26401.3203,26595.1992,26595.1992,0
2023-08-30,26595.1992,26746.6309,26595.1992,26725.25,26725.25,0
2023-08-31,26725.25,26838.5293,26690.8008,26722.4707,26722.4707,0
2023-09-01,26722.4707,26870.2402,26722.4707,26781.5391,26781.5391,0
2023-09-04,26781.5391,26921.9492,26772.5996,26919.6797,26919.6797,0
2023-09-05,26919.6797,26935.0195,26541.3809,26637.8809,26637.8809,0
2023-09-06,26637.8809,27165.9297,26617.5801,27165.9297,27165.9297,0
2023-09-07,27165.9297,27651.8008,27073.4805,27538.9004,27538.9004,0
2023-09-08,27538.9004,27820.1992,27519.5605,27820.1992,27820.1992,0
2023-09-11,27820.1992,28207.75,27810.8008,28195.9199,28195.9199,0
2023-09-12,28195.9199,28461.2598,28195.9199,28412.3594,28412.3594,0
2023-09-13,28412.3594,28521.6191,28393.8105,28401.2305,28401.2305,0
2023-09-14,28401.2305,28572.5391,28396.2402,28495.1191,28495.1191,0
2023-09-15,28495.1191,28734.7891,28278.8105,28489.3105,28489.3105,0
2023-09-18,28489.3105,28643.0605,28453.6602,28589.5605,28589.5605,0
2023-09-19,28589.5605,28883.6191,28558.8809,28880.0195,28880.0195,0
2023-09-20,28880.0195,29257.8691,28870.3496,29168.9395,29168.9395,0
2023-09-21,29168.9395,29239.8008,28984.1406,28992.2598,28992.2598,0
2023-09-22,28992.2598,29070.9102,28943.2207,29063.0098,29063.0098,0
2023-09-25,29063.0098,29131.9492,29037.4199,29106.7402,29106.7402,0
2023-09-26,29106.7402,29113.6992,28709.1309,28722.3906,28722.3906,0
2023-09-27,28722.3906,29029.1406,28620.9297,28867.3691,28867.3691,0
2023-09-28,28867.3691,29165.5195,28867.3691,29078.7891,29078.7891,0
2023-09-29,29078.7891,29642.3203,29078.7891,29328.6992,29328.6992,0
2023-10-02,29328.6992,29569.7207,29328.6992,29389.8105,29389.8105,0
2023-10-03,29389.8105,29429.7793,29214.0996,29365.9707,29365.9707,0
2023-10-04,29365.9707,29369.8008,28892.5703,28892.5703,28892.5703,0
2023-10-05,28892.5703,29149.2207,28708.1406,28713.1094,28713.1094,0
2023-10-06,28713.1094,28953.1992,28609.9102,28675.8398,28675.8398,0
2023-10-09,28675.8398,28835.2598,28420.6895,28420.6895,28420.6895,0
2023-10-10,28420.6895,28886.2207,28420.6895,28807.7891,28807.7891,0
2023-10-11,28807.7891,29101.2891,28807.7891,29049.3809,29049.3809,0
2023-10-12,29049.3809,29258.6895,29049.3809,29160.1602,29160.1602,0
2023-10-13,29160.1602,29282.1191,29130.5898,29197.4805,29197.4805,0
2023-10-16,29197.4805,29266.1309,28900.3008,29028.8809,29028.8809,0
2023-10-17,29028.8809,29127.0605,28868.8809,28870.1094,28870.1094,0
2023-10-18,28870.1094,29073.2793,28868.5293,29018.0508,29018.0508,0
2023-10-19,29018.0508,29161.9004,28976.4707,28976.4707,28976.4707,0
2023-10-20,28976.4707,29151.9707,28907.8691,28907.8691,28907.8691,0
2023-10-23,28907.8691,29075.3105,28907.8691,29006.0,29006.0,0
2023-10-24,29006.0,29327.75,29006.0,29284.0801,29284.0801,0
2023-10-25,29284.0801,29374.9707,29215.1602,29353.8203,29353.8203,0
2023-10-26,29353.8203,29413.0,29292.3906,29367.3691,29367.3691,0
2023-10-27,29367.3691,29470.5703,29367.3691,29447.4199,29447.4199,0
2023-10-30,29447.4199,29558.4492,29424.3008,29499.4102,29499.4102,0
2023-10-31,29499.4102,29538.8105,29275.2793,29362.9102,29362.9102,0
2023-11-01,29362.9102,29416.5098,29172.5996,29257.8594,29257.8594,0
2023-11-02,29257.8594,29609.4805,29257.8594,29554.8691,29554.8691,0
2023-11-03,29554.8691,29986.7305,29554.8691,29870.5801,29870.5801,0
2023-11-06,29870.5801,30223.3496,29870.5801,30101.5391,30101.5391,0
2023-11-07,30101.5391,30333.7695,30101.5391,30226.3203,30226.3203,0
2023-11-08,30226.3203,30277.6699,30001.2402,30030.0898,30030.0898,0
2023-11-09,30030.0898,30131.3594,30000.9004,30012.0508,30012.0508,0
2023-11-10,30012.0508,30090.0703,29865.0508,30005.6895,30005.6895,0
2023-11-13,30005.6895,30194.1992,30005.6895,30182.8203,30182.8203,0
2023-11-14,30182.8203,30309.1895,30167.7402,30281.7109,30281.7109,0
2023-11-15,30281.7109,30505.6699,30252.0801,30252.0801,30252.0801,0
2023-11-16,30252.0801,30403.8008,30252.0801,30354.8398,30354.8398,0
2023-11-17,30354.8398,30409.6094,30308.9004,30339.4102,30339.4102,0
2023-11-20,30339.4102,30409.6309,30272.6191,30272.6191,30272.6191,0
2023-11-21,30272.6191,30458.8594,30272.6191,30430.2793,30430.2793,0
2023-11-22,30430.2793,30507.3691,30418.3301,30418.3301,30418.3301,0
2023-11-23,30418.3301,30506.1504,30320.2402,30337.0,30337.0,0
2023-11-24,30337.0,30439.9102,30334.8691,30336.0391,30336.0391,0
2023-11-27,30336.0391,30423.2598,30275.3301,30280.9102,30280.9102,0
2023-11-28,30280.9102,30401.9902,30256.2793,30325.2598,30325.2598,0
2023-11-29,30325.2598,30613.6602,30324.3301,30371.5391,30371.5391,0
2023-12-04,30371.5391,30717.6191,30371.5391,30508.7793,30508.7793,0
2023-12-05,30508.7793,30695.4004,30508.4492,30622.1992,30622.1992,0
2023-12-06,30622.1992,30786.1406,30527.4609,30603.2207,30603.2207,0
2023-12-07,30603.2207,30862.5508,30603.2207,30623.4199,30623.4199,0
2023-12-08,30623.4199,31040.4707,30623.4199,31040.4707,31040.4707,0
2023-12-11,31040.4707,31234.0,30975.8008,31134.3691,31134.3691,0
2023-12-12,31134.3691,31291.1094,31059.0508,31265.4102,31265.4102,0
2023-12-13,31265.4102,31379.0605,31257.7207,31372.2402,31372.2402,0
2023-12-14,31372.2402,31591.3809,31372.2402,31565.4004,31565.4004,0
2023-12-15,31565.4004,31847.3691,31565.4004,31823.8008,31823.8008,0
2023-12-18,31823.8008,31968.6699,31789.5996,31953.6992,31953.6992,0
2023-12-19,31953.6992,32075.8691,31876.0,32075.8691,32075.8691,0
2023-12-20,32075.8691,32127.2891,31770.5,31797.0195,31797.0195,0
2023-12-21,31797.0195,31817.3691,31192.2305,31334.0801,31334.0801,0
2023-12-22,31334.0801,31584.1602,31334.0801,31568.0996,31568.0996,0
2023-12-27,31568.0996,31683.75,31517.7402,31630.6895,31630.6895,0
2023-12-28,31630.6895,31672.6504,31458.2695,31569.1309,31569.1309,0
2023-12-29,31569.1309,31782.9902,31555.3809,31745.2109,31745.2109,0
2024-01-03,31745.2109,31839.8691,31456.4492,31456.4492,31456.4492,0
2024-01-04,31456.4492,31722.8301,31456.4492,31712.0996,31712.0996,0
2024-01-05,31712.0996,31827.8906,31666.5391,31809.0996,31809.0996,0
2024-01-08,31809.0996,32122.9902,31807.7207,32077.8691,32077.8691,0
2024-01-09,32077.8691,32412.2402,32077.8691,32370.9492,32370.9492,0
2024-01-10,32370.9492,32644.4707,32370.9492,32518.9395,32518.9395,0
2024-01-11,32518.9395,32692.6309,32518.9395,32623.8809,32623.8809,0
2024-01-12,32623.8809,32819.6094,32623.8809,32716.1309,32716.1309,0
2024-01-15,32716.1309,32796.2617,32606.7695,32779.7188,32779.7188,0
2024-01-16,32779.7188,32845.5,32644.1504,32733.1406,32733.1406,0
2024-01-17,32733.1406,32763.1406,32282.6699,32282.6699,32282.6699,0
2024-01-18,32282.6699,32359.9707,32184.4805,32264.6797,32264.6797,0
2024-01-19,32264.6797,32463.5801,32264.6797,32395.0,32395.0,0
2024-01-22,32395.0,32557.0508,32129.5605,32135.6699,32135.6699,0
2024-01-23,32135.6699,32162.4395,31432.2695,31602.6309,31602.6309,0
2024-01-25,31602.6309,31727.3398,31325.2891,31403.5,31403.5,0
2024-01-26,31403.5,31640.6602,31378.6094,31378.6094,31378.6094,0
2024-01-29,31378.6094,31711.9102,31378.6094,31408.7891,31408.7891,0
2024-01-30,31408.7891,31960.25,31404.8008,31895.4805,31895.4805,0
2024-01-31,31895.4805,32176.7109,31895.4805,32176.7109,32176.7109,0
2024-02-01,32176.7109,32500.7402,32120.0801,32406.3301,32406.3301,0
2024-02-02,32406.3301,32666.9004,32406.3301,32443.8008,32443.8008,0
2024-02-05,32443.8008,32723.5898,32443.8008,32561.9805,32561.9805,0
2024-02-06,32561.9805,32655.1602,32482.3398,32557.0195,32557.0195,0
2024-02-07,32557.0195,32650.75,32522.0996,32624.3691,32624.3691,0
2024-02-08,32624.3691,32729.9902,32613.6504,32613.6504,32613.6504,0
2024-02-09,32613.6504,32738.2793,32453.0195,32560.3301,32560.3301,0
2024-02-12,32560.3301,32699.3105,32560.3301,32655.9902,32655.9902,0
2024-02-13,32655.9902,32701.4492,32518.8105,32518.8105,32518.8105,0
2024-02-14,32518.8105,32616.8691,32483.4707,32555.5996,32555.5996,0
2024-02-15,32555.5996,32777.7305,32473.5,32481.2109,32481.2109,0
2024-02-16,32481.2109,32764.6895,32473.5195,32608.3691,32608.3691,0
2024-02-19,32608.3691,32943.8008,32608.3691,32758.4102,32758.4102,0
2024-02-20,32758.4102,32868.3281,32604.3496,32604.3496,32604.3496,0
2024-02-21,32604.3496,32979.4688,32602.8008,32962.6797,32962.6797,0
2024-02-22,32962.6797,33300.9297,32957.4688,33223.7617,33223.7617,0
2024-02-23,33223.7617,33327.1016,32964.1914,33043.5313,33043.5313,0
2024-02-26,33043.5313,33329.3906,33043.5313,33221.3594,33221.3594,0
2024-02-27,33221.3594,33365.0195,32820.8398,32820.8398,32820.8398,0
2024-02-28,32820.8398,33063.2617,32819.3281,32939.2617,32939.2617,0
2024-02-29,32939.2617,33135.3086,32872.1016,32973.4883,32973.4883,0
2024-03-01,32973.4883,33241.9219,32966.4492,33218.4297,33218.4297,0
2024-03-04,33218.4297,33544.7695,33165.6797,33466.2617,33466.2617,0
2024-03-05,33466.2617,33740.0117,33465.7109,33622.9805,33622.9805,0
2024-03-06,33622.9805,33731.8789,33553.7188,33695.5703,33695.5703,0
2024-03-07,33695.5703,33793.0117,33640.1016,33674.5586,33674.5586,0
2024-03-08,33674.5586,33831.9688,33674.5586,33818.8984,33818.8984,0
2024-03-11,33818.8984,33927.3711,33592.9297,33700.8008,33700.8008,0
2024-03-12,33700.8008,33772.0313,33621.1992,33680.8086,33680.8086,0
2024-03-13,33680.8086,33786.5313,33615.2695,33676.1016,33676.1016,0
2024-03-14,33676.1016,33829.2383,33676.1016,33810.8594,33810.8594,0
2024-03-15,33810.8594,33976.3008,33700.9609,33709.6406,33709.6406,0
2024-03-18,33709.6406,33972.6211,33709.2891,33918.6016,33918.6016,0
2024-03-19,33918.6016,34009.6211,33911.7891,33964.1094,33964.1094,0
2024-03-20,33964.1094,34244.2109,33961.8789,34196.7305,34196.7305,0
2024-03-21,34196.7305,34486.4688,34196.7305,34446.8711,34446.8711,0
2024-03-22,34446.8711,34850.8906,34383.8398,34764.0703,34764.0703,0
2024-03-25,34764.0703,34850.2109,34573.2383,34655.5703,34655.5703,0
2024-03-26,34655.5703,34890.1914,34655.5703,34819.5508,34819.5508,0
2024-03-27,34819.5508,34959.1914,34819.5508,34920.2813,34920.2813,0
2024-03-28,34920.2813,35132.0195,34905.4688,35125.6016,35125.6016,0
2024-03-29,35125.6016,35370.2109,35099.3906,35326.0898,35326.0898,0
2024-04-01,35326.0898,35458.3711,35273.4883,35329.0781,35329.0781,0
2024-04-02,35329.0781,35413.5781,35276.4805,35320.3398,35320.3398,0
2024-04-03,35320.3398,35417.5898,35256.5313,35364.9883,35364.9883,0
2024-04-04,35364.9883,35579.6914,35364.9883,35422.4805,35422.4805,0
2024-04-05,35422.4805,35678.9414,35417.1719,35590.2188,35590.2188,0
2024-04-08,35590.2188,35970.4297,35589.1406,35794.6797,35794.6797,0
2024-04-09,35794.6797,35930.8008,35682.4297,35707.5898,35707.5898,0
2024-04-10,35707.5898,35908.5,35625.6016,35687.6211,35687.6211,0
2024-04-11,35687.6211,35818.6484,34976.3281,35300.2695,35300.2695,0
2024-04-12,35300.2695,35448.6797,35007.8281,35029.0,35029.0,0
2024-04-15,35029.0,35196.0508,34708.4414,35082.4805,35082.4805,0
2024-04-16,35082.4805,35169.3906,34716.3594,34881.2109,34881.2109,0
2024-04-17,34881.2109,35241.6094,34879.1094,35105.4414,35105.4414,0
2024-04-18,35105.4414,35254.5586,35030.3398,35030.3398,35030.3398,0
2024-04-19,35030.3398,35159.3984,34936.1406,34937.5508,34937.5508,0
2024-04-22,34937.5508,35159.7305,34937.5508,35022.8398,35022.8398,0
2024-04-23,35022.8398,35119.3086,34983.3594,34991.3516,34991.3516,0
2024-04-24,34991.3516,35358.1016,34991.3516,35164.9883,35164.9883,0
2024-04-25,35164.9883,35406.4609,35164.9883,35213.2617,35213.2617,0
2024-04-26,35213.2617,35361.3516,35162.6914,35256.7813,35256.7813,0
2024-04-29,35256.7813,35585.6484,35256.7813,35523.8984,35523.8984,0
2024-04-30,35523.8984,35820.3594,35399.3711,35399.3711,35399.3711,0
2024-05-02,35399.3711,35834.0703,35398.7109,35730.6914,35730.6914,0
2024-05-07,35730.6914,35920.9688,35710.2813,35780.3906,35780.3906,0
2024-05-08,35780.3906,35813.6797,35602.4805,35608.3086,35608.3086,0
2024-05-09,35608.3086,35792.8594,35600.1016,35780.6914,35780.6914,0
2024-05-10,35780.6914,35937.9414,35730.7305,35878.9492,35878.9492,0
2024-05-13,35878.9492,36068.6719,35851.7383,35929.5117,35929.5117,0
2024-05-14,35929.5117,36303.7695,35909.4883,36274.7695,36274.7695,0
2024-05-15,36274.7695,36501.4609,36170.4102,36275.7383,36275.7383,0
2024-05-16,36275.7383,36387.4102,36191.1016,36347.1016,36347.1016,0
2024-05-17,36347.1016,36770.6094,36347.1016,36708.3906,36708.3906,0
2024-05-20,36708.3906,37239.5508,36708.3906,37002.5508,37002.5508,0
2024-05-21,37002.5508,37204.1484,36859.6719,36897.7109,36897.7109,0
2024-05-22,36897.7109,37091.4883,36897.7109,36998.3008,36998.3008,0
2024-05-23,36998.3008,37063.8008,36792.9297,36871.9492,36871.9492,0
2024-05-24,36871.9492,37417.5586,36783.3398,37417.5586,37417.5586,0
2024-05-27,37417.5586,37687.8203,37361.5781,37621.4688,37621.4688,0
2024-05-28,37621.4688,38071.0898,37605.1602,37952.5781,37952.5781,0
2024-05-29,37952.5781,37995.8984,37509.8516,37601.25,37601.25,0
2024-05-30,37601.25,37612.9688,37251.1797,37308.1914,37308.1914,0
2024-05-31,37308.1914,37517.7695,37187.1016,37363.0195,37363.0195,0
2024-06-03,37363.0195,37460.4883,37195.5703,37360.0117,37360.0117,0
2024-06-04,37360.0117,37721.4609,37358.7891,37591.6289,37591.6289,0
2024-06-05,37591.6289,37995.7617,37591.6289,37995.7617,37995.7617,0
2024-06-06,37995.7617,38601.7695,37995.7617,38601.7695,38601.7695,0
2024-06-07,38601.7695,39169.5508,38587.0781,39056.9688,39056.9688,0
2024-06-10,39056.9688,39243.5586,38588.3281,38613.2617,38613.2617,0
2024-06-11,38613.2617,38935.5898,38480.6797,38613.9492,38613.9492,0
2024-06-12,38613.9492,38851.1797,38611.0117,38751.9805,38751.9805,0
2024-06-13,38751.9805,39099.5781,38751.9805,38906.5703,38906.5703,0
2024-06-14,38906.5703,39070.1211,38564.9609,38564.9609,38564.9609,0
2024-06-17,38564.9609,38941.9883,38564.9609,38941.9883,38941.9883,0
2024-06-18,38941.9883,39262.7695,38932.6719,39247.4102,39247.4102,0
2024-06-19,39247.4102,39522.1484,39066.0703,39087.7813,39087.7813,0
2024-06-20,39087.7813,39364.3203,39087.7813,39292.3281,39292.3281,0
2024-06-21,39292.3281,39699.9492,39280.5703,39699.9492,39699.9492,0
2024-06-25,39699.9492,39785.9492,39534.0,39780.1211,39780.1211,0
2024-06-26,39780.1211,39982.9297,39718.0508,39803.0781,39803.0781,0
2024-06-27,39803.0781,39892.1719,39182.6289,39339.6211,39339.6211,0
2024-06-28,39339.6211,39888.8086,39306.8516,39747.8398,39747.8398,0
2024-07-01,39747.8398,39910.3281,39563.2305,39600.8789,39600.8789,0
2024-07-02,39600.8789,39751.1406,39518.2891,39714.7891,39714.7891,0
2024-07-03,39714.7891,39866.6914,39698.4492,39803.6406,39803.6406,0
2024-07-04,39803.6406,40177.2891,39803.6406,40174.7383,40174.7383,0
2024-07-05,40174.7383,40363.7383,40101.6484,40298.6289,40298.6289,0
2024-07-08,40298.6289,40368.6914,40160.1484,40305.8398,40305.8398,0
2024-07-09,40305.8398,40381.8711,40060.4883,40060.4883,40060.4883,0
2024-07-10,40060.4883,40308.9102,40058.1484,40275.75,40275.75,0
2024-07-11,40275.75,40467.9219,40260.8594,40452.1797,40452.1797,0
2024-07-12,40452.1797,40487.9102,40350.2305,40438.0117,40438.0117,0
2024-07-15,40438.0117,40540.5898,40365.75,40522.7617,40522.7617,0
2024-07-16,40522.7617,40720.0313,40522.7617,40592.6211,40592.6211,0
2024-07-17,40592.6211,40689.3906,40443.1914,40689.3906,40689.3906,0
2024-07-18,40689.3906,40970.9219,40675.0898,40970.9219,40970.9219,0
2024-07-19,40970.9219,41009.8008,40691.5391,40776.6719,40776.6719,0
2024-07-22,40776.6719,40867.3086,40524.7188,40611.0586,40611.0586,0
2024-07-23,40611.0586,41042.9102,40605.9688,40847.7891,40847.7891,0
2024-07-24,40847.7891,41057.1211,40774.9883,40890.9414,40890.9414,0
2024-07-25,40890.9414,40943.3008,40286.0,40308.9219,40308.9219,0
2024-07-26,40308.9219,40669.6914,40294.8086,40567.25,40567.25,0
2024-07-29,40567.25,40688.7813,40462.0117,40462.0117,40462.0117,0
2024-07-30,40462.0117,40688.8203,40462.0117,40509.4883,40509.4883,0
2024-07-31,40509.4883,40828.3906,40509.4883,40719.4297,40719.4297,0
2024-08-01,40719.4297,40834.8398,40620.7109,40711.4414,40711.4414,0
2024-08-02,40711.4414,40716.5898,40271.4609,40272.7305,40272.7305,0
2024-08-05,40272.7305,40274.2891,38410.4805,38810.8516,38810.8516,0
2024-08-06,38810.8516,39748.2305,38803.3086,39062.5313,39062.5313,0
2024-08-07,39062.5313,39498.2617,39062.5313,39333.9688,39333.9688,0
2024-08-08,39333.9688,39442.7891,38885.0508,39075.6094,39075.6094,0
2024-08-09,39075.6094,39573.0391,39075.6094,39246.8203,39246.8203,0
2024-08-12,39246.8203,39764.8906,39246.8203,39641.8516,39641.8516,0
2024-08-13,39641.8516,39964.3281,39641.8516,39767.3711,39767.3711,0
2024-08-14,39767.3711,39960.7305,39686.0703,39686.0703,39686.0703,0
2024-08-16,39686.0703,40021.4219,39686.0703,39947.5898,39947.5898,0
2024-08-19,39947.5898,40335.75,39944.6211,40077.8906,40077.8906,0
2024-08-20,40077.8906,40419.2188,40077.8906,40337.5195,40337.5195,0
2024-08-21,40337.5195,40544.5781,40311.8086,40533.25,40533.25,0
2024-08-22,40533.25,40647.2305,40480.2109,40593.2188,40593.2188,0
2024-08-23,40593.2188,40656.6719,40448.3594,40604.6289,40604.6289,0
2024-08-26,40604.6289,40696.0586,40388.9219,40653.7695,40653.7695,0
2024-08-27,40653.7695,40679.9297,40386.8398,40386.8398,40386.8398,0
2024-08-28,40386.8398,40523.6602,40252.8984,40254.5117,40254.5117,0
2024-08-29,40254.5117,40378.8281,40091.7305,40178.8594,40178.8594,0
2024-08-30,40178.8594,40375.6992,39985.2891,39985.2891,39985.2891,0
2024-09-02,39985.2891,40259.6914,39833.6992,39908.8086,39908.8086,0
2024-09-03,39908.8086,40045.7695,39851.1914,39910.25,39910.25,0
2024-09-04,39910.25,39910.25,39565.2188,39681.8594,39681.8594,0
2024-09-05,39681.8594,39734.0586,38941.6602,39062.5781,39062.5781,0
2024-09-06,39062.5781,39206.6992,38234.6406,38309.8984,38309.8984,0
2024-09-09,38309.8984,38771.3203,38309.8984,38508.8711,38508.8711,0
2024-09-10,38508.8711,38872.3984,38468.3594,38495.2891,38495.2891,0
2024-09-11,38495.2891,38558.1602,38008.6992,38176.0586,38176.0586,0
2024-09-12,38176.0586,38385.6094,38039.3984,38171.9297,38171.9297,0
2024-09-13,38171.9297,38386.7617,38171.5586,38309.7188,38309.7188,0
2024-09-16,38309.7188,38629.8086,38309.7188,38629.8086,38629.8086,0
2024-09-17,38629.8086,38768.9609,38449.25,38575.0117,38575.0117,0
2024-09-18,38575.0117,38696.3203,38481.8906,38509.6484,38509.6484,0
2024-09-19,38509.6484,38853.8281,38509.6484,38838.2305,38838.2305,0
2024-09-20,38838.2305,38998.4492,38773.9297,38852.1211,38852.1211,0
2024-09-23,38852.1211,39021.8008,38796.4805,38796.4805,38796.4805,0
2024-09-24,38796.4805,39016.7617,38796.4805,38890.3203,38890.3203,0
2024-09-25,38890.3203,39031.9414,38811.7695,38992.5391,38992.5391,0
2024-09-26,38992.5391,39037.9219,38756.8086,38756.8086,38756.8086,0
2024-09-27,38756.8086,39110.25,38756.8086,38982.4609,38982.4609,0
2024-09-30,38982.4609,39067.6992,38693.3906,38830.8789,38830.8789,0
2024-10-01,38830.8789,38881.8906,38683.7891,38723.0586,38723.0586,0
2024-10-02,38723.0586,38763.5508,38448.2891,38448.2891,38448.2891,0
2024-10-03,38448.2891,38605.2813,38328.1211,38328.1211,38328.1211,0
2024-10-04,38328.1211,38483.0898,38214.4609,38483.0898,38483.0898,0
2024-10-07,38483.0898,39121.6016,38407.8281,39119.1992,39119.1992,0
2024-10-08,39119.1992,39122.4102,38617.2891,38617.2891,38617.2891,0
2024-10-09,38617.2891,38916.7617,38617.2891,38916.7617,38916.7617,0
2024-10-10,38916.7617,39002.9805,38782.8516,38857.2617,38857.2617,0
2024-10-11,38857.2617,39074.5586,38848.6914,39074.5586,39074.5586,0
2024-10-14,39074.5586,39094.6016,38720.2891,38779.0,38779.0,0
2024-10-15,38779.0,38884.0781,38582.8281,38589.25,38589.25,0
2024-10-16,38589.25,38752.1211,38344.8086,38539.5898,38539.5898,0
2024-10-17,38539.5898,38676.5703,38389.6914,38452.5391,38452.5391,0
2024-10-18,38452.5391,38570.9609,38364.7617,38364.7617,38364.7617,0
2024-10-21,38364.7617,38502.6797,38356.0586,38452.2305,38452.2305,0
2024-10-22,38452.2305,38506.9805,38223.3594,38223.3594,38223.3594,0
2024-10-23,38223.3594,38472.8711,38169.7617,38454.0313,38454.0313,0
2024-10-24,38454.0313,38542.8008,38401.0195,38460.5703,38460.5703,0
2024-10-25,38460.5703,38647.9219,38403.4805,38523.4219,38523.4219,0
2024-10-28,38523.4219,38546.1914,38299.1602,38299.1602,38299.1602,0
2024-10-29,38299.1602,38633.8203,38299.1602,38604.1602,38604.1602,0
2024-10-30,38604.1602,38686.5117,38474.5703,38509.9102,38509.9102,0
2024-10-31,38509.9102,38566.3203,38359.0,38460.5117,38460.5117,0
2024-11-01,38460.5117,38573.0117,38371.8516,38529.3906,38529.3906,0
2024-11-04,38529.3906,38541.7109,37952.6992,37952.6992,37952.6992,0
2024-11-05,37952.6992,38192.2188,37893.8008,38012.5898,38012.5898,0
2024-11-06,38012.5898,38172.6992,37985.4219,38111.4297,38111.4297,0
2024-11-07,38111.4297,38329.25,38105.4219,38257.6992,38257.6992,0
2024-11-08,38257.6992,38434.2109,38257.6992,38317.8789,38317.8789,0
2024-11-11,38317.8789,38700.1797,38299.2617,38638.2813,38638.2813,0
2024-11-12,38638.2813,39016.5781,38638.2813,38986.5195,38986.5195,0
2024-11-13,38986.5195,39229.6406,38939.0,38996.0,38996.0,0
2024-11-14,38996.0,39211.4219,38867.8789,38980.0781,38980.0781,0
2024-11-15,38980.0781,39028.3398,38827.2891,38900.7813,38900.7813,0
2024-11-18,38900.7813,38954.4102,38409.8398,38427.2617,38427.2617,0
2024-11-19,38427.2617,38481.9805,37738.75,37809.5391,37809.5391,0
2024-11-20,37809.5391,38294.3984,37809.5391,37921.1719,37921.1719,0
2024-11-21,37921.1719,38198.0195,37921.1719,38161.2188,38161.2188,0
2024-11-22,38161.2188,38225.0195,37762.8008,37787.2617,37787.2617,0
2024-11-25,37787.2617,37787.2617,37051.9297,37450.9688,37450.9688,0
2024-11-26,37450.9688,37554.0313,37272.2383,37458.0,37458.0,0
2024-11-27,37458.0,37592.6016,37320.9883,37426.5508,37426.5508,0
2024-11-28,37426.5508,37427.9609,36670.8906,36746.1406,36746.1406,0
2024-11-29,36746.1406,36746.1406,35609.6797,36043.5898,36043.5898,0
2024-12-02,36043.5898,37078.5586,36043.5898,36270.2695,36270.2695,0
2024-12-03,36270.2695,36546.0586,35406.1914,35415.7188,35415.7188,0
2024-12-04,35415.7188,36074.1797,34267.1406,35939.6914,35939.6914,0
2024-12-05,35939.6914,35977.4102,35568.3594,35658.6719,35658.6719,0
2024-12-06,35658.6719,37606.5586,35658.6719,36717.4883,36717.4883,0
2024-12-09,36717.4883,37664.8203,36717.4883,37511.2188,37511.2188,0
2024-12-10,37511.2188,37879.9219,37500.1992,37879.9219,37879.9219,0
2024-12-11,37879.9219,38358.9297,37879.9219,38358.9297,38358.9297,0
2024-12-12,38358.9297,38433.3984,38202.6602,38343.5508,38343.5508,0
2024-12-13,38343.5508,38445.8906,38237.3086,38441.1484,38441.1484,0
2024-12-16,38441.1484,38495.2891,38039.1602,38041.9414,38041.9414,0
2024-12-17,38041.9414,38140.4297,37832.3086,37832.3086,37832.3086,0
2024-12-18,37832.3086,37837.6992,36860.5391,36961.1211,36961.1211,0
2024-12-19,36961.1211,36961.1211,35847.0586,36220.1094,36220.1094,0
2024-12-20,36220.1094,37180.9102,36220.1094,36889.8398,36889.8398,0
2024-12-23,36889.8398,37587.9219,36889.8398,37174.1289,37174.1289,0
2024-12-27,37174.1289,37586.8984,37173.3203,37321.2305,37321.2305,0
2024-12-30,37321.2305,37321.5391,36732.7617,36872.0508,36872.0508,0
2025-01-03,36872.0508,37584.7617,36866.5195,37557.7383,37557.7383,0
2025-01-08,37557.7383,37806.9492,37548.5195,37748.8711,37748.8711,0
2025-01-09,37748.8711,37809.4805,37643.1992,37693.6094,37693.6094,0
2025-01-10,37693.6094,37910.5898,37603.8203,37603.8203,37603.8203,0
2025-01-13,37603.8203,37777.3906,37327.5586,37439.7109,37439.7109,0
2025-01-14,37439.7109,37641.75,37333.6914,37641.75,37641.75,0
2025-01-15,37641.75,37670.3594,37482.0313,37482.0313,37482.0313,0
2025-01-16,37482.0313,37578.6914,37433.5898,37521.8984,37521.8984,0
2025-01-17,37521.8984,37551.1211,37195.0391,37328.9688,37328.9688,0
2025-01-20,37328.9688,37437.9883,37216.8906,37297.4805,37297.4805,0
2025-01-21,37297.4805,37486.8398,37204.8516,37326.0195,37326.0195,0
2025-01-22,37326.0195,37609.6719,37326.0195,37550.6016,37550.6016,0
2025-01-23,37550.6016,37668.5195,37450.8008,37625.0,37625.0,0
2025-01-27,37625.0,37625.0,37098.6719,37438.6289,37438.6289,0
2025-01-28,37438.6289,37668.8711,37241.8711,37554.4492,37554.4492,0
2025-01-29,37554.4492,37662.6992,37410.0195,37498.5898,37498.5898,0
2025-01-30,37498.5898,37564.3984,37369.6016,37516.5586,37516.5586,0
2025-01-31,37516.5586,37660.0,37460.1797,37487.1797,37487.1797,0
2025-02-03,37487.1797,37698.6211,37241.5508,37412.6719,37412.6719,0
2025-02-04,37412.6719,37477.9492,37292.6797,37411.3398,37411.3398,0
2025-02-05,37411.3398,37698.4297,37411.3398,37665.6094,37665.6094,0
2025-02-06,37665.6094,37855.3086,37628.5391,37799.3398,37799.3398,0
2025-02-07,37799.3398,37907.7305,37627.9688,37627.9688,37627.9688,0
2025-02-10,37627.9688,37902.9219,37627.9688,37791.5391,37791.5391,0
2025-02-11,37791.5391,37998.8281,37693.0703,37976.8984,37976.8984,0
2025-02-12,37976.8984,38220.8398,37921.2695,38197.6211,38197.6211,0
2025-02-13,38197.6211,38656.7188,38074.3516,38656.7188,38656.7188,0
2025-02-14,38656.7188,39006.2305,38626.6484,38991.3984,38991.3984,0
2025-02-17,38991.3984,38991.6289,38741.1016,38897.9688,38897.9688,0
2025-02-18,38897.9688,39161.4102,38747.6797,39161.4102,39161.4102,0
2025-02-19,39161.4102,39409.4688,39109.8906,39375.3906,39375.3906,0
2025-02-20,39375.3906,39408.3906,39023.5195,39090.7617,39090.7617,0
2025-02-21,39090.7617,39199.8086,38644.9609,38644.9609,38644.9609,0
2025-02-24,38644.9609,38781.2891,38477.1016,38481.6406,38481.6406,0
2025-02-25,38481.6406,38763.1914,38474.9219,38758.3789,38758.3789,0
2025-02-26,38758.3789,38942.4609,38658.1992,38942.4609,38942.4609,0
2025-02-27,38942.4609,39111.4219,38777.5117,39073.1406,39073.1406,0
2025-02-28,39073.1406,39246.7305,38636.1602,38636.1602,38636.1602,0
2025-03-03,38636.1602,38852.9883,38414.8906,38538.3516,38538.3516,0
2025-03-04,38538.3516,38538.3516,37733.0586,37733.0586,37733.0586,0
2025-03-05,37733.0586,38351.3516,37732.2813,38293.0195,38293.0195,0
2025-03-06,38293.0195,38569.6406,38277.5508,38473.9805,38473.9805,0
2025-03-07,38473.9805,38874.3711,38410.7383,38827.0,38827.0,0
2025-03-10,38827.0,38827.0,38510.4102,38510.4102,38510.4102,0
2025-03-11,38510.4102,38674.25,38292.3203,38674.25,38674.25,0
2025-03-12,38674.25,38674.25,38323.5586,38452.3281,38452.3281,0
2025-03-13,38452.3281,38525.4883,38279.5898,38279.5898,38279.5898,0
2025-03-14,38279.5898,38469.9219,38084.1094,38084.1094,38084.1094,0
2025-03-17,38084.1094,38413.3984,38084.1094,38368.4688,38368.4688,0
2025-03-18,38368.4688,38435.2305,38121.1719,38121.1719,38121.1719,0
2025-03-19,38121.1719,38403.2813,38118.6797,38154.3594,38154.3594,0
2025-03-20,38154.3594,38350.2891,38125.1719,38215.5508,38215.5508,0
2025-03-21,38215.5508,38364.5117,38131.6406,38131.6406,38131.6406,0
2025-03-24,38131.6406,38484.9414,38110.8516,38355.6719,38355.6719,0
2025-03-25,38355.6719,38485.2383,38216.3008,38470.3516,38470.3516,0
2025-03-26,38470.3516,38590.5898,38429.4688,38454.3906,38454.3906,0
2025-03-27,38454.3906,38660.1719,38445.6992,38600.6602,38600.6602,0
2025-03-28,38600.6602,38761.4609,38503.9414,38745.0508,38745.0508,0
2025-03-31,38745.0508,38780.3281,38617.9492,38619.1992,38619.1992,0
2025-04-01,38619.1992,38796.6719,38616.7305,38742.1484,38742.1484,0
2025-04-02,38742.1484,38853.4219,38722.4219,38726.8984,38726.8984,0
2025-04-03,38726.8984,38726.8984,38215.7891,38215.7891,38215.7891,0
2025-04-04,38215.7891,38215.7891,37232.6914,37232.6914,37232.6914,0
2025-04-07,37232.6914,37232.6914,35584.9609,36347.8398,36347.8398,0
2025-04-08,36347.8398,37607.7617,36347.8398,37607.7617,37607.7617,0
2025-04-09,37607.7617,37607.7617,36485.75,36485.75,36485.75,0
2025-04-10,36485.75,38083.4219,36485.75,37413.4805,37413.4805,0
2025-04-11,37413.4805,37675.0703,37413.4805,37589.0781,37589.0781,0
2025-04-14,37589.0781,37874.5898,37588.8711,37615.2188,37615.2188,0
2025-04-15,37615.2188,37791.4883,37613.1992,37718.9805,37718.9805,0
2025-04-16,37718.9805,37785.6211,37621.4414,37621.4414,37621.4414,0
2025-04-17,37621.4414,37751.9609,37576.5586,37646.2891,37646.2891,0
2025-04-22,37646.2891,37856.2695,37546.8711,37856.2695,37856.2695,0
2025-04-23,37856.2695,38287.7813,37855.8516,38217.0508,38217.0508,0
2025-04-24,38217.0508,38467.1094,38195.6914,38314.2813,38314.2813,0
2025-04-25,38314.2813,38450.2383,38314.2813,38439.9492,38439.9492,0
2025-04-28,38439.9492,38548.0508,38273.3906,38391.2695,38391.2695,0
2025-04-29,38391.2695,38507.1406,38287.4688,38448.6016,38448.6016,0
2025-04-30,38448.6016,38481.8984,37833.9297,37833.9297,37833.9297,0
2025-05-02,37833.9297,38138.8984,37777.5508,37795.4102,37795.4102,0
2025-05-05,37795.4102,37795.4102,36705.8203,36705.8203,36705.8203,0
2025-05-06,36705.8203,36787.1914,36272.2695,36540.0898,36540.0898,0
2025-05-07,36540.0898,36928.7188,36473.7109,36653.7813,36653.7813,0
2025-05-08,36653.7813,36775.2305,35987.2383,35998.7305,35998.7305,0
2025-05-09,35998.7305,36384.8711,35889.1016,36349.0586,36349.0586,0
2025-05-12,36349.0586,37065.1797,36334.8789,36922.2813,36922.2813,0
2025-05-13,36922.2813,37350.9609,36922.2813,37146.9805,37146.9805,0
2025-05-14,37146.9805,37370.1484,36980.6992,37019.2891,37019.2891,0
2025-05-15,37019.2891,37019.9688,36446.4102,36446.4102,36446.4102,0
2025-05-16,36446.4102,37592.6797,36446.4102,37592.6797,37592.6797,0
2025-05-19,37592.6797,39360.4805,37592.6797,39129.8203,39129.8203,0
2025-05-20,39129.8203,39286.1719,38937.9688,38937.9688,38937.9688,0
2025-05-21,38937.9688,39162.7813,38674.9102,38676.4609,38676.4609,0
2025-05-22,38676.4609,39434.3711,38675.0898,39406.5703,39406.5703,0
2025-05-23,39406.5703,39641.1211,39262.7695,39275.3086,39275.3086,0
2025-05-26,39275.3086,39809.9688,39275.3086,39809.0703,39809.0703,0
2025-05-27,39809.0703,40367.6484,39785.6484,40094.75,40094.75,0
2025-05-28,40094.75,40492.2109,40092.6211,40313.1289,40313.1289,0
2025-05-29,40313.1289,40607.1016,40243.9297,40515.7305,40515.7305,0
2025-05-30,40515.7305,41147.0,40506.3594,41147.0,41147.0,0
2025-06-02,41147.0,41797.4492,41069.1016,41767.2617,41767.2617,0
2025-06-03,41767.2617,42515.6211,41674.3594,42203.1016,42203.1016,0
2025-06-04,42203.1016,42435.4805,42113.7617,42352.2109,42352.2109,0
2025-06-05,42352.2109,42978.8906,42352.2109,42862.8594,42862.8594,0
2025-06-06,42862.8594,42959.9609,42751.2891,42878.8711,42878.8711,0
2025-06-10,42878.8711,42895.9219,42384.8789,42384.8789,42384.8789,0
2025-06-11,42384.8789,42529.7109,42046.3906,42160.7109,42160.7109,0
2025-06-12,42160.7109,42285.0391,42014.7891,42115.75,42115.75,0
2025-06-13,42115.75,42476.4492,42115.75,42379.3711,42379.3711,0
2025-06-16,42379.3711,42774.0117,42175.0391,42774.0117,42774.0117,0
2025-06-17,42774.0117,43108.5195,42577.6797,43108.0508,43108.0508,0
2025-06-18,43108.0508,43196.0,43012.8516,43078.0586,43078.0586,0
2025-06-19,43078.0586,43188.7383,42878.9609,42990.0898,42990.0898,0
2025-06-20,42990.0898,43400.9492,42737.8203,43400.9492,43400.9492,0
2025-06-23,43400.9492,43402.5117,42698.6914,42887.1914,42887.1914,0
2025-06-24,42887.1914,42961.4219,42689.8398,42961.4219,42961.4219,0
2025-06-25,42961.4219,42991.3203,42650.5,42731.1719,42731.1719,0
2025-06-26,42731.1719,42825.5391,42581.1094,42692.7305,42692.7305,0
2025-06-27,42692.7305,43041.2695,42690.9102,43039.8906,43039.8906,0
2025-06-30,43039.8906,43439.7383,42856.7617,43285.0195,43285.0195,0
2025-07-01,43285.0195,43663.8086,43285.0195,43531.3281,43531.3281,0
2025-07-02,43531.3281,43596.0195,42806.4492,42806.4492,42806.4492,0
2025-07-03,42806.4492,43335.6992,42780.1797,43221.6484,43221.6484,0
2025-07-04,43221.6484,43321.3203,43041.2383,43108.3789,43108.3789,0
2025-07-07,43108.3789,43284.0703,42743.9414,43147.5781,43147.5781,0
2025-07-08,43147.5781,43272.7109,42948.8711,43262.4219,43262.4219,0
2025-07-09,43262.4219,43489.4609,43211.5508,43433.8398,43433.8398,0
2025-07-10,43433.8398,43898.5313,43427.5195,43815.5703,43815.5703,0
2025-07-11,43815.5703,43908.2109,43703.2695,43740.7305,43740.7305,0
2025-07-14,43740.7305,44274.4492,43739.1719,44200.6094,44200.6094,0
2025-07-15,44200.6094,44538.9219,44198.0313,44509.8203,44509.8203,0
2025-07-16,44509.8203,45056.9688,44480.6797,44991.5117,44991.5117,0
2025-07-17,44991.5117,45903.3906,44991.5117,45665.9492,45665.9492,0
2025-07-18,45665.9492,45968.8906,45665.9492,45860.3711,45860.3711,0
2025-07-21,45860.3711,45884.6797,45495.0586,45709.1094,45709.1094,0
2025-07-22,45709.1094,45759.1484,45508.4297,45612.3281,45612.3281,0
2025-07-23,45612.3281,45906.5781,45599.0781,45779.6016,45779.6016,0
2025-07-24,45779.6016,46012.6719,45778.1602,45910.0508,45910.0508,0
2025-07-25,45910.0508,46247.1797,45890.5,46185.3398,46185.3398,0
2025-07-28,46185.3398,46390.1719,46051.2617,46383.4102,46383.4102,0
2025-07-29,46383.4102,46548.9688,46304.3086,46389.5313,46389.5313,0
2025-07-30,46389.5313,46662.8594,46389.2891,46456.3711,46456.3711,0
2025-07-31,46456.3711,47119.7109,46443.2109,46841.8594,46841.8594,0
2025-08-01,46841.8594,47069.2695,46622.8789,46718.4297,46718.4297,0
2025-08-04,46718.4297,46974.4805,46698.6719,46778.0508,46778.0508,0
2025-08-05,46778.0508,47246.2695,46778.0508,47175.75,47175.75,0
2025-08-06,47175.75,47637.6719,47143.5703,47537.6797,47537.6797,0
2025-08-07,47537.6797,48361.3008,47537.6797,48291.4414,48291.4414,0
2025-08-08,48291.4414,48951.2305,48291.4414,48437.5117,48437.5117,0
2025-08-11,48437.5117,48694.7891,48385.3203,48551.7617,48551.7617,0
2025-08-12,48551.7617,48649.6914,48323.4688,48323.4688,48323.4688,0
2025-08-13,48323.4688,49146.0703,48319.0195,49140.0,49140.0,0
2025-08-14,49140.0,49164.0898,48311.9414,48784.2188,48784.2188,0
2025-08-18,48784.2188,48784.2188,47936.9688,48122.0703,48122.0703,0
2025-08-19,48122.0703,48386.1016,47842.4219,47842.4219,47842.4219,0
2025-08-20,47842.4219,48293.3398,47840.2617,48252.0117,48252.0117,0
2025-08-21,48252.0117,48433.0898,48059.9219,48123.2109,48123.2109,0
2025-08-22,48123.2109,48237.1602,47997.5781,48010.9609,48010.9609,0
2025-08-25,48010.9609,48302.6602,47937.0,48289.1484,48289.1484,0
2025-08-26,48289.1484,48382.2109,47869.2188,47869.2188,47869.2188,0
2025-08-27,47869.2188,48121.2305,47820.9414,47911.7383,47911.7383,0
2025-08-28,47911.7383,48085.0313,47697.8398,47705.0117,47705.0117,0
2025-08-29,47705.0117,47863.1797,47596.5508,47695.9297,47695.9297,0
2025-09-01,47695.9297,47741.3398,47042.8281,47192.5586,47192.5586,0
2025-09-02,47192.5586,47193.4492,46896.0703,47064.9219,47064.9219,0
2025-09-03,47064.9219,47842.2891,46993.1289,47839.1797,47839.1797,0
2025-09-04,47839.1797,48077.1484,47539.4219,47539.4219,47539.4219,0
2025-09-05,47539.4219,48300.8086,47539.4219,48199.8711,48199.8711,0
2025-09-08,48199.8711,48210.8711,47924.8398,48024.3711,48024.3711,0
2025-09-09,48024.3711,48130.7813,47738.5781,47738.5781,47738.5781,0
2025-09-10,47738.5781,47912.4609,47677.0195,47872.1992,47872.1992,0
2025-09-11,47872.1992,47944.8594,47746.9492,47924.3086,47924.3086,0
2025-09-12,47924.3086,48343.3281,47903.9297,48341.8281,48341.8281,0
2025-09-15,48341.8281,48342.7188,48045.3594,48251.5117,48251.5117,0
2025-09-16,48251.5117,48379.8906,48026.7813,48026.7813,48026.7813,0
2025-09-17,48026.7813,48476.3086,48026.7813,48429.5,48429.5,0
2025-09-18,48429.5,48550.9609,48411.2891,48504.6992,48504.6992,0
2025-09-19,48504.6992,48622.0117,47923.0195,47923.0195,47923.0195,0
2025-09-22,47923.0195,48404.9883,47876.7305,48226.8984,48226.8984,0
2025-09-23,48226.8984,48252.3203,47914.1992,47914.1992,47914.1992,0
2025-09-24,47914.1992,48436.7695,47911.3594,48193.2305,48193.2305,0
2025-09-25,48193.2305,48946.6914,48193.2305,48876.8711,48876.8711,0
2025-09-26,48876.8711,49218.5313,48863.8789,49003.2695,49003.2695,0
2025-09-29,49003.2695,49561.3398,48977.9492,49403.9297,49403.9297,0
2025-09-30,49403.9297,49665.4297,49392.6211,49525.6406,49525.6406,0
2025-10-01,49525.6406,49779.1484,49414.8398,49637.25,49637.25,0
2025-10-02,49637.25,50010.5898,49637.25,49965.9609,49965.9609,0
2025-10-03,49965.9609,50136.6992,49903.4297,49989.2305,49989.2305,0
2025-10-06,49989.2305,50117.8906,49904.1289,49988.8008,49988.8008,0
2025-10-07,49988.8008,50039.0117,49750.1992,49961.6289,49961.6289,0
2025-10-08,49961.6289,50169.8789,49848.7891,50158.0703,50158.0703,0
2025-10-09,50158.0703,50346.1406,50135.0195,50180.8594,50180.8594,0
2025-10-10,50180.8594,50313.7891,50140.2383,50203.7188,50203.7188,0
2025-10-13,50203.7188,50289.3594,49995.7695,50239.8711,50239.8711,0
2025-10-14,50239.8711,50312.1484,50131.1602,50227.4102,50227.4102,0
2025-10-15,50227.4102,50351.0391,50162.2109,50248.2617,50248.2617,0
2025-10-16,50248.2617,50550.8711,50210.3516,50468.0313,50468.0313,0
2025-10-17,50468.0313,50678.1797,50451.1719,50547.4297,50547.4297,0
2025-10-20,50547.4297,50819.5508,50536.5508,50625.1602,50625.1602,0
2025-10-21,50625.1602,51067.8008,50623.9883,51048.6992,51048.6992,0
2025-10-22,51048.6992,51498.5195,51048.6992,51388.1914,51388.1914,0
2025-10-23,51388.1914,52086.4805,51384.2695,51793.2891,51793.2891,0
2025-10-24,51793.2891,52360.3516,51782.9492,52327.1484,52327.1484,0
2025-10-27,52327.1484,52577.7305,52165.9297,52506.6406,52506.6406,0
2025-10-28,52506.6406,53042.8398,52433.2305,53042.8398,53042.8398,0
2025-10-29,53042.8398,53125.1484,52102.3906,52481.4688,52481.4688,0
2025-10-30,52481.4688,52512.2695,51671.2305,52196.6602,52196.6602,0
2025-10-31,52196.6602,52741.9688,52121.8398,52263.5508,52263.5508,0
2025-11-03,52263.5508,52600.8711,52254.6406,52582.3008,52582.3008,0
2025-11-04,52582.3008,52839.5117,52531.6289,52593.6016,52593.6016,0
2025-11-05,52593.6016,52817.7109,52569.0703,52717.5586,52717.5586,0
2025-11-06,52717.5586,53149.75,52633.8086,53149.75,53149.75,0
2025-11-07,53149.75,53246.4492,52953.6602,53101.0,53101.0,0
2025-11-10,53101.0,53404.3516,53040.5586,53129.0898,53129.0898,0
2025-11-11,53129.0898,53948.9805,53129.0898,53869.7305,53869.7305,0
2025-11-12,53869.7305,54299.8711,53868.6406,54297.7109,54297.7109,0
2025-11-13,54297.7109,54601.9609,54242.5391,54565.5,54565.5,0
2025-11-14,54565.5,55171.6797,54497.8984,54655.9492,54655.9492,0
2025-11-17,54655.9492,54828.2188,54561.7813,54820.9492,54820.9492,0
2025-11-18,54820.9492,55067.1914,54678.9688,54678.9688,54678.9688,0
2025-11-19,54678.9688,54890.1406,54061.7813,54095.0391,54095.0391,0
2025-11-20,54095.0391,54336.2109,53707.8516,53948.1016,53948.1016,0
2025-11-21,53948.1016,53960.8711,52289.4219,52739.3008,52739.3008,0
2025-11-24,52739.3008,53535.5703,52739.3008,53279.6016,53279.6016,0
2025-11-25,53279.6016,53766.1602,53275.0898,53631.5195,53631.5195,0
2025-11-26,53631.5195,53765.3086,53365.5508,53412.8281,53412.8281,0
2025-11-27,53412.8281,53666.0703,53289.3203,53533.3516,53533.3516,0
2025-11-28,53533.3516,53770.7813,53488.5195,53488.5195,53488.5195,0
2025-12-02,53488.5195,53908.3281,53466.8008,53898.1094,53898.1094,0
2025-12-03,53898.1094,54670.9688,53898.1094,54522.0898,54522.0898,0
2025-12-04,54522.0898,55135.4219,54507.0,55122.5508,55122.5508,0
2025-12-05,55122.5508,55158.1914,54715.6719,55113.1406,55113.1406,0
2025-12-08,55113.1406,55429.6719,54988.8906,55429.6719,55429.6719,0
2025-12-09,55429.6719,55831.3203,55344.0781,55831.3203,55831.3203,0
2025-12-10,55831.3203,55988.7695,55536.4492,55988.7695,55988.7695,0
2025-12-11,55988.7695,56095.4883,55622.2813,56078.6602,56078.6602,0
2025-12-12,56078.6602,56206.7813,55962.2617,56058.1914,56058.1914,0
2025-12-15,56058.1914,56379.3516,55829.6992,56263.6406,56263.6406,0
2025-12-16,56263.6406,56638.1289,56207.8789,56505.6719,56505.6719,0
2025-12-17,56505.6719,56605.3008,55895.9688,55932.6602,55932.6602,0
2025-12-18,55932.6602,56311.5898,55745.6094,56094.75,56094.75,0
2025-12-19,56094.75,56147.3594,55747.7813,55869.0586,55869.0586,0
2025-12-22,55869.0586,56311.5703,55590.4414,56311.5703,56311.5703,0
2025-12-23,56311.5703,56781.5508,56227.1719,56781.5508,56781.5508,0
2025-12-29,56781.5508,56822.9414,56389.8594,56822.9414,56822.9414,0
2025-12-30,56822.9414,57229.9219,56697.7891,57229.9219,57229.9219,0
2026-01-05,57229.9219,58440.3008,57191.6016,58287.1211,58287.1211,0
2026-01-08,58287.1211,59611.1289,58230.1406,59106.1016,59106.1016,0
2026-01-09,59106.1016,60327.2383,59106.1016,60255.4414,60255.4414,0
2026-01-12,60255.4414,61694.7383,60253.6602,61689.0898,61689.0898,0
2026-01-13,61689.0898,62933.6211,61407.9297,61655.6016,61655.6016,0
2026-01-14,61655.6016,62544.5391,61644.5508,62544.5391,62544.5391,0
2026-01-15,62544.5391,63673.3984,62543.6602,63450.9609,63450.9609,0
2026-01-16,63450.9609,64352.4102,63450.9609,64105.75,64105.75,0
2026-01-19,64105.75,64111.2188,62763.2695,63022.3086,63022.3086,0
2026-01-20,63022.3086,63086.8594,62325.9297,62325.9297,62325.9297,0
2026-01-21,62325.9297,62449.4883,61082.5195,61613.8281,61613.8281,0
2026-01-22,61613.8281,62936.6602,61613.8281,62657.5117,62657.5117,0
2026-01-23,62657.5117,63604.6289,62657.5117,63569.6719,63569.6719,0
2026-01-26,63569.6719,64316.1211,63483.6094,64299.5586,64299.5586,0
2026-01-27,64299.5586,65260.9102,64299.5586,64697.9492,64697.9492,0
2026-01-28,64697.9492,65808.5938,64693.9883,65639.4766,65639.4766,0
2026-01-29,65639.4766,66062.5078,64661.4414,64739.4414,64739.4414,0
2026-01-30,64739.4414,65080.4492,63673.5117,63673.5117,63673.5117,0
2026-02-02,63673.5117,63676.8984,61920.1016,63354.3281,63354.3281,0
2026-02-03,63354.3281,64577.3906,63354.3281,64289.7109,64289.7109,0
2026-02-04,64289.7109,64648.3906,64091.5703,64091.5703,64091.5703,0
2026-02-05,64091.5703,64445.6406,63818.1602,63878.2305,63878.2305,0
2026-02-06,63878.2305,63971.8008,62984.25,63806.4805,63806.4805,0
2026-02-09,63806.4805,64150.8281,63731.1719,64102.1602,64102.1602,0
2026-02-10,64102.1602,64545.3281,64051.2305,64231.0195,64231.0195,0
2026-02-11,64231.0195,64938.3398,64231.0195,64885.6016,64885.6016,0
2026-02-12,64885.6016,66167.1094,64842.4297,65965.1797,65965.1797,0
2026-02-13,65965.1797,65965.1797,65052.3516,65052.3516,65052.3516,0
2026-02-16,65052.3516,66340.1563,65052.3516,66340.1563,66340.1563,0
2026-02-17,66340.1563,67526.3516,66328.6016,66925.7969,66925.7969,0
2026-02-18,66925.7969,67563.8516,66920.3125,67491.1484,67491.1484,0
2026-02-19,67491.1484,68022.9375,67491.1484,67863.7266,67863.7266,0
2026-02-20,67863.7266,68477.2734,67863.7266,68364.9766,68364.9766,0
2026-02-23,68364.9766,68956.6563,68107.1875,68956.6563,68956.6563,0
2026-02-24,68956.6563,69352.4219,68360.2266,68415.3281,68415.3281,0
2026-02-25,68415.3281,68643.9375,67930.2266,67935.8203,67935.8203,0
2026-02-26,67935.8203,68278.6172,66348.75,66536.7031,66536.7031,0
2026-02-27,66536.7031,67129.9063,65832.2188,65832.2188,65832.2188,0
2026-03-02,65832.2188,65832.2188,64591.0391,64695.9492,64695.9492,0
2026-03-03,64695.9492,65549.7188,62562.6289,62562.6289,62562.6289,0
2026-03-04,62562.6289,63668.2109,62553.3594,63360.8281,63360.8281,0
2026-03-05,63360.8281,64718.5586,63360.8281,64403.6016,64403.6016,0
2026-03-06,64403.6016,64970.3086,64048.9492,64254.0391,64254.0391,0
2026-03-09,64254.0391,64254.0391,62918.9805,63511.1016,63511.1016,0
2026-03-10,63511.1016,65062.5117,63511.1016,65050.9609,65050.9609,0
2026-03-11,65050.9609,66155.2969,65050.9609,66146.2109,66146.2109,0
2026-03-12,66146.2109,66378.8828,65735.0781,66183.3594,66183.3594,0
2026-03-13,66183.3594,66387.2266,65855.6016,66066.5313,66066.5313,0
2026-03-16,66066.5313,66468.7109,65820.6328,66281.6563,66281.6563,0
2026-03-17,66281.6563,66534.9063,66096.9219,66113.2188,66113.2188,0
2026-03-18,66113.2188,66517.2578,66088.0078,66088.0078,66088.0078,0
2026-03-19,66088.0078,66338.1406,65218.7617,65551.2969,65551.2969,0
2026-03-20,65551.2969,66060.2891,65540.2031,65654.1797,65654.1797,0
2026-03-23,65654.1797,65654.1797,64454.7891,65283.4219,65283.4219,0
2026-03-24,65283.4219,65809.6328,65195.5391,65578.1719,65578.1719,0
2026-03-25,65578.1719,66030.9688,65578.1719,65691.3828,65691.3828,0
2026-03-26,65691.3828,65970.8906,65402.8789,65541.25,65541.25,0
2026-03-27,65541.25,65790.8125,65040.1914,65490.8516,65490.8516,0
2026-03-30,65490.8516,65544.5781,64491.3789,64981.7617,64981.7617,0
2026-03-31,64981.7617,65719.0703,64674.8008,65076.1992,65076.1992,0
2026-04-01,65076.1992,66036.75,65073.5781,65553.0781,65553.0781,0
2026-04-02,65553.0781,65760.3203,65290.0508,65374.8008,65374.8008,0
2026-04-03,65374.8008,65642.2969,65115.5898,65343.5195,65343.5195,0
2026-04-06,65343.5195,65715.2578,65273.2813,65327.8281,65327.8281,0
2026-04-07,65327.8281,66066.8828,65280.5703,66066.8828,66066.8828,0
2026-04-08,66066.8828,67217.2422,66066.8828,66626.5,66626.5,0
2026-04-09,66626.5,66872.7422,66440.8828,66687.3828,66687.3828,0
2026-04-14,66687.3828,67722.0234,66652.6094,67089.3516,67089.3516,0
2026-04-15,67089.3516,67949.2578,67076.8203,67844.1328,67844.1328,0
2026-04-16,67844.1328,68793.6016,67841.7109,68748.1328,68748.1328,0
2026-04-17,68748.1328,69022.0938,67865.0234,68477.3438,68477.3438,0
2026-04-20,68477.3438,68477.3438,67198.7109,67198.7109,67198.7109,0
2026-04-21,67198.7109,67198.7109,65573.5391,66181.3203,66181.3203,0
2026-04-22,66181.3203,67471.4531,66181.3203,66940.6094,66940.6094,0
2026-04-23,66940.6094,67832.75,66940.6094,67832.75,67832.75,0
2026-04-24,67832.75,69327.2734,67792.1484,68589.2578,68589.2578,0
2026-04-27,68589.2578,69307.4531,67367.2422,68313.7031,68313.7031,0
2026-04-28,68313.7031,68317.9609,66487.4609,66487.4609,66487.4609,0
2026-04-29,66487.4609,67316.9922,66448.8984,66933.2266,66933.2266,0
2026-04-30,66933.2266,67283.7891,66102.4063,66187.1406,66187.1406,0
2026-05-04,66187.1406,66187.1406,65609.2188,65985.5313,65985.5313,0
2026-05-05,65985.5313,66867.7266,65172.3398,66821.2734,66821.2734,0
2026-05-06,66821.2734,67578.3281,66798.1328,67574.8984,67574.8984,0
2026-05-07,67574.8984,69251.4375,67574.8984,68766.4609,68766.4609,0
2026-05-08,68766.4609,69736.0703,68765.6094,69596.0938,69596.0938,0
2026-05-11,69596.0938,70677.0,69589.9922,70286.3594,70286.3594,0
2026-05-12,70286.3594,71210.3438,70286.3594,70464.8516,70464.8516,0
2026-05-13,70464.8516,70960.8516,69937.9297,70805.2813,70805.2813,0
2026-05-14,70805.2813,71849.1094,70801.5938,71189.3203,71189.3203,0
2026-05-15,71189.3203,72197.7891,71185.5781,72064.0078,72064.0078,0
2026-05-18,72064.0078,72518.3203,71833.3828,72034.1563,72034.1563,0
2026-05-19,72034.1563,73063.6719,72029.9531,72474.8438,72474.8438,0
2026-05-20,72474.8438,73125.0625,72280.5,72621.3828,72621.3828,0
2026-05-21,72621.3828,73146.3438,72621.3828,72950.6484,72950.6484,0
2026-05-22,72950.6484,73502.5781,72510.5469,72542.5,72542.5,0
2026-05-25,72542.5,72822.0703,72264.4063,72515.8438,72515.8438,0
2026-05-26,72515.8438,72900.0938,72370.4219,72751.4297,72751.4297,0
2026-05-27,72751.4297,72977.7578,72229.9688,72269.6094,72269.6094,0
2026-05-28,72269.6094,72531.0469,71631.8906,71733.5469,71733.5469,0
2026-05-29,71733.5469,72101.1719,70845.5391,70845.5391,70845.5391,0
2026-06-02,70845.5391,71754.7734,70834.75,71351.0313,71351.0313,0
2026-06-03,71351.0313,72267.6016,71026.5469,71031.6172,71031.6172,0
2026-06-04,71031.6172,71524.3438,70834.8906,71118.9297,71118.9297,0
2026-06-05,71118.9297,71609.4688,71001.2578,71609.4688,71609.4688,0
2026-06-08,71609.4688,71638.8906,70973.5703,71596.4531,71596.4531,0
2026-06-09,71596.4531,71908.9766,71529.3281,71653.4375,71653.4375,0
2026-06-10,71653.4375,71953.8203,71454.8281,71496.8125,71496.8125,0
2026-06-11,71496.8125,71912.3516,71475.8516,71902.6328,71902.6328,0
2026-06-12,71902.6328,72514.0078,71902.6328,72377.0469,72377.0469,0
2026-06-15,72377.0469,72686.9609,72282.0234,72405.0938,72405.0938,0
2026-06-16,72405.0938,72608.8281,71900.6406,72416.1875,72416.1875,0
2026-06-17,72416.1875,73483.0625,72410.4219,73309.4297,73309.4297,0
2026-06-18,73309.4297,74155.1172,73305.7969,74094.5313,74094.5313,0
2026-06-19,74094.5313,74516.4375,73629.3125,73629.3125,73629.3125,0
2026-06-22,73629.3125,74429.6094,73628.1875,74171.8984,74171.8984,0
2026-06-23,74171.8984,74528.8594,73661.2734,74528.8594,74528.8594,0
2026-06-24,74528.8594,74842.7422,74308.7109,74676.4297,74676.4297,0
2026-06-25,74676.4297,76700.8672,74638.2891,76630.5078,76630.5078,0
2026-06-26,76630.5078,77230.2031,76256.5078,76552.9063,76552.9063,0
2026-06-29,76552.9063,76860.9297,76477.9297,76814.2969,76814.2969,0
2026-06-30,76814.2969,78189.4609,76814.2969,78060.8672,78060.8672,0
2026-07-01,78060.8672,79665.4375,78060.8672,79600.7109,79600.7109,0
2026-07-02,79600.7109,81848.6484,79551.0469,81675.5,81675.5,0
2026-07-03,81675.5,82632.9766,80981.1172,82038.9609,82038.9609,0
2026-07-06,82038.9609,82457.0313,81557.4063,82092.6875,82092.6875,0
2026-07-07,82092.6875,82345.3203,80948.0313,81301.6328,81301.6328,0
2026-07-08,81301.6328,81466.4531,80571.6719,80907.3984,80907.3984,0
2026-07-09,80907.3984,81993.9531,80903.8125,81985.5078,81985.5078,0
2026-07-10,81985.5078,83231.2734,81985.5078,83186.8672,83186.8672,0
2026-07-13,83186.8672,84698.6563,81950.9766,82169.5,82169.5,0
2026-07-14,82169.5,82768.4531,81369.2891,81369.2891,81369.2891,0
2026-07-15,81369.2891,82553.0391,81352.7969,82481.6172,82481.6172,0
2026-07-16,82481.6172,84443.0625,82473.0469,84443.0625,84443.0625,0
2026-07-17,84443.0625,84677.7578,83826.6875,84063.7266,84063.7266,0
2026-07-20,84063.7266,84396.5469,83264.0391,84271.1719,84271.1719,0
2026-07-21,84271.1719,86094.5391,84254.8672,86074.1563,86074.1563,0
2026-07-22,86074.1563,87820.7266,86062.6875,87007.2734,87007.2734,0
2026-07-23,87007.2734,87974.0,86982.0313,87341.6328,87341.6328,0
2026-07-24,87341.6328,87787.1484,86443.6406,86617.0391,86617.0391,0
2026-07-27,86617.0391,87347.1094,86281.9688,86938.0391,86938.0391,0
2026-07-28,86938.0391,87690.7422,86936.1328,87690.7422,87690.7422,0
2026-07-29,87690.7422,87777.5234,86684.9297,87327.0938,87327.0938,0
2026-07-30,87327.0938,87327.0938,85286.5391,86651.9688,86651.9688,0
2026-07-31,86651.9688,87126.4297,86181.4688,87126.4297,87126.4297,0
2026-08-03,87126.4297,88040.3594,87092.2266,87834.2734,87834.2734,0
2026-08-04,87834.2734,88153.2578,87358.7031,87431.4766,87431.4766,0
2026-08-05,87431.4766,87835.8672,86831.1484,86934.6563,86934.6563,0
2026-08-06,86934.6563,87057.0234,85039.8594,86045.3594,86045.3594,0
2026-08-07,86045.3594,86045.3594,85370.6797,85570.6875,85570.6875,0
2026-08-10,85570.6875,86675.3125,85397.5938,86670.8594,86670.8594,0
2026-08-11,86670.8594,86964.1719,86158.0703,86158.0703,86158.0703,0
2026-08-12,86158.0703,87110.5469,86158.0703,87083.0391,87083.0391,0
2026-08-13,87083.0391,87674.1484,87081.5625,87296.7734,87296.7734,0
2026-08-14,87296.7734,87338.0,86418.8125,86847.8125,86847.8125,0
2026-08-17,86847.8125,87062.7969,86543.2578,86714.75,86714.75,0
2026-08-18,86714.75,87555.3438,86617.8594,87341.9688,87341.9688,0
2026-08-19,87341.9688,88202.4531,87332.3672,87925.2813,87925.2813,0
2026-08-20,87925.2813,88634.8203,87765.75,87770.2109,87770.2109,0
2026-08-21,87770.2109,88301.3672,87759.6016,87805.7891,87805.7891,0
2026-08-24,87805.7891,88272.6406,87779.4297,87893.6875,87893.6875,0
2026-08-25,87893.6875,88011.1797,86786.2188,86983.0625,86983.0625,0
2026-08-26,86983.0625,87015.8594,86303.9063,86500.0234,86500.0234,0
2026-08-27,86500.0234,86728.8203,85261.8438,85448.1563,85448.1563,0
2026-08-28,85448.1563,85519.5703,84229.8516,84367.9688,84367.9688,0
2026-08-31,84367.9688,84397.4219,81095.2188,81319.7891,81319.7891,0
2026-09-01,81319.7891,82861.0703,80430.3594,82164.5703,82164.5703,0
2026-09-02,82164.5703,84313.5234,82164.5703,82773.0625,82773.0625,0
2026-09-03,82773.0625,83830.5703,82769.2891,83804.3438,83804.3438,0
2026-09-04,83804.3438,84281.9297,82454.2734,82940.2422,82940.2422,0
2026-09-07,82940.2422,83468.9766,82537.9922,83029.8438,83029.8438,0
2026-09-08,83029.8438,83447.4531,82377.1719,82872.0469,82872.0469,0
2026-09-09,82872.0469,83078.4688,81300.2578,81453.0078,81453.0078,0
2026-09-10,81453.0078,81862.5938,79925.8203,80164.8516,80164.8516,0
2026-09-11,80164.8516,80748.1563,77523.3828,79670.9922,79670.9922,0
2026-09-14,79670.9922,80625.6094,79166.2734,79682.4375,79682.4375,0
2026-09-15,79682.4375,80261.8672,78005.3828,78904.5469,78904.5469,0
2026-09-16,78904.5469,78905.2813,76480.4688,76484.3906,76484.3906,0
2026-09-17,76484.3906,77395.7578,74309.4297,77356.1406,77356.1406,0
2026-09-18,77356.1406,79461.3828,77356.1406,79057.8125,79057.8125,0
