date,open,high,low,close,adjusted_close,volume
1993-10-19,42.2438,42.8688,42.1065,42.2438,5.5684,4298525
1993-10-20,42.518,42.6706,41.9997,42.518,5.6046,3001356
1993-10-21,43.1584,43.2194,42.3809,43.1584,5.689,4164036
1993-10-22,44.2256,44.3627,43.1736,44.2256,5.8297,5049596
1993-10-25,44.2865,44.5152,43.8292,44.2865,5.8377,1906642
1993-10-26,44.5761,44.9573,44.1492,44.5761,5.8759,1995856
1993-10-27,44.2408,44.4391,44.0579,44.2408,5.8317,1324405
1993-10-28,44.0579,44.3475,43.9054,44.0579,5.8076,1146548
1993-10-29,44.0882,44.2103,43.8292,44.0882,5.8116,1917323
1993-11-02,44.1646,44.5152,43.5242,44.1646,5.8216,2384100
1993-11-03,44.3475,44.3475,43.8292,44.3475,5.8458,1539981
1993-11-04,43.8901,44.134,43.7682,43.8901,5.7855,991709
1993-11-05,43.3261,43.6767,43.1584,43.3261,5.7111,1817188
1993-11-08,43.448,43.5852,43.143,43.448,5.7272,1172895
1993-11-09,43.3719,43.5699,43.2346,43.3719,5.7172,1266293
1993-11-10,43.4329,43.4329,43.0059,43.4329,5.7252,1121524
1993-11-12,43.3719,43.3719,42.9144,43.3719,5.7172,943218
1993-11-15,43.7682,43.875,43.2955,43.7682,5.7694,1731214
1993-11-16,45.5823,45.5823,43.9512,45.5823,6.0085,8683761
1993-11-17,44.8505,45.3384,44.6829,44.8505,5.9121,2399785
1993-11-18,43.9969,44.6523,43.7529,43.9969,5.7995,1251338
1993-11-19,44.0273,44.0579,43.3719,44.0273,5.8036,1251850
1993-11-22,42.5486,43.1278,42.5486,42.5486,5.6086,846599
1993-11-23,42.0758,42.6857,41.9388,42.0758,5.5463,1262005
1993-11-24,41.8627,42.5334,41.6339,41.8627,5.5182,533551
1993-11-25,43.0211,43.448,41.7711,43.0211,5.6709,698459
1993-11-26,42.6857,43.2042,42.6857,42.6857,5.6267,326936
1993-11-29,42.3809,42.9144,42.1522,42.3809,5.5865,393155
1993-11-30,43.2042,43.2955,42.1216,43.2042,5.695,919794
1993-12-01,43.9054,44.0579,42.762,43.9054,5.7875,942728
1993-12-02,44.134,44.3169,43.9359,44.134,5.8176,1322571
1993-12-03,44.5152,44.5152,43.9969,44.5152,5.8679,770319
1993-12-06,44.0579,44.3627,43.6767,44.0579,5.8076,573018
1993-12-07,43.6005,43.8901,43.1736,43.6005,5.7473,488721
1993-12-08,44.134,44.3169,43.4022,44.134,5.8176,787505
1993-12-09,43.9054,44.3627,43.7529,43.9054,5.7875,547823
1993-12-10,44.0579,44.2103,43.7682,44.0579,5.8076,438702
1993-12-13,44.4391,44.5152,43.9359,44.4391,5.8578,1151881
1993-12-14,44.1646,45.247,44.0579,44.1646,5.8216,2431269
1993-12-15,42.6857,44.1189,42.3809,42.6857,5.6267,2240680
1993-12-16,41.9846,42.762,41.9236,41.9846,5.5343,1102665
1993-12-17,42.6857,43.143,42.1371,42.6857,5.6267,837809
1993-12-20,43.5396,43.6005,42.8534,43.5396,5.7393,1083358
1993-12-21,43.6005,43.6005,43.2346,43.6005,5.7473,533700
1993-12-22,43.6157,43.7224,43.448,43.6157,5.7493,816201
1993-12-23,43.6767,43.9054,43.5396,43.6767,5.7573,543684
1993-12-27,44.1492,44.2103,43.6005,44.1492,5.8196,412035
1993-12-28,43.8292,44.2559,43.631,43.8292,5.7774,626458
1993-12-29,44.0273,44.2559,43.631,44.0273,5.8036,834481
1993-12-30,43.4175,43.9054,43.1736,43.4175,5.7232,737830
1993-12-31,43.8292,43.8292,43.0975,43.8292,5.7774,524058
1994-01-03,44.1036,44.134,43.082,44.1036,5.8136,489860
1994-01-04,44.0579,44.0579,43.143,44.0579,5.8076,645019
1994-01-05,43.143,43.9663,43.0059,43.143,5.687,1016840
1994-01-06,43.8596,44.0579,42.8382,43.8596,5.7815,602736
1994-01-07,43.9206,44.0579,43.311,43.9206,5.7895,641115
1994-01-10,43.6157,44.0579,43.5242,43.6157,5.7493,632218
1994-01-11,43.7529,44.0579,43.448,43.7529,5.7674,850439
1994-01-12,42.2284,43.6767,42.2284,42.2284,5.5664,912733
1994-01-13,42.3809,42.5943,41.9997,42.3809,5.5865,956850
1994-01-14,41.3595,42.5943,41.3441,41.3595,5.4519,1024115
1994-01-17,41.6492,42.3048,41.329,41.6492,5.4901,800732
1994-01-18,41.8472,42.0758,41.3441,41.8472,5.5162,688390
1994-01-19,42.0149,42.3657,41.8627,42.0149,5.5383,967048
1994-01-20,41.9236,42.198,41.6339,41.9236,5.5262,499097
1994-01-21,41.9236,42.4571,41.6339,41.9236,5.5262,676016
1994-01-24,42.1065,42.3657,41.4814,42.1065,5.5504,741894
1994-01-25,42.9601,43.2194,42.3809,42.9601,5.6629,907933
1994-01-26,42.9297,43.6005,42.5334,42.9297,5.6589,850460
1994-01-27,43.2652,43.4329,42.8382,43.2652,5.7031,658949
1994-01-28,43.448,43.6005,42.5334,43.448,5.7272,792412
1994-01-31,43.3871,43.6005,42.9144,43.3871,5.7192,1015198
1994-02-01,42.9908,43.6005,42.9908,42.9908,5.6669,857202
1994-02-02,42.3809,42.945,41.7711,42.3809,5.5865,2005264
1994-02-03,42.3809,42.7925,42.2284,42.3809,5.5865,1381857
1994-02-04,43.2955,43.448,42.1065,43.2955,5.7071,894770
1994-02-07,41.8016,42.5334,41.5425,41.8016,5.5102,861575
1994-02-08,42.9908,42.9908,41.7101,42.9908,5.6669,756081
1994-02-09,43.3719,43.3719,42.4571,43.3719,5.7172,910151
1994-02-10,43.448,43.4785,42.9144,43.448,5.7272,721201
1994-02-11,43.2955,43.4329,42.4418,43.2955,5.7071,1010206
1994-02-14,42.8382,43.448,42.7773,42.8382,5.6468,725830
1994-02-15,43.0365,43.3413,42.8382,43.0365,5.6729,592367
1994-02-16,43.0365,43.0365,42.4571,43.0365,5.6729,598362
1994-02-17,42.9908,43.448,42.2893,42.9908,5.6669,888413
1994-02-18,42.3657,42.823,42.2284,42.3657,5.5845,500399
1994-02-21,41.3137,42.259,41.3137,41.3137,5.4459,701190
1994-02-22,41.1612,41.6186,40.8716,41.1612,5.4258,490479
1994-02-23,41.6949,41.7711,41.3899,41.6949,5.4961,256429
1994-02-24,40.5972,41.6186,39.6368,40.5972,5.3514,1321781
1994-02-25,40.7497,41.4662,40.3991,40.7497,5.3715,626288
1994-02-28,41.4967,42.3048,41.4662,41.4967,5.47,585583
1994-03-01,40.2466,42.2284,39.8654,40.2466,5.3052,844316
1994-03-02,40.1247,40.3837,36.5879,40.1247,5.2891,1206516
1994-03-03,39.4082,40.8565,38.8745,39.4082,5.1947,626224
1994-03-04,39.1337,39.4082,38.8135,39.1337,5.1585,831857
1994-03-07,40.3076,40.5058,39.3472,40.3076,5.3132,641627
1994-03-08,40.7801,40.9784,40.1093,40.7801,5.3755,529690
1994-03-09,40.2466,41.0699,40.2466,40.2466,5.3052,536580
1994-03-10,39.3472,40.6888,38.8745,39.3472,5.1866,617306
1994-03-11,38.1124,38.8289,37.9599,38.1124,5.0239,802247
1994-03-14,39.4387,40.1856,39.1033,39.4387,5.1987,903922
1994-03-15,40.7801,40.9935,39.957,40.7801,5.3755,798150
1994-03-16,39.6977,40.7039,39.6368,39.6977,5.2329,804081
1994-03-17,40.0028,40.2466,39.7284,40.0028,5.273,326189
1994-03-18,38.8745,39.7587,38.2648,38.8745,5.1243,831004
1994-03-21,38.7983,38.9966,38.2801,38.7983,5.1143,677296
1994-03-22,38.3868,39.027,38.1427,38.3868,5.06,1032115
1994-03-23,38.5696,38.8745,38.4477,38.5696,5.0841,656389
1994-03-24,38.1427,38.8592,38.1275,38.1427,5.0279,874887
1994-03-25,37.8685,39.1794,37.8073,37.8685,4.9917,727195
1994-03-28,39.3929,39.3929,37.5025,39.3929,5.1927,891314
1994-03-29,39.1489,39.5452,38.9508,39.1489,5.1605,442862
1994-03-30,38.1885,38.9508,38.1275,38.1885,5.0339,756166
1994-03-31,38.9508,38.9508,38.1124,38.9508,5.1344,988616
1994-04-05,38.5545,38.905,38.1124,38.5545,5.0821,467161
1994-04-06,39.1794,39.3319,38.7222,39.1794,5.1645,866588
1994-04-07,38.539,39.027,38.2648,38.539,5.0801,402649
1994-04-08,38.4171,38.5696,38.1885,38.4171,5.0641,267885
1994-04-11,38.7373,39.1794,38.4171,38.7373,5.1063,520282
1994-04-12,38.9508,39.3929,38.5696,38.9508,5.1344,485380
1994-04-13,39.027,39.1643,38.5239,39.027,5.1444,356419
1994-04-14,39.2556,39.6216,38.9508,39.2556,5.1746,729585
1994-04-15,39.2405,39.4843,38.7983,39.2405,5.1726,459332
1994-04-18,38.2648,39.3929,38.2648,38.2648,5.044,645680
1994-04-19,38.1124,38.7068,37.9599,38.1124,5.0239,661168
1994-04-20,37.8836,38.2494,37.6702,37.8836,4.9937,911069
1994-04-21,37.4109,38.0362,37.3654,37.4109,4.9314,892871
1994-04-22,37.4264,37.8073,37.35,37.4264,4.9334,1147252
1994-04-25,36.7402,37.6396,36.7402,36.7402,4.843,651205
1994-04-26,37.0452,37.3196,36.7555,37.0452,4.8832,526660
1994-04-27,38.6003,38.6306,37.4264,38.6003,5.0882,753073
1994-04-28,39.6062,40.0942,38.6457,39.6062,5.2208,810908
1994-04-29,40.46,40.7039,39.3319,40.46,5.3333,966813
1994-05-02,40.9935,41.5576,40.8565,40.9935,5.4037,467908
1994-05-03,40.5972,40.8565,40.5514,40.5972,5.3514,431961
1994-05-04,39.1794,40.3837,38.7983,39.1794,5.1645,636656
1994-05-05,39.1794,39.3929,38.6003,39.1794,5.1645,411289
1994-05-06,39.3166,39.5607,38.5696,39.3166,5.1826,563162
1994-05-09,39.1794,39.1794,38.4171,39.1794,5.1645,228333
1994-05-10,40.46,40.5363,39.0422,40.46,5.3333,604634
1994-05-11,40.0331,40.8107,40.0331,40.0331,5.2771,796316
1994-05-13,40.0942,40.841,39.8807,40.0942,5.2851,618138
1994-05-16,40.4144,40.7955,40.3076,40.4144,5.3273,376451
1994-05-17,41.1612,41.4662,40.4295,41.1612,5.4258,1228319
1994-05-18,41.3137,41.8472,40.6735,41.3137,5.4459,763356
1994-05-19,41.0699,41.3137,40.5668,41.0699,5.4137,582853
1994-05-20,41.009,41.2832,40.7191,41.009,5.4057,607450
1994-05-24,41.1003,41.3137,40.4753,41.1003,5.4177,591727
1994-05-25,39.5607,41.5881,39.027,39.5607,5.2148,638512
1994-05-26,40.3076,40.3686,39.027,40.3076,5.3132,608389
1994-05-27,38.8745,40.3076,38.2036,38.8745,5.1243,944818
1994-05-30,38.4171,38.9508,38.3562,38.4171,5.0641,188994
1994-05-31,37.9599,38.8745,37.5787,37.9599,5.0038,954546
1994-06-01,38.1124,38.5545,37.35,38.1124,5.0239,845340
1994-06-02,38.2343,38.4171,37.5331,38.2343,5.0399,638341
1994-06-03,38.6154,38.7831,37.8073,38.6154,5.0902,437358
1994-06-06,38.8441,38.8441,37.8685,38.8441,5.1203,581615
1994-06-07,38.1885,38.7222,37.7008,38.1885,5.0339,443204
1994-06-08,38.5696,38.8441,37.5025,38.5696,5.0841,533786
1994-06-09,37.7922,38.7983,37.4415,37.7922,4.9817,386478
1994-06-10,37.3654,38.3715,37.35,37.3654,4.9254,546692
1994-06-13,36.8623,37.35,36.664,36.8623,4.8591,695856
1994-06-14,36.664,37.0146,36.603,36.664,4.833,747590
1994-06-15,37.0452,37.0452,36.5879,37.0452,4.8832,950728
1994-06-16,37.0452,37.35,36.664,37.0452,4.8832,532548
1994-06-17,37.5025,37.7922,37.152,37.5025,4.9435,713819
1994-06-20,36.8927,36.969,36.2828,36.8927,4.8631,1944037
1994-06-21,36.7402,37.03,36.5879,36.7402,4.843,671301
1994-06-22,36.8774,37.03,36.5879,36.8774,4.8611,489241
1994-06-23,36.7402,37.1823,36.5115,36.7402,4.843,665200
1994-06-24,36.4505,36.8927,36.1306,36.4505,4.8048,527514
1994-06-27,36.3592,36.6488,36.0542,36.3592,4.7928,647039
1994-06-28,36.6336,37.03,36.5879,36.6336,4.8289,370542
1994-06-29,36.1,36.6336,35.8713,36.1,4.7586,595248
1994-06-30,35.4444,36.4048,35.4444,35.4444,4.6722,862151
1994-07-01,34.6059,35.5207,34.6059,34.6059,4.6213,656325
1994-07-04,34.7432,35.3682,34.7432,34.7432,4.6396,336493
1994-07-05,35.5053,35.8256,34.6059,35.5053,4.7414,417091
1994-07-06,35.4902,35.9781,35.2157,35.4902,4.7394,346264
1994-07-07,36.2525,36.8013,35.5359,36.2525,4.8412,302722
1994-07-08,36.6488,36.6946,35.9781,36.6488,4.8941,383555
1994-07-11,36.6946,36.8318,36.5115,36.6946,4.9002,580570
1994-07-12,36.5725,36.725,35.9781,36.5725,4.8839,275181
1994-07-13,36.8927,36.9537,36.1306,36.8927,4.9267,359640
1994-07-18,37.1213,37.1213,36.7555,37.1213,4.9572,851239
1994-07-19,38.0362,38.0362,37.0146,38.0362,5.0794,1379894
1994-07-20,38.1275,38.4477,37.35,38.1275,5.0916,491567
1994-07-21,39.088,39.4843,37.8379,39.088,5.2198,528559
1994-07-22,39.0575,39.7129,38.7679,39.0575,5.2158,1225695
1994-07-25,40.2314,40.2466,38.7983,40.2314,5.3725,687238
1994-07-26,39.9112,40.3533,39.6826,39.9112,5.3298,888541
1994-07-27,39.3319,39.7284,39.0727,39.3319,5.2524,709574
1994-07-28,39.4843,39.7129,38.8745,39.4843,5.2728,455406
1994-07-29,39.8351,40.2466,39.4843,39.8351,5.3196,604336
1994-08-01,39.5607,40.0028,39.3624,39.5607,5.2829,286040
1994-08-02,40.46,40.46,39.6674,40.46,5.403,721841
1994-08-03,39.9264,40.2466,39.7129,39.9264,5.3318,288920
1994-08-04,38.8898,40.0789,38.7525,38.8898,5.1934,383512
1994-08-05,37.7922,38.6457,37.3806,37.7922,5.0468,940573
1994-08-08,37.4415,37.716,37.289,37.4415,5.0,394798
1994-08-09,36.786,37.3348,36.603,36.786,4.9124,627845
1994-08-10,36.4353,37.1062,36.4353,36.4353,4.8656,452334
1994-08-11,35.9932,36.7402,35.8713,35.9932,4.8066,411929
1994-08-12,35.4598,35.8256,35.2157,35.4598,4.7353,879218
1994-08-16,35.3682,35.9628,35.3682,35.3682,4.7231,373294
1994-08-17,35.8104,36.039,35.6884,35.8104,4.7821,428185
1994-08-18,35.2767,35.673,35.2157,35.2767,4.7109,404867
1994-08-19,35.0634,35.5207,35.0634,35.0634,4.6824,721734
1994-08-22,34.7584,35.2157,34.6059,34.7584,4.6417,736497
1994-08-23,35.8104,35.9323,34.7584,35.8104,4.7821,820615
1994-08-24,35.9781,36.0695,35.6121,35.9781,4.8045,519876
1994-08-25,36.2067,36.7098,36.0239,36.2067,4.8351,479897
1994-08-26,37.6396,37.6396,35.9781,37.6396,5.0264,582789
1994-08-29,38.0208,38.2191,37.3958,38.0208,5.0773,336963
1994-08-30,37.6702,37.8379,37.5331,37.6702,5.0305,191724
1994-08-31,38.1885,38.1885,37.0755,38.1885,5.0997,606021
1994-09-01,36.969,37.9599,36.969,36.969,4.9368,310979
1994-09-02,36.8318,37.9599,36.6336,36.8318,4.9185,301592
1994-09-05,35.9323,36.2677,35.5969,35.9323,4.7984,374979
1994-09-06,35.5207,35.9781,35.5207,35.5207,4.7434,343981
1994-09-07,35.8256,36.1,35.6426,35.8256,4.7842,432814
1994-09-08,36.5879,36.6336,35.8407,36.5879,4.886,279768
1994-09-09,35.3682,36.5879,35.3682,35.3682,4.7231,451844
1994-09-12,35.8256,36.2828,34.8347,35.8256,4.7842,400942
1994-09-13,35.7798,35.9017,34.9109,35.7798,4.7781,616581
1994-09-14,35.9474,35.9781,35.3834,35.9474,4.8004,341635
1994-09-15,36.1,36.2525,35.5969,36.1,4.8208,521220
1994-09-16,34.6059,36.4353,34.6059,34.6059,4.6213,499033
1994-09-19,35.2921,35.4749,34.6059,35.2921,4.7129,516292
1994-09-20,34.9261,35.4444,34.6059,34.9261,4.664,573402
1994-09-21,35.7493,36.0239,35.3988,35.7493,4.774,677467
1994-09-22,36.0542,36.466,35.8407,36.0542,4.8147,514500
1994-09-23,36.603,36.969,36.0084,36.603,4.888,602949
1994-09-26,35.9323,36.9385,35.9171,35.9323,4.7984,443289
1994-09-27,36.1151,36.3744,35.9017,36.1151,4.8228,399321
1994-09-28,36.0848,36.6488,36.0695,36.0848,4.8188,502063
1994-09-29,36.5572,36.664,36.0084,36.5572,4.8819,676080
1994-09-30,37.35,37.6244,36.603,37.35,4.9877,1330507
1994-10-03,37.35,37.6092,36.2983,37.35,4.9877,736859
1994-10-04,37.8073,37.8836,37.1976,37.8073,5.0488,647451
1994-10-05,36.7707,37.7311,36.664,36.7707,4.9104,555546
1994-10-06,37.7464,37.7922,37.0452,37.7464,5.0407,554842
1994-10-07,37.716,37.9141,37.1367,37.716,5.0366,529114
1994-10-10,38.5696,38.7068,37.5331,38.5696,5.1506,835953
1994-10-11,39.0575,39.1794,38.2801,39.0575,5.2158,1097758
1994-10-12,38.7525,38.966,38.4935,38.7525,5.175,645040
1994-10-13,39.5607,40.0942,38.4477,39.5607,5.2829,865948
1994-10-14,39.6368,39.6368,39.1033,39.6368,5.2931,563418
1994-10-17,38.5696,39.6368,38.539,38.5696,5.1506,573690
1994-10-18,38.7525,38.8745,38.3562,38.7525,5.175,503748
1994-10-19,38.3715,39.1643,38.1581,38.3715,5.1241,373166
1994-10-20,38.5545,38.7068,37.9904,38.5545,5.1486,383982
1994-10-21,37.8836,38.3104,37.5177,37.8836,5.059,341976
1994-10-24,38.0818,38.2343,37.8836,38.0818,5.0855,359598
1994-10-25,37.289,37.8685,37.0755,37.289,4.9796,582405
1994-10-26,37.2432,38.2648,37.0452,37.2432,4.9735,430681
1994-10-27,37.4415,37.5331,37.0452,37.4415,5.0,324803
1994-10-28,38.8592,39.1033,37.2739,38.8592,5.1893,1035729
1994-11-02,38.1885,38.8289,38.1885,38.1885,5.0997,627056
1994-11-03,38.8745,38.8745,37.8989,38.8745,5.1913,503791
1994-11-04,39.9416,39.9416,38.8745,39.9416,5.3338,913181
1994-11-07,39.8654,39.9874,39.3472,39.8654,5.3237,597338
1994-11-08,40.3991,40.5514,39.7129,40.3991,5.3949,781937
1994-11-09,40.0789,41.009,39.8807,40.0789,5.3522,1073395
1994-11-10,40.582,40.7497,39.3319,40.582,5.4193,760369
1994-11-14,40.3991,40.4905,40.2161,40.3991,5.3949,456494
1994-11-15,40.3533,40.6277,39.9416,40.3533,5.3888,479407
1994-11-16,39.957,40.3991,39.7435,39.957,5.3359,331309
1994-11-17,39.957,40.2161,39.652,39.957,5.3359,309677
1994-11-18,40.1093,40.2466,39.4233,40.1093,5.3562,256674
1994-11-21,40.1705,40.3076,39.957,40.1705,5.3644,357528
1994-11-22,40.1856,40.2161,39.4843,40.1856,5.3664,385326
1994-11-23,39.652,40.0789,39.3319,39.652,5.2951,630000
1994-11-24,39.8351,40.2466,39.7284,39.8351,5.3196,422553
1994-11-25,39.9416,40.3533,39.4996,39.9416,5.3338,369940
1994-11-28,40.3533,40.3837,39.6977,40.3533,5.3888,502233
1994-11-29,39.8654,40.3533,39.8045,39.8654,5.3237,419566
1994-11-30,40.7039,40.7039,39.8196,40.7039,5.4356,1223050
1994-12-01,41.0699,41.4357,40.5363,41.0699,5.4845,573359
1994-12-02,41.4662,41.4662,40.7039,41.4662,5.5374,295234
1994-12-05,41.1612,41.7711,41.0851,41.1612,5.4967,397849
1994-12-06,41.5425,41.5425,40.7801,41.5425,5.5476,384216
1994-12-07,41.009,41.7711,40.9477,41.009,5.4763,555461
1994-12-08,40.277,40.9784,40.1705,40.277,5.3786,472409
1994-12-09,39.7893,40.3991,39.6674,39.7893,5.3135,577178
1994-12-12,39.591,40.0028,39.3624,39.591,5.287,553199
1994-12-13,39.9416,40.0179,39.4082,39.9416,5.3338,621021
1994-12-14,39.9874,40.3837,39.8654,39.9874,5.3399,289048
1994-12-15,39.4082,40.2466,39.4082,39.4082,5.2626,406674
1994-12-16,39.7587,40.1093,39.3319,39.7587,5.3094,342701
1994-12-19,39.8196,40.3991,39.7893,39.8196,5.3175,242989
1994-12-20,39.4082,39.9416,39.4082,39.4082,5.2626,513178
1994-12-21,39.9722,39.9722,39.4996,39.9722,5.3379,471961
1994-12-22,40.3382,40.3991,39.8196,40.3382,5.3868,745350
1994-12-23,40.0942,40.4905,39.9722,40.0942,5.3542,499496
1994-12-26,40.5668,40.7039,40.0942,40.5668,5.4173,297325
1994-12-27,39.9112,40.5058,39.652,39.9112,5.3298,343427
1994-12-28,38.6764,39.9112,38.6457,38.6764,5.1649,606149
1994-12-29,37.9599,38.5696,37.7769,37.9599,5.0692,650096
1994-12-30,37.4264,38.2648,36.9385,37.4264,4.9979,832881
1995-01-03,37.2739,37.9599,37.0909,37.2739,4.9776,219628
1995-01-04,37.716,37.7922,37.4567,37.716,5.0366,273794
1995-01-05,37.3958,37.8379,36.9232,37.3958,4.9938,476932
1995-01-06,38.2191,38.7222,37.152,38.2191,5.1038,418478
1995-01-09,37.1976,38.8745,37.1976,37.1976,4.9674,355374
1995-01-10,37.4567,37.655,36.969,37.4567,5.002,270637
1995-01-11,37.655,37.7922,37.1976,37.655,5.0285,442436
1995-01-12,37.5025,37.8073,37.1976,37.5025,5.0081,520047
1995-01-13,37.35,37.6244,36.9842,37.35,4.9877,444164
1995-01-16,37.6854,37.9294,37.5025,37.6854,5.0325,257645
1995-01-17,37.9599,38.341,37.5025,37.9599,5.0692,193815
1995-01-18,38.6306,38.6915,37.8073,38.6306,5.1587,343917
1995-01-19,37.5025,38.539,37.0604,37.5025,5.0081,529071
1995-01-20,36.6946,37.3348,36.5879,36.6946,4.9002,672987
1995-01-23,35.7493,36.5572,35.7037,35.7493,4.774,839004
1995-01-24,34.85,36.1151,34.6212,34.85,4.6539,684827
1995-01-25,35.673,35.7493,34.8803,35.673,4.7638,574917
1995-01-26,36.2525,36.3439,35.2311,36.2525,4.8412,435268
1995-01-27,35.9171,37.0452,35.9017,35.9171,4.7964,473967
1995-01-30,36.0848,36.2828,35.8713,36.0848,4.8188,285997
1995-01-31,35.8713,36.2677,35.3682,35.8713,4.7903,1212469
1995-02-01,36.8927,36.8927,35.7188,36.8927,4.9267,665861
1995-02-02,35.9781,37.2432,35.9781,35.9781,4.8045,432345
1995-02-03,36.4505,36.7402,35.9781,36.4505,4.8676,403417
1995-02-06,37.6244,37.9294,36.4353,37.6244,5.0244,492015
1995-02-07,37.5483,38.402,37.5025,37.5483,5.0142,510148
1995-02-08,36.6792,37.5483,36.664,36.6792,4.8982,268674
1995-02-09,37.9599,38.1581,36.6183,37.9599,5.0692,482969
1995-02-10,38.6457,38.7222,37.9599,38.6457,5.1608,545754
1995-02-13,37.8836,38.4171,37.7922,37.8836,5.059,287938
1995-02-14,38.4171,38.4171,37.8836,38.4171,5.1302,321069
1995-02-15,37.9446,38.0362,37.5787,37.9446,5.0671,558277
1995-02-16,36.5879,38.1124,36.2828,36.5879,4.886,833564
1995-02-17,36.3592,36.4811,35.9932,36.3592,4.8554,935090
1995-02-20,36.8623,38.3868,36.1306,36.8623,4.9226,382936
1995-02-21,36.2828,37.1823,36.0239,36.2828,4.8452,769457
1995-02-22,35.9932,36.4202,35.8561,35.9932,4.8066,293890
1995-02-23,36.4505,36.6336,36.0542,36.4505,4.8676,224492
1995-02-24,36.4353,36.7402,36.1761,36.4353,4.8656,373976
1995-02-27,35.673,36.1,35.3834,35.673,4.7638,421998
1995-02-28,34.6823,35.673,34.301,34.6823,4.6315,1044424
1995-03-01,35.7188,36.039,34.9109,35.7188,4.7699,644059
1995-03-02,36.1306,36.1306,35.3682,36.1306,4.8249,440089
1995-03-03,35.3988,36.1915,35.0634,35.3988,4.7272,387630
1995-03-06,35.1396,35.7493,34.6517,35.1396,4.6925,301848
1995-03-07,33.8741,35.2157,33.8438,33.8741,4.5236,785158
1995-03-08,33.4626,34.7584,33.4626,33.4626,4.4686,576282
1995-03-09,32.8527,34.1182,32.8527,32.8527,4.3872,978035
1995-03-10,33.8741,34.1486,32.7766,33.8741,4.5236,422553
1995-03-13,33.8286,34.1334,32.868,33.8286,4.5175,460846
1995-03-14,34.6059,34.6059,33.7522,34.6059,4.6213,449006
1995-03-15,33.0357,34.667,32.7766,33.0357,4.4116,788902
1995-03-16,34.3772,34.5907,33.0357,34.3772,4.5908,617264
1995-03-17,34.2859,34.6212,34.0266,34.2859,4.5785,356803
1995-03-20,35.1547,35.3834,34.6212,35.1547,4.6946,585263
1995-03-21,35.5817,35.5817,34.9261,35.5817,4.7516,591002
1995-03-22,35.9474,36.3896,35.2311,35.9474,4.8004,580357
1995-03-23,34.6059,35.2157,34.1028,34.6059,4.6213,756251
1995-03-24,34.7126,35.0177,33.8589,34.7126,4.6355,615536
1995-03-27,35.7951,36.2677,34.4688,35.7951,4.7801,888135
1995-03-28,35.8407,35.9781,35.3682,35.8407,4.7862,712560
1995-03-29,36.7402,36.7402,35.1089,36.7402,4.9063,598042
1995-03-30,38.4935,38.5696,36.2828,38.4935,5.1404,1262581
1995-03-31,37.2739,37.9446,36.664,37.2739,4.9776,1451596
1995-04-03,37.2739,37.35,36.2983,37.2739,4.9776,492164
1995-04-04,37.8836,37.975,37.2739,37.8836,5.059,577647
1995-04-05,37.8227,37.8836,37.1823,37.8227,5.0509,274818
1995-04-06,38.2648,38.2648,37.1976,38.2648,5.1099,310360
1995-04-07,38.2494,38.341,37.1213,38.2494,5.1079,369475
1995-04-10,37.472,38.3258,37.0452,37.472,5.004,472004
1995-04-11,36.9079,37.4873,36.8469,36.9079,4.9287,394585
1995-04-12,36.4505,36.5421,36.1306,36.4505,4.8676,670917
1995-04-13,36.4353,36.5572,36.0695,36.4353,4.8656,265218
1995-04-18,35.353,35.9171,35.2463,35.353,4.7211,744838
1995-04-19,35.5969,36.2828,34.6365,35.5969,4.7536,862450
1995-04-20,36.0542,36.1306,35.4902,36.0542,4.8147,506052
1995-04-21,37.8531,37.9141,36.2067,37.8531,5.0549,1131828
1995-04-24,37.4567,37.8073,37.3196,37.4567,5.002,343171
1995-04-25,38.1124,38.3868,37.655,38.1124,5.0895,480281
1995-04-26,38.0362,38.6457,37.8531,38.0362,5.0794,530927
1995-04-27,36.8623,37.9599,36.8318,36.8623,4.9226,704409
1995-04-28,36.4353,36.8927,35.9171,36.4353,4.8656,951496
1995-05-02,37.0452,37.1976,36.0695,37.0452,4.947,456921
1995-05-03,37.9294,37.9599,37.0452,37.9294,5.0651,609754
1995-05-04,38.1581,38.6457,38.0362,38.1581,5.0956,1162205
1995-05-05,38.1581,38.4781,37.9904,38.1581,5.0956,846407
1995-05-09,40.2009,40.7039,38.7222,40.2009,5.3684,2696299
1995-05-10,40.3533,40.7346,39.9722,40.3533,5.3888,1245834
1995-05-11,39.6368,40.5514,39.4996,39.6368,5.2931,916487
1995-05-12,39.9112,40.0942,39.5149,39.9112,5.3298,580058
1995-05-15,38.5848,39.5607,38.5848,38.5848,5.1526,474159
1995-05-16,39.2252,39.591,38.6003,39.2252,5.2381,781809
1995-05-17,39.6368,39.7893,38.8135,39.6368,5.2931,1206367
1995-05-18,38.905,39.6368,38.7525,38.905,5.1954,450372
1995-05-19,38.4171,38.8592,38.341,38.4171,5.1302,325720
1995-05-22,38.7831,38.8135,37.975,38.7831,5.1791,361859
1995-05-23,37.6244,38.9966,37.5025,37.6244,5.0244,1891119
1995-05-24,36.466,37.9446,36.466,36.466,4.8697,929160
1995-05-26,35.048,35.9781,35.048,35.048,4.6803,1500898
1995-05-29,35.9781,36.1915,35.0938,35.9781,4.8045,440601
1995-05-30,36.6183,36.8469,35.8713,36.6183,4.89,745051
1995-05-31,37.3348,37.8073,36.6336,37.3348,4.9857,1026846
1995-06-01,37.5025,37.9904,37.3654,37.5025,5.0081,910919
1995-06-02,38.2494,38.341,37.6854,38.2494,5.1079,457924
1995-06-06,38.7983,38.8745,38.1124,38.7983,5.1811,537839
1995-06-07,38.9812,39.3014,38.3104,38.9812,5.2056,913479
1995-06-08,38.1124,38.8441,37.975,38.1124,5.0895,699952
1995-06-09,37.2281,37.9599,37.1976,37.2281,4.9715,794844
1995-06-12,37.0452,37.7922,36.8165,37.0452,4.947,227910
1995-06-13,37.472,37.8685,37.35,37.472,5.004,328963
1995-06-14,36.5572,37.472,35.8561,36.5572,4.8819,920470
1995-06-15,36.4353,36.8927,36.3134,36.4353,4.8656,654907
1995-06-16,36.039,36.2828,35.673,36.039,4.8127,731654
1995-06-19,36.969,36.969,35.8561,36.969,4.9368,312216
1995-06-20,36.664,37.0452,36.1915,36.664,4.8961,491481
1995-06-21,36.664,36.8623,36.466,36.664,4.8961,492825
1995-06-22,37.1976,37.35,36.5115,37.1976,4.9674,610224
1995-06-23,37.1062,37.3348,36.8927,37.1062,4.9552,1232095
1995-06-26,37.5331,37.5634,36.6336,37.5331,5.0122,818588
1995-06-27,36.0084,36.8927,35.9017,36.0084,4.8719,594650
1995-06-28,35.9781,36.2828,35.5207,35.9781,4.8678,339224
1995-06-29,36.1915,36.8774,35.9017,36.1915,4.8967,503236
1995-06-30,35.673,36.3896,35.5207,35.673,4.8265,866034
1995-07-03,35.5817,35.8865,35.3682,35.5817,4.8142,299672
1995-07-04,36.3896,36.725,36.0239,36.3896,4.9235,345475
1995-07-05,37.0146,37.1062,36.4353,37.0146,5.008,388014
1995-07-06,35.8256,37.0755,35.5817,35.8256,4.8472,410158
1995-07-07,37.5787,37.6854,36.5572,37.5787,5.0844,1037384
1995-07-10,37.6244,37.8531,37.0604,37.6244,5.0906,316419
1995-07-11,36.9232,37.9294,36.6792,36.9232,4.9957,524164
1995-07-12,36.0695,36.786,35.8561,36.0695,4.8802,704432
1995-07-13,35.8713,36.3896,35.673,35.8713,4.8533,450692
1995-07-17,36.5115,36.7707,35.6884,36.5115,4.94,479833
1995-07-18,35.8865,36.1609,35.8256,35.8865,4.8554,389699
1995-07-19,35.9781,35.9781,35.1396,35.9781,4.8678,701552
1995-07-20,35.0634,35.4749,34.8803,35.0634,4.744,701318
1995-07-21,34.4536,35.4444,34.3163,34.4536,4.6615,637403
1995-07-24,35.17,35.2921,34.2249,35.17,4.7585,836231
1995-07-25,35.4902,35.5207,34.987,35.4902,4.8018,488663
1995-07-26,35.2921,35.8256,35.0786,35.2921,4.775,277762
1995-07-27,35.2921,35.3377,34.301,35.2921,4.775,616432
1995-07-28,34.4536,35.0634,34.301,34.4536,4.6615,570991
1995-07-31,33.8896,34.5907,33.6913,33.8896,4.5852,626693
1995-08-01,34.2401,34.423,33.8896,34.2401,4.6326,449540
1995-08-02,35.2615,35.5207,34.3926,35.2615,4.7708,721243
1995-08-03,35.3224,35.4902,35.0634,35.3224,4.7791,470340
1995-08-04,35.3224,35.5969,35.2157,35.3224,4.7791,309037
1995-08-07,34.8347,35.5053,34.6365,34.8347,4.7131,145601
1995-08-08,34.5145,34.8651,34.3926,34.5145,4.6698,356270
1995-08-09,33.8438,34.6059,33.7676,33.8438,4.579,438532
1995-08-10,33.8286,33.9657,33.3559,33.8286,4.577,683888
1995-08-11,33.7064,34.1791,33.5387,33.7064,4.5605,375256
1995-08-16,34.4688,34.6365,34.0115,34.4688,4.6636,535002
1995-08-17,33.7522,35.048,33.5387,33.7522,4.5666,640581
1995-08-18,33.4474,34.0572,33.0357,33.4474,4.5254,599962
1995-08-21,33.3864,34.0724,32.9901,33.3864,4.5171,406553
1995-08-22,33.0204,33.4931,32.9443,33.0204,4.4676,242029
1995-08-23,32.746,33.3101,32.426,32.746,4.4305,744243
1995-08-24,32.3345,33.0815,32.2429,32.3345,4.3748,1028757
1995-08-25,32.7766,33.0815,32.5174,32.7766,4.4346,760576
1995-08-28,31.6485,32.746,31.496,31.6485,4.282,766513
1995-08-29,31.7399,32.1516,31.6027,31.7399,4.2944,744795
1995-08-30,32.4564,32.746,31.9534,32.4564,4.3913,691398
1995-08-31,31.557,32.426,31.3588,31.557,4.2696,1360133
1995-09-01,30.9472,31.9381,30.7337,30.9472,4.1871,1495963
1995-09-04,31.5721,31.6788,31.0386,31.5721,4.2717,598746
1995-09-05,31.7704,32.3193,31.7399,31.7704,4.2985,592943
1995-09-06,30.7948,32.1668,30.6575,30.7948,4.1665,840583
1995-09-07,30.5507,30.871,30.505,30.5507,4.1335,1082590
1995-09-08,30.505,31.0997,30.4898,30.505,4.1273,1818553
1995-09-11,30.7491,30.9777,30.505,30.7491,4.1603,1264032
1995-09-12,31.6485,31.7856,30.8252,31.6485,4.282,855175
1995-09-13,32.2429,32.2887,31.4808,32.2429,4.3624,757817
1995-09-14,32.0448,32.1668,30.7948,32.0448,4.3356,3114991
1995-09-15,31.9381,32.3497,31.7553,31.9381,4.3212,1043998
1995-09-18,32.0143,32.0601,31.557,32.0143,4.3315,611525
1995-09-19,32.1058,32.1668,31.862,32.1058,4.3439,544969
1995-09-20,31.8466,32.182,31.4808,31.8466,4.3088,856199
1995-09-21,31.3893,31.7856,31.1148,31.3893,4.2469,1385825
1995-09-22,30.2918,31.0539,30.2612,30.2918,4.0984,2254175
1995-09-25,30.566,30.566,29.9258,30.566,4.1356,1821854
1995-09-26,30.7184,30.8558,30.5814,30.7184,4.1562,929913
1995-09-27,29.7429,30.566,29.7429,29.7429,4.0242,1081954
1995-09-28,29.4226,29.8038,29.3465,29.4226,3.9809,1448330
1995-09-29,29.4226,29.4226,29.1179,29.4226,3.9809,1327891
1995-10-02,29.4226,29.6514,29.1482,29.4226,3.9809,469271
1995-10-03,29.1179,29.4226,28.9957,29.1179,3.9396,343295
1995-10-04,29.8038,29.88,28.9044,29.8038,4.0324,722165
1995-10-05,29.9105,29.9563,29.1634,29.9105,4.0469,715485
1995-10-06,30.0477,30.2612,29.1179,30.0477,4.0654,1304960
1995-10-09,29.5142,29.9563,29.4989,29.5142,3.9932,721060
1995-10-10,29.3923,29.8496,28.9654,29.3923,3.9767,881998
1995-10-11,29.3159,29.7733,28.8892,29.3159,3.9664,546390
1995-10-12,29.4684,29.5752,29.0721,29.4684,3.987,350064
1995-10-13,29.4226,29.88,29.1634,29.4226,3.9809,554437
1995-10-16,29.2398,29.4226,29.1789,29.2398,3.9561,414525
1995-10-17,28.9044,29.2701,28.8586,28.9044,3.9107,720767
1995-10-18,28.8282,29.1482,28.7368,28.8282,3.9004,606748
1995-10-19,28.4317,28.8738,28.4317,28.4317,3.8468,827648
1995-10-20,28.2488,28.508,27.9743,28.2488,3.822,939408
1995-10-23,27.9743,28.3403,27.9134,27.9743,3.7849,335781
1995-10-24,27.822,28.1878,27.822,27.822,3.7643,767473
1995-10-25,28.4775,28.8129,27.9134,28.4775,3.853,571467
1995-10-26,28.508,28.8738,28.2031,28.508,3.8571,463739
1995-10-27,28.1269,28.4929,27.7457,28.1269,3.8055,472514
1995-10-30,30.2612,30.2612,28.8738,30.2612,4.0943,1437765
1995-10-31,30.6881,30.7033,29.9563,30.6881,4.1521,1314758
1995-11-02,31.8162,31.8162,30.9472,31.8162,4.3047,2044492
1995-11-03,31.9381,31.9685,31.5112,31.9381,4.3212,1093758
1995-11-06,31.7856,31.8466,31.3588,31.7856,4.3006,571439
1995-11-07,32.6241,32.8224,31.1302,32.6241,4.414,2961867
1995-11-08,33.371,33.4474,32.3955,33.371,4.5151,1878249
1995-11-09,33.6913,33.9351,33.1882,33.6913,4.5584,1513015
1995-11-10,33.798,33.9963,33.2491,33.798,4.5728,1260778
1995-11-13,33.7064,33.9047,33.4322,33.7064,4.5605,428232
1995-11-14,33.6151,33.8131,33.5541,33.6151,4.5481,527994
1995-11-15,34.6365,35.2157,33.4626,34.6365,4.6863,1471794
1995-11-16,35.9781,36.2828,35.3682,35.9781,4.8678,2313800
1995-11-17,36.0084,36.2525,35.3834,36.0084,4.8719,797873
1995-11-20,35.6274,36.1306,35.5511,35.6274,4.8203,750517
1995-11-21,34.6975,35.6579,34.6365,34.6975,4.6945,885439
1995-11-22,34.7126,35.3072,34.3163,34.7126,4.6966,644223
1995-11-23,34.6365,35.0634,34.5298,34.6365,4.6863,628434
1995-11-24,35.6426,35.6426,34.8803,35.6426,4.8224,690271
1995-11-27,35.1547,35.7951,35.0328,35.1547,4.7564,435137
1995-11-28,34.3926,34.8958,34.3926,34.3926,4.6533,627630
1995-11-29,34.2859,34.6517,33.9199,34.2859,4.6388,575900
1995-11-30,33.6913,33.6913,33.2034,33.6913,4.5584,1007074
1995-12-01,32.6393,33.3864,32.6241,32.6393,4.4161,538776
1995-12-04,31.4044,31.9991,31.2521,31.4044,4.249,865308
1995-12-05,31.9839,32.2429,31.3435,31.9839,4.3274,1068608
1995-12-06,33.9047,33.9047,32.0753,33.9047,4.5873,1045376
1995-12-07,33.9351,34.2705,33.1272,33.9351,4.5914,1139062
1995-12-08,34.5907,34.6823,33.3406,34.5907,4.6801,497344
1995-12-11,34.0724,34.2096,33.6303,34.0724,4.61,400490
1995-12-12,33.9657,34.5145,33.8741,33.9657,4.5955,332679
1995-12-13,33.4168,33.7676,32.9137,33.4168,4.5213,626414
1995-12-14,35.2005,35.2157,33.3864,35.2005,4.7626,1227579
1995-12-15,34.6823,35.7037,34.3317,34.6823,4.6925,1139935
1995-12-18,33.8131,34.4536,33.5387,33.8131,4.5749,366599
1995-12-19,33.1882,33.9963,32.8834,33.1882,4.4903,896946
1995-12-20,33.2797,33.7676,33.2491,33.2797,4.5027,700127
1995-12-21,32.7766,33.2187,32.3497,32.7766,4.4346,993706
1995-12-22,33.798,33.798,33.2339,33.798,4.5728,381947
1995-12-26,33.6303,34.1028,33.1272,33.6303,4.5501,102196
1995-12-27,34.1486,34.2401,33.2949,34.1486,4.6203,358874
1995-12-28,33.9963,34.6059,33.7219,33.9963,4.5996,417467
1995-12-29,33.6761,34.1486,33.4168,33.6761,4.5563,484949
1996-01-02,34.3621,34.5298,33.5694,34.3621,4.6491,444735
1996-01-03,34.2249,34.667,34.0115,34.2249,4.6306,462229
1996-01-04,33.2645,34.6059,33.2645,33.2645,4.5006,665407
1996-01-05,33.3559,33.737,32.7766,33.3559,4.513,589812
1996-01-08,33.5236,33.6761,32.9291,33.5236,4.5357,236339
1996-01-09,32.3193,33.6913,32.0297,32.3193,4.3728,763635
1996-01-10,31.2521,32.4413,30.8404,31.2521,4.2284,1279827
1996-01-11,31.0235,31.6332,30.9472,31.0235,4.1974,561455
1996-01-12,30.7184,31.3132,30.6423,30.7184,4.1562,900613
1996-01-15,30.8558,31.0235,30.6727,30.8558,4.1747,562351
1996-01-16,32.426,32.4716,31.2674,32.426,4.3872,1401938
1996-01-17,32.8527,32.8527,31.9229,32.8527,4.4449,841291
1996-01-18,32.548,32.7766,32.121,32.548,4.4037,478837
1996-01-19,31.4656,32.4716,31.1302,31.4656,4.2573,886985
1996-01-22,30.6423,31.3893,30.3373,30.6423,4.1459,551785
1996-01-23,30.0631,30.566,29.8191,30.0631,4.0675,651760
1996-01-24,30.8404,31.0235,30.0325,30.8404,4.1727,2401553
1996-01-25,30.7033,31.4502,30.444,30.7033,4.1541,516828
1996-01-26,30.9167,31.0691,30.1851,30.9167,4.183,670636
1996-01-29,31.2216,31.4502,30.3373,31.2216,4.2242,344387
1996-01-30,32.1668,32.4106,31.0386,32.1668,4.3521,741128
1996-01-31,32.9137,32.9291,32.7002,32.9137,4.4532,1680869
1996-02-01,32.4564,33.0357,32.121,32.4564,4.3913,770797
1996-02-02,32.0143,32.2583,31.2977,32.0143,4.3315,599909
1996-02-05,31.4351,31.9991,31.3741,31.4351,4.2531,810095
1996-02-06,31.0997,31.5876,30.9014,31.0997,4.2077,1007970
1996-02-07,29.9867,31.1758,29.88,29.9867,4.0572,1157251
1996-02-08,28.7824,30.0325,28.569,28.7824,3.8942,1727086
1996-02-09,29.255,29.4226,28.8435,29.255,3.9582,988774
1996-02-12,29.6971,29.8342,29.3008,29.6971,4.018,621236
1996-02-13,29.7581,29.9563,29.4075,29.7581,4.0262,500356
1996-02-14,28.8435,29.3159,28.7519,28.8435,3.9025,711206
1996-02-15,29.0873,29.0873,28.691,29.0873,3.9355,418459
1996-02-16,28.691,29.1179,28.5842,28.691,3.8819,726907
1996-02-19,28.5994,28.7977,28.508,28.5994,3.8695,387540
1996-02-20,28.6452,28.7061,28.2794,28.6452,3.8757,577754
1996-02-21,28.2946,28.8892,28.264,28.2946,3.8282,457766
1996-02-22,28.9654,29.1179,28.2794,28.9654,3.919,420707
1996-02-23,29.1179,29.56,29.0415,29.1179,3.9396,457713
1996-02-26,29.057,29.4533,28.8282,29.057,3.9314,432080
1996-02-27,29.4226,29.4989,28.8282,29.4226,3.9809,702527
1996-02-28,30.1086,30.2612,29.5903,30.1086,4.0737,589720
1996-02-29,29.7277,30.1086,29.4684,29.7277,4.0221,806791
1996-03-01,30.5965,30.5965,30.0631,30.5965,4.1397,922875
1996-03-04,30.2918,30.6423,30.0325,30.2918,4.0984,837763
1996-03-05,29.6514,30.1696,29.3617,29.6514,4.0118,851608
1996-03-06,29.4989,29.6361,29.1179,29.4989,3.9912,590793
1996-03-07,28.8892,29.56,28.8435,28.8892,3.9087,817282
1996-03-08,28.3555,28.7061,28.2031,28.3555,3.8365,889985
1996-03-11,28.1269,28.1878,27.7457,28.1269,3.8055,1339883
1996-03-12,27.8831,28.4317,27.822,27.8831,3.7725,1031281
1996-03-13,28.5233,28.8892,28.0353,28.5233,3.8592,816090
1996-03-14,29.4836,29.7277,28.7061,29.4836,3.9891,1301926
1996-03-15,29.0415,29.4836,28.9654,29.0415,3.9293,702493
1996-03-18,29.4989,29.5752,28.9805,29.4989,3.9912,604967
1996-03-19,29.4379,30.1851,29.3769,29.4379,3.9829,630868
1996-03-20,29.6056,29.88,29.1331,29.6056,4.0056,444076
1996-03-21,29.4226,30.246,29.194,29.4226,3.9809,738423
1996-03-22,29.4989,29.6819,29.2246,29.4989,3.9912,2402317
1996-03-25,30.4137,30.7033,29.7277,30.4137,4.1149,1290720
1996-03-26,30.4898,30.7184,30.3527,30.4898,4.1252,801986
1996-03-27,30.2763,30.6881,30.1851,30.2763,4.0964,711513
1996-03-28,30.307,30.4746,29.9716,30.307,4.1005,735170
1996-03-29,30.0325,30.4898,29.8954,30.0325,4.0634,736232
1996-04-01,30.2154,30.4898,30.0325,30.2154,4.0881,466984
1996-04-02,30.3373,30.505,29.8954,30.3373,4.1046,1240347
1996-04-03,30.5507,30.566,30.1851,30.5507,4.1335,999404
1996-04-04,30.5814,30.5814,30.4898,30.5814,4.1376,880984
1996-04-09,31.2367,31.4351,30.1851,31.2367,4.2263,1165264
1996-04-10,31.7095,31.9229,31.2825,31.7095,4.2903,1024298
1996-04-11,31.0539,31.4808,30.9777,31.0539,4.2016,852150
1996-04-12,31.0844,31.2521,30.7337,31.0844,4.2057,472983
1996-04-15,30.9472,31.3588,30.6881,30.9472,4.1871,401076
1996-04-16,31.1758,31.2521,30.7184,31.1758,4.2181,779612
1996-04-17,30.8252,31.862,30.7795,30.8252,4.1706,1008490
1996-04-18,31.3435,31.6485,30.6423,31.3435,4.2408,1001685
1996-04-19,31.5418,31.6332,31.0997,31.5418,4.2676,802468
1996-04-22,31.6179,31.862,31.2521,31.6179,4.2779,783473
1996-04-23,30.9472,31.5418,30.7337,30.9472,4.1871,577041
1996-04-24,31.0997,31.3588,30.9625,31.0997,4.2077,384852
1996-04-25,31.0997,31.0997,30.7184,31.0997,4.2077,444266
1996-04-26,32.0448,32.2736,31.3283,32.0448,4.3356,1098166
1996-04-29,32.7308,32.7766,32.1668,32.7308,4.4284,782293
1996-04-30,32.8985,33.2339,32.3955,32.8985,4.4511,1011291
1996-05-02,32.1974,32.8834,32.1668,32.1974,4.3563,905518
1996-05-03,31.8162,32.0143,31.2825,31.8162,4.3047,925985
1996-05-06,31.5266,32.0143,31.1454,31.5266,4.2655,264403
1996-05-07,31.1912,31.9839,31.0997,31.1912,4.2201,527375
1996-05-09,31.3283,31.557,30.9472,31.3283,4.2387,540459
1996-05-10,31.5266,31.5418,30.8252,31.5266,4.2655,619568
1996-05-13,30.8862,31.3132,30.8404,30.8862,4.1789,429791
1996-05-14,30.7337,31.0844,30.4898,30.7337,4.1582,510449
1996-05-15,30.5356,30.7642,30.3373,30.5356,4.1314,376338
1996-05-17,30.6727,30.9319,30.2763,30.6727,4.15,249523
1996-05-20,30.1851,30.566,30.0783,30.1851,4.084,516785
1996-05-21,29.8649,30.3527,29.7733,29.8649,4.0407,742150
1996-05-22,29.2398,30.0935,28.9654,29.2398,3.9561,1509043
1996-05-23,28.9654,29.5752,28.8586,28.9654,3.919,950069
1996-05-24,28.9805,29.3008,28.9654,28.9805,3.921,780149
1996-05-28,29.621,29.88,29.0112,29.621,4.0077,468723
1996-05-29,29.6514,29.8038,29.3008,29.6514,4.0118,638038
1996-05-30,29.3465,29.5446,29.2398,29.3465,3.9705,1032508
1996-05-31,29.5446,29.6514,29.1331,29.5446,3.9974,1017073
1996-06-03,29.56,29.621,29.2856,29.56,3.9994,523102
1996-06-04,29.3159,29.5752,29.2398,29.3159,3.9664,873748
1996-06-05,29.2092,29.3159,29.1179,29.2092,3.952,647626
1996-06-06,29.1024,29.3617,28.9957,29.1024,3.9375,939807
1996-06-07,28.6757,29.2398,28.508,28.6757,3.8798,1045478
1996-06-10,28.7824,29.2092,28.5994,28.7824,3.8942,485777
1996-06-11,29.2092,29.3923,28.5994,29.2092,3.952,1176997
1996-06-12,28.3403,28.7215,28.2794,28.3403,3.9078,717028
1996-06-13,28.2946,28.4622,28.1117,28.2946,3.9015,801803
1996-06-14,28.2184,28.4317,28.0508,28.2184,3.891,627591
1996-06-17,28.2031,28.3403,28.0659,28.2031,3.8889,460010
1996-06-18,28.0508,28.1727,28.005,28.0508,3.8679,406544
1996-06-19,27.4561,28.005,27.3341,27.4561,3.7859,889850
1996-06-20,26.8614,27.4409,26.6786,26.8614,3.7039,1227713
1996-06-21,27.4409,28.2031,26.7395,27.4409,3.7838,1044288
1996-06-24,28.7061,28.7671,28.0508,28.7061,3.9583,1103676
1996-06-25,28.5994,28.8282,28.2184,28.5994,3.9436,1054511
1996-06-26,27.4257,28.3403,27.3494,27.4257,3.7817,879999
1996-06-27,27.2732,27.5629,26.9988,27.2732,3.7607,614360
1996-06-28,27.5476,27.5934,27.3036,27.5476,3.7985,1540279
1996-07-01,27.6238,27.6238,27.4409,27.6238,3.809,456612
1996-07-02,27.5171,27.7457,27.5171,27.5171,3.7943,588702
1996-07-03,27.4867,27.5934,27.4409,27.4867,3.7901,641413
1996-07-04,27.5934,27.6696,27.4713,27.5934,3.8048,533082
1996-07-05,27.4257,27.7153,27.2883,27.4257,3.7817,871604
1996-07-08,26.9227,27.2122,26.8311,26.9227,3.7123,1136498
1996-07-09,26.8311,27.0903,26.8311,26.8311,3.6997,381526
1996-07-10,27.6086,27.944,26.9988,27.6086,3.8069,1437891
1996-07-11,28.9348,29.3465,27.7763,28.9348,3.9898,3019589
1996-07-12,28.5842,28.8129,28.4775,28.5842,3.9415,1288032
1996-07-15,28.5994,28.8892,28.3555,28.5994,3.9436,373019
1996-07-16,27.5934,28.1878,27.4409,27.5934,3.8048,1112039
1996-07-17,27.3646,27.822,27.2883,27.3646,3.7733,662405
1996-07-18,27.2122,27.4409,27.1359,27.2122,3.7523,799548
1996-07-19,27.0903,27.4409,27.0597,27.0903,3.7355,1355845
1996-07-22,26.8311,27.1359,26.8311,26.8311,3.6997,459556
1996-07-23,26.8311,27.1359,26.8311,26.8311,3.6997,260015
1996-07-24,26.4957,26.892,26.2974,26.4957,3.6535,1303759
1996-07-25,27.1969,27.2122,26.6025,27.1969,3.7502,687605
1996-07-26,26.755,27.6238,26.755,26.755,3.6892,613998
1996-07-29,26.5109,27.0597,26.5109,26.5109,3.6556,295985
1996-07-30,26.6786,26.8769,26.328,26.6786,3.6787,687615
1996-07-31,27.3646,27.3646,26.6634,27.3646,3.7733,1478898
1996-08-01,27.1816,27.3646,26.9072,27.1816,3.7481,549084
1996-08-02,27.0597,27.2732,26.9072,27.0597,3.7313,451364
1996-08-05,27.2732,27.3494,27.0597,27.2732,3.7607,432780
1996-08-06,26.6786,27.2883,26.5567,26.6786,3.6787,442747
1996-08-07,26.9378,27.1359,26.6786,26.9378,3.7144,363026
1996-08-08,27.0597,27.2122,26.8614,27.0597,3.7313,441252
1996-08-09,26.8769,27.2427,26.8614,26.8769,3.706,422817
1996-08-12,26.4195,26.8159,26.4195,26.4195,3.643,278974
1996-08-13,26.3584,26.755,26.2518,26.3584,3.6346,221851
1996-08-14,26.2518,26.3584,26.0688,26.2518,3.6198,341065
1996-08-19,26.1451,26.3737,26.0688,26.1451,3.6051,260774
1996-08-20,26.8311,26.8311,26.2213,26.8311,3.6997,1051787
1996-08-21,26.4957,26.8005,26.3128,26.4957,3.6535,685224
1996-08-22,27.5629,27.7153,26.5262,27.5629,3.8006,1426121
1996-08-23,28.1269,28.1878,27.4409,28.1269,3.8784,954704
1996-08-26,28.1878,28.3555,27.822,28.1878,3.8868,323627
1996-08-27,28.0508,28.2336,27.7457,28.0508,3.8679,601048
1996-08-28,27.9743,28.2184,27.8373,27.9743,3.8574,405108
1996-08-29,27.5476,28.0508,27.4867,27.5476,3.7985,412861
1996-08-30,27.8067,27.9286,27.319,27.8067,3.8343,882045
1996-09-02,27.5934,27.9592,27.4867,27.5934,3.8048,263994
1996-09-03,27.5476,27.5476,27.1055,27.5476,3.7985,1095599
1996-09-04,27.6543,27.822,27.5171,27.6543,3.8132,967368
1996-09-05,27.8982,28.0811,27.4409,27.8982,3.8469,964750
1996-09-06,27.7611,27.8831,27.5018,27.7611,3.828,637727
1996-09-09,28.4164,28.4164,27.7457,28.4164,3.9184,483436
1996-09-10,29.2246,29.621,28.5384,29.2246,4.0298,1573047
1996-09-11,28.8892,29.2701,28.7519,28.8892,3.9835,1170919
1996-09-12,29.3465,30.0935,29.1179,29.3465,4.0466,3757682
1996-09-13,29.3312,29.5294,29.0721,29.3312,4.0445,2192762
1996-09-16,29.2856,29.5446,29.255,29.2856,4.0382,1269903
1996-09-17,28.9805,29.194,28.8282,28.9805,3.9961,1247517
1996-09-18,28.6605,28.9654,28.5384,28.6605,3.952,668535
1996-09-19,28.9501,29.1179,28.508,28.9501,3.9919,1216473
1996-09-20,28.7368,28.9654,28.5842,28.7368,3.9625,461830
1996-09-23,28.508,28.7368,28.3098,28.508,3.931,524399
1996-09-24,28.9805,29.1024,28.6757,28.9805,3.9961,677838
1996-09-25,29.3769,29.4226,28.8129,29.3769,4.0508,1253271
1996-09-26,29.3312,29.621,29.1634,29.3312,4.0445,1304612
1996-09-27,29.4075,29.5752,29.3008,29.4075,4.055,2334709
1996-09-30,29.8191,29.8496,29.3617,29.8191,4.1117,1991197
1996-10-01,29.9563,29.9716,29.8191,29.9563,4.1307,873870
1996-10-02,30.0631,30.0631,29.8649,30.0631,4.1454,3654368
1996-10-03,29.9716,30.124,29.9716,29.9716,4.1328,1236537
1996-10-04,30.0325,30.0325,29.7277,30.0325,4.1412,973226
1996-10-07,29.7277,30.0325,29.5294,29.7277,4.0991,596291
1996-10-08,29.9258,29.941,29.4226,29.9258,4.1265,1044930
1996-10-09,30.0325,30.4137,29.88,30.0325,4.1412,1112092
1996-10-10,29.7581,29.9563,29.5903,29.7581,4.1033,341825
1996-10-11,29.9258,30.0325,29.6514,29.9258,4.1265,633494
1996-10-14,29.9867,29.9867,29.7581,29.9867,4.1349,480290
1996-10-15,30.1851,30.1851,29.9105,30.1851,4.1622,1562334
1996-10-16,30.3373,30.3373,30.0325,30.3373,4.1832,816058
1996-10-17,30.2305,30.505,30.1086,30.2305,4.1685,818554
1996-10-18,30.3679,30.5356,30.1851,30.3679,4.1874,869552
1996-10-21,30.0631,30.3679,30.0631,30.0631,4.1454,329588
1996-10-22,30.0935,30.444,30.0783,30.0935,4.1496,349262
1996-10-23,29.6056,30.2612,29.6056,29.6056,4.0823,582317
1996-10-24,30.0325,30.0325,29.5903,30.0325,4.1412,498487
1996-10-25,30.1086,30.1393,29.8038,30.1086,4.1517,373556
1996-10-28,29.88,30.1851,29.8342,29.88,4.1202,907525
1996-10-29,29.56,29.8191,29.3465,29.56,4.076,553939
1996-10-30,29.2701,29.6514,28.5233,29.2701,4.0361,904387
1996-10-31,29.1634,29.3465,28.9805,29.1634,4.0214,1373743
1996-11-04,29.6971,29.7123,28.7519,29.6971,4.0949,592073
1996-11-05,30.1696,30.2612,29.3465,30.1696,4.1601,669981
1996-11-06,30.3527,30.4746,30.0935,30.3527,4.1853,647493
1996-11-07,30.3373,30.4746,30.0477,30.3373,4.1832,430802
1996-11-08,30.4746,30.7948,29.8038,30.4746,4.2021,985663
1996-11-12,33.051,33.051,31.3435,33.051,4.5574,7152636
1996-11-13,32.426,32.8527,32.0297,32.426,4.4712,3614250
1996-11-14,31.9839,32.3193,31.7399,31.9839,4.4102,1752277
1996-11-15,32.2278,32.3803,31.8314,32.2278,4.4439,1752648
1996-11-18,31.9991,32.1668,31.8314,31.9991,4.4123,450864
1996-11-19,31.6332,31.8466,31.2977,31.6332,4.3619,871367
1996-11-20,31.0691,31.4044,30.8404,31.0691,4.2841,1194329
1996-11-21,31.2521,31.6332,30.993,31.2521,4.3093,1011509
1996-11-22,31.0997,31.4656,30.9014,31.0997,4.2883,753760
1996-11-25,31.3283,31.5266,31.2825,31.3283,4.3199,558757
1996-11-26,31.2367,31.557,30.993,31.2367,4.3072,528373
1996-11-27,30.9167,31.2216,30.81,30.9167,4.2631,597300
1996-11-28,31.0997,31.4808,30.871,31.0997,4.2883,771430
1996-11-29,31.7095,31.8162,31.1148,31.7095,4.3724,1358283
1996-12-02,31.557,31.557,31.2674,31.557,4.3514,363645
1996-12-03,31.9381,31.9991,31.557,31.9381,4.4039,645925
1996-12-04,31.5266,32.0143,31.3893,31.5266,4.3472,1207551
1996-12-05,31.4044,31.8314,31.2825,31.4044,4.3304,406683
1996-12-06,31.0691,31.2521,30.566,31.0691,4.2841,2145315
1996-12-09,31.0235,31.5418,31.0235,31.0235,4.2778,599019
1996-12-10,31.0386,31.6332,30.9625,31.0386,4.2799,751838
1996-12-11,30.4898,30.9319,30.4595,30.4898,4.2042,1410936
1996-12-12,30.4595,30.9472,30.3373,30.4595,4.2,799392
1996-12-13,30.4289,30.6117,30.0325,30.4289,4.1958,1044909
1996-12-16,30.566,30.7948,30.3527,30.566,4.2147,931788
1996-12-17,30.566,30.9472,30.2612,30.566,4.2147,1036830
1996-12-18,30.6423,30.871,30.566,30.6423,4.2253,465335
1996-12-19,30.4898,30.6272,30.3982,30.4898,4.2042,1140033
1996-12-20,30.4289,30.7033,30.2612,30.4289,4.1958,1034462
1996-12-23,30.2305,30.4746,30.2305,30.2305,4.1685,947637
1996-12-24,30.4898,30.5356,30.2154,30.4898,4.2042,762186
1996-12-26,30.6117,30.7184,30.505,30.6117,4.2211,333089
1996-12-27,30.7184,30.9014,30.4898,30.7184,4.2358,501610
1996-12-30,30.566,30.7795,30.4898,30.566,4.2147,849571
1996-12-31,30.6117,30.7184,30.4595,30.6117,4.2211,1372015
1997-01-02,30.246,30.4746,30.0631,30.246,4.1706,724716
1997-01-03,30.7491,30.7795,30.2002,30.7491,4.24,417595
1997-01-06,30.5204,30.7184,30.3373,30.5204,4.2084,490182
1997-01-07,30.3831,30.7033,30.2918,30.3831,4.1895,861438
1997-01-08,30.3221,30.4898,30.2154,30.3221,4.1811,624214
1997-01-09,30.505,30.6423,30.2154,30.505,4.2063,893558
1997-01-10,30.2612,30.6272,30.1544,30.2612,4.1727,1169710
1997-01-13,30.3831,30.6423,30.3527,30.3831,4.1895,1195965
1997-01-14,30.5965,30.6423,30.0783,30.5965,4.219,1613922
1997-01-15,30.5507,30.7948,30.4898,30.5507,4.2126,1433164
1997-01-16,30.4595,30.6117,30.1544,30.4595,4.2,1413373
1997-01-17,29.88,30.4898,29.88,29.88,4.1202,1946228
1997-01-20,29.88,30.4595,29.7581,29.88,4.1202,1201808
1997-01-21,29.8496,30.0173,29.4989,29.8496,4.116,1312378
1997-01-22,32.6089,32.7002,30.7948,32.6089,4.4964,4021178
1997-01-23,34.5145,34.5756,32.4716,34.5145,4.7592,2683621
1997-01-24,34.4536,34.987,33.6151,34.4536,4.7508,4194498
1997-01-27,34.6365,34.8042,34.3317,34.6365,4.776,1707299
1997-01-28,33.8438,34.6059,33.8438,33.8438,4.6667,1817261
1997-01-29,34.1028,34.7584,33.7064,34.1028,4.7024,1598966
1997-01-30,33.6913,34.1486,33.6303,33.6913,4.6457,1165200
1997-01-31,33.7676,34.1486,33.1729,33.7676,4.6562,1483551
1997-02-03,33.1424,33.5387,32.868,33.1424,4.57,874994
1997-02-04,32.8834,33.2949,32.7157,32.8834,4.5343,904545
1997-02-05,33.6913,34.2705,32.8069,33.6913,4.6457,1387081
1997-02-06,34.0572,34.1028,33.4017,34.0572,4.6961,1011684
1997-02-07,34.301,34.4382,34.0876,34.301,4.7298,1633244
1997-02-10,34.3772,34.5756,33.6913,34.3772,4.7403,1252868
1997-02-11,34.987,35.0328,34.1791,34.987,4.8244,1497028
1997-02-12,36.2067,36.7402,35.2157,36.2067,4.9925,4038518
1997-02-13,36.0848,36.7402,35.8256,36.0848,4.9757,1363857
1997-02-14,36.1306,36.4353,35.8256,36.1306,4.982,994301
1997-02-17,37.3348,37.6396,35.3682,37.3348,5.1481,1969738
1997-02-18,36.725,37.5025,36.2983,36.725,5.064,1470926
1997-02-19,36.2828,37.3348,36.1306,36.2828,5.003,988183
1997-02-20,36.4202,36.5879,35.5969,36.4202,5.022,926542
1997-02-21,38.0971,38.1885,36.1306,38.0971,5.2532,1729785
1997-02-24,38.1427,38.7983,37.5787,38.1427,5.2595,1018935
1997-02-25,39.3319,39.4843,38.4171,39.3319,5.4235,1151986
1997-02-26,39.1643,39.7739,38.6457,39.1643,5.4003,1267530
1997-02-27,39.3319,39.7129,38.8745,39.3319,5.4235,1355770
1997-02-28,39.4082,39.4539,39.1794,39.4082,5.434,1158407
1997-03-03,39.3319,39.4691,39.1033,39.3319,5.4235,809543
1997-03-04,39.6368,39.6368,39.1033,39.6368,5.4655,1889846
1997-03-05,40.3228,40.7039,38.9508,40.3228,5.5601,2030705
1997-03-06,41.4967,41.9236,40.5514,41.4967,5.722,3189387
1997-03-07,40.9935,42.5334,39.591,40.9935,5.6526,2427881
1997-03-10,40.2466,40.9935,40.0942,40.2466,5.5496,892549
1997-03-11,39.3014,40.6277,39.1794,39.3014,5.4193,1517685
1997-03-12,37.0452,38.6764,37.0452,37.0452,5.1082,2598835
1997-03-13,38.4171,39.3319,36.4353,38.4171,5.2973,2786504
1997-03-14,38.9966,39.027,37.1976,38.9966,5.3772,990862
1997-03-17,37.1976,38.7222,37.0604,37.1976,5.1292,955513
1997-03-18,37.4264,37.655,36.7707,37.4264,5.1607,757497
1997-03-19,38.1124,38.402,36.969,38.1124,5.2553,854921
1997-03-20,36.4811,37.5787,36.1306,36.4811,5.0304,1173648
1997-03-21,36.9385,37.5025,36.4353,36.9385,5.0934,775851
1997-03-24,36.7555,37.289,36.5879,36.7555,5.0682,744175
1997-03-25,36.5879,36.9537,36.2983,36.5879,5.0451,877451
1997-03-26,37.4264,37.9599,36.3592,37.4264,5.1607,1310458
1997-03-27,38.1275,38.7831,36.969,38.1275,5.2574,1760063
1997-04-01,37.7008,37.9599,36.1306,37.7008,5.1985,1333250
1997-04-02,36.2677,37.8836,35.9781,36.2677,5.0009,787610
1997-04-03,35.673,36.4048,35.673,35.673,4.919,1216799
1997-04-04,36.4353,36.8927,35.8256,36.4353,5.0241,713254
1997-04-07,37.1367,37.4873,36.8927,37.1367,5.1208,1001081
1997-04-08,36.1458,37.0146,36.0542,36.1458,4.9841,569560
1997-04-09,36.7402,37.1823,36.5269,36.7402,5.0661,744556
1997-04-10,36.5879,36.725,36.4353,36.5879,5.0451,482916
1997-04-11,36.1306,36.7402,35.9017,36.1306,4.982,681303
1997-04-14,35.3682,36.0542,35.2157,35.3682,4.8769,860067
1997-04-15,36.4048,36.7402,35.5207,36.4048,5.0199,511430
1997-04-16,36.6792,36.9385,36.237,36.6792,5.0577,718809
1997-04-17,35.4902,37.0452,35.3682,35.4902,4.8937,729700
1997-04-18,34.0724,35.2157,34.0724,34.0724,4.6982,1906247
1997-04-21,34.0724,34.1486,33.3864,34.0724,4.6982,1224831
1997-04-22,34.301,34.5907,33.5541,34.301,4.7298,2088646
1997-04-23,34.9261,35.3682,34.5449,34.9261,4.816,951528
1997-04-24,35.7342,36.2828,35.3682,35.7342,4.9274,1329914
1997-04-25,36.1,36.3592,35.7188,36.1,4.9778,1360152
1997-04-28,36.1609,36.4202,35.4598,36.1609,4.9862,846812
1997-04-29,36.3744,36.5572,35.6121,36.3744,5.0157,1279129
1997-04-30,37.9599,37.9599,36.466,37.9599,5.2343,1924447
1997-05-02,37.9599,38.2648,37.1213,37.9599,5.2343,777786
1997-05-05,37.4415,37.9141,36.8927,37.4415,5.1628,289871
1997-05-06,37.655,37.8073,35.9781,37.655,5.1922,1269926
1997-05-07,36.8927,37.8989,36.3286,36.8927,5.0871,1275957
1997-05-09,37.2739,37.5025,36.4353,37.2739,5.1397,861867
1997-05-12,37.4873,37.6092,36.8927,37.4873,5.1691,819977
1997-05-13,37.9904,38.0971,37.1976,37.9904,5.2385,1058193
1997-05-14,39.957,40.4753,38.1124,39.957,5.5097,2777563
1997-05-15,39.3472,39.9416,38.2952,39.3472,5.4256,1016239
1997-05-16,38.7831,39.9264,38.7831,38.7831,5.3478,1352715
1997-05-20,39.271,39.5149,38.3715,39.271,5.4151,1105035
1997-05-21,40.2161,40.6888,39.4843,40.2161,5.5454,2340480
1997-05-22,39.7129,40.0789,39.1489,39.7129,5.476,1443762
1997-05-23,40.0942,40.0942,39.1794,40.0942,5.5286,3750633
1997-05-26,37.655,38.1885,37.2281,37.655,5.1922,1840440
1997-05-27,38.2494,38.5545,37.0146,38.2494,5.2742,1497026
1997-05-28,35.5207,38.5545,35.4749,35.5207,4.8979,2148845
1997-05-29,35.6426,36.2828,35.2157,35.6426,4.9148,1550611
1997-05-30,36.1151,36.4505,34.3317,36.1151,4.9799,4808884
1997-06-02,34.8958,35.2157,33.4168,34.8958,4.8118,3896691
1997-06-03,35.17,36.5115,34.987,35.17,4.8496,2649067
1997-06-04,34.6059,35.8256,34.4382,34.6059,4.7718,1652545
1997-06-05,34.667,36.0084,34.6059,34.667,4.7802,2689842
1997-06-06,34.7584,35.0634,34.3317,34.7584,4.7928,1954759
1997-06-09,34.301,35.0024,33.7522,34.301,4.7298,1944041
1997-06-10,34.5298,34.7584,34.1182,34.5298,4.7613,5015983
1997-06-11,34.0724,34.4535,33.7218,34.0724,4.9381,1141563
1997-06-12,35.0328,35.0328,34.4535,35.0328,5.0773,1538421
1997-06-13,36.4201,36.5116,35.2157,36.4201,5.2783,2403673
1997-06-16,36.2829,36.8012,36.0085,36.2829,5.2584,1653169
1997-06-17,35.8256,36.8927,35.6883,35.8256,5.1921,1365947
1997-06-18,34.9109,35.7188,34.85,34.9109,5.0596,1133149
1997-06-19,34.3925,35.109,34.301,34.3925,4.9845,1592492
1997-06-20,33.8438,34.423,33.5388,33.8438,4.9049,2556983
1997-06-23,34.5602,34.8804,33.5388,34.5602,5.0088,1448381
1997-06-24,35.8713,35.9781,34.8194,35.8713,5.1988,2806903
1997-06-25,37.2281,37.5634,36.5878,37.2281,5.3954,2106730
1997-06-26,37.8836,38.1124,37.4263,37.8836,5.4904,1600236
1997-06-27,38.1124,38.1124,36.9689,38.1124,5.5236,1365044
1997-06-30,36.9231,37.9599,36.8927,36.9231,5.3512,999054
1997-07-01,37.1671,37.7007,36.8165,37.1671,5.3866,1345329
1997-07-02,37.7616,37.9293,37.0756,37.7616,5.4727,1570874
1997-07-03,37.5025,37.9599,37.3501,37.5025,5.4352,1163014
1997-07-04,37.9599,37.9599,37.1975,37.9599,5.5015,562381
1997-07-07,38.4325,38.6915,37.6549,38.4325,5.57,906115
1997-07-08,38.6154,38.7069,38.0513,38.6154,5.5965,978718
1997-07-09,39.1794,39.4844,38.7221,39.1794,5.6782,1176103
1997-07-10,38.8897,39.4082,38.8746,38.8897,5.6362,872260
1997-07-11,38.3105,38.8746,38.0513,38.3105,5.5523,729780
1997-07-15,39.1032,39.1794,38.0361,39.1032,5.6672,781733
1997-07-16,39.3776,39.6368,39.2251,39.3776,5.7069,1241804
1997-07-17,39.0423,39.8197,38.7221,39.0423,5.6583,1338648
1997-07-18,37.8074,38.7221,37.5025,37.8074,5.4794,2202050
1997-07-21,37.594,38.2647,37.0604,37.594,5.4484,1422927
1997-07-22,38.0513,38.5391,37.5788,38.0513,5.5147,2097330
1997-07-23,41.9083,42.9907,38.905,41.9083,6.0737,6496843
1997-07-24,40.4905,41.7406,40.0942,40.4905,5.8682,2277728
1997-07-25,42.3809,42.4571,40.7039,42.3809,6.1422,2042751
1997-07-28,42.701,43.7377,42.1065,42.701,6.1886,1897128
1997-07-29,44.256,44.5152,42.5791,44.256,6.414,1761501
1997-07-30,45.3383,45.8873,44.6371,45.3383,6.5708,2695118
1997-07-31,44.9725,45.7347,44.8201,44.9725,6.5178,2472839
1997-08-01,43.448,45.2621,42.8687,43.448,6.2969,1563330
1997-08-04,42.7619,43.4176,42.3809,42.7619,6.1974,882034
1997-08-05,41.9235,43.2955,41.7711,41.9235,6.0759,864946
1997-08-06,44.2102,44.3627,41.1003,44.2102,6.4073,1322130
1997-08-07,44.6676,45.2774,44.2102,44.6676,6.4736,1129876
1997-08-08,43.3871,44.4999,42.7619,43.3871,6.288,1028927
1997-08-11,43.2194,43.4328,42.2437,43.2194,6.2637,1083628
1997-08-12,43.2194,43.6767,42.5942,43.2194,6.2637,607366
1997-08-13,42.6095,42.945,41.5729,42.6095,6.1753,1209625
1997-08-14,41.9997,42.5333,41.7101,41.9997,6.087,374521
1997-08-18,41.1612,41.9997,40.1246,41.1612,5.9654,977339
1997-08-19,42.9601,42.9907,41.7711,42.9601,6.2262,950682
1997-08-20,44.4694,44.8201,43.448,44.4694,6.4449,3132892
1997-08-21,43.9816,44.7743,43.8291,43.9816,6.3742,1023821
1997-08-22,43.2041,44.5609,43.0059,43.2041,6.2615,1617118
1997-08-25,42.8382,43.448,42.1828,42.8382,6.2085,442051
1997-08-26,42.6858,43.0669,41.3443,42.6858,6.1864,776872
1997-08-27,42.1216,42.5333,41.6187,42.1216,6.1046,713129
1997-08-28,40.1704,42.2284,40.1246,40.1704,5.8218,1083508
1997-08-29,39.4844,40.5515,39.4844,39.4844,5.7224,1472651
1997-09-01,40.0942,40.3228,39.4995,40.0942,5.8108,522483
1997-09-02,42.2284,42.2284,40.3228,42.2284,6.1201,769245
1997-09-03,42.6553,43.1431,41.9388,42.6553,6.182,680378
1997-09-04,43.0974,43.9054,42.0607,43.0974,6.246,725169
1997-09-05,43.4937,44.1189,42.2741,43.4937,6.3035,960359
1997-09-08,44.5152,44.8811,42.9145,44.5152,6.4515,796197
1997-09-09,43.9054,44.6371,43.7834,43.9054,6.3631,478044
1997-09-10,42.5486,43.9054,42.4571,42.5486,6.1665,647322
1997-09-11,43.9512,44.6676,43.2346,43.9512,6.3698,2959309
1997-09-12,42.7162,44.4848,42.396,42.7162,6.1908,2243240
1997-09-15,43.3718,43.8596,42.9601,43.3718,6.2858,761135
1997-09-16,44.256,44.5152,42.9145,44.256,6.414,1797315
1997-09-17,44.0426,44.6219,43.9054,44.0426,6.383,1393004
1997-09-18,44.256,44.5152,43.8291,44.256,6.414,868475
1997-09-19,44.2102,44.6676,43.9358,44.2102,6.4073,1327960
1997-09-22,45.0639,45.2012,43.9968,45.0639,6.5311,1891722
1997-09-23,44.8201,45.1707,44.4542,44.8201,6.4957,1727619
1997-09-24,45.5214,45.6584,44.5303,45.5214,6.5973,1796277
1997-09-25,44.8201,46.0397,44.7896,44.8201,6.4957,2314133
1997-09-26,45.5671,45.7347,44.2713,45.5671,6.604,1048295
1997-09-29,45.5365,45.6433,44.8201,45.5365,6.5995,854824
1997-09-30,45.5671,45.6584,45.2774,45.5671,6.604,1239029
1997-10-01,46.497,46.497,45.0793,46.497,6.7387,1681667
1997-10-02,47.2593,48.4026,46.055,47.2593,6.8492,1881400
1997-10-03,47.5794,48.4026,46.9696,47.5794,6.8956,1188534
1997-10-06,47.305,47.7776,46.2074,47.305,6.8558,703286
1997-10-07,47.488,47.7776,47.0305,47.488,6.8824,878013
1997-10-08,47.6557,48.738,47.1067,47.6557,6.9067,1851113
1997-10-09,46.7256,48.7075,46.2226,46.7256,6.7719,2373280
1997-10-10,46.5885,46.9544,45.9177,46.5885,6.752,1226882
1997-10-13,48.0977,49.546,46.9848,48.0977,6.9707,3281220
1997-10-14,48.1587,48.6313,47.7928,48.1587,6.9796,2136707
1997-10-15,47.4117,47.9453,47.0154,47.4117,6.8713,1146935
1997-10-16,47.4117,47.8691,46.8781,47.4117,6.8713,1203585
1997-10-17,46.9848,47.5641,46.6799,46.9848,6.8094,780314
1997-10-20,46.5427,46.8019,46.2987,46.5427,6.7454,1271879
1997-10-21,48.2959,48.4788,46.6495,48.2959,6.9995,1575038
1997-10-22,48.7989,49.546,48.4788,48.7989,7.0724,1479087
1997-10-23,45.9939,47.7166,45.2164,45.9939,6.6658,2393695
1997-10-24,45.1097,46.6342,44.7438,45.1097,6.5377,1540514
1997-10-27,42.5942,43.5853,41.9997,42.5942,6.1731,2163645
1997-10-28,38.1733,39.9264,35.9781,38.1733,5.5324,5874366
1997-10-29,41.6187,41.9083,39.7587,41.6187,6.0317,3268824
1997-10-30,39.7587,40.9935,39.3472,39.7587,5.7622,2580377
1997-10-31,38.8746,40.399,38.2647,38.8746,5.634,1724238
1997-11-03,40.0942,40.9784,39.21,40.0942,5.8108,1451175
1997-11-04,39.5606,40.6734,39.2556,39.5606,5.7335,1826173
1997-11-05,40.3838,41.451,39.7892,40.3838,5.8528,1557642
1997-11-06,39.9417,40.2466,39.3318,39.9417,5.7887,794179
1997-11-07,38.1885,38.8746,37.9751,38.1885,5.5346,2543230
1997-11-12,37.9599,38.5696,37.3653,37.9599,5.5015,2358913
1997-11-13,37.9599,38.0208,37.5025,37.9599,5.5015,833671
1997-11-14,37.8836,38.8441,37.8836,37.8836,5.4904,975164
1997-11-17,39.7587,39.9112,39.1794,39.7587,5.7622,1339056
1997-11-18,39.6521,40.399,39.4844,39.6521,5.7467,905192
1997-11-19,41.1612,41.2375,39.1032,41.1612,5.9654,1595253
1997-11-20,42.8382,43.2955,41.6948,42.8382,6.2085,3408012
1997-11-21,42.8077,43.9054,42.3656,42.8077,6.2041,1973190
1997-11-24,41.2985,42.0607,40.6276,41.2985,5.9853,1166673
1997-11-25,40.4144,42.6858,40.4144,40.4144,5.8572,1033286
1997-11-26,42.5486,42.8077,41.6338,42.5486,6.1665,1416136
1997-11-27,43.6004,44.0426,42.5333,43.6004,6.3189,2429627
1997-11-28,43.9054,44.5152,43.6004,43.9054,6.3631,1276292
1997-12-01,44.3627,44.5152,43.2955,44.3627,6.4294,1126418
1997-12-02,44.3322,44.5609,43.448,44.3322,6.425,1027358
1997-12-03,44.6371,44.942,43.9968,44.6371,6.4692,932622
1997-12-04,45.7347,46.0397,45.0182,45.7347,6.6283,1762361
1997-12-05,46.0092,46.6342,45.5061,46.0092,6.668,1651113
1997-12-08,47.8081,48.3264,47.1067,47.8081,6.9288,3094209
1997-12-09,49.2106,50.1101,47.7928,49.2106,7.132,3022062
1997-12-10,53.3572,53.8146,48.3417,53.3572,7.733,3724842
1997-12-11,49.5155,51.04,48.1893,49.5155,7.1762,3599421
1997-12-12,51.2229,51.2229,49.0124,51.2229,7.4237,1603425
1997-12-15,50.3082,51.04,49.6984,50.3082,7.2911,1119783
1997-12-16,50.2168,50.5979,49.6984,50.2168,7.2778,1181308
1997-12-17,49.2716,50.0034,48.4026,49.2716,7.1409,1114846
1997-12-18,48.7838,49.2259,48.555,48.7838,7.0702,1191942
1997-12-19,46.9696,47.8385,46.6495,46.9696,6.8072,2071195
1997-12-22,48.0216,48.2959,46.192,48.0216,6.9597,1099709
1997-12-23,46.9848,48.2959,46.9544,46.9848,6.8094,1247051
1997-12-24,46.8019,46.9239,46.3599,46.8019,6.7829,299948
1997-12-26,46.7104,47.0305,46.5732,46.7104,6.7697,153555
1997-12-29,48.4788,48.6313,47.1831,48.4788,7.026,856354
1997-12-30,48.4788,48.86,48.2348,48.4788,7.026,1089697
1997-12-31,48.7684,49.3783,48.4788,48.7684,7.0679,898199
1998-01-02,49.546,49.6832,48.4788,49.546,7.1806,500158
1998-01-05,48.6313,50.3082,48.2044,48.6313,7.0481,1114117
1998-01-06,50.1558,50.2472,48.2654,50.1558,7.269,1096927
1998-01-07,46.6646,50.2624,46.6495,46.6646,6.763,1835508
1998-01-08,43.8444,48.1435,43.8444,43.8444,6.3543,3527079
1998-01-09,44.2102,44.8201,43.3109,44.2102,6.4073,2405253
1998-01-12,42.5333,43.2955,41.6492,42.5333,6.1643,2058803
1998-01-13,43.448,44.3322,43.2346,43.448,6.2969,1106505
1998-01-14,42.5181,45.2774,42.076,42.5181,6.1621,2128718
1998-01-15,43.753,43.753,42.2284,43.753,6.341,1475637
1998-01-16,44.7896,44.7896,43.7681,44.7896,6.4913,1669967
1998-01-19,44.4237,45.5671,44.134,44.4237,6.4383,683765
1998-01-20,44.9878,45.2012,44.4848,44.9878,6.52,791075
1998-01-21,45.8415,46.0244,44.2865,45.8415,6.6437,1361170
1998-01-22,44.8201,45.7042,44.5152,44.8201,6.4957,3423221
1998-01-23,45.9634,46.0397,44.6829,45.9634,6.6614,1478856
1998-01-26,45.7196,46.4208,45.3994,45.7196,6.6261,706508
1998-01-27,45.6584,45.8873,45.2927,45.6584,6.6172,877074
1998-01-28,46.497,46.5732,45.1402,46.497,6.7387,1816361
1998-01-29,47.0458,47.1982,46.2074,47.0458,6.8183,1787615
1998-01-30,48.2654,48.3264,46.497,48.2654,6.995,1685755
1998-02-02,49.3936,50.7656,49.0886,49.3936,7.1585,2900432
1998-02-03,48.7838,49.6984,48.4788,48.7838,7.0702,1471309
1998-02-04,49.241,49.363,47.6099,49.241,7.1364,1875183
1998-02-05,49.7746,50.0796,49.3783,49.7746,7.2138,1575758
1998-02-06,50.7808,51.5279,49.6832,50.7808,7.3596,2155915
1998-02-09,51.5279,52.4425,50.9332,51.5279,7.4678,1553630
1998-02-10,51.0704,52.2901,50.9943,51.0704,7.4016,1386545
1998-02-11,49.8509,51.6498,49.0277,49.8509,7.2248,1514623
1998-02-12,48.4331,49.546,48.4026,48.4331,7.0193,1041373
1998-02-13,49.2716,49.8051,48.3264,49.2716,7.1409,1135373
1998-02-16,49.8509,49.8814,48.9362,49.8509,7.2248,984049
1998-02-17,52.351,52.595,50.0034,52.351,7.5872,2356098
1998-02-18,54.1194,54.4244,51.2534,54.1194,7.8435,2456213
1998-02-19,52.656,54.394,52.412,52.656,7.6313,1533232
1998-02-20,54.1194,54.1194,52.3968,54.1194,7.8435,786593
1998-02-23,55.583,56.1013,54.1194,55.583,8.0556,1573038
1998-02-24,54.653,55.5525,54.1347,54.653,7.9208,905038
1998-02-25,55.9489,55.9489,54.2719,55.9489,8.1086,1873538
1998-02-26,56.4214,56.7111,55.1866,56.4214,8.1771,1927253
1998-02-27,56.1013,57.5495,55.339,56.1013,8.1307,1674850
1998-03-02,56.7264,57.1074,55.339,56.7264,8.2213,915378
1998-03-03,56.0098,56.6196,55.8422,56.0098,8.1174,1304871
1998-03-04,55.3696,56.1013,55.3696,55.3696,8.0246,1441956
1998-03-05,60.9035,60.9035,55.6897,60.9035,8.8266,5084747
1998-03-06,62.9615,64.2574,61.8944,62.9615,9.1249,4843420
1998-03-09,62.489,62.9615,61.5285,62.489,9.0564,1811247
1998-03-10,62.6566,63.5408,62.5346,62.6566,9.0807,1849673
1998-03-11,62.8092,62.8092,61.1321,62.8092,9.1028,1705094
1998-03-12,63.7238,65.2482,62.6566,63.7238,9.2354,3463805
1998-03-13,66.9251,67.6722,63.9982,66.9251,9.6994,3643653
1998-03-16,70.9651,71.0413,67.0471,70.9651,10.2849,2988931
1998-03-17,70.3401,71.3463,68.8155,70.3401,10.1943,1579340
1998-03-18,69.6693,70.4315,67.8551,69.6693,10.0971,1545173
1998-03-19,69.2729,69.6388,68.4345,69.2729,10.0396,1434445
1998-03-20,68.4345,69.212,67.3978,68.4345,9.9181,1312178
1998-03-23,66.7575,67.7332,65.7057,66.7575,9.6751,1963601
1998-03-24,68.5107,68.8308,65.5531,68.5107,9.9291,2476542
1998-03-25,71.1937,71.4072,69.5473,71.1937,10.318,1940050
1998-03-26,73.1604,73.8311,70.9651,73.1604,10.603,2135504
1998-03-27,75.6149,76.5295,72.2609,75.6149,10.9587,2943430
1998-03-30,74.4561,75.6453,73.7853,74.4561,10.7908,1569239
1998-03-31,73.4043,75.4623,73.328,73.4043,10.6384,1241346
1998-04-01,75.63,76.8343,74.0902,75.63,10.9609,1314115
1998-04-02,78.2064,81.1029,75.3099,78.2064,11.3343,2587684
1998-04-03,79.5785,80.798,78.8162,79.5785,11.5332,2263549
1998-04-06,83.2372,83.847,78.6638,83.2372,12.0635,1946257
1998-04-07,84.152,88.1156,83.2372,84.152,12.196,2544339
1998-04-08,81.8651,83.5422,75.7673,81.8651,11.8646,1658043
1998-04-09,81.8651,82.475,80.1883,81.8651,11.8646,816493
1998-04-14,82.0177,85.3715,80.798,82.0177,11.8867,2287788
1998-04-15,80.1883,81.7128,79.8834,80.1883,11.6216,1587673
1998-04-16,77.9015,80.1883,75.9959,77.9015,11.2902,1996312
1998-04-17,75.1574,77.2917,74.2428,75.1574,10.8925,2239535
1998-04-20,78.3589,78.5114,76.2245,78.3589,11.3564,1964972
1998-04-21,78.8162,79.5785,77.4442,78.8162,11.4227,963956
1998-04-22,78.8162,80.4932,78.054,78.8162,11.4227,2476538
1998-04-23,78.054,78.5114,76.5295,78.054,11.3122,1354619
1998-04-24,75.7825,77.5966,75.0508,75.7825,10.983,1086071
1998-04-27,72.703,75.6149,72.5658,72.703,10.5367,1376186
1998-04-28,73.0231,73.4348,72.3371,73.0231,10.5831,1741388
1998-04-29,72.7945,75.1574,72.2609,72.7945,10.55,1224610
1998-04-30,77.2917,77.2917,72.0017,77.2917,11.2018,2511819
1998-05-04,79.1212,79.8834,78.054,79.1212,11.4669,1326609
1998-05-05,80.0358,82.3226,77.7492,80.0358,11.5995,1806176
1998-05-06,80.0358,80.798,78.054,80.0358,11.5995,1369676
1998-05-07,79.7308,82.1701,78.8162,79.7308,11.5553,2657501
1998-05-11,83.5422,83.5422,80.9505,83.5422,12.1076,2453960
1998-05-12,83.2372,84.152,81.7128,83.2372,12.0635,1639158
1998-05-13,80.798,84.7618,79.7308,80.798,11.7099,2241688
1998-05-14,78.9686,81.1029,77.5966,78.9686,11.4448,1905309
1998-05-15,78.6638,79.2736,77.7492,78.6638,11.4006,533508
1998-05-18,76.1484,77.5966,75.63,76.1484,11.0361,1201549
1998-05-19,77.4442,77.5966,76.2245,77.4442,11.2239,3817373
1998-05-20,78.9686,79.1212,77.7492,78.9686,11.4448,1285682
1998-05-22,79.2736,79.8834,78.2064,79.2736,11.489,910023
1998-05-25,80.3407,80.3407,78.9686,80.3407,11.6437,997575
1998-05-26,79.8834,80.6457,79.426,79.8834,11.7332,1105616
1998-05-27,76.8343,77.7492,75.935,76.8343,11.2854,1480730
1998-05-28,76.0721,77.9015,75.5538,76.0721,11.1734,1886050
1998-05-29,77.9015,78.5114,75.9044,77.9015,11.4421,2920146
1998-06-03,78.9686,79.1212,77.5966,78.9686,11.5989,971126
1998-06-04,76.3771,78.3589,76.3771,76.3771,11.2182,908974
1998-06-05,77.9015,77.9015,75.5538,77.9015,11.4421,984142
1998-06-08,78.2064,79.5785,76.682,78.2064,11.4869,1706016
1998-06-09,76.5295,78.6638,75.935,76.5295,11.2406,1469408
1998-06-10,76.9869,76.9869,75.005,76.9869,11.3078,1449825
1998-06-11,76.0721,77.4442,75.7977,76.0721,11.1734,3021045
1998-06-12,73.6634,76.682,73.6634,73.6634,10.8196,2150551
1998-06-15,70.9651,73.1756,70.3096,70.9651,10.4233,2173613
1998-06-16,71.1633,71.5596,69.3796,71.1633,10.4524,1573278
1998-06-17,73.4043,73.8616,71.8036,73.4043,10.7816,1728909
1998-06-18,74.0141,75.0813,73.9378,74.0141,10.8711,1637479
1998-06-19,74.1666,75.3099,73.572,74.1666,10.8935,730186
1998-06-22,73.0536,74.2275,72.2914,73.0536,10.7301,1168307
1998-06-23,72.7184,73.9378,71.5596,72.7184,10.6808,6050495
1998-06-24,73.0994,75.005,72.7639,73.0994,10.7368,2026223
1998-06-25,75.4623,76.682,74.5477,75.4623,11.0839,1710435
1998-06-26,75.5995,75.7673,74.7001,75.5995,11.104,1017469
1998-06-29,76.9869,77.4442,75.2337,76.9869,11.3078,2215204
1998-06-30,75.3099,77.1393,75.3099,75.3099,11.0615,1609316
1998-07-01,78.2064,78.5114,75.4623,78.2064,11.4869,3247641
1998-07-02,78.5114,80.0358,77.5966,78.5114,11.5317,2583656
1998-07-03,80.1883,80.4932,77.9015,80.1883,11.778,1453811
1998-07-06,80.0358,80.6457,78.6638,80.0358,11.7556,1246746
1998-07-07,80.6457,82.0177,80.0358,80.6457,11.8452,2232007
1998-07-08,82.3226,82.3226,80.798,82.3226,12.0915,801361
1998-07-09,80.0358,82.475,80.0358,80.0358,11.7556,1193651
1998-07-10,78.6638,80.6457,77.4442,78.6638,11.5541,653969
1998-07-15,81.4079,82.3226,80.0358,81.4079,11.9571,1424808
1998-07-16,82.0177,82.6275,80.9505,82.0177,12.0467,1294774
1998-07-17,83.0848,83.0848,82.0177,83.0848,12.2035,850520
1998-07-20,87.3534,87.5058,83.0848,87.3534,12.8304,2618695
1998-07-21,85.0666,87.0485,84.9142,85.0666,12.4945,1161593
1998-07-22,80.9505,83.847,80.1883,80.9505,11.89,1247006
1998-07-23,80.0358,82.6275,80.0358,80.0358,11.7556,685032
1998-07-24,79.2736,82.9323,78.9686,79.2736,11.6437,2876880
1998-07-27,77.1393,81.5603,77.1393,77.1393,11.3302,1003184
1998-07-28,78.2064,80.1883,78.054,78.2064,11.4869,743978
1998-07-29,78.9686,80.4932,77.7492,78.9686,11.5989,1331807
1998-07-30,83.0848,83.3898,78.9686,83.0848,12.2035,1019618
1998-07-31,84.3044,84.6093,80.3407,84.3044,12.3826,1169006
1998-08-03,80.6457,82.6275,80.1883,80.6457,11.8452,912769
1998-08-04,79.426,81.1029,78.9686,79.426,11.6661,1601441
1998-08-05,78.8162,79.7308,77.5966,78.8162,11.5765,1968399
1998-08-06,76.2245,78.9686,76.0569,76.2245,11.1958,1915343
1998-08-07,76.0721,76.8343,74.1208,76.0721,11.1734,1427240
1998-08-10,72.4591,75.4623,72.4591,72.4591,10.6428,1135261
1998-08-11,69.3644,72.3982,66.3154,69.3644,10.1882,3328009
1998-08-12,71.3005,71.3005,69.1509,71.3005,10.4726,2911499
1998-08-13,69.6693,71.1786,68.2972,69.6693,10.233,1282422
1998-08-14,71.0413,72.6116,70.2791,71.0413,10.4345,836877
1998-08-17,68.6022,70.5687,68.4649,68.6022,10.0762,943593
1998-08-18,73.0994,73.4195,69.3644,73.0994,10.7368,1007844
1998-08-19,73.7853,74.944,72.4438,73.7853,10.8376,1199179
1998-08-20,70.8888,75.005,70.8888,70.8888,10.4121,1431853
1998-08-21,66.9557,70.8127,66.7728,66.9557,9.8344,1433960
1998-08-24,67.0777,68.5717,66.4069,67.0777,9.8523,955526
1998-08-25,66.9251,68.6784,66.6965,66.9251,9.8299,1378221
1998-08-26,65.0805,66.5746,63.1139,65.0805,9.559,2363607
1998-08-27,61.5895,63.6475,60.9796,61.5895,9.0462,2383446
1998-08-28,60.3699,62.1077,58.2356,60.3699,8.8671,3168790
1998-08-31,59.5314,61.2845,58.3271,59.5314,8.7439,1996270
1998-09-01,57.6258,58.8454,55.8116,57.6258,8.464,2970800
1998-09-02,57.1685,60.2174,56.5738,57.1685,8.3969,2152278
1998-09-03,53.6622,56.2537,53.3724,53.6622,7.8819,1821435
1998-09-04,54.394,55.1713,51.6956,54.394,7.9893,2616523
1998-09-07,56.0251,57.077,55.0342,56.0251,8.2289,1275728
1998-09-08,59.9124,59.9124,56.4062,59.9124,8.7999,2523242
1998-09-09,56.4062,59.8973,56.1013,56.4062,8.2849,2060690
1998-09-10,51.4973,55.2629,51.4973,51.4973,7.5639,3990179
1998-09-11,49.546,51.6803,47.7166,49.546,7.2773,4911269
1998-09-14,52.595,53.0523,51.0704,52.595,7.7251,1617740
1998-09-15,53.8146,54.2414,52.595,53.8146,7.9043,1608488
1998-09-16,56.5587,57.0008,54.653,56.5587,8.3073,2351126
1998-09-17,53.8146,55.7965,52.595,53.8146,7.9043,1504603
1998-09-18,52.4425,53.3572,51.6956,52.4425,7.7027,1173864
1998-09-21,50.3082,50.9181,48.2197,50.3082,7.3892,1745210
1998-09-22,51.2229,52.3206,49.546,51.2229,7.5236,1516675
1998-09-23,54.714,54.714,51.2229,54.714,8.0364,1847824
1998-09-24,52.8237,59.3028,51.8327,52.8237,7.7587,3136882
1998-09-25,48.8142,50.3082,46.8019,48.8142,7.1698,2778894
1998-09-28,49.0886,50.3082,47.8234,49.0886,7.2101,1689296
1998-09-29,51.8327,52.0766,48.5856,51.8327,7.6132,4844658
1998-09-30,45.7347,51.5279,45.7347,45.7347,6.7175,2301370
1998-10-01,41.6187,45.9939,41.1612,41.6187,6.1129,2972086
1998-10-02,40.4144,42.9907,39.21,40.4144,5.936,2629642
1998-10-05,40.1094,43.2955,40.1094,40.1094,5.8912,2307169
1998-10-06,45.8719,46.2683,41.6187,45.8719,6.7376,2174824
1998-10-07,44.6676,48.1739,42.6858,44.6676,6.5608,1987682
1998-10-08,43.5853,45.5671,41.6187,43.5853,6.4018,1948672
1998-10-09,46.0244,46.6342,43.1431,46.0244,6.76,1593771
1998-10-12,50.0034,50.0034,47.5641,50.0034,7.3445,1587336
1998-10-13,48.7838,50.3082,48.555,48.7838,7.1653,1389810
1998-10-14,49.8509,49.9881,47.8691,49.8509,7.3221,1408612
1998-10-15,49.6984,51.4363,48.6465,49.6984,7.2997,2829382
1998-10-16,51.2077,53.6622,50.0034,51.2077,7.5214,4203237
1998-10-19,50.7656,51.2229,49.9271,50.7656,7.4564,998852
1998-10-20,54.4091,54.7293,50.5826,54.4091,7.9916,1993589
1998-10-21,53.2047,54.5768,52.595,53.2047,7.8147,1533873
1998-10-22,51.5279,54.5768,50.9943,51.5279,7.5684,1498216
1998-10-23,50.1101,51.0704,49.7137,50.1101,7.3601,1168115
1998-10-26,50.5368,50.9181,49.7137,50.5368,7.4228,746727
1998-10-27,53.3268,53.3268,51.0858,53.3268,7.8326,1651517
1998-10-28,51.2229,52.1376,50.1558,51.2229,7.5236,1272664
1998-10-29,52.7322,52.8999,50.4301,52.7322,7.7453,717350
1998-10-30,53.6469,54.394,53.3724,53.6469,7.8796,1186868
1998-11-02,55.9335,56.7111,54.1194,55.9335,8.2155,1265806
1998-11-03,55.9489,57.1685,55.7354,55.9489,8.2177,1239270
1998-11-04,57.5495,58.0831,56.1013,57.5495,8.4528,1505460
1998-11-05,54.7293,57.0159,54.2719,54.7293,8.0386,1712572
1998-11-06,53.2201,57.1685,53.2201,53.2201,7.8169,1432751
1998-11-09,54.4244,55.461,52.7779,54.4244,7.9938,1019639
1998-11-10,53.2047,55.3086,52.9151,53.2047,7.8147,1223857
1998-11-12,53.8908,54.1194,52.1681,53.8908,7.9154,1326173
1998-11-13,55.7507,55.8726,51.9852,55.7507,8.1886,1461801
1998-11-16,54.4244,56.4062,53.3572,54.4244,7.9938,1042147
1998-11-17,55.7965,55.7965,53.1133,55.7965,8.1953,893465
1998-11-18,55.2475,57.0923,55.2171,55.2475,8.1147,1220667
1998-11-19,56.2537,57.9154,55.4915,56.2537,8.2625,2035452
1998-11-20,60.6748,60.8273,57.9308,60.6748,8.9119,3150217
1998-11-23,65.4007,65.4007,62.5346,65.4007,9.606,3680800
1998-11-24,63.7238,68.2972,62.9615,63.7238,9.3597,2491346
1998-11-25,66.3154,66.3154,63.0378,66.3154,9.7404,1557122
1998-11-26,67.0471,67.7637,65.5531,67.0471,9.8478,986454
1998-11-27,70.9042,71.6511,66.5441,70.9042,10.4144,2644859
1998-11-30,66.3154,72.947,66.3154,66.3154,9.7404,2011259
1998-12-01,63.1444,64.7604,62.3822,63.1444,9.2746,2273074
1998-12-02,64.7909,65.2482,62.4737,64.7909,9.5165,1174159
1998-12-03,68.4191,68.6022,63.2664,68.4191,10.0494,2983519
1998-12-04,68.4497,69.0594,65.2482,68.4497,10.0539,2292159
1998-12-07,68.4345,70.462,67.6265,68.4345,10.0516,1159564
1998-12-08,66.3154,68.6022,66.3154,66.3154,9.7404,1450514
1998-12-09,66.2087,67.9619,65.5836,66.2087,9.7247,2251090
1998-12-10,67.0777,68.3734,65.8581,67.0777,9.8523,1881047
1998-12-11,66.4526,67.3825,64.1811,66.4526,9.7605,1332121
1998-12-14,63.1139,65.4922,62.9005,63.1139,9.2701,1498288
1998-12-15,60.9796,63.3579,59.5467,60.9796,8.9567,2171632
1998-12-16,62.5042,63.2664,61.9706,62.5042,9.1806,1530219
1998-12-17,62.5042,63.2664,61.8944,62.5042,9.1806,1151312
1998-12-18,60.9796,63.236,60.9796,60.9796,8.9567,909939
1998-12-21,63.3274,63.3274,60.6748,63.3274,9.3015,794056
1998-12-22,65.6446,66.3002,62.992,65.6446,9.6418,1263530
1998-12-23,67.84,67.84,65.7057,67.84,9.9643,633386
1998-12-28,66.788,68.1448,66.0867,66.788,9.8098,435439
1998-12-29,67.0777,67.6265,66.3306,67.0777,9.8523,528430
1998-12-30,70.1571,70.1571,67.0929,70.1571,10.3046,1033692
1999-01-04,75.0001,75.0001,70.9001,75.0001,11.016,1613344
1999-01-05,74.9501,76.1001,74.1501,74.9501,11.0086,1886862
1999-01-06,81.4501,81.9001,75.5,81.4501,11.9633,3289085
1999-01-07,81.5002,82.0001,80.0001,81.5002,11.9707,2521958
1999-01-08,80.0001,82.3501,77.2,80.0001,11.7504,2814536
1999-01-11,78.0,82.0001,77.2,78.0,11.4566,1830068
1999-01-12,73.0501,76.7001,73.0501,73.0501,10.7296,1885695
1999-01-13,68.1001,71.8501,66.1501,68.1001,10.0025,3244828
1999-01-14,66.2501,70.0001,65.2001,66.2501,9.7308,1837824
1999-01-15,69.0501,71.6001,63.5001,69.0501,10.142,3663269
1999-01-18,76.6001,79.0001,72.4001,76.6001,11.251,2754207
1999-01-19,77.1501,80.9501,76.25,77.1501,11.3318,3435185
1999-01-20,81.5002,81.7001,78.2001,81.5002,11.9707,2705548
1999-01-21,77.5501,83.5001,77.5001,77.5501,11.3905,3026186
1999-01-22,77.0001,79.4001,73.45,77.0001,11.3097,2053577
1999-01-25,78.0,78.0,74.1001,78.0,11.4566,1204555
1999-01-26,77.5001,78.7001,75.1001,77.5001,11.3832,1045220
1999-01-27,78.6501,79.75,77.2,78.6501,11.5521,1099135
1999-01-28,82.0001,83.2001,77.1001,82.0001,12.0441,1923187
1999-01-29,79.9501,83.3501,78.0501,79.9501,11.743,1659835
1999-02-01,78.0,87.9,77.0001,78.0,11.4566,4163552
1999-02-02,77.0001,79.5001,76.8001,77.0001,11.3097,1599372
1999-02-03,76.5001,77.4001,75.1001,76.5001,11.2363,1939337
1999-02-04,77.0001,79.25,76.4,77.0001,11.3097,966650
1999-02-05,77.1001,78.7501,74.4,77.1001,11.3244,1638779
1999-02-08,75.0001,77.2501,74.0001,75.0001,11.016,1625432
1999-02-09,71.5001,76.8001,71.0001,71.5001,10.5019,1969412
1999-02-10,72.0001,72.65,70.1001,72.0001,10.5753,1452698
1999-02-11,76.0001,76.0001,72.2,76.0001,11.1628,1377994
1999-02-12,74.3001,78.0,73.15,74.3001,10.9132,1285260
1999-02-15,73.0001,74.6501,72.65,73.0001,10.7222,921712
1999-02-16,72.35,74.0001,72.35,72.35,10.6267,1215711
1999-02-17,71.4,72.9001,70.9001,71.4,10.4872,1370658
1999-02-18,70.1001,72.5,70.1001,70.1001,10.2963,1401328
1999-02-19,74.5,74.8001,69.6001,74.5,10.9425,1978259
1999-02-22,77.5001,77.5001,73.7001,77.5001,11.3832,1600342
1999-02-23,75.5,77.8001,74.3001,75.5,11.0894,1670277
1999-02-24,74.9001,77.0001,74.6001,74.9001,11.0013,649161
1999-02-25,73.55,75.8001,73.1001,73.55,10.803,1117328
1999-02-26,72.7001,72.9501,71.2001,72.7001,10.6781,1534168
1999-03-01,70.9001,75.0001,70.45,70.9001,10.4138,2102725
1999-03-02,74.5,75.9501,72.2501,74.5,10.9425,2716245
1999-03-03,75.8501,78.0,74.5,75.8501,11.1408,1520736
1999-03-04,79.9,82.0001,75.6001,79.9,11.7357,3608807
1999-03-05,80.0001,82.8001,79.6002,80.0001,11.7504,1834836
1999-03-08,78.4,81.4001,77.8001,78.4,11.5154,1189348
1999-03-09,77.4001,80.8001,75.1001,77.4001,11.3685,1506253
1999-03-11,83.0,83.5001,75.2001,83.0,12.191,12091353
1999-03-12,80.0001,85.2001,78.0,80.0001,11.7504,7459409
1999-03-15,78.0,79.8001,77.0001,78.0,11.4566,2650997
1999-03-16,80.0001,81.0,77.7001,80.0001,11.7504,2795401
1999-03-17,80.0001,80.4002,78.3,80.0001,11.7504,2408282
1999-03-18,81.0,81.7001,78.1001,81.0,11.8972,2876713
1999-03-19,80.6001,82.0001,79.8001,80.6001,11.8385,2178594
1999-03-22,79.4001,80.5001,78.6001,79.4001,11.6622,807326
1999-03-23,77.9501,79.0001,76.6001,77.9501,11.4493,1699214
1999-03-24,76.8001,78.0,76.1001,76.8001,11.2804,1902529
1999-03-25,77.5001,79.2001,76.9001,77.5001,11.3832,1856937
1999-03-26,77.0001,78.0,75.2001,77.0001,11.3097,1498313
1999-03-29,77.5001,78.4501,75.5,77.5001,11.3832,778797
1999-03-30,78.6501,79.2001,77.0001,78.6501,11.5521,1051693
1999-03-31,80.6001,81.1,78.1001,80.6001,11.8385,1940313
1999-04-01,80.0001,80.1001,78.2001,80.0001,11.7504,754932
1999-04-06,79.2001,81.5002,78.0,79.2001,11.6329,1775789
1999-04-07,76.5001,78.8001,76.45,76.5001,11.2363,2056758
1999-04-08,72.6,76.9001,72.6,72.6,10.6635,2303517
1999-04-09,75.5501,75.5501,73.0001,75.5501,11.0968,2746494
1999-04-12,77.4001,77.6001,74.6001,77.4001,11.3685,1106702
1999-04-13,76.6001,78.0,75.6001,76.6001,11.251,1136199
1999-04-14,74.8001,76.0001,73.6,74.8001,10.9866,2391737
1999-04-15,72.35,75.1001,72.3001,72.35,10.6267,2116675
1999-04-16,75.2001,75.2001,72.2501,75.2001,11.0453,1840080
1999-04-19,73.2001,75.5,72.4501,73.2001,10.7516,1019103
1999-04-20,71.55,73.0501,71.55,71.55,10.5092,1537456
1999-04-21,72.5,74.5,71.6001,72.5,10.6488,1207634
1999-04-22,72.8502,74.4,72.5,72.8502,10.7002,1880506
1999-04-23,71.8001,74.0001,71.55,71.8001,10.546,1498811
1999-04-26,73.2001,74.1001,72.35,73.2001,10.7516,1048568
1999-04-27,74.25,74.9001,72.7501,74.25,10.9058,1146560
1999-04-28,74.5,74.5,73.15,74.5,10.9425,699871
1999-04-29,76.0001,76.5501,73.8501,76.0001,11.1628,1309286
1999-04-30,78.4501,78.5002,76.5001,78.4501,11.5227,1870835
1999-05-03,78.6001,78.8501,77.5001,78.6001,11.5447,511937
1999-05-04,78.95,79.3001,78.2001,78.95,11.5961,1320963
1999-05-05,77.35,79.5001,76.7001,77.35,11.3611,1389471
1999-05-06,79.0001,79.4001,77.6001,79.0001,11.6035,1604888
1999-05-07,79.2001,79.6002,77.7001,79.2001,11.6329,1051269
1999-05-10,78.2501,79.1,77.7501,78.2501,11.4933,736296
1999-05-11,79.1,80.6501,78.6001,80.5502,11.8312,2927534
1999-05-12,80.0001,80.6001,79.25,79.25,11.6402,1613383
1999-05-13,79.7001,82.0001,79.4502,81.7001,12.0001,751175
1999-05-14,80.6001,85.0001,80.6001,81.6001,11.9854,2491833
1999-05-17,80.3,81.7001,79.8001,79.8001,11.721,1015749
1999-05-18,80.5001,81.5501,79.8501,81.0501,11.9046,1115120
1999-05-19,81.3001,84.4501,81.15,84.3001,12.382,4591054
1999-05-20,84.3001,86.0,83.6001,86.0,12.6316,1666000
1999-05-21,84.5001,84.5001,82.6001,83.0,12.4074,971409
1999-05-25,82.6001,82.6001,79.9501,81.3502,12.1608,846198
1999-05-26,80.8001,81.9001,79.6501,81.9001,12.243,908489
1999-05-27,82.0001,82.0001,79.4001,79.4001,11.8693,709835
1999-05-28,78.8001,81.0,78.5002,80.8001,12.0785,949510
1999-05-31,81.6001,82.7501,80.0001,81.5501,12.1907,713162
1999-06-01,81.5002,82.8501,81.2001,82.4001,12.3177,1262396
1999-06-02,82.0001,82.8501,80.5001,82.3501,12.3102,999680
1999-06-03,82.9001,83.5001,82.0001,82.9001,12.3925,641365
1999-06-04,82.4001,82.9001,81.1,81.1,12.1234,620190
1999-06-07,80.9001,81.5002,79.8501,81.5002,12.1832,1254558
1999-06-08,81.2001,82.2,80.8001,81.0501,12.1159,626495
1999-06-09,82.0001,84.6501,81.3001,83.0,12.4074,1408159
1999-06-10,82.7001,84.0001,82.5501,83.4501,12.4747,1048187
1999-06-11,84.5001,85.0001,82.5001,84.3501,12.6092,1687155
1999-06-14,84.0001,84.5001,83.2001,84.5001,12.6316,801960
1999-06-15,84.0001,84.6001,82.6501,84.0001,12.5569,1462302
1999-06-16,84.1,84.5001,83.0,84.5001,12.6316,2318377
1999-06-17,85.0001,86.8,84.5001,86.0,12.8559,2519919
1999-06-18,85.6001,87.3002,84.4001,86.0,12.8559,1707025
1999-06-21,86.0,86.7001,82.1501,83.0,12.4074,1902955
1999-06-22,81.2001,83.0,78.95,79.1501,11.8319,2916313
1999-06-23,78.7001,80.8001,78.4,80.0001,11.959,2715271
1999-06-24,81.8001,81.8001,80.0001,80.0001,11.959,1453399
1999-06-25,79.5001,80.9001,79.0501,79.8001,11.9291,1414467
1999-06-28,78.8001,79.4502,78.0,78.5002,11.7347,673063
1999-06-29,78.0,79.9,78.0,78.5002,11.7347,910173
1999-06-30,79.1,81.7001,79.1,80.8001,12.0785,2071262
1999-07-01,80.9001,80.9001,77.4001,79.4001,11.8693,3882510
1999-07-02,78.3,79.0001,75.8001,76.25,11.3984,2530172
1999-07-05,76.1001,77.6001,75.5501,76.5001,11.4357,1690160
1999-07-06,75.8001,76.25,74.6001,74.6001,11.1517,1879740
1999-07-07,74.8001,76.4,74.7502,76.4,11.4208,1666907
1999-07-08,76.8001,77.6001,75.8001,76.0001,11.361,2015233
1999-07-09,76.5001,77.2,75.9001,76.5001,11.4357,1367302
1999-07-12,76.3001,77.5001,76.0001,76.5001,11.4357,1555861
1999-07-13,76.4,76.9001,75.0001,75.0001,11.2115,1549944
1999-07-15,76.0001,78.5002,75.8501,78.5002,11.7347,2461502
1999-07-16,78.4,80.2,77.6001,79.4001,11.8693,1865120
1999-07-19,78.3,78.9001,77.6001,78.0501,11.6675,1440547
1999-07-20,78.0,78.3,76.6501,76.9001,11.4955,1532104
1999-07-21,76.1001,78.3,75.2501,78.0501,11.6675,1761988
1999-07-22,78.4,79.0001,75.4001,76.0001,11.361,3137473
1999-07-23,75.2001,75.9501,74.7502,75.0001,11.2115,2008575
1999-07-26,74.0001,74.0001,70.5001,71.1001,10.6285,2753685
1999-07-27,71.9002,73.5001,71.65,72.65,10.8602,2906154
1999-07-28,73.8002,73.9001,73.0001,73.0001,10.9125,2174842
1999-07-29,74.0001,77.2501,73.55,76.5001,11.4357,5086458
1999-07-30,77.0001,78.6001,75.5,77.0001,11.5105,4155883
1999-08-02,76.0001,77.0001,74.6001,77.0001,11.5105,4923792
1999-08-03,75.1001,76.0001,74.2001,75.9501,11.3535,7650602
1999-08-04,75.4001,75.4001,74.3001,74.5,11.1368,1797554
1999-08-05,73.0001,74.7001,71.0001,74.6001,11.1517,3979714
1999-08-06,75.0001,75.0001,72.2,73.5001,10.9873,2913007
1999-08-09,73.4,74.5,72.7501,73.2001,10.9424,1662465
1999-08-10,73.8002,73.8002,72.6,72.9501,10.9051,859612
1999-08-11,73.5001,74.35,73.1001,74.0001,11.062,1104838
1999-08-12,74.5,75.7501,73.8002,75.5,11.2863,1430694
1999-08-13,75.9001,75.9501,73.6,75.4001,11.2713,2233538
1999-08-16,73.0001,74.6001,72.35,73.45,10.9798,5888676
1999-08-17,73.1001,75.2001,72.5,74.1501,11.0845,4495702
1999-08-18,74.7001,75.5,74.0501,74.8001,11.1816,2922815
1999-08-19,74.5,74.7001,73.3,74.5,11.1368,2561052
1999-08-20,74.5,74.9001,73.5001,74.8501,11.1891,1004967
1999-08-23,74.4,74.9001,74.0001,74.1001,11.077,1085370
1999-08-24,74.9001,77.3001,74.0001,77.1001,11.5254,6511436
1999-08-25,77.7001,78.8001,76.2001,76.2001,11.3909,12416878
1999-08-26,77.0001,77.0001,75.3,76.5001,11.4357,4711980
1999-08-27,76.0001,76.7501,75.5,76.0001,11.361,4202314
1999-08-30,76.1001,76.1001,73.55,74.0501,11.0695,6627222
1999-08-31,73.5001,74.0501,71.8501,72.4001,10.8229,5309238
1999-09-01,72.7001,72.7001,71.25,72.3001,10.8079,5675653
1999-09-02,72.3001,72.9001,71.3501,71.9501,10.7556,4055781
1999-09-03,72.5,72.7501,70.9001,72.05,10.7705,4812642
1999-09-06,72.9001,73.7501,72.7001,73.55,10.9948,4620552
1999-09-07,74.1001,76.6501,73.8002,76.5001,11.4357,9946076
1999-09-08,76.5001,77.0001,75.0001,76.8001,11.4806,4667632
1999-09-09,77.7001,77.7001,76.2001,76.6501,11.4582,4438393
1999-09-10,77.0001,79.1501,76.8001,78.9001,11.7945,6749586
1999-09-13,79.0001,80.8001,77.6501,77.6501,11.6077,4786682
1999-09-14,78.2001,78.6001,77.6001,77.6001,11.6002,4580397
1999-09-15,77.4001,78.95,76.5001,78.5002,11.7347,3168308
1999-09-16,78.1001,79.5001,77.7501,78.7001,11.7646,4284947
1999-09-17,79.5001,79.5001,78.15,79.3001,11.8543,2798732
1999-09-20,79.4001,79.5001,77.05,77.9501,11.6525,2133418
1999-09-21,76.9001,77.35,75.6001,76.0001,11.361,7400827
1999-09-22,75.5,75.5,74.0001,74.8001,11.1816,3070253
1999-09-23,74.4,76.1001,74.4,75.9001,11.3461,4230720
1999-09-24,74.9001,75.7001,74.25,75.4001,11.2713,1502527
1999-09-27,76.4,76.6501,75.7001,76.5501,11.4432,2089669
1999-09-28,76.5001,76.5501,75.5,75.5,11.2863,2711688
1999-09-29,75.8001,75.9001,74.0001,74.0501,11.0695,4194314
1999-09-30,74.6001,75.1001,74.1001,74.9501,11.204,3680388
1999-10-01,75.1001,75.5,74.25,75.0001,11.2115,2421157
1999-10-04,74.5,75.7501,74.35,75.6001,11.3012,1570777
1999-10-05,76.0001,76.8001,75.45,76.3001,11.4059,2628603
1999-10-06,76.5001,77.6001,75.9001,77.4501,11.5778,3227859
1999-10-07,78.0,78.5002,77.0001,77.5001,11.5852,3467326
1999-10-08,77.4001,78.0,76.8001,76.9001,11.4955,2197748
1999-10-11,76.6001,78.1001,76.0001,77.4501,11.5778,2145539
1999-10-12,77.9001,78.15,77.0001,77.5501,11.5927,2759182
1999-10-13,77.0001,77.8001,77.0001,77.5001,11.5852,2283508
1999-10-14,77.1001,78.0,77.0001,77.0001,11.5105,2571932
1999-10-15,76.7001,77.1001,74.0001,75.5,11.2863,4002898
1999-10-18,75.0001,75.5,73.6,74.1501,11.0845,2596951
1999-10-19,75.0001,75.5,74.1001,75.4001,11.2713,1975044
1999-10-20,75.0001,75.9001,74.6001,74.6501,11.1592,1676301
1999-10-21,75.5,75.8501,74.5,75.7001,11.3162,2177951
1999-10-22,75.7001,78.4,75.7001,77.2,11.5404,5115058
1999-10-25,77.9001,78.2001,76.5501,77.0001,11.5105,1786113
1999-10-26,76.9001,77.4001,76.3501,77.4001,11.5703,2095594
1999-10-27,76.0501,78.2001,76.0501,77.0001,11.5105,2288408
1999-10-28,78.0,81.5002,77.8001,80.6501,12.0561,7884214
1999-10-29,82.5001,84.6501,82.2,83.5001,12.4822,12053700
1999-11-02,83.5001,84.2002,81.7001,84.2002,12.5868,5645759
1999-11-03,84.2002,85.5001,83.4001,85.5001,12.7811,3792474
1999-11-04,85.0001,87.8501,84.6001,87.4001,13.0652,5389198
1999-11-05,87.1001,87.5001,85.05,85.05,12.7139,4431973
1999-11-08,85.8001,86.3501,84.75,84.75,12.669,3053787
1999-11-09,86.0,86.7001,85.4501,86.4001,12.9157,7652262
1999-11-10,86.3001,89.0001,86.3001,89.0001,13.3043,6503809
1999-11-11,90.0002,92.5001,89.4001,91.8001,13.7229,4828831
1999-11-12,91.1001,92.4001,90.0002,90.5001,13.5286,3793974
1999-11-15,90.5001,92.9001,90.5001,92.0001,13.7528,4233466
1999-11-16,91.5,93.6502,91.2001,93.4501,13.9696,5076679
1999-11-17,92.4001,92.9501,90.6001,91.2001,13.6332,4478189
1999-11-18,90.8002,91.9501,88.7,89.7001,13.409,3959769
1999-11-19,90.7,91.2001,89.7001,91.0001,13.6033,4120669
1999-11-22,91.2001,91.8001,89.2002,89.4001,13.3641,2515065
1999-11-23,90.0002,90.6501,89.3001,90.0002,13.4538,2879790
1999-11-24,89.5001,90.9001,88.1002,88.1501,13.1773,2991017
1999-11-25,88.5001,89.75,88.1501,89.75,13.4165,2327357
1999-11-26,90.0002,90.0002,88.55,89.0001,13.3043,2302581
1999-11-29,89.8,89.8502,88.6001,89.0001,13.3043,1625457
1999-11-30,89.4001,91.8001,88.55,91.0001,13.6033,3423964
1999-12-01,91.0001,92.0001,89.0502,89.5001,13.3791,3173407
1999-12-02,89.8,89.8502,87.8501,88.55,13.2371,3056382
1999-12-03,89.0001,90.5501,88.6001,90.5501,13.536,4002615
1999-12-06,90.8002,91.7001,90.6001,90.6001,13.5435,2175009
1999-12-07,90.7,92.3001,90.6501,91.9002,13.7378,3001427
1999-12-08,91.9002,91.9002,89.2501,91.3501,13.6556,2878740
1999-12-09,90.4501,92.0001,90.4501,91.4501,13.6706,1677272
1999-12-10,91.1001,92.0001,90.5001,91.9002,13.7378,1607223
1999-12-13,91.5,92.0001,90.8002,91.9501,13.7453,2146519
1999-12-14,91.0001,92.7002,91.0001,92.2001,13.7827,1847522
1999-12-15,92.1001,92.2501,90.6001,91.0501,13.6108,1747461
1999-12-16,91.0001,92.2001,91.0001,92.1001,13.7677,1600717
1999-12-17,91.2001,91.9002,89.0001,89.0001,13.3043,3135859
1999-12-20,89.8,90.0501,87.2001,88.3001,13.1997,2656606
1999-12-21,87.4001,89.4001,87.4001,89.0001,13.3043,1347047
1999-12-22,89.0001,90.3001,89.0001,89.6001,13.394,1968214
1999-12-23,90.0002,91.7001,89.4501,91.3501,13.6556,1767069
1999-12-24,91.0001,92.3001,90.5501,91.9501,13.7453,550750
1999-12-27,91.1001,93.0001,91.0501,91.6001,13.693,1042493
1999-12-28,92.0001,92.0001,90.6001,91.1501,13.6257,661004
1999-12-29,91.9002,92.2001,91.3501,92.0001,13.7528,1472666
1999-12-30,92.4001,93.2001,91.5,91.6001,13.693,1669587
2000-01-03,92.0001,94.2,92.0001,92.5001,13.8275,1911245
2000-01-04,91.3001,91.5,89.4001,89.9501,13.4463,3296966
2000-01-05,88.8,89.9501,87.0002,88.0001,13.1548,2490123
2000-01-06,88.0001,88.2001,85.0001,85.0001,12.7064,3394761
2000-01-07,85.5001,86.9001,85.2001,86.0502,12.8633,3052408
2000-01-10,87.5001,88.8,86.5501,86.6001,12.9456,2964255
2000-01-11,87.4001,87.45,83.2001,83.4001,12.4672,4877218
2000-01-12,83.0,84.5501,82.4501,84.2002,12.5868,3370967
2000-01-13,84.0001,85.2501,83.8,84.0001,12.5569,3198601
2000-01-14,84.4001,86.2002,83.5001,85.5001,12.7811,2540525
2000-01-17,86.2002,86.5,84.75,84.75,12.669,2454059
2000-01-18,85.1002,85.3501,82.4001,82.5001,12.3327,2636493
2000-01-19,82.3002,84.4501,81.5501,84.3501,12.6092,2622222
2000-01-20,83.9001,84.75,82.0001,82.1501,12.2804,4394580
2000-01-21,82.0001,82.1501,80.1001,80.6001,12.0486,4386487
2000-01-24,80.6001,82.8501,80.5502,81.3001,12.1533,3001949
2000-01-25,80.5001,81.2001,79.6002,80.05,11.9664,3035184
2000-01-26,80.0001,80.7001,79.0001,79.8001,11.9291,2132671
2000-01-27,80.4002,81.8001,80.05,80.7501,12.0711,2595694
2000-01-28,81.8001,82.9501,81.2001,82.9501,12.3999,2269420
2000-01-31,81.5002,82.9501,80.6001,81.25,12.1458,2028482
2000-02-01,81.7001,82.7001,81.1,81.7001,12.2131,2227471
2000-02-02,82.0001,82.4501,80.1001,80.4002,12.0187,2498819
2000-02-03,80.0001,81.0,79.3001,80.1501,11.9814,3863824
2000-02-04,80.0001,80.5001,79.4001,79.9501,11.9515,2675633
2000-02-07,80.0001,80.0001,77.2501,77.7001,11.6151,3845962
2000-02-08,78.7001,78.7001,76.7501,77.8501,11.6376,2983506
2000-02-09,78.0,78.0501,75.3,75.7501,11.3236,3998069
2000-02-10,75.3,77.6501,75.2501,75.5501,11.2937,3439113
2000-02-11,76.0001,79.8001,75.7501,78.3501,11.7123,4125125
2000-02-14,78.5002,78.5002,76.5001,78.0,11.66,2752957
2000-02-15,76.8001,78.2001,76.1001,77.5001,11.5852,2394146
2000-02-16,77.7001,79.5001,77.05,79.3001,11.8543,3165095
2000-02-17,79.6002,86.8,79.2001,84.2002,12.5868,9368535
2000-02-18,85.0001,85.0001,82.3002,83.3501,12.4597,3722685
2000-02-21,82.6001,82.8501,80.6501,81.4501,12.1757,2004976
2000-02-22,81.5002,81.6001,79.0501,80.1001,11.9739,3052759
2000-02-23,81.6001,82.9001,80.7001,82.05,12.2654,2538526
2000-02-24,82.05,86.0502,82.05,83.2001,12.4373,3348153
2000-02-25,84.4001,84.4001,81.7501,82.3002,12.3028,7045629
2000-02-28,81.5002,82.0001,79.2001,81.2001,12.1383,3954152
2000-02-29,81.2001,83.3001,80.6001,82.0001,12.2579,3651072
2000-03-01,83.0,83.8,80.7001,83.8,12.527,2304110
2000-03-02,83.7001,83.7001,80.5502,82.8501,12.385,2504433
2000-03-03,83.7001,86.6001,83.15,86.3001,12.9007,6465361
2000-03-06,87.0002,90.2501,87.0002,89.8,13.4239,5999472
2000-03-07,90.9001,92.2501,89.7001,90.2501,13.4912,8266604
2000-03-08,89.0001,89.0502,87.0002,88.0001,13.1548,3378686
2000-03-09,88.9002,89.8,84.1,85.05,12.7139,3966910
2000-03-10,85.5001,85.9001,83.05,85.1002,12.7213,2833112
2000-03-13,84.6001,84.7001,82.05,83.4001,12.4672,2578172
2000-03-14,83.0,84.3001,81.8001,83.5001,12.4822,2352907
2000-03-15,81.6001,85.1002,81.6001,84.1,12.5718,3877140
2000-03-16,85.4001,86.5,84.9501,85.7,12.811,3517167
2000-03-17,87.9,88.3001,84.0001,85.0001,12.7064,5266657
2000-03-20,84.5001,85.9501,84.1501,84.6001,12.6466,1568284
2000-03-21,84.5001,86.7001,84.0501,84.5001,12.6316,2751478
2000-03-22,85.0001,85.5001,83.0,84.2501,12.5943,3659218
2000-03-23,83.9001,84.5001,82.8501,83.5001,12.4822,2556535
2000-03-24,86.0,86.0,83.1001,83.5001,12.4822,2725439
2000-03-27,83.1001,84.8001,82.3501,84.5501,12.6391,1784118
2000-03-28,83.8,85.1002,83.1001,84.0001,12.5569,3388140
2000-03-29,83.5001,84.4001,83.1001,83.5501,12.4896,2287357
2000-03-30,83.5001,83.6001,82.2501,83.6001,12.4971,4767424
2000-03-31,83.9001,84.0001,81.5002,82.5001,12.3327,3120624
2000-04-03,84.3001,85.2001,82.8001,83.7501,12.5195,4959187
2000-04-04,85.3001,91.0001,85.0001,90.7,13.5585,9011766
2000-04-05,89.6001,90.4001,86.2002,88.1002,13.1698,4883955
2000-04-06,88.6001,88.85,86.65,88.8,13.2744,3010330
2000-04-07,88.7,88.7501,86.8501,87.7001,13.11,1771401
2000-04-10,87.9,89.75,87.2001,89.0001,13.3043,1991227
2000-04-11,89.4001,91.9501,87.8001,90.8501,13.5809,3835732
2000-04-12,90.5001,92.0001,89.1001,89.6001,13.394,2381405
2000-04-13,89.0502,92.6,89.0502,92.0001,13.7528,4310542
2000-04-14,90.5001,92.7501,90.2001,91.7001,13.708,4001323
2000-04-17,88.0001,88.7,86.1001,88.0501,13.1623,4523480
2000-04-18,88.7,88.9002,85.7501,88.2001,13.1847,2317755
2000-04-19,88.9002,89.3001,85.7,87.45,13.0726,2851448
2000-04-20,86.5,88.5001,86.0,87.5001,13.0801,1873269
2000-04-25,88.5001,91.0001,87.3002,90.8002,13.5734,2280903
2000-04-26,90.0002,90.9502,88.2001,90.8501,13.5809,4751764
2000-04-27,90.0002,90.4001,88.2001,89.3501,13.3567,2906289
2000-04-28,90.5001,90.5001,87.75,88.9002,13.2894,2328971
2000-05-02,89.2501,90.8002,89.2501,89.9501,13.4463,2622905
2000-05-03,90.0002,90.5001,89.1001,89.5001,13.3791,2478927
2000-05-04,89.5001,89.9501,88.3501,89.5001,13.3791,1604946
2000-05-05,89.5001,89.8,88.55,89.2501,13.3417,1564104
2000-05-08,89.5001,90.5001,89.2501,89.2501,13.3417,1160128
2000-05-09,89.1001,90.3001,89.1001,89.75,13.4165,2075109
2000-05-10,90.0002,93.6001,88.9501,91.4001,13.6631,7249137
2000-05-11,91.9002,95.15,91.1001,94.4501,14.119,6062635
2000-05-12,95.1001,97.5502,94.2,96.1001,14.3657,4374802
2000-05-15,95.7001,97.0501,95.2001,96.0001,14.3507,2266447
2000-05-16,96.9001,99.8001,96.6002,98.7501,14.7618,3538004
2000-05-17,98.7001,98.7501,96.7502,97.6501,14.5974,3700285
2000-05-18,98.0001,98.0001,95.6001,96.1001,14.3657,2249811
2000-05-19,96.6002,98.3001,95.0002,96.2001,14.3806,3722185
2000-05-22,95.3,96.25,93.1001,94.8001,14.1714,2672354
2000-05-23,94.3001,95.3,93.3501,94.8502,14.1788,6422218
2000-05-24,93.3001,95.0002,93.3001,94.4501,14.119,3827713
2000-05-25,95.0002,96.7001,94.2,96.0001,14.3507,2793774
2000-05-26,93.6001,94.2,91.8001,93.4,14.2213,3684776
2000-05-29,93.9002,96.25,92.7002,95.45,14.5335,1659758
2000-05-30,94.3001,96.7502,94.3001,95.5501,14.5487,2877543
2000-05-31,96.5001,97.0001,94.5501,96.7502,14.7314,3490857
2000-06-01,95.6001,98.7501,95.6001,97.8001,14.8913,1590241
2000-06-02,98.1001,100.7001,97.5001,98.7001,15.0283,2687930
2000-06-05,99.0001,101.7001,99.0001,100.4002,15.2872,3554249
2000-06-06,100.4002,101.0001,99.1001,99.35,15.1273,4198184
2000-06-07,99.4002,101.0001,99.35,100.3,15.2719,2278448
2000-06-08,99.7001,100.9001,98.25,99.3001,15.1197,2349673
2000-06-09,99.0001,99.5001,98.0501,99.0001,15.074,1069370
2000-06-13,98.1001,100.7001,97.1001,99.2,15.1044,3427480
2000-06-14,100.6001,102.9001,99.5001,102.1001,15.546,4550565
2000-06-15,102.5001,103.7001,100.4002,101.6002,15.4699,3384264
2000-06-16,101.8001,102.3002,97.4001,98.2001,14.9522,4030578
2000-06-19,97.2001,99.0001,96.1501,98.9001,15.0588,3005159
2000-06-20,99.9001,100.6001,98.8001,98.8001,15.0435,3095353
2000-06-21,98.6001,99.5001,97.1501,97.5001,14.8456,5139911
2000-06-22,98.5002,98.5002,95.8501,96.8001,14.739,1663827
2000-06-23,96.4,97.2001,95.3501,96.25,14.6553,9401430
2000-06-26,96.3001,99.2,96.2001,97.5001,14.8456,1745150
2000-06-27,98.1001,98.7001,95.1001,95.1001,14.4802,2320410
2000-06-28,97.0001,100.7001,96.5001,100.0001,15.2263,3323046
2000-06-29,100.8001,102.1001,99.5001,101.5001,15.4546,4177844
2000-06-30,101.5001,102.4002,100.7001,100.8001,15.3481,2102947
2000-07-03,101.4001,103.0,100.3,103.0,15.683,2071420
2000-07-04,103.0,104.4001,102.1001,102.2,15.5612,2688845
2000-07-05,102.2,104.8001,102.2,103.9001,15.8201,3667956
2000-07-06,102.8001,105.0001,101.9,105.0001,15.9876,2654012
2000-07-07,104.9001,105.9001,103.4001,105.4002,16.0485,1899624
2000-07-10,104.7001,107.0002,104.7001,107.0002,16.2921,1720268
2000-07-11,107.0002,107.0002,105.1002,105.9001,16.1246,1156714
2000-07-12,106.0002,106.0002,102.6001,103.6001,15.7744,2226939
2000-07-13,104.0001,104.0001,100.5002,101.0001,15.3785,2790514
2000-07-17,102.4002,103.9001,100.8001,102.5001,15.6069,2387676
2000-07-18,102.8001,103.8001,101.8001,102.4002,15.5917,1905789
2000-07-19,103.4001,103.7001,101.5001,103.2002,15.7135,1346456
2000-07-20,103.4001,105.0001,102.5001,104.4001,15.8962,1580724
2000-07-21,105.0001,105.4002,101.8001,102.6001,15.6221,1903290
2000-07-24,103.4001,103.8001,102.0001,102.2,15.5612,3387002
2000-07-25,103.0,104.9001,102.5001,103.6001,15.7744,2217360
2000-07-26,104.0001,105.5001,104.0001,104.5001,15.9114,2651450
2000-07-27,105.0001,106.4001,104.1,104.2001,15.8658,4375536
2000-07-28,105.5001,106.2002,104.2001,105.2001,16.018,2708946
2000-07-31,105.5001,106.6001,104.2001,106.5001,16.216,1334401
2000-08-01,105.6001,106.8001,105.5001,106.3001,16.1855,1098259
2000-08-02,106.5001,109.4001,106.1001,108.0001,16.4444,3524501
2000-08-03,108.0001,108.2002,103.2002,103.3001,15.7287,2735842
2000-08-04,104.5001,107.0002,104.5001,106.2002,16.1703,1854321
2000-08-07,107.5001,107.5001,105.5001,106.1001,16.1551,1906372
2000-08-08,106.9,108.3001,106.0002,108.0001,16.4444,3219156
2000-08-09,108.0001,109.5001,107.0002,108.0001,16.4444,2567781
2000-08-10,108.6001,108.9002,105.0001,105.9001,16.1246,2254026
2000-08-11,104.6001,106.5001,104.5001,105.9001,16.1246,1422819
2000-08-14,106.9,107.2001,105.6001,106.7001,16.2464,556010
2000-08-15,107.2001,108.3001,106.5001,107.3001,16.3378,1505298
2000-08-16,108.7001,109.5001,107.8001,109.3002,16.6423,1303248
2000-08-17,109.2001,109.2001,107.3001,108.3001,16.49,968292
2000-08-18,109.1001,109.1001,106.9,107.8001,16.4139,1316044
2000-08-21,107.0002,109.0002,107.0002,108.8,16.5662,1311157
2000-08-22,109.4001,110.0001,108.2002,109.5001,16.6727,2233405
2000-08-23,110.0001,110.0001,108.2002,109.0002,16.5966,2214087
2000-08-24,108.5001,109.0002,107.7001,108.2002,16.4748,1823358
2000-08-25,108.5001,108.9002,106.7001,107.5001,16.3682,2062558
2000-08-28,108.0001,108.4001,105.9001,106.9,16.2769,1465615
2000-08-29,107.1002,107.9002,105.5001,106.8001,16.2616,5673088
2000-08-30,106.8001,107.0002,104.3002,104.9001,15.9723,2581282
2000-08-31,104.5001,105.2001,102.0001,103.5002,15.7592,2884803
2000-09-01,104.5001,104.7001,102.7002,103.7001,15.7896,2625168
2000-09-04,104.6001,105.7001,103.2002,103.2002,15.7135,2397221
2000-09-05,104.3002,104.8001,103.2002,104.5001,15.9114,2429862
2000-09-06,105.4002,107.5001,103.7001,104.3002,15.881,4780149
2000-09-07,104.9001,105.3001,102.8001,104.8001,15.9571,2981341
2000-09-08,105.3001,106.4001,103.3001,103.5002,15.7592,1897900
2000-09-11,104.3002,105.8001,103.5002,105.7001,16.0941,2469468
2000-09-12,105.8001,106.4001,104.7001,105.6001,16.0789,2308702
2000-09-13,106.0002,106.1001,102.6001,104.0001,15.8353,2776006
2000-09-14,104.1,104.2001,102.0001,102.4002,15.5917,3572642
2000-09-15,102.4002,102.9001,101.1,102.5001,15.6069,4449466
2000-09-18,101.7001,101.9,99.5001,101.6002,15.4699,3103930
2000-09-19,101.0001,101.5001,100.0001,101.4001,15.4394,2056352
2000-09-20,101.5001,101.8001,99.5001,99.7501,15.1882,2240664
2000-09-21,100.3,100.5002,95.0501,97.2001,14.7999,4350057
2000-09-22,97.3001,97.3001,94.7002,95.1001,14.4802,5340913
2000-09-25,96.3001,97.6501,95.5001,97.6001,14.8608,3132544
2000-09-26,97.8001,100.0001,96.7001,99.7001,15.1806,3037806
2000-09-27,99.7001,101.7001,99.0501,99.7501,15.1882,2992821
2000-09-28,100.9001,100.9001,99.3001,100.0001,15.2263,2525295
2000-09-29,100.9001,101.4001,99.1001,99.9001,15.211,3287840
2000-10-02,98.1501,102.4002,98.1501,102.1001,15.546,1657332
2000-10-03,101.9,101.9,98.25,99.0001,15.074,2214584
2000-10-04,99.8001,100.9001,99.0501,99.9501,15.2186,2325297
2000-10-05,99.7001,101.3002,99.5501,99.7501,15.1882,2816028
2000-10-06,100.1001,101.2001,98.7501,100.3,15.2719,2705111
2000-10-09,99.4002,99.7001,96.4,96.5001,14.6933,2448775
2000-10-10,97.8001,98.0001,95.5001,95.6001,14.5563,1860694
2000-10-11,95.0002,95.0002,87.0002,89.0001,13.5514,8120213
2000-10-12,90.3001,93.7502,87.5501,89.8,13.6732,5011377
2000-10-13,88.4001,91.3001,87.5001,91.2001,13.8863,3593766
2000-10-16,92.9001,92.9001,91.0501,91.0501,13.8635,2480213
2000-10-17,92.4001,94.7002,91.5,92.8002,14.13,2837411
2000-10-18,92.8002,93.0001,90.1001,92.0501,14.0158,1998884
2000-10-19,93.0001,94.3001,91.4501,93.2001,14.1909,2342027
2000-10-20,94.0001,94.9001,92.0001,93.0001,14.1604,3069616
2000-10-23,93.4,94.9001,93.0501,94.2,14.3431,1429816
2000-10-24,94.9001,97.0001,94.2,96.5001,14.6933,3557177
2000-10-25,97.2001,97.5001,96.0501,96.6501,14.7162,1943059
2000-10-26,96.0001,96.4,94.0001,94.6501,14.4116,2548669
2000-10-27,94.7002,95.5001,93.7001,94.0001,14.3127,2745847
2000-10-30,93.9002,97.0001,93.1001,96.6501,14.7162,2160164
2000-10-31,97.8001,102.0001,97.4001,101.6002,15.4699,4651058
2000-11-01,102.0001,102.4002,100.0001,101.4001,15.4394,1338277
2000-11-02,101.4001,102.7002,100.5002,102.2,15.5612,2325459
2000-11-03,102.8001,102.8001,100.3,101.5001,15.4546,1832517
2000-11-06,102.0001,102.0001,99.6001,100.0001,15.2263,2163480
2000-11-07,101.0001,101.0001,99.5001,100.0001,15.2263,1645608
2000-11-08,101.2001,101.7001,100.5002,101.0001,15.3785,2958381
2000-11-09,101.6002,102.0001,100.1001,100.8001,15.3481,1698929
2000-11-10,100.8001,101.4001,98.5002,98.8501,15.0512,1885928
2000-11-13,99.4002,99.4502,97.3001,98.6001,15.0131,1730925
2000-11-14,98.4,99.4002,96.6501,99.0501,15.0816,2356710
2000-11-15,99.5001,99.9001,97.7002,98.7001,15.0283,2308382
2000-11-16,97.5001,97.5001,92.2001,93.0001,14.1604,10816864
2000-11-17,93.0001,94.3001,91.3001,92.8501,14.1376,6322091
2000-11-20,91.9501,93.3501,90.8501,91.9501,14.0005,3357896
2000-11-21,92.2001,92.5001,90.2001,92.2001,14.0386,3453084
2000-11-22,88.3001,92.3001,87.5501,88.3001,13.4448,5292864
2000-11-23,88.9501,89.8502,86.1001,88.9501,13.5438,4393698
2000-11-24,91.0501,91.9002,88.55,91.0501,13.8635,2624742
2000-11-27,91.1001,92.7501,91.0001,91.1001,13.8711,2541755
2000-11-28,90.4001,91.9002,90.1001,90.4001,13.7645,1768748
2000-11-29,90.4001,91.0001,87.8001,90.4001,13.7645,3932878
2000-11-30,88.8,90.8002,88.1002,88.8,13.5209,3023752
2000-12-01,90.5001,90.9001,88.4501,90.5001,13.7798,2662448
2000-12-04,88.5001,91.8501,88.1002,88.5001,13.4752,2347135
2000-12-05,89.5501,90.4501,88.2502,89.5501,13.6351,4186083
2000-12-06,90.75,92.9501,90.6501,90.75,13.8178,3617731
2000-12-07,92.6501,92.8501,90.1001,92.6501,14.1071,2000738
2000-12-08,91.9002,94.9501,91.9002,91.9002,13.9929,3110461
2000-12-11,95.3501,96.5001,92.5001,95.3501,14.5182,3634013
2000-12-12,96.4,97.8001,95.1001,96.4,14.6781,4205942
2000-12-13,95.8501,97.4501,95.2001,95.8501,14.5944,1849638
2000-12-14,92.0001,93.8001,90.8501,92.0001,14.0082,4784570
2000-12-15,93.7502,93.7502,90.5001,93.7502,14.2746,5329553
2000-12-18,92.8501,95.2001,92.6,92.8501,14.1376,2809868
2000-12-19,94.6002,95.2501,92.5001,94.6002,14.404,3377658
2000-12-20,89.9001,94.1501,89.0001,89.9001,13.6884,4563669
2000-12-21,90.0002,92.0001,88.3001,90.0002,13.7036,3447417
2000-12-22,91.0001,91.5,89.3001,91.0001,13.8559,1907187
2000-12-27,91.6001,93.0001,91.2001,91.6001,13.9472,1630964
2000-12-28,92.5001,93.1001,91.5501,92.5001,14.0843,1322174
2000-12-29,93.5001,94.0501,92.2001,93.5001,14.2365,1433977
2001-01-02,93.2001,95.6001,92.5501,93.2001,14.1909,1536253
2001-01-03,91.4001,93.5001,90.0002,91.4001,13.9168,2600382
2001-01-04,94.6002,95.0002,93.4,94.6002,14.404,5621587
2001-01-05,95.6502,97.4501,94.6501,95.6502,14.5639,4500793
2001-01-08,95.0002,96.9001,94.4501,95.0002,14.4649,2391864
2001-01-09,95.1001,96.5001,95.0501,95.1001,14.4802,2418987
2001-01-10,96.2001,96.5501,94.8001,96.2001,14.6477,2694569
2001-01-11,99.0001,100.0001,95.4001,99.0001,15.074,5188414
2001-01-12,100.9001,102.5001,99.1001,100.9001,15.3633,5060754
2001-01-15,100.5002,101.0001,99.6501,100.5002,15.3024,1900032
2001-01-16,99.8001,100.3,98.8001,99.8001,15.1958,2983228
2001-01-17,100.3,101.0001,99.2,100.3,15.2719,4953757
2001-01-18,98.9501,100.6001,98.1001,98.9501,15.0664,3030898
2001-01-19,96.4,100.0001,95.4001,96.4,14.6781,4589279
2001-01-22,99.3001,99.5001,95.5501,99.3001,15.1197,2582320
2001-01-23,98.7001,99.0001,97.2001,98.7001,15.0283,2691756
2001-01-24,98.5002,99.7001,97.6501,98.5002,14.9979,1969100
2001-01-25,96.8501,99.7001,96.6002,96.8501,14.7466,3978878
2001-01-26,97.1001,97.9001,95.6001,97.1001,14.7847,1911326
2001-01-29,96.7502,98.2001,96.1001,96.7502,14.7314,1685120
2001-01-30,98.9501,99.0001,97.0001,98.9501,15.0664,2104395
2001-01-31,99.4002,99.5001,97.5502,99.4002,15.1349,2520112
2001-02-01,97.8001,99.0001,97.2501,97.8001,14.8913,2625499
2001-02-02,97.5001,98.5002,96.7001,97.5001,14.8456,1509626
2001-02-05,96.3001,97.7501,95.6001,96.3001,14.6629,2235715
2001-02-06,96.1501,96.7502,95.2001,96.1501,14.64,2158799
2001-02-07,96.0001,96.7001,95.5001,96.0001,14.6172,1951238
2001-02-08,96.0501,96.7001,95.7501,96.0501,14.6248,974355
2001-02-09,96.9501,96.9501,95.4001,96.9501,14.7619,1689408
2001-02-12,97.1001,97.7002,96.25,97.1001,14.7847,1886581
2001-02-13,98.0001,98.3501,96.8001,98.0001,14.9217,1806979
2001-02-14,96.9001,98.4501,96.3501,96.9001,14.7542,2924430
2001-02-15,95.7501,96.8501,95.1001,95.7501,14.5791,2996727
2001-02-16,93.4,96.0001,93.3001,93.4,14.2213,3052397
2001-02-19,93.8001,94.6002,93.1001,93.8001,14.2822,803806
2001-02-20,93.7001,95.5001,93.55,93.7001,14.267,2326429
2001-02-21,91.8501,93.7001,91.3501,91.8501,13.9853,4487100
2001-02-22,88.6001,91.7001,88.4501,88.6001,13.4905,4055223
2001-02-23,87.7001,90.1001,86.65,87.7001,13.3534,3210985
2001-02-26,88.4001,89.4001,87.8501,88.3001,13.4448,12692352
2001-02-27,88.9002,90.2501,88.3001,89.65,13.6503,3173636
2001-02-28,89.6001,91.0501,88.5001,88.8,13.5209,2609225
2001-03-01,88.5001,89.6001,86.65,88.0001,13.3991,2956300
2001-03-02,87.4001,88.4001,84.8001,85.5501,13.0261,3393419
2001-03-05,86.0,87.6,85.3001,87.4001,13.3077,2687757
2001-03-06,88.0001,88.7501,87.2001,87.6,13.3382,2446652
2001-03-07,89.0001,91.9501,88.6501,91.8501,13.9853,6277768
2001-03-08,93.0001,96.25,92.9501,95.0002,14.4649,6122351
2001-03-09,95.0002,96.25,93.3001,93.9002,14.2975,2917478
2001-03-12,93.1001,93.3001,91.3001,91.4001,13.9168,2666208
2001-03-13,89.6001,92.0001,89.3501,91.0001,13.8559,2680238
2001-03-14,92.0001,92.0001,86.65,88.6001,13.4905,4285378
2001-03-15,89.0001,90.5001,87.2001,90.5001,13.7798,2659213
2001-03-16,90.8002,90.9502,88.55,89.4001,13.6123,2145841
2001-03-19,89.5001,90.8501,87.8501,89.1501,13.5742,1730966
2001-03-20,90.0002,91.4001,89.5001,91.3001,13.9016,2759923
2001-03-21,90.5001,90.8501,87.9,89.2002,13.5818,3179250
2001-03-22,88.5001,88.7,83.5501,85.0001,12.9423,5544815
2001-03-23,86.0,87.5501,85.5001,87.2501,13.2849,3477716
2001-03-26,88.0001,90.1501,87.7001,89.6001,13.6427,3510573
2001-03-27,89.5001,93.9002,89.0001,93.3501,14.2137,4922375
2001-03-28,93.5001,94.4001,92.0001,92.4001,14.0691,3320421
2001-03-29,92.7002,94.1001,90.1501,93.8501,14.2898,3883933
2001-03-30,93.8001,96.3501,93.7502,95.3,14.5106,7116407
2001-04-02,96.0001,96.0001,93.9501,95.7501,14.5791,2837319
2001-04-03,95.0002,95.0002,91.6001,92.7002,14.1147,3654216
2001-04-04,92.5001,93.8501,90.1501,93.5001,14.2365,3780240
2001-04-05,94.0001,95.4001,93.0001,94.8502,14.4421,2961138
2001-04-06,95.1001,95.3501,93.5001,94.5,14.3888,2245419
2001-04-09,94.2,95.0002,93.0501,94.3001,14.3584,2641574
2001-04-10,94.0501,95.9001,94.0501,95.6001,14.5563,2882961
2001-04-11,95.8002,97.5001,95.15,97.0501,14.7771,6960932
2001-04-12,97.0001,97.2001,96.0001,97.2001,14.7999,4490642
2001-04-17,96.0001,97.0001,95.2501,96.8001,14.739,1589034
2001-04-18,96.9501,99.1501,96.9501,98.2001,14.9522,3432863
2001-04-19,98.5002,100.4002,97.5502,100.3,15.2719,8295508
2001-04-20,100.0001,100.8001,98.4501,99.0001,15.074,3666625
2001-04-23,99.0001,99.1001,96.8501,97.3001,14.8151,2750150
2001-04-24,96.8001,98.4501,96.0001,97.0001,14.7695,2872456
2001-04-25,96.6002,98.0001,96.0001,97.3001,14.8151,3101310
2001-04-26,96.6002,99.2,96.6002,98.9001,15.0588,4977224
2001-04-27,99.0001,100.4002,97.35,99.9001,15.211,5250499
2001-04-30,99.6001,100.2001,99.1501,100.2001,15.2567,2555077
2001-05-02,100.2001,100.4002,97.8501,98.0001,14.9217,5260521
2001-05-03,98.9001,98.9501,96.6501,96.7502,14.7314,3263901
2001-05-04,96.5001,97.6001,94.5,96.5001,14.6933,7771672
2001-05-07,95.7001,96.9001,94.8001,96.1001,14.6324,2480922
2001-05-08,95.0002,95.9502,94.5501,95.9001,14.602,2156770
2001-05-09,95.0002,95.5001,94.1501,95.0501,14.4726,2790066
2001-05-10,96.9001,100.2001,96.6002,99.8001,15.1958,8921951
2001-05-11,99.5001,100.2001,98.6001,100.0001,15.2263,2547150
2001-05-14,100.5002,100.5002,98.6001,99.6501,15.173,4046566
2001-05-15,99.2,101.4001,99.2,100.9001,15.3633,8315288
2001-05-16,101.0001,103.1001,99.7001,103.0,15.683,6409959
2001-05-17,103.0,105.0001,102.6001,104.4001,15.8962,13278907
2001-05-18,103.9001,104.8001,102.3002,103.0,15.683,6921918
2001-05-21,102.2,105.0001,102.2,104.8001,15.9571,3338147
2001-05-22,104.5001,106.3001,104.5001,105.0001,15.9876,4622706
2001-05-23,105.0001,105.5001,104.0001,104.9001,15.9723,3076233
2001-05-24,104.9001,105.1002,104.1,105.1002,16.0028,1569208
2001-05-25,104.3002,104.8001,103.1001,103.3001,15.7287,2094860
2001-05-28,103.0,104.0001,102.6001,103.0,15.683,1387513
2001-05-29,102.9001,103.9001,102.3002,103.0,15.683,2544715
2001-05-30,102.7002,103.2002,101.8001,102.8001,15.6526,11334843
2001-05-31,102.0001,102.8001,101.5001,102.5001,15.6069,3087961
2001-06-01,102.5001,103.4001,101.2001,102.2,15.5612,3241545
2001-06-05,103.0,103.4001,102.1001,103.2002,15.7135,5747172
2001-06-06,103.5002,103.8001,102.8001,103.8001,15.8049,4102157
2001-06-07,103.1001,104.3002,102.7002,103.9001,15.8201,3970459
2001-06-08,104.0001,105.6001,104.0001,104.2001,15.8658,3667517
2001-06-11,102.5001,102.9001,100.9001,101.0001,15.7179,3509853
2001-06-12,100.5002,101.5001,99.2,99.6001,15.5,3690591
2001-06-13,99.6001,101.9,99.6001,101.9,15.858,2600284
2001-06-14,100.6001,101.8001,100.3,101.2001,15.749,3629906
2001-06-15,100.4002,100.9001,99.1001,100.0001,15.5623,3981112
2001-06-18,99.5001,100.0001,98.6001,98.6001,15.3444,3048500
2001-06-19,98.8001,100.3,98.8001,99.6001,15.5,3951174
2001-06-20,99.1001,99.5001,98.25,99.4002,15.4689,2845981
2001-06-21,100.0001,100.7001,99.35,100.2001,15.5934,2264373
2001-06-22,100.7001,102.1001,100.3,101.7001,15.8269,3363500
2001-06-25,101.7001,103.1001,101.5001,103.0,16.0292,2993612
2001-06-26,103.4001,103.4001,100.0001,102.3002,15.9202,6996641
2001-06-27,102.5001,102.9001,101.7001,102.4002,15.9358,2919640
2001-06-28,102.5001,104.4001,101.3002,104.4001,16.247,5039927
2001-06-29,104.5001,104.6001,102.5001,102.8001,15.998,4760213
2001-07-02,102.9001,105.6001,102.3002,104.8001,16.3093,4407742
2001-07-03,103.6001,105.6001,103.6001,104.1,16.2003,5029874
2001-07-04,104.8001,104.8001,102.7002,104.4001,16.247,2731339
2001-07-05,103.3001,103.9001,102.7002,103.9001,16.1692,5229680
2001-07-06,102.9001,102.9001,99.8001,100.4002,15.6245,7360620
2001-07-09,99.6001,101.4001,99.1001,101.0001,15.7179,3142625
2001-07-10,101.0001,102.2,99.8501,100.5002,15.6401,3527695
2001-07-11,99.0001,99.9001,98.1001,98.4,15.3133,4886678
2001-07-12,99.5001,101.0001,99.1001,99.9001,15.5467,9677871
2001-07-13,100.0001,100.8001,99.3001,100.0001,15.5623,1989303
2001-07-16,100.4002,100.5002,99.2,99.8001,15.5312,1713928
2001-07-17,99.0001,99.6501,98.3501,99.3001,15.4534,2432228
2001-07-18,99.5001,99.9501,96.5001,97.0001,15.0954,6480119
2001-07-19,95.6502,98.1001,95.6502,98.0001,15.251,3686775
2001-07-20,97.8001,98.0001,96.5501,97.5001,15.1732,2614297
2001-07-23,96.7001,98.4501,96.6501,97.4501,15.1655,2273388
2001-07-24,97.4001,98.1501,96.5501,97.0001,15.0954,1966961
2001-07-25,97.2001,97.9001,95.5501,95.9001,14.9242,2555054
2001-07-26,96.8001,96.8001,95.15,95.6001,14.8776,5492800
2001-07-27,95.5001,97.0001,95.4001,96.7001,15.0487,4321842
2001-07-30,96.5001,98.7001,96.0501,98.5002,15.3289,2300817
2001-07-31,97.5502,99.8001,97.5502,99.3001,15.4534,3210808
2001-08-01,98.8001,100.3,98.8001,99.4002,15.4689,1778654
2001-08-02,99.8001,101.3002,99.4002,100.0001,15.5623,3996740
2001-08-03,99.5001,101.5001,99.0001,100.6001,15.6557,2352139
2001-08-06,100.6001,100.6001,99.6501,100.1001,15.5779,2164637
2001-08-07,99.6001,100.9001,99.2,100.5002,15.6401,1271836
2001-08-08,99.9001,101.0001,99.6501,100.6001,15.6557,1193659
2001-08-09,99.5001,100.4002,99.35,100.1001,15.5779,3118038
2001-08-10,100.3,101.2001,98.7001,99.0001,15.4067,2403534
2001-08-13,99.9001,100.4002,98.8001,99.4002,15.4689,1776012
2001-08-14,99.9001,101.9,99.6001,101.1,15.7335,2630193
2001-08-15,101.0001,102.6001,100.7001,101.8001,15.8424,2070350
2001-08-16,101.5001,102.3002,100.9001,101.9,15.858,1973142
2001-08-17,102.3002,102.6001,100.0001,100.7001,15.6712,2630640
2001-08-20,100.5002,101.4001,99.4002,100.8001,15.6868,1633732
2001-08-21,100.7001,100.9001,99.8001,100.8001,15.6868,2341622
2001-08-22,100.1001,102.3002,99.9001,101.2001,15.749,2531167
2001-08-23,101.5001,103.4001,101.4001,102.4002,15.9358,4685727
2001-08-24,102.9001,103.8001,102.4002,103.5002,16.107,3618573
2001-08-27,103.7001,104.1,103.5002,103.9001,16.1692,3231169
2001-08-28,104.0001,104.2001,101.1,102.0001,15.8735,4346075
2001-08-29,101.2001,101.6002,100.4002,101.2001,15.749,9135982
2001-08-30,100.8001,101.7001,99.2501,99.6501,15.5078,4053374
2001-08-31,99.8001,101.0001,98.3501,101.0001,15.7179,3631883
2001-09-03,101.3002,101.3002,98.6502,99.3001,15.4534,1970469
2001-09-04,99.5001,100.5002,99.0501,99.3001,15.4534,3264962
2001-09-05,100.6001,101.8001,99.4002,100.4002,15.6245,5202843
2001-09-06,101.6002,102.3002,100.0001,100.1001,15.5779,5355174
2001-09-07,100.1001,100.7001,98.4,98.8001,15.3755,5444588
2001-09-10,98.8001,99.5001,96.0501,97.6001,15.1888,5751019
2001-09-11,98.7001,99.35,89.0001,89.0001,13.8504,6158351
2001-09-12,85.0001,92.5001,84.6001,92.2501,14.3562,9280097
2001-09-13,92.2501,93.4,90.7,92.0001,14.3173,3397178
2001-09-14,92.45,93.3501,87.7001,89.3001,13.8971,5702196
2001-09-17,88.0001,89.8,85.3501,89.1001,13.866,9782794
2001-09-18,88.3001,88.9002,84.7001,86.2002,13.4147,10367171
2001-09-19,86.0,87.2001,83.05,83.2502,12.9556,5307593
2001-09-20,83.2502,83.7501,78.2001,78.8001,12.2631,8825111
2001-09-21,77.5001,79.0001,72.8001,75.9001,11.8118,11087715
2001-09-24,77.2501,81.2001,77.2501,80.7501,12.5666,7323487
2001-09-25,80.9001,85.4501,79.9,85.1002,13.2435,6668420
2001-09-26,85.0001,87.6501,83.7001,87.0002,13.5392,5770475
2001-09-27,86.8501,88.3501,85.3001,88.3501,13.7493,4077186
2001-09-28,89.0001,91.4501,88.5001,89.8,13.9749,7538516
2001-10-01,89.6001,90.6501,89.0001,89.1001,13.866,4073687
2001-10-02,89.7001,91.65,88.0001,91.3001,14.2084,4836063
2001-10-03,91.5,91.5,89.7001,90.0501,14.0138,3790063
2001-10-04,91.5,93.3001,91.3001,93.1501,14.4963,5222248
2001-10-05,92.5001,93.4,91.8501,93.0501,14.4807,3531856
2001-10-08,92.1001,92.8002,90.75,92.2001,14.3484,3070080
2001-10-09,91.1001,92.5501,90.2001,91.5501,14.2473,2930357
2001-10-10,91.1501,93.1001,91.1001,92.8002,14.4418,3693082
2001-10-11,93.0001,95.4001,93.0001,93.6502,14.5741,6421402
2001-10-12,94.6501,95.0002,93.3001,94.5,14.7064,4089697
2001-10-15,94.0501,94.4001,91.1001,91.6001,14.2551,3840921
2001-10-16,91.9501,93.0001,90.7,91.0001,14.1617,3680221
2001-10-17,91.6001,93.6001,91.6001,92.9501,14.4652,2767735
2001-10-18,91.8001,92.8501,91.1001,92.1001,14.3329,2849767
2001-10-19,92.5001,93.1501,90.5501,91.1501,14.185,3502904
2001-10-22,91.1501,92.0001,90.1001,91.7001,14.2706,2660241
2001-10-23,91.2001,93.4,91.2001,93.0001,14.4729,3725146
2001-10-24,92.8501,93.6001,92.1001,93.3501,14.5274,4055926
2001-10-25,93.3501,93.6502,91.3001,92.6,14.4107,2845440
2001-10-26,93.2501,93.4501,92.45,93.3501,14.5274,2584701
2001-10-29,93.9002,93.9002,92.2001,92.6,14.4107,1819921
2001-10-30,91.8001,92.0001,90.5001,91.4001,14.2239,3100045
2001-10-31,91.8501,93.1001,90.3001,92.4001,14.3796,2778170
2001-11-01,92.7002,93.2001,91.3501,92.3501,14.3718,1890268
2001-11-02,91.6001,93.8501,91.6001,93.7001,14.5819,2398863
2001-11-05,93.8001,95.6001,93.8001,95.2001,14.8153,4482448
2001-11-06,95.6001,96.2001,95.0002,95.15,14.8075,2601293
2001-11-07,95.8501,96.4,94.4001,96.3001,14.9865,3096968
2001-11-08,96.6501,97.8501,96.0501,97.4001,15.1577,4107921
2001-11-09,96.8501,97.4501,96.2001,96.6501,15.041,1840300
2001-11-12,96.6501,96.8501,92.5501,94.8001,14.7531,2468143
2001-11-13,95.5001,97.2001,95.45,97.0001,15.0954,2770908
2001-11-14,97.5001,100.3,97.5001,99.1501,15.43,7979104
2001-11-15,99.9501,100.6001,98.6001,99.6501,15.5078,4072698
2001-11-16,99.9001,99.9001,98.0501,98.5002,15.3289,3009385
2001-11-19,98.9001,99.8501,98.3501,99.1501,15.43,3868289
2001-11-20,99.6001,99.6001,97.6501,99.2,15.4378,3632763
2001-11-21,99.4502,99.6001,98.7001,99.5501,15.4923,4521982
2001-11-22,99.6501,101.0001,99.2,100.7001,15.6712,2768894
2001-11-23,100.8001,101.0001,99.2,99.35,15.4611,2458162
2001-11-26,99.7501,100.4002,99.6001,100.0001,15.5623,3439876
2001-11-27,100.4002,100.4002,98.3001,98.7001,15.36,2710479
2001-11-28,98.8001,99.35,97.7002,98.1501,15.2744,2688987
2001-11-29,98.0001,98.5501,97.0501,98.5002,15.3289,3553706
2001-11-30,99.0001,99.0001,97.5502,98.0001,15.251,2644366
2001-12-03,97.5001,98.1001,96.9501,97.3001,15.1421,2237200
2001-12-04,97.5001,97.9001,97.0001,97.6001,15.1888,2808890
2001-12-05,98.0501,100.3,98.0501,100.3,15.609,4139022
2001-12-06,100.2001,101.3002,99.6001,100.5002,15.6401,4374092
2001-12-07,99.8001,100.5002,99.8001,100.2001,15.5934,3226067
2001-12-10,99.4002,99.8501,98.7001,98.8001,15.3755,2552734
2001-12-11,98.7001,99.9501,98.3501,99.6001,15.5,2121246
2001-12-12,100.0001,100.0001,98.8001,99.0001,15.4067,2367227
2001-12-13,99.5001,99.8001,97.0001,97.0001,15.0954,4044404
2001-12-14,96.5501,98.1501,96.0501,96.0501,14.9476,2988150
2001-12-17,96.9001,99.35,96.1001,99.35,15.4611,2924130
2001-12-18,98.7501,100.2001,98.3001,99.7001,15.5156,4335734
2001-12-19,99.8501,100.1001,98.8001,99.5501,15.4923,2968593
2001-12-20,99.4502,99.9501,98.3501,98.8001,15.3755,2970665
2001-12-21,98.2001,100.0001,98.0001,99.9501,15.5545,3620506
2001-12-24,100.0001,100.0001,99.4502,99.9001,15.5467,338882
2001-12-27,100.0001,100.3,99.8001,100.3,15.609,2741678
2001-12-28,100.5002,100.8001,100.0001,100.5002,15.6401,2346946
2002-01-02,100.4002,100.9001,99.5501,100.3,15.609,2038007
2002-01-03,101.0001,101.4001,100.5002,101.3002,15.7646,3861222
2002-01-04,101.9,103.4001,101.3002,102.1001,15.8891,4465585
2002-01-07,102.8001,103.5002,101.8001,101.8001,15.8424,2905621
2002-01-08,102.5001,104.0001,102.0001,102.0001,15.8735,5203096
2002-01-09,102.9001,104.4001,102.8001,104.2001,16.2159,6095259
2002-01-10,104.3002,104.8001,102.9001,103.7001,16.1381,4342511
2002-01-11,104.6001,105.1002,103.7001,104.6001,16.2782,3843430
2002-01-14,104.7001,104.7001,103.4001,103.6001,16.1225,4150598
2002-01-15,104.0001,104.7001,102.2,103.3001,16.0758,10703625
2002-01-16,103.9001,104.2001,101.6002,102.1001,15.8891,3941142
2002-01-17,102.6001,106.5001,101.8001,106.1001,16.5116,5544975
2002-01-18,106.4001,106.6001,103.9001,103.9001,16.1692,3903541
2002-01-21,104.6001,104.6001,103.2002,104.0001,16.1848,1926818
2002-01-22,104.5001,106.9,103.5002,106.2002,16.5272,4187622
2002-01-23,106.4001,107.6001,106.2002,107.2001,16.6828,5516797
2002-01-24,108.0001,108.4001,107.1002,107.7001,16.7606,3420290
2002-01-25,108.2002,108.2002,106.4001,107.0002,16.6517,2913122
2002-01-28,107.6001,109.7001,107.4001,109.2001,16.994,4269201
2002-01-29,109.6,109.7001,107.0002,107.3001,16.6983,4226717
2002-01-30,106.2002,106.5001,104.4001,104.7001,16.2937,4392934
2002-01-31,106.5001,108.2002,105.1002,108.0001,16.8073,4982661
2002-02-01,109.0002,109.8002,108.3001,109.1001,16.9785,4191197
2002-02-04,108.9002,108.9002,106.7001,107.3001,16.6983,3248461
2002-02-05,106.8001,107.2001,103.5002,104.2001,16.2159,4249271
2002-02-06,104.8001,105.5001,103.0,103.1001,16.0447,4323088
2002-02-07,103.0,104.2001,102.1001,103.3001,16.0758,3815877
2002-02-08,103.0,103.4001,102.2,103.2002,16.0603,2755399
2002-02-11,103.5002,105.2001,103.5002,104.7001,16.2937,3085712
2002-02-12,105.3001,106.0002,104.4001,105.2001,16.3715,4743366
2002-02-13,105.0001,105.9001,103.9001,105.1002,16.356,2393830
2002-02-14,105.6001,107.7001,105.2001,107.4001,16.7139,2962503
2002-02-15,107.2001,108.3001,106.2002,106.7001,16.605,2626063
2002-02-18,105.8001,106.4001,105.5001,106.2002,16.5272,1306748
2002-02-19,105.5001,105.7001,102.6001,102.6001,15.9669,5708970
2002-02-20,51.0001,51.4,50.1501,50.85,15.8269,3441864
2002-02-21,51.6,52.8001,51.5,52.4,16.3093,3344535
2002-02-22,52.4,52.45,51.9001,52.2001,16.247,2037661
2002-02-25,52.4,52.9501,52.0501,52.9501,16.4805,1800874
2002-02-26,53.0001,54.8001,53.0001,53.9001,16.7762,4115767
2002-02-27,54.5,55.0501,54.3,54.9501,17.103,3576424
2002-02-28,54.55,56.4,54.2001,56.0501,17.4453,5614232
2002-03-01,55.2001,56.1001,54.3,55.1001,17.1496,4999816
2002-03-04,55.2001,56.3,55.1001,55.6,17.3053,4512443
2002-03-05,56.0001,56.8501,55.4,56.4,17.5543,3380135
2002-03-06,56.0501,57.4,56.0001,57.35,17.8499,3993321
2002-03-07,57.2,58.3,55.6501,56.0001,17.4298,4568399
2002-03-08,55.0501,56.0001,54.0501,54.6,16.994,5277777
2002-03-11,54.3,55.1501,53.9001,54.8501,17.0718,3509995
2002-03-12,54.7001,55.0001,53.9501,54.5,16.9629,2863713
2002-03-13,54.7501,56.0001,54.0501,54.1001,16.8384,3929097
2002-03-14,53.9001,55.35,53.8001,55.0501,17.1341,2379571
2002-03-15,54.6,55.6,53.9501,54.7501,17.0407,2914455
2002-03-18,55.0001,56.7501,54.9501,56.1001,17.4609,3133927
2002-03-19,56.6001,57.1001,56.2,56.8001,17.6788,2715971
2002-03-20,56.4,57.0501,55.4,55.5,17.2741,2871570
2002-03-21,55.1001,55.6,54.7501,55.1001,17.1496,1930008
2002-03-22,55.4,56.0001,55.1001,56.0001,17.4298,2197161
2002-03-25,55.55,57.0001,55.5,55.6,17.3053,2463729
2002-03-26,55.2001,56.5,55.1501,55.7001,17.3364,3297038
2002-03-27,56.1001,56.7501,55.4,56.55,17.601,3935386
2002-03-28,56.9501,58.0001,56.8001,57.9001,18.0211,5273359
2002-04-02,57.3,57.9001,57.0001,57.3,17.8344,2701123
2002-04-03,57.1001,58.0001,56.6501,57.7001,17.9589,3127176
2002-04-04,57.0501,57.35,56.5,56.5,17.5854,2683206
2002-04-05,56.5,57.1001,55.55,56.35,17.5387,1777833
2002-04-08,56.0501,56.6001,54.1501,54.8501,17.0718,2644848
2002-04-09,55.0501,56.1501,55.0501,55.45,17.2586,2194978
2002-04-10,54.5,56.9001,54.5,56.25,17.5076,3061531
2002-04-11,56.5,56.9501,55.2001,55.2001,17.1808,2614991
2002-04-12,55.6,55.8001,54.2001,54.7501,17.0407,2807091
2002-04-15,55.0001,55.7501,54.45,55.4,17.243,2132697
2002-04-16,56.0001,57.8001,55.5,57.7501,17.9744,4354557
2002-04-17,57.9001,58.15,56.7001,57.5,17.8966,2629483
2002-04-18,57.0501,58.6001,57.0501,58.3,18.1456,3264470
2002-04-19,58.0001,60.4501,58.0001,60.0001,18.6747,6008994
2002-04-22,59.5001,59.9501,58.5001,58.7001,18.2701,2989328
2002-04-23,59.2,59.8501,58.5001,58.8001,18.3013,2663744
2002-04-24,58.5001,59.1,57.1001,57.9501,18.0367,3767000
2002-04-25,57.25,57.8001,56.35,57.25,17.8188,3236798
2002-04-26,57.6001,58.7001,57.35,57.5,17.8966,5042298
2002-04-29,57.2,57.6501,56.55,57.1001,17.7721,3077667
2002-04-30,57.0001,58.7501,56.7001,58.0001,18.0523,5390735
2002-05-02,58.5001,59.1,57.6001,58.4,18.1768,5213989
2002-05-03,58.15,60.0001,58.0001,58.1001,18.0834,4719851
2002-05-06,58.1001,58.45,57.5,57.7001,17.9589,1572149
2002-05-07,57.6501,59.1,56.9001,57.8001,17.99,4025187
2002-05-08,58.4,59.8501,58.4,59.8001,18.6125,3241264
2002-05-09,59.9501,60.2,59.0501,59.5001,18.5191,2324101
2002-05-10,59.4501,60.05,59.0501,59.0501,18.3791,2225261
2002-05-13,58.45,60.25,58.4,60.25,18.7526,2279904
2002-05-14,60.6001,61.8501,59.8501,61.25,19.0638,4158746
2002-05-15,61.25,61.7001,60.4001,61.25,19.0638,2938802
2002-05-16,60.9501,61.05,59.8501,60.6501,18.8771,3375756
2002-05-17,60.7501,61.7501,60.6001,60.8001,18.9237,3612374
2002-05-20,61.3,61.3,60.2,60.2,18.737,1532034
2002-05-21,60.6501,61.15,59.6001,60.6001,18.8615,8850885
2002-05-22,60.15,60.6501,59.4,60.0001,18.6747,4333590
2002-05-23,60.25,61.2,59.8001,61.0,18.986,3850627
2002-05-24,61.05,61.5001,60.6501,60.9501,18.9704,2686643
2002-05-27,60.9001,61.8001,60.5501,61.0,18.986,1823833
2002-05-28,61.05,61.4001,60.4001,60.8501,18.9393,2355400
2002-05-29,60.4001,60.8001,60.0001,60.6501,18.8771,7028801
2002-05-30,60.5001,60.6501,59.4501,59.6501,18.5658,3438889
2002-05-31,59.9001,60.3,59.25,60.25,18.7526,2483184
2002-06-03,59.6001,60.8501,59.6001,59.6001,18.5503,1469103
2002-06-04,59.15,59.15,57.0001,57.0001,17.741,4261380
2002-06-05,57.9501,57.9501,56.8001,57.4,17.8655,3106970
2002-06-06,57.7501,58.9001,57.35,58.0001,18.0523,3399077
2002-06-07,57.0001,57.0501,55.35,56.9501,18.2103,5054795
2002-06-10,56.9501,57.5,56.0001,56.6001,18.0984,2343088
2002-06-11,56.9501,57.7001,56.35,57.35,18.3382,3162444
2002-06-12,56.8001,56.8001,55.5,56.0501,17.9225,3625258
2002-06-13,56.1001,57.15,54.8001,55.1001,17.6188,3896349
2002-06-14,54.5,55.0001,52.4,53.7,17.1711,6508315
2002-06-17,54.2001,56.5,53.7501,56.2,17.9705,4301119
2002-06-18,56.6501,56.8001,55.6,56.2,17.9705,3532174
2002-06-19,55.35,55.6501,54.1501,54.9501,17.5708,3340497
2002-06-20,54.2501,54.8501,53.2001,53.8001,17.2031,7470465
2002-06-21,53.1001,55.4,52.1501,54.7501,17.5068,5315725
2002-06-24,54.7001,55.6501,52.1501,52.7,16.8513,5693421
2002-06-25,53.6,54.65,53.2501,54.4,17.3949,4432795
2002-06-26,52.0001,52.45,50.3001,52.3001,16.7234,8194893
2002-06-27,53.4,53.8501,51.4,53.1501,16.9952,5411489
2002-06-28,54.2001,56.0001,54.0001,56.0001,17.9065,5502624
2002-07-01,55.8501,56.8501,54.35,55.35,18.0863,3619354
2002-07-02,54.1001,54.1501,49.65,50.0001,16.3381,10311986
2002-07-03,50.0001,51.2501,49.11,50.5,16.5015,8630378
2002-07-04,51.9501,52.0501,50.6,51.2001,16.7302,4116034
2002-07-05,51.9501,54.2001,51.9001,53.8001,17.5798,4473239
2002-07-08,53.2001,55.1501,53.2001,54.7001,17.8739,3590349
2002-07-09,54.8001,55.3,52.65,53.35,17.4327,4719265
2002-07-10,51.3501,52.8001,51.3001,51.5,16.8282,4987530
2002-07-11,50.0001,50.65,48.5101,48.9801,16.0048,7288377
2002-07-12,50.1501,50.6,46.7801,47.5001,15.5212,8895579
2002-07-15,47.5001,48.4001,44.26,44.57,14.5638,5484963
2002-07-16,46.1,46.1,42.8101,45.3001,14.8023,6998450
2002-07-17,44.5001,47.8401,44.5001,47.2501,15.4395,6136040
2002-07-18,46.2001,46.7601,45.21,46.7601,15.2794,9263528
2002-07-19,46.4001,46.4001,43.6101,43.68,14.273,5971616
2002-07-22,43.7,43.9,40.8701,40.8701,13.3548,5357003
2002-07-23,41.1,42.1401,38.82,39.25,12.8254,4978069
2002-07-24,38.6501,39.7001,36.35,39.3401,12.8548,8816439
2002-07-25,41.8201,43.2,40.1201,42.7001,13.9527,9194049
2002-07-26,42.0,43.68,41.2,43.1901,14.1128,5428667
2002-07-29,42.5001,46.7801,42.5001,46.7801,15.2859,5388611
2002-07-30,47.3001,47.6601,45.31,45.8,14.9657,4442252
2002-07-31,46.7101,48.1001,44.8,46.8801,15.3186,5718507
2002-08-01,47.4001,48.0,44.53,45.7601,14.9526,6279022
2002-08-02,45.49,45.6601,44.42,45.4001,14.835,4866842
2002-08-05,45.9701,45.9701,43.8101,44.0,14.3775,4615905
2002-08-06,43.2,46.53,42.2401,46.53,15.2042,5405795
2002-08-07,46.48,48.28,46.48,46.75,15.2761,4831859
2002-08-08,47.49,49.49,47.06,49.4001,16.142,4848672
2002-08-09,49.8,50.5,48.2501,49.2001,16.0767,4628960
2002-08-12,48.7901,49.2001,47.8,48.4601,15.8349,1919522
2002-08-13,48.95,49.1001,47.05,48.8701,15.9688,2710464
2002-08-14,47.6601,48.49,46.17,46.17,15.0866,3738460
2002-08-15,47.79,48.2001,46.7,47.65,15.5702,3838835
2002-08-16,47.8,48.3601,47.0401,48.01,15.6878,2645333
2002-08-19,47.3001,50.65,47.3001,50.5,16.5015,3241723
2002-08-20,50.1001,51.2001,49.01,49.2501,16.093,4362205
2002-08-21,49.5601,51.4,49.28,50.5,16.5015,3209366
2002-08-22,50.75,52.2501,50.6,52.2501,17.0733,3295197
2002-08-23,52.2001,52.2001,50.3001,50.55,16.5178,3011352
2002-08-26,50.3001,51.3001,49.75,49.75,16.2564,1791702
2002-08-27,50.2001,52.1501,49.5,52.0501,17.008,3313981
2002-08-28,51.45,51.45,49.12,49.6101,16.2107,3073494
2002-08-29,49.3001,49.5,46.8901,47.2601,15.4428,4224940
2002-08-30,47.95,48.4501,46.9401,47.5601,15.5408,2940710
2002-09-02,47.0,47.49,46.3501,46.8301,15.3023,1482944
2002-09-03,46.5001,47.05,44.43,44.5001,14.5409,4402931
2002-09-04,44.0,45.17,43.2,43.68,14.273,4078801
2002-09-05,43.8,43.8701,41.4501,42.67,13.9429,4432803
2002-09-06,42.64,44.2301,41.9,44.0,14.3775,4258004
2002-09-09,43.89,44.1401,42.7101,43.4501,14.1978,2469896
2002-09-10,44.22,45.1,43.7101,44.96,14.6912,2960120
2002-09-11,45.4001,46.3001,44.7701,46.02,15.0376,4047393
2002-09-12,45.4001,45.49,43.36,43.36,14.1684,4362800
2002-09-13,42.95,42.95,41.85,42.2901,13.8188,6021662
2002-09-16,42.21,42.95,41.3301,42.1,13.7567,2123797
2002-09-17,43.64,44.3001,42.11,42.3501,13.8384,5064332
2002-09-18,41.11,41.5001,39.8101,40.06,13.0901,6664432
2002-09-19,40.5001,41.1,38.16,38.74,12.6588,6383771
2002-09-20,38.2301,39.5901,37.2,38.0,12.4169,7145818
2002-09-23,37.8601,39.14,35.1,35.6501,11.6491,5592655
2002-09-24,35.5,36.18,32.0001,33.8401,11.0576,7825509
2002-09-25,33.41,36.2,33.1001,34.98,11.4301,6093703
2002-09-26,35.45,37.8501,35.35,37.8501,12.3679,9177671
2002-09-27,37.68,38.3,36.5901,36.9001,12.0575,3086583
2002-09-30,35.2,35.2,32.0501,32.98,10.7766,7723994
2002-10-01,33.2,33.8001,31.22,33.5801,10.9727,5928014
2002-10-02,35.0001,35.98,33.4201,34.5,11.2733,7818911
2002-10-03,33.36,34.0001,32.2601,32.3601,10.574,5597019
2002-10-04,31.8,32.6,28.76,29.0001,9.4761,10221923
2002-10-07,28.77,29.85,27.5,29.49,9.6362,10278054
2002-10-08,29.85,31.1501,29.85,30.1001,9.8355,8775200
2002-10-09,31.0001,31.1501,29.2501,29.7,9.7048,8270003
2002-10-10,29.03,31.8901,29.01,31.8901,10.4204,9258868
2002-10-11,33.0001,35.44,32.8501,33.98,11.1034,10977035
2002-10-14,33.8401,35.9001,33.02,33.62,10.9857,4355722
2002-10-15,34.6,38.2,34.2,38.1801,12.4758,6781908
2002-10-16,37.4301,40.8701,37.3201,38.7001,12.6457,10638022
2002-10-17,39.6001,40.9801,39.3,40.2401,13.1489,7527413
2002-10-18,41.8701,41.8701,38.63,40.0,13.0705,5276043
2002-10-21,40.37,40.7001,38.7101,40.05,13.0868,4019396
2002-10-22,40.2201,41.7701,38.8001,39.05,12.76,5835010
2002-10-23,38.63,39.6001,36.34,36.34,11.8745,6696593
2002-10-24,37.4401,39.1,37.0101,37.51,12.2568,5263787
2002-10-25,36.2,38.4801,36.15,37.82,12.3581,3471227
2002-10-28,39.5001,40.3901,38.95,39.36,12.8613,3430635
2002-10-29,38.7101,39.35,36.79,36.8501,12.0412,4924562
2002-10-30,37.89,38.73,36.68,38.4801,12.5738,3907638
2002-10-31,38.0,40.4901,37.41,40.26,13.1554,6604440
2002-11-01,40.0,40.0,38.35,39.4,12.8744,3013221
2002-11-04,40.7501,41.94,40.5001,41.6001,13.5933,3916507
2002-11-05,41.2,42.25,40.9101,41.9301,13.7011,4976613
2002-11-06,43.5001,44.2,42.4001,42.6001,13.9201,6854663
2002-11-07,43.5501,44.54,41.27,41.3501,13.5116,9528145
2002-11-08,40.6001,40.99,39.31,39.5001,12.9071,5716849
2002-11-11,39.0,39.3801,37.82,39.15,12.7927,2849011
2002-11-12,39.15,40.0,38.0201,39.5001,12.9071,3506745
2002-11-13,39.1,39.9,38.6901,39.5001,12.9071,3455473
2002-11-14,39.1,41.88,38.9,41.7001,13.626,4869311
2002-11-15,41.9201,43.15,41.85,42.68,13.9462,5120580
2002-11-18,42.6001,44.15,42.5101,43.6001,14.2468,3904801
2002-11-19,42.96,43.1301,42.4001,42.7001,13.9527,3883711
2002-11-20,43.31,43.6501,42.05,42.8,13.9854,2863100
2002-11-21,43.9,44.7701,43.6501,44.7701,14.6291,5139958
2002-11-22,44.89,45.8201,44.47,45.59,14.8971,3564175
2002-11-25,42.0,43.2,40.2201,42.1401,13.7697,18348956
2002-11-26,42.3001,42.3001,40.26,40.6501,13.2829,8109262
2002-11-27,41.0,41.4901,39.6501,41.2,13.4626,13303743
2002-11-28,42.3001,42.3001,40.7101,41.3301,13.5051,4217811
2002-11-29,41.5001,41.5001,40.5001,41.0,13.3972,4239578
2002-12-02,41.0,41.1901,39.47,39.6501,12.9561,6534985
2002-12-03,39.8101,40.05,39.1,39.5001,12.9071,5502269
2002-12-04,39.21,39.5001,38.0,38.3401,12.528,6038131
2002-12-05,38.6001,40.05,37.1,37.3901,12.2176,5828698
2002-12-06,38.4,38.4,35.7001,36.8501,12.0412,7853327
2002-12-09,37.8001,37.8001,35.61,35.71,11.6687,3961543
2002-12-10,35.1701,37.8001,35.1,36.5301,11.9366,8866742
2002-12-11,37.1,38.6901,36.82,38.2,12.4823,7085790
2002-12-12,39.0,39.3801,38.0,38.0,12.4169,7126551
2002-12-13,38.3,39.5001,37.1,37.72,12.3255,7746799
2002-12-16,39.26,40.69,38.31,40.5401,13.2469,8653608
2002-12-17,40.8601,41.74,40.56,41.0,13.3972,7869475
2002-12-18,40.85,41.0801,39.1201,39.5001,12.9071,4231950
2002-12-19,39.8001,40.4501,37.82,38.87,12.7012,4860995
2002-12-20,39.09,39.69,38.04,38.9,12.711,4854450
2002-12-23,39.7501,39.7501,38.25,38.3,12.515,2748240
2002-12-24,38.66,38.7501,38.14,38.31,12.5182,358328
2002-12-27,38.0,39.1,37.6001,37.7401,12.332,1733518
2002-12-30,37.7401,38.0201,37.26,37.92,12.3908,2406998
2002-12-31,38.2,39.16,38.03,38.83,12.6882,1504985
2003-01-02,39.41,40.62,38.8101,40.62,13.2731,3773907
2003-01-03,41.0,41.2801,40.1301,40.4001,13.2012,3852997
2003-01-06,41.0,41.2,39.8501,40.9801,13.3907,2856705
2003-01-07,41.4001,41.8,40.2301,40.8101,13.3351,3744758
2003-01-08,40.8101,41.1201,40.26,40.5001,13.2339,3385392
2003-01-09,40.9201,40.9201,39.1301,40.5901,13.2633,3250415
2003-01-10,40.9,41.3,40.0,40.57,13.2567,3098415
2003-01-13,40.95,41.6501,40.9101,41.1301,13.4397,2979018
2003-01-14,41.3,41.7001,40.7001,41.3301,13.5051,3743228
2003-01-15,41.63,41.9601,40.41,40.4901,13.2306,3674426
2003-01-16,40.93,40.93,39.83,40.14,13.1162,4481483
2003-01-17,39.6001,39.9,38.3301,38.3301,12.5248,4711778
2003-01-20,38.7001,39.0201,37.2301,37.6001,12.2862,3981345
2003-01-21,38.2,38.3801,36.2201,36.72,11.9987,5876975
2003-01-22,36.8101,37.04,35.1601,35.8001,11.6981,4701755
2003-01-23,36.5801,37.78,36.05,36.63,11.9693,5073834
2003-01-24,37.5,37.6001,35.52,35.61,11.636,4660064
2003-01-27,36.4801,36.4801,34.15,34.7501,11.355,5713804
2003-01-28,35.4901,35.61,34.0601,34.5,11.2733,4371393
2003-01-29,34.98,34.98,32.75,34.19,11.172,6217776
2003-01-30,34.98,36.67,34.7501,36.67,11.9824,5776710
2003-01-31,36.2201,37.3801,35.7501,36.77,12.015,5591605
2003-02-03,37.4,37.9001,36.84,37.05,12.1065,2867323
2003-02-04,37.05,37.3,36.1,36.5901,11.9562,4790877
2003-02-05,37.0,38.25,36.25,38.03,12.4268,5964442
2003-02-06,37.6001,38.9,37.5,38.09,12.4464,6860190
2003-02-07,38.2,38.79,37.52,37.95,12.4006,4716037
2003-02-10,37.88,38.46,37.26,38.14,12.4627,4877829
2003-02-11,38.14,39.61,38.14,39.5001,12.9071,6287925
2003-02-12,39.0,39.0801,37.52,37.52,12.2601,4502803
2003-02-13,37.2,37.95,36.31,37.66,12.3058,4801278
2003-02-14,37.7001,39.61,37.7001,39.15,12.7927,5076568
2003-02-17,39.6501,39.9,39.26,39.7501,12.9888,2626117
2003-02-18,39.6501,40.36,39.35,40.1,13.1031,3755740
2003-02-19,40.1,40.1801,38.8601,38.89,12.7078,4029256
2003-02-20,38.95,39.3,37.7501,38.2201,12.4888,3257226
2003-02-21,37.92,38.73,37.7001,38.6901,12.6424,2771382
2003-02-24,38.78,39.3,37.8001,37.84,12.3647,2523810
2003-02-25,37.3201,38.0,36.45,36.68,11.9856,3348740
2003-02-26,37.25,37.5,36.05,36.71,11.9954,13046997
2003-02-27,36.3,37.58,36.05,37.3,12.1882,3352779
2003-02-28,37.7501,38.5401,36.8001,38.4,12.5477,3911570
2003-03-03,38.56,39.6501,38.16,38.7601,12.6653,2886320
2003-03-04,38.6501,38.67,36.61,37.09,12.1196,3959541
2003-03-05,36.4801,37.2801,36.1601,36.76,12.0118,3421850
2003-03-06,36.99,37.4401,35.8601,35.8601,11.7177,3652255
2003-03-07,36.4801,36.4801,34.72,35.15,11.4857,3589744
2003-03-10,35.2,35.2,34.15,34.45,11.2569,3316319
2003-03-11,34.3801,35.1601,33.6301,33.98,11.1034,4765837
2003-03-12,34.13,34.45,32.65,32.8001,10.7178,6013553
2003-03-13,33.1101,34.88,33.1101,34.44,11.2537,4716649
2003-03-14,35.77,38.45,35.6,38.3401,12.528,10413837
2003-03-17,37.1,40.6501,36.7501,39.57,12.93,6345562
2003-03-18,40.0,40.9601,38.25,39.1801,12.8025,6937996
2003-03-19,39.5001,41.2,38.9201,39.74,12.9855,4785093
2003-03-20,39.3,40.4001,38.4401,38.95,12.7274,4320718
2003-03-21,39.35,41.9,39.2901,41.46,13.5475,7330655
2003-03-24,40.72,40.72,38.3201,38.61,12.6163,5594571
2003-03-25,38.3201,39.6501,37.1201,39.41,12.8777,6334440
2003-03-26,39.4501,40.0,38.62,39.0,12.7437,3631496
2003-03-27,38.51,38.58,37.24,37.45,12.2372,5021923
2003-03-28,37.88,38.09,36.8001,38.0,12.4169,3600880
2003-03-31,36.7001,37.1701,36.05,36.7001,11.9922,4473403
2003-04-01,36.52,38.0,35.92,36.97,12.0804,4143408
2003-04-02,37.9701,38.6901,37.52,38.4401,12.5607,5237514
2003-04-03,38.7001,40.35,38.25,39.51,12.9104,5301170
2003-04-04,39.9,41.04,39.0,40.5001,13.2339,5009320
2003-04-07,41.74,42.99,41.74,42.1401,13.7697,6589840
2003-04-08,41.7501,42.8,41.2301,41.6001,13.5933,6395792
2003-04-09,40.63,41.5001,40.0201,40.41,13.2044,7781923
2003-04-10,39.6601,39.8501,38.9701,39.1201,12.7829,7378150
2003-04-11,39.2801,40.2901,39.21,39.6601,12.9594,5634869
2003-04-14,39.7001,40.77,38.94,40.56,13.2535,4029965
2003-04-15,41.25,41.95,40.89,41.3,13.4953,4774784
2003-04-16,42.0,42.3901,40.8601,40.8601,13.3515,3752968
2003-04-17,40.53,41.57,40.3,40.5901,13.2633,3082003
2003-04-22,41.09,41.3,40.0,41.1801,13.4561,2093976
2003-04-23,41.99,43.25,41.5601,41.9,13.6913,5384335
2003-04-24,41.53,42.5601,41.0,41.21,13.4659,3487801
2003-04-25,41.21,41.5001,40.4401,40.64,13.2796,3036167
2003-04-28,40.15,42.06,39.9,41.88,13.6848,2942794
2003-04-29,42.3501,43.1,41.6001,41.95,13.7077,5830220
2003-04-30,42.1801,42.89,41.52,42.06,13.7436,3638737
2003-05-02,41.8201,41.99,41.05,41.67,13.6162,3697283
2003-05-05,42.3001,42.95,41.72,41.79,13.6554,3064892
2003-05-06,41.7101,43.0,41.5401,42.99,14.0475,3736502
2003-05-07,44.0,44.3401,43.05,43.1,14.0834,7684236
2003-05-08,42.7001,42.9801,41.4001,41.74,13.639,4810439
2003-05-09,41.79,41.9801,40.7501,41.5501,13.577,4938139
2003-05-12,42.05,42.4401,41.11,41.8601,13.6782,2814909
2003-05-13,42.15,42.8,41.6001,42.62,13.9266,3411572
2003-05-14,42.6001,43.8201,42.3001,42.8,13.9854,4343639
2003-05-15,43.5001,43.7701,42.6001,43.3001,14.1488,3952997
2003-05-16,43.5001,43.9801,42.5001,43.2301,14.1259,3848885
2003-05-19,42.4501,42.6501,40.9,41.0,13.3972,4730034
2003-05-20,41.0,41.48,40.2901,40.7501,13.3155,4731377
2003-05-21,40.9201,40.95,39.6501,40.94,13.3776,6250465
2003-05-22,40.88,41.4001,40.52,41.04,13.4103,4303488
2003-05-23,41.58,41.8101,40.2,41.5501,13.577,4520018
2003-05-26,41.4001,41.9801,41.1,41.1801,13.4561,1631983
2003-05-27,41.0301,41.4401,39.9,41.1201,13.4364,4105093
2003-05-28,41.58,42.17,41.1701,41.68,13.6194,4626491
2003-05-29,41.5001,42.4501,41.4501,42.05,13.7403,1517621
2003-05-30,41.2801,42.9801,41.2801,42.1,13.7567,5942667
2003-06-02,42.6001,43.2,42.15,42.8,13.9854,4652885
2003-06-03,42.4501,43.3401,42.2801,43.2,14.1161,4308089
2003-06-04,43.41,44.2301,42.73,43.62,14.2533,4375991
2003-06-05,44.0,44.75,43.3401,43.91,14.3481,5687491
2003-06-06,44.1,45.2501,44.06,44.9801,14.6977,4383231
2003-06-09,44.74,45.43,43.99,44.2401,14.4559,2590585
2003-06-10,43.9801,44.9801,43.6701,44.75,15.2065,8413710
2003-06-11,45.1,46.47,44.7201,46.4001,15.7672,5003824
2003-06-12,45.85,46.3401,44.9701,45.2901,15.7986,5309495
2003-06-13,45.32,45.89,44.33,44.47,15.5125,8021824
2003-06-16,44.2,45.9901,43.94,45.86,15.9974,4633920
2003-06-17,46.2501,46.8701,46.05,46.8,16.3253,4729419
2003-06-18,46.7,47.4501,46.2501,47.4501,16.552,3844754
2003-06-19,47.4501,47.49,45.6001,45.9801,16.0393,6043818
2003-06-20,45.2001,46.9,45.2001,46.81,16.3288,8474630
2003-06-23,46.3601,46.58,44.8,45.0301,15.7079,3196123
2003-06-24,45.1,45.8301,44.6501,45.15,15.7497,5862807
2003-06-25,45.26,45.74,44.28,45.0301,15.7079,5055116
2003-06-26,44.6101,45.42,44.6001,45.0401,15.7114,3146687
2003-06-27,45.2901,45.3501,44.7201,45.01,15.7009,4228638
2003-06-30,45.05,45.68,44.2501,44.2501,15.4358,4657131
2003-07-01,44.15,44.6501,43.5501,43.7101,15.2474,4226594
2003-07-02,44.6001,45.07,44.43,44.9201,15.6695,3669453
2003-07-03,45.11,45.6001,44.6501,45.01,15.7009,3853096
2003-07-04,44.63,44.9701,44.2501,44.2501,15.4358,3160942
2003-07-07,44.5101,45.7,44.5101,45.53,15.8823,3890861
2003-07-08,45.5701,46.5601,45.48,46.16,16.1021,3193185
2003-07-09,46.05,46.33,45.0901,45.28,15.7951,2901645
2003-07-10,45.1,45.4501,44.26,44.68,15.5858,2631902
2003-07-11,44.4501,45.48,44.11,45.48,15.8649,2346554
2003-07-14,45.75,46.64,45.2001,46.21,16.1195,2074057
2003-07-15,46.01,47.3101,45.85,46.3001,16.1509,2958781
2003-07-16,46.97,47.5001,45.9401,46.12,16.0881,3355232
2003-07-17,45.86,46.1,44.8801,45.8301,15.9869,3272809
2003-07-18,45.2401,46.6,45.15,45.9901,16.0428,3432076
2003-07-21,46.5601,46.6701,44.5501,44.69,15.5893,3154026
2003-07-22,44.8101,45.06,44.4001,44.95,15.68,2167878
2003-07-23,45.16,45.4001,44.5101,44.6701,15.5823,2606979
2003-07-24,44.6001,46.39,44.4501,46.27,16.1404,4149331
2003-07-25,45.8201,46.1,44.7601,45.11,15.7358,2544457
2003-07-28,45.8,46.7801,45.6101,46.42,16.1928,2516250
2003-07-29,46.22,47.33,46.05,46.2901,16.1474,4039813
2003-07-30,46.0401,47.2601,45.9,46.5601,16.2416,3604043
2003-07-31,47.7,48.95,47.28,48.32,16.8555,7079519
2003-08-01,48.65,49.17,47.37,47.55,16.5869,4292706
2003-08-04,47.6101,48.5801,46.43,47.05,16.4125,3107559
2003-08-05,47.6201,48.5001,47.1301,48.28,16.8416,3627777
2003-08-06,47.5001,47.6801,46.7101,46.91,16.3637,3960293
2003-08-07,47.4501,47.6801,46.0801,46.6101,16.259,3426457
2003-08-08,46.9801,47.48,46.42,46.7601,16.3114,2618907
2003-08-11,46.9901,47.48,46.7201,47.01,16.3986,1694408
2003-08-12,47.2601,48.0901,46.86,47.7701,16.6637,2656193
2003-08-13,48.2001,48.39,46.91,47.2901,16.4962,3466822
2003-08-14,47.4001,48.7,46.8,48.69,16.9846,3123077
2003-08-15,48.69,49.49,48.48,48.69,16.9846,2329841
2003-08-18,49.0001,49.2501,48.4101,49.2001,17.1625,1547561
2003-08-19,49.3501,49.4701,48.33,48.92,17.0648,2574018
2003-08-20,48.8,48.8,47.5101,47.9301,16.7195,2805003
2003-08-21,47.9401,48.12,46.85,47.0301,16.4055,4875269
2003-08-22,46.7,47.0401,46.22,46.6,16.2555,3945194
2003-08-25,46.43,46.49,45.8201,45.9201,16.0183,2532070
2003-08-26,45.9201,46.37,44.74,44.84,15.6416,5055547
2003-08-27,45.21,45.75,44.89,45.47,15.8614,7639223
2003-08-28,45.65,46.8901,45.3001,46.3401,16.1648,3979534
2003-08-29,46.6801,46.8901,45.33,45.38,15.83,3709629
2003-09-01,45.65,46.7,45.65,46.0301,16.0567,1994370
2003-09-02,46.26,46.5001,45.8,46.0,16.0462,2968919
2003-09-03,46.5001,47.6801,46.11,46.91,16.3637,5528397
2003-09-04,46.8701,47.1001,45.7,46.1301,16.0916,3591315
2003-09-05,46.2001,46.5201,45.37,45.8,15.9765,3385300
2003-09-08,45.7,46.4501,45.5501,46.0,16.0462,2875911
2003-09-09,46.33,46.33,45.2001,45.28,15.7951,3477198
2003-09-10,45.12,45.28,44.2501,44.6201,15.5649,3359923
2003-09-11,44.6001,45.28,44.2,44.8101,15.6311,2954538
2003-09-12,45.0,45.4001,43.91,44.3401,15.4672,5228684
2003-09-15,44.58,45.26,44.31,44.91,15.666,2926856
2003-09-16,45.22,46.22,44.95,46.1501,16.0986,3931748
2003-09-17,46.49,46.9801,45.85,45.85,15.9939,3980253
2003-09-18,45.86,46.49,45.31,46.49,16.2172,4104695
2003-09-19,46.5001,46.84,45.4501,45.6001,15.9067,5055793
2003-09-22,45.1,45.2301,43.6501,44.6601,15.5788,5340183
2003-09-23,44.9,44.9701,43.6001,44.64,15.5718,5447897
2003-09-24,45.01,45.85,44.68,44.75,15.6102,4983546
2003-09-25,44.12,44.3001,43.33,43.89,15.3102,5240163
2003-09-26,43.48,44.15,42.7201,43.95,15.3311,4448214
2003-09-29,43.69,44.2,42.42,42.9201,14.9718,4441129
2003-09-30,42.85,43.25,41.3501,42.1,14.6858,6490153
2003-10-01,42.21,43.3901,41.8201,43.3901,15.1358,5300381
2003-10-02,43.9,44.5001,43.79,43.85,15.2963,6492181
2003-10-03,44.0301,45.6601,44.0,45.5101,15.8753,4792283
2003-10-06,45.2501,45.95,45.22,45.4501,15.8544,2766138
2003-10-07,45.5701,45.58,44.28,44.7,15.5928,3771181
2003-10-08,44.5001,45.3001,44.3501,44.43,15.4986,3351888
2003-10-09,44.5501,45.8,44.15,45.7,15.9416,3453657
2003-10-10,45.8301,46.1901,45.1,45.5101,15.8753,2280607
2003-10-13,45.5701,46.59,45.5101,46.38,16.1788,2692655
2003-10-14,46.6701,46.7,45.7301,46.1301,16.0916,2794181
2003-10-15,46.5001,46.9801,45.7101,45.8101,15.98,4365755
2003-10-16,45.5501,46.58,45.5001,45.7701,15.966,3179792
2003-10-17,46.0,46.3001,44.8101,45.2001,15.7672,4107259
2003-10-20,44.91,45.75,44.6601,45.32,15.809,3098077
2003-10-21,45.6701,45.91,44.68,44.85,15.6451,2972287
2003-10-22,44.57,45.1301,43.8101,43.85,15.2963,4056962
2003-10-23,43.4501,43.95,43.2,43.5001,15.1742,3376413
2003-10-24,43.7101,43.8701,43.0,43.3401,15.1184,2353560
2003-10-27,43.5501,44.58,43.33,44.16,15.4044,3428477
2003-10-28,44.4101,45.33,44.4101,44.8301,15.6381,3461208
2003-10-29,45.47,45.5001,44.8701,44.95,15.68,2757941
2003-10-30,44.85,46.2901,44.85,45.5601,15.8928,4528188
2003-10-31,45.2901,45.5101,44.6101,45.2001,15.7672,4137891
2003-11-03,45.3401,46.7801,45.1801,46.7,16.2904,4531669
2003-11-04,46.6,46.9201,46.16,46.7301,16.3009,4035043
2003-11-05,46.65,47.23,45.6201,46.12,16.0881,6081199
2003-11-06,46.49,47.2601,45.75,46.6,16.2555,4290478
2003-11-07,47.0,47.5101,46.5201,46.7601,16.3114,4660924
2003-11-10,46.17,46.8301,45.9901,45.9901,16.0428,3223965
2003-11-11,45.8701,45.9201,45.4501,45.9,16.0114,2362126
2003-11-12,45.7201,46.5101,45.7201,46.4601,16.2067,3576768
2003-11-13,47.07,47.27,46.1,46.26,16.1369,3977542
2003-11-14,46.0401,47.3001,46.0,46.7301,16.3009,3599304
2003-11-17,46.0,46.2401,45.0301,45.1401,15.7462,4175743
2003-11-18,45.3001,45.52,44.68,44.9901,15.6939,3178226
2003-11-19,44.3501,45.12,43.8,44.9201,15.6695,5464216
2003-11-20,45.3001,45.3001,44.15,44.86,15.6486,4568154
2003-11-21,44.9201,45.5001,44.48,45.4501,15.8544,3239868
2003-11-24,45.6001,46.4501,45.5601,46.1801,16.109,3555111
2003-11-25,46.2901,47.0,46.2901,46.3101,16.1544,4026266
2003-11-26,46.28,47.1401,46.1401,46.4601,16.2067,4140972
2003-11-27,46.5001,47.0,46.3001,46.8801,16.3532,2329369
2003-11-28,47.1001,47.38,46.22,47.0,16.3951,9449894
2003-12-01,47.53,48.3001,47.0,48.0801,16.7718,4729430
2003-12-02,48.4001,48.6101,47.6201,47.9,16.709,4376250
2003-12-03,47.8901,49.1001,47.6301,48.5601,16.9393,5855998
2003-12-04,48.59,49.0901,48.4101,48.8401,17.0369,4735711
2003-12-05,48.5601,48.91,48.01,48.54,16.9323,3557347
2003-12-08,48.2101,48.2101,47.5601,48.1001,16.7788,2860635
2003-12-09,48.4501,48.7301,47.7701,48.39,16.88,4802454
2003-12-10,48.32,48.32,47.6,47.96,16.73,3366111
2003-12-11,48.17,48.74,47.9801,48.6701,16.9776,4117768
2003-12-12,48.7801,49.3001,48.3501,48.71,16.9916,3764467
2003-12-15,49.4501,49.55,48.9401,49.0301,17.1032,3258090
2003-12-16,48.65,49.6301,48.5701,49.43,17.2427,3904541
2003-12-17,49.6,49.6,48.18,48.3501,16.866,6362515
2003-12-18,48.0,48.9401,47.9,48.71,16.9916,4052259
2003-12-19,48.95,49.12,48.5101,48.95,17.0753,3586977
2003-12-22,48.27,49.2001,48.27,49.08,17.1206,2670562
2003-12-23,49.1501,49.3001,48.9,49.0501,17.1102,1814455
2003-12-24,48.97,49.33,48.9,49.1001,17.1276,872787
2003-12-29,49.1001,49.5,49.1001,49.33,17.2079,1958330
2003-12-30,49.55,49.9,49.3601,49.54,17.2811,2274941
2003-12-31,49.13,49.92,49.13,49.92,17.4137,1331608
2004-01-02,49.7,50.2001,49.65,50.1501,17.4939,1626674
2004-01-05,50.1001,50.65,49.81,50.6,17.6509,2562371
2004-01-06,50.7,50.8,50.1001,50.5,17.616,2429560
2004-01-07,50.7,50.9501,49.86,50.1501,17.4939,3541749
2004-01-08,50.45,51.3501,50.4001,50.75,17.7032,3149941
2004-01-09,51.4,51.7,50.5,50.75,17.7032,3631420
2004-01-12,50.5,50.9501,50.0501,50.5,17.616,2831118
2004-01-13,50.9501,51.45,50.2001,50.3501,17.5637,3647682
2004-01-14,50.2001,50.6,49.75,50.0501,17.459,5663144
2004-01-15,50.0001,50.65,49.65,50.2501,17.5288,3811508
2004-01-16,50.55,51.1001,50.3501,50.75,17.7032,2990972
2004-01-19,50.5,51.0501,50.3001,50.85,17.7381,2332786
2004-01-20,50.55,50.9001,50.2001,50.45,17.5985,3189379
2004-01-21,50.3501,50.9001,50.1501,50.75,17.7032,2770233
2004-01-22,51.0501,51.6,50.85,51.2001,17.8602,3405399
2004-01-23,51.4,51.9001,51.1001,51.65,18.0171,3200433
2004-01-26,51.4,51.65,51.0501,51.5,17.9648,2463570
2004-01-27,52.0001,52.4,51.55,51.7,18.0346,2952804
2004-01-28,51.75,51.8,51.2001,51.8,18.0695,2785755
2004-01-29,51.6,51.6,50.6,51.1001,17.8253,3108684
2004-01-30,51.2501,51.3001,49.96,50.0001,17.4416,3426752
2004-02-02,50.6,51.4,50.4001,51.1501,17.8427,3004877
2004-02-03,51.4,51.6,50.8,51.2001,17.8602,2644221
2004-02-04,51.0501,51.2501,50.1501,50.2001,17.5113,2939864
2004-02-05,49.3001,50.1001,49.3001,49.5,17.2672,7253936
2004-02-06,49.6,50.0501,49.2501,49.9,17.4067,4280153
2004-02-09,49.85,50.75,49.85,50.1501,17.4939,3999972
2004-02-10,50.0001,50.6,49.9901,50.4001,17.5811,2447343
2004-02-11,50.4001,50.9501,50.2001,50.8,17.7206,3527761
2004-02-12,51.2001,52.0001,51.1001,51.4,17.9299,4709016
2004-02-13,51.3001,51.9501,50.85,51.3001,17.8951,3213177
2004-02-16,51.1001,51.75,51.0001,51.75,18.052,1742514
2004-02-17,51.7,51.9501,51.45,51.65,18.0171,3084639
2004-02-18,51.9001,51.9001,50.85,51.0501,17.8078,3278123
2004-02-19,50.9001,52.1501,50.85,51.8501,18.0869,3371377
2004-02-20,51.55,51.8501,51.4,51.7,18.0346,3048519
2004-02-23,51.9001,52.2001,51.75,51.9001,18.1043,1945204
2004-02-24,51.75,51.8,50.65,51.3001,17.8951,4302825
2004-02-25,51.3001,51.4,50.45,50.85,17.7381,3715989
2004-02-26,51.2001,51.2001,49.9501,50.4001,17.5811,5198414
2004-02-27,50.65,51.1501,50.55,50.85,17.7381,2975105
2004-03-01,51.0001,51.4,50.3001,50.65,17.6683,2681406
2004-03-02,50.9501,51.3001,50.3501,50.85,17.7381,2963820
2004-03-03,50.7,50.75,49.8201,50.4001,17.5811,3892365
2004-03-04,50.3501,51.1501,50.2001,50.7,17.6858,3476041
2004-03-05,51.0501,51.6,50.1001,50.7,17.6858,3839529
2004-03-08,50.7,50.9501,50.3001,50.55,17.6334,2556585
2004-03-09,50.2501,50.45,49.55,49.7801,17.3648,3712822
2004-03-10,49.5,50.5,49.3001,50.2001,17.5113,3973235
2004-03-11,49.5101,49.64,48.07,48.8,17.023,6615746
2004-03-12,48.1001,49.44,47.16,49.0401,17.1067,6344609
2004-03-15,48.8,49.2401,47.4101,47.55,16.5869,6245930
2004-03-16,48.0901,49.8801,47.76,48.85,17.0404,7531519
2004-03-17,48.9,49.6801,48.5601,49.4001,17.2323,6033175
2004-03-18,49.3001,49.64,48.3001,48.55,16.9358,3864900
2004-03-19,49.06,49.4501,48.65,49.08,17.1206,3717185
2004-03-22,48.5201,48.8301,47.85,48.3601,16.8695,4105176
2004-03-23,48.0501,48.9301,48.0,48.39,16.88,4147196
2004-03-24,48.23,49.0401,47.2501,47.97,16.7334,5476108
2004-03-25,48.17,49.18,48.17,48.5201,16.9253,4050283
2004-03-26,49.0401,49.48,48.55,49.23,17.173,3917233
2004-03-29,49.2601,50.0501,49.1601,49.97,17.4311,2973275
2004-03-30,49.9,50.0001,49.4701,49.9901,17.4381,3398391
2004-03-31,49.9901,50.55,49.6,49.7301,17.3474,4742089
2004-04-01,50.0001,51.0001,49.75,50.8,17.7206,3310332
2004-04-02,50.8,52.2501,50.7,52.0001,18.1392,4528717
2004-04-05,52.0501,53.2501,51.8,52.65,18.366,4563205
2004-04-06,52.0001,52.8001,51.6,52.2501,18.2264,4809451
2004-04-07,52.2501,52.8501,52.0001,52.65,18.366,3227587
2004-04-08,53.0001,53.35,52.2501,52.45,18.2962,2584362
2004-04-13,52.9001,53.35,52.65,53.0001,18.4881,2218401
2004-04-14,52.4,53.1501,51.3501,52.1001,18.1741,4606350
2004-04-15,51.75,52.0501,50.85,51.1001,17.8253,3889304
2004-04-16,50.85,51.75,50.75,51.5,17.9648,5586596
2004-04-19,51.6,51.75,51.1001,51.4,17.9299,2578549
2004-04-20,51.8501,52.8501,51.75,52.4,18.2788,2916688
2004-04-21,51.75,52.2001,51.4,51.55,17.9823,19178390
2004-04-22,51.5,51.8,50.75,51.7,18.0346,3697334
2004-04-23,52.1001,52.7,52.0501,52.1501,18.1916,2689687
2004-04-26,52.1501,52.65,51.6,51.65,18.0171,2949586
2004-04-27,51.65,52.1501,51.45,51.7,18.0346,3747443
2004-04-28,51.8501,52.1501,50.85,51.1001,17.8253,3561101
2004-04-29,51.0001,51.1501,50.0501,50.4001,17.5811,4030090
2004-04-30,50.0001,50.45,49.69,50.1001,17.4765,4260348
2004-05-03,49.85,50.8,49.85,50.65,17.6683,1333699
2004-05-04,50.85,51.1501,49.9,50.9001,17.7555,3206812
2004-05-05,50.5,51.3001,50.2501,51.1501,17.8427,2441649
2004-05-06,51.1001,51.1001,49.4501,49.4501,17.2497,5200057
2004-05-07,49.44,49.8401,48.81,49.1901,17.159,4990004
2004-05-10,48.5001,48.8201,47.6201,48.3001,16.8486,5199507
2004-05-11,48.5101,49.2501,48.5101,48.95,17.0753,3204497
2004-05-12,49.1501,49.1501,48.12,48.1401,16.7927,2928462
2004-05-13,48.6,48.95,48.1401,48.95,17.0753,3783057
2004-05-14,48.85,49.3001,48.5101,48.86,17.0439,4011820
2004-05-17,48.27,48.3001,47.0301,48.12,16.7858,4825545
2004-05-18,48.48,49.3501,48.2001,48.9,17.0579,5910628
2004-05-19,49.5101,50.75,49.48,50.3501,17.5637,3809552
2004-05-20,49.9,49.92,49.4001,49.6701,17.3265,1969518
2004-05-21,50.1001,50.2001,49.3001,49.7301,17.3474,1858846
2004-05-24,50.2001,50.85,49.9,50.3501,17.5637,2392994
2004-05-25,49.9501,50.3001,49.55,50.1001,17.4765,3616933
2004-05-26,50.9001,51.0001,50.3001,50.75,17.7032,2481091
2004-05-27,50.9501,51.3501,50.75,50.9001,17.7555,5656482
2004-05-28,51.2501,51.3501,49.8401,50.0001,17.4416,3820368
2004-05-31,50.0001,50.6,49.92,50.5,17.616,827668
2004-06-01,50.55,50.55,49.6,49.97,17.4311,2397276
2004-06-02,50.3001,50.85,49.9,50.1501,17.4939,4553087
2004-06-03,50.1501,50.9001,49.85,50.85,17.7381,2921670
2004-06-04,50.85,51.75,50.75,51.5,17.9648,5227997
2004-06-07,51.5,52.1001,51.1001,51.55,17.9823,3903932
2004-06-08,51.55,51.9501,51.3501,51.55,17.9823,2333691
2004-06-09,51.9501,52.3001,51.1501,51.3001,17.8951,3982956
2004-06-10,51.5,52.0001,51.3001,51.9501,18.1218,5334526
2004-06-11,50.9001,50.9001,50.2501,50.65,18.1756,2206453
2004-06-14,50.5,50.7,49.64,50.1501,17.9962,5147016
2004-06-15,50.4001,51.0001,50.1501,50.9001,18.2653,2891800
2004-06-16,50.9001,51.75,50.9001,51.3501,18.4268,2214412
2004-06-17,51.0501,51.8501,51.0501,51.6,18.5165,2997598
2004-06-18,51.75,52.2501,51.2001,52.0001,18.6601,6190890
2004-06-21,52.2501,52.3001,51.45,51.8501,18.6062,2854904
2004-06-22,51.7,51.75,51.0001,51.3001,18.4089,3126340
2004-06-23,51.9001,52.1001,51.6,51.8,18.5883,21228481
2004-06-24,52.0501,52.35,51.1501,51.5,18.4806,4446674
2004-06-25,51.2501,51.7,51.1501,51.3001,18.4089,2256597
2004-06-28,51.4,51.9001,51.2001,51.6,18.5165,2602296
2004-06-29,51.2501,51.45,50.8,51.3001,18.4089,4530808
2004-06-30,51.4,51.55,50.5,50.55,18.1397,4351356
2004-07-01,50.8,51.0501,49.85,50.0001,17.9424,4530862
2004-07-02,49.85,50.0001,48.8901,49.38,17.7199,5756167
2004-07-05,49.3601,49.66,49.2501,49.4101,17.7306,1622643
2004-07-06,49.34,49.6,48.8401,49.2401,17.6696,3069761
2004-07-07,49.34,49.8801,49.02,49.02,17.5907,3480350
2004-07-08,48.9901,49.3501,48.5101,49.3501,17.7091,3216270
2004-07-09,49.0001,49.3501,48.53,49.17,17.6445,2906815
2004-07-12,48.8201,49.5601,48.76,48.96,17.5692,1799524
2004-07-13,49.2001,49.6201,48.49,49.1401,17.6338,3247819
2004-07-14,48.9401,48.97,48.23,48.5001,17.4041,3626930
2004-07-15,48.28,48.3001,47.37,47.5001,17.0452,4190581
2004-07-16,47.6301,47.7101,47.07,47.21,16.9412,3876253
2004-07-19,47.21,47.4101,46.75,47.1401,16.9161,2756052
2004-07-20,47.0401,47.49,46.21,47.44,17.0237,3395718
2004-07-21,48.06,48.2401,47.65,47.8901,17.1852,2961260
2004-07-22,47.23,47.3001,46.7201,46.9301,16.8407,3671615
2004-07-23,47.07,47.2001,46.3601,46.38,16.6433,3316033
2004-07-26,46.47,46.8301,46.07,46.1801,16.5716,3040378
2004-07-27,46.2501,47.01,46.16,47.01,16.8694,2874506
2004-07-28,47.4601,47.7,47.0301,47.17,16.9268,3878545
2004-07-29,47.39,48.33,47.37,48.33,17.3431,3690711
2004-07-30,48.11,48.6801,47.64,48.38,17.361,3526583
2004-08-02,48.7201,48.7701,48.0401,48.5601,17.4256,4065118
2004-08-03,48.8701,49.5801,48.8701,49.5201,17.7701,5975666
2004-08-04,49.2001,49.44,48.8,49.3701,17.7163,3686306
2004-08-05,49.5801,50.6,49.5201,49.9,17.9065,3469647
2004-08-06,49.2501,49.9301,48.43,48.43,17.379,4291984
2004-08-09,48.4601,48.5101,47.5701,48.01,17.2283,2821109
2004-08-10,48.0,48.81,47.95,48.8,17.5118,2785854
2004-08-11,48.9,48.9,47.7201,48.3601,17.3539,2990364
2004-08-12,48.37,49.3501,48.37,48.9901,17.5799,4538551
2004-08-13,48.4501,49.2001,48.2501,48.6601,17.4615,2855056
2004-08-16,48.5001,49.18,48.17,49.07,17.6086,2352045
2004-08-17,49.1401,49.6201,48.7201,49.3601,17.7127,2574069
2004-08-18,49.2101,49.7801,48.86,49.6701,17.8239,2095502
2004-08-19,49.8,50.1501,49.5801,49.85,17.8885,2442352
2004-08-20,49.76,49.8201,49.06,49.6,17.7988,1912178
2004-08-23,50.0001,50.55,49.86,50.55,18.1397,2277917
2004-08-24,50.65,50.9501,50.3501,50.55,18.1397,2204572
2004-08-25,50.6,50.85,50.0501,50.4001,18.0859,2499292
2004-08-26,50.9001,51.0001,50.6,50.9001,18.2653,2125731
2004-08-27,51.0001,51.2501,50.65,51.1501,18.355,2407902
2004-08-30,51.1501,51.3001,50.5,50.7,18.1936,1832181
2004-08-31,50.45,50.8,49.7701,49.7701,17.8598,6112189
2004-09-01,50.0001,50.4001,49.9501,50.2001,18.0141,3110863
2004-09-02,50.0501,50.65,49.8401,50.5,18.1218,2199156
2004-09-03,50.5,51.3501,50.1001,51.2501,18.3909,2542613
2004-09-06,51.3501,51.75,51.2001,51.3501,18.4268,1493062
2004-09-07,51.55,51.7,51.1501,51.55,18.4986,2358980
2004-09-08,51.3501,51.65,51.1501,51.55,18.4986,2518352
2004-09-09,51.2501,51.2501,50.8,51.0001,18.3012,2537332
2004-09-10,51.0001,51.6,50.85,51.4,18.4448,2053666
2004-09-13,51.5,52.1501,51.5,52.1501,18.7139,2396208
2004-09-14,52.1501,52.1501,51.6,51.75,18.5704,2571408
2004-09-15,52.0001,52.2001,51.6,51.8501,18.6062,2432218
2004-09-16,51.9001,52.2001,51.6,52.0001,18.6601,2026349
2004-09-17,52.1001,53.2501,51.9501,53.0001,19.0189,5173995
2004-09-20,52.7,52.9001,52.35,52.75,18.9292,2054822
2004-09-21,52.6,53.45,52.6,53.3001,19.1266,3043705
2004-09-22,53.1001,53.55,52.45,52.7,18.9113,3298034
2004-09-23,52.45,52.7,51.75,52.1001,18.6959,5515031
2004-09-24,52.0001,52.2501,51.75,52.2001,18.7318,2126685
2004-09-27,52.35,52.35,51.75,51.9501,18.6421,1591694
2004-09-28,51.9501,52.35,51.7,52.0501,18.678,2140689
2004-09-29,52.0501,52.9001,52.0501,52.45,18.8215,4161308
2004-09-30,52.9001,53.3001,51.75,52.0001,18.6601,6846692
2004-10-01,52.2501,53.9501,52.2001,53.65,19.2522,4471483
2004-10-04,54.1001,54.8501,54.1001,54.4,19.5213,4440913
2004-10-05,54.5,55.0001,54.4,54.55,19.5751,3267491
2004-10-06,54.6,54.8001,54.0501,54.5,19.5572,3239080
2004-10-07,54.4,54.8001,53.8501,54.2001,19.4495,2901429
2004-10-08,54.0001,54.3,53.2001,53.7501,19.288,4433704
2004-10-11,53.5,53.9001,53.35,53.9001,19.3419,1509561
2004-10-12,53.35,53.7,52.9001,53.35,19.1445,2315666
2004-10-13,53.5,54.2501,53.45,53.7501,19.288,4076885
2004-10-14,53.2001,53.35,52.8501,52.9001,18.983,2968542
2004-10-15,52.5,52.75,52.0001,52.6,18.8754,5359721
2004-10-18,52.7,52.7,52.2501,52.5,18.8395,2656666
2004-10-19,52.9001,53.7501,52.9001,53.1001,19.0548,4878564
2004-10-20,52.5,52.65,51.9001,52.35,18.7857,3790194
2004-10-21,52.8501,52.9001,51.8,52.55,18.8574,2817348
2004-10-22,52.7,53.4,52.55,53.0001,19.0189,2970119
2004-10-25,52.0501,52.2001,51.5,51.9501,18.6421,3559565
2004-10-26,52.0501,52.35,51.75,51.9501,18.6421,1816898
2004-10-27,52.1501,52.9001,51.65,52.8501,18.9651,4038135
2004-10-28,53.1001,53.9001,53.1001,53.7501,19.288,3584610
2004-10-29,53.5,53.9501,53.35,53.35,19.1445,2893464
2004-11-01,53.2501,54.0501,53.0501,53.8501,19.3239,1642872
2004-11-02,54.0001,54.35,53.6,54.1501,19.4316,2434666
2004-11-03,54.55,54.9501,54.5,54.55,19.5751,3835327
2004-11-04,54.1501,54.3,53.35,54.1501,19.4316,4007049
2004-11-05,54.6,54.8501,54.0501,54.1501,19.4316,3667473
2004-11-08,54.1001,54.3,53.65,54.0501,19.3957,2040801
2004-11-09,54.2001,54.2501,53.4,53.6,19.2342,3518639
2004-11-10,53.8001,54.2501,53.45,53.9001,19.3419,3344327
2004-11-11,53.8501,54.7501,53.6,54.45,19.5392,2311429
2004-11-12,54.7001,54.8001,53.8501,54.0001,19.3778,3154100
2004-11-15,54.45,54.6,53.8501,54.0001,19.3778,2672460
2004-11-16,54.0001,54.2501,53.0001,53.4,19.1624,4246119
2004-11-17,53.45,54.2501,53.0501,54.1501,19.4316,4414032
2004-11-18,53.9501,54.2501,53.55,54.0001,19.3778,2952304
2004-11-19,54.0501,54.2001,52.8501,53.1001,19.0548,5196977
2004-11-22,52.75,53.0501,52.2501,52.65,18.8933,3214360
2004-11-23,53.0001,53.2501,52.45,52.6,18.8754,3214360
2004-11-24,53.2001,53.2001,52.1001,52.3001,18.7677,3214360
2004-11-25,52.5,53.0001,52.35,52.9501,19.001,3214360
2004-11-26,52.6,52.9501,52.45,52.75,18.9292,1437997
2004-11-29,52.8501,53.35,52.45,52.45,18.8215,2357184
2004-11-30,52.6,52.65,52.0001,52.3001,18.7677,3009865
2004-12-01,52.3001,53.55,52.0001,53.1501,19.0727,3893029
2004-12-02,53.5,53.7501,53.2001,53.6,19.2342,3788822
2004-12-03,53.7,54.0501,52.75,53.1001,19.0548,3974527
2004-12-06,52.8501,53.0501,52.55,52.75,18.9292,1688527
2004-12-07,52.65,53.1501,52.3001,52.9001,18.983,2853593
2004-12-08,52.45,52.9501,52.3001,52.65,18.8933,3140591
2004-12-09,52.4,52.75,52.0001,52.45,18.8215,4263283
2004-12-10,52.65,53.1501,52.55,53.1501,19.0727,4186466
2004-12-13,53.3001,54.2001,53.2501,53.7501,19.288,4986430
2004-12-14,54.2001,54.2001,53.65,54.0001,19.3778,4758566
2004-12-15,54.0001,54.0001,53.4,53.4,19.1624,3631204
2004-12-16,53.4,53.9001,53.2001,53.6,19.2342,3056587
2004-12-17,53.65,53.8001,52.5,52.6,18.8754,4629451
2004-12-20,52.55,53.1001,52.55,53.0001,19.0189,2746749
2004-12-21,52.8501,53.0001,52.55,52.75,18.9292,1763471
2004-12-22,53.1501,53.5,53.0001,53.2001,19.0907,2668446
2004-12-23,53.1501,53.7,53.1501,53.5,19.1983,1704544
2004-12-24,53.45,53.55,53.3001,53.4,19.1624,263786
2004-12-27,53.2001,53.8001,53.2001,53.45,19.1804,1585631
2004-12-28,53.55,53.7501,53.2501,53.6,19.2342,883280
2004-12-29,53.7501,53.8501,53.4,53.65,19.2522,938590
2004-12-30,53.7501,53.7501,53.35,53.4,19.1624,976108
2004-12-31,53.4,53.45,53.0001,53.3001,19.1266,964188
2005-01-03,53.4,54.3,53.2001,53.7,19.2701,1841745
2005-01-04,53.55,54.35,53.3001,54.0501,19.3957,2920529
2005-01-05,53.55,54.3,53.5,53.7501,19.288,3084783
2005-01-06,53.7501,54.7001,53.7,54.55,19.5751,3838419
2005-01-07,54.35,55.35,54.1001,55.2001,19.8084,5769216
2005-01-10,55.25,55.4,54.9501,55.3,19.8443,2924262
2005-01-11,55.4,55.55,54.7501,55.1001,19.7725,4851714
2005-01-12,55.0001,55.1001,54.1001,54.3,19.4854,3229124
2005-01-13,54.45,54.65,53.8501,54.5,19.5572,3218513
2005-01-14,54.55,55.35,54.35,55.0001,19.7366,3104100
2005-01-17,55.1001,55.8001,55.0501,55.6501,19.9699,2310370
2005-01-18,55.55,55.7501,55.1501,55.7501,20.0057,3080414
2005-01-19,55.9501,56.25,55.55,55.7501,20.0057,3761080
2005-01-20,55.2001,55.45,54.9501,55.2001,19.8084,2914748
2005-01-21,54.9001,55.5,54.9001,55.5,19.916,2123368
2005-01-24,55.1001,55.3,54.7501,55.1501,19.7904,2786323
2005-01-25,55.25,55.7501,55.1501,55.6,19.9519,3007967
2005-01-26,55.6501,55.6501,55.0001,55.0001,19.7366,2862149
2005-01-27,55.2001,55.35,54.6,55.1001,19.7725,2777581
2005-01-28,55.1501,55.2001,54.45,54.5,19.5572,2194302
2005-01-31,54.8501,55.35,54.8001,55.35,19.8622,2897680
2005-02-01,55.4,55.6501,55.0501,55.6501,19.9699,2905702
2005-02-02,55.8001,55.9501,55.55,55.9501,20.0775,2913963
2005-02-03,56.0001,56.3,54.6,55.25,19.8263,6001688
2005-02-04,54.8001,55.25,54.3,54.8001,19.6648,6483020
2005-02-07,55.0001,55.1501,54.45,54.9001,19.7007,4354473
2005-02-08,54.9001,55.35,54.55,54.65,19.611,4664907
2005-02-09,54.8001,55.0501,54.1001,54.7001,19.629,3841589
2005-02-10,54.9501,55.5,54.65,55.0001,19.7366,4983137
2005-02-11,55.1501,56.0501,55.0001,56.0501,20.1134,4774469
2005-02-14,55.9501,56.25,55.6,56.1001,20.1313,3563983
2005-02-15,56.1001,56.45,55.7501,56.3,20.2031,3309658
2005-02-16,56.4,56.4,55.55,55.7001,19.9878,3318257
2005-02-17,55.7001,55.8501,55.25,55.35,19.8622,2566010
2005-02-18,55.35,55.5,55.0501,55.4,19.8801,3863440
2005-02-21,55.35,55.45,54.35,54.55,19.5751,3610932
2005-02-22,54.35,54.8501,54.2001,54.8001,19.6648,3209466
2005-02-23,54.5,54.6,54.1001,54.55,19.5751,4589254
2005-02-24,54.55,54.8001,54.35,54.6,19.5931,2720022
2005-02-25,54.9001,55.2001,54.7001,55.0501,19.7545,2690263
2005-02-28,55.1501,55.35,54.7501,54.8001,19.6648,3133276
2005-03-01,54.65,55.45,54.55,55.0501,19.7545,3081834
2005-03-02,55.0001,55.25,54.7001,55.25,19.8263,2821067
2005-03-03,55.1501,55.4,54.7001,55.1501,19.7904,2500452
2005-03-04,55.3,55.5,54.9001,55.45,19.8981,3139238
2005-03-07,55.5,55.6,55.2001,55.4,19.8801,2225149
2005-03-08,55.1501,55.8501,55.1501,55.7001,19.9878,3544415
2005-03-09,55.8501,55.9501,54.9001,55.25,19.8263,3481545
2005-03-10,55.0001,55.45,54.9001,55.1001,19.7725,2880554
2005-03-11,55.45,55.6501,55.2001,55.3,19.8443,2071034
2005-03-14,55.3,55.6,55.1501,55.4,19.8801,1895255
2005-03-15,55.6,55.9001,55.45,55.7001,19.9878,2893362
2005-03-16,55.5,55.55,54.35,54.45,19.5392,4177417
2005-03-17,54.5,55.0501,53.8001,54.7501,19.6469,4896427
2005-03-18,54.8501,55.25,54.8001,55.1001,19.7725,4513392
2005-03-21,55.0001,55.4,54.65,54.8501,19.6828,3558625
2005-03-22,54.9001,55.1001,54.1001,54.9501,19.7187,3690353
2005-03-23,54.4,54.65,54.2001,54.45,19.5392,4222680
2005-03-24,54.6,55.8001,54.6,55.55,19.934,4077055
2005-03-29,55.6,55.6501,54.7001,55.4,19.8801,3929888
2005-03-30,55.25,55.3,54.8001,55.0001,19.7366,2755753
2005-03-31,55.3,55.5,54.65,54.65,19.611,3556368
2005-04-01,54.7501,55.1501,54.4,54.8001,19.6648,2985197
2005-04-04,54.65,54.65,53.8501,54.2501,19.4675,4028336
2005-04-05,54.7501,55.0001,54.65,54.8501,19.6828,2612492
2005-04-06,55.0001,55.25,54.8001,54.8001,19.6648,2396513
2005-04-07,54.9001,55.3,54.7501,55.0001,19.7366,2574742
2005-04-08,55.0501,55.45,54.9501,55.1001,19.7725,2069578
2005-04-11,54.9501,55.7001,54.8001,55.35,19.8622,2560978
2005-04-12,55.4,55.6,54.8501,54.9501,19.7187,2665944
2005-04-13,55.4,55.7001,55.3,55.3,19.8443,3846674
2005-04-14,54.9001,55.1001,54.65,55.0001,19.7366,3324922
2005-04-15,54.6,54.6,53.7501,53.8001,19.306,4892294
2005-04-18,53.2001,53.2001,52.2501,52.45,18.8215,6018864
2005-04-19,52.8501,53.0501,52.55,52.8501,18.9651,4190148
2005-04-20,53.0501,53.3001,52.0501,52.2001,18.7318,5166156
2005-04-21,52.0501,52.45,51.8,51.8,18.5883,4164018
2005-04-22,52.2501,52.8001,52.1001,52.7,18.9113,3485156
2005-04-25,52.7,52.9501,52.45,52.65,18.8933,2893772
2005-04-26,52.65,52.8001,52.3001,52.75,18.9292,2571427
2005-04-27,52.6,52.8501,51.4,51.9001,18.6242,3852128
2005-04-28,52.0001,52.3001,50.85,51.45,18.4627,5109643
2005-04-29,50.8,51.4,50.7,50.9001,18.2653,5429672
2005-05-02,51.2001,51.8501,51.0501,51.65,18.5345,2063751
2005-05-03,51.75,52.2001,51.3501,52.1501,18.7139,3196105
2005-05-04,52.3001,52.5,51.65,52.4,18.8036,3528950
2005-05-05,52.5,53.1501,52.45,52.9501,19.001,2218568
2005-05-06,53.0501,53.45,52.7,53.1001,19.0548,2573976
2005-05-09,52.8501,53.0501,52.4,52.75,18.9292,3064467
2005-05-10,52.8001,53.0501,51.9001,52.2001,18.7318,3241616
2005-05-11,52.0001,52.6,51.8,52.0001,18.6601,3167356
2005-05-12,53.7501,54.8501,53.5,53.9501,19.3598,13320003
2005-05-13,53.55,54.3,53.55,53.8501,19.3239,4394404
2005-05-16,53.6,54.1501,53.6,53.8501,19.3239,2315290
2005-05-17,54.1001,54.1001,53.65,53.9001,19.3419,2894726
2005-05-18,54.1501,55.55,54.0501,55.5,19.916,8013914
2005-05-19,55.45,55.6501,54.8001,55.1001,19.7725,5350675
2005-05-20,55.25,55.3,54.6,54.8001,19.6648,4619748
2005-05-23,55.1501,55.45,54.8001,55.1501,19.7904,3054587
2005-05-24,55.2001,55.5,55.0501,55.5,19.916,2837951
2005-05-25,55.6,55.9001,55.1501,55.35,19.8622,3178540
2005-05-26,55.4,55.9001,55.25,55.8501,20.0416,19704179
2005-05-27,55.9001,56.9001,55.55,56.9001,20.4184,4594378
2005-05-30,54.6,54.8001,54.1001,54.55,20.2882,3042625
2005-05-31,54.45,54.9001,54.45,54.65,20.3254,4645959
2005-06-01,54.8501,55.7501,54.8001,55.7501,20.7345,3247963
2005-06-02,55.9001,56.45,55.6501,56.3,20.9391,4520820
2005-06-03,56.4,56.8001,55.9001,56.0501,20.8461,4363373
2005-06-06,55.9501,56.0501,55.3,55.35,20.5858,3471829
2005-06-07,55.55,55.9501,55.5,55.8501,20.7717,2975017
2005-06-08,55.7001,56.1001,55.45,55.6501,20.6974,3004873
2005-06-09,55.7001,55.9501,55.55,55.7501,20.7345,2498939
2005-06-10,56.0001,56.8001,56.0001,56.45,20.9949,4000054
2005-06-13,56.7001,56.7501,55.8501,56.25,20.9205,2488127
2005-06-14,56.0001,56.25,55.7001,55.7001,20.716,3100477
2005-06-15,56.1001,56.7001,56.1001,56.4,20.9763,3485047
2005-06-16,56.7001,56.8501,56.1001,56.6001,21.0507,4295876
2005-06-17,56.45,57.45,56.4,56.8501,21.1437,4351740
2005-06-20,56.9001,56.9001,55.8501,56.0501,20.8461,3908871
2005-06-21,56.45,56.7501,56.4,56.5,21.0135,2044583
2005-06-22,56.8001,57.3,56.6001,56.7501,21.1065,2695964
2005-06-23,57.0001,57.15,56.6001,56.9501,21.1809,2132630
2005-06-24,56.7001,56.7001,56.1001,56.45,20.9949,2643847
2005-06-27,56.2,56.3,55.5,55.6,20.6788,4043155
2005-06-28,55.9001,56.2,55.6,56.0001,20.8275,2037409
2005-06-29,56.0001,56.8501,56.0001,56.5,21.0135,2913334
2005-06-30,56.5,57.0501,56.2,56.7001,21.0879,3228829
2005-07-01,56.9501,57.3,56.4,57.1001,21.2366,2454853
2005-07-04,57.15,57.25,56.7001,56.8501,21.1437,1492798
2005-07-05,56.8501,56.9001,56.3,56.8001,21.1251,2499456
2005-07-06,57.1001,57.35,56.7501,56.9501,21.1809,2845223
2005-07-07,56.8001,56.9001,53.55,56.1001,20.8647,15387957
2005-07-08,56.8501,57.0501,56.3,57.0501,21.218,3317602
2005-07-11,57.3,58.0501,57.3,57.8501,21.5156,4043497
2005-07-12,57.6501,57.9501,57.25,57.8001,21.497,2785434
2005-07-13,57.9001,58.45,57.7501,58.4,21.7201,3334212
2005-07-14,58.5001,59.7501,58.3,59.35,22.0735,4275112
2005-07-15,59.5501,59.9501,59.35,59.7001,22.2036,3633761
2005-07-18,59.6501,60.35,59.6501,59.8001,22.2408,3656042
2005-07-19,59.8001,60.35,59.7001,60.35,22.4454,5067735
2005-07-20,60.1,60.5001,59.8001,60.15,22.371,3784663
2005-07-21,60.5001,61.4001,60.05,61.1,22.7243,5896802
2005-07-22,61.2,61.5001,60.35,60.7001,22.5756,2642182
2005-07-25,60.7501,60.9001,60.2,60.2,22.3896,2884454
2005-07-26,60.3,60.8001,60.05,60.5001,22.5012,2423753
2005-07-27,60.5501,60.8501,60.2,60.35,22.4454,2143607
2005-07-28,60.6501,60.9501,60.2,60.5001,22.5012,2980396
2005-07-29,60.5501,60.7001,59.2,59.6501,22.185,4939668
2005-08-01,59.7501,60.1,59.25,59.4,22.0921,3005374
2005-08-02,59.4,60.4001,59.2,60.4001,22.464,2688711
2005-08-03,60.35,61.15,59.6001,60.0001,22.3152,5594051
2005-08-04,60.05,60.4001,59.6001,60.0001,22.3152,3753755
2005-08-05,59.5001,61.2,59.4501,60.3,22.4268,6314689
2005-08-08,60.7501,60.7501,59.8501,59.9001,22.278,2176753
2005-08-09,59.8001,60.4001,59.5001,60.3,22.4268,2354630
2005-08-10,60.35,61.25,60.0001,61.05,22.7057,3005001
2005-08-11,60.6501,61.1,60.25,61.1,22.7243,3258329
2005-08-12,60.9501,61.2,60.2,60.6001,22.5384,1937124
2005-08-15,60.5001,61.1,60.4501,60.8001,22.6127,1521049
2005-08-16,61.15,61.3,60.0001,60.0001,22.3152,2298986
2005-08-17,59.7501,60.05,59.2,59.9501,22.2966,2608708
2005-08-18,59.8501,60.2,59.3,59.7501,22.2222,1778041
2005-08-19,59.8001,60.5001,59.4,60.4501,22.4826,3054548
2005-08-22,60.4001,60.8001,60.4001,60.5001,22.5012,1418433
2005-08-23,60.4001,60.5001,59.7501,59.9501,22.2966,2612861
2005-08-24,59.7501,59.9501,59.1,59.8501,22.2594,2544371
2005-08-25,59.3,59.3,58.35,58.6001,21.7945,4426559
2005-08-26,58.7001,59.0001,58.25,58.25,21.6643,3328491
2005-08-29,57.7001,58.45,57.5,58.25,21.6643,2134768
2005-08-30,58.4,59.1,57.9501,58.0501,21.59,2796688
2005-08-31,58.0501,58.9501,58.0501,58.9501,21.9247,2738059
2005-09-01,59.0501,59.4501,58.5501,58.8001,21.8689,3446562
2005-09-02,58.6001,59.15,58.15,58.7001,21.8317,2766604
2005-09-05,58.7501,59.3,58.7001,59.15,21.9991,1624446
2005-09-06,59.15,60.4501,59.15,60.25,22.4082,3495341
2005-09-07,60.4501,60.8501,60.3,60.6501,22.557,4109285
2005-09-08,60.5501,61.05,60.3,60.8501,22.6313,2481051
2005-09-09,60.9501,61.4001,60.8001,61.3501,22.8173,2836172
2005-09-12,61.4501,61.9001,61.0,61.05,22.7057,3130792
2005-09-13,61.15,61.3,60.1,60.2,22.3896,3741260
2005-09-14,60.5001,60.9001,59.9001,60.15,22.371,3294073
2005-09-15,59.9001,60.4001,59.5001,59.8501,22.2594,3998929
2005-09-16,59.7501,60.5501,59.7501,60.3,22.4268,3924759
2005-09-19,59.6501,60.4001,59.25,59.9001,22.278,2452321
2005-09-20,60.2,60.6001,60.0001,60.5001,22.5012,2701578
2005-09-21,59.9001,60.15,59.15,59.5001,22.1292,4198304
2005-09-22,59.1,59.7501,58.8001,59.4,22.0921,3241268
2005-09-23,59.9001,59.9501,59.4501,59.9001,22.278,2439973
2005-09-26,60.7501,61.6001,60.6501,61.4501,22.8545,4594160
2005-09-27,61.15,61.4501,60.8501,61.1,22.7243,2686714
2005-09-28,61.9001,62.9001,61.9001,62.6001,23.2822,4587751
2005-09-29,62.5001,62.95,62.2,62.6001,23.2822,2846450
2005-09-30,63.05,63.6501,62.95,63.2501,23.5239,4167509
2005-10-03,63.4501,64.5501,63.2501,64.3001,23.9145,4381744
2005-10-04,64.3001,65.0,64.0,64.6501,24.0446,3404232
2005-10-05,64.2501,65.05,64.0,64.0,23.8029,4677447
2005-10-06,63.3001,63.6501,62.8501,63.15,23.4868,5637092
2005-10-07,63.15,63.7501,62.6001,63.1,23.4682,3702062
2005-10-10,63.5001,63.7001,62.7501,63.2501,23.5239,3922367
2005-10-11,63.4001,64.15,63.3501,63.6501,23.6727,3194521
2005-10-12,63.4001,63.8501,62.8501,63.3501,23.5611,3680293
2005-10-13,63.2501,63.3001,62.3501,62.8001,23.3566,3324635
2005-10-14,62.5001,64.3001,62.3001,64.1,23.8401,4851517
2005-10-17,64.1,64.4501,63.7501,63.9,23.7657,3509738
2005-10-18,63.7501,63.8501,62.95,63.4001,23.5797,3903156
2005-10-19,62.8501,63.1,61.7501,61.7501,22.9661,4692705
2005-10-20,62.7001,63.0,62.1,62.5001,23.245,3712846
2005-10-21,61.9001,62.7001,61.9001,62.2,23.1334,3565188
2005-10-24,62.3501,62.6001,62.1,62.4001,23.2078,2763767
2005-10-25,62.7501,62.8001,62.1,62.1,23.0962,3574219
2005-10-26,62.1,62.6501,61.8501,62.3501,23.1892,2745743
2005-10-27,62.0,62.3001,61.6501,61.9001,23.0219,3389417
2005-10-28,61.8001,62.15,61.05,61.9001,23.0219,3304522
2005-10-31,62.7001,63.3001,62.6001,63.2501,23.5239,3707518
2005-11-01,63.2501,63.9,63.05,63.4501,23.5983,2814730
2005-11-02,63.2501,63.9,62.95,63.6501,23.6727,3569006
2005-11-03,64.3001,65.4501,63.95,65.4001,24.3236,5495903
2005-11-04,65.2501,65.3001,64.8001,65.2001,24.2492,3666976
2005-11-07,65.2501,65.7501,64.85,65.4001,24.3236,2378498
2005-11-08,65.7001,66.0,64.85,65.3001,24.2864,4106154
2005-11-09,65.3001,65.7501,64.95,65.2001,24.2492,2263367
2005-11-10,65.5501,66.9,65.5501,66.6001,24.7699,4186295
2005-11-11,67.2501,68.4001,67.2501,68.0001,25.2906,3849951
2005-11-14,67.75,68.6501,67.6501,67.8,25.2162,4661761
2005-11-15,67.95,67.95,66.9,67.3501,25.0488,3763204
2005-11-16,67.3001,67.3001,66.6001,66.85,24.8629,3364293
2005-11-17,67.4001,67.7001,66.2501,66.6001,24.7699,3179733
2005-11-18,67.2501,67.9,66.95,67.3501,25.0488,3712038
2005-11-21,67.2501,68.0001,67.2001,68.0001,25.2906,2452503
2005-11-22,68.0501,68.0501,67.3001,67.4001,25.0674,3455893
2005-11-23,68.1501,68.6501,68.0001,68.5001,25.4765,3441319
2005-11-24,67.5001,67.8,67.1501,67.5501,25.1232,2809057
2005-11-25,67.75,68.2501,67.5001,68.0001,25.2906,1682700
2005-11-28,68.3001,68.85,67.7001,67.7001,25.179,4495301
2005-11-29,67.5501,68.4001,67.2001,68.2001,25.365,2696437
2005-11-30,68.1501,68.1501,66.9,67.2001,24.993,5612838
2005-12-01,67.6001,68.4001,67.3501,68.4001,25.4393,3425233
2005-12-02,68.4001,68.5001,67.5001,68.1001,25.3278,2235500
2005-12-05,67.9,68.2501,67.0501,67.3501,25.0488,2764933
2005-12-06,67.5501,68.3501,67.5501,68.2001,25.365,3167546
2005-12-07,68.0001,68.5001,67.6501,68.0501,25.3092,2302880
2005-12-08,67.75,67.75,67.0,67.6501,25.1604,3499823
2005-12-09,67.7001,67.7001,66.6001,67.0501,24.9372,2933249
2005-12-12,67.1501,68.1001,67.1501,67.4001,25.0674,3737967
2005-12-13,67.5501,68.1501,67.2501,67.6001,25.1418,3382440
2005-12-14,67.95,68.2501,67.3001,67.5501,25.1232,2642723
2005-12-15,67.95,67.95,67.2001,67.6501,25.1604,3311590
2005-12-16,67.4001,68.5001,67.4001,67.4501,25.086,9295298
2005-12-19,67.2501,67.6501,67.0501,67.3501,25.0488,3264814
2005-12-20,67.0,67.3501,66.6001,67.0,24.9186,3801641
2005-12-21,67.2001,68.4501,67.1501,68.2501,25.3835,3983812
2005-12-22,68.2001,68.9,67.85,68.3501,25.4207,2742711
2005-12-23,68.4001,69.0501,68.4001,68.75,25.5695,1608808
2005-12-27,68.6001,69.1501,68.6001,68.8,25.5881,1244179
2005-12-28,68.8,69.2501,68.5001,68.7,25.5509,1538711
2005-12-29,68.7,69.2001,68.7,69.1501,25.7183,1509729
2005-12-30,69.1001,69.2501,67.95,68.3501,25.4207,1965136
2006-01-02,68.4501,68.8,68.2001,68.6001,25.5137,949828
2006-01-03,68.6001,69.3001,68.5001,68.9501,25.6439,2737220
2006-01-04,69.5501,70.6,69.5001,70.6,26.2576,4659541
2006-01-05,70.4001,70.75,70.1001,70.4001,26.1832,2727893
2006-01-06,70.5001,70.7,70.2501,70.5501,26.239,3275414
2006-01-09,70.9001,71.75,70.8,71.1001,26.4435,4404550
2006-01-10,71.1001,71.4001,70.6,70.9501,26.3877,3389496
2006-01-11,71.4501,71.9001,71.0501,71.9001,26.7411,3753555
2006-01-12,71.9001,73.1001,71.8001,73.0501,27.1688,4507090
2006-01-13,72.8501,72.8501,71.7,71.8501,26.7225,3442462
2006-01-16,71.8501,72.0001,71.3001,71.5001,26.5923,2435635
2006-01-17,71.0001,71.2501,70.3501,71.1501,26.4621,3506630
2006-01-18,70.0501,70.1501,69.4001,69.7,25.9228,5025550
2006-01-19,70.1501,70.5001,69.85,70.1001,26.0716,3566553
2006-01-20,70.8,70.9501,69.1001,69.1001,25.6997,3858594
2006-01-23,68.4001,69.0001,68.1001,68.7,25.5509,4855770
2006-01-24,69.0001,69.3501,68.6501,69.1001,25.6997,4839966
2006-01-25,69.6001,70.1501,69.4501,70.0001,26.0344,3208087
2006-01-26,70.4501,71.9001,70.3501,71.65,26.6481,5589366
2006-01-27,72.0501,73.2001,72.0501,72.9001,27.113,3569984
2006-01-30,72.6,72.9501,72.3001,72.3501,26.9084,2604279
2006-01-31,72.7,73.8001,72.5001,73.4001,27.2989,3714516
2006-02-01,72.9501,75.45,72.9501,75.3001,28.0056,4896419
2006-02-02,75.3001,75.7001,73.8501,73.9501,27.5035,3183549
2006-02-03,74.8501,74.9001,72.5001,73.1501,27.206,4695327
2006-02-06,72.5001,72.5001,71.2001,71.65,26.6481,10296049
2006-02-07,71.8001,73.3501,71.3501,73.2501,27.2431,7223660
2006-02-08,72.8001,72.8001,71.75,72.0001,26.7782,4012506
2006-02-09,72.8501,74.6,72.55,74.6,27.7452,4568690
2006-02-10,74.45,75.6001,74.1001,74.1001,27.5593,3933308
2006-02-13,74.3501,75.9001,74.0001,75.8501,28.2101,4290158
2006-02-14,76.1501,76.6501,74.9001,76.1001,28.3031,4559345
2006-02-15,74.0001,74.7501,73.4501,74.2001,27.5965,6026130
2006-02-16,74.9501,75.0001,73.7001,74.9501,27.8754,4247869
2006-02-17,75.2001,76.0501,75.0001,75.8001,28.1915,4112498
2006-02-20,75.7501,76.2501,75.0501,76.0001,28.2659,2089097
2006-02-21,76.3001,77.5501,76.2501,77.2001,28.7122,5201573
2006-02-22,77.0501,78.4501,77.0501,78.35,29.1399,4338815
2006-02-23,78.1501,79.1001,78.0001,78.2501,29.1028,4976260
2006-02-24,78.4501,79.4501,77.9501,79.2001,29.4561,3294924
2006-02-27,79.25,79.6001,78.7501,79.0001,29.3817,2915155
2006-02-28,79.2001,79.2001,77.35,77.6501,28.8796,5024505
2006-03-01,77.6501,78.8001,77.4,78.6001,29.2329,3318488
2006-03-02,78.7001,78.8001,76.8501,77.4,28.7866,3546291
2006-03-03,77.0001,77.3001,75.6501,76.7501,28.5449,6413176
2006-03-06,76.9001,77.3001,74.3501,74.3501,27.6523,10643910
2006-03-07,74.4,74.65,73.2,73.35,27.5822,12469300
2006-03-08,73.35,74.0,72.9,73.15,27.507,7365209
2006-03-09,73.35,73.85,72.65,72.8,27.3754,7149829
2006-03-10,72.65,73.9,72.45,73.75,27.7326,8452804
2006-03-13,74.5,75.45,74.4,75.2,28.2778,7611665
2006-03-14,74.95,75.55,74.6,75.1,28.2402,5643545
2006-03-15,75.5,77.55,75.5,75.7,28.4659,9426972
2006-03-16,75.65,76.15,74.95,75.2,28.2778,6006814
2006-03-17,74.9,76.15,74.6,75.25,28.2966,7826046
2006-03-20,75.55,76.8,75.2,75.75,28.4847,7018519
2006-03-21,76.0,76.95,75.45,76.95,28.9359,4576058
2006-03-22,76.35,76.45,75.6,76.35,28.7103,4752183
2006-03-23,76.35,76.55,75.7,76.05,28.5975,2307786
2006-03-24,75.85,76.2,75.05,75.55,28.4095,3211996
2006-03-27,75.6,75.6,74.65,74.8,28.1274,2832759
2006-03-28,75.1,75.3,73.65,74.2,27.9018,3709142
2006-03-29,73.9,74.9,73.6,74.55,28.0334,2610266
2006-03-30,74.7,76.15,74.7,75.95,28.5599,3972910
2006-03-31,76.05,77.25,75.6,76.65,28.8231,5769266
2006-04-03,77.25,77.7,76.6,77.3,29.0675,3782771
2006-04-04,77.3,77.3,76.0,76.35,28.7103,3677502
2006-04-05,76.85,77.55,76.1,77.3,29.0675,3670984
2006-04-06,77.4,78.1,76.85,77.35,29.0863,3814905
2006-04-07,77.15,77.6,75.2,75.4,28.353,3985673
2006-04-10,75.5,75.9,74.65,75.5,28.3906,2959059
2006-04-11,75.45,75.45,73.0,73.65,27.695,6232103
2006-04-12,73.75,73.8,72.7,73.45,27.6198,4272685
2006-04-13,73.55,74.05,72.85,73.5,27.6386,2786861
2006-04-18,73.5,73.5,72.55,72.9,27.413,3726051
2006-04-19,74.0,74.4,73.7,74.05,27.8454,5547424
2006-04-20,74.05,75.3,74.05,74.9,28.165,4361021
2006-04-21,75.4,75.55,74.95,75.35,28.3342,3569895
2006-04-24,74.7,74.75,74.05,74.25,27.9206,3340906
2006-04-25,74.55,74.8,74.1,74.25,27.9206,3214489
2006-04-26,74.1,75.3,74.1,75.0,28.2026,2623483
2006-04-27,75.95,76.15,74.6,75.75,28.4847,6001398
2006-04-28,75.6,76.1,74.8,74.9,28.165,4133349
2006-05-02,74.65,75.7,74.45,75.4,28.353,3085477
2006-05-03,76.0,76.15,74.65,74.75,28.1086,3290414
2006-05-04,75.0,75.65,74.35,75.5,28.3906,3640342
2006-05-05,75.75,77.0,75.6,76.95,28.9359,3255657
2006-05-08,77.7,78.1,77.1,77.2,29.0299,3126310
2006-05-09,77.35,77.85,76.4,77.7,29.2179,4008394
2006-05-10,77.5,78.4,77.35,77.45,29.1239,4455145
2006-05-11,77.5,79.25,77.5,78.0,29.3307,5969619
2006-05-12,77.15,77.55,76.0,76.25,28.6727,4172128
2006-05-15,75.95,75.95,74.15,74.55,28.0334,5777576
2006-05-16,74.6,75.85,74.15,75.3,28.3154,5579220
2006-05-17,75.9,75.9,72.05,72.05,27.0933,5911888
2006-05-18,72.25,73.9,70.6,71.85,27.0181,7788828
2006-05-19,73.6,75.95,73.25,74.7,28.0898,9624505
2006-05-22,74.25,75.35,72.65,73.0,27.4506,6713328
2006-05-23,73.3,74.8,72.2,74.35,27.9582,6412517
2006-05-24,73.7,74.3,72.1,73.5,27.6386,6677619
2006-05-25,73.2,75.0,72.85,75.0,28.2026,3688073
2006-05-26,75.5,75.9,74.15,75.9,28.5411,8548039
2006-05-29,75.65,75.8,75.2,75.4,28.353,1291352
2006-05-30,75.6,75.8,73.2,74.25,27.9206,10371717
2006-05-31,71.0,73.3,70.5,72.8,28.3687,6322344
2006-06-01,72.6,73.15,71.6,72.95,28.4272,3846560
2006-06-02,73.6,74.3,73.05,73.3,28.5636,5134392
2006-06-05,73.2,73.5,72.3,72.8,28.3687,2096620
2006-06-06,71.75,72.1,71.0,71.25,27.7647,5014846
2006-06-07,71.5,72.55,71.15,72.0,28.057,4695282
2006-06-08,70.0,70.85,69.15,69.7,27.1607,7250054
2006-06-09,71.15,71.2,70.15,70.65,27.5309,4564889
2006-06-12,70.45,71.0,69.45,69.65,27.1412,3641869
2006-06-13,68.3,68.6,66.65,67.3,26.2255,6913816
2006-06-14,67.75,68.1,66.8,67.7,26.3814,7407492
2006-06-15,68.15,70.15,68.15,69.9,27.2387,4989221
2006-06-16,71.25,71.7,69.95,70.4,27.4335,8517937
2006-06-19,71.0,71.9,70.8,71.2,27.7453,5445020
2006-06-20,70.65,72.0,70.5,71.9,28.018,4036190
2006-06-21,72.0,72.4,71.0,71.9,28.018,4347256
2006-06-22,72.8,73.0,72.15,72.6,28.2908,3089637
2006-06-23,72.2,73.0,71.95,72.6,28.2908,2764432
2006-06-26,73.0,73.3,72.6,72.65,28.3103,7522864
2006-06-27,72.8,72.95,71.15,71.6,27.9011,3326724
2006-06-28,71.3,72.5,70.85,71.75,27.9596,2517009
2006-06-29,72.45,73.7,72.05,73.55,28.661,3106348
2006-06-30,74.9,75.6,73.95,74.85,29.1676,4867166
2006-07-03,74.65,75.6,74.65,75.1,29.265,10008442
2006-07-04,75.5,75.8,75.0,75.7,29.4988,1612315
2006-07-05,75.3,75.7,74.6,75.15,29.2845,4689123
2006-07-06,75.45,76.5,75.2,76.2,29.6937,3978920
2006-07-07,76.0,77.25,75.7,76.3,29.7326,3459263
2006-07-10,76.0,77.0,75.95,76.75,29.908,2767773
2006-07-11,76.3,76.75,75.15,75.5,29.4209,4508031
2006-07-12,76.0,76.5,75.2,75.65,29.4793,3785436
2006-07-13,75.1,75.1,73.15,73.85,28.7779,8011493
2006-07-14,73.4,73.4,72.0,72.0,28.057,4336443
2006-07-17,72.1,72.2,70.6,71.35,27.8037,4684704
2006-07-18,71.1,72.25,70.2,70.8,27.5894,5204530
2006-07-19,70.9,72.75,70.8,72.75,28.3493,5577757
2006-07-20,73.45,74.3,72.95,73.0,28.4467,3953086
2006-07-21,72.65,73.3,72.15,72.6,28.2908,3021518
2006-07-24,72.7,74.75,72.65,74.4,28.9922,2703503
2006-07-25,74.45,75.1,73.85,74.7,29.1091,2922800
2006-07-26,74.7,75.15,74.15,74.75,29.1286,2259691
2006-07-27,75.5,76.5,75.2,76.5,29.8106,3228081
2006-07-28,76.1,77.4,75.9,77.4,30.1613,3511242
2006-07-31,77.15,77.4,76.15,76.2,29.6937,3065466
2006-08-01,76.2,76.45,74.5,75.05,29.2455,3777795
2006-08-02,76.75,78.45,76.2,78.2,30.473,7752870
2006-08-03,78.3,78.7,77.55,77.65,30.2587,5195591
2006-08-04,77.9,80.75,77.85,80.0,31.1744,5428783
2006-08-07,79.1,79.4,78.25,78.3,30.512,3008705
2006-08-08,78.8,79.7,78.65,79.3,30.9017,3106374
2006-08-09,79.55,80.7,78.55,80.35,31.3108,4652846
2006-08-10,79.55,80.4,79.0,80.0,31.1744,3533549
2006-08-11,80.05,81.45,79.9,80.8,31.4862,3540389
2006-08-14,81.0,82.0,80.95,81.8,31.8759,2556661
2006-08-15,81.25,83.45,81.2,83.25,32.4409,2692196
2006-08-16,83.1,83.9,82.8,83.7,32.6163,3981782
2006-08-17,83.9,83.95,83.1,83.85,32.6747,2622403
2006-08-18,83.8,84.2,82.8,83.2,32.4214,3703715
2006-08-21,83.1,83.2,81.7,81.7,31.8369,3156202
2006-08-22,82.05,82.6,81.0,82.4,32.1097,3065343
2006-08-23,82.55,82.7,80.8,81.0,31.5641,2681144
2006-08-24,81.4,82.7,80.75,82.15,32.0123,2527497
2006-08-25,82.3,82.9,81.5,82.5,32.1486,2082964
2006-08-28,82.2,83.15,81.65,82.8,32.2655,1583636
2006-08-29,83.0,84.2,82.85,83.5,32.5383,3641141
2006-08-30,83.9,84.15,83.55,83.65,32.5968,2152075
2006-08-31,84.0,84.05,82.5,82.95,32.324,2776117
2006-09-01,82.7,83.7,82.6,83.25,32.4409,2560481
2006-09-04,83.5,84.7,83.35,84.35,32.8695,2288599
2006-09-05,84.45,84.5,83.2,83.75,32.6357,2250129
2006-09-06,83.75,83.95,82.25,82.7,32.2266,2727372
2006-09-07,82.65,82.8,81.6,81.95,31.9343,3008949
2006-09-08,82.45,82.95,82.1,82.45,32.1292,2793798
2006-09-11,82.0,82.25,81.35,82.0,31.9538,2045632
2006-09-12,81.95,82.75,81.05,82.6,32.1876,4016635
2006-09-13,83.0,83.15,82.0,82.7,32.2266,2598402
2006-09-14,83.0,83.3,82.3,82.7,32.2266,2856896
2006-09-15,83.0,83.75,82.7,83.1,32.3824,7550668
2006-09-18,83.35,83.8,82.85,83.25,32.4409,2655753
2006-09-19,83.25,83.35,81.9,82.1,31.9928,3294787
2006-09-20,82.05,84.15,81.8,83.95,32.7137,3487963
2006-09-21,83.85,84.8,83.5,84.35,32.8695,2857531
2006-09-22,83.4,83.75,82.45,82.8,32.2655,2965129
2006-09-25,83.3,84.0,82.55,83.0,32.3435,4030382
2006-09-26,83.85,84.6,83.5,84.3,32.8501,3995659
2006-09-27,84.85,85.35,84.2,85.2,33.2008,4712719
2006-09-28,85.0,85.1,84.35,84.75,33.0254,3240574
2006-09-29,84.95,85.35,84.65,84.85,33.0644,2167075
2006-10-02,85.05,85.35,83.85,84.45,32.9085,2278802
2006-10-03,83.95,84.4,83.8,84.1,32.7721,2620710
2006-10-04,84.75,86.05,84.55,86.0,33.5125,4437611
2006-10-05,87.0,87.5,86.45,86.65,33.7658,3349960
2006-10-06,87.15,88.05,86.55,86.9,33.8632,3236954
2006-10-09,86.5,87.2,86.3,86.75,33.8048,1828290
2006-10-10,87.2,87.65,86.35,87.0,33.9022,5899928
2006-10-11,86.6,86.75,85.75,86.45,33.6879,3038427
2006-10-12,86.35,88.2,86.3,87.95,34.2724,3612811
2006-10-13,88.5,88.5,86.75,87.1,33.9412,3016860
2006-10-16,87.4,87.5,85.9,86.2,33.5905,3848688
2006-10-17,86.1,86.25,84.45,84.65,32.9865,3488145
2006-10-18,85.45,86.75,85.1,86.3,33.6294,2793755
2006-10-19,85.7,86.95,85.55,86.5,33.7074,2792446
2006-10-20,86.6,87.15,85.85,86.25,33.6099,3931774
2006-10-23,86.85,87.5,85.85,87.2,33.9801,2020959
2006-10-24,87.7,87.9,86.1,86.65,33.7658,2817839
2006-10-25,86.15,87.15,85.85,86.45,33.6879,2903534
2006-10-26,87.05,87.4,86.65,87.0,33.9022,3174588
2006-10-27,87.35,87.45,86.15,86.55,33.7268,1917527
2006-10-30,85.8,86.2,85.35,85.65,33.3761,2306172
2006-10-31,85.75,86.65,85.5,86.15,33.571,2274396
2006-11-01,86.3,86.3,85.3,85.85,33.4541,2284899
2006-11-02,85.25,85.45,83.6,83.85,32.6747,4563028
2006-11-03,84.15,84.4,83.45,84.0,32.7332,2951542
2006-11-06,84.0,85.3,84.0,85.3,33.2397,2654431
2006-11-07,85.65,86.95,85.4,86.45,33.6879,3530428
2006-11-08,85.9,86.75,85.9,86.5,33.7074,2414034
2006-11-09,86.4,86.45,85.4,85.95,33.493,2979712
2006-11-10,85.8,86.1,84.8,86.1,33.5515,3235919
2006-11-13,86.0,87.1,86.0,86.85,33.8437,2747145
2006-11-14,87.0,87.0,86.15,86.5,33.7074,3530087
2006-11-15,87.1,87.1,86.2,86.2,33.5905,2298980
2006-11-16,85.2,85.2,83.65,84.45,32.9085,7445359
2006-11-17,84.4,84.65,83.15,83.65,32.5968,4205905
2006-11-20,83.2,84.35,82.8,84.05,32.7526,3057436
2006-11-21,84.15,84.8,83.55,84.05,32.7526,3258235
2006-11-22,84.6,84.75,83.45,84.2,32.8111,3259349
2006-11-23,84.6,84.6,82.85,83.7,32.6163,3228651
2006-11-24,83.35,83.6,82.1,83.0,32.3435,3577478
2006-11-27,82.75,82.9,80.75,80.9,31.5252,4543323
2006-11-28,80.75,81.4,79.55,81.15,31.6226,5355184
2006-11-29,81.5,82.6,81.1,82.2,32.0317,5332666
2006-11-30,82.25,82.6,81.2,81.35,31.7005,4029823
2006-12-01,81.6,82.6,79.65,79.9,31.1355,5390490
2006-12-04,80.1,80.7,79.25,80.5,31.3693,4912548
2006-12-05,80.9,81.85,79.8,81.4,31.72,4144986
2006-12-06,81.45,81.85,80.65,81.1,31.6031,2868394
2006-12-07,80.75,82.0,80.4,81.3,31.681,5247702
2006-12-08,80.65,81.25,79.6,80.7,31.4472,5032410
2006-12-11,81.35,81.65,80.25,81.1,31.6031,4588114
2006-12-12,81.25,81.4,80.5,81.1,31.6031,6485814
2006-12-13,81.1,82.15,80.55,81.95,31.9343,5566664
2006-12-14,82.6,83.15,82.1,83.05,32.363,6004772
2006-12-15,83.3,83.45,82.45,83.15,32.4019,5249262
2006-12-18,83.1,83.75,82.7,83.15,32.4019,3120056
2006-12-19,83.0,83.1,81.8,82.0,31.9538,3734523
2006-12-20,82.7,82.85,81.7,82.3,32.0707,3859603
2006-12-21,81.85,82.35,81.55,81.8,31.8759,5425628
2006-12-22,81.8,81.8,80.1,80.5,31.3693,3101330
2006-12-27,81.4,82.6,81.25,82.4,32.1097,2399000
2006-12-28,82.85,83.1,82.4,82.6,32.1876,1682541
2006-12-29,82.9,83.35,82.55,82.65,32.2071,1772352
2007-01-02,83.5,85.05,83.4,84.7,33.0059,3953802
2007-01-03,85.1,85.75,84.5,85.45,33.2982,3915416
2007-01-04,85.0,85.55,84.4,85.25,33.2203,3157627
2007-01-05,84.9,85.05,84.1,84.1,32.7721,2967092
2007-01-08,84.25,84.95,83.6,84.05,32.7526,3366020
2007-01-09,84.35,85.0,83.9,83.9,32.6942,3613590
2007-01-10,83.2,83.5,82.45,82.7,32.2266,4066584
2007-01-11,83.25,85.0,82.9,85.0,33.1228,5276926
2007-01-12,85.0,85.75,84.8,85.2,33.2008,3371248
2007-01-15,85.6,85.95,84.8,85.45,33.2982,2638165
2007-01-16,85.55,85.85,84.8,85.0,33.1228,2710756
2007-01-17,84.85,85.05,83.7,83.9,32.6942,2981901
2007-01-18,84.35,84.9,83.3,83.6,32.5773,3557607
2007-01-19,83.25,84.65,83.0,84.5,32.928,4535534
2007-01-22,84.75,84.85,83.15,83.15,32.4019,4309008
2007-01-23,83.5,83.7,82.8,83.5,32.5383,3268101
2007-01-24,83.7,84.95,83.65,84.8,33.0449,3918485
2007-01-25,85.0,85.8,84.3,84.55,32.9475,4440001
2007-01-26,84.1,84.1,82.7,83.1,32.3824,4627926
2007-01-29,83.75,84.45,83.25,84.15,32.7916,3298706
2007-01-30,84.15,85.8,83.95,85.55,33.3372,4421961
2007-01-31,85.9,86.4,85.4,85.55,33.3372,5231701
2007-02-01,86.45,87.05,86.0,86.2,33.5905,4964448
2007-02-02,86.6,87.5,86.35,86.9,33.8632,4180321
2007-02-05,86.5,86.95,86.2,86.8,33.8243,3654456
2007-02-06,87.05,87.75,86.85,86.9,33.8632,2700241
2007-02-07,87.1,87.75,86.8,87.65,34.1555,3253573
2007-02-08,87.4,87.45,86.4,86.95,33.8827,3691990
2007-02-09,87.4,87.85,86.8,87.25,33.9996,2705256
2007-02-12,86.55,86.65,85.55,86.0,33.5125,3414302
2007-02-13,86.45,86.6,85.9,86.6,33.7463,2737248
2007-02-14,86.45,87.3,85.95,87.0,33.9022,4376163
2007-02-15,85.0,85.2,83.2,83.7,32.6163,15990596
2007-02-16,83.8,83.85,82.3,83.15,32.4019,7582495
2007-02-19,83.48,83.53,82.86,83.0,32.3435,3793769
2007-02-20,83.14,83.25,82.16,82.79,32.2616,4093031
2007-02-21,83.11,83.42,81.99,82.22,32.0395,4480481
2007-02-22,82.89,83.09,81.55,81.71,31.8408,5733632
2007-02-23,82.17,82.37,80.84,82.31,32.0746,5930941
2007-02-26,82.6,83.12,82.15,82.3,32.0707,3411075
2007-02-27,81.97,81.97,80.2,80.35,31.3108,6605700
2007-02-28,79.14,80.23,77.25,78.94,30.7614,9175893
2007-03-01,78.8,79.6,75.91,78.38,30.5432,10977740
2007-03-02,78.81,79.19,76.68,77.27,30.1106,7718255
2007-03-05,76.0,77.82,75.57,77.44,30.1769,7660279
2007-03-06,78.4,78.49,77.51,78.17,30.4613,6200332
2007-03-07,78.47,78.64,77.74,78.36,30.5354,5628801
2007-03-08,79.31,80.57,79.07,80.24,31.268,7253723
2007-03-09,80.01,80.6,79.1,80.42,31.3381,5875345
2007-03-12,80.83,81.0,79.41,79.5,30.9796,4887036
2007-03-13,79.4,79.94,78.0,78.12,30.4418,5406365
2007-03-14,76.19,76.62,75.21,75.43,29.3936,11505235
2007-03-15,76.86,77.01,75.3,76.6,29.8495,8259929
2007-03-16,76.94,77.08,75.53,76.2,29.6937,7127607
2007-03-19,77.34,78.37,77.07,78.0,30.3951,5552614
2007-03-20,78.0,78.67,77.27,78.43,30.5626,4508929
2007-03-21,78.52,79.08,77.66,77.8,30.3171,4051324
2007-03-22,79.25,80.05,78.77,80.0,31.1744,6698233
2007-03-23,79.91,80.0,78.65,79.45,30.9601,5493951
2007-03-26,79.35,79.45,77.32,78.0,30.3951,4690891
2007-03-27,78.7,78.94,78.0,78.28,30.5042,3592279
2007-03-28,77.75,78.15,76.75,77.24,30.0989,4823030
2007-03-29,77.85,78.18,77.34,77.89,30.3522,4864741
2007-03-30,77.85,78.84,77.51,78.19,30.4691,4641736
2007-04-02,78.0,78.16,77.11,77.98,30.3873,4761103
2007-04-03,78.82,79.12,78.27,78.85,30.7263,5145478
2007-04-04,79.3,79.44,78.82,79.38,30.9328,3714926
2007-04-05,79.15,80.44,79.15,80.09,31.2095,4803002
2007-04-10,80.6,80.73,79.83,80.61,31.4121,4989032
2007-04-11,80.52,81.58,79.8,80.13,31.2251,5308411
2007-04-12,80.39,80.54,79.45,80.3,31.2913,4276034
2007-04-13,81.1,81.45,80.59,81.04,31.5797,4065599
2007-04-16,81.95,84.0,81.71,83.36,32.4838,7014369
2007-04-17,83.05,83.5,82.58,83.29,32.4565,5031556
2007-04-18,83.29,83.98,82.47,83.59,32.5734,5785358
2007-04-19,82.55,83.31,82.14,83.23,32.4331,6657301
2007-04-20,83.8,87.5,83.58,86.45,33.6879,16255265
2007-04-23,86.4,86.78,85.1,85.5,33.3177,5714389
2007-04-24,85.15,85.9,83.65,84.96,33.1073,5067564
2007-04-25,85.41,86.1,85.14,85.7,33.3956,4302348
2007-04-26,86.0,86.5,85.31,86.02,33.5203,4478084
2007-04-27,86.27,86.34,84.98,85.39,33.2748,4035882
2007-04-30,84.81,86.09,84.81,85.65,33.3761,2895327
2007-05-02,85.9,86.84,85.68,86.4,33.6684,4422262
2007-05-03,86.9,86.93,85.9,86.5,33.7074,5279114
2007-05-04,86.64,87.69,86.45,87.54,34.1126,4673069
2007-05-07,87.89,87.95,87.37,87.41,34.062,3011682
2007-05-08,86.9,87.79,86.35,87.5,34.097,5775919
2007-05-09,88.85,91.45,88.85,91.15,35.5194,13565787
2007-05-10,91.23,93.05,91.2,92.38,35.9987,9111133
2007-05-11,91.25,94.92,90.32,93.75,36.5325,11039053
2007-05-14,94.5,95.07,92.38,92.87,36.1896,7110310
2007-05-15,92.77,94.22,92.21,93.97,36.6183,4784093
2007-05-16,93.78,93.99,92.81,93.11,36.2831,4651640
2007-05-17,93.56,93.95,92.28,92.59,36.0805,2892234
2007-05-18,92.8,94.42,92.5,94.17,36.6962,4520257
2007-05-21,94.31,94.47,93.37,93.55,36.4546,3386633
2007-05-22,94.16,94.37,93.1,93.48,36.4273,3600601
2007-05-23,93.21,94.25,93.2,94.25,36.7274,5052683
2007-05-24,91.04,91.45,89.32,89.46,36.0464,6234498
2007-05-25,89.2,90.87,89.16,90.87,36.6146,5154455
2007-05-28,90.97,91.1,90.01,91.1,36.7072,788156
2007-05-29,91.19,91.19,90.27,90.95,36.6468,2884462
2007-05-30,90.06,90.62,89.45,90.58,36.4977,3640880
2007-05-31,91.25,91.25,90.0,90.18,36.3365,4637043
2007-06-01,90.65,91.48,90.13,91.48,36.8604,4703207
2007-06-04,91.0,91.1,90.01,90.42,36.4332,3833467
2007-06-05,90.9,90.9,88.72,89.1,35.9014,5535735
2007-06-06,88.98,89.0,86.46,86.97,35.0431,7465889
2007-06-07,87.5,88.0,85.11,85.86,34.5959,7507555
2007-06-08,88.16,89.0,86.25,87.16,35.5241,10554237
2007-06-11,89.3,89.3,88.26,88.89,36.2292,4678348
2007-06-12,88.71,89.44,87.3,88.06,35.8909,5319966
2007-06-13,87.69,89.36,87.19,88.36,36.0132,4876104
2007-06-14,89.87,90.52,89.04,90.52,36.8935,4953313
2007-06-15,90.77,91.94,90.4,91.51,37.297,7283120
2007-06-18,91.88,92.31,90.74,91.32,37.2196,3528303
2007-06-19,91.65,92.04,90.74,90.96,37.0729,3350159
2007-06-20,91.44,91.56,90.76,91.1,37.1299,3300115
2007-06-21,90.44,90.7,88.89,89.58,36.5104,4715442
2007-06-22,90.33,90.33,88.18,88.55,36.0906,4398231
2007-06-25,87.92,88.89,87.16,88.8,36.1925,4099308
2007-06-26,87.92,88.41,87.15,87.66,35.7279,3811241
2007-06-27,87.25,87.27,85.7,86.85,35.3978,5277535
2007-06-28,87.77,87.77,86.23,87.0,35.4589,4722054
2007-06-29,87.9,88.58,86.28,88.36,36.0132,4851936
2007-07-02,87.6,87.88,87.0,87.35,35.6015,2989687
2007-07-03,88.37,89.05,88.31,88.45,36.0499,4260272
2007-07-04,88.85,88.89,88.03,88.21,35.9521,2020524
2007-07-05,88.33,88.6,87.3,87.77,35.7727,2764460
2007-07-06,87.82,88.71,87.74,88.32,35.9969,1935173
2007-07-09,89.0,89.27,87.89,88.08,35.8991,3080414
2007-07-10,88.35,88.5,85.9,86.59,35.2918,4469715
2007-07-11,85.99,86.1,84.37,85.8,34.9698,5459636
2007-07-12,85.95,86.79,85.14,86.75,35.357,3724517
2007-07-13,87.88,88.0,87.1,87.37,35.6097,3058406
2007-07-16,87.4,88.9,87.14,88.67,36.1395,3077474
2007-07-17,88.15,88.59,87.19,88.08,35.8991,3785591
2007-07-18,86.93,87.59,86.11,86.11,35.0962,4164722
2007-07-19,86.92,86.92,85.96,86.84,35.3937,3330794
2007-07-20,86.32,86.52,84.0,84.24,34.334,5243794
2007-07-23,84.11,85.09,83.34,85.03,34.656,3854562
2007-07-24,84.14,85.25,82.81,83.29,33.9468,5217112
2007-07-25,82.83,83.03,81.19,81.76,33.3232,5413210
2007-07-26,82.1,82.2,79.08,79.12,32.2472,6984634
2007-07-27,78.42,80.41,78.13,79.65,32.4632,7781274
2007-07-30,79.7,80.21,78.75,79.27,32.3083,6900394
2007-07-31,81.0,82.56,80.58,81.73,33.311,7890357
2007-08-01,79.61,81.34,78.6,80.65,32.8708,7550239
2007-08-02,81.7,82.81,81.34,81.8,33.3395,5669303
2007-08-03,82.41,82.41,79.83,80.46,32.7934,4687914
2007-08-06,79.01,80.24,78.85,79.95,32.5855,4218607
2007-08-07,82.34,83.44,81.75,82.97,33.8164,7477000
2007-08-08,84.04,85.85,83.3,85.45,34.8272,7785464
2007-08-09,83.65,84.0,80.0,82.57,33.6533,13098637
2007-08-10,80.0,80.59,77.5,78.97,32.1861,9661839
2007-08-13,79.75,81.7,79.5,81.0,33.0134,6262914
2007-08-14,80.0,80.34,77.47,78.18,31.8641,7229143
2007-08-15,77.0,77.05,74.89,77.05,31.4035,9660525
2007-08-16,75.5,75.91,73.84,74.67,30.4335,10016220
2007-08-17,74.81,82.13,74.3,78.2,31.8722,16737323
2007-08-20,79.99,80.9,77.96,78.3,31.913,6183406
2007-08-21,78.12,79.0,76.81,78.32,31.9212,4726073
2007-08-22,78.55,79.6,78.32,78.66,32.0597,4658735
2007-08-23,79.87,79.9,78.33,78.4,31.9538,4078289
2007-08-24,78.0,78.39,76.65,77.71,31.6725,3966312
2007-08-27,78.43,79.38,78.2,78.5,31.9945,2432697
2007-08-28,78.27,78.4,75.33,75.86,30.9185,5669922
2007-08-29,75.39,76.04,74.47,76.04,30.9919,5892862
2007-08-30,77.56,77.74,75.62,76.42,31.1468,4563248
2007-08-31,77.11,78.0,76.5,77.42,31.5543,5058301
2007-09-03,77.42,78.18,77.05,77.37,31.534,2680559
2007-09-04,76.77,78.52,75.83,78.3,31.913,6220112
2007-09-05,78.26,78.26,75.78,76.24,31.0734,5686579
2007-09-06,76.95,77.07,74.29,75.7,30.8533,7360054
2007-09-07,75.5,75.5,71.85,73.12,29.8018,10115365
2007-09-10,72.9,73.54,72.1,72.36,29.492,4950721
2007-09-11,72.95,74.0,71.96,73.52,29.9648,4951781
2007-09-12,73.22,74.4,72.91,74.18,30.2338,4610531
2007-09-13,73.47,75.05,73.01,74.84,30.5028,5897633
2007-09-14,74.1,74.1,72.27,73.72,30.0463,6030679
2007-09-17,72.98,72.98,71.02,71.95,29.3249,6932066
2007-09-18,70.98,74.45,70.53,74.19,30.2379,8518293
2007-09-19,76.8,79.0,76.8,78.0,31.7907,13145957
2007-09-20,76.87,77.52,75.88,77.14,31.4402,7004892
2007-09-21,76.35,78.0,76.3,77.07,31.4117,7065452
2007-09-24,76.7,76.75,74.12,75.32,30.6984,6541565
2007-09-25,74.21,74.58,72.95,74.3,30.2827,7343149
2007-09-26,74.3,74.7,73.61,74.26,30.2664,5201054
2007-09-27,75.12,77.05,74.86,76.31,31.1019,8111702
2007-09-28,76.29,77.2,75.91,76.74,31.2772,6224344
2007-10-01,75.56,78.6,75.3,77.97,31.7785,6367296
2007-10-02,78.8,80.88,78.7,79.92,32.5733,9070848
2007-10-03,79.95,80.94,79.72,80.54,32.826,4818380
2007-10-04,80.0,82.73,80.0,81.15,33.0746,7241024
2007-10-05,81.56,82.69,80.62,82.41,33.5881,5371662
2007-10-08,82.7,82.85,81.12,81.8,33.3395,3077065
2007-10-09,81.2,81.44,80.38,81.25,33.1153,4791760
2007-10-10,81.03,81.42,79.47,80.48,32.8015,3711210
2007-10-11,80.31,81.66,80.1,80.35,32.7485,3669649
2007-10-12,79.5,79.9,78.51,79.9,32.5651,4730085
2007-10-15,79.85,79.98,78.11,78.48,31.9864,3879518
2007-10-16,77.93,78.03,76.35,77.27,31.4932,6445651
2007-10-17,76.88,78.65,76.55,77.65,31.6481,4884932
2007-10-18,77.99,78.16,75.87,76.63,31.2324,4852042
2007-10-19,76.07,76.14,75.2,75.67,30.8411,5397446
2007-10-22,73.97,74.82,73.64,74.49,30.3601,4557125
2007-10-23,74.65,74.98,73.96,74.49,30.3601,3960872
2007-10-24,74.11,74.76,72.74,73.45,29.9363,4654717
2007-10-25,74.0,74.72,73.27,73.79,30.0748,4544580
2007-10-26,73.88,74.41,72.64,73.94,30.136,4495318
2007-10-29,74.7,75.06,73.86,74.15,30.2216,4219818
2007-10-30,73.57,75.0,73.5,74.62,30.4131,4649956
2007-10-31,74.5,76.49,74.5,76.09,31.0123,6304625
2007-11-01,76.3,76.3,72.05,73.0,29.7529,9763267
2007-11-02,72.0,72.01,70.61,71.52,29.1497,8890501
2007-11-05,70.53,70.74,68.8,70.35,28.6728,9407782
2007-11-06,70.93,71.57,69.36,70.68,28.8073,6019576
2007-11-07,71.91,72.49,69.55,70.7,28.8154,5608610
2007-11-08,70.0,72.74,68.71,70.51,28.738,11853081
2007-11-09,71.09,71.6,67.54,68.59,27.9555,11479666
2007-11-12,67.87,71.9,67.87,71.36,29.0844,10656974
2007-11-13,71.35,73.25,70.12,72.35,29.4879,7729020
2007-11-14,74.8,75.55,72.5,72.74,29.6469,9176097
2007-11-15,72.9,73.55,71.15,72.7,29.6306,7218309
2007-11-16,72.15,72.32,70.59,71.46,29.1252,6960402
2007-11-19,71.6,72.05,69.42,69.75,28.4282,5500087
2007-11-20,70.2,71.32,68.75,70.86,28.8807,7124621
2007-11-21,69.48,70.1,68.08,68.66,27.984,6845298
2007-11-22,69.03,69.22,67.62,68.45,27.8984,5057354
2007-11-23,68.0,72.3,68.0,71.93,29.3168,8547558
2007-11-26,72.35,73.27,70.05,70.5,28.7339,5754651
2007-11-27,70.29,73.25,70.0,71.79,29.2597,9200218
2007-11-28,72.4,75.36,72.0,74.43,30.3357,8553356
2007-11-29,75.3,76.8,74.85,75.64,30.8289,6952932
2007-11-30,76.0,78.19,75.56,77.15,31.4443,7334995
2007-12-03,76.51,77.0,74.8,75.32,30.6984,6166679
2007-12-04,74.55,74.7,73.13,74.0,30.1604,6327142
2007-12-05,74.34,75.95,73.99,75.74,30.8696,4484244
2007-12-06,76.14,78.29,75.91,76.87,31.3302,6387329
2007-12-07,77.0,78.32,76.57,77.87,31.7377,5788840
2007-12-10,77.0,79.25,76.61,78.22,31.8804,4722217
2007-12-11,78.71,78.72,76.75,77.4,31.5462,4279492
2007-12-12,76.11,78.37,75.26,77.62,31.6359,7141789
2007-12-13,76.48,76.61,74.2,74.73,30.458,7414807
2007-12-14,75.35,75.42,73.1,74.64,30.4213,4542472
2007-12-17,73.4,73.94,72.5,73.36,29.8996,5222770
2007-12-18,73.0,75.1,73.0,73.26,29.8588,4563592
2007-12-19,73.35,73.99,72.11,73.07,29.7814,3794444
2007-12-20,73.51,74.1,72.95,73.42,29.924,4017896
2007-12-21,74.45,75.31,74.02,74.04,30.1767,9155539
2007-12-24,74.75,74.75,73.82,73.89,30.1156,670182
2007-12-27,74.5,75.28,74.15,74.59,30.4009,2808879
2007-12-28,73.98,75.29,73.98,74.5,30.3642,1658749
2007-12-31,74.08,74.38,73.91,74.22,30.2501,539173
2008-01-02,74.06,74.98,73.12,73.49,29.9526,2851366
2008-01-03,73.11,73.88,72.62,73.42,29.924,2867594
2008-01-04,73.05,74.21,71.66,72.4,29.5083,4636865
2008-01-07,71.75,73.15,71.71,72.37,29.4961,3794332
2008-01-08,72.56,72.77,71.12,71.82,29.2719,5310096
2008-01-09,71.29,72.06,70.82,71.22,29.0274,5590948
2008-01-10,71.75,72.76,70.96,70.99,28.9336,4964932
2008-01-11,71.27,73.27,71.01,72.68,29.6224,5280867
2008-01-14,72.47,74.61,72.45,73.72,30.0463,4951065
2008-01-15,73.7,75.41,72.19,72.25,29.4472,8729536
2008-01-16,71.81,74.1,71.15,73.17,29.8221,8456769
2008-01-17,73.91,74.32,72.11,72.38,29.5002,5742393
2008-01-18,72.81,73.21,69.11,69.39,28.2815,9968007
2008-01-21,67.5,67.89,62.12,62.71,25.5589,15866848
2008-01-22,59.2,67.92,57.78,66.65,27.1648,19337955
2008-01-23,68.64,68.85,63.09,63.57,25.9094,13526389
2008-01-24,67.19,69.26,66.31,67.92,27.6824,13947124
2008-01-25,69.45,69.45,65.05,65.5,26.6961,9555767
2008-01-28,63.83,65.8,63.52,65.68,26.7694,5584850
2008-01-29,66.35,68.68,65.76,67.6,27.552,7571131
2008-01-30,66.5,68.5,65.15,66.83,27.2381,8695968
2008-01-31,66.5,67.1,64.06,65.83,26.8306,7582088
2008-02-01,66.11,66.75,64.23,65.28,26.6064,9288076
2008-02-04,66.11,66.11,64.66,65.2,26.5738,3825101
2008-02-05,64.5,64.71,61.28,61.44,25.0413,9042167
2008-02-06,60.52,61.68,59.39,61.45,25.0454,8460455
2008-02-07,61.31,61.31,59.64,60.3,24.5767,4957027
2008-02-08,61.01,61.6,58.45,59.08,24.0794,7143170
2008-02-11,58.15,59.46,57.88,58.48,23.8349,4679868
2008-02-12,59.28,60.7,57.5,60.67,24.7275,7718881
2008-02-13,59.76,62.1,59.45,61.19,24.9394,5138004
2008-02-14,62.11,62.8,60.5,61.15,24.9231,4651199
2008-02-15,60.55,60.99,58.65,59.11,24.0917,7195416
2008-02-18,59.65,60.99,59.04,60.44,24.6337,3479960
2008-02-19,59.5,61.75,59.26,59.99,24.4503,6707819
2008-02-20,59.15,61.3,58.52,59.69,24.3281,8596674
2008-02-21,60.36,62.43,60.03,61.69,25.1432,8744919
2008-02-22,61.24,63.53,60.63,61.2,24.9435,5983417
2008-02-25,62.16,64.53,62.11,64.24,26.1825,7889310
2008-02-26,64.93,65.11,62.91,64.97,26.48,8288688
2008-02-27,64.95,64.95,62.52,63.92,26.0521,5811877
2008-02-28,63.44,63.79,60.75,61.36,25.0087,9801269
2008-02-29,60.52,61.11,59.1,59.57,24.2792,8365285
2008-03-03,59.0,59.48,58.05,58.68,23.9164,5192794
2008-03-04,58.48,59.71,57.52,58.41,23.8064,5861020
2008-03-05,59.25,60.1,58.46,59.86,24.3973,4445875
2008-03-06,59.39,59.52,57.49,57.9,23.5985,5052022
2008-03-07,57.05,58.24,56.2,57.45,23.4151,6351541
2008-03-10,57.0,57.71,55.54,56.06,22.8486,4846864
2008-03-11,56.52,59.15,55.82,58.22,23.7289,7900794
2008-03-12,59.75,61.48,59.22,59.54,24.2669,8324567
2008-03-13,57.91,58.27,56.42,57.94,23.6148,7089316
2008-03-14,57.94,59.69,55.55,56.5,23.0279,8698317
2008-03-17,54.01,54.89,52.12,53.85,21.9478,12660380
2008-03-18,54.92,58.3,54.8,58.06,23.6637,9650049
2008-03-19,62.0,62.79,59.73,60.76,24.7642,19386025
2008-03-20,60.0,61.67,58.68,61.51,25.0698,11187690
2008-03-25,64.17,64.97,63.35,64.25,26.1866,8553196
2008-03-26,63.01,64.49,62.51,63.6,25.9217,6844304
2008-03-27,64.0,65.49,63.63,64.63,26.3415,5723402
2008-03-28,64.35,65.18,63.84,64.49,26.2844,3930478
2008-03-31,64.1,64.17,63.0,63.89,26.0399,4340384
2008-04-01,63.32,68.5,63.19,67.75,27.6131,8671895
2008-04-02,68.5,70.5,68.13,69.87,28.4772,9573422
2008-04-03,69.88,69.9,67.52,68.56,27.9432,6818956
2008-04-04,69.17,69.83,67.47,68.55,27.9392,4416299
2008-04-07,69.06,70.78,68.845,70.21,28.6157,5546356
2008-04-08,68.715,69.84,68.505,69.68,28.3997,5005256
2008-04-09,68.92,69.265,67.83,68.095,27.7537,5653127
2008-04-10,68.255,68.355,65.99,67.16,27.3726,6667820
2008-04-11,67.85,68.34,66.1,66.585,27.1383,5155916
2008-04-14,65.5,66.75,65.4,66.01,26.9039,4608757
2008-04-15,66.4,66.59,64.83,65.75,26.798,4339024
2008-04-16,66.0,67.47,65.48,67.16,27.3726,4441853
2008-04-17,67.71,68.935,67.37,67.645,27.5703,4764677
2008-04-18,67.98,70.53,67.85,70.03,28.5424,7520071
2008-04-21,69.73,70.5,68.14,68.745,28.0186,4468716
2008-04-22,67.82,68.62,67.055,67.59,27.5479,3963202
2008-04-23,67.55,68.06,65.925,67.71,27.5968,4298207
2008-04-24,67.2,68.535,66.54,68.41,27.8821,4447714
2008-04-25,69.0,70.45,68.76,69.185,28.198,3873927
2008-04-28,69.435,70.48,69.41,69.76,28.4323,2909690
2008-04-29,69.0,69.88,68.615,69.46,28.3101,3695240
2008-04-30,69.2,69.41,68.31,69.25,28.2245,3423149
2008-05-02,70.5,72.18,70.33,71.32,29.0681,6108368
2008-05-05,71.0,71.6,70.61,71.04,28.954,2325583
2008-05-06,71.04,71.085,69.5,70.19,28.6076,3962184
2008-05-07,70.775,70.895,69.7,69.765,28.4344,3856605
2008-05-08,69.1,69.22,68.2,68.89,28.0777,3505410
2008-05-09,68.155,68.28,66.65,67.44,27.4868,5038767
2008-05-12,67.75,67.97,66.52,67.305,27.4317,1887406
2008-05-13,67.75,68.18,66.47,67.5,27.5112,3918181
2008-05-14,68.865,70.99,68.54,70.78,28.848,8165528
2008-05-15,70.965,70.965,69.66,70.57,28.7625,4285599
2008-05-16,71.1,71.4,69.65,70.01,28.5342,5042266
2008-05-19,70.5,70.595,69.315,69.97,28.5179,3459301
2008-05-20,69.405,69.69,68.3,68.7,28.0003,3691591
2008-05-21,69.0,69.37,67.35,68.0,27.715,5689669
2008-05-22,68.0,69.315,67.515,68.82,28.0492,5402314
2008-05-23,68.655,69.07,67.795,67.97,27.7028,5305509
2008-05-26,64.905,66.68,64.55,66.6,28.5516,5460552
2008-05-27,66.65,67.045,65.31,65.86,28.2344,3786943
2008-05-28,65.86,67.35,65.55,65.55,28.1015,4573540
2008-05-29,66.08,66.285,64.87,65.32,28.0029,4480620
2008-05-30,65.68,66.95,65.595,66.34,28.4401,3848395
2008-06-02,66.9,66.9,64.65,65.005,27.8678,3548659
2008-06-03,64.63,65.0,64.0,64.365,27.5934,4302420
2008-06-04,64.0,64.355,62.63,63.87,27.3812,5390269
2008-06-05,63.61,64.35,62.715,63.105,27.0533,5254665
2008-06-06,63.81,63.83,60.62,60.62,25.988,6288681
2008-06-09,60.46,60.505,59.3,60.04,25.7393,4217936
2008-06-10,59.3,61.825,58.78,60.8,26.0651,6106557
2008-06-11,61.98,62.925,59.05,59.65,25.5721,7369593
2008-06-12,59.3,61.615,59.27,61.285,26.273,5927762
2008-06-13,61.0,62.15,60.05,61.52,26.3738,4396821
2008-06-16,62.7,63.88,61.1,61.905,26.5388,5587443
2008-06-17,62.46,64.095,62.27,63.6,27.2655,7308475
2008-06-18,63.15,63.3,61.56,61.745,26.4702,5909778
2008-06-19,61.11,61.55,60.13,60.265,25.8358,6446227
2008-06-20,60.65,61.07,58.55,59.31,25.4264,9309751
2008-06-23,58.75,59.935,58.5,58.735,25.1799,4276981
2008-06-24,58.535,60.45,58.23,59.88,25.6707,8624482
2008-06-25,60.7,61.5,60.12,61.08,26.1852,5085058
2008-06-26,60.255,60.545,58.64,59.0,25.2935,5952107
2008-06-27,58.9,58.98,56.6,57.91,24.8262,6804773
2008-06-30,57.525,58.01,56.1,57.54,24.6676,6320235
2008-07-01,57.0,57.39,55.42,55.95,23.9859,6557991
2008-07-02,56.6,57.4,55.62,56.155,24.0738,4868321
2008-07-03,55.4,58.675,55.25,58.675,25.1541,7626398
2008-07-04,59.305,59.34,56.82,57.04,24.4532,4078717
2008-07-07,58.045,58.16,56.08,57.39,24.6032,4227978
2008-07-08,56.09,56.65,55.1,56.335,24.151,6228438
2008-07-09,57.5,58.86,56.895,57.9,24.8219,6634141
2008-07-10,56.65,58.55,56.65,57.36,24.5904,5155123
2008-07-11,57.08,57.94,54.935,55.115,23.6279,6464066
2008-07-14,55.775,56.94,55.29,55.865,23.9495,4569507
2008-07-15,54.365,54.75,52.4,54.095,23.1907,8725745
2008-07-16,54.135,55.5,51.23,54.99,23.5744,7867912
2008-07-17,56.445,59.6,56.09,58.645,25.1413,10680321
2008-07-18,57.75,62.98,57.75,62.5,26.7939,11684215
2008-07-21,62.2,63.89,61.135,62.77,26.9097,5995061
2008-07-22,61.845,63.32,60.55,63.04,27.0254,6073906
2008-07-23,64.68,66.47,64.47,65.705,28.1679,8425417
2008-07-24,66.3,67.16,64.09,64.76,27.7628,9002507
2008-07-25,63.145,65.29,62.22,64.8,27.7799,6700112
2008-07-28,64.305,64.48,62.92,63.41,27.184,4011815
2008-07-29,61.51,63.025,60.7,62.295,26.706,6669613
2008-07-30,63.33,64.49,62.4,63.7,27.3084,4090424
2008-07-31,63.7,65.015,62.72,63.8,27.3512,4529894
2008-08-01,62.81,63.49,61.48,61.53,26.3781,6668861
2008-08-04,60.74,61.0,59.2,59.5,25.5078,6691602
2008-08-05,60.69,62.48,59.0,61.875,26.526,10949331
2008-08-06,64.3,65.945,64.1,65.06,27.8914,11333653
2008-08-07,64.5,67.13,64.4,64.665,27.7221,7841837
2008-08-08,64.0,64.65,62.48,64.395,27.6063,5216670
2008-08-11,64.0,65.25,63.85,65.25,27.9729,3482525
2008-08-12,64.29,64.91,62.52,62.85,26.944,5374486
2008-08-13,61.975,62.18,59.445,59.8,25.6364,7166300
2008-08-14,60.4,60.86,59.205,60.495,25.9344,4799603
2008-08-15,61.065,61.9,60.55,61.19,26.2323,3383634
2008-08-18,60.76,61.355,59.695,60.49,25.9322,3373790
2008-08-19,59.655,59.655,57.82,58.09,24.9033,5921453
2008-08-20,58.105,58.785,57.18,58.4,25.0362,3506169
2008-08-21,57.775,57.78,56.67,56.81,24.3546,3610098
2008-08-22,57.28,58.99,56.895,58.89,25.2463,4495333
2008-08-25,58.9,59.35,58.065,58.425,25.047,2130247
2008-08-26,57.9,59.045,57.37,58.57,25.1091,3267711
2008-08-27,58.69,58.83,57.36,58.425,25.047,2604548
2008-08-28,58.19,61.985,57.75,61.415,26.3288,7402235
2008-08-29,61.355,62.35,60.645,61.48,26.3566,4435197
2008-09-01,60.67,62.54,60.54,61.84,26.511,2369671
2008-09-02,61.995,64.78,61.77,64.5,27.6513,6900913
2008-09-03,63.35,64.765,63.3,63.68,27.2998,4175691
2008-09-04,63.53,64.2,61.5,61.85,26.5153,5435651
2008-09-05,61.27,61.84,60.0,60.38,25.8851,6126686
2008-09-08,65.4,66.645,63.765,64.45,27.6299,9748425
2008-09-09,64.14,67.05,63.93,65.02,27.8742,6975143
2008-09-10,65.035,65.35,63.595,63.665,27.2934,7365187
2008-09-11,63.14,63.38,61.0,63.08,27.0426,6570905
2008-09-12,64.18,64.95,62.89,64.54,27.6685,4663065
2008-09-15,61.12,61.74,56.76,59.92,25.6879,17158345
2008-09-16,58.2,59.5,55.51,58.09,24.9033,13476024
2008-09-17,59.835,60.39,55.58,56.19,24.0888,11508414
2008-09-18,55.26,60.24,55.26,57.87,24.809,12922497
2008-09-19,65.0,70.155,62.08,68.0,29.1518,29937104
2008-09-22,68.3,70.05,66.0,66.0,28.2944,9301655
2008-09-23,64.6,65.3,62.63,64.525,27.662,6344936
2008-09-24,65.0,65.85,64.54,65.345,28.0136,3800278
2008-09-25,65.4,68.445,64.585,67.205,28.811,5676460
2008-09-26,66.5,69.2,64.4,68.26,29.2632,5760143
2008-09-29,67.57,67.865,62.5,65.53,28.0929,7078634
2008-09-30,62.345,66.78,62.205,66.08,28.3287,9806573
2008-10-01,67.45,67.7,64.09,65.88,28.2429,5433106
2008-10-02,66.51,68.88,65.07,65.2,27.9514,5970267
2008-10-03,65.27,73.0,65.25,71.345,30.5858,10046968
2008-10-06,68.0,72.36,65.75,67.5,28.9374,12585897
2008-10-07,69.5,72.0,66.09,68.425,29.334,8480366
2008-10-08,64.825,68.88,60.6,63.43,27.1926,12412709
2008-10-09,64.4,67.78,64.15,66.89,28.6759,8793802
2008-10-10,61.36,62.8,55.12,59.865,25.6643,15828377
2008-10-13,64.31,64.55,61.5,64.2,27.5227,9370318
2008-10-14,65.9,66.0,59.89,61.34,26.2966,11394637
2008-10-15,61.465,62.19,58.39,59.185,25.3728,7078754
2008-10-16,56.225,57.7,52.95,55.0,23.5786,10254585
2008-10-17,58.64,58.64,51.525,55.935,23.9795,9291678
2008-10-20,57.15,57.6,51.42,54.895,23.5336,6775379
2008-10-21,58.95,60.22,57.65,59.0,25.2935,7887701
2008-10-22,57.5,60.85,57.2,58.75,25.1863,5595172
2008-10-23,59.41,60.0,55.6,58.72,25.1734,4564167
2008-10-24,56.0,57.105,50.3,57.0,24.4361,8769304
2008-10-27,53.02,55.2,51.25,55.0,23.5786,5846667
2008-10-28,55.995,56.0,46.26,49.3,21.135,10648990
2008-10-29,52.0,54.0,46.605,54.0,23.1499,10680094
2008-10-30,55.0,55.25,51.75,54.665,23.435,6600700
2008-10-31,54.33,56.0,51.86,56.0,24.0074,5513041
2008-11-03,56.4,56.4,53.56,55.42,23.7587,3143303
2008-11-04,56.4,59.35,54.775,58.5,25.0791,6058408
2008-11-05,58.4,58.88,54.6,57.6,24.6933,6445298
2008-11-06,55.27,56.73,53.0,54.7,23.45,6735356
2008-11-07,54.605,55.085,53.1,55.0,23.5786,4436722
2008-11-10,56.0,56.5,52.11,52.68,22.5841,5490741
2008-11-11,52.04,52.04,47.58,48.29,20.7021,7075200
2008-11-12,49.1,49.225,43.64,45.77,19.6217,7420773
2008-11-13,44.5,46.285,43.64,46.2,19.8061,5907916
2008-11-14,47.0,47.5,44.29,46.805,20.0654,6254270
2008-11-17,46.255,46.8,41.8,43.02,18.4428,7771651
2008-11-18,42.345,42.6,38.3,40.815,17.4975,10943343
2008-11-19,40.0,40.68,35.03,36.245,15.5383,12688202
2008-11-20,36.07,37.34,33.55,36.5,15.6476,11694834
2008-11-21,36.75,37.5,33.64,35.98,15.4247,9122436
2008-11-24,36.0,39.065,34.12,39.0,16.7194,9521837
2008-11-25,37.695,41.5,36.58,40.55,17.3839,9644035
2008-11-26,41.09,41.09,38.6,40.4,17.3196,5321652
2008-11-27,40.625,44.13,39.72,43.4,18.6057,6479168
2008-11-28,42.99,43.905,41.745,43.325,18.5735,4759617
2008-12-01,42.875,42.875,39.61,40.02,17.1567,6477057
2008-12-02,38.8,40.37,37.54,39.92,17.1138,5048703
2008-12-03,39.91,40.45,38.5,40.45,17.341,3141974
2008-12-04,40.8,42.38,39.0,42.29,18.1298,4958212
2008-12-05,41.1,41.65,38.2,39.1,16.7623,5440865
2008-12-08,41.35,44.35,40.7,44.35,19.013,6951630
2008-12-09,43.775,45.3,43.21,45.0,19.2916,6364330
2008-12-10,45.01,46.125,44.02,46.125,19.7739,3619999
2008-12-11,45.945,47.5,45.09,46.73,20.0333,3687004
2008-12-12,44.19,44.2,41.4,43.8,18.7772,6028601
2008-12-15,41.47,42.28,39.05,39.4,16.8909,8363752
2008-12-16,39.4,41.35,38.925,41.35,17.7269,4353914
2008-12-17,38.2,38.64,33.6,34.22,14.6702,20750821
2008-12-18,34.8,34.8,31.2,33.0,14.1472,12616199
2008-12-19,32.14,32.7,30.37,30.37,13.0197,12210681
2008-12-22,30.15,30.25,28.72,29.66,12.7153,8831705
2008-12-23,29.45,29.85,28.5,29.75,12.7539,5475238
2008-12-24,29.02,29.575,28.73,29.5,12.6467,1439097
2008-12-29,29.95,29.99,28.74,29.75,12.7539,3291801
2008-12-30,29.65,30.0,29.15,30.0,12.8611,4041709
2008-12-31,30.1,30.64,29.685,30.25,12.9683,2318575
2009-01-02,30.5,32.7,29.915,32.7,14.0186,5024766
2009-01-05,33.19,33.19,31.65,31.855,13.6563,5117825
2009-01-06,31.77,34.4,31.685,34.1,14.6188,7817789
2009-01-07,33.9,35.83,33.71,35.0,15.0046,7559552
2009-01-08,34.5,35.29,33.82,34.84,14.936,3958902
2009-01-09,35.07,35.47,33.77,34.065,14.6038,5234330
2009-01-12,33.98,34.6,33.555,34.16,14.6445,3125807
2009-01-13,33.83,33.99,31.73,33.99,14.5716,5915271
2009-01-14,34.01,34.1,29.9,32.065,13.7464,8397432
2009-01-15,31.775,31.775,29.13,29.965,12.8461,8298516
2009-01-16,30.45,30.5,29.005,29.005,12.4345,9127110
2009-01-19,29.6,29.8,25.85,27.35,11.725,10037635
2009-01-20,26.52,27.24,23.585,23.705,10.1624,13621544
2009-01-21,22.64,24.76,21.37,23.945,10.2653,18307926
2009-01-22,25.5,25.635,22.75,23.2,9.9459,12056334
2009-01-23,23.255,23.55,20.66,21.38,9.1657,13646042
2009-01-26,21.24,25.17,20.91,25.0,10.7176,16762223
2009-01-27,25.46,25.9,24.33,24.96,10.7004,7510698
2009-01-28,26.15,30.145,26.0,30.145,12.9232,16453527
2009-01-29,29.0,30.0,28.3,29.5,12.6467,7903501
2009-01-30,29.0,31.6,29.0,30.01,12.8654,13116582
2009-02-02,28.02,28.5,25.735,27.395,11.7443,10914554
2009-02-03,27.5,27.79,26.09,26.715,11.4528,5864188
2009-02-04,26.86,28.2,26.55,27.69,11.8708,4658329
2009-02-05,26.63,27.85,26.43,27.7,11.8751,4561368
2009-02-06,28.105,30.35,28.105,29.055,12.456,10128254
2009-02-09,28.85,29.83,28.39,29.42,12.6124,4797066
2009-02-10,29.0,29.945,27.9,28.4,12.1752,4967900
2009-02-11,27.6,28.98,27.01,27.8,11.9179,4518034
2009-02-12,27.85,27.885,25.585,26.28,11.2663,5942675
2009-02-13,26.885,27.65,26.01,26.44,11.3349,3789435
2009-02-16,26.18,26.91,25.715,25.955,11.127,2509394
2009-02-17,25.55,25.77,23.79,24.0,10.2889,5618723
2009-02-18,24.36,25.2,23.33,24.62,10.5547,4987351
2009-02-19,25.02,25.925,24.4,24.5,10.5032,5607086
2009-02-20,23.51,23.78,22.76,23.325,9.9995,6404267
2009-02-23,24.25,24.48,23.025,23.14,9.9202,4063339
2009-02-24,22.8,23.565,22.31,23.05,9.8816,4283786
2009-02-25,24.05,25.79,23.765,24.25,10.396,6781789
2009-02-26,24.9,27.885,24.885,27.195,11.6586,8636626
2009-02-27,26.6,26.75,25.5,25.99,11.142,6188278
2009-03-02,24.5,24.875,23.4,23.57,10.1045,6642655
2009-03-03,23.565,24.46,23.2,23.4,10.0316,4859949
2009-03-04,23.805,24.88,23.46,24.73,10.6018,6837875
2009-03-05,24.385,24.8,22.81,22.98,9.8516,5519734
2009-03-06,22.52,22.8,20.95,21.735,9.3179,8585885
2009-03-09,22.3,22.69,21.02,22.075,9.4636,7442221
2009-03-10,22.485,26.65,21.9,26.65,11.4249,10446160
2009-03-11,26.01,28.9,25.625,27.415,11.7529,10259761
2009-03-12,26.51,28.44,25.405,28.4,12.1752,6181765
2009-03-13,29.18,29.5,28.63,29.25,12.5396,6868964
2009-03-16,29.88,31.98,29.76,31.98,13.7099,7126165
2009-03-17,30.91,32.125,30.8,31.7,13.5899,5754426
2009-03-18,32.5,32.55,30.05,31.54,13.5213,6032399
2009-03-19,32.5,34.005,31.55,32.385,13.8835,8695203
2009-03-20,32.06,32.65,30.6,31.65,13.5684,8187879
2009-03-23,32.98,34.6,32.25,34.5,14.7902,6839205
2009-03-24,35.005,35.78,32.5,32.73,14.0314,7669377
2009-03-25,32.195,32.91,30.61,31.985,13.7121,5612540
2009-03-26,32.0,33.15,31.21,32.6,13.9757,4141525
2009-03-27,32.69,33.18,31.11,32.25,13.8257,4359577
2009-03-30,30.99,30.99,29.085,29.14,12.4924,5497211
2009-03-31,29.06,31.48,29.0,31.12,13.3412,4459215
2009-04-01,31.3,33.09,30.04,32.9,14.1043,4475518
2009-04-02,33.85,37.015,33.8,36.41,15.6091,9937712
2009-04-03,35.79,37.49,35.2,35.78,15.339,5533323
2009-04-06,36.0,37.435,34.3,34.9,14.9617,5429172
2009-04-07,34.6,34.85,32.25,33.855,14.5137,5375588
2009-04-08,33.0,34.675,32.5,34.385,14.7409,4148219
2009-04-09,35.0,36.22,34.515,35.345,15.1525,4993726
2009-04-14,36.57,38.82,36.225,38.5,16.5051,7787721
2009-04-15,37.14,38.125,36.75,37.915,16.2543,4521331
2009-04-16,37.78,38.74,37.07,38.695,16.5887,4465025
2009-04-17,38.255,40.85,38.16,40.46,17.3453,6806130
2009-04-20,40.04,40.2,37.35,37.8,16.205,5502996
2009-04-21,36.755,37.89,35.25,36.76,15.7591,6051515
2009-04-22,36.66,38.05,35.55,37.75,16.1835,5681620
2009-04-23,36.74,37.945,36.5,36.66,15.7162,3928301
2009-04-24,36.6,38.7,36.6,38.41,16.4665,4066004
2009-04-27,36.35,38.665,36.3,38.245,16.3957,3378887
2009-04-28,36.85,37.74,35.82,36.77,15.7634,5031927
2009-04-29,36.4,39.5,36.18,39.0,16.7194,5844360
2009-04-30,39.4,41.62,39.4,40.25,17.2553,8227243
2009-05-04,40.6,42.475,40.5,41.805,17.9219,4058232
2009-05-05,41.85,43.89,41.85,42.215,18.0977,6396821
2009-05-06,45.34,46.0,44.51,45.29,19.4159,9951178
2009-05-07,47.0,48.59,44.74,45.01,19.2959,10875475
2009-05-08,45.045,47.4,45.045,45.885,19.671,6609574
2009-05-11,45.88,46.99,44.86,46.69,20.0161,5076030
2009-05-12,45.83,47.2,45.41,45.98,19.7118,5242413
2009-05-13,45.75,46.285,42.2,42.34,18.1513,8813802
2009-05-14,42.17,43.65,41.57,43.4,18.6057,10476790
2009-05-15,44.3,44.475,42.5,43.625,18.7022,5451595
2009-05-18,42.765,46.48,42.56,46.2,19.8061,5006492
2009-05-19,47.9,48.9,47.0,47.42,20.3291,7422095
2009-05-20,46.9,47.14,44.935,45.075,19.7401,6239705
2009-05-21,44.785,45.75,44.35,45.005,19.7094,3502871
2009-05-22,45.78,46.7,45.35,45.895,20.0992,3253961
2009-05-25,45.975,46.4,44.96,46.095,20.1868,1722940
2009-05-26,45.865,47.6,45.1,47.095,20.6247,4048296
2009-05-27,47.9,48.61,47.515,47.8,20.9334,4156890
2009-05-28,47.0,48.0,46.755,47.6,20.8458,3036169
2009-05-29,48.7,48.885,47.81,48.75,21.3495,3995208
2009-06-01,49.6,50.245,47.35,47.8,20.9334,8734194
2009-06-02,47.8,48.525,46.82,47.8,20.9334,4035682
2009-06-03,48.3,48.3,46.32,47.6,20.8458,4636219
2009-06-04,47.855,48.5,47.3,47.555,20.8261,4142100
2009-06-05,48.195,48.92,47.63,47.85,20.9553,3350238
2009-06-08,47.15,47.64,46.815,47.305,20.7167,4589033
2009-06-09,47.56,48.44,47.55,47.845,20.9531,2715205
2009-06-10,48.7,49.265,48.13,48.31,21.1568,3026225
2009-06-11,48.015,49.98,47.9,49.55,21.6998,3332784
2009-06-12,49.48,50.3,49.12,49.83,21.8224,2726653
2009-06-15,49.33,50.88,48.8,48.8,21.3714,8370001
2009-06-16,48.65,48.695,47.52,47.695,20.8875,3902084
2009-06-17,47.24,47.59,45.4,46.245,20.2524,4043265
2009-06-18,46.12,47.38,45.255,47.06,20.6094,3073967
2009-06-19,47.4,47.98,46.27,46.27,20.2634,12952583
2009-06-22,46.47,46.72,44.25,44.5,19.4882,4863059
2009-06-23,43.5,44.615,43.1,43.905,19.2277,3718531
2009-06-24,44.9,46.525,44.07,45.865,20.086,3769431
2009-06-25,46.0,47.68,45.625,46.47,20.351,4163281
2009-06-26,47.05,47.98,45.74,46.08,20.1802,3169292
2009-06-29,45.72,47.69,45.655,47.475,20.7911,2530640
2009-06-30,47.745,47.97,46.21,46.25,20.2546,3277609
2009-07-01,46.85,47.86,46.605,47.395,20.7561,2913190
2009-07-02,46.75,47.25,45.75,45.85,20.0795,3584821
2009-07-03,46.33,46.96,45.7,46.76,20.478,1798056
2009-07-06,45.82,47.23,45.75,46.3,20.2765,2739446
2009-07-07,46.795,47.61,46.48,46.87,20.5262,2835067
2009-07-08,46.49,47.35,45.26,45.78,20.0488,3288111
2009-07-09,46.07,46.69,45.8,46.25,20.2546,2479964
2009-07-10,45.73,47.41,45.23,45.315,19.8452,2077897
2009-07-13,45.07,46.68,44.505,46.425,20.3313,2295463
2009-07-14,46.9,48.5,46.59,47.845,20.9531,3351855
2009-07-15,48.4,48.74,47.65,48.365,21.1809,4313325
2009-07-16,48.3,50.2,48.085,49.17,21.5334,3776491
2009-07-17,49.5,50.37,49.41,49.48,21.6692,3914150
2009-07-20,49.855,50.67,49.69,50.57,22.1465,2798387
2009-07-21,50.4,50.81,49.33,49.73,21.7787,4064396
2009-07-22,49.735,50.2,48.73,50.2,21.9845,3054798
2009-07-23,50.15,51.46,49.34,51.28,22.4575,3736747
2009-07-24,50.66,52.48,50.66,51.16,22.4049,3564284
2009-07-27,52.0,52.09,50.67,51.22,22.4312,3099565
2009-07-28,50.77,51.2,48.53,48.625,21.2947,5166758
2009-07-29,48.6,50.2,48.4,49.07,21.4896,3043526
2009-07-30,49.84,51.18,49.03,50.3,22.0283,3835913
2009-07-31,50.0,51.78,50.0,51.15,22.4005,5144897
2009-08-03,51.25,53.5,51.2,52.53,23.0049,5147260
2009-08-04,53.4,54.34,51.68,52.7,23.0793,5244899
2009-08-05,52.9,53.37,51.32,51.59,22.5932,3970927
2009-08-06,52.27,53.4,52.0,53.0,23.2107,4835983
2009-08-07,52.92,55.21,52.28,54.6,23.9114,5696114
2009-08-10,54.23,54.6,53.87,54.35,23.8019,1882604
2009-08-11,54.23,55.05,53.39,53.67,23.5041,3070435
2009-08-12,53.7,55.45,52.85,55.1,24.1304,3170521
2009-08-13,55.5,57.15,55.1,55.75,24.415,3556980
2009-08-14,56.18,57.25,55.66,55.77,24.4238,2879702
2009-08-17,54.98,55.63,54.18,54.72,23.964,3314071
2009-08-18,54.75,55.5,54.63,55.43,24.2749,1592762
2009-08-19,54.56,55.36,53.7,54.77,23.9859,2181540
2009-08-20,55.45,56.18,55.18,55.57,24.3362,2408458
2009-08-21,55.56,58.9,55.42,58.9,25.7945,5302923
2009-08-24,58.9,59.15,57.75,59.0,25.8383,3150661
2009-08-25,57.8,58.95,57.72,58.65,25.6851,2676073
2009-08-26,57.86,58.56,57.26,57.38,25.1289,2954290
2009-08-27,57.5,57.95,56.71,56.9,24.9187,1954848
2009-08-28,57.42,57.65,56.85,57.15,25.0282,2274058
2009-08-31,56.8,56.85,56.1,56.17,24.599,1851714
2009-09-01,56.22,56.45,54.0,54.05,23.6705,3780727
2009-09-02,53.99,54.28,53.25,53.98,23.6399,3467779
2009-09-03,54.39,54.85,53.15,53.63,23.4866,2132250
2009-09-04,53.73,54.99,53.54,54.99,24.0822,2426426
2009-09-07,55.35,55.94,54.64,55.64,24.3669,1684487
2009-09-08,55.42,55.58,53.55,53.8,23.5611,3342083
2009-09-09,53.42,54.15,53.22,54.15,23.7143,3922466
2009-09-10,54.45,54.45,52.3,52.9,23.1669,3877283
2009-09-11,53.07,53.98,52.86,52.93,23.1801,3181588
2009-09-14,52.2,52.46,51.3,52.09,22.8122,3248660
2009-09-15,51.95,53.74,51.6,53.1,23.2545,4032612
2009-09-16,53.15,56.14,53.12,55.83,24.4501,5570152
2009-09-17,56.4,57.65,55.81,57.16,25.0325,4841482
2009-09-18,56.79,58.04,56.11,57.01,24.9668,8087479
2009-09-21,56.75,57.35,55.36,56.11,24.5727,3430815
2009-09-22,56.22,56.85,55.41,55.74,24.4107,2407042
2009-09-23,56.05,56.9,55.84,56.41,24.7041,2601600
2009-09-24,55.92,57.28,55.26,55.56,24.3318,3185434
2009-09-25,55.85,56.13,54.86,55.33,24.2311,2788449
2009-09-28,54.82,56.57,54.33,56.57,24.7742,2780499
2009-09-29,58.25,58.89,57.31,57.9,25.3566,14546757
2009-09-30,56.54,56.75,54.4,54.6,24.6029,9239661
2009-10-01,54.8,55.11,52.3,52.51,23.6611,6696405
2009-10-02,52.27,52.3,49.85,50.77,22.8771,8612506
2009-10-05,50.77,51.12,49.82,51.12,23.0348,7751707
2009-10-06,51.84,53.99,51.74,53.99,24.328,13387780
2009-10-07,53.92,53.99,52.42,52.93,23.8504,7109900
2009-10-08,54.0,54.12,52.98,53.4,24.0622,6520692
2009-10-09,52.71,53.73,52.4,53.3,24.0171,5642855
2009-10-12,53.1,54.12,52.9,53.89,24.2829,7770769
2009-10-13,53.11,55.21,53.0,54.16,24.4046,8032898
2009-10-14,54.52,55.98,54.27,55.95,25.2112,6546228
2009-10-15,56.0,56.58,55.25,56.21,25.3283,4546579
2009-10-16,56.42,56.6,54.31,54.7,24.6479,4336807
2009-10-19,55.2,56.0,54.95,56.0,25.2337,2680942
2009-10-20,56.31,56.47,55.58,55.86,25.1706,3567747
2009-10-21,56.11,56.34,54.44,56.25,25.3464,3427472
2009-10-22,54.81,55.8,54.58,55.1,24.8282,3006889
2009-10-23,56.2,57.05,56.09,56.25,25.3464,10653540
2009-10-26,56.62,56.7,54.05,54.17,24.4091,4177420
2009-10-27,54.49,54.58,52.6,53.24,23.9901,4749911
2009-10-28,53.18,53.38,51.58,52.12,23.4854,4344616
2009-10-29,52.57,54.05,51.59,53.74,24.2154,4973842
2009-10-30,53.75,54.1,51.24,51.45,23.1835,5522419
2009-11-02,51.4,53.32,50.65,53.16,23.954,4850612
2009-11-03,52.22,52.58,50.71,50.87,22.9221,4604632
2009-11-04,51.5,52.99,51.45,52.63,23.7152,4240364
2009-11-05,52.6,54.96,52.23,54.36,24.4947,5881754
2009-11-06,55.0,55.75,54.35,55.17,24.8597,4586822
2009-11-09,55.94,56.82,55.54,56.71,25.5536,3521134
2009-11-10,56.74,57.4,56.2,57.0,25.6843,3036578
2009-11-11,57.7,58.58,57.62,57.9,26.0899,3516295
2009-11-12,57.39,58.01,56.65,57.19,25.7699,3269831
2009-11-13,57.19,57.74,56.72,57.6,25.9547,2163225
2009-11-16,58.25,58.52,57.57,58.1,26.18,3067150
2009-11-17,58.1,58.35,56.94,57.38,25.8556,2375780
2009-11-18,57.81,58.18,57.21,57.57,25.9412,2849633
2009-11-19,57.7,58.15,56.64,56.94,25.6573,3033224
2009-11-20,57.3,57.95,56.22,56.24,25.3419,4189004
2009-11-23,57.21,58.32,56.85,58.15,26.2025,3494273
2009-11-24,57.25,57.58,56.62,56.62,25.5131,2990956
2009-11-25,57.4,57.65,56.5,56.72,25.5582,2974012
2009-11-26,56.3,56.45,53.62,53.85,24.2649,5049354
2009-11-27,52.42,55.46,52.26,55.14,24.8462,4250921
2009-11-30,55.33,55.66,53.86,55.0,24.7831,5027686
2009-12-01,56.0,56.39,55.07,55.75,25.1211,3593488
2009-12-02,55.89,55.89,53.83,55.05,24.8056,4551053
2009-12-03,55.5,55.71,54.34,54.73,24.6615,3248979
2009-12-04,54.43,56.08,54.17,55.25,24.8958,4147816
2009-12-07,55.14,55.56,54.78,55.41,24.9679,2315196
2009-12-08,55.41,55.79,54.16,54.54,24.5758,3901191
2009-12-09,54.24,55.47,53.77,54.4,24.5128,4147202
2009-12-10,54.37,55.18,54.16,54.81,24.6975,3009352
2009-12-11,55.09,55.4,54.26,54.26,24.4497,3243287
2009-12-14,55.13,55.35,54.2,54.76,24.675,2426443
2009-12-15,54.8,55.02,54.15,54.6,24.6029,2635345
2009-12-16,54.77,56.2,54.76,56.03,25.2472,3853362
2009-12-17,55.2,55.98,54.94,55.16,24.8552,3044642
2009-12-18,55.4,55.5,54.18,54.4,24.5128,8531125
2009-12-21,54.46,55.96,54.4,55.88,25.1796,3342562
2009-12-22,55.85,55.97,54.93,55.56,25.0355,2217525
2009-12-23,55.95,55.96,55.16,55.65,25.076,1586040
2009-12-24,55.85,55.86,55.29,55.55,25.0309,355969
2009-12-28,55.9,56.44,55.69,56.21,25.3283,1417478
2009-12-29,56.49,56.78,56.23,56.56,25.4861,1409328
2009-12-30,56.48,56.75,55.6,55.78,25.1346,1092725
2009-12-31,56.2,56.4,55.66,55.9,25.1887,509744
2010-01-04,56.11,57.32,56.11,57.24,25.7925,2334481
2010-01-05,57.24,58.48,56.82,57.13,25.7429,3158216
2010-01-06,57.2,57.48,57.0,57.22,25.7835,1773871
2010-01-07,57.0,58.43,56.89,58.22,26.2341,3018669
2010-01-08,58.45,59.88,58.38,59.6,26.8559,4284507
2010-01-11,60.0,60.38,58.76,58.76,26.4774,2939199
2010-01-12,59.06,59.19,58.16,58.47,26.3467,2546033
2010-01-13,57.59,58.18,57.0,58.05,26.1575,3264279
2010-01-14,58.94,58.97,58.1,58.66,26.4323,2450147
2010-01-15,58.94,59.17,56.51,56.51,25.4635,4782611
2010-01-18,56.99,57.18,56.01,56.34,25.3869,2262079
2010-01-19,56.25,56.81,54.78,56.57,25.4906,3230065
2010-01-20,56.06,56.54,54.8,55.01,24.7876,3425506
2010-01-21,55.56,56.08,53.53,53.57,24.1388,4452517
2010-01-22,53.31,53.54,51.2,52.56,23.6836,6626498
2010-01-25,51.97,53.3,51.3,51.63,23.2646,4295304
2010-01-26,51.0,52.7,50.55,52.7,23.7467,4545744
2010-01-27,52.0,52.65,51.16,51.75,23.3187,5214984
2010-01-28,52.84,53.07,51.0,51.07,23.0123,5374672
2010-01-29,51.25,52.67,51.07,52.15,23.4989,4555529
2010-02-01,51.56,53.33,51.29,52.9,23.8369,4175585
2010-02-02,52.92,54.32,52.6,53.88,24.2784,3858803
2010-02-03,53.92,54.39,52.27,52.54,23.6746,3039752
2010-02-04,52.54,52.83,49.5,49.84,22.458,6187118
2010-02-05,49.02,49.58,47.105,47.105,21.2256,10493710
2010-02-08,47.8,48.18,45.655,47.455,21.3833,6020771
2010-02-09,47.52,49.44,47.055,48.315,21.7708,5602149
2010-02-10,49.2,50.24,48.72,49.82,22.449,5726461
2010-02-11,50.37,50.49,47.805,48.5,21.8542,5171927
2010-02-12,48.56,49.11,46.81,47.6,21.4487,4530565
2010-02-15,47.85,48.25,47.195,47.865,21.5681,2145850
2010-02-16,48.8,49.2,47.635,49.2,22.1696,4087048
2010-02-17,50.83,52.52,50.01,51.15,23.0483,6467431
2010-02-18,50.8,52.44,50.46,52.25,23.544,5138448
2010-02-19,51.72,53.34,51.56,53.08,23.918,4898939
2010-02-22,53.65,54.32,53.25,53.95,24.31,3941300
2010-02-23,54.1,54.55,52.2,52.63,23.7152,4578363
2010-02-24,52.78,53.1,52.0,52.9,23.8369,3481610
2010-02-25,52.44,53.44,51.35,51.51,23.2105,3289541
2010-02-26,52.28,53.33,51.82,53.13,23.9405,4237242
2010-03-01,53.9,54.49,53.38,54.3,24.4677,3693250
2010-03-02,53.86,54.88,53.73,54.7,24.6479,2678894
2010-03-03,54.37,54.85,53.81,54.85,24.7155,3001625
2010-03-04,54.03,55.19,53.93,54.77,24.6795,4032133
2010-03-05,54.97,56.78,54.97,56.78,25.5852,4196708
2010-03-08,56.92,57.6,56.85,57.21,25.7789,3415093
2010-03-09,57.07,57.48,55.96,56.92,25.6483,3798353
2010-03-10,56.68,57.61,56.68,57.47,25.8961,2870151
2010-03-11,56.82,57.33,56.44,56.9,25.6393,3472501
2010-03-12,57.04,57.56,56.56,57.0,25.6843,3535395
2010-03-15,56.85,56.97,56.18,56.18,25.3148,2773075
2010-03-16,56.55,57.69,56.55,57.48,25.9006,3568722
2010-03-17,57.78,58.14,57.53,57.72,26.0088,3128705
2010-03-18,57.17,57.89,56.76,57.2,25.7744,2890896
2010-03-19,57.11,58.19,57.01,57.32,25.8285,6173391
2010-03-22,57.1,57.25,56.1,57.14,25.7474,3424818
2010-03-23,57.2,58.17,56.95,57.64,25.9727,3097117
2010-03-24,57.84,58.2,56.83,57.84,26.0628,3835985
2010-03-25,57.9,59.02,57.72,58.73,26.4639,4021093
2010-03-26,58.67,59.0,58.43,58.72,26.4594,2448494
2010-03-29,58.78,59.25,58.19,58.82,26.5044,2095953
2010-03-30,59.0,59.34,57.82,58.29,26.2656,2404784
2010-03-31,57.96,57.96,56.14,56.86,25.6212,5154371
2010-04-01,57.16,58.18,57.0,57.8,26.0448,2582196
2010-04-06,58.0,58.25,57.26,57.99,26.1304,2249143
2010-04-07,57.5,57.61,56.28,56.38,25.4049,4185456
2010-04-08,56.0,56.08,54.27,55.35,24.9408,4878583
2010-04-09,56.01,56.75,55.68,56.75,25.5717,3244170
2010-04-12,57.62,57.69,56.78,57.2,25.7744,2979410
2010-04-13,56.93,57.3,56.33,56.72,25.5582,2339708
2010-04-14,56.6,57.93,56.43,57.6,25.9547,3813442
2010-04-15,57.2,58.15,57.17,57.53,25.9231,3701155
2010-04-16,56.75,57.9,55.14,55.35,24.9408,7743151
2010-04-19,54.5,55.63,54.02,55.35,24.9408,4807439
2010-04-20,55.42,56.41,54.66,55.88,25.1796,4596444
2010-04-21,55.55,55.79,53.98,53.98,24.3235,6223452
2010-04-22,53.5,54.18,51.95,52.82,23.8008,7691359
2010-04-23,52.37,53.6,52.0,52.96,23.8639,5696300
2010-04-26,53.84,54.94,53.3,54.56,24.5849,6343737
2010-04-27,54.14,55.28,50.73,50.73,22.859,8244157
2010-04-28,49.9,52.62,48.92,50.98,22.9717,14732950
2010-04-29,50.85,52.53,50.53,52.1,23.4764,7664140
2010-04-30,51.62,53.45,51.05,52.13,23.4899,6828337
2010-05-03,51.5,52.77,51.4,52.3,23.5665,3401815
2010-05-04,51.79,52.28,49.0,49.1,22.1246,9085421
2010-05-05,49.35,49.72,47.355,47.78,21.5298,10486830
2010-05-06,47.5,50.07,45.36,46.575,20.9868,14659940
2010-05-07,44.25,47.18,42.51,43.93,19.795,18651510
2010-05-10,50.9,53.2,48.0,53.11,23.9315,22953539
2010-05-11,51.61,52.47,50.2,51.88,23.3772,9350037
2010-05-12,51.32,53.12,50.56,52.35,23.589,7782618
2010-05-13,52.94,52.99,51.69,51.81,23.3457,4708375
2010-05-14,51.5,51.55,47.535,47.97,21.6154,12024400
2010-05-17,47.55,49.37,47.2,47.79,21.5343,6019134
2010-05-18,48.995,50.2,48.355,49.305,22.2169,7031065
2010-05-19,47.59,47.64,45.75,46.3,21.5175,9756207
2010-05-20,46.9,47.85,44.31,45.81,21.2898,9339331
2010-05-21,46.0,46.62,44.64,46.215,21.478,9803740
2010-05-24,47.39,47.55,46.0,46.55,21.6337,5514145
2010-05-25,45.0,45.8,44.41,45.25,21.0295,8293802
2010-05-26,46.05,46.7,45.315,45.315,21.0597,6763764
2010-05-27,46.21,47.55,45.48,47.33,21.9962,7900958
2010-05-28,47.56,47.91,46.52,46.97,21.8289,5444742
2010-05-31,46.56,47.085,45.96,46.295,21.5152,2902623
2010-06-01,45.885,46.13,44.555,45.97,21.3641,6234287
2010-06-02,45.655,46.09,44.985,46.09,21.4199,4730752
2010-06-03,46.85,46.98,45.65,45.865,21.3153,8963975
2010-06-04,45.95,46.175,42.755,43.125,20.042,13870830
2010-06-07,42.6,43.74,41.73,42.69,19.8398,7175280
2010-06-08,43.22,43.22,40.81,41.48,19.2775,7479245
2010-06-09,42.2,42.755,41.555,42.32,19.6678,6428197
2010-06-10,41.81,44.505,41.38,43.82,20.3649,6430240
2010-06-11,44.94,46.765,44.45,46.275,21.5059,8920335
2010-06-14,47.07,47.75,46.82,47.5,22.0752,4831460
2010-06-15,46.88,49.25,46.85,49.25,22.8885,5709428
2010-06-16,49.85,49.95,48.395,49.34,22.9303,5146834
2010-06-17,48.88,49.9,48.655,49.06,22.8002,5331367
2010-06-18,49.05,50.59,48.94,50.18,23.3207,7498820
2010-06-21,51.25,51.65,50.12,50.32,23.3858,4081513
2010-06-22,49.29,49.6,48.45,49.355,22.9373,5067032
2010-06-23,48.425,49.365,48.02,48.285,22.44,3678155
2010-06-24,48.585,48.735,45.66,45.875,21.32,6785190
2010-06-25,46.175,47.05,44.925,45.365,21.083,6515535
2010-06-28,45.8,47.015,45.145,47.005,21.8451,4947050
2010-06-29,45.83,46.13,43.725,43.75,20.3324,6579233
2010-06-30,44.14,45.78,43.565,44.77,20.8064,6575170
2010-07-01,43.595,44.4,43.13,43.49,20.2116,5194382
2010-07-02,44.99,45.25,43.73,44.205,20.5439,4054549
2010-07-05,44.71,44.775,43.45,43.45,20.193,2438261
2010-07-06,43.725,45.9,43.53,45.29,21.0481,4130168
2010-07-07,44.31,47.975,43.9,47.975,22.2959,7224356
2010-07-08,48.51,49.98,48.44,49.57,23.0372,7316507
2010-07-09,50.0,50.48,49.34,50.09,23.2789,4540300
2010-07-12,49.775,50.57,49.16,50.0,23.237,3311890
2010-07-13,49.985,51.45,49.71,51.45,23.9109,4128547
2010-07-14,51.55,51.59,49.6,50.74,23.581,4298686
2010-07-15,50.08,50.57,48.47,48.705,22.6352,6152237
2010-07-16,48.88,49.54,46.59,47.06,21.8707,6180014
2010-07-19,46.62,48.15,46.27,47.14,21.9079,3304100
2010-07-20,47.545,47.78,45.97,46.97,21.8289,3455432
2010-07-21,47.64,48.89,47.565,47.585,22.1147,4411688
2010-07-22,47.3,50.0,47.13,49.85,23.1673,4656796
2010-07-23,49.845,50.35,48.705,49.82,23.1534,4390255
2010-07-26,51.0,51.3,49.895,51.0,23.7018,4570119
2010-07-27,52.0,54.95,51.77,53.8,25.0031,10513540
2010-07-28,54.5,55.76,54.12,54.96,25.5422,7312511
2010-07-29,54.79,55.4,53.4,53.4,24.8172,5132610
2010-07-30,52.68,53.54,51.9,52.71,24.4965,4599796
2010-08-02,54.75,55.74,54.45,55.49,25.7885,6147135
2010-08-03,55.45,56.18,55.3,55.79,25.9279,6342724
2010-08-04,55.75,56.15,54.44,55.89,25.9744,5969281
2010-08-05,56.02,57.0,55.82,55.99,26.0208,4567631
2010-08-06,56.39,57.36,55.33,55.71,25.8907,4201698
2010-08-09,56.6,57.17,56.45,56.96,26.4716,3241744
2010-08-10,56.64,56.91,55.65,56.0,26.0255,3072173
2010-08-11,55.53,55.65,53.76,53.8,25.0031,3953477
2010-08-12,53.38,54.12,52.65,53.58,24.9008,3120837
2010-08-13,54.46,54.46,52.69,53.27,24.7567,3143708
2010-08-16,53.32,53.5,51.92,52.58,24.4361,2673984
2010-08-17,53.1,53.81,52.38,53.72,24.9659,2510421
2010-08-18,53.25,53.88,52.85,53.03,24.6452,2225721
2010-08-19,53.49,53.74,51.59,51.7,24.0271,4052288
2010-08-20,51.64,52.25,50.59,51.02,23.7111,3956983
2010-08-23,51.27,52.29,51.15,51.67,24.0132,2442126
2010-08-24,51.12,51.27,49.605,50.57,23.5019,3691485
2010-08-25,50.3,50.86,48.335,49.165,22.849,4371010
2010-08-26,50.2,50.34,48.825,49.43,22.9721,3625939
2010-08-27,49.205,49.745,48.105,49.745,23.1185,4098979
2010-08-30,50.4,50.43,48.9,49.12,22.8281,1945313
2010-08-31,48.03,49.435,48.005,49.37,22.9443,3322812
2010-09-01,49.75,52.37,48.835,52.3,24.3059,5521088
2010-09-02,52.0,52.87,51.51,52.43,24.3664,3232118
2010-09-03,52.65,54.18,52.04,53.44,24.8358,4072167
2010-09-06,53.89,54.14,53.27,53.9,25.0495,2375091
2010-09-07,53.3,53.5,52.04,52.73,24.5058,3374402
2010-09-08,51.98,53.63,51.51,53.5,24.8636,4074556
2010-09-09,53.15,55.0,52.92,54.46,25.3098,3756272
2010-09-10,53.66,55.0,53.32,54.84,25.4864,3172953
2010-09-13,55.63,56.54,55.4,55.98,26.0162,4521830
2010-09-14,55.97,56.5,55.74,56.13,26.0859,2673409
2010-09-15,56.01,56.34,55.08,55.67,25.8721,2787215
2010-09-16,55.67,55.85,54.78,55.0,25.5607,2775021
2010-09-17,55.95,55.99,53.7,53.92,25.0588,8886407
2010-09-20,54.26,54.81,53.36,54.66,25.4027,2917913
2010-09-21,55.7,55.87,54.7,54.7,25.4213,4237731
2010-09-22,55.22,55.81,54.82,55.28,25.6909,5737791
2010-09-23,55.68,55.94,53.23,53.9,25.0495,4347262
2010-09-24,53.05,55.43,52.81,55.3,25.7002,4500480
2010-09-27,55.78,55.83,55.09,55.19,25.649,3238270
2010-09-28,54.8,55.35,53.87,54.39,25.2773,4008252
2010-09-29,54.7,54.85,52.73,53.11,24.6824,4890907
2010-09-30,52.48,53.3,52.0,52.17,24.2455,5782464
2010-10-01,52.71,52.98,50.53,51.56,23.962,6214084
2010-10-04,51.28,51.81,50.31,51.02,23.7111,3549465
2010-10-05,50.8,53.2,50.5,53.0,24.6313,4397057
2010-10-06,53.49,54.18,53.14,53.35,24.7939,4133453
2010-10-07,53.65,54.5,52.9,53.93,25.0635,3169797
2010-10-08,53.89,53.97,52.45,53.2,24.7242,3620812
2010-10-11,53.59,53.65,52.52,52.7,24.4918,2500705
2010-10-12,52.17,52.73,51.56,52.51,24.4035,3492275
2010-10-13,52.52,54.0,52.1,54.0,25.096,4561719
2010-10-14,53.65,53.97,52.25,52.29,24.3013,5259213
2010-10-15,52.27,52.77,51.39,52.08,24.2037,4603816
2010-10-18,51.61,52.2,51.49,52.0,24.1665,3782514
2010-10-19,51.9,53.08,51.9,51.92,24.1293,4794501
2010-10-20,51.59,52.79,51.55,52.21,24.2641,3944788
2010-10-21,52.0,53.13,51.8,52.82,24.5476,4268094
2010-10-22,52.69,53.54,52.45,53.14,24.6963,2682658
2010-10-25,53.6,53.61,52.65,52.84,24.5569,2513009
2010-10-26,52.56,52.91,51.92,52.6,24.4454,2924451
2010-10-27,52.32,53.48,52.0,52.65,24.4686,3478913
2010-10-28,53.14,53.44,52.55,52.78,24.529,2783365
2010-10-29,52.76,53.0,51.93,52.55,24.4221,2841976
2010-11-01,53.25,53.36,51.62,52.17,24.2455,2664180
2010-11-02,52.0,52.58,51.58,52.21,24.2641,3144959
2010-11-03,53.01,53.3,52.15,52.45,24.3757,4549905
2010-11-04,53.98,55.1,53.77,54.37,25.268,7780925
2010-11-05,54.73,55.33,53.51,53.8,25.0031,4326743
2010-11-08,53.85,54.68,53.56,54.3,25.2354,2909576
2010-11-09,54.18,55.2,53.88,54.81,25.4724,3216254
2010-11-10,54.62,54.75,53.14,53.5,24.8636,4461738
2010-11-11,54.0,54.01,51.7,52.67,24.4779,4718268
2010-11-12,51.5,53.5,51.1,52.98,24.622,5574664
2010-11-15,52.6,53.57,52.41,53.4,24.8172,2698727
2010-11-16,52.81,52.95,51.5,51.53,23.9481,3817442
2010-11-17,51.26,52.45,51.16,52.3,24.3059,2626447
2010-11-18,52.85,54.05,52.67,53.64,24.9287,3919107
2010-11-19,53.65,54.0,52.5,53.28,24.7614,3281733
2010-11-22,54.2,54.2,51.87,52.13,24.2269,3535829
2010-11-23,51.54,51.79,49.9,50.14,23.3021,6279553
2010-11-24,50.15,50.53,49.16,49.92,23.1999,4635444
2010-11-25,50.0,50.32,49.0,49.82,23.1534,3469030
2010-11-26,49.495,49.495,47.355,48.735,22.6491,8639742
2010-11-29,49.47,49.77,46.835,47.18,21.9265,7297991
2010-11-30,47.405,47.46,45.02,45.6,21.1922,10200740
2010-12-01,46.115,46.79,45.935,46.55,21.6337,8387061
2010-12-02,47.13,48.42,46.47,48.025,22.3192,9035748
2010-12-03,48.12,49.325,47.785,48.84,22.6979,6467834
2010-12-06,49.1,49.26,47.62,48.18,22.3912,4076354
2010-12-07,48.0,49.81,48.0,49.28,22.9024,5178835
2010-12-08,48.59,51.0,48.56,50.61,23.5205,5027132
2010-12-09,51.11,52.3,51.0,52.01,24.1712,5769383
2010-12-10,52.3,52.41,51.55,51.65,24.0039,3369848
2010-12-13,52.0,52.54,51.6,52.07,24.1991,3629485
2010-12-14,51.83,52.08,51.22,51.85,24.0968,3567213
2010-12-15,51.58,51.6,50.43,50.7,23.5624,4467696
2010-12-16,50.4,50.6,49.8,50.59,23.5112,4275581
2010-12-17,50.74,51.0,49.71,49.71,23.1023,7736329
2010-12-20,49.505,50.46,49.3,49.765,23.1278,2785678
2010-12-21,49.98,50.44,49.6,50.28,23.3672,2842115
2010-12-22,49.95,50.45,49.65,49.735,23.1139,2382000
2010-12-23,49.63,49.95,49.11,49.55,23.0279,1803657
2010-12-24,49.695,49.735,49.2,49.6,23.0511,274389
2010-12-27,49.4,49.685,48.415,48.92,22.7351,1707565
2010-12-28,49.17,49.45,48.67,48.775,22.6677,1058906
2010-12-29,48.855,49.45,48.61,48.98,22.763,1510045
2010-12-30,49.055,49.29,48.15,48.425,22.5051,1939802
2010-12-31,48.435,48.625,47.61,47.61,22.1263,1156343
2011-01-03,48.3,49.655,47.935,49.335,22.928,2962587
2011-01-04,49.335,50.75,49.225,50.0,23.237,3878155
2011-01-05,49.67,50.18,49.04,50.15,23.3068,3726931
2011-01-06,50.4,50.83,49.61,49.835,23.1604,3864414
2011-01-07,49.65,49.8,48.64,48.715,22.6399,5394217
2011-01-10,48.405,48.405,47.03,47.32,21.9915,5577201
2011-01-11,48.195,48.36,47.5,47.935,22.2774,4564750
2011-01-12,48.545,50.36,48.3,50.26,23.3579,7342278
2011-01-13,50.56,52.0,50.22,51.69,24.0225,7026327
2011-01-14,51.1,52.65,51.06,52.57,24.4314,4622989
2011-01-17,52.39,52.81,51.91,52.32,24.3152,2742747
2011-01-18,52.36,53.6,52.34,53.24,24.7428,4837746
2011-01-19,53.01,53.64,52.67,53.02,24.6406,4798833
2011-01-20,52.55,53.97,52.41,53.89,25.0449,5378005
2011-01-21,54.0,56.19,53.9,55.1,25.6072,10700610
2011-01-24,55.5,55.96,54.51,55.17,25.6398,3434313
2011-01-25,55.5,55.79,54.2,54.55,25.3516,5607870
2011-01-26,54.64,55.27,54.25,54.42,25.2912,3980740
2011-01-27,54.0,55.87,53.48,55.48,25.7838,6306918
2011-01-28,55.49,56.78,54.83,55.08,25.5979,6411677
2011-01-31,54.6,55.6,53.62,54.6,25.3749,5434075
2011-02-01,55.2,56.64,54.39,56.59,26.2997,5858029
2011-02-02,56.75,57.31,56.43,56.9,26.4438,4264242
2011-02-03,56.66,56.8,55.44,56.03,26.0394,3970330
2011-02-04,56.38,56.84,55.4,55.81,25.9372,3148600
2011-02-07,55.67,57.1,55.67,56.32,26.1742,3626260
2011-02-08,56.3,56.9,55.8,56.81,26.4019,3556080
2011-02-09,56.81,57.75,56.54,57.1,26.5367,3683989
2011-02-10,56.83,56.95,55.61,56.46,26.2393,4048379
2011-02-11,56.34,57.31,55.83,56.72,26.3601,3650627
2011-02-14,57.6,57.6,55.63,56.04,26.0441,3737402
2011-02-15,56.0,57.58,55.78,57.29,26.625,4279241
2011-02-16,57.19,59.53,57.19,58.97,27.4058,7644045
2011-02-17,59.1,59.93,57.82,58.77,27.3128,7872937
2011-02-18,58.19,59.06,57.57,58.24,27.0665,5323040
2011-02-21,58.01,58.55,56.71,57.15,26.5599,4144826
2011-02-22,56.6,56.8,55.05,55.56,25.821,7256091
2011-02-23,55.26,56.38,55.0,55.03,25.5747,4823901
2011-02-24,54.75,55.39,54.34,54.65,25.3981,4552453
2011-02-25,54.94,56.38,54.68,55.91,25.9837,4205807
2011-02-28,56.14,57.3,55.35,56.58,26.295,4281720
2011-03-01,56.99,57.17,54.81,55.12,25.6165,5377159
2011-03-02,54.8,54.99,53.8,54.33,25.2494,4565738
2011-03-03,54.93,55.52,53.97,54.17,25.175,5001690
2011-03-04,54.49,54.73,52.81,53.21,24.7289,5715481
2011-03-07,52.91,53.3,52.15,52.23,24.2734,4614287
2011-03-08,52.57,53.2,52.02,53.2,24.7242,4651582
2011-03-09,53.55,53.58,52.4,52.7,24.4918,4505429
2011-03-10,52.0,52.68,51.75,52.6,24.4454,4606580
2011-03-11,51.99,53.62,51.8,53.14,24.6963,6429277
2011-03-14,53.4,55.07,52.95,53.07,24.6638,7392801
2011-03-15,51.5,52.68,50.51,51.96,24.1479,9040389
2011-03-16,52.15,52.21,49.755,50.34,23.3951,9269390
2011-03-17,51.6,52.12,50.3,51.75,24.0503,6815202
2011-03-18,52.0,52.75,51.27,52.0,24.1665,8440104
2011-03-21,52.66,53.48,52.5,53.18,24.7149,4584401
2011-03-22,53.06,54.22,52.2,52.57,24.4314,5418276
2011-03-23,52.2,52.73,51.76,52.56,24.4268,4230825
2011-03-24,51.97,53.48,51.9,53.39,24.8125,4246818
2011-03-25,53.5,53.77,52.87,53.09,24.6731,3014256
2011-03-28,52.85,53.58,52.59,53.26,24.7521,2557363
2011-03-29,53.55,53.86,52.58,53.1,24.6777,3392884
2011-03-30,53.75,53.75,52.95,53.3,24.7707,4021659
2011-03-31,53.12,53.44,51.57,51.61,23.9853,5985953
2011-04-01,52.03,53.44,52.01,53.44,24.8358,6122572
2011-04-04,53.5,53.85,52.58,52.74,24.5104,4252002
2011-04-05,52.65,52.87,51.8,52.47,24.385,3764597
2011-04-06,52.51,53.67,51.67,53.39,24.8125,5496550
2011-04-07,53.4,55.25,53.36,54.34,25.254,6777217
2011-04-08,54.78,55.44,54.56,54.7,25.4213,3769980
2011-04-11,54.8,54.93,53.89,54.11,25.1471,2613087
2011-04-12,53.68,54.08,53.08,53.39,24.8125,3982480
2011-04-13,53.8,54.32,53.25,53.47,24.8497,3133522
2011-04-14,53.0,53.31,52.13,52.64,24.464,4760142
2011-04-15,52.64,52.98,51.9,52.1,24.213,5517784
2011-04-18,51.87,52.0,50.0,50.63,23.5298,7553838
2011-04-19,50.7,50.98,50.11,50.13,23.2975,4210177
2011-04-20,50.84,51.1,50.32,50.54,23.488,4922521
2011-04-21,50.95,51.93,50.6,51.42,23.897,4940466
2011-04-26,51.34,52.1,51.2,51.72,24.0364,3545343
2011-04-27,51.87,52.69,51.17,52.16,24.2409,4470617
2011-04-28,52.58,53.2,52.58,53.03,24.6452,4336218
2011-04-29,53.03,53.59,52.98,53.43,24.8311,3084786
2011-05-02,53.88,54.08,53.39,53.39,24.8125,2318805
2011-05-03,53.8,53.8,53.07,53.45,24.8404,4324406
2011-05-04,54.75,55.2,54.01,54.05,25.1192,8919369
2011-05-05,54.34,54.57,53.55,53.98,25.0867,5035588
2011-05-06,53.9,54.98,53.63,54.43,25.2958,5411181
2011-05-09,53.98,53.98,52.75,52.94,24.6034,5814166
2011-05-10,52.75,54.38,52.54,54.13,25.1564,5130308
2011-05-11,54.23,54.98,53.9,54.62,25.3841,4810233
2011-05-12,53.77,54.59,53.71,54.14,25.1611,5521504
2011-05-13,54.41,54.9,53.32,53.62,24.9194,4544706
2011-05-16,52.82,53.37,52.17,53.08,24.6684,4683420
2011-05-17,53.33,53.98,52.75,52.83,24.5523,5052823
2011-05-18,53.75,53.81,53.09,53.4,24.8172,3735222
2011-05-19,53.74,54.75,53.1,54.34,25.254,5885975
2011-05-20,52.7,53.28,51.95,52.32,25.2927,7773827
2011-05-23,51.4,51.82,51.15,51.37,24.8334,4798465
2011-05-24,51.5,51.86,51.2,51.32,24.8093,4077442
2011-05-25,51.0,52.64,50.7,52.47,25.3652,4421297
2011-05-26,52.65,53.36,52.0,52.3,25.283,4616170
2011-05-27,53.55,53.89,52.76,53.5,25.8631,6172358
2011-05-30,53.41,53.7,53.0,53.21,25.7229,1694038
2011-05-31,53.7,54.64,53.7,54.22,26.2112,5202601
2011-06-01,54.69,54.69,53.71,53.8,26.0082,3989401
2011-06-02,53.22,53.4,52.41,52.41,25.3362,3597061
2011-06-03,52.75,53.7,51.93,53.55,25.8873,4456372
2011-06-06,53.17,53.4,52.27,52.5,25.3797,3364952
2011-06-07,52.4,53.04,52.24,52.64,25.4474,2450147
2011-06-08,52.4,52.77,51.88,52.21,25.2395,3001914
2011-06-09,52.16,52.66,51.52,52.35,25.3072,3677766
2011-06-10,52.46,52.88,51.39,51.61,24.9495,3617640
2011-06-13,51.58,52.03,51.33,51.41,24.8528,2052808
2011-06-14,52.08,52.97,51.77,52.61,25.4329,3443958
2011-06-15,51.86,51.97,51.11,51.3,24.7996,4633572
2011-06-16,50.69,51.27,49.675,51.11,24.7078,7512203
2011-06-17,50.75,52.55,50.43,52.2,25.2347,10491390
2011-06-20,51.05,51.79,50.84,51.75,25.0171,3908174
2011-06-21,52.01,53.25,51.97,53.08,25.6601,4081296
2011-06-22,53.5,53.7,52.89,53.34,25.7858,4073233
2011-06-23,53.06,53.09,50.95,51.28,24.7899,6840199
2011-06-24,52.4,52.62,49.92,50.19,24.263,7785907
2011-06-27,49.75,50.58,49.36,50.16,24.2485,5829724
2011-06-28,50.46,51.5,50.21,51.13,24.7174,6070157
2011-06-29,51.69,52.95,51.52,52.0,25.138,6281859
2011-06-30,52.34,53.35,52.08,53.23,25.7326,4514464
2011-07-01,53.34,54.98,53.13,54.54,26.3659,5673842
2011-07-04,54.61,54.7,53.51,53.95,26.0807,3355832
2011-07-05,53.74,53.86,53.14,53.25,25.7423,2999895
2011-07-06,52.97,53.14,51.92,52.5,25.3797,5158216
2011-07-07,52.97,53.44,51.73,51.82,25.051,6376991
2011-07-08,52.1,52.29,49.605,49.82,24.0841,10613550
2011-07-11,49.19,49.3,45.81,46.455,22.4574,15211050
2011-07-12,45.5,47.49,43.86,46.945,22.6943,15977920
2011-07-13,46.805,47.715,45.53,46.51,22.484,9560191
2011-07-14,45.86,46.775,45.43,46.05,22.2616,6655186
2011-07-15,45.4,46.065,44.705,45.28,21.8894,8550771
2011-07-18,44.965,45.125,43.42,43.63,21.0917,7042692
2011-07-19,44.29,45.59,43.89,44.9,21.7057,7237738
2011-07-20,45.8,47.16,45.6,46.955,22.6991,8660977
2011-07-21,46.94,49.69,45.315,48.92,23.6491,14711980
2011-07-22,50.35,50.76,47.895,48.815,23.5983,9396141
2011-07-25,48.1,48.15,46.43,46.7,22.5759,7690868
2011-07-26,46.93,47.43,45.94,46.595,22.5251,4619374
2011-07-27,45.75,46.0,45.005,45.835,22.1577,6001620
2011-07-28,45.11,46.61,44.92,46.395,22.4284,6557872
2011-07-29,45.47,45.935,44.615,45.465,21.9788,6694512
2011-08-01,46.515,46.75,43.55,43.675,21.1135,7752036
2011-08-02,43.195,44.355,42.5,42.6,20.5938,9167972
2011-08-03,42.0,43.37,41.555,41.805,20.2095,10345220
2011-08-04,42.945,43.225,40.05,40.615,19.6342,11462940
2011-08-05,39.125,42.37,39.0,40.615,19.6342,14329060
2011-08-08,42.5,43.44,39.31,39.31,19.0034,13998940
2011-08-09,39.485,40.88,37.39,39.335,19.0154,13606840
2011-08-10,40.38,40.44,33.8,35.61,17.2147,24099090
2011-08-11,36.75,37.0,32.925,35.72,17.2679,23489131
2011-08-12,36.48,38.0,34.11,37.225,17.9954,9190803
2011-08-15,38.0,38.64,36.535,37.525,18.1404,4357050
2011-08-16,37.1,37.5,36.17,37.5,18.1284,4969173
2011-08-17,37.0,37.36,36.25,36.69,17.7368,5597295
2011-08-18,36.0,36.2,33.45,34.21,16.5379,8441892
2011-08-19,33.93,34.44,32.5,32.75,15.8321,11491950
2011-08-22,32.5,33.59,32.095,32.72,15.8176,4852311
2011-08-23,33.105,33.735,32.505,32.975,15.9409,4306550
2011-08-24,33.425,33.755,32.535,33.445,16.1681,4688014
2011-08-25,33.82,35.52,33.75,34.36,16.6104,6700810
2011-08-26,34.48,35.115,32.915,33.56,16.2237,4245675
2011-08-29,34.28,34.815,33.595,34.395,16.6273,3069262
2011-08-30,35.5,35.64,34.06,34.735,16.7917,3759042
2011-08-31,35.315,35.87,34.695,35.87,17.3404,4619563
2011-09-01,36.1,36.25,34.75,35.645,17.2316,3529587
2011-09-02,34.9,34.935,33.01,33.42,16.156,4334480
2011-09-05,32.42,32.42,30.75,31.3,15.1311,6654971
2011-09-06,31.01,31.745,29.26,29.66,14.3383,8030856
2011-09-07,30.405,31.8,29.85,31.64,15.2955,6093978
2011-09-08,32.35,33.495,31.675,32.23,15.5807,5381555
2011-09-09,32.01,32.1,29.725,29.8,14.406,7030184
2011-09-12,27.5,27.5,25.41,26.12,12.627,14531540
2011-09-13,27.345,28.0,23.05,28.0,13.5358,20741369
2011-09-14,26.5,28.2,25.25,26.9,13.0041,17436189
2011-09-15,27.15,32.85,26.345,30.5,14.7444,13808450
2011-09-16,31.84,31.975,27.71,28.195,13.6301,17039699
2011-09-19,27.0,27.85,26.4,26.65,12.8832,7416020
2011-09-20,26.0,26.61,24.7,24.915,12.0445,11993560
2011-09-21,24.1,25.65,23.0,24.455,11.8221,15510040
2011-09-22,23.5,24.16,23.05,23.06,11.1477,12155520
2011-09-23,23.83,25.79,22.72,25.315,12.2379,13875020
2011-09-26,24.42,27.59,24.0,26.325,12.7261,12463610
2011-09-27,28.59,30.58,28.01,30.05,14.5269,12574990
2011-09-28,29.175,31.69,28.35,29.655,14.3359,10629760
2011-09-29,29.515,31.995,29.2,31.14,15.0538,9170085
2011-09-30,31.15,32.0,29.015,30.05,14.5269,8088670
2011-10-03,28.75,28.95,27.055,28.655,13.8525,5714231
2011-10-04,27.67,27.95,26.41,27.18,13.1394,7093838
2011-10-05,29.11,29.54,28.56,29.49,14.2561,7695058
2011-10-06,30.9,32.025,30.105,32.025,15.4816,10812560
2011-10-07,31.99,33.16,31.05,31.55,15.252,10768180
2011-10-10,32.0,32.745,30.36,32.485,15.704,7391602
2011-10-11,32.78,33.445,32.5,33.445,16.1681,6939086
2011-10-12,33.46,36.4,32.675,35.35,17.089,10894050
2011-10-13,35.24,36.25,32.115,33.345,16.1197,12885510
2011-10-14,33.17,33.33,31.36,32.25,15.5904,7565780
2011-10-17,32.285,33.0,30.5,31.05,15.0103,6052714
2011-10-18,30.0,30.0,28.75,29.935,14.4713,8952839
2011-10-19,30.7,32.2,30.39,31.775,15.3608,7821842
2011-10-20,31.11,32.0,29.685,29.92,14.464,8398224
2011-10-21,30.585,32.04,30.435,31.78,15.3632,6081770
2011-10-24,32.5,33.895,31.005,32.0,15.4695,6134237
2011-10-25,31.515,32.0,30.335,30.8,14.8894,5935785
2011-10-26,30.6,31.72,29.52,30.045,14.5244,6618449
2011-10-27,34.85,35.99,32.015,35.13,16.9827,17398340
2011-10-28,35.5,37.15,35.285,36.35,17.5724,11468330
2011-10-31,34.565,35.155,32.85,32.85,15.8804,8579993
2011-11-01,30.1,30.755,28.155,28.56,13.8066,12852590
2011-11-02,29.63,30.65,28.805,29.685,14.3504,8341348
2011-11-03,28.08,33.0,27.7,31.92,15.4309,14188050
2011-11-04,33.65,33.97,30.35,30.88,14.9281,9008579
2011-11-07,30.085,31.71,29.21,30.77,14.8749,6130767
2011-11-08,30.8,32.5,30.735,31.32,15.1408,5211017
2011-11-09,32.4,32.52,29.82,30.68,14.8314,6320543
2011-11-10,29.27,32.17,29.1,30.51,14.7492,5504732
2011-11-11,30.79,32.59,30.645,32.235,15.5831,5211195
2011-11-14,33.19,33.68,31.22,31.815,15.3801,5097733
2011-11-15,31.4,31.465,29.63,29.98,14.493,6819062
2011-11-16,29.72,30.635,29.51,29.865,14.4374,5537205
2011-11-17,29.5,29.655,28.485,28.485,13.7703,6189983
2011-11-18,28.48,28.94,27.82,28.065,13.5673,4895457
2011-11-21,27.87,28.0,26.335,26.85,12.9799,5700279
2011-11-22,27.25,27.6,25.35,25.53,12.3418,5552077
2011-11-23,25.015,25.71,24.8,24.8,11.9889,5790017
2011-11-24,25.66,26.42,25.185,25.62,12.3853,5944081
2011-11-25,25.745,26.18,25.04,25.85,12.4965,4338643
2011-11-28,26.87,29.055,26.475,28.52,13.7872,8063658
2011-11-29,28.415,29.015,27.185,28.165,13.6156,6653281
2011-11-30,27.14,30.24,27.08,29.47,14.2465,11655220
2011-12-01,29.7,29.88,28.565,28.875,13.9588,5558147
2011-12-02,29.59,32.54,29.5,31.6,15.2762,14403570
2011-12-05,32.79,33.785,32.495,33.155,16.0279,8183387
2011-12-06,32.66,33.66,31.93,33.045,15.9747,7113280
2011-12-07,34.0,34.5,31.705,32.99,15.9481,7088226
2011-12-08,33.695,34.295,30.825,31.11,15.0393,9673933
2011-12-09,30.16,33.07,29.6,32.505,15.7137,8588430
2011-12-12,32.28,33.29,30.75,30.865,14.9209,6236050
2011-12-13,30.885,31.0,29.405,30.085,14.5438,6047112
2011-12-14,29.63,30.105,27.81,27.87,13.473,6948425
2011-12-15,28.14,28.63,27.605,27.925,13.4996,7023240
2011-12-16,28.25,28.56,27.5,27.745,13.4126,7573941
2011-12-19,27.5,29.4,27.42,28.425,13.7413,4432974
2011-12-20,28.67,30.645,28.35,30.14,14.5704,6781006
2011-12-21,31.15,31.8,29.245,29.245,14.1377,9508880
2011-12-22,29.6,30.46,29.545,30.24,14.6187,4411766
2011-12-23,30.87,30.895,29.75,30.3,14.6477,2756014
2011-12-27,30.6,30.7,29.895,29.955,14.4809,1556063
2011-12-28,30.255,30.375,29.455,29.455,14.2392,2220355
2011-12-29,29.405,30.33,29.15,30.33,14.6622,2528493
2011-12-30,30.7,30.705,30.0,30.35,14.6719,2262738
2012-01-02,30.45,31.29,30.24,31.29,15.1263,2454403
2012-01-03,31.6,31.6,30.41,31.335,15.1481,3984078
2012-01-04,30.94,31.44,30.45,30.65,14.8169,3632129
2012-01-05,30.745,30.8,28.72,29.0,14.0193,5854251
2012-01-06,29.125,29.27,28.26,28.455,13.7558,4397556
2012-01-09,28.6,29.06,27.515,27.895,13.4851,4489761
2012-01-10,28.285,29.705,28.2,29.585,14.3021,5121505
2012-01-11,29.835,30.55,29.51,30.0,14.5027,5018439
2012-01-12,30.52,32.48,30.21,31.01,14.9909,8569021
2012-01-13,31.94,32.69,31.205,31.79,15.368,8829788
2012-01-16,30.96,32.575,30.55,32.305,15.617,4554576
2012-01-17,33.1,33.87,32.15,32.49,15.7064,7166269
2012-01-18,33.0,33.37,31.82,32.06,15.4985,7763450
2012-01-19,32.99,35.04,32.5,34.7,16.7748,16017740
2012-01-20,34.885,35.94,34.15,35.325,17.0769,11863160
2012-01-23,35.88,36.6,35.425,36.05,17.4274,9135323
2012-01-24,35.945,36.125,34.89,35.39,17.1083,8258071
2012-01-25,35.59,36.08,34.16,35.79,17.3017,6720276
2012-01-26,36.235,36.585,35.805,35.805,17.309,6436026
2012-01-27,35.0,35.09,34.17,34.64,16.7458,6493692
2012-01-30,33.875,33.875,32.105,32.175,15.5541,9262340
2012-01-31,33.1,33.495,32.3,32.37,15.6484,6033881
2012-02-01,32.495,33.995,32.48,33.845,16.3615,6857773
2012-02-02,34.225,34.48,33.355,34.1,16.4847,4733757
2012-02-03,34.3,35.42,33.9,35.2,17.0165,6997367
2012-02-06,34.805,35.2,34.055,34.99,16.915,4354953
2012-02-07,35.25,35.89,34.8,35.735,17.2751,4215612
2012-02-08,36.445,37.1,36.07,36.15,17.4757,7593018
2012-02-09,36.195,37.255,36.195,36.545,17.6667,5939612
2012-02-10,35.775,36.525,34.8,35.05,16.944,6448848
2012-02-13,35.7,35.89,33.775,34.325,16.5935,6490602
2012-02-14,33.62,34.225,32.795,33.515,16.2019,7887976
2012-02-15,35.0,36.1,34.41,34.885,16.8642,12393070
2012-02-16,34.285,36.035,33.905,35.855,17.3331,9145333
2012-02-17,36.855,37.12,36.345,36.88,17.8286,8753792
2012-02-20,37.4,37.86,36.53,37.165,17.9664,6401065
2012-02-21,37.355,38.085,36.75,37.455,18.1066,6455773
2012-02-22,37.765,38.0,36.335,36.4,17.5966,6773908
2012-02-23,36.09,37.2,35.63,36.3,17.5483,5929117
2012-02-24,36.72,37.26,36.36,36.92,17.848,5069531
2012-02-27,36.8,36.885,35.81,36.59,17.6884,5141206
2012-02-28,36.8,37.26,36.005,36.615,17.7005,5729964
2012-02-29,36.88,37.79,36.52,36.635,17.7102,7535368
2012-03-01,36.5,37.575,36.005,37.355,18.0583,6592232
2012-03-02,37.6,38.46,37.575,37.915,18.329,5863072
2012-03-05,37.525,37.85,37.01,37.395,18.0776,5073313
2012-03-06,37.195,37.295,35.0,35.0,16.9198,9670739
2012-03-07,35.0,35.86,34.98,35.665,17.2413,5935351
2012-03-08,36.485,37.38,36.21,37.0,17.8867,8538085
2012-03-09,37.425,37.595,36.78,36.945,17.8601,6064437
2012-03-12,36.585,37.175,36.23,36.575,17.6812,5299533
2012-03-13,36.875,37.5,36.855,37.42,18.0897,5603609
2012-03-14,37.94,38.945,37.86,38.48,18.6021,10110920
2012-03-15,38.64,39.065,38.14,38.94,18.8245,6744966
2012-03-16,38.775,39.48,38.7,39.0,18.8535,8002426
2012-03-19,38.955,39.25,38.61,39.065,18.8849,4410456
2012-03-20,38.91,38.985,37.985,38.33,18.5296,4598745
2012-03-21,38.575,38.955,37.44,38.0,18.3701,4699275
2012-03-22,37.975,37.975,36.81,37.05,17.9108,5771880
2012-03-23,37.05,37.88,36.655,37.455,18.1066,5633176
2012-03-26,37.99,38.005,36.66,37.58,18.167,4660935
2012-03-27,37.955,38.495,37.145,37.385,18.0728,5273972
2012-03-28,37.2,37.52,36.75,36.9,17.8383,5209221
2012-03-29,36.7,37.335,35.6,35.685,17.251,6927725
2012-03-30,36.105,36.415,34.89,35.575,17.1978,7307524
2012-04-02,35.785,36.0,34.36,35.7,17.2582,6670729
2012-04-03,35.87,36.145,34.635,34.7,16.7748,5889005
2012-04-04,34.01,34.38,32.84,33.19,16.0448,10681200
2012-04-05,33.49,33.74,32.06,32.875,15.8925,8663541
2012-04-10,31.95,32.7,30.88,30.995,14.9837,9574972
2012-04-11,30.8,32.45,30.745,31.255,15.1094,9186839
2012-04-12,31.84,32.075,30.81,32.075,15.5058,8397079
2012-04-13,32.0,32.26,30.255,30.4,14.6961,8590729
2012-04-16,30.2,30.305,28.68,29.0,14.0193,12535550
2012-04-17,29.0,31.165,28.86,30.99,14.9813,10780300
2012-04-18,30.995,31.585,29.33,30.0,14.5027,9279893
2012-04-19,30.24,30.73,28.5,28.555,13.8041,11966950
2012-04-20,28.86,30.095,28.42,29.605,14.3117,10546750
2012-04-23,29.03,29.265,28.15,28.4,13.7292,7984992
2012-04-24,28.395,29.46,27.925,29.24,14.1353,8826342
2012-04-25,29.615,31.5,29.5,30.875,14.9257,12207600
2012-04-26,30.95,31.2,29.57,30.59,14.7879,9081479
2012-04-27,29.555,31.49,29.285,31.045,15.0079,7327846
2012-04-30,31.13,31.445,30.2,30.35,14.6719,5370647
2012-05-02,31.0,31.15,29.595,30.045,14.5244,8048635
2012-05-03,30.15,30.65,28.885,29.095,14.0652,9468754
2012-05-04,28.91,30.07,28.21,28.99,14.0144,10384950
2012-05-07,27.8,30.4,27.8,30.21,14.6042,8392216
2012-05-08,29.54,30.24,28.83,29.065,14.0507,8433760
2012-05-09,29.085,29.27,27.7,28.375,13.7171,9727256
2012-05-10,28.82,29.445,28.005,29.045,14.041,9381267
2012-05-11,28.605,28.83,27.85,28.67,13.8597,7771356
2012-05-14,27.91,27.985,27.28,27.62,13.3521,7734192
2012-05-15,27.69,27.95,26.515,26.84,12.9751,9112871
2012-05-16,26.5,27.15,25.97,26.53,12.8252,12715710
2012-05-17,26.5,26.7,25.41,25.48,12.3176,9153230
2012-05-18,25.05,26.79,24.85,26.23,12.6802,12472690
2012-05-21,26.055,26.7,25.675,26.285,12.7068,8215159
2012-05-22,26.85,27.385,26.3,27.11,13.1056,8630113
2012-05-23,26.645,26.805,26.105,26.24,12.685,7223068
2012-05-24,26.6,27.095,25.935,26.67,12.8929,6828915
2012-05-25,26.79,27.275,26.365,26.58,12.8494,6191337
2012-05-28,26.865,27.22,26.235,26.295,12.7116,4173425
2012-05-29,26.58,26.69,25.76,26.275,12.7019,5560984
2012-05-30,24.885,25.87,24.535,24.955,12.6412,10260380
2012-05-31,25.1,25.725,24.99,25.725,13.0312,11291560
2012-06-01,25.94,26.45,25.575,25.91,13.1249,14695250
2012-06-04,25.615,27.11,25.595,26.785,13.5682,9778224
2012-06-05,27.115,27.72,27.0,27.42,13.8898,9642512
2012-06-06,27.745,28.7,27.425,28.58,14.4774,13453130
2012-06-07,28.75,29.245,28.55,28.995,14.6876,11096260
2012-06-08,28.5,28.705,27.97,28.455,14.4141,7548871
2012-06-11,29.94,29.965,27.87,27.985,14.176,10537760
2012-06-12,27.875,28.245,27.5,28.08,14.2241,8902937
2012-06-13,28.1,28.48,27.735,28.015,14.1912,7888548
2012-06-14,27.935,28.285,27.525,28.27,14.3204,8157931
2012-06-15,28.485,29.48,28.475,29.475,14.9308,16009510
2012-06-18,30.745,30.89,28.06,28.17,14.2697,11806480
2012-06-19,28.26,29.01,27.535,28.93,14.6547,7501499
2012-06-20,29.15,29.72,28.93,29.62,15.0042,6052559
2012-06-21,29.445,30.29,28.975,29.21,14.7966,8282786
2012-06-22,28.705,30.06,28.655,29.4,14.8928,7716997
2012-06-25,29.15,29.345,27.59,27.78,14.0722,7465793
2012-06-26,28.0,28.39,27.33,27.505,13.9329,6857893
2012-06-27,27.61,28.39,27.395,28.355,14.3635,4734871
2012-06-28,28.5,28.59,27.28,27.65,14.0063,6803857
2012-06-29,29.2,30.335,28.7,30.335,15.3664,15714570
2012-07-02,30.565,32.0,30.305,31.65,16.0326,13662410
2012-07-03,31.8,32.12,30.675,31.22,15.8147,7863635
2012-07-04,31.19,31.19,30.365,31.02,15.7134,4872734
2012-07-05,31.025,31.64,29.85,30.4,15.3994,7851529
2012-07-06,30.195,30.385,29.2,29.2,14.7915,6412340
2012-07-09,29.235,29.575,28.66,29.185,14.7839,4826842
2012-07-10,29.45,30.26,29.115,29.51,14.9485,5573016
2012-07-11,29.185,30.23,29.14,29.94,15.1663,4521577
2012-07-12,29.78,30.375,29.35,29.65,15.0194,5399006
2012-07-13,29.86,29.89,29.095,29.77,15.0802,5531747
2012-07-16,29.795,29.935,29.335,29.5,14.9435,3568073
2012-07-17,29.555,29.96,29.295,29.44,14.9131,4153606
2012-07-18,29.78,29.92,29.4,29.845,15.1182,4495740
2012-07-19,29.945,30.385,29.48,30.205,15.3006,5835042
2012-07-20,30.205,30.33,28.505,28.515,14.4445,8811797
2012-07-23,28.0,28.0,26.24,26.955,13.6543,13873210
2012-07-24,27.095,27.16,26.205,26.46,13.4035,6512267
2012-07-25,26.22,27.145,26.185,26.56,13.4542,4718903
2012-07-26,26.755,29.055,26.36,28.835,14.6066,10067190
2012-07-27,29.22,30.185,28.335,30.185,15.2905,9396492
2012-07-30,30.485,31.46,30.265,31.185,15.797,7980845
2012-07-31,31.2,31.4,30.075,30.17,15.2829,7032423
2012-08-01,30.49,31.185,30.305,30.705,15.5539,5492849
2012-08-02,31.35,31.99,29.245,29.45,14.9181,12159030
2012-08-03,30.0,32.22,29.46,32.0,16.2099,9085737
2012-08-06,32.295,33.98,32.2,33.2,16.8177,9559137
2012-08-07,33.34,34.17,32.52,33.63,17.0355,7727092
2012-08-08,33.3,33.96,32.5,33.83,17.1369,5291030
2012-08-09,34.0,34.365,33.425,34.02,17.2331,4947878
2012-08-10,33.75,34.0,33.315,33.675,17.0583,3632515
2012-08-13,33.55,34.185,33.425,33.75,17.0963,3795337
2012-08-14,34.0,34.15,33.63,33.81,17.1267,3029791
2012-08-15,33.64,34.0,33.53,33.8,17.1217,1957012
2012-08-16,33.97,34.625,33.375,34.525,17.4889,4255827
2012-08-17,34.8,35.29,34.52,35.0,17.7295,6279690
2012-08-20,34.985,35.28,33.725,34.385,17.418,4715562
2012-08-21,34.6,35.81,34.485,35.225,17.8435,5293951
2012-08-22,34.82,35.72,34.82,35.015,17.7371,4667712
2012-08-23,35.65,35.89,34.14,34.775,17.6156,6291437
2012-08-24,34.63,34.63,33.52,34.18,17.3142,4250626
2012-08-27,34.155,35.24,33.75,34.9,17.6789,3553420
2012-08-28,34.73,34.94,34.27,34.53,17.4914,2681917
2012-08-29,34.62,34.75,33.965,34.305,17.3775,2484756
2012-08-30,34.13,34.26,33.495,33.84,17.1419,2788222
2012-08-31,33.91,34.705,33.55,34.555,17.5041,5465295
2012-09-03,34.48,34.94,34.285,34.87,17.6637,2481454
2012-09-04,34.97,35.345,34.44,34.51,17.4813,3134138
2012-09-05,34.595,35.48,34.11,35.22,17.841,4845127
2012-09-06,35.5,37.45,35.26,37.145,18.8161,10886130
2012-09-07,37.805,38.98,37.71,37.775,19.1352,11438850
2012-09-10,37.85,38.94,37.235,38.165,19.3328,6783091
2012-09-11,38.0,39.05,37.785,39.01,19.7608,6167065
2012-09-12,39.12,40.005,38.78,38.92,19.7152,9897001
2012-09-13,39.0,39.145,37.9,38.31,19.4062,5239963
2012-09-14,39.5,40.07,39.255,39.99,20.2573,9081295
2012-09-17,39.6,40.595,39.01,40.195,20.3611,6591904
2012-09-18,39.945,40.06,39.0,39.535,20.0268,5788458
2012-09-19,39.64,40.0,38.515,39.525,20.0217,6852476
2012-09-20,38.975,39.455,38.12,38.915,19.7127,5600542
2012-09-21,39.15,39.755,38.805,39.665,20.0926,10273380
2012-09-24,39.285,39.685,38.92,39.065,19.7887,3133444
2012-09-25,38.965,39.6,38.6,39.51,20.0141,3769296
2012-09-26,38.86,38.945,37.21,37.335,18.9123,7122423
2012-09-27,37.78,38.03,37.1,37.895,19.196,4139067
2012-09-28,38.22,38.585,36.93,36.98,18.7325,5753305
2012-10-01,36.58,38.47,36.565,38.27,19.386,5694113
2012-10-02,37.94,38.54,37.515,37.685,19.0896,4174744
2012-10-03,37.52,38.17,37.325,37.81,19.153,3681135
2012-10-04,38.115,38.43,37.63,38.045,19.272,3884109
2012-10-05,38.125,39.63,38.11,39.39,19.9533,4873237
2012-10-08,39.0,39.0,38.62,38.665,19.5861,2950946
2012-10-09,38.85,38.915,37.99,38.055,19.2771,3479873
2012-10-10,37.8,38.29,37.58,37.695,19.0947,2615821
2012-10-11,37.305,38.99,37.25,38.795,19.6519,4313352
2012-10-12,38.67,39.35,38.45,38.45,19.4772,4413991
2012-10-15,38.32,39.3,38.32,39.005,19.7583,2949015
2012-10-16,39.4,40.85,39.31,40.695,20.6144,6575271
2012-10-17,41.0,41.86,40.8,41.755,21.1513,6684882
2012-10-18,41.8,41.945,41.02,41.775,21.1615,4829548
2012-10-19,41.61,41.855,40.51,40.79,20.6625,5468621
2012-10-22,40.655,41.645,40.545,40.9,20.7182,3283290
2012-10-23,40.885,41.2,39.505,40.045,20.2851,4903340
2012-10-24,40.16,40.32,39.355,40.29,20.4092,4033029
2012-10-25,40.01,40.75,39.505,39.625,20.0724,3362091
2012-10-26,39.0,39.29,38.21,39.125,19.8191,7002424
2012-10-29,38.915,39.18,38.535,38.99,19.7507,3770089
2012-10-30,39.245,39.64,39.09,39.395,19.9559,3217728
2012-10-31,39.055,39.59,38.78,38.81,19.6595,3631156
2012-11-01,38.56,39.57,38.505,38.97,19.7406,3608425
2012-11-02,38.98,39.58,38.8,38.965,19.738,4773392
2012-11-05,38.62,39.055,38.55,38.64,19.5734,2835893
2012-11-06,38.93,39.48,38.61,39.12,19.8165,3902638
2012-11-07,40.75,41.235,39.54,39.54,20.0293,9310167
2012-11-08,40.3,40.545,39.92,40.05,20.2876,4580964
2012-11-09,40.08,40.235,38.62,39.455,19.9862,5035670
2012-11-12,39.44,39.905,39.0,39.535,20.0268,2352138
2012-11-13,39.165,40.565,39.1,40.5,20.5156,4582740
2012-11-14,40.695,40.85,39.945,40.075,20.3003,3878297
2012-11-15,39.665,40.7,39.585,40.3,20.4143,3434698
2012-11-16,40.065,40.345,39.255,39.255,19.8849,5717622
2012-11-19,39.85,41.15,39.705,41.08,20.8094,4314083
2012-11-20,40.895,41.275,40.375,41.08,20.8094,3804214
2012-11-21,41.11,41.8,40.785,41.525,21.0348,3908637
2012-11-22,41.745,42.1,41.59,41.915,21.2324,2217732
2012-11-23,42.11,42.6,41.61,42.6,21.5794,2746561
2012-11-26,42.28,42.575,41.61,41.82,21.1843,2794904
2012-11-27,42.265,42.49,41.87,42.11,21.3312,2844802
2012-11-28,41.865,42.12,41.175,41.985,21.2678,2692440
2012-11-29,42.37,42.83,42.21,42.83,21.6959,3394417
2012-11-30,42.8,43.25,42.685,42.945,21.7541,5149605
2012-12-03,43.045,43.48,42.525,42.57,21.5642,2959375
2012-12-04,42.4,43.6,42.4,43.13,21.8478,2957251
2012-12-05,43.9,43.98,42.955,43.38,21.9745,3562659
2012-12-06,43.785,44.3,43.39,43.935,22.2556,4798951
2012-12-07,44.115,44.32,43.62,44.03,22.3037,3007839
2012-12-10,43.53,43.645,42.405,43.195,21.8808,4722365
2012-12-11,43.275,43.35,42.66,43.175,21.8706,3555921
2012-12-12,43.2,43.47,42.855,43.16,21.863,3132963
2012-12-13,43.36,43.505,42.875,43.215,21.8909,3042259
2012-12-14,43.205,43.92,43.03,43.92,22.248,3088498
2012-12-17,43.815,43.92,43.21,43.845,22.21,2484185
2012-12-18,44.0,44.36,43.67,43.86,22.2176,3052784
2012-12-19,44.5,44.755,44.19,44.56,22.5722,4075580
2012-12-20,44.735,44.825,44.435,44.54,22.5621,2894598
2012-12-21,44.335,44.415,43.635,43.655,22.1138,8243078
2012-12-24,43.65,43.84,43.15,43.41,21.9897,921846
2012-12-27,43.22,43.755,43.2,43.435,22.0023,2168774
2012-12-28,43.71,43.71,42.225,42.335,21.4451,2604935
2012-12-31,42.005,42.61,41.8,42.585,21.5718,806107
2013-01-02,43.93,44.565,43.42,44.46,22.5216,3604846
2013-01-03,44.24,44.545,44.015,44.46,22.5216,1719620
2013-01-04,44.36,44.72,43.955,44.385,22.4836,1969483
2013-01-07,45.25,46.065,45.12,45.21,22.9015,4186011
2013-01-08,45.155,46.555,45.065,45.695,23.1472,4068024
2013-01-09,45.915,46.335,44.83,45.64,23.1193,4651803
2013-01-10,45.7,46.44,44.82,45.575,23.0864,4345922
2013-01-11,45.715,45.98,44.865,45.87,23.2358,4009052
2013-01-14,46.065,46.35,45.505,45.635,23.1168,3295970
2013-01-15,45.2,45.32,44.155,44.23,22.4051,5905055
2013-01-16,44.235,44.315,43.23,44.21,22.3949,4863845
2013-01-17,44.25,45.625,44.225,45.625,23.1117,4222018
2013-01-18,46.08,46.62,45.57,46.235,23.4207,4478755
2013-01-21,46.36,46.5,45.9,46.45,23.5296,1442582
2013-01-22,46.5,46.63,45.775,46.295,23.4511,3001194
2013-01-23,45.94,46.195,45.115,45.115,22.8534,3860879
2013-01-24,45.15,46.33,44.77,46.055,23.3295,3120269
2013-01-25,45.975,46.87,45.85,46.665,23.6385,3538570
2013-01-28,46.8,47.865,46.67,47.665,24.1451,3392320
2013-01-29,47.71,47.915,46.64,47.245,23.9323,3596990
2013-01-30,47.405,47.465,45.79,46.205,23.4055,4236583
2013-01-31,46.16,46.75,45.45,46.21,23.408,3898523
2013-02-01,46.465,47.25,46.34,46.755,23.6841,4388677
2013-02-04,46.89,47.06,44.695,44.695,22.6406,5484208
2013-02-05,44.415,45.97,44.3,45.525,23.0611,3976399
2013-02-06,45.59,45.655,43.68,44.365,22.4734,4596368
2013-02-07,44.595,45.2,43.52,43.565,22.0682,3735901
2013-02-08,43.8,44.915,43.72,44.595,22.59,3663641
2013-02-11,44.5,45.2,44.235,44.75,22.6685,2576821
2013-02-12,44.585,46.13,44.4,46.035,23.3194,4091394
2013-02-13,46.03,46.12,45.28,45.845,23.2231,3818510
2013-02-14,46.3,47.5,46.2,46.75,23.6816,7947608
2013-02-15,46.56,47.215,46.005,46.005,23.3042,4966090
2013-02-18,45.975,46.0,45.14,45.38,22.9876,3166507
2013-02-19,45.2,45.8,45.175,45.625,23.1117,2878682
2013-02-20,45.5,45.875,44.325,44.525,22.5545,3699626
2013-02-21,44.1,44.15,42.42,42.5,21.5287,5926415
2013-02-22,42.8,43.89,42.76,43.63,22.1011,4350851
2013-02-25,43.895,45.65,43.385,43.69,22.1315,6306810
2013-02-26,41.17,42.7,40.35,41.67,21.1083,9597217
2013-02-27,42.155,43.38,41.41,43.155,21.8605,6243792
2013-02-28,43.51,43.7,42.37,43.105,21.8352,4455634
2013-03-01,42.81,42.945,41.415,42.37,21.4629,5418369
2013-03-04,41.94,42.745,41.635,42.5,21.5287,3162771
2013-03-05,43.1,44.025,42.985,43.735,22.1543,5156454
2013-03-06,43.535,44.17,42.94,43.02,21.7921,3810954
2013-03-07,43.0,43.57,42.7,42.855,21.7085,3478058
2013-03-08,43.415,44.85,43.27,44.61,22.5976,5465620
2013-03-11,44.385,44.785,44.11,44.395,22.4886,2553034
2013-03-12,44.195,44.8,44.05,44.16,22.3696,2756053
2013-03-13,43.92,44.185,43.56,43.72,22.1467,3358928
2013-03-14,44.2,44.94,44.1,44.26,22.4203,4649118
2013-03-15,44.335,44.675,43.88,43.99,22.2835,6097027
2013-03-18,42.5,42.91,41.95,42.75,21.6554,5978402
2013-03-19,42.755,42.755,40.735,40.955,20.7461,6753241
2013-03-20,41.35,42.42,41.065,42.24,21.397,6615129
2013-03-21,42.16,42.48,41.61,42.02,21.2856,3621540
2013-03-22,41.755,42.215,41.005,41.175,20.8575,5023927
2013-03-25,42.72,42.75,39.5,39.925,20.2243,8242131
2013-03-26,40.0,40.95,39.7,40.365,20.4472,6334417
2013-03-27,40.375,40.59,38.65,39.67,20.0952,8796747
2013-03-28,39.685,40.695,39.37,40.04,20.2826,4790046
2013-04-02,40.2,41.18,39.64,40.925,20.7309,5077551
2013-04-03,40.64,41.01,39.885,40.095,20.3104,4054540
2013-04-04,40.475,41.355,39.54,39.83,20.1762,5128772
2013-04-05,39.99,40.2,38.515,39.265,19.89,5417445
2013-04-08,39.5,39.92,39.11,39.16,19.8368,3129826
2013-04-09,39.51,39.905,39.155,39.365,19.9407,3733712
2013-04-10,39.64,41.8,39.5,41.465,21.0044,6544709
2013-04-11,41.585,42.42,41.3,41.975,21.2628,5388852
2013-04-12,41.825,41.86,40.59,40.725,20.6296,6182611
2013-04-15,40.9,41.175,39.885,40.33,20.4295,3958824
2013-04-16,39.975,40.9,39.715,40.12,20.3231,3538698
2013-04-17,40.4,40.67,38.01,38.295,19.3986,7264982
2013-04-18,38.5,39.45,37.47,38.29,19.3961,7728861
2013-04-19,38.955,39.45,38.56,38.965,19.738,5446174
2013-04-22,39.555,40.02,38.78,38.96,19.7355,4409094
2013-04-23,39.0,41.25,39.0,41.06,20.7993,7476587
2013-04-24,41.195,41.97,40.26,41.79,21.1691,6611233
2013-04-25,41.945,42.17,41.185,41.8,21.1741,3581832
2013-04-26,41.76,41.95,41.28,41.58,21.0627,3638095
2013-04-29,41.72,42.48,41.595,42.35,21.4527,4147788
2013-04-30,42.695,43.06,42.31,42.31,21.4325,5113900
2013-05-02,42.15,43.67,41.85,42.87,21.7161,6603008
2013-05-03,43.73,44.0,42.69,43.89,22.2328,6269094
2013-05-06,43.68,44.0,43.535,43.895,22.2354,1990650
2013-05-07,44.0,45.3,43.945,44.95,22.7698,5293725
2013-05-08,45.095,45.5,44.3,44.65,22.6178,3537855
2013-05-09,44.555,45.025,44.24,44.54,22.5621,2186750
2013-05-10,44.505,45.18,44.125,44.67,22.6279,3483652
2013-05-13,44.84,44.905,43.82,44.155,22.3671,3585556
2013-05-14,44.52,45.075,44.01,45.045,22.8179,3649856
2013-05-15,44.7,45.79,44.39,45.75,23.175,4687555
2013-05-16,45.495,46.18,45.31,45.85,23.2257,3848669
2013-05-17,45.84,47.05,45.6,46.49,23.5499,7931358
2013-05-20,46.675,47.25,46.2,46.705,23.6588,3140982
2013-05-21,45.9,45.97,44.665,45.485,23.0408,4628443
2013-05-22,45.42,46.37,44.92,46.05,24.1225,4250572
2013-05-23,44.59,45.205,44.2,44.78,23.4572,5796041
2013-05-24,45.02,45.23,43.77,44.22,23.1639,4362249
2013-05-27,44.445,45.18,44.445,45.105,23.6275,1623707
2013-05-28,45.465,46.8,45.385,46.04,24.1173,4787419
2013-05-29,45.95,46.095,45.26,45.27,23.7139,4043610
2013-05-30,45.33,46.22,45.33,45.63,23.9025,3905461
2013-05-31,45.87,45.97,45.325,45.325,23.7427,4449267
2013-06-03,45.14,46.19,44.63,45.3,23.7296,3914157
2013-06-04,45.89,46.14,45.085,45.235,23.6956,2847372
2013-06-05,45.0,45.695,44.59,44.66,23.3944,3628927
2013-06-06,44.4,45.08,43.55,43.705,22.8941,4104747
2013-06-07,43.71,44.83,43.575,44.44,23.2791,4367765
2013-06-10,44.645,44.92,43.57,43.9,22.9963,3137021
2013-06-11,43.68,43.845,42.45,43.085,22.5693,4203005
2013-06-12,43.095,43.605,42.4,42.555,22.2917,3121221
2013-06-13,41.99,43.395,41.35,43.25,22.6558,5660045
2013-06-14,44.0,44.075,43.145,43.28,22.6715,3051839
2013-06-17,43.4,44.02,42.865,43.75,22.9177,2914637
2013-06-18,43.555,44.585,43.27,44.13,23.1167,3069512
2013-06-19,44.2,44.21,43.4,43.665,22.8732,3330389
2013-06-20,42.8,43.06,41.53,41.795,21.8936,7059362
2013-06-21,41.775,42.42,40.68,40.72,21.3305,8218995
2013-06-24,40.3,40.875,39.335,40.145,21.0293,7172969
2013-06-25,40.945,41.37,40.0,41.305,21.6369,6341466
2013-06-26,41.34,42.85,41.0,42.43,22.2262,5348679
2013-06-27,42.51,43.08,41.84,42.545,22.2865,4513086
2013-06-28,42.785,43.01,41.5,41.975,21.9879,4507485
2013-07-01,42.895,43.0,41.5,42.41,22.2158,4034304
2013-07-02,42.925,42.925,42.105,42.315,22.166,3233046
2013-07-03,41.585,41.8,40.51,41.33,21.65,5672148
2013-07-04,41.785,43.505,41.435,43.31,22.6872,5638770
2013-07-05,43.55,44.3,42.955,42.955,22.5012,5107314
2013-07-08,43.33,44.54,43.11,44.13,23.1167,3573496
2013-07-09,44.455,44.75,43.55,43.905,22.9989,3880411
2013-07-10,43.785,44.35,43.31,44.1,23.101,3359511
2013-07-11,44.87,45.07,43.91,44.125,23.1141,3535639
2013-07-12,44.395,44.72,43.6,44.01,23.0539,2842530
2013-07-15,44.25,44.895,44.11,44.43,23.2739,2407076
2013-07-16,44.525,44.64,43.67,43.785,22.936,2245863
2013-07-17,43.995,44.5,43.39,44.115,23.1089,2808556
2013-07-18,43.885,45.19,43.725,44.9,23.5201,3503588
2013-07-19,44.875,45.35,44.72,45.0,23.5725,3433105
2013-07-22,45.0,45.99,44.885,45.75,23.9654,3339398
2013-07-23,46.0,46.3,45.655,45.655,23.9156,3631006
2013-07-24,45.875,47.5,45.85,47.28,24.7668,6055790
2013-07-25,47.355,47.84,46.96,47.755,25.0156,4424253
2013-07-26,48.0,48.625,47.845,48.145,25.2199,4488491
2013-07-29,48.095,48.5,47.865,48.215,25.2566,3342818
2013-07-30,48.36,48.47,47.49,47.85,25.0654,3530769
2013-07-31,48.25,48.805,47.235,48.635,25.4766,6727661
2013-08-01,49.0,50.3,48.815,49.75,26.0607,6079169
2013-08-02,49.86,49.96,49.045,49.255,25.8014,3928025
2013-08-05,49.355,49.695,49.185,49.4,25.8773,2258686
2013-08-06,49.42,49.855,48.61,49.09,25.715,3366649
2013-08-07,48.74,49.845,48.43,49.59,25.9769,3427901
2013-08-08,49.685,50.28,49.43,49.94,26.1602,3735299
2013-08-09,50.0,50.2,49.53,49.765,26.0685,2952881
2013-08-12,50.0,50.15,49.475,49.95,26.1655,2351173
2013-08-13,49.985,50.2,49.45,50.15,26.2702,2949105
2013-08-14,50.22,50.29,49.615,50.22,26.3069,3335246
2013-08-15,50.11,50.67,49.235,49.865,26.1209,2877943
2013-08-16,49.885,51.04,49.7,50.91,26.6683,3764781
2013-08-19,50.77,50.89,49.56,49.775,26.0738,3720117
2013-08-20,49.4,49.49,48.185,49.035,25.6861,4558817
2013-08-21,49.22,49.475,48.735,48.8,25.563,2432973
2013-08-22,49.025,50.31,48.975,49.865,26.1209,3456944
2013-08-23,49.975,50.48,49.295,50.25,26.3226,2660013
2013-08-26,50.14,50.16,49.375,49.515,25.9376,1720582
2013-08-27,49.24,49.65,47.53,47.765,25.0209,4824654
2013-08-28,47.64,48.48,47.35,48.32,25.3116,4643968
2013-08-29,48.61,48.79,47.9,48.39,25.3483,3055691
2013-08-30,48.265,48.465,47.415,47.415,24.8375,3752322
2013-09-02,48.16,49.215,48.0,48.95,25.6416,3254694
2013-09-03,49.505,49.505,47.91,48.27,25.2854,3672126
2013-09-04,48.45,48.67,47.42,48.485,25.398,3424323
2013-09-05,48.65,49.16,48.37,48.805,25.5657,3350368
2013-09-06,48.695,49.895,48.63,49.74,26.0554,4462074
2013-09-09,49.65,49.895,49.185,49.515,25.9376,2333728
2013-09-10,49.995,50.95,49.785,50.74,26.5793,4316712
2013-09-11,50.66,50.82,50.24,50.75,26.5845,2724074
2013-09-12,50.75,51.14,50.23,50.49,26.4483,3010803
2013-09-13,50.19,50.25,49.335,50.06,26.2231,3494784
2013-09-16,50.8,50.8,50.26,50.59,26.5007,2637207
2013-09-17,50.4,50.57,49.935,50.42,26.4117,2283361
2013-09-18,50.02,50.68,49.635,50.53,26.4693,3506121
2013-09-19,51.5,51.56,50.72,50.95,26.6893,4092500
2013-09-20,50.73,51.07,50.52,50.76,26.5898,5620347
2013-09-23,50.89,51.3,50.69,50.83,26.6264,3803639
2013-09-24,50.94,51.23,50.65,51.09,26.7626,3231881
2013-09-25,50.85,51.45,50.76,51.38,26.9145,2881740
2013-09-26,51.42,51.5,50.41,50.84,26.6317,3320469
2013-09-27,50.84,51.08,50.48,50.89,26.6579,2953878
2013-09-30,49.88,50.2,49.53,50.0,26.1916,4248670
2013-10-01,50.17,50.86,50.05,50.85,26.6369,2975895
2013-10-02,50.61,51.39,50.4,51.12,26.7783,3523779
2013-10-03,51.14,51.29,50.37,50.58,26.4955,2157635
2013-10-04,50.56,51.35,50.56,51.12,26.7783,2834608
2013-10-07,50.95,51.16,50.49,51.06,26.7469,2388794
2013-10-08,50.95,51.15,50.55,50.55,26.4798,2628293
2013-10-09,50.7,51.99,50.61,51.5,26.9774,3702281
2013-10-10,51.99,53.5,51.83,53.39,27.9674,5270694
2013-10-11,53.73,53.88,53.05,53.4,27.9727,2451196
2013-10-14,52.98,53.7,52.54,53.7,28.1298,2217112
2013-10-15,54.0,54.33,53.65,54.17,28.376,3331359
2013-10-16,54.01,54.56,53.79,54.3,28.4441,3496535
2013-10-17,54.07,54.4,53.45,54.25,28.4179,3315322
2013-10-18,54.5,54.7,54.23,54.3,28.4441,4315370
2013-10-21,54.19,54.25,53.51,53.77,28.1665,3113742
2013-10-22,53.53,54.41,53.53,54.18,28.3813,2630049
2013-10-23,53.7,53.7,52.85,53.0,27.7631,3404791
2013-10-24,54.0,54.28,53.69,54.19,28.3865,3371425
2013-10-25,53.52,53.78,52.96,53.35,27.9465,2944838
2013-10-28,53.54,53.74,52.1,52.71,27.6112,2712494
2013-10-29,52.0,53.56,51.69,53.51,28.0303,3033306
2013-10-30,53.6,54.0,52.39,52.77,27.6427,2779920
2013-10-31,53.8,54.8,53.55,54.54,28.5698,6195461
2013-11-01,54.6,55.14,54.0,54.15,28.3655,3010124
2013-11-04,54.65,54.9,53.8,53.98,28.2765,2510617
2013-11-05,54.02,54.18,52.77,53.23,27.8836,3788858
2013-11-06,53.65,53.87,53.26,53.41,27.9779,2695264
2013-11-07,53.28,55.51,53.12,53.62,28.0879,6630692
2013-11-08,53.18,53.45,52.34,53.1,27.8155,4656858
2013-11-11,52.97,53.77,52.77,53.55,28.0512,2229699
2013-11-12,53.62,53.99,53.25,53.27,27.9046,2288678
2013-11-13,53.19,53.46,52.47,52.91,27.716,2991922
2013-11-14,54.0,54.48,53.67,54.43,28.5122,4980920
2013-11-15,54.5,54.89,54.33,54.48,28.5384,3185874
2013-11-18,54.86,55.07,54.41,54.75,28.6798,3413173
2013-11-19,54.31,54.39,53.63,53.79,28.177,3508712
2013-11-20,53.84,54.4,53.64,53.91,28.2398,3226189
2013-11-21,53.52,54.41,53.29,54.11,28.3446,2146023
2013-11-22,54.29,54.75,53.99,54.67,28.6379,2255819
2013-11-25,54.94,55.06,54.65,54.93,28.7741,2788630
2013-11-26,54.75,55.21,54.75,54.83,28.7218,2646246
2013-11-27,55.02,55.3,54.87,54.96,28.7899,2732236
2013-11-28,54.83,55.37,54.78,55.2,28.9156,1986746
2013-11-29,55.5,55.82,55.25,55.25,28.9418,2624726
2013-12-02,55.32,55.83,55.02,55.09,28.858,2307304
2013-12-03,54.67,54.82,53.33,53.33,27.936,4534023
2013-12-04,53.38,53.62,52.22,52.73,27.6217,4342817
2013-12-05,52.36,53.21,51.73,51.85,27.1607,4887540
2013-12-06,52.17,53.18,51.93,53.0,27.7631,4752197
2013-12-09,53.39,53.57,52.61,53.38,27.9622,2880269
2013-12-10,53.25,54.09,52.88,53.26,27.8993,3689527
2013-12-11,53.2,53.88,53.0,53.03,27.7789,4034681
2013-12-12,52.85,53.35,52.44,52.85,27.6846,3340513
2013-12-13,52.91,53.8,52.65,53.09,27.8103,2820315
2013-12-16,53.17,54.4,53.05,53.92,28.2451,4244265
2013-12-17,53.52,53.62,52.74,52.74,27.6269,3305262
2013-12-18,53.18,53.86,52.6,53.8,28.1822,3367806
2013-12-19,54.5,54.93,53.49,54.34,28.4651,5446034
2013-12-20,54.05,54.99,53.81,54.85,28.7322,5692788
2013-12-23,54.95,55.74,54.91,55.74,29.1984,2529846
2013-12-24,55.75,55.93,55.58,55.66,29.1565,509335
2013-12-27,56.0,56.42,55.81,56.42,29.5547,2364868
2013-12-30,56.5,56.65,56.3,56.48,29.5861,1894489
2013-12-31,56.38,56.72,56.31,56.65,29.6751,717191
2014-01-02,56.7,56.91,55.35,55.54,29.0937,3165521
2014-01-03,55.58,55.99,55.29,55.68,29.167,2100448
2014-01-06,55.56,56.23,55.53,55.77,29.2142,1851427
2014-01-07,55.88,57.62,55.79,57.37,30.0523,3703971
2014-01-08,57.79,59.21,57.75,58.19,30.4818,4899408
2014-01-09,58.22,58.83,57.06,57.22,29.9737,5341345
2014-01-10,57.77,57.95,56.8,57.36,30.0471,3631071
2014-01-13,57.77,58.16,57.43,57.95,30.3561,2689289
2014-01-14,57.42,58.0,57.0,57.74,30.2461,3361188
2014-01-15,57.92,59.56,57.92,59.56,31.1995,4443293
2014-01-16,59.75,59.9,58.37,58.5,30.6442,4282375
2014-01-17,58.44,58.83,57.14,57.72,30.2356,5227093
2014-01-20,57.53,57.92,56.85,57.61,30.178,2462891
2014-01-21,58.2,59.5,58.06,58.7,30.749,3979196
2014-01-22,59.03,59.33,58.3,58.78,30.7909,3311535
2014-01-23,58.73,59.37,58.03,58.48,30.6337,3807753
2014-01-24,58.69,59.02,56.54,56.67,29.6856,6553579
2014-01-27,56.8,57.79,56.5,57.0,29.8585,4622972
2014-01-28,57.86,58.59,57.42,58.22,30.4975,4945242
2014-01-29,59.05,59.52,56.53,58.0,30.3823,5232213
2014-01-30,58.0,58.41,56.9,58.28,30.529,3940239
2014-01-31,58.0,58.0,56.49,57.45,30.0942,5097672
2014-02-03,57.18,57.57,55.67,55.75,29.2037,4270072
2014-02-04,55.26,56.97,55.22,56.81,29.7589,4423755
2014-02-05,56.72,57.81,56.46,57.4,30.068,3978918
2014-02-06,57.75,59.2,57.32,58.73,30.7647,5581024
2014-02-07,58.98,59.6,58.52,59.51,31.1733,4078525
2014-02-10,59.57,59.75,58.73,59.01,30.9114,3551340
2014-02-11,59.43,60.37,59.11,60.34,31.6081,5185188
2014-02-12,60.64,61.82,60.35,60.85,31.8752,5652118
2014-02-13,58.42,59.3,57.95,59.3,31.0633,7944518
2014-02-14,58.81,58.98,58.17,58.75,30.7752,5080398
2014-02-17,58.52,58.98,58.05,58.45,30.618,2689233
2014-02-18,58.42,58.58,57.35,58.38,30.5814,3664717
2014-02-19,58.15,58.74,57.57,58.38,30.5814,3166244
2014-02-20,57.46,58.59,57.24,58.52,30.6547,3415923
2014-02-21,58.89,58.91,58.16,58.63,30.7123,2927111
2014-02-24,58.3,59.37,58.16,59.34,31.0842,2902975
2014-02-25,59.23,59.5,58.88,59.5,31.1681,2555807
2014-02-26,59.56,59.58,58.66,59.04,30.9271,2928662
2014-02-27,59.19,59.34,58.3,59.15,30.9847,4235367
2014-02-28,59.35,59.59,58.56,59.46,31.1471,3534541
2014-03-03,58.05,58.41,57.02,57.27,29.9999,6108243
2014-03-04,57.9,59.25,57.69,59.09,30.9533,5320918
2014-03-05,59.05,59.8,58.89,59.36,31.0947,4063428
2014-03-06,59.49,60.1,59.37,59.5,31.1681,3989780
2014-03-07,59.44,59.8,58.47,58.47,30.6285,3412095
2014-03-10,58.34,59.58,58.26,58.71,30.7542,2811036
2014-03-11,58.99,59.18,58.01,58.05,30.4085,2793560
2014-03-12,57.63,57.78,56.51,57.46,30.0994,5204135
2014-03-13,57.77,57.96,56.44,56.44,29.5651,3148060
2014-03-14,55.84,56.55,54.72,55.26,28.947,5794154
2014-03-17,55.31,56.86,55.15,56.62,29.6594,4208100
2014-03-18,56.91,58.15,56.36,57.66,30.2042,5102550
2014-03-19,57.46,57.74,56.54,56.65,29.6751,4252684
2014-03-20,56.14,56.88,55.88,56.88,29.7956,4695024
2014-03-21,56.88,57.52,56.73,56.98,29.848,5520880
2014-03-24,56.82,57.3,55.6,55.94,29.3032,4251651
2014-03-25,56.03,57.17,56.03,56.87,29.7904,4263959
2014-03-26,57.19,57.36,56.36,56.48,29.5861,4679419
2014-03-27,56.44,56.44,55.43,55.68,29.167,4367950
2014-03-28,55.83,56.12,55.39,56.1,29.387,4002656
2014-03-31,56.29,56.73,55.54,55.99,29.3294,4410535
2014-04-01,56.5,58.1,56.31,57.5,30.1204,4684843
2014-04-02,57.54,58.16,57.53,57.97,30.3666,2984083
2014-04-03,57.98,59.33,57.72,58.62,30.7071,4697110
2014-04-04,58.72,59.85,58.45,59.38,31.1052,4299624
2014-04-07,58.76,59.0,58.01,58.25,30.5133,4048920
2014-04-08,58.42,58.6,56.93,57.62,30.1832,4719994
2014-04-09,57.62,57.81,56.74,56.9,29.8061,3445970
2014-04-10,57.27,57.31,56.02,56.13,29.4027,4249797
2014-04-11,55.7,56.0,54.33,55.02,28.8213,6018111
2014-04-14,54.82,55.01,53.74,54.7,28.6537,4188023
2014-04-15,54.79,55.0,53.52,53.55,28.0512,4169916
2014-04-16,54.24,54.53,53.82,54.27,28.4284,3991063
2014-04-17,54.4,54.82,54.1,54.49,28.5437,3339557
2014-04-22,54.95,55.98,54.55,55.67,29.1618,3741311
2014-04-23,55.79,55.83,54.88,54.96,28.7899,2952853
2014-04-24,55.29,56.14,55.02,55.78,29.2194,4940025
2014-04-25,55.39,55.99,54.81,55.08,28.8527,2873354
2014-04-28,55.55,55.98,54.95,55.07,28.8475,3084856
2014-04-29,55.11,56.09,54.96,55.9,29.2823,4035018
2014-04-30,54.0,54.72,52.92,54.11,28.3446,9915446
2014-05-02,53.07,53.49,51.92,52.48,27.4907,9055362
2014-05-05,52.35,52.57,51.45,52.46,27.4803,3728576
2014-05-06,52.71,52.77,51.71,51.8,27.1345,4986607
2014-05-07,51.59,52.59,51.24,52.52,27.5117,6670222
2014-05-08,52.62,53.86,52.31,53.53,28.0408,6453649
2014-05-09,53.34,53.64,52.67,52.98,27.7527,3633026
2014-05-12,53.24,53.58,52.59,53.29,27.9151,3187858
2014-05-13,53.24,53.33,52.08,53.06,27.7946,5914361
2014-05-14,52.59,53.3,52.45,52.88,27.7003,3466637
2014-05-15,52.73,53.18,51.65,52.17,27.3284,7000024
2014-05-16,52.17,52.73,51.59,52.49,27.496,8001723
2014-05-19,52.13,52.71,51.56,52.2,27.3441,5072925
2014-05-20,50.88,51.82,50.62,51.68,27.8726,4508843
2014-05-21,50.4,51.21,50.1,51.0,27.5059,5284330
2014-05-22,51.32,51.75,50.85,51.66,27.8618,3686924
2014-05-23,51.82,52.27,51.63,52.22,28.1639,3085971
2014-05-26,52.5,52.71,52.1,52.49,28.3095,2011846
2014-05-27,52.38,52.78,52.21,52.59,28.3634,2940648
2014-05-28,52.43,53.09,52.22,53.06,28.6169,3818976
2014-05-29,53.0,53.09,52.38,52.65,28.3958,3137130
2014-05-30,49.8,51.37,49.445,51.37,27.7054,15780240
2014-06-02,50.49,51.28,50.25,51.08,27.549,4300842
2014-06-03,51.0,51.32,50.85,50.91,27.4573,3124869
2014-06-04,50.62,51.61,50.54,51.5,27.7755,4586677
2014-06-05,51.53,52.92,51.06,51.48,27.7648,7374739
2014-06-06,50.68,52.48,50.66,51.91,27.9967,5909066
2014-06-09,51.95,52.57,51.84,52.32,28.2178,2510409
2014-06-10,52.42,53.1,51.9,52.15,28.1261,3999744
2014-06-11,52.0,52.15,51.21,51.34,27.6892,4267700
2014-06-12,51.3,51.93,51.3,51.46,27.754,3192156
2014-06-13,51.48,51.64,50.45,51.5,27.7755,3509103
2014-06-16,51.2,52.23,51.08,51.58,27.8187,3812058
2014-06-17,51.75,52.39,51.61,52.21,28.1585,3947588
2014-06-18,52.36,52.6,51.81,51.99,28.0398,2339543
2014-06-19,52.5,52.63,52.09,52.19,28.1477,4239567
2014-06-20,51.57,52.05,50.81,51.19,27.6083,10578560
2014-06-23,51.01,51.55,50.57,50.96,27.4843,3299362
2014-06-24,51.39,51.42,50.6,50.6,27.2901,4006379
2014-06-25,50.63,50.74,49.355,49.73,26.8209,5792304
2014-06-26,49.985,50.29,48.835,49.135,26.5,5254365
2014-06-27,49.265,49.985,49.235,49.41,26.6483,4460187
2014-06-30,49.61,49.915,48.995,49.545,26.7211,5448292
2014-07-01,51.25,51.71,50.63,51.33,27.6839,8378321
2014-07-02,51.06,51.36,50.63,51.01,27.5113,4692715
2014-07-03,51.01,51.36,50.24,51.25,27.6407,4973878
2014-07-04,50.55,50.62,49.99,50.2,27.0744,3719450
2014-07-07,50.06,50.42,49.555,49.615,26.7589,3262858
2014-07-08,49.605,49.7,48.445,48.56,26.1899,5557097
2014-07-09,48.47,48.745,47.665,48.365,26.0847,6235894
2014-07-10,48.19,48.25,46.5,47.69,25.7207,8130656
2014-07-11,47.955,48.835,47.76,48.36,26.082,5746121
2014-07-14,48.42,48.975,48.3,48.775,26.3059,3327943
2014-07-15,48.56,48.89,47.93,48.225,26.0092,5263179
2014-07-16,48.41,49.49,48.35,49.185,26.527,4193456
2014-07-17,48.76,49.14,48.4,48.61,26.2169,5065558
2014-07-18,48.365,49.01,48.02,48.925,26.3868,3480161
2014-07-21,48.825,49.025,48.315,48.65,26.2384,3971672
2014-07-22,48.805,48.93,48.15,48.755,26.2951,5171744
2014-07-23,48.68,49.455,48.535,49.005,26.4299,4113034
2014-07-24,48.985,50.3,48.615,49.8,26.8587,4415798
2014-07-25,49.87,50.7,49.315,49.58,26.74,3727386
2014-07-28,49.83,50.03,48.98,49.645,26.7751,2848180
2014-07-29,49.89,50.5,49.33,50.04,26.9881,3138731
2014-07-30,50.21,50.68,49.7,49.88,26.9018,3167063
2014-07-31,50.5,50.9,49.27,49.5,26.6969,6505267
2014-08-01,49.26,50.85,48.8,49.76,26.8371,5990618
2014-08-04,50.11,50.94,49.92,50.19,27.069,3900716
2014-08-05,50.37,50.66,49.15,49.47,26.6807,4297618
2014-08-06,48.975,49.545,48.385,48.925,26.3868,5758809
2014-08-07,48.97,49.325,47.975,48.17,25.9796,5963565
2014-08-08,47.6,48.415,47.38,47.97,25.8717,5361929
2014-08-11,48.55,48.6,47.585,48.025,25.9014,4026931
2014-08-12,47.95,48.525,47.65,47.9,25.8339,4338735
2014-08-13,48.115,49.065,48.115,48.735,26.2843,4610580
2014-08-14,48.51,48.72,48.025,48.56,26.1899,4145249
2014-08-15,48.7,49.575,48.2,48.325,26.0632,4564592
2014-08-18,48.935,49.045,48.16,48.665,26.2465,3912767
2014-08-19,48.915,49.12,48.63,48.81,26.3247,3134806
2014-08-20,48.705,48.85,48.21,48.57,26.1953,3170110
2014-08-21,48.485,49.45,48.13,49.39,26.6376,3734758
2014-08-22,49.54,49.855,48.8,49.07,26.465,3177525
2014-08-25,49.71,50.33,49.57,50.23,27.0906,3710402
2014-08-26,50.22,51.45,50.22,51.3,27.6677,4400367
2014-08-27,51.28,52.01,51.17,51.76,27.9158,3742756
2014-08-28,52.05,52.19,51.21,51.47,27.7594,4072512
2014-08-29,51.6,52.11,51.0,51.38,27.7108,3830901
2014-09-01,51.48,51.6,50.55,51.38,27.7108,2328514
2014-09-02,51.76,52.3,51.52,51.67,27.8672,3326995
2014-09-03,52.1,53.0,51.96,52.78,28.4659,5107376
2014-09-04,52.63,54.93,52.47,54.3,29.2857,8399922
2014-09-05,54.39,54.88,53.92,54.07,29.1616,5262896
2014-09-08,54.0,54.39,53.58,54.0,29.1239,2509689
2014-09-09,53.68,54.13,53.12,53.33,28.7625,2890921
2014-09-10,53.27,53.89,52.98,53.85,29.043,2980697
2014-09-11,54.14,54.26,53.29,53.71,28.9675,2612938
2014-09-12,53.94,54.14,53.65,53.97,29.1077,2068230
2014-09-15,53.82,54.0,53.32,53.54,28.8758,2329848
2014-09-16,53.49,53.68,52.89,53.37,28.7841,2402302
2014-09-17,53.83,54.1,53.45,53.82,29.0268,2756144
2014-09-18,54.11,54.61,53.95,54.3,29.2857,4473764
2014-09-19,54.85,54.9,54.0,54.0,29.1239,8234375
2014-09-22,54.0,54.22,53.44,53.65,28.9351,3922260
2014-09-23,53.47,53.49,52.51,52.71,28.4281,4824376
2014-09-24,52.76,53.28,52.27,53.25,28.7194,3492968
2014-09-25,53.23,53.62,52.45,52.66,28.4012,4084998
2014-09-26,52.65,53.31,52.3,52.83,28.4929,3664356
2014-09-29,52.72,52.82,51.53,52.08,28.0884,3185803
2014-09-30,52.22,52.86,52.17,52.52,28.3257,4351234
2014-10-01,52.18,53.0,52.18,52.35,28.234,3384099
2014-10-02,52.51,52.57,50.51,50.53,27.2524,6625872
2014-10-03,51.18,51.43,50.61,50.94,27.4735,3634433
2014-10-06,51.34,51.67,51.0,51.16,27.5922,3395991
2014-10-07,51.03,51.3,50.02,50.1,27.0205,5197750
2014-10-08,49.975,50.5,49.075,49.41,26.6483,5375056
2014-10-09,50.33,50.33,48.32,48.85,26.3463,6405108
2014-10-10,48.415,49.245,48.375,48.515,26.1656,6456976
2014-10-13,48.235,49.335,48.03,48.515,26.1656,5861407
2014-10-14,48.2,48.905,47.535,48.695,26.2627,5331078
2014-10-15,48.51,48.595,46.2,46.455,25.0546,10567190
2014-10-16,46.865,46.955,43.275,45.45,24.5126,13279540
2014-10-17,45.67,47.435,45.175,47.0,25.3486,11216370
2014-10-20,47.13,47.425,46.555,47.065,25.3836,6849998
2014-10-21,47.14,48.64,46.83,48.29,26.0443,7565649
2014-10-22,48.77,48.775,48.075,48.475,26.1441,5889316
2014-10-23,48.16,49.535,47.85,49.205,26.5378,5456278
2014-10-24,49.12,50.0,49.02,49.505,26.6996,6107888
2014-10-27,50.47,50.48,48.31,48.885,26.3652,7275109
2014-10-28,49.385,50.07,49.12,49.525,26.7104,4819877
2014-10-29,49.675,49.87,48.245,48.47,26.1414,5597701
2014-10-30,49.01,49.09,47.375,48.465,26.1387,7401214
2014-10-31,50.5,50.67,49.495,50.14,27.0421,7145407
2014-11-03,50.21,50.43,49.18,49.365,26.6241,3807997
2014-11-04,49.25,49.9,48.37,48.735,26.2843,4238567
2014-11-05,49.23,49.755,48.53,49.665,26.7859,4823841
2014-11-06,49.455,50.92,48.885,49.62,26.7616,6408338
2014-11-07,49.695,49.7,48.39,48.67,26.2492,4586165
2014-11-10,48.425,48.9,47.785,48.16,25.9742,5071177
2014-11-11,48.105,48.46,47.72,48.07,25.9256,3524567
2014-11-12,47.805,47.87,46.72,46.905,25.2973,5064744
2014-11-13,47.08,47.56,46.34,47.045,25.3728,4745574
2014-11-14,47.24,47.73,46.805,47.55,25.6452,3427767
2014-11-17,47.125,48.21,47.065,47.85,25.807,3793692
2014-11-18,48.09,48.79,47.805,48.365,26.0847,4236402
2014-11-19,48.245,48.9,48.095,48.64,26.2331,3358102
2014-11-20,48.695,48.695,47.025,47.82,25.7908,4455245
2014-11-21,48.0,49.865,47.8,49.67,26.7886,7320297
2014-11-24,50.0,51.08,49.815,50.2,27.0744,4701853
2014-11-25,50.38,51.63,50.35,51.12,27.5706,4675949
2014-11-26,51.23,51.47,50.52,50.68,27.3333,2641667
2014-11-27,50.78,51.34,50.72,51.28,27.6569,2197440
2014-11-28,51.43,51.64,51.03,51.56,27.8079,2314218
2014-12-01,51.05,51.35,50.43,50.69,27.3387,3031878
2014-12-02,51.15,51.62,50.72,51.03,27.5221,2850690
2014-12-03,51.05,51.5,50.99,51.06,27.5382,3092609
2014-12-04,51.28,51.74,49.405,49.865,26.8937,5304087
2014-12-05,50.5,52.14,50.39,51.92,28.0021,5813349
2014-12-08,51.86,52.18,51.61,51.75,27.9104,2818799
2014-12-09,51.4,51.45,49.835,49.98,26.9558,4969430
2014-12-10,50.03,50.44,49.14,49.455,26.6726,3077174
2014-12-11,49.035,50.05,49.0,49.45,26.6699,4030660
2014-12-12,49.45,49.72,48.0,48.195,25.9931,4413054
2014-12-15,47.87,48.585,46.415,46.45,25.0519,5933767
2014-12-16,46.705,47.975,45.12,47.745,25.7504,9864210
2014-12-17,47.18,48.23,46.89,47.48,25.6074,5142342
2014-12-18,48.4,49.295,48.135,49.24,26.5567,6174967
2014-12-19,49.95,50.18,48.09,48.445,26.1279,9838446
2014-12-22,48.6,48.96,48.45,48.705,26.2681,3180476
2014-12-23,48.73,49.625,48.575,49.6,26.7508,2512132
2014-12-24,49.415,49.925,49.415,49.585,26.7427,559273
2014-12-29,49.825,50.1,48.72,50.1,27.0205,3232676
2014-12-30,49.465,49.77,48.795,48.83,26.3355,2150482
2014-12-31,48.845,49.29,48.73,49.26,26.5674,558150
2015-01-02,49.685,50.12,48.83,49.43,26.6591,2634537
2015-01-05,48.975,49.375,46.92,47.03,25.3647,6252660
2015-01-06,47.05,47.22,45.8,45.8,24.7014,5565392
2015-01-07,45.915,46.1,44.82,45.035,24.2888,6045718
2015-01-08,45.96,46.995,45.245,46.495,25.0762,6125229
2015-01-09,46.4,46.65,44.335,44.935,24.2348,6704918
2015-01-12,45.09,45.475,44.105,45.295,24.429,6067180
2015-01-13,44.8,46.715,44.625,46.345,24.9953,4436278
2015-01-14,45.56,46.615,44.86,44.935,24.2348,6122097
2015-01-15,45.415,46.375,43.14,46.085,24.8551,7704049
2015-01-16,45.745,46.255,45.035,45.99,24.8038,6877124
2015-01-19,46.175,47.075,45.675,46.615,25.1409,4226861
2015-01-20,46.985,47.95,46.935,47.74,25.7477,5721484
2015-01-21,48.01,48.485,46.985,48.27,26.0335,6265040
2015-01-22,48.495,50.0,48.02,49.4,26.6429,8320302
2015-01-23,50.07,51.18,48.75,49.0,26.4272,8990523
2015-01-26,48.75,49.63,48.3,49.33,26.6052,4866558
2015-01-27,49.395,49.465,47.94,48.845,26.3436,5005144
2015-01-28,49.28,49.39,47.15,47.5,25.6182,6092231
2015-01-29,47.105,47.795,46.62,47.65,25.6991,5362352
2015-01-30,48.0,48.35,46.275,46.775,25.2272,6698292
2015-02-02,46.63,47.25,45.73,47.195,25.4537,6402576
2015-02-03,47.745,48.65,47.52,48.405,26.1063,6328227
2015-02-04,48.615,49.42,48.02,48.805,26.322,5921448
2015-02-05,47.6,47.64,46.39,47.005,25.3512,9147428
2015-02-06,47.28,47.28,46.31,47.17,25.4402,5455087
2015-02-09,46.23,46.42,45.305,45.7,24.6474,8127673
2015-02-10,45.85,46.855,45.54,46.17,24.9009,5947738
2015-02-11,46.455,46.665,45.805,46.065,24.8443,3897880
2015-02-12,45.91,47.475,45.75,47.25,25.4834,6469513
2015-02-13,47.68,48.865,47.575,48.41,26.109,7051445
2015-02-16,48.3,49.44,48.28,49.175,26.5216,5088183
2015-02-17,48.625,49.78,48.21,49.52,26.7077,5416986
2015-02-18,49.9,51.19,49.805,50.91,27.4573,5921278
2015-02-19,50.78,51.57,49.925,51.43,27.7378,4667665
2015-02-20,51.24,51.52,50.27,51.29,27.6623,6490489
2015-02-23,51.91,52.26,51.33,51.76,27.9158,4432630
2015-02-24,51.92,52.23,51.29,51.98,28.0344,4014576
2015-02-25,51.73,51.8,50.79,51.0,27.5059,4392809
2015-02-26,50.95,51.92,50.95,51.61,27.8349,3619083
2015-02-27,51.61,52.12,51.45,52.09,28.0937,3952869
2015-03-02,52.0,52.75,51.98,52.54,28.3364,3570995
2015-03-03,52.72,52.81,50.91,50.91,27.4573,4701657
2015-03-04,50.96,51.97,50.92,51.92,28.0021,4027862
2015-03-05,51.88,52.34,51.64,52.14,28.1207,3853518
2015-03-06,52.11,52.52,51.76,52.08,28.0884,3176209
2015-03-09,51.75,52.28,51.4,51.96,28.0236,2941531
2015-03-10,51.93,52.09,50.83,51.04,27.5274,4554843
2015-03-11,51.19,52.2,51.19,52.01,28.0506,4410870
2015-03-12,51.98,52.19,51.39,51.6,27.8295,3555692
2015-03-13,51.76,51.88,51.28,51.68,27.8726,2973461
2015-03-16,51.79,52.71,51.79,52.44,28.2825,4378363
2015-03-17,52.6,52.86,51.86,52.28,28.1962,4088867
2015-03-18,52.5,52.7,51.74,52.25,28.18,4809236
2015-03-19,52.18,53.14,52.18,52.96,28.563,5461288
2015-03-20,53.0,54.35,52.82,53.98,29.1131,7651280
2015-03-23,53.91,55.04,53.55,54.54,29.4151,5030650
2015-03-24,54.62,55.95,54.3,55.8,30.0947,4924760
2015-03-25,55.7,56.0,54.81,54.85,29.5823,4491986
2015-03-26,54.39,55.12,53.7,55.12,29.7279,5402873
2015-03-27,55.57,56.57,55.37,56.19,30.305,6940525
2015-03-30,56.6,57.49,56.57,57.26,30.8821,5310186
2015-03-31,57.0,57.55,56.36,56.57,30.5099,5111639
2015-04-01,55.98,57.7,55.88,57.03,30.758,4822390
2015-04-02,57.0,57.52,57.0,57.24,30.8713,2594747
2015-04-07,57.28,57.69,57.0,57.18,30.8389,4306566
2015-04-08,57.29,57.89,57.25,57.67,31.1032,4171932
2015-04-09,58.0,58.34,57.66,57.93,31.2434,3823418
2015-04-10,57.9,57.9,56.66,57.25,30.8767,4137398
2015-04-13,57.25,57.83,57.0,57.62,31.0762,3131930
2015-04-14,57.5,57.93,56.28,56.8,30.634,4995386
2015-04-15,57.04,57.49,56.83,57.14,30.8174,3558377
2015-04-16,57.14,57.15,55.82,56.33,30.3805,5035950
2015-04-17,56.11,56.67,54.5,55.11,29.7225,7205328
2015-04-20,55.1,56.07,55.09,56.07,30.2403,3944604
2015-04-21,56.47,56.77,55.26,55.59,29.9814,3701546
2015-04-22,56.22,58.05,56.2,58.01,31.2866,6330134
2015-04-23,58.2,58.26,56.91,58.01,31.2866,5310746
2015-04-24,58.32,59.18,58.2,58.99,31.8151,5607155
2015-04-27,59.69,59.69,58.02,59.17,31.9122,4648507
2015-04-28,58.87,58.9,57.93,58.61,31.6102,4425097
2015-04-29,58.75,59.0,57.23,57.35,30.9306,5588026
2015-04-30,57.06,57.48,55.39,56.44,30.4398,7149522
2015-05-04,57.03,57.05,55.76,56.75,30.607,3729910
2015-05-05,56.6,57.43,54.92,55.04,29.6848,5864295
2015-05-06,55.35,56.28,54.97,56.03,30.2187,5721361
2015-05-07,55.66,56.58,54.83,56.35,30.3913,5145968
2015-05-08,56.8,57.42,56.04,57.41,30.963,3926530
2015-05-11,57.23,57.35,56.59,56.86,30.6664,2863614
2015-05-12,56.28,56.54,55.61,56.11,30.2619,4207037
2015-05-13,56.27,56.98,55.81,55.99,30.1971,4042299
2015-05-14,55.96,57.11,55.31,56.9,30.6879,2670387
2015-05-15,57.34,57.82,56.31,56.74,30.6016,4304316
2015-05-18,56.7,57.0,55.5,56.65,30.5531,4135661
2015-05-19,56.87,57.85,56.79,57.41,30.963,3930399
2015-05-20,56.0,56.9,55.82,56.85,31.4836,4113729
2015-05-21,56.84,56.84,56.05,56.47,31.2731,2614831
2015-05-22,56.58,57.1,56.33,57.01,31.5722,3153725
2015-05-25,56.53,56.55,55.9,56.23,31.1402,837556
2015-05-26,56.3,56.52,55.27,55.57,30.7747,3275924
2015-05-27,55.85,56.82,55.54,56.47,31.2731,4190269
2015-05-28,56.21,56.54,55.54,56.15,31.0959,2358958
2015-05-29,56.06,56.31,54.81,54.93,30.4203,4481222
2015-06-01,55.03,55.37,54.42,54.85,30.376,3236882
2015-06-02,55.19,56.11,54.45,55.53,30.7525,4155842
2015-06-03,55.6,57.0,55.6,56.77,31.4393,5783887
2015-06-04,56.42,57.05,55.39,56.34,31.2011,4377070
2015-06-05,55.8,56.09,54.75,55.3,30.6252,4914714
2015-06-08,55.13,55.69,54.63,54.63,30.2541,3205621
2015-06-09,54.5,55.01,53.64,54.39,30.1212,4322799
2015-06-10,54.16,56.05,53.94,55.56,30.7692,3721303
2015-06-11,55.32,56.59,55.19,56.02,31.0239,3587409
2015-06-12,55.9,56.18,54.52,55.3,30.6252,3552444
2015-06-15,54.41,54.94,53.51,53.96,29.8831,3941510
2015-06-16,53.56,54.08,52.79,53.67,29.7225,4399738
2015-06-17,53.89,54.12,53.08,53.14,29.429,3467193
2015-06-18,53.1,53.42,52.37,53.08,29.3957,5120329
2015-06-19,53.32,54.15,53.01,53.61,29.6892,5833362
2015-06-22,55.43,56.64,54.93,56.32,31.19,6507361
2015-06-23,56.89,57.65,56.58,57.36,31.766,4673652
2015-06-24,57.49,57.66,56.07,56.86,31.4891,5275356
2015-06-25,56.28,57.84,56.24,57.03,31.5832,5399979
2015-06-26,56.91,58.0,56.38,57.63,31.9155,4038497
2015-06-29,54.0,55.43,53.3,54.81,30.3538,8088578
2015-06-30,54.5,55.67,53.93,54.15,29.9883,6608599
2015-07-01,54.84,56.49,54.43,55.37,30.6639,6084451
2015-07-02,55.79,55.9,54.57,54.71,30.2984,3194930
2015-07-03,54.63,54.77,53.93,54.27,30.0548,3626201
2015-07-06,53.02,53.34,51.62,51.97,28.781,6622376
2015-07-07,52.3,52.35,50.39,50.5,27.9669,6073410
2015-07-08,50.42,51.68,50.25,50.93,28.2051,5806891
2015-07-09,51.55,52.74,51.4,52.38,29.0081,5129042
2015-07-10,54.74,55.28,53.97,54.49,30.1766,6542279
2015-07-13,55.58,56.18,55.14,55.77,30.8855,4816310
2015-07-14,55.97,56.39,55.46,56.36,31.2122,2598446
2015-07-15,56.24,56.74,56.17,56.29,31.1734,3335582
2015-07-16,56.74,57.74,56.66,57.55,31.8712,5082482
2015-07-17,57.77,57.81,57.12,57.31,31.7383,3034590
2015-07-20,57.35,57.82,57.16,57.45,31.8158,3008253
2015-07-21,57.63,57.8,56.72,57.05,31.5943,2617351
2015-07-22,56.76,57.3,56.46,56.85,31.4836,2489106
2015-07-23,57.35,57.45,56.82,57.09,31.6165,2180225
2015-07-24,56.94,57.51,56.73,57.21,31.6829,3230997
2015-07-27,57.08,57.09,55.66,55.71,30.8522,4323415
2015-07-28,56.07,56.93,55.88,56.76,31.4337,2514683
2015-07-29,56.92,56.98,55.98,56.23,31.1402,3264013
2015-07-30,56.75,57.73,56.43,57.66,31.9321,4702633
2015-07-31,58.9,59.75,58.79,59.31,32.8459,7476452
2015-08-03,58.86,59.8,58.84,59.55,32.9788,4380965
2015-08-04,59.4,59.87,58.62,59.76,33.0951,3832790
2015-08-05,60.0,60.54,59.9,60.45,33.4772,4842312
2015-08-06,60.42,60.93,60.15,60.68,33.6046,3366951
2015-08-07,60.66,61.0,60.16,60.25,33.3665,2645380
2015-08-10,60.53,60.63,59.88,60.45,33.4772,2125754
2015-08-11,60.21,60.36,59.45,59.64,33.0287,2915414
2015-08-12,59.12,59.17,57.46,57.93,32.0817,5382695
2015-08-13,58.93,59.3,58.54,58.69,32.5026,3115671
2015-08-14,58.79,59.26,57.79,58.15,32.2035,2272767
2015-08-17,58.45,59.31,58.18,59.12,32.7407,4317244
2015-08-18,59.0,59.87,58.74,59.34,32.8625,2400429
2015-08-19,58.9,60.0,58.67,58.94,32.641,3772322
2015-08-20,58.82,59.4,57.5,57.82,32.0207,5649281
2015-08-21,56.61,57.7,55.58,55.58,30.7802,6389343
2015-08-24,52.99,54.81,50.62,52.85,29.2684,12665360
2015-08-25,54.13,55.98,53.78,55.49,30.7304,8126270
2015-08-26,55.08,55.91,54.03,55.07,30.4978,5192185
2015-08-27,56.53,57.06,56.07,56.55,31.3174,4466881
2015-08-28,56.54,56.74,56.04,56.65,31.3728,2430399
2015-08-31,56.21,56.57,55.67,56.27,31.1624,2545340
2015-09-01,55.54,55.73,54.03,54.61,30.243,3776305
2015-09-02,54.76,55.77,54.38,54.88,30.3926,3260029
2015-09-03,55.48,56.65,55.21,56.12,31.0793,3435036
2015-09-04,55.46,55.69,54.0,54.49,30.1766,3675154
2015-09-07,54.81,55.2,54.15,54.5,30.1821,1846359
2015-09-08,54.85,56.09,54.84,55.55,30.7636,3181682
2015-09-09,57.15,57.41,56.41,56.45,31.262,3355276
2015-09-10,55.93,56.51,55.36,55.59,30.7858,2946622
2015-09-11,56.08,56.09,55.04,55.24,30.5919,2489008
2015-09-14,55.88,56.0,54.4,54.57,30.2209,3290288
2015-09-15,54.74,55.54,54.21,55.08,30.5033,2485355
2015-09-16,55.51,55.8,54.97,55.25,30.5975,2898269
2015-09-17,55.37,55.92,55.08,55.65,30.819,3110548
2015-09-18,55.11,55.24,52.62,52.98,29.3404,9412543
2015-09-21,52.82,54.02,52.74,53.69,29.7335,2992910
2015-09-22,53.75,53.98,51.61,51.87,28.7256,4084830
2015-09-23,51.72,52.26,51.15,51.15,28.3269,4299099
2015-09-24,51.21,51.78,50.34,50.92,28.1995,5259239
2015-09-25,51.91,52.88,51.68,52.55,29.1022,4285534
2015-09-28,52.4,52.4,50.33,50.52,27.978,3881278
2015-09-29,49.95,51.42,49.575,50.9,28.1884,4371400
2015-09-30,52.17,52.78,51.86,52.46,29.0524,4151677
2015-10-01,53.39,53.4,51.52,51.72,28.6426,4145270
2015-10-02,52.35,53.05,51.18,51.92,28.7533,3298096
2015-10-05,52.99,54.11,52.77,54.01,29.9108,4225505
2015-10-06,54.2,54.42,53.39,54.08,29.9495,3125221
2015-10-07,54.6,54.9,53.77,54.05,29.9329,3362004
2015-10-08,53.77,54.02,53.19,53.45,29.6006,3062668
2015-10-09,54.0,54.62,53.6,53.81,29.8,2372600
2015-10-12,53.91,54.25,53.36,53.97,29.8886,2305017
2015-10-13,53.78,53.96,52.52,53.38,29.5619,2602052
2015-10-14,53.0,53.88,52.85,53.12,29.4179,2470977
2015-10-15,53.81,54.14,53.61,53.97,29.8886,2310701
2015-10-16,54.3,55.13,54.12,54.99,30.4535,3069609
2015-10-19,54.97,55.61,54.6,55.09,30.5089,1917696
2015-10-20,55.0,55.33,54.03,54.3,30.0714,2267993
2015-10-21,54.42,54.63,53.66,54.4,30.1267,2043670
2015-10-22,54.07,55.34,53.81,55.01,30.4646,4590513
2015-10-23,55.4,56.43,55.18,55.91,30.963,4757484
2015-10-26,55.78,56.31,55.32,55.85,30.9298,2168585
2015-10-27,55.65,56.0,55.45,55.47,30.7193,2411209
2015-10-28,55.61,55.97,55.35,55.81,30.9076,3253328
2015-10-29,56.29,56.4,53.66,54.3,30.0714,4968434
2015-10-30,56.0,56.31,54.74,55.26,30.603,4678612
2015-11-02,54.88,55.78,54.74,55.35,30.6529,2972195
2015-11-03,55.27,55.59,54.69,55.31,30.6307,3494318
2015-11-04,55.65,56.25,55.35,55.64,30.8135,3137107
2015-11-05,55.94,56.62,55.4,55.87,30.9408,3475651
2015-11-06,56.05,57.95,55.96,57.61,31.9044,4714867
2015-11-09,57.81,58.17,57.02,57.05,31.5943,2619483
2015-11-10,57.46,57.46,56.27,56.85,31.4836,2981732
2015-11-11,57.0,57.68,56.71,57.27,31.7162,2253535
2015-11-12,57.15,57.55,56.34,56.5,31.2897,2660486
2015-11-13,56.22,57.0,55.41,56.14,31.0904,2794795
2015-11-16,55.1,55.85,54.88,55.5,30.7359,3295463
2015-11-17,55.85,56.69,55.69,56.51,31.2953,3221006
2015-11-18,56.28,56.62,55.78,56.19,31.118,2641832
2015-11-19,56.75,57.32,56.28,56.47,31.2731,2630334
2015-11-20,56.55,56.68,55.13,55.44,30.7027,4090715
2015-11-23,55.36,55.66,54.93,55.36,30.6584,2245093
2015-11-24,54.95,55.23,54.18,54.96,30.4369,2970798
2015-11-25,55.1,55.35,54.28,55.07,30.4978,3116248
2015-11-26,55.08,56.27,54.97,55.89,30.9519,2280441
2015-11-27,55.7,56.48,55.61,56.02,31.0239,1906123
2015-11-30,56.0,56.68,55.72,56.11,31.0737,2572277
2015-12-01,56.37,56.88,56.1,56.28,31.1679,2982684
2015-12-02,56.57,56.77,55.58,55.94,30.9796,2332141
2015-12-03,55.88,57.06,54.19,54.33,30.088,6616185
2015-12-04,54.04,54.49,53.22,53.87,29.8332,4121093
2015-12-07,54.81,54.81,53.83,54.02,29.9163,2696471
2015-12-08,53.89,54.0,52.51,52.98,29.3404,3464406
2015-12-09,53.08,53.48,52.1,52.18,28.8973,3361632
2015-12-10,52.0,52.8,51.7,52.27,28.9472,3252682
2015-12-11,52.11,52.27,51.0,51.29,28.4044,3917722
2015-12-14,51.65,52.17,50.15,50.28,27.8451,3983384
2015-12-15,50.74,52.66,50.7,52.45,29.0468,4265709
2015-12-16,52.76,53.02,51.94,52.48,29.0634,2876630
2015-12-17,53.73,54.31,53.13,53.28,29.5065,5717413
2015-12-18,52.72,53.69,52.55,53.19,29.4566,7212662
2015-12-21,53.01,53.87,52.59,52.59,29.1244,2841667
2015-12-22,52.85,53.28,52.13,52.7,29.1853,2193169
2015-12-23,53.13,53.74,53.08,53.71,29.7446,2682833
2015-12-24,53.55,53.77,53.14,53.3,29.5176,437990
2015-12-28,53.23,53.4,52.21,52.36,28.997,2185640
2015-12-29,52.67,53.1,52.46,53.1,29.4068,3133696
2015-12-30,53.01,53.26,52.48,52.59,29.1244,2358486
2015-12-31,52.59,52.81,52.23,52.23,28.925,706459
2016-01-04,51.75,51.79,50.62,51.22,28.3657,4769816
2016-01-05,52.0,52.0,50.96,51.49,28.5152,2996402
2016-01-06,51.38,51.38,50.12,50.5,27.9669,3059199
2016-01-07,49.23,49.865,48.565,49.39,27.3522,5433119
2016-01-08,49.545,49.955,48.0,48.0,26.5824,5532110
2016-01-11,48.01,49.025,47.9,47.9,26.527,4230252
2016-01-12,48.42,49.44,48.11,48.945,27.1058,4130594
2016-01-13,49.445,49.985,48.59,48.855,27.0559,3796170
2016-01-14,48.085,48.28,46.695,47.095,26.0812,7261105
2016-01-15,47.0,47.07,44.915,45.38,25.1315,8441582
2016-01-18,45.155,45.745,43.955,44.33,24.55,6074651
2016-01-19,45.09,45.605,44.03,44.18,24.4669,6042261
2016-01-20,43.04,43.245,42.14,42.845,23.7276,8161757
2016-01-21,42.56,44.055,42.21,43.385,24.0266,6913846
2016-01-22,44.43,45.21,43.9,44.45,24.6164,6754157
2016-01-25,44.8,44.88,42.825,43.175,23.9103,5605408
2016-01-26,42.295,44.18,42.15,44.045,24.3921,5387916
2016-01-27,44.19,44.345,43.275,44.16,24.4558,4217357
2016-01-28,43.985,44.73,42.555,42.915,23.7663,5766658
2016-01-29,43.53,43.955,42.92,43.725,24.2149,5034066
2016-02-01,44.085,44.14,42.775,43.33,23.9962,3986048
2016-02-02,43.04,43.22,40.42,40.875,22.6366,7869193
2016-02-03,40.645,40.735,38.9,39.55,21.9028,8858035
2016-02-04,39.98,41.24,39.26,40.965,22.6864,7231789
2016-02-05,43.0,43.255,41.32,41.575,23.0243,9991485
2016-02-08,41.835,41.86,39.0,39.3,21.7644,7689954
2016-02-09,39.2,40.45,37.185,37.9,20.989,10646670
2016-02-10,38.68,40.615,38.25,39.755,22.0163,7936205
2016-02-11,39.22,39.22,37.0,37.36,20.69,10130930
2016-02-12,38.1,39.57,37.53,39.57,21.9139,9341636
2016-02-15,41.295,41.5,40.315,40.61,22.4898,6226122
2016-02-16,41.01,41.01,39.38,40.3,22.3182,5167773
2016-02-17,40.655,41.91,40.045,41.765,23.1295,6096337
2016-02-18,42.225,42.295,40.55,40.96,22.6837,5385712
2016-02-19,40.815,41.535,39.765,40.51,22.4345,6062646
2016-02-22,40.83,41.795,40.655,41.76,23.1267,4698782
2016-02-23,41.45,42.285,40.52,40.68,22.5286,4798905
2016-02-24,40.53,40.735,39.6,39.92,22.1077,6563562
2016-02-25,40.5,41.68,40.5,41.505,22.9855,5328515
2016-02-26,41.905,42.655,41.73,42.45,23.5088,4471754
2016-02-29,41.895,43.045,41.61,43.0,23.8134,4416352
2016-03-01,42.87,44.11,42.55,44.01,24.3728,4509010
2016-03-02,44.295,45.61,44.215,45.48,25.1868,5592508
2016-03-03,45.71,46.1,45.43,45.735,25.3281,4259311
2016-03-04,46.13,46.605,45.71,46.485,25.7434,5468649
2016-03-07,46.235,46.285,45.175,45.63,25.2699,4361956
2016-03-08,45.225,46.295,44.625,45.66,25.2865,3830192
2016-03-09,45.73,46.44,45.5,45.71,25.3142,3538980
2016-03-10,45.745,48.965,45.255,46.15,25.5579,9672972
2016-03-11,47.605,48.72,47.31,48.7,26.9701,8482774
2016-03-14,48.6,49.25,47.665,47.75,26.444,5588878
2016-03-15,47.23,47.675,46.445,47.015,26.0369,4584979
2016-03-16,46.99,47.435,45.6,46.05,25.5025,5245209
2016-03-17,46.565,46.63,43.6,44.99,24.9155,6701832
2016-03-18,45.0,45.66,44.305,45.62,25.2644,8496437
2016-03-21,45.31,46.225,44.94,45.195,25.029,2762351
2016-03-22,44.8,45.115,43.965,45.115,24.9847,3525114
2016-03-23,45.21,45.51,43.935,44.385,24.5804,3595101
2016-03-24,44.03,44.42,43.33,43.42,24.046,3194574
2016-03-29,43.535,44.305,43.505,43.71,24.2066,3312275
2016-03-30,44.25,44.75,43.97,44.45,24.6164,4339771
2016-03-31,44.14,44.53,43.315,44.23,24.4946,4632408
2016-04-01,43.755,44.735,43.39,44.005,24.37,5086010
2016-04-04,43.585,44.7,43.425,43.86,24.2897,2879572
2016-04-05,43.215,43.455,42.65,42.95,23.7857,4986016
2016-04-06,42.91,43.535,42.65,43.0,23.8134,4219297
2016-04-07,42.98,43.215,41.08,41.35,22.8997,5597328
2016-04-08,41.315,42.26,41.305,41.935,23.2236,4245222
2016-04-11,41.98,42.905,41.53,42.315,23.4341,3537921
2016-04-12,42.49,43.35,41.93,42.56,23.5697,3357582
2016-04-13,43.35,45.265,43.3,45.265,25.0678,5359412
2016-04-14,45.5,45.97,44.91,45.66,25.2865,4079776
2016-04-15,45.3,45.44,44.74,45.16,25.0096,3115263
2016-04-18,44.605,45.965,44.315,45.73,25.3253,3303027
2016-04-19,45.9,46.48,45.435,45.63,25.2699,3812856
2016-04-20,45.27,46.965,45.1,46.815,25.9262,4292269
2016-04-21,47.0,48.38,46.855,47.64,26.3831,5737218
2016-04-22,47.65,48.02,47.49,47.79,26.4661,3112222
2016-04-25,47.65,47.97,46.35,46.645,25.832,3592900
2016-04-26,46.9,47.64,46.77,47.48,26.2944,3460017
2016-04-27,47.425,47.915,47.325,47.88,26.516,3621393
2016-04-28,47.37,48.245,47.15,48.245,26.7181,4312668
2016-04-29,47.555,47.92,46.02,46.24,25.6077,4627512
2016-05-02,46.8,46.885,45.545,45.965,25.4554,2239575
2016-05-03,47.555,47.69,45.5,45.5,25.1979,5645164
2016-05-04,46.245,46.485,45.005,45.31,25.0927,4704883
2016-05-05,45.37,45.565,44.49,44.71,24.7604,4284347
2016-05-06,44.46,44.705,43.145,44.265,24.514,5518014
2016-05-09,44.64,45.195,43.915,44.15,24.4503,3207827
2016-05-10,44.485,45.26,44.09,44.575,24.6857,3416500
2016-05-11,44.44,44.67,43.63,44.13,24.4392,2825295
2016-05-12,43.835,44.27,43.24,43.455,24.0654,3668807
2016-05-13,43.2,44.27,42.81,44.02,24.3783,3574016
2016-05-16,43.665,44.06,43.49,43.9,24.3118,1294895
2016-05-17,44.255,45.31,44.0,44.325,24.5472,3929421
2016-05-18,44.14,45.105,43.79,44.98,24.9099,3305257
2016-05-19,45.245,46.0,44.735,45.305,25.0899,4557841
2016-05-20,45.845,46.09,45.29,45.715,25.317,4395458
2016-05-23,45.715,46.38,45.005,45.93,25.4361,3241855
2016-05-24,45.71,47.915,45.5,47.63,26.3775,5405037
2016-05-25,48.085,49.025,48.015,48.97,27.1196,5227308
2016-05-26,48.74,50.0,48.125,50.0,27.69,6260623
2016-05-27,49.685,50.29,49.585,49.765,27.5599,4205934
2016-05-30,49.76,50.39,49.59,50.28,27.8451,2015314
2016-05-31,50.39,50.67,49.62,49.765,27.5599,3677184
2016-06-01,49.645,50.0,48.41,48.86,27.0587,4586203
2016-06-02,46.88,47.91,46.695,47.51,27.6167,6142214
2016-06-03,47.235,47.655,45.905,46.32,26.925,5299140
2016-06-06,46.105,47.0,46.075,46.385,26.9628,2587908
2016-06-07,46.75,47.495,46.61,47.065,27.3581,3441726
2016-06-08,46.91,46.925,46.2,46.405,26.9744,2696123
2016-06-09,46.235,46.375,45.765,45.875,26.6663,3133275
2016-06-10,45.685,45.685,44.045,44.295,25.7479,4739701
2016-06-13,43.6,43.96,43.01,43.01,25.001,3839346
2016-06-14,42.5,42.94,41.78,42.04,24.4371,5774939
2016-06-15,42.75,43.47,42.3,42.415,24.6551,4662586
2016-06-16,41.705,42.05,41.13,41.85,24.3267,5352103
2016-06-17,42.565,44.0,42.435,43.45,25.2567,7433495
2016-06-20,45.09,45.73,44.905,45.58,26.4948,5670620
2016-06-21,45.58,46.455,45.42,46.07,26.7797,4164919
2016-06-22,46.49,46.81,46.05,46.365,26.9512,4440777
2016-06-23,46.555,48.115,46.41,47.7,27.7272,5550567
2016-06-24,38.5,41.91,38.5,39.4,22.9025,21339240
2016-06-27,38.68,39.175,35.27,36.91,21.4551,16415029
2016-06-28,38.0,39.05,37.675,38.35,22.2922,9430598
2016-06-29,39.1,39.7,38.855,39.51,22.9665,6956460
2016-06-30,39.37,40.225,38.66,39.755,23.1089,6395072
2016-07-01,40.135,40.54,39.26,39.91,23.199,5051217
2016-07-04,40.06,40.15,39.11,39.225,22.8008,3402649
2016-07-05,38.7,39.59,38.615,39.12,22.7398,6753287
2016-07-06,38.54,39.17,37.985,38.36,22.298,6323079
2016-07-07,38.605,39.375,38.365,38.5,22.3794,4344408
2016-07-08,38.265,40.245,38.02,39.815,23.1438,5686802
2016-07-11,40.36,40.49,39.395,40.265,23.4053,3480966
2016-07-12,40.495,42.48,40.215,42.34,24.6115,6165514
2016-07-13,42.4,42.78,41.335,41.5,24.1232,4588786
2016-07-14,42.165,43.185,41.95,42.895,24.9341,4934867
2016-07-15,42.82,43.785,42.25,42.78,24.8673,3987618
2016-07-18,43.025,43.495,41.79,42.455,24.6783,3476198
2016-07-19,42.35,42.965,41.48,42.38,24.6347,3000749
2016-07-20,42.69,43.23,42.23,42.775,24.8644,3449002
2016-07-21,42.56,43.43,42.4,43.02,25.0068,4170062
2016-07-22,42.74,43.58,42.585,43.4,25.2277,4037587
2016-07-25,43.2,43.62,42.71,43.185,25.1027,2591927
2016-07-26,43.07,43.295,42.3,42.89,24.9312,2791612
2016-07-27,42.9,43.85,42.885,43.5,25.2858,3387764
2016-07-28,44.6,44.89,42.565,42.855,24.9109,4678996
2016-07-29,43.065,44.53,43.01,44.355,25.7828,4947469
2016-08-01,45.0,45.34,43.355,43.695,25.3991,3561619
2016-08-02,43.405,43.47,41.585,41.805,24.3005,5436257
2016-08-03,42.015,42.445,41.36,42.035,24.4342,4482100
2016-08-04,42.395,42.985,42.14,42.56,24.7394,3241331
2016-08-05,42.75,43.88,42.71,43.845,25.4863,3495410
2016-08-08,44.0,44.85,43.94,44.39,25.8031,2715129
2016-08-09,44.415,44.905,43.99,44.815,26.0502,2417823
2016-08-10,44.4,45.125,44.38,44.63,25.9426,2670859
2016-08-11,45.01,45.1,44.355,45.0,26.1577,2621201
2016-08-12,44.905,45.215,44.63,44.675,25.9688,1975011
2016-08-15,44.665,45.01,44.475,44.615,25.9339,1251812
2016-08-16,44.315,44.575,43.835,44.02,25.588,2608348
2016-08-17,44.355,44.585,43.37,43.405,25.2306,2726539
2016-08-18,43.76,43.85,42.915,43.38,25.216,2234472
2016-08-19,43.305,43.405,42.02,42.58,24.751,3075607
2016-08-22,42.5,43.45,42.28,43.015,25.0039,2741637
2016-08-23,43.205,44.19,43.16,43.905,25.5212,2961570
2016-08-24,43.7,45.015,43.445,44.655,25.9572,2709968
2016-08-25,44.435,44.71,44.03,44.43,25.8264,2233173
2016-08-26,44.315,45.085,44.18,44.83,26.0589,2094408
2016-08-29,44.625,45.1,44.31,44.485,25.8583,1601631
2016-08-30,44.83,45.62,44.7,45.35,26.3612,3644146
2016-08-31,45.43,46.62,45.305,45.605,26.5094,5373144
2016-09-01,46.025,47.395,45.985,46.83,27.2215,6625222
2016-09-02,47.26,47.965,46.39,47.82,27.7969,5280566
2016-09-05,47.98,48.18,47.295,47.38,27.5412,3498667
2016-09-06,47.525,47.66,46.685,46.72,27.1575,2740401
2016-09-07,46.89,47.2,46.21,46.975,27.3057,2832553
2016-09-08,46.99,47.89,46.51,47.825,27.7998,4367876
2016-09-09,47.735,48.69,47.345,47.93,27.8609,3766809
2016-09-12,46.92,47.28,46.13,46.875,27.2476,3757390
2016-09-13,47.18,47.385,46.015,46.015,26.7477,3078132
2016-09-14,46.36,46.505,45.72,45.945,26.707,4109031
2016-09-15,45.805,46.465,45.17,45.685,26.5559,3884763
2016-09-16,45.5,45.65,44.5,44.64,25.9484,8034055
2016-09-19,45.095,45.345,44.725,44.93,26.117,2738348
2016-09-20,44.98,45.34,44.6,44.955,26.1315,2763759
2016-09-21,46.06,46.5,45.82,46.24,26.8785,4645652
2016-09-22,46.675,47.475,46.375,47.3,27.4947,5030250
2016-09-23,46.955,47.35,46.585,46.955,27.2941,3697080
2016-09-26,46.575,46.645,45.13,45.42,26.4018,3919481
2016-09-27,45.8,45.92,44.525,45.185,26.2652,4208048
2016-09-28,45.215,46.24,45.185,45.615,26.5152,3447639
2016-09-29,46.09,46.34,45.2,45.405,26.3931,2463934
2016-09-30,43.9,45.85,43.235,45.77,26.6053,6379925
2016-10-03,45.8,45.995,45.125,45.615,26.5152,1773168
2016-10-04,45.725,46.48,45.485,46.03,26.7564,2739790
2016-10-05,45.755,47.6,45.575,47.6,27.669,5192510
2016-10-06,47.86,48.87,47.755,48.55,28.2213,5924485
2016-10-07,48.465,49.48,48.125,49.31,28.663,6422293
2016-10-10,49.0,49.39,48.49,49.1,28.541,3801568
2016-10-11,48.77,49.18,48.265,48.55,28.2213,5893035
2016-10-12,48.65,48.67,47.96,48.335,28.0963,3989760
2016-10-13,47.905,47.905,46.545,46.935,27.2825,4343630
2016-10-14,47.19,48.925,47.08,48.195,28.0149,4201787
2016-10-17,47.895,48.86,47.865,48.5,28.1922,2779677
2016-10-18,48.74,49.68,48.685,49.315,28.6659,4579118
2016-10-19,49.85,50.07,49.21,50.0,29.0641,5396558
2016-10-20,49.95,51.06,49.855,51.06,29.6803,6512978
2016-10-21,51.16,51.64,50.79,51.64,30.0174,4924105
2016-10-24,51.86,53.09,51.86,52.69,30.6278,4845525
2016-10-25,52.69,52.82,52.16,52.82,30.7033,3465059
2016-10-26,52.92,53.29,52.42,52.91,30.7556,3679695
2016-10-27,53.18,53.5,52.73,53.5,31.0986,4723863
2016-10-28,52.74,54.0,52.44,53.97,31.3718,4182906
2016-10-31,53.3,54.0,52.71,52.84,30.715,4015008
2016-11-01,53.24,53.33,52.42,52.74,30.6568,3134880
2016-11-02,51.69,51.9,50.76,50.76,29.5059,4858376
2016-11-03,50.75,52.04,50.32,51.51,29.9419,3754115
2016-11-04,51.26,51.38,50.4,50.64,29.4361,3112746
2016-11-07,51.97,52.53,51.67,52.53,30.5348,3680697
2016-11-08,52.4,53.32,52.09,53.12,30.8777,3607638
2016-11-09,51.41,54.8,51.05,54.8,31.8543,7603787
2016-11-10,55.77,57.05,55.12,55.41,32.2089,7805322
2016-11-11,55.97,56.29,54.23,54.75,31.8252,4636310
2016-11-14,55.4,56.46,55.18,55.66,32.3542,4745943
2016-11-15,55.65,55.85,54.93,55.49,32.2554,3442268
2016-11-16,55.55,55.93,53.95,54.18,31.4939,4367648
2016-11-17,53.7,54.6,53.39,54.6,31.738,3669850
2016-11-18,55.0,55.26,53.98,54.39,31.6159,4165710
2016-11-21,54.75,54.99,54.21,54.5,31.6799,2437502
2016-11-22,55.1,56.45,54.48,55.77,32.4181,4327502
2016-11-23,55.79,56.16,54.84,55.65,32.3484,3287660
2016-11-24,55.58,56.09,55.08,55.29,32.1391,1710239
2016-11-25,55.42,55.52,54.62,54.94,31.9357,2036402
2016-11-28,54.66,54.78,53.24,53.5,31.0986,3796934
2016-11-29,53.37,54.5,53.12,54.39,31.6159,2899217
2016-11-30,54.4,55.27,53.97,54.78,31.8426,3968076
2016-12-01,54.68,55.9,54.57,55.9,32.4937,4231297
2016-12-02,55.5,55.66,54.31,54.59,31.7322,3954371
2016-12-05,54.08,55.75,53.78,55.3,32.1449,5112389
2016-12-06,54.92,58.49,54.87,58.15,33.8016,7167999
2016-12-07,59.21,60.23,58.67,59.46,34.563,6624205
2016-12-08,59.45,61.66,58.92,60.61,35.2315,7038460
2016-12-09,60.6,60.88,59.65,60.0,34.8769,4746014
2016-12-12,60.0,60.57,59.09,59.21,34.4177,4261340
2016-12-13,58.79,60.3,58.0,59.73,34.72,4297010
2016-12-14,59.32,60.29,58.58,58.59,34.0573,4813554
2016-12-15,58.99,62.0,58.9,61.7,35.8651,6936254
2016-12-16,61.5,62.0,60.96,60.96,35.435,7851503
2016-12-19,60.78,61.0,60.19,60.5,35.1676,2991202
2016-12-20,60.57,61.47,60.31,61.47,35.7314,2986537
2016-12-21,61.44,61.89,60.69,61.21,35.5803,2459596
2016-12-22,60.93,61.92,60.93,61.58,35.7954,2029868
2016-12-23,61.7,62.0,60.89,61.17,35.557,1820720
2016-12-27,60.6,60.95,60.51,60.68,35.2722,1269821
2016-12-28,60.67,60.9,60.26,60.65,35.2548,1464169
2016-12-29,60.23,60.46,59.64,59.85,34.7897,1523556
2016-12-30,59.81,60.64,59.56,60.55,35.1966,2143675
2017-01-02,60.12,60.69,59.85,60.35,35.0804,1259445
2017-01-03,60.93,62.48,60.56,61.92,35.993,3185009
2017-01-04,62.38,63.06,61.98,62.8,36.5045,3705545
2017-01-05,62.32,63.04,61.59,62.22,36.1674,3288420
2017-01-06,61.87,62.71,61.29,62.49,36.3243,3017783
2017-01-09,62.48,62.48,60.65,61.19,35.5687,3069806
2017-01-10,61.3,61.4,60.64,60.85,35.371,3176613
2017-01-11,60.87,61.14,60.37,60.62,35.2373,2747204
2017-01-12,60.39,61.7,60.19,60.55,35.1966,2660775
2017-01-13,61.09,62.51,61.02,62.16,36.1325,3252712
2017-01-16,61.02,61.55,60.9,61.21,35.5803,2079490
2017-01-17,60.84,61.91,60.51,60.56,35.2025,2627533
2017-01-18,60.6,60.72,59.17,59.69,34.6967,3151600
2017-01-19,60.11,60.46,59.42,59.76,34.7374,2644796
2017-01-20,59.59,60.44,59.23,60.06,34.9118,4119832
2017-01-23,59.5,59.78,58.93,59.18,34.4003,2142810
2017-01-24,59.55,60.06,59.4,59.9,34.8188,2029944
2017-01-25,60.68,62.54,60.6,62.39,36.2662,4714420
2017-01-26,62.59,63.35,61.55,61.64,35.8302,4344401
2017-01-27,61.54,61.57,60.61,61.45,35.7198,2455773
2017-01-30,61.03,61.46,59.88,60.28,35.0397,2726655
2017-01-31,60.43,61.45,59.18,59.18,34.4003,3697937
2017-02-01,59.88,60.75,59.54,60.63,35.2431,2939274
2017-02-02,60.39,60.66,59.72,60.26,35.0281,2570213
2017-02-03,60.77,61.57,60.34,61.14,35.5396,3001101
2017-02-06,61.5,62.0,60.01,60.01,34.8828,3173177
2017-02-07,57.05,58.23,56.99,57.15,33.2203,6259760
2017-02-08,57.0,57.11,54.79,56.06,32.5867,6207122
2017-02-09,57.0,57.0,55.83,56.69,32.9529,4888367
2017-02-10,57.07,57.08,55.51,55.7,32.3774,4233612
2017-02-13,56.0,56.72,55.48,56.35,32.7553,3554095
2017-02-14,56.32,56.82,55.82,56.78,33.0052,2541744
2017-02-15,56.98,58.28,56.98,57.49,33.4179,3734421
2017-02-16,57.49,57.65,57.01,57.02,33.1447,2820241
2017-02-17,57.02,57.11,55.38,55.75,32.4065,4155644
2017-02-20,56.32,56.72,55.35,55.63,32.3367,2330028
2017-02-21,55.41,56.2,54.96,55.79,32.4297,3196159
2017-02-22,55.96,56.55,54.7,55.8,32.4356,4064843
2017-02-23,56.0,56.51,55.15,55.62,32.3309,3164717
2017-02-24,55.2,55.73,53.96,54.68,31.7845,4135354
2017-02-27,55.19,55.41,54.67,54.74,31.8194,2935247
2017-02-28,54.75,55.43,54.62,55.13,32.0461,3605152
2017-03-01,55.89,57.96,55.74,57.59,33.476,5436640
2017-03-02,57.91,58.11,57.49,57.67,33.5226,3819429
2017-03-03,57.7,59.94,57.53,59.31,34.4759,4950723
2017-03-06,58.99,59.48,58.46,58.7,34.1213,2809388
2017-03-07,59.0,59.09,58.09,58.84,34.2027,2755034
2017-03-08,59.0,59.89,58.56,59.35,34.4991,3422590
2017-03-09,59.33,61.17,59.22,60.79,35.3362,5616477
2017-03-10,60.96,62.24,60.84,61.86,35.9581,6413094
2017-03-13,61.3,61.98,61.14,61.18,35.5629,3102950
2017-03-14,61.22,61.32,59.65,59.85,34.7897,4114290
2017-03-15,59.38,60.22,59.28,60.09,34.9293,3492638
2017-03-16,61.22,62.0,60.52,60.69,35.278,5450793
2017-03-17,60.87,61.87,60.06,60.28,35.0397,6076097
2017-03-20,60.03,60.43,59.6,59.65,34.6735,2123537
2017-03-21,60.35,61.85,60.04,60.26,35.0281,4120914
2017-03-22,59.41,60.86,58.96,60.29,35.0455,3657229
2017-03-23,60.55,61.54,59.95,61.1,35.5163,3635753
2017-03-24,61.1,61.11,60.22,60.46,35.1443,2643444
2017-03-27,59.4,60.59,59.16,60.36,35.0862,2867677
2017-03-28,60.58,62.07,60.3,61.92,35.993,3658366
2017-03-29,62.45,62.78,61.45,62.04,36.0628,4058229
2017-03-30,62.8,62.8,61.09,61.8,35.9232,3106664
2017-03-31,61.49,62.43,61.28,62.43,36.2895,4030526
2017-04-03,62.48,62.5,60.6,61.22,35.5861,3344854
2017-04-04,61.06,61.37,60.04,60.71,35.2896,3359772
2017-04-05,60.98,61.4,60.1,60.1,34.9351,4681167
2017-04-06,59.58,60.8,59.05,60.75,35.3129,3907978
2017-04-07,60.67,61.14,60.29,60.9,35.4001,2703926
2017-04-10,60.93,60.97,59.82,60.0,34.8769,2942441
2017-04-11,59.5,60.23,59.01,59.39,34.5224,4574423
2017-04-12,59.65,59.96,58.72,59.1,34.3538,3248594
2017-04-13,59.25,59.25,57.9,58.3,33.8888,4836489
2017-04-18,58.5,58.74,57.24,57.32,33.3191,5836104
2017-04-19,57.47,58.72,57.3,58.34,33.912,4987203
2017-04-20,58.11,60.96,57.86,60.65,35.2548,7687773
2017-04-21,60.89,62.28,60.25,62.0,36.0395,9830775
2017-04-24,68.0,68.4,65.94,66.66,38.7483,15635820
2017-04-25,66.87,67.44,66.45,66.95,38.9169,5475011
2017-04-26,66.5,66.72,65.6,65.8,38.2484,5537058
2017-04-27,65.52,65.6,64.64,64.99,37.7775,4839559
2017-04-28,64.59,65.77,64.4,64.78,37.6555,4471038
2017-05-02,64.8,65.77,64.8,65.77,38.2309,4603584
2017-05-03,66.1,66.36,65.43,66.15,38.4518,4251092
2017-05-04,65.0,66.67,64.89,66.37,38.5797,16917029
2017-05-05,65.95,68.0,65.83,67.88,39.4574,7417648
2017-05-08,68.17,68.2,66.37,66.84,38.8529,9427090
2017-05-09,67.9,67.9,66.38,66.66,38.7483,4960753
2017-05-10,66.6,67.23,65.83,66.78,38.818,3944703
2017-05-11,67.14,67.18,65.84,66.41,38.603,4500596
2017-05-12,66.2,66.8,65.95,66.56,38.6902,3123427
2017-05-15,67.0,67.07,66.01,67.07,38.9866,3542313
2017-05-16,67.2,67.54,66.75,67.21,39.068,3225549
2017-05-17,66.69,67.42,64.85,65.11,37.8473,4902431
2017-05-18,64.8,65.61,63.6,64.36,37.4113,6779991
2017-05-19,64.7,65.88,64.4,65.67,38.1728,5064001
2017-05-22,66.02,66.17,65.41,65.46,38.0507,3327832
2017-05-23,65.2,66.78,65.02,66.18,38.4693,3776186
2017-05-24,66.28,66.9,65.77,66.84,38.8529,3396154
2017-05-25,67.1,67.34,66.51,66.56,38.6902,2793722
2017-05-26,66.52,66.68,65.26,66.39,38.5913,3753319
2017-05-29,66.21,66.59,65.81,66.35,38.5681,2266692
2017-05-30,63.1,63.61,62.62,63.6,38.5378,5403406
2017-05-31,63.7,64.07,62.8,62.82,38.0652,5190374
2017-06-01,63.0,63.18,62.09,62.99,38.1682,3333051
2017-06-02,63.85,64.49,63.09,63.4,38.4166,4343283
2017-06-05,63.4,63.69,62.64,63.1,38.2348,1771291
2017-06-06,62.69,62.94,61.96,62.45,37.841,3271002
2017-06-07,62.34,64.35,62.23,63.48,38.4651,4585164
2017-06-08,63.82,64.48,62.83,63.72,38.6105,4052677
2017-06-09,64.05,64.94,63.39,64.51,39.0892,4733126
2017-06-12,64.47,64.9,63.04,63.39,38.4105,3405206
2017-06-13,63.75,63.92,63.09,63.35,38.3863,2565311
2017-06-14,63.73,64.0,62.27,62.4,37.8107,3996069
2017-06-15,62.24,62.37,61.08,61.85,37.4774,5378476
2017-06-16,62.38,62.88,61.68,62.05,37.5986,10471570
2017-06-19,62.86,63.6,62.75,63.06,38.2106,3238334
2017-06-20,63.5,63.68,62.55,62.55,37.9015,2552864
2017-06-21,62.29,62.42,61.11,62.14,37.6531,4040572
2017-06-22,61.91,62.0,61.18,61.93,37.5259,3356928
2017-06-23,62.16,62.51,61.18,61.5,37.2653,2919202
2017-06-26,61.8,62.46,61.39,61.6,37.3259,2765463
2017-06-27,61.53,63.07,61.08,62.65,37.9621,4960829
2017-06-28,62.55,64.56,62.16,64.33,38.9801,5874039
2017-06-29,64.94,65.46,63.64,63.97,38.762,5940081
2017-06-30,64.1,64.45,62.82,63.06,38.2106,4945911
2017-07-03,63.49,64.94,63.4,64.94,39.3497,4643571
2017-07-04,64.55,65.3,64.52,64.68,39.1922,2708977
2017-07-05,64.9,65.19,64.26,64.47,39.065,3638074
2017-07-06,64.55,65.66,64.06,65.34,39.5921,4822785
2017-07-07,65.95,66.19,65.18,65.52,39.7012,3635307
2017-07-10,65.95,66.05,65.09,65.56,39.7254,2444378
2017-07-11,65.88,66.03,65.04,65.26,39.5436,2590408
2017-07-12,65.63,66.47,65.27,65.99,39.986,3705806
2017-07-13,66.08,67.12,65.96,66.92,40.5495,3212170
2017-07-14,67.02,67.04,65.71,66.3,40.1738,3192918
2017-07-17,66.47,66.49,65.53,65.86,39.9072,2519843
2017-07-18,65.6,65.88,64.38,64.76,39.2407,4170565
2017-07-19,65.15,65.15,64.0,64.84,39.2892,4175125
2017-07-20,65.0,65.04,63.98,64.29,38.9559,3971838
2017-07-21,64.18,64.52,63.31,63.64,38.562,4642756
2017-07-24,63.77,64.71,63.25,64.23,38.9195,3163575
2017-07-25,64.14,65.8,64.11,65.17,39.4891,4083693
2017-07-26,65.2,65.9,65.12,65.9,39.9314,3087146
2017-07-27,65.14,66.03,65.01,66.0,39.992,3221333
2017-07-28,65.39,66.43,65.05,66.1,40.0526,4158297
2017-07-31,65.95,66.4,65.57,65.57,39.7315,3582205
2017-08-01,66.36,66.99,65.79,66.79,40.4707,3276531
2017-08-02,66.91,66.99,66.04,66.56,40.3314,3016521
2017-08-03,66.3,67.54,66.09,67.22,40.7313,3115321
2017-08-04,66.87,68.12,66.64,68.12,41.2766,3262506
2017-08-07,68.2,68.55,67.93,68.55,41.5372,2564334
2017-08-08,68.46,68.89,68.34,68.89,41.7432,2799465
2017-08-09,68.17,68.29,66.7,67.27,40.7616,3957968
2017-08-10,67.3,67.43,66.01,66.69,40.4101,3216825
2017-08-11,66.13,66.51,65.05,65.69,39.8042,3731598
2017-08-14,66.19,67.15,65.85,66.69,40.4101,2820929
2017-08-15,67.0,67.43,66.61,67.19,40.7131,1815987
2017-08-16,67.6,67.87,67.23,67.24,40.7434,2124985
2017-08-17,66.89,66.98,65.57,66.2,40.1132,3343834
2017-08-18,65.12,66.16,64.95,65.99,39.986,3331532
2017-08-21,65.49,65.49,64.25,64.68,39.1922,3030840
2017-08-22,65.25,65.4,64.74,65.12,39.4588,2123303
2017-08-23,65.07,65.45,63.97,64.17,38.8832,2528458
2017-08-24,64.56,64.84,64.27,64.39,39.0165,1801447
2017-08-25,64.66,64.98,64.22,64.22,38.9135,1569124
2017-08-28,63.86,64.5,63.86,63.95,38.7499,1160759
2017-08-29,63.37,63.51,62.92,63.23,38.3136,3260166
2017-08-30,63.75,63.76,62.96,63.16,38.2712,1742352
2017-08-31,63.83,64.3,63.79,63.91,38.7256,3212976
2017-09-01,64.48,64.65,63.84,64.35,38.9922,2106272
2017-09-04,63.81,64.14,63.72,63.88,38.7074,1499093
2017-09-05,64.09,64.23,62.53,62.68,37.9803,2715400
2017-09-06,62.41,62.86,62.21,62.59,37.9258,2212165
2017-09-07,62.95,63.6,62.13,62.52,37.8834,3158751
2017-09-08,62.2,63.47,62.12,62.99,38.1682,2872797
2017-09-11,63.58,64.3,63.53,64.3,38.9619,2647173
2017-09-12,64.7,66.38,64.56,65.84,39.8951,3882152
2017-09-13,65.95,66.64,65.74,66.4,40.2344,3216036
2017-09-14,66.16,66.98,65.98,66.54,40.3192,2823918
2017-09-15,66.19,66.56,65.58,65.99,39.986,9351904
2017-09-18,66.28,66.51,65.96,66.21,40.1193,2539642
2017-09-19,66.41,66.54,65.81,66.17,40.0951,2032434
2017-09-20,66.03,66.46,65.39,66.05,40.0223,2403506
2017-09-21,66.61,67.48,66.49,66.72,40.4283,2850831
2017-09-22,66.5,67.49,66.48,67.3,40.7798,2750855
2017-09-25,67.1,67.41,66.17,66.33,40.192,3021049
2017-09-26,66.09,66.66,65.87,66.15,40.0829,2436479
2017-09-27,66.38,67.86,66.35,67.45,40.8707,3554729
2017-09-28,67.71,68.49,67.26,67.67,41.004,2878645
2017-09-29,67.66,68.25,67.34,68.25,41.3554,3748603
2017-10-02,68.0,68.48,67.85,68.45,41.4766,2402142
2017-10-03,68.5,68.95,68.5,68.51,41.513,1715100
2017-10-04,68.46,68.55,67.09,67.3,40.7798,4543128
2017-10-05,67.08,68.61,67.04,68.53,41.5251,3347256
2017-10-06,68.7,68.77,68.03,68.4,41.4463,2521789
2017-10-09,68.64,68.91,67.66,67.96,41.1797,1835823
2017-10-10,67.66,67.8,66.97,67.4,40.8404,2765685
2017-10-11,67.87,67.87,66.7,67.37,40.8222,2661486
2017-10-12,67.26,67.28,66.32,66.61,40.3617,2485318
2017-10-13,66.49,66.87,65.84,66.05,40.0223,3038441
2017-10-16,66.18,66.52,65.71,66.2,40.1132,2369737
2017-10-17,66.14,66.72,65.62,66.28,40.1617,2448395
2017-10-18,66.5,67.74,66.4,67.43,40.8585,2586384
2017-10-19,67.39,67.88,66.84,67.32,40.7919,3255834
2017-10-20,67.9,68.54,67.86,68.05,41.2342,3458345
2017-10-23,68.31,68.37,67.51,67.9,41.1433,2427824
2017-10-24,67.74,68.47,67.62,68.08,41.2524,2866759
2017-10-25,67.87,68.34,67.22,67.48,40.8888,2658879
2017-10-26,67.11,68.54,67.08,68.32,41.3978,3295142
2017-10-27,68.71,68.98,68.11,68.5,41.5069,3572264
2017-10-30,68.5,69.17,68.41,68.88,41.7371,2489783
2017-10-31,66.61,67.11,66.42,67.04,40.6222,5094889
2017-11-01,67.24,67.25,65.95,65.95,39.9617,4670306
2017-11-02,66.12,66.25,65.45,66.18,40.1011,3432846
2017-11-03,66.18,66.31,65.38,65.76,39.8466,2585930
2017-11-06,65.4,65.42,64.47,64.96,39.3619,3781159
2017-11-07,65.25,65.48,64.73,64.75,39.2346,3096061
2017-11-08,65.1,65.1,64.14,64.82,39.277,3819113
2017-11-09,64.76,65.42,64.52,64.62,39.1558,4518915
2017-11-10,64.47,65.21,64.35,64.76,39.2407,3107049
2017-11-13,64.66,64.7,63.24,64.23,38.9195,3327167
2017-11-14,64.17,64.21,63.16,63.45,38.4469,3370208
2017-11-15,63.15,64.06,62.59,63.83,38.6772,3674881
2017-11-16,64.05,64.36,63.66,63.79,38.6529,2387739
2017-11-17,63.72,64.29,62.75,63.15,38.2651,3534358
2017-11-20,63.0,63.26,62.62,62.85,38.0833,2587989
2017-11-21,62.7,63.69,62.58,62.78,38.0409,3200721
2017-11-22,62.92,63.79,62.81,62.95,38.1439,2703128
2017-11-23,62.76,63.28,62.53,62.97,38.156,1681384
2017-11-24,62.85,64.34,62.83,63.64,38.562,3026855
2017-11-27,63.55,64.18,63.01,63.16,38.2712,2567587
2017-11-28,63.29,63.74,63.29,63.44,38.4408,2443612
2017-11-29,64.24,64.94,64.07,64.29,38.9559,3547803
2017-11-30,64.52,64.86,63.58,63.58,38.5257,4217952
2017-12-01,63.6,63.87,62.64,62.85,38.0833,3486007
2017-12-04,63.97,64.42,63.69,64.06,38.8165,4052735
2017-12-05,63.94,64.54,63.16,63.51,38.4833,3370784
2017-12-06,62.92,63.25,62.6,62.86,38.0894,3185604
2017-12-07,63.1,63.27,62.7,63.14,38.2591,3519975
2017-12-08,64.39,65.89,64.16,65.04,39.4103,6311453
2017-12-11,65.3,65.32,64.41,64.46,39.0589,2914325
2017-12-12,64.7,65.0,63.78,64.83,39.2831,4065927
2017-12-13,64.46,65.12,64.16,64.36,38.9983,3869883
2017-12-14,64.32,64.88,63.49,63.49,38.4711,4097988
2017-12-15,63.49,63.54,62.58,62.92,38.1257,6688658
2017-12-18,63.52,63.78,63.11,63.36,38.3924,3372091
2017-12-19,63.25,63.81,63.04,63.06,38.2106,2719997
2017-12-20,63.1,63.1,62.31,62.83,38.0712,2937811
2017-12-21,62.65,63.61,62.32,63.29,38.3499,3146282
2017-12-22,62.81,63.38,62.67,62.95,38.1439,1845311
2017-12-27,62.89,63.29,62.63,62.72,38.0046,1709801
2017-12-28,62.6,63.06,62.52,62.6,37.9318,2109424
2017-12-29,62.72,62.89,62.03,62.25,37.7198,2428173
2018-01-02,62.68,62.7,61.66,62.09,37.6228,2785984
2018-01-03,62.32,63.27,61.98,62.64,37.9561,3766640
2018-01-04,62.71,64.29,62.71,63.77,38.6408,4272372
2018-01-05,64.14,64.59,63.67,63.89,38.7135,3125691
2018-01-08,64.29,64.84,64.01,64.5,39.0831,3030090
2018-01-09,64.73,65.47,64.61,65.43,39.6467,3474952
2018-01-10,65.5,66.8,65.19,66.43,40.2526,4849727
2018-01-11,66.59,67.66,66.11,67.0,40.598,4473175
2018-01-12,67.46,67.58,66.9,67.46,40.8767,4306247
2018-01-15,67.31,67.74,66.92,67.53,40.9191,2109344
2018-01-16,67.35,67.64,66.66,67.01,40.604,2951424
2018-01-17,66.42,66.89,65.83,66.38,40.2223,3613661
2018-01-18,66.5,66.7,65.99,66.63,40.3738,2973050
2018-01-19,66.76,67.12,66.32,66.95,40.5677,2999504
2018-01-22,66.92,67.99,66.53,67.55,40.9312,3439278
2018-01-23,67.84,67.92,67.04,67.58,40.9494,3184441
2018-01-24,67.54,67.85,67.18,67.18,40.7071,2726702
2018-01-25,67.15,68.0,66.81,68.0,41.2039,4060630
2018-01-26,67.95,68.42,67.78,68.28,41.3736,3011551
2018-01-29,68.42,68.66,68.33,68.35,41.416,3639327
2018-01-30,67.93,68.2,66.74,67.23,40.7373,4629282
2018-01-31,67.21,67.27,66.44,66.6,40.3556,3423328
2018-02-01,67.23,67.62,65.86,66.63,40.3738,3816246
2018-02-02,66.48,66.63,65.54,66.0,39.992,3800872
2018-02-05,65.25,66.48,65.01,65.38,39.6164,4418384
2018-02-06,62.45,65.18,61.38,63.25,38.3257,8757723
2018-02-07,64.05,64.88,63.02,64.55,39.1134,6000938
2018-02-08,64.59,65.71,63.94,64.42,39.0347,5868679
2018-02-09,64.07,64.66,62.25,63.2,38.2954,7487093
2018-02-12,63.74,64.28,63.13,63.37,38.3984,4501988
2018-02-13,63.52,63.77,62.94,63.0,38.1742,3965654
2018-02-14,63.44,64.05,62.76,63.58,38.5257,4670268
2018-02-15,64.2,64.93,63.69,63.9,38.7196,4155361
2018-02-16,64.2,64.93,63.89,64.65,39.174,4358106
2018-02-19,64.8,65.13,64.61,64.61,39.1498,1679014
2018-02-20,64.54,65.13,64.2,65.08,39.4346,2423621
2018-02-21,65.24,65.38,64.31,64.95,39.3558,2473461
2018-02-22,64.64,65.28,64.52,65.1,39.4467,2664594
2018-02-23,65.23,65.29,64.56,64.89,39.3194,1874015
2018-02-26,65.11,65.16,64.61,64.87,39.3073,2018193
2018-02-27,65.22,65.82,64.93,65.52,39.7012,3175607
2018-02-28,65.19,66.04,65.19,65.37,39.6103,2975611
2018-03-01,65.11,65.2,64.05,64.71,39.2104,3389069
2018-03-02,64.05,64.26,62.62,62.88,38.1015,5513707
2018-03-05,62.94,63.33,61.63,62.06,37.6046,5342205
2018-03-06,62.7,63.32,62.44,62.44,37.8349,3500809
2018-03-07,62.21,62.68,61.65,62.49,37.8652,3006570
2018-03-08,62.68,63.69,62.31,62.95,38.1439,3354021
2018-03-09,62.97,63.45,62.56,62.93,38.1318,2565228
2018-03-12,63.25,63.43,62.67,62.88,38.1015,1972156
2018-03-13,62.92,63.56,62.44,62.58,37.9197,3248641
2018-03-14,62.46,62.6,61.34,61.63,37.3441,3767349
2018-03-15,61.87,62.02,61.51,61.81,37.4532,3499805
2018-03-16,61.91,62.85,61.76,62.45,37.841,7559838
2018-03-19,62.41,62.76,61.52,61.73,37.4047,2812442
2018-03-20,61.9,62.34,61.48,61.6,37.3259,2957045
2018-03-21,61.51,61.82,60.87,61.23,37.1017,2937721
2018-03-22,60.64,61.15,59.15,60.11,36.4231,4860287
2018-03-23,59.56,59.56,58.78,59.24,35.8959,5100643
2018-03-26,59.44,59.5,58.42,58.88,35.6777,3416201
2018-03-27,59.99,60.14,59.25,59.53,36.0716,3730771
2018-03-28,58.77,60.02,58.43,60.02,36.3685,4349077
2018-03-29,60.52,60.86,60.17,60.17,36.4594,3588392
2018-04-03,60.14,60.28,59.36,59.69,36.1686,2706351
2018-04-04,59.76,59.89,58.33,59.44,36.0171,3378693
2018-04-05,60.65,61.47,60.6,61.1,37.0229,4095021
2018-04-06,60.95,60.99,60.46,60.57,36.7018,3067661
2018-04-09,60.8,61.24,60.69,60.86,36.8775,2270491
2018-04-10,61.0,61.68,60.92,61.31,37.1502,2703839
2018-04-11,61.12,61.21,60.69,60.92,36.9139,2210888
2018-04-12,61.15,61.54,60.95,61.23,37.1017,2279053
2018-04-13,61.21,62.14,61.1,61.45,37.235,2949437
2018-04-16,61.67,61.79,61.42,61.54,37.2895,1786620
2018-04-17,61.81,62.23,61.7,61.93,37.5259,2576090
2018-04-18,61.98,62.49,61.93,62.24,37.7137,3066349
2018-04-19,62.15,62.82,62.03,62.59,37.9258,2401061
2018-04-20,62.83,63.37,62.64,63.21,38.3015,4200385
2018-04-23,63.12,63.96,63.1,63.9,38.7196,2791661
2018-04-24,63.84,64.03,63.38,64.0,38.7802,2986284
2018-04-25,63.61,63.87,63.03,63.5,38.4772,3007775
2018-04-26,63.37,63.89,63.13,63.24,38.3196,3108985
2018-04-27,63.35,63.6,62.81,63.57,38.5196,2478984
2018-04-30,63.57,63.98,63.46,63.98,38.768,2498616
2018-05-02,64.0,64.37,63.9,64.35,38.9922,3328173
2018-05-03,64.11,64.18,62.87,63.4,38.4166,3780046
2018-05-04,61.77,62.67,61.16,62.67,37.9743,5687364
2018-05-07,62.65,62.65,61.88,62.37,37.7925,2039671
2018-05-08,62.23,62.48,61.42,61.96,37.544,3283381
2018-05-09,62.01,62.94,62.0,62.65,37.9621,3701458
2018-05-10,62.65,62.86,62.07,62.75,38.0227,2100853
2018-05-11,62.66,62.82,62.25,62.77,38.0349,2205688
2018-05-14,62.71,62.98,62.57,62.88,38.1015,2143544
2018-05-15,62.96,63.37,62.74,63.19,38.2893,3066556
2018-05-16,62.99,63.08,61.89,62.27,37.7319,3690239
2018-05-17,62.28,62.75,61.8,62.18,37.6774,3345709
2018-05-18,62.1,62.15,61.42,61.58,37.3138,5722010
2018-05-21,61.75,61.87,61.48,61.63,37.3441,1472129
2018-05-22,61.8,62.83,61.71,62.7,37.9924,5139935
2018-05-23,62.56,62.7,61.51,61.79,37.441,4134195
2018-05-24,62.02,62.28,60.73,61.24,37.1078,3945234
2018-05-25,61.52,61.57,59.81,60.54,36.6836,5661706
2018-05-28,61.41,61.59,59.0,59.89,36.2897,5840660
2018-05-29,59.0,59.25,56.76,57.22,34.6719,11368730
2018-05-30,54.57,54.96,53.6,54.24,34.6975,9678749
2018-05-31,54.39,54.73,52.74,53.06,33.9426,9226137
2018-06-01,54.19,54.37,53.66,53.89,34.4736,7909224
2018-06-04,54.7,54.94,53.86,54.09,34.6015,4939425
2018-06-05,54.47,54.47,53.12,53.12,33.981,4499395
2018-06-06,53.33,53.86,52.95,53.69,34.3456,5162128
2018-06-07,54.12,54.89,53.97,54.11,34.6143,5064686
2018-06-08,53.67,53.83,53.29,53.7,34.352,4269307
2018-06-11,54.38,54.75,53.92,54.68,34.9789,5148616
2018-06-12,55.19,55.21,54.44,54.66,34.9662,3629546
2018-06-13,54.79,54.91,54.28,54.51,34.8702,3822389
2018-06-14,54.29,55.25,54.11,54.84,35.0813,4640173
2018-06-15,54.91,54.92,53.28,54.14,34.6335,8073005
2018-06-18,54.0,54.31,53.42,53.95,34.512,4662582
2018-06-19,53.27,53.96,52.99,53.75,34.384,3760027
2018-06-20,54.1,54.3,53.68,53.7,34.352,3884870
2018-06-21,53.85,53.95,52.97,53.2,34.0322,4431027
2018-06-22,53.2,53.92,53.2,53.92,34.4928,3496265
2018-06-25,53.45,53.64,52.85,52.87,33.8211,2881300
2018-06-26,53.34,53.37,52.7,52.74,33.7379,2791423
2018-06-27,52.25,53.36,51.61,52.85,33.8083,4224546
2018-06-28,52.55,53.1,52.33,52.71,33.7187,3946413
2018-06-29,53.34,53.98,53.01,53.19,34.0258,4681110
2018-07-02,52.7,52.96,51.98,52.94,33.8659,3132659
2018-07-03,53.39,54.01,52.79,53.19,34.0258,3194721
2018-07-04,53.08,53.4,52.93,53.21,34.0386,2452826
2018-07-05,53.28,54.59,53.21,54.14,34.6335,5152959
2018-07-06,54.3,54.43,53.52,53.86,34.4544,3275468
2018-07-09,54.3,54.39,53.74,53.91,34.4864,2650792
2018-07-10,54.04,54.09,53.11,53.41,34.1665,3693935
2018-07-11,53.09,53.14,52.37,52.59,33.642,3748213
2018-07-12,52.8,52.81,52.05,52.4,33.5204,3295926
2018-07-13,52.59,52.71,52.14,52.38,33.5076,3957746
2018-07-16,52.49,53.12,52.26,52.53,33.6036,3606835
2018-07-17,52.45,52.59,51.99,52.14,33.3541,3437814
2018-07-18,52.27,52.33,51.67,52.07,33.3093,3461549
2018-07-19,51.93,52.32,51.62,51.82,33.1494,2837943
2018-07-20,51.71,51.91,51.22,51.7,33.0726,4473749
2018-07-23,51.84,52.35,51.65,52.12,33.3413,3345089
2018-07-24,52.64,53.97,52.4,53.53,34.2433,6301067
2018-07-25,53.69,53.86,52.88,53.17,34.013,3486600
2018-07-26,53.73,54.0,53.37,53.84,34.4416,3967848
2018-07-27,54.02,54.96,53.97,54.8,35.0557,4493908
2018-07-30,54.66,55.16,54.47,55.1,35.2476,3384513
2018-07-31,54.95,56.09,54.95,55.67,35.6123,4914992
2018-08-01,56.93,56.94,55.22,55.41,35.4459,3601972
2018-08-02,55.28,55.39,54.01,54.62,34.9406,4630867
2018-08-03,54.7,54.74,54.06,54.42,34.8126,3551675
2018-08-06,54.53,54.54,53.68,54.03,34.5631,2733213
2018-08-07,54.22,54.79,54.16,54.54,34.8894,2626191
2018-08-08,54.5,54.7,54.17,54.4,34.7998,2312380
2018-08-09,54.3,54.3,53.73,54.18,34.6591,2173470
2018-08-10,53.1,53.1,51.67,52.56,33.6228,8728613
2018-08-13,52.0,52.55,51.9,52.01,33.2709,5364145
2018-08-14,52.35,52.56,51.53,51.86,33.175,4182375
2018-08-15,52.12,52.44,51.02,51.4,32.8807,5365232
2018-08-16,51.72,51.98,51.24,51.4,32.8807,3297606
2018-08-17,51.46,51.55,50.39,50.99,32.6184,4739511
2018-08-20,51.16,51.61,50.97,51.18,32.74,2261066
2018-08-21,51.18,52.07,51.09,51.78,33.1238,2958076
2018-08-22,51.76,52.17,51.74,52.07,33.3093,3004340
2018-08-23,52.11,52.19,51.75,52.0,33.2645,2781509
2018-08-24,51.99,52.93,51.94,51.97,33.2454,3103603
2018-08-27,52.27,52.71,51.95,52.46,33.5588,1897983
2018-08-28,52.54,52.54,51.94,51.99,33.2581,3063155
2018-08-29,52.0,52.11,51.53,52.0,33.2645,2534451
2018-08-30,51.87,52.02,51.3,51.3,32.8167,3326292
2018-08-31,51.31,51.38,50.36,50.58,32.3562,4260533
2018-09-03,50.55,50.7,50.37,50.66,32.4073,2031609
2018-09-04,51.67,51.68,50.17,50.88,32.5481,4458807
2018-09-05,50.67,51.77,50.54,51.11,32.6952,5947012
2018-09-06,50.85,51.78,50.7,50.99,32.6184,3691180
2018-09-07,51.3,51.31,50.06,50.45,32.273,4874705
2018-09-10,50.31,51.19,50.17,50.61,32.3754,3924237
2018-09-11,50.88,51.05,50.24,50.63,32.3881,3365232
2018-09-12,50.68,50.76,50.33,50.6,32.369,3203164
2018-09-13,50.75,51.58,50.68,51.29,32.8104,4575342
2018-09-14,51.78,51.98,51.32,51.54,32.9703,3868686
2018-09-17,51.5,52.06,51.43,51.83,33.1558,3381613
2018-09-18,51.84,52.2,51.6,51.89,33.1942,3376905
2018-09-19,52.02,53.09,51.95,52.96,33.8787,5603455
2018-09-20,53.09,54.4,53.08,54.31,34.7423,8393632
2018-09-21,54.63,55.34,54.28,54.53,34.883,10704000
2018-09-24,54.4,54.72,54.01,54.58,34.915,3552931
2018-09-25,54.74,55.08,54.67,54.68,34.9789,3849947
2018-09-26,54.77,54.99,54.52,54.63,34.947,3275528
2018-09-27,54.24,54.62,53.62,54.47,34.8446,3796601
2018-09-28,53.63,53.82,51.62,52.71,33.7187,7243403
2018-10-01,52.51,52.66,51.66,51.99,33.2581,4618928
2018-10-02,51.51,52.34,50.96,51.98,33.2517,4392851
2018-10-03,52.41,52.66,51.99,52.14,33.3541,4446131
2018-10-04,52.05,52.75,52.01,52.3,33.4565,4827402
2018-10-05,52.33,52.4,51.8,51.85,33.1686,3177010
2018-10-08,51.51,51.65,50.81,51.15,32.7208,3256327
2018-10-09,51.37,51.68,50.56,51.23,32.772,3601474
2018-10-10,51.13,52.31,51.07,51.47,32.9255,4477667
2018-10-11,50.93,51.18,50.15,50.19,32.1067,6919141
2018-10-12,50.9,50.99,49.755,49.915,31.9308,3960271
2018-10-15,49.805,50.03,49.325,49.5,31.6653,3597261
2018-10-16,49.64,49.835,49.18,49.72,31.806,4059102
2018-10-17,49.86,50.14,49.355,49.6,31.7293,3722126
2018-10-18,49.375,50.08,49.075,49.225,31.4894,4626619
2018-10-19,49.04,49.215,47.9,48.725,31.1695,5717691
2018-10-22,49.215,49.685,48.075,48.305,30.9008,4119480
2018-10-23,47.66,48.175,47.345,47.56,30.4243,5277244
2018-10-24,47.56,47.565,46.295,46.46,29.7206,5811160
2018-10-25,46.365,47.55,46.28,47.155,30.1652,5330443
2018-10-26,46.815,47.145,46.27,46.88,29.9893,5378223
2018-10-29,47.1,47.8,47.0,47.475,30.3699,3302491
2018-10-30,46.7,46.705,45.3,46.145,29.5191,7633887
2018-10-31,46.1,46.9,45.94,46.13,29.5095,7321176
2018-11-01,45.6,46.695,45.6,46.255,29.5894,5037962
2018-11-02,46.91,47.395,46.525,46.605,29.8133,4950331
2018-11-05,46.615,46.88,46.335,46.47,29.727,2665589
2018-11-06,46.48,46.655,46.075,46.43,29.7014,2952380
2018-11-07,46.565,47.01,46.565,46.745,29.9029,3875048
2018-11-08,46.8,47.18,46.36,46.8,29.9381,4011145
2018-11-09,46.33,46.64,45.685,46.365,29.6598,3442445
2018-11-12,46.6,46.6,45.52,45.595,29.1672,3833196
2018-11-13,45.795,46.355,45.575,46.225,29.5703,3850120
2018-11-14,46.035,46.555,45.46,46.045,29.4551,3969640
2018-11-15,46.275,46.41,45.13,45.495,29.1033,4729385
2018-11-16,45.705,46.085,44.875,45.195,28.9114,5208591
2018-11-19,45.355,45.78,45.235,45.285,28.9689,3244791
2018-11-20,45.16,45.245,44.285,44.305,28.342,4197264
2018-11-21,44.655,45.025,44.39,44.79,28.6523,3603115
2018-11-22,44.56,44.605,43.725,44.285,28.3292,3524320
2018-11-23,44.505,44.85,44.11,44.36,28.3772,2517027
2018-11-26,44.86,45.745,44.855,45.34,29.0041,5098594
2018-11-27,45.35,45.56,44.725,45.085,28.841,3667016
2018-11-28,45.2,45.355,44.59,44.755,28.6299,3626844
2018-11-29,45.155,45.295,44.605,44.775,28.6427,3518226
2018-11-30,44.915,44.915,44.02,44.375,28.3868,3435139
2018-12-03,45.265,45.34,44.62,44.845,28.6875,3980529
2018-12-04,44.47,44.76,43.86,43.86,28.0574,3685207
2018-12-05,43.52,43.855,42.715,43.42,27.7759,3785875
2018-12-06,42.91,43.0,41.6,41.785,26.73,5681412
2018-12-07,42.02,42.9,41.595,41.595,26.6084,4154885
2018-12-10,41.415,41.765,40.385,40.4,25.844,5652008
2018-12-11,40.615,41.265,40.295,40.68,26.0231,4980366
2018-12-12,40.86,42.16,40.74,41.905,26.8067,7031008
2018-12-13,42.5,42.91,42.04,42.19,26.9891,6246238
2018-12-14,42.02,42.045,40.945,41.595,26.6084,4274207
2018-12-17,41.47,41.51,40.485,40.58,25.9591,4369900
2018-12-18,40.5,41.215,40.335,40.555,25.9431,5427091
2018-12-19,40.97,41.18,40.765,40.88,26.151,4508538
2018-12-20,40.015,40.3,39.4,39.4,25.2043,7228081
2018-12-21,39.43,39.58,38.715,39.5,25.2683,10927530
2018-12-24,39.175,39.215,38.71,38.79,24.8141,1161447
2018-12-27,39.66,39.8,38.18,38.545,24.6573,4383597
2018-12-28,38.76,39.575,38.665,39.375,25.1883,3343656
2018-12-31,39.51,39.85,39.2,39.475,25.2523,1055466
2019-01-02,38.73,39.105,38.135,39.085,25.0028,4275030
2019-01-03,38.78,39.565,38.6,38.855,24.8556,4011198
2019-01-04,39.4,40.83,39.175,40.74,26.0615,5325079
2019-01-07,41.12,41.12,40.265,40.68,26.0231,4195675
2019-01-08,40.705,41.35,40.47,40.885,26.1542,4372775
2019-01-09,41.165,41.365,40.605,40.775,26.0839,3619123
2019-01-10,40.4,41.35,40.355,41.215,26.3653,3393318
2019-01-11,41.13,41.505,40.855,41.37,26.4645,4219405
2019-01-14,41.16,41.915,41.1,41.62,26.6244,4549021
2019-01-15,42.13,42.385,41.245,41.695,26.6724,4260039
2019-01-16,42.0,43.08,41.9,43.08,27.5584,5752135
2019-01-17,41.76,42.37,41.41,41.42,26.4965,6948081
2019-01-18,41.89,42.51,41.795,42.47,27.1682,6133060
2019-01-21,42.44,42.5,42.09,42.3,27.0594,2545457
2019-01-22,41.875,41.875,41.0,41.515,26.5573,5480516
2019-01-23,41.25,42.085,41.25,41.575,26.5956,3582775
2019-01-24,41.61,42.23,41.165,41.38,26.4709,4585018
2019-01-25,42.24,43.2,41.875,42.99,27.5008,6014996
2019-01-28,42.99,42.99,42.235,42.455,27.1586,3724488
2019-01-29,42.31,42.63,42.045,42.38,27.1106,3030043
2019-01-30,42.355,42.53,42.0,42.32,27.0722,3403567
2019-01-31,42.305,42.74,40.82,40.965,26.2054,6691369
2019-02-01,41.005,41.165,40.155,40.885,26.1542,5016903
2019-02-04,40.885,41.085,39.725,40.11,25.6585,4894321
2019-02-05,40.04,41.205,39.925,41.135,26.3142,5241665
2019-02-06,39.725,41.99,39.68,41.865,26.7812,6311587
2019-02-07,41.805,43.44,40.7,40.79,26.0935,7174371
2019-02-08,40.54,40.855,39.605,39.85,25.4922,5490179
2019-02-11,40.25,40.725,39.955,40.505,25.9112,3427547
2019-02-12,41.025,41.385,40.555,40.995,26.2246,3865468
2019-02-13,41.235,41.865,40.99,41.39,26.4773,6511949
2019-02-14,41.7,41.72,40.35,40.415,25.8536,4959220
2019-02-15,40.34,42.34,40.175,42.11,26.9379,6601640
2019-02-18,42.14,42.63,42.03,42.425,27.1394,3189041
2019-02-19,42.2,42.5,41.595,42.24,27.021,4127008
2019-02-20,42.42,42.68,41.82,42.565,27.2289,3440229
2019-02-21,42.49,42.54,41.375,41.595,26.6084,5788642
2019-02-22,41.44,42.3,41.425,41.925,26.8195,3362525
2019-02-25,42.385,43.065,42.285,42.86,27.4177,4052117
2019-02-26,42.78,43.31,42.28,43.155,27.6064,3947542
2019-02-27,43.09,44.54,43.01,44.2,28.2749,6044690
2019-02-28,44.13,45.465,43.685,45.055,28.8218,6138130
2019-03-01,45.4,45.535,44.895,44.895,28.7195,4772152
2019-03-04,45.3,45.485,44.785,44.94,28.7482,3166569
2019-03-05,44.955,45.31,44.165,44.515,28.4764,4567642
2019-03-06,44.425,45.045,43.885,44.69,28.5883,4197575
2019-03-07,44.505,44.86,42.75,43.18,27.6224,6908751
2019-03-08,42.81,43.0,41.97,42.345,27.0882,6079628
2019-03-11,42.51,43.35,42.51,43.33,27.7183,4426716
2019-03-12,43.74,43.9,42.88,43.045,27.536,4613595
2019-03-13,43.1,43.765,42.89,43.555,27.8623,3391159
2019-03-14,43.55,44.265,43.5,43.84,28.0446,4424543
2019-03-15,44.0,44.295,43.715,44.285,28.3292,13182680
2019-03-18,44.585,45.48,44.0,45.1,28.8506,4447520
2019-03-19,45.15,45.525,44.64,45.11,28.857,4209756
2019-03-20,45.2,45.235,44.19,44.19,28.2685,4743619
2019-03-21,43.865,43.985,42.9,43.04,27.5328,5930463
2019-03-22,43.455,43.455,41.365,41.625,26.6276,7642535
2019-03-25,41.475,41.965,41.06,41.525,26.5637,3648529
2019-03-26,41.66,41.79,41.085,41.425,26.4997,3734534
2019-03-27,41.655,43.06,41.275,42.325,27.0754,6223200
2019-03-28,42.13,42.35,41.665,41.985,26.8579,4395584
2019-03-29,42.585,42.84,42.235,42.61,27.2577,4389447
2019-04-01,43.14,43.835,42.775,43.48,27.8143,4797946
2019-04-02,43.655,44.315,43.44,43.905,28.0861,3550029
2019-04-03,44.345,44.85,44.24,44.515,28.4764,3968292
2019-04-04,44.5,45.04,44.035,44.875,28.7067,3574062
2019-04-05,44.955,45.13,44.385,44.505,28.47,4120347
2019-04-08,44.64,44.845,44.375,44.45,28.4348,3121894
2019-04-09,44.32,45.25,44.295,44.58,28.5179,4612086
2019-04-10,44.8,44.89,43.975,44.2,28.2749,3923649
2019-04-11,44.44,45.14,43.93,44.805,28.6619,4518538
2019-04-12,44.86,47.11,44.365,46.315,29.6278,7568906
2019-04-15,47.29,47.64,46.74,46.85,29.9701,5243601
2019-04-16,46.875,47.88,46.8,47.66,30.4882,6014531
2019-04-17,47.98,48.865,47.805,48.44,30.9872,6891163
2019-04-18,48.54,49.085,47.855,48.985,31.3358,6633598
2019-04-23,48.885,48.96,47.83,48.11,30.7761,5489928
2019-04-24,47.91,48.12,46.625,47.15,30.162,6260614
2019-04-25,47.285,47.48,46.165,46.765,29.9157,4859454
2019-04-26,46.61,47.205,46.315,46.9,30.0021,4207055
2019-04-29,47.37,47.9,47.11,47.665,30.4914,4311659
2019-04-30,47.585,47.75,47.16,47.45,30.3539,4476162
2019-05-02,48.16,49.315,47.74,48.0,30.7057,5626874
2019-05-03,48.3,48.835,47.975,48.255,30.8689,3504809
2019-05-06,47.11,48.025,47.05,47.885,30.6322,4070456
2019-05-07,48.195,48.2,46.52,46.875,29.9861,5132652
2019-05-08,46.595,47.06,46.205,46.82,29.9509,3321406
2019-05-09,46.27,46.41,45.375,45.42,29.0553,4955409
2019-05-10,45.845,46.135,45.005,45.49,29.1001,3976555
2019-05-13,45.345,45.38,44.585,44.78,28.6459,3760748
2019-05-14,45.14,45.48,44.85,45.48,29.0937,3353309
2019-05-15,45.365,45.425,44.535,45.255,28.9497,3981261
2019-05-16,45.1,45.95,44.77,45.95,29.3943,3946104
2019-05-17,45.32,45.78,44.895,45.375,29.0265,5488732
2019-05-20,45.25,45.55,44.43,44.625,28.5467,4178524
2019-05-21,45.01,45.385,44.655,44.995,28.7834,4132945
2019-05-22,45.005,45.11,44.265,44.51,28.4732,4312371
2019-05-23,44.2,44.335,43.535,43.65,27.923,5412749
2019-05-24,43.87,44.235,43.635,43.905,28.0861,4328427
2019-05-27,44.435,44.6,43.97,44.2,28.2749,2497380
2019-05-28,44.385,44.425,43.5,44.285,28.3292,5841362
2019-05-29,40.99,41.325,40.445,41.325,28.3704,7450354
2019-05-30,41.93,41.98,41.315,41.35,28.3876,3018877
2019-05-31,40.895,41.0,40.45,40.875,28.0615,5158866
2019-06-03,40.6,41.025,40.415,40.815,28.0203,4228688
2019-06-04,40.655,42.125,40.65,41.995,28.8304,5615538
2019-06-05,42.0,42.08,41.355,41.73,28.6485,4488129
2019-06-06,41.62,42.23,40.435,41.005,28.1507,6411744
2019-06-07,40.98,41.25,40.515,40.815,28.0203,4324562
2019-06-10,41.06,41.77,40.96,41.48,28.4768,2632832
2019-06-11,41.235,41.985,41.2,41.555,28.5283,3331645
2019-06-12,41.215,41.38,40.795,41.14,28.2434,3874173
2019-06-13,41.105,41.475,40.79,41.1,28.216,3047184
2019-06-14,41.055,41.075,40.57,40.86,28.0512,3301270
2019-06-17,41.03,41.26,40.755,40.755,27.9791,2464571
2019-06-18,40.605,41.74,40.105,41.495,28.4871,6116652
2019-06-19,41.5,42.34,41.435,42.225,28.9883,4941433
2019-06-20,42.185,42.58,41.33,41.42,28.4356,5026599
2019-06-21,41.575,42.095,40.89,41.05,28.1816,11582140
2019-06-24,41.0,41.28,40.58,40.76,27.9825,3396974
2019-06-25,40.3,40.57,39.92,40.46,27.7766,3073195
2019-06-26,40.575,41.42,40.375,41.165,28.2606,4226710
2019-06-27,41.51,42.025,41.43,41.445,28.4528,3837909
2019-06-28,41.525,41.885,41.39,41.765,28.6725,3743258
2019-07-01,42.395,42.73,41.96,42.085,28.8922,3577651
2019-07-02,42.325,42.34,41.5,41.865,28.7411,2896316
2019-07-03,41.8,42.705,41.535,42.57,29.2251,3392086
2019-07-04,42.395,43.295,42.36,43.045,29.5512,4421553
2019-07-05,43.34,43.86,42.88,43.405,29.7984,4689974
2019-07-08,43.485,43.96,42.435,42.97,29.4998,3939380
2019-07-09,42.805,42.855,42.05,42.575,29.2286,3372644
2019-07-10,42.85,43.385,42.62,42.695,29.311,3198971
2019-07-11,42.815,42.815,42.16,42.57,29.2251,3253301
2019-07-12,42.74,43.21,42.505,42.53,29.1977,3180625
2019-07-15,42.655,43.035,42.38,42.84,29.4105,3044777
2019-07-16,42.695,43.49,42.665,43.205,29.6611,3437757
2019-07-17,43.025,43.105,42.355,42.52,29.1908,3822487
2019-07-18,42.345,42.73,41.92,42.37,29.0878,3300089
2019-07-19,42.53,42.78,41.785,41.995,28.8304,4264946
2019-07-22,41.85,42.29,41.735,41.995,28.8304,2467456
2019-07-23,42.29,43.23,42.2,42.925,29.4689,4655604
2019-07-24,43.035,43.16,42.5,42.93,29.4723,3236532
2019-07-25,43.17,44.6,42.485,42.99,29.5135,6937725
2019-07-26,43.0,43.275,42.65,42.935,29.4757,3031918
2019-07-29,42.82,42.995,42.495,42.655,29.2835,2325130
2019-07-30,42.4,42.425,41.21,41.52,28.5043,5814489
2019-07-31,42.895,43.19,42.18,42.18,28.9574,6971094
2019-08-01,42.205,43.335,42.2,42.845,29.4139,5001753
2019-08-02,41.62,41.76,40.775,41.15,28.2503,7322716
2019-08-05,40.5,40.93,40.205,40.415,27.7457,5035113
2019-08-06,40.5,40.93,40.15,40.27,27.6461,3965535
2019-08-07,40.38,40.53,39.51,39.955,27.4299,5194184
2019-08-08,40.605,41.065,39.97,40.745,27.9722,4488858
2019-08-09,40.25,40.63,39.91,40.205,27.6015,4683483
2019-08-12,40.475,40.685,39.55,39.665,27.2308,3702719
2019-08-13,39.51,40.825,39.33,40.37,27.7148,5868317
2019-08-14,40.02,40.1,39.065,39.32,26.994,6213252
2019-08-15,39.69,40.07,38.88,39.6,27.1862,6567800
2019-08-16,39.63,40.7,39.02,40.61,27.8796,11162510
2019-08-19,40.97,41.38,40.755,40.795,28.0066,4790490
2019-08-20,40.575,40.825,40.2,40.53,27.8246,3143537
2019-08-21,40.53,41.18,40.53,40.605,27.8761,3217232
2019-08-22,40.585,41.335,40.455,40.94,28.1061,4737444
2019-08-23,41.2,41.31,40.065,40.065,27.5054,4349421
2019-08-26,40.17,40.825,40.11,40.55,27.8384,3182399
2019-08-27,40.475,40.795,40.125,40.325,27.6839,3523908
2019-08-28,40.25,40.435,39.975,40.2,27.5981,2631387
2019-08-29,40.05,41.18,39.97,40.825,28.0272,3868947
2019-08-30,41.015,41.44,40.79,41.035,28.1713,3462891
2019-09-02,40.915,41.48,40.85,41.045,28.1782,1754434
2019-09-03,41.0,41.23,40.505,40.845,28.0409,2764850
2019-09-04,41.345,41.54,41.07,41.255,28.3224,3034914
2019-09-05,41.43,42.7,41.27,42.46,29.1496,5527222
2019-09-06,42.6,42.81,42.215,42.45,29.1428,3808500
2019-09-09,42.565,43.745,42.565,43.71,30.0078,4594619
2019-09-10,43.4,44.77,43.295,44.55,30.5845,6611286
2019-09-11,44.91,45.345,44.125,44.3,30.4128,5662797
2019-09-12,44.22,45.25,42.98,44.235,30.3682,6068374
2019-09-13,44.725,45.595,44.56,45.355,31.1371,5860313
2019-09-16,44.985,45.165,44.415,44.59,30.6119,4044256
2019-09-17,44.25,44.505,43.625,43.875,30.1211,3859422
2019-09-18,43.865,44.15,43.6,43.805,30.073,2945941
2019-09-19,44.24,44.755,43.935,44.75,30.7218,4468022
2019-09-20,44.62,45.325,44.525,45.295,31.0959,9208874
2019-09-23,45.035,45.16,43.66,44.01,30.2137,4312905
2019-09-24,44.18,44.53,43.515,43.735,30.0249,2733297
2019-09-25,43.415,43.64,42.46,43.51,29.8705,4003795
2019-09-26,43.225,43.875,43.11,43.845,30.1005,3078495
2019-09-27,43.905,44.44,43.705,44.19,30.3373,3159342
2019-09-30,44.2,44.89,44.17,44.67,30.6668,4395120
2019-10-01,44.9,45.07,43.965,44.04,30.2343,3785352
2019-10-02,43.865,44.02,42.5,42.5,29.1771,4696838
2019-10-03,42.555,42.755,41.625,42.115,28.9128,4142726
2019-10-04,42.08,42.285,41.6,42.285,29.0295,3336824
2019-10-07,42.09,42.75,41.76,42.615,29.256,2967087
2019-10-08,42.67,42.8,41.585,42.325,29.0569,3386045
2019-10-09,42.28,42.82,42.125,42.49,29.1702,3136562
2019-10-10,42.5,43.88,42.5,43.69,29.994,4577627
2019-10-11,44.05,45.75,43.955,45.75,31.4083,6085966
2019-10-14,45.235,45.615,44.905,45.39,31.1611,3088598
2019-10-15,45.8,47.04,45.27,47.04,32.2939,6398827
2019-10-16,47.0,47.8,46.545,47.25,32.4381,5422214
2019-10-17,46.92,48.065,46.725,46.98,32.2527,5597116
2019-10-18,46.8,47.385,46.655,46.99,32.2596,3820387
2019-10-21,47.205,48.29,47.045,47.81,32.8225,4443601
2019-10-22,47.95,48.135,47.4,47.82,32.8294,3140470
2019-10-23,47.39,48.085,47.2,47.955,32.9221,3137790
2019-10-24,48.115,48.44,47.6,47.825,32.8328,3648215
2019-10-25,47.875,47.96,46.965,47.69,32.7401,2926910
2019-10-28,47.8,48.1,47.605,48.03,32.9735,3076269
2019-10-29,47.935,48.13,47.56,48.0,32.9529,3115183
2019-10-30,47.815,48.0,46.44,46.93,32.2184,4571784
2019-10-31,47.35,47.35,46.145,46.81,32.136,4663137
2019-11-01,47.0,47.45,46.595,47.17,32.3831,2703128
2019-11-04,47.715,48.74,47.695,48.45,33.2619,4439139
2019-11-05,48.85,49.2,48.625,49.1,33.7081,4266511
2019-11-06,49.745,50.72,49.63,49.87,34.2367,6269566
2019-11-07,50.2,51.34,49.965,51.34,35.2459,5337906
2019-11-08,51.05,51.33,50.51,50.71,34.8134,4274211
2019-11-11,50.44,50.72,50.15,50.52,34.683,3619626
2019-11-12,50.71,50.95,50.39,50.87,34.9233,3043497
2019-11-13,50.17,50.46,49.85,50.15,34.429,4460860
2019-11-14,50.14,50.44,49.79,50.34,34.5594,3555313
2019-11-15,50.72,50.85,50.09,50.63,34.7585,3512580
2019-11-18,50.7,51.07,49.93,50.59,34.731,3075990
2019-11-19,50.67,51.34,50.6,50.75,34.8409,4169351
2019-11-20,50.3,51.1,49.95,51.1,35.0812,4252294
2019-11-21,50.77,51.67,50.57,51.5,35.3558,4602055
2019-11-22,51.65,52.24,51.4,51.55,35.3901,3545780
2019-11-25,51.8,52.06,51.38,51.47,35.3352,2484885
2019-11-26,51.47,51.59,50.93,51.03,35.0331,3650049
2019-11-27,51.23,51.48,50.96,51.36,35.2597,3352844
2019-11-28,51.27,51.28,50.97,51.04,35.04,2080929
2019-11-29,50.9,51.26,50.79,50.97,34.9919,2845466
2019-12-02,51.18,51.72,50.22,50.35,34.5663,4110104
2019-12-03,50.55,50.84,49.235,49.5,33.9827,5119837
2019-12-04,49.45,50.52,49.4,50.29,34.5251,3298077
2019-12-05,50.32,51.0,50.23,50.26,34.5045,2271755
2019-12-06,50.45,51.08,50.19,50.94,34.9713,2711269
2019-12-09,50.9,51.17,50.74,50.77,34.8546,1993418
2019-12-10,50.61,50.61,49.765,50.27,34.5113,3136032
2019-12-11,50.09,50.67,50.06,50.4,34.6006,2340610
2019-12-12,50.45,51.94,50.33,51.65,35.4587,4256173
2019-12-13,53.19,53.45,52.05,52.05,35.7334,5879618
2019-12-16,52.42,53.26,52.37,53.2,36.5228,3792646
2019-12-17,53.0,53.17,52.55,53.08,36.4405,3446801
2019-12-18,52.9,53.37,52.83,53.27,36.5709,3057803
2019-12-19,53.4,53.65,53.12,53.51,36.7357,2821488
2019-12-20,53.4,53.81,53.36,53.56,36.77,8333270
2019-12-23,53.27,53.27,52.88,53.11,36.4611,1851055
2019-12-24,52.85,53.17,52.85,52.98,36.3718,388283
2019-12-27,52.99,53.36,52.89,52.97,36.3649,2271522
2019-12-30,52.85,53.19,52.73,52.73,36.2002,1669313
2019-12-31,52.5,52.83,52.5,52.83,36.2688,575796
2020-01-02,53.2,54.0,53.18,53.58,36.7837,2783637
2020-01-03,53.07,53.17,52.59,52.94,36.3444,2535225
2020-01-06,52.04,52.7,51.64,52.68,36.1659,2494787
2020-01-07,52.93,53.14,52.46,52.66,36.1521,2022813
2020-01-08,52.27,53.02,52.01,52.78,36.2345,2893097
2020-01-09,53.29,53.39,52.22,52.4,35.9736,3207565
2020-01-10,52.47,52.61,52.01,52.16,35.8089,2495036
2020-01-13,52.12,52.31,51.6,51.93,35.651,2858479
2020-01-14,52.09,52.3,51.26,52.17,35.8157,3294787
2020-01-15,52.11,52.28,50.81,50.96,34.985,3230881
2020-01-16,51.0,51.34,50.22,50.59,34.731,3309337
2020-01-17,50.92,51.06,50.43,50.75,34.8409,2954093
2020-01-20,50.69,50.78,50.38,50.49,34.6624,1776051
2020-01-21,50.19,50.63,49.87,50.21,34.4702,2847578
2020-01-22,50.25,50.58,49.9,50.08,34.3809,2939696
2020-01-23,50.23,50.48,49.565,49.955,34.2951,4186551
2020-01-24,50.67,50.75,49.85,49.91,34.2642,3186013
2020-01-27,49.51,49.78,48.695,48.87,33.5502,4716090
2020-01-28,49.11,49.705,48.545,49.42,33.9278,3074687
2020-01-29,49.685,49.9,49.285,49.505,33.9862,2413393
2020-01-30,48.8,49.195,48.455,48.89,33.5639,3404856
2020-01-31,49.3,49.3,47.97,48.045,32.9838,4461448
2020-02-03,48.11,48.735,47.91,48.34,33.1864,3293745
2020-02-04,48.715,49.29,48.58,49.29,33.8386,3725725
2020-02-05,49.35,50.2,48.815,49.61,34.0582,3809870
2020-02-06,50.16,50.69,50.08,50.41,34.6075,3883717
2020-02-07,50.45,51.83,50.26,51.83,35.5823,4629252
2020-02-10,51.59,51.82,51.41,51.64,35.4519,3595939
2020-02-11,52.18,52.78,51.9,52.73,36.2002,3683036
2020-02-12,52.78,53.69,52.74,53.58,36.7837,4311939
2020-02-13,53.32,53.58,52.79,53.57,36.7769,3528208
2020-02-14,53.57,53.99,53.44,53.68,36.8524,2896124
2020-02-17,53.79,54.22,53.69,54.18,37.1956,2154079
2020-02-18,53.82,54.03,53.62,53.67,36.8455,3238319
2020-02-19,53.93,54.08,53.56,53.75,36.9004,2736048
2020-02-20,53.61,53.88,53.09,53.26,36.564,3453029
2020-02-21,53.0,53.44,52.72,53.22,36.5366,4704745
2020-02-24,51.65,52.02,50.96,51.2,35.1498,8375558
2020-02-25,51.49,51.5,48.7,48.7,33.4335,9064145
2020-02-26,48.2,48.49,47.105,48.215,33.1005,9987467
2020-02-27,47.255,47.255,44.925,45.385,31.1577,12715470
2020-02-28,43.65,44.24,42.55,43.785,30.0593,11414180
2020-03-02,44.65,44.655,41.86,43.455,29.8327,9760643
2020-03-03,44.895,44.895,42.375,42.81,29.3899,10183470
2020-03-04,42.9,43.07,42.0,42.25,29.0055,8378905
2020-03-05,42.58,42.76,40.06,40.515,27.8143,9912621
2020-03-06,39.505,39.925,37.885,38.515,26.4413,10830090
2020-03-09,34.25,35.73,33.785,33.785,23.1941,15285280
2020-03-10,34.525,37.285,33.735,34.63,23.7742,15219860
2020-03-11,35.3,36.92,34.865,35.66,24.4813,9873471
2020-03-12,33.115,34.205,30.475,31.0,21.2821,19034340
2020-03-13,32.36,34.985,31.075,31.73,21.7833,11707060
2020-03-16,29.56,30.445,26.475,27.44,18.8381,12726480
2020-03-17,28.785,29.42,26.07,29.2,20.0464,9688197
2020-03-18,28.27,28.745,26.31,26.4,18.1241,9362461
2020-03-19,27.56,28.015,25.1,27.185,18.663,8956394
2020-03-20,28.0,28.895,27.185,27.44,18.8381,12822480
2020-03-23,25.9,26.9,25.15,25.425,17.4548,10576950
2020-03-24,27.5,27.78,26.135,27.78,19.0715,10496520
2020-03-25,28.9,30.155,28.0,30.0,20.5956,10369500
2020-03-26,29.205,31.07,28.805,30.98,21.2684,7408851
2020-03-27,30.18,30.74,28.93,29.875,20.5098,6383577
2020-03-30,29.39,29.495,27.03,28.25,19.3942,6719180
2020-03-31,28.5,28.84,26.955,27.51,18.8862,8373353
2020-04-01,26.7,26.9,25.82,25.87,17.7603,8110217
2020-04-02,26.05,26.675,25.2,26.045,17.8804,5921150
2020-04-03,25.595,25.7,24.505,24.735,16.9811,6957628
2020-04-06,25.8,25.825,25.015,25.645,17.6058,8638999
2020-04-07,26.41,27.695,25.94,26.75,18.3644,12757410
2020-04-08,26.1,26.955,25.64,26.955,18.5051,5222838
2020-04-09,27.59,28.795,27.535,28.405,19.5006,9750490
2020-04-14,28.885,28.885,27.58,27.81,19.0921,5415721
2020-04-15,27.6,27.635,25.82,25.82,17.7259,6459828
2020-04-16,26.0,26.41,24.815,24.9,17.0943,7852591
2020-04-17,25.6,26.595,25.25,25.47,17.4857,9194930
2020-04-20,25.8,25.84,24.87,25.695,17.6401,4940639
2020-04-21,24.9,25.34,24.67,24.67,16.9364,6244704
2020-04-22,25.015,25.665,24.785,25.535,17.5303,4322856
2020-04-23,26.055,27.935,25.965,27.13,18.6253,8228825
2020-04-24,26.405,26.825,26.1,26.3,18.0555,5119969
2020-04-27,27.8,27.845,27.22,27.79,19.0784,4930291
2020-04-28,28.0,30.38,27.855,29.6,20.321,8449905
2020-04-29,29.465,31.095,29.275,30.7,21.0762,7277456
2020-04-30,30.69,30.855,28.2,28.675,19.686,9216621
2020-05-04,27.005,27.975,26.76,27.11,18.6115,7545564
2020-05-05,28.5,28.95,27.295,28.21,19.3667,6416452
2020-05-06,28.2,28.34,27.48,28.0,19.2226,4673027
2020-05-07,28.2,28.675,27.915,28.495,19.5624,4240859
2020-05-08,28.84,28.965,28.31,28.815,19.7821,3107443
2020-05-11,29.4,29.4,27.85,28.1,19.2912,4070204
2020-05-12,28.05,28.515,27.755,27.82,19.099,3992813
2020-05-13,27.32,27.41,26.5,26.5,18.1928,5924054
2020-05-14,26.28,26.405,24.935,26.23,18.0074,6821270
2020-05-15,26.615,27.17,25.905,26.54,18.2202,5429807
2020-05-18,27.4,28.78,27.205,28.615,19.6448,5404582
2020-05-19,29.335,29.495,27.75,28.35,19.4628,7790931
2020-05-20,28.025,28.935,27.16,28.82,19.7855,5230325
2020-05-21,28.355,28.765,27.99,28.285,19.4182,3916377
2020-05-22,27.81,29.22,27.495,28.375,19.48,5170362
2020-05-25,28.94,28.98,28.37,28.905,19.8439,2976462
2020-05-26,29.25,31.49,29.215,31.0,21.2821,9030109
2020-05-27,31.63,34.39,31.56,33.735,23.1597,13521760
2020-05-28,34.0,34.425,32.765,33.695,23.1323,7563506
2020-05-29,33.1,33.645,32.18,32.255,22.1437,7522308
2020-06-01,33.39,33.53,32.675,33.485,22.9881,3908571
2020-06-02,33.895,35.08,33.425,34.48,23.6712,7772221
2020-06-03,35.27,36.42,34.92,36.15,24.8177,8550835
2020-06-04,35.675,36.825,34.935,36.02,24.7284,7762229
2020-06-05,37.2,39.115,37.02,39.115,26.8532,11020790
2020-06-08,38.735,40.67,38.445,39.45,27.0832,8809774
2020-06-09,38.665,39.23,36.8,38.16,26.1976,7719288
2020-06-10,38.66,39.35,37.205,37.35,25.6415,6480806
2020-06-11,35.86,36.325,34.6,34.75,23.8566,8593919
2020-06-12,34.165,36.195,33.845,34.97,24.0076,8776701
2020-06-15,33.225,34.69,32.995,34.295,23.5442,6479389
2020-06-16,35.9,37.14,35.35,36.01,24.7216,7327702
2020-06-17,35.825,36.81,35.51,35.955,24.6838,5658405
2020-06-18,35.655,36.875,35.115,35.815,24.5877,5732739
2020-06-19,36.38,36.4,35.045,35.3,24.2341,12752340
2020-06-22,34.815,35.41,34.325,35.1,24.0968,3900106
2020-06-23,35.53,36.965,35.215,36.31,24.9275,5014774
2020-06-24,36.05,36.435,34.51,34.51,23.6918,4663959
2020-06-25,34.2,35.24,33.75,35.175,24.1483,5312112
2020-06-26,35.72,35.82,34.47,34.485,23.6746,3979547
2020-06-29,34.37,35.7,34.105,35.35,24.2685,4506897
2020-06-30,35.45,35.67,34.63,35.37,24.2822,4882651
2020-07-01,35.47,35.66,34.405,34.72,23.836,4959740
2020-07-02,35.295,37.19,35.045,36.605,25.1301,7004183
2020-07-03,36.605,36.84,35.85,36.28,24.9069,3411030
2020-07-06,37.51,38.565,37.18,37.385,25.6655,5201162
2020-07-07,37.01,37.495,36.565,37.24,25.566,3632997
2020-07-08,36.77,36.885,36.185,36.35,24.955,4555513
2020-07-09,36.69,36.765,35.505,35.51,24.3783,3908527
2020-07-10,35.245,36.785,35.12,36.68,25.1815,4223656
2020-07-13,37.49,37.795,36.515,37.735,25.9058,5212840
2020-07-14,37.415,38.08,36.895,37.505,25.7479,4572378
2020-07-15,38.05,39.03,37.21,38.53,26.4516,5719396
2020-07-16,38.245,38.87,38.05,38.56,26.4722,3779803
2020-07-17,38.455,38.55,37.41,37.975,26.0706,5571889
2020-07-20,37.765,38.205,37.275,38.01,26.0946,2912476
2020-07-21,38.62,39.61,38.335,38.54,26.4585,5245808
2020-07-22,38.47,38.79,37.735,37.8,25.9504,3444107
2020-07-23,38.085,38.1,37.315,37.565,25.7891,3238763
2020-07-24,37.1,37.495,36.95,37.14,25.4973,3543160
2020-07-27,36.905,37.14,36.145,36.315,24.931,3659072
2020-07-28,36.27,36.82,35.94,36.17,24.8314,3808597
2020-07-29,36.38,36.515,35.505,35.8,24.5774,3554642
2020-07-30,35.67,35.67,33.79,34.38,23.6025,6533565
2020-07-31,36.06,36.55,34.105,34.115,23.4206,6780122
2020-08-03,34.185,35.655,33.99,35.46,24.344,4340054
2020-08-04,35.955,36.56,35.635,36.185,24.8417,4155675
2020-08-05,36.395,36.545,35.85,35.945,24.677,2871445
2020-08-06,35.825,36.43,35.425,35.835,24.6014,3138798
2020-08-07,35.695,35.87,35.035,35.48,24.3577,2604704
2020-08-10,35.975,36.33,35.485,35.815,24.5877,2896664
2020-08-11,36.105,37.605,36.025,37.49,25.7376,5038193
2020-08-12,37.375,38.69,36.88,37.825,25.9676,5222641
2020-08-13,37.355,37.895,36.96,36.99,25.3944,3096277
2020-08-14,36.86,36.945,35.67,36.66,25.1678,3610360
2020-08-17,36.635,37.045,36.23,36.295,24.9172,2314950
2020-08-18,35.95,36.565,35.685,35.89,24.6392,2886912
2020-08-19,35.675,36.835,35.62,36.835,25.288,2585321
2020-08-20,36.07,36.21,35.625,35.955,24.6838,2804170
2020-08-21,36.235,36.25,34.92,35.36,24.2753,3872526
2020-08-24,35.725,36.325,35.615,36.285,24.9104,2801975
2020-08-25,36.63,37.225,36.355,36.36,24.9619,3337718
2020-08-26,36.205,37.0,36.1,36.9,25.3326,2236630
2020-08-27,36.835,36.895,36.155,36.49,25.0511,3129399
2020-08-28,36.9,38.015,36.515,37.805,25.9539,5621171
2020-08-31,37.925,38.51,36.525,36.565,25.1026,4202205
2020-09-01,37.0,37.355,35.52,36.085,24.7731,4783355
2020-09-02,36.3,36.645,35.775,35.88,24.6323,3876857
2020-09-03,36.49,37.48,35.835,36.15,24.8177,4491580
2020-09-04,36.2,37.89,36.0,37.225,25.5557,6706818
2020-09-07,37.675,38.095,37.315,37.4,25.6758,3050225
2020-09-08,37.465,37.935,36.3,36.425,25.0065,4068642
2020-09-09,36.38,36.945,36.05,36.79,25.2571,3647639
2020-09-10,36.85,37.715,36.405,37.005,25.4047,4257996
2020-09-11,36.93,37.04,36.01,36.11,24.7902,4532226
2020-09-14,36.545,36.65,35.965,36.57,25.106,2784955
2020-09-15,36.535,36.625,35.745,35.835,24.6014,4303472
2020-09-16,35.835,35.975,34.61,35.71,24.5156,4581410
2020-09-17,35.11,35.595,34.895,35.425,24.32,3376597
2020-09-18,35.305,35.46,34.44,34.595,23.7501,10536120
2020-09-21,34.195,34.2,32.2,32.39,22.2364,7493481
2020-09-22,32.81,33.0,32.11,32.22,22.1197,4131860
2020-09-23,32.595,32.755,31.4,31.455,21.5945,5279813
2020-09-24,30.805,31.67,30.51,31.16,21.392,5292452
2020-09-25,31.38,31.5,30.07,30.25,20.7672,5076141
2020-09-28,31.03,31.825,30.86,31.82,21.8451,4492970
2020-09-29,31.3,31.52,30.875,30.995,21.2787,3169235
2020-09-30,30.54,31.505,30.39,30.975,21.2649,4422170
2020-10-01,31.525,31.585,30.545,30.655,21.0453,3887376
2020-10-02,30.2,30.635,29.965,30.49,20.932,3802029
2020-10-05,31.115,31.52,30.855,31.455,21.5945,4120950
2020-10-06,31.485,33.4,31.28,33.035,22.6792,6290067
2020-10-07,32.845,33.3,32.685,33.105,22.7272,4933207
2020-10-08,33.34,34.14,33.24,33.72,23.1494,4040001
2020-10-09,33.7,34.025,33.3,33.42,22.9435,3182920
2020-10-12,33.435,33.935,33.195,33.54,23.0259,3125922
2020-10-13,33.49,33.49,32.015,32.175,22.0888,4281376
2020-10-14,32.18,33.035,31.945,32.55,22.3462,3327464
2020-10-15,32.025,32.4,31.13,31.665,21.7386,4311046
2020-10-16,32.02,32.375,31.165,32.205,22.1094,5188171
2020-10-19,32.355,32.86,32.095,32.555,22.3496,1576204
2020-10-20,32.4,33.64,32.4,33.115,22.7341,4564142
2020-10-21,33.425,33.66,32.445,32.635,22.4046,3046079
2020-10-22,32.36,32.655,31.79,32.585,22.3702,2952934
2020-10-23,32.595,33.905,32.54,33.5,22.9984,4452562
2020-10-26,32.7,33.595,32.465,32.95,22.6208,3781415
2020-10-27,33.1,33.4,31.375,31.375,21.5396,5499192
2020-10-28,30.385,30.65,29.29,29.75,20.424,9539478
2020-10-29,29.69,30.1,28.79,29.305,20.1185,6138415
2020-10-30,29.0,29.96,28.92,29.855,20.496,5246970
2020-11-02,30.2,31.23,29.88,31.125,21.3679,5053240
2020-11-03,33.0,33.35,32.255,33.03,22.6757,7105234
2020-11-04,32.0,33.61,31.635,33.12,22.7375,6095662
2020-11-05,33.4,33.975,32.62,33.88,23.2593,5692324
2020-11-06,33.7,34.15,32.995,33.23,22.813,6069268
2020-11-09,33.83,42.5,33.55,39.205,26.915,15161710
2020-11-10,39.515,42.485,39.37,42.2,28.9711,17980330
2020-11-11,42.01,42.34,40.64,41.09,28.2091,6997306
2020-11-12,40.07,40.59,38.83,39.545,27.1484,7471758
2020-11-13,39.035,40.125,38.835,39.915,27.4024,5457079
2020-11-16,40.775,41.73,40.175,40.6,27.8727,7415521
2020-11-17,40.72,41.065,40.12,40.925,28.0958,5016260
2020-11-18,40.5,41.23,40.405,41.13,28.2366,4020714
2020-11-19,40.45,40.99,40.125,40.805,28.0134,4098623
2020-11-20,40.805,41.265,40.65,40.95,28.113,4965831
2020-11-23,41.695,42.1,41.315,41.49,28.4837,4514209
2020-11-24,42.195,44.105,42.08,43.735,30.0249,6661655
2020-11-25,44.725,44.95,42.64,43.755,30.0387,5384559
2020-11-26,43.965,43.965,42.795,43.365,29.7709,3008686
2020-11-27,43.085,44.13,42.97,43.825,30.0867,4362254
2020-11-30,43.34,43.68,42.835,42.965,29.4963,6062477
2020-12-01,43.195,44.245,42.945,44.205,30.3476,4790854
2020-12-02,43.925,45.07,43.315,44.95,30.8591,4994809
2020-12-03,44.79,45.145,44.0,44.875,30.8076,3647522
2020-12-04,44.77,45.87,44.68,45.74,31.4014,5762143
2020-12-07,45.345,45.345,44.32,44.505,30.5536,4021015
2020-12-08,44.3,44.74,44.035,44.285,30.4025,2887032
2020-12-09,44.535,45.29,44.51,44.545,30.581,3126636
2020-12-10,44.665,44.78,43.065,43.46,29.8361,4836934
2020-12-11,43.36,43.505,42.555,43.115,29.5993,4087189
2020-12-14,43.755,45.2,43.72,44.15,30.3098,4022975
2020-12-15,44.075,45.355,43.9,45.235,31.0547,4143444
2020-12-16,45.04,45.325,43.945,44.175,30.327,4048651
2020-12-17,44.355,44.59,43.7,44.045,30.2378,3015518
2020-12-18,43.82,44.705,43.555,43.565,29.9082,7713150
2020-12-21,41.64,42.36,40.83,41.715,28.6382,5402160
2020-12-22,41.9,42.75,41.9,42.485,29.1668,2705483
2020-12-23,42.45,44.0,42.4,43.835,30.0936,2729707
2020-12-24,44.26,44.485,43.55,43.795,30.0661,555198
2020-12-28,44.45,44.55,43.39,43.63,29.9529,1566503
2020-12-29,43.81,44.05,43.22,43.645,29.9632,1623551
2020-12-30,43.615,43.965,43.225,43.305,29.7297,1374724
2020-12-31,42.825,43.74,42.68,43.105,29.5924,827264
2021-01-04,43.86,43.915,42.64,43.01,29.5272,3025708
2021-01-05,42.72,43.475,42.315,42.92,29.4654,2852830
2021-01-06,43.97,46.01,43.78,45.29,31.0925,5959237
2021-01-07,45.975,46.605,45.24,46.31,31.7927,4336483
2021-01-08,46.475,46.66,45.17,45.285,31.089,3864732
2021-01-11,44.97,45.535,44.615,44.98,30.8797,3649675
2021-01-12,45.355,45.645,44.93,45.34,31.1268,3346621
2021-01-13,45.225,45.42,44.86,45.025,30.9105,2471939
2021-01-14,45.2,45.705,44.71,45.13,30.9826,3170300
2021-01-15,44.815,45.785,43.98,44.435,30.5055,4728083
2021-01-18,44.01,44.86,43.89,44.805,30.7595,2083866
2021-01-19,45.17,45.45,44.06,44.11,30.2824,3070352
2021-01-20,44.165,44.495,43.955,44.42,30.4952,2655763
2021-01-21,44.71,44.95,44.12,44.34,30.4403,3337036
2021-01-22,43.855,43.885,42.665,43.085,29.5787,4235711
2021-01-25,43.1,43.425,40.96,41.23,28.3052,4763830
2021-01-26,41.435,42.385,41.325,41.99,28.827,3642144
2021-01-27,41.635,41.76,39.885,40.525,27.8212,6118922
2021-01-28,40.0,41.455,39.71,41.205,28.288,5236473
2021-01-29,40.405,40.63,39.76,39.78,27.3098,6251211
2021-02-01,40.45,40.85,40.03,40.18,27.5844,3454890
2021-02-02,40.635,41.84,40.52,41.605,28.5627,4937566
2021-02-03,42.79,43.035,41.74,41.9,28.7652,3640745
2021-02-04,42.025,43.1,41.435,42.485,29.1668,4129894
2021-02-05,42.9,44.27,42.165,43.595,29.9288,5453976
2021-02-08,44.275,44.75,43.73,44.12,30.2892,3781411
2021-02-09,44.4,44.5,43.5,43.92,30.1519,2904935
2021-02-10,44.35,45.455,44.165,45.135,30.9861,4973831
2021-02-11,45.195,45.985,44.685,45.695,31.3705,4402790
2021-02-12,45.575,46.48,45.42,46.48,31.9094,4715195
2021-02-15,47.255,47.925,46.86,47.55,32.644,4440763
2021-02-16,47.5,47.855,47.01,47.61,32.6852,3006568
2021-02-17,47.835,48.41,47.4,47.65,32.7127,4450435
2021-02-18,47.62,47.975,46.835,47.075,32.3179,3548418
2021-02-19,47.1,48.44,46.985,48.325,33.1761,4444116
2021-02-22,48.135,49.46,47.62,49.3,33.8454,5069036
2021-02-23,49.77,49.96,48.56,49.45,33.9484,4441385
2021-02-24,49.455,50.36,49.125,50.17,34.4427,3788958
2021-02-25,50.61,51.34,50.31,50.31,34.5388,4243255
2021-02-26,49.425,50.9,49.005,49.275,33.8283,6149959
2021-03-01,49.98,50.28,49.135,49.135,33.7321,3659140
2021-03-02,49.005,50.84,48.95,50.45,34.6349,4269987
2021-03-03,50.73,51.89,50.68,51.72,35.5068,3921783
2021-03-04,51.37,52.09,50.55,51.65,35.4587,4089114
2021-03-05,51.55,52.14,50.73,51.59,35.4176,3983070
2021-03-08,52.21,53.66,51.97,53.25,36.5572,5231612
2021-03-09,53.3,53.46,51.64,52.59,36.1041,4990331
2021-03-10,52.44,53.64,52.37,52.76,36.2208,3782058
2021-03-11,52.6,53.09,51.33,52.33,35.9256,4068223
2021-03-12,52.46,53.55,52.46,53.08,36.4405,3674350
2021-03-15,52.91,53.13,51.45,51.83,35.5823,3517252
2021-03-16,52.5,52.8,50.81,51.19,35.1429,4684324
2021-03-17,51.2,52.68,51.2,51.68,35.4793,4296573
2021-03-18,52.34,53.08,52.17,52.89,36.31,4194017
2021-03-19,52.37,52.57,50.91,51.15,35.1155,7982627
2021-03-22,50.04,51.53,49.58,50.71,34.8134,2998334
2021-03-23,50.38,50.52,49.79,50.36,34.5731,2889131
2021-03-24,49.65,51.25,49.18,51.12,35.0949,2771440
2021-03-25,50.89,51.19,50.06,50.83,34.8958,2736694
2021-03-26,51.3,52.04,50.92,51.67,35.4725,3104897
2021-03-29,51.19,51.19,50.21,50.67,34.786,3462888
2021-03-30,51.28,52.64,51.0,52.62,36.1247,3299916
2021-03-31,52.35,52.65,51.82,51.88,35.6166,3197484
2021-04-01,52.04,52.23,51.52,52.15,35.802,2303620
2021-04-06,52.5,52.84,51.8,51.95,35.6647,2729433
2021-04-07,51.95,52.54,51.71,52.29,35.8981,2275896
2021-04-08,52.35,52.59,51.62,52.0,35.699,2845763
2021-04-09,52.1,52.3,51.4,51.46,35.3283,2616756
2021-04-12,51.21,51.93,50.85,51.42,35.3008,2450579
2021-04-13,51.5,52.64,51.27,51.64,35.4519,3223540
2021-04-14,51.41,51.98,51.17,51.98,35.6853,2361859
2021-04-15,52.01,52.43,51.73,51.76,35.5343,2963729
2021-04-16,51.82,53.0,51.76,52.9,36.3169,3535949
2021-04-19,52.9,53.59,52.34,53.33,36.6121,2646037
2021-04-20,53.29,53.41,50.8,50.83,34.8958,4635906
2021-04-21,50.82,51.58,49.695,50.36,34.5731,3159906
2021-04-22,50.5,50.89,50.23,50.68,34.7928,2491478
2021-04-23,50.32,50.6,49.745,50.51,34.6761,3081649
2021-04-26,50.6,52.0,50.04,51.91,35.6372,3706330
2021-04-27,51.97,52.13,51.43,51.86,35.6029,3380571
2021-04-28,52.25,53.53,52.19,53.48,36.7151,3992277
2021-04-29,53.77,54.58,53.42,53.83,36.9554,4288493
2021-04-30,53.3,53.62,52.3,53.39,36.6533,4036309
2021-05-03,53.5,54.01,53.08,53.46,36.7013,2051674
2021-05-04,53.75,54.86,52.91,53.05,36.4199,3830276
2021-05-05,53.81,54.9,53.77,54.9,37.6899,3959259
2021-05-06,54.95,55.63,54.24,54.91,37.6968,4336530
2021-05-07,55.38,55.45,54.23,54.78,37.6075,3801996
2021-05-10,55.44,55.87,54.95,55.82,38.3215,3907318
2021-05-11,55.22,56.02,55.03,55.8,38.3078,4554417
2021-05-12,55.57,56.71,55.35,56.6,38.857,4855858
2021-05-13,55.7,56.26,54.43,56.06,38.4863,3446779
2021-05-14,56.56,57.26,56.23,57.04,39.1591,3307523
2021-05-17,57.14,57.17,56.44,56.98,39.1179,2510944
2021-05-18,57.45,57.92,56.81,57.07,39.1797,2884081
2021-05-19,56.54,57.45,54.94,55.94,38.4039,4155798
2021-05-20,56.3,56.5,55.57,56.21,38.5893,2960089
2021-05-21,56.22,56.42,55.75,56.24,38.6099,4109887
2021-05-24,55.66,55.78,54.93,55.6,38.939,1631472
2021-05-25,55.7,56.09,55.29,55.4,38.799,2588828
2021-05-26,55.34,55.56,53.84,54.65,38.2737,3854734
2021-05-27,54.35,56.39,54.24,56.39,39.4923,7218484
2021-05-28,56.89,56.9,55.77,56.48,39.5553,3420514
2021-05-31,56.39,56.39,55.72,55.85,39.1141,1717674
2021-06-01,56.18,57.01,56.08,56.71,39.7164,2710254
2021-06-02,56.7,57.0,56.2,57.0,39.9195,2305482
2021-06-03,56.83,57.64,56.8,57.44,40.2277,2414284
2021-06-04,57.44,57.82,57.09,57.11,39.9965,2409136
2021-06-07,57.18,57.67,56.89,57.57,40.3187,2163689
2021-06-08,57.39,57.82,56.51,56.68,39.6954,2485687
2021-06-09,56.64,56.88,55.55,56.23,39.3802,2536834
2021-06-10,56.01,56.9,55.63,56.09,39.2822,2583272
2021-06-11,55.9,56.32,55.53,56.32,39.4433,2244936
2021-06-14,56.45,56.78,56.12,56.45,39.5343,2240963
2021-06-15,56.45,56.65,56.03,56.47,39.5483,2236093
2021-06-16,56.8,56.83,55.34,55.74,39.0371,2751994
2021-06-17,56.27,57.8,56.24,56.31,39.4363,4255710
2021-06-18,55.69,55.95,53.64,53.74,37.6364,9157129
2021-06-21,53.03,54.1,52.3,53.86,37.7204,3740121
2021-06-22,54.35,54.35,53.32,53.98,37.8045,2541207
2021-06-23,54.0,54.43,53.4,53.48,37.4543,2078825
2021-06-24,53.84,54.48,53.46,54.1,37.8885,2231311
2021-06-25,54.36,54.67,54.02,54.46,38.1406,1968328
2021-06-28,54.34,54.57,53.02,53.2,37.2582,2180758
2021-06-29,53.26,54.27,53.24,53.57,37.5173,1881577
2021-06-30,53.2,53.44,52.14,52.87,37.0271,3382152
2021-07-01,53.19,53.86,52.88,53.48,37.4543,2221551
2021-07-02,53.61,53.66,52.3,52.47,36.747,2515438
2021-07-05,52.34,53.85,52.11,53.63,37.5594,2512932
2021-07-06,53.51,53.54,51.73,51.92,36.3618,3888630
2021-07-07,52.0,52.17,50.69,51.18,35.8435,4501859
2021-07-08,50.66,50.66,49.36,49.715,34.8175,5747985
2021-07-09,50.0,50.93,49.715,50.93,35.6684,4085902
2021-07-12,50.89,51.25,49.8,51.04,35.7455,2984435
2021-07-13,51.27,51.53,50.62,50.83,35.5984,3446871
2021-07-14,50.81,51.62,50.64,51.14,35.8155,2325622
2021-07-15,50.9,50.94,50.27,50.72,35.5214,2379431
2021-07-16,51.04,51.12,49.575,49.88,34.9331,3241591
2021-07-19,49.095,49.395,47.315,47.79,33.4694,5356223
2021-07-20,48.185,48.98,47.65,48.695,34.1032,3413038
2021-07-21,48.82,50.34,48.415,50.23,35.1782,3378416
2021-07-22,50.43,51.06,49.975,49.98,35.0031,2795497
2021-07-23,50.36,51.01,50.01,50.57,35.4163,2172496
2021-07-26,50.3,51.83,49.595,51.71,36.2147,2908078
2021-07-27,51.49,51.49,50.5,51.24,35.8855,2848419
2021-07-28,51.54,51.75,50.89,51.16,35.8295,2060979
2021-07-29,51.05,52.36,51.0,52.07,36.4668,2685256
2021-07-30,53.01,53.14,51.23,51.45,36.0326,4458532
2021-08-02,51.97,52.17,50.77,50.95,35.6824,2599987
2021-08-03,51.66,51.86,50.79,51.4,35.9976,2875971
2021-08-04,51.68,52.15,51.22,52.01,36.4248,2506064
2021-08-05,52.11,52.52,51.54,52.41,36.7049,2298270
2021-08-06,52.4,54.17,51.98,54.0,37.8185,3701453
2021-08-09,54.17,54.25,53.61,54.21,37.9656,1974824
2021-08-10,54.2,54.25,53.38,54.02,37.8325,1890728
2021-08-11,54.22,54.99,53.84,54.77,38.3577,2531344
2021-08-12,54.81,54.84,54.27,54.32,38.0426,2278648
2021-08-13,54.4,54.86,54.08,54.38,38.0846,1742758
2021-08-16,53.82,54.32,53.5,53.85,37.7134,2128681
2021-08-17,53.63,53.63,52.62,52.86,37.0201,2849085
2021-08-18,52.78,53.38,52.29,53.34,37.3563,2115489
2021-08-19,52.1,52.64,51.43,51.91,36.3548,3477745
2021-08-20,51.82,52.16,51.41,52.1,36.4878,2451722
2021-08-23,52.81,52.94,52.39,52.71,36.915,2377260
2021-08-24,53.05,53.14,52.43,53.07,37.1672,2017813
2021-08-25,53.15,54.17,52.93,54.15,37.9235,2308781
2021-08-26,53.9,54.17,53.4,53.67,37.5874,2032561
2021-08-27,53.63,53.66,52.9,53.46,37.4403,1772273
2021-08-30,53.56,53.74,52.82,53.0,37.1181,1632868
2021-08-31,52.96,53.75,52.86,53.73,37.6294,3752715
2021-09-01,54.24,55.15,54.13,54.8,38.3788,3468246
2021-09-02,54.72,54.89,54.18,54.8,38.3788,2563213
2021-09-03,54.53,54.7,53.6,53.87,37.7274,2247047
2021-09-06,53.87,54.32,53.7,54.12,37.9025,1415624
2021-09-07,54.11,54.66,53.96,54.33,38.0496,2128400
2021-09-08,54.0,54.08,53.06,53.5,37.4683,2849163
2021-09-09,53.31,54.02,52.82,53.74,37.6364,2585889
2021-09-10,53.55,54.02,52.53,52.82,36.9921,2921666
2021-09-13,53.25,54.18,53.17,54.02,37.8325,2742693
2021-09-14,53.8,54.17,53.06,53.39,37.3913,2609909
2021-09-15,53.39,54.0,53.19,53.63,37.5594,3737528
2021-09-16,54.0,54.87,53.79,54.16,37.9305,2654428
2021-09-17,54.54,54.81,53.54,53.54,37.4963,7193199
2021-09-20,52.35,52.4,50.42,51.15,35.8225,6340308
2021-09-21,51.43,52.26,51.14,51.36,35.9696,3559610
2021-09-22,52.35,53.39,52.18,53.16,37.2302,3130687
2021-09-23,53.88,54.53,53.59,54.36,38.0706,3271987
2021-09-24,54.43,54.87,53.97,54.8,38.3788,2790943
2021-09-27,55.15,56.5,54.82,56.5,39.5693,4142484
2021-09-28,55.23,55.5,54.43,54.84,39.4901,6204607
2021-09-29,55.07,55.44,54.25,55.26,39.7926,3008697
2021-09-30,55.72,55.96,55.11,55.44,39.9222,4578672
2021-10-01,54.23,54.99,53.88,54.89,39.5261,3262085
2021-10-04,54.87,55.27,54.06,54.37,39.1517,2174187
2021-10-05,54.45,56.88,54.33,56.88,40.9591,3433936
2021-10-06,56.64,56.88,55.48,56.2,40.4695,3120919
2021-10-07,56.8,57.92,56.03,57.09,41.1103,4022752
2021-10-08,56.93,57.49,56.86,57.0,41.0455,2512322
2021-10-11,57.0,57.78,56.96,57.33,41.2832,2173487
2021-10-12,56.5,57.28,56.27,57.19,41.1824,1991495
2021-10-13,57.1,57.29,55.83,56.36,40.5847,2570059
2021-10-14,56.53,57.15,56.13,56.63,40.7791,2301934
2021-10-15,57.16,58.45,57.16,57.75,41.5856,3628158
2021-10-18,58.0,58.56,57.75,58.01,41.7728,2531950
2021-10-19,57.74,58.33,57.53,58.1,41.8376,1632341
2021-10-20,58.0,58.43,57.48,58.18,41.8953,1695609
2021-10-21,57.78,58.03,57.17,57.59,41.4704,1632139
2021-10-22,57.6,58.18,57.37,57.71,41.5568,1472117
2021-10-25,57.75,58.69,57.65,58.21,41.9169,1791042
2021-10-26,58.14,58.57,57.74,58.18,41.8953,1776944
2021-10-27,58.06,58.34,57.28,57.82,41.636,1814428
2021-10-28,57.6,57.61,56.44,57.46,41.3768,2673923
2021-10-29,57.47,58.54,57.16,57.9,41.6936,3305280
2021-11-01,58.44,59.86,58.41,59.67,42.9682,2958593
2021-11-02,59.39,59.62,58.83,59.43,42.7954,2436253
2021-11-03,59.24,59.99,58.96,59.88,43.1194,2451496
2021-11-04,60.0,60.62,58.4,59.08,42.5433,3309849
2021-11-05,58.85,60.39,58.82,59.51,42.853,2996444
2021-11-08,59.5,60.2,59.22,59.39,42.7666,2197950
2021-11-09,59.2,59.43,58.58,58.87,42.3921,3114717
2021-11-10,58.82,59.67,58.82,59.2,42.6297,2432574
2021-11-11,59.29,59.9,59.15,59.48,42.8314,1924097
2021-11-12,59.31,59.54,59.01,59.27,42.6802,1781191
2021-11-15,58.99,62.55,58.73,61.22,44.0843,4036684
2021-11-16,61.49,61.62,60.16,60.23,43.3714,2863609
2021-11-17,60.4,60.7,60.17,60.18,43.3354,2305448
2021-11-18,60.06,60.5,59.33,59.52,42.8602,2823381
2021-11-19,59.93,60.02,56.71,57.72,41.564,6061153
2021-11-22,57.95,59.02,57.87,58.64,42.2265,3210613
2021-11-23,58.4,59.27,57.94,58.89,42.4065,3422449
2021-11-24,59.15,59.64,58.51,58.54,42.1545,2890182
2021-11-25,58.8,59.29,58.27,58.73,42.2913,2252988
2021-11-26,56.0,56.65,54.43,55.29,39.8142,6938262
2021-11-29,56.1,56.48,55.29,55.38,39.879,4279493
2021-11-30,53.89,55.8,53.51,55.08,39.6629,6784665
2021-12-01,55.58,56.94,55.51,56.59,40.7503,3981614
2021-12-02,55.91,56.74,55.71,56.45,40.6495,3616387
2021-12-03,56.94,57.09,55.67,56.17,40.4479,3232309
2021-12-06,56.52,57.52,56.47,57.34,41.2904,3317500
2021-12-07,57.8,58.54,57.4,58.26,41.9529,3616051
2021-12-08,58.61,58.67,57.18,58.13,41.8592,3158275
2021-12-09,57.89,57.97,57.21,57.42,41.348,2108997
2021-12-10,57.12,57.49,56.34,56.71,40.8367,2229668
2021-12-13,56.8,57.07,55.8,56.0,40.3254,1999697
2021-12-14,56.29,56.47,55.55,56.09,40.3902,2791044
2021-12-15,56.28,56.56,55.73,55.89,40.2462,2114058
2021-12-16,56.73,57.98,56.34,56.96,41.0167,3846669
2021-12-17,56.86,57.39,55.57,56.17,40.4479,6650342
2021-12-20,56.7,57.07,55.55,56.42,40.6279,3470703
2021-12-21,57.62,58.92,57.16,58.86,42.3849,3520999
2021-12-22,58.8,59.45,58.44,59.35,42.7378,2012595
2021-12-23,59.8,60.32,59.41,60.0,43.2058,2387034
2021-12-24,59.87,60.21,59.75,59.75,43.0258,450529
2021-12-27,59.53,60.56,59.22,60.38,43.4795,1149917
2021-12-28,60.42,60.98,60.39,60.82,43.7963,1517534
2021-12-29,60.68,60.9,60.44,60.71,43.7171,1411777
2021-12-30,60.7,60.94,60.52,60.67,43.6883,1538504
2021-12-31,60.2,60.79,60.02,60.77,43.7603,407780
2022-01-03,61.11,61.49,61.0,61.2,44.0699,2177649
2022-01-04,61.68,63.74,61.65,63.25,45.5461,3614427
2022-01-05,63.51,64.27,63.33,63.33,45.6038,3910434
2022-01-06,62.98,64.33,62.8,64.19,46.223,3645405
2022-01-07,64.0,64.52,63.59,64.5,46.4463,3446590
2022-01-10,64.7,64.9,63.83,64.0,46.0862,3137609
2022-01-11,64.26,64.6,63.62,64.36,46.3455,2376607
2022-01-12,64.85,65.66,64.69,65.33,47.0439,3191797
2022-01-13,65.25,66.96,65.12,66.96,48.2177,3697141
2022-01-14,66.35,66.74,65.59,66.3,47.7424,3351548
2022-01-17,67.0,67.15,65.96,66.05,47.5624,2175118
2022-01-18,65.69,66.71,65.37,66.01,47.5336,2583320
2022-01-19,65.69,66.22,65.03,65.4,47.0944,3220620
2022-01-20,65.0,65.74,63.09,64.11,46.1654,3365869
2022-01-21,63.26,63.56,61.86,62.44,44.9629,4637406
2022-01-24,62.18,62.55,59.35,60.1,43.2778,4598614
2022-01-25,60.88,62.17,60.49,62.06,44.6892,3903495
2022-01-26,62.8,64.68,62.71,63.95,46.0502,3592168
2022-01-27,63.37,65.7,63.32,64.5,46.4463,4330710
2022-01-28,64.11,64.25,61.99,62.78,45.2077,4386592
2022-01-31,63.51,63.6,62.4,63.0,45.3661,3259697
2022-02-01,63.84,64.29,63.3,64.22,46.2446,2627765
2022-02-02,64.7,64.7,62.54,63.47,45.7046,4933764
2022-02-03,63.29,64.18,62.42,63.64,45.827,4685476
2022-02-04,66.0,66.81,63.87,64.3,46.3022,5753921
2022-02-07,65.0,65.89,63.92,65.69,47.3032,4012413
2022-02-08,63.25,66.56,62.76,66.0,47.5264,5928287
2022-02-09,66.45,66.82,65.19,66.71,48.0377,4639837
2022-02-10,66.94,68.07,66.41,66.56,47.9297,4697568
2022-02-11,65.72,65.88,63.72,64.9,46.7343,5486958
2022-02-14,62.61,62.7,61.08,61.75,44.466,5870770
2022-02-15,61.49,63.84,61.45,63.53,45.7478,5033747
2022-02-16,63.75,64.03,62.31,62.75,45.1861,3417509
2022-02-17,62.33,62.76,61.45,62.02,44.6604,3056110
2022-02-18,62.0,62.78,61.54,61.92,44.5884,3610563
2022-02-21,62.32,62.74,60.31,61.06,43.9691,3342508
2022-02-22,59.03,61.48,58.74,60.67,43.6883,5123430
2022-02-23,61.0,61.67,59.01,59.55,42.8818,3938029
2022-02-24,55.43,57.52,53.89,55.09,39.6702,10862660
2022-02-25,55.5,57.15,53.97,56.75,40.8655,8334214
2022-02-28,53.72,53.84,51.55,52.51,37.8123,9992267
2022-03-01,52.53,53.12,48.71,48.935,35.238,9078086
2022-03-02,46.25,51.02,45.665,49.965,35.9797,8546584
2022-03-03,51.04,52.4,50.25,50.76,36.5521,6764882
2022-03-04,50.0,50.15,47.195,47.195,33.985,9905718
2022-03-07,45.0,46.185,43.07,45.3,32.6204,11232660
2022-03-08,45.0,48.915,44.77,46.765,33.6753,9239001
2022-03-09,50.49,51.65,49.53,51.42,37.0274,8940185
2022-03-10,51.45,51.61,49.015,49.345,35.5332,6489280
2022-03-11,49.41,51.48,47.615,49.03,35.3064,6630303
2022-03-14,50.45,51.7,49.835,51.01,36.7322,4571552
2022-03-15,50.3,52.0,49.43,51.29,36.9338,5034069
2022-03-16,52.9,55.69,52.36,54.35,39.1373,7170956
2022-03-17,54.5,55.02,52.12,53.05,38.2012,4871296
2022-03-18,53.06,53.35,52.26,53.35,38.4172,8395483
2022-03-21,53.21,53.99,52.68,52.71,37.9563,2714810
2022-03-22,53.34,54.3,53.09,53.6,38.5972,2800581
2022-03-23,53.6,53.68,52.2,52.23,37.6107,3538842
2022-03-24,52.24,52.59,51.09,51.1,36.797,4128576
2022-03-25,51.13,51.22,49.86,50.0,36.0049,5119946
2022-03-28,50.36,52.1,50.36,51.07,36.7754,3252575
2022-03-29,51.99,54.93,51.52,54.34,39.1301,5435672
2022-03-30,53.97,54.05,52.55,53.08,38.2228,3173862
2022-03-31,53.02,53.31,51.63,51.93,37.3946,3219374
2022-04-01,51.91,52.4,51.45,51.69,37.2218,3136950
2022-04-04,51.68,51.73,50.57,51.34,36.9698,2910334
2022-04-05,51.25,51.5,48.78,49.0,35.2848,5970046
2022-04-06,48.73,48.995,46.555,47.295,34.057,7066223
2022-04-07,47.315,47.65,46.53,46.56,33.5277,5211726
2022-04-08,48.1,48.355,47.21,47.845,34.453,4548373
2022-04-11,49.09,49.785,48.19,48.745,35.1011,3231849
2022-04-12,47.74,49.48,47.135,48.71,35.0759,4048410
2022-04-13,48.58,49.355,48.375,48.925,35.2308,2732176
2022-04-14,49.025,49.97,48.95,49.505,35.6484,3045221
2022-04-19,49.245,50.3,48.545,49.745,35.8212,3412914
2022-04-20,49.91,52.33,49.74,51.23,36.8906,4927145
2022-04-21,51.7,52.96,51.41,52.4,37.7331,3948277
2022-04-22,51.54,52.64,51.34,51.73,37.2506,3333002
2022-04-25,50.87,51.92,50.49,50.85,36.6169,3460198
2022-04-26,51.6,51.85,50.44,50.44,36.3217,3419503
2022-04-27,50.68,50.85,49.41,49.745,35.8212,5309178
2022-04-28,50.74,51.01,48.675,49.46,35.616,3204739
2022-04-29,49.73,50.06,48.99,49.705,35.7924,3437157
2022-05-02,49.57,49.785,48.14,48.805,35.1443,3142553
2022-05-03,50.0,51.34,49.815,51.32,36.9554,3913067
2022-05-04,51.8,52.63,50.99,51.01,36.7322,3222145
2022-05-05,53.21,53.3,50.55,50.7,36.5089,3557168
2022-05-06,50.88,51.71,50.37,50.59,36.4297,3133331
2022-05-09,50.42,51.26,49.85,49.85,35.8968,2879032
2022-05-10,50.79,51.94,50.42,50.92,36.6673,4506868
2022-05-11,51.19,52.36,50.96,52.15,37.5531,4616314
2022-05-12,50.86,51.97,50.38,51.41,37.0202,3926995
2022-05-13,52.02,52.68,51.6,52.38,37.7187,2968459
2022-05-16,52.04,52.76,51.58,52.31,37.6683,2924645
2022-05-17,52.82,53.83,52.69,53.5,38.5252,3029523
2022-05-18,53.45,53.95,52.95,53.34,38.41,3012460
2022-05-19,52.73,53.21,52.03,53.19,38.302,3457011
2022-05-20,53.97,54.17,53.14,53.71,38.6764,4626704
2022-05-23,50.6,52.12,49.715,52.12,40.2841,5302162
2022-05-24,51.2,52.18,50.76,51.68,39.944,3369613
2022-05-25,52.32,52.48,51.24,51.87,40.0908,3151779
2022-05-26,51.99,52.94,51.7,52.7,40.7324,2108082
2022-05-27,52.98,53.55,52.49,53.55,41.3893,2563006
2022-05-30,53.91,54.75,53.68,54.3,41.969,2559104
2022-05-31,54.17,54.3,52.95,53.11,41.0492,5405021
2022-06-01,53.78,53.93,52.77,52.84,40.8406,3000173
2022-06-02,53.11,53.17,52.47,52.7,40.7324,1999794
2022-06-03,53.07,53.21,52.37,52.56,40.6241,2198101
2022-06-06,53.15,53.85,52.91,53.28,41.1806,2336664
2022-06-07,53.01,53.18,52.15,52.45,40.5391,2277614
2022-06-08,52.1,52.32,51.48,52.08,40.2532,3029462
2022-06-09,51.85,52.57,50.95,51.19,39.5653,2837990
2022-06-10,50.71,50.8,48.25,48.6,37.5634,4828542
2022-06-13,47.485,47.81,46.37,46.67,36.0717,5468632
2022-06-14,47.5,47.95,46.585,47.335,36.5857,3826672
2022-06-15,49.475,49.51,48.135,48.285,37.32,3914498
2022-06-16,48.22,48.315,47.145,47.52,36.7287,2977303
2022-06-17,48.05,49.005,47.465,47.74,36.8987,6469429
2022-06-20,47.7,48.58,47.24,48.345,37.3663,2739853
2022-06-21,48.23,49.875,48.08,49.355,38.147,2737509
2022-06-22,48.385,49.49,47.82,49.04,37.9035,2549010
2022-06-23,48.96,49.23,46.695,46.74,36.1258,4410938
2022-06-24,47.29,48.26,46.44,47.935,37.0494,3206957
2022-06-27,48.08,48.675,47.415,47.805,36.949,2131109
2022-06-28,48.315,48.765,47.72,47.91,37.0301,2000150
2022-06-29,47.4,47.775,46.82,47.08,36.3886,2391623
2022-06-30,46.6,46.65,44.31,45.365,35.0631,6778136
2022-07-01,44.9,45.965,44.65,45.31,35.0206,2923835
2022-07-04,45.49,45.62,44.81,45.28,34.9974,1926639
2022-07-05,46.325,46.4,43.485,43.905,33.9346,4253514
2022-07-06,44.26,44.705,43.125,43.435,33.5713,3260699
2022-07-07,44.24,44.875,43.9,44.55,34.4331,3469291
2022-07-08,44.405,45.6,43.845,45.46,35.1365,2940913
2022-07-11,44.205,44.715,43.7,43.975,33.9887,3271985
2022-07-12,43.835,43.935,42.805,43.815,33.8651,4051308
2022-07-13,43.645,43.825,41.97,42.73,33.0264,4133839
2022-07-14,42.61,42.91,40.92,41.105,31.7705,4301820
2022-07-15,41.135,41.715,40.665,41.575,32.1337,4158222
2022-07-18,42.395,42.97,42.095,42.45,32.81,3976686
2022-07-19,42.0,43.97,41.865,43.9,33.9307,3729350
2022-07-20,44.275,44.91,43.48,44.525,34.4138,4481824
2022-07-21,43.9,45.41,43.165,44.53,34.4177,4486269
2022-07-22,44.23,44.7,43.63,43.815,33.8651,3028163
2022-07-25,44.135,45.01,43.735,44.725,34.5684,2731324
2022-07-26,44.575,44.595,43.91,44.315,34.2515,2306753
2022-07-27,44.59,44.945,44.205,44.365,34.2902,2571387
2022-07-28,44.755,45.13,43.835,44.7,34.5491,3569601
2022-07-29,45.9,46.585,45.765,46.0,35.5539,4012824
2022-08-01,46.325,46.93,45.845,45.86,35.4457,2458967
2022-08-02,45.815,46.535,45.49,46.4,35.863,3021875
2022-08-03,46.425,47.295,45.9,47.26,36.5277,3426642
2022-08-04,47.265,48.4,47.265,48.33,37.3547,3631979
2022-08-05,48.285,49.05,47.92,48.84,37.7489,3142565
2022-08-08,49.2,49.37,48.28,48.505,37.49,2072528
2022-08-09,48.5,48.92,48.19,48.505,37.49,1721651
2022-08-10,48.485,49.295,48.335,49.235,38.0542,2458219
2022-08-11,49.425,49.74,49.265,49.555,38.3016,2161150
2022-08-12,49.8,50.62,49.725,50.43,38.9779,3221801
2022-08-15,50.6,50.61,49.555,50.08,38.7073,1767850
2022-08-16,50.29,50.65,49.975,50.13,38.746,1976129
2022-08-17,50.5,50.76,49.21,49.475,38.2397,2222740
2022-08-18,49.45,49.51,48.905,49.03,37.8958,2011446
2022-08-19,48.725,48.965,47.45,47.66,36.8369,3502588
2022-08-22,47.4,47.4,45.735,46.48,35.9249,3432582
2022-08-23,46.085,47.135,46.03,46.625,36.0369,2330432
2022-08-24,46.465,46.76,46.015,46.66,36.064,1488730
2022-08-25,47.185,47.24,46.335,46.635,36.0447,1575288
2022-08-26,46.885,47.29,45.59,45.85,35.4379,2273072
2022-08-29,45.455,45.835,44.98,45.76,35.3684,2105680
2022-08-30,46.175,47.645,46.005,46.39,35.8553,3238470
2022-08-31,46.75,47.26,46.26,46.485,35.9287,3797421
2022-09-01,46.035,46.39,45.435,45.98,35.5384,2158502
2022-09-02,46.475,47.685,46.17,47.48,36.6978,2718913
2022-09-05,46.2,46.5,45.81,46.46,35.9094,2335144
2022-09-06,46.475,47.065,46.17,46.56,35.9867,1843576
2022-09-07,46.03,46.65,45.71,46.515,35.9519,2197475
2022-09-08,46.92,47.86,46.55,47.44,36.6669,3900572
2022-09-09,47.99,49.505,47.835,48.68,37.6253,3859842
2022-09-12,49.005,50.64,48.93,50.56,39.0783,3984384
2022-09-13,50.8,51.04,49.955,50.29,38.8696,2999069
2022-09-14,49.745,50.68,49.62,50.25,38.8387,2742837
2022-09-15,49.845,50.74,49.535,50.36,38.9237,4252554
2022-09-16,49.7,49.955,49.02,49.325,38.1238,5528043
2022-09-19,49.145,49.785,48.55,49.355,38.147,1461626
2022-09-20,49.585,49.85,48.44,48.44,37.4398,3029883
2022-09-21,48.0,48.205,47.4,47.965,37.0726,2577821
2022-09-22,47.015,48.905,46.935,48.22,37.2697,2696429
2022-09-23,48.315,48.315,46.485,46.905,36.2533,3892872
2022-09-26,46.37,46.99,45.68,46.21,35.7162,2675534
2022-09-27,46.83,47.0,45.1,45.11,34.866,3415273
2022-09-28,44.55,45.04,43.085,43.35,33.5056,5605309
2022-09-29,43.42,43.55,42.065,42.535,32.8757,3692206
2022-09-30,42.78,43.605,42.65,43.605,33.7027,3760558
2022-10-03,42.845,44.19,42.195,43.88,33.9153,3177201
2022-10-04,44.65,45.475,44.465,45.475,35.1481,4372071
2022-10-05,45.28,45.405,43.895,44.115,34.0969,2810487
2022-10-06,44.25,44.645,43.48,43.635,33.7259,2506012
2022-10-07,43.405,44.17,43.16,43.615,33.7105,2734191
2022-10-10,43.13,44.24,43.06,43.785,33.8419,2617328
2022-10-11,43.215,43.235,42.305,42.765,33.0535,2782908
2022-10-12,42.555,42.555,41.525,42.345,32.7289,2914797
2022-10-13,41.78,43.7,41.7,43.44,33.5752,4126814
2022-10-14,44.5,44.955,43.885,44.06,34.0544,3511718
2022-10-17,44.46,45.82,44.31,45.38,35.0747,2828882
2022-10-18,45.92,46.865,45.565,46.17,35.6853,3058586
2022-10-19,46.395,46.615,45.62,45.915,35.4882,2237308
2022-10-20,45.705,46.63,45.545,46.395,35.8592,2184488
2022-10-21,46.055,46.505,45.48,46.38,35.8476,2530135
2022-10-24,46.675,47.465,46.405,46.965,36.2997,2552287
2022-10-25,47.195,47.545,46.415,47.335,36.5857,2209328
2022-10-26,47.445,47.65,47.03,47.23,36.5045,2184367
2022-10-27,47.235,47.71,46.47,47.4,36.6359,3169911
2022-10-28,46.965,47.42,46.435,47.285,36.547,2262537
2022-10-31,47.3,47.73,47.06,47.495,36.7094,1832430
2022-11-01,47.945,48.74,47.735,47.84,36.976,2333452
2022-11-02,48.29,48.525,47.61,47.88,37.0069,2352678
2022-11-03,48.1,49.44,47.68,49.385,38.1702,3910416
2022-11-04,49.85,51.08,49.44,50.63,39.1324,4682120
2022-11-07,50.3,51.3,49.95,50.69,39.1788,2305872
2022-11-08,50.28,50.9,50.2,50.69,39.1788,1674044
2022-11-09,50.57,50.96,49.775,50.26,38.8465,1815729
2022-11-10,50.38,51.42,50.07,50.85,39.3025,3325677
2022-11-11,51.3,52.04,50.97,51.76,40.0058,3406809
2022-11-14,52.08,52.35,51.48,52.18,40.3304,2326226
2022-11-15,52.33,52.78,51.97,52.47,40.5546,2472530
2022-11-16,52.4,52.51,51.83,52.09,40.2609,2392345
2022-11-17,52.37,52.55,51.71,52.51,40.5855,2014820
2022-11-18,52.83,53.49,52.76,53.31,41.2038,3488225
2022-11-21,53.01,53.44,52.54,52.62,40.6705,2304354
2022-11-22,52.58,52.84,52.18,52.44,40.5314,2193598
2022-11-23,52.6,52.86,52.32,52.74,40.7633,1838265
2022-11-24,53.09,53.46,52.95,53.23,41.142,1940313
2022-11-25,53.65,53.69,52.8,53.33,41.2193,1853140
2022-11-28,53.5,53.72,52.8,52.8,40.8096,2326623
2022-11-29,53.03,53.77,52.62,53.57,41.4048,2007813
2022-11-30,53.8,54.05,53.1,53.43,41.2966,3479986
2022-12-01,53.81,53.9,52.63,52.63,40.6783,3118973
2022-12-02,52.14,53.11,52.11,52.75,40.771,3186583
2022-12-05,52.67,53.11,52.27,52.32,40.4387,1915379
2022-12-06,52.25,52.53,51.85,52.46,40.5469,1969471
2022-12-07,52.35,52.64,51.72,52.0,40.1913,2131657
2022-12-08,52.26,52.35,51.86,52.0,40.1913,1764207
2022-12-09,52.3,52.89,51.86,52.89,40.8792,2243527
2022-12-12,52.79,53.04,52.45,52.68,40.7169,1756729
2022-12-13,53.03,54.08,52.7,53.63,41.4512,3030839
2022-12-14,53.77,54.09,53.44,53.51,41.3584,2177111
2022-12-15,53.28,53.45,51.59,51.67,39.9363,4148176
2022-12-16,51.51,52.54,51.1,52.54,40.6087,7100962
2022-12-19,52.53,52.9,52.11,52.2,40.3459,2071760
2022-12-20,52.09,53.04,51.84,52.94,40.9179,3012487
2022-12-21,52.88,54.13,52.54,54.02,41.7526,2745649
2022-12-22,54.12,54.53,53.62,53.81,41.5903,2009654
2022-12-23,54.0,54.27,53.72,53.8,41.5826,1163360
2022-12-27,54.09,54.29,53.92,54.0,41.7371,965885
2022-12-28,54.15,54.19,53.55,53.56,41.3971,1272926
2022-12-29,53.44,54.01,53.27,53.91,41.6676,1373142
2022-12-30,53.75,53.84,53.24,53.25,41.1575,1445544
2023-01-02,53.91,55.09,53.75,54.93,42.4559,1815541
2023-01-03,54.98,56.37,54.87,56.01,43.2907,2816969
2023-01-04,56.37,58.61,56.37,58.31,45.0684,4045737
2023-01-05,58.1,58.97,57.93,58.61,45.3003,2872672
2023-01-06,58.47,59.16,58.4,59.11,45.6867,2907109
2023-01-09,59.25,59.43,58.68,59.02,45.6171,2782877
2023-01-10,58.7,58.74,58.08,58.35,45.0993,2572775
2023-01-11,58.53,59.04,58.19,58.6,45.2925,2443551
2023-01-12,59.16,59.81,59.05,59.68,46.1273,2719523
2023-01-13,59.86,59.99,58.97,59.86,46.2664,2728685
2023-01-16,60.0,60.23,59.56,59.56,46.0345,1702088
2023-01-17,59.57,59.77,59.05,59.49,45.9804,2486995
2023-01-18,60.53,60.83,59.45,59.64,46.0964,3025726
2023-01-19,58.99,59.51,58.28,58.9,45.5244,3488537
2023-01-20,59.46,59.78,59.28,59.65,46.1041,2382700
2023-01-23,59.97,60.49,59.8,60.2,46.5292,1784574
2023-01-24,60.53,60.9,60.01,60.75,46.9543,1841156
2023-01-25,60.65,60.99,59.51,60.99,47.1398,2128499
2023-01-26,61.35,62.0,61.25,61.73,47.7117,2841249
2023-01-27,62.0,62.56,61.76,62.03,47.9436,2429677
2023-01-30,61.9,62.28,61.74,62.11,48.0054,1793454
2023-01-31,62.65,63.1,62.01,62.9,48.616,3056957
2023-02-01,62.84,63.47,62.72,63.19,48.8402,2744729
2023-02-02,63.19,63.73,60.82,61.6,47.6113,4348984
2023-02-03,61.0,61.87,60.62,61.72,47.704,3156908
2023-02-06,61.08,61.34,60.46,60.75,46.9543,2881745
2023-02-07,61.24,63.17,59.51,62.34,48.1832,3829578
2023-02-08,63.05,64.24,62.58,63.85,49.3503,3805555
2023-02-09,63.87,64.71,63.69,64.41,49.7831,3342155
2023-02-10,64.13,64.46,63.09,63.59,49.1493,2799846
2023-02-13,63.75,63.91,63.18,63.32,48.9407,2157758
2023-02-14,63.58,64.67,63.35,64.38,49.7599,2298323
2023-02-15,64.11,64.39,63.45,64.2,49.6208,1899481
2023-02-16,64.51,65.93,64.51,65.8,50.8575,3307863
2023-02-17,65.42,65.69,64.94,65.43,50.5715,2752714
2023-02-20,65.65,65.9,65.34,65.5,50.6256,1462503
2023-02-21,65.22,65.54,64.16,65.4,50.5483,2041804
2023-02-22,65.17,65.34,63.55,63.96,49.4353,3352806
2023-02-23,64.05,65.08,64.02,64.79,50.0768,2452406
2023-02-24,64.87,65.15,63.89,63.89,49.3812,3831674
2023-02-27,64.26,65.7,64.26,65.46,50.5947,2439951
2023-02-28,65.07,67.02,64.87,66.15,51.128,3849072
2023-03-01,63.3,64.91,63.1,63.4,49.0025,4959378
2023-03-02,63.0,63.65,62.16,63.37,48.9793,3652068
2023-03-03,63.52,64.5,63.52,64.26,49.6672,3249357
2023-03-06,64.77,64.96,64.23,64.94,50.1928,3164372
2023-03-07,65.0,65.18,63.73,63.92,49.4044,3295274
2023-03-08,63.6,64.53,63.52,64.0,49.4662,1940506
2023-03-09,63.9,64.13,62.57,62.64,48.4151,2765650
2023-03-10,59.5,60.9,59.07,60.25,46.5678,6856373
2023-03-13,60.17,60.25,55.85,56.15,43.3989,10002660
2023-03-14,55.88,58.48,55.5,57.88,44.736,7140995
2023-03-15,57.88,57.99,50.77,52.03,40.2145,13047140
2023-03-16,53.98,55.0,51.31,52.71,40.7401,8644803
2023-03-17,53.67,54.08,50.25,51.68,39.944,12469200
2023-03-20,49.1,53.33,47.02,52.56,40.6241,10905680
2023-03-21,53.9,55.12,53.73,54.74,42.3091,6659062
2023-03-22,54.84,55.74,54.13,54.47,42.1004,4711648
2023-03-23,53.71,54.67,53.08,53.28,41.1806,3873255
2023-03-24,52.92,53.13,49.44,50.47,39.0088,10854000
2023-03-27,52.2,52.49,50.41,51.79,40.029,4539832
2023-03-28,52.78,53.29,50.78,51.97,40.1681,5222051
2023-03-29,52.42,53.46,52.07,53.37,41.2502,3732322
2023-03-30,53.92,55.13,53.69,54.53,42.1468,4314925
2023-03-31,55.0,55.38,53.89,55.21,42.6724,5196347
2023-04-03,55.37,56.69,55.27,55.8,43.1284,4194961
2023-04-04,56.21,57.31,55.99,56.34,43.5457,3970103
2023-04-05,56.84,56.92,55.61,55.83,43.1516,3415146
2023-04-06,56.33,57.42,56.23,57.23,44.2336,3534417
2023-04-11,57.73,58.13,56.89,56.92,43.994,3216583
2023-04-12,57.2,57.74,56.91,57.07,44.11,2922765
2023-04-13,57.03,57.99,56.94,57.54,44.4732,2548133
2023-04-14,57.73,59.54,57.38,59.39,45.9031,4096092
2023-04-17,59.67,59.8,58.15,58.19,44.9756,3324472
2023-04-18,58.46,59.78,58.46,59.41,45.9186,3174581
2023-04-19,59.32,59.84,58.89,59.6,46.0654,3029795
2023-04-20,60.0,60.39,58.49,58.85,45.4858,2922620
2023-04-21,58.8,59.01,58.19,58.66,45.3389,3385239
2023-04-24,58.5,59.46,58.36,59.14,45.7099,2206738
2023-04-25,58.39,58.47,57.4,57.73,44.6201,3051349
2023-04-26,57.44,58.01,56.5,57.61,44.5273,4370114
2023-04-27,57.55,59.12,57.11,58.74,45.4007,3348552
2023-04-28,58.74,59.24,57.16,58.59,45.2848,3943712
2023-05-02,58.66,59.3,56.95,56.96,44.025,4337766
2023-05-03,56.6,57.57,55.83,56.29,43.5071,3463053
2023-05-04,55.96,56.8,55.55,55.94,43.2366,3964184
2023-05-05,56.47,58.04,56.39,57.89,44.7438,3500140
2023-05-08,58.16,58.67,57.96,58.29,45.0529,2212553
2023-05-09,58.33,58.93,57.91,58.42,45.1534,3284317
2023-05-10,58.72,59.39,57.63,57.92,44.7669,3164316
2023-05-11,58.19,58.6,56.54,57.35,44.3264,3124670
2023-05-12,57.82,58.89,57.81,58.49,45.2075,3047458
2023-05-15,58.99,59.18,58.06,58.64,45.3234,2098800
2023-05-16,58.26,59.1,58.24,58.43,45.1611,2817527
2023-05-17,58.1,58.73,57.74,58.63,45.3157,3034253
2023-05-18,59.32,60.05,59.29,59.64,46.0964,3280289
2023-05-19,59.9,60.49,59.5,59.85,46.2587,4601652
2023-05-22,56.03,57.5,55.87,57.31,47.3831,5860566
2023-05-23,57.16,57.3,56.47,57.08,47.1929,2969892
2023-05-24,56.4,56.98,55.91,56.04,46.3331,3744865
2023-05-25,56.04,56.55,55.24,56.18,46.4488,3172646
2023-05-26,56.47,56.68,55.3,56.31,46.5563,2544293
2023-05-29,57.14,57.24,55.83,56.1,46.3827,1989836
2023-05-30,56.1,56.56,55.05,55.29,45.713,3961516
2023-05-31,54.88,55.55,53.89,54.01,44.6547,5349242
2023-06-01,54.23,54.96,54.08,54.47,45.035,2737440
2023-06-02,55.05,56.65,54.88,56.48,46.6969,3325828
2023-06-05,56.68,56.86,55.49,55.92,46.2339,2820715
2023-06-06,55.55,56.72,55.48,56.47,46.6886,2602283
2023-06-07,56.8,56.81,56.09,56.76,46.9284,2621472
2023-06-08,57.2,57.73,56.96,57.01,47.1351,2574474
2023-06-09,57.17,57.24,55.55,56.07,46.3579,2612630
2023-06-12,56.56,57.27,56.4,56.43,46.6555,2954193
2023-06-13,56.64,56.93,56.12,56.68,46.8622,2974169
2023-06-14,56.56,57.93,56.54,57.52,47.5567,3298383
2023-06-15,57.09,57.21,55.93,56.29,46.5398,2937664
2023-06-16,56.5,56.7,55.96,56.57,46.7713,8271686
2023-06-19,56.52,57.45,56.36,56.81,46.9697,2390814
2023-06-20,56.6,56.93,56.11,56.73,46.9036,2289036
2023-06-21,56.78,57.58,56.66,57.04,47.1599,2554634
2023-06-22,56.47,56.47,55.33,55.72,46.0685,3122823
2023-06-23,55.36,55.44,54.36,54.85,45.3492,3075836
2023-06-26,54.9,55.4,53.7,55.23,45.6634,2892775
2023-06-27,55.74,56.11,55.07,55.67,46.0272,3308505
2023-06-28,56.2,56.49,55.56,55.86,46.1843,3213637
2023-06-29,55.93,57.1,55.93,56.79,46.9532,3651226
2023-06-30,57.1,58.35,57.05,57.72,47.7221,5687909
2023-07-03,58.12,58.97,57.76,58.43,48.3091,2386997
2023-07-04,58.8,59.06,57.88,57.89,47.8626,1270228
2023-07-05,57.3,57.74,57.01,57.34,47.4079,2797200
2023-07-06,56.1,56.24,54.35,54.76,45.2748,6672168
2023-07-07,54.61,55.72,54.25,55.12,45.5724,3310169
2023-07-10,54.87,55.89,54.78,55.35,45.7626,2493724
2023-07-11,55.5,56.28,55.27,56.16,46.4323,2535717
2023-07-12,56.16,57.0,56.02,56.7,46.8788,4296194
2023-07-13,56.7,57.25,56.54,57.01,47.1351,2670516
2023-07-14,56.94,57.31,56.58,56.65,46.8374,2209915
2023-07-17,56.62,57.24,56.42,56.71,46.887,1677982
2023-07-18,56.88,57.69,56.68,57.61,47.6311,1910941
2023-07-19,57.96,58.32,57.7,57.96,47.9205,1892365
2023-07-20,57.99,58.54,57.84,58.05,47.9949,2028378
2023-07-21,57.97,58.47,57.62,58.01,47.9618,3090044
2023-07-24,57.41,58.42,57.23,58.37,48.2595,1838833
2023-07-25,58.47,58.78,58.33,58.59,48.4414,1388311
2023-07-26,58.48,58.78,57.56,58.12,48.0528,2636487
2023-07-27,59.0,60.59,58.89,59.85,49.4831,5221786
2023-07-28,59.91,60.74,59.72,60.18,49.756,3477639
2023-07-31,60.18,60.5,59.76,60.02,49.6237,2410299
2023-08-01,59.85,60.3,58.83,58.9,48.6977,2469141
2023-08-02,58.0,58.46,57.23,57.61,47.6311,3537471
2023-08-03,57.15,58.37,57.0,58.29,48.1933,2629468
2023-08-04,58.76,59.57,58.4,59.29,49.0201,2588979
2023-08-07,59.04,59.88,58.95,59.55,49.2351,1710037
2023-08-08,58.41,58.78,56.94,57.76,47.7551,4102500
2023-08-09,58.91,59.15,58.43,58.55,48.4083,2608353
2023-08-10,58.98,60.5,58.91,60.3,49.8552,3238523
2023-08-11,60.02,60.18,59.21,59.55,49.2351,2591264
2023-08-14,59.45,60.1,59.35,59.68,49.3426,1960447
2023-08-15,59.78,59.94,58.53,58.78,48.5985,1999256
2023-08-16,58.36,58.96,58.16,58.48,48.3504,1853675
2023-08-17,58.32,59.28,58.18,58.62,48.4662,2241534
2023-08-18,58.31,58.55,57.57,58.22,48.1355,2779188
2023-08-21,58.24,59.16,58.2,58.34,48.2347,1862482
2023-08-22,58.66,59.45,58.55,58.55,48.4083,2034228
2023-08-23,58.92,59.52,58.29,58.51,48.3752,2103839
2023-08-24,58.88,59.17,58.4,58.44,48.3174,2343960
2023-08-25,58.67,59.07,58.27,58.31,48.2099,1851658
2023-08-28,58.88,59.82,58.87,59.5,49.1938,2279296
2023-08-29,59.64,60.01,59.54,59.9,49.5245,2141387
2023-08-30,60.0,60.69,59.88,59.88,49.5079,2336342
2023-08-31,59.97,60.66,59.61,59.71,49.3674,7896015
2023-09-01,60.01,60.35,59.47,59.59,49.2682,2127581
2023-09-04,59.9,60.31,59.26,59.44,49.1441,1659669
2023-09-05,59.08,59.97,58.51,59.39,49.1028,2000571
2023-09-06,58.87,59.1,57.86,58.6,48.4496,2923414
2023-09-07,58.22,58.96,58.1,58.57,48.4248,2284877
2023-09-08,58.69,59.05,57.48,58.43,48.3091,2162431
2023-09-11,58.8,59.79,58.74,59.51,49.202,3147534
2023-09-12,59.7,59.92,59.41,59.87,49.4997,2550025
2023-09-13,59.97,60.4,59.7,59.89,49.5162,2191422
2023-09-14,59.97,61.56,59.62,61.3,50.682,3850193
2023-09-15,61.5,62.24,61.31,61.46,50.8143,8094602
2023-09-18,61.3,61.5,59.68,60.11,49.6981,3667191
2023-09-19,59.91,61.12,59.87,61.11,50.5249,2620758
2023-09-20,61.36,62.7,61.16,62.07,51.3186,3583372
2023-09-21,61.47,61.92,61.04,61.65,50.9713,2590604
2023-09-22,61.18,61.25,60.38,60.74,50.219,2669268
2023-09-25,60.58,61.59,60.07,60.42,49.9544,2766032
2023-09-26,60.21,60.57,59.6,60.23,49.7973,2252126
2023-09-27,60.04,60.71,59.72,60.11,49.6981,2797880
2023-09-28,60.01,60.65,59.74,60.47,49.9957,2239087
2023-09-29,60.33,60.91,60.07,60.43,49.9627,2830079
2023-10-02,60.67,60.92,59.44,59.69,49.3508,2061569
2023-10-03,59.19,59.78,58.65,58.8,48.615,2670595
2023-10-04,58.44,58.99,58.03,58.64,48.4827,2668329
2023-10-05,58.92,59.44,58.48,59.2,48.9457,2472235
2023-10-06,59.47,60.11,59.29,59.98,49.5906,1990871
2023-10-09,59.56,59.56,58.64,59.03,48.8052,1872289
2023-10-10,59.57,60.14,59.57,59.83,49.4666,3160128
2023-10-11,59.69,60.49,59.44,60.24,49.8056,2218506
2023-10-12,60.5,60.58,59.11,59.44,49.1441,2667375
2023-10-13,58.98,59.2,57.11,57.64,47.6559,4694932
2023-10-16,57.81,58.26,57.32,57.83,47.813,2702406
2023-10-17,57.52,58.15,57.23,57.68,47.689,2171922
2023-10-18,57.68,58.04,57.18,57.31,47.3831,2468130
2023-10-19,57.0,57.1,55.77,56.71,46.887,3220816
2023-10-20,56.0,56.25,55.46,55.56,45.9362,3689118
2023-10-23,55.8,56.36,55.27,56.13,46.4075,2807822
2023-10-24,56.13,56.17,55.52,55.91,46.2256,2569012
2023-10-25,55.73,56.31,55.27,56.18,46.4488,2730173
2023-10-26,54.91,54.93,52.82,54.72,45.2417,5750038
2023-10-27,55.38,55.43,54.53,54.67,45.2004,3093023
2023-10-30,54.6,54.6,53.41,53.72,44.4149,3759647
2023-10-31,53.75,54.74,53.75,54.29,44.8862,3247176
2023-11-01,54.45,55.01,54.12,54.4,44.9771,2717312
2023-11-02,54.75,56.09,54.74,55.56,45.9362,3304816
2023-11-03,56.0,57.0,55.84,56.64,46.8291,3397647
2023-11-06,56.95,57.01,56.6,56.81,46.9697,2526854
2023-11-07,56.41,56.98,55.89,55.95,46.2587,2976344
2023-11-08,55.39,56.45,55.35,56.1,46.3827,2226445
2023-11-09,56.04,56.27,55.57,56.09,46.3744,2075065
2023-11-10,55.9,55.99,55.13,55.61,45.9776,2489497
2023-11-13,55.83,56.16,55.49,55.79,46.1264,1629208
2023-11-14,55.8,56.1,54.7,56.01,46.3083,3144007
2023-11-15,56.17,56.57,55.97,56.37,46.6059,1773206
2023-11-16,56.5,56.64,56.02,56.09,46.3744,1746207
2023-11-17,56.25,56.94,56.23,56.73,46.9036,2600953
2023-11-20,57.1,57.39,56.48,56.8,46.9614,1565294
2023-11-21,56.5,56.64,56.07,56.46,46.6803,1393885
2023-11-22,56.63,56.77,56.36,56.58,46.7795,976809
2023-11-23,56.59,57.01,56.53,56.9,47.0441,1119936
2023-11-24,56.91,57.27,56.84,57.03,47.1516,1275412
2023-11-27,57.06,57.07,56.33,56.42,46.6473,1421699
2023-11-28,56.15,56.48,55.97,56.48,46.6969,1237697
2023-11-29,56.1,57.13,56.01,56.92,47.0606,1440565
2023-11-30,57.33,57.97,57.21,57.77,47.7634,3361523
2023-12-01,58.06,58.24,57.56,57.8,47.7882,1337401
2023-12-04,58.0,58.54,57.94,58.47,48.3422,1595873
2023-12-05,58.28,59.85,58.06,59.76,49.4087,3181718
2023-12-06,59.83,60.96,59.55,60.66,50.1528,2813151
2023-12-07,60.35,61.26,60.04,61.11,50.5249,2523276
2023-12-08,61.21,61.9,60.91,61.85,51.1367,2699114
2023-12-11,61.82,61.92,61.18,61.18,50.5828,2198940
2023-12-12,61.37,61.39,60.75,60.82,50.2851,1848851
2023-12-13,60.53,60.93,60.25,60.31,49.8634,2044571
2023-12-14,61.31,63.32,61.3,62.88,51.9883,4771017
2023-12-15,63.26,63.98,62.76,63.09,52.1619,9283183
2023-12-18,62.86,63.3,62.11,62.39,51.5832,1563237
2023-12-19,62.35,62.63,62.17,62.29,51.5005,1836408
2023-12-20,62.63,63.22,62.43,62.86,51.9718,2125843
2023-12-21,62.6,62.88,62.09,62.88,51.9883,1458810
2023-12-22,63.0,63.37,62.9,63.01,52.0958,1279974
2023-12-27,63.1,63.54,62.77,62.99,52.0792,1184940
2023-12-28,63.12,63.24,62.34,62.45,51.6328,856379
2023-12-29,62.42,62.85,62.42,62.59,51.7485,764511
2024-01-02,62.93,63.82,62.8,63.36,52.3851,1453297
2024-01-03,63.65,63.75,61.42,61.67,50.9879,2161179
2024-01-04,61.85,62.91,61.6,62.91,52.0131,2020844
2024-01-05,62.34,63.31,62.0,63.0,52.0875,1720661
2024-01-08,63.0,63.25,62.46,63.14,52.2033,1129620
2024-01-09,63.11,63.11,62.26,62.63,51.7816,1334945
2024-01-10,62.24,62.83,62.11,62.43,51.6162,1444745
2024-01-11,62.8,62.91,60.4,60.8,50.2686,2383953
2024-01-12,60.97,61.63,60.48,60.83,50.2934,1827811
2024-01-15,60.97,61.38,60.6,61.12,50.5331,1328875
2024-01-16,60.45,60.95,60.24,60.75,50.2272,1726074
2024-01-17,60.0,60.29,59.4,60.24,49.8056,1829354
2024-01-18,60.24,61.08,60.11,60.66,50.1528,1662660
2024-01-19,60.96,61.2,60.54,60.61,50.1115,1550707
2024-01-22,61.56,62.15,61.44,61.53,50.8721,1657658
2024-01-23,61.71,61.87,60.88,61.17,50.5745,1379736
2024-01-24,61.69,62.17,61.69,61.99,51.2524,2228528
2024-01-25,61.66,61.92,61.31,61.69,51.0044,1315686
2024-01-26,62.0,62.71,61.59,62.55,51.7154,2078747
2024-01-29,62.65,62.87,61.85,62.04,51.2938,1483122
2024-01-30,62.15,62.45,61.83,62.2,51.4261,1746594
2024-01-31,62.45,63.17,62.16,62.55,51.7154,2628768
2024-02-01,57.0,58.99,56.4,56.79,46.9532,9865002
2024-02-02,57.35,57.95,55.86,56.06,46.3496,5384986
2024-02-05,56.95,57.23,55.85,56.1,46.3827,3623657
2024-02-06,56.12,56.24,55.07,55.08,45.5394,3989882
2024-02-07,55.08,55.75,54.69,54.8,45.3079,3496049
2024-02-08,55.1,55.18,54.23,54.54,45.0929,2920886
2024-02-09,54.17,54.52,53.08,53.44,44.1834,4901434
2024-02-12,54.0,54.33,53.79,54.17,44.787,3202069
2024-02-13,54.19,54.69,53.69,53.83,44.5059,2452307
2024-02-14,53.5,54.34,53.42,53.92,44.5803,2374115
2024-02-15,54.1,54.25,53.53,54.01,44.6547,2517763
2024-02-16,54.53,54.86,54.22,54.38,44.9606,2901560
2024-02-19,54.5,55.01,54.33,54.77,45.2831,2292612
2024-02-20,54.59,55.57,54.57,55.5,45.8866,3168091
2024-02-21,55.5,56.12,55.49,55.9,46.2173,2638341
2024-02-22,56.43,56.83,55.92,56.22,46.4819,2618808
2024-02-23,56.56,56.76,56.09,56.39,46.6224,2247149
2024-02-26,56.35,56.45,55.27,55.34,45.7543,2763767
2024-02-27,55.1,55.61,55.09,55.6,45.9693,2130501
2024-02-28,55.47,56.02,55.13,55.45,45.8453,2386211
2024-02-29,55.59,55.8,55.24,55.38,45.7874,3837416
2024-03-01,55.53,56.44,55.38,56.15,46.424,2517235
2024-03-04,56.18,57.42,56.17,57.27,47.35,3111764
2024-03-05,57.0,57.47,56.66,57.24,47.3252,1968996
2024-03-06,57.25,57.83,57.22,57.27,47.35,2614268
2024-03-07,57.13,58.58,57.1,58.39,48.276,3758442
2024-03-08,58.49,59.19,58.42,58.93,48.7225,2857525
2024-03-11,58.66,59.31,58.62,59.05,48.8217,2759877
2024-03-12,59.42,60.12,59.1,59.71,49.3674,4012391
2024-03-13,60.88,61.78,60.63,60.95,50.3926,4745114
2024-03-14,60.77,61.28,60.15,60.25,49.8138,3209386
2024-03-15,60.45,61.61,60.34,61.21,50.6076,8949165
2024-03-18,61.28,61.82,61.22,61.36,50.7316,2282031
2024-03-19,61.56,62.34,61.56,62.0,51.2607,2947725
2024-03-20,61.88,62.17,61.45,61.93,51.2028,2885055
2024-03-21,62.39,63.02,62.09,62.64,51.7899,3666581
2024-03-22,63.15,63.62,62.75,62.8,51.9221,2715480
2024-03-25,62.72,63.19,62.49,62.49,51.6658,2176630
2024-03-26,63.25,64.4,63.25,64.31,53.1706,3717066
2024-03-27,64.31,65.35,64.04,64.67,53.4682,2891033
2024-03-28,64.92,65.93,64.9,65.86,54.4521,3467964
2024-04-02,65.8,66.6,65.18,65.42,54.0883,2995647
2024-04-03,65.4,66.89,65.29,66.53,55.0061,3081188
2024-04-04,66.8,67.6,66.8,67.16,55.5269,2583051
2024-04-05,66.23,66.68,65.91,66.55,55.0226,2913205
2024-04-08,66.52,67.31,66.47,66.99,55.3864,1847356
2024-04-09,66.91,67.39,66.52,66.64,55.097,2233616
2024-04-10,67.07,67.54,66.12,66.73,55.1714,2452350
2024-04-11,66.52,67.15,64.8,65.51,54.1627,3214765
2024-04-12,65.99,66.44,65.1,65.36,54.0387,2351756
2024-04-15,65.36,66.59,65.33,65.77,54.3777,2592068
2024-04-16,64.46,64.72,63.63,63.83,52.7737,3485230
2024-04-17,63.92,64.98,63.84,64.15,53.0383,2277500
2024-04-18,64.98,65.55,64.65,65.46,54.1214,2716710
2024-04-19,64.78,65.73,64.41,65.43,54.0966,2722009
2024-04-22,66.1,66.78,65.75,66.62,55.0805,2691459
2024-04-23,66.8,68.26,66.8,68.05,56.2628,3112172
2024-04-24,67.77,68.48,67.37,67.73,55.9982,3367663
2024-04-25,68.68,69.55,67.58,68.36,56.5191,3638561
2024-04-26,68.96,69.08,66.72,67.01,55.4029,3211049
2024-04-29,67.6,68.27,67.41,67.72,55.9899,2454535
2024-04-30,68.3,68.49,67.34,67.61,55.899,2349914
2024-05-02,67.61,67.97,67.04,67.45,55.7667,1771056
2024-05-03,68.0,68.31,67.32,67.64,55.9238,1775234
2024-05-06,67.67,68.36,67.4,68.23,56.4116,1067014
2024-05-07,68.69,69.74,68.69,69.6,57.5443,2449417
2024-05-08,69.63,70.12,69.12,69.94,57.8254,2043377
2024-05-09,69.99,70.76,69.92,70.61,58.3793,1688075
2024-05-10,70.8,71.73,70.8,71.2,58.8671,2520057
2024-05-13,71.5,72.17,71.17,71.63,59.2227,1870517
2024-05-14,71.37,71.9,71.01,71.52,59.1317,1763827
2024-05-15,71.67,72.04,71.48,71.75,59.3219,1803259
2024-05-16,71.68,71.89,71.24,71.61,59.2061,1340519
2024-05-17,71.79,72.31,71.69,72.31,59.7849,2796769
2024-05-20,72.35,73.08,72.29,72.9,60.2727,2085075
2024-05-21,68.3,68.5,67.06,68.34,60.308,4197847
2024-05-22,68.13,68.27,67.45,67.52,59.5844,1611847
2024-05-23,67.61,67.83,66.86,67.09,59.2049,1593552
2024-05-24,66.54,67.3,66.23,67.21,59.3108,1333372
2024-05-27,67.26,67.3,66.81,67.06,59.1784,962501
2024-05-28,67.15,67.79,67.11,67.79,59.8226,1390311
2024-05-29,67.93,68.07,66.56,66.93,59.0637,1873775
2024-05-30,66.43,67.79,66.38,67.79,59.8226,1654206
2024-05-31,68.01,68.23,67.37,67.7,59.7432,3289110
2024-06-03,68.5,68.66,67.91,68.06,60.0609,1415332
2024-06-04,67.75,67.79,66.32,66.83,58.9755,2450741
2024-06-05,66.94,67.09,66.04,66.23,58.446,1613978
2024-06-06,66.59,67.16,65.68,66.85,58.9931,2181388
2024-06-07,66.85,67.11,66.06,66.37,58.5695,2120025
2024-06-10,61.0,63.68,60.5,63.21,55.7809,7509856
2024-06-11,63.65,63.75,60.37,60.75,53.61,6746748
2024-06-12,60.8,62.09,60.8,61.82,54.5543,4627597
2024-06-13,61.62,61.76,58.98,60.0,52.9482,5973973
2024-06-14,59.77,59.87,57.36,58.41,51.5451,8617206
2024-06-17,58.75,59.59,58.1,59.14,52.1893,4341390
2024-06-18,59.8,60.12,58.71,59.46,52.4716,2718136
2024-06-19,59.9,59.9,58.58,58.71,51.8098,2947548
2024-06-20,58.98,60.34,58.83,60.11,53.0453,2735541
2024-06-21,60.0,60.48,58.72,59.33,52.3569,6377244
2024-06-24,59.4,61.42,59.4,61.27,54.0689,3799351
2024-06-25,61.42,61.51,60.22,60.56,53.4424,3411239
2024-06-26,60.76,61.28,59.96,60.25,53.1688,3252961
2024-06-27,60.45,60.68,59.58,60.02,52.9658,3437993
2024-06-28,60.33,60.36,59.18,59.53,52.5334,4476230
2024-07-01,62.9,62.96,60.96,61.67,54.4219,4655869
2024-07-02,61.21,61.47,60.43,61.23,54.0336,2578874
2024-07-03,61.75,63.18,61.55,62.73,55.3573,3555561
2024-07-04,63.5,64.5,63.33,63.92,56.4075,2798016
2024-07-05,64.08,64.1,63.17,63.66,56.178,2358461
2024-07-08,63.0,64.18,62.54,62.54,55.1897,3007412
2024-07-09,62.12,62.33,60.54,61.07,53.8924,3863035
2024-07-10,61.36,61.94,60.8,61.62,54.3778,1924593
2024-07-11,62.0,62.46,61.62,62.02,54.7308,1692308
2024-07-12,62.23,62.73,62.07,62.44,55.1014,1800462
2024-07-15,62.05,62.86,61.65,62.74,55.3662,1580214
2024-07-16,62.36,62.74,61.96,62.57,55.2161,1353639
2024-07-17,62.37,63.37,62.22,63.03,55.6221,1890688
2024-07-18,63.39,63.73,63.04,63.65,56.1692,2131235
2024-07-19,63.05,63.24,62.66,63.05,55.6397,2758555
2024-07-22,63.4,64.59,63.18,64.53,56.9458,2579090
2024-07-23,64.53,65.04,64.18,64.69,57.087,2555763
2024-07-24,64.8,64.85,62.9,64.08,56.5487,2674629
2024-07-25,63.55,64.65,62.71,64.56,56.9722,2229646
2024-07-26,64.56,65.03,64.32,64.46,56.884,1721058
2024-07-29,65.05,65.12,63.32,63.91,56.3986,1857337
2024-07-30,63.82,64.74,63.73,64.24,56.6899,1455532
2024-07-31,64.28,64.38,63.06,63.46,56.0015,2630196
2024-08-01,62.99,63.01,61.18,61.46,54.2366,3792758
2024-08-02,61.15,61.16,59.15,59.66,52.6481,4648756
2024-08-05,56.76,58.76,55.84,58.6,51.7127,4847967
2024-08-06,59.62,59.65,57.45,57.83,51.0332,3470163
2024-08-07,58.86,60.06,58.4,59.46,52.4716,3846128
2024-08-08,59.17,59.6,58.45,59.42,52.4364,1704485
2024-08-09,59.77,60.26,58.98,59.25,52.2863,1725418
2024-08-12,59.66,59.79,59.11,59.25,52.2863,1361369
2024-08-13,59.71,59.71,58.95,59.27,52.304,1408935
2024-08-14,59.75,59.79,59.39,59.75,52.7276,1798601
2024-08-15,59.93,60.9,59.61,60.47,53.3629,1901263
2024-08-16,60.63,61.29,60.55,61.12,53.9365,1845643
2024-08-19,61.28,61.86,61.18,61.36,54.1483,1402256
2024-08-20,61.52,61.65,60.63,60.91,53.7512,1388031
2024-08-21,60.81,61.41,60.67,61.18,53.9895,1415680
2024-08-22,61.16,61.54,60.89,61.08,53.9013,1219696
2024-08-23,61.45,61.61,61.03,61.42,54.2013,1539381
2024-08-26,61.5,61.75,61.15,61.45,54.2278,824515
2024-08-27,61.39,62.2,61.39,61.99,54.7043,1394488
2024-08-28,62.17,62.28,61.53,61.88,54.6072,1194154
2024-08-29,61.8,62.58,61.8,62.11,54.8102,1482081
2024-08-30,62.59,62.76,62.23,62.58,55.225,2283144
2024-09-02,62.52,62.79,61.83,62.43,55.0926,868046
2024-09-03,62.56,62.89,61.15,61.68,54.4307,2131707
2024-09-04,60.71,62.11,60.54,61.92,54.6425,1702441
2024-09-05,61.58,63.84,61.54,63.61,56.1339,2748287
2024-09-06,63.29,63.6,61.89,62.18,54.872,2823213
2024-09-09,62.2,63.01,62.08,62.57,55.2161,1689491
2024-09-10,62.51,63.22,61.95,62.18,54.872,1531845
2024-09-11,62.62,63.06,61.76,62.61,55.2514,1731219
2024-09-12,63.29,63.9,62.8,63.47,56.0104,2425097
2024-09-13,63.38,63.98,63.34,63.37,55.9221,1562486
2024-09-16,63.0,63.42,62.73,63.29,55.8515,1078696
2024-09-17,63.69,64.54,63.69,64.45,56.8752,2197849
2024-09-18,64.1,64.54,63.99,64.15,56.6104,1495272
2024-09-19,65.0,65.2,64.68,65.17,57.5106,2272187
2024-09-20,65.3,65.6,64.52,64.78,57.1664,4555256
2024-09-23,64.8,64.85,61.51,62.41,55.0749,3820413
2024-09-24,62.89,63.52,62.69,62.82,55.4367,1969233
2024-09-25,62.22,62.66,61.58,62.31,54.9867,1645527
2024-09-26,62.9,63.78,62.84,63.24,55.8074,2172542
2024-09-27,62.98,63.68,62.81,63.3,55.8603,2468619
2024-09-30,62.46,62.49,61.26,61.55,54.316,3401241
2024-10-01,61.67,62.03,60.52,61.14,53.9542,3016067
2024-10-02,61.01,61.57,60.63,60.96,53.7954,1856508
2024-10-03,60.68,60.75,59.67,60.09,53.0276,2721746
2024-10-04,60.12,61.38,60.05,60.86,53.7071,3156894
2024-10-07,61.51,61.81,60.78,61.81,54.5455,2118029
2024-10-08,61.16,62.15,61.11,61.9,54.6249,1697615
2024-10-09,61.95,62.14,61.46,62.1,54.8014,1933761
2024-10-10,62.11,62.45,61.88,61.92,54.6425,1495515
2024-10-11,61.86,62.51,61.75,62.16,54.8543,1447840
2024-10-14,62.33,62.92,62.12,62.92,55.525,1498110
2024-10-15,63.05,63.81,62.64,63.71,56.2221,2926156
2024-10-16,63.47,64.48,63.22,64.48,56.9016,2547930
2024-10-17,64.53,65.95,64.48,65.61,57.8988,3538311
2024-10-18,65.32,66.72,65.28,66.27,58.4813,3181758
2024-10-21,65.97,66.31,65.08,65.8,58.0665,1753455
2024-10-22,65.56,65.85,64.84,65.7,57.9783,1314922
2024-10-23,65.52,65.8,65.12,65.23,57.5635,1702979
2024-10-24,65.32,65.93,65.27,65.33,57.6517,1747989
2024-10-25,65.16,65.91,65.08,65.33,57.6517,1462627
2024-10-28,65.73,66.12,65.29,66.02,58.2607,1879445
2024-10-29,66.6,66.99,65.75,65.94,58.1901,2294320
2024-10-30,65.51,65.86,64.79,65.5,57.8018,2065998
2024-10-31,61.79,62.86,60.6,62.75,55.375,7008244
2024-11-01,62.57,63.42,62.35,63.04,55.6309,3008056
2024-11-04,62.99,63.44,62.67,62.87,55.4809,1950835
2024-11-05,62.79,62.96,62.02,62.74,55.3662,2153744
2024-11-06,63.56,63.98,60.47,61.07,53.8924,5045283
2024-11-07,60.96,61.33,59.05,59.05,52.1098,5322315
2024-11-08,59.26,59.78,58.83,59.76,52.7364,4731196
2024-11-11,60.01,60.94,59.94,60.94,53.7777,3062744
2024-11-12,60.17,60.38,59.07,59.38,52.4011,3871602
2024-11-13,59.15,59.84,58.49,59.12,52.1716,2782805
2024-11-14,59.38,59.92,59.13,59.47,52.4805,2110841
2024-11-15,59.23,60.4,59.17,60.11,53.0453,2304077
2024-11-18,60.26,60.59,60.03,60.42,53.3188,1536817
2024-11-19,60.28,60.81,58.42,59.31,52.3393,3298668
2024-11-20,59.53,59.61,58.23,58.49,51.6157,3040698
2024-11-21,58.33,58.62,57.87,58.22,51.3774,3475100
2024-11-22,58.6,58.76,56.13,56.92,50.2302,5607002
2024-11-25,57.31,57.38,56.36,56.98,50.2831,4787044
2024-11-26,56.5,56.86,56.02,56.3,49.683,2952549
2024-11-27,55.7,55.75,54.63,55.63,49.0918,4618436
2024-11-28,55.88,56.39,55.55,56.14,49.5419,2383392
2024-11-29,55.6,56.93,55.55,56.64,49.9831,3399190
2024-12-02,55.6,56.78,55.32,55.94,49.3654,4192383
2024-12-03,56.23,56.91,55.52,55.78,49.2242,3632470
2024-12-04,55.83,56.82,55.8,56.5,49.8595,2626120
2024-12-05,56.36,58.09,56.29,57.97,51.1568,3646351
2024-12-06,57.96,59.1,57.89,58.57,51.6863,3758878
2024-12-09,59.19,60.27,59.19,60.06,53.0011,3643529
2024-12-10,59.87,60.12,59.47,59.7,52.6834,3017820
2024-12-11,59.59,59.98,59.38,59.59,52.5864,1806949
2024-12-12,59.78,59.93,58.7,58.92,51.9951,3064965
2024-12-13,59.01,59.35,58.77,58.94,52.0128,2159456
2024-12-16,58.64,59.29,58.45,58.82,51.9069,1775368
2024-12-17,58.57,58.84,58.25,58.25,51.4039,3075365
2024-12-18,58.32,59.21,58.24,58.63,51.7392,2891991
2024-12-19,57.58,58.09,57.22,57.81,51.0156,2800740
2024-12-20,57.36,57.6,56.6,57.48,50.7244,4839471
2024-12-23,57.52,57.53,57.01,57.44,50.6891,1395481
2024-12-24,57.82,57.91,57.54,57.54,50.7773,479686
2024-12-27,57.9,58.67,57.9,58.54,51.6598,2338135
2024-12-30,58.47,59.33,58.42,58.73,51.8274,1667203
2024-12-31,58.54,59.4,58.49,59.22,52.2599,796685
2025-01-02,59.54,60.0,57.92,59.25,52.2863,1571471
2025-01-03,59.18,59.43,58.18,58.49,51.6157,2635522
2025-01-06,59.43,60.37,59.0,60.03,52.9747,3444327
2025-01-07,59.92,61.08,59.34,60.4,53.3012,3010929
2025-01-08,60.39,60.9,59.29,60.14,53.0717,2534021
2025-01-09,59.61,60.21,59.04,59.95,52.9041,1759110
2025-01-10,59.79,60.21,59.2,59.35,52.3746,3177621
2025-01-13,59.29,59.84,58.8,59.64,52.6305,2249295
2025-01-14,60.63,61.42,60.63,60.81,53.663,3608506
2025-01-15,61.03,62.35,60.48,62.08,54.7837,4240049
2025-01-16,62.8,62.8,61.96,62.21,54.8984,2413140
2025-01-17,62.56,62.74,62.03,62.24,54.9249,3346287
2025-01-20,62.51,63.25,62.43,62.95,55.5515,2581551
2025-01-21,63.03,63.21,62.73,63.11,55.6927,1841077
2025-01-22,63.04,63.18,62.13,62.31,54.9867,2831825
2025-01-23,62.56,63.44,62.53,63.38,55.9309,2412811
2025-01-24,63.74,64.38,63.37,63.61,56.1339,1858272
2025-01-27,63.43,64.53,63.37,64.23,56.681,3000292
2025-01-28,64.23,65.04,64.05,64.58,56.9899,2440646
2025-01-29,64.49,64.8,64.06,64.67,57.0693,2128766
2025-01-30,64.79,65.93,64.58,65.66,57.943,2838071
2025-01-31,65.6,66.07,65.45,65.72,57.9959,2930668
2025-02-03,64.18,64.85,63.8,64.32,56.7605,4014970
2025-02-04,66.5,67.05,65.02,67.05,59.1696,5238937
2025-02-05,66.97,67.38,65.87,66.4,58.596,3172600
2025-02-06,66.75,68.45,66.55,68.26,60.2374,4195725
2025-02-07,68.99,69.74,68.81,69.45,61.2875,4583335
2025-02-10,69.43,70.11,69.31,69.49,61.3228,3623884
2025-02-11,69.7,70.22,69.37,70.13,61.8876,2409379
2025-02-12,70.58,71.13,70.46,70.94,62.6024,2772529
2025-02-13,71.48,71.54,69.8,70.1,61.8611,3067525
2025-02-14,69.99,70.32,69.74,69.95,61.7288,2784882
2025-02-17,70.03,70.71,69.83,69.83,61.6229,1505907
2025-02-18,69.95,71.27,69.87,71.09,62.7348,2644716
2025-02-19,70.89,71.2,69.97,70.3,62.0376,2497449
2025-02-20,70.37,71.54,70.37,70.87,62.5406,3309235
2025-02-21,70.84,71.44,70.75,71.12,62.7612,2525080
2025-02-24,71.02,71.59,70.79,71.08,62.7259,1770629
2025-02-25,71.0,72.66,71.0,72.11,63.6349,2874998
2025-02-26,72.41,72.88,71.92,72.72,64.1732,2369568
2025-02-27,72.5,73.52,72.08,72.61,64.0761,2299727
2025-02-28,72.37,72.86,71.71,72.86,64.2967,4812789
2025-03-03,72.64,74.41,72.12,74.02,65.3204,3282247
2025-03-04,73.04,73.48,70.98,71.69,63.2643,3943060
2025-03-05,74.0,75.42,73.23,74.66,65.8852,5127533
2025-03-06,75.79,77.72,75.6,77.17,68.1002,4960960
2025-03-07,76.67,77.31,76.21,76.57,67.5707,3555933
2025-03-10,76.47,76.76,74.35,74.44,65.691,3997676
2025-03-11,74.9,75.03,72.28,72.96,64.385,4200358
2025-03-12,73.74,74.7,73.67,73.69,65.0292,3137680
2025-03-13,73.47,74.08,72.97,73.55,64.9056,2891928
2025-03-14,73.05,76.38,72.68,75.72,66.8206,3843234
2025-03-17,76.0,78.16,75.9,77.91,68.7532,3644074
2025-03-18,78.05,80.43,78.04,80.21,70.7829,5488254
2025-03-19,79.91,80.97,79.9,80.86,71.3565,3170970
2025-03-20,80.7,80.88,78.45,79.05,69.7592,3094729
2025-03-21,78.95,80.22,78.42,79.72,70.3505,7614235
2025-03-24,80.56,80.82,79.43,79.43,70.0946,2433226
2025-03-25,79.89,81.58,79.77,81.58,71.9919,3139788
2025-03-26,81.65,81.92,80.17,80.4,70.9506,2745755
2025-03-27,79.53,80.72,78.67,79.67,70.3064,2585313
2025-03-28,78.68,79.55,78.32,78.55,69.318,3530438
2025-03-31,77.65,77.8,76.28,76.91,67.8707,4346990
2025-04-01,77.33,78.62,76.85,78.49,69.265,3214861
2025-04-02,76.89,77.75,76.16,77.75,68.612,3709465
2025-04-03,75.77,75.96,73.7,73.7,65.038,5866719
2025-04-04,72.35,72.49,66.76,68.67,60.5992,10424230
2025-04-07,62.1,69.38,61.0,66.1,58.3312,10054530
2025-04-08,67.8,68.26,65.05,66.19,58.4107,5756388
2025-04-09,63.68,65.3,62.45,63.78,56.2839,6059025
2025-04-10,73.63,73.63,67.23,67.23,59.3284,7709559
2025-04-11,68.15,68.8,64.02,65.61,57.8988,5435045
2025-04-14,68.19,68.95,67.69,68.5,60.4492,4086459
2025-04-15,68.58,70.68,68.58,70.58,62.2847,3565333
2025-04-16,69.93,71.66,69.8,71.58,63.1672,3171170
2025-04-17,71.69,71.92,70.13,70.74,62.4259,2922984
2025-04-22,70.95,71.91,70.6,71.62,63.2025,2644851
2025-04-23,73.1,74.82,72.85,73.82,65.1439,4756299
2025-04-24,71.92,72.81,70.61,72.23,63.7408,3705193
2025-04-25,72.9,73.2,72.2,72.81,64.2526,2764070
2025-04-28,73.14,74.63,73.14,74.1,65.391,2642379
2025-04-29,75.0,75.5,74.44,74.8,66.0087,2497609
2025-04-30,75.47,75.56,72.87,74.29,65.5587,4196187
2025-05-02,74.99,76.59,74.98,76.36,67.3854,3468875
2025-05-05,76.64,76.83,76.06,76.36,67.3854,1620728
2025-05-06,76.41,76.76,75.11,76.0,67.0677,2001007
2025-05-07,75.92,76.735,75.77,76.02,67.0853,2265470
2025-05-08,76.32,77.06,76.1,77.0,67.9502,2070844
2025-05-09,77.29,77.5,76.89,77.5,68.3914,2295628
2025-05-12,78.3,79.71,78.04,79.05,69.7592,3834741
2025-05-13,79.24,79.49,78.6,79.08,69.7857,2186571
2025-05-14,79.16,79.92,78.76,79.92,70.527,2561125
2025-05-15,79.5,79.95,79.32,79.6,70.2446,2256067
2025-05-16,79.6,79.76,78.79,79.39,70.0593,3672767
2025-05-19,75.54,77.15,75.48,77.15,72.4541,5096061
2025-05-20,77.21,78.47,77.15,77.64,72.9142,2975979
2025-05-21,77.93,78.55,77.63,77.94,73.196,2780363
2025-05-22,77.83,78.19,77.12,77.5,72.7828,3162888
2025-05-23,77.51,78.39,73.94,75.84,71.2238,4076993
2025-05-26,76.92,77.4,76.74,77.22,72.5198,2931682
2025-05-27,77.16,77.87,77.05,77.42,72.7076,2167272
2025-05-28,77.52,77.91,76.55,76.58,71.9188,3133556
2025-05-29,77.51,77.64,76.67,76.83,72.1535,1870054
2025-05-30,77.01,77.56,76.82,77.14,72.4447,4022585
2025-06-02,76.8,77.2,76.02,76.71,72.0408,2724245
2025-06-03,76.83,77.3,75.87,77.22,72.5198,2766585
2025-06-04,77.34,78.45,76.27,76.64,71.9751,3045846
2025-06-05,76.82,77.66,76.62,77.5,72.7828,2986549
2025-06-06,77.77,78.43,77.39,78.14,73.3838,2413794
2025-06-09,78.21,78.52,77.63,78.49,73.7125,2143681
2025-06-10,78.55,78.66,75.92,76.29,71.6464,2760639
2025-06-11,76.49,76.85,75.64,76.22,71.5807,2853957
2025-06-12,75.5,77.06,75.34,76.48,71.8248,2283451
2025-06-13,75.27,75.86,75.05,75.28,70.6979,3175580
2025-06-16,75.63,77.5,75.57,77.5,72.7828,2674401
2025-06-17,76.75,76.89,75.38,75.97,71.3459,2378298
2025-06-18,76.15,76.65,75.67,76.57,71.9094,1998538
2025-06-19,76.05,76.32,74.59,74.64,70.0968,2486125
2025-06-20,75.29,75.99,74.07,74.3,69.7775,6445923
2025-06-23,74.0,74.24,72.59,73.08,68.6318,2307376
2025-06-24,74.74,75.81,74.61,75.38,70.7918,2810546
2025-06-25,75.44,75.75,74.86,75.21,70.6321,1893621
2025-06-26,75.8,76.33,75.23,75.27,70.6885,2188805
2025-06-27,76.24,76.9,75.78,76.9,72.2193,2723252
2025-06-30,77.15,77.19,75.62,76.32,71.6746,2989700
2025-07-01,76.3,76.36,74.9,75.2,70.6228,1980122
2025-07-02,76.13,77.16,75.97,76.63,71.9657,1874526
2025-07-03,76.92,77.11,76.25,76.58,71.9188,1355567
2025-07-04,76.22,76.33,74.59,74.88,70.3222,1917871
2025-07-07,74.76,76.01,74.74,75.94,71.3177,1672266
2025-07-08,76.19,76.43,75.48,76.41,71.7591,2042039
2025-07-09,77.06,78.87,76.95,78.87,74.0694,2796494
2025-07-10,79.2,79.21,77.85,77.91,73.1678,1650212
2025-07-11,77.96,78.2,75.98,76.6,71.9375,2517311
2025-07-14,75.75,76.7,75.4,76.68,72.0127,1152671
2025-07-15,76.96,77.04,76.01,76.23,71.5901,1385854
2025-07-16,76.1,76.93,75.75,76.08,71.4492,1859385
2025-07-17,76.4,77.15,76.04,77.15,72.4541,1945017
2025-07-18,77.62,77.84,76.73,77.84,73.1021,2275262
2025-07-21,77.71,77.79,76.4,77.74,73.0081,2046652
2025-07-22,77.38,77.72,76.65,77.08,72.3883,1872782
2025-07-23,78.25,78.86,77.63,78.48,73.7031,2504092
2025-07-24,80.0,81.05,78.2,78.79,73.9942,3344023
2025-07-25,79.0,79.23,78.08,78.87,74.0694,1786751
2025-07-28,80.0,80.12,77.19,77.38,72.6701,2408876
2025-07-29,77.79,79.08,77.49,78.48,73.7031,2005100
2025-07-30,78.33,79.33,78.12,79.07,74.2572,1846735
2025-07-31,79.77,80.38,79.0,80.06,75.1869,3766634
2025-08-01,79.7,79.7,75.88,76.53,71.8718,4220952
2025-08-04,77.03,78.54,76.97,78.5,73.7219,2302451
2025-08-05,79.29,79.3,77.8,78.38,73.6092,1604332
2025-08-06,79.01,79.34,78.68,79.3,74.4732,1703408
2025-08-07,79.71,80.14,79.37,79.5,74.661,2244475
2025-08-08,79.79,81.5,79.44,81.5,76.5393,2361635
2025-08-11,81.76,81.99,80.88,81.55,76.5862,1897384
2025-08-12,82.0,82.26,81.54,81.75,76.7741,1564728
2025-08-13,82.0,83.13,81.8,82.94,77.8916,2356352
2025-08-14,83.25,84.09,83.12,83.94,78.8308,1807921
2025-08-15,84.44,84.7,83.59,83.7,78.6054,1635719
2025-08-18,83.78,83.9,80.73,82.29,77.2812,1581378
2025-08-19,82.63,83.32,82.32,82.86,77.8165,1300079
2025-08-20,82.65,83.33,82.37,83.31,78.2391,1211752
2025-08-21,82.56,82.92,81.84,82.72,77.685,1265804
2025-08-22,82.72,83.72,82.48,83.38,78.3049,1233531
2025-08-25,83.05,83.45,80.06,80.43,75.5344,2581332
2025-08-26,77.41,77.77,74.54,77.03,72.3414,7613260
2025-08-27,76.85,77.41,75.85,76.53,71.8718,2336368
2025-08-28,76.98,77.77,76.28,76.9,72.2193,1862419
2025-08-29,76.76,76.88,76.0,76.83,72.1535,2247764
2025-09-01,76.91,77.23,76.66,77.05,72.3601,1059034
2025-09-02,77.1,77.28,75.17,75.94,71.3177,2582440
2025-09-03,75.82,76.63,75.29,76.19,71.5525,2341664
2025-09-04,76.29,77.94,76.15,77.56,72.8391,2919021
2025-09-05,78.16,78.28,76.21,76.52,71.8624,1909320
2025-09-08,76.58,77.2,76.12,76.7,72.0314,1766240
2025-09-09,77.14,77.99,76.69,77.87,73.1302,1938234
2025-09-10,78.2,78.6,77.47,78.16,73.4026,1840483
2025-09-11,78.63,79.66,78.17,79.41,74.5765,2343944
2025-09-12,79.72,79.82,78.55,79.3,74.4732,1409867
2025-09-15,79.7,80.79,79.52,80.33,75.4405,1719663
2025-09-16,80.07,80.76,78.82,79.17,74.3511,2393805
2025-09-17,79.24,79.39,77.08,77.67,72.9424,2515175
2025-09-18,78.15,78.86,77.87,78.39,73.6186,1948956
2025-09-19,79.54,79.93,79.02,79.6,74.7549,3492262
2025-09-22,79.63,79.67,78.41,78.68,73.8909,1604751
2025-09-23,79.12,79.67,78.5,78.93,74.1257,1741098
2025-09-24,78.85,78.93,77.92,78.22,73.4589,2068144
2025-09-25,77.81,78.43,77.35,78.43,73.6561,1829519
2025-09-26,76.44,77.93,76.43,77.54,75.3072,2121040
2025-09-29,77.83,77.9,77.08,77.45,75.2198,1784329
2025-09-30,77.75,77.92,77.01,77.33,75.1032,1999582
2025-10-01,77.22,78.4,75.75,78.34,76.0842,2153316
2025-10-02,78.64,78.77,77.46,77.53,75.2975,1954767
2025-10-03,78.29,78.87,76.84,78.0,75.7539,1792351
2025-10-06,76.95,77.09,73.21,75.5,73.3259,3901585
2025-10-07,75.5,75.72,74.49,74.63,72.481,2571730
2025-10-08,74.86,75.76,74.5,75.2,73.0346,2875560
2025-10-09,75.19,76.2,75.12,75.54,73.3648,1638496
2025-10-10,75.99,77.045,75.1,75.5,73.3259,2481923
2025-10-13,75.63,75.91,74.79,75.44,73.2677,1638579
2025-10-14,74.78,76.0,74.18,75.75,73.5687,2825363
2025-10-15,77.34,78.17,76.66,76.83,74.6176,2720061
2025-10-16,76.85,78.05,76.24,77.98,75.7345,2101921
2025-10-17,75.7,76.1,74.58,74.89,72.7335,3930791
2025-10-20,75.63,75.7,66.92,69.1,67.1102,13072970
2025-10-21,68.98,69.37,67.26,67.93,65.9739,8255408
2025-10-22,67.7,68.37,66.9,68.37,66.4013,4939853
2025-10-23,68.8,69.37,68.2,68.72,66.7412,2585062
2025-10-24,68.74,69.08,67.23,68.48,66.5081,3571036
2025-10-27,68.44,69.65,68.05,69.19,67.1976,3334281
2025-10-28,67.0,67.63,66.11,66.74,64.8182,5873124
2025-10-29,66.9,67.55,66.64,66.94,65.0124,3258597
2025-10-30,67.25,67.26,65.67,66.47,64.556,3524572
2025-10-31,66.31,67.06,66.25,67.06,65.129,2472901
2025-11-03,66.3,66.63,65.36,66.0,64.0995,3618749
2025-11-04,65.35,66.0,65.16,66.0,64.0995,2903321
2025-11-05,65.85,66.34,65.48,65.98,64.0801,1892765
2025-11-06,65.98,66.27,65.12,65.34,63.4585,3823499
2025-11-07,65.7,66.16,65.32,65.49,63.6042,1814972
2025-11-10,66.7,67.65,66.34,67.0,65.0707,2722131
2025-11-11,67.41,67.74,67.3,67.55,65.6049,1931233
2025-11-12,68.15,70.07,68.0,69.29,67.2948,3265461
2025-11-13,69.65,70.46,69.58,69.59,67.5861,2319791
2025-11-14,69.05,69.25,67.98,68.83,66.848,2190683
2025-11-17,68.4,68.85,67.98,68.3,66.3333,2167821
2025-11-18,67.37,67.75,66.28,66.69,64.7696,3245412
2025-11-19,66.8,67.36,65.87,67.07,65.1387,2342031
2025-11-20,71.0,71.5,70.02,70.02,68.0037,5282670
2025-11-21,68.8,70.47,68.67,70.47,68.4408,3303109
2025-11-24,70.93,71.54,70.28,70.42,68.3922,3883575
2025-11-25,70.45,72.25,70.05,71.77,69.7033,3335567
2025-11-26,71.93,72.93,71.58,72.34,70.2569,2653974
2025-11-27,72.47,73.51,72.34,73.39,71.2767,2130568
2025-11-28,73.12,73.98,73.05,73.69,71.5681,2643969
2025-12-01,73.69,74.48,73.41,73.44,71.3253,2626864
2025-12-02,73.65,75.1,73.65,75.08,72.918,3159346
2025-12-03,75.03,75.38,74.18,74.25,72.1119,2835770
2025-12-04,74.99,75.93,74.74,75.69,73.5105,3038154
2025-12-05,76.0,76.64,75.39,75.39,73.2191,2167322
2025-12-08,75.56,76.53,75.43,76.42,74.2194,2442558
2025-12-09,76.9,77.89,76.75,77.54,75.3072,3069994
2025-12-10,77.23,77.68,76.92,77.01,74.7925,2511250
2025-12-11,76.92,78.93,76.9,78.67,76.4047,3579181
2025-12-12,79.47,80.27,78.09,78.09,75.8414,2804777
2025-12-15,78.56,79.45,78.56,79.08,76.8029,2338526
2025-12-16,79.43,79.98,78.81,78.86,76.5892,2830574
2025-12-17,79.2,80.15,79.08,80.08,77.7741,2628188
2025-12-18,79.32,80.68,79.27,80.24,77.9294,3186321
2025-12-19,80.67,81.08,80.27,80.6,78.2791,6202498
2025-12-22,80.69,80.85,79.86,80.25,77.9392,1314995
2025-12-23,80.4,80.83,79.78,80.61,78.2888,1609457
2025-12-24,80.4,81.0,80.4,80.52,78.2014,308092
2025-12-29,80.8,80.92,80.09,80.22,77.91,1514671
2025-12-30,80.25,81.38,80.19,81.1,78.7647,1464283
2025-12-31,81.33,81.37,80.54,80.79,78.4636,544818
2026-01-02,80.44,82.12,80.31,81.92,79.5611,1682436
2026-01-05,82.5,82.73,81.1,81.87,79.5125,1649193
2026-01-06,82.44,82.84,80.22,80.57,78.2499,2245560
2026-01-07,81.49,81.72,79.65,79.7,77.405,2025327
2026-01-08,81.14,82.5,80.57,82.5,80.1244,2827587
2026-01-09,84.63,87.27,84.36,87.2,84.689,7020926
2026-01-12,86.3,87.88,85.42,86.98,84.4754,2824644
2026-01-13,87.79,87.79,86.38,86.9,84.3977,2020882
2026-01-14,86.87,87.85,86.68,87.0,84.4948,2111508
2026-01-15,87.29,87.88,86.6,87.38,84.8638,1876145
2026-01-16,87.23,87.7,86.37,87.21,84.6987,2694899
2026-01-19,85.47,86.85,85.0,86.85,84.3491,2089247
2026-01-20,86.4,86.56,85.13,86.42,83.9315,2450661
2026-01-21,86.48,86.49,84.63,85.76,83.2905,2233765
2026-01-22,87.47,88.59,86.92,88.35,85.8059,2575597
2026-01-23,87.89,88.61,87.54,88.14,85.602,1940045
2026-01-26,88.1,88.9,87.96,88.54,85.9904,1679082
2026-01-27,89.0,90.4,88.7,90.15,87.5541,2415190
2026-01-28,90.49,90.79,89.38,90.39,87.7872,2398166
2026-01-29,90.72,91.42,89.91,90.04,87.4473,2573739
2026-01-30,90.2,91.2,89.86,91.2,88.5738,2624728
2026-02-02,90.14,92.5,89.71,92.38,89.7199,1862043
2026-02-03,93.3,93.69,91.76,91.92,89.2731,2307349
2026-02-04,92.8,92.8,90.93,90.93,88.3116,2873951
2026-02-05,95.0,95.5,91.27,91.98,89.3314,4560294
2026-02-06,92.41,93.64,91.45,93.18,90.4968,2447477
2026-02-09,93.63,94.39,92.11,94.39,91.672,2006427
2026-02-10,94.63,95.01,92.98,93.03,90.3512,2012757
2026-02-11,93.01,93.67,91.41,92.7,90.0307,2538430
2026-02-12,93.63,94.22,90.78,91.59,88.9526,2447724
2026-02-13,91.25,92.07,88.46,89.4,86.8257,3943675
2026-02-16,90.1,91.5,89.99,90.84,88.2242,1460565
2026-02-17,90.53,92.46,90.5,92.37,89.7102,1590536
2026-02-18,92.78,94.66,92.58,94.25,91.536,2556405
2026-02-19,94.32,94.87,93.61,93.84,91.1378,2232573
2026-02-20,94.3,95.16,93.51,94.73,92.0022,2157949
2026-02-23,95.69,97.11,95.36,95.85,93.0899,2242271
2026-02-24,94.89,95.02,93.51,94.48,91.7594,1950423
2026-02-25,95.18,96.57,95.18,96.37,93.595,1952079
2026-02-26,96.37,96.86,95.82,96.3,93.527,1208191
2026-02-27,96.3,97.35,94.52,95.5,92.75,3425048
2026-03-02,92.24,93.46,91.08,92.08,89.4285,3460803
2026-03-03,90.0,90.24,86.65,88.31,85.7671,4597542
2026-03-04,87.83,90.35,87.56,89.32,86.748,2625956
2026-03-05,88.69,90.05,86.79,87.03,84.5239,2958630
2026-03-06,88.15,88.43,84.85,86.35,83.8635,3507910
2026-03-09,84.0,85.49,82.95,85.33,82.8729,2692768
2026-03-10,88.73,89.14,87.31,88.37,85.8253,3027246
2026-03-11,87.18,89.68,87.05,89.44,86.8645,2734235
2026-03-12,88.51,88.73,85.61,85.8,83.3293,3478616
2026-03-13,84.89,86.25,83.77,84.89,82.4455,2138566
2026-03-16,84.63,85.91,83.77,84.88,82.4358,1723945
2026-03-17,84.1,87.23,84.1,85.88,83.407,1744723
2026-03-18,86.72,88.36,86.43,87.3,84.7862,2956270
2026-03-19,85.57,85.98,83.25,84.49,82.0571,3824718
2026-03-20,85.97,86.14,82.13,82.13,79.765,7305963
2026-03-23,79.61,85.12,78.83,83.35,80.9499,4136952
2026-03-24,83.56,83.71,81.84,82.94,80.5517,2416224
2026-03-25,84.47,84.99,83.65,84.31,81.8822,2168828
2026-03-26,83.7,83.76,81.74,81.87,79.5125,2915470
2026-03-27,82.55,82.55,80.47,81.08,78.7453,2624624
2026-03-30,80.7,80.92,79.69,80.92,78.5899,3693081
2026-03-31,80.96,82.26,80.52,80.99,78.6579,3373104
2026-04-01,84.1,85.73,83.97,85.38,82.9214,2811388
2026-04-02,82.89,83.75,81.52,83.3,80.9013,2771109
2026-04-07,83.69,85.12,82.8,83.72,81.3092,2186641
2026-04-08,90.98,91.9,89.17,89.98,87.389,5316923
2026-04-09,89.62,89.95,88.49,89.49,86.9131,2234384
2026-04-10,90.1,91.06,89.27,90.33,87.7289,2313266
2026-04-13,88.7,89.83,88.68,89.77,87.185,1593854
2026-04-14,90.75,91.25,89.53,91.11,88.4864,1886678
2026-04-15,90.99,91.39,90.28,91.37,88.739,1649794
2026-04-16,91.67,92.09,90.4,90.44,87.8357,1730900
2026-04-17,90.39,94.32,90.1,94.28,91.5652,3025852
2026-04-20,92.5,93.56,91.27,92.6,89.9335,1848965
2026-04-21,93.18,93.48,91.79,92.14,89.4868,1496582
2026-04-22,92.11,92.5,90.63,90.74,88.1271,1676547
2026-04-23,90.0,90.48,88.39,90.31,87.7095,1791662
2026-04-24,88.78,89.72,88.27,89.01,86.4469,2024791
2026-04-27,89.28,90.86,89.1,90.16,87.5638,1407053
2026-04-28,90.7,91.77,90.02,91.52,88.8846,2464168
2026-04-29,91.31,91.58,90.01,90.51,87.9037,1684163
2026-04-30,87.68,89.4,85.74,89.23,86.6606,3840702
2026-05-04,89.2,90.01,86.91,87.45,84.9318,2256287
2026-05-05,87.28,88.92,86.62,88.78,86.2235,1550414
2026-05-06,90.0,94.72,89.98,93.41,90.7202,3070460
2026-05-07,93.69,94.43,92.82,93.24,90.5551,1645634
2026-05-08,91.92,92.14,90.84,91.55,88.9138,2024621
2026-05-11,91.63,92.96,91.59,92.96,90.2832,1735444
2026-05-12,91.56,91.91,90.37,90.41,87.8066,2115033
2026-05-13,91.64,91.79,89.6,91.41,88.7778,1670163
2026-05-14,92.18,92.48,91.58,92.03,89.3799,1002626
2026-05-15,90.84,90.98,88.82,89.25,86.68,2832419
2026-05-18,86.38,88.02,85.58,88.02,88.02,2642052
2026-05-19,88.2,89.2,87.5,87.5,87.5,1708152
2026-05-20,87.1,89.99,86.02,89.28,89.28,2968087
2026-05-21,89.01,89.72,87.68,89.16,89.16,2014605
2026-05-22,89.72,90.43,88.9,89.93,89.93,1705465
2026-05-25,90.9,93.05,90.66,92.52,92.52,1493003
2026-05-26,92.37,92.99,91.96,92.2,92.2,1297215
2026-05-27,92.64,93.14,92.0,92.3,92.3,1523124
2026-05-28,91.92,92.47,90.93,91.76,91.76,1691191
2026-05-29,92.27,93.48,92.21,92.95,92.95,4405488
2026-06-01,92.74,93.58,91.57,92.58,92.58,2189636
2026-06-02,93.97,95.24,93.59,94.43,94.43,1967601
2026-06-03,93.7,94.0,92.5,93.2,93.2,2146787
2026-06-04,93.18,94.39,92.83,93.97,93.97,1571405
2026-06-05,94.13,94.62,93.42,93.65,93.65,1507610
2026-06-08,92.34,94.16,91.78,93.15,93.15,1599836
2026-06-09,93.02,94.98,93.02,93.39,93.39,1690094
2026-06-10,93.42,93.68,91.76,91.96,91.96,1592779
2026-06-11,92.05,93.08,91.51,91.94,91.94,1677173
2026-06-12,94.96,97.05,94.6,96.69,96.69,3251218
2026-06-15,98.53,99.45,98.18,98.65,98.65,2004031
2026-06-16,98.78,100.46,98.78,99.96,99.96,2088137
2026-06-17,100.14,101.38,99.92,101.2,101.2,2486758
2026-06-18,100.86,101.1,99.96,101.1,101.1,2664871
2026-06-19,100.5,101.82,100.36,101.58,101.58,5148719
2026-06-22,101.9,102.36,100.9,101.84,101.84,1779506
2026-06-23,100.84,101.92,100.48,101.44,101.44,1745498
2026-06-24,102.14,102.82,101.46,101.46,101.46,1940251
2026-06-25,101.48,103.0,101.12,103.0,103.0,1958970
2026-06-26,102.0,102.34,100.6,101.12,101.12,1665730
2026-06-29,100.82,101.54,99.97,100.36,100.36,1545329
2026-06-30,100.82,102.14,100.48,102.14,102.14,1867028
2026-07-01,101.48,101.5,100.04,101.16,101.16,1416004
2026-07-02,101.48,103.0,101.06,102.32,102.32,1579355
2026-07-03,102.9,103.14,101.76,102.68,102.68,1138235
2026-07-06,103.08,103.6,102.42,103.6,103.6,1114022
2026-07-07,103.5,103.54,101.38,101.78,101.78,1844067
2026-07-08,100.8,100.85,97.31,98.27,98.27,2559855
2026-07-09,99.72,100.19,99.04,99.82,99.82,2200337
2026-07-10,99.86,100.84,99.57,100.7,100.7,1237889
2026-07-13,100.22,101.72,100.1,100.92,100.92,1010382
2026-07-14,100.0,102.7,99.63,102.32,102.32,1204889
2026-07-15,101.76,103.12,100.98,102.64,102.64,1469428
2026-07-16,103.2,103.52,101.88,102.94,102.94,1456779
2026-07-17,101.68,102.16,100.44,101.94,101.94,1604730
2026-07-20,101.5,103.52,101.24,103.3,103.3,1499606
2026-07-21,103.6,105.16,103.18,105.16,105.16,2140512
2026-07-22,104.5,107.18,104.42,106.78,106.78,2852331
2026-07-23,105.48,106.38,103.46,103.76,103.76,2738053
2026-07-24,104.0,105.92,103.56,105.92,105.92,1571440
2026-07-27,107.7,108.86,106.86,107.58,107.58,2027234
2026-07-28,108.64,108.8,107.2,108.2,108.2,1604768
2026-07-29,108.44,108.92,106.38,106.92,106.92,1482458
2026-07-30,106.2,109.34,105.12,108.84,108.84,1819924
2026-07-31,109.16,110.24,108.16,109.66,109.66,2084710
2026-08-03,110.68,111.78,110.56,111.78,111.78,1726832
2026-08-04,112.0,112.38,110.98,111.88,111.88,1364483
2026-08-05,112.0,112.26,110.96,112.12,112.12,1306312
2026-08-06,112.82,113.62,112.44,112.6,112.6,1577731
2026-08-07,112.5,113.04,111.59,112.44,112.44,1324287
2026-08-10,112.18,112.8,111.3,112.8,112.8,1232554
2026-08-11,112.76,112.86,111.0,111.72,111.72,1548468
2026-08-12,112.04,112.24,111.26,112.0,112.0,1278669
2026-08-13,112.84,113.82,112.14,112.4,112.4,1275412
2026-08-14,112.6,112.62,111.16,112.1,112.1,893373
2026-08-17,112.02,112.12,111.1,111.14,111.14,819184
2026-08-18,111.0,111.12,109.1,109.4,109.4,1535601
2026-08-19,109.32,109.6,106.78,106.78,106.78,1881786
2026-08-20,107.0,107.08,105.4,105.96,105.96,1478843
2026-08-21,106.68,107.64,106.24,107.5,107.5,1382553
2026-08-24,107.32,107.6,106.14,106.8,106.8,1493718
2026-08-25,107.24,107.62,104.02,104.44,104.44,1866343
2026-08-26,105.5,106.42,105.0,105.72,105.72,1280037
2026-08-27,105.84,106.08,99.93,100.66,100.66,3464946
2026-08-28,102.0,102.68,100.98,102.56,102.56,2227916
2026-08-31,102.62,103.8,102.48,102.78,102.78,3448322
2026-09-01,103.46,103.64,101.52,102.6,102.6,2120583
2026-09-02,102.42,103.7,101.88,103.1,103.1,1657634
2026-09-03,103.44,104.28,102.96,104.14,104.14,1271865
2026-09-04,103.8,104.8,103.16,104.54,104.54,1547481
2026-09-07,104.6,104.68,103.68,104.54,104.54,1095298
2026-09-08,103.92,104.12,102.48,103.88,103.88,1179960
2026-09-09,102.34,102.92,100.88,102.76,102.76,2433818
2026-09-10,103.22,103.8,102.06,102.64,102.64,1596559
2026-09-11,103.4,103.92,102.68,103.76,103.76,1353242
2026-09-14,103.38,103.86,102.02,102.8,102.8,1521111
2026-09-15,102.02,102.36,100.22,101.3,101.3,1897376
2026-09-16,102.02,102.7,101.0,102.32,102.32,1677359
2026-09-17,102.52,103.78,101.74,103.78,103.78,2240945
2026-09-18,103.5,103.5,99.8,100.74,100.74,5485737
