date,open,high,low,close,adjusted_close,volume
2010-07-13,0.06183332,0.06634905,0.05261677,0.05816341,0.05816341,75
2010-07-14,0.05815725,0.06158806,0.04864654,0.05640216,0.05640216,262
2010-07-15,0.05640261,0.06795437,0.05396921,0.05756808,0.05756808,446
2010-07-16,0.05800138,0.07222029,0.05748353,0.0664917,0.0664917,497
2010-07-17,0.0664999,0.07773513,0.05741781,0.06599255,0.06599255,20
2010-07-18,0.06608795,0.0808581,0.06422061,0.0788138,0.0788138,75
2010-07-19,0.07879913,0.08360209,0.06903579,0.07416855,0.07416855,573
2010-07-20,0.07413588,0.07751477,0.06428795,0.07195755,0.07195755,262
2010-07-21,0.07193466,0.07646131,0.06425164,0.07439057,0.07439057,573
2010-07-22,0.07417871,0.07503002,0.05103308,0.05887483,0.05887483,2167
2010-07-23,0.0588808,0.06889604,0.05570779,0.06263688,0.06263688,2398
2010-07-24,0.0626421,0.07964052,0.06156405,0.06975554,0.06975554,497
2010-07-25,0.06976299,0.07825864,0.06472816,0.06895142,0.06895142,1555
2010-07-26,0.06903911,0.07998891,0.05892958,0.06270989,0.06270989,876
2010-07-27,0.06294483,0.07577893,0.06183226,0.06799023,0.06799023,3371
2010-07-28,0.06798962,0.07253266,0.05885122,0.06786455,0.06786455,4387
2010-07-29,0.06785855,0.07019877,0.05314922,0.06375633,0.06375633,8092
2010-07-30,0.06373855,0.06869885,0.05247866,0.06366964,0.06366964,3014
2010-07-31,0.06367021,0.07127451,0.0602027,0.06975885,0.06975885,4033
2010-08-01,0.06970508,0.07158763,0.05164856,0.06046468,0.06046468,2595
2010-08-02,0.06044506,0.06370065,0.05220235,0.06,0.06,3596
2010-08-03,0.05998519,0.06212797,0.04965671,0.06,0.06,9856
2010-08-04,0.05997899,0.06316557,0.05218974,0.0596818,0.0596818,3504
2010-08-05,0.05960335,0.06155211,0.04962078,0.06076188,0.06076188,5017
2010-08-06,0.06076835,0.07122494,0.05728608,0.06181723,0.06181723,1397
2010-08-07,0.06115977,0.067016,0.05067227,0.05964825,0.05964825,2625
2010-08-08,0.05967849,0.07118531,0.05511138,0.06085148,0.06085148,2201
2010-08-09,0.06084069,0.06840335,0.0551871,0.06613738,0.06613738,13620
2010-08-10,0.06612978,0.07369883,0.06001432,0.06570639,0.06570639,1305
2010-08-11,0.06572198,0.07164571,0.06002559,0.06336595,0.06336595,14096
2010-08-12,0.06330224,0.0647802,0.05121367,0.0611463,0.0611463,2055
2010-08-13,0.06134036,0.07395598,0.05900163,0.06306071,0.06306071,3602
2010-08-14,0.06290812,0.0667319,0.05325986,0.06299919,0.06299919,4405
2010-08-15,0.06318722,0.08734873,0.06318722,0.07724812,0.07724812,4462
2010-08-16,0.07745849,0.11456039,0.07745849,0.09506984,0.09506984,10678
2010-08-17,0.09426671,0.09426671,0.05347087,0.06116077,0.06116077,13207
2010-08-18,0.06118207,0.07894217,0.06042814,0.0680466,0.0680466,2957
2010-08-19,0.06809194,0.07924876,0.06455044,0.06995843,0.06995843,737
2010-08-20,0.06994254,0.07134897,0.05853218,0.06581428,0.06581428,4172
2010-08-21,0.06581683,0.07126125,0.06192653,0.06839827,0.06839827,10442
2010-08-22,0.06833647,0.07045037,0.05645733,0.06780827,0.06780827,18736
2010-08-23,0.06782906,0.08351181,0.06532217,0.06680966,0.06680966,4305
2010-08-24,0.06683719,0.07352146,0.0594175,0.06610902,0.06610902,6699
2010-08-25,0.06611096,0.07419961,0.06185419,0.06800457,0.06800457,4245
2010-08-26,0.06833609,0.08441321,0.06359481,0.06947311,0.06947311,3871
2010-08-27,0.06946493,0.07358336,0.05874443,0.06647771,0.06647771,8984
2010-08-28,0.06650665,0.07261219,0.06273338,0.0667521,0.0667521,6133
2010-08-29,0.0667281,0.06833839,0.05420022,0.06034821,0.06034821,3162
2010-08-30,0.06071818,0.08276142,0.06071818,0.06623912,0.06623912,34120
2010-08-31,0.06609732,0.06968147,0.05670864,0.06803799,0.06803799,14874
2010-09-01,0.06806474,0.07830443,0.06248935,0.06274802,0.06274802,7184
2010-09-02,0.06252651,0.06697775,0.05055178,0.06260652,0.06260652,8146
2010-09-03,0.06245932,0.06371833,0.04975507,0.06023277,0.06023277,894
2010-09-04,0.06021975,0.06300325,0.05183021,0.06000862,0.06000862,3298
2010-09-05,0.0599639,0.06631414,0.04954392,0.06040329,0.06040329,8470
2010-09-06,0.06038112,0.0700265,0.05289961,0.0607938,0.0607938,911
2010-09-07,0.06079001,0.06639693,0.05294169,0.06035231,0.06035231,3456
2010-09-08,0.06027728,0.0630562,0.05008993,0.06010664,0.06010664,2340
2010-09-09,0.0599086,0.0627864,0.04868664,0.06052719,0.06052719,1736
2010-09-10,0.06050717,0.06379616,0.05052252,0.06019632,0.06019632,4937
2010-09-11,0.06017494,0.06341174,0.05241827,0.06341174,0.06341174,7688
2010-09-12,0.06340796,0.06416082,0.05189028,0.06011142,0.06011142,796
2010-09-13,0.06011416,0.07478364,0.05748058,0.06111882,0.06111882,10051
2010-09-14,0.06105726,0.06988858,0.05539318,0.06071952,0.06071952,14066
2010-09-15,0.06080235,0.08798316,0.05730564,0.08017105,0.08017105,3661
2010-09-16,0.0805732,0.11092045,0.07697634,0.09092079,0.09092079,729
2010-09-17,0.09079794,0.09283079,0.0492891,0.05914367,0.05914367,7283
2010-09-18,0.05908685,0.06243013,0.05061776,0.06072073,0.06072073,7101
2010-09-19,0.06071987,0.0649648,0.05456786,0.06011195,0.06011195,12918
2010-09-20,0.06011121,0.06676625,0.05534209,0.0605423,0.0605423,14317
2010-09-21,0.0607776,0.07497785,0.05942079,0.06011619,0.06011619,5710
2010-09-22,0.0601967,0.06785769,0.05927085,0.06167253,0.06167253,11538
2010-09-23,0.06170115,0.0736575,0.05888536,0.06064239,0.06064239,15540
2010-09-24,0.06047148,0.06305114,0.05068443,0.06081969,0.06081969,684
2010-09-25,0.06081925,0.0650894,0.05058748,0.06068186,0.06068186,2152
2010-09-26,0.06069929,0.0684222,0.0568917,0.06072084,0.06072084,12047
2010-09-27,0.06098513,0.07822057,0.05782159,0.06095292,0.06095292,10723
2010-09-28,0.0609233,0.06640338,0.05602733,0.06121943,0.06121943,7093
2010-09-29,0.06133085,0.0746173,0.05970288,0.06030913,0.06030913,23482
2010-09-30,0.06025938,0.06209852,0.05215235,0.06186567,0.06186567,7945
2010-10-01,0.06202535,0.07052552,0.05860708,0.06042254,0.06042254,1720
2010-10-02,0.06042745,0.07585109,0.05756717,0.06005344,0.06005344,13074
2010-10-03,0.06013844,0.07013507,0.05622548,0.06043778,0.06043778,7177
2010-10-04,0.06045428,0.0746667,0.05620154,0.06092854,0.06092854,33883
2010-10-05,0.06092591,0.06481465,0.05592147,0.06087452,0.06087452,27481
2010-10-06,0.06092316,0.07720292,0.06092316,0.06262883,0.06262883,33430
2010-10-07,0.06270507,0.07316918,0.05495522,0.06535092,0.06535092,43702
2010-10-08,0.06582946,0.09967087,0.06582946,0.08023021,0.08023021,138930
2010-10-09,0.080371,0.12505174,0.07841548,0.09881756,0.09881756,187441
2010-10-10,0.09873345,0.1172604,0.0902759,0.11358109,0.11358109,50486
2010-10-11,0.11345086,0.12391423,0.10179655,0.11767041,0.11767041,14122
2010-10-12,0.11766384,0.12456609,0.10386021,0.11895534,0.11895534,25735
2010-10-13,0.11892197,0.11892197,0.08601616,0.10429798,0.10429798,47485
2010-10-14,0.10430046,0.11209966,0.09689222,0.10067396,0.10067396,37310
2010-10-15,0.10072117,0.11902729,0.09605389,0.10635973,0.10635973,24754
2010-10-16,0.10602316,0.10733959,0.08632514,0.10157997,0.10157997,6276
2010-10-17,0.10194793,0.13183186,0.0981136,0.10547627,0.10547627,18151
2010-10-18,0.1054724,0.10588933,0.08339101,0.10141351,0.10141351,25647
2010-10-19,0.1014436,0.11309019,0.09133758,0.09894639,0.09894639,6231
2010-10-20,0.09889042,0.10552782,0.08289413,0.0993313,0.0993313,31794
2010-10-21,0.0993304,0.12183959,0.09075821,0.10191849,0.10191849,44829
2010-10-22,0.10189671,0.11341726,0.08636984,0.1096797,0.1096797,34549
2010-10-23,0.10959341,0.11710837,0.08592103,0.10976226,0.10976226,4400
2010-10-24,0.11000634,0.15888465,0.11000634,0.12712502,0.12712502,13862
2010-10-25,0.12713443,0.17876216,0.1200947,0.15322619,0.15322619,30310
2010-10-26,0.15366604,0.18565019,0.14038524,0.15450002,0.15450002,19246
2010-10-27,0.15463818,0.23199151,0.15463818,0.18923766,0.18923766,65608
2010-10-28,0.18929337,0.2277513,0.17228013,0.17411618,0.17411618,21586
2010-10-29,0.1744869,0.2258875,0.16833141,0.19,0.19,28684
2010-10-30,0.19008669,0.21158316,0.17863112,0.19357477,0.19357477,26587
2010-10-31,0.19356272,0.205857,0.15994107,0.19177651,0.19177651,40275
2010-11-01,0.19181494,0.21375067,0.18221525,0.19629574,0.19629574,21230
2010-11-02,0.19649184,0.24233992,0.18412287,0.19387783,0.19387783,5853
2010-11-03,0.1944637,0.23949948,0.18713929,0.1973499,0.1973499,61556
2010-11-04,0.19737072,0.2488942,0.19016785,0.2413261,0.2413261,29653
2010-11-05,0.24133692,0.27421316,0.22636467,0.24709663,0.24709663,36665
2010-11-06,0.24713548,0.35457746,0.23541575,0.32784901,0.32784901,32715
2010-11-07,0.32820258,0.38230423,0.30419255,0.34,0.34,77155
2010-11-08,0.34056142,0.45705471,0.34056142,0.43979451,0.43979451,118306
2010-11-09,0.43840529,0.43840529,0.20724415,0.22388061,0.22388061,47863
2010-11-10,0.22432389,0.33407991,0.22432389,0.31419876,0.31419876,30261
2010-11-11,0.31358503,0.32081129,0.21115833,0.23296009,0.23296009,5022
2010-11-12,0.23283656,0.27296145,0.20652011,0.2584812,0.2584812,40767
2010-11-13,0.25838165,0.29813241,0.23813614,0.27081075,0.27081075,21938
2010-11-14,0.27071671,0.3145179,0.2331689,0.29529896,0.29529896,16799
2010-11-15,0.2952383,0.31939278,0.26919435,0.288151,0.288151,8519
2010-11-16,0.28712962,0.29203293,0.18819772,0.22813504,0.22813504,34055
2010-11-17,0.22833879,0.27773592,0.21683855,0.2707324,0.2707324,32920
2010-11-18,0.27075377,0.30435713,0.25226486,0.27879447,0.27879447,37409
2010-11-19,0.27888182,0.32309334,0.26455084,0.28651184,0.28651184,2152
2010-11-20,0.28690538,0.34356327,0.27707843,0.28079899,0.28079899,14593
2010-11-21,0.28051043,0.29508945,0.24857954,0.28367236,0.28367236,765
2010-11-22,0.28250962,0.29338786,0.23449763,0.28794545,0.28794545,28316
2010-11-23,0.28757612,0.28802633,0.22782684,0.28037997,0.28037997,4860
2010-11-24,0.28040667,0.32260864,0.2676336,0.28682259,0.28682259,2526
2010-11-25,0.28655238,0.29316179,0.24392343,0.28,0.28,1677
2010-11-26,0.28001665,0.31800732,0.26650422,0.28283327,0.28283327,33719
2010-11-27,0.28250885,0.2925624,0.23026142,0.28318445,0.28318445,1826
2010-11-28,0.28313618,0.30556118,0.24581973,0.27008918,0.27008918,20857
2010-11-29,0.27014513,0.29143084,0.24607482,0.25864209,0.25864209,35051
2010-11-30,0.25858757,0.26871577,0.20499215,0.21567219,0.21567219,21430
2010-12-01,0.21575395,0.2860531,0.21575395,0.24826949,0.24826949,8138
2010-12-02,0.24818038,0.27274432,0.21980882,0.24036115,0.24036115,20402
2010-12-03,0.24043004,0.26714353,0.22672282,0.25027239,0.25027239,2566
2010-12-04,0.25027539,0.28722926,0.22214273,0.24152809,0.24152809,28629
2010-12-05,0.24121753,0.24121753,0.19458255,0.21094235,0.21094235,5747
2010-12-06,0.21094287,0.24353259,0.19851918,0.22720412,0.22720412,4306
2010-12-07,0.22759612,0.25188085,0.21532013,0.23106174,0.23106174,24664
2010-12-08,0.23111195,0.27749873,0.22390633,0.23698327,0.23698327,3431
2010-12-09,0.23673102,0.2443908,0.20244156,0.21323766,0.21323766,21346
2010-12-10,0.21324634,0.23294422,0.19819272,0.2126707,0.2126707,1681
2010-12-11,0.21259729,0.22679844,0.19153778,0.21548632,0.21548632,5799
2010-12-12,0.21552626,0.26801367,0.20401354,0.2236901,0.2236901,1960
2010-12-13,0.22405832,0.28538253,0.22209471,0.22991209,0.22991209,6410
2010-12-14,0.2299656,0.27753358,0.21564682,0.2408912,0.2408912,10447
2010-12-15,0.24088325,0.24278875,0.19470885,0.2370506,0.2370506,3680
2010-12-16,0.23706696,0.31157078,0.23706696,0.25,0.25,14337
2010-12-17,0.24995453,0.26329725,0.22573095,0.24553209,0.24553209,528
2010-12-18,0.24552352,0.26317882,0.21613598,0.24340233,0.24340233,169
2010-12-19,0.24349137,0.28627871,0.2185571,0.24422572,0.24422572,2005
2010-12-20,0.24440116,0.28560785,0.22881201,0.26522225,0.26522225,10690
2010-12-21,0.26518131,0.30390187,0.24115804,0.26736488,0.26736488,9250
2010-12-22,0.267489,0.303911,0.25228194,0.26837131,0.26837131,3772
2010-12-23,0.2683622,0.27412425,0.21092628,0.2530123,0.2530123,8642
2010-12-24,0.25281543,0.27253551,0.21804031,0.24874725,0.24874725,5041
2010-12-25,0.24874559,0.2596144,0.22025557,0.24998617,0.24998617,702
2010-12-26,0.24997348,0.28708659,0.21460135,0.26062894,0.26062894,16547
2010-12-27,0.26037419,0.29789821,0.23250033,0.26933414,0.26933414,4941
2010-12-28,0.27020572,0.34630866,0.27020572,0.27404114,0.27404114,15491
2010-12-29,0.27425745,0.36445525,0.27425745,0.29506361,0.29506361,18546
2010-12-30,0.29557189,0.36340767,0.29260444,0.3,0.3,2540
2010-12-31,0.29990545,0.32563476,0.25919374,0.3,0.3,1454
2011-01-01,0.29992893,0.32233307,0.26850206,0.3,0.3,2810
2011-01-02,0.30026384,0.36720825,0.2893478,0.3,0.3,5350
2011-01-03,0.30013702,0.33838646,0.27784764,0.29734758,0.29734758,1428
2011-01-04,0.29722666,0.31011918,0.2486047,0.29943919,0.29943919,1883
2011-01-05,0.30077296,0.39205549,0.28845427,0.29925195,0.29925195,357
2011-01-06,0.29918587,0.3082279,0.2544992,0.29929227,0.29929227,3445
2011-01-07,0.29962122,0.38489632,0.29962122,0.31580281,0.31580281,42513
2011-01-08,0.31565733,0.33953305,0.26761002,0.32153364,0.32153364,1625
2011-01-09,0.32168196,0.39770308,0.31075822,0.32166037,0.32166037,1684
2011-01-10,0.32166059,0.34914519,0.29856777,0.32369563,0.32369563,10364
2011-01-11,0.32359144,0.33969312,0.285282,0.32831704,0.32831704,4847
2011-01-12,0.32752198,0.33898362,0.26190047,0.32991032,0.32991032,31272
2011-01-13,0.33043849,0.4167588,0.32303972,0.33186037,0.33186037,20116
2011-01-14,0.3325928,0.46348614,0.3325928,0.41681494,0.41681494,27103
2011-01-15,0.4167296,0.41716638,0.33281089,0.39890679,0.39890679,1518
2011-01-16,0.39888188,0.41416322,0.34785988,0.39097345,0.39097345,2775
2011-01-17,0.39127615,0.4752916,0.36354943,0.38161914,0.38161914,18269
2011-01-18,0.37911325,0.38705491,0.27606176,0.31858629,0.31858629,15632
2011-01-19,0.31856292,0.34228397,0.28641413,0.32620889,0.32620889,7286
2011-01-20,0.3267831,0.44697875,0.3267831,0.35915901,0.35915901,19876
2011-01-21,0.35884855,0.39429678,0.30461703,0.38758178,0.38758178,8472
2011-01-22,0.38759435,0.44888446,0.36753511,0.4435984,0.4435984,10504
2011-01-23,0.44249719,0.46490655,0.35932315,0.43097858,0.43097858,1148
2011-01-24,0.43111394,0.48381587,0.39583486,0.42325612,0.42325612,11009
2011-01-25,0.42306448,0.44682642,0.38091848,0.42550434,0.42550434,2172
2011-01-26,0.4260145,0.50075858,0.40513647,0.41881367,0.41881367,15551
2011-01-27,0.4184157,0.42527228,0.3402994,0.42085583,0.42085583,27828
2011-01-28,0.42104254,0.48213312,0.40628473,0.44584833,0.44584833,5338
2011-01-29,0.44597558,0.49479067,0.41941445,0.44897797,0.44897797,1449
2011-01-30,0.44879865,0.49081946,0.41223589,0.4720478,0.4720478,10387
2011-01-31,0.47202438,0.54499373,0.43137697,0.51760136,0.51760136,64087
2011-02-01,0.51766005,0.71794394,0.51766005,0.69261156,0.69261156,31610
2011-02-02,0.69284926,0.88378975,0.66981005,0.79806552,0.79806552,5600
2011-02-03,0.79698998,0.82733492,0.6504046,0.72622888,0.72622888,8521
2011-02-04,0.72606859,0.83729487,0.6480998,0.80887019,0.80887019,42196
2011-02-05,0.80891964,0.95785971,0.755093,0.91669859,0.91669859,15817
2011-02-06,0.91648317,1.02526506,0.8485541,0.91092525,0.91092525,8777
2011-02-07,0.90880875,0.92503245,0.72274644,0.90499749,0.90499749,2267
2011-02-08,0.90339333,0.94611401,0.76383705,0.91613737,0.91613737,7012
2011-02-09,0.91583113,1.07046245,0.82107582,1.002957,1.002957,49703
2011-02-10,1.00040517,1.02795032,0.82008582,0.98009726,0.98009726,26568
2011-02-11,0.9799584,1.10954663,0.84364295,1.0754629,1.0754629,13335
2011-02-12,1.0748652,1.1449818,0.9805357,1.03060678,1.03060678,4118
2011-02-13,1.03396843,1.23408575,0.96086005,1.05396587,1.05396587,3234
2011-02-14,1.05401313,1.22978008,0.98739517,1.07990111,1.07990111,7092
2011-02-15,1.0783135,1.11972947,0.892204,1.0705929,1.0705929,8606
2011-02-16,1.07064245,1.14314212,0.90123929,1.06328791,1.06328791,7174
2011-02-17,1.06373113,1.27702966,1.01031423,1.04889086,1.04889086,4003
2011-02-18,1.04876347,1.05901456,0.85649064,0.91280633,0.91280633,36776
2011-02-19,0.91305807,1.18954033,0.89757037,0.99231417,0.99231417,3795
2011-02-20,0.99200338,1.02017506,0.82285514,0.87400471,0.87400471,9945
2011-02-21,0.87391339,0.93205924,0.76969996,0.91370261,0.91370261,1698
2011-02-22,0.91387312,1.00909145,0.8230583,0.87659421,0.87659421,12069
2011-02-23,0.87632091,0.9181206,0.75515674,0.89467964,0.89467964,6725
2011-02-24,0.89505895,1.05800171,0.89062865,0.98525286,0.98525286,13437
2011-02-25,0.98884074,1.16599856,0.9204389,0.95818906,0.95818906,4459
2011-02-26,0.95859491,1.24713359,0.92325087,0.99800238,0.99800238,4748
2011-02-27,0.99784392,1.09711396,0.87844828,0.90914102,0.90914102,23243
2011-02-28,0.90891282,0.94404775,0.72321445,0.86783564,0.86783564,4646
2011-03-01,0.86738661,0.99438223,0.7890518,0.94018803,0.94018803,22603
2011-03-02,0.94020426,1.01486764,0.79918279,0.9418121,0.9418121,2752
2011-03-03,0.94170505,0.98549829,0.85167162,0.94838646,0.94838646,2748
2011-03-04,0.94832853,1.00698372,0.86391987,0.90370078,0.90370078,2719
2011-03-05,0.90351601,0.95284483,0.75935826,0.91112162,0.91112162,12633
2011-03-06,0.91003854,0.97134066,0.82025284,0.91405605,0.91405605,12590
2011-03-07,0.91472888,1.04539019,0.81089811,0.88761459,0.88761459,15284
2011-03-08,0.88752454,0.97493366,0.78149505,0.88751374,0.88751374,4535
2011-03-09,0.88708104,0.91112451,0.7421267,0.89032887,0.89032887,4538
2011-03-10,0.89040084,1.06243817,0.83382696,0.93085362,0.93085362,8837
2011-03-11,0.93113047,1.10310669,0.86120265,0.88280114,0.88280114,3736
2011-03-12,0.88368851,1.18517042,0.85535756,0.92205376,0.92205376,4838
2011-03-13,0.92201252,0.95991405,0.79547389,0.91437307,0.91437307,662
2011-03-14,0.91457115,0.99477553,0.83727738,0.90652589,0.90652589,5274
2011-03-15,0.90648269,0.96205689,0.75670895,0.89949294,0.89949294,2734
2011-03-16,0.89924127,0.91300281,0.7340479,0.88046151,0.88046151,7910
2011-03-17,0.88048417,0.94791456,0.81913318,0.86967185,0.86967185,7141
2011-03-18,0.86968399,0.93395076,0.80680377,0.86624928,0.86624928,14232
2011-03-19,0.86636842,0.96371848,0.78263494,0.82527086,0.82527086,9920
2011-03-20,0.82501976,0.83047545,0.66631455,0.81006312,0.81006312,5820
2011-03-21,0.81061723,1.01259573,0.762962,0.77856454,0.77856454,3710
2011-03-22,0.77908522,0.99417642,0.75892603,0.79554092,0.79554092,12110
2011-03-23,0.79554511,0.85373246,0.7471475,0.84075331,0.84075331,13258
2011-03-24,0.84060031,0.86877348,0.71520718,0.86459955,0.86459955,13984
2011-03-25,0.86450759,0.95109578,0.76933305,0.8994632,0.8994632,4814
2011-03-26,0.89945396,0.91118742,0.7281285,0.87148395,0.87148395,11724
2011-03-27,0.87141371,1.0522619,0.79140584,0.88246896,0.88246896,5342
2011-03-28,0.88722045,1.09275459,0.84995645,0.87429308,0.87429308,12617
2011-03-29,0.87510185,1.01081902,0.8090654,0.81965314,0.81965314,4216
2011-03-30,0.81913814,0.84969588,0.72203584,0.79899568,0.79899568,3219
2011-03-31,0.79902333,0.9813328,0.7708485,0.79093751,0.79093751,6886
2011-04-01,0.79077113,0.80715213,0.64199323,0.7789159,0.7789159,3196
2011-04-02,0.77945294,0.86838038,0.65788248,0.78663443,0.78663443,2486
2011-04-03,0.78703583,0.88401961,0.74360001,0.79080229,0.79080229,3927
2011-04-04,0.78913511,0.78913511,0.59608727,0.71520883,0.71520883,31150
2011-04-05,0.71389595,0.8251196,0.61912332,0.76056251,0.76056251,9693
2011-04-06,0.76103243,0.84243621,0.6952901,0.73610838,0.73610838,8662
2011-04-07,0.73606753,0.83193869,0.60784259,0.75190731,0.75190731,10861
2011-04-08,0.75202048,0.84253377,0.67481897,0.75028853,0.75028853,18149
2011-04-09,0.75014057,0.87201622,0.66686071,0.7374432,0.7374432,12133
2011-04-10,0.73792301,0.83710766,0.70287994,0.7620198,0.7620198,5360
2011-04-11,0.76177672,0.80195625,0.62793383,0.76721082,0.76721082,14598
2011-04-12,0.76724387,0.86798052,0.71591526,0.82233028,0.82233028,48343
2011-04-13,0.82264364,1.16134433,0.82264364,0.92071625,0.92071625,43254
2011-04-14,0.92180482,1.24110139,0.92045911,0.9929894,0.9929894,31069
2011-04-15,0.99428932,1.12751323,0.9522451,0.9802467,0.9802467,50433
2011-04-16,0.98072591,1.21008554,0.94028874,1.06664687,1.06664687,28904
2011-04-17,1.06668408,1.34049533,1.02118097,1.11117362,1.11117362,24043
2011-04-18,1.10921441,1.23346411,0.93417919,1.13494424,1.13494424,27558
2011-04-19,1.13817646,1.30566381,1.04740791,1.19988679,1.19988679,12518
2011-04-20,1.19994596,1.29255755,1.10227673,1.17038663,1.17038663,21382
2011-04-21,1.17503007,1.53896202,1.14149685,1.20755522,1.20755522,39404
2011-04-22,1.20889653,1.39230966,1.17792125,1.33070731,1.33070731,39343
2011-04-23,1.33104621,1.81411172,1.33104621,1.45132267,1.45132267,66555
2011-04-24,1.45109771,1.63587135,1.28751172,1.63329249,1.63329249,21573
2011-04-25,1.63315718,1.71198212,1.37514268,1.56578672,1.56578672,13451
2011-04-26,1.56645258,2.0913042,1.56645258,1.76812596,1.76812596,24018
2011-04-27,1.76608635,1.87108873,1.50769822,1.80593344,1.80593344,32981
2011-04-28,1.80656316,2.32116785,1.72164205,2.14826056,2.14826056,100105
2011-04-29,2.1483243,3.40887871,2.1483243,2.82050043,2.82050043,57563
2011-04-30,2.83356696,4.4067403,2.83356696,3.44242151,3.44242151,65605
2011-05-01,3.44400786,4.26325658,3.36107645,3.60092065,3.60092065,45964
2011-05-02,3.60135807,3.96396738,3.41020722,3.58948389,3.58948389,18389
2011-05-03,3.57914073,3.73353713,2.87258162,3.43386439,3.43386439,16855
2011-05-04,3.43358837,3.64929877,2.79198126,3.507716,3.507716,17249
2011-05-05,3.50772212,4.11198915,3.31249409,3.43227823,3.43227823,15387
2011-05-06,3.42978791,3.69374542,3.08308,3.51824842,3.51824842,23033
2011-05-07,3.52818719,4.37065475,3.34383976,3.62681937,3.62681937,17801
2011-05-08,3.63511409,4.71575968,3.63511409,3.82225712,3.82225712,21035
2011-05-09,3.81669282,4.25344694,3.18238623,3.81814402,3.81814402,11579
2011-05-10,3.81913639,5.72501901,3.81913639,5.30615292,5.30615292,56285
2011-05-11,5.30573076,5.65111791,4.85397424,5.4745564,5.4745564,52620
2011-05-12,5.47509072,6.3548404,5.12978244,6.2250464,6.2250464,31614
2011-05-13,6.23240468,8.41061204,6.23240468,6.66115491,6.66115491,64049
2011-05-14,6.66578319,8.70203337,6.34915081,7.6845882,7.6845882,55468
2011-05-15,7.67898375,8.56018202,6.64687336,8.34201209,8.34201209,18273
2011-05-16,8.28965987,8.73815362,6.89754386,8.34817328,8.34817328,44239
2011-05-17,8.34664659,8.77603909,6.88394476,8.24801087,8.24801087,35225
2011-05-18,8.22491524,8.60245675,6.80754376,7.30722378,7.30722378,25439
2011-05-19,7.30695279,7.68809312,6.34335017,7.60967137,7.60967137,24513
2011-05-20,7.57683609,7.59282446,4.97762742,5.71969421,5.71969421,44373
2011-05-21,5.71974742,6.99883519,5.37305205,6.83498403,6.83498403,31163
2011-05-22,6.83460828,7.56732083,5.99537761,6.67036246,6.67036246,23811
2011-05-23,6.66399593,7.20775474,5.71997662,7.09136954,7.09136954,35307
2011-05-24,7.09763158,8.67344819,7.09763158,7.40184431,7.40184431,29288
2011-05-25,7.40153959,7.7315768,6.43938431,7.72425478,7.72425478,64389
2011-05-26,7.72422581,8.19226859,6.87650988,8.11026433,8.11026433,28569
2011-05-27,8.11823384,10.12819013,7.62256523,9.14585407,9.14585407,14400
2011-05-28,9.13892587,9.39498231,7.21272799,8.36653403,8.36653403,12274
2011-05-29,8.36819617,10.72581754,8.33944046,8.57277318,8.57277318,7495
2011-05-30,8.5699695,8.88131213,7.49313737,8.70476856,8.70476856,17645
2011-05-31,8.6829238,9.38351095,7.47886012,8.77542347,8.77542347,45784
2011-06-01,8.77558159,10.5004337,8.2802112,9.53346619,9.53346619,43558
2011-06-02,9.53299558,10.66739571,8.68242924,10.08919353,10.08919353,40935
2011-06-03,10.09946788,13.61660666,9.7293828,13.00940145,13.00940145,72971
2011-06-04,13.08102038,18.61997728,13.08102038,18.36672067,18.36672067,44352
2011-06-05,18.40433397,21.60805511,17.34493778,17.50700874,17.50700874,24161
2011-06-06,17.50673502,19.0760579,15.89996109,18.81220706,18.81220706,55255
2011-06-07,18.93026088,26.45809461,18.93026088,21.07071553,21.07071553,53771
2011-06-08,21.13505534,32.77209146,21.13505534,25.35687449,25.35687449,104839
2011-06-09,25.36202221,33.88105191,24.97432051,30.06308766,30.06308766,62946
2011-06-10,30.05878445,31.32667837,26.26840914,26.303378,26.303378,92192
2011-06-11,26.35461508,35.88049981,25.67063134,28.71173782,28.71173782,122078
2011-06-12,28.65654635,28.84418882,22.87448548,26.60522553,26.60522553,151650
2011-06-13,26.47853496,26.47853496,17.45587474,20.94687756,20.94687756,73441
2011-06-14,20.96406209,23.05884922,19.09647078,22.91323448,22.91323448,36072
2011-06-15,22.93408304,26.97085267,20.52047965,20.68757973,20.68757973,27727
2011-06-16,20.64287698,20.94128421,16.1578782,19.71758526,19.71758526,49383
2011-06-17,19.71683446,21.02996874,16.74631159,16.85788434,16.85788434,108810
2011-06-18,16.8545127,19.05679013,15.41089256,18.44806913,18.44806913,35419
2011-06-19,18.43605531,19.6227914,15.7741238,17.5880335,17.5880335,30150
2011-06-20,17.56385393,19.22920397,15.13023286,18.2203525,18.2203525,0
2011-06-21,18.21207322,18.74733905,15.14017916,17.0877083,17.0877083,0
2011-06-22,17.06723291,17.880056,14.18691921,15.58152464,15.58152464,0
2011-06-23,15.58653731,17.17476754,13.81104083,15.48147044,15.48147044,0
2011-06-24,15.48343808,18.00223272,14.72008119,17.06368734,17.06368734,0
2011-06-25,17.05493511,17.72500274,14.7993654,17.13067337,17.13067337,0
2011-06-26,17.13772614,19.80583449,16.3496301,17.19359963,17.19359963,15045
2011-06-27,17.1871092,18.58332466,14.56050115,17.47027324,17.47027324,31437
2011-06-28,17.51040672,21.07466315,16.67903545,17.07432006,17.07432006,24342
2011-06-29,17.16522231,21.11652488,16.46184432,16.89709776,16.89709776,21031
2011-06-30,16.89713299,20.19034177,15.97731432,16.15537676,16.15537676,35052
2011-07-01,16.13980162,17.46573572,13.75834803,17.18036266,17.18036266,33253
2011-07-02,17.1703497,17.18321089,14.10412959,16.60416364,16.60416364,19382
2011-07-03,16.51853297,16.51853297,13.14260659,15.75357991,15.75357991,16797
2011-07-04,15.72758153,15.72758153,11.72312963,14.04535578,14.04535578,52225
2011-07-05,14.05093583,17.79801523,13.68450661,14.23968802,14.23968802,83929
2011-07-06,14.25931844,19.06413297,14.18945115,15.25179401,15.25179401,111830
2011-07-07,15.23191168,16.21448095,13.05668595,14.7808588,14.7808588,54345
2011-07-08,14.81267971,19.68521588,14.56537681,15.43179937,15.43179937,34899
2011-07-09,15.4250133,16.21147811,12.28034566,15.02847128,15.02847128,11888
2011-07-10,15.02849536,15.95579262,13.49949225,15.15105423,15.15105423,45126
2011-07-11,15.153064,16.26330885,13.14758114,14.85866534,14.85866534,49269
2011-07-12,14.84693882,15.15994882,11.77734555,14.13263521,14.13263521,26323
2011-07-13,14.1312381,15.1448196,12.77726348,14.12273495,14.12273495,10374
2011-07-14,14.12281612,15.20387656,12.81724558,14.08932564,14.08932564,17639
2011-07-15,14.08834829,14.816319,12.76055448,14.02906501,14.02906501,24807
2011-07-16,14.03616685,17.43108855,13.54373523,13.85808362,13.85808362,17221
2011-07-17,13.86845904,16.65084997,13.62076737,13.95597738,13.95597738,34482
2011-07-18,13.92923436,14.09670613,10.87315467,13.62928646,13.62928646,75958
2011-07-19,13.62549498,14.22734878,11.65505646,13.85740708,13.85740708,67876
2011-07-20,13.8630762,15.80302148,12.32644368,13.78113826,13.78113826,23156
2011-07-21,13.76286198,14.16676124,11.54668407,13.85541898,13.85541898,24954
2011-07-22,13.8488476,14.59559912,11.91691242,13.8905705,13.8905705,15204
2011-07-23,13.89213455,15.54984943,13.1006799,13.79948835,13.79948835,22494
2011-07-24,13.7929934,14.63776752,12.42843359,13.96186312,13.96186312,26700
2011-07-25,13.92678203,15.08089096,11.86000829,14.08881383,14.08881383,31639
2011-07-26,14.10890707,16.68868012,13.86600691,14.48049265,14.48049265,16851
2011-07-27,14.49818448,17.50098926,13.64790906,14.00265318,14.00265318,11476
2011-07-28,13.95170335,15.25816866,11.24414815,13.49253603,13.49253603,32676
2011-07-29,13.50026079,16.97185705,13.06220674,13.80073957,13.80073957,7261
2011-07-30,13.79424368,15.00161218,12.63955774,13.61800536,13.61800536,6102
2011-07-31,13.62899667,15.29336394,12.7025142,13.43449198,13.43449198,45772
2011-08-01,13.43167487,14.07187621,11.66815549,13.34190763,13.34190763,21741
2011-08-02,13.31494136,13.63702926,10.52954463,12.83400044,12.83400044,57160
2011-08-03,12.83220976,14.06305971,11.65224076,12.17669533,12.17669533,90371
2011-08-04,12.17711547,13.88530708,11.45144112,12.3242663,12.3242663,50258
2011-08-05,12.32563945,13.81675815,10.88381495,11.05351904,11.05351904,30880
2011-08-06,11.03996983,11.15299005,7.08197189,7.50323227,7.50323227,102379
2011-08-07,7.50879091,9.74796366,7.38121045,8.77396766,8.77396766,90168
2011-08-08,8.78619657,10.13019059,8.0876505,8.46730255,8.46730255,33934
2011-08-09,8.49011886,10.29523939,8.13092912,9.77648703,9.77648703,115130
2011-08-10,9.77741153,11.49477771,9.38343557,10.11750593,10.11750593,24257
2011-08-11,10.12057185,12.87316926,9.55670191,10.30123189,10.30123189,58255
2011-08-12,10.30246403,12.05480481,9.5657439,9.82886856,9.82886856,41540
2011-08-13,9.85110013,11.96665876,9.37719053,9.98355345,9.98355345,29784
2011-08-14,10.01572145,13.40532505,9.95102877,10.35139734,10.35139734,44039
2011-08-15,10.34628916,11.24611122,9.30825078,11.18292394,11.18292394,38216
2011-08-16,11.18246422,12.51622013,10.11369091,11.53228202,11.53228202,15302
2011-08-17,11.53320233,13.46124006,10.88840479,11.26718219,11.26718219,22864
2011-08-18,11.27299114,12.94679336,10.72852772,11.32894727,11.32894727,8228
2011-08-19,11.33857341,14.61186001,11.28046182,11.69671394,11.69671394,33743
2011-08-20,11.70022188,13.46145675,11.15713917,11.46310923,11.46310923,9891
2011-08-21,11.47885295,14.06551718,10.06744977,11.42241338,11.42241338,8720
2011-08-22,11.4239971,12.43481415,10.41121521,11.23873487,11.23873487,37031
2011-08-23,11.23728678,11.84848843,9.97048823,11.48200128,11.48200128,12850
2011-08-24,11.47431705,11.88592871,9.42947535,11.30579771,11.30579771,7820
2011-08-25,11.32941003,13.45503353,10.72308364,11.24036219,11.24036219,55343
2011-08-26,11.20406092,11.32489745,8.47050135,8.9292554,8.9292554,82923
2011-08-27,8.88387158,9.52799474,7.43638218,9.30167677,9.30167677,22142
2011-08-28,9.30084387,11.43053264,8.19878175,9.15051016,9.15051016,24054
2011-08-29,9.15261711,10.20554332,8.16035419,9.39897004,9.39897004,21634
2011-08-30,9.45018704,11.71005585,8.89804383,9.37807863,9.37807863,11766
2011-08-31,9.37596679,9.67251714,7.93015259,9.04683085,9.04683085,19633
2011-09-01,9.04501088,9.46705537,7.54184555,8.43278006,8.43278006,11933
2011-09-02,8.43265459,9.51989208,7.79513625,8.50129404,8.50129404,16801
2011-09-03,8.50675586,9.21552372,7.94414453,8.51710524,8.51710524,6916
2011-09-04,8.50472743,9.4313507,6.94871078,8.33612022,8.33612022,19605
2011-09-05,8.36284254,9.96463095,7.13757001,7.97080803,7.97080803,30696
2011-09-06,7.96668138,8.37617925,6.83656558,8.20235766,8.20235766,82515
2011-09-07,8.20339209,9.17845725,7.4021925,7.55445712,7.55445712,49713
2011-09-08,7.54509838,7.54509838,5.92910784,6.71257114,6.71257114,31930
2011-09-09,6.71018373,7.21149456,5.85973903,7.15507079,7.15507079,216864
2011-09-10,7.14874193,7.14874193,4.48362939,4.82378567,4.82378567,44585
2011-09-11,4.82607803,6.3761805,4.67316508,6.27718031,6.27718031,143936
2011-09-12,6.27853708,7.32101008,5.62559637,6.6367602,6.6367602,63914
2011-09-13,6.62584687,6.79666733,5.7092275,5.95764036,5.95764036,23708
2011-09-14,5.95676473,6.53600101,5.51194295,5.93217288,5.93217288,43584
2011-09-15,5.9266074,6.23689094,4.88713191,5.18611758,5.18611758,85937
2011-09-16,5.1834211,5.1834211,4.03957428,4.84357699,4.84357699,31672
2011-09-17,4.84360455,5.84397254,4.56033675,5.07559468,5.07559468,20299
2011-09-18,5.07406728,5.39732043,4.41157443,5.09527905,5.09527905,44830
2011-09-19,5.09011039,5.44032061,4.39217915,5.29058503,5.29058503,49817
2011-09-20,5.28873551,6.30696423,4.85477518,6.09605373,6.09605373,116851
2011-09-21,6.09621461,6.61152927,5.31981268,5.91394752,5.91394752,68166
2011-09-22,5.91505739,6.74951097,5.60606959,5.72388707,5.72388707,31750
2011-09-23,5.72546009,6.70315435,5.56669789,5.69047118,5.69047118,55805
2011-09-24,5.6919291,6.60706214,5.42862701,5.69775453,5.69775453,17869
2011-09-25,5.69036641,5.72597631,4.84173783,5.4190285,5.4190285,9465
2011-09-26,5.41350616,5.6649027,4.64904878,5.14417399,5.14417399,56332
2011-09-27,5.14351989,5.48017733,4.71869679,5.15909761,5.15909761,24704
2011-09-28,5.15892782,5.48815166,4.65601157,5.079457,5.079457,30604
2011-09-29,5.07826107,5.31442731,4.35150544,4.90030138,4.90030138,14094
2011-09-30,4.90148141,6.03312999,4.70933436,5.09168621,5.09168621,41371
2011-10-01,5.09663182,5.90192061,4.818171,5.27339399,5.27339399,23541
2011-10-02,5.27209216,5.41037926,4.3716443,5.17896185,5.17896185,10463
2011-10-03,5.18367179,6.11194378,4.92775768,5.06386431,5.06386431,17249
2011-10-04,5.0634274,5.5866705,4.72855712,5.05797023,5.05797023,15791
2011-10-05,5.05790421,5.21200255,4.126449,4.94720792,4.94720792,17585
2011-10-06,4.94343992,5.43767407,4.32139659,4.7754939,4.7754939,54906
2011-10-07,4.77461522,4.89386973,3.62393404,4.34735352,4.34735352,97787
2011-10-08,4.34713193,4.60683164,3.74672519,4.04205945,4.04205945,39397
2011-10-09,4.07142208,5.73663993,4.07142208,4.53010334,4.53010334,38086
2011-10-10,4.52749068,4.67551511,3.56048055,4.16378716,4.16378716,16870
2011-10-11,4.16531928,4.75545583,3.91162146,4.1896409,4.1896409,41048
2011-10-12,4.19045557,4.83382138,3.86087408,4.15828811,4.15828811,69082
2011-10-13,4.15188813,4.19794142,3.22792713,4.05906018,4.05906018,19665
2011-10-14,4.05829383,4.44986395,3.43250146,4.14848155,4.14848155,20047
2011-10-15,4.14541464,4.33656755,3.49618518,3.86448891,3.86448891,42049
2011-10-16,3.86427514,4.11296732,3.31890927,3.61243004,3.61243004,36320
2011-10-17,3.59044162,3.62705176,2.33350946,2.7822893,2.7822893,208053
2011-10-18,2.78230124,3.44085348,2.64817198,3.43467949,3.43467949,87999
2011-10-19,3.42669227,3.45282027,2.17661336,2.39487145,2.39487145,101794
2011-10-20,2.39854317,2.98913862,2.22990969,2.36168035,2.36168035,48781
2011-10-21,2.36199244,2.9093799,2.28308684,2.55444806,2.55444806,73119
2011-10-22,2.555228,3.04803208,2.39376039,3.00200693,3.00200693,120526
2011-10-23,3.0099064,4.03550845,3.0099064,3.17798073,3.17798073,37179
2011-10-24,3.17626731,3.54592626,2.82856112,3.26611291,3.26611291,92121
2011-10-25,3.26596142,3.46202056,2.79869435,3.08877469,3.08877469,101328
2011-10-26,3.07883941,3.07883941,2.35629792,2.87588026,2.87588026,29315
2011-10-27,2.86331653,3.14423419,2.46126803,3.01783291,3.01783291,58679
2011-10-28,3.02217686,3.93715008,2.96386038,3.15168248,3.15168248,52427
2011-10-29,3.15010121,3.52035936,2.68417519,3.40165575,3.40165575,79645
2011-10-30,3.41041361,3.94281531,3.22919952,3.62207348,3.62207348,50465
2011-10-31,3.62200013,3.62200013,2.77628612,3.32336511,3.32336511,31083
2011-11-01,3.32319125,3.67796925,2.97375503,3.24627475,3.24627475,37990
2011-11-02,3.24654894,3.67444143,3.06923873,3.36237313,3.36237313,32282
2011-11-03,3.36236864,3.59932805,3.11248147,3.32671917,3.32671917,24463
2011-11-04,3.32968561,3.63416032,3.02062202,3.15134985,3.15134985,39369
2011-11-05,3.15048308,3.35668719,2.73412627,3.15790565,3.15790565,53138
2011-11-06,3.16005332,3.7929089,2.94505513,2.97161216,2.97161216,17247
2011-11-07,2.97102251,3.05035042,2.51497179,3.01703135,3.01703135,24126
2011-11-08,3.01646983,3.15396191,2.53867734,3.04638343,3.04638343,60449
2011-11-09,3.04605956,3.23780047,2.65117544,3.03060088,3.03060088,52497
2011-11-10,3.03333682,3.55558701,2.84918452,2.87862589,2.87862589,33846
2011-11-11,2.87866192,3.81759454,2.76447067,3.05443109,3.05443109,44699
2011-11-12,3.05342891,3.2569653,2.70317766,3.03077064,3.03077064,20361
2011-11-13,3.02275524,3.16772088,2.57338824,3.08792495,3.08792495,9663
2011-11-14,3.08118786,3.19202616,2.10189666,2.51945701,2.51945701,382085
2011-11-15,2.51920483,2.9881751,2.34615098,2.76766079,2.76766079,76467
2011-11-16,2.76189701,2.8329696,2.15187827,2.66090459,2.66090459,44046
2011-11-17,2.6597066,2.77181739,2.12313412,2.25260579,2.25260579,117347
2011-11-18,2.25443307,2.56828972,1.94793786,2.05104336,2.05104336,98160
2011-11-19,2.0528665,2.39449867,1.93747437,2.32452318,2.32452318,78360
2011-11-20,2.32447425,2.54883495,2.03802729,2.31034448,2.31034448,79831
2011-11-21,2.30681443,2.51516708,2.00816114,2.35750639,2.35750639,41537
2011-11-22,2.35439103,2.6729352,1.91631609,2.32116321,2.32116321,34222
2011-11-23,2.32638949,2.79286675,1.98394826,2.34512102,2.34512102,39959
2011-11-24,2.34460206,2.48143976,2.13925427,2.40515397,2.40515397,86951
2011-11-25,2.40400393,2.50849428,2.07559753,2.50480614,2.50480614,44292
2011-11-26,2.50554266,2.83115315,2.41795466,2.52845821,2.52845821,36102
2011-11-27,2.52849877,2.78942763,2.26376185,2.48851053,2.48851053,22765
2011-11-28,2.48932774,2.83783095,2.25456918,2.52360811,2.52360811,41447
2011-11-29,2.52508923,2.90411643,2.39062801,2.6825838,2.6825838,181459
2011-11-30,2.68364782,3.4687323,2.54979875,2.97224178,2.97224178,120353
2011-12-01,2.96967734,3.15346315,2.6344588,3.05414659,3.05414659,63575
2011-12-02,3.05267965,3.52000303,2.69061655,3.12777781,3.12777781,57571
2011-12-03,3.124731,3.1501916,2.65742569,2.96191517,2.96191517,123243
2011-12-04,2.96377113,3.58747231,2.68645813,2.90492712,2.90492712,95155
2011-12-05,2.90434878,3.09737497,2.62422296,2.94838054,2.94838054,30863
2011-12-06,2.94745311,3.3199436,2.59885269,2.9637005,2.9637005,55636
2011-12-07,2.96458832,3.3031788,2.75026141,3.00217694,3.00217694,57965
2011-12-08,3.00321591,3.77960412,2.89555414,3.07662193,3.07662193,39794
2011-12-09,3.07503158,3.20518932,2.57237102,3.08654431,3.08654431,34459
2011-12-10,3.08623049,3.19550281,2.56947308,3.04852201,3.04852201,74396
2011-12-11,3.05142735,3.64529214,2.93240739,3.23884873,3.23884873,108659
2011-12-12,3.23943809,3.91720099,3.09467279,3.29571931,3.29571931,40011
2011-12-13,3.28709933,3.34649652,2.65182007,3.27000021,3.27000021,32652
2011-12-14,3.26914225,3.54342142,3.00400987,3.21045307,3.21045307,72576
2011-12-15,3.21151236,3.66372222,3.135316,3.2484044,3.2484044,30064
2011-12-16,3.24503792,3.24503792,2.67733229,3.2,3.2,29906
2011-12-17,3.21281985,3.88636089,3.01655431,3.21996728,3.21996728,16451
2011-12-18,3.21244558,3.40410131,2.68121671,3.21728835,3.21728835,10808
2011-12-19,3.21737988,4.34084586,3.11915113,3.48107576,3.48107576,139691
2011-12-20,3.48726247,4.15628018,3.42825415,3.91297942,3.91297942,185907
2011-12-21,3.91429352,4.80019279,3.73464238,4.18899088,4.18899088,48668
2011-12-22,4.1772704,4.23539765,3.34833818,4.05652378,4.05652378,57333
2011-12-23,4.05806214,4.90064349,3.84156365,3.97840639,3.97840639,20447
2011-12-24,3.98509466,4.80682043,3.8447479,3.94730687,3.94730687,14902
2011-12-25,3.9532774,4.81274929,3.81690542,4.10117668,4.10117668,80792
2011-12-26,4.10132225,4.86421233,3.9771011,4.28165578,4.28165578,89000
2011-12-27,4.27891018,4.4664128,3.45605786,4.14707703,4.14707703,30239
2011-12-28,4.14726987,4.8067394,3.88012001,4.18170397,4.18170397,33691
2011-12-29,4.18252014,5.12420997,3.88301244,4.17361546,4.17361546,53129
2011-12-30,4.17119927,4.48533209,3.50330615,4.31536286,4.31536286,41134
2011-12-31,4.32073042,5.41935146,4.32073042,4.6107165,4.6107165,129202
2012-01-01,4.61211781,6.15942073,4.61211781,5.13245004,5.13245004,108874
2012-01-02,5.13201225,5.75212654,4.55740422,5.21820982,5.21820982,69453
2012-01-03,5.21773083,5.57882495,4.74763758,4.89844709,4.89844709,125477
2012-01-04,4.9133038,6.72313232,4.85760841,5.5466376,5.5466376,131363
2012-01-05,5.56115956,7.39091802,5.56115956,6.67195013,6.67195013,182401
2012-01-06,6.66976928,6.83915799,5.63733788,6.60205532,6.60205532,219004
2012-01-07,6.60802244,8.12188585,6.32470142,7.13552966,7.13552966,48385
2012-01-08,7.13457867,7.57068853,6.0598177,7.06357302,7.06357302,57284
2012-01-09,7.061768,7.32911947,6.01513083,6.60728494,6.60728494,148287
2012-01-10,6.61694701,8.78966614,6.61694701,7.03364426,7.03364426,109937
2012-01-11,7.03833866,8.01122344,6.46653624,6.91628309,6.91628309,99862
2012-01-12,6.90899323,7.24002682,5.85424688,7.01950113,7.01950113,140331
2012-01-13,7.01824789,7.28625752,5.35097905,6.42110841,6.42110841,60353
2012-01-14,6.4321649,7.65975505,6.24961848,6.79544826,6.79544826,141665
2012-01-15,6.81226383,7.49084337,6.44146396,6.83277261,6.83277261,62132
2012-01-16,6.8331676,8.33371715,6.27231549,6.87811804,6.87811804,122945
2012-01-17,6.86748509,7.15180992,5.76985561,6.45205554,6.45205554,213278
2012-01-18,6.45033848,7.14387223,5.82188611,6.73834116,6.73834116,225772
2012-01-19,6.73522728,7.08620078,5.57016336,6.69133805,6.69133805,114656
2012-01-20,6.69122394,6.89737804,5.60858404,6.39858865,6.39858865,66846
2012-01-21,6.39846925,6.64563371,5.5712868,6.22548283,6.22548283,64750
2012-01-22,6.22373509,6.64621807,5.38856917,6.50067121,6.50067121,44846
2012-01-23,6.52796234,8.17945916,6.25599732,6.37330287,6.37330287,17720
2012-01-24,6.37509623,7.44354464,5.97621782,6.37032543,6.37032543,35688
2012-01-25,6.37146132,7.50862564,5.98815859,6.43097182,6.43097182,133017
2012-01-26,6.43217209,7.12453947,5.50473975,5.87537743,5.87537743,124599
2012-01-27,5.85363784,5.85363784,4.67563693,5.64294158,5.64294158,115305
2012-01-28,5.63396302,5.66312798,4.50521248,5.65160862,5.65160862,89957
2012-01-29,5.65074174,6.19940076,5.21709797,5.39253226,5.39253226,46446
2012-01-30,5.39462524,6.84282147,5.17069337,5.56924476,5.56924476,42324
2012-01-31,5.56810465,6.07510305,4.94471472,5.54965327,5.54965327,48373
2012-02-01,5.56133991,6.15009355,5.16556953,5.75663494,5.75663494,115133
2012-02-02,5.7671131,7.85721661,5.72895481,6.09416354,6.09416354,54605
2012-02-03,6.09391446,6.50810004,5.1125138,6.04470561,6.04470561,58994
2012-02-04,6.04627382,7.13150806,5.76055184,5.96971434,5.96971434,20604
2012-02-05,5.96907628,6.76004788,4.92458125,5.87051569,5.87051569,120632
2012-02-06,5.86724337,6.05877074,4.78797442,5.74232368,5.74232368,90107
2012-02-07,5.7423266,6.17141424,5.269389,5.76721428,5.76721428,72692
2012-02-08,5.76714072,5.99158015,5.12519001,5.7396253,5.7396253,237874
2012-02-09,5.7430992,6.49158359,5.19817129,5.83956063,5.83956063,89801
2012-02-10,5.84125751,6.52428162,5.56593821,5.8708082,5.8708082,39255
2012-02-11,5.87451818,6.95094449,5.38284782,5.60291637,5.60291637,69678
2012-02-12,5.60710597,6.54081574,5.29717393,5.79514198,5.79514198,82094
2012-02-13,5.79104575,5.99924377,4.8532302,5.55952187,5.55952187,169219
2012-02-14,5.50193855,5.50193855,3.80726232,4.56817565,4.56817565,297950
2012-02-15,4.57753793,6.12865036,4.42481115,5.18873844,5.18873844,161412
2012-02-16,5.18436649,5.21682542,3.87574516,4.62978584,4.62978584,166535
2012-02-17,4.62648753,4.86161499,3.77314074,4.41860632,4.41860632,136020
2012-02-18,4.41800678,4.92842572,4.05623408,4.47996174,4.47996174,70054
2012-02-19,4.47758147,5.03727577,4.02373442,4.41180663,4.41180663,62213
2012-02-20,4.41179695,4.67648457,4.01566294,4.37508421,4.37508421,37315
2012-02-21,4.37256564,4.65810096,3.88816257,4.33288803,4.33288803,51759
2012-02-22,4.33218021,5.00782638,3.99850308,4.4453252,4.4453252,104155
2012-02-23,4.44624249,4.78018802,3.97471084,4.66527244,4.66527244,164592
2012-02-24,4.6697145,6.25050736,4.6697145,5.00086531,5.00086531,89872
2012-02-25,4.99314872,5.2218261,4.23841528,5.08529919,5.08529919,85971
2012-02-26,5.08531455,5.48238823,4.45115911,5.0288102,5.0288102,70135
2012-02-27,5.02029645,5.07410811,4.10171595,5.01271674,5.01271674,29287
2012-02-28,5.0139021,6.1201905,4.85243153,5.04463683,5.04463683,62651
2012-02-29,5.04551736,6.24260079,4.78489508,4.96456276,4.96456276,26483
2012-03-01,4.96450481,5.56314227,4.57213061,4.92017298,4.92017298,44251
2012-03-02,4.92626324,5.68990998,4.63924101,4.80964542,4.80964542,131067
2012-03-03,4.7986948,5.0503678,4.07900311,4.89267155,4.89267155,40179
2012-03-04,4.89278012,5.97916832,4.69250983,4.81733627,4.81733627,58951
2012-03-05,4.83939697,5.84747177,4.73444676,4.93451643,4.93451643,65866
2012-03-06,4.94256904,5.86251075,4.83387669,5.0026608,5.0026608,44431
2012-03-07,5.00073945,5.79538168,4.46296173,5.0245143,5.0245143,45964
2012-03-08,5.02265285,5.14158964,4.22933386,4.95315193,4.95315193,58088
2012-03-09,4.96482643,6.09473601,4.67069464,4.87676645,4.87676645,32638
2012-03-10,4.87777156,5.27832777,4.43644182,4.86596324,4.86596324,28165
2012-03-11,4.86420766,5.33262547,3.88242503,4.91746054,4.91746054,42501
2012-03-12,4.91696734,5.10874076,4.0693322,4.91519969,4.91519969,21993
2012-03-13,4.91698404,5.91086478,4.72245224,5.2574784,5.2574784,127057
2012-03-14,5.2544392,5.57159337,4.33318951,5.38141987,5.38141987,62835
2012-03-15,5.38137074,5.60405246,4.61627317,5.35044648,5.35044648,41055
2012-03-16,5.35414202,6.53068,5.06412533,5.34639753,5.34639753,32653
2012-03-17,5.3463786,5.71884988,4.71936617,5.33953712,5.33953712,39152
2012-03-18,5.33656916,5.59746672,4.29440168,5.37281917,5.37281917,22785
2012-03-19,5.36195846,5.4899846,4.27368805,4.93218965,4.93218965,188998
2012-03-20,4.92404121,5.67434779,4.37678879,5.09948999,5.09948999,66148
2012-03-21,5.09808173,5.22775799,4.28727311,4.87779106,4.87779106,46476
2012-03-22,4.87752501,5.35459032,4.05874548,4.86162828,4.86162828,58216
2012-03-23,4.84803295,5.15516931,3.76973721,4.72726595,4.72726595,54044
2012-03-24,4.73682443,5.56905939,4.42527001,4.77498158,4.77498158,38903
2012-03-25,4.77313085,4.91957797,3.93627222,4.72340957,4.72340957,71408
2012-03-26,4.71632358,5.04305259,4.17940169,4.68115922,4.68115922,69762
2012-03-27,4.68082521,5.12437158,3.94985448,4.80620916,4.80620916,73317
2012-03-28,4.80357994,4.94077512,3.98521504,4.77752765,4.77752765,37984
2012-03-29,4.77686776,4.95170048,4.03582361,4.83695352,4.83695352,37865
2012-03-30,4.8364788,5.13538233,4.2336765,4.85498069,4.85498069,39138
2012-03-31,4.85525215,5.3067699,4.51845566,4.88930978,4.88930978,35494
2012-04-01,4.88638672,4.97818237,4.09484424,4.91375968,4.91375968,36004
2012-04-02,4.91445567,6.15731333,4.65945241,4.97362823,4.97362823,80605
2012-04-03,4.9726655,5.3025141,4.17140092,5.00480982,5.00480982,78813
2012-04-04,5.00205184,5.24806155,4.10652793,4.92430976,4.92430976,51074
2012-04-05,4.93055358,6.43552821,4.62376598,4.93233917,4.93233917,33792
2012-04-06,4.92931047,5.14886049,4.26585263,4.9499622,4.9499622,58336
2012-04-07,4.94472394,5.22005949,4.21822204,4.87220797,4.87220797,80664
2012-04-08,4.88070972,5.70783611,4.6248108,4.89221328,4.89221328,41889
2012-04-09,4.89392243,5.42846319,4.05067363,4.85835993,4.85835993,39359
2012-04-10,4.85462023,5.30056675,4.31973426,4.82839711,4.82839711,53037
2012-04-11,4.8215346,5.00945847,4.01199562,4.90483482,4.90483482,67194
2012-04-12,4.90472675,5.15890739,4.13943154,4.9157707,4.9157707,46308
2012-04-13,4.91648397,6.1014279,4.6901605,4.95498095,4.95498095,93023
2012-04-14,4.96745521,6.40254138,4.7950155,4.96081435,4.96081435,64194
2012-04-15,4.95941568,5.26157865,4.23832163,5.01805868,5.01805868,33311
2012-04-16,5.02584807,6.13869855,4.93361638,4.94889829,4.94889829,31212
2012-04-17,4.94838567,5.28006419,4.42225572,4.98878338,4.98878338,30685
2012-04-18,4.9951584,6.14792671,4.86045347,5.11479288,5.11479288,79183
2012-04-19,5.11505695,6.35037573,4.90263308,5.17622544,5.17622544,46679
2012-04-20,5.17594587,5.6340817,4.49823618,5.29829023,5.29829023,104166
2012-04-21,5.31248974,6.56158317,5.17347271,5.25712563,5.25712563,60611
2012-04-22,5.27766927,6.193174,5.15270567,5.26848294,5.26848294,37007
2012-04-23,5.25841168,5.43124629,4.15215416,5.1556199,5.1556199,49532
2012-04-24,5.15519805,5.9903687,4.74054661,5.11357053,5.11357053,70746
2012-04-25,5.11352911,5.44213306,4.71672292,5.14921833,5.14921833,35646
2012-04-26,5.13570682,5.69251773,4.60059652,5.10425886,5.10425886,57529
2012-04-27,5.12464179,6.43952831,5.04476873,5.16151739,5.16151739,25936
2012-04-28,5.16120908,5.49704021,4.53980124,5.00151806,5.00151806,91453
2012-04-29,5.00728136,5.61293041,4.82268405,4.91503796,4.91503796,22254
2012-04-30,4.91670184,5.57911355,4.69760397,4.9883607,4.9883607,55835
2012-05-01,5.00571075,6.41994581,4.94188764,5.0,5.0,36491
2012-05-02,4.99673655,5.22085089,4.21525703,5.05680568,5.05680568,95988
2012-05-03,5.0570425,6.44275216,4.90812436,5.15564527,5.15564527,35573
2012-05-04,5.13937057,5.13937057,4.19574137,5.10246095,5.10246095,43621
2012-05-05,5.10435295,5.85916943,4.5742187,5.11321139,5.11321139,18753
2012-05-06,5.11322171,5.7424828,4.79588366,5.07163649,5.07163649,19227
2012-05-07,5.08458996,6.5498748,5.03344845,5.08906576,5.08906576,46199
2012-05-08,5.07746405,5.37619578,4.08776021,5.09640553,5.09640553,68273
2012-05-09,5.09147247,5.17766772,4.20382335,5.06369041,5.06369041,38714
2012-05-10,5.06546562,5.77195869,4.77402072,4.96058237,4.96058237,69886
2012-05-11,4.96721602,5.68806988,4.72321339,5.02771639,5.02771639,63353
2012-05-12,5.02646265,5.16957019,4.32133901,5.01999907,5.01999907,20904
2012-05-13,5.01982252,5.60572452,4.61706916,4.947319,4.947319,14103
2012-05-14,4.95107574,5.64338027,4.67547414,5.00891328,5.00891328,52922
2012-05-15,5.00885847,5.49500484,4.37159931,5.03797465,5.03797465,43987
2012-05-16,5.03736854,5.97772684,4.49064571,5.08977236,5.08977236,69467
2012-05-17,5.08597514,5.12105939,4.29082897,5.09986121,5.09986121,26652
2012-05-18,5.10443058,6.71555505,4.98251643,5.12559717,5.12559717,52536
2012-05-19,5.1404474,6.59853424,4.9124192,5.1006107,5.1006107,23205
2012-05-20,5.10062135,5.67671306,4.74863703,5.12186447,5.12186447,18682
2012-05-21,5.11798234,5.25218855,4.09735672,5.14754139,5.14754139,33767
2012-05-22,5.14796075,5.98056899,4.36747815,5.0994262,5.0994262,46637
2012-05-23,5.0981856,5.61483404,4.65220675,5.13753842,5.13753842,53092
2012-05-24,5.13738347,5.50576261,4.67035221,5.12398212,5.12398212,28974
2012-05-25,5.12764529,5.67432042,4.98229159,5.14767399,5.14767399,22978
2012-05-26,5.14545172,5.29536731,4.13935687,5.10357445,5.10357445,16590
2012-05-27,5.10560636,5.54483058,4.85164521,5.1443951,5.1443951,15764
2012-05-28,5.14407551,5.40238099,4.28696653,5.14431983,5.14431983,27538
2012-05-29,5.11508307,5.53047509,4.37618069,5.15850195,5.15850195,61321
2012-05-30,5.15876234,6.44673,4.91278709,5.15789136,5.15789136,40003
2012-05-31,5.15696382,5.42460943,4.31292788,5.18000336,5.18000336,39747
2012-06-01,5.18074847,5.63273305,4.73606021,5.22720861,5.22720861,44654
2012-06-02,5.23567066,6.63959804,4.98264755,5.25153455,5.25153455,15165
2012-06-03,5.25186186,5.84645107,4.98584612,5.21435158,5.21435158,12673
2012-06-04,5.19864462,5.43976349,4.38931767,5.2669232,5.2669232,51249
2012-06-05,5.25522581,5.40767598,4.40623515,5.34085121,5.34085121,83690
2012-06-06,5.33376676,6.1436199,4.55175272,5.46122668,5.46122668,40889
2012-06-07,5.45559531,5.5758727,4.4317805,5.52897055,5.52897055,48241
2012-06-08,5.52986329,7.23583533,5.33208349,5.6216055,5.6216055,53915
2012-06-09,5.64609116,7.07664765,5.42665334,5.60116607,5.60116607,36987
2012-06-10,5.60098284,5.99149435,5.16327378,5.46891097,5.46891097,24350
2012-06-11,5.47042042,6.39165519,5.11196816,5.59069132,5.59069132,40137
2012-06-12,5.59508853,7.10810462,5.26227163,5.68765917,5.68765917,79122
2012-06-13,5.69087246,6.2588686,5.23879599,5.8696722,5.8696722,57440
2012-06-14,5.86223118,6.34676287,4.78808631,5.95444112,5.95444112,34978
2012-06-15,5.94817268,6.29178481,5.3371271,6.19853174,6.19853174,65596
2012-06-16,6.19787037,7.81765811,5.6764745,6.3226724,6.3226724,78273
2012-06-17,6.32294847,6.80995109,5.68565404,6.39889579,6.39889579,48720
2012-06-18,6.40344666,7.06939203,6.10282544,6.49246054,6.49246054,47160
2012-06-19,6.49090894,7.05729115,5.86875022,6.49818679,6.49818679,43764
2012-06-20,6.49361177,6.96650994,5.70901969,6.59134877,6.59134877,64137
2012-06-21,6.59896783,8.35571713,6.51902023,6.685053,6.685053,52005
2012-06-22,6.68847997,7.7270405,6.42142048,6.70678887,6.70678887,56515
2012-06-23,6.68539484,7.01229139,5.45020917,6.50953457,6.50953457,20087
2012-06-24,6.51186054,7.29639751,5.96175079,6.59043921,6.59043921,33807
2012-06-25,6.59011085,6.82904418,5.7122733,6.43016478,6.43016478,62685
2012-06-26,6.42975197,6.86019509,5.89685584,6.43167953,6.43167953,48732
2012-06-27,6.43086354,7.09164094,5.87705946,6.50435205,6.50435205,42012
2012-06-28,6.50480666,7.36318933,6.19280427,6.59615421,6.59615421,42663
2012-06-29,6.60220449,8.27947256,6.33443087,6.65662093,6.65662093,26225
2012-06-30,6.66230353,7.82767416,6.18553342,6.68107689,6.68107689,20460
2012-07-01,6.68058295,6.87709694,5.65890638,6.65656653,6.65656653,20669
2012-07-02,6.68796704,8.56750995,6.37513832,6.74371915,6.74371915,32415
2012-07-03,6.74542891,8.23535909,6.4629269,6.68950879,6.68950879,71254
2012-07-04,6.68867828,7.25956656,5.92896982,6.57708864,6.57708864,33486
2012-07-05,6.56396312,6.76204588,5.50480775,6.62879535,6.62879535,45272
2012-07-06,6.63639586,7.3924443,5.97354315,6.75034749,6.75034749,43069
2012-07-07,6.74952587,7.05165118,5.7466794,6.75035421,6.75035421,37863
2012-07-08,6.7502583,7.31699781,6.11056386,6.79716863,6.79716863,18152
2012-07-09,6.80057546,8.55891751,6.38956105,6.92072579,6.92072579,61649
2012-07-10,6.92528947,8.07837619,6.29681179,7.05961631,7.05961631,70148
2012-07-11,7.06590386,9.04839593,6.8641583,7.23962058,7.23962058,41914
2012-07-12,7.23913824,8.22711748,6.73556546,7.59010899,7.59010899,64634
2012-07-13,7.59193484,8.58520094,6.5398737,7.52227985,7.52227985,65407
2012-07-14,7.52054755,7.75490432,6.2878289,7.64496696,7.64496696,15971
2012-07-15,7.64243842,8.17329064,6.97329606,7.65655834,7.65655834,26890
2012-07-16,7.65643875,8.21039969,6.75437665,7.97673462,7.97673462,103094
2012-07-17,7.97876906,9.57512823,7.784285,8.78482513,8.78482513,211402
2012-07-18,8.80079839,11.46675064,8.67064783,9.17921057,9.17921057,105870
2012-07-19,9.17809969,10.05567249,8.28107156,9.0293306,9.0293306,48309
2012-07-20,9.02418727,9.23045836,7.70152965,8.5424206,8.5424206,154884
2012-07-21,8.5379089,9.36606585,7.67435566,9.23220262,9.23220262,139404
2012-07-22,9.21281573,9.21281573,7.12672343,8.54426088,8.54426088,30080
2012-07-23,8.54526725,9.91178789,8.06898833,8.51389995,8.51389995,146865
2012-07-24,8.51950151,9.62689566,7.92765839,8.68446087,8.68446087,40884
2012-07-25,8.69009831,10.25510006,8.4386111,8.86464594,8.86464594,64685
2012-07-26,8.8645932,10.25058086,8.25314809,8.84095624,8.84095624,32364
2012-07-27,8.83768394,9.3180104,7.85576727,8.90518615,8.90518615,26651
2012-07-28,8.91799972,11.16607589,8.54231293,8.93604308,8.93604308,16167
2012-07-29,8.93200209,9.34359106,7.36996846,8.71330019,8.71330019,11495
2012-07-30,8.72823901,10.1658672,8.44650378,9.04228204,9.04228204,51526
2012-07-31,9.04745137,11.66023691,8.20355242,9.33315253,9.33315253,70233
2012-08-01,9.33992756,11.61842945,8.55737156,9.50403719,9.50403719,68219
2012-08-02,9.51846781,11.79013625,9.51846781,10.40706676,10.40706676,126477
2012-08-03,10.3952392,11.06342706,9.32951664,10.68282219,10.68282219,61216
2012-08-04,10.67997195,11.19897087,9.17311555,11.00720121,11.00720121,52409
2012-08-05,11.04903093,13.51131571,10.68533587,11.14120508,11.14120508,67356
2012-08-06,11.14427267,12.60413305,10.54358688,11.1625531,11.1625531,51508
2012-08-07,11.1687523,12.52675865,10.53374828,11.22610747,11.22610747,41691
2012-08-08,11.22152377,11.90178388,9.22191418,11.06101324,11.06101324,31477
2012-08-09,11.05291918,11.55957429,9.62275495,11.06486034,11.06486034,101841
2012-08-10,11.07000549,13.04394651,10.88719884,11.55683912,11.55683912,63419
2012-08-11,11.57257559,13.01722897,10.0055182,11.53463261,11.53463261,21711
2012-08-12,11.52689281,12.37314159,9.69521642,11.63310004,11.63310004,30372
2012-08-13,11.63786429,13.83099235,11.04444438,11.92510712,11.92510712,54012
2012-08-14,11.92522642,13.75497837,10.6507976,12.09708967,12.09708967,44099
2012-08-15,12.09635346,13.14511054,11.04946511,12.69205403,12.69205403,57479
2012-08-16,12.69182432,14.73591106,11.69014304,13.48214926,13.48214926,96513
2012-08-17,13.45420787,13.67927552,11.33034918,12.3631572,12.3631572,220698
2012-08-18,12.36178517,13.19434281,10.98776476,12.86033404,12.86033404,88122
2012-08-19,12.85986334,13.25725758,9.77244532,10.65659646,10.65659646,239702
2012-08-20,10.65922105,12.72032493,10.05848834,10.57540361,10.57540361,192185
2012-08-21,10.58162889,13.19542626,10.19940798,10.42669389,10.42669389,71764
2012-08-22,10.42598528,10.50274123,8.51570508,10.27630004,10.27630004,67622
2012-08-23,10.23701391,10.40275527,8.32484148,10.2052397,10.2052397,55908
2012-08-24,10.20552026,11.50028341,9.57036588,10.44567046,10.44567046,92153
2012-08-25,10.4501758,11.97738922,9.00567934,10.30088345,10.30088345,40468
2012-08-26,10.30072572,11.03698602,8.84895617,10.61565392,10.61565392,26229
2012-08-27,10.646426,12.66264193,9.64667019,10.98677388,10.98677388,174871
2012-08-28,10.99237785,13.17916149,10.43002744,11.95237235,11.95237235,54891
2012-08-29,11.97580234,14.5749248,10.55914809,11.16552603,11.16552603,53646
2012-08-30,11.18565658,13.44501996,10.53970041,10.89209263,10.89209263,30904
2012-08-31,10.88873258,11.42279241,9.44148355,10.76433616,10.76433616,67691
2012-09-01,10.76285932,11.02506503,8.66688723,10.35390474,10.35390474,23297
2012-09-02,10.33971299,10.68245953,9.07521624,10.30820256,10.30820256,25061
2012-09-03,10.30697522,11.83913089,9.40186205,10.43883892,10.43883892,22928
2012-09-04,10.44719462,12.52692305,9.684498,10.45251285,10.45251285,34885
2012-09-05,10.45822284,13.07154507,10.13300529,10.78682751,10.78682751,61063
2012-09-06,10.78467696,11.28704891,9.10124806,10.91776245,10.91776245,66881
2012-09-07,10.94968526,13.36387444,10.71995883,11.14452008,11.14452008,35507
2012-09-08,11.14254072,12.07343672,10.09272312,11.11041779,11.11041779,24242
2012-09-09,11.1238899,13.9354811,10.86454208,11.15019264,11.15019264,13996
2012-09-10,11.14808519,11.27383144,9.29925099,11.15746677,11.15746677,42357
2012-09-11,11.13911578,11.62166964,9.14970997,11.15847476,11.15847476,65214
2012-09-12,11.16510808,12.94198218,10.71585362,11.32533642,11.32533642,58683
2012-09-13,11.32085776,12.40921372,9.67756566,11.38454845,11.38454845,20574
2012-09-14,11.4385674,14.50442531,11.4385674,11.6137897,11.6137897,43316
2012-09-15,11.58642945,13.02281675,9.4342683,11.75616784,11.75616784,16284
2012-09-16,11.75455666,12.24762811,10.24663816,11.84593573,11.84593573,30328
2012-09-17,11.85107184,13.73750611,11.13862881,11.94988405,11.94988405,26642
2012-09-18,11.94777961,13.12000937,10.88154025,12.16231827,12.16231827,40925
2012-09-19,12.14999102,12.70874253,10.56818598,12.46653331,12.46653331,41851
2012-09-20,12.47507906,15.06057241,12.1552449,12.42052067,12.42052067,32576
2012-09-21,12.42090736,13.74520861,11.69290843,12.47605424,12.47605424,35930
2012-09-22,12.47430637,12.92407051,10.36884732,12.43543543,12.43543543,14919
2012-09-23,12.42604728,13.32055192,9.98871988,12.24756939,12.24756939,39945
2012-09-24,12.26777932,13.75284115,11.78303002,12.26233008,12.26233008,27335
2012-09-25,12.26093285,13.43990178,11.08256126,12.24022822,12.24022822,21179
2012-09-26,12.25546331,14.81447085,11.57467851,12.26584521,12.26584521,23570
2012-09-27,12.28952655,15.52398848,12.06994759,12.31059737,12.31059737,19310
2012-09-28,12.31198978,14.72210351,11.87942245,12.42521266,12.42521266,26670
2012-09-29,12.41277311,12.96054768,10.39455093,12.44006772,12.44006772,17032
2012-09-30,12.42845024,12.91526652,10.67111221,12.48606942,12.48606942,7757
2012-10-01,12.49009813,13.8700002,11.73071582,12.42873348,12.42873348,24824
2012-10-02,12.44183064,14.87756868,12.01527848,12.77905624,12.77905624,50957
2012-10-03,12.77905409,15.72264143,11.93617692,12.88819855,12.88819855,32985
2012-10-04,12.89586027,16.16230997,12.05543672,12.87716377,12.87716377,37968
2012-10-05,12.87631221,14.2964192,11.60653053,12.96117075,12.96117075,31207
2012-10-06,12.96938651,14.1570916,11.56928463,12.72685467,12.72685467,24767
2012-10-07,12.68644159,13.31852145,10.39617142,12.17423947,12.17423947,63410
2012-10-08,12.20480192,13.84955731,11.55098624,11.88146035,11.88146035,98371
2012-10-09,11.89248142,14.85304275,11.52012338,11.9466825,11.9466825,46904
2012-10-10,11.94813674,13.11913329,11.07069242,12.16532996,12.16532996,27709
2012-10-11,12.1620513,12.76279668,10.58846724,12.04866805,12.04866805,19770
2012-10-12,12.05523593,13.7982628,10.45452807,12.0116711,12.0116711,21513
2012-10-13,12.02819478,14.97137245,11.43053896,11.97814613,11.97814613,11841
2012-10-14,12.01998003,15.01031011,11.65313081,11.89256008,11.89256008,22992
2012-10-15,11.90024031,14.82864373,11.81439144,11.86793376,11.86793376,27038
2012-10-16,11.86789624,12.64846682,10.7412008,11.90332637,11.90332637,41250
2012-10-17,11.90423437,13.66817412,11.04918526,11.82888241,11.82888241,23553
2012-10-18,11.8528126,13.81754599,11.16140548,11.9426474,11.9426474,21958
2012-10-19,11.9460141,13.78011983,11.31929943,11.89082972,11.89082972,23213
2012-10-20,11.87244209,12.43715725,9.65875016,11.88949439,11.88949439,22242
2012-10-21,11.88313034,12.44278169,10.1901475,11.74474588,11.74474588,9384
2012-10-22,11.74277608,11.9799589,9.52428398,11.72711543,11.72711543,37622
2012-10-23,11.72759691,15.20319254,11.14625602,11.67456482,11.67456482,54403
2012-10-24,11.68933234,14.68036454,11.02443791,11.7763937,11.7763937,21720
2012-10-25,11.78185841,14.31549196,11.29681814,11.31145553,11.31145553,84907
2012-10-26,11.31176838,13.41259061,9.47567772,10.31857801,10.31857801,99188
2012-10-27,10.31530871,11.24736667,8.50865535,10.68398367,10.68398367,47787
2012-10-28,10.68074255,11.23756523,9.6232907,10.72961618,10.72961618,22375
2012-10-29,10.69638249,11.23249375,8.72999032,10.62967463,10.62967463,37635
2012-10-30,10.63109591,12.48700329,9.95523809,10.92263008,10.92263008,26052
2012-10-31,10.92241781,11.63284698,9.69222153,11.10321647,11.10321647,40751
2012-11-01,11.10315599,11.90803354,9.47930661,10.94756294,10.94756294,50563
2012-11-02,10.9493085,12.126873,10.43875969,10.99405961,10.99405961,24541
2012-11-03,11.01007211,13.08859732,10.41176568,11.00243692,11.00243692,16757
2012-11-04,11.00521398,11.84827732,9.81384328,10.63117282,10.63117282,16778
2012-11-05,10.63151125,12.12237866,10.23689571,10.73815092,10.73815092,21861
2012-11-06,10.77178712,12.16287747,9.7854944,10.89945,10.89945,26991
2012-11-07,10.93262445,13.65744712,10.70818352,10.96138708,10.96138708,31731
2012-11-08,10.95522866,12.46693583,9.43916172,10.97822388,10.97822388,26089
2012-11-09,10.98238011,12.80154519,10.08155168,10.96447244,10.96447244,14644
2012-11-10,10.97113392,12.20728587,9.65315048,10.89172204,10.89172204,13485
2012-11-11,10.89232104,11.8175409,9.09503583,10.91202168,10.91202168,12562
2012-11-12,10.92075678,12.28191429,10.28907978,11.00010897,11.00010897,39115
2012-11-13,10.99609848,11.58042029,9.29412414,11.16550967,11.16550967,16674
2012-11-14,11.16726761,13.0366477,10.50135766,10.9660578,10.9660578,24548
2012-11-15,10.96619961,11.89819687,9.77370539,11.13901709,11.13901709,31984
2012-11-16,11.14009515,12.77629227,10.27023609,11.72221462,11.72221462,58222
2012-11-17,11.72587835,14.74238049,11.55043775,11.79418768,11.79418768,19051
2012-11-18,11.79089675,13.52729252,10.46945844,11.74317601,11.74317601,15571
2012-11-19,11.75029119,12.8951486,10.98049879,11.81331595,11.81331595,25279
2012-11-20,11.81137081,12.17663596,9.77969127,11.73377192,11.73377192,27261
2012-11-21,11.7318633,12.46485338,10.38543745,11.79946441,11.79946441,19177
2012-11-22,11.78937719,12.77883317,10.69627611,11.92113169,11.92113169,58243
2012-11-23,11.92553135,14.02741997,11.5073016,12.33493223,12.33493223,18994
2012-11-24,12.355422,13.90411082,11.71033084,12.42471973,12.42471973,19561
2012-11-25,12.42233424,13.459287,10.39473372,12.46707578,12.46707578,24063
2012-11-26,12.45505987,12.68458111,10.32785018,12.3923898,12.3923898,35852
2012-11-27,12.39032583,13.30646848,10.4863201,12.53183464,12.53183464,33253
2012-11-28,12.53132403,13.06179951,10.46919647,12.37713438,12.37713438,30629
2012-11-29,12.40632056,15.43456707,10.43300852,12.45,12.45,26479
2012-11-30,12.46174322,15.03030852,12.06921413,12.60555385,12.60555385,24354
2012-12-01,12.60321774,13.66527293,11.5972999,12.59861111,12.59861111,14750
2012-12-02,12.59992843,14.33851051,12.09077266,12.54691179,12.54691179,14054
2012-12-03,12.53689563,13.150572,10.83779267,12.67929404,12.67929404,26713
2012-12-04,12.6770481,15.43967946,11.59295024,13.18377975,13.18377975,63184
2012-12-05,13.17981352,13.78663612,11.16879674,13.35841304,13.35841304,29822
2012-12-06,13.34739734,15.18678814,11.83761505,13.44278213,13.44278213,46765
2012-12-07,13.44298117,14.41004629,11.26226957,13.51220144,13.51220144,32834
2012-12-08,13.51167562,14.31926517,11.83308714,13.51372041,13.51372041,13194
2012-12-09,13.52387578,16.8291348,13.11398118,13.45784715,13.45784715,27970
2012-12-10,13.45776776,14.81904957,11.53199186,13.52452183,13.52452183,24669
2012-12-11,13.48827513,14.12287003,11.10073338,13.56332623,13.56332623,28034
2012-12-12,13.57595532,15.85975929,13.07489998,13.67323556,13.67323556,37678
2012-12-13,13.67600467,16.24362448,13.0156632,13.7881444,13.7881444,24234
2012-12-14,13.78847733,16.57368433,12.89311926,13.76860435,13.76860435,70024
2012-12-15,13.7690417,15.13062464,12.85988284,13.61609742,13.61609742,15164
2012-12-16,13.6097569,14.30067346,12.11604221,13.65159696,13.65159696,42637
2012-12-17,13.62111277,13.84746412,11.15817027,13.38649078,13.38649078,63480
2012-12-18,13.37634561,13.90039671,11.15254308,13.38261509,13.38261509,23247
2012-12-19,13.37234159,14.30481638,11.21440073,13.45665339,13.45665339,38831
2012-12-20,13.469629,14.96441439,11.9895222,13.52429238,13.52429238,32924
2012-12-21,13.52422236,15.04326784,12.64659275,13.53259766,13.53259766,25291
2012-12-22,13.51293895,14.20184287,11.28900038,13.5445149,13.5445149,14795
2012-12-23,13.65280902,16.811331,13.29116991,13.31638151,13.31638151,23882
2012-12-24,13.31775733,15.13025849,12.5563232,13.46215001,13.46215001,16716
2012-12-25,13.44967673,14.19164252,11.15790111,13.43245768,13.43245768,13207
2012-12-26,13.4479929,15.03065811,12.65433387,13.46452665,13.46452665,15889
2012-12-27,13.4781539,15.61400417,12.04135366,13.42095444,13.42095444,19795
2012-12-28,13.4201676,14.33707756,12.01139091,13.48663497,13.48663497,23732
2012-12-29,13.48735272,14.79275652,11.93067063,13.48775761,13.48775761,26203
2012-12-30,13.51949475,17.76348897,12.96511768,13.47902821,13.47902821,11768
2012-12-31,13.48373286,16.58882814,12.69813116,13.5285789,13.5285789,14998
2013-01-01,13.55402337,15.55188902,13.11076348,13.50148703,13.50148703,28305
2013-01-02,13.49811674,14.90998665,12.39830465,13.47588588,13.47588588,17984
2013-01-03,13.47577912,14.32725419,12.25265415,13.39987881,13.39987881,18024
2013-01-04,13.40029122,16.19616936,12.7463485,13.49017317,13.49017317,29724
2013-01-05,13.49578597,16.79383736,12.93979343,13.44027359,13.44027359,21267
2013-01-06,13.44000471,14.26452402,11.8477365,13.5141977,13.5141977,12742
2013-01-07,13.53211054,16.91231887,13.23551456,13.53184632,13.53184632,25445
2013-01-08,13.52709152,15.09429126,11.97719279,13.61189428,13.61189428,42802
2013-01-09,13.61213029,14.65458615,12.64010194,13.77099939,13.77099939,28731
2013-01-10,13.77092647,14.57427016,11.70651345,14.04514974,14.04514974,51830
2013-01-11,14.04565891,16.90344303,12.73803715,14.14937074,14.14937074,40372
2013-01-12,14.15114035,15.77418025,12.82227549,14.30474172,14.30474172,26771
2013-01-13,14.27536731,14.46577695,11.58593779,14.30639922,14.30639922,38399
2013-01-14,14.30430904,15.38816503,13.09528002,14.30837702,14.30837702,21996
2013-01-15,14.31729599,17.06952315,13.71697612,14.29598159,14.29598159,51654
2013-01-16,14.29807177,15.48732279,12.31500721,14.54262114,14.54262114,45534
2013-01-17,14.54266573,16.08632527,13.66254007,15.44014193,15.44014193,65189
2013-01-18,15.44575287,19.42520985,14.80829987,15.54198444,15.54198444,55777
2013-01-19,15.52211948,16.68811052,12.63774701,15.6536603,15.6536603,34658
2013-01-20,15.65531945,17.52331782,14.77861783,15.80898594,15.80898594,25983
2013-01-21,15.8082388,17.84015446,14.19561794,16.31208044,16.31208044,61537
2013-01-22,16.29381533,17.89917424,14.33772179,17.16109986,17.16109986,60934
2013-01-23,17.16165571,20.5474167,16.47660598,17.56134765,17.56134765,49428
2013-01-24,17.60092839,22.83846849,16.44588863,17.08409772,17.08409772,171635
2013-01-25,17.08135627,21.19665023,16.02889626,18.56021287,18.56021287,80675
2013-01-26,18.55973701,19.86257534,15.60380885,18.47786419,18.47786419,34625
2013-01-27,18.4815877,21.39969815,17.37831433,17.76881716,17.76881716,23836
2013-01-28,17.74651455,18.72743198,15.56183088,18.55876187,18.55876187,57792
2013-01-29,18.55448493,21.18685383,16.22904287,19.47350441,19.47350441,86227
2013-01-30,19.47149742,21.19304427,16.93634213,19.77510781,19.77510781,44916
2013-01-31,19.77810125,23.41585152,18.42289341,20.26963683,20.26963683,99137
2013-02-01,20.26148547,22.76794028,18.36848642,20.52404729,20.52404729,49951
2013-02-02,20.523841,21.55676962,18.36075384,19.63740615,19.63740615,80382
2013-02-03,19.63720043,21.30093984,17.93200208,20.72008399,20.72008399,34126
2013-02-04,20.7214864,22.50978969,19.48733521,20.57777016,20.57777016,52321
2013-02-05,20.64699436,25.71122074,18.18928481,20.75961928,20.75961928,29060
2013-02-06,20.74654051,21.47593625,17.42111871,20.96281652,20.96281652,52106
2013-02-07,20.96664243,26.11201311,20.5143431,21.69619448,21.69619448,64367
2013-02-08,21.70826787,24.69543726,21.09172778,22.24876393,22.24876393,48662
2013-02-09,22.32985654,28.03948334,22.32985654,23.5390991,23.5390991,38120
2013-02-10,23.61708729,27.91005252,22.8242266,23.88249057,23.88249057,56386
2013-02-11,23.90015881,27.94406908,22.88141959,24.54176417,24.54176417,29531
2013-02-12,24.54491244,27.35865136,22.65733542,25.12181648,25.12181648,74170
2013-02-13,25.1316521,27.66117251,23.21033414,25.07980504,25.07980504,90042
2013-02-14,25.07835651,26.11643369,21.69268792,25.90549239,25.90549239,145854
2013-02-15,25.91093475,29.98175594,25.02371308,27.15308398,27.15308398,51692
2013-02-16,27.10131004,28.40683632,23.27124829,27.26222531,27.26222531,18774
2013-02-17,27.2840741,33.57416986,27.19821511,27.23745492,27.23745492,77281
2013-02-18,27.25465632,30.32016689,23.98447357,26.92480714,26.92480714,29820
2013-02-19,27.0188945,32.32613246,25.92462414,27.48716203,27.48716203,99783
2013-02-20,27.50423436,32.31095947,27.29191045,29.6326173,29.6326173,37239
2013-02-21,29.65810607,34.9037003,28.67569859,29.74987588,29.74987588,34673
2013-02-22,29.82337523,38.71373559,29.2927261,30.2113285,30.2113285,66805
2013-02-23,30.21213508,37.86758161,28.87160829,30.29491769,30.29491769,71992
2013-02-24,30.26416447,32.71100888,24.89792399,29.81599318,29.81599318,24295
2013-02-25,29.80775701,31.55789397,25.3403734,30.35694663,30.35694663,26825
2013-02-26,30.37230069,35.58797432,27.77445283,30.62012654,30.62012654,42947
2013-02-27,30.58781213,33.70528794,25.48741979,31.0517426,31.0517426,30493
2013-02-28,30.91942017,34.70765945,26.02968306,32.02815427,32.02815427,126831
2013-03-01,32.04618139,40.96944063,32.04618139,34.05816908,34.05816908,39815
2013-03-02,34.06585655,38.84508803,32.34238083,34.30720216,34.30720216,36749
2013-03-03,34.31301423,42.68141456,33.57873497,34.33427862,34.33427862,12483
2013-03-04,34.33226197,35.77441929,28.00640426,34.27236859,34.27236859,46685
2013-03-05,34.27958051,39.04147046,31.94087977,38.11063417,38.11063417,85766
2013-03-06,38.11996321,49.44541401,37.83512083,40.81223027,40.81223027,126796
2013-03-07,40.96149436,53.40305387,39.81397714,42.0,42.0,157898
2013-03-08,42.02206786,53.04415728,40.92783325,44.06320999,44.06320999,47043
2013-03-09,44.0691934,54.90380996,42.09177542,46.25376735,46.25376735,44563
2013-03-10,46.21466426,49.15566286,41.36201509,46.27156621,46.27156621,36323
2013-03-11,46.27252893,56.56057437,43.3243333,47.82448332,47.82448332,41447
2013-03-12,47.80631348,52.34242305,38.91503088,46.51248342,46.51248342,183045
2013-03-13,46.5055121,48.50352617,39.63113796,45.74626518,45.74626518,49627
2013-03-14,45.75259783,53.73317481,43.48866605,47.07235772,47.07235772,37130
2013-03-15,47.07619647,52.41145425,41.92051784,46.88043039,46.88043039,20160
2013-03-16,46.83408637,48.20178486,39.08735264,46.90482035,46.90482035,16344
2013-03-17,47.09362255,60.23120303,44.48461511,47.38684263,47.38684263,13912
2013-03-18,47.74176036,61.81042716,47.67972635,51.01725682,51.01725682,65033
2013-03-19,51.11806964,63.81055158,49.93984796,52.36282461,52.36282461,112206
2013-03-20,52.53731073,71.06669193,52.53731073,63.07642377,63.07642377,93179
2013-03-21,63.09676946,83.13601967,62.35370176,66.51211423,66.51211423,94153
2013-03-22,66.57375509,88.68329413,66.57375509,69.98967503,69.98967503,73103
2013-03-23,69.80890912,75.36221033,63.04311152,69.46378311,69.46378311,150321
2013-03-24,69.32250719,73.69499494,58.85496101,71.01798974,71.01798974,41914
2013-03-25,70.71044003,77.76890517,61.02490678,73.21213293,73.21213293,79467
2013-03-26,73.19709763,81.89516138,65.26669894,75.6978879,75.6978879,56618
2013-03-27,75.71086481,87.46415518,71.83052606,83.41769084,83.41769084,71795
2013-03-28,83.33486961,86.40715354,71.87631165,86.24812092,86.24812092,140006
2013-03-29,86.39457912,110.10496404,83.11275841,88.09236833,88.09236833,83238
2013-03-30,88.02659634,94.77866004,75.06716119,91.95877005,91.95877005,37290
2013-03-31,91.94565984,101.08286164,83.6270888,92.52372102,92.52372102,21117
2013-04-01,92.47043987,100.7379439,82.99301486,99.56809331,99.56809331,90447
2013-04-02,99.56835171,111.16744287,94.30860758,105.68146435,105.68146435,81673
2013-04-03,105.72455272,141.62426909,99.85990972,121.52853964,121.52853964,153128
2013-04-04,121.56722721,137.92945684,119.05496851,131.20908845,131.20908845,88736
2013-04-05,131.17283377,148.36597185,113.22537809,139.7593577,139.7593577,68282
2013-04-06,139.71194721,145.89388569,114.91242591,142.16482287,142.16482287,18370
2013-04-07,142.55671787,166.5543644,139.50819302,152.89229638,152.89229638,60995
2013-04-08,153.78325931,205.42635035,153.78325931,182.51162327,182.51162327,114415
2013-04-09,182.57820022,218.86432626,176.08476171,189.90842722,189.90842722,105927
2013-04-10,190.0104272,250.18543566,184.08305658,228.19894118,228.19894118,190314
2013-04-11,227.97921023,232.11148079,143.34274538,151.03559838,151.03559838,118715
2013-04-12,150.85380718,150.85380718,98.20111074,117.58558608,117.58558608,554439
2013-04-13,117.57126699,125.65265889,97.57958478,115.00041194,115.00041194,238181
2013-04-14,114.86161727,117.55489958,84.96775029,93.2782107,93.2782107,166700
2013-04-15,93.27147652,111.64524887,86.17109286,99.51967961,99.51967961,236686
2013-04-16,99.46441202,99.46441202,56.84808735,68.19326986,68.19326986,574486
2013-04-17,68.19239826,72.6368385,58.96921229,69.96080342,69.96080342,327111
2013-04-18,70.56431012,126.74905271,70.56431012,103.87391442,103.87391442,173410
2013-04-19,104.01093893,130.77863222,99.86794697,115.77266673,115.77266673,256426
2013-04-20,115.71145498,125.34258266,102.4693311,122.96052605,122.96052605,74362
2013-04-21,123.03636385,146.09668728,118.57486428,124.27687826,124.27687826,99319
2013-04-22,124.2677361,133.05829976,106.2236906,123.44838397,123.44838397,59334
2013-04-23,123.51475653,144.69433603,120.69986372,127.45834109,127.45834109,116194
2013-04-24,127.72712448,185.87225954,127.72712448,148.82315689,148.82315689,224877
2013-04-25,148.82236146,160.39757887,129.29814492,152.67216657,152.67216657,187098
2013-04-26,163.98580025,163.98580025,139.01415486,139.41992885,139.41992885,128521
2013-04-27,139.41366795,147.40510391,124.43942456,136.70491488,136.70491488,59902
2013-04-28,136.68945488,143.3659423,110.8455927,127.95425536,127.95425536,25957
2013-04-29,134.4440002441,147.4880065918,134.0,144.5399932861,144.5399932861,0
2013-04-30,144.0,146.9299926758,134.0500030518,139.0,139.0,0
2013-05-01,139.0,139.8899993896,107.7200012207,116.9899978638,116.9899978638,0
2013-05-02,116.3799972534,125.5999984741,92.2818984985,105.2099990845,105.2099990845,0
2013-05-03,106.25,108.1279983521,79.0999984741,97.75,97.75,0
2013-05-04,98.0999984741,115.0,92.5,112.5,112.5,0
2013-05-05,112.9000015259,118.8000030518,107.1429977417,115.9100036621,115.9100036621,0
2013-05-06,115.9800033569,124.6630020142,106.6399993896,112.3000030518,112.3000030518,0
2013-05-07,112.25,113.4440002441,97.6999969482,111.5,111.5,0
2013-05-08,109.5999984741,115.7799987793,109.5999984741,113.5660018921,113.5660018921,0
2013-05-09,113.1999969482,113.4599990845,109.2600021362,112.6699981689,112.6699981689,0
2013-05-10,112.7990036011,122.0,111.5510025024,117.1999969482,117.1999969482,0
2013-05-11,117.6999969482,118.6790008545,113.0100021362,115.2429962158,115.2429962158,0
2013-05-12,115.6399993896,117.4489974976,113.4349975586,115.0,115.0,0
2013-05-13,114.8199996948,118.6989974976,114.5,117.9800033569,117.9800033569,0
2013-05-14,117.9800033569,119.8000030518,110.25,111.5,111.5,0
2013-05-15,111.4000015259,115.8099975586,103.5,114.2200012207,114.2200012207,0
2013-05-16,114.2200012207,118.7600021362,112.1999969482,118.7600021362,118.7600021362,0
2013-05-17,118.2099990845,125.3000030518,116.5709991455,123.0149993896,123.0149993896,0
2013-05-18,123.5,125.25,122.3000030518,123.4980010986,123.4980010986,0
2013-05-19,123.2109985352,124.5,119.5709991455,121.9899978638,121.9899978638,0
2013-05-20,122.5,123.6210021973,120.1200027466,122.0,122.0,0
2013-05-21,122.0199966431,123.0,121.2099990845,122.8799972534,122.8799972534,0
2013-05-22,122.8899993896,124.0009994507,122.0,123.888999939,123.888999939,0
2013-05-23,123.8000030518,126.9339981079,123.0999984741,126.6999969482,126.6999969482,0
2013-05-24,126.3000030518,133.8500061035,125.71900177,133.1999969482,133.1999969482,0
2013-05-25,133.1000061035,133.2189941406,128.8999938965,131.9799957275,131.9799957275,0
2013-05-26,131.9859924316,136.0,130.6150054932,133.4799957275,133.4799957275,0
2013-05-27,133.5,135.4649963379,124.6999969482,129.7449951172,129.7449951172,0
2013-05-28,129.7700042725,130.5800018311,125.5999984741,129.0,129.0,0
2013-05-29,129.0,132.5899963379,127.6620025635,132.3000030518,132.3000030518,0
2013-05-30,132.25,132.25,127.0,128.7989959717,128.7989959717,0
2013-05-31,128.7989959717,129.8999938965,126.4000015259,129.0,129.0,0
2013-06-01,128.8150024414,129.7799987793,127.1989974976,129.3000030518,129.3000030518,0
2013-06-02,129.3000030518,129.3999938965,115.0500030518,122.2919998169,122.2919998169,0
2013-06-03,122.5,122.5,116.0,122.2220001221,122.2220001221,0
2013-06-04,120.7369995117,123.8399963379,119.0999984741,121.4199981689,121.4199981689,0
2013-06-05,121.4000015259,123.46900177,119.8990020752,121.6500015259,121.6500015259,0
2013-06-06,121.9000015259,123.0999984741,117.25,118.0,118.0,0
2013-06-07,118.9700012207,119.0,106.4199981689,111.5,111.5,0
2013-06-08,111.0,111.4150009155,107.3000030518,108.3000030518,108.3000030518,0
2013-06-09,107.891998291,108.9899978638,88.5,100.0,100.0,0
2013-06-10,100.43699646,110.1009979248,95.0019989014,106.3499984741,106.3499984741,0
2013-06-11,106.3499984741,109.5999984741,104.0,108.9000015259,108.9000015259,0
2013-06-12,109.0,111.7870025635,106.7340011597,108.1500015259,108.1500015259,0
2013-06-13,108.7760009766,110.3000030518,100.5299987793,104.0,104.0,0
2013-06-14,103.9489974976,104.6999969482,98.0,99.9788970947,99.9788970947,0
2013-06-15,100.0,103.6999969482,98.0,99.9880981445,99.9880981445,0
2013-06-16,99.8000030518,101.5999984741,98.9466018677,99.5100021362,99.5100021362,0
2013-06-17,99.9000015259,102.2099990845,99.0,101.6999969482,101.6999969482,0
2013-06-18,101.9499969482,111.111000061,101.0329971313,107.4000015259,107.4000015259,0
2013-06-19,107.0500030518,110.2249984741,105.7549972534,108.25,108.25,0
2013-06-20,108.2509994507,114.3000030518,107.5,110.1500015259,110.1500015259,0
2013-06-21,111.2900009155,114.9899978638,107.6849975586,109.5,109.5,0
2013-06-22,109.5,109.9560012817,107.513999939,108.3000030518,108.3000030518,0
2013-06-23,108.1999969482,108.8000030518,106.2340011597,107.5999984741,107.5999984741,0
2013-06-24,107.9000015259,108.3339996338,100.9800033569,102.7369995117,102.7369995117,0
2013-06-25,102.0899963379,106.4700012207,101.0100021362,103.9499969482,103.9499969482,0
2013-06-26,103.3290023804,105.4889984131,102.7919998169,104.0,104.0,0
2013-06-27,104.0,104.0,101.0999984741,101.43699646,101.43699646,0
2013-06-28,101.7369995117,101.7369995117,92.3330001831,94.6492004395,94.6492004395,0
2013-06-29,94.6600036621,99.9899978638,93.0,94.9940032959,94.9940032959,0
2013-06-30,94.9990005493,98.1222991943,94.2222976685,96.6139984131,96.6139984131,0
2013-07-01,97.5100021362,97.6649017334,86.297203064,88.0500030518,88.0500030518,0
2013-07-02,88.0500030518,92.3000030518,87.5100021362,90.1340026855,90.1340026855,0
2013-07-03,90.4049987793,90.9812011719,76.9792022705,77.5299987793,77.5299987793,0
2013-07-04,78.8899993896,83.1050033569,72.0,80.5258026123,80.5258026123,0
2013-07-05,79.9899978638,80.0,65.5260009766,68.4309997559,68.4309997559,0
2013-07-06,68.5049972534,75.0,66.8199996948,70.2772979736,70.2772979736,0
2013-07-07,68.7490005493,74.5610961914,66.6200027466,74.5610961914,74.5610961914,0
2013-07-08,76.5,80.0,72.5999984741,76.5159988403,76.5159988403,0
2013-07-09,76.0,78.3000030518,72.5199966431,76.6940002441,76.6940002441,0
2013-07-10,76.7200012207,87.0,76.1999969482,86.7600021362,86.7600021362,0
2013-07-11,88.0,90.2799987793,85.0799026489,88.9800033569,88.9800033569,0
2013-07-12,88.9789962769,104.0,88.1660003662,93.5949020386,93.5949020386,0
2013-07-13,93.9898986816,98.25,88.0622024536,98.1339035034,98.1339035034,0
2013-07-14,98.6999969482,98.6999969482,92.8600006104,94.6912994385,94.6912994385,0
2013-07-15,93.6050033569,101.9000015259,93.1100006104,98.4001998901,98.4001998901,0
2013-07-16,98.890296936,99.8622970581,96.1416015625,97.4507980347,97.4507980347,0
2013-07-17,96.7099990845,99.9700012207,96.1800003052,98.5,98.5,0
2013-07-18,98.5,98.8000030518,86.1999969482,90.5800018311,90.5800018311,0
2013-07-19,90.068901062,95.2001037598,87.8000030518,92.1699981689,92.1699981689,0
2013-07-20,92.0,93.0999984741,89.2711029053,89.3900985718,89.3900985718,0
2013-07-21,89.8214035034,91.9499969482,88.0,90.7573013306,90.7573013306,0
2013-07-22,91.9980010986,91.9980010986,90.0754013062,91.6100006104,91.6100006104,0
2013-07-23,91.5999984741,96.8192977905,91.5999984741,95.5585021973,95.5585021973,0
2013-07-24,95.5585021973,95.9899978638,93.0,94.5100021362,94.5100021362,0
2013-07-25,94.5049972534,97.3300018311,93.8656997681,96.9000015259,96.9000015259,0
2013-07-26,96.9499969482,97.4691009521,96.0,96.0202026367,96.0202026367,0
2013-07-27,96.0201034546,96.9950027466,93.0,94.1159973145,94.1159973145,0
2013-07-28,94.4000015259,100.577003479,94.0,99.7559967041,99.7559967041,0
2013-07-29,98.5999984741,102.5,98.4550018311,101.1999969482,101.1999969482,0
2013-07-30,101.4889984131,107.9899978638,100.4700012207,107.9899978638,107.9899978638,0
2013-07-31,107.9499969482,111.34400177,103.8799972534,106.0899963379,106.0899963379,0
2013-08-01,106.2129974365,108.0,103.0110015869,104.0,104.0,0
2013-08-02,104.8560028076,108.0,101.2109985352,104.5009994507,104.5009994507,0
2013-08-03,104.5009994507,105.7799987793,102.0019989014,104.0049972534,104.0049972534,0
2013-08-04,104.9499969482,105.9499969482,103.5230026245,105.1439971924,105.1439971924,0
2013-08-05,105.1200027466,107.7699966431,105.0,106.2200012207,106.2200012207,0
2013-08-06,106.7200012207,107.3820037842,105.5569992065,106.75,106.75,0
2013-08-07,106.75,106.75,106.75,106.75,106.75,0
2013-08-08,106.75,106.75,101.2600021362,103.0,103.0,0
2013-08-09,103.0699996948,105.75,101.9349975586,102.8000030518,102.8000030518,0
2013-08-10,102.8000030518,103.9000015259,102.4100036621,103.0,103.0,0
2013-08-11,103.0,105.1900024414,102.7549972534,105.0,105.0,0
2013-08-12,105.0,108.0,103.5,106.6360015869,106.6360015869,0
2013-08-13,106.9899978638,109.3499984741,104.6500015259,109.0,109.0,0
2013-08-14,109.5550003052,114.9950027466,108.0009994507,112.56199646,112.56199646,0
2013-08-15,112.56199646,113.2450027466,109.0,109.9899978638,109.9899978638,0
2013-08-16,109.9950027466,112.3000030518,108.516998291,108.9940032959,108.9940032959,0
2013-08-17,108.9940032959,113.75,108.2249984741,113.5,113.5,0
2013-08-18,112.75,114.68800354,112.0,113.5,113.5,0
2013-08-19,113.3799972534,123.06199646,111.7710037231,119.0,119.0,0
2013-08-20,119.0,123.0110015869,117.5080032349,121.2050018311,121.2050018311,0
2013-08-21,121.2099990845,124.9140014648,119.6819992065,123.3000030518,123.3000030518,0
2013-08-22,123.3000030518,123.5,120.5999984741,121.1500015259,121.1500015259,0
2013-08-23,122.0,122.0,118.4440002441,118.5009994507,118.5009994507,0
2013-08-24,118.5100021362,121.3899993896,118.0199966431,120.0449981689,120.0449981689,0
2013-08-25,119.6029968262,122.9869995117,119.1699981689,122.111000061,122.111000061,0
2013-08-26,122.111000061,122.7549972534,119.9300003052,120.0559997559,120.0559997559,0
2013-08-27,120.0699996948,127.2399978638,120.0699996948,126.5,126.5,0
2013-08-28,126.4800033569,127.3199996948,122.6200027466,122.6200027466,122.6200027466,0
2013-08-29,122.6200027466,123.6999969482,122.2099990845,122.3899993896,122.3899993896,0
2013-08-30,122.3499984741,135.75,120.9899978638,133.4900054932,133.4900054932,0
2013-08-31,133.0899963379,140.8899993896,132.7200012207,135.3500061035,135.3500061035,0
2013-09-01,135.1399993896,145.8099975586,134.8099975586,138.3399963379,138.3399963379,0
2013-09-02,138.6300048828,146.5,134.8899993896,135.8500061035,135.8500061035,0
2013-09-03,135.6100006104,138.3399963379,133.0,136.7700042725,136.7700042725,0
2013-09-04,136.5299987793,144.5,123.6100006104,126.7399978638,126.7399978638,0
2013-09-05,126.7600021362,131.4400024414,121.8300018311,126.4300003052,126.4300003052,0
2013-09-06,126.4899978638,127.3399963379,119.1500015259,119.1500015259,119.1500015259,0
2013-09-07,118.8899993896,125.9400024414,118.4599990845,124.1500015259,124.1500015259,0
2013-09-08,124.1299972534,124.7200012207,120.4899978638,121.6600036621,121.6600036621,0
2013-09-09,121.8600006104,129.0599975586,119.75,127.1100006104,127.1100006104,0
2013-09-10,127.2699966431,129.7400054932,125.9000015259,125.9100036621,125.9100036621,0
2013-09-11,125.8899993896,137.8300018311,123.2699966431,135.25,135.25,0
2013-09-12,135.5500030518,136.0800018311,131.8099975586,133.1300048828,133.1300048828,0
2013-09-13,132.8300018311,137.5800018311,132.2700042725,134.9799957275,134.9799957275,0
2013-09-14,135.0099945068,135.8500061035,128.8699951172,129.2200012207,129.2200012207,0
2013-09-15,129.3999938965,131.4400024414,128.2599945068,130.3699951172,130.3699951172,0
2013-09-16,130.8600006104,132.7200012207,129.7700042725,131.7200012207,131.7200012207,0
2013-09-17,131.5899963379,132.7599945068,124.8899993896,131.6600036621,131.6600036621,0
2013-09-18,131.7100067139,133.1999969482,130.5399932861,131.4700012207,131.4700012207,0
2013-09-19,131.3699951172,131.7700042725,128.4499969482,129.6499938965,129.6499938965,0
2013-09-20,129.6999969482,135.6199951172,126.6800003052,127.0400009155,127.0400009155,0
2013-09-21,126.9499969482,128.6100006104,126.2399978638,127.4300003052,127.4300003052,0
2013-09-22,127.8700027466,133.9400024414,126.5899963379,129.1199951172,129.1199951172,0
2013-09-23,128.9799957275,132.7250061035,125.6600036621,125.9499969482,125.9499969482,0
2013-09-24,126.0500030518,127.4599990845,125.3899993896,127.25,127.25,0
2013-09-25,127.3799972534,129.6900024414,127.3300018311,128.2200012207,128.2200012207,0
2013-09-26,128.2100067139,134.9340057373,127.3199996948,128.3800048828,128.3800048828,0
2013-09-27,128.9400024414,134.7400054932,128.4900054932,133.7799987793,133.7799987793,0
2013-09-28,133.7700042725,135.6300048828,132.5599975586,134.7799987793,134.7799987793,0
2013-09-29,134.8999938965,140.6100006104,134.7100067139,137.3399963379,137.3399963379,0
2013-09-30,137.1499938965,138.3500061035,130.2700042725,133.0,133.0,0
2013-10-01,132.6799926758,134.6300048828,131.5500030518,132.1799926758,132.1799926758,0
2013-10-02,132.0500030518,133.5899963379,102.25,114.1299972534,114.1299972534,0
2013-10-03,114.4499969482,123.6299972534,111.8199996948,123.6299972534,123.6299972534,0
2013-10-04,123.4100036621,130.0899963379,123.4100036621,129.0099945068,129.0099945068,0
2013-10-05,128.6300048828,130.4400024414,128.0299987793,128.5500030518,128.5500030518,0
2013-10-06,128.3600006104,129.6600036621,126.1500015259,129.0,129.0,0
2013-10-07,129.4299926758,130.2700042725,126.3600006104,126.9400024414,126.9400024414,0
2013-10-08,126.7399978638,127.4700012207,124.7099990845,126.0,126.0,0
2013-10-09,125.8499984741,131.75,125.5800018311,130.6900024414,130.6900024414,0
2013-10-10,130.6699981689,131.5,129.2599945068,130.5899963379,130.5899963379,0
2013-10-11,130.75,131.8099975586,129.6399993896,130.8999938965,130.8999938965,0
2013-10-12,130.8999938965,135.6600036621,130.5599975586,135.1900024414,135.1900024414,0
2013-10-13,135.1900024414,138.6600036621,134.5500030518,138.1300048828,138.1300048828,0
2013-10-14,139.2700042725,144.1199951172,138.8999938965,140.5200042725,140.5200042725,0
2013-10-15,140.7700042725,145.3899993896,139.1300048828,145.2400054932,145.2400054932,0
2013-10-16,145.6499938965,152.2299957275,142.4299926758,142.5500030518,142.5500030518,0
2013-10-17,142.4100036621,147.4199981689,142.4100036621,146.25,146.25,0
2013-10-18,146.3699951172,155.9600067139,145.5700073242,155.9600067139,155.9600067139,0
2013-10-19,155.9100036621,177.4799957275,155.6999969482,172.4199981689,172.4199981689,0
2013-10-20,171.6600036621,174.9100036621,168.9499969482,174.6100006104,174.6100006104,0
2013-10-21,174.8000030518,184.8200073242,174.8000030518,182.2100067139,182.2100067139,0
2013-10-22,182.6499938965,196.2700042725,182.6499938965,193.7599945068,193.7599945068,0
2013-10-23,193.3600006104,213.6199951172,192.3800048828,213.6199951172,213.6199951172,0
2013-10-24,214.3000030518,217.4199981689,168.5200042725,198.2299957275,198.2299957275,0
2013-10-25,197.6900024414,198.8699951172,168.5,186.6900024414,186.6900024414,0
2013-10-26,187.4499969482,188.4100036621,175.75,177.3200073242,177.3200073242,0
2013-10-27,176.6000061035,196.4400024414,176.6000061035,196.4400024414,196.4400024414,0
2013-10-28,196.2100067139,198.6199951172,192.0599975586,198.5500030518,198.5500030518,0
2013-10-29,198.5500030518,204.7899932861,198.5500030518,204.3899993896,204.3899993896,0
2013-10-30,204.3899993896,209.1600036621,199.9700012207,199.9700012207,199.9700012207,0
2013-10-31,199.8300018311,205.1799926758,198.8500061035,204.0,204.0,0
2013-11-01,203.8999938965,206.6499938965,202.1300048828,206.1799926758,206.1799926758,0
2013-11-02,205.8099975586,207.7599945068,201.6499938965,206.2200012207,206.2200012207,0
2013-11-03,205.9900054932,215.0500030518,203.9900054932,215.0500030518,215.0500030518,0
2013-11-04,214.6600036621,231.0099945068,213.9400024414,229.1000061035,229.1000061035,0
2013-11-05,229.2100067139,250.6600036621,226.2200012207,245.2400054932,245.2400054932,0
2013-11-06,244.7799987793,263.0,244.7799987793,262.5,262.5,0
2013-11-07,261.6799926758,304.1700134277,261.549987793,296.4100036621,296.4100036621,0
2013-11-08,297.8500061035,338.6600036621,296.9299926758,338.1099853516,338.1099853516,0
2013-11-09,338.5799865723,370.8200073242,319.7099914551,339.1099853516,339.1099853516,0
2013-11-10,348.8200073242,350.700012207,277.2399902344,326.6199951172,326.6199951172,0
2013-11-11,325.4100036621,351.2699890137,311.7799987793,342.4400024414,342.4400024414,0
2013-11-12,343.0599975586,362.8099975586,342.799987793,360.3299865723,360.3299865723,0
2013-11-13,360.9700012207,414.049987793,359.799987793,407.3699951172,407.3699951172,0
2013-11-14,406.4100036621,425.8999938965,395.1900024414,420.200012207,420.200012207,0
2013-11-15,419.4100036621,437.8900146484,396.1099853516,417.950012207,417.950012207,0
2013-11-16,417.2799987793,450.2600097656,415.5700073242,440.2200012207,440.2200012207,0
2013-11-17,440.9599914551,500.5799865723,440.2399902344,492.1099853516,492.1099853516,0
2013-11-18,496.5799865723,703.7800292969,494.9400024414,703.5599975586,703.5599975586,0
2013-11-19,712.7600097656,806.1099853516,456.3900146484,584.6099853516,584.6099853516,0
2013-11-20,577.9799804688,599.6500244141,448.450012207,590.8300170898,590.8300170898,0
2013-11-21,594.3200073242,733.4000244141,577.2899780273,722.4299926758,722.4299926758,0
2013-11-22,724.0700073242,780.8499755859,668.1300048828,771.4400024414,771.4400024414,0
2013-11-23,771.700012207,844.9699707031,771.700012207,797.8200073242,797.8200073242,0
2013-11-24,795.6300048828,807.3599853516,722.8699951172,774.25,774.25,0
2013-11-25,773.0200195313,810.6799926758,754.4299926758,799.1099853516,799.1099853516,0
2013-11-26,805.7299804688,928.5399780273,800.799987793,928.0999755859,928.0999755859,0
2013-11-27,923.8499755859,1001.9600219727,891.6799926758,1001.9600219727,1001.9600219727,0
2013-11-28,1003.3800048828,1077.5600585938,962.1699829102,1031.9499511719,1031.9499511719,0
2013-11-29,1042.0100097656,1146.9699707031,1000.6400146484,1131.9699707031,1131.9699707031,0
2013-11-30,1129.3699951172,1156.1400146484,1106.6099853516,1129.4300537109,1129.4300537109,0
2013-12-01,1128.9200439453,1133.0799560547,801.8200073242,955.8499755859,955.8499755859,0
2013-12-02,951.4199829102,1055.4200439453,938.4099731445,1043.3299560547,1043.3299560547,0
2013-12-03,1046.4000244141,1096.0,1011.2100219727,1078.2800292969,1078.2800292969,0
2013-12-04,1077.5799560547,1156.1199951172,1070.1600341797,1151.1700439453,1151.1700439453,0
2013-12-05,1152.7299804688,1154.3599853516,897.1099853516,1045.1099853516,1045.1099853516,0
2013-12-06,1042.3800048828,1042.3800048828,829.450012207,829.450012207,829.450012207,0
2013-12-07,835.3200073242,854.6400146484,640.2199707031,698.2299804688,698.2299804688,0
2013-12-08,697.3099975586,802.5100097656,670.8800048828,795.8699951172,795.8699951172,0
2013-12-09,793.799987793,921.9299926758,780.9000244141,893.1900024414,893.1900024414,0
2013-12-10,892.3200073242,997.2299804688,892.3200073242,988.5100097656,988.5100097656,0
2013-12-11,989.0700073242,1001.5800170898,834.2299804688,878.4799804688,878.4799804688,0
2013-12-12,882.7800292969,901.9400024414,844.950012207,873.2600097656,873.2600097656,0
2013-12-13,874.9799804688,941.7899780273,860.049987793,892.5800170898,892.5800170898,0
2013-12-14,899.8499755859,904.6500244141,858.3599853516,872.5999755859,872.5999755859,0
2013-12-15,875.2899780273,886.1599731445,825.0,876.1199951172,876.1199951172,0
2013-12-16,880.3300170898,882.25,668.25,705.9699707031,705.9699707031,0
2013-12-17,706.3699951172,754.8300170898,630.8800048828,682.1199951172,682.1199951172,0
2013-12-18,678.200012207,679.3200073242,420.5100097656,522.700012207,522.700012207,0
2013-12-19,519.0599975586,707.2299804688,502.8900146484,691.9600219727,691.9600219727,0
2013-12-20,694.2199707031,729.1599731445,595.3300170898,625.3200073242,625.3200073242,0
2013-12-21,619.9000244141,654.2700195313,579.1699829102,605.6599731445,605.6599731445,0
2013-12-22,601.7800292969,666.7399902344,585.6400146484,617.1799926758,617.1799926758,0
2013-12-23,613.0599975586,680.9099731445,611.0399780273,673.4099731445,673.4099731445,0
2013-12-24,672.3599853516,684.3900146484,645.7100219727,665.5800170898,665.5800170898,0
2013-12-25,666.3099975586,682.700012207,649.4799804688,682.2100219727,682.2100219727,0
2013-12-26,683.9400024414,777.75,683.9400024414,761.9799804688,761.9799804688,0
2013-12-27,763.2800292969,777.5100097656,713.5999755859,735.0700073242,735.0700073242,46862700
2013-12-28,737.9799804688,747.0599975586,705.3499755859,727.8300170898,727.8300170898,32505800
2013-12-29,728.049987793,748.6099853516,714.4400024414,745.049987793,745.049987793,19011300
2013-12-30,741.3499755859,766.5999755859,740.2399902344,756.1300048828,756.1300048828,20707700
2013-12-31,760.3200073242,760.5800170898,738.1699829102,754.0100097656,754.0100097656,20897300
2014-01-01,754.9699707031,775.3499755859,754.9699707031,771.4000244141,771.4000244141,22489400
2014-01-02,773.4400024414,820.3099975586,767.2100219727,802.3900146484,802.3900146484,38489500
2014-01-03,802.8499755859,834.1500244141,789.1199951172,818.7199707031,818.7199707031,37810100
2014-01-04,823.2700195313,859.5100097656,801.6699829102,859.5100097656,859.5100097656,38005000
2014-01-05,858.549987793,952.4000244141,854.5200195313,933.5300292969,933.5300292969,72898496
2014-01-06,936.049987793,1017.1199951172,905.7100219727,953.2899780273,953.2899780273,85565696
2014-01-07,946.4899902344,965.7399902344,802.0,802.0,802.0,81311696
2014-01-08,795.9899902344,870.6799926758,776.1799926758,842.7199707031,842.7199707031,74175600
2014-01-09,841.4699707031,864.3599853516,804.1400146484,846.8599853516,846.8599853516,59998600
2014-01-10,846.6900024414,871.1900024414,822.5999755859,868.4799804688,868.4799804688,31876800
2014-01-11,867.3200073242,921.4799804688,861.7199707031,913.950012207,913.950012207,44754200
2014-01-12,919.5999755859,928.5200195313,851.1699829102,863.2199707031,863.2199707031,39623500
2014-01-13,860.1900024414,861.2899780273,806.049987793,841.200012207,841.200012207,45580900
2014-01-14,843.1699829102,855.6900024414,825.6599731445,833.2700195313,833.2700195313,20829800
2014-01-15,833.1199951172,872.8099975586,830.8599853516,860.9000244141,860.9000244141,28107200
2014-01-16,860.2899780273,866.1599731445,835.6300048828,835.6300048828,835.6300048828,19149300
2014-01-17,834.4899902344,842.9099731445,797.6300048828,814.6400146484,814.6400146484,39031700
2014-01-18,816.0700073242,841.4899902344,816.0700073242,840.0,840.0,18052700
2014-01-19,839.6599731445,870.9600219727,825.5300292969,870.9600219727,870.9600219727,24365700
2014-01-20,871.3900146484,886.3900146484,853.8699951172,870.200012207,870.200012207,27652700
2014-01-21,869.6500244141,881.200012207,855.9299926758,863.9099731445,863.9099731445,18997300
2014-01-22,867.2100219727,870.1500244141,837.3599853516,845.5900268555,845.5900268555,18453700
2014-01-23,845.4600219727,851.5700073242,819.3200073242,822.0399780273,822.0399780273,15607100
2014-01-24,822.4299926758,822.4299926758,783.5800170898,797.0700073242,797.0700073242,34912000
2014-01-25,796.2399902344,861.450012207,792.9600219727,853.6099853516,853.6099853516,24303900
2014-01-26,853.6799926758,897.0200195313,844.8599853516,885.2800292969,885.2800292969,32224300
2014-01-27,884.5999755859,893.0,757.1099853516,771.3900146484,771.3900146484,49233600
2014-01-28,774.0200195313,832.5,766.9799804688,812.5100097656,812.5100097656,44875500
2014-01-29,809.9600219727,836.8699951172,809.8499755859,826.0,826.0,17984400
2014-01-30,826.0200195313,830.5,799.0599975586,819.0300292969,819.0300292969,29918200
2014-01-31,818.4299926758,831.8699951172,812.5999755859,829.9199829102,829.9199829102,17107900
2014-02-01,828.6099853516,853.5200195313,827.1099853516,832.5800170898,832.5800170898,19668700
2014-02-02,832.9000244141,844.7199707031,820.6699829102,825.3699951172,825.3699951172,11300900
2014-02-03,824.0800170898,826.4799804688,807.2199707031,823.8300170898,823.8300170898,13940100
2014-02-04,823.7700195313,840.1699829102,820.9400024414,827.9600219727,827.9600219727,16609700
2014-02-05,829.9600219727,837.3200073242,811.9099731445,811.9099731445,811.9099731445,22395100
2014-02-06,815.5900268555,819.8099975586,770.5900268555,781.549987793,781.549987793,50108700
2014-02-07,783.200012207,783.200012207,654.3499755859,712.4000244141,712.4000244141,113643000
2014-02-08,699.5700073242,721.8200073242,661.8699951172,673.9199829102,673.9199829102,38742600
2014-02-09,671.4600219727,712.2700195313,655.25,682.9000244141,682.9000244141,39311400
2014-02-10,681.3200073242,703.7100219727,550.5,681.0300292969,681.0300292969,112758000
2014-02-11,683.5,712.4600219727,636.6599731445,672.1699829102,672.1699829102,72745200
2014-02-12,672.3800048828,672.9000244141,643.0399780273,651.7199707031,651.7199707031,25367600
2014-02-13,651.0800170898,657.9899902344,601.9099731445,605.2399902344,605.2399902344,38588100
2014-02-14,601.1699829102,691.7199707031,541.0399780273,661.9899902344,661.9899902344,102506000
2014-02-15,660.9000244141,661.8400268555,632.8400268555,650.9199829102,650.9199829102,26709200
2014-02-16,651.299987793,665.0999755859,584.1699829102,616.6300048828,616.6300048828,40061700
2014-02-17,614.2299804688,656.950012207,607.3099975586,626.2700195313,626.2700195313,31948400
2014-02-18,627.1599731445,645.7600097656,612.5399780273,626.5999755859,626.5999755859,20015100
2014-02-19,625.9699707031,631.7700195313,618.700012207,623.0300292969,623.0300292969,13897800
2014-02-20,623.0900268555,627.7299804688,556.1400146484,556.1400146484,556.1400146484,46905000
2014-02-21,556.8800048828,582.9600219727,530.4699707031,574.1599731445,574.1599731445,47308100
2014-02-22,574.2399902344,614.4799804688,558.5800170898,605.4199829102,605.4199829102,31254000
2014-02-23,606.4699707031,639.9099731445,599.700012207,605.8200073242,605.8200073242,31434400
2014-02-24,606.0399780273,607.6099853516,538.700012207,546.3200073242,546.3200073242,57893900
2014-02-25,540.2399902344,541.3800048828,420.4100036621,538.7100219727,538.7100219727,126314000
2014-02-26,537.0399780273,603.799987793,532.5800170898,582.6900024414,582.6900024414,64642700
2014-02-27,581.6500244141,594.049987793,566.6199951172,578.7700195313,578.7700195313,25540800
2014-02-28,579.700012207,584.1400146484,545.1699829102,549.2600097656,549.2600097656,28076100
2014-03-01,549.9199829102,573.3800048828,539.2899780273,565.6099853516,565.6099853516,18668100
2014-03-02,567.2299804688,570.4799804688,553.2700195313,559.7899780273,559.7899780273,7950760
2014-03-03,562.5599975586,702.9099731445,560.5200195313,667.7600097656,667.7600097656,96056896
2014-03-04,668.2399902344,696.2199707031,655.6799926758,666.7800292969,666.7800292969,55344600
2014-03-05,666.2399902344,674.2800292969,646.2800292969,665.5100097656,665.5100097656,22461900
2014-03-06,664.5200195313,669.7700195313,649.7899780273,663.8599853516,663.8599853516,16068100
2014-03-07,664.3099975586,665.3400268555,616.3499755859,629.1500244141,629.1500244141,34150800
2014-03-08,629.6599731445,635.1400146484,604.4600219727,617.450012207,617.450012207,18654200
2014-03-09,616.3099975586,643.950012207,612.3499755859,636.9600219727,636.9600219727,15396500
2014-03-10,636.3300170898,644.7600097656,615.0200195313,627.7899780273,627.7899780273,20639800
2014-03-11,627.950012207,638.4199829102,618.8400268555,634.1099853516,634.1099853516,11732500
2014-03-12,631.9099731445,648.0300292969,629.5100097656,632.0999755859,632.0999755859,18621200
2014-03-13,633.6199951172,644.200012207,630.8499755859,638.1400146484,638.1400146484,11634900
2014-03-14,638.1400146484,639.5300292969,627.2100219727,628.799987793,628.799987793,11913800
2014-03-15,629.3699951172,639.1400146484,627.299987793,636.1199951172,636.1199951172,4342080
2014-03-16,636.5,637.5200195313,628.1099853516,631.1099853516,631.1099853516,5277290
2014-03-17,630.9199829102,632.6799926758,616.8549804688,622.3729858398,622.3729858398,14648200
2014-03-18,621.8380126953,622.3909912109,603.7960205078,614.8319702148,614.8319702148,24011500
2014-03-19,613.8959960938,622.0,609.0960083008,609.8880004883,609.8880004883,14228900
2014-03-20,609.7449951172,609.7449951172,587.492980957,588.7700195313,588.7700195313,20572900
2014-03-21,588.2940063477,604.5919799805,561.8129882813,571.4899902344,571.4899902344,38414100
2014-03-22,571.1799926758,572.5479736328,554.3909912109,565.0399780273,565.0399780273,17360700
2014-03-23,565.7639770508,570.2379760742,560.8779907227,561.2719726563,561.2719726563,9288400
2014-03-24,562.507019043,586.5620117188,551.7719726563,583.4119873047,583.4119873047,22706900
2014-03-25,585.0260009766,585.4379882813,572.6049804688,583.9169921875,583.9169921875,14020100
2014-03-26,583.4819946289,590.0280151367,570.9630126953,580.8270263672,580.8270263672,16401100
2014-03-27,580.257019043,580.5599975586,471.2390136719,471.2390136719,471.2390136719,62225400
2014-03-28,477.1430053711,526.0230102539,473.2340087891,495.6659851074,495.6659851074,58828300
2014-03-29,501.7130126953,504.8590087891,489.7340087891,491.1719970703,491.1719970703,11147100
2014-03-30,492.3720092773,492.3720092773,444.1789855957,460.2730102539,460.2730102539,42958300
2014-03-31,462.2990112305,483.0220031738,443.3649902344,457.0010070801,457.0010070801,28254000
2014-04-01,457.0,495.3429870605,457.0,478.375,478.375,35685800
2014-04-02,479.1369934082,495.0450134277,431.2690124512,437.1400146484,437.1400146484,49647600
2014-04-03,436.4440002441,449.5650024414,414.8900146484,444.7179870605,444.7179870605,40765500
2014-04-04,445.6640014648,454.6520080566,429.091003418,447.5260009766,447.5260009766,22925500
2014-04-05,446.674987793,463.5710144043,444.1969909668,461.9070129395,461.9070129395,13404500
2014-04-06,463.3970031738,466.3190002441,452.9700012207,460.4989929199,460.4989929199,10241400
2014-04-07,461.4739990234,462.5639953613,445.1220092773,449.4230041504,449.4230041504,15616600
2014-04-08,447.6130065918,457.4240112305,446.1140136719,453.0859985352,453.0859985352,10921600
2014-04-09,453.1770019531,455.7279968262,441.933013916,442.7250061035,442.7250061035,13204400
2014-04-10,442.2560119629,443.3659973145,358.7319946289,365.175994873,365.175994873,55868300
2014-04-11,363.7099914551,429.766998291,351.2720031738,420.9469909668,420.9469909668,62562800
2014-04-12,420.8890075684,439.6059875488,415.7890014648,421.1159973145,421.1159973145,19226500
2014-04-13,421.4609985352,427.3980102539,395.2539978027,414.0629882813,414.0629882813,22493500
2014-04-14,414.8280029297,469.7510070801,407.3729858398,458.7869873047,458.7869873047,50730200
2014-04-15,458.3729858398,518.9959716797,453.5429992676,515.5859985352,515.5859985352,49561000
2014-04-16,522.1849975586,542.3779907227,502.7810058594,527.3950195313,527.3950195313,56480100
2014-04-17,529.0670166016,533.5170288086,484.8739929199,495.9630126953,495.9630126953,34025500
2014-04-18,495.7980041504,498.6010131836,472.7409973145,479.6449890137,479.6449890137,19042400
2014-04-19,479.5820007324,503.5549926758,470.5610046387,501.5650024414,501.5650024414,19588200
2014-04-20,501.7510070801,510.8710021973,490.8399963379,498.1679992676,498.1679992676,12103100
2014-04-21,497.7390136719,510.5679931641,493.2009887695,495.7730102539,495.7730102539,15171400
2014-04-22,495.4549865723,503.2219848633,487.5799865723,487.9240112305,487.9240112305,11670900
2014-04-23,488.3590087891,493.2489929199,485.816986084,491.3030090332,491.3030090332,9814530
2014-04-24,490.825012207,500.4649963379,482.9519958496,500.4649963379,500.4649963379,13009400
2014-04-25,500.0870056152,500.2990112305,442.9509887695,461.449005127,461.449005127,46856500
2014-04-26,461.7049865723,464.5429992676,449.1029968262,458.6010131836,458.6010131836,12214600
2014-04-27,457.2420043945,459.3299865723,436.3900146484,436.3900146484,436.3900146484,10949500
2014-04-28,430.716003418,447.533996582,422.941986084,440.2850036621,440.2850036621,23876600
2014-04-29,439.983001709,451.6359863281,435.1809997559,447.2090148926,447.2090148926,16401400
2014-04-30,446.8900146484,451.0989990234,436.699005127,447.6449890137,447.6449890137,15244900
2014-05-01,447.6329956055,460.6140136719,447.6329956055,457.7600097656,457.7600097656,12871800
2014-05-02,457.3640136719,457.9289855957,443.4030151367,449.3770141602,449.3770141602,10394200
2014-05-03,449.4030151367,449.4030151367,430.6820068359,437.7619934082,437.7619934082,9849640
2014-05-04,438.516998291,439.7690124512,430.0539855957,436.4030151367,436.4030151367,5621260
2014-05-05,434.7820129395,440.9739990234,427.6170043945,433.4819946289,433.4819946289,10004800
2014-05-06,433.3640136719,448.0379943848,423.2510070801,428.9620056152,428.9620056152,12507300
2014-05-07,429.341003418,446.1279907227,428.4509887695,438.8210144043,438.8210144043,18332200
2014-05-08,438.6789855957,448.3989868164,438.1430053711,440.1690063477,440.1690063477,9446580
2014-05-09,440.1780090332,452.691986084,440.1430053711,449.4609985352,449.4609985352,10347900
2014-05-10,450.4559936523,455.7709960938,448.4679870605,454.433013916,454.433013916,6682600
2014-05-11,453.9200134277,455.3389892578,433.4010009766,438.8859863281,438.8859863281,12251700
2014-05-12,438.3030090332,442.2600097656,434.2309875488,441.4620056152,441.4620056152,7383770
2014-05-13,441.5310058594,441.9760131836,436.967010498,440.6709899902,440.6709899902,7682670
2014-05-14,440.592010498,446.658996582,440.5029907227,443.9719848633,443.9719848633,9472960
2014-05-15,444.1359863281,449.7990112305,443.6300048828,447.2520141602,447.2520141602,7362980
2014-05-16,447.3859863281,450.6610107422,444.9639892578,448.058013916,448.058013916,6475100
2014-05-17,448.1170043945,451.9800109863,447.300994873,448.9030151367,448.9030151367,2945790
2014-05-18,448.7009887695,449.766998291,444.783996582,446.2640075684,446.2640075684,2857830
2014-05-19,446.0759887695,447.5549926758,443.1000061035,446.1809997559,446.1809997559,6242620
2014-05-20,446.3049926758,491.4440002441,446.0069885254,485.7239990234,485.7239990234,40327500
2014-05-21,485.799987793,494.3689880371,483.4890136719,491.7699890137,491.7699890137,14626000
2014-05-22,492.0490112305,525.3560180664,490.1910095215,524.5789794922,524.5789794922,33086500
2014-05-23,525.7150268555,541.9559936523,520.0759887695,520.2219848633,520.2219848633,34934700
2014-05-24,521.0510253906,525.1699829102,516.2810058594,525.1380004883,525.1380004883,11499300
2014-05-25,525.2280273438,576.4780273438,525.2280273438,571.5880126953,571.5880126953,47010300
2014-05-26,571.3930053711,588.3889770508,565.3319702148,583.4240112305,583.4240112305,29959800
2014-05-27,582.5880126953,589.5170288086,554.4340209961,571.2440185547,571.2440185547,38032000
2014-05-28,571.9149780273,578.6240234375,564.0869750977,577.0620117188,577.0620117188,19289000
2014-05-29,576.3300170898,577.0960083008,561.5960083008,568.1799926758,568.1799926758,18707800
2014-05-30,568.1770019531,618.4580078125,568.1569824219,615.325012207,615.325012207,31985400
2014-05-31,615.6870117188,624.7150268555,604.4710083008,623.6770019531,623.6770019531,15107100
2014-06-01,623.6929931641,671.5130004883,619.9060058594,630.2290039063,630.2290039063,45259100
2014-06-02,629.6450195313,665.4979858398,618.7449951172,660.617980957,660.617980957,45450200
2014-06-03,660.549987793,674.1110229492,650.783996582,667.6049804688,667.6049804688,40653700
2014-06-04,666.7739868164,668.5629882813,624.0889892578,641.6140136719,641.6140136719,37731500
2014-06-05,641.0720214844,663.5260009766,640.0900268555,659.2579956055,659.2579956055,29621300
2014-06-06,659.2830200195,661.366027832,652.3040161133,653.7020263672,653.7020263672,18680100
2014-06-07,653.5219726563,656.9439697266,644.9069824219,654.9689941406,654.9689941406,15855300
2014-06-08,654.9940185547,658.883972168,653.4699707031,656.1400146484,656.1400146484,8614190
2014-06-09,655.6400146484,657.7030029297,644.3930053711,649.158996582,649.158996582,19065400
2014-06-10,650.0419921875,659.6149902344,646.5640258789,653.1500244141,653.1500244141,17913400
2014-06-11,653.1879882813,657.0399780273,632.5469970703,633.0200195313,633.0200195313,25163800
2014-06-12,633.4279785156,638.1090087891,573.2719726563,586.9520263672,586.9520263672,50818800
2014-06-13,585.6959838867,615.1370239258,585.6959838867,600.1630249023,600.1630249023,35700700
2014-06-14,600.7459716797,601.2700195313,549.8209838867,577.3579711914,577.3579711914,38481200
2014-06-15,575.9279785156,592.9370117188,554.8909912109,592.9370117188,592.9370117188,23580900
2014-06-16,592.6489868164,608.7199707031,587.0679931641,592.1879882813,592.1879882813,28677500
2014-06-17,591.5859985352,610.8889770508,590.4000244141,610.8640136719,610.8640136719,18597300
2014-06-18,609.7670288086,615.8809814453,604.3959960938,607.9580078125,607.9580078125,17862000
2014-06-19,608.0700073242,612.241027832,597.0180053711,598.0709838867,598.0709838867,12803800
2014-06-20,597.4019775391,599.7540283203,587.7559814453,594.1459960938,594.1459960938,18134100
2014-06-21,593.6779785156,599.4619750977,587.7369995117,594.9920043945,594.9920043945,9256290
2014-06-22,595.9039916992,605.9970092773,594.6270141602,602.2730102539,602.2730102539,10877700
2014-06-23,602.1610107422,603.2119750977,586.3430175781,593.9840087891,593.9840087891,14053800
2014-06-24,593.9699707031,596.9710083008,582.3569946289,582.3569946289,582.3569946289,14144900
2014-06-25,581.8090209961,583.5989990234,565.625,566.3359985352,566.3359985352,20687700
2014-06-26,566.1370239258,581.6290283203,564.7310180664,581.1370239258,581.1370239258,14655900
2014-06-27,581.2969970703,600.1240234375,579.8850097656,597.2609863281,597.2609863281,20814600
2014-06-28,599.0770263672,604.4730224609,595.9180297852,596.5490112305,596.5490112305,13398100
2014-06-29,596.3319702148,604.0759887695,596.1619873047,602.7150268555,602.7150268555,8897470
2014-06-30,602.6199951172,645.1550292969,599.8829956055,639.7969970703,639.7969970703,46422400
2014-07-01,641.3909912109,657.8579711914,640.1069946289,640.8060302734,640.8060302734,38446300
2014-07-02,641.0369873047,656.6779785156,638.3389892578,650.8790283203,650.8790283203,25768200
2014-07-03,650.7689819336,650.7689819336,641.3029785156,645.1560058594,645.1560058594,18949000
2014-07-04,644.6459960938,648.4329833984,629.4030151367,630.6920166016,630.6920166016,22237200
2014-07-05,629.9509887695,633.2219848633,628.0040283203,631.4569702148,631.4569702148,9105940
2014-07-06,631.7719726563,638.6530151367,631.1599731445,635.8070068359,635.8070068359,10080000
2014-07-07,635.4630126953,637.1569824219,617.007019043,624.0859985352,624.0859985352,17813600
2014-07-08,622.5700073242,626.6950073242,620.9069824219,624.8179931641,624.8179931641,10005500
2014-07-09,625.2210083008,626.9979858398,622.5960083008,624.508972168,624.508972168,9819150
2014-07-10,624.8259887695,626.116027832,612.3460083008,616.7620239258,616.7620239258,15880700
2014-07-11,616.6619873047,632.0859985352,615.7689819336,632.0029907227,632.0029907227,16467100
2014-07-12,631.8809814453,636.6580200195,626.9819946289,633.7130126953,633.7130126953,13329000
2014-07-13,634.2169799805,634.7269897461,624.908996582,626.4970092773,626.4970092773,11291000
2014-07-14,626.5620117188,627.3419799805,617.3220214844,619.3150024414,619.3150024414,12706800
2014-07-15,619.9959716797,625.1409912109,619.6350097656,621.5859985352,621.5859985352,10873200
2014-07-16,622.0130004883,623.0919799805,615.325012207,616.799987793,616.799987793,13182400
2014-07-17,616.5390014648,626.2899780273,608.3989868164,623.0889892578,623.0889892578,16576700
2014-07-18,622.3690185547,629.2130126953,620.4719848633,628.7789916992,628.7789916992,14158100
2014-07-19,629.166015625,629.166015625,624.5969848633,628.5150146484,628.5150146484,7222030
2014-07-20,628.5590209961,628.5590209961,622.7750244141,623.9000244141,623.9000244141,5760120
2014-07-21,623.950012207,624.0900268555,619.1090087891,622.2109985352,622.2109985352,10711900
2014-07-22,622.2730102539,624.2979736328,620.9569702148,621.5510253906,621.5510253906,9602880
2014-07-23,621.1229858398,624.4310302734,618.2930297852,619.4149780273,619.4149780273,11056600
2014-07-24,619.4959716797,620.4290161133,595.5659790039,601.7329711914,601.7329711914,20917200
2014-07-25,601.5120239258,607.0650024414,597.2260131836,601.0889892578,601.0889892578,12279500
2014-07-26,601.5419921875,602.0880126953,593.9639892578,595.8129882813,595.8129882813,10752900
2014-07-27,595.6719970703,598.9420166016,593.4299926758,593.8519897461,593.8519897461,7774230
2014-07-28,594.1370239258,594.5729980469,575.1849975586,585.6909790039,585.6909790039,19316400
2014-07-29,585.5520019531,588.3850097656,581.6950073242,584.7249755859,584.7249755859,11275400
2014-07-30,584.7420043945,585.1220092773,564.8959960938,567.2930297852,567.2930297852,14898800
2014-07-31,567.367980957,586.2349853516,564.5109863281,586.2349853516,586.2349853516,22467900
2014-08-01,586.2020263672,597.9219970703,583.633972168,594.916015625,594.916015625,18215900
2014-08-02,594.8980102539,594.9099731445,586.1550292969,589.3330078125,589.3330078125,8359080
2014-08-03,588.8930053711,589.1510009766,581.6500244141,586.666015625,586.666015625,9917990
2014-08-04,586.2329711914,591.9459838867,583.7399902344,588.7819824219,588.7819824219,9867570
2014-08-05,589.0109863281,589.8649902344,584.1019897461,585.4359741211,585.4359741211,10790800
2014-08-06,585.9520263672,587.4860229492,583.0980224609,584.6530151367,584.6530151367,14497900
2014-08-07,584.6459960938,591.1040039063,584.0520019531,588.8690185547,588.8690185547,11131400
2014-08-08,588.875,598.116027832,588.791015625,592.5770263672,592.5770263672,11072000
2014-08-09,592.4699707031,592.4699707031,587.6329956055,589.3720092773,589.3720092773,7922070
2014-08-10,589.1719970703,594.4600219727,587.9420166016,591.0609741211,591.0609741211,7555310
2014-08-11,591.2819824219,591.507019043,574.0510253906,576.367980957,576.367980957,14764200
2014-08-12,576.5120239258,576.9479980469,566.5949707031,569.6420288086,569.6420288086,13978200
2014-08-13,570.3770141602,573.0330200195,532.6669921875,546.6580200195,546.6580200195,25777500
2014-08-14,546.1810302734,546.2440185547,498.7250061035,505.9739990234,505.9739990234,35803900
2014-08-15,511.1380004883,518.1790161133,487.925994873,497.0100097656,497.0100097656,25598300
2014-08-16,497.8259887695,521.4749755859,487.7439880371,519.7080078125,519.7080078125,22832500
2014-08-17,519.1420288086,520.1900024414,483.6260070801,491.7950134277,491.7950134277,24300900
2014-08-18,491.5069885254,499.3699951172,443.8510131836,461.4599914551,461.4599914551,50783800
2014-08-19,461.4800109863,485.7099914551,455.5390014648,485.2449951172,485.2449951172,38422400
2014-08-20,485.0719909668,518.2849731445,467.5109863281,511.9800109863,511.9800109863,46527600
2014-08-21,510.449005127,531.9000244141,510.449005127,517.2369995117,517.2369995117,49444200
2014-08-22,517.5809936523,521.4790039063,501.2749938965,514.0430297852,514.0430297852,36563900
2014-08-23,513.3939819336,514.2990112305,492.1140136719,498.075012207,498.075012207,25171900
2014-08-24,498.2850036621,512.8880004883,497.3510131836,508.2860107422,508.2860107422,19441700
2014-08-25,508.2200012207,508.2200012207,499.233001709,502.4960021973,502.4960021973,18356700
2014-08-26,502.5440063477,512.6879882813,502.5440063477,511.5700073242,511.5700073242,23235100
2014-08-27,512.1890258789,520.708984375,510.9219970703,511.1530151367,511.1530151367,22648500
2014-08-28,510.8840026855,516.1569824219,506.8770141602,507.8150024414,507.8150024414,19862000
2014-08-29,508.424987793,511.6950073242,503.816986084,508.516998291,508.516998291,17624800
2014-08-30,508.5899963379,509.308013916,501.6359863281,504.2489929199,504.2489929199,9424070
2014-08-31,502.9049987793,504.8789978027,474.8139953613,477.7630004883,477.7630004883,44632300
2014-09-01,477.7869873047,485.3059997559,471.9100036621,474.8789978027,474.8789978027,20432000
2014-09-02,474.4750061035,482.9880065918,472.324005127,477.425994873,477.425994873,23337900
2014-09-03,476.8710021973,481.7120056152,476.2080078125,477.5859985352,477.5859985352,13342200
2014-09-04,477.6799926758,493.9280090332,477.0859985352,489.6600036621,489.6600036621,26081400
2014-09-05,489.6650085449,490.6430053711,481.6090087891,483.342010498,483.342010498,15302500
2014-09-06,483.341003418,488.5950012207,482.9979858398,484.8299865723,484.8299865723,10601400
2014-09-07,485.1289978027,488.0660095215,482.2780151367,482.2780151367,482.2780151367,8994050
2014-09-08,481.8110046387,489.8340148926,468.7900085449,474.6000061035,474.6000061035,30238000
2014-09-09,474.8800048828,477.3770141602,467.7780151367,475.2600097656,475.2600097656,21447800
2014-09-10,475.4840087891,487.4679870605,475.1449890137,479.3590087891,479.3590087891,22787800
2014-09-11,479.6170043945,482.3510131836,474.6099853516,479.7489929199,479.7489929199,16852900
2014-09-12,479.5820007324,479.6279907227,473.0090026855,477.7529907227,477.7529907227,15437200
2014-09-13,477.7929992676,482.1170043945,475.0979919434,479.0020141602,479.0020141602,15588000
2014-09-14,479.1170043945,479.8529968262,476.1189880371,477.891998291,477.891998291,13105500
2014-09-15,477.7650146484,478.6199951172,474.0220031738,475.3710021973,475.3710021973,15345200
2014-09-16,474.8619995117,475.641998291,465.1279907227,466.0570068359,466.0570068359,16797300
2014-09-17,465.8640136719,468.1740112305,452.4219970703,457.3340148926,457.3340148926,21056800
2014-09-18,456.8599853516,456.8599853516,413.1040039063,424.4400024414,424.4400024414,34483200
2014-09-19,424.1029968262,427.8349914551,384.5320129395,394.7959899902,394.7959899902,37919700
2014-09-20,394.6730041504,423.2959899902,389.8829956055,408.9039916992,408.9039916992,36863600
2014-09-21,408.0849914551,412.425994873,393.1809997559,398.8210144043,398.8210144043,26580100
2014-09-22,399.1000061035,406.9159851074,397.1300048828,402.1520080566,402.1520080566,24127600
2014-09-23,402.092010498,441.5570068359,396.1969909668,435.7909851074,435.7909851074,45099500
2014-09-24,435.7510070801,436.1119995117,421.1319885254,423.2049865723,423.2049865723,30627700
2014-09-25,423.1560058594,423.5199890137,409.4679870605,411.574005127,411.574005127,26814400
2014-09-26,411.4289855957,414.9379882813,400.0090026855,404.424987793,404.424987793,21460800
2014-09-27,403.5559997559,406.6229858398,397.3720092773,399.5199890137,399.5199890137,15029300
2014-09-28,399.4710083008,401.016998291,374.3320007324,377.1809997559,377.1809997559,23613300
2014-09-29,376.9280090332,385.2109985352,372.2399902344,375.467010498,375.467010498,32497700
2014-09-30,376.0880126953,390.9769897461,373.4429931641,386.9440002441,386.9440002441,34707300
2014-10-01,387.4270019531,391.3789978027,380.7799987793,383.6149902344,383.6149902344,26229400
2014-10-02,383.9880065918,385.4970092773,372.9460144043,375.0719909668,375.0719909668,21777700
2014-10-03,375.1809997559,377.6950073242,357.8590087891,359.5119934082,359.5119934082,30901200
2014-10-04,359.891998291,364.4869995117,325.8859863281,328.8659973145,328.8659973145,47236500
2014-10-05,328.9159851074,341.800994873,289.2959899902,320.5100097656,320.5100097656,83308096
2014-10-06,320.3890075684,345.1340026855,302.5599975586,330.0790100098,330.0790100098,79011800
2014-10-07,330.5840148926,339.2470092773,320.4819946289,336.1870117188,336.1870117188,49199900
2014-10-08,336.1159973145,354.3640136719,327.1879882813,352.9400024414,352.9400024414,54736300
2014-10-09,352.7479858398,382.7260131836,347.6870117188,365.0260009766,365.0260009766,83641104
2014-10-10,364.6870117188,375.066986084,352.9630126953,361.5620117188,361.5620117188,43665700
2014-10-11,361.3619995117,367.1910095215,355.9509887695,362.2990112305,362.2990112305,13345200
2014-10-12,362.6059875488,379.433013916,356.1440124512,378.5490112305,378.5490112305,17552800
2014-10-13,377.9209899902,397.2260131836,368.8970031738,390.4140014648,390.4140014648,35221400
2014-10-14,391.691986084,411.6979980469,391.324005127,400.8699951172,400.8699951172,38491500
2014-10-15,400.9549865723,402.2269897461,388.7659912109,394.7730102539,394.7730102539,25267100
2014-10-16,394.5180053711,398.8070068359,373.0700073242,382.5559997559,382.5559997559,26990000
2014-10-17,382.7560119629,385.4779968262,375.3890075684,383.7579956055,383.7579956055,13600700
2014-10-18,383.9760131836,395.157989502,378.9710083008,391.441986084,391.441986084,11416800
2014-10-19,391.2539978027,393.9389953613,386.4570007324,389.5459899902,389.5459899902,5914570
2014-10-20,389.2309875488,390.0840148926,378.2520141602,382.8450012207,382.8450012207,16419000
2014-10-21,382.4209899902,392.6459960938,380.8340148926,386.4750061035,386.4750061035,14188900
2014-10-22,386.1180114746,388.5759887695,382.2489929199,383.157989502,383.157989502,11641300
2014-10-23,382.9620056152,385.0480041504,356.4469909668,358.4169921875,358.4169921875,26456900
2014-10-24,358.591003418,364.3450012207,353.3049926758,358.3450012207,358.3450012207,15585700
2014-10-25,358.6109924316,359.8609924316,342.8770141602,347.2709960938,347.2709960938,18127500
2014-10-26,347.4869995117,359.2210083008,343.9309997559,354.7040100098,354.7040100098,11272500
2014-10-27,354.7770080566,358.6319885254,349.8089904785,352.9890136719,352.9890136719,13033000
2014-10-28,353.2149963379,359.9840087891,352.6789855957,357.6180114746,357.6180114746,7845880
2014-10-29,357.0889892578,357.8330078125,335.3429870605,335.591003418,335.591003418,18192700
2014-10-30,335.7090148926,350.9129943848,335.0719909668,345.3049926758,345.3049926758,30177900
2014-10-31,345.0090026855,348.0450134277,337.141998291,338.3210144043,338.3210144043,12545400
2014-11-01,338.6499938965,340.5289916992,321.0549926758,325.7489929199,325.7489929199,16677200
2014-11-02,326.075012207,329.049987793,320.6260070801,325.891998291,325.891998291,8603620
2014-11-03,325.5690002441,334.0020141602,325.4809875488,327.5539855957,327.5539855957,12948500
2014-11-04,327.1610107422,331.766998291,325.0769958496,330.4920043945,330.4920043945,15655500
2014-11-05,330.683013916,343.3689880371,330.683013916,339.4859924316,339.4859924316,19817200
2014-11-06,339.4580078125,352.966003418,338.4240112305,349.2900085449,349.2900085449,18797000
2014-11-07,349.8179931641,352.7319946289,341.7760009766,342.4150085449,342.4150085449,16834200
2014-11-08,342.1539916992,347.0320129395,342.1539916992,345.4880065918,345.4880065918,8535470
2014-11-09,345.3760070801,363.6260070801,344.2550048828,363.2640075684,363.2640075684,24205600
2014-11-10,362.2650146484,374.8160095215,357.5610046387,366.9240112305,366.9240112305,30450100
2014-11-11,365.8569946289,371.3099975586,363.7349853516,367.6950073242,367.6950073242,15838900
2014-11-12,367.9849853516,429.7179870605,367.9849853516,423.5610046387,423.5610046387,45783200
2014-11-13,427.2730102539,457.0929870605,401.1229858398,420.7349853516,420.7349853516,58945000
2014-11-14,418.4169921875,419.2520141602,384.7890014648,397.8179931641,397.8179931641,29589200
2014-11-15,399.6499938965,405.5280151367,371.0079956055,376.1329956055,376.1329956055,15727500
2014-11-16,374.7300109863,390.7990112305,374.6019897461,387.8819885254,387.8819885254,11905600
2014-11-17,388.3489990234,410.199005127,377.5020141602,387.407989502,387.407989502,41518800
2014-11-18,387.7850036621,392.4020080566,371.1170043945,375.1979980469,375.1979980469,32222500
2014-11-19,373.8959960938,386.4809875488,373.8959960938,380.5549926758,380.5549926758,18931800
2014-11-20,380.3070068359,382.0249938965,356.7810058594,357.8399963379,357.8399963379,25233200
2014-11-21,357.8789978027,357.8789978027,344.1119995117,350.8479919434,350.8479919434,29850100
2014-11-22,351.6040039063,364.841003418,350.8779907227,352.9200134277,352.9200134277,15273000
2014-11-23,353.174987793,370.8450012207,353.174987793,367.5729980469,367.5729980469,15151600
2014-11-24,366.9479980469,387.2090148926,366.6690063477,376.9010009766,376.9010009766,30930100
2014-11-25,376.8859863281,394.7009887695,374.783996582,375.3479919434,375.3479919434,25442200
2014-11-26,376.0190124512,377.6979980469,365.8160095215,368.3699951172,368.3699951172,18601700
2014-11-27,370.5020141602,373.9920043945,368.2820129395,369.6700134277,369.6700134277,8748030
2014-11-28,369.3739929199,382.8380126953,358.4549865723,376.4469909668,376.4469909668,22946500
2014-11-29,376.1520080566,387.6010131836,372.1449890137,375.4909973145,375.4909973145,15375600
2014-11-30,375.5100097656,382.5270080566,373.3089904785,378.0469970703,378.0469970703,9194440
2014-12-01,378.2489929199,383.6619873047,376.6690063477,379.2449951172,379.2449951172,11763000
2014-12-02,379.25,384.0379943848,377.8630065918,381.3150024414,381.3150024414,12364100
2014-12-03,381.7219848633,383.0260009766,374.3460083008,375.0100097656,375.0100097656,13340100
2014-12-04,375.7179870605,378.6549987793,367.7590026855,369.6040039063,369.6040039063,14529600
2014-12-05,369.441986084,379.191986084,365.7560119629,376.8540039063,376.8540039063,15181800
2014-12-06,376.7569885254,378.4479980469,370.9450073242,374.7850036621,374.7850036621,7009320
2014-12-07,374.8359985352,376.2919921875,373.2749938965,375.0950012207,375.0950012207,6491650
2014-12-08,374.9649963379,376.0289916992,361.8859863281,361.908996582,361.908996582,18898700
2014-12-09,361.8949890137,363.066986084,344.9509887695,352.2189941406,352.2189941406,32915500
2014-12-10,352.2049865723,352.3840026855,346.3649902344,346.3649902344,346.3649902344,16427700
2014-12-11,344.3399963379,361.3569946289,338.7630004883,350.5060119629,350.5060119629,32431300
2014-12-12,350.8330078125,352.983001709,349.2909851074,352.5419921875,352.5419921875,16989800
2014-12-13,352.3810119629,352.3810119629,346.5880126953,347.3760070801,347.3760070801,11675900
2014-12-14,346.7269897461,353.3160095215,345.4179992676,351.6319885254,351.6319885254,12415200
2014-12-15,351.3609924316,351.8150024414,344.9339904785,345.3450012207,345.3450012207,17264200
2014-12-16,345.6730041504,345.8590087891,327.0620117188,327.0620117188,327.0620117188,30864900
2014-12-17,326.8550109863,333.9540100098,315.1520080566,319.7760009766,319.7760009766,37567900
2014-12-18,319.7850036621,323.7090148926,304.2319946289,311.3959960938,311.3959960938,39173000
2014-12-19,311.1789855957,318.532989502,306.7690124512,317.8429870605,317.8429870605,23823100
2014-12-20,317.6189880371,330.325012207,316.0440063477,329.9559936523,329.9559936523,20856700
2014-12-21,329.5429992676,329.6289978027,318.9030151367,320.8429870605,320.8429870605,15207600
2014-12-22,321.0679931641,334.1170043945,320.424987793,331.8859863281,331.8859863281,22315100
2014-12-23,332.016998291,336.2869873047,329.6019897461,334.5719909668,334.5719909668,16574200
2014-12-24,334.3850097656,334.7409973145,321.3569946289,322.533996582,322.533996582,15092300
2014-12-25,322.2860107422,322.6700134277,316.9580078125,319.0079956055,319.0079956055,9883640
2014-12-26,319.1520080566,331.4240112305,316.6270141602,327.9240112305,327.9240112305,16410500
2014-12-27,327.5830078125,328.9110107422,312.6300048828,315.8630065918,315.8630065918,15185200
2014-12-28,316.1600036621,320.0280151367,311.0780029297,317.2390136719,317.2390136719,11676600
2014-12-29,317.7009887695,320.266998291,312.3070068359,312.6700134277,312.6700134277,12302500
2014-12-30,312.7189941406,314.8089904785,309.3729858398,310.7369995117,310.7369995117,12528300
2014-12-31,310.9140014648,320.1929931641,310.2109985352,320.1929931641,320.1929931641,13942900
2015-01-01,320.4349975586,320.4349975586,314.0029907227,314.2489929199,314.2489929199,8036550
2015-01-02,314.0790100098,315.8389892578,313.5650024414,315.0320129395,315.0320129395,7860650
2015-01-03,314.8460083008,315.1499938965,281.0820007324,281.0820007324,281.0820007324,33054400
2015-01-04,281.1459960938,287.2300109863,257.6119995117,264.1950073242,264.1950073242,55629100
2015-01-05,265.0840148926,278.341003418,265.0840148926,274.4739990234,274.4739990234,43962800
2015-01-06,274.6109924316,287.5530090332,272.6960144043,286.1889953613,286.1889953613,23245700
2015-01-07,286.0769958496,298.7539978027,283.0790100098,294.3370056152,294.3370056152,24866800
2015-01-08,294.1350097656,294.1350097656,282.174987793,283.3489990234,283.3489990234,19982500
2015-01-09,282.3829956055,291.1140136719,280.532989502,290.407989502,290.407989502,18718600
2015-01-10,287.3030090332,288.1270141602,273.966003418,274.7959899902,274.7959899902,15264300
2015-01-11,274.608001709,279.6380004883,265.0390014648,265.6600036621,265.6600036621,18200800
2015-01-12,266.1459960938,272.2030029297,265.200012207,267.7959899902,267.7959899902,18880300
2015-01-13,267.3940124512,268.2770080566,219.9060058594,225.8609924316,225.8609924316,72843904
2015-01-14,223.8939971924,223.8939971924,171.5099945068,178.1029968262,178.1029968262,97638704
2015-01-15,176.8970031738,229.0670013428,176.8970031738,209.8439941406,209.8439941406,81773504
2015-01-16,209.0700073242,221.591003418,199.7709960938,208.0970001221,208.0970001221,38421000
2015-01-17,207.8339996338,211.7310028076,194.875,199.2599945068,199.2599945068,23469700
2015-01-18,200.0500030518,218.6950073242,194.5059967041,210.3390045166,210.3390045166,30085100
2015-01-19,211.470993042,216.7279968262,207.3179931641,214.8609924316,214.8609924316,18658300
2015-01-20,212.9069976807,215.2409973145,205.1529998779,211.3150024414,211.3150024414,24051100
2015-01-21,211.3780059814,227.7879943848,211.2120056152,226.8970031738,226.8970031738,29924600
2015-01-22,227.3220062256,237.0189971924,226.4340057373,233.4060058594,233.4060058594,33544600
2015-01-23,233.516998291,234.8450012207,225.1959991455,232.8789978027,232.8789978027,24621700
2015-01-24,232.6999969482,248.2100067139,230.0220031738,247.8470001221,247.8470001221,24782500
2015-01-25,247.3520050049,255.074005127,243.8899993896,253.7180023193,253.7180023193,33582700
2015-01-26,254.078994751,309.3840026855,254.078994751,273.4729919434,273.4729919434,106794000
2015-01-27,273.1669921875,275.4800109863,250.6529998779,263.4750061035,263.4750061035,44399000
2015-01-28,263.3510131836,266.5350036621,227.046005249,233.9149932861,233.9149932861,44352200
2015-01-29,233.3480072021,238.7059936523,220.7120056152,233.5130004883,233.5130004883,32213400
2015-01-30,232.7720031738,242.8509979248,225.8390045166,226.4250030518,226.4250030518,26605200
2015-01-31,226.4409942627,233.5039978027,216.3090057373,217.4640045166,217.4640045166,23348200
2015-02-01,216.8670043945,231.574005127,212.0149993896,226.9720001221,226.9720001221,29128500
2015-02-02,226.4909973145,242.1750030518,222.658996582,238.2290039063,238.2290039063,30612100
2015-02-03,237.453994751,245.9570007324,224.483001709,227.2680053711,227.2680053711,40783700
2015-02-04,227.5110015869,230.0579986572,221.1130065918,226.8529968262,226.8529968262,26594300
2015-02-05,227.6649932861,239.4049987793,214.7250061035,217.1109924316,217.1109924316,22516400
2015-02-06,216.9230041504,230.5099945068,216.2319946289,222.2660064697,222.2660064697,24435300
2015-02-07,222.6329956055,230.2989959717,222.6069946289,227.7539978027,227.7539978027,21604200
2015-02-08,227.6929931641,229.43800354,221.0769958496,223.4120025635,223.4120025635,17145200
2015-02-09,223.3890075684,223.9770050049,217.0189971924,220.1100006104,220.1100006104,27791300
2015-02-10,220.2819976807,221.8070068359,215.3320007324,219.8390045166,219.8390045166,21115100
2015-02-11,219.7319946289,223.4060058594,218.074005127,219.1849975586,219.1849975586,17201900
2015-02-12,219.2079925537,222.199005127,217.6139984131,221.7640075684,221.7640075684,15206200
2015-02-13,221.9689941406,240.2590026855,221.2619934082,235.4270019531,235.4270019531,42744400
2015-02-14,235.5279998779,259.808013916,235.5279998779,257.3210144043,257.3210144043,49732500
2015-02-15,257.5069885254,265.6109924316,227.6840057373,234.8249969482,234.8249969482,56552400
2015-02-16,234.8249969482,239.5209960938,229.0220031738,233.8430023193,233.8430023193,28153700
2015-02-17,233.4219970703,245.7749938965,232.3139953613,243.6100006104,243.6100006104,27363100
2015-02-18,243.7799987793,244.2510070801,232.3399963379,236.3260040283,236.3260040283,25200800
2015-02-19,236.4100036621,242.6719970703,235.5919952393,240.2830047607,240.2830047607,18270500
2015-02-20,240.2510070801,247.1009979248,239.2989959717,243.779006958,243.779006958,23876700
2015-02-21,243.7519989014,255.3200073242,243.1840057373,244.533996582,244.533996582,12284200
2015-02-22,244.5440063477,246.391998291,233.8509979248,235.9770050049,235.9770050049,19527000
2015-02-23,235.9949951172,240.1089935303,232.421005249,238.891998291,238.891998291,16400000
2015-02-24,238.9980010986,239.9010009766,236.4019927979,238.7350006104,238.7350006104,14200400
2015-02-25,238.8899993896,239.3399963379,235.5299987793,237.4700012207,237.4700012207,11496200
2015-02-26,237.3370056152,237.7100067139,234.2570037842,236.425994873,236.425994873,13619400
2015-02-27,236.4360046387,256.6530151367,236.4360046387,253.8280029297,253.8280029297,44013900
2015-02-28,253.5200042725,254.6920013428,249.4790039063,254.2630004883,254.2630004883,13949300
2015-03-01,254.2830047607,261.6600036621,245.9329986572,260.2019958496,260.2019958496,25213700
2015-03-02,260.3569946289,276.300994873,258.3129882813,275.6700134277,275.6700134277,40465700
2015-03-03,275.0459899902,285.7959899902,268.1610107422,281.7019958496,281.7019958496,50461300
2015-03-04,281.9899902344,284.2250061035,268.1260070801,273.092010498,273.092010498,41383000
2015-03-05,272.7390136719,281.6669921875,264.7690124512,276.1780090332,276.1780090332,41302400
2015-03-06,275.6000061035,277.608001709,270.0150146484,272.7229919434,272.7229919434,28918900
2015-03-07,272.2940063477,277.8540039063,270.1329956055,276.2609863281,276.2609863281,17825900
2015-03-08,276.433013916,277.858001709,272.5650024414,274.3540039063,274.3540039063,22067900
2015-03-09,274.8120117188,292.7009887695,273.8930053711,289.6069946289,289.6069946289,59178200
2015-03-10,289.8619995117,300.0440063477,289.7430114746,291.7600097656,291.7600097656,67770800
2015-03-11,291.5249938965,297.3909912109,290.5079956055,296.3789978027,296.3789978027,33963900
2015-03-12,296.1270141602,297.0880126953,292.4129943848,294.3540039063,294.3540039063,32585200
2015-03-13,294.1180114746,294.4979858398,285.3370056152,285.3370056152,285.3370056152,31421500
2015-03-14,284.441986084,286.342010498,280.9760131836,281.8850097656,281.8850097656,22612300
2015-03-15,281.424987793,286.5289916992,280.9960021973,286.3930053711,286.3930053711,11970100
2015-03-16,285.6849975586,294.1119995117,285.6849975586,290.5929870605,290.5929870605,21516100
2015-03-17,290.5950012207,292.3649902344,284.3739929199,285.5050048828,285.5050048828,21497200
2015-03-18,285.066986084,285.3359985352,249.8699951172,256.2990112305,256.2990112305,57008000
2015-03-19,255.8800048828,264.2439880371,248.6360015869,260.9280090332,260.9280090332,52732000
2015-03-20,260.9559936523,264.8479919434,259.1619873047,261.7489929199,261.7489929199,18456700
2015-03-21,261.6440124512,262.1960144043,255.6499938965,260.0249938965,260.0249938965,17130100
2015-03-22,259.9169921875,269.7470092773,259.5899963379,267.9599914551,267.9599914551,18438100
2015-03-23,267.8949890137,277.2969970703,261.7449951172,266.7399902344,266.7399902344,22811900
2015-03-24,266.5769958496,267.0029907227,244.1549987793,245.5950012207,245.5950012207,40073700
2015-03-25,247.4720001221,249.1900024414,236.5149993896,246.1970062256,246.1970062256,35866900
2015-03-26,246.2760009766,254.3540039063,244.9049987793,248.5319976807,248.5319976807,25730000
2015-03-27,248.5659942627,256.8110046387,245.2129974365,247.029006958,247.029006958,17274900
2015-03-28,246.9750061035,254.2050018311,246.9750061035,252.7980041504,252.7980041504,16040900
2015-03-29,252.7400054932,253.1390075684,240.8500061035,242.7129974365,242.7129974365,21699400
2015-03-30,242.8789978027,249.2420043945,239.2140045166,247.5260009766,247.5260009766,23009600
2015-03-31,247.453994751,248.7299957275,242.7389984131,244.2239990234,244.2239990234,22672000
2015-04-01,244.2230072021,247.5410003662,241.1600036621,247.2720031738,247.2720031738,22877200
2015-04-02,247.0890045166,254.4609985352,245.4160003662,253.0050048828,253.0050048828,26272600
2015-04-03,253.074005127,256.0429992676,251.8789978027,254.3220062256,254.3220062256,23146600
2015-04-04,254.2910003662,255.2579956055,251.1000061035,253.6970062256,253.6970062256,12493500
2015-04-05,253.7610015869,260.674987793,251.9420013428,260.5979919434,260.5979919434,19649200
2015-04-06,260.7210083008,261.7980041504,254.5749969482,255.4920043945,255.4920043945,20034200
2015-04-07,255.2740020752,255.8049926758,252.2050018311,253.1799926758,253.1799926758,18467400
2015-04-08,253.0639953613,253.8470001221,244.2149963379,245.0220031738,245.0220031738,30086400
2015-04-09,244.7510070801,246.1179962158,239.3999938965,243.675994873,243.675994873,21643500
2015-04-10,243.6940002441,243.6940002441,232.7709960938,236.0720062256,236.0720062256,28882000
2015-04-11,236.0160064697,239.5370025635,234.1750030518,236.5520019531,236.5520019531,16365200
2015-04-12,236.5350036621,237.7279968262,233.4949951172,236.1529998779,236.1529998779,12387900
2015-04-13,235.9499969482,236.9349975586,221.9960021973,224.5870056152,224.5870056152,31181800
2015-04-14,224.7590026855,224.9759979248,216.3229980469,219.158996582,219.158996582,31719000
2015-04-15,219.0729980469,223.8329925537,218.6490020752,223.8329925537,223.8329925537,22562000
2015-04-16,223.9170074463,229.6719970703,223.9170074463,228.5729980469,228.5729980469,24805400
2015-04-17,228.5749969482,228.9060058594,221.9420013428,222.8820037842,222.8820037842,20429800
2015-04-18,222.8529968262,224.3159942627,220.8760070801,223.3560028076,223.3560028076,12939000
2015-04-19,223.4559936523,226.3529968262,222.3730010986,222.6000061035,222.6000061035,15021500
2015-04-20,222.6119995117,226.3509979248,221.9770050049,224.6260070801,224.6260070801,18364700
2015-04-21,224.6199951172,235.2689971924,224.300994873,235.2689971924,235.2689971924,24978000
2015-04-22,235.6020050049,237.908996582,233.4759979248,234.175994873,234.175994873,23847900
2015-04-23,234.0529937744,236.4750061035,233.199005127,236.4620056152,236.4620056152,17036000
2015-04-24,235.9700012207,236.3049926758,229.9329986572,231.2680053711,231.2680053711,21448700
2015-04-25,231.2350006104,232.5610046387,226.3370056152,226.3899993896,226.3899993896,13957200
2015-04-26,226.4100036621,226.9440002441,214.8739929199,219.4299926758,219.4299926758,28943700
2015-04-27,219.4290008545,233.3049926758,218.0229949951,229.2859954834,229.2859954834,38574000
2015-04-28,228.9689941406,229.4949951172,223.0690002441,225.8549957275,225.8549957275,21469200
2015-04-29,225.591003418,227.0399932861,223.4299926758,225.8079986572,225.8079986572,18936500
2015-04-30,225.6929931641,239.56300354,224.9929962158,236.1450042725,236.1450042725,33818600
2015-05-01,235.9389953613,238.966003418,232.078994751,232.078994751,232.078994751,18815300
2015-05-02,232.341003418,235.7270050049,232.341003418,234.9299926758,234.9299926758,12535500
2015-05-03,234.8800048828,243.2400054932,234.0829925537,240.358001709,240.358001709,18494100
2015-05-04,240.3560028076,242.6380004883,237.8099975586,239.0180053711,239.0180053711,21223400
2015-05-05,238.8520050049,239.203994751,232.0540008545,236.1210021973,236.1210021973,23929100
2015-05-06,236.2489929199,236.453994751,229.2310028076,229.7819976807,229.7819976807,29587200
2015-05-07,229.6620025635,239.1049957275,228.5729980469,237.3339996338,237.3339996338,29064400
2015-05-08,237.203994751,246.2749938965,236.2740020752,243.8630065918,243.8630065918,27445500
2015-05-09,243.7689971924,247.8040008545,239.6390075684,241.8320007324,241.8320007324,19790500
2015-05-10,241.7290039063,244.0679931641,238.8489990234,240.296005249,240.296005249,15019100
2015-05-11,240.2989959717,244.2700042725,239.3760070801,242.1580047607,242.1580047607,20892300
2015-05-12,242.1450042725,242.8809967041,240.0989990234,241.1119995117,241.1119995117,19282600
2015-05-13,241.3979949951,243.703994751,235.0449981689,236.3769989014,236.3769989014,27180100
2015-05-14,236.2140045166,237.7989959717,234.0570068359,236.9290008545,236.9290008545,24413700
2015-05-15,236.9550018311,238.7530059814,236.7949981689,237.6049957275,237.6049957275,16329400
2015-05-16,237.6439971924,237.6970062256,235.2949981689,236.1529998779,236.1529998779,11089700
2015-05-17,236.0099945068,238.0249938965,236.0099945068,236.8020019531,236.8020019531,11134300
2015-05-18,236.8869934082,237.2100067139,232.4600067139,233.1280059814,233.1280059814,16780300
2015-05-19,233.0370025635,234.1510009766,231.8170013428,231.9470062256,231.9470062256,14241900
2015-05-20,231.8899993896,234.6829986572,231.8419952393,234.0180053711,234.0180053711,15499400
2015-05-21,234.0160064697,236.2420043945,233.8350067139,235.3439941406,235.3439941406,15108900
2015-05-22,235.3209991455,240.9689941406,235.0599975586,240.3480072021,240.3480072021,27003000
2015-05-23,240.2859954834,241.0249938965,238.6909942627,238.8719940186,238.8719940186,14605000
2015-05-24,238.9759979248,241.9779968262,238.8110046387,240.9530029297,240.9530029297,11508000
2015-05-25,240.9270019531,241.0209960938,236.6369934082,237.1100006104,237.1100006104,14423900
2015-05-26,237.1040039063,238.2420043945,235.6920013428,237.1159973145,237.1159973145,16425000
2015-05-27,237.0650024414,238.6360015869,236.6950073242,237.2830047607,237.2830047607,18837000
2015-05-28,237.2570037842,237.824005127,236.6519927979,237.4080047607,237.4080047607,13829600
2015-05-29,237.3769989014,237.5220031738,235.7310028076,237.095993042,237.095993042,14805000
2015-05-30,237.0919952393,237.0930023193,232.046005249,233.3450012207,233.3450012207,14098600
2015-05-31,233.1349945068,233.2519989014,229.5420074463,230.1900024414,230.1900024414,14730800
2015-06-01,230.233001709,231.7129974365,221.296005249,222.925994873,222.925994873,26090500
2015-06-02,222.8939971924,226.4160003662,222.4190063477,225.8029937744,225.8029937744,20459000
2015-06-03,225.7359924316,227.404006958,223.9299926758,225.8739929199,225.8739929199,17752400
2015-06-04,225.7720031738,226.5809936523,224.0540008545,224.324005127,224.324005127,14728100
2015-06-05,224.154006958,225.9680023193,223.1790008545,224.9519958496,224.9519958496,18056500
2015-06-06,225.0050048828,225.7189941406,224.3789978027,225.6190032959,225.6190032959,11131500
2015-06-07,225.595993042,226.1940002441,222.6519927979,222.8809967041,222.8809967041,13318400
2015-06-08,222.8789978027,229.4640045166,222.8390045166,228.4889984131,228.4889984131,23378400
2015-06-09,228.5379943848,230.953994751,227.9290008545,229.0480041504,229.0480041504,28353100
2015-06-10,228.9949951172,229.7819976807,228.0099945068,228.8029937744,228.8029937744,15904800
2015-06-11,228.8549957275,230.2870025635,228.766998291,229.7050018311,229.7050018311,14416000
2015-06-12,229.7050018311,231.0570068359,229.31300354,229.9819946289,229.9819946289,14017700
2015-06-13,229.9199981689,232.6519927979,229.2100067139,232.4019927979,232.4019927979,13305300
2015-06-14,232.4420013428,234.858001709,232.0039978027,233.5429992676,233.5429992676,12165900
2015-06-15,233.4219970703,237.8359985352,233.4219970703,236.8229980469,236.8229980469,19912100
2015-06-16,236.7649993896,251.7420043945,236.1219940186,250.8950042725,250.8950042725,41612000
2015-06-17,250.8229980469,256.8529968262,246.4759979248,249.283996582,249.283996582,43858400
2015-06-18,249.4279937744,252.108001709,244.1269989014,249.0070037842,249.0070037842,30980200
2015-06-19,249.0429992676,250.9770050049,243.7870025635,244.6060028076,244.6060028076,23965300
2015-06-20,244.5299987793,245.8280029297,240.6269989014,245.2120056152,245.2120056152,20608100
2015-06-21,245.1000061035,245.2239990234,241.8820037842,243.9440002441,243.9440002441,10600900
2015-06-22,243.9689941406,247.9170074463,243.779006958,246.9900054932,246.9900054932,17692500
2015-06-23,246.9270019531,247.3040008545,243.1329956055,244.296005249,244.296005249,15108700
2015-06-24,244.2819976807,244.341003418,240.5149993896,240.5149993896,240.5149993896,17344900
2015-06-25,240.3650054932,243.3320007324,240.3650054932,242.7989959717,242.7989959717,16133100
2015-06-26,242.6040039063,243.7489929199,241.5529937744,243.5939941406,243.5939941406,13983500
2015-06-27,243.5489959717,251.3390045166,243.1170043945,250.9900054932,250.9900054932,20488600
2015-06-28,250.9550018311,251.1719970703,247.4340057373,249.0110015869,249.0110015869,15137600
2015-06-29,248.720993042,257.1730041504,248.5809936523,257.0639953613,257.0639953613,34742900
2015-06-30,257.0360107422,267.8670043945,255.9459991455,263.0719909668,263.0719909668,44533800
2015-07-01,263.3450012207,265.1719970703,255.7740020752,258.6210021973,258.6210021973,27029800
2015-07-02,258.5520019531,261.6310119629,254.1159973145,255.4120025635,255.4120025635,21551900
2015-07-03,255.4589996338,257.0769958496,253.5050048828,256.3359985352,256.3359985352,19033800
2015-07-04,256.4909973145,261.4570007324,254.1999969482,260.8859863281,260.8859863281,15620400
2015-07-05,260.8049926758,274.5060119629,258.7009887695,271.9129943848,271.9129943848,44156100
2015-07-06,271.108001709,277.4219970703,267.6000061035,269.0299987793,269.0299987793,49154800
2015-07-07,269.9630126953,271.341003418,264.8320007324,266.2070007324,266.2070007324,28857600
2015-07-08,265.9819946289,272.9710083008,264.3859863281,270.7850036621,270.7850036621,36980200
2015-07-09,270.8269958496,272.3349914551,267.0859985352,269.2279968262,269.2279968262,40301200
2015-07-10,269.1560058594,294.591003418,268.8020019531,284.8940124512,284.8940124512,100390000
2015-07-11,284.8800048828,298.5060119629,283.5299987793,293.1149902344,293.1149902344,41109900
2015-07-12,293.1400146484,314.3940124512,292.5050048828,310.8670043945,310.8670043945,56405000
2015-07-13,310.8269958496,310.9479980469,281.0109863281,292.0539855957,292.0539855957,62053900
2015-07-14,292.033996582,296.1470031738,286.6380004883,287.4639892578,287.4639892578,28727200
2015-07-15,288.0450134277,293.2479858398,285.3670043945,285.8290100098,285.8290100098,27486600
2015-07-16,286.0419921875,291.183013916,275.2399902344,278.0889892578,278.0889892578,49482600
2015-07-17,278.091003418,280.2799987793,272.0429992676,279.4719848633,279.4719848633,27591400
2015-07-18,279.3309936523,282.5270080566,274.075012207,274.9010009766,274.9010009766,25187100
2015-07-19,274.766998291,275.6700134277,272.5130004883,273.6140136719,273.6140136719,15332500
2015-07-20,273.4989929199,278.9809875488,272.9599914551,278.9809875488,278.9809875488,22711400
2015-07-21,278.8819885254,280.5469970703,275.4190063477,275.8330078125,275.8330078125,22930700
2015-07-22,275.6570129395,277.6659851074,274.3810119629,277.2219848633,277.2219848633,19389800
2015-07-23,277.341003418,278.1109924316,275.716003418,276.0490112305,276.0490112305,18531300
2015-07-24,276.0050048828,289.2529907227,275.2539978027,288.2780151367,288.2780151367,37199400
2015-07-25,288.1640014648,290.733001709,286.0020141602,288.6969909668,288.6969909668,20662200
2015-07-26,288.6400146484,293.0520019531,287.7059936523,292.6860046387,292.6860046387,16032300
2015-07-27,292.6390075684,297.7739868164,287.450012207,293.6239929199,293.6239929199,30592000
2015-07-28,293.6329956055,296.6489868164,293.4230041504,294.4270019531,294.4270019531,25453600
2015-07-29,294.4840087891,294.5360107422,288.7770080566,289.5899963379,289.5899963379,24672600
2015-07-30,289.1029968262,290.1260070801,286.5679931641,287.7219848633,287.7219848633,21635800
2015-07-31,287.6960144043,288.9590148926,282.3439941406,284.6499938965,284.6499938965,23629100
2015-08-01,284.6860046387,284.9320068359,278.1119995117,281.6010131836,281.6010131836,18995000
2015-08-02,280.449005127,283.0320129395,277.5289916992,282.6140136719,282.6140136719,17722200
2015-08-03,282.8059997559,285.4710083008,280.233001709,281.2269897461,281.2269897461,21474100
2015-08-04,281.2250061035,285.7149963379,281.2250061035,285.2179870605,285.2179870605,21908700
2015-08-05,284.8469848633,285.5010070801,281.4880065918,281.8819885254,281.8819885254,20128000
2015-08-06,281.9060058594,281.9060058594,278.4030151367,278.5769958496,278.5769958496,18792100
2015-08-07,278.7409973145,280.391998291,276.3659973145,279.5849914551,279.5849914551,42484800
2015-08-08,279.7420043945,279.9280090332,260.7099914551,260.9970092773,260.9970092773,58533000
2015-08-09,261.1159973145,267.0029907227,260.4679870605,265.0830078125,265.0830078125,23789600
2015-08-10,265.4779968262,267.0320129395,262.5960083008,264.4700012207,264.4700012207,20979400
2015-08-11,264.342010498,270.3859863281,264.0939941406,270.3859863281,270.3859863281,25433900
2015-08-12,270.5979919434,270.6730041504,265.4689941406,266.3760070801,266.3760070801,26815400
2015-08-13,266.183013916,266.2319946289,262.841003418,264.0799865723,264.0799865723,27685500
2015-08-14,264.1319885254,267.466003418,261.4779968262,265.6799926758,265.6799926758,27091200
2015-08-15,265.5289916992,266.6669921875,261.2959899902,261.550994873,261.550994873,19321100
2015-08-16,261.8659973145,262.4400024414,257.0409851074,258.5069885254,258.5069885254,29717000
2015-08-17,258.4899902344,260.5050048828,257.1170043945,257.9760131836,257.9760131836,21617900
2015-08-18,257.925994873,257.9930114746,211.078994751,211.078994751,211.078994751,42147200
2015-08-19,225.671005249,237.408996582,222.7660064697,226.6840057373,226.6840057373,60869200
2015-08-20,226.8990020752,237.3650054932,226.8990020752,235.3500061035,235.3500061035,32275000
2015-08-21,235.3549957275,236.4320068359,231.7239990234,232.5690002441,232.5690002441,23173800
2015-08-22,232.6620025635,234.9570007324,222.703994751,230.3899993896,230.3899993896,23205900
2015-08-23,230.3760070801,232.7050018311,225.5800018311,228.1690063477,228.1690063477,18406600
2015-08-24,228.1119995117,228.1390075684,210.4429931641,210.4949951172,210.4949951172,59220700
2015-08-25,210.0679931641,226.3209991455,199.5670013428,221.6089935303,221.6089935303,61089200
2015-08-26,222.0760040283,231.1829986572,220.203994751,225.8309936523,225.8309936523,31808000
2015-08-27,226.0500030518,228.6430053711,223.6840057373,224.7689971924,224.7689971924,21905400
2015-08-28,224.7010040283,235.2189941406,220.925994873,231.3959960938,231.3959960938,31336600
2015-08-29,231.5489959717,233.2220001221,227.3300018311,229.7799987793,229.7799987793,17142500
2015-08-30,229.8950042725,232.0679931641,226.2469940186,228.7610015869,228.7610015869,19412600
2015-08-31,229.1139984131,231.9559936523,225.9149932861,230.0559997559,230.0559997559,20710700
2015-09-01,230.2559967041,231.216003418,226.8600006104,228.1210021973,228.1210021973,20575200
2015-09-02,228.0269927979,230.5769958496,226.4750061035,229.283996582,229.283996582,18760400
2015-09-03,229.324005127,229.6049957275,226.6670074463,227.1829986572,227.1829986572,17482000
2015-09-04,227.2149963379,230.8999938965,227.050994873,230.2980041504,230.2980041504,20962400
2015-09-05,230.199005127,236.1430053711,229.4429931641,235.0189971924,235.0189971924,20671400
2015-09-06,234.8699951172,242.9120025635,234.6809997559,239.8399963379,239.8399963379,25473700
2015-09-07,239.9340057373,242.1060028076,238.7220001221,239.8470001221,239.8470001221,21192200
2015-09-08,239.845993042,245.7810058594,239.6779937744,243.6069946289,243.6069946289,26879200
2015-09-09,243.4149932861,244.4160003662,237.8209991455,238.1679992676,238.1679992676,23635700
2015-09-10,238.3359985352,241.2929992676,235.7910003662,238.4770050049,238.4770050049,21215500
2015-09-11,238.328994751,241.1690063477,238.328994751,240.1069946289,240.1069946289,19224700
2015-09-12,239.8549957275,240.1239929199,234.7539978027,235.2290039063,235.2290039063,17962600
2015-09-13,235.2420043945,235.9349975586,229.3320007324,230.5119934082,230.5119934082,18478800
2015-09-14,230.6089935303,232.4400024414,227.9609985352,230.6439971924,230.6439971924,20997800
2015-09-15,230.4920043945,259.1820068359,229.8220062256,230.3040008545,230.3040008545,19177800
2015-09-16,230.25,231.2149963379,227.4019927979,229.091003418,229.091003418,20144200
2015-09-17,229.0760040283,230.2850036621,228.925994873,229.8099975586,229.8099975586,18935400
2015-09-18,233.5209960938,234.3529968262,232.1849975586,232.9750061035,232.9750061035,20242200
2015-09-19,232.858001709,233.2050018311,231.0890045166,231.4929962158,231.4929962158,12712600
2015-09-20,231.3990020752,232.3650054932,230.9100036621,231.2120056152,231.2120056152,14444700
2015-09-21,231.2169952393,231.2169952393,226.5209960938,227.0850067139,227.0850067139,19678800
2015-09-22,226.9689941406,232.3860015869,225.1170043945,230.6179962158,230.6179962158,25009300
2015-09-23,230.9360046387,231.8350067139,229.591003418,230.2830047607,230.2830047607,17254100
2015-09-24,230.358001709,235.6490020752,230.2949981689,234.529006958,234.529006958,25097800
2015-09-25,234.3619995117,237.4270019531,233.6840057373,235.1439971924,235.1439971924,22363600
2015-09-26,235.0760040283,235.4029998779,233.358001709,234.3399963379,234.3399963379,13724100
2015-09-27,234.1390075684,234.5260009766,232.4759979248,232.7570037842,232.7570037842,14179900
2015-09-28,232.8359985352,239.3390045166,232.4669952393,239.141998291,239.141998291,24713000
2015-09-29,239.0160064697,239.8020019531,235.9279937744,236.68699646,236.68699646,22691300
2015-09-30,236.6399993896,237.7339935303,235.6289978027,236.0599975586,236.0599975586,19743500
2015-10-01,236.0039978027,238.4450073242,235.6159973145,237.5489959717,237.5489959717,20488800
2015-10-02,237.2640075684,238.5410003662,236.6029968262,237.2929992676,237.2929992676,19677900
2015-10-03,237.2019958496,239.3150024414,236.9440002441,238.7299957275,238.7299957275,16482700
2015-10-04,238.5310058594,238.9680023193,237.9400024414,238.2590026855,238.2590026855,12999000
2015-10-05,238.1470031738,240.3829956055,237.0350036621,240.3829956055,240.3829956055,23335900
2015-10-06,240.3639984131,246.9349975586,240.1360015869,246.06300354,246.06300354,27535100
2015-10-07,246.1699981689,246.6809997559,242.5850067139,242.9689941406,242.9689941406,22999200
2015-10-08,243.0749969482,244.2510070801,242.1790008545,242.3040008545,242.3040008545,18515300
2015-10-09,242.4980010986,244.2279968262,242.1219940186,243.9309997559,243.9309997559,17353100
2015-10-10,243.7400054932,245.3190002441,243.074005127,244.9409942627,244.9409942627,15912700
2015-10-11,244.7420043945,247.2429962158,244.1519927979,247.0500030518,247.0500030518,16827300
2015-10-12,246.875,247.453994751,245.1790008545,245.3079986572,245.3079986572,17388300
2015-10-13,245.1999969482,250.2359924316,243.7570037842,249.5079956055,249.5079956055,28198500
2015-10-14,249.4929962158,254.2749938965,248.9029998779,251.9889984131,251.9889984131,27462600
2015-10-15,252.1069946289,255.9620056152,252.046005249,254.3200073242,254.3200073242,25223500
2015-10-16,254.296005249,266.1350097656,253.925994873,262.8689880371,262.8689880371,35901500
2015-10-17,262.7470092773,273.5780029297,262.3670043945,270.6400146484,270.6400146484,43199600
2015-10-18,270.9070129395,271.6679992676,260.7770080566,261.6430053711,261.6430053711,22434300
2015-10-19,261.8609924316,264.8200073242,260.9509887695,263.4370117188,263.4370117188,25258800
2015-10-20,263.5719909668,270.8349914551,263.2269897461,269.4630126953,269.4630126953,30889800
2015-10-21,269.3059997559,270.7699890137,263.8389892578,266.2720031738,266.2720031738,25637300
2015-10-22,266.4960021973,276.5100097656,266.1350097656,274.0230102539,274.0230102539,37808600
2015-10-23,273.6489868164,278.6839904785,273.5429992676,276.4960021973,276.4960021973,29442500
2015-10-24,276.5039978027,281.7059936523,276.5039978027,281.6539916992,281.6539916992,25942400
2015-10-25,281.4450073242,294.0589904785,281.4450073242,283.6799926758,283.6799926758,45717100
2015-10-26,283.6279907227,285.299987793,280.5100097656,285.299987793,285.299987793,32108800
2015-10-27,285.1809997559,296.2120056152,285.0079956055,293.7879943848,293.7879943848,46331800
2015-10-28,293.7030029297,306.3309936523,293.7030029297,304.6180114746,304.6180114746,50808100
2015-10-29,304.324005127,318.1700134277,301.8229980469,313.8550109863,313.8550109863,64495900
2015-10-30,313.9429931641,334.1690063477,313.9400024414,328.0150146484,328.0150146484,78305000
2015-10-31,328.5119934082,332.7770080566,309.2510070801,314.1659851074,314.1659851074,48598100
2015-11-01,315.0050048828,327.4719848633,311.8810119629,325.4309997559,325.4309997559,37001100
2015-11-02,325.941986084,365.3599853516,323.2090148926,361.1889953613,361.1889953613,101918000
2015-11-03,361.8729858398,417.8999938965,357.6470031738,403.4169921875,403.4169921875,206162000
2015-11-04,403.6640014648,495.5620117188,380.5480041504,411.5629882813,411.5629882813,263900000
2015-11-05,408.0769958496,447.5610046387,374.5809936523,386.3540039063,386.3540039063,151824992
2015-11-06,388.0469970703,395.8359985352,354.0249938965,374.4700012207,374.4700012207,122687000
2015-11-07,374.2690124512,390.5859985352,372.433013916,386.4819946289,386.4819946289,56625100
2015-11-08,384.2780151367,389.8949890137,368.700012207,373.3680114746,373.3680114746,51817600
2015-11-09,374.324005127,385.2780151367,362.8949890137,380.2569885254,380.2569885254,68224400
2015-11-10,379.9840087891,381.3869934082,329.108001709,336.8190002441,336.8190002441,95797904
2015-11-11,339.8200073242,340.5849914551,300.9970092773,311.0840148926,311.0840148926,107070000
2015-11-12,314.0790100098,345.0809936523,313.3559875488,338.1520080566,338.1520080566,78477800
2015-11-13,338.4979858398,340.9140014648,326.075012207,336.7529907227,336.7529907227,52003000
2015-11-14,336.6239929199,338.1809997559,329.9700012207,332.9060058594,332.9060058594,38612000
2015-11-15,333.050994873,334.6619873047,317.4899902344,320.1659851074,320.1659851074,44213100
2015-11-16,319.7349853516,331.6260070801,315.9049987793,330.7510070801,330.7510070801,47980100
2015-11-17,330.3619995117,338.3500061035,329.6140136719,335.0939941406,335.0939941406,51001600
2015-11-18,334.5929870605,336.5310058594,330.6400146484,334.5899963379,334.5899963379,43783800
2015-11-19,334.6789855957,335.3340148926,325.2730102539,326.1489868164,326.1489868164,45011100
2015-11-20,326.4110107422,326.4729919434,312.217010498,322.0220031738,322.0220031738,53152900
2015-11-21,322.092010498,328.158996582,319.5950012207,326.9270019531,326.9270019531,28200500
2015-11-22,326.9750061035,327.0100097656,321.2590026855,324.5360107422,324.5360107422,23439400
2015-11-23,324.3500061035,325.1180114746,321.2900085449,323.0459899902,323.0459899902,27478900
2015-11-24,323.0140075684,323.058013916,318.1180114746,320.0459899902,320.0459899902,29362600
2015-11-25,320.0450134277,329.1340026855,316.7699890137,328.2059936523,328.2059936523,41666900
2015-11-26,328.3030090332,366.7569885254,328.2290039063,352.6839904785,352.6839904785,106105000
2015-11-27,351.8609924316,363.5889892578,347.8699951172,358.0419921875,358.0419921875,55179100
2015-11-28,357.1409912109,359.5360107422,352.1719970703,357.3810119629,357.3810119629,36816600
2015-11-29,357.4719848633,371.9389953613,355.6659851074,371.2940063477,371.2940063477,40409300
2015-11-30,371.4370117188,382.3630065918,370.3829956055,377.3210144043,377.3210144043,71701600
2015-12-01,377.4140014648,378.9309997559,356.5629882813,362.4880065918,362.4880065918,60452200
2015-12-02,361.8450012207,362.2319946289,349.4649963379,359.1870117188,359.1870117188,54160500
2015-12-03,359.3309936523,370.2749938965,357.4119873047,361.0459899902,361.0459899902,50714900
2015-12-04,361.2619934082,363.5159912109,355.7569885254,363.183013916,363.183013916,35784100
2015-12-05,363.7210083008,389.7850036621,363.2290039063,388.949005127,388.949005127,66282200
2015-12-06,389.5549926758,402.8089904785,387.0889892578,388.782989502,388.782989502,77762000
2015-12-07,389.9779968262,399.9689941406,385.4110107422,395.5360107422,395.5360107422,63455800
2015-12-08,395.7539978027,415.5629882813,389.950012207,415.5629882813,415.5629882813,57801400
2015-12-09,414.4410095215,423.1199951172,406.2909851074,417.5629882813,417.5629882813,90917200
2015-12-10,417.9880065918,419.5090026855,411.5480041504,415.4790039063,415.4790039063,52138900
2015-12-11,415.2810058594,451.9379882813,415.2810058594,451.9379882813,451.9379882813,110944000
2015-12-12,452.3349914551,469.1029968262,410.7409973145,434.9970092773,434.9970092773,131969000
2015-12-13,431.6600036621,441.6799926758,426.2680053711,433.7550048828,433.7550048828,55050600
2015-12-14,433.2720031738,447.141998291,430.4559936523,444.1820068359,444.1820068359,130496000
2015-12-15,443.8779907227,465.3210144043,443.8779907227,465.3210144043,465.3210144043,83121104
2015-12-16,465.2080078125,465.2080078125,443.8510131836,454.9339904785,454.9339904785,107944000
2015-12-17,454.7770080566,457.8599853516,448.858001709,456.0780029297,456.0780029297,47978400
2015-12-18,455.8469848633,465.1770019531,454.9400024414,463.6159973145,463.6159973145,60220100
2015-12-19,463.5520019531,465.5809936523,456.7650146484,462.3219909668,462.3219909668,47892700
2015-12-20,462.2340087891,462.6449890137,434.3380126953,442.6849975586,442.6849975586,75409400
2015-12-21,442.8380126953,444.7290039063,427.3120117188,438.6390075684,438.6390075684,77639696
2015-12-22,437.4360046387,443.6879882813,435.5159912109,436.5719909668,436.5719909668,50840400
2015-12-23,436.7200012207,444.5289916992,436.6189880371,442.4010009766,442.4010009766,47161400
2015-12-24,443.091003418,458.4559936523,443.0769958496,454.9849853516,454.9849853516,57157200
2015-12-25,454.8550109863,458.3049926758,452.075012207,455.6530151367,455.6530151367,39078500
2015-12-26,455.7560119629,457.4890136719,405.7600097656,417.2739868164,417.2739868164,116166000
2015-12-27,416.5140075684,424.0069885254,408.8829956055,422.8229980469,422.8229980469,53591200
2015-12-28,423.3429870605,429.7690124512,418.4809875488,422.2789916992,422.2789916992,49638600
2015-12-29,422.0979919434,432.983001709,420.6270141602,432.983001709,432.983001709,51596500
2015-12-30,433.299987793,434.3869934082,422.0840148926,426.6199951172,426.6199951172,46889400
2015-12-31,425.875,432.9209899902,418.7349853516,430.566986084,430.566986084,45996600
2016-01-01,430.7210083008,436.2460021973,427.5150146484,434.3340148926,434.3340148926,36278900
2016-01-02,434.6220092773,436.0620117188,431.8699951172,433.4379882813,433.4379882813,30096600
2016-01-03,433.5780029297,433.7430114746,424.7059936523,430.0109863281,430.0109863281,39633800
2016-01-04,430.0610046387,434.516998291,429.0840148926,433.091003418,433.091003418,38477500
2016-01-05,433.0690002441,434.1820068359,429.675994873,431.9599914551,431.9599914551,34522600
2016-01-06,431.8559875488,431.8559875488,426.341003418,429.1050109863,429.1050109863,34042500
2016-01-07,430.0109863281,458.7659912109,429.0769958496,458.0480041504,458.0480041504,87562200
2016-01-08,457.5379943848,462.9339904785,447.9379882813,453.2300109863,453.2300109863,56993000
2016-01-09,453.3829956055,454.6400146484,446.8890075684,447.6109924316,447.6109924316,32278000
2016-01-10,448.2380065918,448.3089904785,440.3510131836,447.9909973145,447.9909973145,35995900
2016-01-11,448.6979980469,450.6619873047,443.8550109863,448.4280090332,448.4280090332,40450000
2016-01-12,448.1820068359,448.1820068359,435.6900024414,435.6900024414,435.6900024414,115607000
2016-01-13,434.6650085449,435.1860046387,424.4429931641,432.3710021973,432.3710021973,173888000
2016-01-14,432.2879943848,433.324005127,427.8450012207,430.3059997559,430.3059997559,43945500
2016-01-15,430.2550048828,430.2550048828,364.3309936523,364.3309936523,364.3309936523,153351008
2016-01-16,365.0729980469,390.5570068359,354.9140014648,387.5360107422,387.5360107422,120352000
2016-01-17,387.1520080566,390.9649963379,380.092010498,382.2990112305,382.2990112305,45319600
2016-01-18,381.733001709,388.1040039063,376.6650085449,387.1679992676,387.1679992676,54403900
2016-01-19,387.0260009766,387.7300109863,378.9719848633,380.1489868164,380.1489868164,46819800
2016-01-20,379.7399902344,425.266998291,376.5989990234,420.2300109863,420.2300109863,121720000
2016-01-21,419.6319885254,422.8770141602,406.299987793,410.2619934082,410.2619934082,68338000
2016-01-22,409.7510070801,410.4100036621,375.2820129395,382.4920043945,382.4920043945,91546600
2016-01-23,382.4339904785,394.5429992676,381.9809875488,387.4909973145,387.4909973145,56247400
2016-01-24,388.1019897461,405.4849853516,387.5100097656,402.9710083008,402.9710083008,54824800
2016-01-25,402.316986084,402.316986084,388.5539855957,391.7260131836,391.7260131836,59062400
2016-01-26,392.0020141602,397.7659912109,390.575012207,392.1530151367,392.1530151367,58147000
2016-01-27,392.4440002441,396.8429870605,391.7820129395,394.9719848633,394.9719848633,47424400
2016-01-28,395.1459960938,395.5020141602,379.7349853516,380.2890014648,380.2890014648,59247900
2016-01-29,380.108001709,384.3789978027,365.4519958496,379.4739990234,379.4739990234,86125296
2016-01-30,378.8649902344,380.9169921875,376.4909973145,378.2550048828,378.2550048828,30284400
2016-01-31,378.2929992676,380.3469848633,367.8349914551,368.766998291,368.766998291,37894300
2016-02-01,369.3500061035,378.0719909668,367.9570007324,373.0559997559,373.0559997559,51656700
2016-02-02,372.9200134277,375.8829956055,372.9200134277,374.4479980469,374.4479980469,40378700
2016-02-03,374.6459960938,374.950012207,368.0450134277,369.949005127,369.949005127,45933400
2016-02-04,370.1740112305,391.608001709,369.9930114746,389.5939941406,389.5939941406,69285504
2016-02-05,388.8980102539,391.0939941406,385.5719909668,386.5490112305,386.5490112305,43825000
2016-02-06,386.5889892578,386.6310119629,372.3869934082,376.5220031738,376.5220031738,49249300
2016-02-07,376.5140075684,380.8710021973,374.9030151367,376.6199951172,376.6199951172,37076300
2016-02-08,376.7569885254,379.8789978027,373.3340148926,373.4469909668,373.4469909668,47671100
2016-02-09,373.4230041504,377.2460021973,372.8980102539,376.0289916992,376.0289916992,55318500
2016-02-10,376.1459960938,385.483001709,375.782989502,381.6489868164,381.6489868164,85130896
2016-02-11,382.1140136719,383.1300048828,376.3989868164,379.6539916992,379.6539916992,74375600
2016-02-12,379.6860046387,384.9540100098,379.6000061035,384.2630004883,384.2630004883,67042800
2016-02-13,384.6409912109,391.8599853516,384.6409912109,391.8599853516,391.8599853516,61911700
2016-02-14,392.9320068359,407.2300109863,392.9320068359,407.2300109863,407.2300109863,74469800
2016-02-15,407.5679931641,410.3810119629,397.7489929199,400.1849975586,400.1849975586,74070496
2016-02-16,401.4320068359,408.9450073242,401.4320068359,407.4880065918,407.4880065918,73093104
2016-02-17,407.6560058594,421.1669921875,406.783996582,416.3219909668,416.3219909668,83193600
2016-02-18,416.5719909668,425.9960021973,415.6380004883,422.3729858398,422.3729858398,76752600
2016-02-19,422.7300109863,423.1040039063,417.6040039063,420.7850036621,420.7850036621,55711300
2016-02-20,421.6010131836,441.9840087891,421.6010131836,437.1640014648,437.1640014648,93992096
2016-02-21,437.7730102539,448.0459899902,429.0769958496,438.7980041504,438.7980041504,89820704
2016-02-22,438.9890136719,439.0450134277,432.9169921875,437.7479858398,437.7479858398,85385200
2016-02-23,438.2550048828,439.858001709,417.8210144043,420.7359924316,420.7359924316,85244896
2016-02-24,420.9559936523,425.549987793,413.9070129395,424.9549865723,424.9549865723,67743696
2016-02-25,425.0369873047,427.7189941406,420.4150085449,424.5440063477,424.5440063477,70798000
2016-02-26,424.6289978027,432.1520080566,421.6199951172,432.1520080566,432.1520080566,61486000
2016-02-27,432.8389892578,434.2309875488,428.1029968262,432.5190124512,432.5190124512,41893600
2016-02-28,432.5710144043,435.683013916,423.8200073242,433.5039978027,433.5039978027,53033400
2016-02-29,433.4379882813,441.5069885254,431.6929931641,437.6969909668,437.6969909668,60694700
2016-03-01,437.9169921875,439.6530151367,432.3190002441,435.1229858398,435.1229858398,74895800
2016-03-02,435.1310119629,435.9169921875,423.9890136719,423.9890136719,423.9890136719,74955296
2016-03-03,423.9119873047,425.3729858398,419.4110107422,421.6510009766,421.6510009766,100484000
2016-03-04,421.8359985352,425.1780090332,410.9389953613,410.9389953613,410.9389953613,90856096
2016-03-05,410.7810058594,411.2569885254,394.0350036621,400.5700073242,400.5700073242,135384992
2016-03-06,400.5249938965,411.9070129395,395.7780151367,407.7070007324,407.7070007324,91212496
2016-03-07,407.7569885254,415.9169921875,406.3089904785,414.3210144043,414.3210144043,85762400
2016-03-08,414.4649963379,416.2430114746,411.0939941406,413.9719848633,413.9719848633,70311696
2016-03-09,413.8940124512,416.0320129395,411.6059875488,414.8599853516,414.8599853516,70012304
2016-03-10,414.7439880371,417.5119934082,413.2510070801,417.1310119629,417.1310119629,81022896
2016-03-11,417.2380065918,423.925994873,417.0130004883,421.6900024414,421.6900024414,73969696
2016-03-12,421.6050109863,421.7950134277,410.0939941406,411.6239929199,411.6239929199,92712896
2016-03-13,411.6480102539,416.6040039063,411.641998291,414.0650024414,414.0650024414,74322800
2016-03-14,414.2009887695,416.6839904785,414.2009887695,416.4379882813,416.4379882813,95259400
2016-03-15,416.3880004883,418.1310119629,414.9849853516,416.8299865723,416.8299865723,66781700
2016-03-16,416.8880004883,417.6860046387,415.9119873047,417.0109863281,417.0109863281,65185800
2016-03-17,417.8890075684,420.9970092773,417.8890075684,420.6210021973,420.6210021973,83528600
2016-03-18,420.5469970703,420.5469970703,406.1369934082,409.5480041504,409.5480041504,104940000
2016-03-19,409.2650146484,410.9840087891,407.2300109863,410.4440002441,410.4440002441,58423000
2016-03-20,410.4010009766,414.625,410.4010009766,413.7550048828,413.7550048828,45947900
2016-03-21,413.4179992676,413.4179992676,410.3810119629,413.3070068359,413.3070068359,61655400
2016-03-22,413.1319885254,418.375,412.5310058594,418.0889892578,418.0889892578,66813300
2016-03-23,418.1610107422,419.2680053711,417.3640136719,418.0409851074,418.0409851074,61444200
2016-03-24,418.4240112305,418.6799926758,415.4859924316,416.3940124512,416.3940124512,68346704
2016-03-25,416.5079956055,418.0799865723,415.558013916,417.1770019531,417.1770019531,52560000
2016-03-26,417.3649902344,418.9869995117,416.2590026855,417.9450073242,417.9450073242,44650400
2016-03-27,418.1400146484,428.7969970703,417.7109985352,426.7650146484,426.7650146484,71229400
2016-03-28,426.5480041504,426.8569946289,423.2929992676,424.2309875488,424.2309875488,68522800
2016-03-29,424.3039855957,426.2030029297,412.6809997559,416.5159912109,416.5159912109,75411504
2016-03-30,416.8340148926,416.8340148926,412.4960021973,414.8160095215,414.8160095215,66034100
2016-03-31,415.2569885254,418.3689880371,415.2569885254,416.7290039063,416.7290039063,60215200
2016-04-01,416.7600097656,418.1730041504,415.8309936523,417.9599914551,417.9599914551,51235700
2016-04-02,418.4219970703,422.0809936523,418.4219970703,420.8729858398,420.8729858398,45681200
2016-04-03,421.1730041504,421.5799865723,419.6969909668,420.9039916992,420.9039916992,38053700
2016-04-04,421.2990112305,422.3429870605,419.6010131836,421.4440002441,421.4440002441,50634300
2016-04-05,421.016998291,424.2569885254,420.6140136719,424.0299987793,424.0299987793,60718000
2016-04-06,424.283996582,424.5270080566,422.7290039063,423.4129943848,423.4129943848,59091000
2016-04-07,423.6199951172,423.6570129395,420.5180053711,422.7449951172,422.7449951172,57858600
2016-04-08,422.9070129395,425.3609924316,419.6350097656,420.3489990234,420.3489990234,63454700
2016-04-09,420.8110046387,420.8909912109,416.5150146484,419.4110107422,419.4110107422,49792700
2016-04-10,419.592010498,422.4349975586,419.2569885254,421.5639953613,421.5639953613,73478600
2016-04-11,421.8720092773,422.7390136719,420.532989502,422.483001709,422.483001709,50747500
2016-04-12,422.8429870605,427.2770080566,422.8429870605,425.1900024414,425.1900024414,70728800
2016-04-13,425.6319885254,426.657989502,422.9159851074,423.7340087891,423.7340087891,69060400
2016-04-14,423.9349975586,425.3710021973,423.0130004883,424.2820129395,424.2820129395,45281000
2016-04-15,424.4270019531,429.9280090332,424.4270019531,429.7130126953,429.7130126953,54801500
2016-04-16,429.575012207,432.625,428.9840087891,430.5719909668,430.5719909668,39392800
2016-04-17,430.6359863281,431.3710021973,426.0790100098,427.3989868164,427.3989868164,52125900
2016-04-18,427.6109924316,429.2739868164,427.0859985352,428.591003418,428.591003418,55670900
2016-04-19,428.7030029297,436.0199890137,428.1040039063,435.5090026855,435.5090026855,52810500
2016-04-20,435.324005127,443.0539855957,434.4060058594,441.3890075684,441.3890075684,72890096
2016-04-21,441.4159851074,450.5480041504,440.9519958496,449.424987793,449.424987793,68204704
2016-04-22,449.6879882813,449.8099975586,444.1499938965,445.7369995117,445.7369995117,58804400
2016-04-23,445.8609924316,450.2820129395,444.3309936523,450.2820129395,450.2820129395,50485400
2016-04-24,450.5599975586,460.1459960938,448.9280090332,458.5549926758,458.5549926758,68198400
2016-04-25,459.1210021973,466.6199951172,453.592010498,461.425994873,461.425994873,87091800
2016-04-26,461.6480102539,467.9649963379,461.6210021973,466.0889892578,466.0889892578,78971904
2016-04-27,466.2619934082,467.0790100098,444.1340026855,444.6870117188,444.6870117188,93564896
2016-04-28,445.0379943848,449.550994873,436.6499938965,449.0109863281,449.0109863281,74064704
2016-04-29,449.407989502,455.3840026855,446.016998291,455.0969848633,455.0969848633,49258500
2016-04-30,455.1780090332,455.5870056152,447.6969909668,448.3179931641,448.3179931641,69322600
2016-05-01,448.4840087891,452.4790039063,447.9270019531,451.875,451.875,40660100
2016-05-02,451.933013916,452.4450073242,441.7760009766,444.6690063477,444.6690063477,92127000
2016-05-03,444.7269897461,451.0969848633,442.6170043945,450.3039855957,450.3039855957,59366400
2016-05-04,450.183013916,450.3779907227,445.6300048828,446.7219848633,446.7219848633,50407300
2016-05-05,446.7109985352,448.5060119629,445.8829956055,447.9760131836,447.9760131836,50440800
2016-05-06,447.941986084,461.375,447.0679931641,459.6029968262,459.6029968262,72796800
2016-05-07,459.6390075684,460.674987793,457.324005127,458.5360107422,458.5360107422,38364500
2016-05-08,458.4289855957,459.4169921875,455.983001709,458.5480041504,458.5480041504,40315000
2016-05-09,458.2059936523,462.4809875488,456.5310058594,460.483001709,460.483001709,55493100
2016-05-10,460.5180053711,461.9289855957,448.9540100098,450.8949890137,450.8949890137,58956100
2016-05-11,450.8640136719,454.5759887695,450.8640136719,452.7279968262,452.7279968262,50605200
2016-05-12,452.4469909668,454.949005127,449.25,454.7659912109,454.7659912109,59849300
2016-05-13,454.8500061035,457.0549926758,453.4530029297,455.6700134277,455.6700134277,60845000
2016-05-14,455.8229980469,456.8359985352,454.7860107422,455.6709899902,455.6709899902,37209000
2016-05-15,455.7590026855,458.691986084,455.4590148926,457.5679931641,457.5679931641,28514000
2016-05-16,457.5859985352,458.200012207,452.9450073242,454.1629943848,454.1629943848,59171500
2016-05-17,454.0090026855,455.0719909668,453.6050109863,453.782989502,453.782989502,64100300
2016-05-18,453.6910095215,455.9979858398,453.2990112305,454.6189880371,454.6189880371,86850096
2016-05-19,454.5239868164,454.6329956055,438.7149963379,438.7149963379,438.7149963379,96027400
2016-05-20,437.7929992676,444.0539855957,437.3890075684,442.675994873,442.675994873,81987904
2016-05-21,442.966003418,443.7780151367,441.7059936523,443.1879882813,443.1879882813,42762300
2016-05-22,443.2179870605,443.4270019531,439.0350036621,439.3229980469,439.3229980469,39657600
2016-05-23,439.3479919434,444.3450012207,438.8229980469,444.1549987793,444.1549987793,50582500
2016-05-24,444.2909851074,447.1000061035,443.9299926758,445.9809875488,445.9809875488,65783100
2016-05-25,446.0620117188,450.2980041504,446.0620117188,449.5989990234,449.5989990234,65231000
2016-05-26,449.6719970703,453.6440124512,447.8959960938,453.3840026855,453.3840026855,65203800
2016-05-27,453.5209960938,478.1489868164,453.5209960938,473.4639892578,473.4639892578,164780992
2016-05-28,473.0289916992,533.4730224609,472.699005127,530.0399780273,530.0399780273,181199008
2016-05-29,527.4769897461,553.9600219727,512.1790161133,526.2329711914,526.2329711914,148736992
2016-05-30,528.4710083008,544.3489990234,522.9630126953,533.8640136719,533.8640136719,87958704
2016-05-31,534.1909790039,546.617980957,520.6619873047,531.3859863281,531.3859863281,138450000
2016-06-01,531.1069946289,543.0800170898,525.6359863281,536.9199829102,536.9199829102,86061800
2016-06-02,536.5150146484,540.3519897461,533.0780029297,537.9719848633,537.9719848633,60378200
2016-06-03,537.6820068359,574.6380004883,536.9199829102,569.1939697266,569.1939697266,122020000
2016-06-04,569.7050170898,590.132019043,564.2379760742,572.7269897461,572.7269897461,94925296
2016-06-05,573.3079833984,582.8079833984,569.1779785156,574.9769897461,574.9769897461,68874096
2016-06-06,574.6019897461,586.4699707031,574.6019897461,585.5369873047,585.5369873047,72138896
2016-06-07,585.4450073242,590.258972168,567.5139770508,576.5969848633,576.5969848633,107770000
2016-06-08,577.1669921875,582.8389892578,573.1300048828,581.6450195313,581.6450195313,80265800
2016-06-09,582.2030029297,582.2030029297,570.9509887695,574.6300048828,574.6300048828,71301000
2016-06-10,575.8369750977,579.1270141602,573.325012207,577.4699707031,577.4699707031,66991900
2016-06-11,578.6740112305,607.116027832,578.6740112305,606.7269897461,606.7269897461,82357000
2016-06-12,609.6840209961,684.8439941406,607.0390014648,672.783996582,672.783996582,277084992
2016-06-13,671.6539916992,716.0040283203,664.4869995117,704.3759765625,704.3759765625,243295008
2016-06-14,704.5040283203,704.5040283203,662.8040161133,685.5590209961,685.5590209961,186694000
2016-06-15,685.6849975586,696.3029785156,672.5609741211,694.4689941406,694.4689941406,99223800
2016-06-16,696.5230102539,773.7219848633,696.5230102539,766.3079833984,766.3079833984,271633984
2016-06-17,768.4869995117,775.3560180664,716.5560302734,748.908996582,748.908996582,363320992
2016-06-18,748.7559814453,777.9899902344,733.9290161133,756.2269897461,756.2269897461,252718000
2016-06-19,756.6879882813,766.6209716797,745.6279907227,763.7810058594,763.7810058594,136184992
2016-06-20,763.9270019531,764.083984375,732.7269897461,737.2260131836,737.2260131836,174511008
2016-06-21,735.8829956055,735.8829956055,639.0700073242,666.6519775391,666.6519775391,309944000
2016-06-22,665.9149780273,678.6699829102,587.4829711914,596.116027832,596.116027832,266392992
2016-06-23,597.4429931641,629.3270263672,558.1389770508,623.9769897461,623.9769897461,253462000
2016-06-24,625.575012207,681.7269897461,625.2719726563,665.2990112305,665.2990112305,224316992
2016-06-25,665.2810058594,691.7310180664,646.5590209961,665.1229858398,665.1229858398,126656000
2016-06-26,665.9310302734,665.9799804688,616.9340209961,629.3670043945,629.3670043945,109225000
2016-06-27,629.3489990234,655.2750244141,620.5239868164,655.2750244141,655.2750244141,122134000
2016-06-28,658.1019897461,659.2479858398,637.7730102539,647.0009765625,647.0009765625,138384992
2016-06-29,644.1220092773,644.6820068359,628.283996582,639.8900146484,639.8900146484,142456000
2016-06-30,640.591003418,675.4030151367,636.6079711914,673.3369750977,673.3369750977,138980000
2016-07-01,672.5150146484,686.1539916992,669.5939941406,676.2960205078,676.2960205078,134431008
2016-07-02,676.7340087891,703.7020263672,676.3989868164,703.7020263672,703.7020263672,112354000
2016-07-03,704.9680175781,704.9680175781,649.008972168,658.6640014648,658.6640014648,129512000
2016-07-04,658.8040161133,683.6619873047,650.5079956055,683.6619873047,683.6619873047,92008400
2016-07-05,683.208984375,683.491027832,665.0659790039,670.6270141602,670.6270141602,130476000
2016-07-06,670.4180297852,681.8980102539,670.4180297852,677.3309936523,677.3309936523,134960992
2016-07-07,678.0900268555,682.4320068359,611.833984375,640.5620117188,640.5620117188,258091008
2016-07-08,640.6879882813,666.7069702148,636.4669799805,666.5230102539,666.5230102539,141970000
2016-07-09,666.383972168,666.383972168,633.3989868164,650.9600219727,650.9600219727,180536000
2016-07-10,650.5989990234,652.2940063477,641.2639770508,649.3599853516,649.3599853516,102532000
2016-07-11,648.4840087891,659.6290283203,644.9799804688,647.658996582,647.658996582,107910000
2016-07-12,648.2830200195,675.258972168,646.7789916992,664.5510253906,664.5510253906,138172992
2016-07-13,664.7969970703,668.700012207,654.4680175781,654.4680175781,654.4680175781,131449000
2016-07-14,652.9229736328,662.9019775391,652.9229736328,658.0780029297,658.0780029297,98511400
2016-07-15,659.1710205078,667.0770263672,659.0399780273,663.2550048828,663.2550048828,81673104
2016-07-16,663.7810058594,666.4600219727,659.333984375,660.7670288086,660.7670288086,50330200
2016-07-17,661.992980957,682.3649902344,661.992980957,679.458984375,679.458984375,74407904
2016-07-18,679.8090209961,681.5549926758,668.625,673.1060180664,673.1060180664,69465000
2016-07-19,672.7379760742,673.2769775391,667.632019043,672.8640136719,672.8640136719,61203300
2016-07-20,672.8060302734,672.9290161133,663.3599853516,665.6849975586,665.6849975586,94636400
2016-07-21,665.2280273438,666.2189941406,660.4149780273,665.0120239258,665.0120239258,60491800
2016-07-22,664.9219970703,666.5830078125,646.7219848633,650.6190185547,650.6190185547,134169000
2016-07-23,650.7260131836,656.366027832,648.5239868164,655.5560302734,655.5560302734,69532200
2016-07-24,655.4099731445,663.1099853516,652.7930297852,661.2849731445,661.2849731445,118184000
2016-07-25,661.2630004883,661.8280029297,653.3950195313,654.0969848633,654.0969848633,78176496
2016-07-26,654.2260131836,656.2249755859,645.8790283203,651.783996582,651.783996582,225135008
2016-07-27,651.6270141602,657.4559936523,648.4470214844,654.3519897461,654.3519897461,147460992
2016-07-28,654.4920043945,657.5949707031,654.4920043945,655.0349731445,655.0349731445,86428400
2016-07-29,655.1110229492,657.7960205078,654.7860107422,656.9920043945,656.9920043945,60703500
2016-07-30,657.0120239258,658.2230224609,654.208984375,655.0469970703,655.0469970703,38456100
2016-07-31,655.0999755859,655.2849731445,624.3649902344,624.6810302734,624.6810302734,110818000
2016-08-01,624.6019897461,626.1190185547,605.883972168,606.2719726563,606.2719726563,121887000
2016-08-02,606.3969726563,612.8480224609,531.333984375,547.4650268555,547.4650268555,330932992
2016-08-03,548.6560058594,573.3599853516,541.5469970703,566.3549804688,566.3549804688,207982000
2016-08-04,566.3289794922,579.4959716797,565.7769775391,578.2890014648,578.2890014648,125292000
2016-08-05,578.2810058594,578.2810058594,569.9819946289,575.0430297852,575.0430297852,66127900
2016-08-06,575.0300292969,588.3959960938,569.4689941406,587.7780151367,587.7780151367,80797296
2016-08-07,587.7709960938,597.5130004883,586.8159790039,592.6900024414,592.6900024414,82398400
2016-08-08,592.7360229492,592.9940185547,588.0469970703,591.0540161133,591.0540161133,61194100
2016-08-09,591.0380249023,591.091003418,584.7930297852,587.8010253906,587.8010253906,92228096
2016-08-10,587.6480102539,599.9840087891,586.3709716797,592.1030273438,592.1030273438,102905000
2016-08-11,592.1240234375,597.5419921875,589.1199951172,589.1199951172,589.1199951172,74514400
2016-08-12,588.7979736328,589.9099731445,583.8109741211,587.5590209961,587.5590209961,69218000
2016-08-13,587.3569946289,589.7739868164,584.9790039063,585.5880126953,585.5880126953,43563000
2016-08-14,585.5889892578,585.666015625,564.7810058594,570.4730224609,570.4730224609,60851100
2016-08-15,570.4940185547,573.5800170898,563.2399902344,567.2399902344,567.2399902344,57262300
2016-08-16,567.242980957,581.7379760742,566.716003418,577.4390258789,577.4390258789,58405200
2016-08-17,577.7609863281,580.8939819336,571.4299926758,573.216003418,573.216003418,54443000
2016-08-18,573.7069702148,577.7919921875,573.4299926758,574.3179931641,574.3179931641,59896600
2016-08-19,574.3389892578,578.2379760742,574.1820068359,575.6300048828,575.6300048828,50631600
2016-08-20,576.083984375,582.8179931641,575.4569702148,581.6970214844,581.6970214844,45301400
2016-08-21,581.9390258789,584.1580200195,580.2180175781,581.3079833984,581.3079833984,38299400
2016-08-22,581.3109741211,588.4479980469,580.5939941406,586.7529907227,586.7529907227,72844000
2016-08-23,586.7709960938,589.4739990234,581.633972168,583.4149780273,583.4149780273,85349200
2016-08-24,583.4119873047,583.5900268555,579.8549804688,580.1820068359,580.1820068359,56328200
2016-08-25,580.1799926758,580.4509887695,575.1669921875,577.7609863281,577.7609863281,136130000
2016-08-26,577.7529907227,580.6229858398,576.8579711914,579.6510009766,579.6510009766,48856800
2016-08-27,579.4520263672,579.8449707031,568.6300048828,569.9470214844,569.9470214844,59698300
2016-08-28,569.8300170898,574.0380249023,569.7399902344,573.9119873047,573.9119873047,86301600
2016-08-29,574.0709838867,576.2780151367,573.4650268555,574.1069946289,574.1069946289,110398000
2016-08-30,574.1140136719,578.3569946289,574.1140136719,577.5029907227,577.5029907227,70342400
2016-08-31,577.591003418,577.8610229492,573.6420288086,575.4719848633,575.4719848633,75840896
2016-09-01,575.5460205078,576.3109741211,571.8140258789,572.3029785156,572.3029785156,76923400
2016-09-02,572.4099731445,575.6430053711,570.8109741211,575.5369873047,575.5369873047,79910800
2016-09-03,575.5549926758,599.5,574.0560302734,598.2119750977,598.2119750977,159014000
2016-09-04,598.5900268555,611.8369750977,596.8480224609,608.633972168,608.633972168,97942896
2016-09-05,608.9899902344,609.0549926758,602.2420043945,606.5900268555,606.5900268555,82446800
2016-09-06,606.5059814453,610.8300170898,605.091003418,610.4359741211,610.4359741211,78529104
2016-09-07,610.5729980469,614.5449829102,608.5130004883,614.5440063477,614.5440063477,75032400
2016-09-08,614.6350097656,628.7700195313,613.8439941406,626.3159790039,626.3159790039,86713000
2016-09-09,626.3519897461,626.8300170898,620.2630004883,622.8610229492,622.8610229492,64550200
2016-09-10,622.9270019531,625.0949707031,622.3950195313,623.508972168,623.508972168,45016800
2016-09-11,623.4240112305,628.8179931641,600.5059814453,606.7189941406,606.7189941406,73610800
2016-09-12,607.0050048828,608.458984375,605.4110107422,608.242980957,608.242980957,72812304
2016-09-13,608.0250244141,611.1929931641,606.924987793,609.241027832,609.241027832,86920600
2016-09-14,608.841003418,611.9520263672,608.4099731445,610.6840209961,610.6840209961,47877700
2016-09-15,610.5880126953,611.0859985352,607.1550292969,607.1550292969,607.1550292969,59464600
2016-09-16,607.2459716797,609.2609863281,606.7349853516,606.9730224609,606.9730224609,64963400
2016-09-17,607.2180175781,607.8599853516,605.1920166016,605.9840087891,605.9840087891,37140300
2016-09-18,606.2830200195,610.1580200195,605.8560180664,609.8740234375,609.8740234375,48679400
2016-09-19,609.8709716797,610.9320068359,608.2700195313,609.2269897461,609.2269897461,54796400
2016-09-20,609.2540283203,609.5250244141,607.9379882813,608.3120117188,608.3120117188,72710896
2016-09-21,603.5880126953,603.5880126953,595.8829956055,597.1489868164,597.1489868164,82776200
2016-09-22,597.2789916992,598.4869995117,596.2130126953,596.2979736328,596.2979736328,67085300
2016-09-23,596.1989746094,603.2050170898,595.7860107422,602.8419799805,602.8419799805,51067000
2016-09-24,602.9609985352,604.5800170898,602.0449829102,602.625,602.625,35359500
2016-09-25,602.7490234375,603.3809814453,599.7109985352,600.8259887695,600.8259887695,33977800
2016-09-26,600.8070068359,608.1430053711,600.3489990234,608.0430297852,608.0430297852,59153800
2016-09-27,608.0219726563,608.2479858398,604.1099853516,606.166015625,606.166015625,49422400
2016-09-28,606.242980957,606.5900268555,604.6069946289,604.7280273438,604.7280273438,48722600
2016-09-29,605.0189819336,606.8239746094,604.8480224609,605.6929931641,605.6929931641,55658600
2016-09-30,605.7150268555,609.7349853516,604.1420288086,609.7349853516,609.7349853516,56122400
2016-10-01,609.9290161133,615.2369995117,609.9290161133,613.9829711914,613.9829711914,56357000
2016-10-02,613.9479980469,614.0050048828,609.6820068359,610.8920288086,610.8920288086,39249800
2016-10-03,610.9680175781,612.5679931641,610.4550170898,612.1329956055,612.1329956055,46798300
2016-10-04,612.0520019531,612.0540161133,609.4790039063,610.2039794922,610.2039794922,49801600
2016-10-05,610.2180175781,613.8140258789,609.6170043945,612.5109863281,612.5109863281,68077504
2016-10-06,612.4699707031,613.8189697266,611.4689941406,613.0209960938,613.0209960938,56812100
2016-10-07,612.6079711914,617.9119873047,611.8209838867,617.1209716797,617.1209716797,64071400
2016-10-08,617.341003418,619.8489990234,617.341003418,619.1079711914,619.1079711914,42345900
2016-10-09,619.1719970703,619.1979980469,616.6069946289,616.7520141602,616.7520141602,39243400
2016-10-10,616.8220214844,621.3179931641,616.1970214844,618.9940185547,618.9940185547,67481104
2016-10-11,619.2379760742,642.0800170898,618.5,641.0720214844,641.0720214844,103590000
2016-10-12,640.8709716797,641.3369750977,635.9650268555,636.1920166016,636.1920166016,92370200
2016-10-13,636.0300292969,638.8330078125,635.0289916992,636.7860107422,636.7860107422,61620700
2016-10-14,637.0079956055,641.2849731445,637.0079956055,640.3779907227,640.3779907227,58144600
2016-10-15,640.3109741211,642.1019897461,637.3900146484,638.6459960938,638.6459960938,39035400
2016-10-16,639.0830078125,642.8980102539,638.9010009766,641.6309814453,641.6309814453,40298100
2016-10-17,641.8179931641,642.3280029297,638.6630249023,639.1929931641,639.1929931641,58063600
2016-10-18,639.4110107422,640.7360229492,635.9959716797,637.9600219727,637.9600219727,65546700
2016-10-19,638.133972168,638.8740234375,628.0130004883,630.5200195313,630.5200195313,69381696
2016-10-20,630.6630249023,631.9169921875,628.2579956055,630.8569946289,630.8569946289,56957300
2016-10-21,630.825012207,634.0939941406,630.6939697266,632.8280029297,632.8280029297,55951000
2016-10-22,633.1359863281,658.1970214844,632.8499755859,657.2940063477,657.2940063477,78556496
2016-10-23,657.6209716797,661.1290283203,653.8859863281,657.0709838867,657.0709838867,54474600
2016-10-24,657.1610107422,657.2520141602,652.5949707031,653.7609863281,653.7609863281,62218200
2016-10-25,654.0020141602,664.4240112305,653.6979980469,657.5880126953,657.5880126953,90378800
2016-10-26,657.6779785156,679.7280273438,657.6779785156,678.3040161133,678.3040161133,88877104
2016-10-27,678.2139892578,688.5939941406,678.0399780273,688.3129882813,688.3129882813,96105296
2016-10-28,688.0,690.4439697266,684.1619873047,689.6510009766,689.6510009766,81145504
2016-10-29,690.2890014648,720.4019775391,690.0520019531,714.4790039063,714.4790039063,134760992
2016-10-30,714.117980957,714.117980957,696.4749755859,701.8640136719,701.8640136719,100665000
2016-10-31,702.6400146484,709.2890014648,691.6820068359,700.9719848633,700.9719848633,97064400
2016-11-01,701.3369750977,736.4520263672,701.3369750977,729.7930297852,729.7930297852,130527000
2016-11-02,730.0659790039,740.8289794922,722.3489990234,740.8289794922,740.8289794922,84865200
2016-11-03,742.3460083008,745.7730102539,678.1560058594,688.700012207,688.700012207,172808000
2016-11-04,689.1240234375,706.9299926758,685.5629882813,703.2349853516,703.2349853516,99907696
2016-11-05,703.5250244141,707.5100097656,697.7390136719,703.4180297852,703.4180297852,53752300
2016-11-06,703.8120117188,714.2579956055,699.5599975586,711.5219726563,711.5219726563,59902200
2016-11-07,710.7360229492,710.7360229492,699.9030151367,703.1309814453,703.1309814453,65047100
2016-11-08,703.0889892578,712.9869995117,702.3900146484,709.8480224609,709.8480224609,79660800
2016-11-09,709.825012207,740.0460205078,708.6099853516,723.2730102539,723.2730102539,132429000
2016-11-10,722.8439941406,723.0180053711,711.2100219727,715.533996582,715.533996582,68807800
2016-11-11,715.5549926758,718.3179931641,714.4099731445,716.4110107422,716.4110107422,63119700
2016-11-12,716.7520141602,717.1480102539,704.0349731445,705.0540161133,705.0540161133,64622500
2016-11-13,705.1959838867,705.257019043,687.3150024414,702.0310058594,702.0310058594,80318096
2016-11-14,701.9970092773,706.283996582,699.8079833984,705.0209960938,705.0209960938,62993000
2016-11-15,705.7940063477,715.7180175781,705.2600097656,711.6190185547,711.6190185547,72038496
2016-11-16,711.1669921875,747.6149902344,709.0390014648,744.1979980469,744.1979980469,141294000
2016-11-17,744.8759765625,755.6450195313,739.5109863281,740.9769897461,740.9769897461,108579000
2016-11-18,740.7050170898,752.882019043,736.8900146484,751.5850219727,751.5850219727,87363104
2016-11-19,751.8330078125,756.2369995117,744.4669799805,751.616027832,751.616027832,110608000
2016-11-20,751.8790283203,755.4799804688,717.9439697266,731.0260009766,731.0260009766,154116000
2016-11-21,731.2650146484,741.7219848633,730.5100097656,739.2479858398,739.2479858398,60802400
2016-11-22,739.6430053711,753.8699951172,736.5269775391,751.3469848633,751.3469848633,129906000
2016-11-23,751.741027832,752.25,738.9240112305,744.5939941406,744.5939941406,76543800
2016-11-24,744.6199951172,746.8319702148,733.4899902344,740.2890014648,740.2890014648,85919296
2016-11-25,740.4420166016,741.6489868164,734.591003418,741.6489868164,741.6489868164,67807600
2016-11-26,741.5109863281,742.2139892578,729.625,735.382019043,735.382019043,54962700
2016-11-27,735.4370117188,739.0180053711,731.0850219727,732.0349731445,732.0349731445,52601800
2016-11-28,732.4840087891,738.0059814453,732.4840087891,735.8129882813,735.8129882813,61888600
2016-11-29,736.3289794922,737.4710083008,734.5590209961,735.6040039063,735.6040039063,68511104
2016-11-30,736.283996582,747.9290161133,736.2650146484,745.6909790039,745.6909790039,84070800
2016-12-01,746.0460205078,758.2750244141,746.0460205078,756.7739868164,756.7739868164,80461904
2016-12-02,757.5449829102,781.2960205078,757.5449829102,777.9439697266,777.9439697266,127605000
2016-12-03,778.2479858398,778.2479858398,764.8560180664,771.1550292969,771.1550292969,69547296
2016-12-04,771.6380004883,773.8720092773,768.1610107422,773.8720092773,773.8720092773,60557900
2016-12-05,773.3939819336,773.4680175781,751.7130126953,758.700012207,758.700012207,106363000
2016-12-06,758.7199707031,765.6220092773,758.7199707031,764.2239990234,764.2239990234,116218000
2016-12-07,764.2109985352,771.5430297852,759.75,768.132019043,768.132019043,96426096
2016-12-08,768.0759887695,774.6979980469,765.9459838867,770.8099975586,770.8099975586,80111904
2016-12-09,769.9439697266,774.5280151367,769.6489868164,772.7940063477,772.7940063477,68705296
2016-12-10,773.0230102539,777.0919799805,772.9099731445,774.6500244141,774.6500244141,53843100
2016-12-11,774.7520141602,774.7979736328,765.4119873047,769.7310180664,769.7310180664,57313400
2016-12-12,770.0399780273,781.9219970703,770.0399780273,780.0869750977,780.0869750977,76571000
2016-12-13,780.6469726563,788.4600219727,777.9619750977,780.5560302734,780.5560302734,81645600
2016-12-14,780.0050048828,782.033996582,776.8389892578,781.4810180664,781.4810180664,75979000
2016-12-15,780.0700073242,781.4349975586,777.8020019531,778.0880126953,778.0880126953,81580096
2016-12-16,778.9630126953,785.0319824219,778.9630126953,784.9069824219,784.9069824219,83608200
2016-12-17,785.166015625,792.508972168,784.8640136719,790.8289794922,790.8289794922,78989800
2016-12-18,791.0079956055,794.7369995117,788.0260009766,790.5300292969,790.5300292969,60524400
2016-12-19,790.6920166016,793.6110229492,790.3200073242,792.7139892578,792.7139892578,74886400
2016-12-20,792.2470092773,801.3369750977,791.4970092773,800.8759765625,800.8759765625,99629296
2016-12-21,800.6439819336,834.2810058594,799.4050292969,834.2810058594,834.2810058594,155576000
2016-12-22,834.1799926758,875.7819824219,834.1489868164,864.5399780273,864.5399780273,200027008
2016-12-23,864.8880004883,925.1170043945,864.6770019531,921.9840087891,921.9840087891,275564000
2016-12-24,922.1799926758,923.4790039063,886.3350219727,898.8220214844,898.8220214844,137727008
2016-12-25,899.6519775391,899.6519775391,862.4240112305,896.1829833984,896.1829833984,143664992
2016-12-26,896.9050292969,913.1840209961,896.8980102539,907.6099853516,907.6099853516,123771000
2016-12-27,908.3540039063,940.0479736328,904.2550048828,933.1979980469,933.1979980469,167308000
2016-12-28,934.8309936523,975.9210205078,934.8309936523,975.9210205078,975.9210205078,236630000
2016-12-29,975.125,979.3969726563,954.5029907227,973.4970092773,973.4970092773,199320000
2016-12-30,972.5349731445,972.5349731445,934.8330078125,961.2379760742,961.2379760742,187474000
2016-12-31,960.6270141602,963.742980957,947.2360229492,963.742980957,963.742980957,99135104
2017-01-01,963.6580200195,1003.0800170898,958.6989746094,998.325012207,998.325012207,147775008
2017-01-02,998.6170043945,1031.3900146484,996.7020263672,1021.75,1021.75,222184992
2017-01-03,1021.5999755859,1044.0799560547,1021.5999755859,1043.8399658203,1043.8399658203,185168000
2017-01-04,1044.4000244141,1159.4200439453,1044.4000244141,1154.7299804688,1154.7299804688,344945984
2017-01-05,1156.7299804688,1191.0999755859,910.4169921875,1013.3800048828,1013.3800048828,510199008
2017-01-06,1014.2399902344,1046.8100585938,883.9439697266,902.2009887695,902.2009887695,351876000
2017-01-07,903.4869995117,908.5850219727,823.5560302734,908.5850219727,908.5850219727,279550016
2017-01-08,908.174987793,942.7239990234,887.2490234375,911.1989746094,911.1989746094,158715008
2017-01-09,913.2440185547,913.6859741211,879.8070068359,902.8280029297,902.8280029297,141876992
2017-01-10,902.4400024414,914.8729858398,901.0599975586,907.6790161133,907.6790161133,115808000
2017-01-11,908.1149902344,919.4479980469,762.7650146484,777.757019043,777.757019043,310928992
2017-01-12,775.1779785156,826.2459716797,755.7559814453,804.833984375,804.833984375,222326000
2017-01-13,803.7369995117,829.0009765625,780.0029907227,823.9840087891,823.9840087891,168968000
2017-01-14,825.1420288086,835.0850219727,812.4559936523,818.4119873047,818.4119873047,93063296
2017-01-15,818.1420288086,823.3070068359,812.8709716797,821.7979736328,821.7979736328,71013600
2017-01-16,821.7830200195,834.5300292969,820.2709960938,831.533996582,831.533996582,82755200
2017-01-17,830.9459838867,910.5609741211,830.7960205078,907.9379882813,907.9379882813,155095008
2017-01-18,909.3729858398,917.4990234375,858.3040161133,886.617980957,886.617980957,225676992
2017-01-19,888.3350219727,904.6140136719,884.3380126953,899.0729980469,899.0729980469,105625000
2017-01-20,898.1719970703,899.3980102539,887.0079956055,895.0260009766,895.0260009766,86728400
2017-01-21,895.5490112305,927.3670043945,895.5349731445,921.7890014648,921.7890014648,111158000
2017-01-22,922.2050170898,937.5250244141,897.5640258789,924.6729736328,924.6729736328,116573000
2017-01-23,925.4990234375,928.2659912109,916.7379760742,921.0120239258,921.0120239258,73588600
2017-01-24,910.6770019531,924.1450195313,892.2860107422,892.6870117188,892.6870117188,111349000
2017-01-25,891.9240112305,903.2520141602,891.6870117188,901.5419921875,901.5419921875,120831000
2017-01-26,902.3950195313,919.3259887695,902.2239990234,917.5859985352,917.5859985352,131958000
2017-01-27,918.3590087891,923.2230224609,915.8460083008,919.75,919.75,125594000
2017-01-28,919.8109741211,923.9110107422,919.8109741211,921.5900268555,921.5900268555,68979600
2017-01-29,922.0670166016,923.4180297852,919.1480102539,919.4959716797,919.4959716797,60851700
2017-01-30,920.1510009766,923.0479736328,919.4739990234,920.382019043,920.382019043,78227296
2017-01-31,920.958984375,972.0189819336,920.958984375,970.4030151367,970.4030151367,164582000
2017-02-01,970.9409790039,989.1140136719,970.7420043945,989.0230102539,989.0230102539,150110000
2017-02-02,990.0009765625,1013.5200195313,983.2210083008,1011.799987793,1011.799987793,145820992
2017-02-03,1011.4600219727,1033.8699951172,1008.7899780273,1029.9100341797,1029.9100341797,201278000
2017-02-04,1031.3299560547,1045.9000244141,1015.1599731445,1042.9000244141,1042.9000244141,155064000
2017-02-05,1043.5200195313,1043.6300048828,1022.3699951172,1027.3399658203,1027.3399658203,114208000
2017-02-06,1028.4000244141,1044.6400146484,1028.1600341797,1038.1500244141,1038.1500244141,111762000
2017-02-07,1040.1400146484,1061.9300537109,1040.1400146484,1061.3499755859,1061.3499755859,146007008
2017-02-08,1062.3199462891,1078.9699707031,1037.4899902344,1063.0699462891,1063.0699462891,201855008
2017-02-09,1064.6999511719,1088.9899902344,953.3439941406,994.3829956055,994.3829956055,407220000
2017-02-10,995.632019043,998.9050292969,946.6909790039,988.6740112305,988.6740112305,190452000
2017-02-11,988.8980102539,1009.2899780273,982.8300170898,1004.450012207,1004.450012207,102261000
2017-02-12,1003.5200195313,1004.7600097656,996.9210205078,999.1810302734,999.1810302734,67530000
2017-02-13,998.8850097656,1002.0999755859,976.0020141602,990.6420288086,990.6420288086,100607000
2017-02-14,991.7349853516,1011.5100097656,986.4710083008,1004.549987793,1004.549987793,137946000
2017-02-15,1006.2100219727,1008.8400268555,1001.5800170898,1007.4799804688,1007.4799804688,89759400
2017-02-16,1007.6500244141,1033.3699951172,1007.6500244141,1027.4399414063,1027.4399414063,122277000
2017-02-17,1026.1199951172,1053.1700439453,1025.6400146484,1046.2099609375,1046.2099609375,136474000
2017-02-18,1049.2099609375,1061.0999755859,1046.9599609375,1054.4200439453,1054.4200439453,99073504
2017-02-19,1054.7600097656,1056.8100585938,1043.4599609375,1047.8699951172,1047.8699951172,77423296
2017-02-20,1048.6899414063,1080.4899902344,1041.6899414063,1079.9799804688,1079.9799804688,109478000
2017-02-21,1079.2800292969,1117.25,1076.9300537109,1115.3000488281,1115.3000488281,186868992
2017-02-22,1114.8000488281,1125.3900146484,1100.5500488281,1117.4399414063,1117.4399414063,136100000
2017-02-23,1117.2700195313,1176.6199951172,1116.9599609375,1166.7199707031,1166.7199707031,189454000
2017-02-24,1172.7099609375,1200.3900146484,1131.9599609375,1173.6800537109,1173.6800537109,330759008
2017-02-25,1170.4100341797,1174.8499755859,1124.5899658203,1143.8399658203,1143.8399658203,139960992
2017-02-26,1144.2700195313,1167.4699707031,1130.1999511719,1165.1999511719,1165.1999511719,116486000
2017-02-27,1163.7800292969,1181.9799804688,1163.3800048828,1179.9699707031,1179.9699707031,131570000
2017-02-28,1180.7199707031,1193.25,1171.8199462891,1179.9699707031,1179.9699707031,184956000
2017-03-01,1180.0400390625,1222.5,1179.6899414063,1222.5,1222.5,229056992
2017-03-02,1224.6800537109,1262.1300048828,1215.6199951172,1251.0100097656,1251.0100097656,368275008
2017-03-03,1250.7099609375,1280.3100585938,1250.7099609375,1274.9899902344,1274.9899902344,315739008
2017-03-04,1277.4300537109,1279.4000244141,1230.5100097656,1255.1500244141,1255.1500244141,183270000
2017-03-05,1254.2900390625,1267.2900390625,1238.0600585938,1267.1199951172,1267.1199951172,134127000
2017-03-06,1267.4699707031,1276.0,1264.5999755859,1272.8299560547,1272.8299560547,153656992
2017-03-07,1273.2099609375,1275.5500488281,1204.8000488281,1223.5400390625,1223.5400390625,291256000
2017-03-08,1223.2299804688,1232.1600341797,1148.0799560547,1150.0,1150.0,332603008
2017-03-09,1150.3499755859,1197.4599609375,1141.2299804688,1188.4899902344,1188.4899902344,212283008
2017-03-10,1189.3599853516,1270.4699707031,1077.25,1116.7199707031,1116.7199707031,563795968
2017-03-11,1116.3199462891,1193.8299560547,1116.3199462891,1175.8299560547,1175.8299560547,283320000
2017-03-12,1176.6199951172,1226.9799804688,1175.3599853516,1221.3800048828,1221.3800048828,227176000
2017-03-13,1221.7800292969,1237.3699951172,1217.0300292969,1231.9200439453,1231.9200439453,380276992
2017-03-14,1232.1600341797,1244.8100585938,1220.7199707031,1240.0,1240.0,245306000
2017-03-15,1240.1600341797,1251.6099853516,1239.75,1249.6099853516,1249.6099853516,297804992
2017-03-16,1251.3299560547,1257.9799804688,1152.4399414063,1187.8100585938,1187.8100585938,638568000
2017-03-17,1180.1600341797,1180.1600341797,1099.5699462891,1100.2299804688,1100.2299804688,706598976
2017-03-18,1099.6899414063,1114.0699462891,957.6550292969,973.8179931641,973.8179931641,621302016
2017-03-19,976.7299804688,1069.9100341797,976.7299804688,1036.7399902344,1036.7399902344,406648000
2017-03-20,1037.2399902344,1063.0300292969,1036.6800537109,1054.2299804688,1054.2299804688,286529984
2017-03-21,1055.3599853516,1122.4300537109,1055.3599853516,1120.5400390625,1120.5400390625,337391008
2017-03-22,1120.6500244141,1120.6500244141,1014.2100219727,1049.1400146484,1049.1400146484,380840992
2017-03-23,1050.0500488281,1058.0100097656,1028.9300537109,1038.5899658203,1038.5899658203,248540000
2017-03-24,1038.4499511719,1040.4699707031,934.3579711914,937.5200195313,937.5200195313,491038016
2017-03-25,936.5399780273,975.7609863281,903.7130126953,972.7789916992,972.7789916992,435803008
2017-03-26,974.0150146484,1007.9600219727,954.1859741211,966.7249755859,966.7249755859,303668000
2017-03-27,972.0549926758,1046.4000244141,971.9840087891,1045.7700195313,1045.7700195313,372535008
2017-03-28,1044.5799560547,1064.6500244141,1027.7299804688,1047.1500244141,1047.1500244141,326332000
2017-03-29,1046.0799560547,1055.1300048828,1015.8800048828,1039.9699707031,1039.9699707031,298457984
2017-03-30,1042.2099609375,1049.2900390625,1020.0399780273,1026.4300537109,1026.4300537109,352968992
2017-03-31,1026.6400146484,1074.9200439453,1026.6400146484,1071.7900390625,1071.7900390625,447287008
2017-04-01,1071.7099609375,1091.7199707031,1061.0899658203,1080.5,1080.5,289633984
2017-04-02,1080.6099853516,1107.5899658203,1075.4499511719,1102.1700439453,1102.1700439453,514187008
2017-04-03,1102.9499511719,1151.7399902344,1102.9499511719,1143.8100585938,1143.8100585938,580444032
2017-04-04,1145.5200195313,1156.4399414063,1120.5200195313,1133.25,1133.25,436310016
2017-04-05,1134.1400146484,1135.0899658203,1113.6300048828,1124.7800292969,1124.7800292969,414784000
2017-04-06,1125.8100585938,1188.3699951172,1125.8100585938,1182.6800537109,1182.6800537109,511222016
2017-04-07,1178.9399414063,1186.5799560547,1163.3900146484,1176.9000244141,1176.9000244141,317022016
2017-04-08,1172.6500244141,1184.9799804688,1162.5799560547,1175.9499511719,1175.9499511719,209312000
2017-04-09,1176.5699462891,1197.2099609375,1171.8599853516,1187.8699951172,1187.8699951172,242343008
2017-04-10,1187.3000488281,1190.3399658203,1179.0400390625,1187.1300048828,1187.1300048828,215883008
2017-04-11,1187.4599609375,1208.0699462891,1187.4599609375,1205.0100097656,1205.0100097656,216182000
2017-04-12,1204.8100585938,1207.1400146484,1196.7600097656,1200.3699951172,1200.3699951172,288702016
2017-04-13,1201.0200195313,1205.8900146484,1156.4399414063,1169.2800292969,1169.2800292969,351968992
2017-04-14,1170.3299560547,1190.8000488281,1159.7900390625,1167.5400390625,1167.5400390625,254827008
2017-04-15,1167.3000488281,1188.0,1164.9599609375,1172.5200195313,1172.5200195313,203559008
2017-04-16,1172.6099853516,1187.2199707031,1172.6099853516,1182.9399414063,1182.9399414063,183231008
2017-04-17,1183.25,1194.9000244141,1172.6500244141,1193.9100341797,1193.9100341797,253206000
2017-04-18,1193.7700195313,1217.5699462891,1193.7700195313,1211.6700439453,1211.6700439453,270524000
2017-04-19,1212.1300048828,1215.5100097656,1205.0799560547,1210.2900390625,1210.2900390625,288060992
2017-04-20,1211.0799560547,1240.7900390625,1208.4100341797,1229.0799560547,1229.0799560547,315108000
2017-04-21,1229.4200439453,1235.9399414063,1215.5600585938,1222.0500488281,1222.0500488281,272167008
2017-04-22,1222.7099609375,1235.5600585938,1208.4699707031,1231.7099609375,1231.7099609375,249320000
2017-04-23,1231.9200439453,1232.1999511719,1203.9399414063,1207.2099609375,1207.2099609375,258951008
2017-04-24,1209.6300048828,1250.9399414063,1209.6300048828,1250.1500244141,1250.1500244141,235806000
2017-04-25,1250.4499511719,1267.5799560547,1249.9699707031,1265.4899902344,1265.4899902344,242556000
2017-04-26,1265.9899902344,1294.8299560547,1265.9300537109,1281.0799560547,1281.0799560547,329631008
2017-04-27,1281.8800048828,1319.6999511719,1281.3000488281,1317.7299804688,1317.7299804688,449196992
2017-04-28,1317.7399902344,1331.2800292969,1292.3699951172,1316.4799804688,1316.4799804688,527488992
2017-04-29,1317.8399658203,1327.1999511719,1315.2099609375,1321.7900390625,1321.7900390625,422705984
2017-04-30,1321.8699951172,1347.9100341797,1314.9200439453,1347.8900146484,1347.8900146484,413115008
2017-05-01,1348.3000488281,1434.3199462891,1348.3000488281,1421.5999755859,1421.5999755859,713624000
2017-05-02,1421.0300292969,1473.9000244141,1415.6899414063,1452.8199462891,1452.8199462891,477337984
2017-05-03,1453.7800292969,1492.7700195313,1447.4899902344,1490.0899658203,1490.0899658203,583795968
2017-05-04,1490.7199707031,1608.9100341797,1490.7199707031,1537.6700439453,1537.6700439453,933548992
2017-05-05,1540.8699951172,1618.0300292969,1530.3100585938,1555.4499511719,1555.4499511719,946035968
2017-05-06,1556.8100585938,1578.8000488281,1542.5,1578.8000488281,1578.8000488281,582529984
2017-05-07,1579.4699707031,1596.7199707031,1559.7600097656,1596.7099609375,1596.7099609375,1080029952
2017-05-08,1596.9200439453,1723.3499755859,1596.9200439453,1723.3499755859,1723.3499755859,1340320000
2017-05-09,1723.8900146484,1833.4899902344,1716.3000488281,1755.3599853516,1755.3599853516,1167920000
2017-05-10,1756.5200195313,1788.4399414063,1719.0999755859,1787.1300048828,1787.1300048828,915723008
2017-05-11,1780.3699951172,1873.9300537109,1755.3499755859,1848.5699462891,1848.5699462891,799489984
2017-05-12,1845.7600097656,1856.1500244141,1694.0100097656,1724.2399902344,1724.2399902344,740984000
2017-05-13,1723.1199951172,1812.9899902344,1651.0799560547,1804.9100341797,1804.9100341797,579635008
2017-05-14,1800.8599853516,1831.4200439453,1776.6199951172,1808.9100341797,1808.9100341797,437196000
2017-05-15,1808.4399414063,1812.8000488281,1708.5400390625,1738.4300537109,1738.4300537109,731529024
2017-05-16,1741.6999511719,1785.9399414063,1686.5400390625,1734.4499511719,1734.4499511719,959044992
2017-05-17,1726.7299804688,1864.0500488281,1661.9100341797,1839.0899658203,1839.0899658203,1064729984
2017-05-18,1818.6999511719,1904.4799804688,1807.1199951172,1888.6500244141,1888.6500244141,894321024
2017-05-19,1897.3699951172,2004.5200195313,1890.25,1987.7099609375,1987.7099609375,1157289984
2017-05-20,1984.2399902344,2084.7299804688,1974.9200439453,2084.7299804688,2084.7299804688,961336000
2017-05-21,2067.0300292969,2119.080078125,2037.5,2041.1999511719,2041.1999511719,1147859968
2017-05-22,2043.1899414063,2303.8999023438,2017.8699951172,2173.3999023438,2173.3999023438,1942220032
2017-05-23,2191.5600585938,2320.8200683594,2178.5,2320.419921875,2320.419921875,1378749952
2017-05-24,2321.3701171875,2523.7199707031,2321.3701171875,2443.6398925781,2443.6398925781,1725379968
2017-05-25,2446.2399902344,2763.7099609375,2285.3000488281,2304.9799804688,2304.9799804688,2406700032
2017-05-26,2320.8898925781,2573.7900390625,2071.9899902344,2202.419921875,2202.419921875,1763480064
2017-05-27,2196.2700195313,2260.1999511719,1855.8299560547,2038.8699951172,2038.8699951172,1700480000
2017-05-28,2054.080078125,2267.3400878906,2054.080078125,2155.8000488281,2155.8000488281,1147139968
2017-05-29,2159.4299316406,2307.0500488281,2107.169921875,2255.6101074219,2255.6101074219,994625024
2017-05-30,2255.3601074219,2301.9599609375,2124.5700683594,2175.4699707031,2175.4699707031,1443970048
2017-05-31,2187.1899414063,2311.080078125,2145.5700683594,2286.4099121094,2286.4099121094,1544829952
2017-06-01,2288.330078125,2448.3898925781,2288.330078125,2407.8798828125,2407.8798828125,1653180032
2017-06-02,2404.0300292969,2488.5500488281,2373.3200683594,2488.5500488281,2488.5500488281,1317030016
2017-06-03,2493.7199707031,2581.9099121094,2423.5700683594,2515.3500976563,2515.3500976563,1514950016
2017-06-04,2547.7900390625,2585.8898925781,2452.5400390625,2511.8100585938,2511.8100585938,1355120000
2017-06-05,2512.3999023438,2686.8100585938,2510.2199707031,2686.8100585938,2686.8100585938,1369309952
2017-06-06,2690.8400878906,2999.9099121094,2690.8400878906,2863.1999511719,2863.1999511719,2089609984
2017-06-07,2869.3798828125,2869.3798828125,2700.5600585938,2732.1599121094,2732.1599121094,1517709952
2017-06-08,2720.4899902344,2815.3000488281,2670.9499511719,2805.6201171875,2805.6201171875,1281170048
2017-06-09,2807.4399414063,2901.7099609375,2795.6201171875,2823.8100585938,2823.8100585938,1348950016
2017-06-10,2828.1398925781,2950.9899902344,2746.5500488281,2947.7099609375,2947.7099609375,2018889984
2017-06-11,2942.4099121094,2996.6000976563,2840.5300292969,2958.1101074219,2958.1101074219,1752400000
2017-06-12,2953.2199707031,2997.2600097656,2518.5600585938,2659.6298828125,2659.6298828125,2569530112
2017-06-13,2680.9099121094,2789.0400390625,2650.3798828125,2717.0200195313,2717.0200195313,1781200000
2017-06-14,2716.8798828125,2786.830078125,2412.9399414063,2506.3701171875,2506.3701171875,1696560000
2017-06-15,2499.580078125,2534.7099609375,2212.9599609375,2464.580078125,2464.580078125,2026259968
2017-06-16,2469.5700683594,2539.919921875,2385.1499023438,2518.5600585938,2518.5600585938,1195190016
2017-06-17,2514.0100097656,2685.1899414063,2484.9599609375,2655.8798828125,2655.8798828125,1534509952
2017-06-18,2655.3500976563,2662.1000976563,2516.330078125,2548.2900390625,2548.2900390625,1178659968
2017-06-19,2549.0300292969,2662.8500976563,2549.0300292969,2589.6000976563,2589.6000976563,1446840064
2017-06-20,2591.2600097656,2763.4499511719,2589.8200683594,2721.7900390625,2721.7900390625,1854189952
2017-06-21,2709.4299316406,2772.0100097656,2660.3999023438,2689.1000976563,2689.1000976563,1626579968
2017-06-22,2691.0300292969,2723.7399902344,2642.3601074219,2705.4099121094,2705.4099121094,1097939968
2017-06-23,2707.3400878906,2765.169921875,2706.3701171875,2744.9099121094,2744.9099121094,961318976
2017-06-24,2738.5200195313,2757.9399414063,2583.1899414063,2608.7199707031,2608.7199707031,982750016
2017-06-25,2607.25,2682.2600097656,2552.1201171875,2589.4099121094,2589.4099121094,1161100032
2017-06-26,2590.5700683594,2615.25,2376.2900390625,2478.4499511719,2478.4499511719,1663280000
2017-06-27,2478.4499511719,2552.4499511719,2332.9899902344,2552.4499511719,2552.4499511719,1489789952
2017-06-28,2553.0300292969,2603.9799804688,2484.419921875,2574.7900390625,2574.7900390625,1183869952
2017-06-29,2567.5600585938,2588.830078125,2510.4799804688,2539.3200683594,2539.3200683594,949979008
2017-06-30,2539.2399902344,2559.25,2478.4299316406,2480.8400878906,2480.8400878906,860273024
2017-07-01,2492.6000976563,2515.2700195313,2419.2299804688,2434.5500488281,2434.5500488281,779913984
2017-07-02,2436.3999023438,2514.2800292969,2394.8400878906,2506.4699707031,2506.4699707031,803747008
2017-07-03,2498.5600585938,2595.0,2480.4699707031,2564.0600585938,2564.0600585938,964112000
2017-07-04,2561.0,2631.5900878906,2559.3500976563,2601.6398925781,2601.6398925781,985516032
2017-07-05,2602.8701171875,2622.6499023438,2538.5500488281,2601.9899902344,2601.9899902344,941566016
2017-07-06,2608.1000976563,2616.7199707031,2581.6899414063,2608.5600585938,2608.5600585938,761956992
2017-07-07,2608.5900878906,2916.1398925781,2498.8701171875,2518.6599121094,2518.6599121094,917411968
2017-07-08,2520.2700195313,2571.3400878906,2492.3100585938,2571.3400878906,2571.3400878906,733329984
2017-07-09,2572.6101074219,2635.4899902344,2517.5900878906,2518.4399414063,2518.4399414063,527856000
2017-07-10,2525.25,2537.1599121094,2321.1298828125,2372.5600585938,2372.5600585938,1111200000
2017-07-11,2385.8898925781,2413.4699707031,2296.8100585938,2337.7900390625,2337.7900390625,1329760000
2017-07-12,2332.7700195313,2423.7099609375,2275.1398925781,2398.8400878906,2398.8400878906,1117410048
2017-07-13,2402.6999511719,2425.2199707031,2340.830078125,2357.8999023438,2357.8999023438,835769984
2017-07-14,2360.5900878906,2363.25,2183.2199707031,2233.3400878906,2233.3400878906,882502976
2017-07-15,2230.1201171875,2231.1398925781,1990.4100341797,1998.8599853516,1998.8599853516,993608000
2017-07-16,1991.9799804688,2058.7700195313,1843.0300292969,1929.8199462891,1929.8199462891,1182870016
2017-07-17,1932.6199951172,2230.4899902344,1932.6199951172,2228.4099121094,2228.4099121094,1201760000
2017-07-18,2233.5200195313,2387.6101074219,2164.7700195313,2318.8798828125,2318.8798828125,1512450048
2017-07-19,2323.080078125,2397.169921875,2260.2299804688,2273.4299316406,2273.4299316406,1245100032
2017-07-20,2269.8898925781,2900.6999511719,2269.8898925781,2817.6000976563,2817.6000976563,2249260032
2017-07-21,2838.4099121094,2838.4099121094,2621.8500976563,2667.7600097656,2667.7600097656,1489449984
2017-07-22,2668.6298828125,2862.419921875,2657.7099609375,2810.1201171875,2810.1201171875,1177129984
2017-07-23,2808.1000976563,2832.1799316406,2653.9399414063,2730.3999023438,2730.3999023438,1072840000
2017-07-24,2732.6999511719,2777.2600097656,2699.1899414063,2754.8601074219,2754.8601074219,866473984
2017-07-25,2757.5,2768.080078125,2480.9599609375,2576.4799804688,2576.4799804688,1460089984
2017-07-26,2577.7700195313,2610.7600097656,2450.8000488281,2529.4499511719,2529.4499511719,937404032
2017-07-27,2538.7099609375,2693.3200683594,2529.3400878906,2671.7800292969,2671.7800292969,789104000
2017-07-28,2679.7299804688,2897.4499511719,2679.7299804688,2809.0100097656,2809.0100097656,1380099968
2017-07-29,2807.0200195313,2808.7600097656,2692.8000488281,2726.4499511719,2726.4499511719,803745984
2017-07-30,2724.3898925781,2758.5300292969,2644.8500976563,2757.1799316406,2757.1799316406,705942976
2017-07-31,2763.2399902344,2889.6201171875,2720.6101074219,2875.3400878906,2875.3400878906,860574976
2017-08-01,2871.3000488281,2921.3500976563,2685.6101074219,2718.2600097656,2718.2600097656,1324669952
2017-08-02,2727.1298828125,2762.5300292969,2668.5900878906,2710.669921875,2710.669921875,1094950016
2017-08-03,2709.5600585938,2813.3100585938,2685.1398925781,2804.7299804688,2804.7299804688,804796992
2017-08-04,2806.9299316406,2899.330078125,2743.7199707031,2895.8898925781,2895.8898925781,1002120000
2017-08-05,2897.6298828125,3290.0100097656,2874.830078125,3252.9099121094,3252.9099121094,1945699968
2017-08-06,3257.6101074219,3293.2900390625,3155.6000976563,3213.9399414063,3213.9399414063,1105030016
2017-08-07,3212.7800292969,3397.6799316406,3180.8898925781,3378.9399414063,3378.9399414063,1482279936
2017-08-08,3370.2199707031,3484.8500976563,3345.830078125,3419.9399414063,3419.9399414063,1752760064
2017-08-09,3420.3999023438,3422.7600097656,3247.669921875,3342.4699707031,3342.4699707031,1468960000
2017-08-10,3341.8400878906,3453.4499511719,3319.4699707031,3381.2800292969,3381.2800292969,1515110016
2017-08-11,3373.8200683594,3679.7199707031,3372.1201171875,3650.6201171875,3650.6201171875,2021190016
2017-08-12,3650.6298828125,3949.919921875,3613.6999511719,3884.7099609375,3884.7099609375,2219589888
2017-08-13,3880.0400390625,4208.3901367188,3857.8000488281,4073.2600097656,4073.2600097656,3159089920
2017-08-14,4066.1000976563,4325.1298828125,3989.1599121094,4325.1298828125,4325.1298828125,2463089920
2017-08-15,4326.990234375,4455.9702148438,3906.1799316406,4181.9301757813,4181.9301757813,3258050048
2017-08-16,4200.33984375,4381.2299804688,3994.419921875,4376.6298828125,4376.6298828125,2272039936
2017-08-17,4384.4399414063,4484.7001953125,4243.7099609375,4331.6899414063,4331.6899414063,2553359872
2017-08-18,4324.33984375,4370.1298828125,4015.3999023438,4160.6201171875,4160.6201171875,2941710080
2017-08-19,4137.75,4243.259765625,3970.5500488281,4193.7001953125,4193.7001953125,2975820032
2017-08-20,4189.3100585938,4196.2900390625,4069.8798828125,4087.6599121094,4087.6599121094,2109769984
2017-08-21,4090.4799804688,4109.1401367188,3988.6000976563,4001.7399902344,4001.7399902344,2800890112
2017-08-22,3998.3500976563,4128.759765625,3674.580078125,4100.5200195313,4100.5200195313,3764239872
2017-08-23,4089.0100097656,4255.7797851563,4078.4099121094,4151.5200195313,4151.5200195313,2369819904
2017-08-24,4137.6000976563,4376.3901367188,4130.259765625,4334.6801757813,4334.6801757813,2037750016
2017-08-25,4332.8198242188,4455.7001953125,4307.3500976563,4371.6000976563,4371.6000976563,1727970048
2017-08-26,4372.0600585938,4379.2797851563,4269.5200195313,4352.3999023438,4352.3999023438,1511609984
2017-08-27,4345.1000976563,4416.58984375,4317.2900390625,4382.8798828125,4382.8798828125,1537459968
2017-08-28,4384.4501953125,4403.9301757813,4224.6401367188,4382.66015625,4382.66015625,1959330048
2017-08-29,4389.2099609375,4625.6801757813,4352.1298828125,4579.0200195313,4579.0200195313,2486080000
2017-08-30,4570.3598632813,4626.5200195313,4471.41015625,4565.2998046875,4565.2998046875,1937849984
2017-08-31,4555.58984375,4736.0498046875,4549.3999023438,4703.3901367188,4703.3901367188,1944930048
2017-09-01,4701.759765625,4892.009765625,4678.5297851563,4892.009765625,4892.009765625,2599079936
2017-09-02,4901.419921875,4975.0400390625,4469.240234375,4578.7700195313,4578.7700195313,2722139904
2017-09-03,4585.2700195313,4714.080078125,4417.58984375,4582.9599609375,4582.9599609375,1933190016
2017-09-04,4591.6298828125,4591.6298828125,4108.3999023438,4236.3100585938,4236.3100585938,2987330048
2017-09-05,4228.2900390625,4427.83984375,3998.1101074219,4376.5297851563,4376.5297851563,2697969920
2017-09-06,4376.58984375,4617.25,4376.58984375,4597.1201171875,4597.1201171875,2172100096
2017-09-07,4589.1401367188,4655.0400390625,4491.330078125,4599.8798828125,4599.8798828125,1844620032
2017-09-08,4605.16015625,4661.0,4075.1799316406,4228.75,4228.75,2700890112
2017-09-09,4229.8100585938,4308.8198242188,4114.1098632813,4226.0600585938,4226.0600585938,1386230016
2017-09-10,4229.33984375,4245.4399414063,3951.0400390625,4122.9399414063,4122.9399414063,1679090048
2017-09-11,4122.4702148438,4261.669921875,4099.3999023438,4161.2700195313,4161.2700195313,1557330048
2017-09-12,4168.8798828125,4344.6499023438,4085.2199707031,4130.8100585938,4130.8100585938,1864530048
2017-09-13,4131.9799804688,4131.9799804688,3789.919921875,3882.5900878906,3882.5900878906,2219409920
2017-09-14,3875.3701171875,3920.6000976563,3153.8601074219,3154.9499511719,3154.9499511719,2716310016
2017-09-15,3166.3000488281,3733.4499511719,2946.6201171875,3637.5200195313,3637.5200195313,4148069888
2017-09-16,3637.75,3808.8400878906,3487.7900390625,3625.0400390625,3625.0400390625,1818400000
2017-09-17,3606.2800292969,3664.8100585938,3445.6398925781,3582.8798828125,3582.8798828125,1239149952
2017-09-18,3591.0900878906,4079.2299804688,3591.0900878906,4065.1999511719,4065.1999511719,1943209984
2017-09-19,4073.7900390625,4094.0700683594,3868.8701171875,3924.9699707031,3924.9699707031,1563980032
2017-09-20,3916.3601074219,4031.3898925781,3857.7299804688,3905.9499511719,3905.9499511719,1213830016
2017-09-21,3901.4699707031,3916.419921875,3613.6298828125,3631.0400390625,3631.0400390625,1411480064
2017-09-22,3628.0200195313,3758.2700195313,3553.5300292969,3630.6999511719,3630.6999511719,1194829952
2017-09-23,3629.919921875,3819.2099609375,3594.580078125,3792.3999023438,3792.3999023438,928113984
2017-09-24,3796.1499023438,3796.1499023438,3666.8999023438,3682.8400878906,3682.8400878906,768014976
2017-09-25,3681.580078125,3950.25,3681.580078125,3926.0700683594,3926.0700683594,1374210048
2017-09-26,3928.4099121094,3969.8898925781,3869.8999023438,3892.3500976563,3892.3500976563,1043740032
2017-09-27,3892.9399414063,4210.0498046875,3884.8200683594,4200.669921875,4200.669921875,1686880000
2017-09-28,4197.1298828125,4279.3100585938,4109.7001953125,4174.7299804688,4174.7299804688,1712320000
2017-09-29,4171.6201171875,4214.6298828125,4039.2900390625,4163.0698242188,4163.0698242188,1367049984
2017-09-30,4166.1098632813,4358.4301757813,4160.8598632813,4338.7099609375,4338.7099609375,1207449984
2017-10-01,4341.0498046875,4403.740234375,4269.8100585938,4403.740234375,4403.740234375,1208210048
2017-10-02,4395.8100585938,4470.2299804688,4377.4599609375,4409.3198242188,4409.3198242188,1431730048
2017-10-03,4408.4599609375,4432.4702148438,4258.8901367188,4317.4799804688,4317.4799804688,1288019968
2017-10-04,4319.3701171875,4352.3100585938,4210.419921875,4229.3598632813,4229.3598632813,1116770048
2017-10-05,4229.8798828125,4362.6401367188,4164.0498046875,4328.41015625,4328.41015625,1161769984
2017-10-06,4324.4599609375,4413.2700195313,4320.5297851563,4370.8100585938,4370.8100585938,1069939968
2017-10-07,4369.3500976563,4443.8798828125,4321.0498046875,4426.8901367188,4426.8901367188,906928000
2017-10-08,4429.669921875,4624.1401367188,4405.6401367188,4610.4799804688,4610.4799804688,1313869952
2017-10-09,4614.5200195313,4878.7099609375,4564.25,4772.0200195313,4772.0200195313,1968739968
2017-10-10,4776.2099609375,4922.169921875,4765.1000976563,4781.990234375,4781.990234375,1597139968
2017-10-11,4789.25,4873.7299804688,4751.6298828125,4826.4799804688,4826.4799804688,1222279936
2017-10-12,4829.580078125,5446.91015625,4822.0,5446.91015625,5446.91015625,2791610112
2017-10-13,5464.16015625,5840.2998046875,5436.8500976563,5647.2099609375,5647.2099609375,3615480064
2017-10-14,5643.5297851563,5837.7001953125,5591.6401367188,5831.7900390625,5831.7900390625,1669030016
2017-10-15,5835.9599609375,5852.4799804688,5478.6098632813,5678.1899414063,5678.1899414063,1976039936
2017-10-16,5687.5698242188,5776.2299804688,5544.2099609375,5725.58984375,5725.58984375,2008070016
2017-10-17,5741.580078125,5800.3500976563,5472.7202148438,5605.509765625,5605.509765625,1821570048
2017-10-18,5603.8198242188,5603.8198242188,5151.4399414063,5590.6899414063,5590.6899414063,2399269888
2017-10-19,5583.740234375,5744.3500976563,5531.0600585938,5708.5200195313,5708.5200195313,1780540032
2017-10-20,5708.1098632813,6060.1098632813,5627.2299804688,6011.4501953125,6011.4501953125,2354429952
2017-10-21,5996.7900390625,6194.8798828125,5965.0698242188,6031.6000976563,6031.6000976563,2207099904
2017-10-22,6036.66015625,6076.259765625,5792.33984375,6008.419921875,6008.419921875,2034630016
2017-10-23,6006.0,6075.58984375,5732.4702148438,5930.3198242188,5930.3198242188,2401840128
2017-10-24,5935.5200195313,5935.5200195313,5504.1801757813,5526.6401367188,5526.6401367188,2735699968
2017-10-25,5524.6000976563,5754.330078125,5397.8798828125,5750.7998046875,5750.7998046875,1966989952
2017-10-26,5747.9501953125,5976.7998046875,5721.2202148438,5904.830078125,5904.830078125,1905040000
2017-10-27,5899.740234375,5988.3901367188,5728.8198242188,5780.8999023438,5780.8999023438,1710130048
2017-10-28,5787.8198242188,5876.7202148438,5689.1899414063,5753.08984375,5753.08984375,1403920000
2017-10-29,5754.4399414063,6255.7099609375,5724.580078125,6153.8500976563,6153.8500976563,2859040000
2017-10-30,6114.8500976563,6214.990234375,6040.8500976563,6130.5297851563,6130.5297851563,1772150016
2017-10-31,6132.0200195313,6470.4301757813,6103.330078125,6468.3999023438,6468.3999023438,2311379968
2017-11-01,6440.9702148438,6767.3100585938,6377.8798828125,6767.3100585938,6767.3100585938,2870320128
2017-11-02,6777.7700195313,7367.330078125,6758.7202148438,7078.5,7078.5,4653770240
2017-11-03,7087.5297851563,7461.2900390625,7002.9399414063,7207.759765625,7207.759765625,3369860096
2017-11-04,7164.4799804688,7492.8598632813,7031.2797851563,7379.9501953125,7379.9501953125,2483800064
2017-11-05,7404.5200195313,7617.4799804688,7333.1899414063,7407.41015625,7407.41015625,2380410112
2017-11-06,7403.2202148438,7445.7700195313,7007.3100585938,7022.759765625,7022.759765625,3111899904
2017-11-07,7023.1000976563,7253.3198242188,7023.1000976563,7144.3798828125,7144.3798828125,2326340096
2017-11-08,7141.3798828125,7776.419921875,7114.0200195313,7459.6899414063,7459.6899414063,4602200064
2017-11-09,7446.830078125,7446.830078125,7101.5200195313,7143.580078125,7143.580078125,3226249984
2017-11-10,7173.7299804688,7312.0,6436.8701171875,6618.1401367188,6618.1401367188,5208249856
2017-11-11,6618.6098632813,6873.1499023438,6204.2202148438,6357.6000976563,6357.6000976563,4908680192
2017-11-12,6295.4501953125,6625.0498046875,5519.009765625,5950.0698242188,5950.0698242188,8957349888
2017-11-13,5938.25,6811.1899414063,5844.2900390625,6559.490234375,6559.490234375,6263249920
2017-11-14,6561.4799804688,6764.9799804688,6461.75,6635.75,6635.75,3197110016
2017-11-15,6634.759765625,7342.25,6634.759765625,7315.5400390625,7315.5400390625,4200880128
2017-11-16,7323.240234375,7967.3798828125,7176.580078125,7871.6899414063,7871.6899414063,5123809792
2017-11-17,7853.5698242188,8004.58984375,7561.08984375,7708.990234375,7708.990234375,4651670016
2017-11-18,7697.2099609375,7884.990234375,7463.4399414063,7790.1499023438,7790.1499023438,3667190016
2017-11-19,7766.0297851563,8101.91015625,7694.1000976563,8036.490234375,8036.490234375,3149319936
2017-11-20,8039.0698242188,8336.8603515625,7949.3598632813,8200.6396484375,8200.6396484375,3488450048
2017-11-21,8205.740234375,8348.66015625,7762.7099609375,8071.259765625,8071.259765625,4277609984
2017-11-22,8077.9501953125,8302.259765625,8075.4702148438,8253.5498046875,8253.5498046875,3633530112
2017-11-23,8232.3798828125,8267.400390625,8038.7700195313,8038.7700195313,8038.7700195313,4225179904
2017-11-24,8074.0200195313,8374.16015625,7940.9301757813,8253.6904296875,8253.6904296875,5058610176
2017-11-25,8241.7099609375,8790.919921875,8191.1499023438,8790.919921875,8790.919921875,4342060032
2017-11-26,8789.0400390625,9522.9296875,8775.58984375,9330.5498046875,9330.5498046875,5475579904
2017-11-27,9352.7197265625,9818.349609375,9352.7197265625,9818.349609375,9818.349609375,5653320192
2017-11-28,9823.4296875,10125.7001953125,9736.2998046875,10058.7998046875,10058.7998046875,6348819968
2017-11-29,10077.400390625,11517.400390625,9601.0302734375,9888.6103515625,9888.6103515625,11568799744
2017-11-30,9906.7900390625,10801.0,9202.0498046875,10233.599609375,10233.599609375,8310689792
2017-12-01,10198.599609375,11046.7001953125,9694.650390625,10975.599609375,10975.599609375,6783119872
2017-12-02,10978.2998046875,11320.2001953125,10905.099609375,11074.599609375,11074.599609375,5138500096
2017-12-03,11082.7001953125,11858.7001953125,10862.0,11323.2001953125,11323.2001953125,6608309760
2017-12-04,11315.400390625,11657.2001953125,11081.7998046875,11657.2001953125,11657.2001953125,6132409856
2017-12-05,11685.7001953125,12032.0,11604.599609375,11916.7001953125,11916.7001953125,6895260160
2017-12-06,11923.400390625,14369.099609375,11923.400390625,14291.5,14291.5,12656300032
2017-12-07,14266.099609375,17899.69921875,14057.2998046875,17899.69921875,17899.69921875,17950699520
2017-12-08,17802.900390625,18353.400390625,14336.900390625,16569.400390625,16569.400390625,21135998976
2017-12-09,16523.30078125,16783.0,13674.900390625,15178.2001953125,15178.2001953125,13911300096
2017-12-10,15168.400390625,15850.599609375,13226.599609375,15455.400390625,15455.400390625,13433299968
2017-12-11,15427.400390625,17513.900390625,15404.7998046875,16936.80078125,16936.80078125,12153900032
2017-12-12,16919.80078125,17781.80078125,16571.599609375,17415.400390625,17415.400390625,14603799552
2017-12-13,17500.0,17653.099609375,16039.7001953125,16408.19921875,16408.19921875,12976900096
2017-12-14,16384.599609375,17085.80078125,16185.900390625,16564.0,16564.0,13777399808
2017-12-15,16601.30078125,18154.099609375,16601.30078125,17706.900390625,17706.900390625,14309999616
2017-12-16,17760.30078125,19716.69921875,17515.30078125,19497.400390625,19497.400390625,12740599808
2017-12-17,19475.80078125,20089.0,18974.099609375,19140.80078125,19140.80078125,13314599936
2017-12-18,19106.400390625,19371.0,18355.900390625,19114.19921875,19114.19921875,14839499776
2017-12-19,19118.30078125,19177.80078125,17275.400390625,17776.69921875,17776.69921875,16894499840
2017-12-20,17760.30078125,17934.69921875,16077.7001953125,16624.599609375,16624.599609375,22149699584
2017-12-21,16642.400390625,17567.69921875,15342.7001953125,15802.900390625,15802.900390625,16516599808
2017-12-22,15898.0,15943.400390625,11833.0,13831.7998046875,13831.7998046875,22197999616
2017-12-23,13948.7001953125,15603.2001953125,13828.7998046875,14699.2001953125,14699.2001953125,13086000128
2017-12-24,14608.2001953125,14626.0,12747.7001953125,13925.7998046875,13925.7998046875,11572299776
2017-12-25,13995.900390625,14593.0,13448.900390625,14026.599609375,14026.599609375,10664699904
2017-12-26,14036.599609375,16461.19921875,14028.900390625,16099.7998046875,16099.7998046875,13454300160
2017-12-27,16163.5,16930.900390625,15114.2998046875,15838.5,15838.5,12487600128
2017-12-28,15864.099609375,15888.400390625,13937.2998046875,14606.5,14606.5,12336499712
2017-12-29,14695.7998046875,15279.0,14307.0,14656.2001953125,14656.2001953125,13025500160
2017-12-30,14681.900390625,14681.900390625,12350.099609375,12952.2001953125,12952.2001953125,14452599808
2017-12-31,12897.7001953125,14377.400390625,12755.599609375,14156.400390625,14156.400390625,12136299520
2018-01-01,14112.2001953125,14112.2001953125,13154.7001953125,13657.2001953125,13657.2001953125,10291200000
2018-01-02,13625.0,15444.599609375,13163.599609375,14982.099609375,14982.099609375,16846600192
2018-01-03,14978.2001953125,15572.7998046875,14844.5,15201.0,15201.0,16871900160
2018-01-04,15270.7001953125,15739.7001953125,14522.2001953125,15599.2001953125,15599.2001953125,21783199744
2018-01-05,15477.2001953125,17705.19921875,15202.7998046875,17429.5,17429.5,23840899072
2018-01-06,17462.099609375,17712.400390625,16764.599609375,17527.0,17527.0,18314600448
2018-01-07,17527.30078125,17579.599609375,16087.7001953125,16477.599609375,16477.599609375,15866000384
2018-01-08,16476.19921875,16537.900390625,14208.2001953125,15170.099609375,15170.099609375,18413899776
2018-01-09,15123.7001953125,15497.5,14424.0,14595.400390625,14595.400390625,16659999744
2018-01-10,14588.5,14973.2998046875,13691.2001953125,14973.2998046875,14973.2998046875,18500800512
2018-01-11,14968.2001953125,15018.7998046875,13105.900390625,13405.7998046875,13405.7998046875,16534099968
2018-01-12,13453.900390625,14229.900390625,13158.099609375,13980.599609375,13980.599609375,12065699840
2018-01-13,13952.400390625,14659.5,13952.400390625,14360.2001953125,14360.2001953125,12763599872
2018-01-14,14370.7998046875,14511.7998046875,13268.0,13772.0,13772.0,11084099584
2018-01-15,13767.2998046875,14445.5,13641.7001953125,13819.7998046875,13819.7998046875,12750799872
2018-01-16,13836.099609375,13843.099609375,10194.900390625,11490.5,11490.5,18853799936
2018-01-17,11431.099609375,11678.0,9402.2900390625,11188.599609375,11188.599609375,18830600192
2018-01-18,11198.7998046875,12107.2998046875,10942.5,11474.900390625,11474.900390625,15020399616
2018-01-19,11429.7998046875,11992.7998046875,11172.099609375,11607.400390625,11607.400390625,10740400128
2018-01-20,11656.2001953125,13103.0,11656.2001953125,12899.2001953125,12899.2001953125,11801700352
2018-01-21,12889.2001953125,12895.900390625,11288.2001953125,11600.099609375,11600.099609375,9935179776
2018-01-22,11633.099609375,11966.400390625,10240.2001953125,10931.400390625,10931.400390625,10537400320
2018-01-23,10944.5,11377.599609375,10129.7001953125,10868.400390625,10868.400390625,9660609536
2018-01-24,10903.400390625,11501.400390625,10639.7998046875,11359.400390625,11359.400390625,9940989952
2018-01-25,11421.7001953125,11785.7001953125,11057.400390625,11259.400390625,11259.400390625,8873169920
2018-01-26,11256.0,11656.7001953125,10470.2998046875,11171.400390625,11171.400390625,9746199552
2018-01-27,11174.900390625,11614.900390625,10989.2001953125,11440.7001953125,11440.7001953125,7583269888
2018-01-28,11475.2998046875,12040.2998046875,11475.2998046875,11786.2998046875,11786.2998046875,8350360064
2018-01-29,11755.5,11875.599609375,11179.2001953125,11296.400390625,11296.400390625,7107359744
2018-01-30,11306.7998046875,11307.2001953125,10036.2001953125,10106.2998046875,10106.2998046875,8637859840
2018-01-31,10108.2001953125,10381.599609375,9777.419921875,10221.099609375,10221.099609375,8041160192
2018-02-01,10237.2998046875,10288.7998046875,8812.2802734375,9170.5400390625,9170.5400390625,9959400448
2018-02-02,9142.2802734375,9142.2802734375,7796.490234375,8830.75,8830.75,12726899712
2018-02-03,8852.1201171875,9430.75,8251.6298828125,9174.91015625,9174.91015625,7263790080
2018-02-04,9175.7001953125,9334.8701171875,8031.2202148438,8277.009765625,8277.009765625,7073549824
2018-02-05,8270.5400390625,8364.83984375,6756.6801757813,6955.2700195313,6955.2700195313,9285289984
2018-02-06,7051.75,7850.7001953125,6048.259765625,7754.0,7754.0,13999800320
2018-02-07,7755.490234375,8509.1103515625,7236.7900390625,7621.2998046875,7621.2998046875,9169280000
2018-02-08,7637.8598632813,8558.76953125,7637.8598632813,8265.58984375,8265.58984375,9346750464
2018-02-09,8271.83984375,8736.98046875,7884.7099609375,8736.98046875,8736.98046875,6784820224
2018-02-10,8720.080078125,9122.5498046875,8295.4697265625,8621.900390625,8621.900390625,7780960256
2018-02-11,8616.1298828125,8616.1298828125,7931.1000976563,8129.9702148438,8129.9702148438,6122189824
2018-02-12,8141.4301757813,8985.919921875,8141.4301757813,8926.5703125,8926.5703125,6256439808
2018-02-13,8926.7197265625,8958.4697265625,8455.41015625,8598.3095703125,8598.3095703125,5696719872
2018-02-14,8599.919921875,9518.5400390625,8599.919921875,9494.6298828125,9494.6298828125,7909819904
2018-02-15,9488.3203125,10234.7998046875,9395.580078125,10166.400390625,10166.400390625,9062540288
2018-02-16,10135.7001953125,10324.099609375,9824.8203125,10233.900390625,10233.900390625,7296159744
2018-02-17,10207.5,11139.5,10149.400390625,11112.7001953125,11112.7001953125,8660880384
2018-02-18,11123.400390625,11349.7998046875,10326.0,10551.7998046875,10551.7998046875,8744009728
2018-02-19,10552.599609375,11273.7998046875,10513.2001953125,11225.2998046875,11225.2998046875,7652089856
2018-02-20,11231.7998046875,11958.5,11231.7998046875,11403.7001953125,11403.7001953125,9926540288
2018-02-21,11372.2001953125,11418.5,10479.099609375,10690.400390625,10690.400390625,9405339648
2018-02-22,10660.400390625,11039.099609375,9939.08984375,10005.0,10005.0,8040079872
2018-02-23,9937.0703125,10487.2998046875,9734.5595703125,10301.099609375,10301.099609375,7739500032
2018-02-24,10287.7001953125,10597.2001953125,9546.9697265625,9813.0703125,9813.0703125,6917929984
2018-02-25,9796.419921875,9923.2197265625,9407.0595703125,9664.73046875,9664.73046875,5706939904
2018-02-26,9669.4296875,10475.0,9501.73046875,10366.7001953125,10366.7001953125,7287690240
2018-02-27,10393.900390625,10878.5,10246.099609375,10725.599609375,10725.599609375,6966179840
2018-02-28,10687.2001953125,11089.7998046875,10393.099609375,10397.900390625,10397.900390625,6936189952
2018-03-01,10385.0,11052.2998046875,10352.7001953125,10951.0,10951.0,7317279744
2018-03-02,10977.400390625,11189.0,10850.099609375,11086.400390625,11086.400390625,7620590080
2018-03-03,11101.900390625,11528.2001953125,11002.400390625,11489.7001953125,11489.7001953125,6690570240
2018-03-04,11497.400390625,11512.599609375,11136.099609375,11512.599609375,11512.599609375,6084149760
2018-03-05,11532.400390625,11704.099609375,11443.900390625,11573.2998046875,11573.2998046875,6468539904
2018-03-06,11500.099609375,11500.099609375,10694.2998046875,10779.900390625,10779.900390625,6832169984
2018-03-07,10803.900390625,10929.5,9692.1201171875,9965.5703125,9965.5703125,8797910016
2018-03-08,9951.4404296875,10147.400390625,9335.8701171875,9395.009765625,9395.009765625,7186089984
2018-03-09,9414.6904296875,9466.349609375,8513.0302734375,9337.5498046875,9337.5498046875,8704190464
2018-03-10,9350.58984375,9531.3203125,8828.4697265625,8866.0,8866.0,5386319872
2018-03-11,8852.7802734375,9711.8896484375,8607.1201171875,9578.6298828125,9578.6298828125,6296370176
2018-03-12,9602.9296875,9937.5,8956.4296875,9205.1201171875,9205.1201171875,6457399808
2018-03-13,9173.0400390625,9470.3798828125,8958.1904296875,9194.849609375,9194.849609375,5991139840
2018-03-14,9214.650390625,9355.849609375,8068.58984375,8269.8095703125,8269.8095703125,6438230016
2018-03-15,8290.759765625,8428.349609375,7783.0498046875,8300.8603515625,8300.8603515625,6834429952
2018-03-16,8322.91015625,8585.150390625,8005.3100585938,8338.349609375,8338.349609375,5289379840
2018-03-17,8321.91015625,8346.5302734375,7812.8198242188,7916.8798828125,7916.8798828125,4426149888
2018-03-18,7890.5200195313,8245.509765625,7397.990234375,8223.6796875,8223.6796875,6639190016
2018-03-19,8344.1201171875,8675.8701171875,8182.3999023438,8630.650390625,8630.650390625,6729110016
2018-03-20,8619.669921875,9051.01953125,8389.8896484375,8913.4697265625,8913.4697265625,6361789952
2018-03-21,8937.48046875,9177.3701171875,8846.330078125,8929.2802734375,8929.2802734375,6043129856
2018-03-22,8939.4404296875,9100.7099609375,8564.900390625,8728.4697265625,8728.4697265625,5530390016
2018-03-23,8736.25,8879.6201171875,8360.6201171875,8879.6201171875,8879.6201171875,5954120192
2018-03-24,8901.9501953125,8996.1796875,8665.7001953125,8668.1201171875,8668.1201171875,5664600064
2018-03-25,8612.8095703125,8682.009765625,8449.099609375,8495.7802734375,8495.7802734375,4569880064
2018-03-26,8498.4697265625,8530.080078125,7921.4301757813,8209.400390625,8209.400390625,5921039872
2018-03-27,8200.0,8232.7802734375,7797.2797851563,7833.0400390625,7833.0400390625,5378250240
2018-03-28,7836.830078125,8122.8901367188,7809.169921875,7954.4799804688,7954.4799804688,4935289856
2018-03-29,7979.0698242188,7994.330078125,7081.3798828125,7165.7001953125,7165.7001953125,6361229824
2018-03-30,7171.4501953125,7276.66015625,6683.9301757813,6890.5200195313,6890.5200195313,6289509888
2018-03-31,6892.4799804688,7207.8500976563,6863.5200195313,6973.5297851563,6973.5297851563,4553269760
2018-04-01,7003.0600585938,7060.9501953125,6526.8701171875,6844.2299804688,6844.2299804688,4532100096
2018-04-02,6844.8598632813,7135.4702148438,6816.580078125,7083.7998046875,7083.7998046875,4333440000
2018-04-03,7102.259765625,7530.9399414063,7072.490234375,7456.1098632813,7456.1098632813,5499700224
2018-04-04,7456.41015625,7469.8798828125,6803.8798828125,6853.83984375,6853.83984375,4936000000
2018-04-05,6848.6499023438,6933.8198242188,6644.7998046875,6811.4702148438,6811.4702148438,5639320064
2018-04-06,6815.9599609375,6857.490234375,6575.0,6636.3198242188,6636.3198242188,3766810112
2018-04-07,6630.509765625,7050.5400390625,6630.509765625,6911.08984375,6911.08984375,3976610048
2018-04-08,6919.9799804688,7111.5600585938,6919.9799804688,7023.5200195313,7023.5200195313,3652499968
2018-04-09,7044.3198242188,7178.1098632813,6661.990234375,6770.7299804688,6770.7299804688,4894060032
2018-04-10,6795.4399414063,6872.41015625,6704.1499023438,6834.759765625,6834.759765625,4272750080
2018-04-11,6843.4702148438,6968.3198242188,6817.58984375,6968.3198242188,6968.3198242188,4641889792
2018-04-12,6955.3798828125,7899.2299804688,6806.509765625,7889.25,7889.25,8906250240
2018-04-13,7901.08984375,8183.9599609375,7758.9301757813,7895.9599609375,7895.9599609375,7764460032
2018-04-14,7874.669921875,8140.7099609375,7846.0,7986.240234375,7986.240234375,5191430144
2018-04-15,7999.330078125,8338.419921875,7999.330078125,8329.1103515625,8329.1103515625,5244480000
2018-04-16,8337.5703125,8371.150390625,7925.7299804688,8058.669921875,8058.669921875,5631309824
2018-04-17,8071.66015625,8285.9599609375,7881.7202148438,7902.08984375,7902.08984375,6900879872
2018-04-18,7944.4301757813,8197.7998046875,7886.009765625,8163.419921875,8163.419921875,6529909760
2018-04-19,8159.2700195313,8298.6904296875,8138.7797851563,8294.3095703125,8294.3095703125,7063209984
2018-04-20,8286.8798828125,8880.23046875,8244.5400390625,8845.830078125,8845.830078125,8438110208
2018-04-21,8848.7900390625,8997.5703125,8652.150390625,8895.580078125,8895.580078125,7548550144
2018-04-22,8925.0595703125,9001.6396484375,8779.6103515625,8802.4599609375,8802.4599609375,6629899776
2018-04-23,8794.3896484375,8958.5498046875,8788.8095703125,8930.8798828125,8930.8798828125,6925190144
2018-04-24,8934.33984375,9732.6103515625,8927.830078125,9697.5,9697.5,10678800384
2018-04-25,9701.0302734375,9745.3203125,8799.83984375,8845.740234375,8845.740234375,11083100160
2018-04-26,8867.3203125,9281.509765625,8727.08984375,9281.509765625,9281.509765625,8970559488
2018-04-27,9290.6298828125,9375.4697265625,8987.0498046875,8987.0498046875,8987.0498046875,7566289920
2018-04-28,8939.26953125,9412.08984375,8931.990234375,9348.48046875,9348.48046875,7805479936
2018-04-29,9346.41015625,9531.490234375,9193.7099609375,9419.080078125,9419.080078125,8853000192
2018-04-30,9426.1103515625,9477.1396484375,9166.8095703125,9240.5498046875,9240.5498046875,8673920000
2018-05-01,9251.4697265625,9255.8798828125,8891.0498046875,9119.009765625,9119.009765625,7713019904
2018-05-02,9104.599609375,9256.51953125,9015.1396484375,9235.919921875,9235.919921875,7558159872
2018-05-03,9233.9697265625,9798.330078125,9188.150390625,9743.8603515625,9743.8603515625,10207299584
2018-05-04,9695.5,9779.2001953125,9585.9599609375,9700.759765625,9700.759765625,8217829888
2018-05-05,9700.2802734375,9964.5,9695.1201171875,9858.150390625,9858.150390625,7651939840
2018-05-06,9845.3095703125,9940.1396484375,9465.25,9654.7998046875,9654.7998046875,7222280192
2018-05-07,9645.669921875,9665.849609375,9231.5302734375,9373.009765625,9373.009765625,7394019840
2018-05-08,9380.8701171875,9462.75,9127.76953125,9234.8203125,9234.8203125,7415869952
2018-05-09,9223.73046875,9374.759765625,9031.6201171875,9325.1796875,9325.1796875,7226890240
2018-05-10,9325.9599609375,9396.0400390625,9040.51953125,9043.9404296875,9043.9404296875,6906699776
2018-05-11,9052.9599609375,9052.9599609375,8394.4599609375,8441.490234375,8441.490234375,8488520192
2018-05-12,8441.4404296875,8664.8603515625,8223.5,8504.8896484375,8504.8896484375,6821380096
2018-05-13,8515.490234375,8773.5498046875,8395.1201171875,8723.9404296875,8723.9404296875,5866379776
2018-05-14,8713.099609375,8881.1201171875,8367.9697265625,8716.7900390625,8716.7900390625,7364149760
2018-05-15,8705.1904296875,8836.1904296875,8456.4501953125,8510.3798828125,8510.3798828125,6705710080
2018-05-16,8504.41015625,8508.4296875,8175.490234375,8368.830078125,8368.830078125,6760220160
2018-05-17,8370.0498046875,8445.5400390625,8054.1201171875,8094.3198242188,8094.3198242188,5862530048
2018-05-18,8091.830078125,8274.1201171875,7974.8198242188,8250.9697265625,8250.9697265625,5764190208
2018-05-19,8255.73046875,8372.0595703125,8183.3500976563,8247.1796875,8247.1796875,4712399872
2018-05-20,8246.990234375,8562.41015625,8205.240234375,8513.25,8513.25,5191059968
2018-05-21,8522.330078125,8557.51953125,8365.1201171875,8418.990234375,8418.990234375,5154990080
2018-05-22,8419.8701171875,8423.25,8004.580078125,8041.7797851563,8041.7797851563,5137010176
2018-05-23,8037.080078125,8054.66015625,7507.8798828125,7557.8198242188,7557.8198242188,6491120128
2018-05-24,7561.1201171875,7738.6000976563,7331.1401367188,7587.33984375,7587.33984375,6049220096
2018-05-25,7592.2998046875,7659.1401367188,7392.6499023438,7480.1401367188,7480.1401367188,4867829760
2018-05-26,7486.4799804688,7595.16015625,7349.1201171875,7355.8798828125,7355.8798828125,4051539968
2018-05-27,7362.080078125,7381.740234375,7270.9599609375,7368.2202148438,7368.2202148438,4056519936
2018-05-28,7371.3100585938,7419.0498046875,7100.8901367188,7135.990234375,7135.990234375,5040600064
2018-05-29,7129.4599609375,7526.419921875,7090.6801757813,7472.58984375,7472.58984375,5662660096
2018-05-30,7469.7299804688,7573.7700195313,7313.6000976563,7406.5200195313,7406.5200195313,4922540032
2018-05-31,7406.1499023438,7608.8999023438,7361.1298828125,7494.169921875,7494.169921875,5127130112
2018-06-01,7500.7001953125,7604.7299804688,7407.33984375,7541.4501953125,7541.4501953125,4921460224
2018-06-02,7536.7202148438,7695.830078125,7497.259765625,7643.4501953125,7643.4501953125,4939299840
2018-06-03,7705.0063476563,7720.9350585938,7705.0063476563,7720.25,7720.25,4851759616
2018-06-04,7722.525390625,7753.8203125,7705.9887695313,7736.88671875,7736.88671875,4909437440
2018-06-05,7500.8999023438,7643.2299804688,7397.0,7633.759765625,7633.759765625,4961739776
2018-06-06,7625.9702148438,7680.4301757813,7502.009765625,7653.9799804688,7653.9799804688,4692259840
2018-06-07,7650.8198242188,7741.2700195313,7650.8198242188,7678.240234375,7678.240234375,4485799936
2018-06-08,7685.1401367188,7698.1899414063,7558.3999023438,7624.919921875,7624.919921875,4227579904
2018-06-09,7632.5200195313,7683.580078125,7531.9799804688,7531.9799804688,7531.9799804688,3845220096
2018-06-10,7499.5498046875,7499.5498046875,6709.0698242188,6786.0200195313,6786.0200195313,5804839936
2018-06-11,6799.2900390625,6910.1801757813,6706.6298828125,6906.919921875,6906.919921875,4745269760
2018-06-12,6905.8198242188,6907.9599609375,6542.080078125,6582.3598632813,6582.3598632813,4654380032
2018-06-13,6596.8798828125,6631.66015625,6285.6298828125,6349.8999023438,6349.8999023438,5052349952
2018-06-14,6342.75,6707.1401367188,6334.4599609375,6675.3500976563,6675.3500976563,5138710016
2018-06-15,6674.080078125,6681.080078125,6433.8701171875,6456.580078125,6456.580078125,3955389952
2018-06-16,6455.4501953125,6592.490234375,6402.2900390625,6550.16015625,6550.16015625,3194170112
2018-06-17,6545.5297851563,6589.1098632813,6499.2700195313,6499.2700195313,6499.2700195313,3104019968
2018-06-18,6510.0698242188,6781.1401367188,6446.6801757813,6734.8198242188,6734.8198242188,4039200000
2018-06-19,6742.3901367188,6822.5,6709.919921875,6769.9399414063,6769.9399414063,4057029888
2018-06-20,6770.759765625,6821.5600585938,6611.8798828125,6776.5498046875,6776.5498046875,3888640000
2018-06-21,6780.08984375,6810.9399414063,6715.169921875,6729.740234375,6729.740234375,3529129984
2018-06-22,6737.8798828125,6747.080078125,6006.6000976563,6083.6899414063,6083.6899414063,5079810048
2018-06-23,6090.1000976563,6224.8198242188,6071.8100585938,6162.4799804688,6162.4799804688,3431360000
2018-06-24,6164.2797851563,6223.7797851563,5826.41015625,6173.2299804688,6173.2299804688,4566909952
2018-06-25,6171.9702148438,6327.3701171875,6119.6801757813,6249.1801757813,6249.1801757813,5500810240
2018-06-26,6253.5498046875,6290.16015625,6093.669921875,6093.669921875,6093.669921875,3279759872
2018-06-27,6084.3999023438,6180.0,6052.8500976563,6157.1298828125,6157.1298828125,3296219904
2018-06-28,6153.16015625,6170.41015625,5873.0498046875,5903.4399414063,5903.4399414063,3467800064
2018-06-29,5898.1298828125,6261.66015625,5835.75,6218.2998046875,6218.2998046875,3966230016
2018-06-30,6214.2202148438,6465.509765625,6214.2202148438,6404.0,6404.0,4543860224
2018-07-01,6411.6801757813,6432.8500976563,6289.2900390625,6385.8198242188,6385.8198242188,4788259840
2018-07-02,6380.3798828125,6683.8598632813,6305.7001953125,6614.1801757813,6614.1801757813,4396930048
2018-07-03,6596.66015625,6671.3701171875,6447.75,6529.58984375,6529.58984375,4672309760
2018-07-04,6550.8701171875,6771.919921875,6450.4599609375,6597.5498046875,6597.5498046875,4176689920
2018-07-05,6599.7099609375,6749.5400390625,6546.6499023438,6639.1401367188,6639.1401367188,4999240192
2018-07-06,6638.6899414063,6700.9399414063,6533.5498046875,6673.5,6673.5,4313959936
2018-07-07,6668.7099609375,6863.990234375,6579.240234375,6856.9301757813,6856.9301757813,3961080064
2018-07-08,6857.7998046875,6885.91015625,6747.9799804688,6773.8798828125,6773.8798828125,3386210048
2018-07-09,6775.080078125,6838.6801757813,6724.33984375,6741.75,6741.75,3718129920
2018-07-10,6739.2099609375,6767.740234375,6320.7202148438,6329.9501953125,6329.9501953125,4052430080
2018-07-11,6330.7700195313,6444.9599609375,6330.4702148438,6394.7099609375,6394.7099609375,3644859904
2018-07-12,6396.7797851563,6397.1000976563,6136.419921875,6228.8100585938,6228.8100585938,3770170112
2018-07-13,6235.0297851563,6310.5498046875,6192.240234375,6238.0498046875,6238.0498046875,3805400064
2018-07-14,6247.5,6298.1899414063,6212.2202148438,6276.1201171875,6276.1201171875,2923670016
2018-07-15,6272.7001953125,6403.4599609375,6256.509765625,6359.6401367188,6359.6401367188,3285459968
2018-07-16,6357.009765625,6741.75,6357.009765625,6741.75,6741.75,4725799936
2018-07-17,6739.6499023438,7387.240234375,6684.169921875,7321.0400390625,7321.0400390625,5961950208
2018-07-18,7315.3198242188,7534.990234375,7280.4702148438,7370.7797851563,7370.7797851563,6103410176
2018-07-19,7378.2001953125,7494.4599609375,7295.4599609375,7466.8598632813,7466.8598632813,5111629824
2018-07-20,7467.3999023438,7594.669921875,7323.259765625,7354.1298828125,7354.1298828125,4936869888
2018-07-21,7352.7202148438,7437.6401367188,7262.41015625,7419.2900390625,7419.2900390625,3726609920
2018-07-22,7417.7998046875,7537.9501953125,7383.8198242188,7418.490234375,7418.490234375,3695460096
2018-07-23,7414.7099609375,7771.5,7409.1000976563,7711.1098632813,7711.1098632813,5132480000
2018-07-24,7716.509765625,8424.26953125,7705.5,8424.26953125,8424.26953125,7277689856
2018-07-25,8379.66015625,8416.8701171875,8086.3598632813,8181.3901367188,8181.3901367188,5845400064
2018-07-26,8176.8500976563,8290.330078125,7878.7099609375,7951.580078125,7951.580078125,4899089920
2018-07-27,7950.3999023438,8262.66015625,7839.759765625,8165.009765625,8165.009765625,5195879936
2018-07-28,8169.0600585938,8222.849609375,8110.7700195313,8192.150390625,8192.150390625,3988750080
2018-07-29,8205.8203125,8272.259765625,8141.1801757813,8218.4599609375,8218.4599609375,4107190016
2018-07-30,8221.58,8235.5,7917.5,8180.48,8180.48,5551400000
2018-07-31,8181.2,8181.53,7696.93,7780.44,7780.44,5287530000
2018-08-01,7769.04,7769.04,7504.95,7624.91,7624.91,4797620000
2018-08-02,7634.19,7712.77,7523.44,7567.15,7567.15,4214110000
2018-08-03,7562.14,7562.14,7328.65,7434.39,7434.39,4627150000
2018-08-04,7438.67,7497.49,6984.07,7032.85,7032.85,4268390000
2018-08-05,7031.08,7102.77,6940.7,7068.48,7068.48,3679110000
2018-08-06,7062.94,7166.55,6890.54,6951.8,6951.8,3925900000
2018-08-07,6958.32,7146.56,6748.24,6753.12,6753.12,4682800000
2018-08-08,6746.85,6746.85,6226.22,6305.8,6305.8,5064430000
2018-08-09,6305.56,6625.73,6249.07,6568.23,6568.23,4267040000
2018-08-10,6571.42,6591.26,6124.52,6184.71,6184.71,4528680000
2018-08-11,6185.79,6455.74,6109.03,6295.73,6295.73,4047850000
2018-08-12,6283.65,6409.85,6237.5,6322.69,6322.69,5665250000
2018-08-13,6341.36,6537.05,6225.72,6297.57,6297.57,4083980000
2018-08-14,6287.66,6287.94,5971.05,6199.71,6199.71,5301700000
2018-08-15,6221.42,6588.49,6221.42,6308.52,6308.52,4895450000
2018-08-16,6294.23,6473.5,6276.41,6334.73,6334.73,4328420000
2018-08-17,6340.91,6582.5,6324.97,6580.63,6580.63,4992990000
2018-08-18,6583.43,6617.35,6353.73,6423.76,6423.76,3984520000
2018-08-19,6422.57,6537.98,6361.55,6506.07,6506.07,3311170000
2018-08-20,6500.51,6536.92,6297.93,6308.53,6308.53,3665100000
2018-08-21,6301.07,6500.87,6298.24,6488.76,6488.76,3377180000
2018-08-22,6486.25,6816.79,6310.11,6376.71,6376.71,4668110000
2018-08-23,6371.34,6546.54,6371.34,6534.88,6534.88,3426180000
2018-08-24,6551.52,6719.96,6498.64,6719.96,6719.96,4097820000
2018-08-25,6719.95,6789.63,6700.96,6763.19,6763.19,3312600000
2018-08-26,6754.64,6774.75,6620.75,6707.26,6707.26,3295500000
2018-08-27,6710.8,6884.64,6689.71,6884.64,6884.64,4019000000
2018-08-28,6891.08,7109.56,6882.34,7096.28,7096.28,4659940000
2018-08-29,7091.71,7113.3,6970.82,7047.16,7047.16,4145880000
2018-08-30,7043.76,7072.69,6834.69,6978.23,6978.23,4463250000
2018-08-31,6973.97,7057.17,6920.16,7037.58,7037.58,4495650000
2018-09-01,7044.81,7242.29,7038.05,7193.25,7193.25,4116050000
2018-09-02,7189.58,7306.31,7132.16,7272.72,7272.72,4329540000
2018-09-03,7279.03,7317.94,7208.15,7260.06,7260.06,4087760000
2018-09-04,7263.0,7388.26,7255.44,7361.66,7361.66,4273640000
2018-09-05,7361.46,7388.43,6792.83,6792.83,6792.83,5800460000
2018-09-06,6755.14,6755.14,6404.72,6529.17,6529.17,5523470000
2018-09-07,6528.92,6555.29,6396.87,6467.07,6467.07,4264680000
2018-09-08,6460.17,6534.25,6197.52,6225.98,6225.98,3835060000
2018-09-09,6223.38,6446.26,6201.22,6300.86,6300.86,3671890000
2018-09-10,6301.57,6374.98,6292.76,6329.7,6329.7,3714100000
2018-09-11,6331.88,6398.92,6260.21,6321.2,6321.2,3849910000
2018-09-12,6317.01,6363.87,6265.09,6351.8,6351.8,4064230000
2018-09-13,6354.24,6535.41,6354.24,6517.31,6517.31,4210910000
2018-09-14,6515.41,6596.1,6456.17,6512.71,6512.71,4076220000
2018-09-15,6509.4,6561.72,6493.55,6543.2,6543.2,3216300000
2018-09-16,6536.68,6544.33,6460.1,6517.18,6517.18,3273730000
2018-09-17,6514.06,6540.21,6257.52,6281.2,6281.2,3910780000
2018-09-18,6280.91,6384.18,6265.71,6371.3,6371.3,4180090000
2018-09-19,6371.85,6448.46,6208.34,6398.54,6398.54,4431340000
2018-09-20,6398.85,6529.26,6395.95,6519.67,6519.67,4348110000
2018-09-21,6513.87,6794.33,6496.36,6734.95,6734.95,6531940000
2018-09-22,6735.05,6814.56,6616.8,6721.98,6721.98,4509660000
2018-09-23,6715.32,6766.15,6679.42,6710.63,6710.63,4197500000
2018-09-24,6704.77,6713.56,6580.9,6595.41,6595.41,4177310000
2018-09-25,6603.64,6603.64,6381.86,6446.47,6446.47,4726180000
2018-09-26,6452.79,6585.91,6397.89,6495.0,6495.0,4437300000
2018-09-27,6495.29,6712.1,6464.95,6676.75,6676.75,4606810000
2018-09-28,6678.75,6785.03,6598.32,6644.13,6644.13,5014430000
2018-09-29,6643.1,6643.1,6511.65,6601.96,6601.96,4363690000
2018-09-30,6604.71,6643.78,6566.54,6625.56,6625.56,4002280000
2018-10-01,6619.85,6653.3,6549.08,6589.62,6589.62,4000970000
2018-10-02,6593.24,6611.84,6537.9,6556.1,6556.1,3979260000
2018-10-03,6553.86,6571.46,6454.03,6502.59,6502.59,3887310000
2018-10-04,6497.91,6603.31,6497.91,6576.69,6576.69,3838410000
2018-10-05,6574.15,6623.62,6557.41,6622.48,6622.48,3671500000
2018-10-06,6622.45,6628.54,6577.8,6588.31,6588.31,3259740000
2018-10-07,6590.68,6641.49,6557.04,6602.95,6602.95,3306630000
2018-10-08,6600.19,6675.06,6576.04,6652.23,6652.23,3979460000
2018-10-09,6653.08,6661.41,6606.94,6642.64,6642.64,3580810000
2018-10-10,6640.29,6640.29,6538.96,6585.53,6585.53,3787650000
2018-10-11,6586.74,6586.74,6243.74,6256.24,6256.24,5181640000
2018-10-12,6239.25,6328.5,6236.47,6274.58,6274.58,3783500000
2018-10-13,6278.08,6308.51,6259.81,6285.99,6285.99,3064030000
2018-10-14,6288.49,6363.21,6280.15,6290.93,6290.93,3085320000
2018-10-15,6292.64,6965.06,6258.68,6596.54,6596.54,7370770000
2018-10-16,6601.41,6673.59,6571.37,6596.11,6596.11,4074800000
2018-10-17,6590.52,6601.21,6517.45,6544.43,6544.43,4088420000
2018-10-18,6542.33,6567.54,6450.04,6476.71,6476.71,3924080000
2018-10-19,6478.07,6493.68,6445.31,6465.41,6465.41,3578870000
2018-10-20,6460.92,6497.72,6449.0,6489.19,6489.19,3379130000
2018-10-21,6490.09,6556.38,6476.0,6482.35,6482.35,3253610000
2018-10-22,6486.05,6543.8,6462.98,6487.16,6487.16,3672860000
2018-10-23,6472.36,6506.01,6451.27,6475.74,6475.74,3716150000
2018-10-24,6478.89,6521.99,6468.86,6495.84,6495.84,3424670000
2018-10-25,6484.65,6504.65,6447.03,6476.29,6476.29,3230550000
2018-10-26,6468.44,6498.29,6449.61,6474.75,6474.75,3306050000
2018-10-27,6480.84,6507.41,6453.53,6480.38,6480.38,3393250000
2018-10-28,6482.66,6502.28,6447.91,6486.39,6486.39,3445190000
2018-10-29,6492.35,6503.6,6306.99,6332.63,6332.63,4199910000
2018-10-30,6337.04,6364.99,6310.14,6334.27,6334.27,3781100000
2018-10-31,6336.99,6349.16,6316.88,6317.61,6317.61,4191240000
2018-11-01,6318.14,6547.14,6311.83,6377.78,6377.78,3789400000
2018-11-02,6378.92,6396.86,6327.38,6388.44,6388.44,4234870000
2018-11-03,6387.24,6400.07,6342.37,6361.26,6361.26,3658640000
2018-11-04,6365.47,6388.63,6294.57,6376.13,6376.13,4390020000
2018-11-05,6363.62,6480.59,6363.62,6419.66,6419.66,4174800000
2018-11-06,6433.38,6463.55,6408.16,6461.01,6461.01,4700040000
2018-11-07,6468.5,6552.16,6468.31,6530.14,6530.14,4941260000
2018-11-08,6522.27,6536.92,6438.53,6453.72,6453.72,4665260000
2018-11-09,6442.6,6456.46,6373.37,6385.62,6385.62,4346820000
2018-11-10,6386.13,6437.28,6385.31,6409.22,6409.22,3705320000
2018-11-11,6413.63,6423.25,6350.17,6411.27,6411.27,3939060000
2018-11-12,6411.76,6434.21,6360.47,6371.27,6371.27,4295770000
2018-11-13,6373.19,6395.27,6342.67,6359.49,6359.49,4503800000
2018-11-14,6351.24,6371.55,5544.09,5738.35,5738.35,7398940000
2018-11-15,5736.15,5774.82,5358.38,5648.03,5648.03,7032140000
2018-11-16,5645.32,5657.02,5498.94,5575.55,5575.55,5279320000
2018-11-17,5578.58,5578.58,5519.56,5554.33,5554.33,4303150000
2018-11-18,5559.74,5653.61,5559.74,5623.54,5623.54,4159680000
2018-11-19,5620.78,5620.78,4842.91,4871.49,4871.49,7039560000
2018-11-20,4863.93,4951.61,4272.11,4451.87,4451.87,8428290000
2018-11-21,4465.54,4675.73,4343.98,4602.17,4602.17,6120120000
2018-11-22,4611.57,4629.64,4365.64,4365.94,4365.94,4569370000
2018-11-23,4360.7,4396.42,4195.68,4347.11,4347.11,4871490000
2018-11-24,4347.69,4413.09,3795.16,3880.76,3880.76,4679500000
2018-11-25,3880.78,4120.87,3585.06,4009.97,4009.97,6825640000
2018-11-26,4015.07,4107.14,3643.92,3779.13,3779.13,6476900000
2018-11-27,3765.95,3862.96,3661.01,3820.72,3820.72,5998720000
2018-11-28,3822.47,4385.9,3822.47,4257.42,4257.42,7280280000
2018-11-29,4269.0043945313,4413.02046804,4145.7651367188,4278.84645524,4278.84645524,6503347767
2018-11-30,4289.08896703,4322.97639207,3942.82208559,4017.26845712,4017.26845712,6048016717
2018-12-01,4024.46424203,4309.37731216,3969.71064261,4214.67193177,4214.67193177,5375314093
2018-12-02,4200.73317961,4301.51941165,4110.97847302,4139.8780641,4139.8780641,5262697895
2018-12-03,4147.32376691,4155.97928378,3840.44626837,3894.1309069,3894.1309069,5089570994
2018-12-04,3886.2948763,4075.62765492,3832.74993843,3956.89386975,3956.89386975,5028069239
2018-12-05,3958.89472485,3969.53585216,3753.99482663,3753.99482663,3753.99482663,5302481574
2018-12-06,3754.07446712,3874.96603127,3521.10172384,3521.10172384,3521.10172384,5878333109
2018-12-07,3512.59040851,3512.59040851,3280.22875211,3419.93720035,3419.93720035,6835615448
2018-12-08,3421.9104035,3506.04339159,3350.65070337,3476.11471452,3476.11471452,5305024497
2018-12-09,3473.22762038,3685.30559965,3469.09435766,3614.23427278,3614.23427278,4947372847
2018-12-10,3612.04639531,3647.33258231,3470.14441964,3502.65599577,3502.65599577,5020968740
2018-12-11,3497.5547337,3513.18494093,3392.2500529,3424.58807495,3424.58807495,4696765188
2018-12-12,3421.4583733,3534.22857953,3413.48135271,3486.95014412,3486.95014412,4139364829
2018-12-13,3487.87935755,3489.73939494,3298.13196161,3313.67725772,3313.67725772,4343372456
2018-12-14,3311.75191371,3329.55602092,3206.54229103,3242.48476281,3242.48476281,4372763663
2018-12-15,3243.99754038,3275.37782696,3191.30356157,3236.76164502,3236.76164502,3551763561
2018-12-16,3236.2747733,3305.75310795,3233.81979097,3252.83902595,3252.83902595,3744248994
2018-12-17,3253.12299273,3597.9178885,3253.12299273,3545.86476058,3545.86476058,5409247918
2018-12-18,3544.76156472,3701.34942887,3487.16920219,3696.05912776,3696.05912776,5911325473
2018-12-19,3706.82484989,3949.32295089,3687.23002226,3745.95076478,3745.95076478,6810689119
2018-12-20,3742.19518335,4191.22870639,3728.97463571,4134.44120304,4134.44120304,8927129279
2018-12-21,4133.703587,4198.42957996,3850.94616856,3896.54371704,3896.54371704,7206015706
2018-12-22,3898.08367671,4014.18251388,3855.73893391,4014.18251388,4014.18251388,5605823233
2018-12-23,4020.99467354,4085.72358463,3976.4057328,3998.98034184,3998.98034184,6151275490
2018-12-24,4000.33178206,4271.79245,4000.33178206,4078.59919478,4078.59919478,7240968501
2018-12-25,4081.03047102,4089.56159334,3760.02039224,3815.49060966,3815.49060966,6158207293
2018-12-26,3819.66669066,3893.35973112,3769.86381605,3857.29751969,3857.29751969,5326547918
2018-12-27,3854.68857317,3874.41687968,3645.44843766,3654.83353854,3654.83353854,5130222366
2018-12-28,3653.13192864,3956.13609361,3642.63210325,3923.91859424,3923.91859424,5631554348
2018-12-29,3932.49180904,3963.75880829,3820.40868219,3820.40868219,3820.40868219,4991655917
2018-12-30,3822.38483485,3901.9090157,3797.21912198,3865.95257679,3865.95257679,4770578575
2018-12-31,3866.83899926,3868.74298842,3725.86749335,3742.70033544,3742.70033544,4661840806
2019-01-01,3746.71338747,3850.91376479,3707.23130258,3843.51996727,3843.51996727,4324200990
2019-01-02,3849.21640853,3947.9812729,3817.40949569,3943.40933686,3943.40933686,5244856836
2019-01-03,3931.04863841,3935.68513083,3826.22287069,3836.74131867,3836.74131867,4530215219
2019-01-04,3832.03996811,3865.93453193,3783.8536653,3857.71761887,3857.71761887,4847965467
2019-01-05,3851.97396457,3904.90309592,3836.90012599,3845.19446017,3845.19446017,5137609824
2019-01-06,3836.51915828,4093.29744447,3826.51306238,4076.63268458,4076.63268458,5597027440
2019-01-07,4078.58505461,4092.61343706,4020.89395079,4025.24828708,4025.24828708,5228625637
2019-01-08,4028.47207166,4109.02106516,3996.95525626,4030.84799935,4030.84799935,5306593305
2019-01-09,4031.55201569,4068.40358144,4022.66280883,4035.29636921,4035.29636921,5115905225
2019-01-10,4034.41144545,4064.06655088,3659.17453883,3678.92468128,3678.92468128,6874143796
2019-01-11,3674.01543102,3713.88184691,3653.06980474,3687.3654818,3687.3654818,5538712865
2019-01-12,3686.97309735,3698.9783488,3653.81085703,3661.30098975,3661.30098975,4778170883
2019-01-13,3658.86811698,3674.75998688,3544.92722821,3552.95306759,3552.95306759,4681302466
2019-01-14,3557.31113168,3727.83629128,3552.28515158,3706.05222041,3706.05222041,5651384490
2019-01-15,3704.21630768,3720.15341533,3619.94912664,3630.67522467,3630.67522467,5537192302
2019-01-16,3631.5098712,3685.77705953,3624.67338834,3655.00688578,3655.00688578,5394457145
2019-01-17,3651.87098588,3680.13601133,3621.96099215,3678.56397636,3678.56397636,5464420383
2019-01-18,3677.99058389,3682.52000204,3637.08086521,3657.83943502,3657.83943502,5002961727
2019-01-19,3652.37783507,3758.53352345,3652.37783507,3728.56836493,3728.56836493,5955691380
2019-01-20,3725.44612463,3743.38797121,3583.01948596,3601.0135915,3601.0135915,5582489560
2019-01-21,3600.37273885,3608.84084892,3558.53714829,3576.03243928,3576.03243928,5004347059
2019-01-22,3575.08123989,3620.74655094,3539.72132372,3604.57705248,3604.57705248,5313623556
2019-01-23,3605.55702187,3623.06775216,3565.31403323,3585.12306636,3585.12306636,5433755649
2019-01-24,3584.5003014,3616.08741447,3569.09284671,3600.86550122,3600.86550122,5262869046
2019-01-25,3607.3903841,3612.92766233,3575.59733314,3599.7658879,3599.7658879,5265847539
2019-01-26,3599.7153629,3654.93319305,3593.34583728,3602.46043861,3602.46043861,5098183235
2019-01-27,3604.68726747,3612.67142766,3567.24575778,3583.96576317,3583.96576317,5570752966
2019-01-28,3584.28327917,3586.75087826,3439.23300929,3470.45054223,3470.45054223,6908930483
2019-01-29,3468.87015541,3476.06536415,3400.81972619,3448.11702209,3448.11702209,5897159493
2019-01-30,3443.89706175,3495.1748876,3429.38794807,3486.18175093,3486.18175093,5955112627
2019-01-31,3485.40928952,3504.80488538,3447.91581548,3457.79274724,3457.79274724,5831198271
2019-02-01,3460.54712403,3501.95413455,3431.59149165,3487.94538683,3487.94538683,5422926707
2019-02-02,3484.62588008,3523.28733174,3467.57468262,3521.06078726,3521.06078726,5071623601
2019-02-03,3516.13956776,3521.38822007,3447.92431416,3464.01332586,3464.01332586,5043937584
2019-02-04,3467.2116661,3476.22377768,3442.5869204,3459.15414635,3459.15414635,5332718886
2019-02-05,3454.9508136,3478.14811641,3451.93695191,3466.35743916,3466.35743916,5227549545
2019-02-06,3469.09170088,3469.09170088,3398.56538208,3413.7677183,3413.7677183,5482196038
2019-02-07,3414.92953864,3427.94560955,3394.21860755,3399.47164359,3399.47164359,5004962683
2019-02-08,3401.37643333,3695.61397521,3391.02375248,3666.78035061,3666.78035061,7735623101
2019-02-09,3671.58595682,3679.94151048,3646.55933455,3671.20370545,3671.20370545,6158833645
2019-02-10,3673.20153682,3695.03601276,3640.97995463,3690.18824383,3690.18824383,6282256903
2019-02-11,3695.61303928,3695.61303928,3642.28773261,3648.43062774,3648.43062774,6277056434
2019-02-12,3642.75185939,3668.58683348,3618.55692543,3653.52864497,3653.52864497,6480384532
2019-02-13,3653.60399078,3669.74651062,3617.2464285,3632.07060268,3632.07060268,6438903823
2019-02-14,3631.17019256,3646.25659694,3607.69780014,3616.88097021,3616.88097021,6271044418
2019-02-15,3617.36836687,3647.7950639,3608.20643294,3620.81075285,3620.81075285,6091952231
2019-02-16,3615.27026725,3652.84126709,3615.27026725,3629.78749138,3629.78749138,5934744052
2019-02-17,3633.35947964,3680.53728847,3619.18213016,3673.83629289,3673.83629289,7039512503
2019-02-18,3671.36998898,3936.66500089,3669.98232379,3915.71447331,3915.71447331,9908216640
2019-02-19,3911.66152075,4010.87942178,3908.15296756,3947.09440657,3947.09440657,9933626655
2019-02-20,3946.68498546,4000.48629461,3926.24692473,3999.82050882,3999.82050882,8693373948
2019-02-21,4000.25678662,4010.009483,3940.10818712,3954.1182433,3954.1182433,7775128102
2019-02-22,3952.4063737,4006.53838667,3950.81642747,4005.52660406,4005.52660406,7826525254
2019-02-23,3998.91627262,4166.28616128,3968.72669838,4142.52692999,4142.52692999,8922258316
2019-02-24,4145.45786231,4210.64175454,3793.70900544,3810.42743065,3810.42743065,10794227451
2019-02-25,3807.00244566,3913.70726513,3807.00244566,3882.69629339,3882.69629339,9318796067
2019-02-26,3878.6973183,3891.57896247,3837.98643789,3854.35793575,3854.35793575,7931218996
2019-02-27,3857.47978186,3888.80258758,3787.05877702,3851.04747978,3851.04747978,8301309684
2019-02-28,3848.2620255,3906.0584282,3845.82138085,3854.78528208,3854.78528208,8399767798
2019-03-01,3853.75713203,3907.79548566,3851.69234979,3859.58375221,3859.58375221,7661247975
2019-03-02,3855.31822217,3874.60748448,3832.12797211,3864.41510673,3864.41510673,7578786076
2019-03-03,3862.26616642,3875.48371414,3836.90573367,3847.17569934,3847.17569934,7253558152
2019-03-04,3845.09155774,3867.38181147,3733.74966077,3761.55701842,3761.55701842,9029175788
2019-03-05,3759.83244114,3903.91675352,3745.18318172,3896.37502308,3896.37502308,10174126415
2019-03-06,3897.08106256,3919.51051824,3871.46059394,3903.9425832,3903.9425832,9175291529
2019-03-07,3903.3847998,3939.37339556,3894.11295638,3911.4842891,3911.4842891,9584165519
2019-03-08,3913.22593587,3950.43223806,3875.22842393,3901.13162355,3901.13162355,10638638944
2019-03-09,3894.55252613,3987.23778458,3892.39046739,3963.31374243,3963.31374243,10796103518
2019-03-10,3966.1742332,3966.1742332,3924.38105934,3951.59982769,3951.59982769,9713267607
2019-03-11,3953.74017402,3966.38473672,3889.23913266,3905.22731979,3905.22731979,10125901903
2019-03-12,3903.75829416,3926.88908293,3863.55909997,3909.15620907,3909.15620907,9809887079
2019-03-13,3913.047443,3926.59772853,3891.90419153,3906.71716859,3906.71716859,9469184841
2019-03-14,3905.57699911,3946.50428698,3901.2968769,3924.369118,3924.369118,10480789570
2019-03-15,3926.66323109,3968.54286634,3914.01535654,3960.91118728,3960.91118728,9394210605
2019-03-16,3963.90011952,4077.03628216,3961.6575267,4048.72590374,4048.72590374,9856166973
2019-03-17,4047.71957111,4054.12201368,4006.41114819,4025.22897966,4025.22897966,8221625400
2019-03-18,4029.96845808,4071.55673145,4009.11722623,4032.50738522,4032.50738522,9646954186
2019-03-19,4032.69200717,4082.21601126,4023.81254521,4071.19020004,4071.19020004,9344919956
2019-03-20,4070.7940175,4089.46189246,4031.11074047,4087.47629856,4087.47629856,10175916388
2019-03-21,4083.95389256,4097.35995254,4005.15127452,4029.32690706,4029.32690706,10831212662
2019-03-22,4028.51456305,4053.90667736,4021.54243412,4023.96816173,4023.96816173,9252935969
2019-03-23,4022.71330744,4049.88248617,4015.96469723,4035.82635079,4035.82635079,9578850549
2019-03-24,4035.16354472,4040.69962534,4006.19284731,4022.1682822,4022.1682822,9144851065
2019-03-25,4024.11267975,4038.84089385,3934.03136241,3963.07065416,3963.07065416,10359818883
2019-03-26,3969.22885592,3985.08080287,3944.75317214,3985.08080287,3985.08080287,10707678815
2019-03-27,3984.24481868,4087.06622992,3977.81046621,4087.06622992,4087.06622992,10897131934
2019-03-28,4087.584591,4094.90217427,4040.26644055,4069.10714977,4069.10714977,9353915899
2019-03-29,4068.29989093,4113.50083216,4034.09716136,4098.37454059,4098.37454059,10918665557
2019-03-30,4092.13616358,4296.8066502,4053.90965067,4106.66008466,4106.66008466,9732688060
2019-03-31,4105.45617673,4113.02361297,4094.10084931,4105.40429618,4105.40429618,9045122443
2019-04-01,4105.36242087,4164.95332383,4096.90125463,4158.18307045,4158.18307045,10157794171
2019-04-02,4156.91964324,4905.95443266,4155.31667828,4879.87782845,4879.87782845,21315047816
2019-04-03,4879.95813337,5307.00360895,4876.62131112,4973.02181522,4973.02181522,22899891582
2019-04-04,4971.30774104,5063.1597258,4836.79382246,4922.79878778,4922.79878778,18251810240
2019-04-05,4922.80611783,5053.50997402,4919.49163361,5036.68110011,5036.68110011,16837325387
2019-04-06,5036.79302365,5205.82193076,4992.22200103,5059.81718799,5059.81718799,16929795194
2019-04-07,5062.79376134,5235.1864351,5050.41230153,5198.89699014,5198.89699014,16655416140
2019-04-08,5199.83537777,5318.83648777,5148.21181354,5289.77104039,5289.77104039,17154113634
2019-04-09,5289.91798137,5289.91798137,5167.41905834,5204.95837847,5204.95837847,14722104361
2019-04-10,5204.10530845,5421.65146794,5193.38250879,5324.5518687,5324.5518687,15504590933
2019-04-11,5325.08155529,5354.22546556,5017.29640976,5064.48767243,5064.48767243,16555616019
2019-04-12,5061.20088735,5103.27440858,4955.85259984,5089.53891201,5089.53891201,13675206313
2019-04-13,5088.84997329,5127.12209428,5061.58936959,5096.58656276,5096.58656276,10823289598
2019-04-14,5095.75863359,5184.01606396,5053.56858614,5167.72236684,5167.72236684,10391952498
2019-04-15,5167.32198286,5196.60679923,5024.06937381,5067.10847228,5067.10847228,12290155061
2019-04-16,5066.57760057,5238.9452381,5055.19496077,5235.55941893,5235.55941893,11618660197
2019-04-17,5236.13523984,5274.27555335,5219.20559934,5251.93818854,5251.93818854,12438480677
2019-04-18,5251.48069196,5319.98611387,5250.50665911,5298.38569881,5298.38569881,13256489918
2019-04-19,5298.15452927,5336.68000293,5233.33520521,5303.81261613,5303.81261613,13780238655
2019-04-20,5304.1605399,5358.49049306,5295.87771212,5337.8861323,5337.8861323,13169647522
2019-04-21,5335.87896599,5359.92503038,5257.33953186,5314.5314532,5314.5314532,13731844223
2019-04-22,5312.49464201,5422.68742206,5280.27672867,5399.36541009,5399.36541009,14601631648
2019-04-23,5399.36570489,5633.80205461,5389.40888788,5572.36206051,5572.36206051,15867308108
2019-04-24,5571.50817669,5642.04459312,5418.26332858,5464.86664182,5464.86664182,17048033399
2019-04-25,5466.52427676,5542.23830474,5181.33901806,5210.51555862,5210.51555862,15330283408
2019-04-26,5210.30491981,5383.63441532,5177.36851375,5279.34821147,5279.34821147,16812108040
2019-04-27,5279.47114181,5310.75014488,5233.63572083,5268.29106346,5268.29106346,13111274675
2019-04-28,5271.74639378,5326.23201477,5255.68374555,5285.13900822,5285.13900822,12819992056
2019-04-29,5284.85852173,5311.27468235,5216.48796096,5247.35253746,5247.35253746,13735490672
2019-04-30,5247.72588172,5363.25752308,5224.18984511,5350.72669668,5350.72669668,13878964574
2019-05-01,5350.91450555,5418.004045,5347.6461061,5402.69709069,5402.69709069,13679528236
2019-05-02,5402.42286531,5522.26255673,5394.21751696,5505.28367176,5505.28367176,14644460907
2019-05-03,5505.55237976,5865.88207851,5490.2018629,5768.28940693,5768.28940693,18720780006
2019-05-04,5769.20253322,5886.8934994,5645.46932165,5831.16747167,5831.16747167,17567780766
2019-05-05,5831.06846097,5833.86291815,5708.03512399,5795.70842926,5795.70842926,14808830723
2019-05-06,5791.69326658,5802.95753492,5653.68761092,5746.80700343,5746.80700343,15737171804
2019-05-07,5745.59904909,5988.17834158,5741.39591074,5829.50151628,5829.50151628,18026409033
2019-05-08,5849.48135039,5989.98114696,5794.71564865,5982.45732286,5982.45732286,15320605300
2019-05-09,5982.31627033,6183.03929388,5982.31627033,6174.52868876,6174.52868876,16784645411
2019-05-10,6175.82273778,6434.61766164,6161.51907243,6378.8489737,6378.8489737,19419875368
2019-05-11,6379.66690526,7333.00312262,6375.69861161,7204.77169716,7204.77169716,28867562329
2019-05-12,7203.50752166,7503.87183327,6815.77092608,6972.37152291,6972.37152291,27773333680
2019-05-13,6971.17820581,8047.41300187,6898.2824267,7814.91513992,7814.91513992,28677672181
2019-05-14,7807.88444936,8268.71267944,7696.39104325,7994.41615632,7994.41615632,32031452227
2019-05-15,7989.37450547,8216.42381116,7899.10688404,8205.16749484,8205.16749484,28344112920
2019-05-16,8194.50090343,8320.82435452,7729.60838515,7884.90929094,7884.90929094,33167197581
2019-05-17,7886.92599261,7929.14555093,7038.12453946,7343.89571659,7343.89571659,30066644905
2019-05-18,7341.66441915,7447.2717408,7251.50451112,7271.20790408,7271.20790408,21354286562
2019-05-19,7267.96301884,8261.94116696,7267.96301884,8197.68969114,8197.68969114,25902422040
2019-05-20,8196.92393539,8200.96799673,7678.78158711,7978.30907244,7978.30907244,23843404340
2019-05-21,7977.96936984,8062.16804044,7843.33978307,7963.32777911,7963.32777911,25127245056
2019-05-22,7956.29214912,7997.61243859,7615.98748467,7680.06654589,7680.06654589,24719473175
2019-05-23,7677.26883391,7943.79138993,7533.196693,7881.84672105,7881.84672105,24457107820
2019-05-24,7881.6953208,8140.71991773,7824.44888684,7987.37156583,7987.37156583,25919126991
2019-05-25,7991.88503911,8117.92594496,7965.97621163,8052.54385907,8052.54385907,22256813107
2019-05-26,8055.20591925,8687.52079924,7924.67019111,8673.21603511,8673.21603511,26677970092
2019-05-27,8674.07240318,8907.17444077,8668.70492015,8805.7783766,8805.7783766,27949839564
2019-05-28,8802.75819975,8807.01613958,8634.72130428,8719.9617362,8719.9617362,24226919267
2019-05-29,8718.59132866,8755.85207898,8482.72893785,8659.48775584,8659.48775584,23473479966
2019-05-30,8661.76050606,9008.31456846,8221.27336604,8319.47222898,8319.47222898,29246528551
2019-05-31,8320.28637611,8586.65937818,8172.55084356,8574.50164907,8574.50164907,25365190957
2019-06-01,8573.83972489,8625.60025901,8481.57822194,8564.01647182,8564.01647182,22488303544
2019-06-02,8565.47326214,8809.30399136,8561.23513935,8742.95810038,8742.95810038,20266216022
2019-06-03,8741.74721596,8743.50012386,8204.18581516,8208.99482964,8208.99482964,22004511436
2019-06-04,8210.98582388,8210.98582388,7564.48860353,7707.77077085,7707.77077085,24609731549
2019-06-05,7704.34318039,7901.8489052,7668.6687003,7824.23153913,7824.23153913,21760923463
2019-06-06,7819.63337781,7937.34087946,7571.47097209,7822.02338228,7822.02338228,19474611077
2019-06-07,7826.90126518,8126.15348327,7788.3733918,8043.95135807,8043.95135807,19141423231
2019-06-08,8036.774936,8076.89110147,7837.61096128,7954.12772355,7954.12772355,16522722810
2019-06-09,7949.67470562,7975.97432619,7583.21971271,7688.07711075,7688.07711075,16610726547
2019-06-10,7692.28467885,8031.90989621,7586.73084679,8000.32982299,8000.32982299,18689275117
2019-06-11,8004.24354228,8026.3942184,7772.80393035,7927.71435114,7927.71435114,17107279932
2019-06-12,7925.43410401,8196.64825685,7862.3597896,8145.85747373,8145.85747373,19034432883
2019-06-13,8145.54523047,8311.56742951,8087.06116595,8230.92383068,8230.92383068,18669407147
2019-06-14,8230.89877378,8710.63642127,8183.39293312,8693.83281543,8693.83281543,19831162906
2019-06-15,8689.74641372,8859.12746691,8618.39596373,8838.37523367,8838.37523367,18371033226
2019-06-16,8841.44078361,9335.86694232,8814.55645906,8994.48801293,8994.48801293,23348550311
2019-06-17,8988.92370914,9416.40744016,8988.92370914,9320.35218253,9320.35218253,15562951919
2019-06-18,9335.46690152,9348.37442796,9004.90174624,9081.76285149,9081.76285149,15848210536
2019-06-19,9078.72760253,9299.62104446,9070.39599386,9273.52176614,9273.52176614,15546809946
2019-06-20,9273.06078283,9594.42027595,9232.48426293,9527.16035008,9527.16035008,17846823784
2019-06-21,9525.07460809,10144.5567168,9525.07460809,10144.5567168,10144.5567168,20624008643
2019-06-22,10175.9239561,11157.3455164,10107.0352041,10701.691013,10701.691013,29995204861
2019-06-23,10696.6909289,11246.1441834,10556.095932,10855.3710156,10855.3710156,20998326502
2019-06-24,10853.7438384,11065.8960178,10610.4280819,11011.1024485,11011.1024485,19271652365
2019-06-25,11007.2020736,11790.916533,11007.2020736,11790.916533,11790.916533,24879684533
2019-06-26,11778.5811328,13796.4890807,11755.597775,13016.2317442,13016.2317442,45105733173
2019-06-27,13017.1248668,13311.1443049,10491.8523044,11182.8062855,11182.8062855,39977475223
2019-06-28,11162.1678255,12445.1752203,10914.4948615,12407.331998,12407.331998,35087757766
2019-06-29,12400.7636934,12400.910221,11508.3784271,11959.3709764,11959.3709764,29923961128
2019-06-30,11931.990728,12178.3833598,10799.0085788,10817.1555981,10817.1555981,27256473494
2019-07-01,10796.9306183,11206.4398606,10089.3143739,10583.1345195,10583.1345195,29378589324
2019-07-02,10588.6836947,10912.1886159,9737.88454398,10801.6779238,10801.6779238,31015895223
2019-07-03,10818.1558221,11968.0776971,10818.1558221,11961.2693412,11961.2693412,30796494294
2019-07-04,11972.7185797,12006.0753559,11166.5688601,11215.4375483,11215.4375483,25920294033
2019-07-05,11203.1024876,11395.6613596,10874.9649233,10978.4599518,10978.4599518,23838480210
2019-07-06,10982.5439142,11620.9651525,10982.5439142,11208.5508454,11208.5508454,21092024306
2019-07-07,11217.6159338,11541.6198726,11148.8048129,11450.8467553,11450.8467553,19369044277
2019-07-08,11446.5971553,12345.8331464,11393.3743129,12285.958217,12285.958217,23482551458
2019-07-09,12284.3264649,12779.1320971,12233.2620314,12573.8129407,12573.8129407,28167921523
2019-07-10,12571.5371616,13129.5289339,11710.9784147,12156.5126313,12156.5126313,33627574244
2019-07-11,12139.7138379,12144.6227945,11158.9228142,11358.661752,11358.661752,28595327690
2019-07-12,11354.299624,11905.4870064,11179.1448437,11815.9866867,11815.9866867,23534692797
2019-07-13,11813.1273165,11841.9572004,10908.4793185,11392.3793357,11392.3793357,21042616384
2019-07-14,11381.0208987,11451.2037673,10234.5764143,10256.0582756,10256.0582756,22486000001
2019-07-15,10257.8385363,11052.7667966,9992.00724951,10895.0893874,10895.0893874,25384047207
2019-07-16,10896.6533265,10996.6332798,9448.1067483,9477.64204235,9477.64204235,24151199070
2019-07-17,9471.21400074,9963.13442838,9163.13464449,9693.80272448,9693.80272448,24569921549
2019-07-18,9698.50274016,10736.8430131,9376.79846015,10666.4828491,10666.4828491,25187024648
2019-07-19,10653.956443,10716.9806727,10229.6289244,10530.7326264,10530.7326264,20727426310
2019-07-20,10525.819,11048.6623461,10451.2760142,10767.1395226,10767.1395226,20206615155
2019-07-21,10777.5296892,10841.8877848,10389.5998035,10599.1053965,10599.1053965,17130580467
2019-07-22,10596.9480747,10651.7912019,10154.9215831,10343.1061684,10343.1061684,16334414913
2019-07-23,10346.7477047,10346.7477047,9883.59513007,9900.76801058,9900.76801058,17851916995
2019-07-24,9887.73084418,9908.7972369,9614.30658327,9811.92618837,9811.92618837,17398734322
2019-07-25,9809.09690775,10154.2540296,9773.95670972,9911.84226491,9911.84226491,15821952090
2019-07-26,9913.12718948,9916.51772964,9717.9822414,9870.30353766,9870.30353766,14495714483
2019-07-27,9871.16499086,10167.3205575,9411.52180812,9477.67767811,9477.67767811,16817809536
2019-07-28,9491.62688749,9575.54534858,9252.2968633,9552.86043541,9552.86043541,13738687093
2019-07-29,9548.17889422,9681.64800826,9472.94833737,9519.14591371,9519.14591371,13791445323
2019-07-30,9522.32895542,9701.7593939,9437.3362874,9607.42368665,9607.42368665,13829811132
2019-07-31,9604.05115871,10085.6277491,9598.09768275,10085.6277491,10085.6277491,16631520648
2019-08-01,10077.442592,10446.9203303,9922.01981608,10399.6694229,10399.6694229,17165337858
2019-08-02,10402.0434274,10657.95271,10371.0139875,10518.1746772,10518.1746772,17489094082
2019-08-03,10519.278349,10946.7813264,10503.5043975,10821.7265103,10821.7265103,15352685061
2019-08-04,10821.6329392,11009.2069143,10620.2782517,10970.1842157,10970.1842157,16530894787
2019-08-05,10960.7357349,11895.0919275,10960.7357349,11805.6537253,11805.6537253,23875988832
2019-08-06,11811.5450274,12273.8213783,11290.7316542,11478.1693461,11478.1693461,23635107660
2019-08-07,11476.1934394,12036.9898905,11433.701205,11941.9683406,11941.9683406,22194988641
2019-08-08,11954.0403364,11979.4201746,11556.1684508,11966.407405,11966.407405,19481591730
2019-08-09,11953.4695395,11970.4577149,11709.7453788,11862.93676,11862.93676,18339989960
2019-08-10,11861.5566954,11915.6552603,11323.8987573,11354.0242177,11354.0242177,18125355447
2019-08-11,11349.7398943,11523.5793784,11248.2948234,11523.5793784,11523.5793784,15774371518
2019-08-12,11528.1893667,11528.1893667,11320.9515001,11382.6159562,11382.6159562,13647198229
2019-08-13,11385.0524972,11420.0498609,10830.3269144,10895.8304358,10895.8304358,16681503537
2019-08-14,10889.4877427,10889.5569207,10028.1353635,10051.7039313,10051.7039313,19990838300
2019-08-15,10038.4217089,10437.4106507,9675.3164202,10311.545429,10311.545429,22899115082
2019-08-16,10319.4203458,10524.3498284,9855.47883007,10374.3393471,10374.3393471,20228207096
2019-08-17,10358.7225407,10452.6246924,10086.6979603,10231.7438454,10231.7438454,13778035685
2019-08-18,10233.0062966,10487.070244,10119.0946079,10345.8103795,10345.8103795,12999813869
2019-08-19,10350.283631,10916.0538702,10313.2044338,10916.0538702,10916.0538702,16038264603
2019-08-20,10916.3467171,10947.0417192,10618.9606782,10763.2326304,10763.2326304,15053082175
2019-08-21,10764.5727493,10798.7297949,9962.7216442,10138.049355,10138.049355,19473084768
2019-08-22,10142.52143,10232.9960286,9831.46262049,10131.0561021,10131.0561021,17097508856
2019-08-23,10136.3095336,10442.4435166,10078.1927261,10407.965329,10407.965329,15627023886
2019-08-24,10407.6442328,10418.0204345,9982.29685483,10159.9605385,10159.9605385,15451030650
2019-08-25,10160.7370213,10304.6222586,10008.7887534,10138.517665,10138.517665,14153856610
2019-08-26,10126.2995187,10512.3277534,10126.2995187,10370.8201605,10370.8201605,18438654080
2019-08-27,10372.8263035,10381.3283434,10087.3005576,10185.4998997,10185.4998997,14762609503
2019-08-28,10203.4268025,10279.3659944,9716.65581044,9754.42327325,9754.42327325,17603790323
2019-08-29,9756.78570735,9756.78570735,9421.63015965,9510.20054413,9510.20054413,17045878501
2019-08-30,9514.84485249,9656.12392624,9428.30239699,9598.17364826,9598.17364826,13595263986
2019-08-31,9597.5394476,9673.22043974,9531.79983914,9630.66384768,9630.66384768,11454806419
2019-09-01,9630.59319616,9796.75596805,9582.94463078,9757.97031807,9757.97031807,11445355859
2019-09-02,9757.47323681,10396.5913249,9730.65071681,10346.7607927,10346.7607927,17248102294
2019-09-03,10345.7251399,10736.1047208,10308.5478807,10623.5401172,10623.5401172,19384917989
2019-09-04,10621.1803306,10762.6442123,10434.7103971,10594.4933536,10594.4933536,16742664769
2019-09-05,10588.1840215,10627.2698685,10516.4182336,10575.533284,10575.533284,14551239508
2019-09-06,10578.1978276,10898.7621803,10292.3001305,10353.3025592,10353.3025592,19536574783
2019-09-07,10353.9315807,10558.673705,10348.9192522,10517.254784,10517.254784,15307366476
2019-09-08,10518.1141171,10595.6380804,10409.091259,10441.275979,10441.275979,13670567493
2019-09-09,10443.2285007,10450.3115318,10144.929455,10334.9741628,10334.9741628,17595943368
2019-09-10,10336.4084054,10394.3539227,10020.5734003,10115.9757913,10115.9757913,14906809639
2019-09-11,10123.0347321,10215.9477875,9980.77667261,10178.3718893,10178.3718893,15428063426
2019-09-12,10176.8193616,10442.2538742,10099.2419536,10410.1268031,10410.1268031,15323563925
2019-09-13,10415.3625333,10441.4890164,10226.5969003,10360.5472773,10360.5472773,14109864675
2019-09-14,10345.4037591,10422.1334739,10291.6944928,10358.0491621,10358.0491621,13468713124
2019-09-15,10356.4657676,10387.0348987,10313.092448,10347.7129074,10347.7129074,12043433567
2019-09-16,10347.2222579,10386.8668661,10189.7445857,10276.7935649,10276.7935649,15160167779
2019-09-17,10281.5133161,10296.7717172,10199.7397431,10241.2721545,10241.2721545,15304603363
2019-09-18,10247.7960832,10275.9290823,10191.4695236,10198.2484072,10198.2484072,16169268880
2019-09-19,10200.4958846,10295.6689895,9851.69215634,10266.4149694,10266.4149694,19937691247
2019-09-20,10266.3185338,10285.8722648,10132.1861639,10181.6413094,10181.6413094,14734189639
2019-09-21,10183.6480972,10188.0979122,10000.7080483,10019.7169101,10019.7169101,13425266806
2019-09-22,10024.1152629,10074.4444155,9922.53339543,10070.3921064,10070.3921064,13199651698
2019-09-23,10067.9626513,10074.238246,9727.14357367,9729.32376435,9729.32376435,15144925408
2019-09-24,9729.32139737,9804.31716645,8370.80138242,8620.56642733,8620.56642733,25002886689
2019-09-25,8603.42867242,8744.82844926,8325.39633159,8486.99297206,8486.99297206,21744728353
2019-09-26,8487.66958635,8515.68528527,7895.6296228,8118.96756783,8118.96756783,19258205289
2019-09-27,8113.10095,8271.52075751,7965.92265351,8251.84555744,8251.84555744,16408941156
2019-09-28,8251.27362342,8285.6167637,8125.43166316,8245.91515478,8245.91515478,14141152736
2019-09-29,8246.03737695,8261.70737338,7990.49716007,8104.18567564,8104.18567564,13034629109
2019-09-30,8104.22636732,8314.23099666,7830.75876126,8293.86774062,8293.86774062,17115474183
2019-10-01,8299.72110496,8497.6920351,8232.67960132,8343.2766814,8343.2766814,15305343413
2019-10-02,8344.21264933,8393.04164486,8227.69570267,8393.04164486,8393.04164486,13125712443
2019-10-03,8390.77428822,8414.22717061,8146.43684146,8259.99197863,8259.99197863,13668823409
2019-10-04,8259.49447523,8260.05563096,8151.23660841,8205.93924121,8205.93924121,13139456229
2019-10-05,8210.14909246,8215.52593054,8071.12083379,8151.50052921,8151.50052921,12200497197
2019-10-06,8149.87688203,8161.41016074,7958.85083002,7988.15595888,7988.15595888,13160830305
2019-10-07,7989.12044675,8308.45022135,7905.76589842,8245.622933,8245.622933,18009742607
2019-10-08,8246.84962925,8332.71517142,8185.7629675,8228.7831528,8228.7831528,15592264032
2019-10-09,8229.84046087,8627.70620766,8169.29898629,8595.73981722,8595.73981722,19384942333
2019-10-10,8585.2798473,8625.27283353,8471.93362208,8586.47342543,8586.47342543,17618660671
2019-10-11,8585.26280768,8721.78072149,8316.18140086,8321.75671178,8321.75671178,19604381101
2019-10-12,8315.66465289,8415.24222171,8313.34130028,8336.55527417,8336.55527417,14532641605
2019-10-13,8336.90223051,8470.98789038,8276.61224603,8321.00574668,8321.00574668,13808286059
2019-10-14,8320.83224411,8390.20904169,8284.13119151,8374.6864467,8374.6864467,15151387859
2019-10-15,8373.45825537,8410.71471368,8182.70662559,8205.36931588,8205.36931588,15220412632
2019-10-16,8204.67452005,8216.81221666,7985.08963712,8047.52686305,8047.52686305,16071646996
2019-10-17,8047.81274259,8134.8314486,8000.94263465,8103.91137325,8103.91137325,14313052244
2019-10-18,8100.93361588,8138.41371165,7902.16409743,7973.20744597,7973.20744597,15651592610
2019-10-19,7973.8037681,8082.62930791,7944.7770508,7988.56044241,7988.56044241,13797825640
2019-10-20,7997.8070221,8281.81863723,7949.43922655,8222.07826034,8222.07826034,15504249442
2019-10-21,8225.11518823,8296.69397668,8196.41634287,8243.72113905,8243.72113905,15868748866
2019-10-22,8243.40209165,8296.65115115,8074.46280468,8078.20332194,8078.20332194,16803377857
2019-10-23,8076.22846601,8092.99949202,7469.32269922,7514.67201276,7514.67201276,21942878958
2019-10-24,7509.72818274,7532.86765606,7446.98855091,7493.48873154,7493.48873154,16268708849
2019-10-25,7490.70317641,8691.53999754,7479.98432283,8660.70063696,8660.70063696,28705065488
2019-10-26,8667.57715496,10021.743983,8662.62237955,9244.97220867,9244.97220867,44496255609
2019-10-27,9241.70707513,9749.52966634,9112.54182017,9551.7149631,9551.7149631,32593129501
2019-10-28,9565.10188348,9805.11808945,9256.14838876,9256.14838876,9256.14838876,30948255332
2019-10-29,9248.4405622,9516.18104772,9232.64808578,9427.68758384,9427.68758384,28426779937
2019-10-30,9422.4633254,9426.87421747,9085.3703568,9205.72655905,9205.72655905,27706531577
2019-10-31,9202.45758879,9383.16089153,9028.71744031,9199.58483269,9199.58483269,26583653947
2019-11-01,9193.99198943,9275.65727074,9132.04757639,9261.104352,9261.104352,24324691031
2019-11-02,9259.78300285,9377.48656728,9249.58772699,9324.71776331,9324.71776331,21242676385
2019-11-03,9324.78683223,9379.80687235,9141.25199093,9235.35487947,9235.35487947,21132220847
2019-11-04,9235.60706498,9505.05167619,9191.48573922,9412.61187106,9412.61187106,26170255634
2019-11-05,9413.00494286,9457.41843455,9256.93201502,9342.52717939,9342.52717939,26198609048
2019-11-06,9340.86427973,9423.23703723,9305.90931362,9360.87991187,9360.87991187,23133895765
2019-11-07,9352.39346741,9368.47622343,9202.35313712,9267.56114253,9267.56114253,22700383839
2019-11-08,9265.36833744,9272.75941894,8775.53408279,8804.88071936,8804.88071936,24333037836
2019-11-09,8809.46919831,8891.81831071,8793.16349154,8813.58248677,8813.58248677,17578630606
2019-11-10,8812.48953287,9103.82584426,8806.16233361,9055.52605732,9055.52605732,20587919881
2019-11-11,9056.91770059,9081.27928096,8700.60878725,8757.78854226,8757.78854226,20265510765
2019-11-12,8759.75190096,8853.76817777,8685.42814321,8815.66253925,8815.66253925,20309769107
2019-11-13,8812.03362864,8836.84179047,8761.6511216,8808.2625823,8808.2625823,17545755405
2019-11-14,8811.93633174,8826.94365923,8692.55188007,8708.09509517,8708.09509517,19084739975
2019-11-15,8705.70810061,8730.8734266,8484.84418485,8491.99201234,8491.99201234,21796856471
2019-11-16,8491.16631667,8591.99724097,8473.97406353,8550.76055694,8550.76055694,16495389808
2019-11-17,8549.47090893,8727.78922661,8500.96788688,8577.9757816,8577.9757816,18668638897
2019-11-18,8573.98009164,8653.28015751,8273.57288734,8309.28598342,8309.28598342,21579470673
2019-11-19,8305.13429095,8408.51612757,8099.96336899,8206.14591807,8206.14591807,21083613816
2019-11-20,8203.61317991,8237.23987375,8010.51190064,8027.26824331,8027.26824331,20764300437
2019-11-21,8023.64468729,8110.09813105,7597.38160764,7642.74994484,7642.74994484,22514243371
2019-11-22,7643.56942455,7697.38271398,6936.70659892,7296.57756843,7296.57756843,34242315785
2019-11-23,7296.16442479,7442.25893278,7151.41781411,7397.7968154,7397.7968154,21008924418
2019-11-24,7398.63390574,7408.57736944,7029.28912726,7047.91688176,7047.91688176,30433517289
2019-11-25,7039.97703454,7319.85680403,6617.1670508,7146.13390214,7146.13390214,42685231262
2019-11-26,7145.1590862,7320.23035135,7098.57229752,7218.37133433,7218.37133433,21129505542
2019-11-27,7220.88064968,7619.6935852,6974.17436987,7531.6636446,7531.6636446,23991412764
2019-11-28,7536.82010358,7730.07266616,7454.12179377,7463.1061283,7463.1061283,19050116751
2019-11-29,7466.72728957,7781.1796785,7460.75621581,7761.24360172,7761.24360172,19709695456
2019-11-30,7764.05726187,7836.10181158,7515.84946647,7569.63012202,7569.63012202,17158194786
2019-12-01,7571.61619421,7571.61619421,7291.34195468,7424.29226516,7424.29226516,18720708479
2019-12-02,7424.03619682,7474.81886382,7233.39953789,7321.98811242,7321.98811242,17082040706
2019-12-03,7323.97540332,7418.85890799,7229.35711475,7320.1454684,7320.1454684,14797485769
2019-12-04,7320.12506594,7539.78474641,7170.92266087,7252.03458617,7252.03458617,21664240918
2019-12-05,7253.24189285,7743.43172474,7232.67698855,7448.30752084,7448.30752084,18816085231
2019-12-06,7450.56165667,7546.99669772,7392.17506274,7546.99669772,7546.99669772,18104466307
2019-12-07,7547.26544276,7589.95176549,7525.71133898,7556.23803387,7556.23803387,15453520564
2019-12-08,7551.33900507,7634.60664192,7476.09125491,7564.3454032,7564.3454032,15409908086
2019-12-09,7561.79517117,7618.09166983,7365.98519914,7400.89935576,7400.89935576,17872021272
2019-12-10,7397.13422776,7424.02286377,7246.04375293,7278.1197833,7278.1197833,18249031195
2019-12-11,7277.19769871,7324.15640741,7195.52739606,7217.4271152,7217.4271152,16350490689
2019-12-12,7216.73886245,7266.6394584,7164.7412448,7243.13436273,7243.13436273,18927080224
2019-12-13,7244.66223669,7293.56066067,7227.12274448,7269.68455922,7269.68455922,17125736940
2019-12-14,7268.90271202,7308.83632746,7097.20887996,7124.67396997,7124.67396997,17137029730
2019-12-15,7124.23952463,7181.0755288,6924.37592187,7152.30184412,7152.30184412,16881129804
2019-12-16,7153.66322803,7171.16870269,6903.68277313,6932.48038982,6932.48038982,20213265950
2019-12-17,6931.31521843,6964.07495829,6587.97426228,6640.51524608,6640.51524608,22363804217
2019-12-18,6647.69846901,7324.98487298,6540.04927709,7276.80277047,7276.80277047,31836522778
2019-12-19,7277.59099229,7346.60239301,7041.3820191,7202.84436364,7202.84436364,25904604416
2019-12-20,7208.63695894,7257.92191888,7086.12400862,7218.81638679,7218.81638679,22633815180
2019-12-21,7220.59355274,7223.22627792,7112.73608254,7191.15846913,7191.15846913,19312552168
2019-12-22,7191.18870288,7518.03306263,7167.17911959,7511.58904232,7511.58904232,23134537956
2019-12-23,7508.90255573,7656.17619127,7326.19251983,7355.62826671,7355.62826671,27831788041
2019-12-24,7354.39283808,7535.71669352,7269.52874884,7322.5324589,7322.5324589,22991622105
2019-12-25,7325.75589098,7357.01996276,7220.99109225,7275.15572845,7275.15572845,21559505149
2019-12-26,7274.79942782,7388.30253592,7200.38659835,7238.96702501,7238.96702501,22787010034
2019-12-27,7238.14118032,7363.52923526,7189.93393524,7290.08851803,7290.08851803,22777360996
2019-12-28,7289.0311303,7399.04088941,7286.90517228,7317.99003408,7317.99003408,21365673026
2019-12-29,7317.64758783,7513.94840873,7279.86546765,7422.65258898,7422.65258898,22445257702
2019-12-30,7420.27278806,7454.82402731,7276.30814028,7292.99507783,7292.99507783,22874131672
2019-12-31,7294.4388956,7335.2900508,7169.77768628,7193.59897843,7193.59897843,21167946112
2020-01-01,7194.89197053,7254.33061134,7174.94415256,7200.17439274,7200.17439274,18565664997
2020-01-02,7202.55112207,7212.15525252,6935.26997193,6985.47000061,6985.47000061,20802083465
2020-01-03,6984.4286123,7413.71509934,6914.99590793,7344.88418341,7344.88418341,28111481032
2020-01-04,7345.37527527,7427.38579435,7309.5140117,7410.65656642,7410.65656642,18444271275
2020-01-05,7410.45169373,7544.49687224,7400.5355609,7411.31732676,7411.31732676,19725074095
2020-01-06,7410.45216807,7781.86718275,7409.29318246,7769.21903905,7769.21903905,23276261598
2020-01-07,7768.68189098,8178.21587336,7768.22771944,8163.69223944,8163.69223944,28767291327
2020-01-08,8161.93547734,8396.73788064,7956.77421957,8079.86277673,8079.86277673,31672559265
2020-01-09,8082.29607413,8082.29607413,7842.4036134,7879.07152428,7879.07152428,24045990466
2020-01-10,7878.30753815,8166.55414039,7726.77498918,8166.55414039,8166.55414039,28714583844
2020-01-11,8162.1911379,8218.3589373,8029.64210795,8037.53738872,8037.53738872,25521165085
2020-01-12,8033.26184596,8200.06347027,8009.0588841,8192.49400532,8192.49400532,22903438381
2020-01-13,8189.77206362,8197.78817891,8079.70074107,8144.19451744,8144.19451744,22482910688
2020-01-14,8140.93309605,8879.51152651,8140.93309605,8827.76442606,8827.76442606,44841784107
2020-01-15,8825.34368451,8890.11741953,8657.18744654,8807.01027532,8807.01027532,40102834650
2020-01-16,8812.48149122,8846.46109861,8612.09583682,8723.78576573,8723.78576573,31313981931
2020-01-17,8725.20996387,8958.12195167,8677.3163483,8929.0376776,8929.0376776,36372139320
2020-01-18,8927.21225983,9012.19810645,8827.33234474,8942.80890321,8942.80890321,32337772627
2020-01-19,8941.44574506,9164.36225977,8620.0799932,8706.24512993,8706.24512993,34217320471
2020-01-20,8704.63181434,8745.59079709,8560.47404294,8657.64293942,8657.64293942,26422375678
2020-01-21,8658.99118302,8755.70629569,8544.52045256,8745.89478833,8745.89478833,24097418512
2020-01-22,8744.21075075,8792.9938714,8636.7474349,8680.87604222,8680.87604222,22600204051
2020-01-23,8680.65055954,8687.74708842,8333.63787363,8406.5160678,8406.5160678,25770680779
2020-01-24,8405.56773288,8514.66703526,8266.84057849,8445.43428152,8445.43428152,24397913026
2020-01-25,8440.11958702,8458.45301525,8296.21900672,8367.84777344,8367.84777344,19647331549
2020-01-26,8364.41006958,8602.40124618,8325.49808268,8596.82983316,8596.82983316,22177678796
2020-01-27,8597.30877926,8977.7269618,8597.30877926,8909.81917753,8909.81917753,28647338393
2020-01-28,8912.52433979,9358.59031703,8908.44692853,9358.59031703,9358.59031703,34398744403
2020-01-29,9357.47037892,9406.43179329,9269.46813861,9316.62950445,9316.62950445,30682598115
2020-01-30,9316.01697842,9553.12613251,9230.89727886,9508.9935947,9508.9935947,32378792851
2020-01-31,9508.31314184,9521.70592625,9230.77618023,9350.52936518,9350.52936518,29432489719
2020-02-01,9346.35762761,9439.323332,9313.2387904,9392.87536841,9392.87536841,25922656496
2020-02-02,9389.82059095,9468.79761797,9217.82397728,9344.36529292,9344.36529292,30835736946
2020-02-03,9344.68367852,9540.37173779,9248.63423233,9293.52108908,9293.52108908,30934096509
2020-02-04,9292.84190002,9331.26581712,9112.8114171,9180.9629665,9180.9629665,29893183716
2020-02-05,9183.41577743,9701.30003735,9163.70413921,9613.42428895,9613.42428895,35222060874
2020-02-06,9617.8210448,9824.61926061,9539.8180851,9729.80223149,9729.80223149,37628823716
2020-02-07,9726.00315742,9834.71678972,9726.00315742,9795.94377253,9795.94377253,34522718159
2020-02-08,9793.07042002,9876.74934121,9678.90979138,9865.11946905,9865.11946905,35172043762
2020-02-09,9863.89488145,10129.4351603,9850.39221314,10116.673759,10116.673759,35807884663
2020-02-10,10115.559686,10165.765355,9784.563802,9856.61149362,9856.61149362,39386548075
2020-02-11,9855.89170857,10210.0526411,9729.33489054,10208.2362609,10208.2362609,37648059389
2020-02-12,10202.3876541,10393.6117227,10202.3876541,10326.0545246,10326.0545246,43444303830
2020-02-13,10323.9604932,10457.6271997,10116.1614999,10214.3794638,10214.3794638,49356071373
2020-02-14,10211.5503892,10321.9957973,10125.5337907,10312.1160909,10312.1160909,43338264162
2020-02-15,10313.8568369,10341.5559017,9874.4275077,9889.42462838,9889.42462838,43865054831
2020-02-16,9889.17970534,10053.9690091,9722.38715745,9934.43339025,9934.43339025,43374780305
2020-02-17,9936.56026014,9938.81578,9507.63799409,9690.14261814,9690.14261814,45998298413
2020-02-18,9691.23094489,10161.9353141,9632.38276334,10141.9963705,10141.9963705,47271023953
2020-02-19,10143.7983568,10191.6758471,9611.22354001,9633.38688518,9633.38688518,46992019710
2020-02-20,9629.32531033,9643.21673144,9507.90006137,9608.47590343,9608.47590343,44925260237
2020-02-21,9611.78201954,9723.01498512,9589.74360064,9686.44119763,9686.44119763,40930547513
2020-02-22,9687.70676008,9698.23112312,9600.72878571,9663.18182933,9663.18182933,35838025154
2020-02-23,9663.31864201,9937.40410608,9657.79114467,9924.51522822,9924.51522822,41185185761
2020-02-24,9921.58346055,9951.74614899,9537.04322252,9650.17480677,9650.17480677,45080496648
2020-02-25,9651.31279866,9652.73686506,9305.02118582,9341.70516876,9341.70516876,42515259129
2020-02-26,9338.29028024,9354.77831023,8704.4265506,8820.52220005,8820.52220005,50420050762
2020-02-27,8825.09351775,8932.89304727,8577.19930942,8784.49384867,8784.49384867,45470195695
2020-02-28,8788.72854689,8890.45600513,8492.93215312,8672.45534996,8672.45534996,44605450443
2020-02-29,8671.21254207,8775.63201232,8599.50861972,8599.50861972,8599.50861972,35792392544
2020-03-01,8599.7583441,8726.79676016,8471.21262606,8562.45405008,8562.45405008,35349164300
2020-03-02,8563.26425933,8921.30839546,8532.63094465,8869.67031078,8869.67031078,42857674409
2020-03-03,8865.38796487,8901.59868323,8704.99029396,8787.78645576,8787.78645576,42386715821
2020-03-04,8788.54218625,8843.36574975,8712.43181192,8755.24589461,8755.24589461,34746706368
2020-03-05,8760.28504049,9142.05429624,8757.25403405,9078.76279174,9078.76279174,39698054597
2020-03-06,9078.30852906,9167.69579623,9032.07958273,9122.54557333,9122.54557333,40826885651
2020-03-07,9121.60053553,9163.22109566,8890.74417157,8909.9536515,8909.9536515,36216930370
2020-03-08,8908.20601509,8914.34415498,8105.25280434,8108.11629101,8108.11629101,39973102121
2020-03-09,8111.14639164,8177.79322362,7690.09818591,7923.6447033,7923.6447033,46936995808
2020-03-10,7922.1470416,8136.9452227,7814.76324378,7909.72939346,7909.72939346,42213940994
2020-03-11,7910.08980669,7950.81435628,7642.81243049,7911.43012933,7911.43012933,38682762605
2020-03-12,7913.61638784,7929.11601884,4860.35383012,4970.78790105,4970.78790105,53980357243
2020-03-13,5017.83083939,5838.11493749,4106.98075029,5563.70689169,5563.70689169,74156772075
2020-03-14,5573.07764952,5625.22650517,5125.06934725,5200.36626392,5200.36626392,36154506008
2020-03-15,5201.06668673,5836.64500618,5169.28339052,5392.31488002,5392.31488002,33997889639
2020-03-16,5385.22952159,5385.22952159,4575.35788665,5014.47997748,5014.47997748,45368026430
2020-03-17,5002.5781383,5371.34851644,4981.90941273,5225.62919259,5225.62919259,38622642935
2020-03-18,5227.1136885,5331.83385967,5069.3361519,5238.43857664,5238.43857664,37878801016
2020-03-19,5245.4166032,6329.73594838,5236.96875288,6191.19295222,6191.19295222,51000731797
2020-03-20,6191.65372133,6844.26152806,5865.78196437,6198.77820508,6198.77820508,54442976103
2020-03-21,6206.52165025,6378.13517055,5932.82338618,6185.06651501,6185.06651501,42494390880
2020-03-22,6185.55790292,6359.69729033,5823.71407014,5830.25479765,5830.25479765,40099664740
2020-03-23,5831.37473534,6443.93454693,5785.00445322,6416.31475839,6416.31475839,46491916000
2020-03-24,6436.64245088,6789.02272423,6411.06651215,6734.80378045,6734.80378045,48221910672
2020-03-25,6738.71663989,6892.51135949,6536.92618369,6681.06312656,6681.06312656,44590107888
2020-03-26,6675.17065538,6735.4638794,6590.96271561,6716.44054866,6716.44054866,35319797642
2020-03-27,6719.38897407,6793.83619652,6466.70180578,6469.79813509,6469.79813509,34585598367
2020-03-28,6467.25404592,6467.501165,6117.83774851,6242.1938684,6242.1938684,34885225901
2020-03-29,6245.62462695,6250.46730894,5920.08601757,5922.0431227,5922.0431227,28373690931
2020-03-30,5925.53848884,6517.19578925,5903.23434726,6429.84193389,6429.84193389,37101651525
2020-03-31,6430.60652809,6504.51532416,6374.16217148,6438.64476637,6438.64476637,32786468812
2020-04-01,6437.31921486,6612.57379089,6202.37351173,6606.77626829,6606.77626829,40346426266
2020-04-02,6606.77626829,7088.24732438,6595.91827654,6793.62459642,6793.62459642,47660646124
2020-04-03,6797.39659183,7003.22078432,6673.33575767,6733.3873906,6733.3873906,38976504903
2020-04-04,6738.38301967,6878.95351761,6696.48466818,6867.52731596,6867.52731596,33185988584
2020-04-05,6862.53782636,6883.41414332,6715.9292996,6791.12944093,6791.12944093,29510409856
2020-04-06,6788.04980287,7271.7811527,6782.88974461,7271.7811527,7271.7811527,46896904615
2020-04-07,7273.64421075,7427.93933989,7136.71418613,7176.41450049,7176.41450049,44243482668
2020-04-08,7179.28341821,7356.22386412,7153.30567428,7334.09845346,7334.09845346,37563249549
2020-04-09,7337.9661825,7341.44831412,7179.0943407,7302.0895105,7302.0895105,34815139178
2020-04-10,7303.81519824,7303.81519824,6802.47496589,6865.49337195,6865.49337195,43622840992
2020-04-11,6867.4404519,6926.0696338,6789.9207024,6859.08296343,6859.08296343,31222085946
2020-04-12,6858.06802459,7119.94706176,6811.07790015,6971.09159108,6971.09159108,35759567632
2020-04-13,6965.61663772,6965.61663772,6668.25976411,6845.03769683,6845.03769683,38619308647
2020-04-14,6843.28177662,6958.55722441,6793.82120931,6842.42786097,6842.42786097,34110434052
2020-04-15,6845.56171696,6928.66436972,6633.40269245,6642.10989286,6642.10989286,32288311031
2020-04-16,6640.45388894,7134.45052778,6555.50427487,7116.80421777,7116.80421777,46783242377
2020-04-17,7116.55260865,7167.18298759,7050.33182989,7096.18465879,7096.18465879,32513423567
2020-04-18,7092.29152293,7269.95653094,7089.24716763,7257.66485847,7257.66485847,32447188386
2020-04-19,7260.92257873,7280.52178187,7167.05456229,7189.42482356,7189.42482356,31311210215
2020-04-20,7186.8737411,7240.29059686,6835.50314462,6881.95869275,6881.95869275,37747113936
2020-04-21,6879.78434985,6934.55187057,6834.44232463,6880.32347375,6880.32347375,32589741511
2020-04-22,6879.44029975,7145.86574462,6867.78168929,7117.20747869,7117.20747869,33249153866
2020-04-23,7121.30605911,7491.78492971,7081.5946281,7429.72464927,7429.72464927,43500782316
2020-04-24,7434.18155636,7574.19602617,7434.18155636,7550.90102725,7550.90102725,34636526286
2020-04-25,7550.48301195,7641.36397705,7521.67241878,7569.93603405,7569.93603405,32941541447
2020-04-26,7570.13893823,7700.59429483,7561.40785333,7679.86720422,7679.86720422,33070154491
2020-04-27,7679.41895085,7795.60083451,7679.41895085,7795.60083451,7795.60083451,36162144725
2020-04-28,7796.97044056,7814.52714133,7730.80654225,7807.05845106,7807.05845106,33187959921
2020-04-29,7806.71256355,8871.75372738,7786.04929564,8801.03776688,8801.03776688,60201052203
2020-04-30,8797.67005044,9440.65067326,8533.25593295,8658.55417975,8658.55417975,66964629541
2020-05-01,8672.7819143,9048.02383263,8667.76321655,8864.76680793,8864.76680793,44068389997
2020-05-02,8869.05761887,9007.18780321,8811.36632956,8988.5962069,8988.5962069,40134388683
2020-05-03,8983.61414879,9167.7813443,8830.97125528,8897.46850985,8897.46850985,47101785174
2020-05-04,8895.74487399,8956.90651911,8645.02412633,8912.65460539,8912.65460539,45718796276
2020-05-05,8912.8321603,9062.41456364,8856.82715528,9003.07017834,9003.07017834,43148462663
2020-05-06,9007.44125582,9411.46787039,8966.70598977,9268.76208066,9268.76208066,49371886931
2020-05-07,9261.89505826,9992.66392105,9138.32257195,9951.5187451,9951.5187451,61112700562
2020-05-08,9936.16248196,9996.74335304,9767.17307027,9842.66636785,9842.66636785,51780748042
2020-05-09,9840.90638396,9913.86299284,9580.64449235,9593.89673363,9593.89673363,46566121841
2020-05-10,9591.16923131,9595.58062909,8395.10745112,8756.43114193,8756.43114193,63325279337
2020-05-11,8755.5356389,9033.47117613,8374.32297508,8601.79620238,8601.79620238,57119858802
2020-05-12,8610.38621232,8949.89797874,8569.64398804,8804.47781074,8804.47781074,42142717533
2020-05-13,8805.38781338,9317.87855411,8805.38781338,9269.98770576,9269.98770576,45558144023
2020-05-14,9271.32863776,9793.26820869,9255.03484619,9733.72147137,9733.72147137,56426907637
2020-05-15,9734.29077525,9755.82849814,9261.3979997,9328.19722645,9328.19722645,48158802327
2020-05-16,9333.23987276,9564.20498908,9260.69416318,9377.0140257,9377.0140257,36164766408
2020-05-17,9374.92998661,9823.0022878,9349.5460711,9670.73937122,9670.73937122,40084250663
2020-05-18,9675.69498013,9906.03020325,9570.35898532,9726.5748149,9726.5748149,41827139896
2020-05-19,9727.06360375,9836.04752405,9539.62405543,9729.0379192,9729.0379192,39254288955
2020-05-20,9725.32936525,9804.79388786,9447.20154126,9522.98115678,9522.98115678,36546239703
2020-05-21,9522.74008319,9555.24217533,8869.93110855,9081.76202252,9081.76202252,39326160532
2020-05-22,9080.33473763,9232.93609283,9008.63827133,9182.57751787,9182.57751787,29810773699
2020-05-23,9185.06272737,9302.50164919,9118.10885548,9209.28742769,9209.28742769,27727866812
2020-05-24,9212.28340427,9288.40401564,8787.251002,8790.36800074,8790.36800074,32518803300
2020-05-25,8786.10769511,8951.00563809,8719.66836224,8906.93476142,8906.93476142,31288157264
2020-05-26,8909.58607327,8991.9676255,8757.29380384,8835.05306073,8835.05306073,29584186947
2020-05-27,8837.3812128,9203.32051535,8834.15742919,9181.01794762,9181.01794762,32740536902
2020-05-28,9184.94499772,9546.31960175,9148.45714843,9525.7510947,9525.7510947,34367073114
2020-05-29,9528.35562913,9573.66681733,9379.33894613,9439.12439045,9439.12439045,32896642044
2020-05-30,9438.91400926,9704.03030928,9366.72941775,9700.41407169,9700.41407169,32722975141
2020-05-31,9700.10569689,9700.34389507,9432.29679512,9461.05891806,9461.05891806,27773290299
2020-06-01,9463.6056622,10199.5649719,9450.89911148,10167.2681012,10167.2681012,35198901068
2020-06-02,10162.9731448,10182.3407084,9460.57137098,9529.80414872,9529.80414872,39137252109
2020-06-03,9533.76049336,9682.85947041,9471.84640611,9656.71776526,9656.71776526,25007459262
2020-06-04,9655.85445253,9887.6106294,9525.24667912,9800.63659532,9800.63659532,25921805072
2020-06-05,9800.21547674,9869.2369055,9663.21633712,9665.53278908,9665.53278908,23509628646
2020-06-06,9664.90477464,9773.43201601,9591.02453467,9653.67926335,9653.67926335,20438419222
2020-06-07,9653.00332503,9768.49790176,9458.1504702,9758.8524174,9758.8524174,25015250846
2020-06-08,9760.0632524,9782.30649673,9675.88590718,9771.48948366,9771.48948366,21486346312
2020-06-09,9774.35993635,9836.36896869,9664.72013333,9795.70019463,9795.70019463,23717842783
2020-06-10,9794.11951106,9908.89655918,9728.29114041,9870.09445278,9870.09445278,25706567601
2020-06-11,9870.07852908,9938.29767389,9263.06958826,9321.78129819,9321.78129819,30247143440
2020-06-12,9320.69085457,9540.46539289,9285.85140439,9480.84378943,9480.84378943,22610564515
2020-06-13,9480.73574979,9493.21171489,9396.00939365,9475.27733834,9475.27733834,17564322315
2020-06-14,9477.55403706,9482.27093599,9347.59379317,9386.78789214,9386.78789214,18991732746
2020-06-15,9386.03529073,9504.86006526,8990.1759467,9450.70198692,9450.70198692,26699704768
2020-06-16,9454.26643056,9579.43037458,9400.44500832,9538.0243743,9538.0243743,21565537209
2020-06-17,9533.78375101,9540.42327076,9327.33958675,9480.25536624,9480.25536624,20177709879
2020-06-18,9481.56706237,9482.78198635,9328.39559548,9411.84046197,9411.84046197,17770083003
2020-06-19,9410.29434848,9440.87603373,9274.29612136,9288.01871603,9288.01871603,19632223107
2020-06-20,9290.96027975,9394.97159448,9247.37967261,9332.340762,9332.340762,17130541557
2020-06-21,9330.9264778,9401.10749682,9300.43050848,9303.62971409,9303.62971409,15324301169
2020-06-22,9300.91545819,9655.07321812,9296.87166573,9648.71760979,9648.71760979,21104009514
2020-06-23,9644.07594221,9670.54076171,9547.24708412,9629.65836578,9629.65836578,17006433272
2020-06-24,9632.14957943,9680.36714624,9278.23354695,9313.61034868,9313.61034868,18961716076
2020-06-25,9314.12688901,9340.16150568,9095.32457939,9264.81304308,9264.81304308,18616048626
2020-06-26,9260.99499378,9310.51638223,9101.73845201,9162.91760386,9162.91760386,18341465837
2020-06-27,9167.82427849,9207.81098342,8998.21670066,9045.39095672,9045.39095672,17273093144
2020-06-28,9048.46083712,9197.54701677,8975.52585473,9143.58219104,9143.58219104,14560870760
2020-06-29,9140.02907078,9237.57275525,9041.87625573,9190.85446467,9190.85446467,16460547078
2020-06-30,9185.58126105,9217.83601269,9084.83749244,9137.99340026,9137.99340026,15735797744
2020-07-01,9145.98505502,9309.75486362,9104.73487906,9228.32559024,9228.32559024,15971550355
2020-07-02,9231.13965322,9274.96292273,9036.6234943,9123.41015432,9123.41015432,16338916796
2020-07-03,9124.84264611,9202.34438443,9058.79478198,9087.30391103,9087.30391103,13078970999
2020-07-04,9084.23373428,9183.29558274,9053.62967104,9132.48795051,9132.48795051,12290528515
2020-07-05,9126.090803,9162.18323157,8977.01563525,9073.94286936,9073.94286936,12903406143
2020-07-06,9072.85007426,9375.47475925,9058.6644583,9375.47475925,9375.47475925,17889263252
2020-07-07,9349.16137441,9360.61757468,9201.81538154,9252.27750386,9252.27750386,13839652595
2020-07-08,9253.02015436,9450.33567174,9249.49994806,9428.3330848,9428.3330848,19702359883
2020-07-09,9427.99387728,9431.37858131,9234.99945975,9277.96790642,9277.96790642,18000702524
2020-07-10,9273.35699507,9287.47159361,9118.00240742,9278.8078672,9278.8078672,16860035605
2020-07-11,9277.51196283,9293.53268075,9199.48551044,9240.34632654,9240.34632654,13249910444
2020-07-12,9241.0550437,9319.41941671,9197.4503198,9276.49985018,9276.49985018,14452361907
2020-07-13,9277.2046601,9306.40492983,9224.29284137,9243.61385509,9243.61385509,17519821266
2020-07-14,9238.7032275,9283.84214229,9171.66111846,9243.21341642,9243.21341642,18085038362
2020-07-15,9241.89699957,9275.32512547,9171.93355443,9192.83736784,9192.83736784,15844731575
2020-07-16,9191.9802336,9214.31269823,9088.94740241,9132.22786293,9132.22786293,15713967523
2020-07-17,9131.8121414,9182.25430793,9089.20245471,9151.39223963,9151.39223963,13944570750
2020-07-18,9151.18404834,9230.98350533,9100.82441002,9159.03990531,9159.03990531,12252601475
2020-07-19,9158.00603543,9201.39848305,9097.63308598,9185.81691242,9185.81691242,12939002784
2020-07-20,9187.22037014,9214.27062879,9137.50962153,9164.2313647,9164.2313647,13755604146
2020-07-21,9162.51448207,9407.26305599,9149.3899187,9374.88752808,9374.88752808,18069581956
2020-07-22,9375.08046428,9530.5190089,9319.65339503,9525.36344997,9525.36344997,16532254884
2020-07-23,9527.14199636,9610.24712467,9483.00401906,9581.07201141,9581.07201141,18146399002
2020-07-24,9585.51480236,9623.33703153,9481.45392527,9536.89268563,9536.89268563,16552768325
2020-07-25,9539.48551544,9704.55701308,9530.21219614,9677.11349729,9677.11349729,16610070933
2020-07-26,9680.23483128,10023.807661,9652.84720642,9905.16724705,9905.16724705,20507998997
2020-07-27,9905.21791377,11298.2217576,9903.97011125,10990.8733998,10990.8733998,35359749590
2020-07-28,11017.4638476,11204.327602,10632.6317033,10912.8230505,10912.8230505,28766551142
2020-07-29,10912.9529611,11304.3970694,10856.1413409,11100.4681253,11100.4681253,24617249715
2020-07-30,11099.8328914,11169.3566691,10895.4554062,11111.2142899,11111.2142899,22857247901
2020-07-31,11110.2109424,11415.8638958,10987.0535485,11323.4664207,11323.4664207,23160469766
2020-08-01,11322.5705008,11794.7753933,11239.6827355,11759.5927707,11759.5927707,26075670303
2020-08-02,11758.7646653,12034.1441504,11018.1300423,11053.613901,11053.613901,27410067336
2020-08-03,11043.7688847,11453.0787225,11012.4147398,11246.3487749,11246.3487749,20271713443
2020-08-04,11246.2032469,11385.3815713,11094.1453896,11205.8929179,11205.8929179,21250197042
2020-08-05,11203.8230991,11786.6168994,11158.2851945,11747.0228312,11747.0228312,24411254471
2020-08-06,11749.8713321,11902.3359717,11598.7138024,11779.7732574,11779.7732574,23400740340
2020-08-07,11778.8942824,11898.0384141,11408.5940427,11601.4727146,11601.4727146,23132312867
2020-08-08,11604.5533476,11800.0648506,11558.4316317,11754.0458135,11754.0458135,17572057837
2020-08-09,11737.3252342,11806.0562765,11548.7844464,11675.7393433,11675.7393433,17489608833
2020-08-10,11662.2569338,12045.1403178,11662.2569338,11878.1113253,11878.1113253,26114112569
2020-08-11,11881.64754,11932.7111738,11195.7092716,11410.5256775,11410.5256775,27039782640
2020-08-12,11404.5968775,11748.3964937,11249.6054441,11584.9345762,11584.9345762,25064548486
2020-08-13,11588.4055125,11796.3961941,11216.8725398,11784.1373895,11784.1373895,27522199497
2020-08-14,11772.6593859,12150.9936677,11685.4554805,11768.8706193,11768.8706193,24237958589
2020-08-15,11768.6971443,11963.2030649,11768.6971443,11865.69857,11865.69857,23354924400
2020-08-16,11866.6855801,11934.9009151,11737.1885988,11892.8040631,11892.8040631,20583375490
2020-08-17,11895.6577737,12359.0570221,11806.6958823,12254.4019083,12254.4019083,28227687027
2020-08-18,12251.8959698,12335.7070704,11954.5257491,11991.2332456,11991.2332456,26043227672
2020-08-19,11990.8847804,12028.9234443,11687.3328305,11758.2835921,11758.2835921,24502851117
2020-08-20,11761.499735,11900.4111753,11710.0633726,11878.3716211,11878.3716211,20175242945
2020-08-21,11878.026439,11899.2593199,11564.9793191,11592.4890449,11592.4890449,23762425999
2020-08-22,11585.4775342,11689.4073895,11448.8060449,11681.8255623,11681.8255623,20224191306
2020-08-23,11679.6959587,11713.4297949,11559.9212608,11664.8479948,11664.8479948,18482062658
2020-08-24,11663.6895523,11807.6323164,11623.2504376,11774.5958414,11774.5958414,20681511755
2020-08-25,11773.58935,11778.2998953,11189.8510492,11366.1350817,11366.1350817,26301509932
2020-08-26,11366.8949329,11530.0530661,11296.993373,11488.3634896,11488.3634896,22466660958
2020-08-27,11485.6083964,11570.7863091,11185.9418123,11323.3970324,11323.3970324,23240415076
2020-08-28,11325.2956031,11545.6154059,11316.4224397,11542.4997333,11542.4997333,19807127588
2020-08-29,11541.0543254,11585.6406794,11466.2933646,11506.8653177,11506.8653177,17485597759
2020-08-30,11508.7139745,11715.2648492,11492.381773,11711.506161,11711.506161,19760127945
2020-08-31,11713.3062719,11768.8767439,11598.3184963,11680.8204905,11680.8204905,22285928250
2020-09-01,11679.3166637,12067.0812887,11601.1286113,11970.4787405,11970.4787405,27311555343
2020-09-02,11964.8228043,11964.8228043,11290.7942647,11414.0337325,11414.0337325,28037405299
2020-09-03,11407.1910772,11443.0227947,10182.4650856,10245.296686,10245.296686,31927261555
2020-09-04,10230.3651615,10663.9200452,10207.9402189,10511.8138807,10511.8138807,29965130374
2020-09-05,10512.5301954,10581.5714107,9946.67532811,10169.567221,10169.567221,44916565292
2020-09-06,10167.2167634,10353.928072,10056.8857496,10280.3517032,10280.3517032,37071460174
2020-09-07,10280.9976217,10399.1534283,9916.49293063,10369.5637386,10369.5637386,33703098409
2020-09-08,10369.3069685,10414.7752084,9945.11015892,10131.5166457,10131.5166457,33430927462
2020-09-09,10134.1515061,10350.5427324,10017.2510729,10242.3477803,10242.3477803,24128292755
2020-09-10,10242.3301347,10503.9125262,10238.1358906,10363.1390401,10363.1390401,54406443211
2020-09-11,10369.0283892,10434.9225461,10140.8366858,10400.9146854,10400.9146854,45201121775
2020-09-12,10409.8617874,10578.8382504,10292.3865099,10442.1706031,10442.1706031,36750077324
2020-09-13,10452.3990309,10577.2152413,10224.3299006,10323.7557975,10323.7557975,36506852789
2020-09-14,10328.7341116,10800.0110604,10266.008771,10680.8374328,10680.8374328,35453581940
2020-09-15,10677.7548513,10938.6320402,10656.4603435,10796.9509861,10796.9509861,32509451925
2020-09-16,10797.7620187,11100.1243423,10704.8843495,10974.9048915,10974.9048915,30769986455
2020-09-17,10973.2522347,11037.4211271,10774.6276667,10948.9899152,10948.9899152,38151810523
2020-09-18,10951.8200208,11034.908069,10829.6568158,10944.5858045,10944.5858045,26341903912
2020-09-19,10933.7526485,11134.0927157,10909.6183675,11094.3462761,11094.3462761,22764204008
2020-09-20,11095.8697916,11095.8697916,10814.4770514,10938.2712894,10938.2712894,24699523788
2020-09-21,10934.9255349,10988.304783,10380.2607189,10462.2596185,10462.2596185,28884999244
2020-09-22,10459.6245084,10568.0767512,10382.7262965,10538.4603213,10538.4603213,23621787804
2020-09-23,10535.49244237,10537.82809054,10197.86492469,10246.18649281,10246.18649281,23788661867
2020-09-24,10248.78655955,10771.05620224,10231.49011991,10760.06625677,10760.06625677,47144380902
2020-09-25,10761.10978907,10777.69586388,10578.91424754,10692.71721234,10692.71721234,39348590957
2020-09-26,10695.57508179,10772.99865956,10667.28093407,10750.72357903,10750.72357903,46852525493
2020-09-27,10746.89275768,10803.97608005,10622.92175798,10775.26937624,10775.26937624,53745972818
2020-09-28,10776.6136391,10945.34790707,10703.89325099,10709.65218175,10709.65218175,47762394731
2020-09-29,10709.65002191,10860.00069783,10649.49543862,10844.64098118,10844.64098118,46582396602
2020-09-30,10843.87075063,10847.25699325,10669.32109268,10784.49157795,10784.49157795,44171073700
2020-10-01,10795.25474253,10933.62430944,10472.35651799,10619.45190766,10619.45190766,40023134100
2020-10-02,10619.8212156,10657.83798611,10416.68920469,10575.97504191,10575.97504191,48661453918
2020-10-03,10575.10063586,10598.94080319,10511.12977968,10549.32889962,10549.32889962,44660271563
2020-10-04,10550.44067126,10686.00009766,10534.39183687,10669.58254327,10669.58254327,71251776995
2020-10-05,10676.52895637,10793.50785056,10634.60016313,10793.33942751,10793.33942751,47537578009
2020-10-06,10796.30685484,10797.57808729,10528.890831,10604.40588882,10604.40588882,42623695307
2020-10-07,10603.35546589,10680.50819786,10562.50712617,10668.96895539,10668.96895539,37799458436
2020-10-08,10669.37115892,10945.73703324,10562.60610109,10915.68573098,10915.68573098,63314794397
2020-10-09,10927.91292433,11102.67150545,10846.8504295,11064.45759247,11064.45759247,22799117613
2020-10-10,11059.14269142,11442.2111099,11056.94053325,11296.3614282,11296.3614282,22877978588
2020-10-11,11296.08178425,11428.81376969,11288.62766113,11384.1819535,11384.1819535,19968627060
2020-10-12,11392.63621516,11698.4677363,11240.68699569,11555.3628878,11555.3628878,26163972642
2020-10-13,11548.71975926,11548.98483187,11321.22451322,11425.8994007,11425.8994007,24241420251
2020-10-14,11429.04780192,11539.97794666,11307.8308683,11429.50688675,11429.50688675,24103426719
2020-10-15,11426.60259823,11569.91418955,11303.60351126,11495.34965037,11495.34965037,24487233058
2020-10-16,11502.82812628,11540.06192994,11223.01278163,11322.12268618,11322.12268618,25635480772
2020-10-17,11322.1226857,11386.26157113,11285.34551243,11358.10156733,11358.10156733,19130430174
2020-10-18,11355.98226642,11483.35971184,11347.57856324,11483.35971184,11483.35971184,18283314340
2020-10-19,11495.03793859,11799.0929777,11408.29011785,11742.03715033,11742.03715033,23860769928
2020-10-20,11745.97493298,11999.91801959,11681.48002079,11916.33514058,11916.33514058,30915821592
2020-10-21,11913.07748936,13184.56617255,11900.92861734,12823.68918938,12823.68918938,43414712626
2020-10-22,12801.63536307,13161.5941072,12717.09345651,12965.89129043,12965.89129043,34729759598
2020-10-23,12971.54847683,13015.96144265,12752.64702492,12931.53902256,12931.53902256,28974975003
2020-10-24,12931.57391476,13145.06668559,12885.74662851,13108.06261161,13108.06261161,24542317940
2020-10-25,13108.06314181,13329.18403245,12910.06108914,13031.17431056,13031.17431056,24406920575
2020-10-26,13031.20124688,13225.29776076,12822.38232695,13075.24769656,13075.24769656,29461458313
2020-10-27,13075.24249433,13759.66872521,13060.83803686,13654.21844012,13654.21844012,33749878156
2020-10-28,13654.21446094,13837.69545246,12932.25058412,13271.28536861,13271.28536861,35867318895
2020-10-29,13271.29897868,13612.04801658,12980.0592813,13437.8832414,13437.8832414,56499499598
2020-10-30,13437.87353717,13651.51626952,13136.19868838,13546.52226938,13546.52226938,30581485201
2020-10-31,13546.5326493,14028.21429317,13457.52983298,13780.99470249,13780.99470249,30306464719
2020-11-01,13780.99480514,13862.03362917,13628.37821941,13737.10982864,13737.10982864,24453857900
2020-11-02,13737.03221087,13808.32287396,13243.159866,13550.4893841,13550.4893841,30771455468
2020-11-03,13550.450882,13984.98192782,13325.44138201,13950.30084729,13950.30084729,29869951617
2020-11-04,13950.4879059,14218.76646779,13580.47207098,14133.70715301,14133.70715301,35116364962
2020-11-05,14133.73388336,15706.40445571,14102.08909494,15579.84846029,15579.84846029,40856321439
2020-11-06,15579.72923853,15903.43797604,15226.8393924,15565.88058083,15565.88058083,39837841971
2020-11-07,15565.88058298,15737.09557115,14423.20290926,14833.7541075,14833.7541075,35024953706
2020-11-08,14833.75408424,15637.32033788,14744.10989581,15479.56703842,15479.56703842,26632075029
2020-11-09,15479.59572319,15785.13687202,14865.52927664,15332.31559743,15332.31559743,34149115566
2020-11-10,15332.350373,15450.32935034,15124.95988876,15290.90268148,15290.90268148,25574938143
2020-11-11,15290.90879034,15916.26081024,15290.00681729,15701.33973237,15701.33973237,29772374934
2020-11-12,15701.29906726,16305.00422517,15534.7718061,16276.34394919,16276.34394919,34175758344
2020-11-13,16276.4404772,16463.17783998,15992.1528006,16317.80819009,16317.80819009,31599492172
2020-11-14,16317.80834223,16317.80834223,15749.19296725,16068.13870685,16068.13870685,27481710135
2020-11-15,16068.13999417,16123.11045585,15793.53391679,15955.58743887,15955.58743887,23653867583
2020-11-16,15955.57698439,16816.18144902,15880.7056812,16716.11132377,16716.11132377,31526766675
2020-11-17,16685.69093058,17782.92055432,16564.54499204,17645.40576746,17645.40576746,39006849170
2020-11-18,17645.19047404,18393.94914579,17352.906612,17804.00563217,17804.00563217,49064800278
2020-11-19,17803.86174661,18119.54784964,17382.55398903,17817.09024754,17817.09024754,36985055355
2020-11-20,17817.08366299,18773.22751179,17765.79576896,18621.31436938,18621.31436938,36992873940
2020-11-21,18621.31587778,18936.62068806,18444.3589249,18642.23276593,18642.23276593,39650210707
2020-11-22,18642.232992,18688.96913465,17671.38482599,18370.00252365,18370.00252365,41280434226
2020-11-23,18370.01733874,18711.42673061,18000.79611004,18364.12159134,18364.12159134,42741112308
2020-11-24,18365.01468531,19348.27096299,18128.65617407,19107.46444977,19107.46444977,51469565009
2020-11-25,19104.40961035,19390.96555566,18581.14653195,18732.1207774,18732.1207774,43710357371
2020-11-26,18729.84058731,18866.28612952,16351.03485441,17150.62357809,17150.62357809,61396835737
2020-11-27,17153.91312468,17445.02428555,16526.42352825,17108.40172774,17108.40172774,38886494645
2020-11-28,17112.93423773,17853.93919131,16910.65271094,17717.4150112,17717.4150112,32601040734
2020-11-29,17719.63461354,18283.62817317,17559.11762249,18177.48341979,18177.48341979,31133957704
2020-11-30,18178.32211783,19749.26369425,18178.32211783,19625.83502949,19625.83502949,47728480399
2020-12-01,19633.77044727,19845.97548328,18321.92093045,18802.99829969,18802.99829969,49633658712
2020-12-02,18801.74359314,19308.33066301,18347.71783787,19201.09115697,19201.09115697,37387697139
2020-12-03,19205.92540409,19566.19188355,18925.78443384,19445.39847988,19445.39847988,31930317405
2020-12-04,19446.96642246,19511.40471415,18697.19291384,18699.76561337,18699.76561337,33872388058
2020-12-05,18698.38527851,19160.44926489,18590.19367526,19154.231131,19154.231131,27242455064
2020-12-06,19154.18059333,19390.49989515,18897.89407205,19345.12095871,19345.12095871,25293775714
2020-12-07,19343.12879819,19411.82767631,18931.14291942,19191.63128698,19191.63128698,26896357742
2020-12-08,19191.52946283,19283.47833933,18269.94544375,18321.14491611,18321.14491611,31692288756
2020-12-09,18320.88478403,18626.29265152,17935.54781966,18553.91537685,18553.91537685,34420373071
2020-12-10,18553.29972814,18553.29972814,17957.06521319,18264.99210672,18264.99210672,25547132265
2020-12-11,18263.92925463,18268.4528447,17619.53238938,18058.90334725,18058.90334725,27919640985
2020-12-12,18051.31998973,18919.55122775,18046.04072366,18803.65687045,18803.65687045,21752580802
2020-12-13,18806.76647897,19381.53577302,18734.33288842,19142.3825335,19142.3825335,25450468637
2020-12-14,19144.49245994,19305.10044332,19012.70940762,19246.64434137,19246.64434137,22473997681
2020-12-15,19246.91998427,19525.0075905,19079.84237737,19417.07603342,19417.07603342,26741982542
2020-12-16,19418.81840055,21458.90789704,19298.31727724,21310.59813054,21310.59813054,44409011479
2020-12-17,21308.35140371,23642.66010576,21234.67652917,22805.16149213,22805.16149213,71378606374
2020-12-18,22806.79637266,23238.60062331,22399.81280236,23137.96056165,23137.96056165,40387896275
2020-12-19,23132.86511797,24085.85537123,22826.47216789,23869.83196434,23869.83196434,38487546580
2020-12-20,23861.7657379,24209.65988828,23147.71102921,23477.29519711,23477.29519711,37844228422
2020-12-21,23474.45540815,24059.98230987,22159.36806298,22803.0814087,22803.0814087,45852713981
2020-12-22,22794.03960022,23789.90284154,22430.60469165,23783.02850288,23783.02850288,44171632681
2020-12-23,23781.97438638,24024.48959027,22802.64570202,23241.34486501,23241.34486501,51146161904
2020-12-24,23240.20362271,23768.3385448,22777.59680778,23735.94972763,23735.94972763,41080759713
2020-12-25,23733.56954677,24710.10155607,23463.67427254,24664.79027412,24664.79027412,42068395846
2020-12-26,24677.01605649,26718.07089319,24522.68948211,26437.0375091,26437.0375091,48332647295
2020-12-27,26439.37328852,28288.84002225,25922.76976496,26272.29456706,26272.29456706,66479895605
2020-12-28,26280.82141511,27389.11206428,26207.63993146,27084.80788628,27084.80788628,49056742893
2020-12-29,27081.80972919,27370.7200843,25987.29807483,27362.4365573,27362.4365573,45265946774
2020-12-30,27360.08970906,28937.74000401,27360.08970906,28840.95341968,28840.95341968,51287442704
2020-12-31,28841.57375811,29244.87668786,28201.99199364,29001.71982218,29001.71982218,46754964848
2021-01-01,28994.00891641,29600.6269503,28803.58501355,29374.15188907,29374.15188907,40730301359
2021-01-02,29376.45583414,33155.11881942,29091.18119088,32127.26793922,32127.26793922,67865420765
2021-01-03,32129.4073556,34608.55673797,32052.31707551,32782.02446581,32782.02446581,78665235202
2021-01-04,32810.94764381,33440.21856853,28722.75527058,31971.91352155,31971.91352155,81163475344
2021-01-05,31977.04113228,34437.5905918,30221.1867389,33992.42934365,33992.42934365,67547324782
2021-01-06,34013.614533,36879.69856854,33514.03374162,36824.36441009,36824.36441009,75289433811
2021-01-07,36833.87435728,40180.3679073,36491.18981083,39371.04235311,39371.04235311,84762141031
2021-01-08,39381.76584266,41946.73935079,36838.63599637,40797.61071993,40797.61071993,88107519480
2021-01-09,40788.64052286,41436.35000639,38980.87690625,40254.54649816,40254.54649816,61984162837
2021-01-10,40254.21779758,41420.19103255,35984.62712175,38356.43950662,38356.43950662,79980747690
2021-01-11,38346.52950301,38346.52950301,30549.59876946,35566.65594049,35566.65594049,123320567399
2021-01-12,35516.36114084,36568.52697414,32697.97662163,33922.9605815,33922.9605815,74773277909
2021-01-13,33915.11958124,37599.96059774,32584.66767186,37316.35939997,37316.35939997,69364315979
2021-01-14,37325.10763475,39966.40524241,36868.5632453,39187.32812109,39187.32812109,63615990033
2021-01-15,39156.7080858,39577.71118833,34659.58974449,36825.36585131,36825.36585131,67760757881
2021-01-16,36821.64873201,37864.36887891,35633.55401669,36178.13890106,36178.13890106,57706187875
2021-01-17,36163.64923243,36722.34987621,34069.32218533,35791.27792129,35791.27792129,52359854336
2021-01-18,35792.23666766,37299.28580604,34883.84404829,36630.07568284,36630.07568284,49511702429
2021-01-19,36642.23272357,37755.89185872,36069.80639361,36069.80639361,36069.80639361,57244195486
2021-01-20,36050.11269824,36378.32670045,33570.47780293,35547.7508855,35547.7508855,66834573161
2021-01-21,35549.39740902,35552.67949732,30250.74963896,30825.69850603,30825.69850603,75643067688
2021-01-22,30817.62519242,33811.85156014,28953.372751,33005.76356216,33005.76356216,77207272511
2021-01-23,32985.75691326,33360.97818593,31493.15966789,32067.64288212,32067.64288212,48354737975
2021-01-24,32064.37631516,32944.00894195,31106.68577002,32289.37808687,32289.37808687,48643830599
2021-01-25,32285.79891345,34802.74297839,32087.78796567,32366.39304887,32366.39304887,59897054838
2021-01-26,32358.6131737,32794.5495902,31030.26596571,32569.84955679,32569.84955679,60255421470
2021-01-27,32564.03024112,32564.03024112,29367.13921776,30432.54707881,30432.54707881,62576762015
2021-01-28,30441.0418168,33858.31099229,30023.2068317,33466.09635821,33466.09635821,76517157706
2021-01-29,34318.6716924,38406.26096472,32064.81418675,34316.38765032,34316.38765032,117894572511
2021-01-30,34295.9350435,34834.70830094,32940.18691419,34269.52154165,34269.52154165,65141828798
2021-01-31,34270.87759214,34288.33147504,32270.17602471,33114.35774753,33114.35774753,52754542671
2021-02-01,33114.57724298,34638.21348502,32384.22810648,33537.1768196,33537.1768196,61400400660
2021-02-02,33533.20067102,35896.88214463,33489.21867158,35510.28903716,35510.28903716,63088585433
2021-02-03,35510.82121346,37480.18789413,35443.98272623,37472.09010368,37472.09010368,61166818159
2021-02-04,37475.10402915,38592.17637724,36317.49880728,36926.06446515,36926.06446515,68838074392
2021-02-05,36931.54564785,38225.90594551,36658.76353663,38144.30686267,38144.30686267,58598066402
2021-02-06,38138.38833975,40846.54690329,38138.38833975,39266.01073494,39266.01073494,71326033653
2021-02-07,39250.1905137,39621.8354917,37446.15388489,38903.44147971,38903.44147971,65500641143
2021-02-08,38886.82728995,46203.93143652,38076.32280719,46196.46371944,46196.46371944,101467222687
2021-02-09,46184.99146609,48003.72396182,45166.96004492,46481.10423596,46481.10423596,91809846886
2021-02-10,46469.76120204,47145.56819859,43881.1525986,44918.18449192,44918.18449192,87301089896
2021-02-11,44898.71161149,48463.46712511,44187.7623505,47909.33119483,47909.33119483,81388911810
2021-02-12,47877.03437451,48745.73380014,46424.97781781,47504.85118326,47504.85118326,76555041196
2021-02-13,47491.20255503,48047.74459107,46392.28233345,47105.51747252,47105.51747252,70250456155
2021-02-14,47114.50958649,49487.64087275,47114.50958649,48717.2902111,48717.2902111,71248675228
2021-02-15,48696.53665993,48875.57161074,46347.47709171,47945.05683234,47945.05683234,77069903166
2021-02-16,47944.45800728,50341.10325246,47201.30375472,49199.87134362,49199.87134362,77049582886
2021-02-17,49207.27643233,52533.91431173,49072.3771403,52149.00753587,52149.00753587,80820545404
2021-02-18,52140.97271656,52474.10724863,51015.76455379,51679.79669449,51679.79669449,52054723579
2021-02-19,51675.98128513,56113.65054685,50937.27572157,55888.13368221,55888.13368221,63495496918
2021-02-20,55887.33571358,57505.22818745,54626.5597762,56099.52051348,56099.52051348,68145460026
2021-02-21,56068.56824551,58330.57214185,55672.60951328,57539.9436679,57539.9436679,51897585191
2021-02-22,57532.73886407,57533.38932549,48967.56518819,54207.31906543,54207.31906543,92052420332
2021-02-23,54204.92975578,54204.92975578,45290.59026818,48824.42686909,48824.42686909,106102492824
2021-02-24,48835.08766112,51290.13669492,47213.49816173,49705.33331637,49705.33331637,63695521388
2021-02-25,49709.08242476,51948.96698227,47093.85301914,47093.85301914,47093.85301914,54506565949
2021-02-26,47180.4640539,48370.78525976,44454.84211387,46339.76008289,46339.76008289,350967941479
2021-02-27,46344.77223734,48253.27010115,45269.0257658,46188.45127539,46188.45127539,45910946382
2021-02-28,46194.01635186,46716.43099302,43241.61822653,45137.77046805,45137.77046805,53443887451
2021-03-01,45159.50305253,49784.01528954,45115.09311478,49631.24137077,49631.24137077,53891300112
2021-03-02,49612.10703748,50127.50988383,47228.84534569,48378.98805435,48378.98805435,47530897720
2021-03-03,48415.8149783,52535.1357839,48274.32049678,50538.24341445,50538.24341445,53220811975
2021-03-04,50522.30503036,51735.09105293,47656.92904603,48561.1661539,48561.1661539,52343816680
2021-03-05,48527.03198074,49396.43086209,46542.51494044,48927.3045548,48927.3045548,48625928883
2021-03-06,48899.23078213,49147.21821972,47257.5269076,48912.38173056,48912.38173056,34363564661
2021-03-07,48918.6802649,51384.36601025,48918.6802649,51206.69295308,51206.69295308,43137459378
2021-03-08,51174.1169466,52314.06880137,49506.05345768,52246.52230995,52246.52230995,48597428048
2021-03-09,52272.96978194,54824.11781138,51981.83131223,54824.11781138,54824.11781138,50912227385
2021-03-10,54824.01119917,57258.25497592,53290.89116852,56008.54940114,56008.54940114,57295577614
2021-03-11,55963.18008858,58091.0627026,54484.59308946,57805.12301924,57805.12301924,56772343595
2021-03-12,57821.21874746,57996.61948977,55376.6500885,57332.08896391,57332.08896391,55689944702
2021-03-13,57343.37024739,61683.86401412,56217.97238151,61243.08476552,61243.08476552,60669829814
2021-03-14,61221.13429704,61597.91839583,59302.31697742,59302.31697742,59302.31697742,43901225564
2021-03-15,59267.4290492,60540.99271158,55393.16536281,55907.20022619,55907.20022619,66419369890
2021-03-16,55840.78651437,56833.17978025,53555.02773503,56804.90123161,56804.90123161,59749798599
2021-03-17,56825.82889756,58969.81634559,54528.62716687,58870.89333325,58870.89333325,60258313191
2021-03-18,58893.078058,60116.24964434,54253.58000473,57858.92070527,57858.92070527,55746041000
2021-03-19,57850.44063985,59498.37646021,56643.70148588,58346.65297359,58346.65297359,49063873786
2021-03-20,58332.26220538,60031.2869743,58213.29736375,58313.64260857,58313.64260857,50361731222
2021-03-21,58309.91303265,58767.89678899,56005.61700987,57523.42098673,57523.42098673,51943414539
2021-03-22,57517.89148833,58471.47864713,54288.1580282,54529.14561107,54529.14561107,56521454974
2021-03-23,54511.66203198,55985.44014058,53470.6933802,54738.94493032,54738.94493032,56435023914
2021-03-24,54710.48908407,57262.38293272,52514.33339864,52774.26369049,52774.26369049,70567223787
2021-03-25,52726.7455686,53392.38600133,50856.5686854,51704.1619252,51704.1619252,67999812841
2021-03-26,51683.0100897,55137.31372578,51579.85505711,55137.31372578,55137.31372578,56652197978
2021-03-27,55137.56723702,56568.2160496,54242.90967619,55973.51084173,55973.51084173,47266542233
2021-03-28,55974.94118696,56610.31196825,55071.11199378,55950.7457745,55950.7457745,47686580918
2021-03-29,55947.8989665,58342.09641112,55139.34175909,57750.19987147,57750.19987147,57625587027
2021-03-30,57750.13284273,59447.22403098,57251.5506051,58917.6930451,58917.6930451,54414116432
2021-03-31,58930.27778393,59930.02716002,57726.41877444,58918.83271375,58918.83271375,65520826225
2021-04-01,58926.56414734,59586.0722493,58505.27905354,59095.80797806,59095.80797806,61669163792
2021-04-02,59098.87907036,60267.18765009,58869.27996831,59384.3133586,59384.3133586,58727860620
2021-04-03,59397.40846193,60110.26846076,57603.88917376,57603.88917376,57603.88917376,59641344484
2021-04-04,57604.83861776,58913.74779189,57168.67578229,58758.55629127,58758.55629127,50749662970
2021-04-05,58760.87326121,59891.2969082,57694.82602134,59057.87896588,59057.87896588,60706272115
2021-04-06,59171.93202224,59479.57855171,57646.80889002,58192.35868406,58192.35868406,66058027988
2021-04-07,58186.50853398,58731.14290107,55604.02359245,56048.93781271,56048.93781271,75645303584
2021-04-08,56099.91311078,58338.73822544,55879.08419515,58323.95357975,58323.95357975,53053855641
2021-04-09,58326.56361984,58937.04651601,57807.86384217,58245.00300108,58245.00300108,46655208546
2021-04-10,58253.77680886,61276.66536564,58038.70627787,59793.23541009,59793.23541009,58238470525
2021-04-11,59846.23078558,60790.55531507,59289.79563078,60204.96491379,60204.96491379,46280252580
2021-04-12,60175.94475711,61253.0369158,59589.87375623,59893.45188869,59893.45188869,51828688519
2021-04-13,59890.01779033,63742.28333718,59869.95629306,63503.45793019,63503.45793019,69983454362
2021-04-14,63523.75486927,64863.0989077,61554.79669042,63109.69593464,63109.69593464,77451779687
2021-04-15,63075.19622093,63821.67219266,62208.96436559,63314.01084504,63314.01084504,60954381579
2021-04-16,63258.50517438,63594.72091303,60222.53207871,61572.78960116,61572.78960116,84293007468
2021-04-17,61529.92099734,62572.17605057,60361.35217909,60683.82123331,60683.82123331,66138759198
2021-04-18,60701.88609331,61057.45650886,52829.53592647,56216.18500243,56216.18500243,97468872758
2021-04-19,56191.5841095,57520.05477733,54368.59365509,55724.26709807,55724.26709807,65344865159
2021-04-20,55681.79251074,57062.1502465,53448.04838457,56473.0322808,56473.0322808,67849323955
2021-04-21,56471.12771923,56757.97158884,53695.4703347,53906.08804584,53906.08804584,54926612466
2021-04-22,53857.10689483,55410.22866494,50583.81405608,51762.27205146,51762.27205146,74798630778
2021-04-23,51739.80692966,52120.79164545,47714.66215249,51093.65070999,51093.65070999,86668667320
2021-04-24,51143.22627463,51167.56335742,48805.2846976,50050.86821565,50050.86821565,49014494781
2021-04-25,50052.83164893,50506.01909839,47159.48584083,49004.25326318,49004.25326318,46117114240
2021-04-26,49077.79236302,54288.00215537,48852.79684295,54021.75478737,54021.75478737,58284039825
2021-04-27,54030.30371848,55416.96405761,53319.18665411,55033.11801332,55033.11801332,49448222757
2021-04-28,55036.63741947,56227.20564809,53887.91781682,54824.70489507,54824.70489507,48000572955
2021-04-29,54858.09149222,55115.84415438,52418.02844504,53555.10849133,53555.10849133,46088929780
2021-04-30,53568.66358369,57900.71998842,53129.6008774,57750.17734563,57750.17734563,52395931985
2021-05-01,57714.66485835,58448.33881062,57052.2741756,57828.05063222,57828.05063222,42836427360
2021-05-02,57825.86281955,57902.59217082,56141.90651506,56631.07741255,56631.07741255,38177405335
2021-05-03,56620.27262011,58973.30843091,56590.86914497,57200.29122289,57200.29122289,51713139031
2021-05-04,57214.17876121,57214.17876121,53191.42503284,53333.53775274,53333.53775274,68564706967
2021-05-05,53252.16476125,57911.36359718,52969.05536281,57424.00594813,57424.00594813,69241316747
2021-05-06,57441.30708417,58363.3146181,55382.50610418,56396.51416376,56396.51416376,69523285106
2021-05-07,56413.95355125,58606.63396719,55321.84671038,57356.40187692,57356.40187692,68434023376
2021-05-08,57352.7659529,59464.61249257,56975.21065264,58803.77580865,58803.77580865,65382980634
2021-05-09,58877.3886984,59210.88178942,56482.00354511,58232.3161419,58232.3161419,65906690347
2021-05-10,58250.87253094,59519.35442559,54071.45537889,55859.79754454,55859.79754454,71776546298
2021-05-11,55847.24104211,56872.54492059,54608.65245902,56704.5730585,56704.5730585,61308396325
2021-05-12,56714.53316738,57939.36241484,49150.53387514,49150.53387514,49150.53387514,75215403907
2021-05-13,49735.43206467,51330.84358607,46980.01875184,49716.19160254,49716.19160254,96721152926
2021-05-14,49682.9818555,51438.11908462,48868.57828576,49880.53342038,49880.53342038,55737497453
2021-05-15,49855.49465011,50639.66532796,46664.141871,46760.18656071,46760.18656071,59161047474
2021-05-16,46716.63798759,49720.04462248,43963.35018635,46456.05847448,46456.05847448,64047871555
2021-05-17,46415.89925412,46623.55822816,42207.28810587,43537.51138918,43537.51138918,74903638450
2021-05-18,43488.05798819,45812.45840792,42367.83145309,42909.40092517,42909.40092517,56187365084
2021-05-19,42944.97544731,43546.1164845,30681.49691178,37002.4404659,37002.4404659,126358098747
2021-05-20,36753.66970802,42462.98498552,35050.61582451,40782.73826245,40782.73826245,88281943359
2021-05-21,40596.94832252,42172.17361572,33616.45388421,37304.69067136,37304.69067136,82051616861
2021-05-22,37371.02990629,38831.05443914,35383.68375136,37536.63111241,37536.63111241,57377273240
2021-05-23,37531.4484526,38289.21812026,31227.33943257,34770.58362292,34770.58362292,78469274361
2021-05-24,34700.363568,39835.13982978,34551.08054976,38705.97863723,38705.97863723,67359584098
2021-05-25,38795.7802497,39776.34979796,36581.42891576,38402.22385137,38402.22385137,56211915803
2021-05-26,38392.62365582,40782.07818311,37905.8348536,39294.19738214,39294.19738214,51346735160
2021-05-27,39316.88967818,40379.61767161,37247.90367644,38436.96853505,38436.96853505,43210968721
2021-05-28,38507.08307537,38856.96788502,34779.0394272,35697.60639024,35697.60639024,55200191952
2021-05-29,35684.1568817,37234.49847965,33693.92945797,34616.06800347,34616.06800347,45231013335
2021-05-30,34607.40597914,36400.66888165,33520.73795924,35678.12920411,35678.12920411,31646080921
2021-05-31,35658.59295707,37468.24899082,34241.94356094,37332.85368874,37332.85368874,39009847639
2021-06-01,37293.79237447,37896.73619262,35787.08596532,36684.92451667,36684.92451667,34639423297
2021-06-02,36699.92291982,38231.3391761,35966.30715642,37575.17957566,37575.17957566,33070867190
2021-06-03,37599.40994043,39478.95118167,37243.97372784,39208.76599489,39208.76599489,35460750427
2021-06-04,39242.48626197,39242.48626197,35717.72230304,36894.40532994,36894.40532994,41831090187
2021-06-05,36880.15597053,37917.71414924,34900.41223702,35551.95872588,35551.95872588,35959473399
2021-06-06,35538.60872998,36436.42096405,35304.58007817,35862.37772747,35862.37772747,28913440585
2021-06-07,35835.26550975,36790.57215572,33480.64124099,33560.70783776,33560.70783776,33683936663
2021-06-08,33589.52085635,34017.38797859,31114.44247046,33472.63174808,33472.63174808,49902050442
2021-06-09,33416.97785088,37537.37115028,32475.86603066,37345.12148619,37345.12148619,53972919008
2021-06-10,37389.51565087,38334.32544308,35847.5936407,36702.59937466,36702.59937466,43576032854
2021-06-11,36697.03129279,37608.69429327,36044.44991066,37334.39952553,37334.39952553,38699736985
2021-06-12,37340.14284419,37408.92559512,34728.19010076,35552.51714847,35552.51714847,37924228550
2021-06-13,35555.79014042,39322.78021188,34864.10993969,39097.86089667,39097.86089667,40669112838
2021-06-14,39016.9701778,40978.36447697,38757.28412199,40218.47785943,40218.47785943,43148914673
2021-06-15,40427.16992116,41295.26857449,39609.4691963,40406.26898673,40406.26898673,46420149185
2021-06-16,40168.69037027,40516.77682766,38176.03417592,38347.06322666,38347.06322666,39211635100
2021-06-17,38341.42380252,39513.67016412,37439.67410798,38053.50417253,38053.50417253,37096670047
2021-06-18,38099.47705463,38187.26016042,35255.85491821,35787.24478177,35787.24478177,36200887275
2021-06-19,35854.52922288,36457.79628009,34933.06225074,35615.86927002,35615.86927002,31207279719
2021-06-20,35563.13941499,36059.48351685,33432.07604413,35698.29644336,35698.29644336,36664034054
2021-06-21,35641.14606474,35721.63963385,31295.93552923,31676.69373254,31676.69373254,52809038594
2021-06-22,31622.37708528,33292.45476399,28893.62165844,32505.6598245,32505.6598245,58964353058
2021-06-23,32515.71430319,34753.40850285,31772.63235532,33723.0289781,33723.0289781,46317108925
2021-06-24,33682.80040376,35228.85261084,32385.21469567,34662.43589358,34662.43589358,33123368116
2021-06-25,34659.10449948,35487.2480035,31350.88385819,31637.78005541,31637.78005541,40230904226
2021-06-26,31594.66357132,32637.58719331,30184.50179358,32186.27767093,32186.27767093,38585385521
2021-06-27,32287.52321108,34656.12735553,32071.75714808,34649.64458753,34649.64458753,35511640894
2021-06-28,34679.12222205,35219.89179129,33902.0758922,34434.33531428,34434.33531428,33892523752
2021-06-29,34475.55969665,36542.11101765,34252.48489199,35867.77773549,35867.77773549,37901460044
2021-06-30,35908.38805414,36074.75975718,34086.15187806,35040.83724889,35040.83724889,34059036099
2021-07-01,35035.98271227,35035.98271227,32883.78122635,33572.11765253,33572.11765253,37838957079
2021-07-02,33549.6001774,33939.58869924,32770.68078046,33897.04858963,33897.04858963,38728974942
2021-07-03,33854.42136155,34909.25989883,33402.69653615,34668.54840182,34668.54840182,24383958643
2021-07-04,34665.56486608,35937.56714724,34396.47745754,35287.77976616,35287.77976616,24924307911
2021-07-05,35284.34443007,35284.34443007,33213.66103397,33746.00245614,33746.00245614,26721554282
2021-07-06,33723.50965515,35038.53636342,33599.91616924,34235.19345116,34235.19345116,26501259870
2021-07-07,34225.68033425,34997.66476097,33839.28915746,33855.32688833,33855.32688833,24796027477
2021-07-08,33889.6063474,33907.90804895,32133.18272686,32877.37262842,32877.37262842,29910396946
2021-07-09,32861.67129399,34042.29177067,32318.8803578,33798.01020742,33798.01020742,27436021028
2021-07-10,33811.24302026,34209.07019715,33116.01310594,33520.51995283,33520.51995283,22971873468
2021-07-11,33509.0772617,34584.70454995,33346.73772241,34240.18701074,34240.18701074,20108729370
2021-07-12,34254.01659458,34592.15560419,32697.3086512,33155.84813085,33155.84813085,24321499537
2021-07-13,33125.46869395,33327.10141663,32261.42048386,32702.02592354,32702.02592354,19120856669
2021-07-14,32723.84605182,33061.39895615,31639.1241064,32822.34873678,32822.34873678,21376531210
2021-07-15,32827.87454891,33159.64094791,31175.70974736,31780.73137404,31780.73137404,21300524237
2021-07-16,31841.55132445,32218.40661205,31100.67337243,31421.53845398,31421.53845398,23699476918
2021-07-17,31397.30860013,31935.94439173,31223.99087263,31533.06753327,31533.06753327,18895018942
2021-07-18,31533.8847205,32398.99518648,31215.4923102,31796.81013825,31796.81013825,18787986667
2021-07-19,31800.01263521,31885.85993224,30563.73534679,30817.83165619,30817.83165619,20434789545
2021-07-20,30838.28525375,31006.18663047,29360.95583827,29807.34767271,29807.34767271,23148267245
2021-07-21,29796.28568986,32752.32636341,29526.18371065,32110.69326387,32110.69326387,28203024559
2021-07-22,32138.87280774,32576.40000828,31745.29924353,32313.10632477,32313.10632477,19555230518
2021-07-23,32305.95885214,33581.55060854,32057.89353952,33581.55060854,33581.55060854,22552046192
2021-07-24,33593.72941224,34490.39124375,33424.85900496,34292.44590612,34292.44590612,21664706865
2021-07-25,34290.29138518,35364.92558378,33881.83744908,35350.18697353,35350.18697353,20856685287
2021-07-26,35384.02988451,40499.6772793,35287.3117098,37337.5333134,37337.5333134,51022126212
2021-07-27,37276.03602972,39406.9409837,36441.72630845,39406.9409837,39406.9409837,35097370560
2021-07-28,39503.18569435,40816.06972357,38862.43592287,39995.90646862,39995.90646862,38702404695
2021-07-29,39995.45199088,40593.07226017,39352.05976929,40008.42084653,40008.42084653,27167146027
2021-07-30,40027.4833199,42235.54770874,38397.3545099,42235.54770874,42235.54770874,33072782960
2021-07-31,42196.30388672,42231.44828319,41110.83251138,41626.19567624,41626.19567624,25802845343
2021-08-01,41460.84408133,42541.67948122,39540.94008121,39974.89602594,39974.89602594,26688438115
2021-08-02,39907.2628498,40419.18086385,38746.34716686,39201.945189,39201.945189,25595265436
2021-08-03,39178.40356586,39750.03090553,37782.05245092,38152.9820898,38152.9820898,26189830450
2021-08-04,38213.33196989,39952.29786644,37589.16562212,39747.50501675,39747.50501675,25372562724
2021-08-05,39744.51415501,41341.93499214,37458.00399335,40869.55432742,40869.55432742,35185031017
2021-08-06,40865.86692448,43271.65861284,39932.17941979,42816.49896809,42816.49896809,38226483046
2021-08-07,42832.79664244,44689.86095933,42618.56614164,44555.8006644,44555.8006644,40030862141
2021-08-08,44574.43858612,45282.35328436,43331.9098211,43798.11767796,43798.11767796,36302664750
2021-08-09,43791.92742356,46456.83291829,42848.68794765,46365.40065035,46365.40065035,38734079049
2021-08-10,46280.84767425,46637.98783478,44705.55657645,45585.03077231,45585.03077231,33546019517
2021-08-11,45599.70402605,46735.63156351,45351.71114676,45593.63593071,45593.63593071,34319709073
2021-08-12,45576.88033369,46228.91094271,43861.44704055,44428.28846681,44428.28846681,33723620826
2021-08-13,44439.69278522,47831.97604291,44282.41741653,47793.32117908,47793.32117908,31744259539
2021-08-14,47810.68928692,48098.68409454,46177.63332621,47096.94566198,47096.94566198,31211354442
2021-08-15,47096.66856627,47357.10642699,45579.59012016,47047.00454195,47047.00454195,30988958446
2021-08-16,47019.96132369,47998.09667927,45700.3218682,46004.4840786,46004.4840786,32776876610
2021-08-17,45936.45633673,47139.57060006,44512.41753396,44695.35761921,44695.35761921,33451362600
2021-08-18,44686.75080965,45952.06217021,44364.02745071,44801.18871714,44801.18871714,32194123075
2021-08-19,44741.88334742,46970.76087419,43998.31551257,46717.5787452,46717.5787452,37204312299
2021-08-20,46723.12114785,49342.15226511,46650.70851286,49339.17603688,49339.17603688,34706867452
2021-08-21,49327.07373292,49717.0189234,48312.19763872,48905.49058555,48905.49058555,40585205312
2021-08-22,48869.10424226,49471.61043116,48199.94100421,49321.65404941,49321.65404941,25370975378
2021-08-23,49291.67737487,50482.07640834,49074.60540097,49546.14770729,49546.14770729,34305053719
2021-08-24,49562.34672915,49878.77128666,47687.11799659,47706.11855498,47706.11855498,35361168834
2021-08-25,47727.25669296,49202.87847317,47163.61431922,48960.78728025,48960.78728025,32646349931
2021-08-26,49002.64180701,49347.58357137,46405.78243211,46942.21786802,46942.21786802,32666549568
2021-08-27,46894.55507054,49112.78526466,46394.28309076,49058.66973026,49058.66973026,34511076995
2021-08-28,49072.58522066,49283.50564795,48499.23890806,48902.40220635,48902.40220635,28568103401
2021-08-29,48911.24836282,49644.11465849,47925.8555808,48829.8326,48829.8326,25889650240
2021-08-30,48834.85267752,48925.60651985,46950.27228064,47054.98479356,47054.98479356,31847007016
2021-08-31,47024.34166315,48189.55018777,46750.09395271,47166.68794545,47166.68794545,34730363427
2021-09-01,47099.77486941,49111.08878787,46562.43744881,48847.02907417,48847.02907417,39139399125
2021-09-02,48807.8488618,50343.42070496,48652.31979053,49327.72318398,49327.72318398,39508070319
2021-09-03,49288.24911201,50982.27157262,48386.0861629,50025.37460546,50025.37460546,43206179619
2021-09-04,50009.32509557,50545.58101197,49548.78045079,49944.62690568,49944.62690568,37471327794
2021-09-05,49937.85801546,51868.68163043,49538.59838076,51753.41192621,51753.41192621,30322676319
2021-09-06,51769.00432067,52700.94145826,51053.67850996,52633.53620235,52633.53620235,38884105426
2021-09-07,52660.47935083,52853.7637963,43285.20858869,46811.12952948,46811.12952948,65210059683
2021-09-08,46827.76337359,47334.0556378,44561.39446278,46091.38930192,46091.38930192,49007762488
2021-09-09,45774.74222293,47261.94853026,45669.73965231,46391.4229753,46391.4229753,38672657013
2021-09-10,46396.66247161,47031.74238084,44344.48542484,44883.9101072,44883.9101072,39154666597
2021-09-11,44869.84026079,45969.29281653,44818.26641318,45201.45898324,45201.45898324,34499835245
2021-09-12,45206.62926911,46364.87885382,44790.46204888,46063.27035709,46063.27035709,27881980161
2021-09-13,46057.21532739,46598.6789847073,43591.3207849088,44963.0726328295,44963.0726328295,40969943253
2021-09-14,44960.0493590296,47218.125354847,44752.3313492902,47092.4938332669,47092.4938332669,38652152880
2021-09-15,47097.9981234177,48450.4684657489,46773.3265425882,48176.3463927443,48176.3463927443,30484496466
2021-09-16,48158.9072046662,48486.8294106265,47079.5571229922,47783.3578046439,47783.3578046439,31764293754
2021-09-17,47771.0031076542,48160.9207481278,46832.5245985091,47267.5200230691,47267.5200230691,28727713711
2021-09-18,47273.5258128829,48791.7793722232,47087.2841945372,48278.3635153298,48278.3635153298,28575630451
2021-09-19,48268.8574204601,48328.3673356938,46919.8047567616,47260.2173314677,47260.2173314677,26967722648
2021-09-20,47261.4064989217,47328.1988417819,42598.9158490995,42843.8024409386,42843.8024409386,43909845642
2021-09-21,43012.2344357601,43607.6099821315,39787.6097979604,40693.67719159,40693.67719159,48701090088
2021-09-22,40677.954833938,43978.6192234579,40625.63419051,43574.509432809,43574.509432809,38139709246
2021-09-23,43560.2953728993,44942.1746543963,43109.3382878029,44895.0966015708,44895.0966015708,34244064430
2021-09-24,44894.3021232609,45080.4910625316,40936.5571691217,42839.7516959645,42839.7516959645,42839345714
2021-09-25,42840.8905086167,42996.2597044786,41759.9204251318,42716.5931467285,42716.5931467285,31604717236
2021-09-26,42721.628660247,43919.3009697298,40848.4616598698,43208.5391045354,43208.5391045354,30661222077
2021-09-27,43234.1849294127,44313.2458823937,42190.6325762622,42235.7318466434,42235.7318466434,30980029059
2021-09-28,42200.8966138389,42775.1461415319,40931.6624995505,41034.5446652294,41034.5446652294,30214940550
2021-09-29,41064.9839539463,42545.258549502,40829.6692762765,41564.3634814909,41564.3634814909,30602359905
2021-09-30,41551.270839197,44092.6005630265,41444.5816044695,43790.8956254849,43790.8956254849,31141681925
2021-10-01,43816.7406442989,48436.0112713541,43320.0229785376,48116.9412180277,48116.9412180277,42850641582
2021-10-02,48137.4687327213,48282.0608812222,47465.4957581908,47711.4864634698,47711.4864634698,30614346492
2021-10-03,47680.0284071825,49130.6922101816,47157.2876055212,48199.9515572655,48199.9515572655,26638115879
2021-10-04,48208.9076325084,49456.7757822475,47045.0037471323,49112.9012823932,49112.9012823932,33383173002
2021-10-05,49174.9596155488,51839.9857196328,49072.839248793,51514.8140602767,51514.8140602767,35873904236
2021-10-06,51486.6657416722,55568.4635462472,50488.1907471372,55361.4494296079,55361.4494296079,49034730168
2021-10-07,55338.6237445742,55338.6237445742,53525.4683462819,53805.9851642989,53805.9851642989,36807860413
2021-10-08,53802.1460368317,55922.9810218548,53688.0552869081,53967.8467672527,53967.8467672527,34800873924
2021-10-09,53929.7814684072,55397.9434699833,53735.1428819267,54968.2244504154,54968.2244504154,32491211414
2021-10-10,54952.8212505165,56401.3042407745,54264.2563885336,54771.5791838546,54771.5791838546,39527792364
2021-10-11,54734.124840616,57793.039249207,54519.7655195754,57484.7894651936,57484.7894651936,42637331698
2021-10-12,57526.8320114193,57627.8786022557,54477.9744678547,56041.0568380579,56041.0568380579,41083758949
2021-10-13,56038.2567881108,57688.6601036021,54370.9732279075,57401.0975273362,57401.0975273362,41684252783
2021-10-14,57372.8320788954,58478.7354988722,56957.0761362213,57321.5252796604,57321.5252796604,36615791366
2021-10-15,57345.9019791856,62757.1297029724,56868.1426929636,61593.9500606183,61593.9500606183,51780081801
2021-10-16,61609.5271462034,62274.477085765,60206.1200628107,60892.1806927008,60892.1806927008,34250964237
2021-10-17,60887.6530520683,61645.5224773273,59164.468376068,61553.6173846995,61553.6173846995,29032367511
2021-10-18,61548.8034342065,62614.6590469476,60012.7569251342,62026.077831093,62026.077831093,38055562075
2021-10-19,62043.1658353953,64434.5333733283,61622.9337179129,64261.9911928559,64261.9911928559,40471196346
2021-10-20,64284.586188483,66930.3872709899,63610.6749916891,65992.8370361176,65992.8370361176,40788955582
2021-10-21,66002.2322037557,66600.5468082773,62117.4087137007,62210.1730756348,62210.1730756348,45908121370
2021-10-22,62237.8910667851,63715.0216823567,60122.7978165319,60692.2644330955,60692.2644330955,38434082775
2021-10-23,60694.6279766303,61743.8780059931,59826.5217383397,61393.617191517,61393.617191517,26882546034
2021-10-24,61368.3431714217,61505.8033499327,59643.3453781125,60930.8364421796,60930.8364421796,27316183882
2021-10-25,60893.927575725,63729.325708052,60691.7989544006,63039.8255141733,63039.8255141733,31064911614
2021-10-26,63032.7625124139,63229.0264045248,59991.1606867149,60363.7920503572,60363.7920503572,34878965587
2021-10-27,60351.9986192979,61435.1845966626,58208.1890535311,58482.3879400455,58482.3879400455,43657076893
2021-10-28,58470.7295783481,62128.6329463166,58206.9178554768,60622.1367088483,60622.1367088483,45257083247
2021-10-29,60624.8707648633,62927.6096409037,60329.9650689806,62227.9645938188,62227.9645938188,36856881767
2021-10-30,62239.3622101383,62330.1455304357,60918.3852840291,61888.8312190326,61888.8312190326,32157938616
2021-10-31,61850.4894560928,62406.1704515698,60074.3295926073,61318.957766606,61318.957766606,32241199927
2021-11-01,61320.4494915952,62419.0047854705,59695.1830931488,61004.4080213493,61004.4080213493,36150572843
2021-11-02,60963.2541524674,64242.7948907842,60673.0554150227,63226.401097088,63226.401097088,37746665647
2021-11-03,63254.3348809724,63516.9375836172,61184.2401781659,62970.0474260185,62970.0474260185,36124731509
2021-11-04,62941.8040349386,63123.2889150545,60799.6624753292,61452.2305873208,61452.2305873208,32615846901
2021-11-05,61460.0790401577,62541.4676861486,60844.6076077888,61125.6742689036,61125.6742689036,30605102446
2021-11-06,61068.8734470667,61590.682429345,60163.7815489668,61527.4817933987,61527.4817933987,29094934221
2021-11-07,61554.9218050145,63326.9890280992,61432.4891142168,63326.9890280992,63326.9890280992,24726754302
2021-11-08,63344.0672220101,67673.7391229621,63344.0672220101,67566.8300878775,67566.8300878775,41125608330
2021-11-09,67549.7355807849,68530.3396860616,66382.0610082114,66971.8280974611,66971.8280974611,42357991721
2021-11-10,66953.3393736741,68789.6259389221,63208.1149984069,64995.2293907433,64995.2293907433,48730828378
2021-11-11,64978.8902964226,65579.0147602758,64180.4889276778,64949.96191476,64949.96191476,35880633236
2021-11-12,64863.9803464241,65460.8149830031,62333.913107848,64155.9418364327,64155.9418364327,36084893887
2021-11-13,64158.1226808027,64915.6748750343,63303.7338250354,64469.5290233851,64469.5290233851,30474228777
2021-11-14,64455.371640342,65495.1804896445,63647.8082472434,65466.8410240344,65466.8410240344,25122092191
2021-11-15,65521.2893420962,66281.5697112403,63548.1434171405,63557.8715183709,63557.8715183709,30558763548
2021-11-16,63721.1951940329,63721.1951940329,59016.3371572465,60161.2470371667,60161.2470371667,46844335592
2021-11-17,60139.6201092629,60823.6105180456,58515.4098924661,60368.0118167649,60368.0118167649,39178392930
2021-11-18,60360.1376899776,60948.4984361572,56550.7916436038,56942.1362440572,56942.1362440572,41388338699
2021-11-19,56896.128680164,58351.1132659249,55705.1806847159,58119.5761937925,58119.5761937925,38702407772
2021-11-20,58115.0803464697,59859.8804420403,57469.725660869,59697.1971342589,59697.1971342589,30624264863
2021-11-21,59730.5079742192,60004.4263827568,58618.9314315245,58730.4766386507,58730.4766386507,26123447605
2021-11-22,58706.8493839442,59266.35846819,55679.8404036725,56289.2873226386,56289.2873226386,35036121783
2021-11-23,56304.5553876631,57875.5163965831,55632.7599123359,57569.0748757271,57569.0748757271,37485803899
2021-11-24,57565.8501077567,57803.0665250198,55964.2210698342,56280.4271082207,56280.4271082207,36635566789
2021-11-25,57165.4172722878,59367.9679943132,57146.6852020181,57274.6794471653,57274.6794471653,34284016248
2021-11-26,58960.2851828641,59183.4814705583,53569.7639630968,53569.7639630968,53569.7639630968,41810748221
2021-11-27,53736.4315256188,55329.2596495755,53668.3552191285,54815.079304928,54815.079304928,30560857714
2021-11-28,54813.0247017865,57393.8437511678,53576.7358175684,57248.458375824,57248.458375824,28116886357
2021-11-29,57291.904734501,58872.8805776195,56792.5254079788,57806.5662152559,57806.5662152559,32370840356
2021-11-30,57830.1138192706,59113.4009013998,56057.2822340064,57005.4254735998,57005.4254735998,36708594618
2021-12-01,56907.9667338266,59041.6852434855,56553.0807744684,57229.8298994492,57229.8298994492,36858195307
2021-12-02,57217.371048472,57349.2349793262,55895.1328619811,56477.8174777821,56477.8174777821,32379968686
2021-12-03,56509.1653563906,57482.1692659699,52496.5853617419,53598.2464702979,53598.2464702979,39789134215
2021-12-04,53727.87808735,53904.6795117967,42874.6168583905,49200.7046174372,49200.7046174372,61385677469
2021-12-05,49201.5184010156,49768.1489762985,47857.4968720903,49368.8470992255,49368.8470992255,37198201161
2021-12-06,49413.4790992129,50929.5190938323,47281.0353797585,50582.6253966441,50582.6253966441,37707308001
2021-12-07,50581.8300495181,51934.7818955124,50175.8075210566,50700.0843364829,50700.0843364829,33676814852
2021-12-08,50667.6476830609,51171.3753104053,48765.9869210097,50504.7955387084,50504.7955387084,28479699446
2021-12-09,50450.0820524109,50797.1654408922,47358.353270501,47672.1223910874,47672.1223910874,29603577251
2021-12-10,47642.1435531842,50015.2529873873,47023.6980210468,47243.3056849164,47243.3056849164,30966005122
2021-12-11,47264.6347033978,49458.2127878793,46942.3478207253,49362.508336459,49362.508336459,25775869261
2021-12-12,49354.8549351623,50724.8657399937,48725.8530226358,50098.3351363893,50098.3351363893,21939223599
2021-12-13,50114.7409911263,50204.9982632709,45894.8473948431,46737.48224375,46737.48224375,32166727776
2021-12-14,46709.8224590995,48431.3995664936,46424.4960219948,46612.6335069029,46612.6335069029,34638619079
2021-12-15,48379.7542277397,49473.9557896173,46671.9667448597,48896.7208291144,48896.7208291144,36541828520
2021-12-16,48900.462910626,49425.5731432585,47529.8807655215,47665.426077884,47665.426077884,27268150947
2021-12-17,47653.7298524917,48004.8937503772,45618.2160839731,46202.143379147,46202.143379147,32902725329
2021-12-18,46219.2554163103,47313.8287806201,45598.4426124471,46848.7767655561,46848.7767655561,26098292690
2021-12-19,46853.8680030434,48089.6643521108,46502.9545467562,46707.0148769996,46707.0148769996,25154053861
2021-12-20,46707.0644512279,47401.7179482003,45579.8101425366,46880.2789637231,46880.2789637231,30961902129
2021-12-21,46886.0774573853,49300.9197060746,46698.7741152543,48936.6141514468,48936.6141514468,27055803928
2021-12-22,48937.0963391141,49544.7964416088,48450.9397297104,48628.509925134,48628.509925134,24447979559
2021-12-23,48626.3437822023,51332.340378309,48065.8375264037,50784.5381788605,50784.5381788605,28223878108
2021-12-24,50806.0505029799,51814.0285054983,50514.4942908966,50822.1965232303,50822.1965232303,24367912228
2021-12-25,50854.9186725144,51176.5987876064,50236.7065001331,50429.8577970562,50429.8577970562,19030650914
2021-12-26,50428.6926963893,51196.3772869711,49623.1042072232,50809.5150128895,50809.5150128895,20964372926
2021-12-27,50802.6089327853,51956.3263547044,50499.4686759577,50640.4188043781,50640.4188043781,24324345758
2021-12-28,50679.8593770298,50679.8593770298,47414.2099253189,47588.8547774592,47588.8547774592,33430376883
2021-12-29,47623.8704633248,48119.7409498776,46201.4943709627,46444.7104905398,46444.7104905398,30049226299
2021-12-30,46490.6060493554,47879.9654999821,46060.3131660207,47178.1258434398,47178.1258434398,26686491018
2021-12-31,47169.3728586211,48472.527490225,45819.9545532818,46306.4461226996,46306.4461226996,36974172400
2022-01-01,46311.744663041,47827.3109946009,46288.4860950468,47686.8115091782,47686.8115091782,24582667004
2022-01-02,47680.9266248301,47881.4062331606,46856.9363097429,47345.220564253,47345.220564253,27951569547
2022-01-03,47343.543765149,47510.7261749285,45835.9630254063,46458.1169588914,46458.1169588914,33071628362
2022-01-04,46458.8514444139,47406.5483021772,45752.4635620531,45897.5758267783,45897.5758267783,42494677905
2022-01-05,45899.3587395826,46929.0457944863,42798.2242591564,43569.0033476498,43569.0033476498,36851084859
2022-01-06,43565.5117270679,43748.7203109931,42645.5409516768,43160.9284196054,43160.9284196054,30208048289
2022-01-07,43153.5708757533,43153.5708757533,41077.4462015482,41557.9011609709,41557.9011609709,84196607520
2022-01-08,41561.4658676891,42228.9420354353,40672.2754483568,41733.9430988926,41733.9430988926,28066355845
2022-01-09,41734.727562932,42663.9504824008,41338.1597064035,41911.6015363357,41911.6015363357,21294384372
2022-01-10,41910.2308272178,42199.4850422173,39796.571708349,41821.2631390031,41821.2631390031,32104232331
2022-01-11,41819.5069706213,43001.1571213205,41407.7538730793,42735.8541195077,42735.8541195077,26327648900
2022-01-12,42742.1784059514,44135.3685087135,42528.9864452659,43949.1006867819,43949.1006867819,33499938689
2022-01-13,43946.7417177351,44278.4232566127,42447.0441520643,42591.5722580306,42591.5722580306,47691135082
2022-01-14,42598.872888975,43346.6885657206,41982.6166524365,43099.6998283297,43099.6998283297,23577403399
2022-01-15,43101.899610764,43724.6731845297,42669.0352201934,43177.3967900803,43177.3967900803,18371348298
2022-01-16,43172.0388946744,43436.8075003502,42691.0242340791,43113.8801137778,43113.8801137778,17902097845
2022-01-17,43118.1201015099,43179.3911030298,41680.3215634165,42250.5493732401,42250.5493732401,21690904261
2022-01-18,42250.0731446126,42534.4039185478,41392.216698751,42375.6328430686,42375.6328430686,22417209227
2022-01-19,42374.0406120285,42478.3048443432,41242.9131156818,41744.3298424627,41744.3298424627,23091543258
2022-01-20,41744.0280591734,43413.0239423642,40672.8238483266,40680.4199136003,40680.4199136003,20382033940
2022-01-21,40699.6069839273,41060.5273749856,35791.4265480389,36457.3181001361,36457.3181001361,43011992031
2022-01-22,36471.5899999248,36688.8108237871,34349.2491949516,35030.2517675959,35030.2517675959,39714385405
2022-01-23,35047.3602896719,36433.3126565747,34784.9671633865,36276.8046943699,36276.8046943699,26017975951
2022-01-24,36275.7329481249,37247.5213280799,33184.0595656615,36654.3291826876,36654.3291826876,41856658597
2022-01-25,36654.8059244257,37444.5693479937,35779.4288038279,36954.0020136276,36954.0020136276,26428189594
2022-01-26,36950.5148286881,38825.4086928912,36374.9079053597,36852.122594586,36852.122594586,31324598034
2022-01-27,36841.8806089473,37148.3222790892,35629.2798878753,37138.2343159536,37138.2343159536,25041426629
2022-01-28,37128.444198943,37952.8778358648,36211.1081986276,37784.3332640665,37784.3332640665,22238830523
2022-01-29,37780.7137862733,38576.2636449016,37406.4736874418,38138.1785657755,38138.1785657755,17194183075
2022-01-30,38151.9188233734,38266.3397953894,37437.7092090569,37917.60273361,37917.60273361,14643548444
2022-01-31,37920.2809909723,38647.2609829571,36733.5728745194,38483.126309273,38483.126309273,20734730465
2022-02-01,38481.7653685119,39115.1322812921,38113.6630945423,38743.2725693698,38743.2725693698,20288500328
2022-02-02,38743.7134257246,38834.617830971,36832.7286672317,36952.9849327595,36952.9849327595,19155189416
2022-02-03,36944.8052390298,37154.6002446074,36375.5373396971,37154.6002446074,37154.6002446074,18591534769
2022-02-04,37149.2641415061,41527.7855761899,37093.6295679956,41500.8753823114,41500.8753823114,29412210792
2022-02-05,41501.4805719368,41847.1632851494,41038.095856616,41441.1648206042,41441.1648206042,19652846215
2022-02-06,41441.1207903381,42500.7869325403,41244.9076349004,42412.4342359174,42412.4342359174,16142097334
2022-02-07,42406.7813264058,44401.8635101809,41748.1553115415,43840.2865761055,43840.2865761055,28641855926
2022-02-08,43854.6536157814,45293.8662442033,42807.8357379192,44118.4462597284,44118.4462597284,33079398868
2022-02-09,44096.7044920426,44727.799891548,43232.9671622586,44338.7977574167,44338.7977574167,23245887300
2022-02-10,44347.7988345238,45661.1731433747,43402.8082441073,43565.1121728445,43565.1121728445,32142048537
2022-02-11,43571.1304633789,43810.8303834551,42114.5396429838,42407.9379380192,42407.9379380192,26954925781
2022-02-12,42412.300311475,42992.5515605498,41852.5727219579,42244.4699868886,42244.4699868886,18152390304
2022-02-13,42236.5664263282,42693.0528547568,41950.9417357075,42197.5153405276,42197.5153405276,14741589015
2022-02-14,42157.3991531626,42775.7783215497,41681.9561131146,42586.9196860901,42586.9196860901,20827783012
2022-02-15,42586.4646116209,44667.2169798202,42491.0337603845,44575.2033341441,44575.2033341441,22721659051
2022-02-16,44578.2762069386,44578.2762069386,43456.6929350665,43961.8593882795,43961.8593882795,19792547657
2022-02-17,43937.0716182815,44132.97417692,40249.3730029574,40538.0128343685,40538.0128343685,26246662813
2022-02-18,40552.1325746996,40929.1532321168,39637.6186047582,40030.9755990885,40030.9755990885,23310007704
2022-02-19,40026.0225060806,40418.8792151735,39713.0583287245,40122.1547656975,40122.1547656975,13736557863
2022-02-20,40118.1006214851,40119.8900620854,38112.813944195,38431.3781154647,38431.3781154647,18340576452
2022-02-21,38423.2098719156,39394.4358263489,36950.4757186119,37075.2793533757,37075.2793533757,29280402798
2022-02-22,37068.7714361995,38359.8536637991,36488.932255945,38286.0270879696,38286.0270879696,25493150450
2022-02-23,38285.2826142108,39122.3939045685,37201.8160136201,37296.5720003887,37296.5720003887,21849073843
2022-02-24,37278.5650718651,38968.8412169006,34459.2177282867,38332.6098307004,38332.6098307004,46383802093
2022-02-25,38333.7471448087,39630.3224166458,38111.3418879466,39214.2206250425,39214.2206250425,26545599159
2022-02-26,39213.0837830814,40005.3487264337,38702.5337062365,39105.1478155514,39105.1478155514,17467554129
2022-02-27,39098.6989112453,39778.9423729401,37268.9775170501,37709.7837534329,37709.7837534329,23450127612
2022-02-28,37706.0012666457,43760.4570181679,37518.2146036468,43193.2340330233,43193.2340330233,35690014104
2022-03-01,43194.5042113042,44793.600448404,42952.5840528017,44354.6375073612,44354.6375073612,32479047645
2022-03-02,44357.6152449675,45077.5769494305,43432.8517789104,43924.1164380558,43924.1164380558,29183112630
2022-03-03,43925.1950649516,44021.5783367152,41914.7490976182,42451.7895866188,42451.7895866188,24967782593
2022-03-04,42458.1411201421,42479.6131422293,38805.8495430207,39137.6036387584,39137.6036387584,28516271427
2022-03-05,39148.4497050197,39566.3361892208,38777.0364164827,39400.5841380401,39400.5841380401,16975917450
2022-03-06,39404.1989243159,39640.1767511205,38211.6479622922,38419.9833773926,38419.9833773926,19745229902
2022-03-07,38429.3027830169,39430.2280590762,37260.2017138385,38062.040205582,38062.040205582,28546143503
2022-03-08,38059.9042925389,39304.4428530725,37957.3865266001,38737.2684954927,38737.2684954927,25776583476
2022-03-09,38742.8160804567,42465.6729111805,38706.0947800838,41982.9263548072,41982.9263548072,32284121034
2022-03-10,41974.0692381785,42004.7271518599,38832.941265025,39437.4597736288,39437.4597736288,31078064711
2022-03-11,39439.9695316149,40081.6792542572,38347.4331623984,38794.9731374789,38794.9731374789,26364890465
2022-03-12,38794.4631888984,39308.5990610398,38772.5358786197,38904.0133980303,38904.0133980303,14616450657
2022-03-13,38884.7248489191,39209.3504270127,37728.1443563354,37849.6627995273,37849.6627995273,17300745310
2022-03-14,37846.3164396237,39742.5007223381,37680.7344675775,39666.7558189777,39666.7558189777,24322159070
2022-03-15,39664.2500260637,39794.6302635978,38310.2125797126,39338.7854920324,39338.7854920324,23934000868
2022-03-16,39335.569403716,41465.4517139286,39022.3470871459,41143.9280403474,41143.9280403474,39616916192
2022-03-17,41140.8448157717,41287.5352036456,40662.8706009486,40951.3798755055,40951.3798755055,22009601093
2022-03-18,40944.8416795343,42195.7447600357,40302.3980488072,41801.1544960935,41801.1544960935,34421564942
2022-03-19,41794.6478339065,42316.5544604012,41602.6683804537,42190.6534617069,42190.6534617069,19664853187
2022-03-20,42191.4053121278,42241.164783313,41004.7595624682,41247.8234468342,41247.8234468342,20127946682
2022-03-21,41246.1328484777,41454.4104322975,40668.0416965467,41077.9979918038,41077.9979918038,24615543271
2022-03-22,41074.1045184977,43124.7080693268,40948.2807435836,42358.8084254084,42358.8084254084,32004652376
2022-03-23,42364.3780528832,42893.5066795671,41877.5094001254,42892.9574822428,42892.9574822428,25242943069
2022-03-24,42886.6542168214,44131.854552052,42726.1625314375,43960.933058954,43960.933058954,31042992291
2022-03-25,43964.5462246384,44999.4930588116,43706.2860318396,44348.7309048344,44348.7309048344,30574413034
2022-03-26,44349.8584333427,44735.9955961396,44166.2751431536,44500.8284155129,44500.8284155129,16950455995
2022-03-27,44505.3571023706,46827.5461945489,44437.2936474072,46820.4934636771,46820.4934636771,28160889722
2022-03-28,46821.8502469343,48086.8367491568,46690.2041337559,47128.0051622503,47128.0051622503,36362175703
2022-03-29,47100.4385980769,48022.2888818255,47100.4385980769,47465.7298877113,47465.7298877113,31397059069
2022-03-30,47456.897029717,47655.1494297468,46746.2113689801,47062.6641669272,47062.6641669272,29333883962
2022-03-31,47062.146561831,47512.0283138768,45390.5371483103,45538.6769223388,45538.6769223388,33327427106
2022-04-01,45554.1638120546,46616.2437719152,44403.1410093413,46281.6439814509,46281.6439814509,38162644287
2022-04-02,46285.4980587704,47028.2807878879,45782.5130184345,45868.9491559204,45868.9491559204,29336594194
2022-04-03,45859.1287006828,47313.4768544721,45634.1038004633,46453.5670763172,46453.5670763172,25414397610
2022-04-04,46445.2716196297,46791.0890451554,45235.8153540203,46622.6744137452,46622.6744137452,32499785455
2022-04-05,46624.5070754526,47106.1397405311,45544.8075061707,45555.9934041971,45555.9934041971,29640604055
2022-04-06,45544.3556195233,45544.3556195233,43193.9540005006,43206.7376725735,43206.7376725735,39393395788
2022-04-07,43207.4988703738,43860.6975585056,42899.9066089561,43503.8491661365,43503.8491661365,26101973106
2022-04-08,43505.136802651,43903.0195651663,42183.2871213171,42287.6635116808,42287.6635116808,27215995394
2022-04-09,42282.0793945954,42786.8178369303,42183.2539081478,42782.1353172936,42782.1353172936,16050772496
2022-04-10,42781.0904634136,43376.3806602516,42021.2068019349,42207.670963734,42207.670963734,17654475582
2022-04-11,42201.0382303314,42424.5910371138,39373.0583284502,39521.9013265663,39521.9013265663,33949912166
2022-04-12,39533.7133062411,40617.5860956274,39388.3274461799,40127.1820849288,40127.1820849288,30991500854
2022-04-13,40123.5697619184,41430.0541551098,39712.7468117849,41166.7318122462,41166.7318122462,27691105228
2022-04-14,41160.2191454054,41451.4801353359,39695.7444311675,39935.5169992135,39935.5169992135,24342001973
2022-04-15,39939.4039599383,40617.7208025642,39866.830396352,40553.4632718884,40553.4632718884,21756855753
2022-04-16,40552.3176941877,40633.6807054702,40078.4255045838,40424.4832933225,40424.4832933225,16833150693
2022-04-17,40417.7762672216,40570.7277847157,39620.8936008984,39716.9542258357,39716.9542258357,19087633042
2022-04-18,39721.2029153003,40986.3188298712,38696.1915182274,40826.2143856021,40826.2143856021,33705182072
2022-04-19,40828.1742034359,41672.9617565645,40618.6341947153,41502.7504194207,41502.7504194207,25303206547
2022-04-20,41501.7442424249,42126.3001302172,40961.0975519901,41374.3782012031,41374.3782012031,27819532341
2022-04-21,41371.5150467923,42893.5802043813,40063.8286699322,40527.3640835385,40527.3640835385,35372786395
2022-04-22,40525.8619182391,40777.7586436665,39315.4184114444,39740.3198538771,39740.3198538771,28011716745
2022-04-23,39738.7232696615,39935.8606514064,39352.2030243514,39486.7287113245,39486.7287113245,16138021249
2022-04-24,39478.373437204,39845.9247429991,39233.5409396267,39469.293555834,39469.293555834,17964398167
2022-04-25,39472.607372297,40491.7537987028,38338.3769632698,40458.3089645522,40458.3089645522,35445730570
2022-04-26,40448.4226744585,40713.8895679717,37884.9860105779,38117.4625078349,38117.4625078349,34569088416
2022-04-27,38120.3026308778,39397.9171355929,37997.3116313579,39241.1227507635,39241.1227507635,30981015184
2022-04-28,39241.4285252216,40269.4651207372,38941.4225813304,39773.8283675659,39773.8283675659,33903704907
2022-04-29,39768.6158199967,39887.2682113616,38235.5365508554,38609.8231933379,38609.8231933379,30882994649
2022-04-30,38605.8588053705,38771.2099918734,37697.9427790922,37714.875545299,37714.875545299,23895713731
2022-05-01,37713.265089741,38627.857504864,37585.7873728754,38469.0939025425,38469.0939025425,27002760110
2022-05-02,38472.1871454262,39074.9717589518,38156.5619033136,38529.3278008977,38529.3278008977,32922642426
2022-05-03,38528.1100380674,38629.994974219,37585.6203126624,37750.4539152995,37750.4539152995,27326943244
2022-05-04,37748.0118484619,39902.9502136511,37732.0601966595,39698.3706196742,39698.3706196742,36754404490
2022-05-05,39695.746350719,39789.2830202912,35856.5161061082,36575.142132703,36575.142132703,43106256317
2022-05-06,36573.1823550037,36624.3595960026,35482.1327440579,36040.9223501524,36040.9223501524,37795577489
2022-05-07,36042.5036939934,36129.9255204253,34940.8246733344,35501.9541442019,35501.9541442019,24375896406
2022-05-08,35502.9402038303,35502.9402038303,33878.9645692059,34059.2642505879,34059.2642505879,36763041910
2022-05-09,34060.0154816197,34222.0733234167,30296.9534000531,30296.9534000531,30296.9534000531,63355494961
2022-05-10,30273.654218841,32596.3078359205,29944.802737422,31022.9054122253,31022.9054122253,59811038817
2022-05-11,31016.1827523335,32013.4014927546,28170.4130858639,28936.3550311122,28936.3550311122,70388855818
2022-05-12,28936.7339259087,30032.4389484654,26350.4901742248,29047.7510038538,29047.7510038538,66989173272
2022-05-13,29030.9103910716,30924.8027176216,28782.3296577337,29283.103811543,29283.103811543,42841124537
2022-05-14,29285.6430028713,30192.8031935087,28702.9095341841,30101.2664459848,30101.2664459848,28579868620
2022-05-15,30098.5866261369,31308.1913582629,29527.7403707191,31305.1125686764,31305.1125686764,25835372065
2022-05-16,31304.374144248,31305.3425986839,29251.8855581398,29862.9182412919,29862.9182412919,32613897286
2022-05-17,29862.4081929416,30694.490950877,29570.3019001848,30425.857276796,30425.857276796,29101473475
2022-05-18,30424.4792225503,30618.715981161,28720.2713997454,28720.2713997454,28720.2713997454,31285268319
2022-05-19,28720.3585631289,30430.7522309591,28708.9550418266,30314.3349534984,30314.3349534984,33773447707
2022-05-20,30311.1193461763,30664.9763670009,28793.6060336771,29200.7400877833,29200.7400877833,30749382605
2022-05-21,29199.8590065676,29588.8688149389,29027.3938182935,29432.2259634811,29432.2259634811,17274840442
2022-05-22,29432.4723986064,30425.8605130009,29275.1827640655,30323.7218952694,30323.7218952694,21631532270
2022-05-23,30309.3964800086,30590.5864837253,28975.5596093713,29098.909745734,29098.909745734,31483454557
2022-05-24,29101.1252943246,29774.3547202654,28786.5894517928,29655.58613284,29655.58613284,26616506245
2022-05-25,29653.1352936197,30157.7845345246,29384.9493491208,29562.3612655464,29562.3612655464,27525063551
2022-05-26,29564.7765107969,29834.1592888614,28261.9057088448,29267.2246712304,29267.2246712304,36774325352
2022-05-27,29251.1408637204,29346.9430247971,28326.6136487276,28627.5748531586,28627.5748531586,36582005748
2022-05-28,28842.1038446105,29135.9182578598,28554.5660193876,29023.4880392653,29023.4880392653,19252320708
2022-05-29,29019.8674141315,29498.0088389573,28841.1064887385,29445.9576239208,29445.9576239208,18093886409
2022-05-30,29443.3657109831,31949.6316183118,29303.571633074,31726.3906858653,31726.3906858653,39277993274
2022-05-31,31723.8651015418,32249.8639341789,31286.1543455629,31792.3099432754,31792.3099432754,33538210634
2022-06-01,31792.5538087129,31957.2843170438,29501.5885232255,29799.0797135195,29799.0797135195,41135817341
2022-06-02,29794.8900797802,30604.7348586759,29652.7049833489,30467.4877414342,30467.4877414342,29083562061
2022-06-03,30467.8068396067,30633.0344757636,29375.6893020883,29704.3913570693,29704.3913570693,26175547452
2022-06-04,29706.139572537,29930.5639469047,29500.0063498064,29832.9142253244,29832.9142253244,16588370958
2022-06-05,29835.1181317702,30117.7434474995,29574.4495314888,29906.6617477915,29906.6617477915,17264085441
2022-06-06,29910.2837235964,31693.2901114808,29894.1873301778,31370.6719476925,31370.6719476925,31947336829
2022-06-07,31371.7412599943,31489.6832523575,29311.6835562575,31155.4787018498,31155.4787018498,40770974039
2022-06-08,31151.4798946644,31253.6908607416,29944.4034808823,30214.356242025,30214.356242025,30242059107
2022-06-09,30215.2789745803,30609.3104880579,30020.2648432245,30111.9979224235,30111.9979224235,21692004719
2022-06-10,30110.3295199028,30245.8086237771,28978.1470531645,29083.8047209541,29083.8047209541,29867476527
2022-06-11,29084.666534528,29401.9162962048,28236.2119169078,28360.811358542,28360.811358542,27246574439
2022-06-12,28373.5142522495,28502.685070938,26762.6490379039,26762.6490379039,26762.6490379039,34163220274
2022-06-13,26737.5776601486,26795.5898175946,22141.2575407059,22487.3879258459,22487.3879258459,68204556440
2022-06-14,22487.9871750921,23018.9507654132,20950.8182797178,22206.7927900583,22206.7927900583,50913575242
2022-06-15,22196.7301834792,22642.6723546281,20178.3760405906,22572.8398231902,22572.8398231902,54912007015
2022-06-16,22576.305346187,22868.9211355563,20265.2257119101,20381.6512129024,20381.6512129024,31183975654
2022-06-17,20385.7187101434,21243.3120420882,20326.5185645264,20471.4818924914,20471.4818924914,27132421514
2022-06-18,20473.4249789315,20736.0410609155,17708.6237125896,19017.6423550215,19017.6423550215,42009436760
2022-06-19,19010.9020841202,20683.821565938,18067.15191869,20553.2718217472,20553.2718217472,35329942625
2022-06-20,20553.3702544391,20913.3219024242,19689.1695110104,20599.5379647956,20599.5379647956,30818458597
2022-06-21,20594.2948372014,21620.62852029,20415.061882275,20710.597101739,20710.597101739,28970212744
2022-06-22,20719.41392721,20835.7503482133,19848.0786676282,19987.0290493797,19987.0290493797,28574793478
2022-06-23,19986.607101581,21135.7622370547,19950.1162252256,21085.8771612422,21085.8771612422,26188097173
2022-06-24,21084.6480617906,21472.917912877,20777.5115803289,21231.6557714446,21231.6557714446,24957784918
2022-06-25,21233.6098714228,21520.9146376497,20964.5850076037,21502.3386880262,21502.3386880262,18372538715
2022-06-26,21496.4947397853,21783.7247658329,21016.2688061921,21027.2953088067,21027.2953088067,18027170497
2022-06-27,21028.2382267284,21478.0893638064,20620.1985073849,20735.4779474249,20735.4779474249,20965695707
2022-06-28,20731.5443463851,21164.4240972544,20228.8115792347,20280.6356501458,20280.6356501458,21381535161
2022-06-29,20281.1694611799,20364.1560967338,19937.7910783669,20104.0231777817,20104.0231777817,23552740328
2022-06-30,20108.3123376304,20141.1603609993,18729.6562279337,19784.7264946249,19784.7264946249,26267239923
2022-07-01,19820.4704741998,20632.671261281,19073.7084047514,19269.3666859098,19269.3666859098,30767551159
2022-07-02,19274.8362829748,19371.7476574216,19027.0813551026,19242.255580241,19242.255580241,18100418740
2022-07-03,19242.0947628176,19558.2688658035,18966.9506341661,19297.0760827928,19297.0760827928,16390821947
2022-07-04,19297.3141855828,20258.7472098173,19063.0661953686,20231.2615118026,20231.2615118026,21594638208
2022-07-05,20225.3534364236,20635.4677410245,19341.2331538775,20190.1146695234,20190.1146695234,26715546990
2022-07-06,20194.6194989241,20595.5296078308,19823.5112028015,20548.2458719695,20548.2458719695,24598943708
2022-07-07,20547.8142411523,21771.8165530893,20296.1031222911,21637.5877502437,21637.5877502437,25814972520
2022-07-08,21637.1550515826,22314.9405374086,21257.453547475,21731.1165833973,21731.1165833973,49899834488
2022-07-09,21716.8285854815,21877.1393217129,21445.9562353204,21592.2060743303,21592.2060743303,29641127858
2022-07-10,21591.0808021627,21591.0808021627,20727.123494758,20860.4493930623,20860.4493930623,28688807249
2022-07-11,20856.352967685,20856.352967685,19924.5397968986,19970.556593233,19970.556593233,24150249025
2022-07-12,19970.4750229398,20043.4454066637,19308.5306169019,19323.914856106,19323.914856106,25810220018
2022-07-13,19325.9727246501,20223.0526478927,18999.953131779,20212.073498093,20212.073498093,33042430345
2022-07-14,20211.4659555454,20789.8936721942,19689.258743334,20569.9200615284,20569.9200615284,31158743333
2022-07-15,20573.1562979175,21138.2433270448,20396.9991343854,20836.3286445243,20836.3286445243,25905575359
2022-07-16,20834.104129429,21514.4033302194,20518.8987819735,21190.3156676219,21190.3156676219,24302954056
2022-07-17,21195.0412138346,21600.6401193599,20778.1798752236,20779.3445398509,20779.3445398509,22927802083
2022-07-18,20781.9115039967,22633.0334362237,20781.9115039967,22485.6892521761,22485.6892521761,39974475562
2022-07-19,22467.8500961444,23666.9622537083,21683.4063763923,23389.4328464795,23389.4328464795,48765202697
2022-07-20,23393.1920116301,24196.8192139777,23009.949763201,23231.7319651172,23231.7319651172,42932549127
2022-07-21,23233.2019709128,23388.3221721635,22431.1493945308,23164.6287547047,23164.6287547047,33631012204
2022-07-22,23163.7520625768,23671.9285284238,22603.4151006765,22714.9791482287,22714.9791482287,31421555646
2022-07-23,22706.9834272109,22977.2110015504,22002.9106148295,22465.4776274248,22465.4776274248,24021799169
2022-07-24,22465.5092660661,22974.0026721759,22306.840180485,22609.164770669,22609.164770669,23565495303
2022-07-25,22607.1555467717,22649.1213665683,21361.6434545441,21361.700521904,21361.700521904,35574561406
2022-07-26,21361.1218713035,21361.1218713035,20776.8160824806,21239.7543798251,21239.7543798251,28624673855
2022-07-27,21244.1695591889,22986.5294030049,21070.8061258165,22930.5484457,22930.5484457,31758955233
2022-07-28,22933.6412489688,24110.4699196849,22722.2651232758,23843.8862077382,23843.8862077382,40212386158
2022-07-29,23845.2123738942,24294.7864568312,23481.1731396691,23804.6332345672,23804.6332345672,35887249746
2022-07-30,23796.8186106216,24572.5794217469,23580.5084844794,23656.2070255842,23656.2070255842,28148218301
2022-07-31,23652.0696621219,24121.6425782597,23275.7025004507,23336.8956049843,23336.8956049843,23553591896
2022-08-01,23336.7180518604,23464.7862772244,22890.7960211693,23314.1994325371,23314.1994325371,25849159141
2022-08-02,23308.434172793,23415.041329171,22710.0839796372,22978.1165929475,22978.1165929475,28389250717
2022-08-03,22981.3027057546,23578.650444504,22747.8364404392,22846.5070579755,22846.5070579755,26288169966
2022-08-04,22848.2143845004,23198.0101072399,22485.7006555715,22630.9567321334,22630.9567321334,25120229769
2022-08-05,22626.8333912751,23422.8276961138,22612.1785145741,23289.3142774141,23289.3142774141,28881249043
2022-08-06,23291.4240607937,23326.561622217,22961.2789671291,22961.2789671291,22961.2789671291,15978259885
2022-08-07,22963.5062436219,23359.0090763146,22894.5562352504,23175.8908490806,23175.8908490806,15886817043
2022-08-08,23179.5270499854,24203.6888656304,23176.5472532816,23809.4871145188,23809.4871145188,28575544847
2022-08-09,23811.4835215919,23898.6153695442,22981.9999273799,23164.3179862813,23164.3179862813,23555719219
2022-08-10,23162.898849424,24127.4144160912,22771.520469829,23947.64342535,23947.64342535,32837431722
2022-08-11,23948.346127206,24822.629682616,23900.9968657803,23957.5301942682,23957.5301942682,37127036580
2022-08-12,23957.2030605314,24412.5661055952,23657.2653043183,24402.8185057558,24402.8185057558,27265804688
2022-08-13,24402.187470618,24860.0503581936,24346.1147127212,24424.0678311507,24424.0678311507,22987346289
2022-08-14,24429.0574370816,24974.9142088493,24206.2597723946,24319.3339226,24319.3339226,22994133555
2022-08-15,24318.3154830385,25135.5903960686,23839.7749751036,24136.9724246641,24136.9724246641,35123501685
2022-08-16,24126.1364825776,24228.4156115245,23733.4993295004,23883.2905467346,23883.2905467346,27753685646
2022-08-17,23881.3155123574,24407.0579067141,23243.3544559916,23335.9982223605,23335.9982223605,30931623076
2022-08-18,23341.0389780106,23563.8315937306,23177.6024699687,23212.7390770428,23212.7390770428,23747613147
2022-08-19,23213.3132415999,23213.3132415999,20868.847438639,20877.5536922194,20877.5536922194,40509610260
2022-08-20,20872.8421735014,21350.8062991651,20856.7313355791,21166.060396105,21166.060396105,27595671000
2022-08-21,21160.3927831764,21668.8459077384,21103.1968084256,21534.1212308142,21534.1212308142,23102307723
2022-08-22,21531.4638488066,21531.4638488066,20939.1841727079,21398.9083503016,21398.9083503016,31666498758
2022-08-23,21401.0456699597,21646.2037618365,20955.1381560818,21528.087371684,21528.087371684,31878280659
2022-08-24,21526.4555930855,21783.0757227463,21195.0066949108,21395.0200714925,21395.0200714925,31962253368
2022-08-25,21395.4583899891,21789.6368362852,21362.4412599083,21600.9051416699,21600.9051416699,31028679593
2022-08-26,21596.085314557,21804.9080080991,20199.4833838913,20260.0186494241,20260.0186494241,42326789564
2022-08-27,20262.4803110224,20340.774563674,19890.5233282503,20041.7384530551,20041.7384530551,30116729776
2022-08-28,20041.0348039542,20139.0542332829,19616.8149844439,19616.8149844439,19616.8149844439,24366810591
2022-08-29,19615.1533628598,20357.4632334576,19600.7850348256,20297.9946353065,20297.9946353065,32637854078
2022-08-30,20298.61208083,20542.644969648,19617.6409500442,19796.8094024105,19796.8094024105,34483360283
2022-08-31,19799.5813157872,20420.9904201752,19799.5813157872,20049.7631893726,20049.7631893726,33225232872
2022-09-01,20050.4986698419,20198.3911984996,19653.9684588823,20127.1402694309,20127.1402694309,30182031010
2022-09-02,20126.0727809015,20401.567633276,19814.7660489836,19969.7711774602,19969.7711774602,29123998928
2022-09-03,19969.7183469169,20037.0106485969,19698.355192333,19832.0877293385,19832.0877293385,23613051457
2022-09-04,19832.4712955665,19999.6896450479,19636.8165736549,19986.71383922,19986.71383922,25245861652
2022-09-05,19988.7898184332,20031.1602515742,19673.0473387536,19812.3714787542,19812.3714787542,28813460025
2022-09-06,19817.7240655724,20155.2687168601,18800.1716550661,18837.667712375,18837.667712375,43403978910
2022-09-07,18837.6833207735,19427.172670785,18644.4672270585,19290.3238735938,19290.3238735938,35239757134
2022-09-08,19289.940569121,19417.3515932252,19076.7145234635,19329.8349334266,19329.8349334266,32194477850
2022-09-09,19328.1399294633,21439.4093171623,19310.9625754389,21381.1528552866,21381.1528552866,48469528171
2022-09-10,21376.9117145388,21760.2757705752,21168.7217218009,21680.539413428,21680.539413428,36913738894
2022-09-11,21678.5435697066,21770.5531906344,21406.9446411116,21769.2563395567,21769.2563395567,34493951963
2022-09-12,21770.1481330587,22439.1810089793,21603.8957792787,22370.448649932,22370.448649932,50212088965
2022-09-13,22371.4806397841,22673.8197662856,20062.6706994888,20296.7078138753,20296.7078138753,51091116622
2022-09-14,20184.555325165,20467.2014327824,19793.3967181663,20241.0898018307,20241.0898018307,37872380889
2022-09-15,20242.2899083879,20318.1663918808,19636.7337742868,19701.2099625661,19701.2099625661,36389011503
2022-09-16,19704.0054405263,19870.6297658167,19400.0754493035,19772.5842055678,19772.5842055678,30123362273
2022-09-17,19777.0340283315,20162.5320217713,19777.0340283315,20127.5766571789,20127.5766571789,24957448100
2022-09-18,20127.2339476275,20127.2339476275,19387.4913478311,19419.506190767,19419.506190767,31254779144
2022-09-19,19418.5714215096,19639.4797325487,18390.3187095743,19544.1292496743,19544.1292496743,40177002624
2022-09-20,19545.5912754153,19602.4567458839,18813.4550109729,18890.7890963691,18890.7890963691,36791346508
2022-09-21,18891.2828895318,19674.6303314785,18290.315188225,18547.3997598262,18547.3997598262,46363793975
2022-09-22,18534.6495954773,19456.9109010622,18415.5914968551,19413.5516208219,19413.5516208219,41135767926
2022-09-23,19412.3999254216,19464.6723483926,18617.5530098977,19297.6378400087,19297.6378400087,38896078052
2022-09-24,19296.990703569,19310.1976076117,18861.9739989585,18937.0111756715,18937.0111756715,26149643168
2022-09-25,18936.311515242,19134.7331942683,18696.4683038168,18802.0979756765,18802.0979756765,23359966112
2022-09-26,18803.9006328979,19274.8734982574,18721.2858513532,19222.6721841704,19222.6721841704,44148798321
2022-09-27,19221.8407127512,20338.4554611365,18915.6687222744,19110.5465509918,19110.5465509918,58571439619
2022-09-28,19104.6207895026,19688.3443733361,18553.2973576077,19426.7213316789,19426.7213316789,53071298734
2022-09-29,19427.7801905231,19589.2662114892,18924.3534530707,19573.0503140007,19573.0503140007,41037843771
2022-09-30,19573.4314212308,20109.8503013076,19265.6623997088,19431.7894465994,19431.7894465994,43975248085
2022-10-01,19431.1049459172,19471.1548671102,19231.0818744273,19312.0947321314,19312.0947321314,18719537670
2022-10-02,19311.8487082258,19370.3092809335,18970.6205832529,19044.1072723711,19044.1072723711,20765955327
2022-10-03,19044.0678498115,19653.5429529049,19025.2262854468,19623.580334556,19623.580334556,30484729489
2022-10-04,19623.5846894487,20380.3441825203,19523.8401239583,20336.842949206,20336.842949206,35887278685
2022-10-05,20335.8995793765,20343.7485202691,19801.8006612025,20160.7161716068,20160.7161716068,33223790572
2022-10-06,20161.0384382098,20408.3918398816,19900.0885329785,19955.4436723686,19955.4436723686,34711412966
2022-10-07,19957.5590804174,20041.0855798292,19395.7932402119,19546.8497101499,19546.8497101499,29227315390
2022-10-08,19546.3288377398,19601.6954551175,19299.4136190281,19416.5678495233,19416.5678495233,16437423167
2022-10-09,19417.4794111661,19542.5386535421,19349.2589533994,19446.4261941327,19446.4261941327,16837262532
2022-10-10,19446.4162251338,19515.4672876602,19102.9792396234,19141.4835050122,19141.4835050122,27425022774
2022-10-11,19138.9998774831,19241.9602356953,18925.6032218176,19051.4182694773,19051.4182694773,28711532910
2022-10-12,19052.6457860076,19203.1986510517,19029.7583291291,19157.4462868525,19157.4462868525,24950173846
2022-10-13,19156.966613327,19453.3279714913,18319.8226296141,19382.9040336331,19382.9040336331,44219840004
2022-10-14,19382.533972178,19889.1462709754,19115.4073184994,19185.656700327,19185.656700327,38452356727
2022-10-15,19185.4373038114,19212.5416076166,19019.2501252192,19067.6350822884,19067.6350822884,16192235532
2022-10-16,19068.9135599379,19389.6035200638,19068.9135599379,19268.0928008619,19268.0928008619,17988916650
2022-10-17,19268.5621023075,19635.8022813631,19173.3347235856,19550.7572999132,19550.7572999132,27472552998
2022-10-18,19550.466742932,19666.9950059677,19144.7701762788,19334.4151499829,19334.4151499829,30580012344
2022-10-19,19335.0264414519,19348.4168096206,19127.6883699574,19139.5343513894,19139.5343513894,22425387184
2022-10-20,19138.0850568701,19315.1989686457,18971.4586492749,19053.7402405368,19053.7402405368,24493974420
2022-10-21,19053.2030456165,19237.3856061517,18770.9700605115,19172.4692172692,19172.4692172692,32459287866
2022-10-22,19172.380608581,19248.0676722118,19132.2431934133,19208.1902460043,19208.1902460043,16104440957
2022-10-23,19207.7346507752,19646.6515415466,19124.196964845,19567.0073980529,19567.0073980529,22128794335
2022-10-24,19567.7695803849,19589.1245755281,19206.3243067081,19345.5723482851,19345.5723482851,30202235805
2022-10-25,19344.964420214,20348.4115841778,19261.4471258532,20095.8564554472,20095.8564554472,47761524910
2022-10-26,20092.2371880952,20938.1338126875,20076.1177715753,20770.4412716294,20770.4412716294,58895950537
2022-10-27,20772.8030271027,20854.0442159331,20255.3731443355,20285.8367757017,20285.8367757017,49625110402
2022-10-28,20287.9560947863,20724.980299643,20086.0682301131,20595.3519366012,20595.3519366012,43994715910
2022-10-29,20595.1038419697,20988.3944704236,20566.4846167248,20818.4761644388,20818.4761644388,40369840645
2022-10-30,20817.9822518424,20917.0062398519,20547.4634247745,20635.6037476843,20635.6037476843,31486345556
2022-10-31,20633.6960710953,20795.3212231777,20287.4590879886,20495.7742320325,20495.7742320325,45668466815
2022-11-01,20494.8976229392,20647.2897203577,20359.8454797164,20485.2732430903,20485.2732430903,39819303159
2022-11-02,20482.9596937554,20742.8110110662,20087.1344836206,20159.5030671045,20159.5030671045,55552169483
2022-11-03,20162.6892278966,20382.0963206451,20086.2409033906,20209.9874150039,20209.9874150039,43228750179
2022-11-04,20208.7694981217,21209.5610423054,20188.0187146493,21147.2297322385,21147.2297322385,64072727950
2022-11-05,21144.8314657888,21446.8860966908,21097.6354171085,21282.6912959164,21282.6912959164,37846047609
2022-11-06,21285.0566639114,21345.3767927888,20920.1906840362,20926.4859738215,20926.4859738215,35082693210
2022-11-07,20924.6204840491,21053.2461495293,20489.9733436956,20602.8167252699,20602.8167252699,53510852236
2022-11-08,20600.6727471588,20664.6065202996,17603.5443690046,18541.2718532238,18541.2718532238,118992465607
2022-11-09,18543.7612496199,18590.4595695809,15682.6928427807,15880.7798491723,15880.7798491723,102905151606
2022-11-10,15883.1582269152,18054.3117790661,15834.0180932521,17586.7714495473,17586.7714495473,83202283721
2022-11-11,17583.2524305101,17650.9440525421,16543.4823901353,17034.2931347133,17034.2931347133,55871616488
2022-11-12,17036.8754084418,17066.6754912523,16651.7747697243,16799.1847383999,16799.1847383999,29717699419
2022-11-13,16799.7222910557,16920.766400155,16320.6351532761,16353.3657171761,16353.3657171761,27209183682
2022-11-14,16352.0285634204,17109.323354055,15872.9416126748,16618.1992288908,16618.1992288908,49630243054
2022-11-15,16617.4847379897,17051.9619672047,16542.551267216,16884.6139070546,16884.6139070546,36599436183
2022-11-16,16884.3411879443,16960.2951783623,16430.1112817802,16669.4401447741,16669.4401447741,33925512989
2022-11-17,16670.4267562003,16726.4388447882,16460.6834870428,16687.5179505411,16687.5179505411,27868914022
2022-11-18,16687.9115750712,16947.0584011119,16564.6116800308,16697.7776677865,16697.7776677865,26862218609
2022-11-19,16696.2199051826,16797.8769973611,16570.4107483511,16711.5477937965,16711.5477937965,16106223492
2022-11-20,16712.9204583677,16746.7801572696,16248.6928292993,16291.8324676929,16291.8324676929,21313378652
2022-11-21,16291.223799579,16291.223799579,15599.0471753829,15787.2840945218,15787.2840945218,37429485518
2022-11-22,15782.3012305363,16253.0477467021,15656.6060601161,16189.7695319341,16189.7695319341,30726828760
2022-11-23,16195.5886697744,16638.1924865387,16170.502495775,16610.7064149352,16610.7064149352,32958875628
2022-11-24,16611.6376723586,16771.4752431789,16501.7680548846,16604.4650179543,16604.4650179543,26129037414
2022-11-25,16602.2695164974,16603.3169928826,16388.4049535141,16521.8410189608,16521.8410189608,18678255976
2022-11-26,16521.5770249101,16666.8629270058,16416.22869026,16464.2810793656,16464.2810793656,18000008764
2022-11-27,16463.8831715903,16594.405472442,16437.0253344115,16444.6268345485,16444.6268345485,20443898509
2022-11-28,16440.2220878988,16482.9335433104,16054.5302153408,16217.3224676411,16217.3224676411,27743025156
2022-11-29,16217.6399037709,16522.2574706655,16139.3962752471,16444.9832700291,16444.9832700291,23581685468
2022-11-30,16445.4774885523,17190.9382730078,16445.4774885523,17168.5655484864,17168.5655484864,29523576583
2022-12-01,17168.0021376253,17197.4972534447,16888.3878876144,16967.1336671008,16967.1336671008,22895392882
2022-12-02,16968.6832614793,17088.6604094023,16877.8815958777,17088.6604094023,17088.6604094023,19539705127
2022-12-03,17090.0984850759,17116.0408055326,16888.1408071604,16908.236795124,16908.236795124,16217776704
2022-12-04,16908.1704770796,17157.7672395866,16903.4398276459,17130.4859472168,17130.4859472168,16824520830
2022-12-05,17128.8940804496,17378.1533102833,16922.4318687598,16974.8256651336,16974.8256651336,22209086834
2022-12-06,16975.239124186,17091.8641751072,16939.9223489269,17089.5037060098,17089.5037060098,19889922369
2022-12-07,17089.5062701866,17109.3774938957,16750.5581344286,16848.1276289005,16848.1276289005,19675404389
2022-12-08,16847.350249704,17267.9157630195,16788.7838235415,17233.4740199151,17233.4740199151,20496603770
2022-12-09,17232.14800263,17280.5461649486,17100.8362497541,17133.1520141413,17133.1520141413,20328426366
2022-12-10,17134.2213652805,17216.8255926135,17120.6843227631,17128.7237102156,17128.7237102156,12706781969
2022-12-11,17129.7113333088,17245.6352839084,17091.8199897402,17104.1928057162,17104.1928057162,14122486832
2022-12-12,17102.5006494509,17212.563876631,16899.3937850102,17206.4383006718,17206.4383006718,19617581341
2022-12-13,17206.4404839219,17930.0868389008,17111.7631524623,17781.3188354598,17781.3188354598,26634741631
2022-12-14,17782.0668780371,18318.530584361,17652.0983126836,17652.0983126836,17652.0983126836,25900123362
2022-12-15,17813.6441227018,17846.744460573,17322.5900671217,17364.8649112629,17364.8649112629,20964448341
2022-12-16,17364.5464432688,17505.5250524957,16584.7013982805,16647.4834788286,16647.4834788286,24031608960
2022-12-17,16646.9825672479,16800.5901927499,16614.0289473808,16795.0909672135,16795.0909672135,14463581825
2022-12-18,16795.6092258732,16815.3865755439,16697.8200345579,16757.9774032466,16757.9774032466,10924354698
2022-12-19,16759.0409268239,16807.5265740651,16398.1362516753,16439.679646163,16439.679646163,17221074814
2022-12-20,16441.7868000999,17012.9847052964,16427.8672387638,16906.3052104215,16906.3052104215,22722096615
2022-12-21,16904.5273540499,16916.7998823679,16755.912213186,16817.534386551,16817.534386551,14882945045
2022-12-22,16818.3802876537,16866.6743267635,16592.4074544474,16830.3414239344,16830.3414239344,16441573050
2022-12-23,16829.6435860359,16905.2193599891,16794.4593522212,16796.9521712163,16796.9521712163,15329265213
2022-12-24,16796.9766195206,16864.7028789056,16793.5281845114,16847.7552651546,16847.7552651546,9744636213
2022-12-25,16847.5053641059,16860.5539711216,16755.253233558,16841.9870522838,16841.9870522838,11656379938
2022-12-26,16842.2493105753,16920.1236404674,16812.3700759233,16919.8051749285,16919.8051749285,11886957804
2022-12-27,16919.2916501236,16959.8464760475,16642.073182208,16717.1739801271,16717.1739801271,15748580239
2022-12-28,16716.4002205682,16768.1703555248,16497.5570388408,16552.5717365145,16552.5717365145,17005713920
2022-12-29,16552.3224906863,16651.7566638037,16508.6831532318,16642.3426718856,16642.3426718856,14472237479
2022-12-30,16641.3298242645,16643.4274095726,16408.4751768261,16602.5851557701,16602.5851557701,15929162910
2022-12-31,16603.6747026431,16628.9869973035,16517.519222395,16547.4953660162,16547.4953660162,11239186456
2023-01-01,16547.9143978715,16630.4390027154,16521.233430529,16625.0805507091,16625.0805507091,9244361700
2023-01-02,16625.5103941178,16759.3440229184,16572.2288497449,16688.4713573932,16688.4713573932,12097775227
2023-01-03,16688.8472638592,16760.4474659846,16622.3703282563,16679.8570798137,16679.8570798137,13903079207
2023-01-04,16680.2049714198,16964.5851854634,16667.7637251347,16863.2382582833,16863.2382582833,18421743322
2023-01-05,16863.4720568268,16884.0221164772,16790.2830406922,16836.7366452236,16836.7366452236,13692758566
2023-01-06,16836.4734391553,16991.9941211705,16716.4222705217,16951.9695166293,16951.9695166293,14413662913
2023-01-07,16952.1169810139,16975.016620564,16914.1920801119,16955.0774351588,16955.0774351588,7714767174
2023-01-08,16954.1457258497,17091.1444513033,16924.0500739253,17091.1444513033,17091.1444513033,9768827914
2023-01-09,17093.9924981225,17389.9575514263,17093.9924981225,17196.5540596395,17196.5540596395,18624736866
2023-01-10,17192.9500944457,17484.7208924046,17162.991166987,17446.292509299,17446.292509299,15808338949
2023-01-11,17446.3602720665,17987.6335493591,17337.9949977618,17943.8976294683,17943.8976294683,18307186523
2023-01-12,17944.0687339418,19030.0876366382,17919.2317058357,18869.5880552656,18869.5880552656,34971338710
2023-01-13,18868.9059378421,19964.3227279643,18753.1642622097,19909.5746247506,19909.5746247506,29225029694
2023-01-14,19910.5366570655,21075.1418299576,19907.8284635609,20976.2997963921,20976.2997963921,38967784639
2023-01-15,20977.484195217,20993.7486958535,20606.9872383992,20880.7992021821,20880.7992021821,19298407543
2023-01-16,20882.2238766183,21360.8742794775,20715.7462141198,21169.6327806964,21169.6327806964,26792494050
2023-01-17,21175.8332602034,21438.6593578573,20978.5336242013,21161.5192199162,21161.5192199162,24999983362
2023-01-18,21161.0508997004,21564.5022129631,20541.544548774,20688.7807298648,20688.7807298648,30005625418
2023-01-19,20686.7459060612,21163.0122882271,20685.3811808606,21086.7933048443,21086.7933048443,21152848261
2023-01-20,21085.3723377742,22692.3578308247,20919.1259836821,22676.5517588881,22676.5517588881,28799154319
2023-01-21,22677.4273824208,23282.3477215567,22511.8331340198,22777.6258091326,22777.6258091326,32442278429
2023-01-22,22777.9866614216,23056.7296500712,22387.9004628596,22720.4156286391,22720.4156286391,24746386230
2023-01-23,22721.0886719506,23126.4863454372,22654.3044696935,22934.4314643586,22934.4314643586,26518700512
2023-01-24,22929.6277356711,23134.0120466001,22549.744513105,22636.4693111916,22636.4693111916,26405069715
2023-01-25,22639.2671675238,23722.0988087405,22406.0755024251,23117.8596819048,23117.8596819048,30685366709
2023-01-26,23108.9544867974,23237.0771689385,22911.3733512336,23032.7775987084,23032.7775987084,26357839322
2023-01-27,23030.7172856477,23417.7209724548,22654.5934084354,23078.7278799123,23078.7278799123,25383335641
2023-01-28,23079.9643325667,23165.8958842871,22908.846464031,23031.0897756201,23031.0897756201,14712928379
2023-01-29,23031.4492355484,23919.8897614092,22985.0701306067,23774.5659233116,23774.5659233116,27423687259
2023-01-30,23774.6489666425,23789.3471776992,22657.5821676256,22840.13890738,22840.13890738,27205595568
2023-01-31,22840.7960906001,23225.0214038861,22765.5684994408,23139.2839099123,23139.2839099123,22837828665
2023-02-01,23137.8351361505,23764.5392941707,22877.7506525544,23723.7696534847,23723.7696534847,26683255504
2023-02-02,23720.8235172754,24167.210232202,23468.5952825572,23471.8704412794,23471.8704412794,32066936882
2023-02-03,23469.41250714,23678.1025764755,23279.9557414819,23449.3216215066,23449.3216215066,27083066007
2023-02-04,23446.3207269726,23556.9488050843,23291.7956588871,23331.8471370961,23331.8471370961,15639298538
2023-02-05,23332.2476009512,23423.4356115385,22841.7603125011,22955.6660162974,22955.6660162974,19564262605
2023-02-06,22954.0219641729,23119.2799503201,22692.0259840498,22760.1092633004,22760.1092633004,23825006542
2023-02-07,22757.2675418795,23310.975071817,22756.2582769853,23264.2911876916,23264.2911876916,27187964471
2023-02-08,23263.4151260445,23367.9592874059,22731.098213301,22939.3987006841,22939.3987006841,25371367758
2023-02-09,22946.5655186068,22996.4375107837,21773.9746140573,21819.0399147365,21819.0399147365,32572572185
2023-02-10,21819.0064204049,21941.185603317,21539.3928305144,21651.1837829361,21651.1837829361,27078406594
2023-02-11,21651.8418620036,21891.4105629778,21618.4497276175,21870.8740640545,21870.8740640545,16356226232
2023-02-12,21870.9025018492,22060.9946065574,21682.8287747068,21788.2039862606,21788.2039862606,17821046406
2023-02-13,21786.9992632743,21898.4138396757,21460.0885038644,21808.1017736009,21808.1017736009,23918742607
2023-02-14,21801.8231464442,22293.1400934501,21632.3939838592,22220.8041436975,22220.8041436975,26792596581
2023-02-15,22220.5853384745,24307.8413284844,22082.7690807679,24307.8413284844,24307.8413284844,32483312909
2023-02-16,24307.3501977993,25134.1173501961,23602.522501391,23623.4744808063,23623.4744808063,39316664596
2023-02-17,23621.2824942638,24924.0400603084,23460.7560266313,24565.6019889467,24565.6019889467,41358451255
2023-02-18,24565.2959998509,24798.8355706509,24468.3736308589,24641.2769484258,24641.2769484258,19625427158
2023-02-19,24640.0272214209,25093.0551495442,24327.6416722827,24327.6416722827,24327.6416722827,25555105670
2023-02-20,24336.6233404821,25020.4595125254,23927.9092534735,24829.1475699492,24829.1475699492,28987376573
2023-02-21,24833.0489142974,25126.851685722,24200.3641163385,24436.354484576,24436.354484576,31252098714
2023-02-22,24437.4184799228,24472.3397572186,23644.3177157894,24188.8429766943,24188.8429766943,30199996781
2023-02-23,24190.7189835462,24572.0894214544,23693.9194852587,23947.492523176,23947.492523176,30476264066
2023-02-24,23946.0078636716,24103.7044834567,23007.071326645,23198.1274878832,23198.1274878832,26811744928
2023-02-25,23200.1258534291,23210.2110723344,22861.5586648141,23175.3756358425,23175.3756358425,16100721565
2023-02-26,23174.1507687151,23654.3673746458,23084.2216397241,23561.2129109163,23561.2129109163,16644534842
2023-02-27,23561.4506815245,23857.8911252628,23205.8792453501,23522.871914506,23522.871914506,22660763494
2023-02-28,23521.8388223949,23585.3840695392,23077.6503704068,23147.3533899085,23147.3533899085,20535363434
2023-03-01,23150.9299581785,23880.6324628676,23088.6266999013,23646.549899145,23646.549899145,24662841200
2023-03-02,23647.0194731298,23739.1380767792,23245.0214332402,23475.4667376623,23475.4667376623,20386398516
2023-03-03,23476.6337312584,23479.3480937656,22213.2375937663,22362.6793319333,22362.6793319333,26062404610
2023-03-04,22362.9230267909,22405.1769535758,22198.9810093926,22353.3500739307,22353.3500739307,11166012913
2023-03-05,22354.1435981558,22613.685230682,22307.1433134221,22435.5141969735,22435.5141969735,13317001733
2023-03-06,22436.8167758974,22584.2938087023,22331.3148283697,22429.7575333463,22429.7575333463,17353192895
2023-03-07,22428.3223896888,22527.4186416807,22011.2624966569,22219.7690709418,22219.7690709418,22765452204
2023-03-08,22216.4423211022,22268.8962521879,21708.0505060405,21718.0798304321,21718.0798304321,22536575684
2023-03-09,21720.0793175611,21802.7166811718,20210.3067467507,20363.0211117254,20363.0211117254,30364664171
2023-03-10,20367.0017771358,20370.595398116,19628.2543094205,20187.2436476163,20187.2436476163,39578257695
2023-03-11,20187.8770747332,20792.5256924445,20068.6603124152,20632.4096293926,20632.4096293926,30180288176
2023-03-12,20628.0290344583,22185.0311108771,20448.8062610768,22163.949951915,22163.949951915,29279035521
2023-03-13,22156.4066753221,24550.8374857613,21918.19993089,24197.5329977753,24197.5329977753,49466362688
2023-03-14,24201.7660061459,26514.7171655285,24081.1826516623,24746.0746588477,24746.0746588477,54622230164
2023-03-15,24770.925668703,25240.6158183485,23964.909846877,24375.9613578312,24375.9613578312,43655701450
2023-03-16,24373.4566170173,25190.3269844926,24225.1109586283,25052.789721748,25052.789721748,33866061747
2023-03-17,25055.12321927,27787.8122252255,24955.1690552856,27423.9306340492,27423.9306340492,50730261335
2023-03-18,27448.1172696105,27725.9534162099,26636.2609459753,26965.8797570266,26965.8797570266,35723036817
2023-03-19,26969.5037878128,28440.5612172583,26907.7162737127,28038.6749467651,28038.6749467651,37769448859
2023-03-20,28041.6019174942,28527.7242227414,27242.8807029191,27767.2363318262,27767.2363318262,44774027664
2023-03-21,27768.3920318154,28439.5615887102,27439.6470941503,28175.8168354249,28175.8168354249,36102192830
2023-03-22,28158.7199918061,28803.3359206694,26759.9962331222,27307.4367684133,27307.4367684133,33382021890
2023-03-23,27301.9574943549,28729.8434696783,27183.3637407073,28333.9727113788,28333.9727113788,24220433689
2023-03-24,28324.1116952049,28388.4377455639,27039.2654315026,27493.2851436235,27493.2851436235,25980310960
2023-03-25,27487.3377383863,27791.82560276,27196.2338295048,27494.7068783775,27494.7068783775,13383005987
2023-03-26,27495.523958251,28178.1444372132,27445.0463549252,27994.3295142227,27994.3295142227,13878363192
2023-03-27,27994.0679232525,28037.9258606414,26606.6890011395,27139.8885305221,27139.8885305221,18188895178
2023-03-28,27132.8889214451,27460.7194594252,26677.8187281128,27268.1314829145,27268.1314829145,17783600385
2023-03-29,27267.0321746002,28619.5433888008,27259.6611804101,28348.442342812,28348.442342812,20684945906
2023-03-30,28350.141491188,29159.9026178662,27720.1593376162,28033.5631503957,28033.5631503957,22435349951
2023-03-31,28032.2622677886,28639.8960837575,27583.7152600683,28478.4846056804,28478.4846056804,19001327598
2023-04-01,28473.3318011971,28802.4574784469,28297.1724976454,28411.0342430924,28411.0342430924,10876469901
2023-04-02,28462.8448011161,28518.9584078453,27884.0870913286,28199.3083837745,28199.3083837745,12284641999
2023-04-03,28183.0803582438,28475.6225074989,27276.7199488097,27790.2208547736,27790.2208547736,19556501327
2023-04-04,27795.2743239989,28433.7429759972,27681.3050566141,28168.0898164027,28168.0898164027,15284538859
2023-04-05,28169.726952854,28739.2381106536,27843.7644954278,28177.9835569508,28177.9835569508,17052315986
2023-04-06,28175.2270773749,28178.3843123757,27738.759361406,28044.1397549441,28044.1397549441,13837809380
2023-04-07,28038.9669696205,28111.5932841216,27794.0318258101,27925.8594084129,27925.8594084129,10861680497
2023-04-08,27920.5127785287,28159.8627798755,27883.386552621,27947.7945496942,27947.7945496942,9373255556
2023-04-09,27952.3676156125,28532.8299692781,27828.4814105435,28333.0500476249,28333.0500476249,12175322951
2023-04-10,28336.0282374011,29771.46392891,28189.2707713694,29652.9800970841,29652.9800970841,19282400094
2023-04-11,29653.679647446,30509.0836664564,29609.3013680349,30235.0589389553,30235.0589389553,20121259843
2023-04-12,30231.5816232396,30462.480941487,29725.5733501584,30139.052871052,30139.052871052,18651929926
2023-04-13,29892.7394598771,30539.8464812825,29878.6221634081,30399.0663854918,30399.0663854918,17487721001
2023-04-14,30409.5616914944,31005.6080444729,30044.497509619,30485.7000292553,30485.7000292553,22659995079
2023-04-15,30490.7492724237,30601.7401642927,30245.881938716,30318.4969530646,30318.4969530646,11940685378
2023-04-16,30315.9764166222,30555.5376334409,30157.8323252603,30315.3554561203,30315.3554561203,12854816417
2023-04-17,30317.1456974152,30319.1965766039,29275.3710576336,29445.0449049628,29445.0449049628,17872186762
2023-04-18,29449.0917046267,30470.3020147381,29154.8493708622,30397.5527355226,30397.5527355226,19480529496
2023-04-19,30394.1879043593,30411.0537908765,28669.8982681516,28822.6804729009,28822.6804729009,24571565421
2023-04-20,28823.6828624372,29076.4010485199,28037.2572572235,28245.9873104934,28245.9873104934,21340360360
2023-04-21,28249.2312707237,28349.9678577085,27177.3652995742,27276.9096875756,27276.9096875756,20759504330
2023-04-22,27265.8950162583,27872.1431679039,27169.5711204099,27817.5009174373,27817.5009174373,13125734602
2023-04-23,27816.1447925761,27820.2444909276,27400.3137358677,27591.3846319068,27591.3846319068,12785446832
2023-04-24,27591.7295218905,27979.9819006629,27070.8494995525,27525.3394995911,27525.3394995911,17703288330
2023-04-25,27514.8723912188,28371.0776961978,27207.9325567409,28307.5980906654,28307.5980906654,17733373139
2023-04-26,28300.0592743853,29995.8384911174,27324.5490065239,28422.7008784923,28422.7008784923,31854242019
2023-04-27,28428.4642786789,29871.5463516429,28402.8873866517,29473.7861836728,29473.7861836728,27153445027
2023-04-28,29481.0135350274,29572.7916927929,28929.6085418823,29340.262498158,29340.262498158,17544464887
2023-04-29,29336.5670352512,29452.4552449019,29088.0423364895,29248.4883729176,29248.4883729176,10662634333
2023-04-30,29245.5155124623,29952.0285526597,29114.0212362778,29268.8070431626,29268.8070431626,14652199272
2023-05-01,29227.1039819099,29329.9362211056,27680.7926396911,28091.5688038924,28091.5688038924,18655599976
2023-05-02,28087.174969792,28881.2983804636,27924.1236749807,28680.5369679129,28680.5369679129,16432924527
2023-05-03,28680.494409625,29259.5332879995,28178.3892452007,29006.3076709086,29006.3076709086,19122972518
2023-05-04,29031.3044477545,29353.1846595615,28694.0390246895,28847.7115906552,28847.7115906552,15548678514
2023-05-05,28851.4796617854,29668.9076771209,28845.5105337151,29534.384019705,29534.384019705,17936566518
2023-05-06,29538.859004621,29820.1266220765,28468.9674098562,28904.6239490708,28904.6239490708,15913866714
2023-05-07,28901.6228241325,29157.5181853347,28441.3680383238,28454.9782855135,28454.9782855135,11301355486
2023-05-08,28450.4574779637,28663.2723318452,27310.1356123737,27694.2728962731,27694.2728962731,19122903752
2023-05-09,27695.0680692549,27821.4006063564,27375.6006902588,27658.774672519,27658.774672519,14128593256
2023-05-10,27654.6367765788,28322.6883278863,26883.6698825657,27621.7562273313,27621.7562273313,20656025026
2023-05-11,27621.0868718167,27621.9419861764,26781.8270021461,27000.7882707338,27000.7882707338,16724343943
2023-05-12,26987.6625136386,27055.6472281282,25878.428829536,26804.9906706878,26804.9906706878,19313599897
2023-05-13,26807.7690443986,27030.4829603024,26710.8738030477,26784.0785608824,26784.0785608824,9999171605
2023-05-14,26788.9742917708,27150.9767916992,26661.3549036476,26930.6378455643,26930.6378455643,10014858959
2023-05-15,26931.3846319054,27646.3481186699,26766.0969160443,27192.6932211649,27192.6932211649,14413231792
2023-05-16,27171.5145793968,27299.3048116412,26878.9479718172,27036.650709944,27036.650709944,12732238816
2023-05-17,27035.4701297138,27465.9279042946,26600.144844308,27398.8020279652,27398.8020279652,15140006925
2023-05-18,27401.650207989,27466.5275901847,26415.1014830457,26832.209300486,26832.209300486,15222938600
2023-05-19,26826.7547863893,27128.6188432596,26700.2101422999,26890.1282424083,26890.1282424083,11258983301
2023-05-20,26888.8413910538,27155.1590263728,26843.2773808623,27129.5862550312,27129.5862550312,7044911360
2023-05-21,27118.4232282803,27265.917991796,26706.9213535133,26753.8256390547,26753.8256390547,8647416921
2023-05-22,26749.8932054031,27045.7350857875,26549.7347924388,26851.2776278913,26851.2776278913,11056770492
2023-05-23,26855.9606820402,27434.6843282044,26816.1797181209,27225.7265906348,27225.7265906348,13697203143
2023-05-24,27224.6037024623,27224.6037024623,26106.576623118,26334.8182144365,26334.8182144365,16299104428
2023-05-25,26329.4615125873,26591.5191830944,25890.5944753459,26476.2075319731,26476.2075319731,13851122697
2023-05-26,26474.1824692754,26916.669912854,26343.9491574985,26719.2909846173,26719.2909846173,12711619225
2023-05-27,26720.1825135591,26888.883370776,26621.1414051027,26868.3538184312,26868.3538184312,7892015141
2023-05-28,26871.15877526,28193.448532831,26802.7517301607,28085.6473607492,28085.6473607492,14545229578
2023-05-29,28075.5921411669,28432.0387169709,27563.8772111818,27745.884443552,27745.884443552,15181308984
2023-05-30,27745.1236032612,28044.7597979826,27588.5027657556,27702.3487747796,27702.3487747796,13251081851
2023-05-31,27700.5300887118,27831.6778037086,26866.4539444005,27219.6586081109,27219.6586081109,15656371534
2023-06-01,27218.4123755644,27346.1054831365,26671.7211558408,26819.9732197077,26819.9732197077,14678970415
2023-06-02,26824.5569811195,27303.8616872678,26574.6444212308,27249.5889490884,27249.5889490884,14837415000
2023-06-03,27252.323332615,27317.0518540886,26958.0037399252,27075.1293984425,27075.1293984425,8385597470
2023-06-04,27075.1220733877,27407.0185695383,26968.2241409056,27119.0671931263,27119.0671931263,9360912318
2023-06-05,27123.1099638092,27129.9825837683,25445.1675071202,25760.0969995361,25760.0969995361,21513292646
2023-06-06,25732.1088628453,27313.8206824171,25434.8671315473,27238.7837262174,27238.7837262174,21929670693
2023-06-07,27235.6495184016,27332.1809565185,26146.9888682086,26345.9988512669,26345.9988512669,19530045082
2023-06-08,26347.6534538868,26797.5127867183,26246.6637562363,26508.2159021565,26508.2159021565,11904824295
2023-06-09,26505.9240082429,26770.2891173356,26339.3152211506,26480.3750935951,26480.3750935951,11015551640
2023-06-10,26481.7625447084,26531.0451633534,25501.8362415855,25851.2410031697,25851.2410031697,19872933189
2023-06-11,25854.0319184511,26203.4398078896,25668.9856072276,25940.1680803434,25940.1680803434,10732609603
2023-06-12,25934.2855973595,26087.9190731862,25675.1975943677,25902.499869783,25902.499869783,11677889997
2023-06-13,25902.9409098622,26376.3520693234,25728.3655675085,25918.7284012682,25918.7284012682,14143474486
2023-06-14,25920.2580891397,26041.8001094749,24902.1527012158,25124.6766798408,25124.6766798408,14265717766
2023-06-15,25121.673946192,25735.3085416373,24797.1678486154,25576.3940082636,25576.3940082636,15837384409
2023-06-16,25575.2825953687,26463.1730645529,25245.3576831118,26327.4623942173,26327.4623942173,16324646965
2023-06-17,26328.6794390096,26769.3945019205,26174.4916495744,26510.6764468879,26510.6764468879,11090276850
2023-06-18,26510.4576052828,26675.925532232,26325.8901810201,26336.213003281,26336.213003281,9565695129
2023-06-19,26335.4423696201,26984.6115264724,26312.8318076296,26851.0285455213,26851.0285455213,12826986222
2023-06-20,26841.6635300996,28388.9684174993,26668.7916991755,28327.4882643282,28327.4882643282,22211859147
2023-06-21,28311.3109603566,30737.3292235892,28283.4107788348,30027.296453501,30027.296453501,33346760979
2023-06-22,29995.9357665997,30495.9984471372,29679.1574022677,29912.281714768,29912.281714768,20653160491
2023-06-23,29896.3834240396,31389.5381281357,29845.2145052038,30695.4694074896,30695.4694074896,24115570085
2023-06-24,30708.738453966,30804.1493662664,30290.1464759963,30548.6948247387,30548.6948247387,12147822496
2023-06-25,30545.1502334604,31041.2720670359,30327.9427839938,30480.2616057375,30480.2616057375,12703464114
2023-06-26,30480.523973069,30636.0294295733,29955.7432937325,30271.1310167397,30271.1310167397,16493186997
2023-06-27,30274.3211879661,31006.7865769744,30236.6512938044,30688.163854246,30688.163854246,16428827944
2023-06-28,30696.5614868419,30703.2799763247,29921.8228325599,30086.2461885249,30086.2461885249,14571500779
2023-06-29,30086.1867174231,30796.2502396517,30057.2030203001,30445.3512260882,30445.3512260882,13180860821
2023-06-30,30441.3537591761,31256.8626995544,29600.2759394191,30477.2512822446,30477.2512822446,26387306197
2023-07-01,30471.8475630488,30641.2893232817,30328.8647488093,30590.0790715004,30590.0790715004,9086606733
2023-07-02,30587.2699558779,30766.1397466901,30264.018714367,30620.7702634481,30620.7702634481,10533418042
2023-07-03,30624.5163112716,31375.6132520015,30586.5134333907,31156.4394915754,31156.4394915754,15271884873
2023-07-04,31156.8649216554,31325.1981663768,30659.3558933371,30777.5815111677,30777.5815111677,12810828427
2023-07-05,30778.7253627454,30877.3292510437,30225.612698539,30514.16639282,30514.16639282,12481622280
2023-07-06,30507.1511109433,31460.053612688,29892.2260315633,29909.3377611007,29909.3377611007,21129219509
2023-07-07,29907.9989024233,30434.6436943597,29777.2844100844,30342.2647520959,30342.2647520959,13384770155
2023-07-08,30346.9216528359,30374.436525062,30080.1596102402,30292.541172642,30292.541172642,7509378699
2023-07-09,30291.6105302875,30427.5906603124,30085.5921932412,30171.2335717583,30171.2335717583,7903327692
2023-07-10,30172.4229553721,31026.0837999654,29985.3947006345,30414.4715205927,30414.4715205927,14828209155
2023-07-11,30417.6336240204,30788.3146195758,30358.0977422072,30620.9509380041,30620.9509380041,12151839152
2023-07-12,30622.2469455637,30959.9655594585,30228.8352203163,30391.6461439343,30391.6461439343,14805659717
2023-07-13,30387.4891966463,31814.5148120678,30268.3524866199,31476.0493854442,31476.0493854442,23686079548
2023-07-14,31474.7213636247,31582.2548272377,29966.3871365008,30334.0690076907,30334.0690076907,20917902660
2023-07-15,30331.7822769735,30407.7811093183,30263.4634166624,30295.807483728,30295.807483728,8011667756
2023-07-16,30297.4721108167,30437.5607323324,30089.67038376,30249.1328102967,30249.1328102967,8516564470
2023-07-17,30249.626617143,30336.4001335,29685.7826866555,30145.8896255087,30145.8896255087,13240156074
2023-07-18,30147.0708614209,30233.6553490189,29556.428372971,29856.5632231206,29856.5632231206,13138897269
2023-07-19,29862.04720795,30184.1811513168,29794.2688631325,29913.9231998543,29913.9231998543,12128602812
2023-07-20,29915.2503258654,30195.5310367275,29638.096674876,29792.0163780508,29792.0163780508,14655207121
2023-07-21,29805.1115304935,30045.9975126413,29733.8509994208,29908.743898772,29908.743898772,10972789818
2023-07-22,29908.6969886163,29991.6159564429,29664.1209453471,29771.8028277715,29771.8028277715,7873300598
2023-07-23,29790.1116464042,30330.6403920111,29741.5273145473,30084.5392407563,30084.5392407563,9220145050
2023-07-24,30081.6616445789,30093.3942473004,28934.2941602457,29176.9154848326,29176.9154848326,15395817395
2023-07-25,29178.9700445921,29353.161104588,29062.4342931064,29227.390799952,29227.390799952,10266772793
2023-07-26,29225.7601153369,29675.5526173996,29113.9113235798,29354.9728831488,29354.9728831488,13497554655
2023-07-27,29353.7988292154,29560.9662619931,29099.3522511329,29210.6892773374,29210.6892773374,10770779217
2023-07-28,29212.1643024276,29521.5143305549,29125.8455921496,29319.2454030349,29319.2454030349,11218474952
2023-07-29,29319.4460376816,29396.8437541811,29264.1662739004,29356.9185375698,29356.9185375698,6481775959
2023-07-30,29357.0936433926,29443.169489786,29059.5026285708,29275.307946897,29275.307946897,8678454527
2023-07-31,29278.3140543721,29489.8728687203,29131.5790337733,29230.110878649,29230.110878649,11656781982
2023-08-01,29230.8724049903,29675.7324980608,28657.0238197426,29675.7324980608,29675.7324980608,18272392391
2023-08-02,29704.1468382002,29987.9971121967,28946.51037823,29151.9596891331,29151.9596891331,19212655598
2023-08-03,29161.8119457041,29375.7070279614,28959.4882089026,29178.678779687,29178.678779687,12780357746
2023-08-04,29174.3818369773,29302.0782223191,28885.335399401,29074.0917277723,29074.0917277723,12036639988
2023-08-05,29075.3889564763,29102.4656525949,28957.7976155422,29042.1261500756,29042.1261500756,6598366353
2023-08-06,29043.7019801631,29160.8215441502,28963.8346883068,29041.8561709403,29041.8561709403,7269806994
2023-08-07,29038.5128459431,29244.2808643985,28724.1405310678,29180.5789215225,29180.5789215225,13618163710
2023-08-08,29180.0188620852,30176.7962374838,29113.8144640675,29765.4926735622,29765.4926735622,17570561357
2023-08-09,29766.695595898,30093.4351892124,29376.8005464538,29561.4945073243,29561.4945073243,18379521213
2023-08-10,29563.9718365603,29688.5648164715,29354.4464357924,29429.5924885661,29429.5924885661,11865344789
2023-08-11,29424.902574843,29517.7736682695,29253.5179877987,29397.7154970071,29397.7154970071,10195168197
2023-08-12,29399.7866548487,29465.1137837459,29357.5879811121,29415.9645162195,29415.9645162195,6194358008
2023-08-13,29416.5935992443,29441.4333889142,29265.8075968834,29282.9143793982,29282.9143793982,7329897180
2023-08-14,29283.262942771,29660.2543392724,29124.1055472393,29408.4425504032,29408.4425504032,14013695304
2023-08-15,29408.048589907,29439.1204218858,29088.8532768829,29170.3472059942,29170.3472059942,12640195779
2023-08-16,29169.0740199163,29221.9757429755,28701.7795245305,28701.7795245305,28701.7795245305,14949271904
2023-08-17,28699.8028396574,28745.9465251714,25409.1116027686,26664.5499931202,26664.5499931202,31120851211
2023-08-18,26636.0784021093,26808.1957847269,25668.9228168459,26049.5569008807,26049.5569008807,24026236529
2023-08-19,26047.8329790106,26249.4483843828,25802.4078886004,26096.2045506881,26096.2045506881,10631443812
2023-08-20,26096.8612255003,26260.6809353842,26004.3152995916,26189.5846686604,26189.5846686604,9036580420
2023-08-21,26188.6906508187,26220.2016841533,25846.0879702768,26124.141253131,26124.141253131,13371557893
2023-08-22,26130.7480160416,26135.5082032906,25520.728490709,26031.6564794482,26031.6564794482,14503820706
2023-08-23,26040.473651602,26786.8976054909,25804.9981865296,26431.6399826996,26431.6399826996,16985265785
2023-08-24,26431.5198924678,26554.9098173772,25914.9255589463,26162.3724949505,26162.3724949505,12871532023
2023-08-25,26163.6800536736,26248.1034276033,25786.8124616266,26047.6688510481,26047.6688510481,12406045118
2023-08-26,26047.2352396372,26107.3842905801,25983.8782739266,26008.462659668,26008.462659668,6034817316
2023-08-27,26008.2418008294,26165.3724382761,25965.0975389949,26089.6934716635,26089.6934716635,6913768611
2023-08-28,26089.6149228858,26198.5790644484,25880.6002488905,26106.1500439649,26106.1500439649,11002805166
2023-08-29,26102.4858320026,28089.3380271543,25912.6289086749,27727.3930090424,27727.3930090424,29368391712
2023-08-30,27726.0840340273,27760.1593966037,27069.2074245836,27297.2653483206,27297.2653483206,16343655235
2023-08-31,27301.9293168046,27456.0790013622,25752.9299469294,25931.4728933574,25931.4728933574,20181001451
2023-09-01,25934.0208061586,26125.8697737206,25362.6091281569,25800.7243726077,25800.7243726077,17202862221
2023-09-02,25800.9096091103,25970.284489312,25753.0938469384,25868.7981401932,25868.7981401932,10100387473
2023-09-03,25869.4727927244,26087.1491647509,25817.0317984223,25969.5673526316,25969.5673526316,8962524523
2023-09-04,25968.1701334655,26081.5246051517,25657.0255672937,25812.4152686728,25812.4152686728,10680635106
2023-09-05,25814.9578079891,25858.3743125201,25589.9885855439,25779.9817949848,25779.9817949848,11094740040
2023-09-06,25783.930744879,25953.015656649,25404.3596799132,25753.2362583108,25753.2362583108,12752705327
2023-09-07,25748.3120094302,26409.3030110922,25608.201595679,26240.19489212,26240.19489212,11088307100
2023-09-08,26245.2082080784,26414.005974773,25677.4795806905,25905.6537515133,25905.6537515133,10817356400
2023-09-09,25905.4249124824,25921.976226367,25810.4950896881,25895.6782209584,25895.6782209584,5481314132
2023-09-10,25895.2099714338,25978.1301676244,25640.2617077209,25832.2262469114,25832.2262469114,7899553047
2023-09-11,25831.7155007322,25883.9470027172,24930.2974941684,25162.6552722476,25162.6552722476,14600006467
2023-09-12,25160.6579251895,26451.9384975375,25133.0789086915,25833.3430604915,25833.3430604915,18657279324
2023-09-13,25837.5549632929,26376.1134693933,25781.1237276336,26228.3240875137,26228.3240875137,13072077070
2023-09-14,26228.2778603251,26774.6233565855,26171.4518522882,26539.6744424527,26539.6744424527,13811359124
2023-09-15,26533.8188377296,26840.4979252215,26240.7006254309,26608.6933649124,26608.6933649124,11479735788
2023-09-16,26606.1986522569,26754.7701833188,26473.8907765725,26568.2812876599,26568.2812876599,7402031417
2023-09-17,26567.9275830021,26617.997627579,26445.0751254567,26534.18751685,26534.18751685,6774210670
2023-09-18,26532.9947937991,27414.734259256,26415.5158457515,26754.2810377253,26754.2810377253,15615339655
2023-09-19,26760.8510057672,27488.7638021952,26681.6057746944,27211.1178197241,27211.1178197241,13807690550
2023-09-20,27210.2284915397,27379.5060737309,26864.0823200663,27132.0073401285,27132.0073401285,13281116604
2023-09-21,27129.8400209459,27152.9385802242,26389.3002858724,26567.6329044034,26567.6329044034,13371443708
2023-09-22,26564.0561677608,26726.0780348598,26495.5324127361,26579.5686371325,26579.5686371325,10578746709
2023-09-23,26578.5559271151,26634.1859848479,26520.5198304857,26579.3897405605,26579.3897405605,7404700301
2023-09-24,26579.3739860713,26716.0584624373,26221.050004588,26256.8257867445,26256.8257867445,8192867686
2023-09-25,26253.7752994376,26421.5083555994,26011.4696157754,26298.4795511748,26298.4795511748,11997833257
2023-09-26,26294.7586727413,26389.8847847517,26090.7124028396,26217.2493357507,26217.2493357507,9985498161
2023-09-27,26209.498349443,26817.8423152758,26111.4643819932,26352.7176189088,26352.7176189088,11718380997
2023-09-28,26355.812394562,27259.4992234082,26327.3217124363,27021.5467647385,27021.5467647385,14079002707
2023-09-29,27024.8417139356,27225.9384299173,26721.762796688,26911.7216027656,26911.7216027656,10396435377
2023-09-30,26911.6891847171,27091.7955078372,26888.9678037149,26967.9163010637,26967.9163010637,5331172801
2023-10-01,26967.3974331494,28047.2377100269,26965.0942923201,27983.7503817847,27983.7503817847,9503917434
2023-10-02,27976.7991520291,28494.4596384314,27347.7875796333,27530.784889745,27530.784889745,19793041322
2023-10-03,27508.2518188075,27667.1920311533,27216.0013225348,27429.9790166632,27429.9790166632,11407814187
2023-10-04,27429.074995009,27826.6579481943,27248.1062465564,27799.3940958796,27799.3940958796,11143355314
2023-10-05,27798.6471269996,28091.8612370672,27375.6014238251,27415.9119821677,27415.9119821677,11877253670
2023-10-06,27412.1224236917,28252.5375699066,27215.5524462077,27946.5967799289,27946.5967799289,13492391599
2023-10-07,27946.781632977,28028.0920869055,27870.4234580531,27968.8388707898,27968.8388707898,6553044316
2023-10-08,27971.6781072086,28102.1703909258,27740.6630244878,27935.0895806612,27935.0895806612,7916875290
2023-10-09,27934.4721623395,27989.4709019697,27302.5619189233,27583.6785949548,27583.6785949548,12007668568
2023-10-10,27589.2011015988,27715.8483474204,27301.655078145,27391.0195174366,27391.0195174366,9973350678
2023-10-11,27392.0755460815,27474.1161865287,26561.099365503,26873.3211207589,26873.3211207589,13648094333
2023-10-12,26873.2924913908,26921.4389028815,26558.320783999,26756.7986388286,26756.7986388286,9392909295
2023-10-13,26752.8795584136,27092.6967461244,26686.3223094419,26862.3754456225,26862.3754456225,15165312851
2023-10-14,26866.2032449465,26968.9992181773,26814.5865862464,26861.7062025597,26861.7062025597,5388116782
2023-10-15,26858.0117256917,27289.1703193981,26817.8940104817,27159.6529187802,27159.6529187802,7098201980
2023-10-16,27162.6282288816,29448.1390371439,27130.4734781668,28519.466679449,28519.466679449,27833876539
2023-10-17,28522.0981659193,28618.7523898295,28110.186117224,28415.7481397071,28415.7481397071,14872527508
2023-10-18,28413.5308076905,28889.0095891567,28174.2525509513,28328.3411519926,28328.3411519926,12724128586
2023-10-19,28332.4153057225,28892.4736768208,28177.987543782,28719.8061329065,28719.8061329065,14448058195
2023-10-20,28732.8115476298,30104.0856129743,28601.6701571248,29682.9492736036,29682.9492736036,21536125230
2023-10-21,29683.3818172183,30287.4816486504,29481.752314224,29918.4116679289,29918.4116679289,11541146996
2023-10-22,29918.6550353499,30199.433111792,29720.3134496158,29993.896524372,29993.896524372,10446520040
2023-10-23,30140.6848629718,34370.4387694494,30097.8287422783,33086.2329685778,33086.2329685778,38363572311
2023-10-24,33077.3039477251,35150.4334987547,32880.7617303701,33901.5265633635,33901.5265633635,44934999645
2023-10-25,33916.0440547641,35133.7575692805,33709.1103099721,34502.8208915452,34502.8208915452,25254318008
2023-10-26,34504.2874223132,34832.9085401984,33762.3232894547,34156.6498283887,34156.6498283887,19427195376
2023-10-27,34156.5006862458,34238.2107710298,33416.8854859996,33909.7992843111,33909.7992843111,16418032871
2023-10-28,33907.7236538604,34399.3889776255,33874.80478364,34089.5758722222,34089.5758722222,10160330825
2023-10-29,34089.3717393188,34743.2624156324,33947.5671779426,34538.4820881103,34538.4820881103,11160323986
2023-10-30,34531.7413739892,34843.9354996506,34110.97396275,34502.3646632352,34502.3646632352,17184860315
2023-10-31,34500.077738405,34719.2540492146,34083.3094592027,34667.7793605467,34667.7793605467,15758270810
2023-11-01,34657.275324496,35527.9315607675,34170.6925900981,35437.2531810872,35437.2531810872,22446272005
2023-11-02,35441.5773850879,35919.8436017766,34401.5749059473,34938.2423951435,34938.2423951435,20998158544
2023-11-03,34942.474318143,34942.474318143,34133.4396153842,34732.3255842841,34732.3255842841,17158456701
2023-11-04,34736.3234106715,35256.032746518,34616.6933359046,35082.1972208526,35082.1972208526,9561294264
2023-11-05,35090.013021366,35340.3397190718,34594.2425771252,35049.3559240236,35049.3559240236,12412743996
2023-11-06,35044.7899191289,35286.0268268344,34765.3648471006,35037.3694407199,35037.3694407199,12693436420
2023-11-07,35047.7936330374,35892.4163695816,34545.8150953191,35443.5613607149,35443.5613607149,18834737789
2023-11-08,35419.4767171176,35994.4165314881,35147.8008053808,35655.2760812313,35655.2760812313,17295394918
2023-11-09,35633.6343938602,37926.2567969959,35592.1032519349,36693.1236338431,36693.1236338431,37762672382
2023-11-10,36702.2518583303,37493.8013005562,36362.7552276005,37313.9696874571,37313.9696874571,22711265155
2023-11-11,37310.070760187,37407.0932751349,36773.6664564109,37138.0505408954,37138.0505408954,13924272142
2023-11-12,37133.9908846586,37227.6925577401,36779.1165342627,37054.5201429095,37054.5201429095,11545715999
2023-11-13,37070.3058713039,37405.1152995046,36399.6051113486,36502.3573373281,36502.3573373281,19057712790
2023-11-14,36491.787577554,36753.3521876241,34948.5002761446,35537.6405155251,35537.6405155251,23857403554
2023-11-15,35548.1127933703,37964.8928323147,35383.7809668933,37880.5831724307,37880.5831724307,27365821679
2023-11-16,37879.9799370366,37934.625198059,35545.473342881,36154.7692413685,36154.7692413685,26007385366
2023-11-17,36164.8236042335,36704.4828037394,35901.2355630271,36596.6819231214,36596.6819231214,22445028430
2023-11-18,36625.3714763297,36839.2828685121,36233.3117312511,36585.7029298644,36585.7029298644,11886022717
2023-11-19,36585.7656994176,37509.3562598784,36414.5982759999,37386.547774872,37386.547774872,12915986553
2023-11-20,37374.0746847021,37756.8192892406,36882.5319812888,37476.9558592879,37476.9558592879,20888209068
2023-11-21,37469.1597071434,37631.1396417926,35813.8113636295,35813.8113636295,35813.8113636295,25172163756
2023-11-22,35756.5532577388,37856.9799117719,35670.9718775193,37432.3383067227,37432.3383067227,24397247860
2023-11-23,37420.4338755699,37643.918419055,36923.8643638084,37289.6206606291,37289.6206606291,14214948217
2023-11-24,37296.3168330161,38415.3381982376,37261.6060502206,37720.2811521398,37720.2811521398,22922957823
2023-11-25,37721.4134479349,37892.4299655735,37617.4168346315,37796.792344848,37796.792344848,9099571165
2023-11-26,37796.8288643375,37820.3013424636,37162.7491535169,37479.1222936619,37479.1222936619,13744796068
2023-11-27,37454.1919552581,37559.3545503467,36750.127104535,37254.1688542494,37254.1688542494,19002925720
2023-11-28,37247.9911748235,38368.4799548652,36891.0893619888,37831.08686845,37831.08686845,21696137014
2023-11-29,37826.105521743,38366.1129965833,37612.6316233579,37858.4940548249,37858.4940548249,20728546658
2023-11-30,37861.1188827035,38141.753547202,37531.1416285477,37712.7477716325,37712.7477716325,18115982627
2023-12-01,37718.0096264496,38954.1104267705,37629.3589120492,38688.7483611912,38688.7483611912,23512784002
2023-12-02,38689.2786171684,39678.9372866006,38652.5956762182,39476.3332803722,39476.3332803722,15534035612
2023-12-03,39472.2074711724,40135.6048969089,39298.1655236638,39978.3918165449,39978.3918165449,15769696322
2023-12-04,39978.6286477951,42371.7494405891,39978.6286477951,41980.099479768,41980.099479768,39856129827
2023-12-05,41986.264347015,44408.6657350926,41421.1473852755,44080.6479510633,44080.6479510633,36312154535
2023-12-06,44080.0242501869,44265.7704026223,43478.0813159423,43746.4453572592,43746.4453572592,29909761586
2023-12-07,43769.1310742455,44042.5880240247,42880.650128739,43292.664239208,43292.664239208,27635760671
2023-12-08,43293.1349473961,44705.5150094178,43125.2951035043,44166.6006381823,44166.6006381823,24421116687
2023-12-09,44180.0209431358,44361.2573501547,43627.5971803905,43725.9858124315,43725.9858124315,17368210171
2023-12-10,43728.3834800905,44034.6249687773,43593.2837953064,43779.6972879957,43779.6972879957,13000481418
2023-12-11,43792.0178583651,43808.3730556685,40234.5783345331,41243.833314624,41243.833314624,40632672038
2023-12-12,41238.7333899751,42048.3037818572,40667.5618509577,41450.2221904665,41450.2221904665,24779520132
2023-12-13,41468.4658620962,43429.7806213337,40676.8681612393,42890.7407335901,42890.7407335901,26797884674
2023-12-14,42884.262691725,43390.8603735018,41767.0905401243,43023.9719741933,43023.9719741933,25578530178
2023-12-15,43028.2506905271,43087.823772867,41692.9680383251,41929.758392901,41929.758392901,19639442462
2023-12-16,41937.7409680042,42664.9451355563,41723.1134662413,42240.1190820501,42240.1190820501,14386729590
2023-12-17,42236.1083449133,42359.4961190853,41274.5435178846,41364.665918237,41364.665918237,16678702876
2023-12-18,41348.2020891569,42720.2971272287,40530.2585192877,42623.5383250276,42623.5383250276,25224642008
2023-12-19,42641.5102132607,43354.2965965116,41826.3351516884,42270.526139511,42270.526139511,23171001281
2023-12-20,42261.3001386457,44275.5875124813,42223.81786147,43652.2486680177,43652.2486680177,27868908174
2023-12-21,43648.1249306302,44240.6691278117,43330.0526463835,43869.1508569937,43869.1508569937,22452766169
2023-12-22,43868.9864223563,44367.9557717841,43441.9679523025,43997.9014099549,43997.9014099549,21028503216
2023-12-23,44012.1986320734,44015.6986411337,43351.3557019809,43739.5421372235,43739.5421372235,13507796558
2023-12-24,43728.3659896895,43945.5215615407,42786.9178556284,43016.1176211831,43016.1176211831,18830554085
2023-12-25,43010.5729205333,43765.0921434755,42765.7711390539,43613.1420846622,43613.1420846622,21115795370
2023-12-26,43599.8475904194,43603.1754416663,41676.4899684567,42520.4015112687,42520.4015112687,30026850982
2023-12-27,42518.4685280916,43683.1598081313,42167.5834863898,43442.8545582321,43442.8545582321,25260941032
2023-12-28,43468.1980626735,43804.7814175761,42318.5488619045,42627.8535313684,42627.8535313684,22992093014
2023-12-29,42614.6438924239,43124.3258597128,41424.0606411494,42099.40280858,42099.40280858,26000021055
2023-12-30,42091.7526436775,42584.1236395343,41556.225992296,42156.9011497639,42156.9011497639,16013925945
2023-12-31,42152.0984535163,42860.9373917843,41998.2553456874,42265.185654866,42265.185654866,16397498810
2024-01-01,42280.2352761923,44175.4360525169,42214.9767546307,44167.3302140774,44167.3302140774,18426978443
2024-01-02,44187.1390394876,45899.7063545898,44176.9504427245,44957.9700541418,44957.9700541418,39335274536
2024-01-03,44961.6031868025,45503.2417949492,40813.5348681668,42848.1756409655,42848.1756409655,46342323118
2024-01-04,42855.8147613589,44770.0234137515,42675.174006958,44179.9217008268,44179.9217008268,30448091210
2024-01-05,44192.9786987717,44353.2858592993,42784.7182659068,44162.6916302269,44162.6916302269,32336029347
2024-01-06,44178.9546068436,44227.6313072794,43475.1564305872,43989.1940934574,43989.1940934574,16092503468
2024-01-07,43998.4642425627,44495.5714707771,43662.2286270794,43943.0972289695,43943.0972289695,19330573863
2024-01-08,43948.7069553091,47218.0011250012,43244.0816061893,46970.5023144901,46970.5023144901,42746192015
2024-01-09,46987.6387410088,47893.701008309,45244.7151480448,46139.7303748525,46139.7303748525,39821290992
2024-01-10,46121.5398246707,47647.2209853195,44483.1508612105,46627.7791119614,46627.7791119614,50114613298
2024-01-11,46656.0730839661,48969.3713995297,45678.6453977641,46368.5853820194,46368.5853820194,45833734549
2024-01-12,46354.7931880012,46498.1348211579,41903.7707507553,42853.166658062,42853.166658062,43332698900
2024-01-13,42799.4464877818,43234.6617771986,42464.1432038222,42842.382191236,42842.382191236,20601860469
2024-01-14,42842.2636652252,43065.5988521059,41724.6137245906,41796.2696064245,41796.2696064245,17521429522
2024-01-15,41715.0665274581,43319.7211832336,41705.4183277754,42511.9677203311,42511.9677203311,22320220558
2024-01-16,42499.3375361691,43566.2749235186,42085.9960280039,43154.9442343824,43154.9442343824,24062872740
2024-01-17,43132.1003391655,43189.8905105363,42189.3105279928,42742.6528373141,42742.6528373141,20851232595
2024-01-18,42742.3116238329,42876.3466025394,40631.170494622,41262.0583641846,41262.0583641846,25218357242
2024-01-19,41278.4591854003,42134.1589750297,40297.4578577579,41618.4073654042,41618.4073654042,25752407154
2024-01-20,41624.5890285851,41877.8939176969,41446.8230903601,41665.5848362109,41665.5848362109,11586690904
2024-01-21,41671.488525486,41855.3687214059,41497.0096642442,41545.7835143902,41545.7835143902,9344043642
2024-01-22,41553.6526912489,41651.2067927986,39450.1189925939,39507.368823822,39507.368823822,31338708143
2024-01-23,39518.7154526761,40127.3534273434,38521.8938882205,39845.5511467999,39845.5511467999,29244553045
2024-01-24,39877.5955582972,40483.7838777778,39508.7984636234,40077.073269779,40077.073269779,22359526178
2024-01-25,40075.5490213235,40254.4823232698,39545.6644584551,39933.80775217,39933.80775217,18491782013
2024-01-26,39936.8168833334,42209.3851748614,39825.6922313522,41816.8728440034,41816.8728440034,25598119893
2024-01-27,41815.625020172,42195.6315569807,41431.2798936061,42120.0563516849,42120.0563516849,11422941934
2024-01-28,42126.1259571253,42797.1773592875,41696.9083425677,42035.5943721701,42035.5943721701,16858971687
2024-01-29,42030.9153796232,43305.868859591,41818.3310863757,43288.2453360835,43288.2453360835,20668476578
2024-01-30,43300.2280935041,43838.9468441061,42711.371764431,42952.6082102489,42952.6082102489,23842814518
2024-01-31,42946.251373978,43717.4046564783,42298.9471563758,42582.6063895367,42582.6063895367,24673628793
2024-02-01,42569.7613984399,43243.1681801413,41879.1899911815,43075.7745999369,43075.7745999369,21423953779
2024-02-02,43077.6391761328,43422.4880666837,42584.337230227,43185.8594322356,43185.8594322356,18603843039
2024-02-03,43184.9636789534,43359.9419263118,42890.8066758177,42992.2496292216,42992.2496292216,11169245236
2024-02-04,42994.9407957104,43097.644016457,42374.8339024291,42583.5829201294,42583.5829201294,14802225490
2024-02-05,42577.6229811484,43494.2486315872,42264.8172969015,42658.66604833,42658.66604833,18715487317
2024-02-06,42657.3910738742,43344.148217751,42529.0214234132,43084.6718635339,43084.6718635339,16798476726
2024-02-07,43090.0212972066,44341.9483326736,42775.9584713438,44318.2244507353,44318.2244507353,21126587775
2024-02-08,44332.1256023337,45575.8417211487,44332.1256023337,45301.5666288709,45301.5666288709,26154524080
2024-02-09,45297.3842529508,48152.494627699,45260.8245721867,47147.2003126111,47147.2003126111,39316770844
2024-02-10,47153.5284248774,48146.1704309785,46905.3216858143,47771.2773670997,47771.2773670997,16398681570
2024-02-11,47768.9681304591,48535.9359097846,47617.4053651872,48293.916750573,48293.916750573,19315867136
2024-02-12,48296.3851963696,50280.4752743247,47745.760261073,49958.2242190229,49958.2242190229,34511985805
2024-02-13,49941.3611618475,50358.3920857078,48406.495563553,49742.4409898499,49742.4409898499,35593051468
2024-02-14,49733.4447985071,52021.3707787094,49296.8309233025,51826.6959960877,51826.6959960877,39105608050
2024-02-15,51836.7835750689,52820.0669345775,51371.6274837126,51938.5563164417,51938.5563164417,38564360533
2024-02-16,51937.726913942,52537.9702279417,51641.3672186264,52160.2028290199,52160.2028290199,28180567298
2024-02-17,52161.6754757898,52191.9140895083,50669.6686753007,51662.9953696527,51662.9953696527,20009091006
2024-02-18,51661.9701145538,52356.9631646469,51233.7088307033,52122.5454555893,52122.5454555893,17595377311
2024-02-19,52134.8122142975,52483.3255526759,51711.8192277814,51779.1440620507,51779.1440620507,21362184346
2024-02-20,51777.7285112097,52945.0525658512,50792.3112523534,52284.8735570538,52284.8735570538,33353758256
2024-02-21,52273.5357770647,52368.8167437199,50671.7586626541,51839.180531431,51839.180531431,28624907020
2024-02-22,51854.6452196827,52009.6124946062,50926.2933856684,51304.9743566764,51304.9743566764,25413900611
2024-02-23,51283.9045735482,51497.932192527,50561.7758617907,50731.9491908572,50731.9491908572,21427078270
2024-02-24,50736.3700672672,51684.1945188496,50585.4458895025,51571.1031123439,51571.1031123439,15174077879
2024-02-25,51565.2153639478,51950.0272382597,51306.1701727499,51733.2366017007,51733.2366017007,15413239245
2024-02-26,51730.5397930603,54938.1743804336,50931.0316078668,54522.4015367874,54522.4015367874,34074411896
2024-02-27,54519.3620670787,57537.8396586629,54484.2001385158,57085.3723068546,57085.3723068546,49756832031
2024-02-28,57071.0980532704,63913.1318135774,56738.424203497,62504.7892535158,62504.7892535158,83239156760
2024-02-29,62499.1817682341,63585.6434285071,60498.7304458524,61198.382897303,61198.382897303,65496611844
2024-03-01,61168.0624293716,63155.102346449,60802.5263580781,62440.632541801,62440.632541801,40186368423
2024-03-02,62431.6524817224,62458.698522363,61657.2887063873,62029.8460575718,62029.8460575718,23888473685
2024-03-03,62031.5785228643,63230.2095633987,61435.0234212545,63167.3703575333,63167.3703575333,26253811450
2024-03-04,63137.0046815427,68537.0293331006,62386.5183529378,68330.4156080938,68330.4156080938,70670471105
2024-03-05,68341.0577818122,69170.6282056586,59323.9089421326,63801.1975606416,63801.1975606416,102802940877
2024-03-06,63776.0514257971,67637.9298587807,62848.6715193177,66106.8027872293,66106.8027872293,68750229073
2024-03-07,66099.7416524941,68029.9186923244,65655.5342002876,66925.4832022114,66925.4832022114,46989543159
2024-03-08,66938.093484834,70083.0516244158,66230.4521398548,68300.0956913071,68300.0956913071,59202881172
2024-03-09,68299.2597262835,68673.0580341934,68053.1252189707,68498.8813040087,68498.8813040087,21609650379
2024-03-10,68500.2558542071,70005.1999005997,68239.9803865003,69019.7863638058,69019.7863638058,35683977532
2024-03-11,69020.5497746578,72850.7135799679,67194.8861518091,72123.9035465021,72123.9035465021,65716656765
2024-03-12,72125.1216267045,72825.6573705477,68728.8543331391,71481.2915939556,71481.2915939556,62554434520
2024-03-13,71482.1170682073,73637.4747859581,71334.092382423,73083.5013282129,73083.5013282129,48212536929
2024-03-14,73079.3733787985,73750.07385038,68563.0227681066,71396.5898919832,71396.5898919832,59594605698
2024-03-15,71387.8732028734,72357.1308820082,65630.6940828298,69403.7718321646,69403.7718321646,78320453976
2024-03-16,69392.4875002576,70046.2739253852,64801.3955477261,65315.1174741194,65315.1174741194,46842198371
2024-03-17,65316.3448826515,68845.716235111,64545.3181028634,68390.6228032209,68390.6228032209,44716864318
2024-03-18,68371.3072649579,68897.1344141915,66594.2303507649,67548.5915664071,67548.5915664071,49261579492
2024-03-19,67556.1311558065,68106.9274067598,61536.1802464548,61912.7731524471,61912.7731524471,74215844794
2024-03-20,61930.15489599,68115.2588663162,60807.785959948,67913.6730250434,67913.6730250434,66792634382
2024-03-21,67911.5838668811,68199.9904381971,64580.9167386845,65491.3899253579,65491.3899253579,44480350565
2024-03-22,65489.9284596836,66623.7492992082,62355.3697078192,63778.7625575478,63778.7625575478,41401116964
2024-03-23,63802.7219633034,65976.4015374461,63038.4930847102,64062.2023270844,64062.2023270844,24738964812
2024-03-24,64070.752131174,67622.7608864492,63825.8533377133,67234.1723529876,67234.1723529876,27206630673
2024-03-25,67234.0975756782,71162.5934370206,66414.8322302473,69958.8135820151,69958.8135820151,42700139523
2024-03-26,69931.326350589,71535.7408017335,69335.612905687,69987.8389025111,69987.8389025111,36010437368
2024-03-27,69991.8965149852,71727.6837626186,68381.9258471035,69455.3409809589,69455.3409809589,40827113309
2024-03-28,69452.7711054015,71546.0195998392,68895.5052267084,70744.95206404,70744.95206404,34374900617
2024-03-29,70744.7965151497,70913.0957242694,69076.6541876152,69892.8290676804,69892.8290676804,25230851763
2024-03-30,69893.4442882606,70355.4947898488,69601.0650591163,69645.3057915427,69645.3057915427,17130241883
2024-03-31,69647.7790304267,71377.77949815,69624.8686769617,71333.6479258644,71333.6479258644,20050941373
2024-04-01,71333.4847168797,71342.0914544441,68110.6960199927,69702.1461134383,69702.1461134383,34873527352
2024-04-02,69705.0243224739,69708.3812579704,64586.5943036175,65446.9742329379,65446.9742329379,50705240709
2024-04-03,65446.671763903,66914.322564305,64559.8999476563,65980.8086503925,65980.8086503925,34488018367
2024-04-04,65975.6966672092,69291.2548057891,65113.7965341332,68508.8418444563,68508.8418444563,34439527442
2024-04-05,68515.7542604507,68725.7583568213,66011.4794922177,67837.6425319939,67837.6425319939,33748230056
2024-04-06,67840.573581488,69629.6020485463,67491.715235203,68896.1099842787,68896.1099842787,19967785809
2024-04-07,68897.1111298945,70284.4262649904,68851.6300899912,69362.5512776015,69362.5512776015,21204930369
2024-04-08,69362.5540045166,72715.3596085505,69064.2448983065,71631.3569464587,71631.3569464587,37261432669
2024-04-09,71632.5026622314,71742.5063235516,68212.9193016207,69139.0158316976,69139.0158316976,36426900409
2024-04-10,69140.2406434559,71093.4331610893,67503.5656131505,70587.8794391434,70587.8794391434,38318601774
2024-04-11,70575.7321640038,71256.2381299908,69571.8149746539,70060.607060739,70060.607060739,30153382941
2024-04-12,70061.3796014563,71222.7429794419,65254.8343448545,67195.8641789992,67195.8641789992,44129299406
2024-04-13,67188.376427327,67931.4293637379,60919.10616167,63821.4738846918,63821.4738846918,52869738185
2024-04-14,63836.2318365827,65824.4270830711,62205.8517191109,65738.723886878,65738.723886878,49084320047
2024-04-15,65739.6445392053,66878.6469049673,62332.0715244205,63426.2100184061,63426.2100184061,43595917654
2024-04-16,63419.298487949,64355.6692631642,61716.4023286062,63811.8639407202,63811.8639407202,42847528078
2024-04-17,63831.8472221937,64486.3647097877,59768.58779218,61276.6932586277,61276.6932586277,41915247049
2024-04-18,61275.315409319,64125.6864154228,60833.4792210451,63512.7534949431,63512.7534949431,36006307335
2024-04-19,63510.7503198651,65481.5970540573,59651.3902645616,63843.568502442,63843.568502442,49920425401
2024-04-20,63851.1000364476,65442.4589541453,63172.4039086034,64994.4400680992,64994.4400680992,23097485495
2024-04-21,64992.8166095876,65723.2398284521,64277.7214286576,64926.643211728,64926.643211728,20506644853
2024-04-22,64935.6331696056,67233.9570363906,64548.1785840354,66837.676090911,66837.676090911,28282686673
2024-04-23,66839.8945118829,67199.2419461881,65864.8676587883,66407.2717994139,66407.2717994139,24310975583
2024-04-24,66408.7220661493,67075.3696458104,63589.8719293202,64276.8974153965,64276.8974153965,30276655120
2024-04-25,64275.0210186857,65275.2075178735,62783.6332731569,64481.7066444767,64481.7066444767,32155786816
2024-04-26,64485.3699318773,64789.6575058214,63322.3996366721,63755.3213316848,63755.3213316848,24139372950
2024-04-27,63750.9901461159,63898.3615918925,62424.7206816789,63419.141196433,63419.141196433,19530783039
2024-04-28,63423.5139265635,64321.482807962,62793.5987661365,63113.2316825626,63113.2316825626,17334827993
2024-04-29,63106.3642006694,64174.8777212994,61795.4572006942,63841.1201641904,63841.1201641904,26635912073
2024-04-30,63839.419865918,64703.332363219,59120.0680465683,60636.8567800147,60636.8567800147,37840840057
2024-05-01,60609.4979456889,60780.4996773697,56555.2940546252,58254.0098531432,58254.0098531432,48439780271
2024-05-02,58253.7047001798,59602.2980278408,56937.2041675081,59123.432246675,59123.432246675,32711813559
2024-05-03,59122.3008516113,63320.5033894935,58848.3120591606,62889.8367440854,62889.8367440854,33172023048
2024-05-04,62891.0305478435,64494.9584257589,62599.3531468395,63891.4729184709,63891.4729184709,20620477992
2024-05-05,63892.4549874494,64610.8902147328,62955.3064762918,64031.1328085695,64031.1328085695,18296164805
2024-05-06,64038.3135554184,65494.9017248,62746.2384545471,63161.9502576304,63161.9502576304,28697928697
2024-05-07,63162.7633988645,64390.4567414101,62285.9791810284,62334.8183461472,62334.8183461472,25930730982
2024-05-08,62332.6425081457,62986.0842424385,60877.1275241843,61187.9414007209,61187.9414007209,26088172222
2024-05-09,61191.2005309392,63404.9153005351,60648.0754241275,63049.9592572275,63049.9592572275,25453338161
2024-05-10,63055.1909954148,63446.742514866,60208.7815474421,60792.7767905692,60792.7767905692,27804954694
2024-05-11,60793.3570069146,61451.153731082,60492.6253742997,60793.7095993966,60793.7095993966,13842272968
2024-05-12,60793.5020253167,61818.1548827464,60632.6024448204,61448.3946717975,61448.3946717975,13800459405
2024-05-13,61451.2185129853,63422.6603802151,60769.8406689419,62901.4474552226,62901.4474552226,27889181179
2024-05-14,62900.7740072673,63092.1251610829,61123.7665334497,61552.7901353372,61552.7901353372,28186271527
2024-05-15,61553.9898466732,66454.4499651706,61330.4087797256,66267.4914674742,66267.4914674742,39815167074
2024-05-16,66256.1118170564,66712.4293791061,64613.0560461696,65231.5803133093,65231.5803133093,31573077994
2024-05-17,65231.298680324,67459.459501861,65119.3149767952,67051.8749127217,67051.8749127217,28031279310
2024-05-18,67066.2110427919,67387.3303661433,66663.4965205979,66940.8044099749,66940.8044099749,16712277406
2024-05-19,66937.9300740777,67694.2987797957,65937.1778059728,66278.3700820502,66278.3700820502,19249094538
2024-05-20,66278.7446711611,71483.5662159473,66086.1741180514,71448.1951913786,71448.1951913786,43850655717
2024-05-21,71443.0634407286,71946.462688481,69191.1235320329,70136.5314428893,70136.5314428893,46932005990
2024-05-22,70135.3186263525,70623.6942738307,68977.691411907,69122.3390056842,69122.3390056842,32802561717
2024-05-23,69121.3029390876,70041.2713763247,66356.9536254419,67929.5630390052,67929.5630390052,41895680979
2024-05-24,67928.1302862087,69220.293943924,66622.668678968,68526.0977735946,68526.0977735946,29197308153
2024-05-25,68526.9222212624,69579.3213302478,68515.8188292747,69265.9427381597,69265.9427381597,15473071741
2024-05-26,69264.2852545858,69506.2285421786,68183.8928078913,68518.089965076,68518.089965076,15628433737
2024-05-27,68512.1802655161,70597.8795113327,68232.5011318297,69394.5533738668,69394.5533738668,25870990717
2024-05-28,69392.1967670435,69514.6393490426,67227.1543961515,68296.2219884276,68296.2219884276,32722265965
2024-05-29,68296.3481343617,68852.4633049161,67101.4943279545,67578.0929202265,67578.0929202265,26707072906
2024-05-30,67576.0878952647,69500.5427031068,67118.0774248017,68364.9895474297,68364.9895474297,29509712534
2024-05-31,68362.5159429005,68999.5652381306,66633.4183418303,67489.6117770498,67489.6117770498,27387283769
2024-06-01,67475.4311813476,67839.7683994728,67386.1976053803,67706.9373135869,67706.9373135869,11641495604
2024-06-02,67710.270892225,68409.1658300424,67315.5263140881,67751.6025754618,67751.6025754618,17110588415
2024-06-03,67753.8954139676,70230.8208497634,66252.0269225257,68804.7800851881,68804.7800851881,32401285324
2024-06-04,68804.5672232513,71047.4060137136,68564.6432212861,70567.7689044147,70567.7689044147,33149696545
2024-06-05,70568.3502921197,71735.4109799185,70390.7126911347,71082.8227040099,71082.8227040099,32810771409
2024-06-06,71082.840431362,71625.7372487098,70119.1230339739,70757.1658518634,70757.1658518634,25223152007
2024-06-07,70759.1844842714,71907.8489829092,68507.2609412725,69342.5867361146,69342.5867361146,36188381096
2024-06-08,69324.1765468448,69533.316965574,69210.7415576629,69305.7743187653,69305.7743187653,14262185861
2024-06-09,69297.4948168382,69817.5222964172,69160.8417439313,69647.9930028748,69647.9930028748,13534028500
2024-06-10,69644.3127359651,70146.068326324,69232.4254462119,69512.2802780003,69512.2802780003,20597699541
2024-06-11,69508.0797260822,69549.4167266658,66123.5991587769,67332.0304641765,67332.0304641765,37116136345
2024-06-12,67321.3741025823,69977.8905524666,66902.4550653939,68241.1840753497,68241.1840753497,34497940694
2024-06-13,68243.1044352463,68365.7836010418,66304.5656045762,66756.3970935791,66756.3970935791,28955204146
2024-06-14,66747.5695108031,67294.6510506943,65056.8930142447,66011.0937273263,66011.0937273263,27403884779
2024-06-15,66006.7402466095,66402.1873506642,65871.7760536484,66191.0004703788,66191.0004703788,14121265576
2024-06-16,66189.3577903179,66894.8412447438,66018.2491743433,66639.0465356994,66639.0465356994,13281140541
2024-06-17,66636.5154989442,67188.3174738561,65094.964125938,66490.2941752674,66490.2941752674,30006354476
2024-06-18,66490.9770080024,66556.6994239639,64066.9556655973,65140.7445894597,65140.7445894597,39481285950
2024-06-19,65146.6591196714,65695.354178078,64693.3023002155,64960.2953009057,64960.2953009057,21103423504
2024-06-20,64960.2953009057,66438.9638782359,64547.8493233898,64828.6558115702,64828.6558115702,25641109124
2024-06-21,64837.9875894116,65007.5463719616,62785.5293236621,64096.1981877808,64096.1981877808,26188171739
2024-06-22,64113.8649019506,64760.3603546725,63960.0319133184,64252.5787467441,64252.5787467441,9858198793
2024-06-23,64248.9631741494,64491.7032159382,63180.7982064002,63180.7982064002,63180.7982064002,11170471802
2024-06-24,63173.3527128475,63292.5271566001,58601.7000722967,60277.4146563769,60277.4146563769,43152133651
2024-06-25,60266.2830663474,62258.2613349935,60239.7483511623,61804.6411680707,61804.6411680707,29201215431
2024-06-26,61789.6754472311,62434.1365104004,60695.1868303097,60811.2784501874,60811.2784501874,22506003064
2024-06-27,60811.2270218847,62293.862003011,60585.3308067077,61604.801764073,61604.801764073,21231745045
2024-06-28,61612.8057853413,62126.0965678871,59985.4042602081,60320.1355264783,60320.1355264783,24952866877
2024-06-29,60319.8732021512,61097.621824376,60300.9651019716,60887.3808347422,60887.3808347422,12652903396
2024-06-30,60888.4455615606,62892.8271989797,60632.9504386712,62678.292079457,62678.292079457,17333226409
2024-07-01,62673.6063386528,63777.227541783,62495.5101039097,62851.9800679276,62851.9800679276,25468379421
2024-07-02,62844.4115540899,63203.3594480376,61752.7466366257,62029.0168101831,62029.0168101831,20151616992
2024-07-03,62034.3301365905,62187.7048428681,59419.3883912521,60173.9235814982,60173.9235814982,29756701685
2024-07-04,60147.137642006,60399.6747732512,56777.8049467793,56977.7014590912,56977.7014590912,41149609230
2024-07-05,57022.8092189746,57497.1514256945,53717.3754334207,56662.3732744795,56662.3732744795,55417544033
2024-07-06,56659.075234024,58472.5487392065,56038.9616404155,58303.5385809166,58303.5385809166,20610320577
2024-07-07,58239.4304736734,58371.1203868862,55793.3259432251,55849.1106386094,55849.1106386094,20553359505
2024-07-08,55849.5737694153,58131.3373014961,54321.0190639668,56705.0984270702,56705.0984270702,39766159899
2024-07-09,56704.5969356415,58239.1969981092,56316.8751540777,58009.2263162293,58009.2263162293,27849512607
2024-07-10,58033.8844856386,59359.4323917866,57178.4125249149,57742.4946206796,57742.4946206796,26175260526
2024-07-11,57729.8908040311,59299.4342862437,57120.3775087818,57344.914785087,57344.914785087,28707803842
2024-07-12,57341.1949342451,58532.5530575507,56590.1744886772,57899.4655171113,57899.4655171113,25604805221
2024-07-13,57908.7385440759,59787.078219519,57796.4424544948,59231.9532405648,59231.9532405648,17080061806
2024-07-14,59225.2503987175,61329.5291439691,59225.2503987175,60787.7923701369,60787.7923701369,22223416061
2024-07-15,60815.4578978154,64870.1528151311,60704.9291986666,64870.1528151311,64870.1528151311,38094526099
2024-07-16,64784.4188428292,65354.3382001038,62487.9671099288,65097.1468308443,65097.1468308443,41617346768
2024-07-17,65091.8307087293,66066.7330274247,63896.0871928785,64118.7926694255,64118.7926694255,32525071311
2024-07-18,64104.7376791449,65104.6614189984,63246.1644386903,63974.0666841082,63974.0666841082,27239305337
2024-07-19,63972.3254992254,67442.6381157797,63329.3420254858,66710.1543130458,66710.1543130458,37003855410
2024-07-20,66709.9256150293,67610.7343734082,66299.6183732209,67163.6449237129,67163.6449237129,19029581250
2024-07-21,67164.9119218204,68372.9051655897,65842.298799547,68154.522905866,68154.522905866,26652190004
2024-07-22,68152.9761329417,68480.0627910864,66611.2998683859,67585.2499720905,67585.2499720905,42649109453
2024-07-23,67584.8043545273,67779.0175541407,65484.4620810299,65927.6723614031,65927.6723614031,35605668666
2024-07-24,65927.8580751662,67113.9843132699,65146.9949755547,65372.1332336736,65372.1332336736,27470942309
2024-07-25,65375.8734846053,66112.4200353199,63473.4732846473,65777.2239400202,65777.2239400202,38315761670
2024-07-26,65771.8104166052,68207.6000267291,65743.7694349242,67912.06309622,67912.06309622,30488630457
2024-07-27,67911.8142625278,69398.5113084796,66705.2195764852,67813.3394163313,67813.3394163313,34691905492
2024-07-28,67808.655588481,68301.8541099212,67085.8281866684,68255.8657690205,68255.8657690205,18043166945
2024-07-29,68259.0549329203,69987.5422080099,66532.5931101119,66819.9161863636,66819.9161863636,40780682628
2024-07-30,66819.0526575841,66987.6723080417,65323.1919785809,66201.0162264011,66201.0162264011,31380492109
2024-07-31,66201.2710774696,66810.2126924941,64532.0462977066,64619.2496492185,64619.2496492185,31292785994
2024-08-01,64625.8404447144,65593.244771184,62248.9399911026,65357.5015625505,65357.5015625505,40975554494
2024-08-02,65353.4984738177,65523.2235707569,61184.8931977399,61415.0645726852,61415.0645726852,43060875727
2024-08-03,61414.8084938627,62148.3717618854,59836.5273716364,60680.0946987796,60680.0946987796,31753030589
2024-08-04,60676.0941770946,61062.9895543501,57210.8033286504,58116.9769610403,58116.9769610403,31758917219
2024-08-05,58110.2984557763,58268.8274088694,49121.2373775943,53991.4577965042,53991.4577965042,108991085584
2024-08-06,53991.3475883934,57059.9186167572,53973.2722755542,56034.3165914605,56034.3165914605,49300484106
2024-08-07,56040.6321232278,57726.8810517744,54620.5095211427,55027.4606917867,55027.4606917867,41637562185
2024-08-08,55030.0290256907,62673.7639765565,54766.7284231449,61710.1375644501,61710.1375644501,45298472567
2024-08-09,61728.2089798276,61751.8644407637,59587.8597904934,60880.1122032153,60880.1122032153,33425553115
2024-08-10,60881.2294781478,61464.5116528916,60287.5665321098,60945.8131361053,60945.8131361053,15745822278
2024-08-11,60944.8925563279,61778.6603733988,58348.8233421261,58719.483169327,58719.483169327,22759754812
2024-08-12,58719.3952192515,60680.3308127436,57688.8977269543,59354.5137212797,59354.5137212797,37078637820
2024-08-13,59356.2077843983,61572.3969722555,58506.2533734494,60609.5669845367,60609.5669845367,30327698167
2024-08-14,60611.0500484466,61687.756592205,58472.8741300951,58737.2706270019,58737.2706270019,29961696180
2024-08-15,58733.2629876225,59838.6486731405,56161.5928697264,57560.0976318307,57560.0976318307,35682112440
2024-08-16,57560.2733013763,59847.3583466111,57110.0193186318,58894.1041602173,58894.1041602173,29350938673
2024-08-17,58893.530843348,59694.6689280267,58814.8313263298,59478.9710471953,59478.9710471953,13589684021
2024-08-18,59468.1314945541,60262.7170016644,58445.4017198721,58483.9649819015,58483.9649819015,17740625837
2024-08-19,58480.7127277463,59612.6612546717,57864.7095096926,59493.4524821881,59493.4524821881,25911207712
2024-08-20,59493.4519675227,61396.3281000012,58610.8833682436,59012.7911526577,59012.7911526577,31613400008
2024-08-21,59014.9876262709,61834.3507771778,58823.4436141467,61175.192009918,61175.192009918,32731154072
2024-08-22,61168.315762736,61408.1075728165,59815.2549824794,60381.9124606776,60381.9124606776,27625734377
2024-08-23,60380.9528602663,64947.0617611003,60372.0499574361,64094.3572066269,64094.3572066269,42530509233
2024-08-24,64103.8695897208,64513.7904970015,63619.9172143709,64178.9906500623,64178.9906500623,21430585163
2024-08-25,64176.3670669592,64996.4201037902,63833.5188951835,64333.5441834656,64333.5441834656,18827683555
2024-08-26,64342.2254421225,64489.7063803201,62849.5598236226,62880.6586542698,62880.6586542698,27682040631
2024-08-27,62879.7084021583,63207.5975871296,58116.751326202,59504.1326827134,59504.1326827134,39103882198
2024-08-28,59507.9246387341,60236.4480067382,57890.6769051017,59027.6265870301,59027.6265870301,40289564698
2024-08-29,59027.4683440286,61184.0806151523,58786.2269878956,59388.1808524122,59388.1808524122,32224990582
2024-08-30,59388.6018804972,59896.8875637952,57768.5300577066,59119.4747770124,59119.4747770124,32292756405
2024-08-31,59117.4795058185,59432.5919476527,58768.7839637053,58969.8983660431,58969.8983660431,12403470760
2024-09-01,58969.7994536059,59062.0708116667,57217.8238628753,57325.4876891906,57325.4876891906,24592449997
2024-09-02,57326.967287785,59403.0697934676,57136.0264168139,59112.4795055389,59112.4795055389,27036454524
2024-09-03,59106.1912871102,59815.056946191,57425.1673117413,57431.0229886572,57431.0229886572,26666961053
2024-09-04,57430.3485733917,58511.5693214577,55673.162833355,57971.5408166853,57971.5408166853,35627680312
2024-09-05,57971.7033213181,58300.5810225774,55712.4540885557,56160.4872644568,56160.4872644568,31030280656
2024-09-06,56160.189464975,56976.108907217,52598.6996623841,53948.7522426374,53948.7522426374,49361693566
2024-09-07,53949.0871537406,54838.1456716952,53740.0685364941,54139.6894492297,54139.6894492297,19061486526
2024-09-08,54147.9325654123,55300.8596875448,53653.7592211144,54841.5663542288,54841.5663542288,18268287531
2024-09-09,54851.8873519906,58041.1248561564,54598.4337284331,57019.5347575706,57019.5347575706,34618096173
2024-09-10,57020.0984145732,58029.9774360464,56419.4128526596,57648.7124094767,57648.7124094767,28857630507
2024-09-11,57650.2890706235,57991.3205126863,55567.3412852397,57343.1705364168,57343.1705364168,37049062672
2024-09-12,57343.1725885899,58534.3583794247,57330.1007544746,58127.010836944,58127.010836944,33835707949
2024-09-13,58130.3224813667,60648.0242696995,57650.111670673,60571.2991585945,60571.2991585945,32490528356
2024-09-14,60569.1162343064,60656.7211280316,59517.8819333016,60005.1191557571,60005.1191557571,16428405496
2024-09-15,60000.7283175086,60381.9166672998,58696.3094180022,59182.8353338828,59182.8353338828,18120960867
2024-09-16,59185.22685956,59205.5103578251,57501.3391727673,58192.5068714421,58192.5068714421,32032822113
2024-09-17,58192.5093438557,61316.0913839546,57628.0717661941,60308.5375947655,60308.5375947655,38075570118
2024-09-18,60309.0018795135,61664.0673338615,59218.2524421004,61649.6787266514,61649.6787266514,40990702891
2024-09-19,61651.1553381713,63872.4407220416,61609.8670214546,62940.456765714,62940.456765714,42710252573
2024-09-20,62941.4275952191,64119.530359621,62364.6065332085,63192.975082876,63192.975082876,35177164222
2024-09-21,63184.3412676027,63543.3601232398,62783.1053795212,63394.838742556,63394.838742556,14408616220
2024-09-22,63396.8035525073,63993.4231033969,62440.726268076,63648.7098902519,63648.7098902519,20183348802
2024-09-23,63643.1020803622,64733.5576683482,62628.0786641199,63329.802386615,63329.802386615,31400285425
2024-09-24,63326.8412511456,64695.2154668874,62737.4179011372,64301.9672659429,64301.9672659429,29938335243
2024-09-25,64302.5912192468,64804.5031378147,62945.3765459511,63143.1459738721,63143.1459738721,25078377700
2024-09-26,63138.5484837603,65790.7954495908,62669.2684494504,65181.0206972443,65181.0206972443,36873129847
2024-09-27,65180.6651400747,66480.6947101072,64852.9910891431,65790.6616497344,65790.6616497344,32058813449
2024-09-28,65792.1819476094,66255.5318744588,65458.034501538,65887.6487821282,65887.6487821282,15243637984
2024-09-29,65888.8952714385,66069.3458132303,65450.0143671644,65635.3081461486,65635.3081461486,14788214575
2024-09-30,65634.6601298628,65635.052877058,62873.615868433,63329.4981294766,63329.4981294766,37112957475
2024-10-01,63335.603583719,64110.9819990323,60189.278696888,60837.009700736,60837.009700736,50220923500
2024-10-02,60836.3246300866,62357.6867279553,59996.9473420048,60632.7862737945,60632.7862737945,40762722398
2024-10-03,60632.4862350431,61469.0371479302,59878.8034256844,60759.4013268768,60759.4013268768,36106447279
2024-10-04,60754.6251257523,62465.9907584451,60459.9398173621,62067.4774474519,62067.4774474519,29585472513
2024-10-05,62067.6104970553,62371.0236788776,61689.5811648998,62089.9484591443,62089.9484591443,13305410749
2024-10-06,62084.9865006411,62959.5685406335,61833.1500428486,62818.9544761374,62818.9544761374,14776233667
2024-10-07,62819.1093330048,64443.7064117964,62152.5517077403,62236.6593684009,62236.6593684009,34253562610
2024-10-08,62221.6451487376,63174.3062001171,61843.5636611283,62131.9678544148,62131.9678544148,28134475157
2024-10-09,62131.7261033116,62508.8357368894,60314.6143862386,60582.1009695389,60582.1009695389,27670982363
2024-10-10,60581.9296868773,61236.7231707069,58895.2078078197,60274.4980637861,60274.4980637861,30452813570
2024-10-11,60275.4608346571,63400.8698799473,60046.125828387,62445.0886070974,62445.0886070974,30327141594
2024-10-12,62444.6174061501,63448.7832440021,62443.2713529987,63193.0230702875,63193.0230702875,16744110886
2024-10-13,63192.9435754787,63272.6529630129,62035.6366902561,62851.3749169602,62851.3749169602,18177529690
2024-10-14,62848.3994880925,66482.4943857198,62442.1539998429,66046.1280687548,66046.1280687548,43706958056
2024-10-15,66050.3687270292,67881.6795865567,64809.1969471504,67041.1071653338,67041.1071653338,48863870879
2024-10-16,67042.4618218177,68375.2929488011,66758.7255092654,67612.7207776042,67612.7207776042,38195189534
2024-10-17,67617.0795713375,67912.2076398065,66647.391211274,67399.8334924398,67399.8334924398,32790898511
2024-10-18,67419.1087252549,68969.7469240407,67177.818198958,68418.7890489052,68418.7890489052,36857165014
2024-10-19,68418.9766619904,68668.0058104846,68024.6382348537,68362.7331098485,68362.7331098485,14443497908
2024-10-20,68364.1784603044,69359.0070607416,68105.7205055133,69001.7066212849,69001.7066212849,18975847518
2024-10-21,69002.0001468977,69462.7367822244,66829.8534677336,67367.8525561409,67367.8525561409,37498611780
2024-10-22,67360.7027255461,67801.5769977652,66581.3679788567,67361.4026645272,67361.4026645272,31808472566
2024-10-23,67362.3744214737,67402.744623551,65188.0352924195,66432.1982471759,66432.1982471759,32263980353
2024-10-24,66653.7041571813,68798.9619867211,66454.0995567515,68161.053337619,68161.053337619,31414428647
2024-10-25,68165.2973724389,68722.1594927425,65521.7934506881,66642.4107304263,66642.4107304263,41469984306
2024-10-26,66628.7370038706,67317.9181596119,66360.5955044004,67014.6977283094,67014.6977283094,19588098156
2024-10-27,67023.4794186223,68221.3147408775,66847.223099558,67929.298795622,67929.298795622,16721307878
2024-10-28,67922.6742726804,70212.2690406726,67535.1310128429,69907.7546738921,69907.7546738921,38799856657
2024-10-29,69910.0453659464,73577.2096582116,69729.9178301829,72720.4935748749,72720.4935748749,58541874402
2024-10-30,72715.366485431,72905.2985200754,71411.7350339885,72339.5421808449,72339.5421808449,40646637831
2024-10-31,72335.0440826332,72662.3097987825,69590.5028708254,70215.1856325839,70215.1856325839,40627912076
2024-11-01,70216.8969678825,71559.0165698806,68779.7003414485,69482.4698507967,69482.4698507967,49989795365
2024-11-02,69486.0239046236,69867.3518537627,69033.7222580968,69289.276665623,69289.276665623,18184612091
2024-11-03,69296.3820562098,69361.6580037475,67482.5254366951,68741.1154919735,68741.1154919735,34868307655
2024-11-04,68742.1346678016,69433.1764178494,66803.649995796,67811.5091418451,67811.5091418451,41184819348
2024-11-05,67811.1743325914,70522.7868214104,67458.8696770123,69359.5661661779,69359.5661661779,46046889204
2024-11-06,69358.5019894605,76460.1533724237,69322.0318962876,75639.0779464884,75639.0779464884,118592653963
2024-11-07,75637.0849735144,76943.1180221876,74480.4193106694,75904.8584618969,75904.8584618969,63467654989
2024-11-08,75902.832566501,77252.7476648638,75648.741198608,76545.4766431325,76545.4766431325,55176858003
2024-11-09,76556.1911313233,76932.7639895921,75773.788516772,76778.8677516165,76778.8677516165,29009480361
2024-11-10,76775.5438015685,81474.4238878783,76565.429933246,80474.185602194,80474.185602194,82570594495
2024-11-11,80471.4131920498,89604.4978355824,80283.2476219227,88701.488084206,88701.488084206,117966845037
2024-11-12,88705.5644865659,89956.882361506,85155.1115052484,87955.8098216397,87955.8098216397,133673285375
2024-11-13,87929.9667732448,93434.3553403447,86256.9319678433,90584.1666733787,90584.1666733787,123559027869
2024-11-14,90574.8820553752,91765.221369439,86682.8158227338,87250.4312745932,87250.4312745932,87616705248
2024-11-15,87284.1830981024,91868.744436111,87124.9008601843,91066.0069552759,91066.0069552759,78243109518
2024-11-16,91064.3662256104,91763.9478843873,90094.2253690597,90558.4752358199,90558.4752358199,44333192814
2024-11-17,90558.4631117088,91433.04050285,88741.6658321694,89845.8512088281,89845.8512088281,46350159305
2024-11-18,89843.7154789328,92596.7889194348,89393.5905739655,90542.6439962666,90542.6439962666,75535775084
2024-11-19,90536.8115264555,94002.8701076919,90426.9853808707,92343.7920549007,92343.7920549007,74521048295
2024-11-20,92341.8941573535,94902.0235761485,91619.4963973839,94339.4950270085,94339.4950270085,71730956426
2024-11-21,94334.6432809324,99014.214912061,94132.6009666759,98504.7275898154,98504.7275898154,106024505582
2024-11-22,98496.4294867186,99655.5010786335,97222.6670416634,98997.662080436,98997.662080436,78473580551
2024-11-23,99006.7422747472,99014.6778634921,97232.893115107,97777.279763055,97777.279763055,44414644677
2024-11-24,97778.0973586439,98647.1775807062,95788.0769955707,98013.8209078789,98013.8209078789,51712020623
2024-11-25,98033.4427003163,98935.0318069042,92642.9148612771,93102.2952135852,93102.2952135852,80909462490
2024-11-26,93087.2799915931,94991.7499693653,90770.8150406524,91985.3168304103,91985.3168304103,91656519855
2024-11-27,91978.1385818315,97361.1819357048,91778.6612119403,95962.5284193169,95962.5284193169,71133452438
2024-11-28,95954.9448816703,96650.2037683052,94677.3542961871,95652.4651587091,95652.4651587091,52260008261
2024-11-29,95653.9525935763,98693.1681672557,95407.8863720956,97461.5237129843,97461.5237129843,54968682476
2024-11-30,97468.8124452958,97499.3424017154,96144.2198283204,96449.0558127732,96449.0558127732,31634227866
2024-12-01,96461.3368002386,97888.1272696056,95770.1844650506,97279.7929223558,97279.7929223558,36590695296
2024-12-02,97276.0101170567,98152.5982470177,94482.8633434321,95865.3016323752,95865.3016323752,72680784305
2024-12-03,95854.5974342939,96297.2000609749,93629.5598937809,96002.162144032,96002.162144032,67067810961
2024-12-04,95988.5287123714,99207.3250728128,94660.5232511768,98768.5275553455,98768.5275553455,77199817112
2024-12-05,98741.5393815507,103900.4721472336,91998.781701436,96593.5722722098,96593.5722722098,149218945580
2024-12-06,97074.2248322286,102039.8817958907,96514.8760817966,99920.7147303285,99920.7147303285,94534772658
2024-12-07,99916.7144638641,100563.3797510387,99030.8864921902,99923.3366192646,99923.3366192646,44177510897
2024-12-08,99921.9167967171,101399.9887089246,98771.5141679393,101236.0131403532,101236.0131403532,44125751925
2024-12-09,101237.0615213342,101272.5042134275,94355.9110419722,97432.7212603679,97432.7212603679,110676473908
2024-12-10,97441.2344664559,98270.1527701471,94321.25879199,96675.4335399369,96675.4335399369,104823780634
2024-12-11,96656.0616181213,101913.3624657153,95747.2288650111,101173.0326451109,101173.0326451109,85391409936
2024-12-12,101167.8070043369,102524.9102753456,99339.9499287061,100042.9979150116,100042.9979150116,72073983533
2024-12-13,100046.6505381214,101888.8084089508,99233.2780486758,101459.2544012685,101459.2544012685,56894751583
2024-12-14,101451.4399501803,102618.8845754313,100634.0575481614,101372.9660786534,101372.9660786534,40422968793
2024-12-15,101373.5329606796,105047.5418842031,101227.0277929951,104298.6957979219,104298.6957979219,51145914137
2024-12-16,104293.5764606967,107780.5795522059,103322.9828188519,106029.7205860963,106029.7205860963,91020417816
2024-12-17,106030.6905824521,108268.4470804361,105291.7378675813,106140.5982384302,106140.5982384302,68589364868
2024-12-18,106147.2952596834,106470.6063648963,100041.5427029048,100041.5427029048,100041.5427029048,93865656139
2024-12-19,100070.6874289428,102748.1508466264,95587.6815019394,97490.949982775,97490.949982775,97221662392
2024-12-20,97484.6973095173,98098.9113051982,92175.1804504625,97755.9301603751,97755.9301603751,105634083408
2024-12-21,97756.1922018157,99507.0985909185,96426.5207387424,97224.7263442974,97224.7263442974,51765334294
2024-12-22,97218.3182689266,97360.2647012436,94202.1862477336,95104.9343710597,95104.9343710597,43147981314
2024-12-23,95099.3919548289,96416.2139282978,92403.1313832204,94686.2394384325,94686.2394384325,65239002919
2024-12-24,94684.3475533376,99404.0613248691,93448.0139404195,98676.0973968281,98676.0973968281,47114953674
2024-12-25,98675.9108627628,99478.7490158499,97593.470165093,99299.1927492124,99299.1927492124,33700394629
2024-12-26,99297.6970087846,99884.57216657,95137.8852950566,95795.5165975983,95795.5165975983,47054980873
2024-12-27,95704.9745862557,97294.8464204259,93310.7438042296,94164.8603483526,94164.8603483526,52419934565
2024-12-28,94160.1862227031,95525.8985215209,94014.2864973319,95163.9319264048,95163.9319264048,24107436185
2024-12-29,95174.0551172888,95174.8784017898,92881.7918699336,93530.2284378695,93530.2284378695,29635885267
2024-12-30,93527.1974974745,94903.3238957155,91317.1354600511,92643.2146040146,92643.2146040146,56188003691
2024-12-31,92643.251221688,96090.6037883835,91914.0277832714,93429.2028113992,93429.2028113992,43625106843
2025-01-01,93425.1021360494,94929.8648089961,92788.1278846819,94419.7575054903,94419.7575054903,24519888919
2025-01-02,94416.2865472787,97739.8168446244,94201.5704154564,96886.8782682304,96886.8782682304,46009564411
2025-01-03,96881.7290234686,98956.9170426074,96034.6140572454,98107.4287619937,98107.4287619937,35611391163
2025-01-04,98106.9935527892,98734.4281764666,97562.9759692776,98236.2290916657,98236.2290916657,22342608078
2025-01-05,98233.9057765858,98813.3085544115,97291.7646063472,98314.9594436372,98314.9594436372,20525254825
2025-01-06,98314.9569580597,102482.8739099194,97926.1485172348,102078.0855728765,102078.0855728765,51823432705
2025-01-07,102248.8525481832,102712.4856972717,96132.8747011312,96922.7052796726,96922.7052796726,58685738547
2025-01-08,96924.1649742654,97258.3217480094,92525.8445608172,95043.5234559406,95043.5234559406,63875859171
2025-01-09,95043.4876399706,95349.7214596253,91220.8422602806,92484.0369715298,92484.0369715298,62777261693
2025-01-10,92494.4915059927,95770.6115962075,92250.092737317,94701.4564626687,94701.4564626687,62058693684
2025-01-11,94700.8380534732,94977.6876648955,93840.043523601,94566.5936752458,94566.5936752458,18860894100
2025-01-12,94565.7258317476,95367.5362990402,93712.5116724825,94488.4410616268,94488.4410616268,20885130965
2025-01-13,94488.8921736814,95837.0002259194,89260.1001886086,94516.5256268428,94516.5256268428,72978998252
2025-01-14,94519.0071414979,97352.6647477847,94322.154503832,96534.0442146476,96534.0442146476,53769675818
2025-01-15,96534.0459693992,100697.2343634354,96501.6443933864,100504.493441195,100504.493441195,57805923627
2025-01-16,100505.2987263067,100781.5890950225,97364.4430844998,99756.9090981947,99756.9090981947,54103781805
2025-01-17,100025.7650552685,105884.230447798,99948.9050642389,104462.0426222178,104462.0426222178,71888972663
2025-01-18,104124.9545762088,104913.2062143758,102226.6203345545,104408.0673030506,104408.0673030506,50445655726
2025-01-19,104411.286795273,106299.7985288669,99570.5311832792,101089.6064983213,101089.6064983213,76789928525
2025-01-20,101083.753465156,109114.8848340883,99471.3589402134,102016.6622807587,102016.6622807587,126279678351
2025-01-21,102052.5752511938,107180.9248951009,100103.9558070991,106146.2630067343,106146.2630067343,88733878242
2025-01-22,106136.3833471013,106294.3401357715,103360.2693116155,103653.0692422291,103653.0692422291,53878181052
2025-01-23,103657.674563574,106820.3288084091,101257.8031755016,103960.1716372268,103960.1716372268,104104515428
2025-01-24,103965.6697206428,107098.5451631159,102772.1241731584,104819.4844854964,104819.4844854964,52388229265
2025-01-25,104824.0336788709,105243.7906021354,104120.3768049614,104714.6453663176,104714.6453663176,23888996502
2025-01-26,104713.2132299644,105438.6445345296,102507.711729671,102682.4970331773,102682.4970331773,22543395879
2025-01-27,102680.3035909706,103214.110459846,97795.9361021666,102087.6913350177,102087.6913350177,89006608428
2025-01-28,102095.417582976,103730.8210612241,100238.1881368375,101332.4762208059,101332.4762208059,47180685494
2025-01-29,101317.5272532106,104750.8072420015,101283.8227095721,103703.2111924169,103703.2111924169,47432049818
2025-01-30,103709.3387991247,106418.7666945693,103321.6450644576,104735.3028391485,104735.3028391485,41915744521
2025-01-31,104737.5621920365,106026.3502880846,101543.8829139224,102405.0270844454,102405.0270844454,45732764360
2025-02-01,102402.7981153973,102755.7260175272,100297.7092387421,100655.9056512145,100655.9056512145,27757944848
2025-02-02,100661.5363872362,101430.6658330409,96216.0778118839,97688.9793048889,97688.9793048889,63091816853
2025-02-03,97681.1032562505,102514.1746801738,91242.8926025841,101405.4230656902,101405.4230656902,115400897748
2025-02-04,101398.717040286,101745.6133048196,96208.1065468762,97871.8178338929,97871.8178338929,73002130211
2025-02-05,97878.0097544626,99113.2078252824,96174.8255591031,96615.4445401536,96615.4445401536,49125911241
2025-02-06,96610.6402284928,99168.6060063579,95707.3499191183,96593.3003285625,96593.3003285625,45302471947
2025-02-07,96581.3172874407,100154.143334761,95653.8866516577,96529.082494532,96529.082494532,55741290456
2025-02-08,96533.2608441032,96877.8073359892,95702.4923701161,96482.4498744429,96482.4498744429,22447526395
2025-02-09,96481.315261394,97325.2820426549,94745.2612271789,96500.0947902698,96500.0947902698,27732901800
2025-02-10,96499.4620926385,98333.2200725747,95320.8420255399,97437.5572620868,97437.5572620868,40078962391
2025-02-11,97438.1312083266,98492.9012816126,94875.0388502221,95747.4311295895,95747.4311295895,37488783272
2025-02-12,95745.6944569594,98151.0269256076,94101.2033270052,97885.8630551901,97885.8630551901,49340445530
2025-02-13,97888.7464885097,98111.0874246068,95269.7078995683,96623.8690084382,96623.8690084382,37147280860
2025-02-14,96623.3708675579,98819.468963167,96342.8060263559,97508.9699033175,97508.9699033175,32697987277
2025-02-15,97508.3827694604,97975.0372487157,97240.197119082,97580.3493821008,97580.3493821008,17047266288
2025-02-16,97580.4905830129,97725.5973030704,96060.9797534292,96175.0320402609,96175.0320402609,16536755396
2025-02-17,96179.0045652885,97032.2382535096,95243.5431921376,95773.3841866043,95773.3841866043,27336550690
2025-02-18,95773.8162428381,96695.378399656,93388.8322011121,95539.5436031828,95539.5436031828,37325720482
2025-02-19,95532.5321463391,96855.5972199515,95011.9690766763,96635.6132123525,96635.6132123525,28990872862
2025-02-20,96632.6791870311,98767.1937355485,96442.6707214109,98333.937829345,98333.937829345,31668022771
2025-02-21,98340.6700379587,99497.9667673705,94852.9586202686,96125.5440549653,96125.5440549653,49608706470
2025-02-22,96134.2019122491,96950.1593791318,95765.3403944205,96577.7615471497,96577.7615471497,18353824477
2025-02-23,96577.8030806053,96671.8742938271,95270.4528059821,96273.9197465574,96273.9197465574,16999478976
2025-02-24,96277.9637903407,96503.4544271125,91371.7407133849,91418.1736674415,91418.1736674415,44046480529
2025-02-25,91437.1140051059,92511.0797388523,86008.2349127652,88736.1734415255,88736.1734415255,92139104128
2025-02-26,88638.893456738,89286.2519247124,82131.9013643001,84347.019721982,84347.019721982,64597492134
2025-02-27,84076.8619070145,87000.7810169214,83144.9590529622,84704.2245822833,84704.2245822833,52659591954
2025-02-28,84705.6284802187,85036.3222274563,78248.9161015268,84373.0103295802,84373.0103295802,83610570576
2025-03-01,84373.8643718367,86522.3023454015,83794.2324922408,86031.9123977154,86031.9123977154,29190628396
2025-03-02,86036.2575495497,95043.435203001,85040.211164905,94248.3505251674,94248.3505251674,58398341092
2025-03-03,94248.4214971805,94429.7478237328,85081.3049286788,86065.6683289207,86065.6683289207,70072228536
2025-03-04,86064.0666589959,88911.2740776466,81529.2398329868,87222.1922066767,87222.1922066767,68095241474
2025-03-05,87222.954869116,90998.2395434617,86379.7730424013,90623.5618428087,90623.5618428087,50498988027
2025-03-06,90622.3611550251,92804.9398315323,87852.1384806097,89961.727243714,89961.727243714,47749810486
2025-03-07,89963.2830044752,91191.0496299424,84717.6796713483,86742.6756244441,86742.6756244441,65945677657
2025-03-08,86742.6529900258,86847.2675938541,85247.4841877294,86154.5932099702,86154.5932099702,18206118081
2025-03-09,86154.3058905771,86471.1301630585,80052.4869785059,80601.0413114199,80601.0413114199,30899345977
2025-03-10,80597.1497836398,83955.9262519717,77420.5921857503,78532.0018084677,78532.0018084677,54061099422
2025-03-11,78523.8715438118,83577.7559592816,76624.2524898268,82862.2081809809,82862.2081809809,54702837196
2025-03-12,82857.3783720186,84358.5774618278,80635.2492346441,83722.3619517496,83722.3619517496,40353484454
2025-03-13,83724.9195997057,84301.6919089795,79931.853244561,81066.7013691458,81066.7013691458,31412940153
2025-03-14,81066.993377569,85263.2898568471,80797.5625908225,83969.0997189857,83969.0997189857,29588112414
2025-03-15,83968.4059495509,84672.6721611549,83639.5948576348,84343.1084583416,84343.1084583416,13650491277
2025-03-16,84333.3216170116,85051.5984853423,82017.9047143343,82579.6908921864,82579.6908921864,21330270174
2025-03-17,82576.3342781945,84725.3259819035,82492.1525372132,84075.6886968797,84075.6886968797,25092785558
2025-03-18,84075.7156723962,84075.7156723962,81179.9901632846,82718.5023176431,82718.5023176431,24095774594
2025-03-19,82718.8042584539,87021.1858054925,82569.7268946267,86854.2259604391,86854.2259604391,34931960257
2025-03-20,86872.9533018947,87443.2677695942,83647.1939665022,84167.1934043364,84167.1934043364,29028988961
2025-03-21,84164.5425239259,84782.27165102,83171.0697216811,84043.245182099,84043.245182099,19030452299
2025-03-22,84046.2582881817,84513.8724239979,83674.78082322,83832.4875518333,83832.4875518333,9863214091
2025-03-23,83831.9005141602,86094.7800776054,83794.9106561252,86054.3718630108,86054.3718630108,12594615537
2025-03-24,86070.9281111585,88758.7296368342,85541.1981001687,87498.9124102767,87498.9124102767,34582604933
2025-03-25,87512.8194407259,88542.3946728374,86346.0788966631,87471.7030479404,87471.7030479404,30005840049
2025-03-26,87460.2366697949,88292.156901437,85861.455394714,86900.8855432885,86900.8855432885,26704046038
2025-03-27,86896.2548762212,87786.723395316,85837.9337014745,87177.1021055135,87177.1021055135,24413471941
2025-03-28,87185.2346771071,87489.8612148241,83557.6424644235,84353.1510125816,84353.1510125816,34198619509
2025-03-29,84352.0727262958,84567.3321457268,81634.1413054795,82597.5843388613,82597.5843388613,16969396135
2025-03-30,82596.9832343092,83505.0029320693,81573.2470657633,82334.5226969202,82334.5226969202,14763760943
2025-03-31,82336.0593457524,83870.1213490621,81293.8885609204,82548.9109608694,82548.9109608694,29004228247
2025-04-01,82551.9187292547,85487.3661226658,82429.3619929085,85169.1695887702,85169.1695887702,28175650319
2025-04-02,85180.6130399194,88466.9569585923,82343.5391072756,82485.7083713044,82485.7083713044,47584398470
2025-04-03,82487.4764239047,83909.2983654795,81282.0978627491,83102.8282065402,83102.8282065402,36852112080
2025-04-04,83100.2474409798,84696.1462638178,81670.7487703545,83843.8048731047,83843.8048731047,45157640207
2025-04-05,83844.6996629091,84207.0193621592,82377.7358642744,83504.8001720546,83504.8001720546,14380803631
2025-04-06,83504.5071163801,83704.7177864194,77097.7409017465,78214.4808171041,78214.4808171041,36294853736
2025-04-07,78221.3331336497,81119.0644210414,74436.6791009452,79235.333132174,79235.333132174,91262424987
2025-04-08,79218.4738597791,80823.8881213157,76198.022280574,76271.9501747134,76271.9501747134,48314590749
2025-04-09,76273.5617005576,83541.0002548722,74589.6727070598,82573.9511277008,82573.9511277008,84213627038
2025-04-10,82565.9744525521,82700.9320641928,78456.1337477737,79626.1414360505,79626.1414360505,44718000633
2025-04-11,79625.0481407205,84247.4736492697,78936.3205689461,83404.8398063772,83404.8398063772,41656778779
2025-04-12,83404.516993045,85856.1878699008,82769.3778925434,85287.1132768994,85287.1132768994,24258059104
2025-04-13,85279.4705343828,86015.1858492691,83027.0042626966,83684.9790281051,83684.9790281051,28796984817
2025-04-14,83694.5232732834,85784.9977272972,83690.6369469088,84542.3912826737,84542.3912826737,34090769777
2025-04-15,84539.692784981,86429.3484786375,83598.818421582,83668.9893302616,83668.9893302616,28040322885
2025-04-16,83674.5110786453,85428.2824096212,83100.617930143,84033.865416481,84033.865416481,29617804112
2025-04-17,84030.672926765,85449.067655591,83749.7530202011,84895.7514392675,84895.7514392675,21276866029
2025-04-18,84900.1913574227,85095.0494426195,84298.8832048904,84450.8070773412,84450.8070773412,12728372364
2025-04-19,84450.8703334615,85597.7037392458,84353.4578154094,85063.4130568411,85063.4130568411,15259300427
2025-04-20,85066.068869856,85306.3812568669,83976.8458492975,85174.3016291611,85174.3016291611,14664050812
2025-04-21,85171.5427512029,88460.0961714718,85143.8377085489,87518.9050346999,87518.9050346999,41396190190
2025-04-22,87521.8711734663,93817.3837912219,87084.529413867,93441.8933475575,93441.8933475575,55899038456
2025-04-23,93427.5858085506,94535.7320718952,91962.9581822579,93699.1131760367,93699.1131760367,41719568821
2025-04-24,93692.3959519458,94016.19442848,91696.7141140385,93943.7934161249,93943.7934161249,31483175315
2025-04-25,93954.249819661,95768.3924669559,92898.5930911719,94720.4980175858,94720.4980175858,40915232364
2025-04-26,94714.6463714469,95251.3594381245,93927.2506283557,94646.928111682,94646.928111682,17612825123
2025-04-27,94660.9092081124,95301.2063769868,93665.3973569293,93754.846738124,93754.846738124,18090367764
2025-04-28,93755.3036053418,95598.492236527,92860.808221058,94978.7525036375,94978.7525036375,32363449569
2025-04-29,94981.8613835771,95485.4128200751,93796.6342233736,94284.7916281156,94284.7916281156,25806129921
2025-04-30,94286.4686573453,95249.319407173,92979.639627542,94207.311297523,94207.311297523,28344679831
2025-05-01,94212.8628771738,97437.9638787913,94153.6338815343,96492.3390492363,96492.3390492363,32875889623
2025-05-02,96494.9691901396,97905.9008135535,96375.9461133598,96910.0685777286,96910.0685777286,26421924677
2025-05-03,96904.6347353242,96943.8818152762,95821.2909183689,95891.7980343153,95891.7980343153,15775154889
2025-05-04,95877.1841802496,96318.9198205634,94173.4322400329,94315.9748890489,94315.9748890489,18198688416
2025-05-05,94319.5628677338,95193.1862006466,93566.2638409303,94748.0514753733,94748.0514753733,25816260327
2025-05-06,94748.3862881353,96889.1762342253,93399.8589076862,96802.4775637596,96802.4775637596,26551275827
2025-05-07,96800.1944965502,97625.8053447067,95829.3320669444,97032.3189665813,97032.3189665813,76983822462
2025-05-08,97034.2468888418,103969.5364903529,96913.8723974176,103241.4608298014,103241.4608298014,69895404397
2025-05-09,103239.1251639039,104297.4909082449,102343.0903303267,102970.8497440325,102970.8497440325,58198593958
2025-05-10,102973.7142276973,104961.7643910694,102830.4816230377,104696.3272911721,104696.3272911721,42276713994
2025-05-11,104701.072596459,104937.9892452482,103364.7397538321,104106.3555262647,104106.3555262647,46285517406
2025-05-12,104106.9627066245,105747.4520683764,100814.4025733277,102812.953251549,102812.953251549,63250475404
2025-05-13,102812.4924643175,104997.4205859007,101515.092861187,104169.8128818504,104169.8128818504,52608876410
2025-05-14,104167.325600448,104303.5651682622,102618.2973552737,103539.4170891327,103539.4170891327,45956071155
2025-05-15,103538.825684185,104153.6198773439,101440.8124638765,103744.6435805224,103744.6435805224,50408241840
2025-05-16,103735.6550633715,104533.4866510729,103137.4787374947,103489.29171157,103489.29171157,44386499364
2025-05-17,103489.2897356949,103716.9489881669,102659.1770813014,103191.0854776988,103191.0854776988,37898552742
2025-05-18,103186.9556358247,106597.1681343974,103142.6045787782,106446.0105544264,106446.0105544264,49887082058
2025-05-19,106430.5327027544,107068.7223682781,102112.6854600726,105606.1814675408,105606.1814675408,61761126647
2025-05-20,105605.4091445749,107307.1139351273,104206.5157781555,106791.0896617118,106791.0896617118,36515726122
2025-05-21,106791.3124236974,110724.4641814568,106127.2345983214,109678.0763095368,109678.0763095368,78086364051
2025-05-22,109673.4918561923,111970.1681100799,109285.0723887112,111673.2840187451,111673.2840187451,70157575642
2025-05-23,111679.356260285,111798.9038726132,106841.301245188,107287.7967068221,107287.7967068221,67548133399
2025-05-24,107278.5069779142,109454.5211792546,106895.2910814217,107791.1575412359,107791.1575412359,45903627163
2025-05-25,107802.2721295453,109313.3015279185,106683.372464366,109035.3870327308,109035.3870327308,47518041841
2025-05-26,109023.7783282035,110376.8814726695,108735.6419218036,109440.3683582281,109440.3683582281,45950461571
2025-05-27,109440.4094780203,110744.2078440242,107609.556733003,108994.6421508192,108994.6421508192,57450176272
2025-05-28,108992.1725114153,109298.2886215052,106812.9299478466,107802.3245360646,107802.3245360646,49155377493
2025-05-29,107795.570582287,108910.0492110121,105374.3999013103,105641.7606983795,105641.7606983795,56022752042
2025-05-30,105646.207725502,106308.9485222422,103685.7882735482,103998.5722406304,103998.5722406304,57655287183
2025-05-31,103994.7151757602,104927.1045928867,103136.1134508832,104638.0912550028,104638.0912550028,38997843858
2025-06-01,104637.296686896,105884.5442886983,103826.9555619665,105652.0985625249,105652.0985625249,37397056873
2025-06-02,105649.8096322775,105958.313362378,103727.5470740869,105881.5339020309,105881.5339020309,45819706290
2025-06-03,105888.473534717,106813.5790312666,104920.8441383086,105432.4700666072,105432.4700666072,46196508367
2025-06-04,105434.3683148127,105997.6923423159,104232.6999497597,104731.9832551475,104731.9832551475,44544857105
2025-06-05,104750.7800547679,105936.6901732138,100436.8859125027,101575.9523061866,101575.9523061866,57479298400
2025-06-06,101574.3670737617,105376.77341111,101169.5724370532,104390.3469384754,104390.3469384754,48856653697
2025-06-07,104390.644796748,105972.7540876929,103987.3117931851,105615.6263094638,105615.6263094638,38365033776
2025-06-08,105617.5094444598,106497.05984532,105075.3305195304,105793.6502275275,105793.6502275275,36626232328
2025-06-09,105793.0211746812,110561.4198181253,105400.2308957897,110294.0991055733,110294.0991055733,55903193732
2025-06-10,110295.6876534883,110380.1214464524,108367.7134325946,110257.2377123657,110257.2377123657,54700101509
2025-06-11,110261.7962567653,110384.2209621744,108086.3279190751,108686.6276821388,108686.6276821388,50842662052
2025-06-12,108685.9104296005,108780.697441616,105785.6887363855,105929.0512627296,105929.0512627296,54843867968
2025-06-13,105924.5905607751,106182.5459776617,102822.0258041497,106090.9663946604,106090.9663946604,69550440846
2025-06-14,106108.0852363253,106203.7560198122,104379.3652320161,105472.4086528859,105472.4086528859,38007870453
2025-06-15,105464.8400737681,106157.0983542815,104519.8801972826,105552.026954677,105552.026954677,36744307742
2025-06-16,105555.5929058888,108915.3756027871,104997.6212495874,106796.7571986886,106796.7571986886,50366626945
2025-06-17,106794.1209051091,107750.1941239939,103396.5280482188,104601.1168292626,104601.1168292626,55964092176
2025-06-18,104602.0686346703,105581.8531131804,103602.2618360189,104883.3269261613,104883.3269261613,47318089133
2025-06-19,104886.7743015772,105250.8922654193,103940.7751831629,104684.2859524538,104684.2859524538,37333806920
2025-06-20,104681.0330431643,106539.3839084926,102372.2110017634,103309.6041245223,103309.6041245223,50951862476
2025-06-21,103315.0806380194,104015.780111655,100973.0641889568,102257.4086896794,102257.4086896794,38360555118
2025-06-22,102212.0348852842,103351.6304109104,98286.2059304254,100987.1395190547,100987.1395190547,65536997201
2025-06-23,100987.4731095285,106116.8623483601,99705.747002114,105577.7720315477,105577.7720315477,65237759656
2025-06-24,105571.5177648119,106316.8285778167,104740.2420956876,106045.6320954752,106045.6320954752,48822986421
2025-06-25,106047.4031667322,108168.4002753518,105881.3893636784,107361.260804055,107361.260804055,51624120283
2025-06-26,107375.0706392033,108305.543038463,106666.3497715369,106960.0032689962,106960.0032689962,43891990613
2025-06-27,106954.9233313544,107772.4715121679,106449.9941431739,107088.4302288312,107088.4302288312,45353692675
2025-06-28,107090.5488566638,107567.8815771331,106883.9732809725,107327.7031808139,107327.7031808139,30037708335
2025-06-29,107327.8224263488,108526.3070408953,107230.1105251328,108385.5700884473,108385.5700884473,35534874438
2025-06-30,108383.4411795601,108798.7919147742,106759.6503268975,107135.3345105601,107135.3345105601,42064804590
2025-07-01,107144.3826437445,107550.6786944617,105270.2266043534,105698.2781440006,105698.2781440006,44110692247
2025-07-02,105703.0998551802,109763.6535179963,105157.39559599,108859.3238682359,108859.3238682359,56248657737
2025-07-03,108845.0128550604,110541.4615672827,108605.7956428519,109647.97877391,109647.97877391,50494742270
2025-07-04,109635.6551974521,109751.9874559142,107296.3800299472,108034.3390499008,108034.3390499008,42616442656
2025-07-05,108015.8392263224,108381.3401614263,107842.275057062,108231.1819901941,108231.1819901941,30615537520
2025-07-06,108231.1838329827,109731.6259445986,107847.0171588084,109232.0697345571,109232.0697345571,36746020463
2025-07-07,109235.3279895239,109710.249827483,107527.0572095148,108299.851087593,108299.851087593,45415696597
2025-07-08,108298.2289745801,109198.9716164064,107499.5564675773,108950.2755431898,108950.2755431898,44282204127
2025-07-09,108950.2755431898,111925.3769468279,108357.6820315167,111326.5512690552,111326.5512690552,57927418065
2025-07-10,111329.1959809476,116608.7846761286,110660.749453081,115987.206196845,115987.206196845,95911605728
2025-07-11,115986.2347970836,118856.4737392894,115245.6863485712,117516.9936684245,117516.9936684245,86928361085
2025-07-12,117530.7128957262,118219.9000427407,116977.0236976189,117435.2300531511,117435.2300531511,45524560304
2025-07-13,117432.2008458641,119449.5719060133,117265.4378645473,119116.1175492467,119116.1175492467,49021091807
2025-07-14,119115.7875096413,123091.612801368,118959.1967856346,119849.7057203147,119849.7057203147,181746419401
2025-07-15,119853.8484758277,119935.5604084972,115765.6867265961,117777.1889947756,117777.1889947756,98321661181
2025-07-16,117777.1889947756,120065.5186671818,117064.8215637211,118738.506038944,118738.506038944,72162029070
2025-07-17,118738.506038944,120999.6071583501,117508.2160474774,119289.8421917949,119289.8421917949,72363841798
2025-07-18,119284.1117909389,120851.9178264544,116925.9812397523,118003.2244955267,118003.2244955267,77945799785
2025-07-19,117998.1273641834,118541.4017194511,117388.4106620181,117939.9787390508,117939.9787390508,47564562765
2025-07-20,117944.1092425224,118865.0340650434,116550.1361239857,117300.7857402877,117300.7857402877,57515447231
2025-07-21,117306.4669821287,119671.5641191938,116584.4003581047,117439.5358004276,117439.5358004276,69820091744
2025-07-22,117426.4981533992,120269.9664728629,116233.2261536595,119995.4155518337,119995.4155518337,79217583118
2025-07-23,119997.4426914491,120113.3505276606,117391.3908412902,118754.9571943315,118754.9571943315,66608604537
2025-07-24,118770.9814845992,119535.4547232326,117247.9721620243,118368.0032491776,118368.0032491776,72627318560
2025-07-25,118368.0032491776,118486.9789120807,114759.8232269854,117635.8810759376,117635.8810759376,104857024569
2025-07-26,117644.8440625216,118335.6855126882,117181.2278014952,117947.3662422036,117947.3662422036,48508954046
2025-07-27,117944.7296624648,119815.5973000797,117859.6870398229,119448.4903295397,119448.4903295397,54683390892
2025-07-28,119457.5219509422,119819.7899002832,117441.4374555872,117924.4729527151,117924.4729527151,64822943193
2025-07-29,117938.5843592765,119273.8700927401,116987.3709425315,117922.1478369023,117922.1478369023,68463107433
2025-07-30,117921.994085928,118780.7267231115,115800.8267999549,117831.1913846234,117831.1913846234,68896148592
2025-07-31,117833.6296441243,118919.9847071668,115505.2222705249,115758.2039287926,115758.2039287926,69370346018
2025-08-01,115738.9552122482,116060.7726221091,112724.4429861371,113320.0859723028,113320.0859723028,91294530181
2025-08-02,113320.3943575693,114021.6051420114,112005.7690998997,112526.9146425111,112526.9146425111,56870866000
2025-08-03,112525.8033291329,114747.4233705746,111943.8044176949,114217.6729691043,114217.6729691043,48099615826
2025-08-04,114223.9232850182,115729.4719751785,114130.4031651607,115071.8843242656,115071.8843242656,35783028986
2025-08-05,115072.1845577423,115117.435936834,112701.1104004737,114141.4417283514,114141.4417283514,61039182286
2025-08-06,114140.9135797144,115737.8332345879,113372.2490313312,115027.9964133688,115027.9964133688,56379133510
2025-08-07,115030.052227047,117676.9054547107,114279.7120182548,117496.8973967761,117496.8973967761,64051649681
2025-08-08,117505.4973904093,117689.2014548342,115917.4580942841,116688.7254122597,116688.7254122597,59713005166
2025-08-09,116678.2756898164,117906.6117650913,116363.8351546953,116500.3620579945,116500.3620579945,54004312429
2025-08-10,116497.7165764095,119320.7140863204,116485.1660488103,119306.7614218206,119306.7614218206,64755458694
2025-08-11,119306.8107653633,122321.0974354062,118159.028541729,118731.4470327152,118731.4470327152,90528784177
2025-08-12,118717.6624479562,120302.4706699823,118228.7221977164,120172.9070599404,120172.9070599404,72803657984
2025-08-13,120168.977702397,123682.4533707836,118939.6312946595,123344.0598056487,123344.0598056487,90904808795
2025-08-14,123339.3953878563,124457.1168703663,117254.8826387024,118359.5805705313,118359.5805705313,104055627395
2025-08-15,118365.7843911702,119332.3117554601,116864.5734769494,117398.3479829685,117398.3479829685,68665353159
2025-08-16,117398.42308612,117996.0633477344,117271.9524040262,117491.3483895253,117491.3483895253,48036922378
2025-08-17,117492.7885821931,118595.7762507132,117279.5209703975,117453.0627100409,117453.0627100409,45852169525
2025-08-18,117453.9063856625,117614.1711543471,114723.6824023118,116252.3119358528,116252.3119358528,72787808090
2025-08-19,116241.8565498179,116764.4962913425,112730.3986887454,112831.1759943522,112831.1759943522,71657600353
2025-08-20,112828.0213893074,114625.7961371925,112387.9619617084,114274.7407842478,114274.7407842478,67993811526
2025-08-21,114275.6841476792,114802.6496262389,111986.2347013088,112419.0275001688,112419.0275001688,57817883700
2025-08-22,112433.7307832327,117377.3986676667,111678.9486069826,116874.0874716783,116874.0874716783,82528088240
2025-08-23,116866.3678373747,116996.2531990844,114536.108256073,115374.331193013,115374.331193013,55377142586
2025-08-24,115387.3913229719,115615.0840495,111060.5448753841,113458.4322355685,113458.4322355685,73961489632
2025-08-25,113456.8946803248,113637.8418561592,109324.2801964692,110124.350927514,110124.350927514,85706860190
2025-08-26,110124.1054283366,112397.0129681116,108762.0355834599,111802.655570345,111802.655570345,69396320317
2025-08-27,111795.7082674864,112619.4155077651,110398.2624723931,111222.0607170952,111222.0607170952,62137056409
2025-08-28,111219.0511864502,113450.0764898825,110900.9244463829,112544.8019855007,112544.8019855007,58860155962
2025-08-29,112550.5200780888,112619.0530334579,107559.6243034287,108410.8381422406,108410.8381422406,77843379644
2025-08-30,108409.4049568393,108929.3486691764,107444.443172336,108808.0717128957,108808.0717128957,51486264208
2025-08-31,108818.4610841382,109490.9995067257,108104.6558106907,108236.7098959993,108236.7098959993,47986191770
2025-09-01,108228.7470722929,109890.5848562763,107271.183408171,109250.5947969764,109250.5947969764,66870372995
2025-09-02,109243.0673274592,111748.0126677789,108454.0286421436,111200.5872122159,111200.5872122159,74776999491
2025-09-03,111190.6986883387,112600.2245973486,110582.9581038985,111723.2133253295,111723.2133253295,61119643565
2025-09-04,111718.1491354521,112208.3283429949,109347.2252267814,110723.6000805153,110723.6000805153,60131132901
2025-09-05,110723.0145434385,113357.4891909155,110233.3952001083,110650.988279402,110650.988279402,60241647677
2025-09-06,110650.5717222438,111275.0150835858,110024.0841394861,110224.6977364094,110224.6977364094,21500719036
2025-09-07,110221.325878985,111591.0756053685,110211.6215475936,111167.6195183032,111167.6195183032,24618007520
2025-09-08,111163.0177975035,112869.2356980465,110630.6055984677,112071.4310885385,112071.4310885385,40212813407
2025-09-09,112077.5772737136,113225.4400409729,110776.7003083141,111530.5499815784,111530.5499815784,45984480722
2025-09-10,111531.2478804626,114275.2527809912,110940.076862647,113955.3589546047,113955.3589546047,56377473784
2025-09-11,113961.4280938375,115522.5438696033,113453.8393085089,115507.5375268541,115507.5375268541,45685065332
2025-09-12,115507.7929561424,116769.3825253667,114794.4843507292,116101.5808964756,116101.5808964756,54785725894
2025-09-13,116093.5595234273,116334.6335516459,115248.2758530589,115950.5050492249,115950.5050492249,34549454947
2025-09-14,115950.292319112,116181.4992231369,115222.3963213323,115407.6544474289,115407.6544474289,32798036057
2025-09-15,115399.6311438108,116747.87923585,114461.0631650978,115444.8727083374,115444.8727083374,52937859416
2025-09-16,115423.7546416593,117005.2758521778,114813.0925685001,116843.1842506891,116843.1842506891,45781744593
2025-09-17,116840.5069392953,117328.6057367203,114794.9732017913,116468.5073895201,116468.5073895201,60528025996
2025-09-18,116461.2627060922,117911.7883364225,116188.7951577832,117137.2024600838,117137.2024600838,49457272032
2025-09-19,117137.6733468891,117479.7542796512,115141.8172917535,115688.8628180112,115688.8628180112,38828473971
2025-09-20,115691.1284812904,116191.1480749243,115473.5242788556,115721.9582075807,115721.9582075807,22864449614
2025-09-21,115730.2258386475,115901.0895538419,115252.5800841244,115306.097161289,115306.097161289,22495852193
2025-09-22,115309.222122245,115431.3090850724,112037.6446900417,112748.5056232456,112748.5056232456,70684158591
2025-09-23,112757.4755546424,113351.9119799029,111535.5672804001,112014.4996765164,112014.4996765164,47211853279
2025-09-24,112007.6665159038,113986.2712296583,111229.6388187999,113328.6304088566,113328.6304088566,48044595085
2025-09-25,113330.1657194348,113541.0870248223,108713.3961781124,109049.2879570017,109049.2879570017,75528654284
2025-09-26,109041.2945010783,110359.1940689565,108728.9779668343,109712.831518274,109712.831518274,57738288949
2025-09-27,109707.1410183108,109778.4989171804,109144.293006297,109681.9424831994,109681.9424831994,26308042910
2025-09-28,109681.9472995241,112375.4821431246,109236.9477444889,112122.6391506148,112122.6391506148,33371048505
2025-09-29,112117.8787939277,114473.5698924135,111589.9506804949,114400.3864282159,114400.3864282159,60000147466
2025-09-30,114396.5202405992,114836.6154245154,112740.5647473063,114056.0836474993,114056.0836474993,58986330258
2025-10-01,114057.5921833042,118648.9285878715,113981.3959687741,118648.9285878715,118648.9285878715,71328680132
2025-10-02,118652.3858956064,121086.4072410014,118383.158156396,120681.2597233421,120681.2597233421,71415163912
2025-10-03,120656.9820226288,123944.7049588617,119344.3110051809,122266.5327281923,122266.5327281923,83941392228
2025-10-04,122267.4697710939,122857.6402020046,121577.5714027949,122425.4287295425,122425.4287295425,36769171735
2025-10-05,122419.6706881838,125559.2087470555,122191.9581408905,123513.4737139671,123513.4737139671,73689317763
2025-10-06,123510.4499683878,126198.0696034339,123196.0489024402,124752.5283520974,124752.5283520974,72568881188
2025-10-07,124752.1397236547,125184.0258285151,120681.9718447671,121451.3790703267,121451.3790703267,76149412513
2025-10-08,121448.3536271772,124167.0916613132,121119.1800563677,123354.8703353913,123354.8703353913,65354305286
2025-10-09,123337.0677595441,123739.3466304826,119812.0346401403,121705.5822667133,121705.5822667133,74653009425
2025-10-10,121704.7402276191,122509.6616538489,104582.41134788,113214.3659931293,113214.3659931293,153125018868
2025-10-11,113236.4297632884,113429.7245407035,109760.5647743448,110807.8793198622,110807.8793198622,110236934340
2025-10-12,110811.5140973134,115805.0652175346,109715.5413079882,115169.7639246981,115169.7639246981,93710414091
2025-10-13,115161.6758253635,116020.4864826768,113821.190194966,115271.0751367935,115271.0751367935,71582026739
2025-10-14,115264.8790152527,115502.8794298389,110029.4865863606,113118.6671598055,113118.6671598055,92212917403
2025-10-15,113113.9720940681,113622.38200389,110235.835494287,110783.1668548627,110783.1668548627,72574132855
2025-10-16,110782.171929721,111990.8130464047,107537.0293237405,108186.0384753293,108186.0384753293,87306423067
2025-10-17,108179.1328125,109235.8046875,103598.4296875,106467.7890625,106467.7890625,99703051669
2025-10-18,106483.734375,107490.984375,106387.453125,107198.265625,107198.265625,37779905278
2025-10-19,107204.3125,109488.9921875,106157.7890625,108666.7109375,108666.7109375,47657008953
2025-10-20,108667.4453125,111711.03125,107485.015625,110588.9296875,110588.9296875,63507793085
2025-10-21,110587.6328125,113996.34375,107534.75,108476.890625,108476.890625,101194375480
2025-10-22,108491.53125,109115.1328125,106778.0,107688.5859375,107688.5859375,80807013218
2025-10-23,107679.4375,111288.59375,107548.4296875,110069.7265625,110069.7265625,54944076060
2025-10-24,110069.3515625,111842.53125,109770.1484375,111033.921875,111033.921875,48160816980
2025-10-25,111032.6171875,111947.703125,110704.40625,111641.7265625,111641.7265625,24707667305
2025-10-26,111639.0546875,115260.90625,111268.484375,114472.4453125,114472.4453125,41708524143
2025-10-27,114479.8515625,116273.3125,113882.2890625,114119.328125,114119.328125,61761358733
2025-10-28,114129.0859375,116078.984375,112291.6796875,112956.1640625,112956.1640625,64528066504
2025-10-29,112921.328125,113642.7265625,109368.71875,110055.3046875,110055.3046875,62192043469
2025-10-30,110059.1953125,111612.3515625,106376.6875,108305.546875,108305.546875,69673964814
2025-10-31,108304.4140625,111031.8203125,108288.2734375,109556.1640625,109556.1640625,60090359560
2025-11-01,109558.625,110574.8984375,109372.953125,110064.015625,110064.015625,25871668762
2025-11-02,110064.4296875,111167.3125,109523.453125,110639.625,110639.625,34284209459
2025-11-03,110646.90625,110764.9140625,105336.359375,106547.5234375,106547.5234375,72852006359
2025-11-04,106541.421875,107264.8828125,98962.0625,101590.5234375,101590.5234375,110967184773
2025-11-05,101579.234375,104534.703125,98989.9140625,103891.8359375,103891.8359375,77584934804
2025-11-06,103893.6640625,104147.3046875,100336.8671875,101301.2890625,101301.2890625,63932752861
2025-11-07,101286.2421875,104052.9140625,99257.0546875,103372.40625,103372.40625,92168030081
2025-11-08,103371.703125,103373.5625,101458.0390625,102282.1171875,102282.1171875,51446691095
2025-11-09,102278.984375,105418.3671875,101468.875,104719.640625,104719.640625,59679243013
2025-11-10,104723.7734375,106564.6953125,104350.6484375,105996.59375,105996.59375,69585887229
2025-11-11,105996.859375,107428.2578125,102457.328125,102997.46875,102997.46875,71130078574
2025-11-12,103011.4375,105297.234375,100836.6171875,101663.1875,101663.1875,64347179408
2025-11-13,101674.1484375,104005.4921875,97988.71875,99697.4921875,99697.4921875,101546815416
2025-11-14,99694.703125,99804.4296875,94000.734375,94397.7890625,94397.7890625,114346441890
2025-11-15,94420.46875,96728.46875,94420.46875,95549.1484375,95549.1484375,38500716654
2025-11-16,95556.8671875,96564.1875,92971.1640625,94177.078125,94177.078125,71086235862
2025-11-17,94180.875,95928.3671875,91214.7578125,92093.875,92093.875,94186165724
2025-11-18,92094.53125,93745.078125,89300.4609375,92948.875,92948.875,101333569062
2025-11-19,92946.1640625,92946.1640625,88526.828125,91465.9921875,91465.9921875,80350354656
2025-11-20,91459.3515625,93025.0703125,86040.796875,86631.8984375,86631.8984375,97970645638
2025-11-21,86528.7734375,87380.8046875,80659.8125,85090.6875,85090.6875,129157506112
2025-11-22,85098.5625,85503.0078125,83490.8984375,84648.359375,84648.359375,40793099246
2025-11-23,84648.609375,88038.46875,84641.7734375,86805.0078125,86805.0078125,58083435576
2025-11-24,86798.7734375,89206.3359375,85272.1953125,88270.5625,88270.5625,74433896110
2025-11-25,88269.9609375,88457.3359375,86131.4296875,87341.890625,87341.890625,64837343545
2025-11-26,87345.5859375,90581.15625,86316.8984375,90518.3671875,90518.3671875,66496301869
2025-11-27,90517.765625,91897.578125,90089.515625,91285.375,91285.375,57040622845
2025-11-28,91285.3828125,92969.0859375,90257.1171875,90919.265625,90919.265625,60895830289
2025-11-29,90918.7421875,91187.6171875,90260.1875,90851.7578125,90851.7578125,37921773455
2025-11-30,90838.2109375,91965.046875,90394.3125,90394.3125,90394.3125,38497902869
2025-12-01,90389.109375,90398.15625,83862.25,86321.5703125,86321.5703125,87962894424
2025-12-02,86322.5390625,92316.6328125,86202.1953125,91350.203125,91350.203125,78546798211
2025-12-03,91345.09375,94060.7734375,91056.390625,93527.8046875,93527.8046875,77650204986
2025-12-04,93454.2578125,94038.2421875,90976.1015625,92141.625,92141.625,64538402681
2025-12-05,92133.6484375,92702.640625,88152.140625,89387.7578125,89387.7578125,63256398633
2025-12-06,89389.359375,90267.4609375,88951.6640625,89272.375,89272.375,37994042405
2025-12-07,89277.8125,91740.84375,87799.5625,90405.640625,90405.640625,47394898960
2025-12-08,90424.5859375,92267.1171875,89644.890625,90640.203125,90640.203125,57394099056
2025-12-09,90639.703125,94601.5703125,89586.9765625,92691.7109375,92691.7109375,66861721440
2025-12-10,92695.234375,94477.15625,91640.1328125,92020.9453125,92020.9453125,65420694513
2025-12-11,92011.3046875,93554.265625,89335.296875,92511.3359375,92511.3359375,64532834621
2025-12-12,92513.6640625,92747.9296875,89532.6015625,90270.4140625,90270.4140625,80275884583
2025-12-13,90257.796875,90647.5703125,89800.9921875,90298.7109375,90298.7109375,64237748110
2025-12-14,90296.4375,90498.109375,87634.9375,88175.1796875,88175.1796875,50465972205
2025-12-15,88171.078125,89983.921875,85304.078125,86419.78125,86419.78125,45559514323
2025-12-16,86424.40625,88170.09375,85381.6875,87843.984375,87843.984375,41262178223
2025-12-17,87847.6171875,90264.5703125,85316.265625,86143.7578125,86143.7578125,44243392914
2025-12-18,86144.3671875,89412.6640625,84436.3125,85462.5078125,85462.5078125,52667115348
2025-12-19,85476.1328125,89339.1171875,85107.6640625,88103.3828125,88103.3828125,46733310561
2025-12-20,88101.671875,88497.203125,87924.875,88344.0,88344.0,14688196659
2025-12-21,88344.703125,89027.953125,87613.203125,88621.75,88621.75,19845522660
2025-12-22,88621.3984375,90501.9296875,87908.0703125,88490.015625,88490.015625,38047472118
2025-12-23,88490.03125,88898.3828125,86606.9765625,87414.0,87414.0,43683011533
2025-12-24,87404.3203125,87956.8828125,86411.796875,87611.9609375,87611.9609375,25550297986
2025-12-25,87608.3203125,88501.7890625,86949.2578125,87234.7421875,87234.7421875,19953216347
2025-12-26,87235.5078125,89459.4296875,86628.140625,87301.4296875,87301.4296875,42455674908
2025-12-27,87301.4296875,87874.78125,87182.9765625,87802.15625,87802.15625,13741199310
2025-12-28,87799.34375,87986.890625,87394.953125,87835.8359375,87835.8359375,15156557929
2025-12-29,87835.7890625,90299.15625,86717.9140625,87138.140625,87138.140625,48411625849
2025-12-30,87134.3515625,89297.9375,86735.546875,88430.1328125,88430.1328125,35586356225
2025-12-31,88429.5859375,89080.2890625,87130.5625,87508.828125,87508.828125,33830210616
2026-01-01,87508.046875,88803.2265625,87399.40625,88731.984375,88731.984375,18849043990
2026-01-02,88733.0625,90884.4609375,88298.6171875,89944.6953125,89944.6953125,46398906171
2026-01-03,89945.0546875,90679.5703125,89328.0703125,90603.1875,90603.1875,20774828592
2026-01-04,90603.0,91712.5859375,90595.1015625,91413.4921875,91413.4921875,26770491368
2026-01-05,91414.625,94762.0703125,91414.625,93882.5546875,93882.5546875,53376407252
2026-01-06,93876.9453125,94395.296875,91286.546875,93729.03125,93729.03125,52430605257
2026-01-07,93727.46875,93738.7890625,90601.8046875,91308.0546875,91308.0546875,43461295053
2026-01-08,91309.640625,91485.8515625,89233.875,91027.125,91027.125,42386697030
2026-01-09,91026.2734375,91910.671875,89625.3828125,90513.1015625,90513.1015625,38305906684
2026-01-10,90510.1015625,90713.03125,90283.3984375,90386.6484375,90386.6484375,12385895282
2026-01-11,90385.359375,91155.2265625,90212.0234375,90827.4609375,90827.4609375,17165568977
2026-01-12,90825.859375,92395.5234375,90055.0234375,91192.9921875,91192.9921875,41346275358
2026-01-13,91185.3359375,96011.625,90941.9296875,95321.78125,95321.78125,54980674354
2026-01-14,95322.90625,97860.6015625,94583.046875,96929.328125,96929.328125,60592490863
2026-01-15,96931.2890625,97150.171875,95103.2421875,95551.1875,95551.1875,53086363027
2026-01-16,95554.1015625,95801.890625,94259.2734375,95525.1171875,95525.1171875,33248170537
2026-01-17,95525.15625,95598.4765625,95005.6171875,95099.921875,95099.921875,16021715122
2026-01-18,95101.1796875,95491.5078125,93588.8671875,93634.4296875,93634.4296875,20809781232
2026-01-19,93655.671875,93660.828125,92089.25,92553.59375,92553.59375,39195241508
2026-01-20,92553.6015625,92798.4296875,87814.9296875,88310.90625,88310.90625,53072968031
2026-01-21,88326.5078125,90430.40625,87231.5703125,89376.9609375,89376.9609375,56330422434
2026-01-22,89378.5234375,90258.9609375,88438.4453125,89462.453125,89462.453125,35549685694
2026-01-23,89462.046875,91100.25,88486.359375,89503.875,89503.875,38997586037
2026-01-24,89506.1484375,89811.609375,89044.2890625,89110.734375,89110.734375,14558687712
2026-01-25,89104.765625,89193.1484375,86003.7109375,86572.21875,86572.21875,36124986722
2026-01-26,86566.5234375,88743.0703125,86429.2890625,88267.140625,88267.140625,45329286974
2026-01-27,88257.4765625,89427.125,87228.921875,89102.5703125,89102.5703125,38744942267
2026-01-28,89104.046875,90439.2890625,88721.4609375,89184.5703125,89184.5703125,39807419296
2026-01-29,89169.8515625,89200.78125,83250.6015625,84561.5859375,84561.5859375,64653083162
2026-01-30,84562.7265625,84602.1640625,81071.4765625,84128.65625,84128.65625,72083816087
2026-01-31,84126.5,84136.921875,75815.8828125,78621.1171875,78621.1171875,70479259159
2026-02-01,78626.125,79322.609375,75698.8984375,76974.4453125,76974.4453125,53372509744
2026-02-02,76968.875,79258.609375,74551.3359375,78688.765625,78688.765625,75140589684
2026-02-03,78693.5078125,79118.8515625,72897.140625,75633.546875,75633.546875,68249110822
2026-02-04,75640.09375,76864.65625,71779.9296875,73019.703125,73019.703125,67215363944
2026-02-05,73016.375,73161.5546875,62353.53515625,62702.09765625,62702.09765625,125509410908
2026-02-06,62704.453125,71681.3046875,60074.203125,70555.390625,70555.390625,114674259489
2026-02-07,70553.796875,71611.1484375,67364.4453125,69281.96875,69281.96875,62347107663
2026-02-08,69283.7265625,72206.90625,68852.8984375,70264.7265625,70264.7265625,39721722619
2026-02-09,70243.328125,71369.96875,68291.03125,70120.78125,70120.78125,52081598792
2026-02-10,70137.390625,70464.265625,67913.09375,68793.9609375,68793.9609375,40593063077
2026-02-11,68791.859375,69242.6796875,65757.3046875,66991.96875,66991.96875,49671946030
2026-02-12,66992.1953125,68339.4921875,65092.109375,66221.84375,66221.84375,44651071271
2026-02-13,66213.375,69382.8359375,65835.78125,68857.84375,68857.84375,40820775886
2026-02-14,68856.984375,70481.1640625,68706.6171875,69767.625,69767.625,36012397645
2026-02-15,69764.953125,70939.2890625,68052.546875,68788.1875,68788.1875,40191152750
2026-02-16,68782.3984375,70067.234375,67301.5859375,68843.15625,68843.15625,33618145426
2026-02-17,68843.09375,69201.8671875,66615.28125,67494.21875,67494.21875,34866936040
2026-02-18,67488.0234375,68434.4296875,65845.8984375,66425.3203125,66425.3203125,33094301643
2026-02-19,66425.625,67277.125,65637.4296875,66957.5234375,66957.5234375,31492987019
2026-02-20,66958.578125,68269.03125,66452.484375,68005.421875,68005.421875,47507867304
2026-02-21,68000.25,68657.703125,67533.0703125,68003.765625,68003.765625,18357635642
2026-02-22,67998.828125,68235.2265625,67185.6015625,67659.390625,67659.390625,17893536012
2026-02-23,67668.4296875,67668.4296875,63924.4375,64616.73828125,64616.73828125,50953457309
2026-02-24,64616.015625,64992.15625,62553.1875,64080.04296875,64080.04296875,40849331086
2026-02-25,64077.76953125,69953.53125,63942.484375,67960.125,67960.125,53629234355
2026-02-26,67954.8671875,68843.3515625,66523.734375,67453.7734375,67453.7734375,42988597523
2026-02-27,67456.515625,68220.40625,64946.03515625,65881.796875,65881.796875,40283655942
2026-02-28,65878.9296875,67714.5234375,63062.21875,66995.859375,66995.859375,42041497112
2026-03-01,67005.8828125,68162.8203125,65076.73046875,65738.1015625,65738.1015625,40733141929
2026-03-02,65734.078125,70044.0,65303.13671875,68775.8515625,68775.8515625,56698092052
2026-03-03,68785.078125,69232.890625,66237.6171875,68293.6484375,68293.6484375,47947999049
2026-03-04,68290.5625,74051.8046875,67437.40625,72710.578125,72710.578125,75073101274
2026-03-05,72712.65625,73555.7890625,70654.8828125,70841.125,70841.125,51172841727
2026-03-06,70842.15625,71378.5703125,67757.8203125,68136.4921875,68136.4921875,43776962871
2026-03-07,68136.6875,68515.1640625,66969.2578125,67272.59375,67272.59375,23258701211
2026-03-08,67272.5,68177.7890625,65639.1953125,65969.78125,65969.78125,33195080116
2026-03-09,65969.5859375,69474.9453125,65858.0078125,68402.3828125,68402.3828125,49499875378
2026-03-10,68402.71875,71770.8984375,68402.71875,69926.921875,69926.921875,54003996096
2026-03-11,69931.25,71337.6640625,68998.8671875,70204.8828125,70204.8828125,45236859848
2026-03-12,70209.765625,70775.828125,69230.15625,70493.4609375,70493.4609375,40871848129
2026-03-13,70497.046875,73927.328125,70410.7265625,70968.265625,70968.265625,61167226505
2026-03-14,70965.3828125,71291.203125,70339.5859375,71214.625,71214.625,22283546496
2026-03-15,71213.6796875,73173.0078125,70882.421875,72789.9140625,72789.9140625,27991268669
2026-03-16,72798.171875,74901.859375,72300.6328125,74861.0859375,74861.0859375,55572438409
2026-03-17,74855.296875,75988.3984375,73444.2265625,73922.4765625,73922.4765625,49500721728
2026-03-18,73936.8515625,74658.9765625,70503.859375,71245.578125,71245.578125,46229011155
2026-03-19,71250.3515625,71598.84375,68805.5234375,69912.7890625,69912.7890625,44631433398
2026-03-20,69911.53125,71346.796875,69398.8828125,70522.5859375,70522.5859375,38299078407
2026-03-21,70522.46875,71051.2734375,68602.9140625,68711.5234375,68711.5234375,21109354718
2026-03-22,68737.4453125,69561.7734375,67372.875,67845.2109375,67845.2109375,30108051508
2026-03-23,67843.0,71782.2578125,67458.84375,70914.859375,70914.859375,51508669357
2026-03-24,70912.671875,71371.3046875,68920.6953125,70517.859375,70517.859375,40181522399
2026-03-25,70520.046875,71985.7421875,70383.59375,71309.8828125,71309.8828125,35409791747
2026-03-26,71310.1171875,71410.390625,68118.3515625,68791.625,68791.625,38962070215
2026-03-27,68790.8359375,69117.53125,65532.5703125,66338.375,66338.375,46483453594
2026-03-28,66338.5,67232.859375,65906.7421875,66319.6953125,66319.6953125,20924883455
2026-03-29,66319.6953125,67052.953125,64971.70703125,65954.921875,65954.921875,21645889785
2026-03-30,65958.3515625,68087.2890625,65759.8046875,66691.4453125,66691.4453125,37694994180
2026-03-31,66694.5859375,68495.2734375,65950.4375,68233.3125,68233.3125,42997691338
2026-04-01,68232.890625,69230.359375,67555.359375,68078.5546875,68078.5546875,36465393617
2026-04-02,68077.8984375,68633.1484375,65725.2578125,66888.5703125,66888.5703125,39323384518
2026-04-03,66889.015625,67296.234375,66281.5390625,66931.1015625,66931.1015625,22815543346
2026-04-04,66938.6484375,67515.015625,66769.640625,67290.515625,67290.515625,15878814963
2026-04-05,67291.1953125,69087.65625,66610.6328125,68981.8984375,68981.8984375,22972648674
2026-04-06,68982.9140625,70305.421875,68347.078125,68859.828125,68859.828125,39542143229
2026-04-07,68859.375,72732.4296875,67740.5078125,71940.703125,71940.703125,44650511480
2026-04-08,71950.1484375,72825.1875,70707.46875,71123.359375,71123.359375,42444631703
2026-04-09,71120.5703125,73107.265625,70486.359375,71767.828125,71767.828125,38799581473
2026-04-10,71774.3671875,73440.1171875,71434.828125,72979.046875,72979.046875,37722595732
2026-04-11,72976.125,73784.234375,72556.3359375,73054.2734375,73054.2734375,23287073965
2026-04-12,73056.046875,73154.03125,70540.5703125,70753.40625,70753.40625,29882740487
2026-04-13,70757.6171875,74896.3125,70588.5234375,74484.640625,74484.640625,52278211554
2026-04-14,74478.3984375,76061.7578125,73877.203125,74181.609375,74181.609375,53540826530
2026-04-15,74182.0234375,75409.2734375,73549.203125,74805.078125,74805.078125,38090174312
2026-04-16,74810.875,75506.5703125,73346.265625,75152.1328125,75152.1328125,41312783855
2026-04-17,75164.0390625,78320.6796875,74558.6015625,77126.875,77126.875,54137194839
2026-04-18,77136.046875,77416.703125,75504.9453125,75726.2109375,75726.2109375,26014416776
2026-04-19,75723.6953125,76243.09375,73802.3828125,73856.3515625,73856.3515625,30931515195
2026-04-20,73854.25,76575.359375,73775.5703125,75872.5234375,75872.5234375,39674447916
2026-04-21,75872.828125,76881.4765625,74852.671875,76352.7734375,76352.7734375,36453522626
2026-04-22,76354.21875,79468.0,76159.578125,78203.1015625,78203.1015625,48336654537
2026-04-23,78203.875,78676.9375,77014.453125,78268.953125,78268.953125,40354900916
2026-04-24,78263.8203125,78554.09375,77318.4453125,77455.3125,77455.3125,32784213526
2026-04-25,77457.2109375,77882.640625,77184.6640625,77612.015625,77612.015625,16702933134
2026-04-26,77613.1171875,78923.5625,77334.890625,78657.5390625,78657.5390625,21482934750
2026-04-27,78661.015625,79488.171875,76481.34375,77366.625,77366.625,38135631927
2026-04-28,77368.1171875,77483.8671875,75673.6015625,76350.671875,76350.671875,32056900880
2026-04-29,76350.6875,77884.96875,74958.5703125,75776.1328125,75776.1328125,41460907886
2026-04-30,75778.6328125,76611.484375,75318.984375,76304.3203125,76304.3203125,29497862305
2026-05-01,76305.0546875,78894.9765625,76294.6953125,78179.0,78179.0,39164328894
2026-05-02,78177.75,79119.7890625,78031.9609375,78657.25,78657.25,16761531851
2026-05-03,78656.7265625,79402.359375,78073.078125,78538.2265625,78538.2265625,20544392639
2026-05-04,78540.2890625,80742.359375,78217.9609375,79827.90625,79827.90625,54325085296
2026-05-05,79823.53125,81751.453125,79787.578125,80927.0546875,80927.0546875,39700107376
2026-05-06,80930.734375,82792.2109375,80751.0234375,81427.53125,81427.53125,41751540000
2026-05-07,81428.8515625,81684.953125,79522.65625,80009.9921875,80009.9921875,36931193154
2026-05-08,80009.625,80447.265625,79205.515625,80186.765625,80186.765625,33789351540
2026-05-09,80187.7421875,81030.0625,80119.9296875,80664.3671875,80664.3671875,18102086996
2026-05-10,80665.609375,82430.171875,80274.1328125,82138.9296875,82138.9296875,26965971077
2026-05-11,82139.046875,82326.234375,80451.421875,81728.296875,81728.296875,32409774919
2026-05-12,81725.3515625,81753.03125,79832.1015625,80477.4921875,80477.4921875,32186688600
2026-05-13,80476.7890625,81276.671875,78725.5078125,79277.1171875,79277.1171875,34075428359
2026-05-14,79276.9453125,82005.9609375,78909.6796875,81051.25,81051.25,43731663431
2026-05-15,81046.8671875,81634.84375,78635.3671875,79065.6796875,79065.6796875,38183347368
2026-05-16,79066.0,79173.5,77630.734375,78131.4375,78131.4375,25895799905
2026-05-17,78133.5859375,78539.3984375,76783.4140625,77429.3515625,77429.3515625,20900166465
2026-05-18,77426.34375,77749.3203125,76029.2265625,76954.171875,76954.171875,41520471808
2026-05-19,76954.75,77346.8671875,76082.3671875,76750.90625,76750.90625,26031898332
2026-05-20,76749.453125,77775.5703125,76463.6484375,77457.7734375,77457.7734375,26668360936
2026-05-21,77462.5078125,78100.5625,76655.4375,77539.171875,77539.171875,27141485404
2026-05-22,77538.1171875,77819.453125,75323.875,75488.2421875,75488.2421875,27859040109
2026-05-23,75488.3125,77288.1171875,74255.234375,76673.3671875,76673.3671875,29973220002
2026-05-24,76670.65625,77372.5390625,76019.890625,76981.125,76981.125,20572738918
2026-05-25,76981.125,77804.921875,76833.0390625,77279.9296875,77279.9296875,19808387601
2026-05-26,77280.125,77990.8671875,75569.46875,75825.734375,75825.734375,35999475458
2026-05-27,75825.3046875,76014.296875,74136.5,74344.703125,74344.703125,33802172927
2026-05-28,74339.5703125,74460.125,72493.4140625,73536.5546875,73536.5546875,40148145327
2026-05-29,73537.03125,74218.5625,72435.625,73372.5234375,73372.5234375,34457929250
2026-05-30,73370.8515625,74020.7578125,73125.234375,73754.8359375,73754.8359375,19563589191
2026-05-31,73753.75,74153.5,73315.015625,73579.6875,73579.6875,17445435650
2026-06-01,73580.2109375,73969.5703125,70599.5078125,71319.7734375,71319.7734375,43378836121
2026-06-02,71321.03125,71334.953125,66127.265625,66703.65625,66703.65625,54990073882
2026-06-03,66694.0078125,67402.9296875,64009.67578125,64014.3671875,64014.3671875,47411556213
2026-06-04,64020.0703125,64664.4453125,61335.75,63801.57421875,63801.57421875,63800151780
2026-06-05,63807.69140625,63901.515625,59108.91796875,60922.66796875,60922.66796875,71465606706
2026-06-06,60924.4765625,61491.703125,59496.625,60867.4140625,60867.4140625,30898464957
2026-06-07,60866.94140625,64128.04296875,60724.06640625,63239.51953125,63239.51953125,36006496194
2026-06-08,63244.0859375,64185.765625,62384.66796875,63090.58984375,63090.58984375,34133252457
2026-06-09,63092.890625,63486.08984375,60756.6875,61643.78125,61643.78125,40144449754
2026-06-10,61643.20703125,62788.27734375,60788.0234375,61449.2890625,61449.2890625,27493506779
2026-06-11,61448.87890625,63851.94921875,61447.96875,63561.0546875,63561.0546875,29316677897
2026-06-12,63547.44140625,64334.015625,62778.79296875,63543.19921875,63543.19921875,26881868307
2026-06-13,63541.515625,64700.87890625,63431.3203125,64421.32421875,64421.32421875,16956245530
2026-06-14,64420.16796875,65749.78125,63634.0234375,65710.3984375,65710.3984375,21572226975
2026-06-15,65711.109375,67248.1328125,65315.8359375,66289.5,66289.5,32927321950
2026-06-16,66289.4609375,66928.609375,65315.0703125,65600.640625,65600.640625,25063963967
2026-06-17,65600.4296875,66354.625,63870.9296875,64418.4453125,64418.4453125,31288885189
2026-06-18,64419.64453125,64736.921875,62201.14453125,62896.47265625,62896.47265625,30432454936
2026-06-19,62897.515625,63568.22265625,62275.58203125,63540.8359375,63540.8359375,22361931660
2026-06-20,63535.80859375,64307.13671875,63149.66015625,64239.67578125,64239.67578125,17486384117
2026-06-21,64242.32421875,64506.578125,63221.0,63237.5390625,63237.5390625,15739619591
2026-06-22,63240.7890625,65544.0,63233.53125,63952.10546875,63952.10546875,26561496819
2026-06-23,63952.79296875,64196.5625,61893.20703125,62668.01953125,62668.01953125,29608942370
2026-06-24,62663.03125,63097.7578125,59029.85546875,60995.1328125,60995.1328125,42644106535
2026-06-25,60992.0703125,61868.90625,58075.921875,59721.67578125,59721.67578125,40625024718
2026-06-26,59712.0546875,60647.1875,58269.125,60016.4296875,60016.4296875,41502864671
2026-06-27,60016.3125,60835.046875,59794.62109375,59940.09765625,59940.09765625,15099836554
2026-06-28,59940.3515625,60432.70703125,58879.6328125,59532.33984375,59532.33984375,16282230874
2026-06-29,59522.7890625,60682.33984375,58856.1875,60138.37890625,60138.37890625,30829983083
2026-06-30,60136.453125,60173.21875,58111.671875,58558.859375,58558.859375,32747419391
2026-07-01,58562.4453125,61223.76953125,57747.765625,60003.7578125,60003.7578125,37904450118
2026-07-02,60004.76953125,62117.875,59532.32421875,61485.30078125,61485.30078125,40109297349
2026-07-03,61492.06640625,62879.0078125,61176.72265625,62544.19921875,62544.19921875,26131813598
2026-07-04,62545.12890625,63398.41015625,62287.5859375,63088.3046875,63088.3046875,18608397613
2026-07-05,63089.05859375,63935.84765625,62413.9921875,63547.8828125,63547.8828125,18267466154
2026-07-06,63551.015625,64597.5703125,61275.828125,63995.015625,63995.015625,36552222303
2026-07-07,63994.59765625,64257.6328125,62623.93359375,63297.39453125,63297.39453125,31026493556
2026-07-08,63293.51953125,63706.88671875,61492.6484375,62257.57421875,62257.57421875,27349235354
2026-07-09,62257.31640625,63422.94140625,61645.75390625,63193.1484375,63193.1484375,26546256117
2026-07-10,63194.359375,64658.96875,62902.0625,64127.140625,64127.140625,27450201269
2026-07-11,64127.96875,64445.4609375,63785.62109375,63802.02734375,63802.02734375,13954689047
2026-07-12,63791.40234375,64243.1328125,63606.82421875,63758.21875,63758.21875,19043437787
2026-07-13,63757.171875,64340.8828125,61769.0,62239.12109375,62239.12109375,37650044790
2026-07-14,62238.5859375,65046.1328125,62207.5234375,64956.11328125,64956.11328125,29841287318
2026-07-15,64959.80859375,65507.59375,64442.8203125,64712.375,64712.375,27029791676
2026-07-16,64713.296875,64931.85546875,63701.8046875,63789.28125,63789.28125,27232426674
2026-07-17,63789.91015625,64332.01953125,62489.453125,63899.4609375,63899.4609375,27280236800
2026-07-18,63899.1796875,64816.50390625,63845.015625,64796.6015625,64796.6015625,14162542470
2026-07-19,64799.27734375,64909.88671875,64250.9140625,64690.8046875,64690.8046875,15000653941
2026-07-20,64684.41796875,65735.71875,63720.390625,65230.02734375,65230.02734375,30988932408
2026-07-21,65228.87109375,66910.0625,65113.65625,66505.125,66505.125,29554470321
2026-07-22,66506.7890625,66694.6484375,65514.17578125,66100.796875,66100.796875,28142272410
2026-07-23,66100.1328125,66282.3828125,64610.609375,65044.8125,65044.8125,24364433538
2026-07-24,65044.95703125,65760.484375,63686.03515625,64098.49609375,64098.49609375,25917559237
2026-07-25,64098.4921875,64386.0625,63753.02734375,64311.8125,64311.8125,13817493398
2026-07-26,64311.78515625,65503.76953125,64233.453125,65340.30078125,65340.30078125,14301494281
2026-07-27,65340.58984375,65658.3359375,63562.484375,63724.8984375,63724.8984375,26183821002
2026-07-28,63723.48828125,64026.921875,62714.8046875,63871.36328125,63871.36328125,24128738898
2026-07-29,63871.39453125,64638.6953125,63206.2109375,63908.16796875,63908.16796875,28611167472
2026-07-30,63908.625,65071.4453125,63533.90625,64725.30859375,64725.30859375,26250039650
2026-07-31,64723.96875,65328.18359375,62410.8671875,62813.74609375,62813.74609375,30439749629
2026-08-01,62813.6640625,63091.59765625,62233.01171875,62763.3203125,62763.3203125,13553286543
2026-08-02,62763.4453125,63714.61328125,62745.25390625,63482.0,63482.0,15901776708
2026-08-03,63485.44140625,64020.32421875,62226.578125,63460.8984375,63460.8984375,26038889824
2026-08-04,63458.41015625,64466.9375,63277.68359375,64055.953125,64055.953125,23662357784
2026-08-05,64054.87890625,64954.34765625,63829.71875,64597.5,64597.5,23568584891
2026-08-06,64595.44921875,64934.4921875,64098.4765625,64262.11328125,64262.11328125,18529402711
2026-08-07,64257.48828125,65330.609375,64113.2734375,64880.19140625,64880.19140625,22165720102
2026-08-08,64882.546875,65140.48046875,64797.11328125,64904.6875,64904.6875,12350094271
2026-08-09,64906.55078125,65401.69140625,64677.6015625,64844.88671875,64844.88671875,13234538380
2026-08-10,64845.3828125,65321.83984375,63752.56640625,63910.5859375,63910.5859375,22384770392
2026-08-11,63910.17578125,64433.6796875,63185.47265625,63551.875,63551.875,20824820662
2026-08-12,63551.87109375,64381.078125,63251.11328125,63402.43359375,63402.43359375,23063864553
2026-08-13,63404.42578125,63926.33203125,62799.2890625,63402.171875,63402.171875,18765583756
2026-08-14,63402.08984375,63551.5625,62487.69921875,62975.59375,62975.59375,20280053024
2026-08-15,62974.3359375,63119.1328125,62850.9609375,63024.3203125,63024.3203125,10033057106
2026-08-16,63023.421875,63310.77734375,62648.57421875,62818.65234375,62818.65234375,9078986635
2026-08-17,62819.37890625,64547.84765625,62687.1015625,64506.25390625,64506.25390625,21555405073
2026-08-18,64506.5234375,64987.7109375,63980.32421875,64680.7109375,64680.7109375,18728001793
2026-08-19,64680.046875,69996.953125,64111.0703125,69266.1875,69266.1875,46228098443
2026-08-20,69268.25,73369.8046875,68867.53125,73032.7578125,73032.7578125,55444322363
2026-08-21,73031.0859375,79463.7109375,73011.4140625,78335.1875,78335.1875,74478039014
2026-08-22,78332.5546875,78801.1484375,76526.7109375,77083.4140625,77083.4140625,42131959963
2026-08-23,77082.84375,78036.8671875,75624.9453125,77755.265625,77755.265625,31158396908
2026-08-24,77748.875,79970.109375,76688.828125,78964.484375,78964.484375,55502180329
2026-08-25,78960.09375,81235.03125,77870.625,78564.9765625,78564.9765625,46728068401
2026-08-26,78538.5859375,79240.5,77639.8359375,79027.421875,79027.421875,29329039002
2026-08-27,79037.921875,80806.5625,78591.1015625,80257.5390625,80257.5390625,34033075972
2026-08-28,80264.6484375,81346.953125,76909.3515625,77830.2890625,77830.2890625,39362871737
2026-08-29,77830.890625,78327.9453125,77381.8984375,78245.8125,78245.8125,14053131399
2026-08-30,78246.171875,79373.1796875,77056.1484375,77667.5703125,77667.5703125,19314839672
2026-08-31,77673.703125,79247.34375,77378.4375,78548.6328125,78548.6328125,30608386987
2026-09-01,78539.859375,79196.515625,76399.0625,77403.625,77403.625,30608796575
2026-09-02,77402.140625,77737.546875,76248.3046875,77300.4765625,77300.4765625,26525296646
2026-09-03,77300.1640625,82262.2109375,76940.8828125,81271.7421875,81271.7421875,40504199354
2026-09-04,81271.5390625,81433.1484375,78641.625,79671.96875,79671.96875,37501874897
2026-09-05,79671.703125,80194.5078125,79465.0625,79823.8671875,79823.8671875,18559708494
2026-09-06,79824.6015625,80530.6484375,79327.5,80350.046875,80350.046875,19391863269
2026-09-07,80349.1953125,80432.3125,78684.9296875,79115.8515625,79115.8515625,23414434445
2026-09-08,79114.90625,79463.2734375,77635.6875,78438.578125,78438.578125,34680168667
2026-09-09,78440.6015625,79737.296875,77768.1484375,78259.5234375,78259.5234375,29192409298
2026-09-10,78260.3828125,78520.96875,76470.640625,76568.125,76568.125,30120111719
2026-09-11,76559.125,79818.3359375,76162.9140625,77173.796875,77173.796875,37410998193
2026-09-12,77175.0703125,77479.65625,77045.0,77270.46875,77270.46875,12664765797
2026-09-13,77270.1796875,77415.65625,76498.3828125,76838.15625,76838.15625,13607872549
2026-09-14,76830.28125,79568.953125,76367.375,78163.3828125,78163.3828125,29909358382
2026-09-15,78162.484375,78242.546875,74944.59375,75612.5078125,75612.5078125,39694675220
2026-09-16,75611.796875,76474.078125,74995.5234375,76150.3203125,76150.3203125,30053315577
2026-09-17,76152.0546875,77079.1640625,75945.5546875,76403.7734375,76403.7734375,21917458567
2026-09-18,76405.015625,81331.765625,76228.328125,80901.4609375,80901.4609375,40378562386
