date,open,high,low,close,adjusted_close,volume
2004-11-18,44.43,44.49,44.07,44.38,44.38,5992000
2004-11-19,44.49,44.92,44.47,44.78,44.78,11655300
2004-11-22,44.75,44.97,44.74,44.95,44.95,11996000
2004-11-23,44.88,44.92,44.72,44.75,44.75,3169200
2004-11-24,44.93,45.05,44.79,45.05,45.05,6105100
2004-11-26,45.25,45.6,45.06,45.29,45.29,3097700
2004-11-29,45.1,45.5,45.08,45.4,45.4,3759000
2004-11-30,45.37,45.41,44.82,45.12,45.12,3859100
2004-12-01,45.28,45.59,45.26,45.38,45.38,2037500
2004-12-02,45.55,45.57,44.68,44.95,44.95,6457800
2004-12-03,45.04,46.0,44.8,45.6,45.6,4218300
2004-12-06,45.39,45.47,45.11,45.17,45.17,3102400
2004-12-07,45.3,45.32,45.07,45.11,45.11,3797800
2004-12-08,43.8,44.02,43.36,44.01,44.01,6150500
2004-12-09,43.75,43.9,43.2,43.78,43.78,3553400
2004-12-10,43.37,43.6,43.31,43.44,43.44,2464300
2004-12-13,43.61,44.014,43.51,43.91,43.91,1445100
2004-12-14,43.76,43.8,43.51,43.55,43.55,2240600
2004-12-15,44.1,44.17,43.92,43.99,43.99,2641400
2004-12-16,43.99,44.05,43.58,43.68,43.68,3269800
2004-12-17,43.93,44.22,43.78,44.19,44.19,1889300
2004-12-20,44.33,44.37,44.13,44.34,44.34,1942100
2004-12-21,44.13,44.24,44.05,44.22,44.22,1373400
2004-12-22,44.2,44.23,43.89,44.02,44.02,2706800
2004-12-23,44.17,44.35,44.05,44.27,44.27,639800
2004-12-27,44.29,44.56,44.27,44.48,44.48,2643700
2004-12-28,44.42,44.47,44.29,44.37,44.37,773200
2004-12-29,43.92,44.02,43.35,43.66,43.66,5632700
2004-12-30,43.5,43.88,43.49,43.83,43.83,1289700
2004-12-31,43.85,43.94,43.73,43.8,43.8,531600
2005-01-03,42.98,43.17,42.74,43.02,43.02,4750500
2005-01-04,42.8,42.91,42.46,42.74,42.74,3456800
2005-01-05,42.75,42.88,42.6,42.67,42.67,2108700
2005-01-06,42.48,42.56,42.07,42.15,42.15,2556400
2005-01-07,42.09,42.39,41.7,41.84,41.84,4492700
2005-01-10,41.99,42.07,41.89,41.95,41.95,1026100
2005-01-11,42.21,42.28,42.12,42.21,42.21,1507300
2005-01-12,42.52,42.79,42.48,42.6,42.6,1738000
2005-01-13,42.39,42.6,42.34,42.6,42.6,718300
2005-01-14,42.19,42.32,42.13,42.32,42.32,1262300
2005-01-18,42.22,42.38,42.15,42.32,42.32,666800
2005-01-19,42.65,42.65,42.2,42.26,42.26,1578900
2005-01-20,42.12,42.32,42.11,42.25,42.25,1276200
2005-01-21,42.32,42.82,42.29,42.74,42.74,889800
2005-01-24,42.74,42.82,42.67,42.77,42.77,2294900
2005-01-25,42.53,42.56,42.1,42.24,42.24,1332500
2005-01-26,42.59,42.78,42.56,42.69,42.69,541800
2005-01-27,42.48,42.65,42.4,42.62,42.62,571200
2005-01-28,42.71,42.73,42.43,42.69,42.69,1149100
2005-01-31,42.21,42.3,41.96,42.22,42.22,1692400
2005-02-01,42.09,42.14,41.95,42.1,42.1,1088900
2005-02-02,42.22,42.23,42.02,42.16,42.16,956500
2005-02-03,41.56,41.74,41.5,41.68,41.68,2446400
2005-02-04,41.59,41.65,41.39,41.47,41.47,1819400
2005-02-07,41.55,41.55,41.21,41.27,41.27,1754000
2005-02-08,41.19,41.4,41.05,41.26,41.26,1296800
2005-02-09,41.03,41.36,41.02,41.31,41.31,3477900
2005-02-10,41.53,41.84,41.45,41.75,41.75,7774500
2005-02-11,41.89,42.16,41.83,42.08,42.08,1896500
2005-02-14,42.37,42.63,42.32,42.55,42.55,2351800
2005-02-15,42.4,42.6,42.34,42.58,42.58,1559900
2005-02-16,42.32,42.6,42.2,42.52,42.52,1820300
2005-02-17,42.52,42.81,42.51,42.73,42.73,3054200
2005-02-18,42.71,42.82,42.64,42.75,42.75,863200
2005-02-22,43.39,43.63,43.2,43.57,43.57,3378500
2005-02-23,43.29,43.55,43.15,43.42,43.42,1534900
2005-02-24,43.48,43.48,43.2,43.33,43.33,1219300
2005-02-25,43.41,43.55,43.22,43.5,43.5,1100100
2005-02-28,43.68,43.74,43.52,43.52,43.52,759100
2005-03-01,43.3,43.37,43.1,43.22,43.22,3245500
2005-03-02,43.16,43.35,43.08,43.25,43.25,1188000
2005-03-03,43.06,43.13,42.9,42.97,42.97,1924600
2005-03-04,43.33,43.52,43.31,43.38,43.38,915000
2005-03-07,43.32,43.51,43.26,43.47,43.47,1290100
2005-03-08,43.71,44.08,43.59,44.03,44.03,2674900
2005-03-09,43.95,44.2,43.92,44.02,44.02,3025000
2005-03-10,44.16,44.25,44.0,44.2,44.2,2065000
2005-03-11,44.31,44.67,44.28,44.43,44.43,2659600
2005-03-14,44.26,44.26,43.95,44.03,44.03,866600
2005-03-15,44.23,44.23,43.93,44.06,44.06,1254900
2005-03-16,44.29,44.35,44.2,44.31,44.31,2223300
2005-03-17,43.97,43.97,43.674,43.82,43.82,1525200
2005-03-18,43.61,43.95,43.6,43.892,43.892,1207500
2005-03-21,43.24,43.25,42.87,43.09,43.09,3814400
2005-03-22,43.21,43.22,42.55,42.65,42.65,2609400
2005-03-23,42.6,42.67,42.35,42.42,42.42,2618600
2005-03-24,42.51,42.54,42.37,42.39,42.39,1466300
2005-03-28,42.45,42.58,42.41,42.54,42.54,581100
2005-03-29,42.61,42.63,42.54,42.56,42.56,1197800
2005-03-30,42.65,42.81,42.56,42.61,42.61,1324300
2005-03-31,42.87,42.87,42.7,42.82,42.82,1363200
2005-04-01,42.6,42.62,42.45,42.62,42.62,2448500
2005-04-04,42.43,42.43,42.23,42.4,42.4,1893100
2005-04-05,42.49,42.54,42.38,42.45,42.45,888000
2005-04-06,42.49,42.72,42.49,42.63,42.63,1637500
2005-04-07,42.77,42.81,42.53,42.57,42.57,2853000
2005-04-08,42.48,42.71,42.459,42.69,42.69,1002300
2005-04-11,42.84,42.96,42.74,42.78,42.78,514100
2005-04-12,42.7,42.84,42.61,42.84,42.84,2098700
2005-04-13,42.76,42.95,42.68,42.9,42.9,384000
2005-04-14,42.45,42.48,42.16,42.31,42.31,3680300
2005-04-15,42.38,42.56,42.36,42.4,42.4,1811100
2005-04-18,42.55,42.78,42.52,42.69,42.69,909800
2005-04-19,42.79,43.36,42.72,43.28,43.28,3145400
2005-04-20,43.21,43.52,43.19,43.4,43.4,1248100
2005-04-21,43.42,43.43,43.14,43.19,43.19,1550600
2005-04-22,43.46,43.5,43.306,43.39,43.39,1169000
2005-04-25,43.35,43.45,43.22,43.44,43.44,906300
2005-04-26,43.69,43.7,43.5,43.64,43.64,1531400
2005-04-27,43.53,43.54,43.12,43.2,43.2,2762800
2005-04-28,43.16,43.27,42.99,43.0,43.0,2260300
2005-04-29,43.18,43.61,43.18,43.35,43.35,3736700
2005-05-02,43.13,43.17,42.81,42.88,42.88,1708600
2005-05-03,42.75,42.8,42.58,42.76,42.76,1268700
2005-05-04,42.87,42.92,42.73,42.9,42.9,607600
2005-05-05,42.96,42.96,42.71,42.91,42.91,319300
2005-05-06,42.43,42.63,42.34,42.52,42.52,3722700
2005-05-09,42.54,42.61,42.48,42.55,42.55,600000
2005-05-10,42.71,42.79,42.58,42.64,42.64,461000
2005-05-11,42.55,42.83,42.51,42.69,42.69,764600
2005-05-12,42.42,42.48,41.97,42.16,42.16,1880200
2005-05-13,42.12,42.12,41.83,41.95,41.95,802600
2005-05-16,41.77,41.9,41.77,41.88,41.88,874500
2005-05-17,41.95,42.05,41.83,41.86,41.86,880800
2005-05-18,41.99,42.11,41.83,42.05,42.05,2207100
2005-05-19,42.0,42.05,41.87,41.98,41.98,610200
2005-05-20,41.76,41.83,41.61,41.65,41.65,932800
2005-05-23,41.69,41.75,41.55,41.62,41.62,5001900
2005-05-24,41.83,41.83,41.65,41.73,41.73,1684600
2005-05-25,41.78,41.9,41.69,41.87,41.87,1535100
2005-05-26,41.73,41.81,41.65,41.69,41.69,341500
2005-05-27,41.81,41.96,41.74,41.88,41.88,2453600
2005-05-31,41.45,41.69,41.33,41.65,41.65,3198900
2005-06-01,41.41,41.65,41.4,41.53,41.53,1792900
2005-06-02,41.94,42.28,41.91,42.1,42.1,5752600
2005-06-03,42.33,42.39,42.17,42.17,42.17,3350700
2005-06-06,42.56,42.65,42.45,42.48,42.48,2470800
2005-06-07,42.48,42.48,42.31,42.38,42.38,611000
2005-06-08,42.45,42.56,42.24,42.34,42.34,691500
2005-06-09,42.24,42.4,42.03,42.27,42.27,694700
2005-06-10,42.25,42.72,42.12,42.62,42.62,1678000
2005-06-13,42.81,43.01,42.7,42.78,42.78,2331600
2005-06-14,42.66,42.7,42.58,42.6,42.6,825500
2005-06-15,42.69,42.89,42.67,42.74,42.74,2311400
2005-06-16,43.3,43.55,43.17,43.46,43.46,1809200
2005-06-17,43.78,43.85,43.61,43.63,43.63,1816500
2005-06-20,43.94,43.94,43.66,43.66,43.66,1433700
2005-06-21,43.58,43.82,43.42,43.81,43.81,672600
2005-06-22,43.66,43.76,43.53,43.72,43.72,1258500
2005-06-23,43.84,44.13,43.78,44.02,44.02,1576600
2005-06-24,43.96,44.06,43.68,43.9,43.9,473500
2005-06-27,43.9,43.93,43.73,43.91,43.91,1016500
2005-06-28,43.64,43.64,43.37,43.45,43.45,1295600
2005-06-29,43.49,43.7,43.46,43.63,43.63,1199800
2005-06-30,43.63,43.77,43.36,43.44,43.44,1087500
2005-07-01,43.4,43.4,42.59,42.7,42.7,1755300
2005-07-05,42.33,42.34,42.06,42.28,42.28,2582700
2005-07-06,42.36,42.38,42.24,42.25,42.25,1254600
2005-07-07,42.47,42.56,42.05,42.36,42.36,4345200
2005-07-08,42.32,42.4,42.12,42.26,42.26,824300
2005-07-11,42.33,42.57,42.28,42.54,42.54,2252900
2005-07-12,42.61,42.64,42.4,42.64,42.64,1274200
2005-07-13,42.35,42.38,42.25,42.35,42.35,981300
2005-07-14,42.33,42.36,41.8,41.9,41.9,1642600
2005-07-15,41.76,42.07,41.7,42.05,42.05,1104800
2005-07-18,41.96,42.17,41.94,42.01,42.01,956400
2005-07-19,41.88,42.0,41.81,41.89,41.89,1132600
2005-07-20,42.16,42.25,42.05,42.2,42.2,2266800
2005-07-21,42.43,42.51,42.33,42.46,42.46,1777300
2005-07-22,42.45,42.48,42.34,42.45,42.45,633300
2005-07-25,42.46,42.56,42.43,42.51,42.51,2122100
2005-07-26,42.28,42.37,42.14,42.25,42.25,637000
2005-07-27,42.3,42.5,42.3,42.44,42.44,1560600
2005-07-28,42.46,42.79,42.46,42.75,42.75,3673300
2005-07-29,42.83,42.96,42.79,42.82,42.82,1185100
2005-08-01,43.08,43.17,42.99,43.13,43.13,1493900
2005-08-02,43.07,43.15,42.99,43.14,43.14,699600
2005-08-03,43.38,43.62,43.35,43.53,43.53,1545900
2005-08-04,43.68,43.82,43.63,43.68,43.68,867600
2005-08-05,43.71,43.75,43.56,43.6,43.6,1100800
2005-08-08,43.52,43.55,43.27,43.35,43.35,1108500
2005-08-09,43.27,43.35,43.166,43.34,43.34,1305800
2005-08-10,43.5,43.66,43.45,43.65,43.65,695500
2005-08-11,43.9,44.62,43.86,44.45,44.45,2186100
2005-08-12,44.49,44.72,44.43,44.49,44.49,2428500
2005-08-15,44.19,44.27,43.98,44.13,44.13,1524500
2005-08-16,44.06,44.57,44.05,44.55,44.55,1883000
2005-08-17,44.26,44.3,43.72,43.91,43.91,1990300
2005-08-18,43.94,44.14,43.82,43.83,43.83,1093500
2005-08-19,43.77,43.88,43.49,43.6,43.6,811800
2005-08-22,43.84,43.95,43.66,43.7,43.7,877200
2005-08-23,43.84,43.9,43.71,43.76,43.76,607700
2005-08-24,43.94,43.96,43.41,43.59,43.59,894300
2005-08-25,43.76,43.81,43.6,43.73,43.73,1652600
2005-08-26,43.78,43.9,43.51,43.61,43.61,1301700
2005-08-29,43.81,43.96,43.56,43.57,43.57,1585500
2005-08-30,42.96,43.07,42.81,43.01,43.01,2200400
2005-08-31,43.1,43.4,43.03,43.4,43.4,2416500
2005-09-01,43.93,44.4,43.85,44.22,44.22,2502900
2005-09-02,44.24,44.36,44.09,44.25,44.25,1414900
2005-09-06,44.42,44.42,44.19,44.27,44.27,819700
2005-09-07,44.41,44.49,44.29,44.33,44.33,1300700
2005-09-08,44.72,44.78,44.47,44.6,44.6,1061200
2005-09-09,44.67,44.87,44.66,44.84,44.84,1393900
2005-09-12,44.68,44.89,44.62,44.89,44.89,752500
2005-09-13,44.62,44.62,44.36,44.56,44.56,952700
2005-09-14,44.82,44.96,44.66,44.96,44.96,1733800
2005-09-15,45.24,45.47,45.13,45.42,45.42,2150300
2005-09-16,45.8,45.88,45.55,45.82,45.82,2878900
2005-09-19,46.27,46.73,46.22,46.25,46.25,6072100
2005-09-20,46.52,46.52,46.22,46.23,46.23,1898900
2005-09-21,46.58,47.13,46.55,47.06,47.06,3681900
2005-09-22,46.84,46.84,46.224,46.36,46.36,2347300
2005-09-23,46.2,46.3,45.92,46.28,46.28,2352800
2005-09-26,45.84,46.61,45.84,46.57,46.57,1361200
2005-09-27,46.14,46.33,45.66,46.25,46.25,2341300
2005-09-28,46.3,46.89,46.16,46.8,46.8,3448000
2005-09-29,46.86,47.23,46.83,47.1,47.1,2947200
2005-09-30,47.09,47.2,46.65,46.7,46.7,1194400
2005-10-03,46.62,46.63,46.38,46.42,46.42,2194900
2005-10-04,46.67,46.73,46.3,46.45,46.45,1764800
2005-10-05,46.38,46.53,46.14,46.36,46.36,1692300
2005-10-06,46.62,47.26,46.62,47.21,47.21,2009500
2005-10-07,46.99,47.48,46.94,47.36,47.36,1820500
2005-10-10,47.31,47.44,47.09,47.37,47.37,1285500
2005-10-11,47.4,47.72,47.36,47.39,47.39,2826900
2005-10-12,47.53,47.64,46.82,46.85,46.85,3930500
2005-10-13,46.89,47.06,46.6,47.02,47.02,2632300
2005-10-14,46.49,46.83,46.41,46.8,46.8,2442300
2005-10-17,47.26,47.37,47.19,47.26,47.26,1784300
2005-10-18,47.09,47.18,46.93,47.0,47.0,1243200
2005-10-19,46.51,46.51,46.04,46.34,46.34,2958200
2005-10-20,46.33,46.34,45.83,45.98,45.98,1680300
2005-10-21,46.12,46.56,45.91,46.52,46.52,1409400
2005-10-24,46.39,46.73,46.31,46.39,46.39,2051300
2005-10-25,46.93,47.19,46.9,47.06,47.06,3290600
2005-10-26,47.09,47.21,46.89,46.93,46.93,2248400
2005-10-27,47.4,47.42,47.1,47.18,47.18,2464500
2005-10-28,46.87,47.26,46.82,47.22,47.22,1435000
2005-10-31,47.02,47.04,46.33,46.4,46.4,2327500
2005-11-01,46.07,46.07,45.65,45.73,45.73,3483400
2005-11-02,45.99,46.23,45.9,46.13,46.13,1008600
2005-11-03,46.06,46.08,45.75,45.96,45.96,1703300
2005-11-04,45.93,46.07,45.32,45.51,45.51,1813200
2005-11-07,45.67,45.82,45.46,45.77,45.77,839100
2005-11-08,45.83,46.1,45.82,45.91,45.91,583600
2005-11-09,46.12,46.65,46.03,46.56,46.56,1382700
2005-11-10,46.78,46.82,46.36,46.48,46.48,810900
2005-11-11,46.55,46.8,46.439,46.8,46.8,1467300
2005-11-14,46.56,46.81,46.51,46.62,46.62,706500
2005-11-15,46.8,46.83,46.53,46.66,46.66,1325400
2005-11-16,47.29,47.78,47.22,47.78,47.78,2355200
2005-11-17,48.23,48.58,48.17,48.48,48.48,4172400
2005-11-18,48.5,48.61,48.2,48.46,48.46,1453800
2005-11-21,48.69,49.02,48.5,48.99,48.99,2384900
2005-11-22,49.02,49.34,48.8501,49.32,49.32,2799500
2005-11-23,48.8,49.25,47.92,49.15,49.15,1731700
2005-11-25,49.45,49.99,49.3,49.42,49.42,775000
2005-11-28,49.3,49.75,49.26,49.74,49.74,2192000
2005-11-29,49.57,49.98,49.38,49.8,49.8,2283600
2005-11-30,49.36,49.5,49.06,49.1,49.1,1833400
2005-12-01,49.63,50.29,49.58,50.17,50.17,2557900
2005-12-02,49.93,50.34,49.89,50.32,50.32,1651900
2005-12-05,50.43,50.8,50.29,50.78,50.78,1847500
2005-12-06,50.38,50.95,50.21,50.89,50.89,2493600
2005-12-07,51.22,51.5,51.1,51.32,51.32,2279800
2005-12-08,51.34,51.95,51.26,51.9,51.9,3046000
2005-12-09,52.31,52.9,52.03,52.4,52.4,5882500
2005-12-12,53.09,53.76,52.25,52.56,52.56,7505100
2005-12-13,52.2,53.23,51.56,51.65,51.65,6162100
2005-12-14,50.95,51.2,50.25,50.35,50.35,6993900
2005-12-15,50.48,50.79,50.11,50.24,50.24,4728000
2005-12-16,50.32,50.59,49.93,50.09,50.09,2688000
2005-12-19,50.58,50.75,50.12,50.22,50.22,2077100
2005-12-20,50.35,50.4,49.0,49.04,49.04,4317900
2005-12-21,49.12,49.45,48.8,49.37,49.37,3956400
2005-12-22,49.51,50.3,49.47,50.14,50.14,2965300
2005-12-23,50.1,50.46,50.08,50.12,50.12,2877600
2005-12-27,50.65,50.7,50.5,50.64,50.64,4403700
2005-12-28,51.51,51.61,51.18,51.47,51.47,5060900
2005-12-29,51.48,51.58,50.92,51.47,51.47,3280200
2005-12-30,51.19,51.72,51.17,51.58,51.58,2635900
2006-01-03,52.29,53.18,52.23,53.12,53.12,4606500
2006-01-04,52.87,53.34,52.62,53.3,53.3,5287900
2006-01-05,52.56,52.72,52.1,52.34,52.34,7661800
2006-01-06,53.14,53.87,53.04,53.72,53.72,4629900
2006-01-09,53.46,54.99,53.31,54.6,54.6,5394200
2006-01-10,53.96,54.38,53.76,54.06,54.06,5700600
2006-01-11,54.24,54.77,54.07,54.53,54.53,4209500
2006-01-12,54.21,54.6399,54.01,54.43,54.43,3602700
2006-01-13,54.55,55.56,54.51,55.44,55.44,4346200
2006-01-17,55.25,55.87,55.03,55.26,55.26,5130400
2006-01-18,54.64,54.73,54.01,54.07,54.07,4565200
2006-01-19,54.96,55.71,54.95,55.59,55.59,5290700
2006-01-20,56.12,56.6,55.02,55.2,55.2,7306600
2006-01-23,55.59,55.9,55.26,55.77,55.77,4968500
2006-01-24,55.5,55.73,55.27,55.73,55.73,3419100
2006-01-25,56.22,56.53,55.74,56.14,56.14,10005200
2006-01-26,55.53,55.91,55.27,55.88,55.88,4306500
2006-01-27,55.96,56.23,55.47,55.63,55.63,4285400
2006-01-30,55.97,56.7,55.9501,56.68,56.68,3969200
2006-01-31,56.57,57.05,56.53,56.7,56.7,5011700
2006-02-01,56.79,56.9,56.08,56.7,56.7,4700900
2006-02-02,57.04,57.3,56.67,56.98,56.98,5114300
2006-02-03,57.07,57.2,56.25,56.5,56.5,5054100
2006-02-06,56.76,57.1499,56.65,56.72,56.72,3455200
2006-02-07,55.88,55.92,54.33,54.6,54.6,10197600
2006-02-08,54.7,55.08,54.41,54.83,54.83,5375900
2006-02-09,55.72,56.45,55.55,56.18,56.18,5299300
2006-02-10,55.74,55.74,54.42,54.79,54.79,4327900
2006-02-13,54.64,54.9,53.55,53.72,53.72,5122800
2006-02-14,53.94,54.53,53.68,54.49,54.49,3611000
2006-02-15,54.3,54.3,53.33,53.76,53.76,4813900
2006-02-16,53.42,54.54,53.42,54.52,54.52,5588800
2006-02-17,54.67,55.2,54.6,54.96,54.96,3927200
2006-02-21,55.14,55.34,55.0,55.12,55.12,3352600
2006-02-22,54.97,55.35,54.86,55.34,55.34,3835700
2006-02-23,55.08,55.11,54.55,54.64,54.64,2428700
2006-02-24,55.21,55.71,55.03,55.64,55.64,4927100
2006-02-27,55.26,55.32,55.01,55.22,55.22,2291600
2006-02-28,55.43,56.07,55.3,56.07,56.07,3425900
2006-03-01,56.02,56.42,55.92,56.1,56.1,4266500
2006-03-02,56.15,56.82,55.99,56.74,56.74,3862000
2006-03-03,56.48,56.54,56.2,56.28,56.28,3102300
2006-03-06,56.41,56.45,54.96,55.23,55.23,5431500
2006-03-07,55.33,55.33,54.55,54.95,54.95,4385400
2006-03-08,54.21,54.27,53.56,53.97,53.97,6712000
2006-03-09,54.6,54.78,54.13,54.24,54.24,3799200
2006-03-10,53.22,53.97,53.15,53.83,53.83,6489200
2006-03-13,54.09,54.46,53.92,54.31,54.31,2425700
2006-03-14,54.23,55.0,54.2,54.87,54.87,2671700
2006-03-15,55.41,55.44,54.98,55.12,55.12,4706800
2006-03-16,55.15,55.34,54.49,55.34,55.34,3342200
2006-03-17,55.28,55.33,54.93,55.12,55.12,2236000
2006-03-20,55.01,55.4,54.98,55.17,55.17,1884000
2006-03-21,54.71,55.28,54.4,54.83,54.83,4518900
2006-03-22,54.75,54.93,54.6,54.75,54.75,1077300
2006-03-23,54.36,54.85,54.24,54.7,54.7,4000800
2006-03-24,55.15,55.83,55.1,55.71,55.71,3785000
2006-03-27,56.18,56.55,56.18,56.39,56.39,4081900
2006-03-28,56.56,56.63,55.92,56.06,56.06,3419700
2006-03-29,56.34,57.15,56.25,57.07,57.07,5536700
2006-03-30,57.98,58.7,57.81,58.6,58.6,5875300
2006-03-31,58.07,58.31,57.56,58.1,58.1,5076400
2006-04-03,58.62,58.93,58.4,58.47,58.47,4894500
2006-04-04,58.44,58.76,58.18,58.33,58.33,5094500
2006-04-05,58.64,58.71,58.0,58.66,58.66,6660300
2006-04-06,58.97,59.34,58.85,59.28,59.28,5642700
2006-04-07,58.67,58.82,58.22,58.59,58.59,3427000
2006-04-10,59.48,59.65,58.95,59.6,59.6,3681700
2006-04-11,59.52,59.85,59.0,59.01,59.01,5023400
2006-04-12,59.45,59.71,59.15,59.43,59.43,3709300
2006-04-13,59.13,59.6,58.87,59.5,59.5,2812500
2006-04-17,60.38,61.3,60.2,61.09,61.09,6072600
2006-04-18,61.25,61.93,61.0601,61.85,61.85,5127500
2006-04-19,61.96,63.95,61.9,63.75,63.75,11285100
2006-04-20,63.39,63.45,60.44,60.96,60.96,12977900
2006-04-21,62.51,63.28,61.78,63.2,63.2,7528100
2006-04-24,62.35,62.53,61.6,61.65,61.65,7385300
2006-04-25,62.86,63.1799,62.18,62.78,62.78,5610900
2006-04-26,63.04,63.79,63.04,63.65,63.65,5795200
2006-04-27,62.84,64.0,62.77,62.96,62.96,6420300
2006-04-28,63.9,65.27,63.83,65.09,65.09,8377700
2006-05-01,65.68,65.83,64.98,65.16,65.16,7556100
2006-05-02,65.6,66.57,65.56,66.55,66.55,6193900
2006-05-03,67.135,67.14,65.33,66.46,66.46,11552600
2006-05-04,66.76,67.67,66.22,67.48,67.48,14122400
2006-05-05,67.51,68.01,67.06,67.99,67.99,9270900
2006-05-08,67.2,67.61,66.75,67.56,67.56,6528700
2006-05-09,68.54,69.72,68.45,69.68,69.68,12053600
2006-05-10,69.27,70.49,69.27,70.38,70.38,10311600
2006-05-11,71.98,72.15,71.0,71.03,71.03,17776900
2006-05-12,71.84,72.26,70.2,71.12,71.12,20635500
2006-05-15,68.68,69.3,67.32,67.41,67.41,18383400
2006-05-16,68.32,68.86,67.87,68.61,68.61,12221900
2006-05-17,69.51,70.17,68.07,68.15,68.15,16414301
2006-05-18,68.69,69.1,67.36,67.46,67.46,12720700
2006-05-19,65.76,66.05,64.7,65.58,65.58,18687500
2006-05-22,64.42,65.42,63.8,65.3,65.3,11977600
2006-05-23,65.99,67.16,65.91,66.38,66.38,10509600
2006-05-24,64.83,65.16,63.22,64.06,64.06,11065600
2006-05-25,64.12,64.76,63.76,64.7,64.7,6505400
2006-05-26,65.01,65.1,63.75,65.1,65.1,5265900
2006-05-30,65.2,66.24,65.0,65.11,65.11,8237200
2006-05-31,65.53,65.59,63.58,64.23,64.23,7573300
2006-06-01,62.15,62.97,61.8,62.56,62.56,11751300
2006-06-02,63.1,63.59,62.53,63.5,63.5,6958900
2006-06-05,63.82,64.19,63.1201,63.29,63.29,6018300
2006-06-06,62.58,62.67,62.16,62.55,62.55,7175100
2006-06-07,61.54,62.85,61.35,62.28,62.28,10172600
2006-06-08,61.5,61.53,60.43,60.91,60.91,14228500
2006-06-09,61.17,61.38,59.71,60.45,60.45,7414600
2006-06-12,60.78,60.84,59.98,60.03,60.03,4122100
2006-06-13,58.1,58.65,55.81,55.92,55.92,26215000
2006-06-14,56.65,56.91,55.05,55.62,55.62,12654000
2006-06-15,57.12,57.62,56.33,57.32,57.32,11907900
2006-06-16,57.3,57.93,56.43,57.68,57.68,7319400
2006-06-19,56.85,57.25,56.15,56.36,56.36,5737400
2006-06-20,56.64,57.48,56.16,57.3,57.3,11072400
2006-06-21,56.62,58.77,56.62,58.33,58.33,6162000
2006-06-22,58.17,58.61,57.66,57.73,57.73,5374900
2006-06-23,57.27,58.3,57.27,57.99,57.99,6106700
2006-06-26,58.25,58.33,57.42,58.28,58.28,3423700
2006-06-27,58.71,59.26,57.68,57.68,57.68,6515900
2006-06-28,58.15,58.19,57.35,57.54,57.54,2898900
2006-06-29,58.0,59.78,58.0,59.52,59.52,10748200
2006-06-30,60.87,61.35,60.68,61.23,61.23,7773800
2006-07-03,61.96,62.37,61.88,62.18,62.18,3078500
2006-07-05,62.48,62.63,61.44,62.5,62.5,8178400
2006-07-06,62.46,63.2,62.05,63.02,63.02,5686600
2006-07-07,62.84,63.05,62.46,62.63,62.63,5328700
2006-07-10,62.13,62.5,61.99,62.02,62.02,3512000
2006-07-11,62.83,63.98,62.7,63.81,63.81,5786500
2006-07-12,64.65,65.19,63.01,64.92,64.92,9448700
2006-07-13,65.09,65.68,64.11,65.55,65.55,12216900
2006-07-14,65.9,66.42,65.7,65.85,65.85,10033800
2006-07-17,64.79,65.22,63.67,63.95,63.95,9905000
2006-07-18,64.75,64.75,62.34,62.9,62.9,7639300
2006-07-19,62.57,64.24,62.48,64.03,64.03,7261300
2006-07-20,63.4,63.97,62.4,62.54,62.54,6402700
2006-07-21,63.19,63.25,61.21,61.71,61.71,6949300
2006-07-24,60.63,61.23,59.83,61.14,61.14,7281000
2006-07-25,61.34,61.6,60.5608,61.55,61.55,4736700
2006-07-26,61.35,62.36,60.9301,62.0,62.0,3376000
2006-07-27,63.53,63.61,62.55,62.9,62.9,4696900
2006-07-28,62.78,63.34,62.75,63.11,63.11,3156400
2006-07-31,63.12,63.35,62.44,63.16,63.16,3420200
2006-08-01,62.92,64.46,62.92,64.32,64.32,4669800
2006-08-02,64.74,65.22,64.4,64.75,64.75,5052000
2006-08-03,64.0,64.33,63.5452,64.12,64.12,3840600
2006-08-04,64.87,64.98,64.0,64.28,64.28,4811100
2006-08-07,64.47,64.81,64.25,64.5,64.5,2493800
2006-08-08,63.98,64.57,63.85,63.97,63.97,5574200
2006-08-09,64.56,65.13,64.39,64.63,64.63,4369500
2006-08-10,64.02,64.38,62.97,63.25,63.25,6869900
2006-08-11,63.58,64.1,62.24,62.71,62.71,6962800
2006-08-14,62.39,62.9,62.02,62.25,62.25,3526000
2006-08-15,61.95,62.27,61.68,62.01,62.01,4833600
2006-08-16,62.63,62.89,62.24,62.49,62.49,3332900
2006-08-17,62.32,62.35,60.96,61.03,61.03,4215900
2006-08-18,61.49,61.5,60.3,61.04,61.04,6418200
2006-08-21,62.09,62.48,61.8,62.44,62.44,3595400
2006-08-22,62.05,62.2,61.61,62.05,62.05,4067600
2006-08-23,62.56,62.68,61.75,61.83,61.83,3573000
2006-08-24,61.98,62.06,61.45,61.75,61.75,2198000
2006-08-25,61.88,62.0,61.58,61.77,61.77,2127000
2006-08-28,61.8,61.8,60.83,61.0,61.0,3584600
2006-08-29,61.0,61.09,60.32,60.94,60.94,3609800
2006-08-30,61.49,61.66,61.0901,61.42,61.42,2900600
2006-08-31,62.0,62.3,61.7274,62.29,62.29,4842300
2006-09-01,61.95,62.29,61.48,62.14,62.14,3210200
2006-09-05,63.2,63.63,63.06,63.36,63.36,4219400
2006-09-06,63.22,63.52,62.83,62.86,62.86,3210900
2006-09-07,61.87,61.92,60.99,61.25,61.25,5402300
2006-09-08,60.52,60.77,60.28,60.64,60.64,3693400
2006-09-11,58.85,59.25,57.91,58.5,58.5,10580600
2006-09-12,58.65,59.09,58.18,58.31,58.31,5833700
2006-09-13,58.6,58.93,57.97,58.62,58.62,3538300
2006-09-14,58.59,58.72,57.08,57.19,57.19,7637600
2006-09-15,57.2,57.79,56.66,57.4,57.4,6454800
2006-09-18,57.47,58.39,57.42,58.23,58.23,4438200
2006-09-19,58.02,58.11,56.84,56.92,56.92,5287000
2006-09-20,57.81,58.24,57.2,57.26,57.26,5385200
2006-09-21,57.35,58.09,57.22,57.95,57.95,3870700
2006-09-22,58.7,58.75,57.99,58.5,58.5,3320300
2006-09-25,58.15,58.76,57.78,58.5,58.5,3797300
2006-09-26,58.5,58.97,58.25,58.74,58.74,2763400
2006-09-27,59.22,59.86,58.73,59.81,59.81,4656900
2006-09-28,59.88,60.27,59.57,59.79,59.79,3930900
2006-09-29,59.52,59.63,58.975,59.47,59.47,3201000
2006-10-02,59.8,59.88,59.03,59.15,59.15,2018800
2006-10-03,57.93,58.14,56.91,57.11,57.11,5233800
2006-10-04,57.47,57.52,55.55,56.37,56.37,8153700
2006-10-05,56.94,57.02,56.32,56.92,56.92,3890500
2006-10-06,56.28,57.02,55.63,56.99,56.99,4282000
2006-10-09,57.46,57.5,56.72,57.2,57.2,2689800
2006-10-10,56.55,57.28,56.48,57.0,57.0,3422100
2006-10-11,57.3,57.52,56.7,56.88,56.88,2944200
2006-10-12,56.74,57.49,56.65,57.49,57.49,2777500
2006-10-13,58.25,58.6,57.94,58.57,58.57,3078400
2006-10-16,58.93,59.18,58.72,59.17,59.17,1986100
2006-10-17,59.0,59.1,58.12,58.65,58.65,2657100
2006-10-18,58.82,59.03,58.26,58.59,58.59,3679000
2006-10-19,59.04,59.65,59.02,59.41,59.41,2953600
2006-10-20,59.45,59.48,58.65,58.78,58.78,3190500
2006-10-23,57.88,58.19,57.52,57.76,57.76,3521800
2006-10-24,57.2,58.26,56.87,58.17,58.17,3558200
2006-10-25,57.83,58.78,57.55,58.76,58.76,4384200
2006-10-26,59.03,59.45,58.98,59.29,59.29,5241100
2006-10-27,59.43,59.57,59.04,59.4,59.4,3080700
2006-10-30,60.05,60.65,59.88,59.9,59.9,4675400
2006-10-31,59.59,60.36,59.57,60.24,60.24,4603000
2006-11-01,61.03,61.55,60.68,61.36,61.36,8172200
2006-11-02,61.47,62.19,61.47,61.92,61.92,6680100
2006-11-03,61.81,62.5,61.65,62.3,62.3,7358700
2006-11-06,62.17,62.34,61.85,61.89,61.89,4078400
2006-11-07,62.35,62.48,61.97,62.04,62.04,5332400
2006-11-08,61.94,62.08,60.87,61.11,61.11,5319300
2006-11-09,62.12,63.13,61.94,62.95,62.95,6634600
2006-11-10,62.7,62.82,62.06,62.49,62.49,4437000
2006-11-13,61.93,62.25,61.77,62.19,62.19,3408800
2006-11-14,62.31,62.52,61.46,61.63,61.63,5706200
2006-11-15,61.34,62.07,61.25,61.84,61.84,3760400
2006-11-16,62.16,62.2988,61.27,61.31,61.31,4347400
2006-11-17,61.4,61.78,61.34,61.78,61.78,3390900
2006-11-20,62.06,62.25,61.56,61.77,61.77,2947200
2006-11-21,62.25,62.52,62.03,62.27,62.27,2930400
2006-11-22,62.64,63.07,62.25,62.5,62.5,4863600
2006-11-24,63.48,63.68,63.31,63.5,63.5,6886200
2006-11-27,63.46,63.74,63.32,63.7,63.7,5249600
2006-11-28,63.6,63.71,62.82,63.57,63.57,6057300
2006-11-29,63.37,63.39,63.08,63.16,63.16,4006500
2006-11-30,64.07,64.43,63.9,64.39,64.39,6362300
2006-12-01,64.2,64.55,63.99,64.12,64.12,6363800
2006-12-04,64.03,64.14,63.56,64.12,64.12,3469100
2006-12-05,64.25,64.42,63.36,63.81,63.81,5254600
2006-12-06,63.08,63.45,62.29,62.69,62.69,6386500
2006-12-07,62.64,62.78,61.99,62.73,62.73,5384600
2006-12-08,63.08,63.34,61.87,62.05,62.05,6080900
2006-12-11,62.18,62.6,62.07,62.57,62.57,3163800
2006-12-12,62.41,62.56,62.17,62.52,62.52,3018700
2006-12-13,62.1,62.57,61.88,62.48,62.48,3595400
2006-12-14,62.29,62.47,62.04,62.12,62.12,2237300
2006-12-15,62.21,62.22,60.93,61.0,61.0,7427800
2006-12-18,60.85,61.11,60.65,61.04,61.04,3880800
2006-12-19,61.2,61.83,61.18,61.8,61.8,4254000
2006-12-20,61.64,61.8,61.45,61.62,61.62,2979300
2006-12-21,61.58,61.7,61.27,61.38,61.38,2483300
2006-12-22,61.45,61.8,61.32,61.65,61.65,1367300
2006-12-26,62.24,62.45,61.87,61.98,61.98,1975200
2006-12-27,62.3,62.46,62.17,62.22,62.22,3063400
2006-12-28,62.97,63.05,62.69,62.9,62.9,2538900
2006-12-29,62.91,63.25,62.88,63.21,63.21,2117200
2007-01-03,63.58,64.02,62.0,62.28,62.28,8061900
2007-01-04,62.07,62.5,61.52,61.65,61.65,4858600
2007-01-05,60.75,60.78,59.66,60.17,60.17,12500100
2007-01-08,60.38,60.54,59.851,60.48,60.48,3478700
2007-01-09,60.14,61.09,60.06,60.85,60.85,4170300
2007-01-10,60.46,60.82,60.06,60.59,60.59,3766000
2007-01-11,60.7,61.07,60.53,60.63,60.63,4640000
2007-01-12,61.0,62.28,60.9,62.17,62.17,5840200
2007-01-16,62.2,62.3,61.74,61.97,61.97,3201000
2007-01-17,61.97,62.9,61.97,62.64,62.64,4516200
2007-01-18,62.99,63.16,62.15,62.26,62.26,4460100
2007-01-19,62.52,63.13,62.27,63.0,63.0,3258400
2007-01-22,63.01,63.48,62.65,62.72,62.72,3941200
2007-01-23,63.68,64.29,63.67,64.23,64.23,6322000
2007-01-24,63.71,64.41,63.37,64.33,64.33,5241200
2007-01-25,64.8,64.88,63.98,64.06,64.06,5985700
2007-01-26,64.16,64.31,63.76,64.1,64.1,3493800
2007-01-29,63.85,64.29,63.66,63.77,63.77,3487300
2007-01-30,63.92,64.23,63.83,64.22,64.22,3094200
2007-01-31,63.99,64.9811,63.95,64.83,64.83,5900900
2007-02-01,65.45,65.63,65.06,65.22,65.22,6283600
2007-02-02,64.76,64.8,63.8,64.28,64.28,9078500
2007-02-05,64.68,64.69,64.24,64.31,64.31,2553500
2007-02-06,65.05,65.1,64.53,64.79,64.79,2928800
2007-02-07,64.78,65.15,64.48,64.63,64.63,3075300
2007-02-08,64.92,65.61,64.8301,65.52,65.52,4769900
2007-02-09,65.27,66.38,65.22,66.12,66.12,6816500
2007-02-12,66.0,66.11,65.41,65.67,65.67,4105177
2007-02-13,66.13,66.34,65.55,65.84,65.84,4143305
2007-02-14,66.23,66.66,65.97,66.37,66.37,4174606
2007-02-15,66.22,66.53,65.71,66.41,66.41,7673400
2007-02-16,65.94,66.39,65.76,66.36,66.36,3200400
2007-02-20,66.1,66.1,65.0,65.31,65.31,4810700
2007-02-21,65.31,67.71,65.2,67.28,67.28,11076700
2007-02-22,67.44,67.56,66.97,67.15,67.15,6562800
2007-02-23,67.35,68.29,67.35,67.72,67.72,8126200
2007-02-26,67.97,68.23,67.63,68.1,68.1,5254200
2007-02-27,67.34,68.33,65.07,65.41,65.41,15093400
2007-02-28,66.73,66.93,65.54,66.48,66.48,8923600
2007-03-01,66.23,66.75,65.58,65.82,65.82,7108023
2007-03-02,64.59,65.0,63.34,63.71,63.71,13732200
2007-03-05,63.12,63.78,62.62,62.93,62.93,9829375
2007-03-06,63.66,64.37,63.46,64.15,64.15,6992700
2007-03-07,64.14,64.64,63.55,64.3,64.3,6131800
2007-03-08,64.79,65.04,64.43,64.48,64.48,4284900
2007-03-09,64.82,65.22,64.15,64.25,64.25,9025500
2007-03-12,64.54,64.74,63.96,64.37,64.37,4558800
2007-03-13,64.29,64.69,63.57,63.72,63.72,4331500
2007-03-14,63.34,64.06,63.09,63.94,63.94,7417000
2007-03-15,64.03,64.46,63.88,63.98,63.98,7037700
2007-03-16,64.54,64.99,64.38,64.62,64.62,5042000
2007-03-19,64.88,64.94,64.63,64.74,64.74,2990500
2007-03-20,64.93,65.54,64.93,65.27,65.27,4416300
2007-03-21,65.54,65.9,65.12,65.82,65.82,5058000
2007-03-22,65.78,66.13,65.6,65.76,65.76,4719700
2007-03-23,65.79,65.9,64.9,65.15,65.15,5593000
2007-03-26,65.36,65.97,65.36,65.84,65.84,3928800
2007-03-27,65.88,65.97,65.5,65.7,65.7,3254200
2007-03-28,66.14,66.48,65.77,66.05,66.05,6310000
2007-03-29,65.97,66.0,64.93,65.65,65.65,5448300
2007-03-30,65.74,66.21,65.49,65.74,65.74,4290200
2007-04-02,65.74,66.14,65.03,65.85,65.85,5378100
2007-04-03,65.67,66.22,65.65,65.83,65.83,4141700
2007-04-04,66.09,66.98,66.0,66.81,66.81,7126100
2007-04-05,66.7,66.96,66.59,66.86,66.86,3592700
2007-04-09,66.88,67.2,66.46,66.53,66.53,3297200
2007-04-10,67.16,67.55,66.98,67.16,67.16,2741800
2007-04-11,67.26,67.5,66.81,67.08,67.08,4357200
2007-04-12,67.06,67.25,66.48,66.99,66.99,6021900
2007-04-13,67.49,67.97,67.19,67.84,67.84,5062900
2007-04-16,68.14,68.5,67.68,68.4,68.4,7912300
2007-04-17,68.31,68.48,67.98,68.0,68.0,4159000
2007-04-18,68.1,68.45,67.95,68.38,68.38,4933400
2007-04-19,68.0,68.04,67.25,67.53,67.53,5344800
2007-04-20,68.58,68.73,68.35,68.7,68.7,3358100
2007-04-23,68.41,68.65,68.04,68.26,68.26,2487500
2007-04-24,68.45,68.5,67.43,67.73,67.73,5073700
2007-04-25,67.85,68.06,67.66,67.89,67.89,2614100
2007-04-26,67.43,67.43,66.5,66.87,66.87,4668000
2007-04-27,66.84,67.57,66.84,67.56,67.56,5231700
2007-04-30,67.2,67.52,67.04,67.09,67.09,2605400
2007-05-01,66.98,67.0,66.54,66.69,66.69,3946300
2007-05-02,66.34,66.75,66.11,66.66,66.66,4499300
2007-05-03,66.87,67.62,66.68,67.49,67.49,4054400
2007-05-04,67.74,68.43,67.74,68.19,68.19,3313800
2007-05-07,68.42,68.46,68.022,68.25,68.25,1995100
2007-05-08,67.95,68.02,67.53,67.88,67.88,2475300
2007-05-09,67.81,67.84,66.9219,67.45,67.45,4647500
2007-05-10,67.04,67.11,65.8,66.0,66.0,5536000
2007-05-11,66.13,66.66,66.13,66.45,66.45,2937300
2007-05-14,66.63,66.65,66.0,66.28,66.28,3597600
2007-05-15,65.89,66.73,65.88,66.54,66.54,2566800
2007-05-16,66.37,66.37,65.32,65.6,65.6,7268500
2007-05-17,65.44,65.6,64.72,65.06,65.06,8707000
2007-05-18,65.07,65.67,64.85,65.52,65.52,3157700
2007-05-21,65.29,65.7595,65.06,65.67,65.67,10954300
2007-05-22,65.7,65.82,65.16,65.22,65.22,5886700
2007-05-23,65.52,65.89,65.45,65.54,65.54,6441800
2007-05-24,65.46,65.46,64.52,64.75,64.75,6228000
2007-05-25,64.96,65.08,64.73,64.94,64.94,4201700
2007-05-29,65.12,65.57,64.94,65.07,65.07,3343100
2007-05-30,64.86,64.86,64.6,64.72,64.72,2742800
2007-05-31,65.16,65.58,65.07,65.54,65.54,7531200
2007-06-01,65.7,66.54,65.7,66.44,66.44,5634800
2007-06-04,66.61,66.76,66.3,66.54,66.54,2626300
2007-06-05,66.7,66.7,66.23,66.37,66.37,3728100
2007-06-06,66.11,66.55,65.88,66.41,66.41,3596600
2007-06-07,66.27,66.4,65.16,65.26,65.26,6394300
2007-06-08,64.88,65.02,63.74,64.22,64.22,7313400
2007-06-11,64.34,64.87,64.34,64.7,64.7,4606800
2007-06-12,64.52,64.53,63.91,64.1,64.1,4073200
2007-06-13,63.95,64.65,63.9,64.53,64.53,2803300
2007-06-14,64.16,64.8,63.95,64.6,64.6,2765400
2007-06-15,64.43,64.94,64.4,64.85,64.85,3032700
2007-06-18,65.19,65.25,64.82,64.95,64.95,1791000
2007-06-19,64.79,65.56,64.75,65.48,65.48,2700900
2007-06-20,65.42,65.51,64.6,64.71,64.71,2591600
2007-06-21,64.73,65.02,64.13,64.56,64.56,2709200
2007-06-22,64.9,64.98,64.43,64.78,64.78,1890800
2007-06-25,64.48,64.74,64.22,64.43,64.43,3424900
2007-06-26,64.2,64.25,63.39,63.62,63.62,8276400
2007-06-27,63.54,63.89,63.43,63.67,63.67,4689400
2007-06-28,63.98,64.38,63.91,64.26,64.26,4231700
2007-06-29,64.29,64.64,64.15,64.27,64.27,2756400
2007-07-02,64.51,65.23,64.51,65.02,65.02,2706200
2007-07-03,65.06,65.06,64.58,64.74,64.74,1835500
2007-07-05,64.99,65.0,63.92,64.42,64.42,4332500
2007-07-06,64.18,64.97,63.88,64.96,64.96,8079100
2007-07-09,65.0,65.68,64.99,65.38,65.38,5280600
2007-07-10,65.7,65.86,65.36,65.61,65.61,4016200
2007-07-11,65.82,65.82,65.34,65.44,65.44,3647000
2007-07-12,65.89,66.29,65.45,66.02,66.02,5870600
2007-07-13,66.08,66.23,65.67,66.03,66.03,3817800
2007-07-16,66.19,66.19,65.67,65.82,65.82,4579600
2007-07-17,65.66,66.08,65.65,65.75,65.75,1878600
2007-07-18,66.11,66.8,65.9,66.62,66.62,5238700
2007-07-19,66.7,67.12,66.61,67.01,67.01,4607900
2007-07-20,67.13,68.0,67.12,67.58,67.58,5408600
2007-07-23,67.8,67.8,67.31,67.47,67.47,3892400
2007-07-24,67.72,68.0,67.3,67.47,67.47,3763000
2007-07-25,67.19,67.22,66.35,66.9,66.9,7530500
2007-07-26,66.46,66.8,64.73,65.65,65.65,10704100
2007-07-27,65.28,65.61,64.97,65.41,65.41,5341900
2007-07-30,65.37,65.92,65.07,65.77,65.77,3046800
2007-07-31,66.18,66.39,65.12,65.79,65.79,4006500
2007-08-01,65.5,66.06,65.38,65.93,65.93,6364400
2007-08-02,65.96,66.01,65.55,65.89,65.89,5331500
2007-08-03,65.85,66.92,65.85,66.69,66.69,10734700
2007-08-06,66.66,66.67,66.21,66.52,66.52,2973200
2007-08-07,66.09,66.58,65.91,66.48,66.48,4147200
2007-08-08,66.73,67.54,66.18,66.77,66.77,4252100
2007-08-09,65.95,65.95,65.24,65.46,65.46,9407200
2007-08-10,65.44,66.96,65.44,66.57,66.57,8830900
2007-08-13,66.45,66.52,66.18,66.26,66.26,3643100
2007-08-14,66.25,66.5,65.95,66.29,66.29,4748800
2007-08-15,65.78,66.43,65.57,66.13,66.13,5886000
2007-08-16,65.49,65.81,63.47,64.68,64.68,18367400
2007-08-17,64.56,65.73,64.56,65.01,65.01,6374300
2007-08-20,65.06,65.4,64.78,65.12,65.12,4475200
2007-08-21,65.18,65.3,64.73,65.07,65.07,4478300
2007-08-22,65.22,65.53,65.17,65.4,65.4,4250800
2007-08-23,65.64,65.8,65.13,65.31,65.31,3027400
2007-08-24,65.42,66.21,65.3144,66.11,66.11,3648300
2007-08-27,66.01,66.05,65.86,65.98,65.98,1863900
2007-08-28,65.95,66.1,65.48,65.59,65.59,3473000
2007-08-29,65.89,66.2,65.73,66.07,66.07,4469800
2007-08-30,65.87,66.1,65.63,65.8,65.8,3027700
2007-08-31,66.61,66.77,66.46,66.52,66.52,4089900
2007-09-04,66.74,67.66,66.59,67.44,67.44,6640300
2007-09-05,67.35,67.62,67.18,67.56,67.56,6268300
2007-09-06,67.92,69.08,67.89,68.86,68.86,15880800
2007-09-07,69.26,70.0,69.0,69.39,69.39,14955400
2007-09-10,69.96,69.96,68.73,69.62,69.62,7598600
2007-09-11,69.86,70.7,69.52,70.52,70.52,11182400
2007-09-12,70.5,70.63,69.83,70.46,70.46,8036500
2007-09-13,70.07,70.2622,69.61,70.08,70.08,4612300
2007-09-14,69.9,70.97,69.86,69.99,69.99,7733100
2007-09-17,70.4,71.24,70.35,70.97,70.97,7457700
2007-09-18,71.2,72.0,70.4,71.7,71.7,14252500
2007-09-19,71.74,71.8,71.25,71.43,71.43,10937700
2007-09-20,72.15,73.1,71.95,72.72,72.72,11945100
2007-09-21,72.65,73.0,71.47,72.34,72.34,9936900
2007-09-24,72.57,72.63,71.82,72.28,72.28,6475100
2007-09-25,71.82,72.59,71.64,72.33,72.33,5503500
2007-09-26,72.25,72.93,71.85,72.0,72.0,9418300
2007-09-27,72.65,72.8,72.17,72.7,72.7,5728200
2007-09-28,73.19,73.8,72.74,73.51,73.51,8837600
2007-10-01,73.49,73.98,73.29,73.9,73.9,4823500
2007-10-02,72.45,72.68,71.63,72.35,72.35,10719800
2007-10-03,72.25,72.65,71.35,71.9,71.9,8186000
2007-10-04,71.8,73.06,71.24,72.87,72.87,9178500
2007-10-05,72.8,73.64,71.88,73.4,73.4,10597200
2007-10-08,72.66,72.89,72.28,72.53,72.53,3447600
2007-10-09,72.29,73.3,71.98,73.09,73.09,7416000
2007-10-10,73.6,73.82,72.63,73.36,73.36,4615000
2007-10-11,73.98,74.59,73.28,73.91,73.91,10290700
2007-10-12,73.93,74.59,73.75,74.59,74.59,3604000
2007-10-15,74.99,75.2,74.49,75.14,75.14,6704600
2007-10-16,74.87,75.45,73.78,75.12,75.12,6622900
2007-10-17,75.31,75.66,74.31,74.5,74.5,9355400
2007-10-18,75.38,76.0,75.33,76.0,76.0,5645200
2007-10-19,76.09,76.29,74.51,75.7,75.7,9507500
2007-10-22,74.09,74.7701,73.84,74.6,74.6,8636500
2007-10-23,75.11,75.26,74.63,75.23,75.23,3096400
2007-10-24,74.84,75.59,74.79,75.52,75.52,5660400
2007-10-25,75.94,76.62,75.06,76.03,76.03,6486100
2007-10-26,76.87,77.7395,76.67,77.69,77.69,8544100
2007-10-29,78.27,78.32,77.65,78.12,78.12,6881000
2007-10-30,77.66,77.66,77.01,77.35,77.35,5608600
2007-10-31,77.78,78.95,76.89,78.62,78.62,8872900
2007-11-01,78.4,78.9,77.5,77.93,77.93,7545500
2007-11-02,78.55,79.9,77.48,79.83,79.83,9911400
2007-11-05,79.68,80.24,79.11,79.75,79.75,5025000
2007-11-06,81.03,81.52,80.7,81.43,81.43,7692425
2007-11-07,83.21,83.24,81.33,82.24,82.24,16509199
2007-11-08,82.43,83.63,81.73,82.23,82.23,17355801
2007-11-09,81.79,82.63,81.22,82.18,82.18,6947600
2007-11-12,80.41,80.44,78.25,78.3,78.3,17296000
2007-11-13,79.4,79.93,77.86,79.12,79.12,11438200
2007-11-14,80.21,80.68,79.9101,80.28,80.28,5703700
2007-11-15,79.18,79.5,77.3,77.95,77.95,10907500
2007-11-16,78.34,78.85,77.17,77.75,77.75,8076800
2007-11-19,77.84,78.0,76.11,77.24,77.24,6088600
2007-11-20,78.03,80.04,77.3,79.47,79.47,11979200
2007-11-21,79.3,79.55,78.56,79.36,79.36,7265500
2007-11-23,80.04,81.61,80.02,81.25,81.25,5260500
2007-11-26,82.25,82.25,81.1301,81.3,81.3,7440200
2007-11-27,80.7,80.89,79.81,80.1,80.1,7229700
2007-11-28,79.42,79.87,78.76,79.57,79.57,9704900
2007-11-29,79.28,79.33,78.28,78.28,78.28,9306200
2007-11-30,78.35,78.6,76.98,77.32,77.32,9509000
2007-12-03,77.39,78.3,77.3,78.28,78.28,6255400
2007-12-04,78.63,79.62,78.57,79.4,79.4,7721900
2007-12-05,79.25,79.25,78.19,78.63,78.63,7685200
2007-12-06,77.92,79.65,77.8,79.37,79.37,6839700
2007-12-07,79.01,79.6,78.19,78.6,78.6,8328500
2007-12-10,79.15,80.3,79.13,80.0,80.0,4850900
2007-12-11,79.75,80.46,78.68,78.84,78.84,9579200
2007-12-12,80.05,80.92,79.94,80.49,80.49,9702000
2007-12-13,79.59,79.62,78.3,78.5,78.5,9554700
2007-12-14,78.41,78.57,77.82,78.52,78.52,6826500
2007-12-17,78.13,78.79,77.81,78.13,78.13,6495430
2007-12-18,79.59,79.59,78.82,79.25,79.25,6757605
2007-12-19,79.23,79.57,78.98,79.24,79.24,5638500
2007-12-20,78.91,79.11,78.36,78.67,78.67,6345130
2007-12-21,80.16,80.32,79.92,80.1,80.1,4603300
2007-12-24,80.21,80.63,80.14,80.14,80.14,2863500
2007-12-26,81.06,81.67,81.0,81.52,81.52,5896700
2007-12-27,81.88,82.17,81.37,81.56,81.56,5050296
2007-12-28,82.38,83.02,82.35,83.0,83.0,5133798
2007-12-31,82.74,82.83,81.98,82.46,82.46,3815254
2008-01-02,83.56,85.14,83.44,84.86,84.86,12289920
2008-01-03,84.87,85.94,84.6,85.57,85.57,9553709
2008-01-04,85.34,85.55,84.43,85.13,85.13,8401815
2008-01-07,85.24,85.26,84.57,84.77,84.77,6944205
2008-01-08,86.28,87.13,86.16,86.78,86.78,9565900
2008-01-09,86.56,87.2,86.3,86.5499,86.5499,10080200
2008-01-10,86.42,88.46,86.41,88.25,88.25,12914660
2008-01-11,88.04,88.76,87.85,88.58,88.58,6978548
2008-01-14,89.45,89.94,89.0,89.5399,89.5399,10084540
2008-01-15,89.6,90.35,87.91,87.99,87.99,23853100
2008-01-16,88.17,88.66,86.32,86.7,86.7,26918910
2008-01-17,87.5,87.98,86.47,86.5001,86.5001,13592300
2008-01-18,87.165,87.46,86.51,87.42,87.42,9093984
2008-01-22,86.14,88.44,85.77,88.1699,88.1699,20679580
2008-01-23,87.16,88.67,86.73,87.89,87.89,14280450
2008-01-24,89.72,90.25,89.13,90.08,90.08,10626950
2008-01-25,90.93,91.08,89.5,90.3,90.3,9703821
2008-01-28,90.96,91.89,90.75,91.75,91.75,8532948
2008-01-29,91.36,91.72,90.81,91.15,91.15,9090190
2008-01-30,90.71,92.58,90.45,92.0601,92.0601,14363710
2008-01-31,90.92,91.66,90.74,91.4,91.4,7757469
2008-02-01,91.75,91.87,89.22,89.3499,89.3499,19635090
2008-02-04,88.51,89.52,88.05,89.1,89.1,10284970
2008-02-05,87.9,88.69,87.3,87.68,87.68,11169280
2008-02-06,89.0,89.65,88.75,88.9499,88.9499,8785661
2008-02-07,88.95,89.94,88.81,89.85,89.85,8970542
2008-02-08,90.0,91.0,89.99,91.0,91.0,9128142
2008-02-11,91.04,91.46,90.44,91.33,91.33,6832124
2008-02-12,90.83,91.4,89.1,89.33,89.33,10225690
2008-02-13,88.88,89.99,88.67,89.44,89.44,10038700
2008-02-14,89.37,90.11,89.35,89.71,89.71,6882369
2008-02-15,90.3,90.32,88.63,89.15,89.15,5586053
2008-02-19,91.23,91.94,90.98,91.58,91.58,8370811
2008-02-20,90.84,93.31,90.75,93.24,93.24,10632380
2008-02-21,93.44,94.22,93.02,93.25,93.25,12952110
2008-02-22,93.56,93.72,92.35,93.39,93.39,7576475
2008-02-25,93.71,93.71,92.11,92.74,92.74,11954420
2008-02-26,92.43,93.97,92.18,93.71,93.71,8449452
2008-02-27,94.56,94.94,93.97,94.78,94.78,9926456
2008-02-28,94.92,96.08,94.47,95.99,95.99,11211200
2008-02-29,95.82,96.24,95.22,96.18,96.18,9347604
2008-03-03,97.52,97.74,96.6801,97.24,97.24,11480100
2008-03-04,97.28,97.45,94.39,95.18,95.18,21356311
2008-03-05,96.1,98.15,95.93,97.72,97.72,15354210
2008-03-06,96.98,97.29,95.26,96.5,96.5,18543359
2008-03-07,96.6,96.68,95.72,96.09,96.09,10066900
2008-03-10,95.0,96.34,94.88,95.87,95.87,10868310
2008-03-11,96.52,96.98,95.19,95.99,95.99,14343310
2008-03-12,96.58,97.38,96.24,97.01,97.01,8178195
2008-03-13,98.5,98.73,97.73,98.34,98.34,14681460
2008-03-14,98.03,99.53,98.01,98.71,98.71,17564410
2008-03-17,99.32,100.44,98.0,99.17,99.17,26505369
2008-03-18,99.35,99.51,96.35,96.5,96.5,20939240
2008-03-19,95.65,96.0,92.5,93.0399,93.0399,37368719
2008-03-20,90.73,91.65,89.8,89.9128,89.9128,28818961
2008-03-24,90.65,91.51,89.78,90.1001,90.1001,14323860
2008-03-25,91.91,92.79,91.28,92.73,92.73,15835680
2008-03-26,93.11,94.0,93.06,93.8,93.8,12385850
2008-03-27,93.51,94.09,92.95,93.46,93.46,7560437
2008-03-28,91.96,92.45,91.11,91.88,91.88,8786534
2008-03-31,92.56,92.65,89.96,90.41,90.41,11164840
2008-04-01,87.86,88.31,86.05,86.8599,86.8599,23673150
2008-04-02,87.28,89.76,87.22,89.27,89.27,13537480
2008-04-03,88.59,89.75,87.64,89.42,89.42,9324713
2008-04-04,89.48,90.34,89.31,90.25,90.25,7228127
2008-04-07,90.73,91.75,90.6,91.17,91.17,8194882
2008-04-08,90.04,90.49,89.72,90.35,90.35,5772918
2008-04-09,90.3,92.37,90.24,92.29,92.29,10581500
2008-04-10,92.32,92.56,90.97,91.77,91.77,7759468
2008-04-11,91.41,91.83,90.55,91.3,91.3,6549112
2008-04-14,91.32,91.98,91.06,91.11,91.11,4705410
2008-04-15,91.73,91.91,91.38,91.66,91.66,6636655
2008-04-16,93.19,93.71,93.01,93.27,93.27,8472038
2008-04-17,93.31,93.51,92.48,92.56,92.56,6876349
2008-04-18,89.72,90.7,88.96,90.62,90.62,11391800
2008-04-21,90.79,90.8699,89.89,90.25,90.25,11927480
2008-04-22,90.42,91.35,90.12,90.27,90.27,14046370
2008-04-23,89.0,89.55,88.44,89.22,89.22,18170449
2008-04-24,88.26,89.91,87.1,87.22,87.22,22849930
2008-04-25,88.33,88.42,87.19,87.27,87.27,11182530
2008-04-28,87.88,88.4,87.67,87.69,87.69,8079182
2008-04-29,86.73,86.9,85.54,85.81,85.81,14688960
2008-04-30,86.1,86.79,85.11,86.65,86.65,17701430
2008-05-01,84.51,84.56,83.57,83.99,83.99,17669109
2008-05-02,83.96,84.79,83.96,84.58,84.58,8745387
2008-05-05,85.68,86.29,85.2899,86.27,86.27,7390737
2008-05-06,86.33,87.15,86.33,86.63,86.63,10765490
2008-05-07,85.47,86.1,85.2,85.82,85.82,7219265
2008-05-08,86.76,87.4,86.42,87.24,87.24,8630188
2008-05-09,87.37,87.59,85.84,87.42,87.42,9927612
2008-05-12,86.92,87.64,86.79,86.99,86.99,5013399
2008-05-13,85.12,86.14,84.92,85.3901,85.3901,7368137
2008-05-14,85.73,85.81,85.1,85.2,85.2,8653797
2008-05-15,87.13,87.6,86.23,87.0,87.0,9437950
2008-05-16,88.52,89.3,88.02,89.1001,89.1001,12075630
2008-05-19,89.57,89.6999,88.869,89.39,89.39,5932141
2008-05-20,89.61,91.17,89.56,90.9,90.9,10685510
2008-05-21,90.61,92.11,90.61,91.96,91.96,11350290
2008-05-22,91.2,91.63,90.5,90.98,90.98,8865042
2008-05-23,91.33,92.0,90.96,91.23,91.23,6062450
2008-05-27,89.84,89.87,89.161,89.36,89.36,7606223
2008-05-28,88.49,89.19,88.35,89.14,89.14,8104857
2008-05-29,86.94,87.6,86.1,86.51,86.51,12700920
2008-05-30,87.34,87.69,86.96,87.45,87.45,4944419
2008-06-02,87.47,88.55,87.44,87.96,87.96,5279524
2008-06-03,86.65,87.35,86.52,86.88,86.88,8397510
2008-06-04,87.09,87.415,86.56,86.65,86.65,7158442
2008-06-05,85.97,86.81,85.66,86.45,86.45,14132600
2008-06-06,87.79,89.06,87.69,89.06,89.06,17433070
2008-06-09,88.54,89.24,87.84,87.987,87.987,9172128
2008-06-10,86.28,86.76,85.11,85.55,85.55,13911010
2008-06-11,86.57,87.1,86.35,87.02,87.02,10156250
2008-06-12,85.19,86.07,84.83,85.6,85.6,9828330
2008-06-13,85.33,86.02,85.04,85.83,85.83,8429040
2008-06-16,88.2,88.2,86.97,87.01,87.01,6996050
2008-06-17,86.72,87.52,86.7,87.25,87.25,5286859
2008-06-18,87.66,88.41,87.13,88.28,88.28,7822299
2008-06-19,89.37,89.5,88.39,88.42,88.42,10525870
2008-06-20,88.82,89.61,88.77,88.95,88.95,10058800
2008-06-23,87.01,87.4,86.74,87.09,87.09,12784650
2008-06-24,87.3,88.24,87.24,87.47,87.47,7398490
2008-06-25,87.43,87.58,86.13,87.42,87.42,10900750
2008-06-26,89.5,90.86,89.5,90.61,90.61,18411949
2008-06-27,90.98,91.82,90.65,91.47,91.47,14491390
2008-06-30,91.89,91.9,90.53,91.4,91.4,7289905
2008-07-01,92.53,93.35,92.34,92.66,92.66,15480980
2008-07-02,92.28,93.33,92.13,93.17,93.17,11484020
2008-07-03,92.17,92.68,91.68,92.06,92.06,9611726
2008-07-07,90.57,91.65,90.16,91.23,91.23,12301530
2008-07-08,90.55,91.15,89.93,90.86,90.86,11216250
2008-07-09,90.88,91.64,90.86,91.5,91.5,11373740
2008-07-10,92.4,93.6,92.35,93.53,93.53,16825680
2008-07-11,95.03,95.5,94.2552,95.16,95.16,26000029
2008-07-14,95.09,96.2,94.92,95.91,95.91,21248830
2008-07-15,96.55,97.5,95.43,96.17,96.17,30352779
2008-07-16,96.27,96.5,94.34,94.44,94.44,19898900
2008-07-17,94.7,96.51,94.07,94.22,94.22,25188631
2008-07-18,94.22,94.93,94.02,94.17,94.17,8585020
2008-07-21,94.75,95.15,94.45,95.12,95.12,7327260
2008-07-22,95.73,95.86,92.94,93.06,93.06,17553980
2008-07-23,92.64,92.79,90.44,90.57,90.57,25793750
2008-07-24,91.08,91.62,90.25,91.33,91.33,13072190
2008-07-25,91.03,91.73,90.53,91.69,91.69,7600753
2008-07-28,91.39,92.0,90.94,91.73,91.73,8810001
2008-07-29,91.23,91.27,90.09,90.59,90.59,12993300
2008-07-30,88.86,89.72,88.08,89.52,89.52,17379830
2008-07-31,91.05,91.14,89.87,90.08,90.08,10976380
2008-08-01,89.5,90.45,89.37,89.57,89.57,10893600
2008-08-04,89.08,89.68,88.04,88.14,88.14,14981170
2008-08-05,87.28,87.41,85.94,86.08,86.08,20187770
2008-08-06,86.8,87.0,86.01,86.64,86.64,12404770
2008-08-07,86.64,86.78,85.51,86.09,86.09,9962227
2008-08-08,84.35,84.68,83.83,84.43,84.43,13514080
2008-08-11,84.46,84.49,80.6,81.13,81.13,23566971
2008-08-12,80.74,81.01,79.55,80.52,80.52,20131711
2008-08-13,80.59,81.85,80.39,81.56,81.56,17018160
2008-08-14,80.71,81.0996,79.28,79.35,79.35,15542560
2008-08-15,78.0,78.32,76.61,77.63,77.63,29755881
2008-08-18,78.53,79.17,77.81,78.8,78.8,14071820
2008-08-19,77.92,80.52,77.7,80.433,80.433,16760539
2008-08-20,80.15,80.66,78.81,80.06,80.06,14719990
2008-08-21,82.01,84.54,81.75,82.3,82.3,17031000
2008-08-22,81.49,81.96,80.94,81.08,81.08,7854634
2008-08-25,81.1,81.34,80.56,80.93,80.93,6515171
2008-08-26,80.61,81.85,80.6,81.23,81.23,8579453
2008-08-27,81.89,82.05,81.0,81.36,81.36,7099029
2008-08-28,83.06,83.13,81.27,82.18,82.18,9353961
2008-08-29,82.31,82.47,81.58,81.71,81.71,5125291
2008-09-02,78.16,79.79,77.98,79.2,79.2,12681660
2008-09-03,79.19,79.69,78.34,78.89,78.89,10712510
2008-09-04,79.7,79.777,78.14,78.39,78.39,10875160
2008-09-05,80.08,80.27,78.17,78.98,78.98,10742410
2008-09-08,80.1,80.35,78.47,78.86,78.86,10024120
2008-09-09,77.39,77.82,76.24,76.49,76.49,20197430
2008-09-10,76.88,76.9272,74.1,74.22,74.22,29373051
2008-09-11,73.61,73.93,72.51,73.08,73.08,23776920
2008-09-12,74.26,75.58,73.48,75.55,75.55,17596930
2008-09-15,76.64,77.73,76.0,77.56,77.56,17004039
2008-09-16,76.69,77.29,76.3,76.79,76.79,17192100
2008-09-17,77.11,85.6,77.09,85.46,85.46,65774656
2008-09-18,85.49,90.78,81.9,82.8,82.8,60589121
2008-09-19,85.58,86.44,84.0,85.98,85.98,25537881
2008-09-22,86.85,89.54,86.81,89.18,89.18,35324320
2008-09-23,88.87,89.1,86.72,88.32,88.32,22364080
2008-09-24,88.68,88.76,86.7,86.71,86.71,17251580
2008-09-25,87.12,87.8,85.01,86.45,86.45,20691920
2008-09-26,87.03,90.17,86.59,86.64,86.64,21985029
2008-09-29,87.06,92.0,86.97,89.57,89.57,40569648
2008-09-30,87.31,87.36,84.21,85.07,85.07,20441631
2008-10-01,86.23,88.05,85.18,85.97,85.97,16789420
2008-10-02,84.56,84.66,81.62,82.33,82.33,22653820
2008-10-03,81.23,83.44,81.05,82.59,82.59,24057029
2008-10-06,85.84,86.45,84.25,84.28,84.28,21677961
2008-10-07,87.18,87.7,85.53,87.27,87.27,20292539
2008-10-08,90.69,90.8397,88.05,89.42,89.42,31206869
2008-10-09,87.29,90.58,86.54,89.9,89.9,20014240
2008-10-10,89.59,90.72,81.38,83.22,83.22,45074969
2008-10-13,83.61,83.9,80.92,81.99,81.99,17034510
2008-10-14,82.4,83.31,81.61,82.2,82.2,12385570
2008-10-15,82.2,84.39,82.08,83.31,83.31,16907740
2008-10-16,82.4,82.5,77.22,79.29,79.29,30645980
2008-10-17,77.12,80.78,75.0,77.21,77.21,15338400
2008-10-20,77.77,78.56,77.27,78.5,78.5,9332855
2008-10-21,75.9,76.94,74.89,76.027,76.027,10861160
2008-10-22,74.44,74.45,66.0,71.71,71.71,23288260
2008-10-23,69.64,72.19,69.5,70.65,70.65,16655891
2008-10-24,69.3,73.93,69.07,72.21,72.21,22474320
2008-10-27,71.13,73.61,70.72,72.18,72.18,12160060
2008-10-28,73.03,73.8,71.7,73.79,73.79,8474591
2008-10-29,75.05,76.36,73.61,74.0,74.0,16124450
2008-10-30,74.89,75.25,72.13,72.71,72.71,10897210
2008-10-31,72.62,72.87,70.6,71.34,71.34,9519313
2008-11-03,71.55,72.17,71.06,71.1,71.1,6807006
2008-11-04,73.15,75.69,72.85,75.4786,75.4786,11444370
2008-11-05,74.32,75.18,72.38,72.8,72.8,10319600
2008-11-06,74.36,74.98,71.67,72.22,72.22,10699290
2008-11-07,72.59,73.09,72.05,72.5,72.5,6052764
2008-11-10,74.8,74.92,72.96,73.58,73.58,6096606
2008-11-11,72.56,72.66,71.55,72.05,72.05,8355667
2008-11-12,71.45,71.89,69.77,70.0,70.0,10038720
2008-11-13,70.49,72.36,68.81,72.15,72.15,16832080
2008-11-14,73.39,74.26,72.76,73.3,73.3,12810600
2008-11-17,72.43,73.8,72.15,72.65,72.65,7711981
2008-11-18,72.38,73.46,72.13,72.51,72.51,8147240
2008-11-19,73.42,75.19,72.0,72.26,72.26,13974150
2008-11-20,73.15,74.2,72.43,73.45,73.45,13589660
2008-11-21,76.0,79.0,75.45,78.85,78.85,30468850
2008-11-24,80.45,81.72,80.38,80.91,80.91,19899891
2008-11-25,81.34,81.38,79.28,80.87,80.87,17525160
2008-11-26,80.52,80.7678,79.3333,80.38,80.38,9142377
2008-11-28,80.04,80.75,79.8,80.31,80.31,3665757
2008-12-01,77.15,77.34,75.57,75.65,75.65,13149770
2008-12-02,76.9,77.32,76.26,76.95,76.95,6950560
2008-12-03,76.0,77.14,75.14,76.18,76.18,10693110
2008-12-04,75.59,77.63,75.07,75.5,75.5,11830660
2008-12-05,74.3,74.81,72.91,74.52,74.52,13392430
2008-12-08,76.48,76.62,75.4,76.195,76.195,7275057
2008-12-09,75.56,76.85,75.3,76.33,76.33,9618462
2008-12-10,79.2,80.1099,78.56,79.75,79.75,16055930
2008-12-11,81.58,81.94,80.49,80.65,80.65,13997440
2008-12-12,80.55,81.63,80.005,80.81,80.81,12539420
2008-12-15,81.33,83.03,81.23,82.6,82.6,15013400
2008-12-16,82.38,84.64,81.93,84.46,84.46,18689230
2008-12-17,85.26,86.91,84.8026,85.43,85.43,22162900
2008-12-18,84.85,85.12,83.46,83.87,83.87,17256990
2008-12-19,82.65,82.87,82.01,82.63,82.63,9139661
2008-12-22,83.57,83.81,82.79,83.46,83.46,6695823
2008-12-23,82.93,83.39,81.59,82.63,82.63,6323094
2008-12-24,82.47,83.57,82.47,83.46,83.46,2072137
2008-12-26,83.52,85.97,83.12,85.6,85.6,5083078
2008-12-29,86.5,87.0,85.95,86.35,86.35,9091323
2008-12-30,85.94,86.15,85.28,85.9,85.9,7123560
2008-12-31,84.98,87.1,84.28,86.52,86.52,7849386
2009-01-02,85.93,86.6072,85.84,86.23,86.23,6413692
2009-01-05,83.62,84.68,83.24,84.48,84.48,9583284
2009-01-06,83.37,85.7,83.0,85.13,85.13,12880050
2009-01-07,84.56,84.58,82.21,82.75,82.75,13370350
2009-01-08,84.4,84.89,83.75,84.46,84.46,10720600
2009-01-09,83.34,85.5,83.09,83.92,83.92,8863033
2009-01-12,81.72,82.04,80.26,80.76,80.76,14761530
2009-01-13,80.94,81.82,80.6216,80.88,80.88,10021880
2009-01-14,80.57,81.09,79.36,79.79,79.79,15609800
2009-01-15,79.97,80.7,78.87,80.39,80.39,16717420
2009-01-16,82.2,83.0,81.74,82.71,82.71,16470520
2009-01-20,84.17,85.285,83.57,84.52,84.52,16754289
2009-01-21,84.05,84.39,82.98,84.15,84.15,12280190
2009-01-22,84.03,84.97,83.83,84.58,84.58,18572789
2009-01-23,86.57,88.94,86.07,88.53,88.53,34013641
2009-01-26,89.22,90.19,88.68,88.95,88.95,19135570
2009-01-27,88.4,88.844,88.01,88.38,88.38,11883340
2009-01-28,88.27,88.38,86.84,87.415,87.415,18459221
2009-01-29,86.68,89.55,86.28,89.5,89.5,21193279
2009-01-30,90.7,91.49,89.65,91.31,91.31,21282260
2009-02-02,89.88,92.5786,88.62,88.84,88.84,16998869
2009-02-03,89.34,89.73,86.0,88.47,88.47,17578939
2009-02-04,88.89,89.5,88.52,89.18,89.18,14271020
2009-02-05,90.75,90.82,89.3,90.12,90.12,17196260
2009-02-06,89.15,90.14,89.15,89.59,89.59,12554400
2009-02-09,88.35,88.65,87.6,88.32,88.32,21273961
2009-02-10,89.66,90.37,89.18,90.21,90.21,25448311
2009-02-11,90.93,93.25,90.8,92.29,92.29,55638273
2009-02-12,93.04,93.74,92.52,93.17,93.17,38786727
2009-02-13,92.5,92.77,91.69,92.55,92.55,14717060
2009-02-17,95.23,95.85,94.89,95.45,95.45,27085160
2009-02-18,95.23,97.15,94.67,96.91,96.91,29346230
2009-02-19,95.91,96.57,95.425,95.77,95.77,21305391
2009-02-20,98.0,98.99,97.14,97.8,97.8,43862527
2009-02-23,96.59,98.22,95.89,97.73,97.73,24542650
2009-02-24,97.59,97.59,94.27,94.73,94.73,37461113
2009-02-25,94.73,96.41,92.81,93.15,93.15,26142939
2009-02-26,92.71,93.14,91.57,93.057,93.057,28789750
2009-02-27,94.31,94.53,91.03,92.63,92.63,30592631
2009-03-02,93.4,93.61,90.62,90.93,90.93,24270971
2009-03-03,90.85,91.04,88.94,90.04,90.04,28082891
2009-03-04,90.25,90.35,88.45,88.99,88.99,19875029
2009-03-05,89.92,92.17,89.23,91.987,91.987,23995480
2009-03-06,91.81,92.95,91.2,92.29,92.29,22396520
2009-03-09,92.29,92.33,89.57,90.57,90.57,18311400
2009-03-10,89.54,89.61,87.4733,88.14,88.14,25931529
2009-03-11,88.49,89.83,87.78,89.22,89.22,16692061
2009-03-12,90.37,91.57,90.14,91.1,91.1,20138730
2009-03-13,91.87,91.89,90.5,91.3,91.3,11693830
2009-03-16,90.29,90.96,90.03,90.8,90.8,11787700
2009-03-17,90.26,90.59,89.75,90.04,90.04,10054910
2009-03-18,88.75,93.39,86.83,93.09,93.09,59505238
2009-03-19,93.41,94.77,92.91,94.35,94.35,35036898
2009-03-20,93.48,94.37,93.1262,93.59,93.59,18078010
2009-03-23,93.44,93.91,91.95,92.08,92.08,17660180
2009-03-24,90.76,91.66,90.25,90.95,90.95,17004289
2009-03-25,90.87,92.63,90.34,91.98,91.98,24799971
2009-03-26,92.72,92.72,91.84,91.93,91.93,12370260
2009-03-27,90.83,91.26,90.41,90.69,90.69,11624370
2009-03-30,89.97,91.81,89.75,89.98,89.98,16430150
2009-03-31,90.38,90.85,89.58,90.28,90.28,14401390
2009-04-01,91.34,91.38,90.21,91.03,91.03,12302940
2009-04-02,88.75,89.36,87.92,88.8,88.8,24828990
2009-04-03,88.96,89.44,87.52,87.59,87.59,16346450
2009-04-06,86.4,86.44,84.97,85.27,85.27,22909570
2009-04-07,86.27,88.26,86.17,86.74,86.74,11011550
2009-04-08,87.18,87.52,86.264,86.61,86.61,12230160
2009-04-09,86.33,86.88,86.1,86.31,86.31,9608703
2009-04-13,88.03,88.45,87.6,87.88,87.88,7283687
2009-04-14,87.78,87.81,87.04,87.37,87.37,7167360
2009-04-15,87.42,87.94,87.23,87.5,87.5,6857492
2009-04-16,87.38,87.4518,85.68,85.81,85.81,21033590
2009-04-17,85.75,86.37,84.92,85.22,85.22,22332859
2009-04-20,86.03,87.34,86.0,86.95,86.95,12674390
2009-04-21,87.85,87.884,86.33,86.89,86.89,10656670
2009-04-22,87.03,87.82,86.8,87.38,87.38,10085820
2009-04-23,87.71,89.37,87.6236,88.8,88.8,16623381
2009-04-24,89.1,89.84,88.83,89.72,89.72,11425820
2009-04-27,89.33,89.79,88.94,89.01,89.01,7156910
2009-04-28,87.33,87.95,87.11,87.75,87.75,8571500
2009-04-29,88.31,88.78,87.67,88.33,88.33,8098253
2009-04-30,86.83,87.78,86.5409,87.27,87.27,9716553
2009-05-01,86.75,87.49,86.692,86.95,86.95,6122461
2009-05-04,87.55,89.18,87.55,88.6401,88.6401,10816640
2009-05-05,89.71,89.73,87.88,88.25,88.25,9956426
2009-05-06,89.46,89.69,88.84,89.54,89.54,11337550
2009-05-07,90.13,90.3,89.24,89.44,89.44,14808890
2009-05-08,89.71,90.09,88.91,89.98,89.98,10940580
2009-05-11,89.64,90.01,89.5,89.69,89.69,12212070
2009-05-12,90.4,90.84,89.95,90.7,90.7,15764890
2009-05-13,90.44,91.5,90.31,91.09,91.09,17445850
2009-05-14,90.9,91.26,90.7,91.03,91.03,8025676
2009-05-15,91.15,91.81,91.1,91.55,91.55,11707300
2009-05-18,91.53,91.57,90.14,90.36,90.36,17353820
2009-05-19,90.64,91.35,90.57,90.96,90.96,9631577
2009-05-20,91.54,92.44,91.52,92.25,92.25,18298350
2009-05-21,92.35,93.86,91.93,93.85,93.85,21830150
2009-05-22,94.25,94.42,93.8,94.15,94.15,15408560
2009-05-26,92.95,93.84,92.85,93.76,93.76,12360110
2009-05-27,93.73,94.28,93.1,93.45,93.45,13708410
2009-05-28,94.14,94.83,93.8,94.24,94.24,14973220
2009-05-29,95.7,96.35,95.58,96.2,96.2,18139770
2009-06-01,96.47,96.76,95.63,95.73,95.73,17923779
2009-06-02,96.19,96.9699,96.1,96.36,96.36,14536030
2009-06-03,95.9,96.21,94.31,94.41,94.41,18208141
2009-06-04,95.24,96.49,95.2,96.23,96.23,13635200
2009-06-05,94.24,94.788,93.57,93.71,93.71,18601250
2009-06-08,93.26,93.7,92.58,93.56,93.56,11557480
2009-06-09,94.27,94.39,93.44,93.83,93.83,9481702
2009-06-10,94.5,94.53,92.9,93.86,93.86,14445100
2009-06-11,93.13,94.53,93.0,93.7,93.7,14778780
2009-06-12,92.41,92.76,92.0,92.17,92.17,13810960
2009-06-15,91.9,91.9,90.9,91.1,91.1,13121700
2009-06-16,91.87,92.12,91.35,91.93,91.93,9841433
2009-06-17,91.61,92.39,90.1457,92.35,92.35,12130010
2009-06-18,92.24,92.5,91.3,91.61,91.61,16244430
2009-06-19,91.81,92.23,91.58,91.9,91.9,11812320
2009-06-22,90.41,90.64,90.13,90.54,90.54,12957160
2009-06-23,90.66,91.03,89.95,90.92,90.92,11965780
2009-06-24,92.09,92.33,91.04,91.45,91.45,12115730
2009-06-25,92.12,92.33,91.72,92.31,92.31,11446880
2009-06-26,92.81,92.93,91.93,92.29,92.29,10418840
2009-06-29,92.32,92.4,91.71,92.04,92.04,6529175
2009-06-30,91.85,91.96,90.53,91.18,91.18,24194971
2009-07-01,92.31,93.0,92.0,92.39,92.39,10744130
2009-07-02,91.47,91.58,91.08,91.25,91.25,7365848
2009-07-06,90.48,90.93,90.36,90.76,90.76,6287480
2009-07-07,90.89,91.38,90.5,90.71,90.71,7691170
2009-07-08,90.11,97.8,88.82,89.27,89.27,21958189
2009-07-09,89.63,90.2599,89.33,89.51,89.51,13688940
2009-07-10,89.3,89.77,89.1601,89.58,89.58,5040632
2009-07-13,89.45,90.69,89.1,90.19,90.19,8811711
2009-07-14,90.86,91.11,90.59,90.81,90.81,5722456
2009-07-15,92.17,92.52,92.03,92.24,92.24,9863798
2009-07-16,92.0,92.12,91.55,91.98,91.98,4605453
2009-07-17,92.15,92.3,91.84,91.93,91.93,8748954
2009-07-20,93.61,93.8,92.91,93.28,93.28,13175210
2009-07-21,93.52,93.53,92.69,93.13,93.13,9348941
2009-07-22,92.82,93.82,92.73,93.44,93.44,10243730
2009-07-23,93.2,94.005,93.11,93.26,93.26,9764992
2009-07-24,93.48,93.71,93.33,93.41,93.41,4734321
2009-07-27,93.9,93.95,93.36,93.71,93.71,5172010
2009-07-28,92.74,92.82,91.65,92.11,92.11,10887930
2009-07-29,91.67,91.75,90.81,91.2,91.2,9677393
2009-07-30,91.55,92.0,91.44,91.62,91.62,6248019
2009-07-31,91.86,94.03,91.83,93.35,93.35,14389820
2009-08-03,94.14,94.49,93.65,93.87,93.87,10016970
2009-08-04,94.18,95.25,93.99,94.68,94.68,11550210
2009-08-05,94.88,95.05,94.01,94.78,94.78,8987565
2009-08-06,95.01,95.19,93.76,94.6,94.6,13660950
2009-08-07,94.32,94.64,93.6,93.75,93.75,8042698
2009-08-10,92.91,93.14,92.6,92.927,92.927,6420802
2009-08-11,92.68,92.97,92.41,92.79,92.79,5030716
2009-08-12,92.6,93.49,92.47,92.95,92.95,7911126
2009-08-13,93.85,94.05,93.45,93.72,93.72,6757973
2009-08-14,93.84,93.91,92.4,93.0,93.0,6189478
2009-08-17,91.49,91.8574,91.28,91.61,91.61,6833184
2009-08-18,91.81,92.2,91.7601,92.06,92.06,4362418
2009-08-19,91.68,92.78,91.66,92.532,92.532,7119768
2009-08-20,92.31,92.55,92.12,92.27,92.27,3973181
2009-08-21,93.63,93.8,93.4,93.65,93.65,7287205
2009-08-24,93.64,93.7,91.64,92.34,92.34,8547903
2009-08-25,93.4,93.46,92.488,92.76,92.76,8284255
2009-08-26,92.67,92.85,92.21,92.79,92.79,5226918
2009-08-27,92.8,93.31,92.379,93.19,93.19,6876397
2009-08-28,94.07,94.15,93.63,93.87,93.87,6759493
2009-08-31,93.14,93.5,92.92,93.4,93.4,4957430
2009-09-01,93.41,93.96,93.06,93.9,93.9,8002379
2009-09-02,94.7,96.26,94.57,96.19,96.19,27673619
2009-09-03,96.52,97.94,96.2,97.46,97.46,26443580
2009-09-04,97.14,97.83,96.0,97.529,97.529,14913860
2009-09-08,98.57,98.64,97.39,97.43,97.43,22989939
2009-09-09,97.98,98.36,96.85,97.08,97.08,20439850
2009-09-10,97.03,98.03,96.88,97.7,97.7,12256430
2009-09-11,98.96,99.33,98.27,98.78,98.78,19502930
2009-09-14,98.16,98.4326,97.73,97.96,97.96,9639144
2009-09-15,97.75,99.1,97.56,98.9,98.9,16253800
2009-09-16,100.01,100.02,99.5,99.91,99.91,16588189
2009-09-17,99.66,100.08,99.04,99.34,99.34,12493520
2009-09-18,99.73,99.87,98.67,98.67,98.67,13941670
2009-09-21,97.95,98.62,97.73,98.36,98.36,11121390
2009-09-22,99.84,99.84,99.37,99.67,99.67,10887240
2009-09-23,99.16,99.89,98.68,98.83,98.83,14735510
2009-09-24,99.36,99.44,97.14,97.55,97.55,23350150
2009-09-25,97.07,97.5,96.77,97.0,97.0,10729060
2009-09-28,97.21,97.81,97.0,97.05,97.05,7794538
2009-09-29,97.19,97.73,96.95,97.43,97.43,9262401
2009-09-30,98.31,99.06,97.56,98.85,98.85,18672631
2009-10-01,98.84,98.86,97.88,97.89,97.89,11049330
2009-10-02,97.84,98.86,97.74,98.37,98.37,10477790
2009-10-05,98.48,99.84,98.36,99.82,99.82,11709310
2009-10-06,101.33,102.42,100.5425,102.28,102.28,33537449
2009-10-07,102.29,102.52,101.83,102.361,102.361,16194160
2009-10-08,102.62,104.1501,102.3,103.64,103.64,24250119
2009-10-09,103.06,103.25,102.37,102.84,102.84,15182290
2009-10-12,103.39,103.915,103.225,103.56,103.56,9178961
2009-10-13,103.7,104.5,103.46,104.26,104.26,17358789
2009-10-14,104.29,104.7,103.76,104.18,104.18,17871090
2009-10-15,103.27,103.95,102.6,102.86,102.86,15786470
2009-10-16,102.7,103.68,102.53,103.18,103.18,14321290
2009-10-19,103.16,104.26,102.75,104.23,104.23,13936590
2009-10-20,104.34,104.35,102.7925,103.42,103.42,18252670
2009-10-21,103.38,104.46,103.24,103.745,103.745,16011620
2009-10-22,103.46,104.09,103.1,103.92,103.92,11583550
2009-10-23,104.5,104.58,102.96,103.49,103.49,11423720
2009-10-26,103.41,103.97,101.74,101.86,101.86,21527250
2009-10-27,101.89,102.0598,101.22,101.85,101.85,18420539
2009-10-28,101.5,102.03,100.65,100.73,100.73,19351061
2009-10-29,101.72,102.76,101.5,102.688,102.688,15328240
2009-10-30,102.33,102.66,101.48,102.53,102.53,15246450
2009-11-02,103.5,104.25,103.25,103.95,103.95,15466420
2009-11-03,103.74,106.7,103.72,106.46,106.46,33610379
2009-11-04,107.11,107.68,106.43,107.1,107.1,27197461
2009-11-05,106.81,107.2,106.6,106.98,106.98,10197020
2009-11-06,107.38,108.04,107.06,107.43,107.43,14789090
2009-11-09,108.69,108.75,107.91,108.19,108.19,18452760
2009-11-10,108.03,108.78,107.7,108.39,108.39,15980470
2009-11-11,109.49,109.71,109.0,109.6,109.6,17670730
2009-11-12,109.16,109.56,108.12,108.21,108.21,17859811
2009-11-13,108.32,109.8,108.14,109.74,109.74,17252020
2009-11-16,110.7,112.16,110.65,111.63,111.63,25017051
2009-11-17,111.09,111.99,110.9,111.97,111.97,19831100
2009-11-18,112.69,113.09,111.8,112.25,112.25,22336891
2009-11-19,111.85,112.4,110.76,112.3,112.3,21249840
2009-11-20,111.74,112.94,111.54,112.94,112.94,17309990
2009-11-23,114.67,115.1199,113.99,114.29,114.29,24457699
2009-11-24,114.73,114.81,113.97,114.73,114.73,22618000
2009-11-25,115.69,116.88,115.53,116.62,116.62,24569840
2009-11-27,113.08,115.81,113.02,115.06,115.06,21234381
2009-11-30,114.48,115.89,114.27,115.64,115.64,16420961
2009-12-01,117.3,117.93,116.78,117.38,117.38,27721260
2009-12-02,118.8,119.27,118.3,119.18,119.18,31109289
2009-12-03,118.57,119.54,118.03,118.7,118.7,28863961
2009-12-04,117.15,117.26,112.41,113.753,113.753,79189789
2009-12-07,111.51,114.22,111.44,113.11,113.11,42538641
2009-12-08,112.76,113.06,110.21,110.95,110.95,37654941
2009-12-09,111.6,112.48,109.38,110.84,110.84,37125840
2009-12-10,110.66,111.03,110.04,110.82,110.82,20531779
2009-12-11,110.6,110.82,108.7174,109.32,109.32,28986039
2009-12-14,110.01,110.7,109.5,110.24,110.24,16339030
2009-12-15,109.94,110.57,109.39,110.21,110.21,20059461
2009-12-16,110.83,111.91,110.63,111.59,111.59,22850230
2009-12-17,109.47,109.98,107.28,107.34,107.34,35016719
2009-12-18,108.0,109.5,107.04,108.95,108.95,25594090
2009-12-21,109.17,109.3,106.82,106.95,106.95,23337510
2009-12-22,106.79,107.09,105.312,106.17,106.17,28702869
2009-12-23,106.65,107.45,106.3,106.55,106.55,16941820
2009-12-24,107.9,108.37,107.77,108.36,108.36,7991563
2009-12-28,108.64,108.78,107.91,108.55,108.55,9637451
2009-12-29,108.5,108.5,107.45,107.47,107.47,11043680
2009-12-30,106.64,107.44,106.4,106.93,106.93,9405087
2009-12-31,107.98,108.11,107.24,107.31,107.31,9125460
2010-01-04,109.82,110.14,109.31,109.8,109.8,16224040
2010-01-05,109.88,110.39,109.26,109.7,109.7,14213050
2010-01-06,110.71,111.77,110.4086,111.51,111.51,24990471
2010-01-07,111.07,111.29,110.62,110.82,110.82,13609730
2010-01-08,111.52,111.58,110.26,111.37,111.37,15896300
2010-01-11,113.34,113.59,112.52,112.85,112.85,17252990
2010-01-12,112.38,113.05,110.14,110.49,110.49,29182551
2010-01-13,110.92,111.57,109.57,111.54,111.54,20013971
2010-01-14,111.51,112.37,110.79,112.03,112.03,18316939
2010-01-15,111.35,112.01,110.38,110.86,110.86,18008051
2010-01-19,110.95,111.75,110.83,111.52,111.52,10474430
2010-01-20,109.97,110.05,108.46,108.94,108.94,17539029
2010-01-21,108.48,108.78,106.61,107.37,107.37,25753619
2010-01-22,106.93,107.68,106.01,107.17,107.17,24213570
2010-01-25,107.44,107.72,107.07,107.48,107.48,13200460
2010-01-26,106.87,107.99,106.75,107.56,107.56,12297080
2010-01-27,107.53,108.8,106.16,106.528,106.528,19005020
2010-01-28,107.18,107.23,105.18,106.48,106.48,16800449
2010-01-29,105.88,106.3,105.27,105.96,105.96,20278961
2010-02-01,106.64,108.48,106.37,108.35,108.35,14901860
2010-02-02,109.16,109.6,108.61,109.13,109.13,14328270
2010-02-03,109.1,109.54,108.4305,108.7,108.7,13393190
2010-02-04,106.79,106.8,103.75,104.37,104.37,39991879
2010-02-05,103.76,104.68,102.28,104.68,104.68,32659990
2010-02-08,104.41,105.14,104.0,104.04,104.04,17182699
2010-02-09,105.18,106.15,104.87,105.41,105.41,25969131
2010-02-10,105.13,105.5,104.11,105.12,105.12,16280930
2010-02-11,105.58,107.56,105.27,107.13,107.13,19350029
2010-02-12,106.08,107.1,105.57,107.04,107.04,14464160
2010-02-16,109.45,109.87,109.1,109.62,109.62,20904490
2010-02-17,109.66,110.01,108.87,109.25,109.25,19593359
2010-02-18,109.61,110.11,109.19,109.98,109.98,19177330
2010-02-19,109.32,110.39,108.81,109.47,109.47,21929980
2010-02-22,109.86,109.97,108.66,109.07,109.07,10746800
2010-02-23,108.84,108.91,107.65,107.89,107.89,13634060
2010-02-24,107.33,108.16,107.1,107.36,107.36,17207330
2010-02-25,106.7,108.7,106.6,108.31,108.31,23400301
2010-02-26,108.89,109.6,108.41,109.43,109.43,13036630
2010-03-01,109.48,109.9,108.97,109.43,109.43,12830850
2010-03-02,109.86,111.45,109.86,111.02,111.02,20106990
2010-03-03,111.46,112.18,111.1763,111.63,111.63,16222020
2010-03-04,111.25,111.37,110.22,110.83,110.83,12951880
2010-03-05,111.13,111.75,110.8,110.81,110.81,11091380
2010-03-08,111.22,111.3,109.52,109.88,109.88,12760300
2010-03-09,109.16,110.16,109.04,109.718,109.718,12652900
2010-03-10,109.94,110.5,108.02,108.47,108.47,21990949
2010-03-11,108.28,108.65,107.86,108.6,108.6,9521553
2010-03-12,108.56,108.77,107.45,107.95,107.95,11849450
2010-03-15,108.16,108.56,107.82,108.36,108.36,7700873
2010-03-16,110.02,110.57,109.7,110.4,110.4,17754510
2010-03-17,110.18,110.46,109.55,109.59,109.59,13784690
2010-03-18,110.1,110.61,109.5,110.34,110.34,13853490
2010-03-19,110.26,110.29,107.85,108.28,108.28,24329080
2010-03-22,107.31,108.0,106.95,107.75,107.75,11586680
2010-03-23,107.5,108.5,107.34,108.32,108.32,11283000
2010-03-24,106.94,107.07,106.24,106.3,106.3,14240950
2010-03-25,107.0,107.25,106.48,106.78,106.78,16871369
2010-03-26,107.16,108.7,106.82,108.59,108.59,17435119
2010-03-29,108.87,109.17,108.4,108.75,108.75,11530580
2010-03-30,108.57,108.6615,107.87,107.97,107.97,9818399
2010-03-31,109.44,109.5,108.85,108.95,108.95,14006720
2010-04-01,109.97,110.47,109.92,110.26,110.26,11371920
2010-04-05,110.56,110.9837,110.27,110.89,110.89,8210364
2010-04-06,110.89,111.51,110.83,111.03,111.03,10324190
2010-04-07,111.85,112.93,111.77,112.49,112.49,19145109
2010-04-08,112.47,112.98,112.13,112.65,112.65,12448070
2010-04-09,113.09,114.07,112.74,113.64,113.64,16428529
2010-04-12,113.64,114.13,112.98,113.01,113.01,11120560
2010-04-13,113.12,113.16,112.06,112.69,112.69,11261970
2010-04-14,113.23,113.66,112.78,113.03,113.03,10573840
2010-04-15,112.9,113.71,112.85,113.65,113.65,10955310
2010-04-16,112.5,113.07,110.54,111.24,111.24,24575680
2010-04-19,110.88,111.36,110.67,111.15,111.15,7996070
2010-04-20,111.73,112.21,111.33,111.46,111.46,7020159
2010-04-21,111.82,112.64,111.48,112.31,112.31,6843810
2010-04-22,111.79,112.01,110.76,111.84,111.84,9605438
2010-04-23,111.26,113.3,111.09,113.19,113.19,12506210
2010-04-26,112.88,113.2,112.63,112.75,112.75,8337739
2010-04-27,112.43,114.82,112.34,114.63,114.63,25057029
2010-04-28,114.03,114.99,113.63,114.31,114.31,26899070
2010-04-29,113.85,114.52,113.84,114.28,114.28,10381850
2010-04-30,115.26,115.7,115.21,115.36,115.36,13406380
2010-05-03,115.91,116.28,115.53,115.73,115.73,13571130
2010-05-04,116.39,116.43,114.17,114.87,114.87,21520141
2010-05-05,113.58,115.24,113.312,115.09,115.09,21616619
2010-05-06,115.62,118.62,115.57,118.486,118.486,50545273
2010-05-07,117.64,118.88,116.74,118.27,118.27,34276281
2010-05-10,117.5,117.9,116.8101,117.57,117.57,28433779
2010-05-11,119.46,120.87,118.97,120.656,120.656,36731738
2010-05-12,121.28,122.235,120.7685,121.4,121.4,32703529
2010-05-13,121.29,121.71,120.1,120.56,120.56,22340480
2010-05-14,121.88,122.02,119.12,120.37,120.37,34645680
2010-05-17,120.55,121.12,119.29,119.36,119.36,27898199
2010-05-18,118.86,120.32,118.5,119.49,119.49,26595949
2010-05-19,118.19,118.43,116.08,116.63,116.63,34412699
2010-05-20,116.14,116.95,115.18,115.84,115.84,28908170
2010-05-21,115.05,116.24,114.51,115.22,115.22,20098279
2010-05-24,116.34,117.17,116.04,116.84,116.84,14336750
2010-05-25,117.16,117.52,116.82,117.36,117.36,21232670
2010-05-26,118.58,119.08,118.32,118.47,118.47,13153440
2010-05-27,118.16,119.038,118.14,118.69,118.69,10424770
2010-05-28,118.48,118.9,117.63,118.881,118.881,11581440
2010-06-01,119.88,120.25,119.63,119.91,119.91,12207710
2010-06-02,119.35,119.88,118.72,119.78,119.78,10348180
2010-06-03,119.16,119.39,117.48,117.96,117.96,13861390
2010-06-04,117.96,119.39,117.05,119.19,119.19,16536590
2010-06-07,118.73,121.8,118.62,121.49,121.49,20246170
2010-06-08,121.61,122.45,120.66,121.0025,121.0025,23410221
2010-06-09,120.48,120.99,119.51,120.56,120.56,12884570
2010-06-10,119.36,120.04,118.83,118.975,118.975,13687870
2010-06-11,119.88,120.41,119.33,120.01,120.01,7830520
2010-06-14,119.63,120.26,118.96,119.6,119.6,11004040
2010-06-15,119.71,121.03,119.48,120.99,120.99,15073840
2010-06-16,120.68,120.89,120.04,120.33,120.33,10505520
2010-06-17,121.64,122.41,121.49,121.9,121.9,19799689
2010-06-18,123.04,123.5,122.81,122.83,122.83,19430910
2010-06-21,123.09,123.11,120.36,120.39,120.39,20041600
2010-06-22,121.16,121.59,120.87,121.45,121.45,12944690
2010-06-23,120.89,121.02,119.77,120.95,120.95,14120710
2010-06-24,120.76,122.1601,120.67,121.3,121.3,13140890
2010-06-25,122.75,123.13,122.49,122.76,122.76,9990880
2010-06-28,122.79,123.56,120.81,121.09,121.09,19655949
2010-06-29,121.05,121.82,119.03,121.27,121.27,17337150
2010-06-30,121.07,122.09,120.88,121.68,121.68,12016230
2010-07-01,120.91,121.03,116.98,117.04,117.04,33248898
2010-07-02,118.21,118.5,117.41,118.49,118.49,14733040
2010-07-06,117.67,117.72,116.3,116.51,116.51,16849131
2010-07-07,116.57,117.78,116.5,117.73,117.73,10933970
2010-07-08,117.39,117.41,116.1,117.21,117.21,11315980
2010-07-09,118.14,118.73,118.0,118.36,118.36,9597357
2010-07-12,117.83,118.2,116.97,117.34,117.34,7511235
2010-07-13,118.98,119.1,118.36,118.36,118.36,8423609
2010-07-14,118.26,119.13,117.59,118.3,118.3,9576080
2010-07-15,118.59,118.7,117.73,118.23,118.23,8588898
2010-07-16,116.69,116.79,115.95,116.67,116.67,17494311
2010-07-19,115.57,115.8041,115.11,115.73,115.73,15723860
2010-07-20,115.75,116.74,115.48,116.65,116.65,9267259
2010-07-21,116.8,117.0,115.71,115.85,115.85,9401816
2010-07-22,115.95,117.5,115.91,116.863,116.863,8163975
2010-07-23,117.12,117.47,115.79,116.09,116.09,8335429
2010-07-26,116.38,116.47,115.3,115.52,115.52,11223640
2010-07-27,114.95,114.99,113.21,113.51,113.51,29529971
2010-07-28,113.48,113.93,113.08,113.78,113.78,16074250
2010-07-29,113.54,114.35,113.34,114.288,114.288,9483748
2010-07-30,114.36,115.73,114.08,115.49,115.49,10093640
2010-08-02,116.12,116.39,115.2,115.54,115.54,8473382
2010-08-03,115.88,116.44,115.81,115.99,115.99,5585138
2010-08-04,117.41,117.65,116.65,116.72,116.72,10326180
2010-08-05,117.01,117.1,116.35,116.98,116.98,7026267
2010-08-06,117.99,118.42,117.49,117.84,117.84,10001960
2010-08-09,117.76,117.85,117.23,117.4,117.4,6754905
2010-08-10,116.59,118.09,116.4,117.73,117.73,10444820
2010-08-11,117.74,118.14,116.58,117.34,117.34,12436880
2010-08-12,118.56,118.86,118.46,118.77,118.77,12326950
2010-08-13,118.82,118.89,118.36,118.74,118.74,10214530
2010-08-16,119.7,119.825,119.46,119.73,119.73,8954062
2010-08-17,119.75,119.97,119.6,119.75,119.75,9145319
2010-08-18,119.23,120.51,119.0,120.22,120.22,12105460
2010-08-19,120.65,120.99,120.11,120.39,120.39,10015410
2010-08-20,119.97,120.07,119.45,119.97,119.97,10682810
2010-08-23,119.91,120.07,119.42,119.78,119.78,4862695
2010-08-24,118.77,120.8,118.71,120.36,120.36,14811390
2010-08-25,121.12,121.38,120.67,121.36,121.36,13996640
2010-08-26,121.09,122.95,120.5,120.96,120.96,8895558
2010-08-27,121.2,121.45,120.42,121.01,121.01,11157420
2010-08-30,120.85,121.0598,120.58,120.91,120.91,4398739
2010-08-31,121.77,122.19,121.46,122.08,122.08,12257100
2010-09-01,122.15,122.21,121.43,121.69,121.69,11880080
2010-09-02,122.38,122.48,121.89,122.29,122.29,7002013
2010-09-03,121.39,122.385,121.15,121.86,121.86,9077507
2010-09-07,122.91,123.06,122.63,122.7,122.7,8781190
2010-09-08,122.82,123.42,122.6,122.71,122.71,9792741
2010-09-09,122.44,122.88,121.38,121.56,121.56,13749730
2010-09-10,121.4,122.3,121.39,121.73,121.73,12510390
2010-09-13,121.63,122.11,121.39,121.62,121.62,9693282
2010-09-14,122.92,124.59,121.5489,124.024,124.024,26588840
2010-09-15,123.97,124.29,123.435,123.94,123.94,11689010
2010-09-16,124.5,124.77,124.19,124.63,124.63,12672720
2010-09-17,125.03,125.03,124.27,124.5425,124.5425,13820960
2010-09-20,125.09,125.45,124.778,124.87,124.87,8479130
2010-09-21,124.77,126.17,124.16,126.01,126.01,20408311
2010-09-22,126.58,126.63,125.7,126.2,126.2,11055850
2010-09-23,126.2,126.66,125.81,126.3,126.3,9328863
2010-09-24,126.91,127.0001,126.3,126.69,126.69,14948540
2010-09-27,126.9,126.91,126.48,126.72,126.72,6686128
2010-09-28,126.42,128.03,126.11,127.85,127.85,19857150
2010-09-29,127.93,128.2399,127.52,127.95,127.95,12336700
2010-09-30,128.15,128.28,126.61,127.91,127.91,19213391
2010-10-01,128.72,129.07,127.91,128.91,128.91,17213500
2010-10-04,128.52,128.62,128.22,128.46,128.46,8367916
2010-10-05,130.11,131.12,129.87,130.99,130.99,17489510
2010-10-06,131.45,131.86,131.34,131.81,131.81,16142180
2010-10-07,132.6,132.67,129.51,130.37,130.37,38676793
2010-10-08,130.78,131.88,130.47,131.66,131.66,18695301
2010-10-11,131.28,132.33,130.98,132.292,132.292,10629820
2010-10-12,132.06,132.21,131.36,131.96,131.96,13295790
2010-10-13,132.73,134.31,132.63,134.07,134.07,18398461
2010-10-14,134.06,134.85,133.9,134.75,134.75,26890461
2010-10-15,134.24,134.46,133.07,133.68,133.68,26171170
2010-10-18,133.46,134.34,133.16,134.28,134.28,12301740
2010-10-19,130.46,131.59,129.75,130.11,130.11,25327160
2010-10-20,130.36,131.65,130.32,131.32,131.32,12556590
2010-10-21,131.08,131.59,128.72,129.47,129.47,21810811
2010-10-22,129.47,129.75,128.97,129.73,129.73,11889380
2010-10-25,131.16,131.38,130.21,130.85,130.85,12158350
2010-10-26,129.99,131.14,129.73,130.88,130.88,10710900
2010-10-27,129.93,130.0,128.79,129.52,129.52,16132030
2010-10-28,130.36,131.5,129.84,131.24,131.24,15895900
2010-10-29,131.48,132.82,131.06,132.62,132.62,14340790
2010-11-01,132.85,133.07,131.76,131.92,131.92,12403500
2010-11-02,132.44,132.59,131.88,132.49,132.49,9405214
2010-11-03,132.28,132.52,129.48,131.57,131.57,31705840
2010-11-04,134.64,136.13,134.24,136.03,136.03,23474600
2010-11-05,135.14,136.61,134.95,136.38,136.38,20343590
2010-11-08,135.92,137.79,135.53,137.78,137.78,17367381
2010-11-09,138.7,139.15,135.05,135.59,135.59,39445121
2010-11-10,137.03,137.28,135.15,137.24,137.24,28484609
2010-11-11,137.62,137.75,136.45,137.66,137.66,15447420
2010-11-12,135.89,136.3062,132.821,133.69,133.69,35891102
2010-11-15,133.86,134.49,132.39,132.42,132.42,15096720
2010-11-16,132.24,132.38,129.83,130.968,130.968,32489670
2010-11-17,130.77,131.37,130.13,130.38,130.38,16432080
2010-11-18,131.82,132.78,131.55,132.088,132.088,16009340
2010-11-19,131.48,132.35,131.01,132.2,132.2,14148340
2010-11-22,132.13,133.6,131.69,133.48,133.48,13093370
2010-11-23,133.6,135.07,133.46,134.41,134.41,18215160
2010-11-24,134.36,134.7,133.74,134.18,134.18,8861056
2010-11-26,132.38,133.16,131.93,133.11,133.11,7823118
2010-11-29,133.19,133.75,132.33,133.508,133.508,13983800
2010-11-30,135.21,135.75,134.78,135.42,135.42,17473061
2010-12-01,135.71,136.14,134.96,135.38,135.38,16831061
2010-12-02,135.62,136.59,135.15,135.2,135.2,17583721
2010-12-03,136.62,138.11,136.48,138.07,138.07,16520221
2010-12-06,138.14,139.46,137.73,139.11,139.11,15640800
2010-12-07,139.455,139.54,136.46,136.5,136.5,26499131
2010-12-08,135.91,136.29,133.88,134.79,134.79,23483260
2010-12-09,135.69,136.16,134.88,135.37,135.37,14157550
2010-12-10,134.94,135.48,133.95,135.408,135.408,11938170
2010-12-13,136.26,136.64,135.86,136.05,136.05,13352310
2010-12-14,136.27,137.21,135.86,136.18,136.18,17433260
2010-12-15,135.34,135.93,134.68,134.7,134.7,15089500
2010-12-16,134.21,134.23,132.86,133.81,133.81,23469061
2010-12-17,133.97,134.63,133.22,134.2,134.2,17214699
2010-12-20,135.13,135.44,134.33,135.11,135.11,13142260
2010-12-21,135.17,135.7775,134.79,135.32,135.32,10242710
2010-12-22,135.6,135.7,134.97,135.05,135.05,7303863
2010-12-23,134.26,134.9,133.93,134.66,134.66,8702056
2010-12-27,134.96,135.06,134.49,135.02,135.02,3438495
2010-12-28,136.85,137.34,136.62,137.22,137.22,10119300
2010-12-29,137.38,138.05,137.19,137.71,137.71,8444182
2010-12-30,137.58,137.71,136.94,137.03,137.03,5752073
2010-12-31,137.78,138.77,137.72,138.72,138.72,9222315
2011-01-03,138.67,139.0,137.88,138.0,138.0,11510130
2011-01-04,136.24,136.28,134.16,134.75,134.75,26154221
2011-01-05,133.5,134.68,133.1,134.37,134.37,16700801
2011-01-06,134.05,134.38,133.14,133.83,133.83,15969280
2011-01-07,133.38,134.61,133.18,133.58,133.58,16761760
2011-01-10,133.85,134.2,133.24,134.12,134.12,8429805
2011-01-11,134.79,135.16,133.96,134.91,134.91,10271750
2011-01-12,134.79,135.58,134.35,135.46,135.46,10789630
2011-01-13,135.66,135.68,133.63,134.05,134.05,14302770
2011-01-14,133.17,133.6,132.22,132.69,132.69,21226580
2011-01-18,133.625,134.0,133.17,133.43,133.43,11599760
2011-01-19,134.34,134.4,133.4,133.72,133.72,11795120
2011-01-20,131.76,132.1,131.04,131.2,131.2,24362820
2011-01-21,130.76,131.43,130.53,131.03,131.03,19490779
2011-01-24,131.01,131.63,130.14,130.36,130.36,15127190
2011-01-25,129.65,130.27,129.07,130.1,130.1,22224449
2011-01-26,129.83,131.17,129.28,131.16,131.16,20548381
2011-01-27,130.29,130.49,127.8,127.925,127.925,33046910
2011-01-28,127.97,131.4762,127.95,130.28,130.28,28096039
2011-01-31,129.27,130.51,129.25,129.87,129.87,14670000
2011-02-01,130.52,131.08,129.33,130.8,130.8,15365940
2011-02-02,130.37,130.6,129.4536,130.45,130.45,10085190
2011-02-03,130.07,132.32,129.28,132.2,132.2,17414641
2011-02-04,131.84,132.7,131.23,131.66,131.66,15216140
2011-02-07,131.67,131.95,131.23,131.68,131.68,7179160
2011-02-08,132.96,133.5,132.8,133.14,133.14,16227190
2011-02-09,133.19,133.39,132.489,133.07,133.07,10181220
2011-02-10,132.11,133.31,132.0,132.85,132.85,8105118
2011-02-11,133.01,133.44,132.09,132.3225,132.3225,9889307
2011-02-14,132.95,133.38,132.7,132.95,132.95,8702449
2011-02-15,133.86,134.17,133.63,133.97,133.97,10112860
2011-02-16,134.23,134.86,133.45,134.1,134.1,12824190
2011-02-17,134.74,135.16,134.47,135.04,135.04,11332110
2011-02-18,135.17,135.8,134.882,135.41,135.41,15890890
2011-02-22,136.92,137.22,136.19,136.29,136.29,16678990
2011-02-23,136.97,138.2,136.92,137.51,137.51,15692880
2011-02-24,138.04,138.14,135.73,136.48,136.48,18791221
2011-02-25,137.22,137.74,136.77,137.384,137.384,10352840
2011-02-28,137.65,138.14,137.03,137.661,137.661,8851010
2011-03-01,138.57,140.03,138.49,140.03,140.03,17438080
2011-03-02,140.24,140.55,139.48,139.917,139.917,15726540
2011-03-03,138.81,139.13,137.57,138.09,138.09,16490279
2011-03-04,138.63,139.75,138.61,139.35,139.35,17457270
2011-03-07,140.29,140.61,139.28,139.721,139.721,14070010
2011-03-08,139.65,139.66,138.83,139.36,139.36,10730490
2011-03-09,139.92,139.95,138.94,139.41,139.41,8736435
2011-03-10,138.5,138.5,136.845,137.77,137.77,15565470
2011-03-11,137.285,138.93,137.18,138.22,138.22,10417500
2011-03-14,139.33,139.55,138.61,138.86,138.86,10243570
2011-03-15,135.35,136.94,135.23,136.27,136.27,23465119
2011-03-16,136.52,137.2,135.8,136.24,136.24,13394010
2011-03-17,136.56,137.08,136.25,136.97,136.97,9123203
2011-03-18,138.14,138.83,137.76,138.37,138.37,18602100
2011-03-21,139.5,139.91,138.97,139.14,139.14,13743640
2011-03-22,138.88,139.36,138.67,139.05,139.05,9558224
2011-03-23,139.61,140.55,139.55,140.34,140.34,11542850
2011-03-24,140.274,141.28,138.83,139.22,139.22,17016551
2011-03-25,140.0,140.24,138.66,139.26,139.26,13191940
2011-03-28,137.82,138.83,137.78,138.54,138.54,7663554
2011-03-29,138.21,138.82,137.94,138.21,138.21,6349737
2011-03-30,139.07,139.18,137.68,138.67,138.67,10756660
2011-03-31,140.08,140.4,139.78,139.86,139.86,15235890
2011-04-01,138.65,139.55,137.72,139.2,139.2,15739870
2011-04-04,140.13,140.26,139.45,139.84,139.84,9685075
2011-04-05,139.58,142.09,139.52,142.05,142.05,18334051
2011-04-06,142.4,142.62,141.77,142.38,142.38,10718690
2011-04-07,142.23,142.89,141.8,142.51,142.51,9489975
2011-04-08,143.34,143.84,142.97,143.66,143.66,13129840
2011-04-11,143.28,143.49,142.28,142.64,142.64,10114500
2011-04-12,142.74,142.82,140.75,141.61,141.61,14950520
2011-04-13,142.389,142.53,141.48,141.9,141.9,13888850
2011-04-14,142.35,143.83,142.23,143.81,143.81,14174210
2011-04-15,143.85,145.12,143.57,145.05,145.05,19127260
2011-04-18,145.21,146.07,144.63,145.93,145.93,17343170
2011-04-19,145.73,146.24,145.18,145.93,145.93,10957380
2011-04-20,146.37,146.84,145.74,146.5,146.5,13718220
2011-04-21,146.57,147.06,146.32,146.74,146.74,10114150
2011-04-25,147.57,147.58,146.42,146.87,146.87,15576820
2011-04-26,146.47,146.62,145.48,146.38,146.38,16244110
2011-04-27,147.38,149.21,146.52,149.2,149.2,21945939
2011-04-28,149.3,150.0,148.6,149.82,149.82,20759391
2011-04-29,149.9,153.03,149.75,152.37,152.37,27601221
2011-05-02,151.46,153.61,150.36,150.414,150.414,24094090
2011-05-03,150.43,150.97,148.85,149.88,149.88,24215600
2011-05-04,149.86,150.34,146.76,147.73,147.73,35111688
2011-05-05,146.82,147.58,142.55,143.47,143.47,51284422
2011-05-06,145.24,146.09,144.4,145.3,145.3,24185170
2011-05-09,146.67,147.58,146.34,147.38,147.38,13854770
2011-05-10,147.19,148.19,146.93,147.9,147.9,11285470
2011-05-11,147.24,147.35,145.77,146.54,146.54,21386900
2011-05-12,145.88,147.12,144.96,146.59,146.59,18730320
2011-05-13,146.72,147.28,144.49,145.63,145.63,17270051
2011-05-16,145.88,146.67,145.19,145.37,145.37,10069240
2011-05-17,144.23,144.78,143.42,144.74,144.74,17203670
2011-05-18,145.55,146.22,145.14,145.6,145.6,10508330
2011-05-19,145.12,145.85,144.86,145.65,145.65,8098799
2011-05-20,145.82,147.78,144.9,147.49,147.49,23188971
2011-05-23,147.04,147.95,146.97,147.83,147.83,15946480
2011-05-24,148.48,149.05,148.18,148.59,148.59,14947990
2011-05-25,148.72,149.37,148.52,148.58,148.58,10973700
2011-05-26,148.45,148.61,147.59,148.22,148.22,9791500
2011-05-27,149.02,149.92,148.96,149.7,149.7,10188110
2011-05-31,149.88,150.165,149.41,149.64,149.64,10503840
2011-06-01,149.66,151.13,149.43,149.91,149.91,18365340
2011-06-02,150.15,150.38,148.07,149.5,149.5,13553080
2011-06-03,150.28,150.66,149.62,150.22,150.22,12608510
2011-06-06,150.82,151.45,150.21,150.48,150.48,11479090
2011-06-07,150.67,150.85,149.68,150.42,150.42,10145080
2011-06-08,150.02,150.38,149.3,149.81,149.81,9612425
2011-06-09,150.01,151.02,149.75,150.56,150.56,7651641
2011-06-10,149.04,149.78,148.69,149.24,149.24,12346110
2011-06-13,148.66,149.04,147.19,147.77,147.77,12998000
2011-06-14,147.7,148.73,147.478,148.67,148.67,10942930
2011-06-15,148.16,149.55,147.92,149.12,149.12,14550670
2011-06-16,148.83,149.49,148.22,148.97,148.97,11034920
2011-06-17,148.87,150.29,148.83,149.94,149.94,19206779
2011-06-20,150.08,150.79,149.582,150.03,150.03,10463340
2011-06-21,150.26,150.87,150.18,150.76,150.76,12445110
2011-06-22,151.01,151.86,150.56,150.99,150.99,14117350
2011-06-23,148.67,148.84,147.26,148.339,148.339,24869561
2011-06-24,147.86,148.025,145.97,146.26,146.26,19304391
2011-06-27,145.93,146.4,145.2,145.73,145.73,11604330
2011-06-28,146.16,146.77,145.67,146.24,146.24,8813790
2011-06-29,146.77,147.42,146.44,147.18,147.18,12626820
2011-06-30,147.18,147.41,145.98,146.001,146.001,12669720
2011-07-01,144.76,145.07,143.97,144.93,144.93,16367170
2011-07-05,146.96,147.82,146.85,147.63,147.63,11281740
2011-07-06,148.7,149.44,148.58,148.91,148.91,14506240
2011-07-07,148.97,149.35,148.29,149.15,149.15,9524064
2011-07-08,150.32,150.5,149.99,150.25,150.25,13663010
2011-07-11,151.33,151.69,150.2,151.59,151.59,20451119
2011-07-12,151.24,153.32,150.77,152.77,152.77,24037689
2011-07-13,153.76,154.71,153.58,154.14,154.14,26350980
2011-07-14,154.81,155.24,153.95,154.54,154.54,17617980
2011-07-15,154.34,155.29,154.22,155.2,155.2,18452391
2011-07-18,155.76,156.58,155.67,156.57,156.57,17133330
2011-07-19,156.32,156.32,154.1,154.66,154.66,22879900
2011-07-20,154.22,156.02,154.111,156.02,156.02,14568750
2011-07-21,155.91,156.04,154.33,154.83,154.83,18422859
2011-07-22,156.0,156.56,155.68,156.12,156.12,11378650
2011-07-25,157.6,157.8,156.72,157.34,157.34,13036140
2011-07-26,156.97,157.79,156.6,157.77,157.77,11743610
2011-07-27,158.47,158.6369,156.69,157.19,157.19,18301580
2011-07-28,157.54,157.6,156.11,157.32,157.32,11374920
2011-07-29,158.43,159.25,157.68,158.29,158.29,17129119
2011-08-01,157.47,158.97,156.78,157.72,157.72,14825640
2011-08-02,159.33,161.62,158.969,161.52,161.52,24284490
2011-08-03,162.36,162.86,161.34,161.49,161.49,27823660
2011-08-04,163.61,163.87,159.68,160.64,160.64,40380207
2011-08-05,161.64,162.37,160.48,161.75,161.75,24557391
2011-08-08,165.48,167.61,164.76,167.119,167.119,43002320
2011-08-09,169.93,173.15,167.48,168.61,168.61,55765738
2011-08-10,172.46,175.13,171.62,174.58,174.58,44797113
2011-08-11,172.28,172.34,168.65,170.75,170.75,49888262
2011-08-12,169.57,170.06,167.77,169.97,169.97,29225980
2011-08-15,169.32,171.91,168.95,171.8,171.8,17807881
2011-08-16,172.6,174.07,172.5,173.92,173.92,19657949
2011-08-17,173.87,174.68,173.25,174.42,174.42,16481980
2011-08-18,177.15,178.1,176.41,177.72,177.72,25514221
2011-08-19,181.64,181.67,178.91,179.95,179.95,34407680
2011-08-22,181.95,184.82,181.6,184.59,184.59,27482590
2011-08-23,182.245,183.82,177.5,177.67,177.67,55265340
2011-08-24,177.9,178.31,170.31,171.646,171.646,70700289
2011-08-25,167.0,172.81,165.88,172.36,172.36,43273648
2011-08-26,173.57,177.55,171.75,177.47,177.47,38672980
2011-08-29,175.945,176.01,172.88,173.89,173.89,25265461
2011-08-30,177.7,179.31,176.66,179.1,179.1,23440930
2011-08-31,177.73,179.16,176.33,177.72,177.72,16060320
2011-09-01,177.44,178.26,176.55,177.87,177.87,13900450
2011-09-02,182.82,183.51,182.1,183.238,183.238,19920590
2011-09-06,184.58,185.85,181.31,182.9,182.9,30277990
2011-09-07,176.19,178.09,174.45,177.08,177.08,30759971
2011-09-08,181.39,182.12,179.77,181.81,181.81,20741270
2011-09-09,179.76,181.95,179.17,180.7,180.7,25434730
2011-09-12,178.73,178.99,175.33,176.67,176.67,21812789
2011-09-13,177.52,179.54,176.29,178.54,178.54,17246369
2011-09-14,177.55,177.78,176.05,177.21,177.21,18122801
2011-09-15,174.61,174.85,172.56,174.4,174.4,20896949
2011-09-16,173.72,177.4,173.71,176.03,176.03,20699070
2011-09-19,176.83,176.86,172.2,173.31,173.31,18301051
2011-09-20,173.18,176.37,172.84,175.78,175.78,12677440
2011-09-21,174.79,176.73,173.14,173.59,173.59,16434949
2011-09-22,169.3,170.32,167.48,169.05,169.05,32476260
2011-09-23,164.51,165.72,158.55,159.8,159.8,52986832
2011-09-26,157.12,158.8,154.19,157.58,157.58,42373770
2011-09-27,161.61,162.29,159.91,160.63,160.63,25124131
2011-09-28,160.73,161.29,155.56,156.22,156.22,21775949
2011-09-29,158.12,158.2,156.14,157.7,157.7,17340740
2011-09-30,157.3,160.0,156.33,158.06,158.06,16770760
2011-10-03,161.09,161.56,159.93,160.96,160.96,14200310
2011-10-04,160.95,161.03,155.27,157.644,157.644,24048221
2011-10-05,158.01,160.32,156.4355,159.46,159.46,15141850
2011-10-06,160.02,161.11,158.77,160.49,160.49,12399270
2011-10-07,161.02,161.58,158.23,159.18,159.18,12977970
2011-10-10,162.05,163.32,161.14,163.266,163.266,8984403
2011-10-11,162.21,162.51,161.2133,162.1,162.1,8263355
2011-10-12,163.7,164.0,162.5,163.26,163.26,10875100
2011-10-13,162.3,162.48,160.82,162.3,162.3,8334961
2011-10-14,163.33,163.82,162.25,163.4,163.4,9744928
2011-10-17,164.0,164.16,161.95,162.62,162.62,8765694
2011-10-18,159.96,162.03,158.303,161.84,161.84,15390780
2011-10-19,161.09,161.43,159.55,159.87,159.87,8535872
2011-10-20,157.62,158.42,156.05,157.77,157.77,17367430
2011-10-21,159.99,160.45,158.94,159.52,159.52,13335530
2011-10-24,160.55,161.33,160.22,161.02,161.02,10199740
2011-10-25,161.24,166.34,160.4088,165.59,165.59,22130730
2011-10-26,167.03,168.05,166.42,167.4,167.4,17116279
2011-10-27,167.59,170.29,166.65,169.94,169.94,15879730
2011-10-28,169.64,169.94,168.75,169.62,169.62,9362855
2011-10-31,167.76,168.16,166.91,167.34,167.34,8441563
2011-11-01,164.03,167.41,163.61,167.38,167.38,15335330
2011-11-02,168.59,169.7386,167.3,169.06,169.06,14544690
2011-11-03,171.17,172.04,169.9,171.72,171.72,17610381
2011-11-04,171.03,171.34,170.16,170.85,170.85,11062340
2011-11-07,172.85,175.0,172.71,174.98,174.98,20141410
2011-11-08,174.35,175.46,172.9,173.53,173.53,16062240
2011-11-09,174.28,174.81,171.61,172.07,172.07,12313840
2011-11-10,172.43,172.59,168.83,171.14,171.14,11848640
2011-11-11,172.1,174.05,172.07,173.96,173.96,8730988
2011-11-14,173.74,173.86,172.59,173.2,173.2,5893507
2011-11-15,173.35,173.81,171.9,173.36,173.36,9174027
2011-11-16,171.63,172.96,170.57,171.51,171.51,15099440
2011-11-17,170.04,170.3,166.39,167.1,167.1,28468869
2011-11-18,167.23,168.69,166.6,167.62,167.62,14172900
2011-11-21,166.61,166.71,162.07,163.5,163.5,22035779
2011-11-22,164.74,165.92,164.61,165.31,165.31,12098350
2011-11-23,164.55,165.37,163.12,164.83,164.83,11486860
2011-11-25,163.33,165.2,163.29,163.4,163.4,6097917
2011-11-28,166.93,167.14,165.98,166.63,166.63,12006670
2011-11-29,166.4,167.33,166.08,166.88,166.88,9198815
2011-11-30,169.7,170.3,169.06,170.13,170.13,11821550
2011-12-01,169.85,170.57,168.59,169.63,169.63,11614140
2011-12-02,170.65,170.8,169.36,169.82,169.82,8434991
2011-12-05,169.06,169.95,167.06,167.32,167.32,10256260
2011-12-06,166.31,168.57,165.53,168.18,168.18,10388140
2011-12-07,168.79,169.52,167.76,169.4,169.4,10361270
2011-12-08,166.96,167.63,165.73,165.976,165.976,11734430
2011-12-09,166.43,167.34,166.12,166.4,166.4,8354152
2011-12-12,162.35,162.41,161.14,161.99,161.99,15339340
2011-12-13,161.86,163.19,157.76,158.45,158.45,25040381
2011-12-14,156.785,157.34,152.05,152.89,152.89,42334367
2011-12-15,154.74,154.95,151.71,152.33,152.33,21521850
2011-12-16,154.31,155.37,153.9,155.23,155.23,18126350
2011-12-19,155.48,155.86,154.36,154.87,154.87,12547280
2011-12-20,156.82,157.43,156.58,156.98,156.98,9142414
2011-12-21,156.98,157.53,156.13,157.16,157.16,12005870
2011-12-22,156.35,156.8,155.33,156.04,156.04,9891935
2011-12-23,156.35,156.49,155.82,156.31,156.31,3565685
2011-12-27,155.08,155.55,154.54,154.91,154.91,4924081
2011-12-28,154.05,154.26,150.66,151.03,151.03,16436039
2011-12-29,149.09,150.72,148.27,150.34,150.34,19812141
2011-12-30,152.14,153.75,151.79,151.99,151.99,10853360
2012-01-03,154.76,156.3,154.55,155.92,155.92,13385730
2012-01-04,155.43,157.38,155.34,156.71,156.71,11549680
2012-01-05,155.37,158.03,155.25,157.78,157.78,11621500
2012-01-06,158.59,158.63,156.38,157.2,157.2,9792731
2012-01-09,157.36,157.59,156.19,156.5,156.5,8774676
2012-01-10,158.97,159.47,158.47,158.64,158.64,8371402
2012-01-11,159.34,160.05,158.91,159.67,159.67,7971270
2012-01-12,161.02,161.615,159.83,160.38,160.38,8605949
2012-01-13,159.32,159.59,158.01,159.26,159.26,8911829
2012-01-17,161.17,161.65,160.42,160.5,160.5,8313292
2012-01-18,159.94,161.64,159.68,161.6,161.6,9341192
2012-01-19,160.96,161.45,160.33,161.22,161.22,8119449
2012-01-20,160.5,162.09,160.0,162.07,162.07,11618830
2012-01-23,162.325,163.47,162.325,163.16,163.16,8839091
2012-01-24,161.81,162.37,161.53,162.01,162.01,7502856
2012-01-25,161.07,166.55,160.29,166.42,166.42,28957660
2012-01-26,168.05,168.31,167.05,167.27,167.27,19143721
2012-01-27,167.44,169.0,167.41,168.97,168.97,13031830
2012-01-30,168.19,168.54,167.74,168.03,168.03,8437990
2012-01-31,169.77,169.86,167.72,169.31,169.31,11192470
2012-02-01,169.75,170.18,169.08,169.56,169.56,7734104
2012-02-02,169.96,171.2299,169.68,171.05,171.05,11517560
2012-02-03,169.88,170.14,167.51,167.64,167.64,23362529
2012-02-06,166.96,167.68,166.61,167.18,167.18,8807402
2012-02-07,167.38,170.09,167.15,169.7,169.7,11620890
2012-02-08,169.26,169.96,167.5,168.5,168.5,10655470
2012-02-09,170.01,170.37,167.67,168.02,168.02,16085110
2012-02-10,166.49,167.64,166.33,167.14,167.14,10327530
2012-02-13,167.33,167.94,166.74,167.51,167.51,7092270
2012-02-14,167.65,167.93,166.42,167.12,167.12,7871503
2012-02-15,168.63,168.75,167.19,168.108,168.108,11639880
2012-02-16,166.33,168.14,166.17,168.0,168.0,10733910
2012-02-17,168.29,168.33,166.872,167.35,167.35,7287087
2012-02-21,169.65,171.07,169.59,171.02,171.02,13611180
2012-02-22,170.4,173.17,170.19,172.94,172.94,16676500
2012-02-23,172.69,173.77,172.28,173.02,173.02,11654200
2012-02-24,172.63,173.04,172.0,172.231,172.231,9295621
2012-02-27,172.14,172.92,171.58,171.7,171.7,7348145
2012-02-28,172.84,174.0,172.6,173.49,173.49,12422430
2012-02-29,173.19,173.59,164.0,164.286,164.286,44149000
2012-03-01,166.1,167.72,165.75,166.61,166.61,19208830
2012-03-02,166.23,166.83,165.63,166.34,166.34,9301039
2012-03-05,165.77,165.91,164.55,165.65,165.65,12076850
2012-03-06,162.15,162.81,161.78,162.7,162.7,15541540
2012-03-07,162.76,164.02,162.51,163.63,163.63,9557174
2012-03-08,164.74,165.55,164.05,165.28,165.28,8861838
2012-03-09,163.64,166.57,163.25,166.3799,166.3799,13700550
2012-03-12,165.33,165.58,164.4,165.07,165.07,6532962
2012-03-13,163.94,165.41,161.43,162.3,162.3,20046971
2012-03-14,159.61,160.5758,158.8,159.57,159.57,28826490
2012-03-15,159.73,161.98,159.28,161.08,161.08,12693250
2012-03-16,160.08,161.54,159.9201,161.3,161.3,12549960
2012-03-19,160.85,162.3,160.722,161.59,161.59,9923616
2012-03-20,160.198,161.08,159.77,160.13,160.13,11646210
2012-03-21,160.63,161.48,160.15,160.21,160.21,6676989
2012-03-22,158.2,159.71,158.13,159.57,159.57,11110270
2012-03-23,160.88,161.88,160.52,161.5329,161.5329,10689780
2012-03-26,163.17,164.54,162.95,164.4,164.4,13226680
2012-03-27,164.52,164.89,163.13,163.24,163.24,10915620
2012-03-28,162.71,162.98,160.66,161.51,161.51,11015050
2012-03-29,161.14,161.46,159.81,161.28,161.28,11029510
2012-03-30,161.67,162.33,161.22,162.12,162.12,7534085
2012-04-02,161.96,163.56,161.81,162.94,162.94,7546838
2012-04-03,163.23,163.23,159.17,159.89,159.89,16825939
2012-04-04,157.7,158.03,156.58,157.21,157.21,15982620
2012-04-05,157.87,158.68,157.78,158.31,158.31,8969414
2012-04-09,159.72,160.01,158.91,159.37,159.37,8252560
2012-04-10,159.66,161.58,158.47,161.1,161.1,14290540
2012-04-11,161.2,161.54,160.74,161.065,161.065,10006800
2012-04-12,160.74,163.2,160.455,162.7,162.7,9232566
2012-04-13,162.451,162.46,160.17,160.85,160.85,10041540
2012-04-16,160.51,161.18,159.53,160.46,160.46,6672052
2012-04-17,160.54,160.96,158.75,160.27,160.27,7587036
2012-04-18,159.49,160.12,159.07,159.31,159.31,7465205
2012-04-19,160.0,160.64,159.02,159.43,159.43,9917181
2012-04-20,159.25,159.91,159.2,159.54,159.54,9149353
2012-04-23,158.2,159.18,157.88,159.07,159.07,8880963
2012-04-24,159.63,160.18,159.29,159.3,159.3,5201496
2012-04-25,159.48,159.96,157.76,159.62,159.62,15099490
2012-04-26,160.46,161.38,160.1,161.03,161.03,10919980
2012-04-27,161.78,161.97,161.15,161.38,161.38,8897261
2012-04-30,160.49,161.88,160.31,161.88,161.88,8013886
2012-05-01,162.09,162.18,160.89,161.32,161.32,7418787
2012-05-02,160.74,160.78,159.76,160.59,160.59,5637825
2012-05-03,159.16,159.48,158.37,158.97,158.97,13176790
2012-05-04,158.82,159.98,158.57,159.47,159.47,11390540
2012-05-07,159.31,159.34,158.45,159.08,159.08,4927777
2012-05-08,156.61,156.73,154.92,156.0,156.0,17858260
2012-05-09,154.1,154.98,153.6,154.47,154.47,13870520
2012-05-10,155.16,155.57,154.64,154.77,154.77,7462416
2012-05-11,153.44,154.47,153.24,153.56,153.56,8286155
2012-05-14,151.58,152.03,151.0,151.33,151.33,13392860
2012-05-15,151.16,151.44,149.63,149.74,149.74,13363040
2012-05-16,149.48,150.7,148.6,149.46,149.46,16759150
2012-05-17,150.83,153.4,150.38,152.8,152.8,18086330
2012-05-18,154.46,155.13,153.97,154.55,154.55,12996220
2012-05-21,154.11,154.95,153.86,154.65,154.65,7542312
2012-05-22,153.59,154.42,151.55,152.08,152.08,11309550
2012-05-23,151.5,151.8401,148.84,151.62,151.62,18854420
2012-05-24,152.71,152.91,150.62,151.41,151.41,9701115
2012-05-25,151.89,152.85,151.63,152.68,152.68,6214306
2012-05-29,153.47,153.62,150.25,151.02,151.02,11246610
2012-05-30,149.74,152.38,148.53,151.91,151.91,16771051
2012-05-31,152.028,152.71,150.62,151.62,151.62,10116270
2012-06-01,155.41,158.31,154.87,157.5,157.5,27408029
2012-06-04,157.26,157.44,156.16,157.32,157.32,11463570
2012-06-05,156.92,157.27,156.42,157.14,157.14,8095217
2012-06-06,158.9,159.2,156.59,157.21,157.21,15771540
2012-06-07,157.82,157.84,153.19,154.5,154.5,18925631
2012-06-08,153.02,154.83,153.0,154.73,154.73,11077300
2012-06-11,154.83,155.4,153.55,155.36,155.36,9166593
2012-06-12,155.49,157.04,155.45,156.4594,156.4594,13248770
2012-06-13,157.61,157.65,156.42,157.12,157.12,10111310
2012-06-14,157.64,157.94,156.24,157.75,157.75,11508280
2012-06-15,157.75,158.46,157.42,157.84,157.84,13099910
2012-06-18,157.46,158.21,156.54,157.93,157.93,6733818
2012-06-19,158.0,158.14,156.97,157.16,157.16,6946950
2012-06-20,156.0,157.37,154.26,155.97,155.97,16975699
2012-06-21,153.73,154.2299,151.8,152.015,152.015,14449900
2012-06-22,152.04,152.7,151.21,152.64,152.64,6755920
2012-06-25,152.58,154.16,152.25,153.76,153.76,6190122
2012-06-26,153.03,153.3,152.13,152.62,152.62,6123864
2012-06-27,153.3,153.45,152.15,152.83,152.83,4840649
2012-06-28,151.9,152.16,150.15,151.05,151.05,8757976
2012-06-29,155.13,155.95,154.52,155.19,155.19,10378680
2012-07-02,154.67,155.55,154.341,155.09,155.09,3656938
2012-07-03,156.97,157.72,156.77,157.46,157.46,5037638
2012-07-05,155.44,156.4,154.45,155.68,155.68,5363448
2012-07-06,154.23,154.49,152.95,153.71,153.71,7047172
2012-07-09,153.61,154.58,153.43,154.04,154.04,4469753
2012-07-10,155.13,155.1799,151.78,152.15,152.15,9747832
2012-07-11,152.58,153.45,152.02,152.99,152.99,6841266
2012-07-12,151.26,153.07,150.85,152.59,152.59,11401940
2012-07-13,153.45,154.94,153.44,154.14,154.14,5081627
2012-07-16,154.43,154.75,153.98,154.21,154.21,5712180
2012-07-17,154.01,154.5,152.45,153.47,153.47,13025510
2012-07-18,152.67,153.6,152.4,153.05,153.05,6810530
2012-07-19,153.73,154.32,152.93,153.38,153.38,6074072
2012-07-20,152.97,154.0,152.75,153.67,153.67,8584144
2012-07-23,152.5,153.33,152.29,153.03,153.03,5258026
2012-07-24,153.63,153.8,152.2,153.52,153.52,6538898
2012-07-25,155.33,156.29,155.05,155.67,155.67,9359439
2012-07-26,156.7,157.26,156.05,156.77,156.77,7343552
2012-07-27,157.64,157.96,156.66,157.54,157.54,9772627
2012-07-30,156.84,157.66,154.81,157.43,157.43,7212323
2012-07-31,157.6,157.72,156.26,156.49,156.49,10922930
2012-08-01,155.18,155.79,154.41,155.14,155.14,12715530
2012-08-02,154.66,155.14,153.61,154.13,154.13,11541460
2012-08-03,154.65,155.89,154.42,155.55,155.55,10670690
2012-08-06,155.92,156.73,155.74,156.3,156.3,4611957
2012-08-07,156.37,156.63,156.01,156.28,156.28,5926075
2012-08-08,156.49,156.86,156.26,156.48,156.48,3621101
2012-08-09,156.36,157.0,156.28,156.99,156.99,3181289
2012-08-10,156.9,157.82,156.6523,157.18,157.18,4607931
2012-08-13,157.05,157.45,155.9,155.99,155.99,4574544
2012-08-14,155.06,155.58,154.83,155.13,155.13,5077288
2012-08-15,155.32,155.82,155.271,155.63,155.63,4993836
2012-08-16,155.85,157.09,155.5,156.56,156.56,8839173
2012-08-17,157.06,157.07,156.22,156.72,156.72,7812003
2012-08-20,156.52,157.395,156.47,157.26,157.26,7847653
2012-08-21,158.81,159.2,158.69,158.83,158.83,11840970
2012-08-22,159.19,160.63,158.51,160.54,160.54,13605890
2012-08-23,161.41,162.451,161.23,161.89,161.89,17237600
2012-08-24,161.87,162.35,161.33,161.97,161.97,8498884
2012-08-27,161.77,162.294,161.34,161.36,161.36,5381661
2012-08-28,161.63,162.19,161.3,161.64,161.64,5076681
2012-08-29,161.6,161.68,160.18,160.59,160.59,9287659
2012-08-30,161.26,161.31,160.01,160.52,160.52,5814388
2012-08-31,161.14,164.22,159.56,164.22,164.22,18026340
2012-09-04,164.11,164.77,163.66,164.48,164.48,12040820
2012-09-05,164.12,164.39,163.81,164.31,164.31,8404698
2012-09-06,165.16,165.78,164.8,164.89,164.89,12967070
2012-09-07,167.77,169.0,167.37,168.44,168.44,19140039
2012-09-10,167.84,168.14,167.225,167.29,167.29,7765406
2012-09-11,168.22,168.53,167.79,167.9,167.9,7524037
2012-09-12,168.84,168.87,167.25,167.92,167.92,9946205
2012-09-13,167.87,171.91,166.3,171.31,171.31,28336811
2012-09-14,171.89,172.23,171.31,171.8,171.8,16848730
2012-09-17,171.77,171.96,170.06,170.4,170.4,11284770
2012-09-18,170.81,171.95,170.67,171.72,171.72,12486510
2012-09-19,171.88,172.03,171.19,171.74,171.74,9126852
2012-09-20,171.03,171.69,170.226,171.47,171.47,8707693
2012-09-21,172.93,173.185,171.54,171.96,171.96,13362740
2012-09-24,170.63,171.39,170.57,171.05,171.05,9181995
2012-09-25,171.76,172.11,170.5,170.77,170.77,10365210
2012-09-26,169.46,170.05,168.34,169.81,169.81,12068150
2012-09-27,171.02,172.6,170.76,172.34,172.34,10540850
2012-09-28,172.03,172.48,171.34,171.89,171.89,9683631
2012-10-01,172.83,173.62,171.77,172.295,172.295,10679410
2012-10-02,172.47,172.7,171.59,172.1,172.1,7057027
2012-10-03,172.51,172.61,171.89,172.41,172.41,5653766
2012-10-04,173.2,174.07,172.916,173.61,173.61,10379220
2012-10-05,172.87,173.37,172.01,172.62,172.62,8871226
2012-10-08,171.75,172.28,171.68,172.05,172.05,3750943
2012-10-09,171.86,172.17,170.56,170.99,170.99,7755671
2012-10-10,170.54,171.34,170.3,170.84,170.84,7365329
2012-10-11,171.3,171.95,171.13,171.32,171.32,5716851
2012-10-12,171.15,171.41,169.81,170.06,170.06,8267221
2012-10-15,169.01,169.1,167.53,168.35,168.35,10711010
2012-10-16,168.87,169.45,168.67,169.42,169.42,6208398
2012-10-17,169.21,169.95,168.92,169.54,169.54,5203352
2012-10-18,168.8,169.31,168.59,168.7891,168.7891,6612656
2012-10-19,168.42,168.45,166.23,166.97,166.97,13861460
2012-10-22,167.08,167.63,167.0301,167.58,167.58,6371628
2012-10-23,166.04,166.06,165.12,165.4258,165.4258,11892480
2012-10-24,165.78,165.83,164.6,164.8603,164.8603,10794800
2012-10-25,166.29,166.53,165.77,166.02,166.02,7015538
2012-10-26,166.23,166.6,165.77,165.93,165.93,6441756
2012-10-31,166.47,167.28,166.38,166.83,166.83,4682926
2012-11-01,167.02,167.04,166.04,166.07,166.07,6021021
2012-11-02,164.45,164.47,162.3,162.6,162.6,14763530
2012-11-05,163.12,163.42,162.81,163.23,163.23,6158684
2012-11-06,163.91,166.77,163.61,166.3,166.3,16051730
2012-11-07,166.87,167.13,165.04,166.49,166.49,13198270
2012-11-08,166.14,168.16,166.12,167.99,167.99,8828984
2012-11-09,168.21,168.54,167.55,167.82,167.82,7361849
2012-11-12,168.1,168.28,167.21,167.45,167.45,5652156
2012-11-13,166.66,167.9399,166.63,167.1,167.1,6471314
2012-11-14,167.46,168.04,166.78,167.14,167.14,8513623
2012-11-15,167.0,167.055,165.18,166.09,166.09,10023200
2012-11-16,165.74,166.36,165.47,165.88,165.88,6944889
2012-11-19,167.75,168.16,167.38,167.87,167.87,6771690
2012-11-20,167.75,168.02,166.8401,167.39,167.39,5502104
2012-11-21,167.19,167.8199,166.97,167.56,167.56,3811125
2012-11-23,167.97,170.01,167.8,169.61,169.61,6110069
2012-11-26,169.56,169.73,169.25,169.43,169.43,5377750
2012-11-27,169.14,169.4,168.62,168.71,168.71,7320515
2012-11-28,165.43,166.84,165.385,166.55,166.55,12881770
2012-11-29,167.14,167.5,166.85,167.1817,167.1817,7447145
2012-11-30,166.94,167.22,165.53,166.05,166.05,8414250
2012-12-03,166.11,166.92,166.04,166.1267,166.1267,6364533
2012-12-04,164.06,164.83,163.87,164.42,164.42,10212310
2012-12-05,164.22,164.5,163.2,164.12,164.12,10649110
2012-12-06,163.72,165.0,163.53,164.5,164.5,7301571
2012-12-07,164.88,165.22,164.6,165.165,165.165,7290613
2012-12-10,166.11,166.16,165.715,165.8,165.8,4649159
2012-12-11,165.45,165.66,165.12,165.65,165.65,4725750
2012-12-12,166.2,166.94,165.36,165.77,165.77,14172340
2012-12-13,163.865,164.895,163.78,164.37,164.37,9333254
2012-12-14,164.17,164.48,164.02,164.13,164.13,5352140
2012-12-17,164.16,164.62,164.13,164.44,164.44,8177388
2012-12-18,164.35,164.43,160.9,162.08,162.08,24000529
2012-12-19,161.31,162.22,161.11,161.69,161.69,12995520
2012-12-20,159.87,160.12,158.39,159.73,159.73,25148779
2012-12-21,159.82,160.76,159.78,160.33,160.33,13445840
2012-12-24,160.88,160.96,160.47,160.62,160.62,3699741
2012-12-26,161.36,161.485,160.64,160.78,160.78,4967628
2012-12-27,160.23,161.31,160.05,161.16,161.16,8938697
2012-12-28,160.94,160.97,160.15,160.54,160.54,6854193
2012-12-31,160.9,162.75,160.77,162.0204,162.0204,11789680
2013-01-02,163.49,164.14,163.14,163.17,163.17,10436880
2013-01-03,162.48,162.881,160.83,161.2,161.2,16117490
2013-01-04,159.52,160.635,158.89,160.44,160.44,19179859
2013-01-07,159.36,159.96,159.15,159.43,159.43,9362473
2013-01-08,160.46,160.99,160.01,160.56,160.56,7696233
2013-01-09,160.77,160.83,159.905,160.49,160.49,8337073
2013-01-10,161.61,162.56,161.61,161.98,161.98,11432560
2013-01-11,161.86,161.9,160.1084,161.06,161.06,13676630
2013-01-14,161.88,161.97,161.13,161.54,161.54,7289790
2013-01-15,162.8,163.17,162.355,162.558,162.558,10085280
2013-01-16,162.42,163.03,162.15,162.65,162.65,9219229
2013-01-17,161.94,164.4,161.83,163.35,163.35,14913400
2013-01-18,163.95,163.97,163.019,163.09,163.09,10038830
2013-01-22,163.48,164.22,163.37,163.67,163.67,8590883
2013-01-23,163.92,163.95,163.0,163.21,163.21,6698624
2013-01-24,161.98,162.27,161.18,161.42,161.42,13191990
2013-01-25,160.56,161.04,160.31,160.65,160.65,9037561
2013-01-28,160.24,160.73,160.02,160.29,160.29,8497269
2013-01-29,161.01,161.31,160.69,160.99,160.99,7366469
2013-01-30,162.68,163.04,162.0301,162.19,162.19,12015940
2013-01-31,161.62,161.81,160.47,161.2,161.2,9336017
2013-02-01,162.66,162.77,160.87,161.45,161.45,12904580
2013-02-04,161.19,162.42,161.15,162.0,162.0,7360341
2013-02-05,162.75,162.795,161.33,161.96,161.96,8979388
2013-02-06,162.13,162.63,161.99,162.39,162.39,6147987
2013-02-07,161.24,162.96,161.13,161.84,161.84,12828580
2013-02-08,161.46,162.02,161.2,161.57,161.57,6086536
2013-02-11,159.78,159.98,159.2499,159.7,159.7,12147330
2013-02-12,159.35,160.05,158.88,159.89,159.89,7632726
2013-02-13,159.6,159.64,158.77,159.05,159.05,8962733
2013-02-14,159.31,159.6499,158.04,158.348,158.348,12415060
2013-02-15,156.42,156.58,154.56,155.76,155.76,23374859
2013-02-19,155.8,155.84,154.93,155.33,155.33,11809400
2013-02-20,153.9,153.93,150.841,151.44,151.44,30923939
2013-02-21,152.0,153.41,151.899,152.62,152.62,17970029
2013-02-22,152.26,152.99,151.93,152.97,152.97,10093910
2013-02-25,153.52,154.56,153.31,154.34,154.34,9488190
2013-02-26,154.39,156.8,153.32,156.22,156.22,18182740
2013-02-27,155.46,155.6,154.08,154.57,154.57,9604799
2013-02-28,154.09,154.16,152.39,153.0,153.0,14866490
2013-03-01,153.16,153.61,152.14,152.44,152.44,11179550
2013-03-04,152.45,152.74,151.87,152.3,152.3,6643752
2013-03-05,153.1,153.39,152.11,152.38,152.38,10805640
2013-03-06,152.17,153.38,151.65,153.23,153.23,10862680
2013-03-07,153.02,153.21,152.4,152.69,152.69,6593847
2013-03-08,151.61,153.29,151.403,152.71,152.71,11860090
2013-03-11,152.82,153.06,152.65,152.99,152.99,4810698
2013-03-12,154.07,154.69,153.9,154.19,154.19,7265976
2013-03-13,154.26,154.604,153.423,153.66,153.66,7436946
2013-03-14,153.02,154.17,153.01,153.68,153.68,11420240
2013-03-15,154.12,154.72,153.97,154.001,154.001,5701573
2013-03-18,155.7,155.93,155.0,155.38,155.38,9303073
2013-03-19,155.22,156.34,155.1,156.08,156.08,11027600
2013-03-20,155.53,155.83,154.88,155.37,155.37,8221933
2013-03-21,156.17,156.43,155.879,156.246,156.246,4992610
2013-03-22,155.451,155.99,155.42,155.55,155.55,4746376
2013-03-25,154.71,155.57,154.36,155.24,155.24,6820543
2013-03-26,154.47,154.91,154.28,154.72,154.72,7389042
2013-03-27,154.67,155.62,154.509,155.36,155.36,6718518
2013-03-28,154.5,154.8,154.22,154.47,154.47,6851500
2013-04-01,154.57,154.93,154.3,154.67,154.67,4289036
2013-04-02,153.09,153.31,152.26,152.43,152.43,9398854
2013-04-03,152.02,152.53,149.92,150.73,150.73,15740720
2013-04-04,149.65,150.6,149.44,150.29,150.29,12429900
2013-04-05,151.54,152.9599,151.07,152.81,152.81,14491940
2013-04-08,152.39,152.59,151.6,152.16,152.16,6246884
2013-04-09,152.32,153.85,152.28,153.34,153.34,7047106
2013-04-10,152.67,152.71,150.5799,150.75,150.75,18515670
2013-04-11,150.76,151.71,150.629,151.05,151.05,8063117
2013-04-12,148.65,148.8499,143.426,143.95,143.95,55601770
2013-04-15,136.0,136.75,130.51,131.31,131.31,93804141
2013-04-16,134.9,135.11,131.76,132.8,132.8,45650754
2013-04-17,133.81,134.95,132.32,132.87,132.87,25444020
2013-04-18,134.12,135.31,133.62,134.3,134.3,20044070
2013-04-19,136.0,136.02,134.6,135.47,135.47,15666380
2013-04-22,138.15,138.269,137.22,137.9,137.9,16572850
2013-04-23,137.22,137.24,135.85,136.88,136.88,14650670
2013-04-24,138.09,138.55,137.45,138.3699,138.3699,10372520
2013-04-25,140.0,142.08,139.785,141.63,141.63,18895400
2013-04-26,142.3,143.43,140.04,140.91,140.91,19313590
2013-04-29,142.135,142.66,141.485,142.3,142.3,11006190
2013-04-30,142.27,142.83,141.55,142.77,142.77,11287220
2013-05-01,140.59,141.55,139.3001,141.11,141.11,13939150
2013-05-02,142.0,142.47,141.642,141.92,141.92,11504270
2013-05-03,141.7,142.71,141.4,142.09,142.09,11671920
2013-05-06,142.33,142.465,141.63,142.15,142.15,7734080
2013-05-07,140.38,140.64,139.37,140.38,140.38,13630080
2013-05-08,141.78,142.81,141.49,142.46,142.46,11163080
2013-05-09,141.33,142.36,140.51,140.81,140.81,8265283
2013-05-10,138.22,139.75,137.26,139.6,139.6,14657800
2013-05-13,138.46,138.966,138.16,138.43,138.43,6719359
2013-05-14,137.95,139.16,137.64,137.81,137.81,9897149
2013-05-15,136.59,136.98,134.23,134.63,134.63,19068471
2013-05-16,133.18,134.48,133.0,134.09,134.09,12761980
2013-05-17,133.17,133.48,131.02,131.07,131.07,20349770
2013-05-20,130.88,135.32,130.85,135.12,135.12,21593910
2013-05-21,132.17,133.65,131.452,132.88,132.88,14542460
2013-05-22,134.18,136.77,130.95,131.94,131.94,25982359
2013-05-23,134.51,134.84,133.12,134.61,134.61,10272770
2013-05-24,134.11,134.51,133.64,133.76,133.76,5522984
2013-05-28,133.68,135.57,132.8,133.49,133.49,12466650
2013-05-29,134.09,134.91,133.64,134.83,134.83,8765194
2013-05-30,136.67,137.11,136.26,136.7,136.7,8612081
2013-05-31,135.71,136.05,133.89,133.92,133.92,9726565
2013-06-03,134.77,136.98,134.43,136.51,136.51,9176632
2013-06-04,135.21,135.4399,134.27,135.23,135.23,5506215
2013-06-05,135.47,136.37,135.01,135.52,135.52,7444993
2013-06-06,135.39,137.62,134.98,136.53,136.53,9848311
2013-06-07,134.11,134.62,133.18,133.28,133.28,11057790
2013-06-10,133.3,134.28,132.99,133.94,133.94,6142740
2013-06-11,132.31,133.51,132.245,133.25,133.25,7201203
2013-06-12,132.95,134.83,132.83,134.25,134.25,6552182
2013-06-13,133.31,134.2,132.82,133.74,133.74,7164767
2013-06-14,134.0,134.6,133.88,134.43,134.43,4279367
2013-06-17,133.89,134.0599,133.5201,133.77,133.77,4077112
2013-06-18,132.72,132.9601,131.5303,132.13,132.13,7381824
2013-06-19,132.58,133.15,130.38,130.59,130.59,13017730
2013-06-20,125.218,126.38,123.33,123.6,123.6,28872051
2013-06-21,125.16,125.57,124.46,125.05,125.05,16602080
2013-06-24,124.31,124.7,123.31,123.93,123.93,12751720
2013-06-25,123.65,123.9,122.88,123.47,123.47,9373477
2013-06-26,119.88,119.9,118.06,118.28,118.28,24748760
2013-06-27,119.1,119.51,115.65,115.94,115.94,30001811
2013-06-28,115.22,119.33,114.68,119.11,119.11,32986539
2013-07-01,119.94,121.95,119.38,121.13,121.13,15952480
2013-07-02,121.34,121.47,119.78,120.05,120.05,10553430
2013-07-03,120.7,121.77,120.54,120.74,120.74,6750238
2013-07-05,118.08,118.18,116.74,118.09,118.09,11593510
2013-07-08,119.09,119.66,118.93,119.51,119.51,8654731
2013-07-09,120.84,121.51,120.05,120.62,120.62,8203008
2013-07-10,121.15,122.35,120.59,120.95,120.95,14697060
2013-07-11,124.26,124.365,123.47,124.24,124.24,11282190
2013-07-12,123.52,124.3,123.32,124.13,124.13,6584026
2013-07-15,124.08,124.39,123.84,124.18,124.18,4134878
2013-07-16,124.76,125.21,124.33,124.89,124.89,5579678
2013-07-17,125.04,125.7,122.73,123.32,123.32,10887040
2013-07-18,124.11,124.52,123.78,124.01,124.01,6152047
2013-07-19,124.89,125.42,124.65,125.11,125.11,5768261
2013-07-22,127.65,129.46,127.59,128.84,128.84,10858300
2013-07-23,128.7,130.1399,128.35,129.71,129.71,8826014
2013-07-24,129.17,129.3999,126.873,127.48,127.48,9979036
2013-07-25,127.7,128.87,127.64,128.67,128.67,4725104
2013-07-26,128.11,128.97,126.78,128.78,128.78,6149386
2013-07-29,128.45,128.78,128.25,128.47,128.47,3558052
2013-07-30,127.95,128.31,127.22,128.12,128.12,4489261
2013-07-31,127.76,128.92,126.13,127.96,127.96,16016250
2013-08-01,127.84,127.89,126.33,126.61,126.61,10564260
2013-08-02,126.74,127.25,126.32,126.36,126.36,6466232
2013-08-05,126.51,126.64,125.34,125.7,125.7,4007090
2013-08-06,124.33,124.55,123.55,123.97,123.97,6021417
2013-08-07,124.0,124.6,123.85,124.15,124.15,5306329
2013-08-08,124.78,126.99,124.77,126.86,126.86,8661287
2013-08-09,126.51,127.27,126.3,126.86,126.86,6194029
2013-08-12,129.57,129.71,128.88,129.13,129.13,7422561
2013-08-13,128.49,128.6499,127.38,127.74,127.74,7339540
2013-08-14,127.66,129.07,127.57,129.0,129.0,8713159
2013-08-15,128.06,132.36,127.98,131.69,131.69,17226250
2013-08-16,132.56,133.27,131.39,132.58,132.58,14447040
2013-08-19,132.33,132.5,131.59,132.01,132.01,8120303
2013-08-20,132.035,133.13,132.02,132.45,132.45,7809099
2013-08-21,131.74,133.23,131.51,132.07,132.07,10726610
2013-08-22,132.56,133.46,132.27,132.81,132.81,5742699
2013-08-23,132.58,135.24,132.5,134.9,134.9,11623320
2013-08-26,134.88,135.6,134.15,135.45,135.45,7692077
2013-08-27,136.94,137.55,136.52,136.75,136.75,11283240
2013-08-28,137.21,137.46,136.66,136.71,136.71,13652140
2013-08-29,136.12,136.55,135.42,135.87,135.87,7943156
2013-08-30,134.65,135.71,134.44,134.62,134.62,7689483
2013-09-03,135.46,136.789,135.025,136.42,136.42,8101531
2013-09-04,134.61,134.84,133.72,134.66,134.66,7789181
2013-09-05,134.13,134.35,131.8,132.2,132.2,11126270
2013-09-06,133.42,134.4,133.33,134.15,134.15,8449142
2013-09-09,134.13,134.32,133.67,133.91,133.91,5090471
2013-09-10,131.82,132.0,131.11,131.74,131.74,8433006
2013-09-11,131.58,131.81,131.26,131.7,131.7,5049932
2013-09-12,128.62,128.78,127.61,127.67,127.67,12943980
2013-09-13,127.16,127.96,126.21,127.82,127.82,12060320
2013-09-16,127.48,128.02,126.335,126.45,126.45,9987682
2013-09-17,126.81,126.99,126.11,126.5,126.5,8135454
2013-09-18,125.32,132.16,125.15,132.01,132.01,24825330
2013-09-19,132.0,132.78,131.22,131.75,131.75,14353860
2013-09-20,130.6,130.91,127.9,127.96,127.96,19558100
2013-09-23,127.52,128.44,127.33,127.55,127.55,7425634
2013-09-24,126.4,128.21,126.34,127.66,127.66,7350109
2013-09-25,127.57,129.21,127.52,128.79,128.79,7519080
2013-09-26,128.61,128.99,127.32,127.79,127.79,9492821
2013-09-27,128.86,129.58,128.84,128.97,128.97,7454162
2013-09-30,127.95,129.14,127.7,128.18,128.18,8982403
2013-10-01,125.25,125.26,123.81,124.59,124.59,16721141
2013-10-02,125.37,127.81,125.34,127.06,127.06,11997200
2013-10-03,126.77,127.69,126.22,127.18,127.18,11632920
2013-10-04,127.05,127.15,126.0,126.53,126.53,6924926
2013-10-07,127.25,128.33,127.12,127.64,127.64,6737848
2013-10-08,127.79,128.45,127.21,127.4,127.4,6999743
2013-10-09,126.21,126.89,124.97,126.11,126.11,10707750
2013-10-10,125.34,125.83,124.1,124.27,124.27,10523560
2013-10-11,122.37,122.81,121.85,122.6,122.6,15972630
2013-10-14,123.9,124.24,122.81,122.83,122.83,6118213
2013-10-15,122.28,124.36,122.22,123.73,123.73,8384160
2013-10-16,123.52,123.89,122.51,123.54,123.54,8525277
2013-10-17,127.01,127.86,126.81,127.42,127.42,11785090
2013-10-18,126.87,127.33,126.6,126.85,126.85,5350480
2013-10-21,127.13,127.3356,126.79,126.98,126.98,3395173
2013-10-22,128.25,129.81,128.22,129.34,129.34,8852593
2013-10-23,128.55,129.09,128.35,128.69,128.69,5099155
2013-10-24,129.41,130.53,129.41,129.9,129.9,10225800
2013-10-25,129.53,130.92,129.46,130.46,130.46,8771039
2013-10-28,130.41,131.44,130.1,130.56,130.56,6817414
2013-10-29,130.164,130.59,129.57,129.77,129.77,5334537
2013-10-30,130.83,131.22,128.81,129.6,129.6,8895989
2013-10-31,128.04,128.49,127.3,127.74,127.74,7753276
2013-11-01,126.86,127.17,126.05,126.95,126.95,9571847
2013-11-04,127.18,127.52,126.74,126.81,126.81,3819272
2013-11-05,126.71,126.86,126.0,126.56,126.56,4942373
2013-11-06,127.11,127.36,126.92,127.2,127.2,3544927
2013-11-07,126.14,126.85,125.86,126.16,126.16,7700172
2013-11-08,124.46,124.46,123.62,124.279,124.279,8427259
2013-11-11,123.92,123.97,123.66,123.87,123.87,3277698
2013-11-12,123.51,123.87,121.7256,122.45,122.45,7705623
2013-11-13,122.97,123.24,122.39,122.85,122.85,5966976
2013-11-14,123.92,124.91,123.88,124.27,124.27,7669667
2013-11-15,124.16,124.52,124.07,124.32,124.32,4664240
2013-11-18,123.7,123.96,122.55,122.9,122.9,6241279
2013-11-19,122.97,123.4,122.83,122.95,122.95,3666451
2013-11-20,121.67,122.44,119.76,120.12,120.12,14281010
2013-11-21,119.81,120.35,119.31,119.94,119.94,7562937
2013-11-22,120.24,120.4,119.82,119.92,119.92,6776461
2013-11-25,119.18,121.0,119.13,120.46,120.46,7271846
2013-11-26,119.84,120.4,119.59,119.82,119.82,9053320
2013-11-27,120.49,120.69,119.25,119.46,119.46,6144568
2013-11-29,120.67,121.05,120.62,120.7,120.7,2364671
2013-12-02,119.2,119.29,117.5,117.58,117.58,10297130
2013-12-03,117.58,118.31,117.23,117.96,117.96,7004847
2013-12-04,118.33,120.76,118.16,119.96,119.96,9110691
2013-12-05,118.2,119.24,117.41,118.3,118.3,10254680
2013-12-06,118.86,119.26,118.01,118.55,118.55,7910040
2013-12-09,118.99,119.92,118.9496,119.72,119.72,5510392
2013-12-10,122.14,122.32,121.47,121.82,121.82,9164469
2013-12-11,121.49,121.81,120.76,120.86,120.86,9934908
2013-12-12,118.61,118.82,118.03,118.29,118.29,8810811
2013-12-13,118.89,119.49,118.761,119.38,119.38,6484891
2013-12-16,119.26,120.77,118.97,119.69,119.69,8193324
2013-12-17,118.96,119.9001,118.37,118.65,118.65,8589144
2013-12-18,119.0,120.05,117.29,117.61,117.61,16265050
2013-12-19,115.97,116.06,114.5,114.82,114.82,15984760
2013-12-20,115.37,116.469,115.06,115.94,115.94,14697720
2013-12-23,115.61,116.12,115.43,115.57,115.57,6244146
2013-12-24,115.79,116.29,115.71,116.1,116.1,3353940
2013-12-26,117.23,117.23,116.65,116.74,116.74,3868528
2013-12-27,117.31,117.38,116.85,117.12,117.12,4207991
2013-12-30,116.37,116.4,115.18,115.39,115.39,6713023
2013-12-31,114.61,117.13,114.46,116.12,116.12,12838230
2014-01-02,117.93,118.73,117.75,118.0,118.0,7570508
2014-01-03,118.64,119.62,118.59,119.29,119.29,5879119
2014-01-06,119.76,120.39,117.11,119.5,119.5,10107730
2014-01-07,118.46,118.92,118.1301,118.82,118.82,6435823
2014-01-08,117.99,118.52,117.5,118.12,118.12,7432317
2014-01-09,118.11,118.69,117.99,118.46,118.46,3972991
2014-01-10,119.72,120.43,119.58,120.26,120.26,7994809
2014-01-13,120.27,121.04,120.2,121.02,121.02,5877632
2014-01-14,120.54,121.06,119.72,119.89,119.89,7506301
2014-01-15,119.19,119.8099,119.1126,119.66,119.66,5476409
2014-01-16,119.84,119.96,119.57,119.79,119.79,3950105
2014-01-17,120.35,121.02,120.2,120.93,120.93,7926430
2014-01-21,119.23,119.97,119.23,119.7,119.7,6765085
2014-01-22,119.65,119.768,119.17,119.19,119.19,4898314
2014-01-23,120.97,122.02,120.97,121.79,121.79,11038740
2014-01-24,122.06,122.5,121.55,122.29,122.29,8540453
2014-01-27,121.65,122.06,120.72,120.96,120.96,7533917
2014-01-28,121.32,121.4,120.41,120.95,120.95,5156327
2014-01-29,122.19,122.51,121.13,122.47,122.47,12262530
2014-01-30,119.67,120.22,119.6001,119.77,119.77,8752038
2014-01-31,120.65,120.86,119.46,120.09,120.09,7984890
2014-02-03,120.47,122.11,120.32,121.32,121.32,9270176
2014-02-04,120.41,121.09,120.3888,120.99,120.99,7029192
2014-02-05,121.76,121.88,120.73,121.29,121.29,6801879
2014-02-06,121.38,121.51,120.78,121.24,121.24,4748431
2014-02-07,121.24,122.24,121.23,122.17,122.17,6683018
2014-02-10,122.8,123.16,122.72,122.92,122.92,7937659
2014-02-11,123.38,124.75,123.36,124.36,124.36,11558010
2014-02-12,124.4,124.98,124.13,124.43,124.43,6654131
2014-02-13,124.7,125.6,124.66,125.49,125.49,9263314
2014-02-14,126.99,127.38,126.75,127.15,127.15,11180950
2014-02-18,127.42,127.75,127.09,127.4,127.4,7690800
2014-02-19,127.26,127.45,126.16,126.27,126.27,9390584
2014-02-20,126.75,127.75,126.4,127.6,127.6,10578230
2014-02-21,127.57,128.07,127.15,127.58,127.58,7306796
2014-02-24,128.51,129.07,128.34,128.99,128.99,12116210
2014-02-25,128.62,129.53,128.57,129.21,129.21,5787114
2014-02-26,128.49,128.76,127.42,128.11,128.11,7057157
2014-02-27,128.4,128.8,127.89,128.2,128.2,5067646
2014-02-28,128.27,128.35,127.15,127.62,127.62,10588740
2014-03-03,130.0,130.5856,129.81,130.29,130.29,11785010
2014-03-04,128.54,129.24,128.3236,128.68,128.68,6350420
2014-03-05,128.71,129.34,128.58,128.89,128.89,4880728
2014-03-06,129.71,130.47,129.47,130.17,130.17,5417902
2014-03-07,128.25,129.23,128.21,129.09,129.09,7577498
2014-03-10,128.88,129.61,128.7804,129.13,129.13,4170499
2014-03-11,130.01,130.15,128.9301,129.86,129.86,7295113
2014-03-12,131.56,132.12,131.39,131.76,131.76,11107630
2014-03-13,131.69,132.54,131.56,132.21,132.21,8007721
2014-03-14,133.68,133.69,132.35,133.1,133.1,11949430
2014-03-17,132.73,133.22,131.22,131.64,131.64,14630110
2014-03-18,130.39,131.27,130.33,130.62,130.62,6424385
2014-03-19,129.55,129.68,127.94,128.09,128.09,12932860
2014-03-20,127.78,128.41,127.58,127.86,127.86,7690848
2014-03-21,129.04,129.09,128.41,128.47,128.47,7246489
2014-03-24,126.87,127.14,126.03,126.18,126.18,13076490
2014-03-25,126.44,126.82,126.24,126.41,126.41,6567962
2014-03-26,126.27,126.38,125.13,125.41,125.41,8581634
2014-03-27,125.06,125.29,124.21,124.59,124.59,7315310
2014-03-28,124.23,124.96,123.88,124.56,124.56,7253673
2014-03-31,124.52,124.79,123.57,123.61,123.61,12379150
2014-04-01,123.71,123.85,123.1099,123.39,123.39,5998286
2014-04-02,124.41,124.75,124.19,124.32,124.32,4907847
2014-04-03,123.75,124.26,123.59,123.92,123.92,3659603
2014-04-04,125.2,125.96,124.86,125.57,125.57,7278979
2014-04-07,125.07,125.4725,124.84,124.91,124.91,3969823
2014-04-08,126.34,126.34,125.9,126.09,126.09,6946163
2014-04-09,125.46,126.72,125.33,126.32,126.32,5307863
2014-04-10,126.95,127.37,126.82,127.01,127.01,5008847
2014-04-11,127.04,127.31,126.73,126.93,126.93,4699538
2014-04-14,127.8,128.25,127.62,127.85,127.85,6680185
2014-04-15,124.79,125.7,124.6,125.49,125.49,9970175
2014-04-16,125.37,125.57,125.03,125.54,125.54,4072028
2014-04-17,125.38,125.53,124.57,124.75,124.75,5902491
2014-04-21,124.07,124.33,123.76,124.24,124.24,6579161
2014-04-22,124.15,124.16,122.92,123.78,123.78,6899367
2014-04-23,123.7,123.942,123.38,123.76,123.76,3741184
2014-04-24,122.87,125.12,122.8404,124.56,124.56,8755120
2014-04-25,125.18,125.71,125.07,125.43,125.43,7025124
2014-04-28,125.3,125.34,124.45,124.88,124.88,4898101
2014-04-29,124.95,125.38,124.65,124.86,124.86,5241798
2014-04-30,124.19,125.05,123.82,124.22,124.22,10354280
2014-05-01,123.17,123.83,123.06,123.8,123.8,6687796
2014-05-02,123.69,125.67,123.33,125.06,125.06,9914822
2014-05-05,126.47,126.63,126.0,126.22,126.22,5202763
2014-05-06,126.02,126.11,125.63,125.98,125.98,3488007
2014-05-07,125.52,125.57,123.92,124.17,124.17,8471166
2014-05-08,124.19,124.47,123.891,124.17,124.17,3696147
2014-05-09,124.39,124.47,123.82,124.1,124.1,3119978
2014-05-12,125.4,125.42,124.69,124.94,124.94,4025958
2014-05-13,124.79,125.1,124.5,124.6,124.6,2643478
2014-05-14,125.8,125.96,125.44,125.81,125.81,4018583
2014-05-15,124.77,125.51,124.54,124.77,124.77,5862519
2014-05-16,124.35,124.77,124.29,124.5,124.5,4052154
2014-05-19,125.28,125.47,124.48,124.58,124.58,3903200
2014-05-20,124.12,124.91,124.09,124.69,124.69,3771117
2014-05-21,124.25,124.55,123.53,124.39,124.39,6848002
2014-05-22,125.14,125.24,124.535,124.67,124.67,3458801
2014-05-23,124.6,124.661,124.19,124.51,124.51,2206288
2014-05-27,122.98,123.07,121.75,121.85,121.85,10905400
2014-05-28,121.47,121.7,120.92,121.2,121.2,6741191
2014-05-29,120.78,121.46,120.77,120.94,120.94,5555563
2014-05-30,120.76,120.81,119.62,120.43,120.43,8753575
2014-06-02,119.93,120.4599,119.61,119.7,119.7,5923679
2014-06-03,119.73,120.09,119.42,120.01,120.01,5010345
2014-06-04,120.1,120.16,119.68,119.76,119.76,3861805
2014-06-05,120.55,120.88,120.43,120.66,120.66,4183681
2014-06-06,120.68,120.77,119.94,120.61,120.61,4808750
2014-06-09,120.79,120.85,120.57,120.65,120.65,2789577
2014-06-10,121.29,121.47,121.21,121.39,121.39,3561677
2014-06-11,121.51,121.61,121.18,121.41,121.41,3573593
2014-06-12,121.92,122.75,121.83,122.64,122.64,7394697
2014-06-13,122.57,123.036,122.51,122.96,122.96,4026822
2014-06-16,122.88,123.01,122.302,122.42,122.42,5833646
2014-06-17,121.85,122.5,121.82,122.28,122.28,4035098
2014-06-18,122.22,122.8,122.09,122.67,122.67,4604909
2014-06-19,124.33,127.23,124.32,126.94,126.94,24374779
2014-06-20,126.32,127.07,126.21,126.5,126.5,9955149
2014-06-23,126.65,126.935,126.37,126.85,126.85,5142796
2014-06-24,127.22,127.32,126.73,126.98,126.98,6355294
2014-06-25,126.78,127.55,126.66,126.99,126.99,6695428
2014-06-26,126.53,126.92,126.2,126.73,126.73,5531190
2014-06-27,126.88,127.17,126.65,126.66,126.66,4200393
2014-06-30,126.53,128.04,126.37,128.04,128.04,18143020
2014-07-01,127.99,128.12,127.49,127.7,127.7,8148345
2014-07-02,127.76,128.24,127.64,127.7,127.7,5742612
2014-07-03,126.79,127.29,126.61,127.16,127.16,4922466
2014-07-07,126.63,127.03,126.23,127.02,127.02,4636886
2014-07-08,127.29,127.53,126.43,127.07,127.07,6220335
2014-07-09,127.54,128.26,127.18,127.84,127.84,8369851
2014-07-10,129.11,129.21,128.49,128.54,128.54,6314294
2014-07-11,128.41,128.83,128.38,128.78,128.78,4322535
2014-07-14,125.5,126.1,125.45,125.72,125.72,11469920
2014-07-15,125.89,126.32,124.36,124.53,124.53,10548110
2014-07-16,125.02,125.47,124.78,124.97,124.97,4104117
2014-07-17,125.52,127.55,125.11,127.0899,127.0899,11430640
2014-07-18,125.79,126.21,125.6701,126.13,126.13,6461677
2014-07-21,126.53,126.55,126.11,126.34,126.34,3303835
2014-07-22,126.33,126.4299,125.47,125.74,125.74,3887606
2014-07-23,125.72,126.04,125.4,125.62,125.62,3045018
2014-07-24,124.85,124.87,123.9,124.35,124.35,8118607
2014-07-25,124.48,125.93,124.43,125.791,125.791,5644498
2014-07-28,125.44,125.67,125.3,125.58,125.58,3213705
2014-07-29,125.79,125.88,124.72,125.2,125.2,5270794
2014-07-30,124.89,124.93,124.41,124.83,124.83,5622346
2014-07-31,123.85,124.07,123.23,123.39,123.39,9898582
2014-08-01,124.54,124.81,124.23,124.38,124.38,7397317
2014-08-04,124.36,124.47,123.73,123.99,123.99,6500560
2014-08-05,123.74,124.52,123.4,123.87,123.87,8342542
2014-08-06,125.71,126.0,125.52,125.67,125.67,9327849
2014-08-07,125.47,126.51,125.37,126.18,126.18,7298926
2014-08-08,126.08,126.41,125.89,126.19,126.19,5729316
2014-08-11,125.84,126.04,125.64,125.96,125.96,3165498
2014-08-12,126.42,126.81,125.87,125.99,125.99,4613407
2014-08-13,126.35,126.53,125.9,126.2,126.2,3969676
2014-08-14,126.24,126.53,126.13,126.31,126.31,3348451
2014-08-15,124.52,126.07,124.41,125.483,125.483,13071960
2014-08-18,124.78,125.08,124.65,124.96,124.96,4953347
2014-08-19,125.0,125.0,124.48,124.68,124.68,4878772
2014-08-20,124.82,124.82,123.88,124.22,124.22,4395911
2014-08-21,122.72,123.24,122.45,122.88,122.88,8010459
2014-08-22,123.09,123.33,122.57,123.19,123.19,4739968
2014-08-25,122.92,123.04,122.72,122.74,122.74,5019903
2014-08-26,123.92,123.97,123.28,123.35,123.35,3891112
2014-08-27,123.6,123.71,123.25,123.3199,123.3199,2576944
2014-08-28,124.15,124.33,123.81,124.0,124.0,3297757
2014-08-29,123.75,124.22,123.62,123.86,123.86,3684122
2014-09-02,121.97,122.08,121.43,121.65,121.65,10128580
2014-09-03,121.7,122.2,121.66,122.15,122.15,3415925
2014-09-04,122.48,122.66,121.25,121.48,121.48,7310640
2014-09-05,121.83,122.06,121.63,122.06,122.06,3490704
2014-09-08,121.58,121.61,120.37,120.73,120.73,7508620
2014-09-09,120.57,120.94,120.0,120.87,120.87,6157321
2014-09-10,120.13,120.54,119.64,120.26,120.26,7022579
2014-09-11,119.61,119.7,118.77,119.472,119.472,7618266
2014-09-12,118.63,118.9,118.07,118.38,118.38,8129457
2014-09-15,118.79,118.86,118.46,118.64,118.64,4778579
2014-09-16,118.85,119.43,118.44,118.83,118.83,6544481
2014-09-17,118.95,119.24,117.5,117.54,117.54,8328712
2014-09-18,117.41,118.09,117.19,117.78,117.78,5368874
2014-09-19,117.51,117.57,116.72,117.09,117.09,10931240
2014-09-22,116.72,117.37,116.58,116.85,116.85,7602075
2014-09-23,117.99,117.99,117.31,117.6,117.6,4667327
2014-09-24,117.12,117.719,116.9,117.05,117.05,5518416
2014-09-25,116.3,117.76,116.2,117.39,117.39,7640357
2014-09-26,117.02,117.1,116.58,117.06,117.06,4185425
2014-09-29,117.27,117.4,116.8999,117.03,117.03,4051047
2014-09-30,116.54,117.35,115.85,116.21,116.21,10174560
2014-10-01,116.61,117.26,116.59,116.77,116.77,7024201
2014-10-02,116.86,117.21,116.33,116.74,116.74,6352009
2014-10-03,115.17,115.51,114.42,114.61,114.61,11304590
2014-10-06,115.16,116.31,114.94,116.03,116.03,7647060
2014-10-07,116.31,116.63,116.09,116.36,116.36,5278476
2014-10-08,117.03,117.71,115.85,117.4701,117.4701,10675550
2014-10-09,117.86,118.26,117.49,117.64,117.64,6612637
2014-10-10,117.7,117.74,117.19,117.59,117.59,4653307
2014-10-13,118.14,118.665,117.93,118.52,118.52,5397633
2014-10-14,118.58,118.82,118.351,118.59,118.59,5180665
2014-10-15,119.23,120.18,118.59,118.99,118.99,9460425
2014-10-16,119.02,119.65,118.8799,119.22,119.22,6550140
2014-10-17,119.06,119.23,118.42,118.99,118.99,8060834
2014-10-20,119.68,119.86,119.54,119.8,119.8,3034916
2014-10-21,120.27,120.5,119.905,120.02,120.02,4568269
2014-10-22,119.69,119.79,119.25,119.34,119.34,3741487
2014-10-23,118.71,118.82,117.88,118.52,118.52,6423205
2014-10-24,118.62,118.63,118.12,118.35,118.35,3611311
2014-10-27,118.18,118.37,118.01,118.06,118.06,2445376
2014-10-28,118.48,118.48,118.01,118.1,118.1,3262626
2014-10-29,117.65,117.91,116.14,116.41,116.41,7900772
2014-10-30,115.8,115.83,114.94,115.19,115.19,7852239
2014-10-31,111.83,112.88,111.655,112.66,112.66,18209619
2014-11-03,112.39,112.68,112.0,112.15,112.15,6605175
2014-11-04,112.12,112.71,112.08,112.22,112.22,6430111
2014-11-05,109.92,110.84,109.67,109.79,109.79,13560110
2014-11-06,109.92,110.49,109.75,109.88,109.88,7019854
2014-11-07,110.78,113.15,110.73,112.97,112.97,10916540
2014-11-10,112.24,112.24,110.28,110.46,110.46,8548523
2014-11-11,111.08,112.76,110.87,112.04,112.04,8603165
2014-11-12,112.05,112.17,111.23,111.5,111.5,5133300
2014-11-13,111.89,112.26,111.22,111.67,111.67,4874598
2014-11-14,110.76,114.72,110.6501,114.47,114.47,14173590
2014-11-17,113.97,114.27,113.56,114.05,114.05,5440990
2014-11-18,114.86,115.17,114.55,115.05,115.05,5586694
2014-11-19,114.93,115.35,112.88,113.68,113.68,11997740
2014-11-20,114.57,115.0156,114.09,114.86,114.86,5607779
2014-11-21,115.58,115.96,114.47,115.39,115.39,6564258
2014-11-24,115.15,115.3699,114.79,115.11,115.11,4695022
2014-11-25,115.1,115.47,114.9,115.38,115.38,9051813
2014-11-26,115.25,115.34,114.98,115.16,115.16,3184017
2014-11-28,113.53,113.83,111.95,112.11,112.11,9616332
2014-12-01,113.8,117.36,113.74,116.58,116.58,15643960
2014-12-02,115.13,115.7095,114.72,115.14,115.14,6378105
2014-12-03,115.68,116.76,115.56,116.33,116.33,5758821
2014-12-04,116.01,116.3399,115.61,115.88,115.88,3623615
2014-12-05,115.16,115.18,114.24,114.43,114.43,6330980
2014-12-08,114.97,116.16,114.46,115.78,115.78,5224491
2014-12-09,117.04,118.99,116.98,118.19,118.19,10467160
2014-12-10,118.15,118.47,117.81,117.96,117.96,4277427
2014-12-11,116.98,118.38,116.82,117.69,117.69,5214467
2014-12-12,117.39,117.8,116.68,117.41,117.41,4736535
2014-12-15,116.22,116.9698,114.36,114.39,114.39,8795987
2014-12-16,116.28,116.5,114.07,114.95,114.95,9173964
2014-12-17,115.1,115.48,113.58,114.27,114.27,9097329
2014-12-18,115.59,115.81,114.58,115.15,115.15,5258103
2014-12-19,115.06,115.22,114.77,114.77,114.77,4652333
2014-12-22,114.81,114.97,112.41,112.55,112.55,7483195
2014-12-23,112.88,113.32,112.61,112.74,112.74,7763327
2014-12-24,112.83,112.92,112.66,112.77,112.77,1501552
2014-12-26,114.82,114.98,114.53,114.83,114.83,3765581
2014-12-29,114.61,114.64,113.23,113.67,113.67,12963730
2014-12-30,114.99,116.26,114.9,115.2,115.2,7987311
2014-12-31,114.89,115.0,113.28,113.58,113.58,7624198
2015-01-02,112.49,114.8,112.32,114.08,114.08,7109594
2015-01-05,114.78,116.0,114.73,115.8,115.8,8177350
2015-01-06,116.22,117.5,115.8,117.12,117.12,11238310
2015-01-07,116.47,116.88,116.17,116.43,116.43,6434196
2015-01-08,116.45,116.87,115.85,115.94,115.94,7033675
2015-01-09,116.51,117.34,116.5,117.26,117.26,7962886
2015-01-12,117.46,118.71,117.32,118.56,118.56,8318211
2015-01-13,118.96,119.19,117.87,118.16,118.16,7693200
2015-01-14,119.08,119.32,117.9,117.97,117.97,7727403
2015-01-15,120.41,121.695,120.34,120.94,120.94,17692551
2015-01-16,121.73,123.15,121.705,122.52,122.52,14428220
2015-01-20,123.63,124.6,123.49,124.2,124.2,14968640
2015-01-21,125.18,125.34,123.37,124.23,124.23,11082740
2015-01-22,125.07,125.58,124.145,125.23,125.23,10518360
2015-01-23,124.43,124.5,123.35,124.23,124.23,6270911
2015-01-26,123.33,123.3447,122.52,122.99,122.99,6768646
2015-01-27,123.56,124.64,123.51,124.4,124.4,9584838
2015-01-28,123.52,123.89,122.94,123.42,123.42,8470574
2015-01-29,121.99,122.29,120.26,120.76,120.76,11997960
2015-01-30,121.3,123.55,120.915,123.45,123.45,14555860
2015-02-02,121.84,123.155,121.82,122.42,122.42,8885189
2015-02-03,121.74,121.76,120.5648,121.05,121.05,8255863
2015-02-04,121.63,122.22,120.92,121.58,121.58,5386747
2015-02-05,120.98,121.83,120.61,121.79,121.79,6879945
2015-02-06,119.15,119.52,117.95,118.64,118.64,13206910
2015-02-09,118.83,119.4,118.77,119.17,119.17,5237181
2015-02-10,118.63,119.06,118.21,118.47,118.47,4086321
2015-02-11,118.49,118.57,117.0,117.07,117.07,6784397
2015-02-12,117.68,117.82,117.09,117.34,117.34,4344444
2015-02-13,118.05,118.58,117.79,117.98,117.98,4108870
2015-02-17,116.4,116.54,115.58,116.01,116.01,7225154
2015-02-18,115.99,116.53,114.99,116.34,116.34,8336029
2015-02-19,116.4,116.54,115.74,115.94,115.94,6528724
2015-02-20,116.1,116.455,115.05,115.28,115.28,6681734
2015-02-23,115.11,116.22,115.07,115.43,115.43,4812393
2015-02-24,115.0,115.55,114.29,115.26,115.26,7612919
2015-02-25,115.83,115.89,115.33,115.7,115.7,5032535
2015-02-26,116.54,116.55,115.83,116.07,116.07,4025356
2015-02-27,116.74,117.07,116.16,116.16,116.16,8255636
2015-03-02,116.5,116.64,115.62,115.68,115.68,7993280
2015-03-03,116.04,116.61,115.35,115.47,115.47,4738347
2015-03-04,115.7,115.79,115.02,115.11,115.11,4762403
2015-03-05,115.43,116.12,114.84,115.0,115.0,5872197
2015-03-06,113.17,113.26,111.7,111.86,111.86,11190850
2015-03-09,112.42,112.62,111.95,111.97,111.97,5534011
2015-03-10,112.09,112.35,111.22,111.42,111.42,7019781
2015-03-11,111.23,111.25,110.16,110.75,110.75,6550445
2015-03-12,111.15,111.2,110.25,110.72,110.72,6631459
2015-03-13,111.1,111.28,110.51,110.88,110.88,4557576
2015-03-16,111.09,111.205,110.42,110.81,110.81,3265305
2015-03-17,109.92,111.35,109.77,110.21,110.21,8923264
2015-03-18,110.33,112.87,110.09,112.37,112.37,12448040
2015-03-19,111.85,112.58,111.58,112.29,112.29,6537743
2015-03-20,112.71,114.0,112.67,113.57,113.57,8033444
2015-03-23,113.7,114.3701,113.4899,114.29,114.29,4240258
2015-03-24,114.35,114.6499,113.82,114.57,114.57,2979338
2015-03-25,115.11,115.14,114.65,114.73,114.73,3021437
2015-03-26,115.73,115.84,115.34,115.48,115.48,5495161
2015-03-27,115.14,115.36,114.45,115.06,115.06,4921741
2015-03-30,113.9,114.01,113.54,113.75,113.75,4383858
2015-03-31,113.84,114.28,113.4065,113.66,113.66,4383314
2015-04-01,114.56,115.99,114.54,115.6,115.6,7324008
2015-04-02,115.47,115.72,114.68,115.28,115.28,3884072
2015-04-06,117.32,117.47,116.52,116.69,116.69,5914163
2015-04-07,116.27,116.51,115.94,116.11,116.11,2468498
2015-04-08,115.98,116.03,114.9,115.47,115.47,5568527
2015-04-09,114.8,114.85,114.48,114.67,114.67,4707044
2015-04-10,116.0,116.19,115.5,115.966,115.966,3932404
2015-04-13,115.35,115.3899,114.8,115.14,115.14,3190149
2015-04-14,114.69,115.07,114.39,114.44,114.44,3651459
2015-04-15,114.8,115.6,114.47,115.43,115.43,3655950
2015-04-16,115.55,115.66,114.64,115.03,115.03,3132336
2015-04-17,115.38,115.79,115.23,115.6,115.6,3496313
2015-04-20,114.82,114.95,114.3162,114.72,114.72,3932756
2015-04-21,114.72,115.56,114.65,115.38,115.38,3317715
2015-04-22,114.83,114.96,113.77,113.83,113.83,5695960
2015-04-23,113.9,114.96,113.81,114.66,114.66,3459495
2015-04-24,113.96,114.07,112.77,113.05,113.05,7152913
2015-04-27,113.87,115.82,113.67,115.33,115.33,7487557
2015-04-28,115.36,116.62,115.34,116.33,116.33,8054361
2015-04-29,116.06,116.39,115.28,115.51,115.51,7170477
2015-04-30,113.88,113.88,112.96,113.47,113.47,9440253
2015-05-01,112.42,113.3089,112.28,113.08,113.08,7597006
2015-05-04,114.18,114.44,113.88,114.1,114.1,3648052
2015-05-05,114.89,115.11,114.39,114.42,114.42,3856520
2015-05-06,114.59,114.75,114.02,114.36,114.36,3280733
2015-05-07,113.84,114.01,113.32,113.42,113.42,5455090
2015-05-08,114.34,114.43,113.59,113.97,113.97,9964072
2015-05-11,114.09,114.31,113.08,113.53,113.53,2916745
2015-05-12,114.1,114.67,114.0648,114.5,114.5,3256715
2015-05-13,115.74,116.93,115.68,116.55,116.55,11768220
2015-05-14,117.28,117.75,117.03,117.18,117.18,6923017
2015-05-15,116.8,117.63,116.68,117.53,117.53,4447333
2015-05-18,117.78,117.88,117.27,117.52,117.52,5079850
2015-05-19,116.55,116.73,115.65,115.89,115.89,5052147
2015-05-20,116.03,116.38,115.76,116.08,116.08,4432556
2015-05-21,115.53,116.0,115.47,115.69,115.69,2514693
2015-05-22,115.51,115.93,115.32,115.6,115.6,1780191
2015-05-26,113.84,114.23,113.7,113.91,113.91,5769580
2015-05-27,113.78,114.0149,113.63,113.89,113.89,2681069
2015-05-28,113.85,114.16,113.21,114.02,114.02,5266016
2015-05-29,114.14,114.48,114.0,114.1,114.1,3407489
2015-06-01,115.02,115.5,113.9,114.0,114.0,8254034
2015-06-02,114.36,114.645,114.17,114.46,114.46,3988639
2015-06-03,114.13,114.37,113.08,113.64,113.64,4886054
2015-06-04,112.98,113.1497,112.48,112.84,112.84,5566618
2015-06-05,111.6,112.39,111.5668,112.24,112.24,5561283
2015-06-08,112.39,112.6599,112.13,112.57,112.57,3122078
2015-06-09,113.15,113.23,112.71,112.82,112.82,3529924
2015-06-10,114.14,114.14,113.69,113.78,113.78,5452863
2015-06-11,113.27,113.41,112.92,113.26,113.26,4434731
2015-06-12,113.06,113.499,112.96,113.23,113.23,2998483
2015-06-15,113.28,114.15,113.21,113.73,113.73,5055086
2015-06-16,113.08,113.45,112.789,113.32,113.32,4033268
2015-06-17,113.07,114.04,112.63,113.85,113.85,6455983
2015-06-18,115.19,115.61,114.89,115.32,115.32,8041255
2015-06-19,115.34,115.46,114.95,115.12,115.12,4611647
2015-06-22,113.79,113.94,113.34,113.64,113.64,5763662
2015-06-23,112.96,113.17,112.79,112.89,112.89,4522797
2015-06-24,112.48,112.74,112.31,112.59,112.59,2975539
2015-06-25,112.43,112.71,112.32,112.44,112.44,2904711
2015-06-26,112.2,112.68,112.13,112.56,112.56,4392589
2015-06-29,112.81,113.23,112.53,113.07,113.07,5820226
2015-06-30,112.24,113.05,111.84,112.37,112.37,7897042
2015-07-01,112.12,112.51,111.94,111.98,111.98,4409026
2015-07-02,111.66,111.839,111.41,111.76,111.76,3838553
2015-07-06,111.71,112.58,111.63,112.06,112.06,4259775
2015-07-07,111.08,111.14,110.05,110.76,110.76,9073403
2015-07-08,111.38,111.65,111.08,111.09,111.09,5694941
2015-07-09,111.8,111.93,111.15,111.36,111.36,3802857
2015-07-10,111.18,111.71,111.03,111.49,111.49,3594918
2015-07-13,110.43,111.14,110.36,110.99,110.99,4279310
2015-07-14,111.0,111.075,110.63,110.74,110.74,2600955
2015-07-15,110.0,110.1914,109.58,110.16,110.16,9286201
2015-07-16,109.67,110.01,109.6,109.76,109.76,4629683
2015-07-17,109.11,109.16,108.4,108.65,108.65,14858270
2015-07-20,106.6,106.65,105.62,105.7,105.7,15751740
2015-07-21,105.81,106.32,105.25,105.37,105.37,10519790
2015-07-22,104.39,105.09,104.18,104.8,104.8,8349201
2015-07-23,104.98,105.3,104.2,104.33,104.33,5779289
2015-07-24,103.61,105.59,103.431,105.35,105.35,11572680
2015-07-27,104.94,105.68,104.66,104.86,104.86,10690140
2015-07-28,105.09,105.33,104.83,105.02,105.02,5549222
2015-07-29,104.93,105.63,104.49,105.17,105.17,5616909
2015-07-30,104.03,104.97,103.86,104.27,104.27,6651960
2015-07-31,105.41,105.75,104.69,104.93,104.93,6689175
2015-08-03,104.59,104.82,104.05,104.1,104.1,3528596
2015-08-04,104.56,104.75,103.95,104.31,104.31,3241016
2015-08-05,104.42,104.5038,103.78,103.93,103.93,5041015
2015-08-06,104.15,104.86,104.14,104.39,104.39,3908124
2015-08-07,104.56,105.38,104.55,104.65,104.65,4400915
2015-08-10,105.03,106.27,104.9172,105.72,105.72,5892602
2015-08-11,106.49,106.63,105.77,106.26,106.26,4060892
2015-08-12,106.99,107.91,106.93,107.75,107.75,10022550
2015-08-13,106.95,107.18,106.71,106.86,106.86,4761682
2015-08-14,107.07,107.41,106.543,106.85,106.85,3509238
2015-08-17,107.37,107.51,107.0,107.13,107.13,5769080
2015-08-18,106.67,107.33,106.31,107.11,107.11,4121839
2015-08-19,107.63,108.67,107.63,108.55,108.55,7035087
2015-08-20,109.81,110.61,109.7,110.44,110.44,12549020
2015-08-21,110.93,111.33,110.12,111.13,111.13,13917640
2015-08-24,111.54,112.12,109.77,110.53,110.53,18388730
2015-08-25,110.01,110.05,108.72,109.16,109.16,9974186
2015-08-26,107.72,108.06,107.08,107.67,107.67,10856640
2015-08-27,107.33,108.04,107.11,107.73,107.73,8102071
2015-08-28,108.17,109.3,108.12,108.7,108.7,7558923
2015-08-31,108.19,108.92,108.03,108.82,108.82,4532081
2015-09-01,109.63,109.77,108.94,109.2,109.2,7077848
2015-09-02,109.01,109.34,108.46,108.62,108.62,4115731
2015-09-03,107.77,108.32,107.56,107.84,107.84,3913100
2015-09-04,107.14,107.56,107.07,107.49,107.49,4025022
2015-09-08,107.6,107.94,107.31,107.52,107.52,5982061
2015-09-09,106.64,106.71,105.48,106.13,106.13,8855138
2015-09-10,106.61,106.698,106.18,106.38,106.38,6203955
2015-09-11,105.65,106.2,105.27,106.16,106.16,4023894
2015-09-14,105.86,106.39,105.78,106.22,106.22,2350848
2015-09-15,105.83,106.06,105.68,105.9,105.9,2904958
2015-09-16,106.6,107.709,106.56,107.31,107.31,5315633
2015-09-17,107.07,108.58,106.96,108.41,108.41,8403849
2015-09-18,109.1,109.38,108.82,109.21,109.21,6794284
2015-09-21,108.49,108.66,108.328,108.53,108.53,4104752
2015-09-22,107.58,107.96,107.44,107.79,107.79,5483262
2015-09-23,108.54,108.64,108.2,108.22,108.22,2744177
2015-09-24,109.67,110.82,109.63,110.49,110.49,11024340
2015-09-25,109.87,110.03,109.55,109.81,109.81,5209493
2015-09-28,108.37,108.91,108.27,108.42,108.42,3809622
2015-09-29,108.24,108.69,107.88,107.98,107.98,4043592
2015-09-30,106.78,107.075,106.47,106.86,106.86,7405576
2015-10-01,106.98,107.21,106.63,106.73,106.73,4278592
2015-10-02,108.54,109.3199,108.54,108.99,108.99,7730647
2015-10-05,109.14,109.38,108.46,108.77,108.77,5490200
2015-10-06,109.8,110.26,109.63,109.86,109.86,7513898
2015-10-07,109.75,110.14,109.34,109.7,109.7,5355489
2015-10-08,109.16,110.27,109.06,109.14,109.14,5038194
2015-10-09,110.54,111.05,110.23,110.87,110.87,7907263
2015-10-12,111.67,111.7324,111.01,111.31,111.31,6257945
2015-10-13,111.36,111.87,111.28,111.86,111.86,5149627
2015-10-14,112.63,113.95,112.3,113.81,113.81,10207770
2015-10-15,113.2,113.99,112.94,113.29,113.29,14083930
2015-10-16,113.24,113.44,112.43,112.49,112.49,7328038
2015-10-19,112.64,112.69,111.89,112.02,112.02,3959383
2015-10-20,112.38,113.09,112.38,112.73,112.73,4903225
2015-10-21,112.37,112.37,111.41,111.73,111.73,3908787
2015-10-22,111.52,112.21,111.43,111.69,111.69,3436365
2015-10-23,111.81,111.84,110.9601,111.5,111.5,4868351
2015-10-26,111.73,111.98,111.33,111.43,111.43,2573512
2015-10-27,111.31,111.81,111.29,111.68,111.68,2646105
2015-10-28,112.68,113.25,110.31,110.78,110.78,8201197
2015-10-29,110.23,110.6,109.66,109.72,109.72,5150835
2015-10-30,109.5,109.58,109.06,109.3,109.3,5543162
2015-11-02,108.64,108.84,108.46,108.59,108.59,5843311
2015-11-03,107.79,107.8094,106.68,106.98,106.98,7145264
2015-11-04,107.02,107.09,105.92,105.97,105.97,7617813
2015-11-05,106.01,106.1,105.58,105.64,105.64,5931124
2015-11-06,104.17,104.42,104.02,104.1,104.1,8831874
2015-11-09,104.29,104.58,104.19,104.4,104.4,4129199
2015-11-10,104.09,104.65,103.87,104.18,104.18,4450764
2015-11-11,104.09,104.23,103.78,103.83,103.83,3527590
2015-11-12,103.09,104.32,103.04,103.85,103.85,6300546
2015-11-13,103.54,103.74,103.45,103.56,103.56,3224207
2015-11-16,103.98,104.03,103.515,103.71,103.71,2951244
2015-11-17,103.38,103.3999,101.98,102.34,102.34,8593070
2015-11-18,102.39,102.95,102.04,102.43,102.43,5043766
2015-11-19,103.07,104.09,103.07,103.56,103.56,5087639
2015-11-20,103.58,103.66,102.97,103.09,103.09,5971643
2015-11-23,102.48,102.75,102.16,102.26,102.26,4042473
2015-11-24,103.12,103.25,102.69,102.94,102.94,3479620
2015-11-25,102.47,102.69,102.21,102.46,102.46,2931291
2015-11-27,101.01,101.62,100.99,101.25,101.25,4993553
2015-11-30,101.53,102.38,101.52,101.92,101.92,6772983
2015-12-01,102.3,102.43,101.81,102.28,102.28,4645916
2015-12-02,101.35,101.35,100.53,100.69,100.69,10223490
2015-12-03,101.23,101.97,100.845,101.76,101.76,6499935
2015-12-04,102.74,104.21,102.65,104.02,104.02,10670250
2015-12-07,103.32,103.37,102.5,102.67,102.67,4393461
2015-12-08,103.13,103.26,102.53,102.84,102.84,3412291
2015-12-09,103.63,103.66,102.32,102.64,102.64,6026283
2015-12-10,102.51,102.825,102.34,102.55,102.55,3853545
2015-12-11,101.91,103.32,101.85,103.11,103.11,6798411
2015-12-14,102.58,102.72,101.74,101.79,101.79,5563778
2015-12-15,101.71,102.06,101.41,101.52,101.52,6831064
2015-12-16,102.59,103.2,101.66,102.75,102.75,8292194
2015-12-17,100.92,100.99,100.2326,100.5,100.5,10156220
2015-12-18,101.35,102.53,101.3,102.04,102.04,8345864
2015-12-21,102.95,103.52,102.83,103.15,103.15,6378892
2015-12-22,103.09,103.2,102.5599,102.61,102.61,4123512
2015-12-23,102.4,102.59,102.21,102.31,102.31,2821380
2015-12-24,102.82,103.05,102.77,103.05,103.05,1710153
2015-12-28,102.48,102.5962,102.03,102.27,102.27,3356190
2015-12-29,102.52,102.58,102.11,102.2,102.2,2832238
2015-12-30,101.47,101.6,101.345,101.42,101.42,3744959
2015-12-31,101.48,101.72,101.31,101.46,101.46,3823564
2016-01-04,103.13,103.67,102.485,102.89,102.89,6439982
2016-01-05,103.13,103.46,102.93,103.18,103.18,3500272
2016-01-06,104.37,104.8,103.93,104.67,104.67,9316599
2016-01-07,105.83,106.237,105.19,106.15,106.15,11730380
2016-01-08,105.48,105.8,105.04,105.68,105.68,7678153
2016-01-11,105.47,105.566,104.71,104.74,104.74,6272359
2016-01-12,104.09,104.59,103.65,104.21,104.21,5540231
2016-01-13,103.89,104.8199,103.78,104.72,104.72,7324203
2016-01-14,103.75,104.18,102.4985,103.02,103.02,9989065
2016-01-15,104.92,104.96,103.965,104.08,104.08,10052740
2016-01-19,104.06,104.45,103.65,103.98,103.98,4588405
2016-01-20,105.17,106.16,104.94,105.37,105.37,10120880
2016-01-21,104.99,105.49,104.515,105.49,105.49,5425032
2016-01-22,104.93,105.51,104.76,105.0,105.0,4185326
2016-01-25,105.76,106.09,105.6,106.08,106.08,6819409
2016-01-26,106.32,107.43,106.255,107.29,107.29,8443381
2016-01-27,106.86,107.93,106.65,107.69,107.69,8273353
2016-01-28,106.55,106.86,106.48,106.54,106.54,5914192
2016-01-29,106.61,107.0,106.26,106.9492,106.9492,8098682
2016-02-01,107.54,108.15,107.53,108.05,108.05,10471810
2016-02-02,107.92,108.18,107.35,108.09,108.09,6656018
2016-02-03,107.91,109.58,107.9,109.25,109.25,15785220
2016-02-04,110.45,110.7,109.92,110.57,110.57,13213680
2016-02-05,109.79,112.35,109.58,112.32,112.32,14777270
2016-02-08,113.67,114.8692,113.39,113.83,113.83,28341180
2016-02-09,114.43,114.69,113.55,113.58,113.58,18156699
2016-02-10,113.92,114.52,112.98,114.46,114.46,13311120
2016-02-11,118.59,120.84,117.77,119.0592,119.0592,49138980
2016-02-12,118.12,118.74,117.88,118.36,118.36,16981160
2016-02-16,116.0,116.31,114.74,114.77,114.77,14601660
2016-02-17,115.47,116.07,114.89,115.48,115.48,10582440
2016-02-18,115.3,118.595,115.29,118.29,118.29,13586530
2016-02-19,117.26,117.965,117.1,117.58,117.58,15191950
2016-02-22,115.44,116.19,115.41,115.49,115.49,10677840
2016-02-23,116.68,117.42,116.52,117.22,117.22,9033429
2016-02-24,119.0,119.86,117.35,117.61,117.61,17938770
2016-02-25,117.62,118.91,117.5401,117.92,117.92,12500280
2016-02-26,117.43,117.72,115.8637,117.11,117.11,12505080
2016-02-29,117.59,118.7,117.53,118.64,118.64,11517550
2016-03-01,118.74,119.11,117.34,117.77,117.77,14139280
2016-03-02,118.34,118.97,118.07,118.68,118.68,8903045
2016-03-03,118.86,121.3,118.81,120.73,120.73,18724051
2016-03-04,121.13,122.37,120.22,120.54,120.54,16261050
2016-03-07,121.18,121.5801,120.41,121.14,121.14,9358611
2016-03-08,121.79,121.88,120.47,120.58,120.58,11530990
2016-03-09,119.2,120.39,118.84,119.58,119.58,8672862
2016-03-10,120.5,121.76,120.42,121.5,121.5,18104900
2016-03-11,121.19,121.385,119.36,119.41,119.41,10812320
2016-03-14,120.27,120.31,117.5,117.87,117.87,14236160
2016-03-15,117.78,118.04,117.36,117.96,117.96,9941816
2016-03-16,117.42,120.76,117.34,120.59,120.59,17333961
2016-03-17,121.16,121.18,120.03,120.13,120.13,9914349
2016-03-18,119.59,120.34,119.51,119.8,119.8,16965891
2016-03-21,119.0,119.33,118.73,118.96,118.96,7240640
2016-03-22,119.73,120.16,118.96,119.31,119.31,6786752
2016-03-23,116.74,117.12,116.16,116.61,116.61,15993670
2016-03-24,116.77,116.94,116.3,116.33,116.33,6280937
2016-03-28,116.73,116.91,116.27,116.6,116.6,3879076
2016-03-29,117.36,118.81,116.8,118.76,118.76,14472350
2016-03-30,117.88,118.2,116.91,117.1,117.1,10769070
2016-03-31,118.161,118.39,117.6,117.64,117.64,9348249
2016-04-01,116.08,116.98,115.55,116.93,116.93,10405380
2016-04-04,116.67,116.73,116.07,116.15,116.15,7643738
2016-04-05,117.76,117.93,117.15,117.66,117.66,8865906
2016-04-06,116.7,117.385,116.26,116.94,116.94,7549435
2016-04-07,118.65,118.85,115.0,118.61,118.61,11900450
2016-04-08,118.07,118.77,117.98,118.43,118.43,9078874
2016-04-11,119.47,120.3,119.42,120.03,120.03,9845964
2016-04-12,120.23,120.345,119.55,120.05,120.05,9689464
2016-04-13,119.37,119.43,118.56,118.77,118.77,8841545
2016-04-14,118.09,118.1869,116.95,117.11,117.11,13165800
2016-04-15,117.33,118.12,117.19,117.92,117.92,7838146
2016-04-18,118.53,118.56,117.63,117.74,117.74,5809803
2016-04-19,119.87,120.09,119.37,119.58,119.58,21031520
2016-04-20,119.67,120.08,118.721,118.97,118.97,10233190
2016-04-21,120.42,120.55,119.13,119.42,119.42,14612770
2016-04-22,118.71,119.02,117.28,117.89,117.89,10047010
2016-04-25,118.14,118.7122,118.11,118.23,118.23,4369353
2016-04-26,118.79,118.89,118.45,118.7,118.7,9906835
2016-04-27,118.97,119.7,118.43,119.04,119.04,7976411
2016-04-28,119.92,121.42,119.7301,121.29,121.29,15133640
2016-04-29,122.43,123.93,122.34,123.65,123.65,19043900
2016-05-02,123.78,123.96,123.045,123.24,123.24,12137460
2016-05-03,123.73,123.82,122.51,122.96,122.96,9063588
2016-05-04,122.85,123.23,121.51,122.21,122.21,9398242
2016-05-05,122.63,122.7325,121.25,122.07,122.07,8846907
2016-05-06,122.83,123.805,122.5876,123.18,123.18,11366820
2016-05-09,121.2,121.285,120.59,120.65,120.65,9236166
2016-05-10,120.74,121.38,120.08,120.98,120.98,9844957
2016-05-11,121.85,122.16,121.38,122.12,122.12,7590081
2016-05-12,122.02,122.39,121.0,121.16,121.16,7447120
2016-05-13,121.09,121.86,120.66,121.71,121.71,7672825
2016-05-16,122.93,122.97,121.38,121.8,121.8,7103042
2016-05-17,121.58,122.52,121.48,122.22,122.22,8619848
2016-05-18,121.22,121.92,119.88,120.1,120.1,13381730
2016-05-19,119.0,119.975,118.9201,119.87,119.87,14339650
2016-05-20,120.19,120.32,119.31,119.71,119.71,10379360
2016-05-23,118.86,119.6,118.75,119.37,119.37,8628234
2016-05-24,118.17,118.23,117.25,117.3,117.3,12772050
2016-05-25,116.59,117.0599,116.32,116.98,116.98,10499960
2016-05-26,117.57,117.63,116.39,116.58,116.58,5893510
2016-05-27,116.27,116.36,115.29,115.62,115.62,8686689
2016-05-31,115.76,116.4,115.5,116.06,116.06,8187605
2016-06-01,115.97,116.135,115.2,115.94,115.94,8399598
2016-06-02,115.78,115.97,115.58,115.67,115.67,4591562
2016-06-03,118.25,118.89,118.23,118.88,118.88,14605060
2016-06-06,118.89,119.17,118.455,118.92,118.92,9887863
2016-06-07,118.5,119.02,118.41,118.82,118.82,4602865
2016-06-08,120.3,120.78,120.23,120.58,120.58,11661740
2016-06-09,120.61,121.4829,120.55,121.25,121.25,12173950
2016-06-10,121.55,122.1,121.175,121.74,121.74,13939970
2016-06-13,122.8,122.83,122.03,122.64,122.64,12594220
2016-06-14,123.0,123.06,122.3,122.77,122.77,11651690
2016-06-15,122.52,123.87,122.38,123.68,123.68,15053010
2016-06-16,125.17,125.67,122.23,122.38,122.38,26635000
2016-06-17,123.26,124.1,122.69,123.95,123.95,15573830
2016-06-20,122.26,123.33,122.13,123.21,123.21,11866200
2016-06-21,121.65,121.86,120.77,120.84,120.84,14585630
2016-06-22,120.83,121.25,120.68,120.9,120.9,7861000
2016-06-23,120.48,121.03,120.06,120.11,120.11,10704900
2016-06-24,126.62,126.82,125.0,126.01,126.01,35782887
2016-06-27,126.44,127.05,125.83,126.68,126.68,21400480
2016-06-28,125.56,126.02,125.06,125.32,125.32,16001450
2016-06-29,125.91,126.81,125.7,125.84,125.84,12218440
2016-06-30,125.95,126.52,125.5,126.47,126.47,15981580
2016-07-01,127.66,128.42,127.44,128.41,128.41,14940710
2016-07-05,128.8,129.59,128.17,129.47,129.47,19026250
2016-07-06,130.5,131.15,129.82,130.23,130.23,17376670
2016-07-07,129.82,130.12,128.98,129.74,129.74,16508529
2016-07-08,129.85,130.52,128.97,130.52,130.52,17634221
2016-07-11,129.49,129.895,129.16,129.29,129.29,10855630
2016-07-12,128.52,128.54,126.99,127.15,127.15,26459619
2016-07-13,128.0,128.43,127.61,128.32,128.32,7377686
2016-07-14,126.31,127.37,126.03,127.33,127.33,12132420
2016-07-15,126.38,127.19,126.33,126.84,126.84,13892070
2016-07-18,127.02,127.5,126.63,127.04,127.04,8489677
2016-07-19,126.95,127.35,126.82,127.21,127.21,5170665
2016-07-20,125.5,126.12,125.31,125.39,125.39,11777710
2016-07-21,125.66,127.37,125.6,127.3,127.3,9399212
2016-07-22,126.43,126.52,126.01,126.35,126.35,7716032
2016-07-25,125.53,126.21,125.11,125.47,125.47,13139410
2016-07-26,126.09,126.14,125.745,126.0,126.0,7613155
2016-07-27,126.79,128.12,126.04,128.03,128.03,17066359
2016-07-28,128.09,128.2,127.205,127.66,127.66,9261756
2016-07-29,128.42,129.41,127.88,128.98,128.98,13708190
2016-08-01,128.57,129.34,128.56,129.22,129.22,7109898
2016-08-02,130.04,130.55,129.9449,130.27,130.27,7652767
2016-08-03,129.95,129.96,129.27,129.65,129.65,5010703
2016-08-04,130.01,130.28,129.82,129.87,129.87,4908131
2016-08-05,128.46,128.5466,127.39,127.55,127.55,16205120
2016-08-08,127.29,127.7,127.274,127.44,127.44,6773804
2016-08-09,127.94,128.14,127.75,127.96,127.96,7500421
2016-08-10,129.12,129.2006,128.15,128.56,128.56,6196202
2016-08-11,128.61,129.19,127.475,127.67,127.67,9763821
2016-08-12,129.12,129.26,127.2,127.4,127.4,15395850
2016-08-15,127.62,128.25,127.6,127.84,127.84,4530841
2016-08-16,128.12,129.04,128.0,128.47,128.47,8678143
2016-08-17,128.17,128.99,127.46,128.5,128.5,12034750
2016-08-18,128.89,129.17,128.58,129.11,129.11,9500636
2016-08-19,128.08,128.67,127.855,127.97,127.97,10660120
2016-08-22,127.63,127.92,127.45,127.78,127.78,8627222
2016-08-23,128.14,128.22,127.61,127.76,127.76,9038482
2016-08-24,126.92,126.9663,126.295,126.34,126.34,13539660
2016-08-25,125.98,126.31,125.96,126.23,126.23,5926294
2016-08-26,126.88,128.11,125.82,126.05,126.05,17967740
2016-08-29,126.0,126.48,125.93,126.3,126.3,5562409
2016-08-30,125.73,125.95,124.88,125.03,125.03,9877044
2016-08-31,124.73,125.11,124.64,124.78,124.78,13324110
2016-09-01,124.67,125.51,124.55,125.29,125.29,12877750
2016-09-02,126.29,126.57,125.58,126.57,126.57,11318570
2016-09-06,127.4,129.08,127.27,128.71,128.71,15115280
2016-09-07,128.79,128.86,128.12,128.27,128.27,8859847
2016-09-08,128.16,128.52,127.4,127.59,127.59,10561790
2016-09-09,127.24,127.51,126.7,126.75,126.75,12485600
2016-09-12,126.31,126.92,125.97,126.59,126.59,11140340
2016-09-13,126.47,126.6,125.53,125.75,125.75,8866372
2016-09-14,126.1,126.54,126.03,126.18,126.18,5820694
2016-09-15,125.73,126.1,124.91,125.37,125.37,12978860
2016-09-16,124.81,125.245,124.67,125.06,125.06,18995070
2016-09-19,125.61,125.62,125.25,125.32,125.32,4959637
2016-09-20,125.31,125.59,125.17,125.44,125.44,5672021
2016-09-21,126.33,127.42,125.96,127.27,127.27,13646450
2016-09-22,127.57,128.2,127.5,127.57,127.57,15188010
2016-09-23,127.6,127.86,127.43,127.65,127.65,7702291
2016-09-26,127.96,128.035,127.42,127.55,127.55,5842740
2016-09-27,126.86,126.9,126.341,126.62,126.62,6220662
2016-09-28,126.25,126.4,125.73,126.22,126.22,6757652
2016-09-29,125.84,126.34,125.54,126.07,126.07,7448407
2016-09-30,126.52,126.55,125.235,125.64,125.64,11204260
2016-10-03,125.32,125.46,124.9,125.32,125.32,9044105
2016-10-04,123.16,123.18,120.86,120.97,120.97,24372721
2016-10-05,121.33,121.59,120.4,120.78,120.78,14718120
2016-10-06,119.69,119.98,119.24,119.66,119.66,17917670
2016-10-07,120.49,120.58,118.42,119.74,119.74,17907270
2016-10-10,120.16,120.42,119.92,120.16,120.16,4514368
2016-10-11,119.92,120.16,119.53,119.55,119.55,6065330
2016-10-12,119.72,120.07,119.289,119.74,119.74,4848622
2016-10-13,120.0,120.42,119.8,120.03,120.03,7184647
2016-10-14,119.37,120.16,119.29,119.36,119.36,6577309
2016-10-17,119.7,119.92,119.58,119.68,119.68,4777878
2016-10-18,120.08,120.64,119.82,120.42,120.42,4919730
2016-10-19,121.13,121.4565,120.89,121.11,121.11,6019772
2016-10-20,121.39,121.59,120.63,120.74,120.74,6496724
2016-10-21,120.9,120.925,120.55,120.83,120.83,6707783
2016-10-24,121.28,121.3,120.16,120.56,120.56,5481119
2016-10-25,120.89,121.76,120.855,121.47,121.47,6141110
2016-10-26,121.37,121.53,120.61,120.79,120.79,3905914
2016-10-27,121.11,121.18,120.75,121.01,121.01,4335994
2016-10-28,121.2,122.48,120.81,121.58,121.58,11639890
2016-10-31,121.51,122.0,121.23,121.94,121.94,7722055
2016-11-01,122.8,123.21,122.57,122.73,122.73,13384310
2016-11-02,123.76,124.76,123.56,123.64,123.64,15692420
2016-11-03,123.36,124.33,123.35,124.3,124.3,10093110
2016-11-04,124.4,124.54,124.04,124.39,124.39,8594613
2016-11-07,122.66,122.71,121.88,122.15,122.15,10014990
2016-11-08,122.12,123.09,121.36,121.64,121.64,9480647
2016-11-09,124.3,124.35,121.105,121.56,121.56,18236449
2016-11-10,121.52,121.54,119.38,119.75,119.75,22267961
2016-11-11,119.65,119.69,116.23,117.1,117.1,20381830
2016-11-14,116.12,117.14,115.49,116.11,116.11,20729381
2016-11-15,116.46,117.24,116.29,117.12,117.12,9348572
2016-11-16,117.27,117.27,116.58,116.77,116.77,5486129
2016-11-17,116.91,117.22,115.44,116.17,116.17,10342270
2016-11-18,115.52,115.77,114.96,115.15,115.15,10444290
2016-11-21,115.72,115.94,115.29,115.58,115.58,6654155
2016-11-22,115.72,115.79,114.98,115.54,115.54,6391928
2016-11-23,113.87,113.88,112.65,113.25,113.25,20982119
2016-11-25,113.42,113.51,112.35,112.61,112.61,5345889
2016-11-28,113.23,113.84,112.77,113.8,113.8,5655402
2016-11-29,112.76,113.48,112.6901,113.27,113.27,7438616
2016-11-30,112.69,112.79,111.5,111.75,111.75,10925540
2016-12-01,111.11,111.99,110.63,111.54,111.54,10236970
2016-12-02,111.89,112.32,111.78,112.14,112.14,7416468
2016-12-05,111.15,112.11,110.31,111.54,111.54,10187890
2016-12-06,111.69,112.03,111.19,111.43,111.43,5533689
2016-12-07,112.13,112.5,111.77,111.83,111.83,4901840
2016-12-08,111.72,111.8711,111.46,111.57,111.57,5977792
2016-12-09,111.18,111.25,110.19,110.4,110.4,10507700
2016-12-12,110.59,111.11,110.2659,110.82,110.82,6156717
2016-12-13,110.57,110.79,110.06,110.45,110.45,7961600
2016-12-14,110.95,110.98,108.52,108.83,108.83,12933650
2016-12-15,107.85,107.99,107.0,107.34,107.34,14427540
2016-12-16,107.95,108.78,107.475,108.05,108.05,10602810
2016-12-19,108.6,108.88,108.34,108.59,108.59,5339066
2016-12-20,107.47,107.997,107.2942,107.79,107.79,7321100
2016-12-21,108.25,108.3125,107.68,107.85,107.85,5188680
2016-12-22,107.68,108.1,107.49,107.59,107.59,4942759
2016-12-23,107.84,108.25,107.8,107.93,107.93,5012242
2016-12-27,108.61,108.67,108.24,108.56,108.56,3685504
2016-12-28,108.4,108.91,108.29,108.86,108.86,5091228
2016-12-29,109.23,110.53,109.16,110.29,110.29,7563896
2016-12-30,110.38,110.62,109.53,109.61,109.61,8873725
2017-01-03,109.62,111.0,109.37,110.47,110.47,7527353
2017-01-04,111.06,111.22,110.61,110.86,110.86,4904119
2017-01-05,112.16,112.94,112.07,112.58,112.58,9606761
2017-01-06,111.81,112.38,111.57,111.75,111.75,7686070
2017-01-09,112.39,113.0399,112.18,112.67,112.67,5674636
2017-01-10,112.94,113.45,112.635,113.15,113.15,6093404
2017-01-11,112.87,114.19,112.17,113.5,113.5,9918689
2017-01-12,114.52,114.93,113.805,113.91,113.91,8457319
2017-01-13,113.65,114.31,113.19,114.21,114.21,7261454
2017-01-17,115.89,115.96,115.495,115.85,115.85,9142370
2017-01-18,115.74,115.92,114.56,114.87,114.87,6498109
2017-01-19,114.32,114.96,113.935,114.77,114.77,6437008
2017-01-20,114.65,115.76,114.32,115.05,115.05,12261510
2017-01-23,115.51,116.17,115.2,115.79,115.79,6373102
2017-01-24,115.69,116.02,114.94,115.27,115.27,5798840
2017-01-25,114.14,114.44,113.68,114.32,114.32,6697523
2017-01-26,113.24,113.505,112.83,113.26,113.26,5390463
2017-01-27,112.93,113.545,112.81,113.49,113.49,6706570
2017-01-30,113.61,114.3,113.535,113.97,113.97,7687782
2017-01-31,115.27,115.8173,115.18,115.55,115.55,10421880
2017-02-01,114.66,115.45,114.14,115.2,115.2,6932889
2017-02-02,116.26,116.57,115.625,115.84,115.84,7189461
2017-02-03,115.73,116.365,115.71,116.13,116.13,9455464
2017-02-06,117.07,117.74,116.74,117.7,117.7,8547843
2017-02-07,117.31,117.74,117.2,117.46,117.46,8621039
2017-02-08,118.09,118.59,117.81,118.19,118.19,9633443
2017-02-09,118.32,118.58,117.2,117.29,117.29,8177210
2017-02-10,116.68,117.86,116.67,117.6,117.6,9072146
2017-02-13,116.73,116.95,116.15,116.8,116.8,7354924
2017-02-14,117.51,117.56,116.38,116.93,116.93,6927842
2017-02-15,116.33,117.48,116.2466,117.45,117.45,7088419
2017-02-16,117.93,118.35,117.83,118.08,118.08,6378650
2017-02-17,118.19,118.4,117.6201,117.68,117.68,7338065
2017-02-21,117.04,118.0,116.77,117.75,117.75,6166875
2017-02-22,117.86,118.02,117.24,117.91,117.91,6057179
2017-02-23,118.76,119.155,118.675,118.94,118.94,7523304
2017-02-24,119.74,119.88,119.25,119.7,119.7,9808957
2017-02-27,119.73,120.4,119.12,119.12,119.12,9263499
2017-02-28,119.71,119.84,118.82,119.23,119.23,8727832
2017-03-01,117.98,119.12,117.95,119.06,119.06,8679637
2017-03-02,117.76,118.34,117.225,117.58,117.58,10986260
2017-03-03,116.95,117.73,116.44,117.51,117.51,10665820
2017-03-06,117.35,117.35,116.63,116.72,116.72,4883547
2017-03-07,116.13,116.25,115.615,115.78,115.78,6846277
2017-03-08,114.99,115.36,114.945,115.06,115.06,7620924
2017-03-09,114.78,115.025,114.405,114.47,114.47,6410916
2017-03-10,114.45,114.73,114.13,114.72,114.72,7929500
2017-03-13,114.63,114.91,114.505,114.74,114.74,5807391
2017-03-14,114.54,115.01,114.025,114.12,114.12,5301810
2017-03-15,114.29,116.25,114.02,116.25,116.25,13524080
2017-03-16,117.27,117.29,116.69,116.73,116.73,9322018
2017-03-17,117.04,117.27,116.91,116.99,116.99,4683039
2017-03-20,117.31,117.595,117.205,117.5645,117.5645,4000202
2017-03-21,117.77,118.8,117.76,118.54,118.54,9567932
2017-03-22,118.87,119.15,118.68,118.83,118.83,7287350
2017-03-23,119.15,119.25,118.32,118.67,118.67,6201129
2017-03-24,118.5,119.21,118.39,118.86,118.86,6879634
2017-03-27,119.93,120.08,119.27,119.53,119.53,8519573
2017-03-28,119.74,119.83,118.78,119.04,119.04,7112787
2017-03-29,119.22,119.45,119.047,119.33,119.33,4911042
2017-03-30,118.77,119.12,118.32,118.47,118.47,6894572
2017-03-31,118.61,119.08,118.46,118.72,118.72,8520847
2017-04-03,118.69,119.37,118.67,119.35,119.35,6105704
2017-04-04,119.59,119.77,119.38,119.62,119.62,4687301
2017-04-05,118.62,119.63,118.4,119.62,119.62,8105952
2017-04-06,119.22,119.42,118.975,119.18,119.18,4633470
2017-04-07,120.3,120.67,119.14,119.46,119.46,12351110
2017-04-10,119.04,119.69,118.85,119.46,119.46,4623673
2017-04-11,120.33,121.4,120.29,121.19,121.19,12455290
2017-04-12,121.38,122.22,121.14,122.02,122.02,9502540
2017-04-13,122.54,122.65,122.03,122.6,122.6,9892641
2017-04-17,122.55,123.07,121.99,122.24,122.24,8469580
2017-04-18,122.43,123.0292,121.73,122.82,122.82,10903700
2017-04-19,122.25,122.26,121.28,121.73,121.73,8472702
2017-04-20,121.82,122.17,121.5,121.96,121.96,11787330
2017-04-21,122.14,122.61,121.73,122.31,122.31,15608030
2017-04-24,120.77,121.51,120.6601,121.48,121.48,11053560
2017-04-25,120.53,120.87,120.05,120.25,120.25,10344780
2017-04-26,120.21,120.96,119.87,120.84,120.84,9758844
2017-04-27,120.42,120.5975,119.97,120.39,120.39,8266954
2017-04-28,120.34,120.77,120.27,120.77,120.77,9134246
2017-05-01,120.21,120.75,119.35,119.67,119.67,9331809
2017-05-02,119.3,119.65,119.24,119.65,119.65,4900784
2017-05-03,119.18,119.34,117.92,117.98,117.98,10811050
2017-05-04,116.81,117.28,116.63,116.79,116.79,12406930
2017-05-05,116.86,117.07,116.68,117.01,117.01,7127199
2017-05-08,117.03,117.14,116.68,116.75,116.75,5438375
2017-05-09,116.18,116.24,115.56,116.05,116.05,6801280
2017-05-10,116.42,116.4999,115.86,116.04,116.04,4290459
2017-05-11,116.21,116.845,116.185,116.5,116.5,6274368
2017-05-12,117.07,117.16,116.73,116.83,116.83,5434477
2017-05-15,117.52,117.54,116.99,117.14,117.14,5019589
2017-05-16,117.45,117.91,117.4,117.65,117.65,4942822
2017-05-17,119.36,120.02,119.27,119.79,119.79,13936880
2017-05-18,119.77,119.84,118.56,118.81,118.81,10341140
2017-05-19,119.39,119.545,118.88,119.4,119.4,6787254
2017-05-22,119.63,120.14,119.58,119.9,119.9,5132485
2017-05-23,120.13,120.19,118.9841,119.14,119.14,8305434
2017-05-24,119.07,119.7425,118.915,119.61,119.61,7064911
2017-05-25,119.52,119.695,119.29,119.48,119.48,4105092
2017-05-26,120.49,120.79,120.33,120.54,120.54,6791648
2017-05-30,120.24,120.33,119.95,120.14,120.14,4507493
2017-05-31,120.31,121.23,120.26,120.62,120.62,10360720
2017-06-01,120.17,120.74,120.06,120.72,120.72,8702543
2017-06-02,121.31,121.71,121.19,121.61,121.61,7268054
2017-06-05,121.91,121.94,121.58,121.73,121.73,3979162
2017-06-06,123.09,123.31,122.77,123.1,123.1,10798530
2017-06-07,122.79,123.16,122.015,122.45,122.45,9039175
2017-06-08,122.07,122.08,120.95,121.65,121.65,8169807
2017-06-09,120.46,120.91,120.4,120.54,120.54,7054664
2017-06-12,120.33,120.685,120.265,120.36,120.36,4927375
2017-06-13,119.95,120.71,119.92,120.48,120.48,3786628
2017-06-14,121.51,121.88,119.57,119.82,119.82,21124840
2017-06-15,119.22,119.5,119.1275,119.32,119.32,6796668
2017-06-16,119.35,119.5,119.24,119.34,119.34,6435674
2017-06-19,118.74,118.84,118.33,118.43,118.43,6786973
2017-06-20,118.42,118.46,118.07,118.18,118.18,4617387
2017-06-21,118.15,118.66,118.15,118.52,118.52,4723749
2017-06-22,119.13,119.1978,118.6,118.92,118.92,5811927
2017-06-23,119.65,119.66,119.31,119.43,119.43,9258628
2017-06-26,118.29,118.535,118.17,118.36,118.36,6593380
2017-06-27,118.87,119.05,118.481,118.81,118.81,5759344
2017-06-28,119.06,119.06,118.685,118.9,118.9,4220130
2017-06-29,117.97,118.64,117.91,118.32,118.32,7705165
2017-06-30,118.08,118.41,117.95,118.02,118.02,7272612
2017-07-03,116.54,116.85,115.94,116.09,116.09,12145050
2017-07-05,115.91,116.67,115.87,116.52,116.52,7223256
2017-07-06,116.58,116.61,116.24,116.47,116.47,4443390
2017-07-07,115.78,115.79,114.8,115.28,115.28,11153610
2017-07-10,115.02,115.57,114.83,115.47,115.47,4970886
2017-07-11,115.26,115.77,114.88,115.62,115.62,6637939
2017-07-12,116.21,116.33,115.87,116.03,116.03,4654361
2017-07-13,116.04,116.04,115.67,115.82,115.82,4148935
2017-07-14,117.04,117.25,116.64,116.77,116.77,5788219
2017-07-17,117.42,117.53,117.23,117.29,117.29,5170849
2017-07-18,117.99,118.33,117.88,118.11,118.11,7158573
2017-07-19,118.18,118.27,117.8363,118.08,118.08,3205142
2017-07-20,117.92,118.62,117.66,118.24,118.24,5571648
2017-07-21,119.0,119.39,118.751,119.26,119.26,10135920
2017-07-24,119.52,119.5762,119.18,119.31,119.31,3654331
2017-07-25,118.99,119.32,118.79,118.92,118.92,6202988
2017-07-26,118.57,120.15,118.55,119.88,119.88,8527944
2017-07-27,120.1,120.14,119.28,119.79,119.79,6385216
2017-07-28,120.15,120.8558,120.14,120.69,120.69,7393606
2017-07-31,120.5,120.805,120.45,120.75,120.75,3944561
2017-08-01,120.44,121.14,120.44,120.65,120.65,7365056
2017-08-02,120.51,121.02,120.34,120.4,120.4,5945279
2017-08-03,120.31,120.83,120.31,120.59,120.59,4275576
2017-08-04,119.97,120.039,119.2201,119.65,119.65,8644781
2017-08-07,119.43,119.79,119.43,119.51,119.51,3010138
2017-08-08,120.02,120.12,118.97,119.86,119.86,7227220
2017-08-09,121.02,121.55,120.76,121.31,121.31,9186236
2017-08-10,122.08,122.44,122.03,122.21,122.21,9817872
2017-08-11,122.24,122.83,122.03,122.79,122.79,8019519
2017-08-14,121.98,122.24,121.6845,121.92,121.92,6035297
2017-08-15,120.6,121.2299,120.5828,120.98,120.98,6731340
2017-08-16,120.66,122.06,120.66,121.87,121.87,8267341
2017-08-17,122.29,122.6099,121.76,122.49,122.49,8183805
2017-08-18,123.37,123.54,122.0,122.3,122.3,13654230
2017-08-21,122.54,122.981,122.5,122.76,122.76,5549687
2017-08-22,122.56,122.56,121.85,122.21,122.21,6493937
2017-08-23,122.58,122.69,122.31,122.67,122.67,5038391
2017-08-24,122.39,122.64,122.13,122.29,122.29,4193396
2017-08-25,122.77,123.02,121.29,122.74,122.74,12398250
2017-08-28,123.33,124.73,123.33,124.69,124.69,11578270
2017-08-29,125.81,125.87,124.0545,124.42,124.42,9861471
2017-08-30,124.33,124.62,124.16,124.36,124.36,6328422
2017-08-31,124.58,125.84,124.55,125.82,125.82,11775530
2017-09-01,126.01,126.17,125.12,126.06,126.06,11567400
2017-09-05,126.65,127.78,126.57,127.46,127.46,11813070
2017-09-06,127.34,127.44,126.55,126.81,126.81,10059270
2017-09-07,127.56,128.32,127.39,128.13,128.13,10219720
2017-09-08,128.205,128.3,127.59,127.97,127.97,9020001
2017-09-11,126.74,126.94,126.045,126.19,126.19,9126591
2017-09-12,126.03,126.59,125.94,126.56,126.56,8349012
2017-09-13,126.4,126.45,125.5,125.61,125.61,8490963
2017-09-14,125.66,126.44,125.62,126.16,126.16,5330663
2017-09-15,125.99,125.99,125.41,125.53,125.53,8375074
2017-09-18,124.71,124.76,123.965,124.36,124.36,8859807
2017-09-19,124.49,124.65,124.03,124.62,124.62,5826537
2017-09-20,124.68,125.0599,123.15,123.62,123.62,11415430
2017-09-21,122.56,123.07,122.49,122.68,122.68,7757897
2017-09-22,123.03,123.39,122.9348,123.24,123.24,6011928
2017-09-25,122.78,124.66,122.71,124.53,124.53,10257210
2017-09-26,123.57,123.81,122.9,123.14,123.14,8673582
2017-09-27,122.04,122.51,121.88,121.98,121.98,6903944
2017-09-28,122.04,122.475,121.83,122.21,122.21,5968213
2017-09-29,122.29,122.3,121.55,121.58,121.58,10207990
2017-10-02,121.17,121.34,120.74,120.77,120.77,11755380
2017-10-03,120.72,121.1,120.7041,120.83,120.83,3728655
2017-10-04,121.21,121.27,120.7101,121.17,121.17,6475238
2017-10-05,121.15,121.24,120.395,120.52,120.52,6205423
2017-10-06,120.26,121.21,119.7835,121.09,121.09,10013280
2017-10-09,121.64,122.11,121.551,122.08,122.08,5264116
2017-10-10,122.62,122.97,122.36,122.4,122.4,9315476
2017-10-11,122.57,122.88,122.03,122.79,122.79,5649430
2017-10-12,122.84,123.035,122.5,122.89,122.89,3037576
2017-10-13,123.66,123.86,123.34,123.82,123.82,6820348
2017-10-16,123.82,123.97,122.57,122.97,122.97,8201979
2017-10-17,122.03,122.32,121.73,122.13,122.13,7041261
2017-10-18,121.71,121.94,121.55,121.67,121.67,3666407
2017-10-19,122.2,122.55,122.111,122.39,122.39,5567279
2017-10-20,121.68,121.98,121.39,121.61,121.61,8481102
2017-10-23,120.98,121.9,120.96,121.8,121.8,5069650
2017-10-24,121.26,121.71,120.98,121.33,121.33,5114120
2017-10-25,121.31,121.5899,120.84,121.35,121.35,4282369
2017-10-26,121.16,121.16,120.22,120.33,120.33,6438806
2017-10-27,120.38,120.99,120.21,120.9,120.9,6664180
2017-10-30,120.93,121.47,120.8,121.13,121.13,5119241
2017-10-31,120.82,120.84,120.38,120.67,120.67,3910495
2017-11-01,120.98,121.55,120.835,121.11,121.11,4647787
2017-11-02,121.29,121.96,121.05,121.19,121.19,5369504
2017-11-03,121.36,121.43,120.1844,120.62,120.62,6330642
2017-11-06,120.72,121.85,120.68,121.65,121.65,6953772
2017-11-07,121.51,121.56,120.78,121.21,121.21,4165933
2017-11-08,121.95,122.25,121.59,121.63,121.63,5565212
2017-11-09,121.85,122.41,121.73,122.13,122.13,6072442
2017-11-10,121.99,122.11,120.935,121.13,121.13,7116200
2017-11-13,121.43,121.55,121.27,121.31,121.31,6249346
2017-11-14,120.9,121.91,120.77,121.56,121.56,6188992
2017-11-15,122.13,122.36,121.25,121.41,121.41,4984812
2017-11-16,121.45,121.71,121.29,121.4,121.4,2796545
2017-11-17,122.15,123.17,121.95,122.86,122.86,10613960
2017-11-20,122.3,122.41,121.04,121.31,121.31,8356673
2017-11-21,121.67,122.0,121.5,121.51,121.51,4956456
2017-11-22,122.26,122.95,122.17,122.63,122.63,5211832
2017-11-24,122.36,122.61,122.22,122.32,122.32,1779705
2017-11-27,123.26,123.33,122.67,122.83,122.83,4961215
2017-11-28,123.05,123.17,122.53,122.81,122.81,5603112
2017-11-29,122.24,122.33,121.74,122.04,122.04,6138941
2017-11-30,121.44,121.695,120.64,121.1,121.1,7936260
2017-12-01,120.94,122.43,120.74,121.59,121.59,13080100
2017-12-04,121.15,121.2,120.84,121.18,121.18,6943679
2017-12-05,120.44,120.505,119.72,120.32,120.32,10041160
2017-12-06,120.03,120.44,119.87,120.07,120.07,6643006
2017-12-07,119.01,119.24,118.1,118.49,118.49,12900240
2017-12-08,118.63,118.92,118.33,118.48,118.48,5231287
2017-12-11,118.37,118.54,117.8,118.01,118.01,4522244
2017-12-12,117.73,118.17,117.4,118.15,118.15,8020109
2017-12-13,118.19,119.35,118.01,119.17,119.17,10086660
2017-12-14,119.1,119.285,118.705,118.93,118.93,6993592
2017-12-15,119.41,119.5,118.97,119.18,119.18,7531964
2017-12-18,119.63,119.99,119.6,119.73,119.73,5452212
2017-12-19,119.67,119.9,119.53,119.82,119.82,4018885
2017-12-20,119.98,120.36,119.81,120.14,120.14,5734625
2017-12-21,120.07,120.45,120.0,120.31,120.31,4823709
2017-12-22,120.67,121.14,120.57,120.94,120.94,5791312
2017-12-26,121.55,121.87,121.51,121.77,121.77,8224411
2017-12-27,122.0,122.34,121.875,122.23,122.23,6232678
2017-12-28,122.82,122.92,122.56,122.85,122.85,5732725
2017-12-29,123.7,124.085,123.46,123.65,123.65,7852109
2018-01-02,124.66,125.18,124.39,125.15,125.15,11762520
2018-01-03,125.05,125.09,124.101,124.82,124.82,7904326
2018-01-04,124.89,125.85,124.74,125.46,125.46,7329718
2018-01-05,124.93,125.48,124.83,125.33,125.33,5739904
2018-01-08,125.2,125.32,124.9,125.31,125.31,3566707
2018-01-09,124.49,124.86,124.23,124.73,124.73,9153584
2018-01-10,125.17,125.31,124.72,125.03,125.03,14809300
2018-01-11,125.37,125.66,125.25,125.44,125.44,5994730
2018-01-12,126.01,127.13,125.81,126.96,126.96,9258570
2018-01-16,126.6,127.18,126.4,127.17,127.17,8083895
2018-01-17,126.77,127.22,125.9,126.14,126.14,10130510
2018-01-18,126.13,126.52,125.8,125.86,125.86,6289271
2018-01-19,126.57,126.73,126.41,126.42,126.42,8773753
2018-01-22,126.51,126.75,126.28,126.65,126.65,4893546
2018-01-23,126.53,127.35,126.34,127.28,127.28,6190410
2018-01-24,128.39,129.265,128.2338,128.83,128.83,11827550
2018-01-25,128.69,129.515,127.36,127.97,127.97,15219660
2018-01-26,128.24,128.52,127.97,128.07,128.07,7828744
2018-01-29,127.58,127.63,126.915,127.35,127.35,6956392
2018-01-30,127.91,127.9167,126.74,126.8,126.8,9736105
2018-01-31,127.45,127.85,126.4,127.65,127.65,13418900
2018-02-01,127.18,128.15,127.08,128.07,128.07,10854640
2018-02-02,126.81,126.85,125.955,126.39,126.39,16789211
2018-02-05,126.82,127.31,126.44,126.71,126.71,13596330
2018-02-06,126.54,126.55,125.22,125.38,125.38,17672449
2018-02-07,125.48,125.77,124.41,124.79,124.79,8558460
2018-02-08,124.92,125.44,124.51,124.98,124.98,7343637
2018-02-09,124.65,125.14,124.39,124.77,124.77,14140700
2018-02-12,125.19,125.82,125.11,125.37,125.37,6984852
2018-02-13,125.67,126.18,125.52,126.08,126.08,5321327
2018-02-14,126.47,128.59,126.29,128.23,128.23,16416410
2018-02-15,128.43,128.569,127.94,128.38,128.38,7276495
2018-02-16,128.3,128.7,127.5689,127.96,127.96,7956921
2018-02-20,127.28,127.4,126.04,126.24,126.24,11148750
2018-02-21,126.36,126.76,125.44,125.66,125.66,7908753
2018-02-22,125.92,126.37,125.88,126.3,126.3,5346347
2018-02-23,126.06,126.3,125.85,126.14,126.14,4239709
2018-02-26,126.45,126.62,126.18,126.45,126.45,3194743
2018-02-27,126.06,126.15,124.59,125.13,125.13,7082301
2018-02-28,125.09,125.46,124.81,125.0,125.0,4534884
2018-03-01,124.15,125.31,123.575,124.72,124.72,12910070
2018-03-02,125.67,125.69,124.97,125.39,125.39,9994341
2018-03-05,125.35,125.48,124.96,125.18,125.18,5778343
2018-03-06,126.2,126.9563,126.13,126.53,126.53,8676781
2018-03-07,126.22,126.29,125.42,125.72,125.72,5158674
2018-03-08,125.69,125.7,125.125,125.42,125.42,3474944
2018-03-09,124.94,125.69,124.78,125.54,125.54,5066833
2018-03-12,125.04,125.57,124.84,125.54,125.54,2884269
2018-03-13,125.67,125.99,125.05,125.78,125.78,4798303
2018-03-14,125.49,125.76,125.34,125.7,125.7,3777021
2018-03-15,125.12,125.21,124.72,124.9,124.9,6130124
2018-03-16,124.84,124.87,124.21,124.6,124.6,7402188
2018-03-19,124.57,125.16,124.42,124.87,124.87,4335420
2018-03-20,124.41,124.55,123.96,124.31,124.31,3399440
2018-03-21,125.4,126.76,125.03,126.48,126.48,12532040
2018-03-22,126.09,126.34,125.64,125.98,125.98,5298709
2018-03-23,127.82,128.06,127.4054,127.61,127.61,12025880
2018-03-26,128.05,128.58,128.0107,128.28,128.28,6169843
2018-03-27,127.23,127.62,127.05,127.49,127.49,6180707
2018-03-28,126.48,126.61,125.51,125.73,125.73,10254880
2018-03-29,125.42,125.81,125.31,125.79,125.79,7117156
2018-04-02,126.65,127.54,126.375,127.26,127.26,11421140
2018-04-03,126.54,126.59,126.01,126.3,126.3,6083717
2018-04-04,127.5,127.53,126.32,126.45,126.45,7488254
2018-04-05,125.45,126.0825,125.425,125.8,125.8,5332957
2018-04-06,126.57,126.6,126.125,126.39,126.39,6121225
2018-04-09,126.45,126.86,126.23,126.82,126.82,4189864
2018-04-10,127.02,127.305,126.67,127.12,127.12,5403992
2018-04-11,128.09,129.47,127.78,128.11,128.11,12348560
2018-04-12,127.25,127.34,126.47,126.62,126.62,8141339
2018-04-13,127.07,127.75,127.03,127.45,127.45,6821338
2018-04-16,127.74,128.05,127.57,127.63,127.63,4600039
2018-04-17,127.02,127.78,127.001,127.75,127.75,4184077
2018-04-18,128.32,128.54,127.751,127.85,127.85,6755575
2018-04-19,127.81,127.8839,127.13,127.6,127.6,8736103
2018-04-20,126.69,126.97,126.55,126.63,126.63,10403130
2018-04-23,125.62,125.76,125.3412,125.62,125.62,6921519
2018-04-24,125.78,126.34,125.67,126.23,126.23,4733107
2018-04-25,125.23,125.51,125.06,125.41,125.41,5985694
2018-04-26,125.54,125.57,124.69,124.97,124.97,7517135
2018-04-27,125.2,125.62,125.17,125.5,125.5,5653996
2018-04-30,124.41,125.2,124.1901,124.59,124.59,9830612
2018-05-01,123.9,123.9848,123.39,123.71,123.71,7551577
2018-05-02,123.9,124.54,123.58,123.65,123.65,7614019
2018-05-03,124.66,124.76,124.24,124.28,124.28,4857387
2018-05-04,124.1,124.65,124.0,124.54,124.54,5883574
2018-05-07,124.5,124.7,124.3,124.57,124.57,3397508
2018-05-08,124.14,124.95,123.79,124.59,124.59,5551078
2018-05-09,124.45,124.87,124.24,124.33,124.33,4405593
2018-05-10,125.22,125.3724,124.75,125.18,125.18,5218356
2018-05-11,125.57,125.59,124.94,125.0,125.0,4299164
2018-05-14,125.16,125.21,124.44,124.49,124.49,3753223
2018-05-15,122.82,122.82,122.13,122.48,122.48,10911850
2018-05-16,122.38,122.61,122.03,122.29,122.29,4943275
2018-05-17,122.23,122.43,122.04,122.36,122.36,7781336
2018-05-18,122.05,122.65,122.01,122.41,122.41,6837125
2018-05-21,122.16,122.53,121.97,122.48,122.48,4126673
2018-05-22,122.7,122.74,122.34,122.41,122.41,4579602
2018-05-23,122.14,122.74,122.11,122.54,122.54,7007256
2018-05-24,123.1,123.82,123.08,123.59,123.59,8850085
2018-05-25,123.66,123.7,123.21,123.21,123.21,7920650
2018-05-29,122.84,123.64,122.66,123.19,123.19,9013170
2018-05-30,123.17,123.61,123.17,123.37,123.37,4573697
2018-05-31,123.26,123.78,123.1,123.1,123.1,7862495
2018-06-01,122.58,123.09,122.44,122.49,122.49,8059121
2018-06-04,122.85,122.93,122.37,122.37,122.37,4345370
2018-06-05,122.55,123.2257,122.281,122.85,122.85,6864209
2018-06-06,123.08,123.35,122.63,122.92,122.92,4083702
2018-06-07,122.96,123.145,122.69,122.86,122.86,3700745
2018-06-08,123.08,123.12,122.91,123.01,123.01,3865667
2018-06-11,123.1,123.42,123.0175,123.23,123.23,3201179
2018-06-12,122.95,123.18,122.64,122.82,122.82,7279620
2018-06-13,122.84,123.34,122.47,123.19,123.19,5867744
2018-06-14,123.63,123.86,123.32,123.38,123.38,8015447
2018-06-15,122.18,122.2,120.83,121.34,121.34,14536990
2018-06-18,121.35,121.44,120.99,121.11,121.11,3845950
2018-06-19,120.81,121.03,120.581,120.8,120.8,4925832
2018-06-20,120.79,120.81,120.16,120.26,120.26,4548491
2018-06-21,119.92,120.32,119.821,120.05,120.05,5681906
2018-06-22,120.21,120.4,120.1,120.34,120.34,4518408
2018-06-25,120.0,120.23,119.8299,119.89,119.89,9300195
2018-06-26,119.28,119.59,119.09,119.26,119.26,8675447
2018-06-27,118.96,119.05,118.48,118.58,118.58,6480501
2018-06-28,118.59,118.67,118.01,118.22,118.22,7760936
2018-06-29,118.43,118.94,118.26,118.65,118.65,8002828
2018-07-02,118.18,118.21,117.4,117.46,117.46,12021960
2018-07-03,118.41,119.08,118.38,118.65,118.65,8900973
2018-07-05,118.92,119.33,118.77,119.05,119.05,4951873
2018-07-06,118.97,119.03,118.731,118.86,118.86,2947058
2018-07-09,119.65,119.73,119.14,119.15,119.15,4075297
2018-07-10,118.89,119.0,118.61,118.93,118.93,3754770
2018-07-11,118.45,118.53,117.62,117.64,117.64,6974791
2018-07-12,118.0,118.2638,117.94,118.13,118.13,4585460
2018-07-13,117.62,117.75,117.4465,117.61,117.61,5444284
2018-07-16,117.51,117.625,117.28,117.55,117.55,3670943
2018-07-17,116.72,116.925,116.12,116.28,116.28,7939635
2018-07-18,116.03,116.35,115.83,116.31,116.31,5391963
2018-07-19,115.13,116.47,115.12,115.81,115.81,14227630
2018-07-20,116.4,116.71,116.24,116.56,116.56,7892317
2018-07-23,116.25,116.31,115.76,116.0,116.0,6247368
2018-07-24,116.22,116.43,115.91,116.04,116.04,4801046
2018-07-25,116.79,116.8366,116.27,116.68,116.68,5480914
2018-07-26,116.24,116.51,115.77,115.77,115.77,6382946
2018-07-27,115.92,116.2399,115.77,115.83,115.83,5242099
2018-07-30,115.8,116.02,115.64,115.65,115.65,4157371
2018-07-31,115.47,116.35,115.394,115.99,115.99,5508456
2018-08-01,115.63,115.7,115.125,115.14,115.14,7941660
2018-08-02,115.17,115.23,114.42,114.52,114.52,6204210
2018-08-03,115.09,115.53,114.86,114.92,114.92,5953227
2018-08-06,114.56,114.72,114.31,114.33,114.33,5811614
2018-08-07,114.85,114.935,114.42,114.59,114.59,5188447
2018-08-08,114.75,114.95,114.41,114.91,114.91,3809872
2018-08-09,115.02,115.12,114.69,114.74,114.74,4252956
2018-08-10,114.81,115.23,114.6076,114.69,114.69,6757857
2018-08-13,113.81,113.81,112.83,112.96,112.96,9150873
2018-08-14,113.25,113.48,112.84,113.07,113.07,7086193
2018-08-15,112.17,112.18,111.06,111.19,111.19,12398370
2018-08-16,111.46,111.88,111.1,111.1,111.1,7484637
2018-08-17,111.69,112.15,111.38,112.13,112.13,8470951
2018-08-20,112.38,112.74,112.16,112.69,112.69,5313403
2018-08-21,112.77,113.1,112.44,113.02,113.02,5042443
2018-08-22,113.39,113.49,113.07,113.27,113.27,6215910
2018-08-23,112.68,112.88,112.06,112.2,112.2,5500102
2018-08-24,113.25,114.42,113.21,114.16,114.16,9214703
2018-08-27,114.12,114.78,114.12,114.59,114.59,4364167
2018-08-28,114.76,114.8666,113.55,113.68,113.68,6101386
2018-08-29,114.16,114.21,113.85,114.2,114.2,5616329
2018-08-30,113.92,113.93,113.24,113.64,113.64,5431837
2018-08-31,113.72,114.06,113.44,113.51,113.51,5048673
2018-09-04,112.75,113.07,112.61,112.93,112.93,6617486
2018-09-05,113.36,113.44,113.12,113.32,113.32,4459202
2018-09-06,113.89,114.26,113.28,113.54,113.54,4784729
2018-09-07,113.26,113.6,112.97,113.23,113.23,3714023
2018-09-10,113.26,113.43,113.0,113.15,113.15,2316718
2018-09-11,112.65,113.37,112.42,113.22,113.22,3791338
2018-09-12,113.12,114.39,113.055,114.17,114.17,6315934
2018-09-13,114.72,114.78,113.58,113.76,113.76,5636023
2018-09-14,113.79,113.9,112.91,113.02,113.02,5375645
2018-09-17,113.6,114.03,113.55,113.61,113.61,4727254
2018-09-18,113.79,113.91,113.275,113.44,113.44,4737849
2018-09-19,113.94,114.15,113.68,113.88,113.88,4223199
2018-09-20,114.21,114.37,113.855,114.27,114.27,4384523
2018-09-21,112.87,113.68,112.79,113.49,113.49,6831550
2018-09-24,113.68,113.96,113.43,113.47,113.47,4435578
2018-09-25,113.75,113.885,113.57,113.65,113.65,3004824
2018-09-26,113.11,113.6,112.66,113.05,113.05,8297429
2018-09-27,112.1,112.4156,111.8499,112.05,112.05,7683739
2018-09-28,112.16,113.0,112.07,112.76,112.76,6020579
2018-10-01,112.4,112.62,112.15,112.57,112.57,3893012
2018-10-02,113.7,114.33,113.61,113.87,113.87,10776910
2018-10-03,113.87,114.05,113.26,113.42,113.42,6674517
2018-10-04,113.83,114.19,113.255,113.48,113.48,6616212
2018-10-05,113.81,114.1,113.57,113.8,113.8,7994440
2018-10-08,112.25,112.59,111.9,112.54,112.54,12111580
2018-10-09,112.37,112.67,111.97,112.6,112.6,8352697
2018-10-10,112.47,112.96,112.25,112.88,112.88,10571320
2018-10-11,114.2,116.04,114.09,115.78,115.78,26810920
2018-10-12,115.58,115.71,115.08,115.23,115.23,12939320
2018-10-15,116.12,116.53,115.89,116.0,116.0,11828370
2018-10-16,116.49,116.6,115.8,115.8,115.8,9531769
2018-10-17,115.89,116.33,115.68,115.79,115.79,7078639
2018-10-18,115.83,116.41,115.63,115.92,115.92,7964106
2018-10-19,116.23,116.24,115.96,116.01,116.01,7453947
2018-10-22,115.57,115.7789,115.43,115.71,115.71,5200759
2018-10-23,117.16,117.25,116.33,116.39,116.39,12704180
2018-10-24,116.38,116.72,116.1101,116.66,116.66,8563293
2018-10-25,116.58,116.73,116.19,116.4,116.4,8303495
2018-10-26,116.83,117.65,116.46,116.77,116.77,15733170
2018-10-29,116.41,116.54,115.84,116.31,116.31,8732486
2018-10-30,115.85,116.04,115.635,115.8,115.8,7233614
2018-10-31,114.89,115.17,114.66,115.15,115.15,11409350
2018-11-01,116.33,117.07,116.18,116.63,116.63,13662920
2018-11-02,116.61,116.98,116.39,116.65,116.65,8796962
2018-11-05,116.28,116.67,116.23,116.37,116.37,6291450
2018-11-06,116.44,116.525,115.74,116.04,116.04,7270793
2018-11-07,116.26,116.345,115.9,116.03,116.03,8392112
2018-11-08,115.77,116.15,115.5,115.78,115.78,7638817
2018-11-09,114.6,114.75,114.14,114.48,114.48,14159470
2018-11-12,114.01,114.05,113.58,113.66,113.66,7499046
2018-11-13,113.72,113.93,113.42,113.7,113.7,9309074
2018-11-14,113.53,115.06,113.46,114.64,114.64,13950220
2018-11-15,114.83,114.99,114.56,114.77,114.77,8910585
2018-11-16,115.83,115.88,115.37,115.62,115.62,8576955
2018-11-19,115.45,115.92,115.37,115.67,115.67,8508445
2018-11-20,115.94,115.95,115.37,115.67,115.67,9075193
2018-11-21,115.94,116.35,115.86,115.86,115.86,8834206
2018-11-23,115.76,115.88,115.585,115.77,115.77,3726611
2018-11-26,115.84,115.87,115.53,115.64,115.64,4018622
2018-11-27,115.55,115.63,114.6,114.95,114.95,9671170
2018-11-28,114.76,116.07,114.59,115.38,115.38,13789020
2018-11-29,115.97,116.24,115.56,115.74,115.74,6479502
2018-11-30,115.42,115.66,115.04,115.54,115.54,8169579
2018-12-03,116.6,116.77,116.295,116.41,116.41,8469521
2018-12-04,117.37,117.39,116.931,117.12,117.12,7186437
2018-12-06,117.38,117.685,116.92,117.14,117.14,9267628
2018-12-07,117.62,118.23,117.54,118.09,118.09,10402900
2018-12-10,117.7,117.94,117.42,117.68,117.68,8118110
2018-12-11,117.67,117.89,117.35,117.54,117.54,6395391
2018-12-12,117.7,117.95,117.6117,117.79,117.79,4136781
2018-12-13,117.54,117.62,117.26,117.53,117.53,4131770
2018-12-14,116.63,117.3,116.58,117.06,117.06,7501660
2018-12-17,117.37,118.03,117.35,117.87,117.87,8455007
2018-12-18,117.85,118.2,117.81,118.15,118.15,7542875
2018-12-19,118.24,118.96,117.4,117.43,117.43,13827510
2018-12-20,119.11,119.74,118.68,119.24,119.24,18615141
2018-12-21,119.19,119.25,118.57,118.72,118.72,13629830
2018-12-24,119.57,120.14,119.57,120.02,120.02,9736359
2018-12-26,120.62,120.995,119.57,119.66,119.66,14293460
2018-12-27,120.57,120.895,120.14,120.57,120.57,11874410
2018-12-28,120.8,121.08,120.72,121.06,121.06,6864842
2018-12-31,120.98,121.26,120.83,121.25,121.25,8449441
2019-01-02,121.35,121.75,120.88,121.33,121.33,12776160
2019-01-03,121.78,122.46,121.73,122.43,122.43,15440840
2019-01-04,121.32,121.6,120.69,121.44,121.44,13334370
2019-01-07,122.16,122.22,121.5731,121.86,121.86,7473641
2019-01-08,121.15,121.71,121.06,121.53,121.53,7643363
2019-01-09,121.45,122.335,121.44,122.31,122.31,10555930
2019-01-10,121.98,122.179,121.57,121.59,121.59,6672058
2019-01-11,121.74,122.05,121.66,121.8,121.8,8622666
2019-01-14,122.15,122.24,121.87,122.09,122.09,6477072
2019-01-15,122.28,122.38,121.62,121.88,121.88,7512779
2019-01-16,122.04,122.44,122.02,122.27,122.27,6878137
2019-01-17,122.03,122.26,121.81,122.11,122.11,8558523
2019-01-18,121.23,121.515,121.02,121.02,121.02,10896310
2019-01-22,121.18,121.5,120.9,121.45,121.45,7896668
2019-01-23,120.96,121.54,120.86,121.28,121.28,5224918
2019-01-24,121.16,121.36,120.92,121.09,121.09,5662490
2019-01-25,122.02,122.91,122.02,122.86,122.86,11103310
2019-01-28,122.75,123.29,122.7178,123.29,123.29,8522178
2019-01-29,123.71,124.0,123.46,123.98,123.98,11610200
2019-01-30,123.91,125.07,123.7,124.69,124.69,12103960
2019-01-31,125.18,125.23,124.62,124.75,124.75,10209520
2019-02-01,124.89,125.05,124.37,124.5,124.5,12485500
2019-02-04,123.99,124.29,123.82,123.96,123.96,6879187
2019-02-05,124.29,124.42,124.05,124.28,124.28,6291367
2019-02-06,124.16,124.1899,123.4,123.44,123.44,6595100
2019-02-07,123.8,123.95,123.4367,123.74,123.74,5935456
2019-02-08,124.05,124.33,123.9799,124.21,124.21,4235221
2019-02-11,123.19,123.82,123.19,123.6,123.6,4821904
2019-02-12,123.96,124.03,123.61,123.86,123.86,4271869
2019-02-13,123.84,124.55,123.31,123.37,123.37,7640509
2019-02-14,123.84,124.2,123.53,124.06,124.06,6276529
2019-02-15,124.59,125.0,124.18,124.8,124.8,12190100
2019-02-19,125.98,126.79,125.93,126.7,126.7,15614030
2019-02-20,127.0,127.21,126.31,126.48,126.48,8889665
2019-02-21,126.15,126.22,125.05,125.05,125.05,8634596
2019-02-22,125.53,125.95,125.39,125.5,125.5,5439375
2019-02-25,125.78,125.9,125.23,125.37,125.37,4882615
2019-02-26,125.33,125.6171,125.05,125.58,125.58,5153511
2019-02-27,125.17,125.226,124.4,124.69,124.69,7935647
2019-02-28,124.71,124.71,123.98,123.99,123.99,7811731
2019-03-01,123.48,123.96,121.87,121.88,121.88,16411740
2019-03-04,121.56,121.85,121.18,121.56,121.56,10272590
2019-03-05,121.38,121.73,121.03,121.72,121.72,7120090
2019-03-06,121.43,121.64,121.26,121.61,121.61,4820443
2019-03-07,121.27,121.71,121.18,121.51,121.51,6088768
2019-03-08,122.7,122.89,122.37,122.84,122.84,10427750
2019-03-11,122.52,122.54,121.92,122.24,122.24,6708655
2019-03-12,122.54,123.03,122.4,122.98,122.98,6289860
2019-03-13,123.56,123.88,123.425,123.84,123.84,7377297
2019-03-14,122.33,122.545,122.12,122.41,122.41,6778443
2019-03-15,123.06,123.4,122.9132,122.97,122.97,9412061
2019-03-18,123.3,123.3998,122.89,123.04,123.04,7783205
2019-03-19,123.72,123.79,123.34,123.38,123.38,6558693
2019-03-20,123.66,124.42,122.65,124.18,124.18,11304910
2019-03-21,124.36,124.37,123.11,123.68,123.68,7739775
2019-03-22,123.93,124.22,123.73,123.97,123.97,5874016
2019-03-25,124.56,125.11,124.4801,124.92,124.92,7288343
2019-03-26,124.48,124.51,124.07,124.3,124.3,5056224
2019-03-27,124.35,124.375,123.56,123.65,123.65,6595016
2019-03-28,122.28,122.355,121.705,121.9,121.9,11878330
2019-03-29,122.64,122.75,122.01,122.01,122.01,7094201
2019-04-01,122.4,122.43,121.46,121.53,121.53,13559960
2019-04-02,121.72,122.01,121.68,121.98,121.98,4474953
2019-04-03,121.73,122.01,121.675,121.8,121.8,6152734
2019-04-04,121.1,122.24,120.96,122.11,122.11,7508760
2019-04-05,121.88,122.13,121.6633,121.98,121.98,5114493
2019-04-08,122.97,123.0199,122.4,122.51,122.51,4271034
2019-04-09,123.26,123.35,123.03,123.15,123.15,4648392
2019-04-10,123.22,123.77,123.19,123.53,123.53,6344767
2019-04-11,122.54,122.75,121.79,121.95,121.95,11694500
2019-04-12,121.96,122.31,121.8,121.83,121.83,5272844
2019-04-15,121.2,121.82,121.095,121.6,121.6,4252774
2019-04-16,120.38,120.63,120.19,120.51,120.51,10097800
2019-04-17,120.46,120.51,120.195,120.28,120.28,4693864
2019-04-18,120.24,120.54,120.15,120.37,120.37,4090401
2019-04-22,120.46,120.5,120.27,120.37,120.37,2251185
2019-04-23,119.67,120.2,119.55,120.12,120.12,5574897
2019-04-24,120.06,120.72,120.04,120.47,120.47,4173034
2019-04-25,120.72,121.0962,120.5,120.57,120.57,4836857
2019-04-26,121.26,121.67,121.2199,121.37,121.37,6022715
2019-04-29,120.88,120.91,120.665,120.83,120.83,4469721
2019-04-30,120.89,121.36,120.85,121.2,121.2,4758567
2019-05-01,121.03,121.55,120.18,120.4,120.4,12331840
2019-05-02,119.69,120.11,119.54,119.94,119.94,6759844
2019-05-03,120.56,121.08,120.475,120.65,120.65,8414504
2019-05-06,120.61,121.12,120.54,120.81,120.81,3479563
2019-05-07,121.02,121.42,120.9067,121.21,121.21,4010654
2019-05-08,121.54,121.54,120.77,120.91,120.91,4178965
2019-05-09,120.96,121.62,120.86,121.2,121.2,5015785
2019-05-10,121.41,121.73,121.3,121.43,121.43,4586301
2019-05-13,122.63,122.85,122.325,122.67,122.67,11130910
2019-05-14,122.6,122.66,122.12,122.46,122.46,5556105
2019-05-15,122.71,122.765,122.2199,122.39,122.39,10298970
2019-05-16,122.03,122.0734,121.19,121.51,121.51,6349454
2019-05-17,121.03,121.06,120.33,120.65,120.65,6589382
2019-05-20,120.51,120.74,120.42,120.64,120.64,4345803
2019-05-21,120.08,120.36,119.83,120.36,120.36,3845702
2019-05-22,120.35,120.5,120.19,120.24,120.24,3741805
2019-05-23,120.82,121.52,120.77,121.17,121.17,6054721
2019-05-24,121.13,121.31,120.89,121.3,121.3,2324653
2019-05-28,120.8,120.84,120.46,120.83,120.83,4303495
2019-05-29,121.11,121.26,120.745,120.87,120.87,4133202
2019-05-30,120.96,121.69,120.8,121.69,121.69,7757033
2019-05-31,122.55,123.4,122.315,123.33,123.33,15367000
2019-06-03,124.09,125.34,123.9,125.11,125.11,14173640
2019-06-04,124.88,125.42,124.61,125.15,125.15,7997062
2019-06-05,126.18,126.37,125.24,125.47,125.47,7637880
2019-06-06,125.93,126.45,125.8,125.88,125.88,5551778
2019-06-07,126.79,127.25,126.32,126.59,126.59,8145853
2019-06-10,125.46,125.525,125.065,125.33,125.33,5409983
2019-06-11,124.94,125.4,124.884,125.18,125.18,4757841
2019-06-12,125.6,126.2,125.56,125.83,125.83,5756153
2019-06-13,126.03,126.77,125.9599,126.6,126.6,5374818
2019-06-14,127.21,127.63,126.26,126.56,126.56,9226446
2019-06-17,126.7,126.77,126.17,126.48,126.48,4763345
2019-06-18,127.58,127.75,126.39,127.12,127.12,10309650
2019-06-19,126.77,127.99,126.7,127.89,127.89,11660650
2019-06-20,130.41,131.49,130.185,131.11,131.11,18636340
2019-06-21,131.77,132.17,131.07,131.98,131.98,15068040
2019-06-24,132.77,134.035,132.58,133.94,133.94,17851801
2019-06-25,134.9,135.55,133.21,134.2,134.2,24772240
2019-06-26,132.99,133.55,132.41,132.97,132.97,12016400
2019-06-27,132.38,132.97,132.26,132.84,132.84,8412764
2019-06-28,133.05,133.34,132.61,133.2,133.2,8076966
2019-07-01,131.56,131.755,130.55,130.62,130.62,13369820
2019-07-02,131.27,133.63,131.16,133.41,133.41,13282140
2019-07-03,133.61,134.1,133.23,133.63,133.63,6351547
2019-07-05,131.46,132.32,130.81,132.14,132.14,11536580
2019-07-08,132.18,132.341,131.28,131.29,131.29,8028884
2019-07-09,131.43,132.1,131.1575,131.75,131.75,6633439
2019-07-10,132.94,133.87,132.35,133.83,133.83,13920590
2019-07-11,133.58,133.7,132.41,132.7,132.7,7535133
2019-07-12,132.89,133.69,132.53,133.53,133.53,6309451
2019-07-15,133.18,133.53,132.805,133.53,133.53,4026583
2019-07-16,133.18,133.3,132.13,132.4,132.4,7965981
2019-07-17,133.0,134.6,132.89,134.58,134.58,11288280
2019-07-18,133.83,136.63,133.61,136.48,136.48,18466490
2019-07-19,135.45,136.03,133.97,134.47,134.47,18079199
2019-07-22,134.56,134.82,134.32,134.45,134.45,7570898
2019-07-23,134.43,134.95,133.56,133.69,133.69,9981379
2019-07-24,134.59,134.84,133.98,134.37,134.37,6715167
2019-07-25,134.24,134.28,133.09,133.42,133.42,11708240
2019-07-26,134.24,134.29,133.59,133.64,133.64,6249928
2019-07-29,134.06,134.729,133.44,134.53,134.53,9162417
2019-07-30,134.76,135.18,134.41,134.98,134.98,9458733
2019-07-31,135.03,135.42,133.02,133.21,133.21,18797199
2019-08-01,132.42,136.43,132.305,136.41,136.41,27719820
2019-08-02,135.39,136.6,135.37,135.89,135.89,13753220
2019-08-05,137.93,138.64,137.05,137.79,137.79,17519820
2019-08-06,138.33,139.03,138.005,138.91,138.91,9471209
2019-08-07,141.28,142.47,140.88,141.02,141.02,26671090
2019-08-08,140.9,142.37,140.71,141.73,141.73,13108550
2019-08-09,141.28,142.03,140.96,141.26,141.26,9485912
2019-08-12,141.67,143.38,141.64,142.63,142.63,15259760
2019-08-13,143.17,143.285,139.35,141.78,141.78,29930391
2019-08-14,142.9,143.75,142.05,142.75,142.75,20672859
2019-08-15,142.96,144.02,142.61,143.7,143.7,13501100
2019-08-16,142.75,143.13,141.8,142.78,142.78,12184490
2019-08-19,141.33,141.79,140.85,141.11,141.11,10558370
2019-08-20,141.77,142.255,141.6,142.21,142.21,7479375
2019-08-21,141.62,142.17,141.46,141.76,141.76,8118733
2019-08-22,141.39,141.9,141.17,141.4,141.4,6847647
2019-08-23,141.84,144.33,141.64,144.17,144.17,20290539
2019-08-26,144.35,144.97,143.91,144.19,144.19,12200810
2019-08-27,144.3,145.68,144.27,145.57,145.57,12857590
2019-08-28,145.39,145.68,144.64,145.16,145.16,11454610
2019-08-29,145.4,145.49,143.28,144.12,144.12,14764570
2019-08-30,143.84,144.8822,143.02,143.75,143.75,9642584
2019-09-03,144.96,146.13,144.741,145.75,145.75,15621870
2019-09-04,145.54,146.82,145.5,146.66,146.66,11292000
2019-09-05,144.98,145.015,142.0,143.14,143.14,20297881
2019-09-06,143.64,144.06,141.86,141.92,141.92,14175220
2019-09-09,142.37,142.46,141.18,141.39,141.39,11323820
2019-09-10,141.23,141.525,140.16,140.18,140.18,12629210
2019-09-11,140.34,141.26,140.28,141.03,141.03,7453049
2019-09-12,142.68,143.1,141.11,141.32,141.32,12673710
2019-09-13,141.73,141.99,140.06,140.15,140.15,13451700
2019-09-16,141.6,142.05,141.02,141.32,141.32,8094567
2019-09-17,141.82,142.11,141.2237,141.6,141.6,7046430
2019-09-18,141.93,142.53,139.81,140.71,140.71,15071650
2019-09-19,141.57,141.74,141.0851,141.28,141.28,8062589
2019-09-20,141.61,143.03,141.46,142.95,142.95,12276520
2019-09-23,143.22,143.94,143.07,143.75,143.75,9036267
2019-09-24,143.21,144.77,142.88,144.51,144.51,10620690
2019-09-25,144.08,144.29,141.44,141.83,141.83,11997860
2019-09-26,142.19,142.57,141.56,141.79,141.79,8803139
2019-09-27,140.35,141.68,140.16,141.06,141.06,9665953
2019-09-30,139.77,140.21,138.03,138.87,138.87,15530070
2019-10-01,138.07,140.19,137.8,139.63,139.63,12502410
2019-10-02,140.79,141.88,140.462,141.26,141.26,11944620
2019-10-03,141.36,143.25,141.29,141.9,141.9,12407860
2019-10-04,141.48,142.31,141.14,141.9,141.9,9689966
2019-10-07,141.16,141.7709,140.24,140.69,140.69,6162696
2019-10-08,142.03,142.29,141.17,141.92,141.92,10485490
2019-10-09,142.16,142.58,141.62,142.05,142.05,7052811
2019-10-10,141.59,141.66,140.578,140.81,140.81,9331584
2019-10-11,139.97,140.19,138.91,140.03,140.03,11425540
2019-10-14,140.45,140.82,140.34,140.59,140.59,4009169
2019-10-15,140.27,140.3,139.21,139.61,139.61,9131732
2019-10-16,140.14,140.53,139.6988,140.41,140.41,10363890
2019-10-17,140.5,141.12,140.42,140.61,140.61,6224288
2019-10-18,140.5,140.71,140.32,140.46,140.46,6416213
2019-10-21,140.72,140.76,139.6,139.79,139.79,8314307
2019-10-22,140.13,140.3,139.72,140.2,140.2,3885045
2019-10-23,140.59,141.0,140.5,140.53,140.53,4160001
2019-10-24,141.02,141.74,140.93,141.53,141.53,6275566
2019-10-25,142.79,142.83,141.4,141.86,141.86,6011459
2019-10-28,141.25,141.25,140.4004,140.64,140.64,5442028
2019-10-29,140.0,140.63,139.78,140.25,140.25,3835427
2019-10-30,140.54,141.04,139.55,141.02,141.02,6992869
2019-10-31,141.98,142.69,141.89,142.43,142.43,7050926
2019-11-01,142.21,142.9,142.01,142.56,142.56,8089975
2019-11-04,142.26,142.45,141.7446,142.15,142.15,4740282
2019-11-05,140.65,140.89,139.38,139.85,139.85,11782250
2019-11-06,140.12,140.79,140.0,140.45,140.45,6416469
2019-11-07,140.11,140.2,137.6,138.27,138.27,15214220
2019-11-08,137.73,138.33,137.39,137.39,137.39,10378200
2019-11-11,137.61,137.79,136.435,137.06,137.06,7038053
2019-11-12,137.03,137.59,136.19,137.43,137.43,6451809
2019-11-13,137.8,138.22,137.64,137.98,137.98,8809752
2019-11-14,138.39,138.94,137.8685,138.56,138.56,5220927
2019-11-15,138.03,138.4208,137.971,138.21,138.21,10106940
2019-11-18,138.44,138.85,138.3,138.62,138.62,5722188
2019-11-19,138.13,138.9716,138.13,138.69,138.69,4825641
2019-11-20,138.53,139.0,138.1,138.76,138.76,6894534
2019-11-21,138.39,138.56,137.77,138.0,138.0,4197208
2019-11-22,138.37,138.46,137.66,137.74,137.74,3620534
2019-11-25,137.32,137.62,136.99,137.08,137.08,6418042
2019-11-26,136.98,137.8,136.58,137.74,137.74,4725594
2019-11-27,137.03,137.21,136.83,137.01,137.01,4113152
2019-11-29,137.1,138.1341,137.08,137.86,137.86,4516421
2019-12-02,137.32,138.09,137.3,137.79,137.79,8278535
2019-12-03,139.04,139.57,138.97,139.11,139.11,8502789
2019-12-04,139.16,139.165,138.59,138.92,138.92,6326512
2019-12-05,138.8,139.45,138.79,139.0,139.0,5674471
2019-12-06,137.76,137.8262,137.4,137.62,137.62,8748968
2019-12-09,137.8,137.81,137.45,137.58,137.58,2814342
2019-12-10,138.25,138.33,137.74,137.97,137.97,3241771
2019-12-11,138.2,139.3,138.1201,138.92,138.92,6117701
2019-12-12,139.78,139.85,137.88,138.43,138.43,8816618
2019-12-13,138.52,139.21,137.98,139.05,139.05,6964200
2019-12-16,139.2,139.39,138.8,139.04,139.04,4647211
2019-12-17,139.02,139.3,138.851,139.01,139.01,4288118
2019-12-18,138.86,139.25,138.81,139.02,139.02,3608069
2019-12-19,139.04,139.55,138.87,139.38,139.38,4975164
2019-12-20,139.37,139.52,138.98,139.52,139.52,4481503
2019-12-23,139.53,139.96,139.53,139.95,139.95,5182388
2019-12-24,140.44,141.33,140.43,141.27,141.27,5303698
2019-12-26,142.06,142.47,141.9062,142.38,142.38,8343019
2019-12-27,142.26,142.73,142.17,142.33,142.33,5120441
2019-12-30,142.56,142.8,142.46,142.63,142.63,4812117
2019-12-31,143.31,143.605,142.8,142.9,142.9,5314467
2020-01-02,143.86,144.21,143.4,143.95,143.95,7736828
2020-01-03,145.75,146.32,145.4,145.86,145.86,12285500
2020-01-06,148.44,148.48,146.95,147.39,147.39,14409910
2020-01-07,147.57,148.14,147.43,147.97,147.97,8401088
2020-01-08,148.49,148.61,146.14,146.86,146.86,22276320
2020-01-09,146.07,146.41,145.44,146.03,146.03,10304330
2020-01-10,146.22,146.99,146.17,146.91,146.91,6183992
2020-01-13,146.35,146.38,145.78,145.82,145.82,7603649
2020-01-14,145.42,145.81,145.082,145.69,145.69,6607124
2020-01-15,146.21,146.73,145.82,146.54,146.54,6510029
2020-01-16,146.27,146.4658,145.755,146.31,146.31,6069101
2020-01-17,146.51,146.99,146.31,146.58,146.58,11121140
2020-01-21,145.77,146.86,145.551,146.74,146.74,6086149
2020-01-22,146.68,146.81,146.38,146.79,146.79,4778186
2020-01-23,147.0,147.62,146.62,147.12,147.12,8419778
2020-01-24,146.9,148.38,146.89,147.98,147.98,9919871
2020-01-27,149.24,149.32,148.4575,148.99,148.99,9988069
2020-01-28,148.36,148.56,147.53,147.66,147.66,7543088
2020-01-29,147.7,148.56,147.61,148.46,148.46,5023827
2020-01-30,148.69,149.31,148.01,148.47,148.47,9119545
2020-01-31,148.88,149.68,148.81,149.33,149.33,14788260
2020-02-03,148.66,148.78,147.6802,148.36,148.36,9115075
2020-02-04,146.97,147.03,145.8,146.43,146.43,10525590
2020-02-05,146.38,146.81,146.16,146.61,146.61,6160661
2020-02-06,147.28,147.63,147.0,147.4,147.4,4819778
2020-02-07,147.83,148.18,147.335,147.79,147.79,6379311
2020-02-10,148.21,148.4464,147.91,148.17,148.17,5793599
2020-02-11,148.03,148.16,147.01,147.66,147.66,5179392
2020-02-12,147.42,147.81,147.1567,147.54,147.54,5040584
2020-02-13,148.24,148.58,147.9501,148.38,148.38,7082098
2020-02-14,148.74,149.13,148.63,149.0,149.0,5345393
2020-02-18,149.88,151.09,149.47,150.91,150.91,11527580
2020-02-19,151.0,151.82,150.815,151.79,151.79,9269784
2020-02-20,152.0,152.83,151.95,152.41,152.41,8457348
2020-02-21,154.43,155.2219,154.18,154.7,154.7,16353290
2020-02-24,158.5,158.53,155.36,156.09,156.09,27170949
2020-02-25,155.12,156.08,152.91,153.3,153.3,28091500
2020-02-26,153.82,155.28,152.9,153.97,153.97,17983160
2020-02-27,155.58,156.27,153.9,154.0,154.0,27878520
2020-02-28,152.71,152.77,147.05,148.38,148.38,42707121
2020-03-02,150.0,150.73,149.04,149.2,149.2,16295360
2020-03-03,150.84,155.24,150.735,153.89,153.89,28687689
2020-03-04,154.4,154.96,153.7,154.16,154.16,12315470
2020-03-05,156.06,157.62,155.72,157.49,157.49,17973480
2020-03-06,158.33,159.25,154.54,157.55,157.55,26973449
2020-03-09,158.6,159.37,156.33,157.81,157.81,24868670
2020-03-10,156.18,156.41,154.39,154.48,154.48,18811551
2020-03-11,156.25,156.5,153.61,153.93,153.93,18353301
2020-03-12,151.53,151.55,146.85,147.79,147.79,32893430
2020-03-13,149.42,149.6,141.58,143.28,143.28,35177238
2020-03-16,137.56,142.96,136.12,141.64,141.64,24495961
2020-03-17,140.18,146.2,139.93,143.56,143.56,24490279
2020-03-18,141.75,142.88,138.5,140.7,140.7,21953449
2020-03-19,139.08,140.5,137.8503,138.04,138.04,20828881
2020-03-20,140.71,141.17,139.14,140.11,140.11,20056051
2020-03-23,142.675,146.93,142.28,146.3,146.3,28275211
2020-03-24,153.5,155.66,152.05,153.4,153.4,20743471
2020-03-25,152.58,152.878,151.01,151.3,151.3,16457180
2020-03-26,153.311,154.81,152.08,153.24,153.24,12778240
2020-03-27,153.0,153.55,152.0,152.25,152.25,9824572
2020-03-30,152.41,153.08,151.57,152.92,152.92,12080880
2020-03-31,151.36,151.8,147.97,148.05,148.05,13319500
2020-04-01,148.2,150.08,147.85,149.45,149.45,11827400
2020-04-02,151.2,152.5,150.7,151.9,151.9,9188303
2020-04-03,152.23,153.09,151.66,152.65,152.65,8469099
2020-04-06,154.16,157.22,153.96,156.88,156.88,14568800
2020-04-07,155.33,156.14,154.38,156.04,156.04,9195370
2020-04-08,155.91,155.94,154.59,154.65,154.65,7600804
2020-04-09,158.08,159.08,157.21,158.69,158.69,18123039
2020-04-13,159.17,162.38,158.625,161.41,161.41,20549211
2020-04-14,162.73,164.42,161.78,162.68,162.68,17095090
2020-04-15,161.8,162.54,160.8061,161.85,161.85,12141890
2020-04-16,161.88,163.15,160.65,161.71,161.71,9233164
2020-04-17,159.72,160.07,158.12,158.57,158.57,14652740
2020-04-20,158.62,160.22,158.46,159.7,159.7,10688690
2020-04-21,157.6,159.21,157.04,158.61,158.61,12478080
2020-04-22,160.5,161.74,160.42,161.73,161.73,12937090
2020-04-23,162.39,163.6,161.84,163.34,163.34,14928500
2020-04-24,163.13,163.31,160.89,162.64,162.64,11203590
2020-04-27,161.88,162.0,160.41,161.56,161.56,9033533
2020-04-28,160.89,160.98,159.16,160.84,160.84,10382980
2020-04-29,160.1,161.85,159.76,161.73,161.73,12232350
2020-04-30,160.22,160.82,158.13,158.8,158.8,13633480
2020-05-01,158.0,160.45,157.8,159.78,159.78,10914330
2020-05-04,160.33,160.95,159.91,160.34,160.34,7986191
2020-05-05,160.16,161.1,159.33,161.02,161.02,10563070
2020-05-06,158.99,159.81,158.1,158.95,158.95,13351960
2020-05-07,159.5,161.96,159.36,161.39,161.39,13696490
2020-05-08,161.08,162.0,160.0,160.42,160.42,12244560
2020-05-11,160.34,160.71,158.89,159.42,159.42,11209820
2020-05-12,160.3,160.95,159.72,160.04,160.04,10405990
2020-05-13,160.94,161.62,160.54,161.58,161.58,10950400
2020-05-14,161.53,163.34,161.51,163.01,163.01,17084369
2020-05-15,164.02,164.8,163.08,163.93,163.93,13918820
2020-05-18,164.33,164.495,162.4102,162.69,162.69,14137910
2020-05-19,163.6,164.43,163.04,164.26,164.26,8531719
2020-05-20,164.54,164.9599,163.89,164.65,164.65,10666070
2020-05-21,163.46,163.58,161.37,162.25,162.25,11790990
2020-05-22,162.88,163.47,162.74,163.21,163.21,8540909
2020-05-26,162.58,162.58,160.69,160.89,160.89,13972010
2020-05-27,159.42,161.34,159.2,161.18,161.18,13063450
2020-05-28,162.12,162.4598,160.9,161.72,161.72,9761610
2020-05-29,162.58,163.4,162.32,162.91,162.91,12584010
2020-06-01,162.924,163.74,162.39,163.66,163.66,8155048
2020-06-02,163.89,164.08,161.86,162.6,162.6,10388910
2020-06-03,160.34,160.9,158.82,159.6,159.6,17000510
2020-06-04,161.14,161.87,159.84,161.28,161.28,10094020
2020-06-05,158.72,158.72,157.035,158.01,158.01,16021180
2020-06-08,158.9,159.8599,158.47,159.72,159.72,9244440
2020-06-09,161.1,161.775,160.87,161.26,161.26,9045618
2020-06-10,162.1,163.63,160.52,163.57,163.57,13009340
2020-06-11,163.35,164.06,161.9701,162.39,162.39,11673900
2020-06-12,163.41,163.88,162.56,162.62,162.62,6895361
2020-06-15,160.52,162.56,160.16,162.33,162.33,8538826
2020-06-16,161.85,162.685,161.36,162.25,162.25,7969781
2020-06-17,162.0,162.62,161.77,162.56,162.56,4758210
2020-06-18,162.197,162.32,161.44,162.24,162.24,5397628
2020-06-19,162.87,164.09,162.78,164.03,164.03,12187390
2020-06-22,165.06,165.73,164.41,165.09,165.09,12385640
2020-06-23,165.63,166.52,165.52,166.48,166.48,12137340
2020-06-24,166.01,166.99,165.45,165.9,165.9,10901440
2020-06-25,165.89,165.91,165.16,165.8,165.8,7093774
2020-06-26,164.87,166.56,164.22,166.54,166.54,9753492
2020-06-29,166.56,166.8,166.18,166.63,166.63,6735695
2020-06-30,166.31,167.9906,166.185,167.37,167.37,12762300
2020-07-01,167.05,167.06,165.34,166.62,166.62,13214760
2020-07-02,166.2,167.24,166.02,166.98,166.98,8753455
2020-07-06,167.75,168.0,167.1901,167.98,167.98,7265701
2020-07-07,167.41,169.04,167.38,169.04,169.04,11633120
2020-07-08,170.32,170.8558,169.7827,170.09,170.09,11662730
2020-07-09,170.48,170.635,168.78,169.63,169.63,13327390
2020-07-10,169.95,170.15,168.57,169.19,169.19,8218013
2020-07-13,170.29,170.42,169.16,169.4,169.4,11095950
2020-07-14,168.97,170.2,168.8141,170.19,170.19,9812736
2020-07-15,169.62,170.43,169.39,170.34,170.34,7533752
2020-07-16,169.8,169.995,168.65,168.73,168.73,10242370
2020-07-17,169.94,170.27,169.605,170.12,170.12,10296040
2020-07-20,170.76,171.07,170.27,170.94,170.94,10095550
2020-07-21,172.53,173.25,172.31,173.0,173.0,12864620
2020-07-22,174.05,175.77,173.76,175.63,175.63,18712471
2020-07-23,176.17,178.41,175.65,177.18,177.18,23006820
2020-07-24,179.14,179.16,178.2,178.7,178.7,15601330
2020-07-27,181.85,182.83,181.53,182.23,182.23,21115600
2020-07-28,182.02,184.26,181.42,183.75,183.75,21164631
2020-07-29,184.009,186.14,182.39,185.13,185.13,25640100
2020-07-30,183.44,184.33,182.13,183.76,183.76,18061230
2020-07-31,184.51,185.7501,184.165,185.43,185.43,15885010
2020-08-03,185.05,185.82,184.2,185.64,185.64,12897000
2020-08-04,185.61,189.6,185.21,189.59,189.59,20773211
2020-08-05,191.65,193.13,190.62,191.35,191.35,27193721
2020-08-06,193.74,194.4499,192.5207,193.89,193.89,20640119
2020-08-07,192.705,192.96,189.33,190.81,190.81,24570160
2020-08-10,191.2,192.61,189.66,190.15,190.15,19047221
2020-08-11,183.57,183.98,179.43,179.94,179.94,45355000
2020-08-12,182.61,183.1,179.04,179.1,179.1,28779420
2020-08-13,181.56,184.7,181.36,183.33,183.33,18596770
2020-08-14,183.44,183.72,181.49,182.54,182.54,11791980
2020-08-17,184.69,187.01,184.66,186.5,186.5,15709820
2020-08-18,189.18,189.4,185.63,188.18,188.18,16291630
2020-08-19,187.21,187.46,181.71,182.24,182.24,24646939
2020-08-20,181.19,183.71,180.93,183.5,183.5,16692199
2020-08-21,182.14,182.81,180.47,182.03,182.03,12713740
2020-08-24,182.91,182.925,180.685,181.0,181.0,11605790
2020-08-25,181.06,181.25,179.731,181.22,181.22,10056070
2020-08-26,180.26,183.58,180.2,183.36,183.36,12715760
2020-08-27,185.0,185.17,179.37,181.24,181.24,16299210
2020-08-28,183.98,185.4,183.4046,184.39,184.39,13200830
2020-08-31,184.79,185.53,184.28,184.83,184.83,10251150
2020-09-01,186.99,186.99,184.33,185.05,185.05,10689060
2020-09-02,183.75,183.86,181.5,182.62,182.62,11536950
2020-09-03,182.3,182.82,180.49,181.14,181.14,12176900
2020-09-04,180.95,182.1,180.05,181.64,181.64,11567860
2020-09-08,179.5,182.27,179.02,181.29,181.29,13229200
2020-09-09,182.5,183.22,182.19,183.05,183.05,8424118
2020-09-10,184.23,184.68,182.28,182.46,182.46,9143612
2020-09-11,183.14,183.5499,182.005,182.45,182.45,7662287
2020-09-14,183.57,184.3,183.39,183.89,183.89,9709501
2020-09-15,184.46,184.67,182.92,183.45,183.45,7993693
2020-09-16,184.98,185.01,183.33,183.97,183.97,12717630
2020-09-17,181.92,183.09,181.48,182.96,182.96,8836188
2020-09-18,183.07,184.09,182.64,183.2,183.2,9959667
2020-09-21,179.84,180.29,176.75,179.52,179.52,17436119
2020-09-22,179.63,180.02,178.11,178.65,178.65,7977916
2020-09-23,176.98,177.26,174.1,174.79,174.79,18134029
2020-09-24,174.36,176.235,173.77,175.44,175.44,11759190
2020-09-25,174.41,175.3,173.89,174.94,174.94,6779192
2020-09-28,175.83,176.805,175.09,176.7,176.7,7109746
2020-09-29,177.19,178.33,176.95,178.19,178.19,8762004
2020-09-30,177.71,178.61,176.66,177.12,177.12,8371844
2020-10-01,178.71,179.5,178.0375,178.7,178.7,10402830
2020-10-02,178.69,179.29,178.16,178.54,178.54,7488503
2020-10-05,179.02,180.14,178.9,179.41,179.41,6969605
2020-10-06,180.16,180.37,177.0513,177.3,177.3,8632761
2020-10-07,177.09,177.42,176.43,177.22,177.22,6410899
2020-10-08,178.18,178.45,176.67,177.85,177.85,6530845
2020-10-09,180.13,181.17,179.93,181.08,181.08,15979780
2020-10-12,180.57,180.83,180.19,180.56,180.56,4842997
2020-10-13,178.563,178.6,177.1,177.72,177.72,8384295
2020-10-14,179.09,179.59,178.27,178.27,178.27,9100896
2020-10-15,177.71,179.15,177.59,178.92,178.92,6821291
2020-10-16,179.22,179.32,178.13,178.3,178.3,7262158
2020-10-19,179.41,179.475,178.37,178.39,178.39,6084398
2020-10-20,178.54,179.67,178.08,179.25,179.25,7124678
2020-10-21,180.47,181.31,180.23,180.6,180.6,7548086
2020-10-22,178.877,179.027,177.72,178.83,178.83,8376974
2020-10-23,179.09,179.2,177.76,178.64,178.64,5919276
2020-10-26,178.75,179.14,178.22,178.55,178.55,5105103
2020-10-27,178.71,179.43,178.51,179.02,179.02,5826871
2020-10-28,176.45,176.85,175.44,176.13,176.13,11734080
2020-10-29,175.02,176.14,174.83,175.4,175.4,8474453
2020-10-30,177.18,177.36,175.95,176.2,176.2,7304589
2020-11-02,177.4499,177.925,177.1301,177.91,177.91,6498368
2020-11-03,178.95,179.39,178.3,178.92,178.92,7577196
2020-11-04,178.93,179.19,177.66,178.82,178.82,11117260
2020-11-05,181.0,183.285,180.97,182.93,182.93,16102780
2020-11-06,183.4,183.53,182.19,183.19,183.19,10378270
2020-11-09,176.42,176.45,173.64,175.08,175.08,29800711
2020-11-10,176.75,176.91,175.66,175.66,175.66,11728460
2020-11-11,174.695,175.28,174.435,174.9,174.9,9008471
2020-11-12,176.04,176.765,175.84,175.96,175.96,7182263
2020-11-13,177.65,177.8,176.84,177.16,177.16,6470910
2020-11-16,177.23,177.91,176.87,177.15,177.15,8358474
2020-11-17,177.25,177.44,176.0903,176.5,176.5,8229142
2020-11-18,176.26,176.86,175.35,175.49,175.49,7384661
2020-11-19,174.3,175.22,174.17,175.16,175.16,6965056
2020-11-20,176.12,176.38,175.58,175.69,175.69,6380936
2020-11-23,175.1,175.24,171.78,172.23,172.23,15510550
2020-11-24,169.3,169.69,168.86,169.59,169.59,19503990
2020-11-25,169.975,170.52,169.24,169.51,169.51,10286580
2020-11-27,166.9,167.8298,166.78,167.79,167.79,10569140
2020-11-30,166.68,167.43,166.03,166.67,166.67,13209980
2020-12-01,169.76,170.48,169.3,170.18,170.18,13555210
2020-12-02,170.57,171.76,170.15,171.46,171.46,9199741
2020-12-03,172.64,172.85,171.08,172.81,172.81,10457270
2020-12-04,172.78,173.32,171.59,172.32,172.32,10098640
2020-12-07,172.56,175.29,172.51,174.89,174.89,10555100
2020-12-08,175.51,175.93,174.72,175.5,175.5,6348418
2020-12-09,173.92,174.0399,171.24,172.5,172.5,10743190
2020-12-10,172.9,173.58,171.7,172.17,172.17,6564030
2020-12-11,172.25,173.32,172.11,172.49,172.49,6084848
2020-12-14,171.91,172.52,170.91,171.54,171.54,7644419
2020-12-15,173.43,173.9799,173.055,173.94,173.94,6848629
2020-12-16,174.13,175.015,173.02,174.9,174.9,8174737
2020-12-17,177.15,177.87,176.575,176.74,176.74,9475790
2020-12-18,176.65,176.98,176.1,176.44,176.44,6789888
2020-12-21,176.29,176.94,175.76,175.88,175.88,8168924
2020-12-22,176.2,176.34,174.34,174.49,174.49,9447403
2020-12-23,175.1,176.21,175.06,175.65,175.65,6542767
2020-12-24,175.55,176.37,175.5145,176.35,176.35,3695443
2020-12-28,177.26,177.91,175.625,175.71,175.71,7778685
2020-12-29,176.25,176.97,175.57,176.35,176.35,5983741
2020-12-30,176.44,177.72,176.44,177.7,177.7,5914039
2020-12-31,178.07,178.4,177.32,178.36,178.36,7540757
2021-01-04,181.97,182.4,180.955,182.33,182.33,14331440
2021-01-05,182.87,183.21,181.8239,182.87,182.87,12718750
2021-01-06,181.49,181.58,178.24,179.9,179.9,18453500
2021-01-07,179.69,179.92,178.84,179.48,179.48,7110214
2021-01-08,176.83,176.9899,171.48,173.34,173.34,24399900
2021-01-11,172.14,173.68,172.03,173.0,173.0,8579195
2021-01-12,173.13,174.18,172.32,174.12,174.12,9798480
2021-01-13,173.68,174.46,173.05,173.37,173.37,14110300
2021-01-14,173.44,174.22,172.655,173.28,173.28,13522670
2021-01-15,172.844,173.07,170.975,171.13,171.13,16172490
2021-01-19,172.71,172.85,171.92,172.58,172.58,7485700
2021-01-20,174.37,175.467,173.82,175.39,175.39,9456038
2021-01-21,175.11,175.51,174.51,175.28,175.28,7250164
2021-01-22,172.89,174.29,172.35,173.9,173.9,7269592
2021-01-25,174.82,174.96,173.19,174.05,174.05,5936770
2021-01-26,173.98,174.26,173.4202,173.62,173.62,4685568
2021-01-27,172.93,173.52,171.66,172.52,172.52,9036528
2021-01-28,174.28,174.73,172.04,172.68,172.68,9392363
2021-01-29,174.87,175.1633,172.61,172.61,172.61,11252820
2021-02-01,175.02,175.26,174.06,174.23,174.23,9079082
2021-02-02,172.49,172.53,171.51,172.11,172.11,7221689
2021-02-03,172.36,172.5901,171.5,171.85,171.85,4658060
2021-02-04,168.29,168.395,167.34,168.15,168.15,13736620
2021-02-05,168.99,170.18,168.67,169.81,169.81,6538458
2021-02-08,171.98,172.4,171.49,171.52,171.52,6887535
2021-02-09,172.57,173.03,171.75,172.08,172.08,5131799
2021-02-10,173.15,173.22,172.01,172.71,172.71,6112812
2021-02-11,172.7,172.871,170.71,171.21,171.21,5994522
2021-02-12,170.29,171.65,169.88,170.69,170.69,6018930
2021-02-16,168.14,170.065,167.73,168.24,168.24,14761090
2021-02-17,166.92,167.34,165.85,166.33,166.33,11425420
2021-02-18,166.98,167.3,165.73,166.32,166.32,7498157
2021-02-19,166.76,167.94,166.6,167.01,167.01,8273502
2021-02-22,168.54,169.89,168.3,169.51,169.51,10083290
2021-02-23,169.48,169.74,168.28,169.12,169.12,8616789
2021-02-24,167.65,169.14,167.15,169.0,169.0,8890612
2021-02-25,166.92,167.66,165.45,165.82,165.82,16359420
2021-02-26,165.0,165.1,160.95,161.81,161.81,23730391
2021-03-01,163.03,163.35,161.16,161.53,161.53,13828350
2021-03-02,161.93,162.925,161.22,162.41,162.41,11424610
2021-03-03,160.61,161.69,159.485,160.62,160.62,13059940
2021-03-04,160.6,161.455,158.43,159.04,159.04,13870080
2021-03-05,159.66,159.82,158.55,159.14,159.14,12068140
2021-03-08,158.58,158.74,157.1297,157.49,157.49,12134850
2021-03-09,160.75,161.2521,160.415,160.84,160.84,10382560
2021-03-10,161.06,161.78,160.66,161.66,161.66,7962003
2021-03-11,161.47,161.98,161.12,161.52,161.52,6749209
2021-03-12,159.54,161.69,159.35,161.49,161.49,8608514
2021-03-15,162.305,162.55,161.43,162.2,162.2,8110140
2021-03-16,162.36,163.2,161.81,162.35,162.35,7547417
2021-03-17,162.268,164.15,161.48,163.51,163.51,12626690
2021-03-18,161.15,162.82,161.11,162.56,162.56,8731762
2021-03-19,162.56,163.43,162.4299,163.24,163.24,6868892
2021-03-22,162.27,163.13,162.16,163.0,163.0,5239970
2021-03-23,162.45,162.49,161.592,161.81,161.81,6048301
2021-03-24,162.21,162.89,161.94,162.37,162.37,6183666
2021-03-25,163.0599,163.5799,161.32,161.78,161.78,8398596
2021-03-26,161.71,162.73,161.6499,162.24,162.24,6153894
2021-03-29,161.46,161.52,159.83,160.31,160.31,8409316
2021-03-30,157.94,158.2,157.55,157.57,157.57,8353246
2021-03-31,158.06,160.68,158.05,159.96,159.96,10623770
2021-04-01,161.56,162.11,161.28,161.98,161.98,7105228
2021-04-05,161.52,162.4047,161.36,161.92,161.92,6163799
2021-04-06,162.79,163.53,162.75,163.22,163.22,6761166
2021-04-07,162.82,163.31,162.5,162.76,162.76,5436014
2021-04-08,164.168,164.77,164.14,164.51,164.51,6574524
2021-04-09,162.75,163.66,162.48,163.27,163.27,6657898
2021-04-12,162.73,162.8,161.81,162.28,162.28,4896669
2021-04-13,163.18,163.85,163.03,163.43,163.43,6995903
2021-04-14,162.77,163.05,162.3,162.72,162.72,6312296
2021-04-15,164.07,165.79,164.03,165.35,165.35,8250646
2021-04-16,166.24,166.811,165.94,166.35,166.35,10057600
2021-04-19,165.91,166.44,165.72,165.89,165.89,5721727
2021-04-20,165.65,166.81,165.62,166.48,166.48,6531979
2021-04-21,167.18,168.39,167.15,168.13,168.13,8380178
2021-04-22,167.11,167.53,166.4901,167.04,167.04,7680140
2021-04-23,167.37,167.53,165.78,166.4,166.4,7107484
2021-04-26,166.63,166.865,166.05,166.84,166.84,4786613
2021-04-27,166.92,167.15,166.28,166.42,166.42,5363499
2021-04-28,165.75,166.96,165.49,166.91,166.91,6932217
2021-04-29,165.58,166.26,164.47,166.22,166.22,9067627
2021-04-30,165.86,166.0,165.24,165.66,165.66,6248711
2021-05-03,167.61,168.43,167.41,167.81,167.81,9014708
2021-05-04,167.69,168.55,165.5,166.58,166.58,10267410
2021-05-05,166.63,167.31,166.61,167.27,167.27,5949985
2021-05-06,167.95,170.29,167.92,170.06,170.06,13574070
2021-05-07,171.53,172.5501,171.0,171.59,171.59,14748630
2021-05-10,172.74,172.84,171.78,172.11,172.11,8276584
2021-05-11,170.558,172.17,170.27,172.14,172.14,8348213
2021-05-12,171.432,171.835,170.345,170.43,170.43,12666260
2021-05-13,170.35,171.27,170.225,171.13,171.13,8078266
2021-05-14,172.05,172.7,171.82,172.69,172.69,9686777
2021-05-17,173.3,175.0,173.28,174.7,174.7,11940700
2021-05-18,175.18,175.21,174.46,175.04,175.04,7294010
2021-05-19,175.14,177.0,174.345,175.16,175.16,20741109
2021-05-20,175.32,176.46,175.11,175.96,175.96,9802799
2021-05-21,176.58,176.8602,175.145,176.04,176.04,7677190
2021-05-24,176.15,176.59,175.87,176.35,176.35,5557339
2021-05-25,176.15,177.95,176.04,177.95,177.95,8986945
2021-05-26,178.368,178.61,177.04,177.64,177.64,8495383
2021-05-27,177.39,177.82,176.81,177.71,177.71,7992951
2021-05-28,177.46,178.43,177.2411,178.38,178.38,9968324
2021-06-01,178.76,178.85,177.19,177.9,177.9,9143250
2021-06-02,178.34,178.78,177.97,178.77,178.77,6613106
2021-06-03,175.83,175.83,174.66,175.27,175.27,10153900
2021-06-04,176.65,177.57,176.61,177.16,177.16,8375264
2021-06-07,176.96,177.9,176.63,177.87,177.87,7709094
2021-06-08,177.23,177.54,176.37,177.32,177.32,5905832
2021-06-09,177.38,177.8,176.78,176.98,176.98,6346094
2021-06-10,176.7,177.85,176.48,177.74,177.74,9896612
2021-06-11,176.33,176.57,175.48,175.74,175.74,7836860
2021-06-14,173.16,175.06,172.95,174.71,174.71,7733645
2021-06-15,174.78,174.915,173.34,174.05,174.05,7550154
2021-06-16,173.91,174.465,171.03,171.11,171.11,16919750
2021-06-17,167.02,167.615,165.44,165.85,165.85,27232240
2021-06-18,166.14,166.72,164.87,164.93,164.93,15744310
2021-06-21,166.52,167.2218,166.0,166.95,166.95,8370991
2021-06-22,166.35,166.915,166.01,166.25,166.25,7223919
2021-06-23,166.97,168.03,165.97,166.14,166.14,8474276
2021-06-24,167.0,167.23,166.01,166.04,166.04,6903352
2021-06-25,167.45,167.525,166.29,166.59,166.59,7473679
2021-06-28,166.68,166.91,166.3575,166.58,166.58,6508902
2021-06-29,164.34,165.2782,164.01,164.83,164.83,7451415
2021-06-30,164.57,166.1,164.29,165.63,165.63,7955839
2021-07-01,166.65,166.88,165.5,166.2,166.2,7430497
2021-07-02,167.35,167.715,166.4,167.29,167.29,7873574
2021-07-06,169.27,169.65,167.54,168.12,168.12,7932050
2021-07-07,168.72,169.23,168.19,168.76,168.76,7108909
2021-07-08,169.82,169.855,167.91,168.65,168.65,7244275
2021-07-09,168.84,169.62,168.66,169.21,169.21,4997398
2021-07-12,168.7,169.16,167.64,169.0,169.0,7315422
2021-07-13,169.51,169.9,168.93,169.22,169.22,7040277
2021-07-14,170.91,171.04,170.28,171.04,171.04,8830335
2021-07-15,170.89,171.3,170.34,171.07,171.07,6520126
2021-07-16,170.65,170.95,169.28,169.41,169.41,9460348
2021-07-19,169.51,169.91,168.89,169.61,169.61,6707365
2021-07-20,170.51,170.8,168.92,169.39,169.39,6540058
2021-07-21,168.33,169.0,168.14,168.76,168.76,4622581
2021-07-22,168.49,169.191,168.06,169.09,169.09,4793605
2021-07-23,168.5,168.88,167.95,168.56,168.56,5831463
2021-07-26,168.58,168.86,168.08,168.16,168.16,5229817
2021-07-27,168.73,168.905,167.93,168.44,168.44,6300183
2021-07-28,168.26,169.38,167.72,169.29,169.29,7905846
2021-07-29,170.7,171.52,170.67,171.17,171.17,8119591
2021-07-30,170.72,170.99,169.38,169.82,169.82,7391706
2021-08-02,169.3,170.245,169.1,169.61,169.61,10783240
2021-08-03,169.42,169.83,169.21,169.49,169.49,5402340
2021-08-04,171.28,171.4,168.99,169.53,169.53,9796349
2021-08-05,169.37,169.4371,168.203,168.86,168.86,7893245
2021-08-06,165.84,165.93,164.55,164.64,164.64,13547640
2021-08-09,163.01,163.295,161.26,161.72,161.72,11546970
2021-08-10,161.39,162.11,160.68,161.77,161.77,6870766
2021-08-11,163.15,164.17,162.68,164.0,164.0,7382417
2021-08-12,163.65,164.1,162.9335,164.04,164.04,5222080
2021-08-13,165.02,166.46,164.89,166.39,166.39,7466887
2021-08-16,166.73,167.39,166.59,167.22,167.22,7781796
2021-08-17,167.29,167.73,166.56,166.97,166.97,7106992
2021-08-18,167.24,167.51,166.26,167.1,167.1,7697931
2021-08-19,167.24,167.29,166.16,166.61,166.61,6934268
2021-08-20,166.8,167.14,166.36,166.7,166.7,7154348
2021-08-23,168.82,168.91,167.96,168.73,168.73,8190548
2021-08-24,169.04,169.27,168.52,168.65,168.65,4519173
2021-08-25,167.88,167.92,166.74,167.48,167.48,5588751
2021-08-26,167.21,168.21,166.83,167.67,167.67,4371866
2021-08-27,167.58,170.19,166.87,170.19,170.19,10036430
2021-08-30,169.66,169.835,169.09,169.35,169.35,3768628
2021-08-31,169.23,169.92,168.75,169.69,169.69,6336002
2021-09-01,169.94,170.0,169.16,169.7,169.7,4764866
2021-09-02,169.5,169.63,168.82,169.25,169.25,4601128
2021-09-03,170.59,171.55,170.15,171.06,171.06,8353646
2021-09-07,169.56,169.78,167.63,167.71,167.71,10007700
2021-09-08,168.02,168.08,166.7,167.29,167.29,6575990
2021-09-09,168.17,168.28,166.83,168.03,168.03,6641424
2021-09-10,167.81,168.08,167.145,167.18,167.18,7426272
2021-09-13,167.45,168.22,167.395,167.74,167.74,5474323
2021-09-14,168.22,169.16,167.48,168.82,168.82,7922917
2021-09-15,168.133,168.36,167.45,167.83,167.83,5624883
2021-09-16,164.38,164.44,163.233,164.03,164.03,11780400
2021-09-17,163.86,164.32,163.4,163.77,163.77,8369679
2021-09-20,164.29,165.28,164.07,164.94,164.94,7566577
2021-09-21,165.81,166.63,165.49,166.04,166.04,7181458
2021-09-22,165.89,167.15,165.03,165.42,165.42,9777794
2021-09-23,164.1,164.2,163.27,163.51,163.51,8451899
2021-09-24,163.0,164.0,162.74,163.3,163.3,6937521
2021-09-27,163.85,164.3608,163.51,163.64,163.64,4942989
2021-09-28,162.73,162.82,161.73,162.05,162.05,9282755
2021-09-29,162.35,162.74,160.97,161.32,161.32,8360656
2021-09-30,162.66,164.95,162.34,164.22,164.22,10574820
2021-10-01,164.27,164.96,163.885,164.59,164.59,6654686
2021-10-04,163.69,165.54,163.47,165.36,165.36,7651658
2021-10-05,163.94,164.85,163.49,164.59,164.59,5617283
2021-10-06,164.23,165.06,164.1531,165.03,165.03,6067156
2021-10-07,164.02,164.8507,163.96,164.16,164.16,4791505
2021-10-08,166.32,166.42,164.135,164.23,164.23,8536109
2021-10-11,164.04,164.58,163.91,163.92,163.92,3820087
2021-10-12,164.57,165.44,164.31,164.66,164.66,5453049
2021-10-13,165.28,167.92,165.28,167.59,167.59,11118290
2021-10-14,168.19,168.22,167.71,168.0,168.0,5083847
2021-10-15,165.39,166.09,165.1,165.33,165.33,8699223
2021-10-18,165.42,165.59,164.81,164.92,164.92,4029594
2021-10-19,166.5,166.5,165.2001,165.45,165.45,6588473
2021-10-20,166.21,167.11,165.9258,166.9,166.9,5022036
2021-10-21,166.7,166.94,166.24,166.75,166.75,4412389
2021-10-22,168.67,169.54,166.67,167.77,167.77,10703930
2021-10-25,168.66,169.21,168.53,168.93,168.93,4881346
2021-10-26,167.88,167.91,166.63,167.68,167.68,6658890
2021-10-27,167.73,168.2,166.86,168.12,168.12,5823080
2021-10-28,168.98,169.25,167.53,168.08,168.08,7000717
2021-10-29,166.29,166.73,165.64,166.65,166.65,7531872
2021-11-01,167.38,167.84,166.91,167.52,167.52,4975560
2021-11-02,167.43,167.63,166.963,167.16,167.16,3760736
2021-11-03,165.34,165.95,164.38,165.77,165.77,9055208
2021-11-04,167.51,168.14,167.37,167.65,167.65,6656097
2021-11-05,168.42,169.94,167.85,169.84,169.84,9368948
2021-11-08,170.43,170.7,170.06,170.45,170.45,4966135
2021-11-09,170.73,171.31,170.12,171.29,171.29,5781180
2021-11-10,173.67,174.65,172.11,173.15,173.15,11461780
2021-11-11,173.98,174.27,173.74,174.12,174.12,5959640
2021-11-12,173.51,174.67,173.4,174.45,174.45,7894848
2021-11-15,174.1,174.59,173.69,174.18,174.18,5630808
2021-11-16,173.97,174.48,172.86,172.92,172.92,8667323
2021-11-17,174.24,174.605,173.89,174.5,174.5,6523061
2021-11-18,173.96,174.36,173.53,173.94,173.94,6253445
2021-11-19,173.69,174.1,172.235,172.61,172.61,8787253
2021-11-22,169.9,170.44,168.42,168.74,168.74,13100510
2021-11-23,167.28,167.6,166.53,167.28,167.28,8053370
2021-11-24,166.583,167.44,166.32,167.12,167.12,5359457
2021-11-26,168.6,168.64,166.37,166.85,166.85,9605192
2021-11-29,166.84,167.255,166.38,166.62,166.62,7394940
2021-11-30,167.77,169.01,165.37,165.5,165.5,12925270
2021-12-01,166.84,167.47,166.06,166.16,166.16,7825484
2021-12-02,165.89,165.9405,164.63,165.24,165.24,9604118
2021-12-03,165.49,166.93,165.0,166.63,166.63,9507938
2021-12-06,166.14,166.8,165.93,166.22,166.22,4813624
2021-12-07,166.2,167.08,166.18,166.81,166.81,4900713
2021-12-08,166.51,166.96,166.28,166.9,166.9,4288935
2021-12-09,166.54,166.58,165.65,165.88,165.88,4913771
2021-12-10,166.72,166.915,166.18,166.58,166.58,6450614
2021-12-13,166.9,167.255,166.67,167.0,167.0,6610673
2021-12-14,165.34,166.14,165.16,165.44,165.44,8637879
2021-12-15,165.27,166.4,163.8,166.15,166.15,14231180
2021-12-16,167.01,168.18,166.94,168.16,168.16,11186200
2021-12-17,168.73,169.125,167.78,167.8,167.8,9867792
2021-12-20,167.88,168.0,167.06,167.09,167.09,6972959
2021-12-21,167.69,167.7754,166.74,167.02,167.02,4548504
2021-12-22,167.58,168.64,167.11,168.59,168.59,4672941
2021-12-23,168.69,169.16,168.01,168.97,168.97,4551124
2021-12-27,168.96,169.42,168.78,169.37,169.37,4763297
2021-12-28,169.33,169.65,168.62,168.64,168.64,4545714
2021-12-29,167.36,168.69,167.28,168.59,168.59,5889714
2021-12-30,168.43,169.81,168.37,169.8,169.8,5426311
2021-12-31,170.53,171.04,170.04,170.96,170.96,7039330
2022-01-03,168.86,169.01,168.0,168.33,168.33,9014423
2022-01-04,168.9,169.72,168.73,169.57,169.57,6965598
2022-01-05,170.62,170.93,168.9,169.06,169.06,8715585
2022-01-06,167.16,167.75,166.86,166.99,166.99,10902660
2022-01-07,167.37,168.01,166.86,167.75,167.75,8191936
2022-01-10,167.36,168.3,167.31,168.26,168.26,7026475
2022-01-11,168.44,170.31,168.37,170.29,170.29,8368980
2022-01-12,170.19,170.75,170.01,170.74,170.74,6280745
2022-01-13,170.09,170.22,169.27,170.16,170.16,7034202
2022-01-14,170.22,170.56,169.4796,169.67,169.67,7865900
2022-01-18,169.64,170.005,169.09,169.39,169.39,9323046
2022-01-19,170.3919,172.1895,170.2,172.08,172.08,15784480
2022-01-20,172.31,172.5999,171.585,171.65,171.65,9570477
2022-01-21,172.04,172.12,170.74,171.09,171.09,10982520
2022-01-24,171.78,172.14,170.85,172.03,172.03,15735970
2022-01-25,171.95,173.1499,171.775,172.58,172.58,17382100
2022-01-26,171.39,171.725,169.48,169.79,169.79,17799400
2022-01-27,168.02,169.09,167.325,167.6,167.6,15875310
2022-01-28,166.56,167.46,166.365,167.1,167.1,9782484
2022-01-31,167.79,168.14,167.46,168.09,168.09,8539265
2022-02-01,168.57,168.85,167.87,168.23,168.23,9763909
2022-02-02,168.34,169.12,168.155,168.84,168.84,9085285
2022-02-03,168.31,168.82,167.03,168.6,168.6,10650800
2022-02-04,168.04,169.1,167.99,168.86,168.86,9619611
2022-02-07,169.45,170.3,169.19,170.11,170.11,7796866
2022-02-08,170.1,170.78,169.95,170.63,170.63,5801993
2022-02-09,170.68,171.42,170.55,171.21,171.21,8002766
2022-02-10,170.52,171.99,170.46,170.56,170.56,10693520
2022-02-11,170.75,174.2,170.71,173.81,173.81,25741490
2022-02-14,173.78,175.0,173.68,174.74,174.74,13650700
2022-02-15,173.1,173.34,172.39,173.08,173.08,12607010
2022-02-16,173.49,174.86,173.48,174.86,174.86,12772070
2022-02-17,176.7,177.53,176.39,177.25,177.25,18612551
2022-02-18,177.07,177.25,176.51,177.12,177.12,12760660
2022-02-22,177.67,178.07,176.8175,177.49,177.49,14960490
2022-02-23,177.39,178.39,177.36,178.29,178.29,11772200
2022-02-24,182.59,182.6,175.27,177.14,177.14,32726000
2022-02-25,176.42,176.79,175.79,176.55,176.55,11530930
2022-02-28,178.86,178.99,176.5,178.38,178.38,16055840
2022-03-01,179.046,181.76,179.03,181.62,181.62,21942131
2022-03-02,180.13,180.71,178.788,179.73,179.73,19727189
2022-03-03,179.96,181.3,179.5,180.8,180.8,14826050
2022-03-04,182.114,183.98,181.36,183.68,183.68,22412090
2022-03-07,184.45,186.64,184.22,186.41,186.41,27951789
2022-03-08,188.35,193.3,188.26,191.51,191.51,47347680
2022-03-09,186.04,187.225,184.76,185.82,185.82,26839670
2022-03-10,186.88,187.38,184.99,186.4,186.4,18455211
2022-03-11,183.74,185.78,183.44,185.09,185.09,14824720
2022-03-14,183.03,183.29,181.95,182.3,182.3,13186390
2022-03-15,179.1,180.27,178.01,178.89,178.89,16962270
2022-03-16,179.13,180.115,176.87,180.01,180.01,17548090
2022-03-17,181.16,182.03,180.65,180.89,180.89,10954140
2022-03-18,179.93,180.93,179.035,179.3,179.3,13996450
2022-03-21,179.33,181.29,179.32,180.67,180.67,10582220
2022-03-22,179.6,179.71,178.3231,179.36,179.36,9621751
2022-03-23,180.29,181.89,179.76,181.81,181.81,12557270
2022-03-24,182.35,183.51,181.77,183.13,183.13,10970070
2022-03-25,181.81,183.13,181.35,182.38,182.38,7914035
2022-03-28,180.38,181.325,178.85,179.06,179.06,9489725
2022-03-29,177.02,179.33,176.69,179.14,179.14,10458930
2022-03-30,179.76,180.92,179.6801,180.58,180.58,8361286
2022-03-31,180.91,181.96,180.56,180.65,180.65,9844398
2022-04-01,179.5501,180.4599,178.98,179.5,179.5,13034400
2022-04-04,180.244,180.81,179.58,180.37,180.37,7063124
2022-04-05,180.91,181.49,178.93,179.24,179.24,10828530
2022-04-06,179.78,180.31,178.7,179.66,179.66,8942121
2022-04-07,179.87,180.88,179.8,180.34,180.34,10140590
2022-04-08,180.52,181.82,180.52,181.47,181.47,10655680
2022-04-11,183.17,183.33,181.11,182.37,182.37,10071320
2022-04-12,184.04,184.64,182.96,183.77,183.77,12024560
2022-04-13,184.5,184.94,184.13,184.65,184.65,8651635
2022-04-14,184.28,184.41,182.88,184.04,184.04,11567180
2022-04-18,185.95,186.1,184.39,184.61,184.61,8886690
2022-04-19,183.19,183.6506,181.33,181.82,181.82,12585620
2022-04-20,181.59,182.72,181.35,182.71,182.71,7038625
2022-04-21,181.77,182.32,180.775,182.06,182.06,9639834
2022-04-22,180.724,181.605,179.74,180.29,180.29,9146973
2022-04-25,177.17,177.51,176.48,177.05,177.05,13073690
2022-04-26,177.95,178.3,176.915,177.32,177.32,9042403
2022-04-27,176.456,176.64,175.5,175.98,175.98,8854721
2022-04-28,175.92,176.965,175.69,176.93,176.93,6384762
2022-04-29,178.067,178.615,176.71,176.91,176.91,7719702
2022-05-02,173.612,174.65,172.98,173.63,173.63,14318600
2022-05-03,173.89,175.205,173.85,174.09,174.09,7214348
2022-05-04,174.32,176.35,173.67,175.8,175.8,10491680
2022-05-05,177.56,177.61,174.66,175.13,175.13,12794160
2022-05-06,175.39,176.56,174.86,175.42,175.42,7643269
2022-05-09,174.27,174.27,172.79,172.88,172.88,10742410
2022-05-10,173.804,173.96,171.2,171.42,171.42,11010440
2022-05-11,172.51,173.32,172.2,172.82,172.82,9179592
2022-05-12,172.072,172.4,169.9,170.17,170.17,11626800
2022-05-13,168.312,169.62,168.01,168.79,168.79,13031060
2022-05-16,168.43,170.43,168.34,170.4,170.4,7319277
2022-05-17,170.44,170.53,169.1409,169.33,169.33,6441110
2022-05-18,169.01,170.21,168.81,169.42,169.42,7472850
2022-05-19,171.5489,172.5197,170.89,171.91,171.91,10580270
2022-05-20,171.71,172.24,170.89,172.03,172.03,6578056
2022-05-23,173.13,173.38,172.28,172.83,172.83,5518503
2022-05-24,173.47,174.41,173.35,174.13,174.13,6793991
2022-05-25,172.79,173.16,171.73,173.08,173.08,4595917
2022-05-26,172.13,172.93,171.76,172.76,172.76,6466982
2022-05-27,173.49,173.52,172.64,172.85,172.85,3847871
2022-05-31,172.71,173.07,171.08,171.14,171.14,6243967
2022-06-01,172.21,172.53,171.39,172.23,172.23,6946516
2022-06-02,173.66,174.45,173.49,174.35,174.35,5623129
2022-06-03,173.529,173.965,172.25,172.58,172.58,5519407
2022-06-06,172.81,172.89,171.65,171.82,171.82,3766042
2022-06-07,172.11,173.05,171.985,172.94,172.94,3860035
2022-06-08,172.89,173.45,172.67,172.78,172.78,5140816
2022-06-09,172.45,172.59,171.58,172.23,172.23,4701143
2022-06-10,170.89,174.94,170.46,174.54,174.54,16856141
2022-06-13,171.18,171.335,169.61,169.93,169.93,13265240
2022-06-14,169.61,169.7309,168.3,168.57,168.57,7347935
2022-06-15,170.4,171.84,169.08,170.77,170.77,9000294
2022-06-16,170.56,172.77,170.17,172.69,172.69,8823558
2022-06-17,172.15,172.3,170.97,171.27,171.27,7407223
2022-06-21,171.06,171.91,170.47,170.63,170.63,5608485
2022-06-22,171.61,172.3,171.1,171.31,171.31,6558656
2022-06-23,171.39,172.13,169.9,170.26,170.26,6535261
2022-06-24,170.24,170.7401,169.85,170.09,170.09,6143081
2022-06-27,170.595,170.67,169.75,169.9,169.9,5719684
2022-06-28,170.07,170.21,169.51,169.62,169.62,2984450
2022-06-29,170.58,170.7,169.17,169.49,169.49,4785576
2022-06-30,169.51,169.96,168.24,168.46,168.46,9144391
2022-07-01,167.135,168.68,166.96,168.32,168.32,11380330
2022-07-05,167.18,167.33,164.41,164.75,164.75,14035430
2022-07-06,164.32,164.57,161.47,162.14,162.14,11861140
2022-07-07,162.43,163.04,162.06,162.23,162.23,4588418
2022-07-08,162.35,163.38,161.84,162.3,162.3,4584112
2022-07-11,161.93,162.435,161.3757,161.43,161.43,4321663
2022-07-12,161.22,161.62,160.72,160.83,160.83,5375081
2022-07-13,160.1,162.705,160.06,161.6,161.6,8456636
2022-07-14,159.02,159.83,158.22,159.33,159.33,12213610
2022-07-15,159.01,159.25,158.35,159.01,159.01,6783785
2022-07-18,160.08,160.43,159.05,159.16,159.16,5791779
2022-07-19,159.47,159.87,159.33,159.54,159.54,3796198
2022-07-20,159.71,159.815,158.025,158.04,158.04,4795846
2022-07-21,158.31,160.31,158.2699,160.27,160.27,5863333
2022-07-22,160.55,162.13,160.35,160.67,160.67,5733753
2022-07-25,160.64,160.7,159.81,160.23,160.23,3713368
2022-07-26,160.23,160.5,159.79,160.04,160.04,2672764
2022-07-27,160.02,162.21,159.51,161.67,161.67,5709082
2022-07-28,163.31,163.76,162.88,163.64,163.64,5606353
2022-07-29,163.89,164.69,163.28,164.1,164.1,7537307
2022-08-01,164.98,165.41,164.41,165.03,165.03,4666912
2022-08-02,165.66,166.46,164.02,164.05,164.05,5725388
2022-08-03,164.77,164.91,163.475,164.45,164.45,4417759
2022-08-04,165.53,167.31,165.34,167.17,167.17,5502000
2022-08-05,164.99,165.84,164.87,165.29,165.29,6023291
2022-08-08,166.03,166.8103,165.93,166.69,166.69,3457314
2022-08-09,167.48,167.8,166.82,167.2,167.2,3205505
2022-08-10,167.3925,167.98,166.6201,166.78,166.78,4077274
2022-08-11,167.16,167.66,166.31,166.34,166.34,4445977
2022-08-12,167.17,167.94,166.83,167.87,167.87,5151653
2022-08-15,165.99,166.25,165.44,165.71,165.71,5236292
2022-08-16,165.31,165.72,165.18,165.42,165.42,4291529
2022-08-17,165.21,165.228,163.95,164.35,164.35,5569071
2022-08-18,164.6,164.9125,163.545,163.92,163.92,3646087
2022-08-19,163.65,163.74,162.615,162.72,162.72,8172954
2022-08-22,161.66,162.12,161.36,161.64,161.64,4458113
2022-08-23,161.96,163.43,161.91,162.77,162.77,4425075
2022-08-24,162.44,163.61,162.37,163.25,163.25,3202411
2022-08-25,163.97,163.985,163.24,163.75,163.75,2857488
2022-08-26,163.12,163.61,161.55,161.76,161.76,6689259
2022-08-29,161.88,162.62,161.7,161.86,161.86,4702256
2022-08-30,161.27,161.43,160.34,160.51,160.51,4856576
2022-08-31,159.5,160.575,159.255,159.27,159.27,5438641
2022-09-01,158.17,158.39,157.32,157.87,157.87,7390755
2022-09-02,159.35,160.06,159.14,159.26,159.26,5196908
2022-09-06,159.17,159.46,158.32,158.33,158.33,4863819
2022-09-07,158.15,160.15,158.08,159.94,159.94,3981410
2022-09-08,159.54,159.86,158.7115,158.98,158.98,4607118
2022-09-09,159.72,160.24,159.41,159.82,159.82,3927788
2022-09-12,161.04,161.62,160.55,160.63,160.63,4537530
2022-09-13,158.47,159.2675,158.39,158.54,158.54,6526388
2022-09-14,158.68,158.98,157.73,157.93,157.93,6091085
2022-09-15,156.76,157.485,154.62,154.98,154.98,13181200
2022-09-16,154.66,156.56,154.34,155.84,155.84,7141210
2022-09-19,154.87,156.04,154.815,155.96,155.96,5582767
2022-09-20,155.03,155.23,154.59,155.07,155.07,5943724
2022-09-21,155.97,157.25,154.01,155.79,155.79,7816071
2022-09-22,156.26,156.48,155.31,155.7,155.7,5975237
2022-09-23,153.9,154.0,152.64,153.01,153.01,9597991
2022-09-26,153.22,153.51,151.0301,151.23,151.23,8240501
2022-09-27,152.25,152.73,151.5,151.54,151.54,7151310
2022-09-28,153.2,154.88,152.93,154.69,154.69,8977243
2022-09-29,154.14,155.03,153.16,154.66,154.66,6317021
2022-09-30,154.94,156.045,154.57,154.67,154.67,6832430
2022-10-03,155.438,158.48,155.23,158.43,158.43,10362230
2022-10-04,159.18,161.08,158.92,160.7,160.7,8024496
2022-10-05,159.32,160.08,158.38,159.81,159.81,5296309
2022-10-06,159.41,159.94,158.9511,159.63,159.63,5712627
2022-10-07,158.46,158.98,157.68,157.88,157.88,5030041
2022-10-10,155.94,156.35,155.12,155.48,155.48,6110794
2022-10-11,155.49,156.81,154.92,155.16,155.16,5306673
2022-10-12,155.51,156.29,155.26,155.99,155.99,3998472
2022-10-13,153.48,155.73,152.92,154.91,154.91,7083767
2022-10-14,154.02,154.1996,152.72,152.98,152.98,5474648
2022-10-17,154.92,155.33,153.325,153.42,153.42,4348044
2022-10-18,154.08,154.2393,153.24,153.75,153.75,4528441
2022-10-19,152.09,152.49,151.54,151.69,151.69,8257060
2022-10-20,151.92,153.23,151.27,151.45,151.45,5019849
2022-10-21,151.98,154.31,151.83,154.15,154.15,6898351
2022-10-24,153.45,154.06,153.06,153.65,153.65,4673274
2022-10-25,153.96,154.79,153.83,154.0,154.0,3434053
2022-10-26,154.78,155.73,154.78,154.98,154.98,4451056
2022-10-27,154.715,155.09,154.22,154.74,154.74,3654871
2022-10-28,152.96,153.54,152.5,153.16,153.16,4645440
2022-10-31,152.16,152.8721,151.89,151.91,151.91,6097760
2022-11-01,153.82,153.98,152.87,153.46,153.46,4603597
2022-11-02,154.16,155.42,152.26,152.39,152.39,7220403
2022-11-03,150.699,151.955,150.5703,151.81,151.81,5378810
2022-11-04,154.95,156.6,154.66,156.47,156.47,7691954
2022-11-07,156.22,156.569,155.81,155.85,155.85,4425710
2022-11-08,155.99,159.87,155.975,159.45,159.45,11299640
2022-11-09,159.359,160.35,158.45,158.65,158.65,6040627
2022-11-10,162.01,163.51,161.655,163.48,163.48,9939858
2022-11-11,163.914,164.58,163.42,164.56,164.56,4622422
2022-11-14,164.2,165.24,164.15,164.92,164.92,6187552
2022-11-15,165.27,166.23,164.56,165.5,165.5,9903495
2022-11-16,165.41,165.71,164.8301,165.12,165.12,3645845
2022-11-17,163.79,164.1099,163.4,163.92,163.92,4578129
2022-11-18,163.38,163.69,162.68,162.79,162.79,4321075
2022-11-21,162.44,162.5,161.28,161.88,161.88,4766512
2022-11-22,162.3,162.6,161.72,162.07,162.07,3203837
2022-11-23,161.69,163.24,161.56,163.08,163.08,4167005
2022-11-25,162.85,163.43,162.765,163.22,163.22,1436508
2022-11-28,162.93,163.06,161.91,161.93,161.93,4053918
2022-11-29,162.7,163.6299,162.6,162.73,162.73,2620637
2022-11-30,163.69,164.81,162.4,164.81,164.81,4874746
2022-12-01,167.48,167.95,166.975,167.84,167.84,8625780
2022-12-02,166.18,167.47,165.76,167.26,167.26,5185941
2022-12-05,166.55,166.72,164.3201,164.39,164.39,5436175
2022-12-06,165.2,165.54,164.45,164.84,164.84,3597758
2022-12-07,165.47,166.64,165.318,166.33,166.33,4610697
2022-12-08,166.58,167.045,166.07,166.47,166.47,3217874
2022-12-09,167.26,168.085,166.6,167.06,167.06,5431272
2022-12-12,166.438,166.6,165.43,165.68,165.68,3504409
2022-12-13,169.21,169.79,168.02,168.51,168.51,6750199
2022-12-14,168.43,168.81,167.14,168.1,168.1,5642965
2022-12-15,165.73,166.21,165.1,165.35,165.35,8370909
2022-12-16,166.02,166.98,165.84,166.79,166.79,5371967
2022-12-19,166.71,167.11,165.99,166.32,166.32,3940525
2022-12-20,168.1,169.53,168.03,169.08,169.08,7803118
2022-12-21,169.04,169.71,168.675,168.8,168.8,3990060
2022-12-22,167.76,167.7632,166.06,166.76,166.76,5672656
2022-12-23,166.88,167.795,166.66,167.26,167.26,2912300
2022-12-27,167.89,170.61,167.8,168.67,168.67,6885715
2022-12-28,168.05,168.34,167.1,167.91,167.91,3662456
2022-12-29,168.54,169.35,168.52,168.85,168.85,3345874
2022-12-30,169.26,169.8999,168.795,169.64,169.64,2864455
2023-01-03,171.32,172.09,170.02,171.06,171.06,7992927
2023-01-04,172.86,173.09,171.845,172.67,172.67,7574633
2023-01-05,170.824,171.0,169.79,170.52,170.52,4692610
2023-01-06,171.76,173.96,171.23,173.71,173.71,7888954
2023-01-09,174.51,175.035,173.881,174.1,174.1,5134503
2023-01-10,174.61,174.98,174.06,174.74,174.74,4398411
2023-01-11,174.76,174.79,173.72,174.62,174.62,3374201
2023-01-12,176.01,176.71,174.88,176.64,176.64,6936919
2023-01-13,176.96,178.825,176.8934,178.76,178.76,7468768
2023-01-17,178.21,178.24,177.09,177.59,177.59,6610834
2023-01-18,178.92,179.18,176.9,177.08,177.08,5384664
2023-01-19,178.37,180.03,178.09,179.89,179.89,6678687
2023-01-20,179.06,179.66,178.645,179.29,179.29,5754818
2023-01-23,178.35,179.69,177.78,179.63,179.63,5265507
2023-01-24,179.56,180.32,178.35,180.28,180.28,4604628
2023-01-25,179.35,181.22,179.2925,181.11,181.11,6925348
2023-01-26,180.146,180.265,178.46,179.47,179.47,5860129
2023-01-27,179.27,179.72,178.262,179.22,179.22,6052728
2023-01-30,179.286,179.43,178.65,178.76,178.76,4210726
2023-01-31,178.82,179.699,178.54,179.41,179.41,5976888
2023-02-01,179.75,181.73,178.63,181.67,181.67,7996005
2023-02-02,181.08,181.11,177.74,177.9,177.9,8842396
2023-02-03,174.92,175.43,173.12,173.46,173.46,13674440
2023-02-06,174.11,174.455,173.28,173.82,173.82,8956963
2023-02-07,173.72,175.27,173.47,173.98,173.98,6794153
2023-02-08,174.942,174.99,173.83,174.41,174.41,4075638
2023-02-09,175.49,175.52,172.87,173.03,173.03,5361340
2023-02-10,173.63,173.68,172.63,173.36,173.36,2971125
2023-02-13,172.7,172.9014,172.07,172.48,172.48,3970786
2023-02-14,171.97,173.51,171.41,172.61,172.61,5403099
2023-02-15,170.6,170.99,170.16,170.89,170.89,5435337
2023-02-16,170.34,171.6,169.96,170.75,170.75,4540398
2023-02-17,169.87,171.47,169.52,171.26,171.26,4809799
2023-02-21,171.2,171.5,170.34,170.62,170.62,4035933
2023-02-22,170.81,170.96,169.56,169.66,169.66,4105675
2023-02-23,169.84,170.125,169.08,169.57,169.57,5073479
2023-02-24,168.42,168.84,168.19,168.35,168.35,6496496
2023-02-27,168.88,169.23,168.55,169.01,169.01,4509151
2023-02-28,168.781,170.25,168.59,169.78,169.78,6761585
2023-03-01,170.95,171.49,170.47,170.76,170.76,6590468
2023-03-02,170.52,170.975,170.36,170.66,170.66,3952266
2023-03-03,171.45,172.595,170.98,172.49,172.49,6894466
2023-03-06,172.32,172.37,171.54,171.62,171.62,4264124
2023-03-07,170.42,170.47,168.52,168.62,168.62,8713268
2023-03-08,168.61,169.59,168.52,168.54,168.54,5718595
2023-03-09,169.751,170.65,169.71,170.2,170.2,5582980
2023-03-10,171.93,173.88,171.92,173.87,173.87,13803440
2023-03-13,176.66,178.02,176.3,177.86,177.86,20554420
2023-03-14,177.35,177.59,176.21,176.83,176.83,10019030
2023-03-15,178.86,180.13,177.49,178.21,178.21,14546100
2023-03-16,179.51,179.654,177.87,178.57,178.57,10764870
2023-03-17,181.02,184.81,180.77,183.77,183.77,24156270
2023-03-20,184.19,184.54,182.74,183.84,183.84,11845680
2023-03-21,182.65,182.73,179.9,180.37,180.37,10734490
2023-03-22,180.4,183.94,180.28,183.44,183.44,11969560
2023-03-23,183.91,186.24,183.5996,185.74,185.74,11347150
2023-03-24,185.606,185.99,183.62,183.65,183.65,9253075
2023-03-27,181.15,182.15,180.69,181.95,181.95,6925046
2023-03-28,182.31,183.62,182.12,183.44,183.44,6202597
2023-03-29,182.49,183.27,182.24,182.53,182.53,4996493
2023-03-30,182.75,184.4401,182.55,184.18,184.18,6360296
2023-03-31,184.11,184.42,182.8,183.22,183.22,8003334
2023-04-03,183.85,185.035,183.32,184.54,184.54,9206635
2023-04-04,184.722,188.23,184.66,187.98,187.98,13765360
2023-04-05,188.34,188.86,186.78,187.83,187.83,11440830
2023-04-06,186.89,187.26,185.95,186.49,186.49,6648428
2023-04-10,185.18,185.36,184.19,185.11,185.11,6408114
2023-04-11,185.905,186.51,185.635,186.28,186.28,6031494
2023-04-12,187.54,187.66,185.97,187.19,187.19,10000950
2023-04-13,189.76,190.41,188.99,189.72,189.72,14060110
2023-04-14,188.08,188.4869,185.17,186.36,186.36,13272540
2023-04-17,185.89,185.93,184.1,185.53,185.53,7468062
2023-04-18,185.24,186.99,185.04,186.25,186.25,8056928
2023-04-19,184.35,185.58,184.28,185.36,185.36,7373518
2023-04-20,186.14,187.03,185.78,186.09,186.09,5789908
2023-04-21,184.98,185.68,183.22,184.25,184.25,10698710
2023-04-24,184.07,185.025,183.46,184.81,184.81,8303396
2023-04-25,184.84,186.2204,184.3,185.75,185.75,8451933
2023-04-26,186.63,186.65,184.3,184.74,184.74,8203595
2023-04-27,183.9,184.989,183.38,184.75,184.75,9107425
2023-04-28,184.79,185.38,184.17,184.8,184.8,6700418
2023-05-01,186.05,186.22,183.91,183.97,183.97,7997658
2023-05-02,184.65,187.64,184.515,187.52,187.52,13554920
2023-05-03,187.61,189.205,186.93,189.11,189.11,11133830
2023-05-04,188.86,191.36,188.81,190.44,190.44,14146790
2023-05-05,186.56,187.58,185.77,187.46,187.46,12508110
2023-05-08,187.82,188.67,187.49,187.69,187.69,6075441
2023-05-09,188.12,189.33,188.07,189.02,189.02,7098810
2023-05-10,188.975,189.64,187.82,188.75,188.75,9392097
2023-05-11,188.44,188.81,186.86,187.13,187.13,8245523
2023-05-12,187.43,187.92,186.58,186.81,186.81,7087462
2023-05-15,187.3,187.88,187.032,187.21,187.21,5518086
2023-05-16,186.58,186.82,184.4601,184.87,184.87,9527806
2023-05-17,184.305,184.45,183.48,184.23,184.23,7474277
2023-05-18,182.1,182.28,181.335,181.84,181.84,8812591
2023-05-19,182.25,184.34,181.81,183.64,183.64,8434976
2023-05-22,183.22,183.84,182.91,183.21,183.21,4834298
2023-05-23,182.78,183.76,182.48,183.43,183.43,6345012
2023-05-24,183.54,183.54,181.77,181.95,181.95,6732940
2023-05-25,181.18,181.31,180.1,180.2,180.2,6919174
2023-05-26,181.01,181.3,180.09,180.92,180.92,5823674
2023-05-30,181.72,182.4,181.17,182.04,182.04,4906066
2023-05-31,182.39,183.445,182.1,182.32,182.32,8497893
2023-06-01,182.81,184.21,182.72,183.76,183.76,7300542
2023-06-02,183.53,183.56,180.96,181.05,181.05,8726111
2023-06-05,180.79,182.44,180.6,182.14,182.14,6403343
2023-06-06,182.36,182.65,181.52,182.34,182.34,4967156
2023-06-07,181.94,183.0,180.15,180.15,180.15,9066528
2023-06-08,182.0,183.04,181.96,182.53,182.53,6394890
2023-06-09,182.36,182.79,181.72,182.04,182.04,4380811
2023-06-12,181.8,181.94,181.04,181.88,181.88,4875450
2023-06-13,182.1,182.43,180.165,180.54,180.54,5126686
2023-06-14,181.69,181.96,180.14,180.64,180.64,6807003
2023-06-15,180.28,182.05,180.18,181.91,181.91,6739009
2023-06-16,181.925,182.618,181.41,181.63,181.63,8779096
2023-06-20,180.06,180.09,179.22,179.75,179.75,7586229
2023-06-21,179.15,179.95,178.19,179.49,179.49,6702339
2023-06-22,178.36,178.99,177.63,177.71,177.71,7948565
2023-06-23,179.6,179.95,178.09,178.2,178.2,5419784
2023-06-26,179.05,179.075,178.42,178.51,178.51,3222050
2023-06-27,179.07,179.29,177.43,177.69,177.69,5036916
2023-06-28,177.23,177.685,176.7,177.28,177.28,5866741
2023-06-29,175.83,177.63,175.79,177.09,177.09,6862511
2023-06-30,177.69,178.53,177.32,178.27,178.27,6420904
2023-07-03,178.61,179.34,178.46,178.47,178.47,4085711
2023-07-05,179.41,179.42,177.825,177.84,177.84,5652091
2023-07-06,177.51,177.8,176.66,177.31,177.31,5132954
2023-07-07,178.38,179.65,178.35,178.64,178.64,5201148
2023-07-10,178.37,178.92,178.2601,178.78,178.78,3320497
2023-07-11,179.43,179.71,179.13,179.45,179.45,2819610
2023-07-12,181.18,181.95,181.1,181.88,181.88,7062010
2023-07-13,181.96,182.15,181.49,182.01,182.01,4527900
2023-07-14,181.59,182.17,181.1101,181.43,181.43,5389968
2023-07-17,180.99,181.6307,180.64,181.56,181.56,4152919
2023-07-18,182.79,184.23,182.32,183.64,183.64,8242597
2023-07-19,183.45,183.835,182.87,183.67,183.67,3911565
2023-07-20,183.73,183.77,182.47,182.74,182.74,4972856
2023-07-21,182.06,182.46,181.68,182.18,182.18,3845361
2023-07-24,182.22,182.54,181.34,181.4,181.4,4370026
2023-07-25,181.72,182.47,181.1,182.41,182.41,4090149
2023-07-26,182.66,183.64,182.31,183.3,183.3,6158432
2023-07-27,181.64,181.64,180.32,180.42,180.42,7592752
2023-07-28,181.48,182.27,181.25,181.86,181.86,3829197
2023-07-31,182.43,183.09,182.31,182.35,182.35,5496890
2023-08-01,180.85,181.375,180.19,180.46,180.46,6289869
2023-08-02,180.57,180.79,179.41,179.6,179.6,6348266
2023-08-03,179.44,179.95,179.28,179.54,179.54,4638874
2023-08-04,180.25,180.77,179.85,180.19,180.19,5326191
2023-08-07,180.15,180.15,179.27,179.78,179.78,4510408
2023-08-08,178.64,179.33,178.46,178.64,178.64,6162879
2023-08-09,178.68,178.92,177.78,177.79,177.79,4643998
2023-08-10,178.22,178.7,177.54,177.6,177.6,5934598
2023-08-11,177.7,178.36,177.49,177.6,177.6,5289694
2023-08-14,176.86,177.58,176.5787,177.06,177.06,9554477
2023-08-15,176.75,177.43,176.33,176.59,176.59,7582703
2023-08-16,176.62,176.945,175.56,175.57,175.57,6559418
2023-08-17,176.53,176.56,174.93,175.3,175.3,7937672
2023-08-18,175.83,176.055,175.1,175.33,175.33,6253027
2023-08-21,175.9,175.94,174.96,175.81,175.81,4206360
2023-08-22,175.83,176.25,175.31,176.1,176.1,5892540
2023-08-23,177.32,178.22,177.07,177.89,177.89,7949056
2023-08-24,177.66,178.49,177.41,177.85,177.85,5526428
2023-08-25,177.58,178.38,176.63,177.62,177.62,6132927
2023-08-28,177.65,178.73,177.51,178.13,178.13,4740683
2023-08-29,178.03,179.88,177.9,179.87,179.87,7576640
2023-08-30,180.58,180.88,180.29,180.32,180.32,6593692
2023-08-31,180.37,180.49,179.94,180.02,180.02,4795626
2023-09-01,180.8,181.12,179.51,180.11,180.11,4970732
2023-09-05,179.33,179.4438,178.64,178.64,178.64,7056834
2023-09-06,178.33,179.01,177.7,177.83,177.83,6427224
2023-09-07,178.31,178.3701,177.9,178.02,178.02,3257213
2023-09-08,178.36,179.045,177.9,178.08,178.08,3293699
2023-09-11,178.97,179.07,178.261,178.41,178.41,3689085
2023-09-12,177.11,177.7,177.05,177.49,177.49,4445435
2023-09-13,177.53,177.75,177.035,177.08,177.08,3874788
2023-09-14,176.5,177.39,176.36,177.17,177.17,6184382
2023-09-15,178.55,179.105,178.34,178.34,178.34,5620888
2023-09-18,178.82,179.41,178.38,179.39,179.39,5049308
2023-09-19,179.54,179.65,179.03,179.22,179.22,4225102
2023-09-20,179.34,180.66,179.32,179.35,179.35,9330262
2023-09-21,177.86,178.485,177.69,178.05,178.05,7573300
2023-09-22,178.65,178.95,178.51,178.62,178.62,3637075
2023-09-25,178.41,178.71,177.64,177.7,177.7,5582074
2023-09-26,176.825,177.14,176.16,176.28,176.28,7181080
2023-09-27,175.27,175.32,173.7,174.1,174.1,10919580
2023-09-28,173.91,174.135,172.32,173.23,173.23,10061920
2023-09-29,173.92,174.03,171.265,171.45,171.45,10427380
2023-10-02,170.23,170.46,169.5,169.65,169.65,12706030
2023-10-03,169.14,170.08,168.745,169.16,169.16,11459840
2023-10-04,169.21,169.41,168.5,169.14,169.14,10034600
2023-10-05,168.74,169.0,168.3,168.83,168.83,6970219
2023-10-06,169.17,170.23,168.5,169.7,169.7,9948433
2023-10-09,171.18,172.86,171.075,172.82,172.82,10201550
2023-10-10,172.08,172.795,171.9,172.53,172.53,5843995
2023-10-11,173.6,174.125,173.26,173.79,173.79,7128002
2023-10-12,174.06,174.23,173.24,173.26,173.26,5912663
2023-10-13,176.892,179.095,176.72,178.83,178.83,18802891
2023-10-16,177.84,178.33,177.535,177.96,177.96,8385428
2023-10-17,178.37,179.13,177.98,178.29,178.29,8231866
2023-10-18,180.894,182.02,179.75,180.87,180.87,13920790
2023-10-19,181.04,183.43,180.82,183.09,183.09,13406560
2023-10-20,183.43,185.23,183.09,183.59,183.59,12785670
2023-10-23,183.51,183.56,182.705,182.97,182.97,9479805
2023-10-24,182.07,183.4,181.68,182.95,182.95,6593963
2023-10-25,183.42,184.2993,182.04,183.72,183.72,10087020
2023-10-26,183.4,184.49,182.87,184.01,184.01,7671406
2023-10-27,183.76,186.36,183.47,186.15,186.15,14102830
2023-10-30,185.54,185.7,184.73,185.1,185.1,8756405
2023-10-31,185.08,186.21,183.495,184.09,184.09,10104570
2023-11-01,183.91,185.0,182.67,183.51,183.51,9048562
2023-11-02,184.13,184.28,183.5,184.12,184.12,7343699
2023-11-03,184.48,185.47,184.35,184.79,184.79,8530399
2023-11-06,184.14,184.23,183.34,183.35,183.35,8274666
2023-11-07,182.25,182.65,181.75,182.59,182.59,6795795
2023-11-08,182.01,182.065,180.5699,180.77,180.77,6738304
2023-11-09,180.98,182.28,180.89,181.49,181.49,6486286
2023-11-10,180.51,180.585,179.245,179.51,179.51,7611618
2023-11-13,179.4,180.73,179.11,180.51,180.51,5385908
2023-11-14,181.7,182.75,181.62,182.12,182.12,6831639
2023-11-15,182.03,182.18,181.31,181.64,181.64,4909399
2023-11-16,182.846,184.32,182.8,183.69,183.69,8253348
2023-11-17,183.96,184.125,183.45,183.67,183.67,4871297
2023-11-20,182.32,183.48,182.225,183.37,183.37,5393464
2023-11-21,185.57,186.115,185.065,185.35,185.35,7322379
2023-11-22,185.47,185.72,184.2715,184.56,184.56,4338209
2023-11-24,185.47,185.75,185.16,185.52,185.52,2445058
2023-11-27,186.56,186.8,185.93,186.77,186.77,6320420
2023-11-28,187.9,189.4,187.52,189.26,189.26,10901890
2023-11-29,189.16,189.99,189.02,189.54,189.54,8407253
2023-11-30,188.89,189.24,188.28,188.75,188.75,7558123
2023-12-01,188.805,192.395,188.685,192.01,192.01,16727570
2023-12-04,189.599,190.38,187.26,187.86,187.86,18460539
2023-12-05,187.55,187.88,186.3,187.15,187.15,7027722
2023-12-06,188.32,188.46,187.5,187.84,187.84,5778604
2023-12-07,188.45,188.59,187.26,188.15,188.15,5802025
2023-12-08,185.93,186.78,184.9,185.64,185.64,7883204
2023-12-11,184.5,184.53,183.1513,183.59,183.59,8519527
2023-12-12,183.844,183.98,183.26,183.49,183.49,5056911
2023-12-13,183.82,187.66,183.38,187.63,187.63,10635500
2023-12-14,188.865,189.82,188.08,188.73,188.73,9107157
2023-12-15,188.52,188.96,186.82,187.0,187.0,8324824
2023-12-18,187.5,188.49,187.24,187.85,187.85,5357987
2023-12-19,188.23,189.7239,188.13,189.13,189.13,6025564
2023-12-20,188.69,188.96,188.085,188.1,188.1,6002395
2023-12-21,189.21,189.62,188.75,189.43,189.43,4619995
2023-12-22,191.6,191.88,190.07,190.27,190.27,7176292
2023-12-26,190.97,191.74,190.4,191.72,191.72,4502664
2023-12-27,191.77,193.1823,191.54,192.59,192.59,5813295
2023-12-28,192.34,192.89,191.44,191.47,191.47,6171506
2023-12-29,190.99,191.64,190.74,191.17,191.17,4612349
2024-01-02,191.44,191.89,190.5,190.72,190.72,6025646
2024-01-03,188.77,189.86,188.16,189.13,189.13,8661568
2024-01-04,189.08,189.75,188.69,189.32,189.32,4416743
2024-01-05,189.68,191.26,189.08,189.35,189.35,7481883
2024-01-08,187.21,188.74,187.11,187.87,187.87,6214968
2024-01-09,188.68,188.78,187.73,187.93,187.93,4437269
2024-01-10,188.14,188.44,187.205,187.5,187.5,4504726
2024-01-11,188.02,188.55,186.56,187.87,187.87,6831086
2024-01-12,190.67,191.08,189.16,189.71,189.71,6833678
2024-01-16,189.15,189.26,187.54,187.91,187.91,6548068
2024-01-17,187.31,187.42,185.45,185.84,185.84,8643163
2024-01-18,186.36,187.4,186.3,187.37,187.37,4685239
2024-01-19,188.26,188.3,187.44,187.93,187.93,5719650
2024-01-22,187.23,187.7601,186.85,187.22,187.22,4397522
2024-01-23,187.45,188.15,187.28,187.95,187.95,5040771
2024-01-24,188.33,188.37,186.32,186.4,186.4,6085437
2024-01-25,187.34,187.64,186.46,187.14,187.14,4651026
2024-01-26,187.27,187.38,186.76,187.01,187.01,5064774
2024-01-29,188.31,188.54,187.1899,188.33,188.33,5629695
2024-01-30,189.7,189.83,187.975,188.59,188.59,4976467
2024-01-31,189.37,190.46,188.13,188.45,188.45,7886115
2024-02-01,189.71,191.36,188.99,190.41,190.41,10278130
2024-02-02,188.07,188.87,187.85,188.61,188.61,7337573
2024-02-05,186.875,187.82,186.7,187.57,187.57,5436062
2024-02-06,187.94,188.854,187.742,188.55,188.55,4866122
2024-02-07,188.45,189.39,188.28,188.5,188.5,6276879
2024-02-08,187.91,188.5298,187.8199,188.33,188.33,3873445
2024-02-09,187.56,187.77,187.14,187.6,187.6,4412654
2024-02-12,186.6,187.27,186.36,187.11,187.11,4706253
2024-02-13,185.35,185.38,184.33,184.53,184.53,9525794
2024-02-14,184.27,184.88,183.78,184.42,184.42,7031562
2024-02-15,185.6,186.02,185.095,185.66,185.66,6228859
2024-02-16,185.076,186.67,184.835,186.34,186.34,6518526
2024-02-20,187.96,188.03,187.4,187.47,187.47,5531152
2024-02-21,187.88,188.04,187.1,187.48,187.48,5789951
2024-02-22,187.56,187.64,187.05,187.56,187.56,4550823
2024-02-23,187.56,189.18,187.46,188.62,188.62,6827271
2024-02-26,187.79,188.36,187.53,188.2,188.2,4491937
2024-02-27,188.58,188.72,187.88,188.0,188.0,5165376
2024-02-28,188.34,188.52,188.0301,188.34,188.34,2824131
2024-02-29,189.64,189.918,189.23,189.31,189.31,6848639
2024-03-01,190.27,193.4,189.44,192.89,192.89,13411000
2024-03-04,194.15,196.3299,193.88,196.01,196.01,12216340
2024-03-05,197.44,198.14,196.65,197.19,197.19,9672210
2024-03-06,198.08,199.3,197.44,198.81,198.81,10459290
2024-03-07,199.54,200.11,198.91,199.94,199.94,8403737
2024-03-08,200.89,203.3,200.4459,201.63,201.63,13540110
2024-03-11,201.71,202.41,201.46,202.0,202.0,7329560
2024-03-12,200.42,200.6277,199.16,199.79,199.79,9436586
2024-03-13,200.44,201.86,200.35,201.19,201.19,5929990
2024-03-14,200.37,200.47,199.34,200.35,200.35,6865044
2024-03-15,199.94,200.634,199.57,199.71,199.71,4556710
2024-03-18,199.66,200.145,199.51,200.03,200.03,7206823
2024-03-19,199.62,199.81,198.935,199.8,199.8,4657527
2024-03-20,199.16,202.66,199.12,202.18,202.18,9593754
2024-03-21,203.88,203.92,200.6,201.97,201.97,7396540
2024-03-22,201.32,201.86,199.715,200.35,200.35,6918508
2024-03-25,201.19,201.95,200.965,200.99,200.99,4034750
2024-03-26,202.65,202.76,201.07,201.64,201.64,5752677
2024-03-27,202.32,203.22,202.32,203.1,203.1,6040980
2024-03-28,204.54,206.05,203.87,205.72,205.72,9194473
2024-04-01,208.68,208.73,206.29,207.82,207.82,13677110
2024-04-02,209.07,211.03,208.36,210.89,210.89,13421070
2024-04-03,210.57,212.83,210.3,212.74,212.74,11416230
2024-04-04,212.0,213.45,211.02,211.52,211.52,12307270
2024-04-05,212.49,215.74,212.22,215.14,215.14,13382720
2024-04-08,215.98,216.81,214.61,216.48,216.48,10331410
2024-04-09,217.81,218.86,216.45,217.67,217.67,13079310
2024-04-10,215.37,217.78,214.68,215.61,215.61,13317490
2024-04-11,216.85,219.84,215.89,219.8,219.8,11415220
2024-04-12,221.87,225.09,216.02,216.89,216.89,30898779
2024-04-15,217.94,221.03,215.16,220.95,220.95,13238950
2024-04-16,220.18,221.99,218.78,221.22,221.22,10746120
2024-04-17,221.05,221.76,218.52,219.59,219.59,11521050
2024-04-18,221.31,221.4599,219.312,220.34,220.34,6496885
2024-04-19,220.49,222.36,220.08,221.03,221.03,8688967
2024-04-22,216.35,216.9578,215.14,215.57,215.57,13404250
2024-04-23,213.96,215.86,213.87,215.04,215.04,10730330
2024-04-24,214.76,216.35,214.36,214.64,214.64,5741072
2024-04-25,214.47,217.05,214.3357,215.92,215.92,6606512
2024-04-26,216.77,217.0676,215.53,216.62,216.62,6268504
2024-04-29,216.02,217.215,215.25,216.18,216.18,6409870
2024-04-30,213.38,214.1271,211.8,211.87,211.87,11248620
2024-05-01,212.96,215.5,212.41,213.79,213.79,10373880
2024-05-02,211.9,213.705,211.49,213.13,213.13,6286967
2024-05-03,212.89,213.225,210.71,212.96,212.96,8679910
2024-05-06,215.14,215.91,214.47,215.2,215.2,6840477
2024-05-07,214.52,214.93,213.88,214.21,214.21,5660735
2024-05-08,213.62,214.8,213.5,213.58,213.58,4462736
2024-05-09,214.48,216.95,214.44,216.95,216.95,7732469
2024-05-10,219.22,219.6,218.08,218.71,218.71,8700917
2024-05-13,217.06,217.31,215.8,216.26,216.26,4896343
2024-05-14,217.31,218.3795,216.98,218.09,218.09,4662679
2024-05-15,219.06,221.19,217.65,220.89,220.89,9297715
2024-05-16,220.14,220.585,219.41,220.03,220.03,4301652
2024-05-17,222.18,223.8501,221.67,223.66,223.66,10481940
2024-05-20,223.79,225.66,223.02,224.56,224.56,5990860
2024-05-21,224.77,225.21,223.7,224.23,224.23,4002615
2024-05-22,223.09,223.24,219.7407,220.11,220.11,8903115
2024-05-23,218.78,219.23,215.66,215.72,215.72,9537911
2024-05-24,216.96,217.21,215.74,215.92,215.92,4212379
2024-05-28,218.43,218.59,217.21,218.19,218.19,3809677
2024-05-29,216.92,217.16,216.12,216.16,216.16,4184972
2024-05-30,216.69,217.51,216.41,216.57,216.57,3071290
2024-05-31,217.77,217.96,214.65,215.3,215.3,5617183
2024-06-03,215.92,217.82,215.54,217.22,217.22,6172606
2024-06-04,216.24,216.24,214.2,215.27,215.27,5509361
2024-06-05,216.69,218.0795,215.93,217.82,217.82,5479226
2024-06-06,218.36,219.97,218.1,219.43,219.43,5283914
2024-06-07,215.07,215.19,211.54,211.6,211.6,12195070
2024-06-10,213.13,214.02,212.76,213.54,213.54,4219641
2024-06-11,213.95,214.38,213.24,214.15,214.15,4004085
2024-06-12,216.47,216.55,214.2,214.72,214.72,5911883
2024-06-13,214.44,214.96,212.26,212.97,212.97,5861099
2024-06-14,215.34,216.04,214.98,215.73,215.73,7076496
2024-06-17,214.9,215.24,213.6,214.61,214.61,3877671
2024-06-18,214.38,215.83,214.04,215.47,215.47,4921415
2024-06-20,216.32,218.7413,216.15,218.16,218.16,7290516
2024-06-21,217.83,217.9,214.255,214.78,214.78,8935399
2024-06-24,215.55,215.94,215.2,215.63,215.63,4626923
2024-06-25,214.96,215.31,214.12,214.56,214.56,3847694
2024-06-26,212.39,213.11,212.1204,212.58,212.58,4690348
2024-06-27,214.71,215.5,214.45,214.99,214.99,4977837
2024-06-28,215.64,215.8148,214.82,215.01,215.01,3955080
2024-07-01,215.25,216.0,214.485,215.57,215.57,3797921
2024-07-02,215.33,216.08,214.6204,215.56,215.56,4921672
2024-07-03,217.34,218.7397,217.33,217.99,217.99,5055313
2024-07-05,219.58,221.28,219.58,220.93,220.93,5950550
2024-07-08,219.64,220.04,217.41,218.19,218.19,5790811
2024-07-09,218.57,219.29,217.265,218.56,218.56,3904495
2024-07-10,220.14,220.71,219.16,219.36,219.36,5556185
2024-07-11,222.65,224.1489,221.48,223.25,223.25,9323981
2024-07-12,222.03,223.62,221.86,223.11,223.11,5179297
2024-07-15,223.39,225.59,223.02,223.83,223.83,5719339
2024-07-16,225.45,228.29,225.3,228.29,228.29,11070660
2024-07-17,228.79,229.65,226.67,227.23,227.23,8620511
2024-07-18,227.71,228.32,225.57,225.78,225.78,5485459
2024-07-19,221.52,222.68,221.41,221.73,221.73,8665956
2024-07-22,221.58,221.92,220.4,221.8,221.8,5334060
2024-07-23,222.34,222.75,221.86,222.58,222.58,4435700
2024-07-24,223.47,224.88,221.74,221.8,221.8,6838783
2024-07-25,219.02,219.2607,217.52,218.33,218.33,9777054
2024-07-26,219.96,221.04,219.7,220.63,220.63,6328784
2024-07-29,221.26,221.55,219.045,220.32,220.32,4665057
2024-07-30,221.41,222.92,220.355,222.52,222.52,4939531
2024-07-31,223.73,226.6,223.64,226.55,226.55,7316552
2024-08-01,226.74,227.57,225.05,225.77,225.77,7217224
2024-08-02,227.95,228.76,222.865,225.34,225.34,11109390
2024-08-05,220.56,223.1,220.241,222.48,222.48,8939011
2024-08-06,221.5,222.14,220.11,220.7,220.7,14362270
2024-08-07,221.94,222.31,220.35,220.55,220.55,5287817
2024-08-08,222.73,224.25,222.515,224.01,224.01,6327054
2024-08-09,224.82,225.28,223.82,224.56,224.56,4441017
2024-08-12,226.14,228.535,225.965,228.41,228.41,5561259
2024-08-13,228.07,228.87,227.59,228.06,228.06,6740238
2024-08-14,226.55,227.48,225.35,226.2,226.2,5462495
2024-08-15,226.51,227.5,225.12,226.91,226.91,5273310
2024-08-16,229.99,232.02,229.005,231.99,231.99,11924540
2024-08-19,230.15,231.78,229.74,231.61,231.61,5164817
2024-08-20,233.71,234.01,231.13,232.46,232.46,9073611
2024-08-21,231.69,232.87,230.48,232.15,232.15,5337388
2024-08-22,230.35,230.38,228.26,229.37,229.37,5765369
2024-08-23,231.04,232.73,230.5199,232.02,232.02,5418171
2024-08-26,233.45,233.5,232.06,232.76,232.76,3151384
2024-08-27,231.69,233.47,231.5701,233.39,233.39,4435606
2024-08-28,232.0,232.02,230.73,231.75,231.75,4961482
2024-08-29,231.95,233.61,231.92,232.95,232.95,5524161
2024-08-30,232.53,232.86,230.5501,231.29,231.29,5742963
2024-09-03,230.38,230.54,228.52,230.29,230.29,6414920
2024-09-04,229.79,231.06,229.375,230.43,230.43,4695980
2024-09-05,232.72,232.89,231.33,232.35,232.35,4838112
2024-09-06,231.83,232.76,229.62,230.63,230.63,6315824
2024-09-09,231.26,231.62,230.39,231.6,231.6,3548806
2024-09-10,232.39,232.74,231.12,232.62,232.62,4378349
2024-09-11,231.72,232.87,231.09,232.25,232.25,4637312
2024-09-12,234.63,236.45,234.42,236.33,236.33,9944986
2024-09-13,238.13,238.98,237.7575,238.68,238.68,7455078
2024-09-16,238.73,239.278,238.05,238.66,238.66,4713541
2024-09-17,238.08,238.6,236.61,237.34,237.34,5257119
2024-09-18,238.19,240.2896,235.3,235.51,235.51,11081110
2024-09-19,238.24,239.515,237.39,239.17,239.17,6108226
2024-09-20,241.11,242.625,240.47,242.21,242.21,7737416
2024-09-23,242.97,243.46,242.585,242.68,242.68,5426166
2024-09-24,243.39,246.19,243.15,246.07,246.07,8386348
2024-09-25,246.19,246.47,244.79,245.73,245.73,7393448
2024-09-26,246.44,247.37,245.19,246.98,246.98,7041063
2024-09-27,246.31,246.75,244.19,245.02,245.02,8329633
2024-09-30,243.97,244.08,242.5,243.06,243.06,6919352
2024-10-01,245.2,246.98,245.06,245.61,245.61,10605490
2024-10-02,245.61,246.07,243.99,245.66,245.66,6798783
2024-10-03,244.72,245.91,243.69,245.49,245.49,5674503
2024-10-04,245.0,246.69,244.045,245.0,245.0,5951628
2024-10-07,244.58,244.82,243.81,244.17,244.17,3849026
2024-10-08,243.79,244.04,240.63,242.37,242.37,7669807
2024-10-09,241.16,241.84,240.64,241.05,241.05,4120486
2024-10-10,241.77,243.02,241.5101,242.82,242.82,4792690
2024-10-11,244.5,245.92,244.47,245.47,245.47,5789546
2024-10-14,245.16,245.86,244.26,245.07,245.07,3922892
2024-10-15,244.99,246.55,244.53,245.92,245.92,5640831
2024-10-16,247.62,248.09,246.36,247.15,247.15,5431939
2024-10-17,247.75,249.06,247.62,248.63,248.63,5176170
2024-10-18,250.0,251.37,249.9,251.27,251.27,7833614
2024-10-21,252.74,253.14,250.73,251.22,251.22,9258590
2024-10-22,253.06,253.94,252.52,253.93,253.93,5756321
2024-10-23,253.08,253.18,250.2,250.87,250.87,8080958
2024-10-24,253.27,253.32,251.4,252.8,252.8,5962188
2024-10-25,252.0,253.5499,251.77,253.32,253.32,4424475
2024-10-28,253.01,253.63,252.95,253.33,253.33,4029110
2024-10-29,254.49,256.29,254.23,256.09,256.09,8875470
2024-10-30,256.76,257.71,255.9101,257.5,257.5,6386196
2024-10-31,255.52,255.6,252.2,253.51,253.51,9930827
2024-11-01,254.33,254.86,252.435,252.47,252.47,6473012
2024-11-04,253.32,253.58,252.27,252.83,252.83,4581435
2024-11-05,253.78,253.9893,252.41,253.4,253.4,6029884
2024-11-06,245.635,247.35,244.9506,245.7,245.7,14600220
2024-11-07,248.29,250.24,248.12,249.65,249.65,8821445
2024-11-08,249.07,249.35,247.78,247.96,247.96,6267916
2024-11-11,242.73,242.73,241.06,242.14,242.14,11653850
2024-11-12,241.29,241.66,239.39,240.05,240.05,10145510
2024-11-13,241.31,241.47,237.59,237.63,237.63,8431694
2024-11-14,236.57,237.9886,236.1326,237.01,237.01,8262426
2024-11-15,237.57,237.88,236.33,236.59,236.59,7299482
2024-11-18,240.46,241.495,240.45,241.09,241.09,6512986
2024-11-19,242.75,243.31,242.03,243.25,243.25,6579103
2024-11-20,243.74,245.21,243.51,244.62,244.62,6630737
2024-11-21,246.23,246.81,245.69,246.66,246.66,7646429
2024-11-22,248.2,250.39,247.86,249.84,249.84,7502963
2024-11-25,244.27,244.3999,241.48,242.48,242.48,10733110
2024-11-26,242.71,243.09,241.58,242.95,242.95,4945897
2024-11-27,244.85,245.1835,243.2,243.49,243.49,6930587
2024-11-29,245.25,245.81,244.73,245.59,245.59,2708494
2024-12-02,244.46,244.5805,243.14,243.44,243.44,4765001
2024-12-03,244.96,245.18,243.3,243.93,243.93,3557819
2024-12-04,244.93,245.34,244.365,244.67,244.67,4608584
2024-12-05,244.16,244.38,242.15,242.86,242.86,4806206
2024-12-06,242.79,243.86,242.435,242.95,242.95,3540698
2024-12-09,246.28,247.11,245.2595,245.36,245.36,4711536
2024-12-10,247.86,248.86,247.83,248.59,248.59,4641963
2024-12-11,249.35,251.26,248.97,250.96,250.96,11033780
2024-12-12,247.81,248.24,246.87,247.28,247.28,10149590
2024-12-13,245.67,245.94,244.27,244.29,244.29,6602591
2024-12-16,245.41,245.54,244.29,244.88,244.88,3310036
2024-12-17,243.8,244.55,243.23,243.94,243.94,4421339
2024-12-18,243.57,243.7095,238.82,239.26,239.26,8015848
2024-12-19,239.67,240.05,238.73,239.6,239.6,8113568
2024-12-20,241.41,242.955,241.17,242.1,242.1,9527805
2024-12-23,241.6,241.67,240.65,240.96,240.96,5835498
2024-12-24,241.49,241.66,240.82,241.44,241.44,2421008
2024-12-26,242.39,243.56,242.195,243.07,243.07,4651778
2024-12-27,241.2,241.95,241.05,241.4,241.4,4728440
2024-12-30,241.08,241.08,239.58,240.63,240.63,3522539
2024-12-31,241.05,242.52,241.05,242.13,242.13,2522102
2025-01-02,244.22,245.53,244.08,245.42,245.42,6241899
2025-01-03,244.56,244.82,243.36,243.49,243.49,4875546
2025-01-06,242.33,243.79,242.05,243.19,243.19,3758903
2025-01-07,245.52,245.77,243.81,244.56,244.56,5090333
2025-01-08,245.72,246.45,244.51,245.86,245.86,6303334
2025-01-10,248.01,249.04,247.55,248.21,248.21,12380130
2025-01-13,246.34,246.79,245.151,245.74,245.74,8448595
2025-01-14,245.62,247.04,245.52,247.03,247.03,4914837
2025-01-15,248.21,248.9,247.0102,248.88,248.88,6344973
2025-01-16,250.56,251.39,250.27,250.6,250.6,9235998
2025-01-17,249.7,250.81,249.15,249.27,249.27,8312858
2025-01-21,251.95,253.3598,251.83,253.13,253.13,7668119
2025-01-22,254.29,254.68,253.7801,254.43,254.43,5213777
2025-01-23,253.19,254.54,252.82,254.07,254.07,6511526
2025-01-24,255.96,257.07,255.61,255.65,255.65,7341337
2025-01-27,253.86,254.26,251.92,252.99,252.99,5799780
2025-01-28,254.225,255.25,253.891,255.18,255.18,5332005
2025-01-29,254.55,254.82,253.3,254.2,254.2,5671753
2025-01-30,257.2,258.29,256.45,258.05,258.05,12981160
2025-01-31,259.08,259.99,257.86,258.56,258.56,8965576
2025-02-03,259.75,261.3897,259.5236,259.94,259.94,11521090
2025-02-04,261.83,262.54,261.35,262.5,262.5,9850412
2025-02-05,264.45,265.99,263.89,264.13,264.13,12681130
2025-02-06,263.66,263.72,261.49,263.43,263.43,8731433
2025-02-07,265.22,266.345,263.26,263.9,263.9,9154042
2025-02-10,268.0,268.66,267.24,268.37,268.37,13250310
2025-02-11,267.7,268.36,266.711,267.39,267.39,7169450
2025-02-12,267.15,268.43,266.3451,267.67,267.67,9328598
2025-02-13,268.4,270.39,268.22,270.31,270.31,8347547
2025-02-14,270.07,270.21,265.45,266.29,266.29,11546720
2025-02-18,269.68,271.0099,269.6,270.7,270.7,8185949
2025-02-19,270.68,271.33,269.24,270.85,270.85,9342452
2025-02-20,270.23,271.84,270.17,270.99,270.99,7356900
2025-02-21,270.795,271.51,269.51,270.74,270.74,8917431
2025-02-24,271.45,272.32,270.375,272.21,272.21,5374360
2025-02-25,271.46,271.6796,266.45,268.62,268.62,10079780
2025-02-26,267.08,269.08,266.6612,269.03,269.03,7276033
2025-02-27,266.49,266.67,264.4475,264.93,264.93,9374626
2025-02-28,262.555,263.4,261.25,263.27,263.27,11504490
2025-03-03,265.07,266.88,265.07,266.74,266.74,7725647
2025-03-04,269.01,269.4,267.52,269.06,269.06,8481343
2025-03-05,267.97,270.26,267.96,269.62,269.62,6990354
2025-03-06,268.25,269.51,268.16,268.25,268.25,6136447
2025-03-07,269.09,270.34,267.64,268.39,268.39,10431240
2025-03-10,267.62,268.44,265.64,266.04,266.04,7593890
2025-03-11,268.47,269.73,268.4401,269.16,269.16,8436562
2025-03-12,268.47,271.23,268.36,270.33,270.33,7236239
2025-03-13,271.57,275.345,271.55,275.13,275.13,13741460
2025-03-14,276.27,276.3,274.66,275.24,275.24,13364970
2025-03-17,275.54,276.79,275.39,276.73,276.73,8583359
2025-03-18,279.9,280.215,278.97,279.96,279.96,9596547
2025-03-19,279.85,281.479,279.06,281.11,281.11,8822197
2025-03-20,279.49,280.9,279.43,280.75,280.75,5863288
2025-03-21,279.46,279.46,276.59,278.49,278.49,9359340
2025-03-24,278.91,279.089,276.86,277.25,277.25,7870109
2025-03-25,278.78,279.96,278.27,278.47,278.47,5090179
2025-03-26,278.93,279.02,277.78,278.24,278.24,3741843
2025-03-27,280.55,282.065,279.5868,281.97,281.97,8476335
2025-03-28,283.82,284.64,282.86,284.06,284.06,9563660
2025-03-31,287.53,288.39,285.85,288.14,288.14,13925100
2025-04-01,288.54,289.13,285.91,287.57,287.57,15923550
2025-04-02,288.28,289.03,287.36,288.16,288.16,11074790
2025-04-03,282.78,289.09,282.45,286.42,286.42,20524391
2025-04-04,283.64,284.03,278.02,279.72,279.72,21517160
2025-04-07,278.855,280.14,272.58,273.71,273.71,19806990
2025-04-08,277.867,278.32,274.24,275.2,275.2,12639530
2025-04-09,282.22,285.87,281.04,285.38,285.38,25342180
2025-04-10,288.805,292.86,287.231,292.35,292.35,19837801
2025-04-11,297.96,299.275,296.81,297.93,297.93,21080131
2025-04-14,295.54,296.58,294.53,296.23,296.23,12427590
2025-04-15,296.93,298.02,296.09,297.78,297.78,7924134
2025-04-16,304.65,308.0599,303.8,307.47,307.47,20778080
2025-04-17,306.31,307.13,302.73,306.12,306.12,18287830
2025-04-21,315.015,316.41,313.945,315.59,315.59,20372260
2025-04-22,317.49,317.63,310.36,311.11,311.11,35242289
2025-04-23,304.18,304.74,300.59,303.65,303.65,25421461
2025-04-24,306.98,308.495,304.71,308.07,308.07,10844970
2025-04-25,301.78,305.37,301.01,304.73,304.73,10691590
2025-04-28,304.15,309.11,302.97,309.07,309.07,9375484
2025-04-29,305.81,306.95,304.0,306.06,306.06,6852100
2025-04-30,304.61,306.07,303.44,303.77,303.77,8331900
2025-05-01,297.41,297.94,295.32,297.46,297.46,14969100
2025-05-02,300.17,300.85,297.03,297.98,297.98,8678400
2025-05-05,305.92,307.65,304.68,306.88,306.88,8924000
2025-05-06,313.12,315.62,311.4,315.48,315.48,11445300
2025-05-07,312.1,313.26,310.08,310.75,310.75,7888300
2025-05-08,309.76,310.48,303.05,304.63,304.63,11927600
2025-05-09,307.79,308.57,306.01,306.84,306.84,6913100
2025-05-12,298.33,299.47,296.82,298.19,298.19,14375900
2025-05-13,299.02,300.3,297.24,299.46,299.46,10233600
2025-05-14,293.67,294.8,291.96,293.16,293.16,14800600
2025-05-15,294.1,297.9,293.75,297.84,297.84,13497700
2025-05-16,292.62,294.58,291.78,294.24,294.24,14173000
2025-05-19,297.85,298.58,296.48,298.03,298.03,11656300
2025-05-20,298.35,303.68,298.3,303.58,303.58,12851000
2025-05-21,304.55,306.46,303.67,305.82,305.82,12414500
2025-05-22,305.09,305.28,302.1,303.11,303.11,9704200
2025-05-23,308.86,310.25,307.47,309.75,309.75,13339500
2025-05-27,303.81,304.88,302.74,304.5,304.5,9578500
2025-05-28,304.64,304.99,303.06,303.81,303.81,8803300
2025-05-29,305.74,306.89,304.46,305.61,305.61,9502400
2025-05-30,303.64,304.02,301.5,303.6,303.6,9553300
2025-06-02,309.21,311.72,308.72,311.67,311.67,13593200
2025-06-03,309.56,309.56,307.15,308.91,308.91,9315100
2025-06-04,309.41,311.88,308.74,310.9,310.9,7462500
2025-06-05,311.24,312.2,307.65,309.33,309.33,10817800
2025-06-06,309.09,309.2,305.1,305.18,305.18,7787500
2025-06-09,305.39,307.61,305.06,306.62,306.62,7159000
2025-06-10,308.31,308.6,305.87,306.71,306.71,7071700
2025-06-11,307.5,308.62,305.85,308.37,308.37,9248800
2025-06-12,311.74,313.1,311.15,312.2,312.2,11531400
2025-06-13,317.26,317.6,315.04,316.29,316.29,16592900
2025-06-16,314.8,314.87,311.65,311.78,311.78,12848400
2025-06-17,312.66,313.0,310.12,311.94,311.94,8234100
2025-06-18,312.89,312.98,309.86,310.26,310.26,9370800
2025-06-20,309.33,310.89,309.25,310.13,310.13,8794700
2025-06-23,310.34,312.67,310.31,311.08,311.08,12687900
2025-06-24,305.07,306.34,303.54,306.19,306.19,12035200
2025-06-25,305.31,307.36,305.12,307.12,307.12,6733200
2025-06-26,305.77,307.28,304.86,306.78,306.78,6787500
2025-06-27,300.03,302.36,299.89,301.22,301.22,13301300
2025-06-30,302.39,304.92,301.95,304.83,304.83,8192100
2025-07-01,308.56,309.0,307.36,307.55,307.55,9335600
2025-07-02,308.04,309.4,306.96,309.25,309.25,8316400
2025-07-03,307.05,307.57,306.15,307.14,307.14,5275800
2025-07-07,305.07,307.71,304.53,307.37,307.37,7351600
2025-07-08,306.3,306.45,302.77,304.16,304.16,11840500
2025-07-09,303.58,305.54,303.23,305.52,305.52,10644100
2025-07-10,306.11,306.51,304.82,306.2,306.2,7053700
2025-07-11,308.86,310.28,308.52,309.14,309.14,9187300
2025-07-14,309.07,309.38,307.73,308.01,308.01,5772900
2025-07-15,307.73,308.74,305.79,306.73,306.73,8149000
2025-07-16,307.11,311.09,305.73,308.26,308.26,17693100
2025-07-17,305.5,307.67,305.12,307.59,307.59,6642300
2025-07-18,309.24,309.37,308.32,308.39,308.39,5574300
2025-07-21,311.88,313.31,311.61,313.13,313.13,10995800
2025-07-22,314.48,316.24,313.62,316.1,316.1,13691800
2025-07-23,314.0,314.96,311.42,312.18,312.18,10547500
2025-07-24,309.29,310.99,309.06,310.27,310.27,7698800
2025-07-25,307.82,308.31,306.2,307.4,307.4,9376400
2025-07-28,306.44,306.58,304.05,305.41,305.41,9275400
2025-07-29,305.8,307.03,304.99,306.25,306.25,5741100
2025-07-30,304.42,304.65,300.96,300.96,300.96,13459600
2025-07-31,304.59,304.61,302.86,302.96,302.96,8981000
2025-08-01,308.61,309.55,307.45,309.11,309.11,12843400
2025-08-04,310.8,311.74,310.37,310.91,310.91,7639000
2025-08-05,310.37,312.24,310.22,311.16,311.16,6997700
2025-08-06,310.32,311.24,309.84,310.5,310.5,7418200
2025-08-07,311.72,313.14,310.7,313.12,313.12,10891500
2025-08-08,312.35,313.53,311.0,313.05,313.05,19886800
2025-08-11,308.62,309.66,307.63,308.55,308.55,10326700
2025-08-12,308.22,309.31,306.71,308.27,308.27,9697400
2025-08-13,309.1,310.39,308.45,309.21,309.21,4718600
2025-08-14,307.93,308.34,306.52,307.25,307.25,5817700
2025-08-15,307.34,308.0,306.87,307.43,307.43,5990100
2025-08-18,307.79,307.89,306.625,306.95,306.95,6150140
2025-08-19,306.76,307.4788,305.19,305.27,305.27,5029939
2025-08-20,307.54,308.47,307.4,308.36,308.36,6515400
2025-08-21,307.86,308.15,307.03,307.29,307.29,4809000
2025-08-22,306.52,311.02,306.43,310.58,310.58,8526500
2025-08-25,309.67,310.84,309.67,309.83,309.83,4044400
2025-08-26,310.62,312.21,310.31,312.08,312.08,11698500
2025-08-27,311.39,312.91,310.77,312.71,312.71,4320100
2025-08-28,313.32,315.08,313.07,315.03,315.03,9610200
2025-08-29,314.72,318.09,314.64,318.07,318.07,15642600
2025-09-02,320.82,325.92,320.24,325.59,325.59,21247500
2025-09-03,327.76,329.45,326.73,328.14,328.14,16062200
2025-09-04,327.03,327.56,325.35,326.69,326.69,11703100
2025-09-05,329.53,331.44,328.93,331.05,331.05,16065200
2025-09-08,333.66,335.67,333.23,334.82,334.82,18617300
2025-09-09,337.03,338.31,333.85,334.06,334.06,21641900
2025-09-10,335.73,336.5,326.19,335.26,335.26,11945700
2025-09-11,333.37,335.16,332.97,334.76,334.76,9082600
2025-09-12,335.88,336.39,335.23,335.42,335.42,9613500
2025-09-15,336.31,339.28,336.23,338.91,338.91,10569900
2025-09-16,340.09,340.88,338.62,339.59,339.59,12161500
2025-09-17,338.53,341.24,335.52,336.97,336.97,16535300
2025-09-18,336.22,336.32,333.81,335.62,335.62,14913300
2025-09-19,336.51,339.23,336.31,339.18,339.18,14982600
2025-09-22,342.75,345.07,341.84,345.05,345.05,12386400
2025-09-23,348.23,348.75,345.32,346.46,346.46,18384000
2025-09-24,346.7,346.83,342.14,343.32,343.32,12709100
2025-09-25,344.39,345.83,342.47,344.75,344.75,12639600
2025-09-26,345.83,348.25,345.31,346.74,346.74,11698200
2025-09-29,351.79,352.83,351.28,352.46,352.46,15719600
2025-09-30,351.13,355.57,350.87,355.47,355.47,13312400
2025-10-01,356.17,356.97,354.79,356.03,356.03,15573600
2025-10-02,358.26,358.67,351.4,354.79,354.79,16162100
2025-10-03,357.12,358.14,355.8,357.64,357.64,14464000
2025-10-06,362.16,365.3,361.37,364.38,364.38,17093700
2025-10-07,366.51,367.27,364.55,366.26,366.26,16836800
2025-10-08,371.65,373.57,370.5,372.3,372.3,28052300
2025-10-09,373.14,373.22,362.83,365.43,365.43,33674800
2025-10-10,367.54,370.31,365.44,369.12,369.12,24192800
2025-10-13,376.5,378.86,375.58,378.09,378.09,18514400
2025-10-14,378.21,382.38,377.9,380.79,380.79,18409600
2025-10-15,385.93,387.76,384.59,387.39,387.39,20598300
2025-10-16,391.15,396.87,390.4,396.45,396.45,33621400
2025-10-17,397.14,397.28,385.22,388.99,388.99,62025000
2025-10-20,397.45,403.3,394.2,403.15,403.15,34523000
2025-10-21,386.54,388.89,375.65,377.24,377.24,54101400
2025-10-22,372.75,378.47,368.93,377.28,377.28,30524100
2025-10-23,381.46,382.25,378.65,378.79,378.79,13695500
2025-10-24,378.51,380.77,376.81,377.52,377.52,13263800
2025-10-27,371.13,371.59,365.34,367.01,367.01,23657600
2025-10-28,361.81,365.3,360.12,364.38,364.38,19257600
2025-10-29,369.65,370.08,361.36,363.0,363.0,18891800
2025-10-30,365.09,370.36,364.5,370.13,370.13,14812800
2025-10-31,370.47,370.66,365.5,368.12,368.12,11077900
2025-11-03,368.91,370.84,367.54,368.78,368.78,7254300
2025-11-04,363.48,365.74,361.39,362.32,362.32,11540100
2025-11-05,366.39,367.1,364.65,366.51,366.51,8357300
2025-11-06,367.16,368.18,364.7,366.07,366.07,6891100
2025-11-07,367.94,370.42,366.42,368.31,368.31,11060400
2025-11-10,375.93,378.66,374.78,378.38,378.38,13456200
2025-11-11,379.98,380.4,376.87,379.87,379.87,10753200
2025-11-12,380.07,387.46,379.44,385.99,385.99,16203700
2025-11-13,387.29,388.18,381.21,382.87,382.87,15867900
2025-11-14,372.87,378.2,370.89,375.96,375.96,15198000
2025-11-17,374.04,375.46,368.52,371.65,371.65,13295200
2025-11-18,374.83,375.54,371.62,374.35,374.35,7818800
2025-11-19,377.78,380.17,373.03,374.96,374.96,10980400
2025-11-20,375.29,377.69,371.85,374.85,374.85,10506500
2025-11-21,374.03,377.23,372.94,374.27,374.27,13194600
2025-11-24,374.88,380.28,374.19,380.2,380.2,10085300
2025-11-25,380.26,382.52,378.06,380.08,380.08,10462800
2025-11-26,381.06,383.78,380.46,383.12,383.12,9184100
2025-11-28,385.98,388.0,384.99,387.88,387.88,7175400
2025-12-01,390.61,390.7,388.06,389.75,389.75,11177100
2025-12-02,388.87,388.98,382.91,387.24,387.24,8103900
2025-12-03,388.46,390.13,385.83,386.88,386.88,7886800
2025-12-04,386.92,388.0,385.4,387.13,387.13,6754400
2025-12-05,389.12,391.74,386.18,386.44,386.44,9449800
2025-12-08,387.02,387.24,384.01,385.42,385.42,6822100
2025-12-09,385.62,388.21,385.27,387.4,387.4,6358700
2025-12-10,385.95,389.76,384.5,389.05,389.05,9120500
2025-12-11,389.02,394.09,388.5,393.24,393.24,11240600
2025-12-12,399.16,400.39,391.47,395.44,395.44,16792100
2025-12-15,397.76,398.71,394.07,395.8,395.8,11345000
2025-12-16,397.75,398.71,394.59,395.89,395.89,9201600
2025-12-17,398.08,399.98,397.25,399.29,399.29,10456900
2025-12-18,398.28,402.21,396.05,398.57,398.57,11837600
2025-12-19,397.92,400.63,397.17,399.02,399.02,9894800
2025-12-22,406.98,408.52,405.72,408.23,408.23,14202100
2025-12-23,410.3,413.76,407.1,413.64,413.64,13193300
2025-12-24,412.25,412.63,408.83,411.93,411.93,6718400
2025-12-26,416.48,418.45,414.75,416.74,416.74,10476200
2025-12-29,403.66,403.76,395.33,398.6,398.6,20679200
2025-12-30,403.6,403.8,398.56,398.89,398.89,10179000
2025-12-31,398.6,400.13,395.59,396.31,396.31,10194700
2026-01-02,401.62,401.82,396.25,398.28,398.28,10372600
2026-01-05,406.39,409.72,406.15,408.76,408.76,13410640
2026-01-06,410.67,413.48,410.31,413.18,413.18,11640910
2026-01-07,408.63,410.81,406.65,409.23,409.23,10589500
2026-01-08,406.97,411.64,406.4,411.49,411.49,8705900
2026-01-09,413.22,415.29,411.8,414.47,414.47,14011200
2026-01-12,421.52,425.74,421.52,422.23,422.23,20904100
2026-01-13,424.59,426.12,420.07,421.63,421.63,16681200
2026-01-14,426.03,426.86,422.84,425.94,425.94,18305500
2026-01-15,423.02,425.06,422.79,423.33,423.33,14253200
2026-01-16,422.8,424.8,417.04,421.29,421.29,20951600
2026-01-20,436.69,438.14,434.1,437.23,437.23,21308100
2026-01-21,446.87,448.0,437.11,443.6,443.6,38830200
2026-01-22,443.84,452.98,443.56,451.79,451.79,19251200
2026-01-23,454.11,458.75,453.45,458.0,458.0,21531900
2026-01-26,466.78,469.28,460.36,464.7,464.7,34156000
2026-01-27,465.07,476.49,463.95,476.1,476.1,28386200
2026-01-28,483.39,495.88,481.25,494.56,494.56,44154600
2026-01-29,509.51,509.7,468.51,495.9,495.9,69970900
2026-01-30,466.25,470.06,430.8,444.95,444.95,86593500
2026-02-02,434.01,440.78,422.55,427.13,427.13,41626200
2026-02-03,452.63,459.0,448.31,454.29,454.29,28703500
2026-02-04,462.47,463.1,445.71,453.97,453.97,24427900
2026-02-05,444.29,450.9,440.35,441.88,441.88,17718100
2026-02-06,450.73,456.93,450.03,455.46,455.46,12663900
2026-02-09,461.39,467.56,460.85,467.03,467.03,12330900
2026-02-10,465.96,466.75,459.52,462.4,462.4,7861600
2026-02-11,466.0,468.61,462.82,467.63,467.63,11209600
2026-02-12,464.9,466.38,448.06,451.39,451.39,20488800
2026-02-13,459.73,463.84,456.25,462.62,462.62,12359300
2026-02-17,450.26,451.37,445.53,448.2,448.2,10976100
2026-02-18,455.81,460.51,455.32,458.28,458.28,10226300
2026-02-19,457.34,461.51,456.03,459.56,459.56,8411400
2026-02-20,463.25,468.62,458.34,468.62,468.62,14316300
2026-02-23,474.65,481.46,474.61,481.28,481.28,17441600
2026-02-24,470.09,475.44,469.55,474.61,474.61,14147100
2026-02-25,475.74,479.53,472.9,473.42,473.42,12954300
2026-02-26,474.95,477.83,442.04,477.48,477.48,12375000
2026-02-27,480.75,483.9,479.11,483.75,483.75,16795100
2026-03-02,490.1,492.15,483.28,490.0,490.0,19916600
2026-03-03,472.83,473.2,458.93,468.14,468.14,22591500
2026-03-04,474.82,476.42,469.39,471.8,471.8,9985900
2026-03-05,470.45,470.67,463.91,466.13,466.13,11674800
2026-03-06,469.04,475.46,467.07,473.51,473.51,10489800
2026-03-09,468.09,472.68,464.79,472.53,472.53,8829848
2026-03-10,479.74,481.31,474.21,477.86,477.86,9616837
2026-03-11,476.13,477.45,473.13,476.24,476.24,7522900
2026-03-12,475.02,475.02,466.6,466.88,466.88,11900600
2026-03-13,469.31,470.1,460.22,460.84,460.84,11741600
2026-03-16,461.27,462.8,456.91,460.43,460.43,8964100
2026-03-17,460.51,462.21,456.87,459.27,459.27,7610100
2026-03-18,446.66,450.06,444.39,444.74,444.74,18375600
2026-03-19,420.36,428.27,416.8,426.41,426.41,30206000
2026-03-20,428.09,428.59,411.23,413.38,413.38,27204900
2026-03-23,405.12,414.54,399.64,404.04,404.04,36796800
2026-03-24,400.24,407.29,399.2,404.13,404.13,17478500
2026-03-25,419.71,420.66,412.25,416.29,416.29,15713200
2026-03-26,408.53,411.37,400.26,400.64,400.64,15756300
2026-03-27,406.2,418.4,405.41,414.7,414.7,16580700
2026-03-30,419.54,420.1,412.66,414.58,414.58,13172100
2026-03-31,420.08,430.57,419.59,430.29,430.29,14534300
2026-04-01,435.0,440.19,433.76,437.82,437.82,14133100
2026-04-02,422.29,431.67,421.17,429.41,429.41,10838600
2026-04-06,428.87,431.49,426.71,427.65,427.65,5417300
2026-04-07,427.9,433.43,423.1,431.81,431.81,7263500
2026-04-08,439.98,440.44,431.31,434.53,434.53,9689700
2026-04-09,436.47,440.91,435.87,437.91,437.91,6748500
2026-04-10,438.59,440.35,436.0,437.13,437.13,6193300
2026-04-13,434.78,436.22,431.63,435.36,435.36,5549400
2026-04-14,439.32,445.18,439.02,445.09,445.09,8731700
2026-04-15,442.88,443.74,439.6,440.46,440.46,6455900
2026-04-16,442.15,442.98,438.18,440.08,440.08,5350100
2026-04-17,445.65,448.7,445.32,445.93,445.93,9712000
2026-04-20,443.13,443.42,440.05,442.09,442.09,8473000
2026-04-21,438.55,440.25,428.71,429.57,429.57,9480000
2026-04-22,436.27,437.17,433.78,435.26,435.26,5178100
2026-04-23,433.96,435.29,428.22,431.04,431.04,4976400
2026-04-24,431.34,435.28,430.65,433.25,433.25,5924100
2026-04-27,431.66,431.8,428.52,429.89,429.89,6105200
2026-04-28,420.72,422.52,418.4,421.91,421.91,7723400
2026-04-29,416.74,419.17,414.16,417.41,417.41,6452600
2026-04-30,425.34,425.46,422.74,423.66,423.66,6732800
2026-05-01,421.41,427.93,421.08,423.18,423.18,5911500
2026-05-04,418.84,420.86,413.28,414.71,414.71,7285700
2026-05-05,420.15,421.16,417.91,418.27,418.27,4279900
2026-05-06,430.15,433.19,429.6,430.96,430.96,7013900
2026-05-07,435.61,437.42,430.25,431.68,431.68,6816200
2026-05-08,434.05,436.2,431.7,433.77,433.77,5380800
2026-05-11,434.18,436.04,432.21,434.65,434.65,5569100
2026-05-12,430.7,432.98,425.85,432.93,432.93,6660900
2026-05-13,430.52,432.49,428.75,430.5,430.5,4180300
2026-05-14,430.3,431.54,427.1,427.21,427.21,4021400
2026-05-15,417.64,419.25,414.12,417.29,417.29,9360400
2026-05-18,419.82,420.93,416.06,418.43,418.43,5628300
2026-05-19,412.45,414.47,409.88,411.5,411.5,5419400
2026-05-20,412.14,417.99,410.08,417.4,417.4,6005000
2026-05-21,413.14,418.42,411.95,416.99,416.99,4679900
2026-05-22,415.17,415.68,412.0,413.82,413.82,5528400
2026-05-26,415.16,415.98,411.5,414.0,414.0,5098400
2026-05-27,404.34,409.25,404.3,408.49,408.49,6624600
2026-05-28,406.48,414.51,405.41,412.77,412.77,7184100
2026-05-29,415.62,421.82,415.08,417.12,417.12,7705700
2026-06-01,409.86,412.61,408.24,411.26,411.26,6158900
2026-06-02,414.08,414.4,411.1,411.95,411.95,3823900
2026-06-03,408.38,409.38,406.23,407.87,407.87,5038000
2026-06-04,413.37,414.37,409.01,411.27,411.27,4646500
2026-06-05,404.38,404.72,395.92,396.24,396.24,11473900
2026-06-08,397.52,398.98,396.03,397.27,397.27,8057300
2026-06-09,397.57,400.48,388.75,390.78,390.78,9567300
2026-06-10,380.75,384.21,374.55,374.58,374.58,13956200
2026-06-11,373.96,387.21,371.88,386.32,386.32,12622500
2026-06-12,385.73,388.77,383.35,386.54,386.54,7532600
2026-06-15,399.49,401.0,396.15,396.55,396.55,10477100
2026-06-16,397.83,398.96,395.82,397.63,397.63,6004000
2026-06-17,397.82,402.04,387.08,388.6,388.6,13343000
2026-06-18,391.24,392.5,385.6,387.12,387.12,7627300
2026-06-22,384.25,386.41,382.64,384.59,384.59,7835100
2026-06-23,377.72,380.35,377.17,377.32,377.32,7389600
2026-06-24,364.81,370.9,363.32,365.92,365.92,12741700
2026-06-25,368.99,371.04,366.8,369.46,369.46,9137100
2026-06-26,372.27,375.85,371.18,373.63,373.63,5603300
2026-06-29,370.58,371.19,366.97,368.58,368.58,5006300
2026-06-30,369.22,372.83,368.26,368.38,368.38,5302100
2026-07-01,371.21,377.78,370.21,370.6,370.6,9058300
2026-07-02,377.44,380.27,376.29,378.13,378.13,7592900
2026-07-06,380.21,382.43,378.83,382.13,382.13,3906500
2026-07-07,382.39,383.6,375.52,377.49,377.49,4815400
2026-07-08,373.17,375.47,368.95,374.45,374.45,7728500
2026-07-09,378.51,379.65,377.41,378.18,378.18,4754600
2026-07-10,375.0,377.55,373.7,377.01,377.01,5455400
2026-07-13,372.77,372.89,365.77,367.13,367.13,7161700
2026-07-14,374.53,376.28,370.92,372.15,372.15,6303400
2026-07-15,372.11,374.49,369.5,372.35,372.35,7683700
2026-07-16,367.45,368.43,364.05,364.96,364.96,9048000
2026-07-17,364.11,369.21,363.6,368.41,368.41,6456600
2026-07-20,367.79,368.79,366.8,367.6,367.6,3922500
2026-07-21,371.7,375.01,371.07,374.81,374.81,6070600
2026-07-22,379.07,382.22,378.83,379.12,379.12,7115100
2026-07-23,372.36,373.09,370.53,371.52,371.52,9820600
2026-07-24,371.26,374.49,371.03,371.9,371.9,3852400
2026-07-27,373.89,375.53,372.91,374.63,374.63,3700000
2026-07-28,369.61,371.23,367.98,369.37,369.37,4819300
2026-07-29,368.29,377.62,366.53,371.08,371.08,11839900
2026-07-30,374.16,377.86,373.76,377.16,377.16,5968400
2026-07-31,370.84,372.01,368.82,371.54,371.54,6825900
2026-08-03,370.1,372.04,368.64,371.71,371.71,4968900
2026-08-04,374.14,376.69,373.71,374.16,374.16,5723100
2026-08-05,384.96,391.51,384.32,389.64,389.64,14758700
2026-08-06,389.5,392.12,387.27,389.67,389.67,10954300
2026-08-07,399.6,400.66,396.95,398.47,398.47,13324500
2026-08-10,397.71,403.24,395.93,402.54,402.54,11057000
2026-08-11,403.44,404.03,399.89,400.96,400.96,7439100
2026-08-12,405.31,407.36,403.22,404.92,404.92,10383100
2026-08-13,402.17,402.58,398.28,398.96,398.96,8695200
2026-08-14,402.18,403.33,400.94,401.48,401.48,6749800
2026-08-17,402.34,406.23,402.18,405.49,405.49,9604100
2026-08-18,402.55,404.32,397.87,398.55,398.55,10660900
2026-08-19,408.81,414.0,407.47,413.84,413.84,17480700
2026-08-20,410.08,416.45,409.82,415.26,415.26,13900900
2026-08-21,420.53,424.89,419.42,423.36,423.36,14529000
2026-08-24,428.55,429.42,424.2,426.69,426.69,18942971
2026-08-25,422.775,428.1399,422.33,428.07,428.07,12450560
2026-08-26,423.0,424.95,420.31,421.32,421.32,9816500
2026-08-27,420.82,423.35,418.43,422.6,422.6,7089000
2026-08-28,422.24,424.79,407.62,408.89,408.89,25044400
2026-08-31,407.76,408.8,404.9,408.42,408.42,9490000
2026-09-01,398.29,401.25,396.45,396.75,396.75,13143000
2026-09-02,399.71,403.33,399.58,402.78,402.78,13714100
2026-09-03,410.71,413.54,408.54,410.22,410.22,12509500
2026-09-04,404.66,408.0,403.96,406.77,406.77,9813200
2026-09-08,403.56,404.28,399.48,399.72,399.72,8992200
2026-09-09,406.11,406.56,401.18,403.35,403.35,8188400
2026-09-10,399.53,401.15,395.45,396.36,396.36,10202900
2026-09-11,402.53,403.65,398.14,398.77,398.77,10963000
2026-09-14,391.89,395.9,390.96,392.84,392.84,7435100
2026-09-15,393.11,395.31,391.81,394.15,394.15,6705500
2026-09-16,398.91,400.6,388.39,391.74,391.74,15773200
2026-09-17,400.28,401.44,398.04,398.36,398.36,7746100
2026-09-18,400.48,403.15,398.13,401.17,401.17,9505900
