date,open,high,low,close,adjusted_close,volume
1990-01-02,87.2512,88.7488,86.128,88.7488,0.3742,53035200
1990-01-03,89.4976,90.2464,88.5024,89.2512,0.3763,113774400
1990-01-04,89.2512,92.0032,88.7488,91.872,0.3873,125740800
1990-01-05,91.4976,92.0032,89.4976,89.6256,0.3779,69566400
1990-01-08,89.4976,90.9952,88.5024,90.9952,0.3836,58982400
1990-01-09,90.9952,92.0032,90.2464,90.7488,0.3826,70300800
1990-01-10,90.0,91.2544,88.128,88.2432,0.3721,103766400
1990-01-11,88.7488,89.4976,85.0048,86.5024,0.3647,95774400
1990-01-12,85.12,87.2512,83.9968,86.128,0.3631,148910400
1990-01-15,85.7536,87.0048,85.248,86.128,0.3631,62467200
1990-01-16,85.5072,89.2512,84.4992,88.7488,0.3742,80092800
1990-01-17,88.0,90.5056,87.0048,87.4944,0.3689,97588800
1990-01-18,89.6256,94.9984,89.4976,94.9984,0.4005,292363200
1990-01-19,95.2576,96.0064,93.5008,94.1184,0.3968,99259200
1990-01-22,94.0032,94.0032,90.5056,90.7488,0.3826,167688000
1990-01-23,90.9952,91.2544,89.2512,89.7568,0.3784,139348800
1990-01-24,88.0,90.7488,87.12,90.7488,0.3826,180345600
1990-01-25,91.4976,92.5056,90.5056,90.7488,0.3826,112752000
1990-01-26,90.5056,91.2544,90.0,90.7488,0.3826,68083200
1990-01-29,91.4976,92.2464,90.2464,91.4976,0.3858,55080000
1990-01-30,91.7568,92.5056,90.0,91.2544,0.3847,73108800
1990-01-31,92.0032,92.5056,91.2544,92.5056,0.39,112939200
1990-02-01,92.5056,94.2496,92.5056,93.744,0.3952,89193600
1990-02-02,92.9952,95.5008,92.9952,93.744,0.3952,71395200
1990-02-05,93.6288,94.2496,93.2544,94.2496,0.3974,59731200
1990-02-06,94.0032,94.2496,92.2464,94.0032,0.3963,81964800
1990-02-07,93.5008,94.752,92.9952,93.2544,0.3932,134150400
1990-02-08,93.6288,94.9984,93.2544,94.2496,0.3974,95227200
1990-02-09,94.2496,94.752,94.0032,94.5088,0.3985,62380800
1990-02-12,94.5088,95.5008,94.0032,94.752,0.3995,56088000
1990-02-13,94.9984,95.2576,94.5088,94.752,0.3995,58752000
1990-02-14,95.2576,95.2576,94.5088,94.9984,0.4005,35870400
1990-02-15,94.9984,98.0064,94.9984,96.9984,0.409,89496000
1990-02-16,98.2528,98.7552,97.7472,98.0064,0.4132,70876800
1990-02-20,97.7472,100.4992,96.9984,100.2528,0.4227,132652800
1990-02-21,98.7552,99.9936,95.7472,96.1216,0.4053,103348800
1990-02-22,96.7552,98.2528,96.2496,96.3808,0.4064,60811200
1990-02-23,95.7472,97.7472,95.5008,97.504,0.4111,56851200
1990-02-26,97.504,99.9936,97.2448,99.2448,0.4184,69220800
1990-02-27,99.504,99.504,98.0064,98.0064,0.4132,62020800
1990-02-28,98.0064,99.7504,98.0064,98.7552,0.4164,39312000
1990-03-01,98.496,101.7504,98.496,99.9936,0.4216,76867200
1990-03-02,100.2528,104.3712,100.1248,103.7536,0.4374,100209600
1990-03-05,103.5072,105.7536,102.256,105.2512,0.4438,75528000
1990-03-06,104.7456,105.0048,102.4992,104.5024,0.4406,68630400
1990-03-07,104.7456,105.4944,102.7456,102.7456,0.4332,47606400
1990-03-08,103.0048,107.2512,101.7504,106.2432,0.4479,88977600
1990-03-09,106.0,108.0,105.2512,106.5024,0.449,75744000
1990-03-12,106.2432,108.7488,106.0,108.2464,0.4564,68875200
1990-03-13,108.5056,108.9952,106.2432,106.2432,0.4479,85204800
1990-03-14,107.2512,108.7488,106.0,107.872,0.4548,130968000
1990-03-15,107.872,111.744,107.7568,110.9952,0.468,81676800
1990-03-16,112.0032,115.2448,111.744,114.0064,0.4807,118900800
1990-03-19,113.7472,117.0016,112.9984,116.496,0.4912,81172800
1990-03-20,116.496,116.7552,112.5088,112.9984,0.4764,92145600
1990-03-21,112.8832,115.504,112.2496,113.2576,0.4775,69840000
1990-03-22,113.5008,113.7472,110.2464,111.2544,0.4691,92419200
1990-03-23,112.0032,113.2576,108.9952,110.2464,0.4648,53596800
1990-03-26,110.5056,112.5088,110.3776,111.5008,0.4701,55929600
1990-03-27,111.1264,112.9984,110.752,112.5088,0.4744,52516800
1990-03-28,112.2496,112.2496,108.5056,110.9952,0.468,99532800
1990-03-29,110.3776,112.752,110.0032,110.5056,0.4659,64785600
1990-03-30,110.0032,110.9952,109.2544,110.752,0.4669,36691200
1990-04-02,109.7568,112.3776,109.2544,111.5008,0.4701,74059200
1990-04-03,112.752,116.2528,112.5088,116.0064,0.4891,84643200
1990-04-04,116.0064,118.7584,115.504,117.0016,0.4933,79646400
1990-04-05,116.8704,117.1296,114.496,114.496,0.4827,66369600
1990-04-06,114.7552,115.2448,113.2576,114.2496,0.4817,72878400
1990-04-09,113.7472,115.2448,113.7472,114.496,0.4827,31176000
1990-04-10,114.624,117.9936,114.496,117.9936,0.4975,45187200
1990-04-11,118.4992,121.0048,118.2528,121.0048,0.5102,70372800
1990-04-12,121.7536,121.9968,119.9968,120.7456,0.5091,48254400
1990-04-16,60.9984,61.7472,60.1312,60.7552,0.5123,39470400
1990-04-17,60.624,63.0016,59.7568,62.0032,0.5228,66780000
1990-04-18,61.6288,61.7472,58.752,60.624,0.5112,97797600
1990-04-19,60.0,61.2544,59.2512,59.5008,0.5017,58003200
1990-04-20,60.0,60.5056,58.752,59.2512,0.4996,44661600
1990-04-23,58.8768,59.5008,57.2512,58.9984,0.4975,64879200
1990-04-24,59.7568,59.7568,56.5024,58.0032,0.4891,47916000
1990-04-25,58.2496,58.752,57.0048,58.0032,0.4891,53870400
1990-04-26,58.5024,58.752,57.2512,57.3792,0.4838,46296000
1990-04-27,57.1264,57.2512,55.6288,56.256,0.4744,57124800
1990-04-30,56.256,58.0032,55.7536,58.0032,0.4891,51451200
1990-05-01,58.752,58.752,56.752,57.1264,0.4817,52473600
1990-05-02,57.2512,58.5024,57.2512,58.2496,0.4912,33264000
1990-05-03,58.5024,59.7568,58.2496,58.9984,0.4975,45892800
1990-05-04,59.5008,61.7472,58.9984,61.7472,0.5207,47815200
1990-05-07,62.0032,66.0064,61.504,64.0032,0.5397,97351200
1990-05-08,62.752,63.5008,62.2528,62.752,0.5291,50824800
1990-05-09,62.88,63.2544,62.0032,62.752,0.5291,35164800
1990-05-10,63.2544,65.0016,62.752,64.4992,0.5439,48801600
1990-05-11,65.0016,66.0064,63.2544,65.5008,0.5523,49168800
1990-05-14,66.2496,66.4992,65.5008,65.7504,0.5544,47232000
1990-05-15,65.5008,65.7504,64.2528,64.752,0.546,54122400
1990-05-16,64.4992,64.752,63.5008,64.752,0.546,38556000
1990-05-17,64.752,65.2576,64.2528,64.752,0.546,41731200
1990-05-18,64.6272,69.2512,64.4992,68.2528,0.5755,101822400
1990-05-21,68.7552,72.256,68.7552,70.2528,0.5924,159595200
1990-05-22,71.0016,72.256,69.0016,71.5072,0.6029,142437600
1990-05-23,72.0,76.0032,71.8816,75.8752,0.6398,141184800
1990-05-24,76.752,78.7552,76.0032,76.5024,0.6451,146649600
1990-05-25,74.256,76.2496,74.0032,74.256,0.6261,104688000
1990-05-29,74.256,75.5008,74.0032,75.2512,0.6345,61480800
1990-05-30,76.128,76.5024,74.752,75.5008,0.6366,65073600
1990-05-31,74.752,75.5008,72.4992,73.0048,0.6156,69436800
1990-06-01,73.2544,75.2512,73.0048,75.1264,0.6335,69069600
1990-06-04,74.8768,77.2512,74.0032,76.5024,0.6451,59162400
1990-06-05,77.2512,77.5008,72.7488,73.3792,0.6187,80258400
1990-06-06,73.2544,74.5024,72.4992,73.0048,0.6156,86292000
1990-06-07,73.2544,73.7536,71.0016,72.0,0.6071,90122400
1990-06-08,72.0,73.7536,71.5072,73.4976,0.6198,63770400
1990-06-11,73.0048,75.5008,73.0048,74.8768,0.6314,58240800
1990-06-12,75.5008,76.0032,74.5024,75.8752,0.6398,46656000
1990-06-13,75.8752,77.7568,75.1264,76.5024,0.6451,80265600
1990-06-14,76.5024,76.752,74.256,75.5008,0.6366,58204800
1990-06-15,74.5024,76.9984,74.5024,76.0032,0.6409,51552000
1990-06-18,75.7536,76.2496,74.5024,74.8768,0.6314,52790400
1990-06-19,74.752,75.5008,73.7536,75.0048,0.6324,41716800
1990-06-20,75.3792,77.7568,75.0048,77.6256,0.6545,39564000
1990-06-21,77.5008,77.7568,76.0032,76.9984,0.6493,34308000
1990-06-22,77.2512,77.7568,75.5008,75.7536,0.6388,34034400
1990-06-25,75.6256,76.5024,74.256,74.5024,0.6282,68983200
1990-06-26,75.2512,75.6256,74.5024,74.752,0.6303,50198400
1990-06-27,74.752,76.5024,74.5024,76.2496,0.643,35762400
1990-06-28,76.624,77.2512,76.128,76.5024,0.6451,30052800
1990-06-29,76.5024,76.5024,75.2512,76.0032,0.6409,34956000
1990-07-02,76.0032,76.0032,73.6288,73.7536,0.6219,35474400
1990-07-03,73.3792,73.4976,71.5072,72.0,0.6071,79257600
1990-07-05,71.5072,72.4992,70.7488,72.256,0.6093,61855200
1990-07-06,72.1248,74.0032,71.7504,73.2544,0.6177,41803200
1990-07-09,73.4976,74.752,73.2544,74.256,0.6261,37317600
1990-07-10,74.256,75.0048,73.4976,73.7536,0.6219,29700000
1990-07-11,74.0032,75.7536,73.2544,75.5008,0.6366,28922400
1990-07-12,75.2512,77.7568,75.2512,77.5008,0.6535,89042400
1990-07-13,77.7568,80.5056,77.5008,78.3744,0.6609,93628800
1990-07-16,78.7552,80.752,78.5056,79.2544,0.6683,48729600
1990-07-17,79.3728,79.504,76.9984,77.7568,0.6556,54475200
1990-07-18,77.2512,77.7568,75.5008,76.0032,0.6409,41853600
1990-07-19,75.3792,76.752,73.7536,76.752,0.6472,63136800
1990-07-20,76.9984,78.2496,73.0048,73.2544,0.6177,87724800
1990-07-23,73.2544,74.0032,71.2512,72.0,0.6071,74203200
1990-07-24,72.4992,72.4992,66.7552,69.504,0.5861,137102400
1990-07-25,70.0,71.7504,68.7552,71.5072,0.6029,60148800
1990-07-26,71.2512,74.0032,66.0064,68.7552,0.5797,303321600
1990-07-27,68.5024,70.0,67.7536,69.0016,0.5818,51019200
1990-07-30,68.5024,69.0016,65.7504,67.9968,0.5734,87955200
1990-07-31,68.2528,68.6272,66.0064,66.4992,0.5607,42307200
1990-08-01,66.2496,67.248,63.7504,66.7552,0.5629,111117600
1990-08-02,65.5008,66.7552,64.2528,66.0064,0.5566,91771200
1990-08-03,65.5008,65.7504,60.3744,63.2544,0.5334,117180000
1990-08-06,61.504,62.0032,58.5024,60.5056,0.5102,113184000
1990-08-07,61.2544,62.2528,60.0,61.2544,0.5165,91065600
1990-08-08,62.5056,64.0032,62.0032,63.5008,0.5354,86263200
1990-08-09,64.0032,65.7504,63.2544,65.1264,0.5492,77054400
1990-08-10,65.1264,65.7504,62.752,64.4992,0.5439,73188000
1990-08-13,63.7504,65.5008,63.2544,65.0016,0.5481,53942400
1990-08-14,65.2576,65.8752,63.7504,64.2528,0.5418,33710400
1990-08-15,64.752,65.7504,64.2528,64.2528,0.5418,51408000
1990-08-16,64.0032,64.4992,61.7472,61.7472,0.5207,53330400
1990-08-17,60.9984,61.7472,60.0,60.2496,0.508,95227200
1990-08-20,60.2496,60.5056,55.4976,55.4976,0.468,113601600
1990-08-21,54.256,54.7488,50.7552,54.256,0.4575,165650400
1990-08-22,55.0048,55.4976,53.376,53.7504,0.4532,79236000
1990-08-23,52.5024,53.7504,51.0016,51.7536,0.4364,107445600
1990-08-24,52.2528,57.7536,52.2528,57.2512,0.4827,95443200
1990-08-27,58.9984,61.2544,58.9984,60.7552,0.5123,110116800
1990-08-28,60.2496,63.2544,60.0,62.88,0.5302,79826400
1990-08-29,62.5056,63.7504,60.0,60.5056,0.5102,77954400
1990-08-30,60.7552,62.3776,60.0,60.0,0.5059,65383200
1990-08-31,60.0,62.0032,59.2512,61.504,0.5186,40737600
1990-09-04,60.9984,62.5056,60.7552,62.2528,0.5249,47376000
1990-09-05,62.5056,63.0016,58.5024,58.9984,0.4975,54676800
1990-09-06,58.0032,58.5024,56.256,57.5008,0.4849,115617600
1990-09-07,57.0048,58.9984,56.5024,57.7536,0.487,53704800
1990-09-10,58.752,60.0,55.7536,55.7536,0.4701,74246400
1990-09-11,56.0032,56.5024,54.4992,55.4976,0.468,78868800
1990-09-12,56.256,57.7536,55.7536,57.3792,0.4838,75016800
1990-09-13,58.0032,58.5024,57.0048,57.5008,0.4849,49867200
1990-09-14,57.0048,60.2496,56.3776,59.7568,0.5039,67672800
1990-09-17,59.5008,61.7472,59.2512,60.7552,0.5123,70394400
1990-09-18,60.624,62.3776,59.7568,61.7472,0.5207,60638400
1990-09-19,63.0016,63.2544,61.7472,62.0032,0.5228,52696800
1990-09-20,61.504,62.0032,59.7568,59.7568,0.5039,52444800
1990-09-21,59.7568,60.7552,58.5024,60.5056,0.5102,79891200
1990-09-24,59.5008,60.0,57.5008,58.5024,0.4933,81439200
1990-09-25,59.6256,60.5056,58.752,60.3744,0.5091,53308800
1990-09-26,60.5056,60.7552,59.5008,60.2496,0.508,39268800
1990-09-27,60.9984,61.504,58.2496,59.2512,0.4996,65728800
1990-09-28,58.2496,63.5008,58.0032,63.0016,0.5312,97984800
1990-10-01,64.752,67.504,64.4992,67.1296,0.566,131623200
1990-10-02,68.2528,68.5024,65.5008,65.8752,0.5555,83469600
1990-10-03,65.5008,67.3792,65.2576,65.7504,0.5544,57600000
1990-10-04,65.2576,65.7504,64.0032,64.1248,0.5407,69292800
1990-10-05,63.0016,65.7504,62.2528,64.752,0.546,82101600
1990-10-08,66.0064,66.4992,64.4992,66.0064,0.5566,38678400
1990-10-09,65.2576,66.0064,62.5056,63.0016,0.5312,66376800
1990-10-10,62.0032,62.2528,58.9984,59.5008,0.5017,115596000
1990-10-11,59.7568,60.2496,57.0048,58.0032,0.4891,83815200
1990-10-12,58.5024,58.752,54.0,57.0048,0.4807,109252800
1990-10-15,57.7536,58.0032,55.4976,56.5024,0.4764,130334400
1990-10-16,56.752,57.6256,54.0,54.6304,0.4606,300888000
1990-10-17,54.7488,56.752,53.5072,56.5024,0.4764,135820800
1990-10-18,57.0048,61.504,56.752,61.1296,0.5155,123739200
1990-10-19,62.0032,63.2544,60.5056,62.0032,0.5228,170337600
1990-10-22,62.0032,64.752,61.7472,64.0032,0.5397,80294400
1990-10-23,63.7504,65.7504,63.2544,64.2528,0.5418,71884800
1990-10-24,63.5008,65.5008,63.2544,65.376,0.5513,54734400
1990-10-25,65.5008,66.2496,64.0032,64.752,0.546,51501600
1990-10-26,63.7504,64.4992,63.2544,63.376,0.5344,59126400
1990-10-29,63.7504,64.2528,62.0032,62.5056,0.5271,67881600
1990-10-30,62.5056,64.2528,62.0032,63.8784,0.5386,52567200
1990-10-31,64.4992,65.2576,63.7504,63.7504,0.5376,61200000
1990-11-01,63.0016,64.2528,62.752,63.5008,0.5354,49442400
1990-11-02,63.5008,65.7504,63.2544,65.0016,0.5481,74764800
1990-11-05,65.2576,66.0064,64.752,65.632,0.5534,50702400
1990-11-06,65.7504,66.4992,63.5008,64.2528,0.5418,59212800
1990-11-07,63.7504,64.752,63.5008,63.7504,0.5376,63100800
1990-11-08,63.5008,64.752,63.0016,63.5008,0.5354,43466400
1990-11-09,64.752,65.5008,64.4992,64.752,0.546,43344000
1990-11-12,66.0064,69.2512,66.0064,68.8768,0.5808,87660000
1990-11-13,68.7552,69.504,67.7536,68.6272,0.5787,67658400
1990-11-14,68.5024,70.0,68.2528,69.504,0.5861,59724000
1990-11-15,69.0016,69.2512,67.248,67.8784,0.5723,63129600
1990-11-16,67.504,68.7552,67.248,67.9968,0.5734,67075200
1990-11-19,67.9968,69.7536,67.9968,69.504,0.5861,45554400
1990-11-20,69.2512,70.5024,68.128,68.2528,0.5755,68868000
1990-11-21,67.9968,69.0016,67.0048,68.7552,0.5797,60739200
1990-11-23,69.2512,70.2528,68.5024,68.7552,0.5797,22060800
1990-11-26,68.5024,70.5024,67.7536,70.2528,0.5924,47577600
1990-11-27,70.5024,72.256,69.7536,71.8816,0.6061,63417600
1990-11-28,72.256,72.7488,70.2528,70.3744,0.5934,77623200
1990-11-29,70.2528,71.2512,69.7536,71.2512,0.6008,65865600
1990-11-30,71.2512,74.256,70.5024,72.256,0.6093,72165600
1990-12-03,73.2544,74.5024,72.7488,73.872,0.6229,68241600
1990-12-04,73.4976,75.2512,73.0048,74.5024,0.6282,54547200
1990-12-05,74.5024,75.7536,74.256,75.2512,0.6345,68630400
1990-12-06,76.2496,76.752,74.0032,74.752,0.6303,108201600
1990-12-07,74.256,75.2512,72.256,74.256,0.6261,81921600
1990-12-10,73.2544,75.3792,72.7488,74.0032,0.624,55526400
1990-12-11,73.2544,74.5024,72.0,72.1248,0.6082,61768800
1990-12-12,71.7504,72.7488,70.5024,72.4992,0.6113,71560800
1990-12-13,73.0048,73.4976,71.7504,72.7488,0.6134,50709600
1990-12-14,73.0048,74.256,72.4992,73.6288,0.6209,48636000
1990-12-17,73.0048,74.256,72.4992,74.0032,0.624,27288000
1990-12-18,74.5024,75.7536,74.256,75.2512,0.6345,51876000
1990-12-19,75.3792,75.7536,74.752,74.8768,0.6314,34264800
1990-12-20,74.256,76.0032,74.0032,75.5008,0.6366,46994400
1990-12-21,75.7536,76.0032,75.2512,75.7536,0.6388,33472800
1990-12-24,75.5008,75.5008,74.752,75.2512,0.6345,13550400
1990-12-26,75.2512,75.7536,74.5024,75.0048,0.6324,16214400
1990-12-27,75.0048,75.2512,74.5024,74.752,0.6303,22629600
1990-12-28,74.5024,75.2512,74.256,75.0048,0.6324,20268000
1990-12-31,75.0048,75.2512,74.5024,75.2512,0.6345,23702400
1991-01-02,75.0048,75.2512,74.752,74.752,0.6303,38109600
1991-01-03,74.752,76.0032,74.752,75.2512,0.6345,52826400
1991-01-04,75.0048,76.5024,75.0048,75.8752,0.6398,58485600
1991-01-07,75.2512,77.7568,74.752,74.8768,0.6314,87552000
1991-01-08,74.752,75.2512,73.0048,73.4976,0.6198,76442400
1991-01-09,74.0032,75.7536,73.4976,74.0032,0.624,115624800
1991-01-10,74.256,78.7552,74.256,78.2496,0.6598,123890400
1991-01-11,78.5056,78.9984,76.752,78.0,0.6577,62006400
1991-01-14,77.2512,77.5008,75.5008,76.752,0.6472,58658400
1991-01-15,76.752,79.504,76.752,78.3744,0.6609,83440800
1991-01-16,78.5056,82.8736,78.2496,82.2528,0.6936,139917600
1991-01-17,85.9968,86.2528,83.7504,84.0064,0.7083,163526400
1991-01-18,82.4992,85.504,82.2528,85.248,0.7188,103032000
1991-01-21,84.624,90.0,84.624,89.5072,0.7547,154512000
1991-01-22,89.6256,91.0048,87.376,88.8768,0.7494,113716800
1991-01-23,88.2528,90.256,88.2528,89.0016,0.7505,77083200
1991-01-24,89.2512,90.88,88.7488,90.4992,0.7631,86083200
1991-01-25,90.7488,91.0048,89.0016,89.5072,0.7547,86889600
1991-01-28,89.0016,94.0032,89.0016,92.256,0.7779,130989600
1991-01-29,92.256,94.3776,90.0,92.5024,0.78,146980800
1991-01-30,92.5024,96.5056,91.4976,96.2496,0.8116,148586400
1991-01-31,96.5056,99.5008,96.0,98.1216,0.8274,111420000
1991-02-01,99.0016,101.0016,97.2544,99.7504,0.8411,117878400
1991-02-04,100.0032,100.752,98.0032,99.1264,0.8358,88236000
1991-02-05,99.2544,102.0064,98.0032,101.2576,0.8538,88740000
1991-02-06,101.0016,106.5024,100.4992,105.7536,0.8918,106351200
1991-02-07,106.2528,109.0048,102.2496,103.0048,0.8686,133466400
1991-02-08,103.0048,104.7552,101.7504,103.9968,0.8769,74232000
1991-02-11,104.128,104.5024,102.2496,104.2528,0.8791,152337600
1991-02-12,103.248,104.7552,102.4992,103.248,0.8706,96206400
1991-02-13,102.4992,105.6256,101.7504,105.504,0.8896,95493600
1991-02-14,105.2512,105.504,99.0016,100.752,0.8496,133704000
1991-02-15,101.5008,104.2528,101.2576,103.248,0.8706,115452000
1991-02-19,102.2496,103.504,101.5008,102.4992,0.8643,66564000
1991-02-20,101.7504,103.9968,101.5008,102.7552,0.8664,52552800
1991-02-21,103.0048,103.504,100.0032,100.0032,0.8432,68277600
1991-02-22,99.7504,104.5024,99.7504,102.2496,0.8622,105343200
1991-02-25,103.248,103.9968,101.5008,103.0048,0.8686,88524000
1991-02-26,101.5008,102.4992,100.4992,101.7504,0.858,55540800
1991-02-27,102.2496,105.7536,101.2576,105.2512,0.8875,87674400
1991-02-28,106.0,106.2528,103.248,103.7536,0.8749,55008000
1991-03-01,103.0048,106.2528,102.0064,105.7536,0.8918,77724000
1991-03-04,105.7536,107.5072,104.5024,107.0016,0.9023,47023200
1991-03-05,107.2512,112.5024,107.0016,111.5008,0.9402,76356000
1991-03-06,112.5024,112.9984,106.7488,107.2512,0.9044,101088000
1991-03-07,104.2528,107.5072,103.504,103.9968,0.8769,165391200
1991-03-08,104.5024,106.0,101.7504,102.4992,0.8643,134697600
1991-03-11,101.7504,102.4992,97.7472,99.2544,0.8369,160970400
1991-03-12,98.2528,98.88,95.6256,95.7568,0.8074,152884800
1991-03-13,96.0,101.1264,96.0,100.4992,0.8474,110268000
1991-03-14,101.5008,101.5008,96.9984,98.0032,0.8264,100216800
1991-03-15,98.2528,98.752,96.2496,96.624,0.8148,76932000
1991-03-18,96.2496,99.7504,96.0,99.2544,0.8369,66218400
1991-03-19,98.2528,101.0016,96.7552,99.0016,0.8348,92505600
1991-03-20,99.0016,101.0016,98.752,99.0016,0.8348,83217600
1991-03-21,99.5008,100.752,94.0032,94.752,0.799,119188800
1991-03-22,94.5024,95.5008,93.0048,93.7536,0.7905,95688000
1991-03-25,94.0032,98.752,94.0032,98.2528,0.8285,59824800
1991-03-26,98.752,105.2512,98.752,105.1296,0.8865,89928000
1991-03-27,105.0016,109.2544,105.0016,107.7504,0.9086,91936800
1991-03-28,107.2512,108.256,106.0,106.128,0.8949,30492000
1991-04-01,106.0,107.7504,104.5024,106.7488,0.9001,59205600
1991-04-02,107.5072,112.5024,106.7488,112.2496,0.9465,96256800
1991-04-03,112.752,116.752,112.752,113.7568,0.9592,91778400
1991-04-04,114.0,116.752,112.752,113.7568,0.9592,73850400
1991-04-05,114.0,114.2496,109.0048,110.0032,0.9276,108914400
1991-04-08,110.0032,113.2512,109.4976,111.3792,0.9392,46526400
1991-04-09,111.5008,113.2512,109.7536,110.256,0.9297,60768000
1991-04-10,109.7536,110.256,105.504,107.5072,0.9065,74340000
1991-04-11,108.4992,111.5008,108.0,111.0048,0.936,47937600
1991-04-12,109.4976,110.0032,103.7536,107.2512,0.9044,176731200
1991-04-15,106.0,114.2496,105.0016,113.7568,0.9592,88819200
1991-04-16,113.7568,114.5056,110.0032,112.2496,0.9465,81331200
1991-04-17,114.0,117.5008,111.1264,111.5008,0.9402,128383200
1991-04-18,111.2512,112.0032,108.0,110.0032,0.9276,88084800
1991-04-19,106.2528,109.4976,105.0016,107.2512,0.9044,96588000
1991-04-22,106.0,106.2528,101.7504,102.1248,0.8612,139708800
1991-04-23,102.2496,103.0048,100.4992,101.632,0.857,103910400
1991-04-24,101.5008,104.7552,100.4992,103.0048,0.8686,82130400
1991-04-25,102.4992,103.7536,100.4992,100.752,0.8496,65707200
1991-04-26,100.2528,102.2496,98.752,100.752,0.8496,88372800
1991-04-29,101.2576,101.5008,97.7472,97.7472,0.8242,71258400
1991-04-30,97.7472,99.2544,96.0,99.0016,0.8348,115178400
1991-05-01,98.5056,100.752,96.9984,100.752,0.8496,111628800
1991-05-02,101.2576,102.4992,100.2528,100.4992,0.8474,66888000
1991-05-03,100.4992,101.2576,99.7504,101.2576,0.8538,23047200
1991-05-06,100.4992,103.248,100.2528,102.7552,0.8664,44755200
1991-05-07,103.248,103.7536,101.2576,101.2576,0.8538,50904000
1991-05-08,101.0016,103.248,100.2528,103.0048,0.8686,57592800
1991-05-09,103.248,106.0,102.7552,105.7536,0.8918,76298400
1991-05-10,106.2528,107.0016,102.0064,102.7552,0.8664,52070400
1991-05-13,103.248,103.7536,101.2576,103.1296,0.8696,68745600
1991-05-14,102.624,103.248,100.752,101.2576,0.8538,58816800
1991-05-15,100.2528,100.4992,96.624,98.0032,0.8264,111160800
1991-05-16,99.2544,100.0032,98.5056,99.376,0.838,70243200
1991-05-17,99.0016,99.5008,98.0032,99.2544,0.8369,44812800
1991-05-20,99.5008,100.0032,97.7472,99.1264,0.8358,65937600
1991-05-21,99.7504,103.248,99.5008,102.0064,0.8601,83570400
1991-05-22,102.7552,106.7488,102.2496,106.7488,0.9001,88783200
1991-05-23,107.0016,109.7536,107.0016,109.4976,0.9233,67752000
1991-05-24,110.0032,112.5024,109.4976,110.0032,0.9276,67932000
1991-05-28,110.5024,111.7536,110.0032,110.752,0.9339,43941600
1991-05-29,111.2512,112.0032,109.7536,110.256,0.9297,64202400
1991-05-30,110.128,111.7536,109.0048,110.256,0.9297,61833600
1991-05-31,110.5024,111.0048,108.0,109.7536,0.9255,81784800
1991-06-03,109.4976,112.2496,109.0048,112.0032,0.9445,46951200
1991-06-04,112.0032,113.5008,110.5024,112.9984,0.9528,35035200
1991-06-05,112.5024,114.2496,112.0032,112.0032,0.9445,41385600
1991-06-06,112.752,112.9984,110.5024,111.1264,0.937,32680800
1991-06-07,109.7536,110.256,108.7488,110.256,0.9297,51984000
1991-06-10,110.256,111.0048,109.7536,110.5024,0.9318,29498400
1991-06-11,111.0048,112.9984,110.5024,110.6304,0.9329,41846400
1991-06-12,110.752,112.2496,110.256,111.1264,0.937,51069600
1991-06-13,111.0048,112.2496,110.5024,111.0048,0.936,38001600
1991-06-14,111.2512,113.7568,111.0048,113.5008,0.9571,46360800
1991-06-17,113.7568,114.7552,112.5024,113.5008,0.9571,29419200
1991-06-18,113.2512,113.5008,109.7536,111.5008,0.9402,46850400
1991-06-19,109.7536,109.7536,103.0048,103.3792,0.8717,157039200
1991-06-20,101.0016,101.7504,99.0016,100.752,0.8496,187999200
1991-06-21,101.2576,103.0048,101.2576,102.2496,0.8622,67680000
1991-06-24,101.0016,101.5008,97.504,98.1216,0.8274,79696800
1991-06-25,99.2544,100.2528,98.0032,98.752,0.8327,97228800
1991-06-26,99.0016,101.5008,98.2528,100.752,0.8496,96638400
1991-06-27,67.7536,68.2528,66.7488,68.0032,0.8601,56510400
1991-06-28,67.7536,68.752,65.5008,68.128,0.8617,61526400
1991-07-01,68.752,71.6256,67.7536,71.376,0.9028,72388800
1991-07-02,71.2512,72.2496,68.0032,68.128,0.8617,43920000
1991-07-03,64.5024,65.0016,61.7536,64.0,0.8095,191630400
1991-07-05,63.7504,63.7504,61.504,61.7536,0.7811,78758400
1991-07-08,60.7488,67.248,60.4992,66.9984,0.8474,109185600
1991-07-09,67.504,68.752,66.4992,67.8784,0.8585,76948800
1991-07-10,68.2528,68.752,65.0016,65.2512,0.8253,67310400
1991-07-11,65.7504,66.7488,65.0016,66.2496,0.838,51148800
1991-07-12,66.9984,68.5024,66.0,68.0032,0.8601,35174400
1991-07-15,68.752,70.2496,68.5024,69.8752,0.8838,36763200
1991-07-16,70.0,70.0,67.504,67.504,0.8538,42734400
1991-07-17,65.7504,67.7536,65.0016,67.7536,0.857,40526400
1991-07-18,68.0032,69.2512,66.7488,66.9984,0.8474,25656000
1991-07-19,67.504,68.0032,66.0,67.7536,0.857,24441600
1991-07-22,66.7488,68.752,66.4992,67.504,0.8538,35136000
1991-07-23,68.0032,68.2528,66.4992,66.4992,0.8411,35596800
1991-07-24,66.9984,67.248,65.0016,65.5008,0.8285,54321600
1991-07-25,66.9984,68.0032,65.8752,66.0,0.8348,90211200
1991-07-26,66.9984,71.7504,66.7488,71.0016,0.8981,149294400
1991-07-29,71.0016,71.2512,68.752,70.2496,0.8885,136468800
1991-07-30,70.5024,72.9984,69.7504,72.7488,0.9202,78038400
1991-07-31,72.9984,74.0032,72.7488,73.504,0.9297,111628800
1991-08-01,73.7536,74.0032,72.9984,73.248,0.9265,53942400
1991-08-02,73.7536,74.752,73.248,73.248,0.9265,81369600
1991-08-05,73.248,73.248,71.7504,72.2496,0.9139,28252800
1991-08-06,72.2496,75.0016,72.2496,74.5024,0.9423,53097600
1991-08-07,74.752,76.5024,74.5024,76.0,0.9613,69235200
1991-08-08,76.0,79.248,76.0,78.9984,0.9992,91852800
1991-08-09,78.7488,82.0,78.2496,80.752,1.0214,114806400
1991-08-12,79.7536,83.7504,79.7536,83.0016,1.0499,56899200
1991-08-13,83.7504,83.7504,82.2496,82.5024,1.0435,94497600
1991-08-14,82.752,83.5008,82.0,82.5024,1.0435,67008000
1991-08-15,82.5024,83.2512,81.0016,81.5008,1.0308,45460800
1991-08-16,80.752,82.3744,80.2528,81.7504,1.034,52075200
1991-08-19,77.5008,81.2512,77.0016,80.2528,1.0151,85425600
1991-08-20,80.6272,81.8752,80.0032,80.5024,1.0182,57326400
1991-08-21,82.0,84.4992,81.7504,84.0,1.0625,73214400
1991-08-22,84.2496,85.248,83.2512,84.0,1.0625,43627200
1991-08-23,84.0,86.5024,84.0,85.248,1.0783,43161600
1991-08-26,84.7488,85.248,83.5008,85.248,1.0783,44136000
1991-08-27,84.7488,84.9984,84.0,84.7488,1.072,34204800
1991-08-28,84.7488,86.752,84.4992,85.6288,1.0831,41558400
1991-08-29,86.0032,86.5024,84.9984,85.7536,1.0846,27974400
1991-08-30,85.7536,86.2528,84.4992,85.248,1.0783,22032000
1991-09-03,84.9984,84.9984,82.5024,83.1264,1.0514,33494400
1991-09-04,83.2512,83.5008,81.0016,82.6272,1.0451,38467200
1991-09-05,83.0016,83.0016,80.0032,80.5024,1.0182,58459200
1991-09-06,81.0016,82.2496,80.2528,80.752,1.0214,50788800
1991-09-09,80.752,81.5008,80.2528,80.752,1.0214,31915200
1991-09-10,82.0,82.5024,80.0032,80.0032,1.0119,65937600
1991-09-11,80.5024,82.2496,80.5024,82.0,1.0372,64032000
1991-09-12,83.0016,85.7536,83.0016,85.6288,1.0831,53808000
1991-09-13,85.504,85.7536,82.5024,83.0016,1.0499,51360000
1991-09-16,83.0016,83.5008,82.2496,83.0016,1.0499,21686400
1991-09-17,82.752,84.7488,82.0,84.4992,1.0688,23366400
1991-09-18,84.0,85.504,83.7504,84.7488,1.072,26942400
1991-09-19,84.9984,87.2512,84.7488,86.2528,1.091,51364800
1991-09-20,86.752,87.0016,86.0032,86.5024,1.0941,30316800
1991-09-23,86.2528,86.5024,84.4992,84.8736,1.0735,49771200
1991-09-24,85.248,88.2496,85.248,88.0,1.1131,47625600
1991-09-25,88.0,88.3744,86.5024,87.7504,1.1099,25766400
1991-09-26,87.5008,90.0,87.2512,89.2512,1.1289,48000000
1991-09-27,89.5008,89.5008,87.7504,88.2496,1.1162,33273600
1991-09-30,88.2496,89.5008,87.0016,89.0016,1.1257,27700800
1991-10-01,89.0016,89.2512,88.0,88.8768,1.1242,19627200
1991-10-02,88.5024,90.4992,86.2528,87.0016,1.1004,67219200
1991-10-03,86.5024,88.2496,86.2528,87.5008,1.1067,34632000
1991-10-04,88.0,89.0016,87.5008,88.1248,1.1146,26457600
1991-10-07,87.2512,88.8768,86.752,88.5024,1.1194,27187200
1991-10-08,88.0,89.5008,88.0,89.2512,1.1289,37708800
1991-10-09,89.5008,91.248,89.2512,89.5008,1.1321,60931200
1991-10-10,90.4992,90.4992,88.5024,89.7504,1.1352,42048000
1991-10-11,90.7488,90.9984,87.7504,89.6256,1.1336,69921600
1991-10-14,90.0,92.2528,90.0,92.2528,1.1668,50625600
1991-10-15,92.2528,92.2528,90.7488,91.3728,1.1557,57854400
1991-10-16,91.504,91.504,89.8752,90.7488,1.1478,100200000
1991-10-17,90.7488,90.7488,88.5024,89.2512,1.1289,95563200
1991-10-18,90.0,91.248,89.7504,90.0,1.1384,37843200
1991-10-21,90.0,91.504,89.7504,90.9984,1.151,28704000
1991-10-22,91.504,92.752,91.248,91.3728,1.1557,32496000
1991-10-23,91.7536,92.0032,89.7504,90.2496,1.1415,36724800
1991-10-24,90.4992,90.4992,89.2512,90.2496,1.1415,26942400
1991-10-25,90.2496,90.7488,89.2512,89.5008,1.1321,28080000
1991-10-28,89.5008,90.2496,87.7504,90.2496,1.1415,37953600
1991-10-29,90.2496,90.7488,89.7504,90.7488,1.1478,36523200
1991-10-30,90.7488,94.752,90.7488,94.5024,1.1953,65592000
1991-10-31,94.5024,95.2512,93.2512,93.8752,1.1874,41092800
1991-11-01,93.5008,93.7504,92.0032,92.6272,1.1716,34296000
1991-11-04,92.2528,92.5024,90.7488,90.9984,1.151,28838400
1991-11-05,91.248,94.5024,90.9984,93.7504,1.1858,51739200
1991-11-06,94.0,95.5008,93.2512,95.2512,1.2048,38308800
1991-11-07,95.5008,95.7504,94.5024,94.752,1.1985,20894400
1991-11-08,95.0016,96.7488,95.0016,95.2512,1.2048,36494400
1991-11-11,96.0,98.0032,95.6256,97.504,1.2333,40564800
1991-11-12,98.2528,100.752,98.0032,99.8752,1.2633,80035200
1991-11-13,99.5008,101.7504,98.752,101.0016,1.2775,57523200
1991-11-14,101.5008,101.5008,98.752,99.2512,1.2554,44371200
1991-11-15,99.0016,100.5024,94.752,95.0016,1.2016,71592000
1991-11-18,95.2512,97.7536,95.0016,97.248,1.23,72432000
1991-11-19,96.2496,97.3728,94.2496,96.2496,1.2174,71976000
1991-11-20,96.9984,97.504,96.0,96.4992,1.2206,36441600
1991-11-21,96.2496,97.248,95.7504,97.248,1.23,35558400
1991-11-22,96.9984,97.504,95.2512,96.0,1.2143,38102400
1991-11-25,95.7504,96.9984,95.2512,95.6256,1.2095,33724800
1991-11-26,96.1248,96.2496,92.752,94.5024,1.1953,58809600
1991-11-27,94.2496,95.5008,94.0,95.2512,1.2048,15009600
1991-11-29,94.752,97.7536,94.752,97.248,1.23,20524800
1991-12-02,96.2496,101.5008,96.0,101.2512,1.2807,55852800
1991-12-03,101.0016,102.7488,99.5008,101.376,1.2823,64996800
1991-12-04,101.7504,102.9984,100.0,102.0,1.2902,36297600
1991-12-05,101.7504,102.2496,100.752,101.7504,1.287,24892800
1991-12-06,101.5008,105.2512,101.0016,104.2528,1.3186,51580800
1991-12-09,103.248,103.7536,101.2512,102.0,1.2902,57720000
1991-12-10,102.0,102.0,100.0,101.7504,1.287,46252800
1991-12-11,102.1248,102.7488,99.5008,100.752,1.2744,39134400
1991-12-12,101.0016,103.248,100.5024,102.0,1.2902,36979200
1991-12-13,102.2496,102.7488,101.5008,102.0,1.2902,26193600
1991-12-16,102.0,102.2496,100.752,102.1248,1.2917,27225600
1991-12-17,102.0,103.504,100.2496,101.8752,1.2886,27480000
1991-12-18,102.0,103.248,101.2512,102.8736,1.3012,33561600
1991-12-19,102.3744,103.248,101.2512,102.7488,1.2996,38116800
1991-12-20,104.0032,105.0016,102.2496,103.248,1.3059,35356800
1991-12-23,103.248,106.752,102.4992,106.752,1.3503,46113600
1991-12-24,106.752,107.5008,106.0,106.2496,1.3439,23995200
1991-12-26,106.2496,108.2496,105.7504,107.8752,1.3645,24326400
1991-12-27,108.2496,111.5008,107.7504,110.3776,1.3961,36657600
1991-12-30,110.5024,111.2512,109.504,110.752,1.4008,35524800
1991-12-31,110.752,112.0,108.7488,111.2512,1.4071,40512000
1992-01-02,110.752,114.7488,109.504,114.0,1.4419,74265600
1992-01-03,114.0,114.2496,111.7504,113.0016,1.4293,38246400
1992-01-06,113.2512,117.7504,112.3744,116.5024,1.4736,63057600
1992-01-07,116.5024,120.2496,115.7536,120.0,1.5178,64363200
1992-01-08,119.0016,125.7504,118.752,124.2496,1.5716,90763200
1992-01-09,124.2496,129.0016,124.0,127.248,1.6095,88348800
1992-01-10,126.9984,127.7536,124.0,125.2512,1.5842,64641600
1992-01-13,124.0,128.8768,122.752,127.1232,1.6079,52804800
1992-01-14,127.504,128.5024,126.0,128.2528,1.6222,44006400
1992-01-15,128.752,133.248,128.2528,131.5008,1.6633,65294400
1992-01-16,131.2512,132.0,127.504,127.7536,1.6159,58761600
1992-01-17,127.7536,129.5008,123.7504,126.4992,1.6,85027200
1992-01-20,127.248,127.248,122.5024,122.5024,1.5495,58862400
1992-01-21,122.2528,123.0016,116.0032,119.376,1.5099,120019200
1992-01-22,120.0,125.5008,119.0016,125.5008,1.5874,56131200
1992-01-23,125.5008,129.376,123.7504,125.0016,1.5811,75590400
1992-01-24,124.5024,125.5008,124.0,124.6272,1.5764,37756800
1992-01-27,124.752,125.5008,120.4992,120.624,1.5257,46233600
1992-01-28,120.9984,121.7536,116.0032,120.7488,1.5273,95539200
1992-01-29,122.5024,125.7504,121.7536,124.5024,1.5748,97344000
1992-01-30,124.5024,124.752,121.504,123.5008,1.5621,41923200
1992-01-31,123.5008,123.7504,119.7504,120.2496,1.521,49948800
1992-02-03,118.2496,125.5008,117.5008,125.0016,1.5811,80265600
1992-02-04,125.2512,126.0,122.5024,124.5024,1.5748,58440000
1992-02-05,124.752,128.5024,123.5008,127.248,1.6095,71212800
1992-02-06,126.4992,129.0016,125.7504,126.2496,1.5969,62356800
1992-02-07,126.2496,127.504,124.0,125.7504,1.5906,36499200
1992-02-10,125.6256,126.0,122.0032,124.5024,1.5748,41371200
1992-02-11,124.2496,124.752,121.504,122.5024,1.5495,41078400
1992-02-12,118.6272,126.7488,118.6272,125.7504,1.5906,83342400
1992-02-13,125.5008,126.4992,121.504,122.5024,1.5495,97358400
1992-02-14,122.2528,122.5024,118.0,118.5024,1.4989,82632000
1992-02-18,119.2512,122.2528,118.0,118.2496,1.4957,73694400
1992-02-19,118.0,118.0,113.5008,115.1232,1.4561,145372800
1992-02-20,116.0032,119.2512,115.7536,117.5008,1.4862,74323200
1992-02-21,117.0016,118.5024,113.7504,114.4992,1.4483,91118400
1992-02-24,114.4992,116.5024,113.0016,114.8736,1.453,59049600
1992-02-25,114.9984,116.5024,113.2512,115.7536,1.4641,57388800
1992-02-26,116.0032,122.0032,116.0032,122.0032,1.5431,100670400
1992-02-27,122.752,125.2512,122.752,124.8768,1.5795,79579200
1992-02-28,125.0016,126.4992,122.2528,123.5008,1.5621,58276800
1992-03-02,123.7504,125.7504,121.7536,123.0016,1.5558,34876800
1992-03-03,123.5008,125.2512,122.5024,123.2512,1.5589,27734400
1992-03-04,123.2512,124.2496,121.7536,122.5024,1.5495,33086400
1992-03-05,122.5024,123.2512,119.2512,121.248,1.5336,55689600
1992-03-06,120.7488,122.0032,116.752,118.2496,1.4957,61867200
1992-03-09,118.752,120.4992,118.2496,119.0016,1.5052,30427200
1992-03-10,119.5008,122.752,119.2512,121.7536,1.54,45480000
1992-03-11,122.2528,123.2512,119.2512,120.2496,1.521,39532800
1992-03-12,120.2496,121.504,118.5024,121.1232,1.532,50025600
1992-03-13,122.5024,123.0016,120.4992,120.9984,1.5305,36763200
1992-03-16,120.9984,124.2496,120.4992,124.2496,1.5716,55132800
1992-03-17,125.376,128.752,124.752,128.0032,1.619,94473600
1992-03-18,128.5024,129.0016,126.0,126.3744,1.5985,69230400
1992-03-19,126.9984,130.2496,126.2496,127.504,1.6127,111576000
1992-03-20,127.504,129.0016,127.504,128.5024,1.6254,35774400
1992-03-23,128.5024,129.2512,127.7536,128.5024,1.6254,37843200
1992-03-24,129.0016,129.8752,126.4992,127.504,1.6127,70228800
1992-03-25,127.504,129.2512,126.9984,128.5024,1.6254,36739200
1992-03-26,128.752,129.0016,124.2496,125.0016,1.5811,60403200
1992-03-27,124.5024,125.0016,119.5008,121.248,1.5336,89971200
1992-03-30,121.504,122.0032,120.0,120.0,1.5178,40713600
1992-03-31,120.4992,122.0032,117.7504,118.5024,1.4989,86702400
1992-04-01,117.2512,120.7488,117.0016,120.4992,1.5241,74203200
1992-04-02,120.4992,121.504,116.752,117.0016,1.4799,56918400
1992-04-03,117.5008,119.2512,116.752,117.5008,1.4862,59534400
1992-04-06,117.7504,121.6288,117.7504,121.248,1.5336,40123200
1992-04-07,122.0032,122.5024,115.7536,116.0032,1.4673,72758400
1992-04-08,115.7536,117.5008,113.2512,117.2512,1.483,105388800
1992-04-09,118.2496,120.2496,116.6272,120.0,1.5178,70008000
1992-04-10,121.248,122.0032,114.0,116.0032,1.4673,126446400
1992-04-13,116.752,118.1248,114.2496,117.5008,1.4862,45552000
1992-04-14,118.2496,120.2496,116.5024,117.0016,1.4799,72806400
1992-04-15,128.752,129.2512,126.4992,128.8768,1.6301,223305600
1992-04-16,129.0016,129.0016,126.9984,127.6288,1.6143,66393600
1992-04-20,124.5024,125.0016,115.504,118.1248,1.4941,226118400
1992-04-21,118.2496,118.5024,115.504,116.128,1.4688,99244800
1992-04-22,116.5024,118.5024,114.4992,117.6256,1.4878,61790400
1992-04-23,118.5024,119.0016,112.2496,115.7536,1.4641,115334400
1992-04-24,116.0032,116.752,112.0,112.2496,1.4198,90393600
1992-04-27,112.5024,116.5024,112.5024,113.2512,1.4325,99585600
1992-04-28,113.7504,114.4992,107.0016,108.9984,1.3787,199876800
1992-04-29,109.504,111.5008,108.2496,111.376,1.4087,137308800
1992-04-30,112.0,112.752,109.7536,110.2528,1.3945,95870400
1992-05-01,110.5024,114.0,110.2528,113.7504,1.4388,62083200
1992-05-04,113.5008,116.0032,112.5024,114.0,1.4419,73920000
1992-05-05,113.7504,117.5008,113.2512,116.5024,1.4736,59246400
1992-05-06,117.0016,117.2512,115.504,116.0032,1.4673,50016000
1992-05-07,116.0032,116.5024,114.2496,114.9984,1.4546,40579200
1992-05-08,116.0032,117.0016,113.2512,114.4992,1.4483,59822400
1992-05-11,114.7488,115.248,113.2512,114.0,1.4419,41112000
1992-05-12,114.7488,115.248,112.752,114.2496,1.4451,49905600
1992-05-13,113.7504,114.2496,111.0016,112.752,1.4262,64320000
1992-05-14,112.752,113.0016,109.248,110.752,1.4008,72307200
1992-05-15,110.2528,111.5008,109.504,110.0032,1.3914,40814400
1992-05-18,110.752,113.5008,110.5024,112.752,1.4262,37526400
1992-05-19,113.2512,114.4992,113.2512,114.4992,1.4483,51240000
1992-05-20,114.4992,117.0016,114.4992,116.752,1.4767,58800000
1992-05-21,117.0016,117.0016,115.248,116.6272,1.4751,48566400
1992-05-22,117.0016,117.0016,114.9984,115.7536,1.4641,36969600
1992-05-26,116.0032,117.0016,114.9984,115.504,1.4609,38217600
1992-05-27,115.7536,116.2528,114.7488,114.9984,1.4546,31166400
1992-05-28,114.7488,119.5008,114.4992,119.0016,1.5052,62702400
1992-05-29,119.7504,122.2528,119.5008,120.9984,1.5305,89918400
1992-06-01,120.4992,124.2496,120.0,124.2496,1.5716,68529600
1992-06-02,124.2496,124.5024,122.2528,122.8768,1.5542,42585600
1992-06-03,122.5024,124.2496,122.5024,123.0016,1.5558,28190400
1992-06-04,123.2512,123.5008,122.5024,122.6272,1.551,41755200
1992-06-05,122.5024,123.0016,120.7488,120.9984,1.5305,40939200
1992-06-08,120.7488,120.9984,118.2496,118.2496,1.4957,40228800
1992-06-09,118.5024,119.0016,114.0,114.9984,1.4546,84604800
1992-06-10,115.248,115.504,112.0,112.5024,1.423,65457600
1992-06-11,112.5024,115.248,107.5008,108.0,1.366,130732800
1992-06-12,110.2528,113.0016,108.8736,112.5024,1.423,138028800
1992-06-15,75.0016,78.0,75.0016,75.7504,1.4372,54940800
1992-06-16,75.5008,76.4992,72.4992,72.7488,1.3803,57376000
1992-06-17,72.4992,73.2512,71.5008,72.3744,1.3731,70032000
1992-06-18,73.0016,74.7488,71.0016,72.2496,1.3708,53356800
1992-06-19,73.5008,74.2496,72.7488,73.5008,1.3945,43110400
1992-06-22,73.2512,74.4992,71.5008,74.2496,1.4087,54080000
1992-06-23,74.7488,75.7504,72.7488,73.5008,1.3945,57420800
1992-06-24,73.7504,73.7504,71.7504,72.2496,1.3708,34096000
1992-06-25,72.2496,72.2496,66.4992,70.0,1.3281,165340800
1992-06-26,69.5008,69.7504,65.7504,66.7488,1.2664,140982400
1992-06-29,68.4992,72.7488,68.2496,72.2496,1.3708,90963200
1992-06-30,72.7488,73.0016,69.5008,70.0,1.3281,74048000
1992-07-01,70.2496,72.7488,69.5008,72.1248,1.3684,45136000
1992-07-02,72.7488,73.0016,68.7488,69.8752,1.3257,80563200
1992-07-06,70.0,70.2496,67.7504,69.5008,1.3186,36224000
1992-07-07,69.7504,69.7504,67.2512,68.0,1.2902,54396800
1992-07-08,68.0,69.0016,65.5008,68.624,1.302,93417600
1992-07-09,69.0016,70.7488,68.2496,69.0016,1.3092,61174400
1992-07-10,69.2512,70.0,67.6256,69.5008,1.3186,28905600
1992-07-13,69.7504,71.2512,68.4992,70.0,1.3281,35113600
1992-07-14,70.4992,71.5008,70.2496,71.1264,1.3495,41116800
1992-07-15,71.7504,73.2512,71.0016,71.5008,1.3566,80172800
1992-07-16,71.0016,72.2496,70.7488,72.2496,1.3708,42291200
1992-07-17,71.7504,72.0,69.7504,70.2496,1.3328,59865600
1992-07-20,69.5008,70.2496,68.4992,69.2512,1.3139,48707200
1992-07-21,70.0,72.7488,69.5008,71.7504,1.3613,45907200
1992-07-22,71.7504,71.7504,69.5008,70.0,1.3281,59008000
1992-07-23,69.7504,72.2496,68.7488,71.0016,1.3471,68441600
1992-07-24,71.1264,73.7504,71.0016,72.7488,1.3803,76259200
1992-07-27,72.7488,73.5008,72.2496,73.0016,1.385,30512000
1992-07-28,73.5008,74.4992,72.7488,74.0,1.404,45363200
1992-07-29,74.4992,74.7488,72.0,74.0,1.404,145273600
1992-07-30,73.5008,74.4992,73.0016,73.1264,1.3874,32035200
1992-07-31,73.5008,73.5008,72.2496,72.7488,1.3803,35312000
1992-08-03,72.7488,74.2496,72.0,73.7504,1.3993,31516800
1992-08-04,74.0,74.4992,73.5008,73.8752,1.4016,31430400
1992-08-05,73.7504,73.7504,71.2512,72.0,1.366,60150400
1992-08-06,71.5008,72.0,70.2496,71.5008,1.3566,3705600
1992-08-07,71.5008,73.7504,70.4992,70.7488,1.3423,55008000
1992-08-10,71.0016,72.4992,70.7488,70.8736,1.3447,42067200
1992-08-11,71.2512,71.8752,70.0,71.376,1.3542,33436800
1992-08-12,71.7504,72.4992,70.7488,71.0016,1.3471,30441600
1992-08-13,71.2512,71.7504,70.4992,70.8736,1.3447,28227200
1992-08-14,71.0016,71.7504,70.7488,71.0016,1.3471,33942400
1992-08-17,70.7488,71.0016,69.5008,69.5008,1.3186,63318400
1992-08-18,69.0016,70.7488,68.0,69.5008,1.3186,66313600
1992-08-19,69.5008,70.4992,68.7488,69.2512,1.3139,27433600
1992-08-20,69.5008,70.7488,69.0016,70.3744,1.3352,36534400
1992-08-21,70.4992,70.8736,69.0016,69.7504,1.3234,52710400
1992-08-24,69.6256,70.0,68.7488,69.0016,1.3092,42800000
1992-08-25,68.7488,70.7488,68.4992,70.3744,1.3352,37123200
1992-08-26,70.2496,72.2496,70.2496,71.6256,1.3589,50016000
1992-08-27,72.0,74.0,72.0,73.6256,1.3969,88028800
1992-08-28,73.5008,74.4992,73.5008,74.3744,1.4111,49468800
1992-08-31,74.2496,75.0016,73.5008,74.4992,1.4135,25651200
1992-09-01,74.0,74.624,73.2512,74.4992,1.4135,30825600
1992-09-02,74.4992,75.7504,73.7504,75.376,1.4301,61955200
1992-09-03,75.7504,77.2512,75.5008,76.624,1.4538,85296000
1992-09-04,76.2496,76.4992,75.5008,76.0,1.4419,28585600
1992-09-08,76.0,76.8736,75.2512,76.7488,1.4561,49376000
1992-09-09,76.7488,78.3744,76.4992,78.1248,1.4823,60982400
1992-09-10,78.2496,79.0016,77.5008,79.0016,1.4989,53302400
1992-09-11,78.4992,79.2512,78.0,78.7488,1.4941,30796800
1992-09-14,79.7504,82.0,79.7504,81.7504,1.551,95100800
1992-09-15,81.5008,81.7504,80.0,81.2512,1.5416,44614400
1992-09-16,79.7504,81.7504,79.5008,80.3744,1.5249,35708800
1992-09-17,80.4992,81.5008,80.2496,81.1264,1.5392,23590400
1992-09-18,81.2512,81.5008,78.3744,79.8752,1.5155,71683200
1992-09-21,78.7488,79.5008,78.2496,79.1264,1.5013,31811200
1992-09-22,79.0016,79.1264,77.5008,77.7504,1.4751,30777600
1992-09-23,77.7504,79.7504,77.5008,79.1264,1.5013,37654400
1992-09-24,79.2512,80.4992,79.2512,80.2496,1.5226,36953600
1992-09-25,80.2496,80.3744,76.0,78.7488,1.4941,41817600
1992-09-28,76.4992,78.2496,76.2496,77.0016,1.4609,52854400
1992-09-29,77.0016,79.0016,77.0016,78.7488,1.4941,39392000
1992-09-30,79.7504,80.4992,78.7488,80.4992,1.5273,59843200
1992-10-01,80.0,81.0016,79.5008,79.6256,1.5107,47804800
1992-10-02,79.2512,79.7504,78.0,78.7488,1.4941,36803200
1992-10-05,78.4992,81.7504,75.7504,81.7504,1.551,71347200
1992-10-06,82.2496,83.5008,81.2512,82.4992,1.5652,74316800
1992-10-07,82.4992,84.2496,81.0016,81.1264,1.5392,58153600
1992-10-08,82.2496,84.4992,81.7504,83.376,1.5819,59532800
1992-10-09,83.5008,83.5008,81.5008,82.3744,1.5629,40182400
1992-10-12,83.0016,84.0,82.7488,83.8752,1.5914,34700800
1992-10-13,84.7488,85.376,83.2512,84.2496,1.5985,86643200
1992-10-14,84.3744,85.0016,83.0016,83.5008,1.5842,47456000
1992-10-15,83.2512,84.7488,82.7488,84.4992,1.6032,35942400
1992-10-16,84.7488,85.5008,83.7504,85.376,1.6198,47644800
1992-10-19,85.0016,88.2496,85.0016,87.8752,1.6672,83280000
1992-10-20,88.2496,89.7504,87.0016,87.8752,1.6672,84150400
1992-10-21,88.2496,90.0,87.7504,90.0,1.7076,60396800
1992-10-22,90.0,90.2496,88.2496,89.7504,1.7028,49174400
1992-10-23,90.2496,90.2496,88.2496,88.624,1.6815,46006400
1992-10-26,88.4992,90.2496,87.7504,90.0,1.7076,40121600
1992-10-27,90.0,90.2496,87.5008,88.0,1.6696,49116800
1992-10-28,88.2496,88.7488,87.2512,88.4992,1.6791,36172800
1992-10-29,88.7488,90.0,88.4992,90.0,1.7076,32774400
1992-10-30,89.8752,90.0,88.4992,88.7488,1.6838,24998400
1992-11-02,89.0016,90.0,87.7504,89.6256,1.7005,31091200
1992-11-03,89.5008,89.7504,87.6256,88.2496,1.6743,35267200
1992-11-04,88.2496,89.7504,88.0,88.4992,1.6791,23657600
1992-11-05,89.0016,92.2496,88.2496,91.8752,1.7431,90361600
1992-11-06,91.7504,93.2512,91.2512,92.7488,1.7597,61155200
1992-11-09,92.7488,92.7488,90.4992,91.8752,1.7431,54796800
1992-11-10,92.0,93.2512,91.5008,92.8736,1.7621,38710400
1992-11-11,92.7488,95.0016,92.2496,93.7504,1.7787,60748800
1992-11-12,93.7504,94.2496,92.0,93.5008,1.774,46960000
1992-11-13,93.5008,93.7504,92.4992,93.2512,1.7692,25811200
1992-11-16,93.0016,93.5008,92.2496,92.7488,1.7597,19312000
1992-11-17,92.8736,94.0,89.2512,90.0,1.7076,56649600
1992-11-18,90.4992,92.4992,89.8752,92.0,1.7455,33273600
1992-11-19,92.2496,95.0016,92.2496,94.0,1.7834,46857600
1992-11-20,94.0,95.0016,93.7504,95.0016,1.8025,41113600
1992-11-23,90.2496,91.7504,87.2512,88.4992,1.6791,309884800
1992-11-24,91.2512,92.7488,89.2512,91.5008,1.736,145513600
1992-11-25,92.0,92.4992,90.2496,91.1264,1.7289,53152000
1992-11-27,91.5008,92.4992,91.0016,91.7504,1.7408,17593600
1992-11-30,92.4992,93.2512,91.7504,93.1264,1.7669,35251200
1992-12-01,92.7488,93.5008,92.0,93.1264,1.7669,33593600
1992-12-02,93.0016,93.5008,90.4992,90.7488,1.7218,49881600
1992-12-03,90.7488,92.4992,90.4992,91.6256,1.7384,26048000
1992-12-04,91.5008,92.4992,91.2512,91.7504,1.7408,23548800
1992-12-07,92.0,93.5008,91.0016,93.376,1.7716,46422400
1992-12-08,93.7504,94.0,91.5008,92.4992,1.755,26908800
1992-12-09,91.7504,93.2512,91.2512,92.0,1.7455,26048000
1992-12-10,90.0,91.7504,88.4992,89.0016,1.6886,89296000
1992-12-11,88.4992,89.0016,85.7504,86.3744,1.6388,112934400
1992-12-14,86.7488,88.2496,86.4992,87.1264,1.653,51286400
1992-12-15,87.2512,87.7504,85.5008,86.3744,1.6388,45289600
1992-12-16,86.4992,88.2496,85.2512,87.0016,1.6507,73792000
1992-12-17,87.2512,90.2496,87.0016,90.0,1.7076,51859200
1992-12-18,89.0016,90.2496,88.4992,90.0,1.7076,74387200
1992-12-21,89.7504,92.0,89.2512,90.4992,1.717,64928000
1992-12-22,91.0016,91.5008,87.0016,87.7504,1.6649,56928000
1992-12-23,88.0,88.2496,86.0,87.2512,1.6554,59974400
1992-12-24,87.2512,87.2512,86.0,87.2512,1.6554,32723200
1992-12-28,87.2512,87.7504,86.0,87.5008,1.6601,45731200
1992-12-29,87.2512,87.5008,86.2496,86.4992,1.6411,60035200
1992-12-30,86.7488,87.0016,85.2512,85.8752,1.6293,50860800
1992-12-31,86.0,86.2496,85.2512,85.376,1.6198,30851200
1993-01-04,85.0016,85.7504,84.4992,85.1264,1.6151,72646400
1993-01-05,85.0016,86.7488,84.7488,86.4992,1.6411,71529600
1993-01-06,87.0016,89.2512,86.7488,89.0016,1.6886,87440000
1993-01-07,89.0016,89.8752,87.0016,87.2512,1.6554,58748800
1993-01-08,87.2512,88.2496,86.2496,87.1264,1.653,43977600
1993-01-11,87.2512,89.2512,86.2496,89.1264,1.691,58348800
1993-01-12,89.0016,91.2512,88.7488,89.7504,1.7028,85129600
1993-01-13,89.5008,92.2496,88.2496,91.2512,1.7313,83696000
1993-01-14,92.2496,94.0,90.4992,91.2512,1.7313,121264000
1993-01-15,87.5008,91.0016,87.0016,89.7504,1.7028,181958400
1993-01-18,89.5008,89.7504,88.2496,89.2512,1.6934,50611200
1993-01-19,89.0016,89.2512,88.2496,88.3744,1.6767,52960000
1993-01-20,88.4992,89.0016,87.7504,88.3744,1.6767,47968000
1993-01-21,87.7504,90.0,86.7488,89.5008,1.6981,73363200
1993-01-22,89.7504,90.2496,88.7488,89.376,1.6957,49088000
1993-01-25,89.2512,90.2496,87.7504,88.4992,1.6791,49609600
1993-01-26,88.4992,90.0,87.5008,88.0,1.6696,42345600
1993-01-27,87.5008,87.7504,85.5008,86.2496,1.6364,64192000
1993-01-28,86.2496,87.1264,84.7488,87.0016,1.6507,77030400
1993-01-29,87.5008,88.0,85.7504,86.4992,1.6411,39424000
1993-02-01,86.2496,88.0,85.5008,87.5008,1.6601,42854400
1993-02-02,87.376,89.5008,87.2512,89.0016,1.6886,70371200
1993-02-03,89.5008,90.2496,88.0,88.3744,1.6767,71728000
1993-02-04,87.7504,87.7504,84.4992,85.0016,1.6127,124214400
1993-02-05,84.7488,89.5008,82.2496,89.0016,1.6886,177216000
1993-02-08,88.4992,89.0016,85.0016,85.7504,1.6269,92665600
1993-02-09,86.7488,87.2512,83.5008,83.8752,1.5914,64550400
1993-02-10,84.4992,86.2496,84.0,85.5008,1.6222,39193600
1993-02-11,86.2496,86.4992,84.7488,85.2512,1.6175,31635200
1993-02-12,85.2512,85.2512,83.2512,83.6256,1.5866,34752000
1993-02-16,82.8736,83.7504,79.7504,80.1248,1.5202,91180800
1993-02-17,81.0016,81.2512,77.2512,80.2496,1.5226,121913600
1993-02-18,81.2512,82.7488,79.0016,81.6256,1.5487,138553600
1993-02-19,81.8752,82.0,79.5008,79.7504,1.5131,97094400
1993-02-22,79.7504,81.0016,76.7488,76.7488,1.4561,76256000
1993-02-23,78.0,80.4992,76.7488,79.5008,1.5084,105974400
1993-02-24,79.0016,84.0,78.7488,83.8752,1.5914,77548800
1993-02-25,82.4992,85.0016,82.4992,84.3744,1.6008,60806400
1993-02-26,84.2496,85.0016,83.0016,83.376,1.5819,29833600
1993-03-01,83.7504,83.7504,81.2512,81.5008,1.5463,26432000
1993-03-02,81.7504,84.7488,81.2512,84.624,1.6056,38380800
1993-03-03,84.7488,85.5008,83.5008,84.7488,1.6079,42352000
1993-03-04,84.7488,84.7488,81.7504,83.7504,1.589,56659200
1993-03-05,83.5008,85.0016,82.4992,82.7488,1.57,35724800
1993-03-08,82.624,84.4992,82.0,83.6256,1.5866,48022400
1993-03-09,84.0,85.0016,83.7504,84.2496,1.5985,41312000
1993-03-10,84.4992,85.7504,83.5008,85.0016,1.6127,26592000
1993-03-11,85.2512,87.7504,85.0016,86.4992,1.6411,57779200
1993-03-12,86.0,89.2512,85.2512,89.0016,1.6886,73580800
1993-03-15,89.2512,89.2512,87.0016,87.6256,1.6625,35347200
1993-03-16,88.2496,88.7488,87.0016,87.7504,1.6649,36336000
1993-03-17,86.7488,87.5008,85.2512,85.376,1.6198,39644800
1993-03-18,85.7504,86.7488,85.0016,85.2512,1.6175,34406400
1993-03-19,85.7504,85.7504,84.0,84.2496,1.5985,45404800
1993-03-22,83.2512,84.0,82.4992,83.376,1.5819,34083200
1993-03-23,83.5008,85.0016,83.0016,83.1264,1.5771,34409600
1993-03-24,83.2512,86.7488,83.0016,86.2496,1.6364,50576000
1993-03-25,86.4992,88.2496,86.3744,87.376,1.6578,43833600
1993-03-26,88.0,88.2496,86.0,86.624,1.6435,28380800
1993-03-29,86.7488,88.4992,86.7488,87.0016,1.6507,48262400
1993-03-30,88.4992,91.2512,87.2512,91.0016,1.7266,140777600
1993-03-31,91.2512,94.2496,90.7488,92.4992,1.755,179660800
1993-04-01,92.4992,94.7488,92.4992,93.0016,1.7645,100412800
1993-04-02,91.7504,92.0,89.7504,89.7504,1.7028,73251200
1993-04-05,88.7488,92.2496,88.0,91.5008,1.736,61187200
1993-04-06,91.7504,93.0016,89.2512,89.7504,1.7028,55699200
1993-04-07,90.0,90.4992,89.2512,90.2496,1.7123,39417600
1993-04-08,90.0,90.2496,88.2496,89.0016,1.6886,40185600
1993-04-12,88.7488,91.2512,88.4992,90.1248,1.7099,48976000
1993-04-13,90.2496,92.2496,88.7488,88.8736,1.6862,53337600
1993-04-14,89.0016,90.2496,87.7504,89.0016,1.6886,38592000
1993-04-15,88.0,89.8752,86.0,87.1264,1.653,109152000
1993-04-16,87.2512,87.7504,85.5008,87.0016,1.6507,49600000
1993-04-19,87.0016,87.2512,85.0016,87.0016,1.6507,45673600
1993-04-20,86.7488,87.5008,85.0016,86.7488,1.6459,46009600
1993-04-21,86.7488,86.7488,84.2496,84.8736,1.6103,92528000
1993-04-22,84.4992,85.0016,82.8736,83.2512,1.5795,79872000
1993-04-23,83.0016,83.2512,80.7488,81.376,1.5439,89296000
1993-04-26,81.5008,82.4992,79.7504,80.3744,1.5249,65376000
1993-04-27,80.4992,82.7488,80.2496,82.4992,1.5652,58208000
1993-04-28,83.0016,86.0,82.7488,86.0,1.6317,55372800
1993-04-29,85.7504,85.7504,84.0,85.5008,1.6222,49660800
1993-04-30,85.0016,86.7488,85.0016,85.5008,1.6222,46825600
1993-05-03,85.5008,87.0016,85.0016,86.1248,1.634,38096000
1993-05-04,86.7488,88.4992,86.4992,88.0,1.6696,49664000
1993-05-05,88.0,90.0,87.5008,89.2512,1.6934,51868800
1993-05-06,89.0016,89.7504,86.7488,87.2512,1.6554,47244800
1993-05-07,87.2512,87.7504,86.4992,87.0016,1.6507,31798400
1993-05-10,88.4992,90.0,88.0,89.1264,1.691,69091200
1993-05-11,88.2496,88.7488,87.2512,87.7504,1.6649,38220800
1993-05-12,87.5008,88.0,85.7504,86.2496,1.6364,48272000
1993-05-13,85.7504,86.0,84.4992,85.7504,1.6269,43708800
1993-05-14,86.0,86.7488,84.7488,85.5008,1.6222,49116800
1993-05-17,85.7504,86.624,85.2512,86.4992,1.6411,27763200
1993-05-18,86.7488,88.7488,86.4992,88.4992,1.6791,84185600
1993-05-19,90.7488,93.0016,89.5008,92.4992,1.755,181017600
1993-05-20,92.2496,95.2512,92.0,94.1248,1.7858,150256000
1993-05-21,93.5008,94.2496,92.0,92.4992,1.755,75500800
1993-05-24,92.2496,94.0,92.0,92.1248,1.7479,64252800
1993-05-25,91.7504,92.0,90.0,91.2512,1.7313,36716800
1993-05-26,91.5008,95.2512,91.2512,95.2512,1.8072,87484800
1993-05-27,95.0016,95.5008,93.0016,94.1248,1.7858,95052800
1993-05-28,93.5008,93.7504,91.7504,92.624,1.7573,35136000
1993-06-01,93.0016,98.0,92.7488,96.2496,1.8261,173088000
1993-06-02,95.7504,97.5008,95.2512,95.7504,1.8167,70710400
1993-06-03,95.7504,96.0,94.4992,94.624,1.7953,23936000
1993-06-04,94.0,94.4992,93.5008,94.0,1.7834,32652800
1993-06-07,94.2496,95.7504,93.0016,93.2512,1.7692,52761600
1993-06-08,93.0016,93.2512,90.7488,92.2496,1.7502,48131200
1993-06-09,92.7488,93.0016,90.7488,91.0016,1.7266,62480000
1993-06-10,91.2512,92.4992,89.5008,91.1264,1.7289,56544000
1993-06-11,91.7504,92.4992,89.0016,89.376,1.6957,67542400
1993-06-14,91.0016,92.2496,90.2496,92.2496,1.7502,40489600
1993-06-15,93.0016,93.0016,91.5008,92.4992,1.755,42345600
1993-06-16,92.7488,93.2512,89.2512,91.2512,1.7313,66966400
1993-06-17,91.5008,91.7504,90.4992,90.8736,1.7241,28083200
1993-06-18,90.4992,91.2512,87.0016,87.5008,1.6601,75910400
1993-06-21,88.7488,89.2512,87.0016,88.624,1.6815,68102400
1993-06-22,89.2512,89.7504,87.2512,88.0,1.6696,41062400
1993-06-23,88.0,89.2512,87.7504,88.624,1.6815,33129600
1993-06-24,88.2496,89.5008,87.2512,88.4992,1.6791,35782400
1993-06-25,88.4992,89.2512,86.7488,88.4992,1.6791,45484800
1993-06-28,88.7488,90.2496,88.4992,90.2496,1.7123,52224000
1993-06-29,90.2496,91.7504,88.4992,89.0016,1.6886,42361600
1993-06-30,89.2512,90.2496,87.2512,88.0,1.6696,56422400
1993-07-01,88.2496,88.4992,86.4992,87.1264,1.653,57907200
1993-07-02,87.2512,87.5008,86.4992,87.2512,1.6554,25404800
1993-07-06,86.7488,87.7504,85.2512,86.0,1.6317,47721600
1993-07-07,82.1248,84.2496,81.2512,83.376,1.5819,182569600
1993-07-08,84.0,85.5008,84.0,84.8736,1.6103,70105600
1993-07-09,85.0016,85.0016,83.5008,84.624,1.6056,50000000
1993-07-12,84.7488,84.7488,83.5008,83.7504,1.589,26540800
1993-07-13,84.0,84.0,82.4992,82.7488,1.57,36476800
1993-07-14,83.0016,85.5008,82.4992,84.2496,1.5985,43491200
1993-07-15,84.2496,84.2496,82.7488,83.5008,1.5842,34432000
1993-07-16,83.2512,83.2512,80.7488,81.1264,1.5392,86217600
1993-07-19,79.5008,80.2496,78.0,78.7488,1.4941,122435200
1993-07-20,79.2512,80.4992,78.0,80.4992,1.5273,74822400
1993-07-21,78.4992,79.0016,76.7488,79.0016,1.4989,178963200
1993-07-22,80.7488,81.7504,76.7488,77.6256,1.4728,147584000
1993-07-23,77.0016,78.2496,76.7488,77.6256,1.4728,92790400
1993-07-26,78.2496,79.2512,77.7504,78.2496,1.4846,65801600
1993-07-27,78.4992,78.7488,75.5008,75.5008,1.4325,112220800
1993-07-28,76.0,79.5008,74.7488,78.2496,1.4846,113459200
1993-07-29,78.0,80.7488,77.5008,79.0016,1.4989,96534400
1993-07-30,73.0016,74.2496,72.0,74.0,1.404,287936000
1993-08-02,74.7488,75.7504,72.2496,72.7488,1.3803,148208000
1993-08-03,73.0016,73.2512,72.0,73.0016,1.385,85136000
1993-08-04,73.2512,73.7504,71.7504,73.0016,1.385,94416000
1993-08-05,73.5008,75.0016,73.2512,74.7488,1.4182,67910400
1993-08-06,74.7488,75.8752,72.7488,73.2512,1.3898,71760000
1993-08-09,73.2512,74.0,72.2496,73.0016,1.385,70876800
1993-08-10,73.0016,73.2512,70.3744,71.0016,1.3471,192028800
1993-08-11,71.2512,73.0016,71.1264,72.3744,1.3731,95974400
1993-08-12,72.4992,74.4992,72.2496,74.0,1.404,77366400
1993-08-13,74.0,75.7504,73.0016,75.2512,1.4277,61900800
1993-08-16,75.7504,78.2496,75.5008,77.7504,1.4751,78451200
1993-08-17,78.0,78.4992,76.0,77.2512,1.4657,54272000
1993-08-18,77.7504,79.2512,76.4992,77.2512,1.4657,66012800
1993-08-19,77.2512,77.8752,73.7504,74.2496,1.4087,114742400
1993-08-20,73.5008,76.7488,73.2512,76.2496,1.4467,73683200
1993-08-23,75.5008,78.2496,75.5008,77.0016,1.4609,59472000
1993-08-24,76.4992,77.0016,75.7504,75.8752,1.4396,39417600
1993-08-25,75.0016,76.0,72.8736,74.2496,1.4087,68800000
1993-08-26,73.5008,73.7504,71.5008,72.1248,1.3684,136256000
1993-08-27,72.2496,72.4992,71.2512,71.8752,1.3637,67763200
1993-08-30,72.4992,73.2512,71.7504,72.624,1.3779,54012800
1993-08-31,73.7504,75.5008,73.5008,75.1264,1.4254,93020800
1993-09-01,75.2512,77.2512,75.0016,76.7488,1.4561,86035200
1993-09-02,77.2512,78.4992,76.1248,76.624,1.4538,55497600
1993-09-03,76.4992,76.7488,75.2512,75.7504,1.4372,26800000
1993-09-07,75.7504,76.2496,74.2496,74.7488,1.4182,38659200
1993-09-08,74.0,74.7488,73.2512,74.4992,1.4135,54777600
1993-09-09,75.0016,76.4992,74.4992,76.2496,1.4467,29856000
1993-09-10,77.0016,78.2496,76.2496,78.0,1.4799,56540800
1993-09-13,78.4992,78.4992,76.2496,76.3744,1.449,33481600
1993-09-14,76.0,76.2496,74.2496,75.2512,1.4277,57756800
1993-09-15,75.7504,76.7488,74.3744,76.4992,1.4514,60428800
1993-09-16,76.7488,77.2512,75.7504,76.0,1.4419,25641600
1993-09-17,75.5008,76.4992,75.2512,76.0,1.4419,25286400
1993-09-20,76.2496,77.7504,75.0016,75.6256,1.4348,34691200
1993-09-21,75.5008,77.376,74.7488,76.0,1.4419,57846400
1993-09-22,76.0,78.0,75.2512,77.2512,1.4657,72051200
1993-09-23,77.2512,79.2512,76.7488,78.7488,1.4941,72214400
1993-09-24,78.4992,80.7488,78.4992,80.0,1.5178,91481600
1993-09-27,81.7504,82.4992,81.2512,82.2496,1.5605,73472000
1993-09-28,82.2496,84.2496,82.2496,84.0,1.5937,84012800
1993-09-29,83.7504,84.0,80.7488,83.0016,1.5748,87529600
1993-09-30,82.7488,83.2512,82.2496,82.4992,1.5652,38400000
1993-10-01,82.4992,83.2512,82.0,82.0,1.5558,46048000
1993-10-04,82.4992,84.0,82.4992,82.624,1.5676,40505600
1993-10-05,82.7488,84.7488,82.4992,83.2512,1.5795,86931200
1993-10-06,83.2512,85.5008,83.0016,84.8736,1.6103,77321600
1993-10-07,85.0016,85.7504,83.7504,84.1248,1.5961,41596800
1993-10-08,84.2496,84.7488,82.2496,84.4992,1.6032,38086400
1993-10-11,84.4992,84.7488,82.2496,84.0,1.5937,36457600
1993-10-12,84.2496,85.2512,82.2496,84.2496,1.5985,79296000
1993-10-13,83.7504,84.2496,81.2512,83.2512,1.5795,62409600
1993-10-14,83.7504,84.0,82.0,82.1248,1.5581,63257600
1993-10-15,82.2496,83.0016,80.2496,80.7488,1.532,126425600
1993-10-18,81.0016,83.2512,80.7488,83.0016,1.5748,67750400
1993-10-19,82.0,84.0,79.5008,80.2496,1.5226,91392000
1993-10-20,80.4992,81.7504,79.2512,81.0016,1.5368,81590400
1993-10-21,78.7488,80.0,78.0,79.5008,1.5084,127142400
1993-10-22,79.2512,80.7488,79.2512,80.3744,1.5249,47625600
1993-10-25,80.4992,81.2512,79.0016,80.4992,1.5273,48553600
1993-10-26,80.4992,80.7488,79.2512,79.5008,1.5084,66944000
1993-10-27,79.5008,80.4992,79.5008,79.8752,1.5155,45564800
1993-10-28,79.7504,80.4992,78.7488,79.0016,1.4989,56009600
1993-10-29,79.5008,80.2496,79.2512,80.1248,1.5202,39843200
1993-11-01,80.2496,81.5008,79.7504,80.8736,1.5344,30163200
1993-11-02,81.2512,81.5008,79.5008,80.2496,1.5226,42422400
1993-11-03,80.0,80.4992,77.7504,78.4992,1.4894,56796800
1993-11-04,78.7488,79.0016,76.4992,76.4992,1.4514,63177600
1993-11-05,76.2496,79.0016,76.0,78.7488,1.4941,56432000
1993-11-08,79.0016,79.5008,77.7504,78.4992,1.4894,28819200
1993-11-09,79.0016,80.0,78.0,78.2496,1.4846,36320000
1993-11-10,80.0,81.6256,79.0016,81.376,1.5439,57177600
1993-11-11,81.2512,82.4992,81.0016,81.6256,1.5487,31158400
1993-11-12,81.7504,82.4992,81.7504,81.8752,1.5534,34339200
1993-11-15,82.0,82.0,80.4992,80.4992,1.5273,29244800
1993-11-16,81.0016,82.7488,80.4992,82.2496,1.5605,47664000
1993-11-17,82.7488,83.0016,80.7488,80.7488,1.532,72217600
1993-11-18,80.7488,81.5008,80.0,80.2496,1.5226,48438400
1993-11-19,79.7504,80.2496,79.5008,80.1248,1.5202,38403200
1993-11-22,79.7504,79.7504,76.4992,77.0016,1.4609,80355200
1993-11-23,77.7504,78.4992,77.2512,77.376,1.468,98256000
1993-11-24,77.5008,79.7504,77.5008,78.7488,1.4941,32467200
1993-11-26,79.0016,79.2512,78.7488,79.0016,1.4989,6403200
1993-11-29,79.0016,80.0,79.0016,79.5008,1.5084,32105600
1993-11-30,78.4992,80.4992,78.2496,80.0,1.5178,44153600
1993-12-01,80.4992,82.2496,80.4992,81.5008,1.5463,58886400
1993-12-02,82.0,83.0016,81.7504,82.8736,1.5723,51936000
1993-12-03,83.7504,86.4992,83.5008,85.7504,1.6269,114502400
1993-12-06,85.0016,85.5008,84.0,84.8736,1.6103,59337600
1993-12-07,85.0016,86.0,85.0016,85.5008,1.6222,32780800
1993-12-08,83.0016,83.7504,82.2496,83.5008,1.5842,105900800
1993-12-09,83.5008,83.5008,80.4992,81.1264,1.5392,61465600
1993-12-10,81.2512,82.2496,80.7488,81.8752,1.5534,19916800
1993-12-13,81.5008,82.0,80.7488,81.376,1.5439,20112000
1993-12-14,81.0016,81.5008,79.2512,80.0,1.5178,47414400
1993-12-15,80.0,81.0016,79.7504,79.7504,1.5131,35219200
1993-12-16,80.0,81.0016,79.7504,80.0,1.5178,29113600
1993-12-17,80.4992,80.4992,79.7504,80.4992,1.5273,26112000
1993-12-20,81.0016,82.0,80.4992,82.0,1.5558,35462400
1993-12-21,82.0,82.4992,81.5008,82.4992,1.5652,31008000
1993-12-22,82.2496,82.4992,81.0016,81.1264,1.5392,24169600
1993-12-23,81.0016,82.2496,80.7488,80.8736,1.5344,31820800
1993-12-27,80.7488,81.2512,79.7504,80.4992,1.5273,24537600
1993-12-28,80.4992,83.0016,80.4992,82.7488,1.57,27776000
1993-12-29,82.7488,83.5008,80.4992,81.5008,1.5463,48988800
1993-12-30,81.7504,82.2496,80.7488,81.2512,1.5416,25328000
1993-12-31,81.0016,81.5008,80.2496,80.624,1.5297,22995200
1994-01-03,80.4992,80.7488,79.2512,80.1248,1.5202,36646400
1994-01-04,80.2496,80.7488,79.2512,80.4992,1.5273,45302400
1994-01-05,80.2496,82.4992,80.0,82.2496,1.5605,53974400
1994-01-06,82.624,84.7488,82.4992,84.624,1.6056,82006400
1994-01-07,84.2496,85.7504,83.2512,85.2512,1.6175,70832000
1994-01-10,85.0016,86.4992,85.0016,85.7504,1.6269,74185600
1994-01-11,85.0016,86.0,84.3744,85.2512,1.6175,35360000
1994-01-12,85.0016,85.7504,83.7504,85.5008,1.6222,39488000
1994-01-13,84.7488,85.5008,84.0,85.376,1.6198,40755200
1994-01-14,85.5008,86.0,84.7488,85.6256,1.6246,45216000
1994-01-17,85.2512,86.0,84.4992,84.7488,1.6079,30755200
1994-01-18,85.2512,85.5008,84.0,84.624,1.6056,43686400
1994-01-19,83.7504,84.2496,82.4992,83.2512,1.5795,76563200
1994-01-20,83.2512,86.3744,83.2512,86.2496,1.6364,145004800
1994-01-21,86.2496,87.0016,85.0016,86.2496,1.6364,99078400
1994-01-24,86.0,87.0016,85.0016,85.2512,1.6175,38374400
1994-01-25,85.2512,85.376,84.0,85.1264,1.6151,70361600
1994-01-26,85.0016,85.0016,84.0,84.2496,1.5985,50489600
1994-01-27,84.0,84.7488,83.2512,84.2496,1.5985,51129600
1994-01-28,84.4992,85.5008,84.2496,84.8736,1.6103,41875200
1994-01-31,85.2512,85.8752,84.7488,85.1264,1.6151,62566400
1994-02-01,85.0016,85.7504,84.4992,85.1264,1.6151,44003200
1994-02-02,84.7488,85.5008,84.0,84.0,1.5937,40924800
1994-02-03,84.2496,84.4992,83.5008,84.4992,1.6032,31792000
1994-02-04,84.0,84.4992,81.2512,81.2512,1.5416,78217600
1994-02-07,79.7504,81.2512,79.5008,80.7488,1.532,118851200
1994-02-08,80.4992,80.4992,78.0,78.7488,1.4941,149875200
1994-02-09,78.4992,80.2496,78.0,79.6256,1.5107,98585600
1994-02-10,79.7504,80.7488,79.0016,79.376,1.506,66620800
1994-02-11,79.2512,79.5008,78.0,78.7488,1.4941,53747200
1994-02-14,79.0016,79.5008,78.7488,79.1264,1.5013,55270400
1994-02-15,79.7504,80.2496,79.2512,79.7504,1.5131,28876800
1994-02-16,80.2496,80.2496,78.7488,78.7488,1.4941,43731200
1994-02-17,79.0016,79.5008,78.0,78.624,1.4917,85017600
1994-02-18,78.4992,80.7488,78.4992,80.0,1.5178,79465600
1994-02-22,80.0,80.2496,78.4992,79.5008,1.5084,63235200
1994-02-23,79.7504,82.0,78.2496,81.0016,1.5368,139462400
1994-02-24,80.0,80.7488,79.2512,79.8752,1.5155,82553600
1994-02-25,80.2496,81.2512,79.7504,81.0016,1.5368,52995200
1994-02-28,81.2512,83.0016,81.0016,82.4992,1.5652,55494400
1994-03-01,83.0016,83.2512,82.2496,83.2512,1.5795,48070400
1994-03-02,81.7504,83.0016,81.0016,82.7488,1.57,68499200
1994-03-03,83.0016,83.2512,80.4992,81.0016,1.5368,31564800
1994-03-04,81.0016,81.5008,80.4992,81.0016,1.5368,25705600
1994-03-07,81.2512,82.2496,80.7488,81.2512,1.5416,30540800
1994-03-08,81.2512,81.2512,79.7504,81.0016,1.5368,24723200
1994-03-09,81.2512,81.7504,80.0,80.8736,1.5344,37024000
1994-03-10,81.5008,82.2496,80.4992,80.8736,1.5344,46588800
1994-03-11,81.0016,82.2496,80.7488,81.7504,1.551,34857600
1994-03-14,82.4992,84.2496,82.2496,83.8752,1.5914,69203200
1994-03-15,84.0,85.2512,83.5008,84.8736,1.6103,62934400
1994-03-16,85.0016,85.2512,84.4992,84.7488,1.6079,41286400
1994-03-17,84.7488,85.2512,84.4992,84.4992,1.6032,30992000
1994-03-18,84.4992,85.0016,83.5008,84.7488,1.6079,36857600
1994-03-21,85.0016,85.376,83.0016,83.2512,1.5795,65078400
1994-03-22,82.2496,85.7504,82.2496,84.7488,1.6079,89024000
1994-03-23,85.2512,87.5008,85.0016,86.2496,1.6364,116441600
1994-03-24,85.7504,87.2512,85.0016,87.2512,1.6554,60166400
1994-03-25,87.0016,89.2512,87.0016,87.5008,1.6601,102051200
1994-03-28,87.5008,88.0,83.7504,86.3744,1.6388,118403200
1994-03-29,86.4992,86.4992,82.4992,82.4992,1.5652,78339200
1994-03-30,82.7488,85.0016,82.4992,83.6256,1.5866,86860800
1994-03-31,83.5008,85.7504,82.4992,84.7488,1.6079,72297600
1994-04-04,82.4992,85.7504,82.0,84.4992,1.6032,73996800
1994-04-05,85.2512,87.7504,85.0016,87.7504,1.6649,101878400
1994-04-06,87.5008,89.2512,87.2512,89.0016,1.6886,80780800
1994-04-07,89.2512,90.1248,88.7488,89.7504,1.7028,76630400
1994-04-08,89.7504,90.0,86.7488,87.0016,1.6507,118710400
1994-04-11,87.0016,87.2512,86.0,87.0016,1.6507,40400000
1994-04-12,86.7488,86.7488,84.0,84.7488,1.6079,84969600
1994-04-13,84.7488,85.5008,83.0016,84.8736,1.6103,69644800
1994-04-14,84.4992,85.2512,83.7504,84.1248,1.5961,53088000
1994-04-15,83.5008,85.2512,83.5008,84.8736,1.6103,35241600
1994-04-18,84.7488,85.7504,82.2496,83.0016,1.5748,78006400
1994-04-19,87.0016,89.5008,85.7504,88.1248,1.672,291273600
1994-04-20,88.4992,89.6256,87.0016,89.5008,1.6981,104732800
1994-04-21,89.5008,91.7504,89.2512,91.5008,1.736,141980800
1994-04-22,92.0,92.7488,90.7488,91.7504,1.7408,66060800
1994-04-25,92.0,94.2496,91.5008,93.7504,1.7787,142745600
1994-04-26,94.4992,95.2512,94.0,94.9376,1.8012,113193600
1994-04-28,95.2512,95.2512,91.7504,92.1248,1.7479,141382400
1994-04-29,92.0,93.5008,91.2512,92.4992,1.755,56803200
1994-05-02,92.7488,95.5616,92.0,95.5008,1.8119,79260800
1994-05-03,95.2512,95.5008,93.2512,93.5008,1.774,41929600
1994-05-04,93.7504,95.2512,92.7488,95.1264,1.8048,68889600
1994-05-05,95.2512,96.2496,94.0,94.3744,1.7906,56374400
1994-05-06,93.2512,94.2496,90.8736,92.4992,1.755,96403200
1994-05-09,91.7504,93.6256,91.6256,92.2496,1.7502,47600000
1994-05-10,93.0016,94.4992,92.7488,94.0,1.7834,65305600
1994-05-11,94.0,94.2496,92.7488,93.5008,1.774,57433600
1994-05-12,93.5008,95.296,93.2512,94.4992,1.7929,58998400
1994-05-13,97.5008,97.5008,94.4992,96.4992,1.8309,179920000
1994-05-16,96.2496,96.7488,94.7488,95.0016,1.8025,56633600
1994-05-17,95.0016,95.2512,93.5008,94.624,1.7953,122464000
1994-05-18,95.2512,97.5008,94.7488,97.0624,1.8416,96953600
1994-05-19,97.2512,99.0016,97.0016,98.3744,1.8664,89651200
1994-05-20,98.0,99.2512,97.2512,97.7504,1.8546,78140800
1994-05-23,49.0,51.0,48.5008,50.5632,1.9187,74947200
1994-05-24,51.2496,51.8752,50.2496,51.1248,1.94,85144000
1994-05-25,51.0,52.7504,50.2496,52.5008,1.9922,86003200
1994-05-26,52.7504,52.7504,51.2496,52.0,1.9732,64296000
1994-05-27,51.7504,52.7504,51.2496,52.3744,1.9874,47544000
1994-05-31,52.2496,53.7664,51.8752,53.7504,2.0396,76000000
1994-06-01,53.5008,53.5008,52.3744,53.0,2.0111,100764800
1994-06-02,53.2496,53.3744,52.0,52.2496,1.9826,60291200
1994-06-03,52.5008,53.5008,52.2496,52.8752,2.0064,86841600
1994-06-06,52.6256,54.6256,51.7504,54.5008,2.0681,764504000
1994-06-07,54.0,54.2496,53.5008,53.6256,2.0349,166171200
1994-06-08,53.6256,53.6256,51.6256,52.0,1.9732,203835200
1994-06-09,51.8752,52.5632,51.7504,52.2496,1.9826,79356800
1994-06-10,52.2496,53.0,51.8752,52.5632,1.9945,53726400
1994-06-13,52.6256,53.3744,51.8752,52.8752,2.0064,56628800
1994-06-14,53.1248,54.1248,53.0,53.5632,2.0325,59249600
1994-06-15,53.6256,54.6256,53.2496,54.2496,2.0585,58860800
1994-06-16,54.2496,54.2496,53.5008,53.5632,2.0325,48478400
1994-06-17,53.5008,53.6256,52.8752,53.0,2.0111,47622400
1994-06-20,52.5008,53.5008,52.3744,53.5008,2.0301,45668800
1994-06-21,52.1248,53.3744,52.0,52.6256,1.9969,86995200
1994-06-22,52.7504,53.0,51.2496,51.5008,1.9542,82924800
1994-06-23,51.5008,52.2496,50.0,50.1248,1.902,85979200
1994-06-24,50.0,50.3744,49.2496,49.5008,1.8783,81454400
1994-06-27,49.7504,52.1248,49.3744,51.8752,1.9684,76161600
1994-06-28,52.0,52.7504,50.1872,51.312,1.9471,99417600
1994-06-29,51.3744,51.8752,50.8752,51.3744,1.9494,53435200
1994-06-30,51.7504,52.1248,51.0,51.6256,1.959,40827200
1994-07-01,51.6256,51.7504,49.8592,50.2496,1.9068,66622400
1994-07-05,50.3744,51.0,49.0,49.1248,1.8641,40430400
1994-07-06,48.5632,49.0,47.7504,48.312,1.8332,89254400
1994-07-07,48.5008,50.5008,47.9376,50.3744,1.9115,89667200
1994-07-08,49.8752,50.8752,49.1248,49.5008,1.8783,48945600
1994-07-11,49.6256,49.6256,47.7504,48.3744,1.8356,85406400
1994-07-12,48.2496,48.2496,46.8752,48.0,1.8214,83752000
1994-07-13,48.2496,49.5008,47.8752,49.5008,1.8783,82956800
1994-07-14,49.3744,49.6256,48.3744,48.7504,1.8499,81446400
1994-07-15,48.7504,49.3744,48.0,48.6256,1.8451,45520000
1994-07-18,51.5008,51.7504,49.5008,50.5008,1.9163,150499200
1994-07-19,50.6256,50.6256,49.6256,50.1248,1.902,70126400
1994-07-20,50.0,50.0,47.8752,48.3744,1.8356,112604800
1994-07-21,48.6256,48.8752,47.5008,47.7504,1.8119,85740800
1994-07-22,48.5008,50.7504,47.2496,50.5632,1.9187,152916800
1994-07-25,50.6256,51.6256,50.2496,51.1872,1.9423,51513600
1994-07-26,51.1248,51.2496,49.7504,50.3744,1.9115,54308800
1994-07-27,50.3744,50.3744,49.5008,49.5008,1.8783,29291200
1994-07-28,49.5008,50.2496,49.2496,49.5008,1.8783,39899200
1994-07-29,49.8752,51.6256,49.6256,51.5008,1.9542,67064000
1994-08-01,51.6256,53.6256,51.5008,53.3744,2.0253,83934400
1994-08-02,53.7504,54.6256,52.6256,52.8128,2.004,95249600
1994-08-03,53.7504,54.0,53.1248,53.3744,2.0253,58771200
1994-08-04,53.5008,53.6256,52.7504,52.7504,2.0017,40192000
1994-08-05,52.6256,52.8752,52.2496,52.5008,1.9922,31204800
1994-08-08,52.3744,53.0,52.0,53.0,2.0111,34537600
1994-08-09,53.0,53.8752,52.7504,53.5008,2.0301,40198400
1994-08-10,53.5008,54.3744,53.2496,54.1248,2.0538,48646400
1994-08-11,53.8752,56.0,53.8752,55.2496,2.0965,81428800
1994-08-12,55.3744,55.6256,54.8752,55.2496,2.0965,38088000
1994-08-15,55.5008,55.5008,54.3744,54.4368,2.0656,36113600
1994-08-16,54.8752,55.1248,54.0,54.8752,2.0823,56779200
1994-08-17,55.3744,56.2496,55.1248,55.8752,2.1202,79790400
1994-08-18,55.8752,56.3744,55.3744,55.5008,2.106,61276800
1994-08-19,55.8752,56.0,54.7504,54.8752,2.0823,74761600
1994-08-22,55.0,55.0,54.5008,54.6256,2.0728,62835200
1994-08-23,54.6256,56.3744,54.5008,55.5008,2.106,58363200
1994-08-24,55.5008,56.0,55.5008,55.7504,2.1155,35246400
1994-08-25,55.8752,56.7504,55.7504,56.1872,2.1321,55174400
1994-08-26,56.3744,57.7504,56.2496,56.8752,2.1582,60961600
1994-08-29,57.3744,58.1248,57.0,57.0624,2.1653,56625600
1994-08-30,57.0,58.5008,56.6256,58.3744,2.2151,39851200
1994-08-31,58.3744,59.2496,57.7504,58.1248,2.2056,60968000
1994-09-01,57.0,57.0,55.7504,56.1248,2.1297,115568000
1994-09-02,56.5008,56.5008,55.7504,56.0,2.125,46964800
1994-09-06,55.8752,56.2496,55.688,56.0,2.125,28804800
1994-09-07,56.2496,57.8128,56.1248,56.8752,2.1582,43588800
1994-09-08,57.0,58.0,57.0,57.9376,2.1985,28377600
1994-09-09,56.1248,57.8752,55.8752,56.8752,2.1582,60800000
1994-09-12,57.1248,57.1248,55.8752,56.1248,2.1297,36238400
1994-09-13,56.3744,57.8752,56.3744,57.5632,2.1843,41134400
1994-09-14,57.7504,58.1248,57.5008,57.6256,2.1866,29968000
1994-09-15,57.6256,58.2496,57.3744,58.2496,2.2103,40640000
1994-09-16,58.0,58.1248,56.7504,56.8752,2.1582,52921600
1994-09-19,57.1248,57.2496,56.6256,56.8752,2.1582,48350400
1994-09-20,56.8752,57.1248,55.9376,56.0,2.125,40276800
1994-09-21,56.312,57.3744,55.0,57.2496,2.1724,82948800
1994-09-22,57.2496,57.5008,56.6256,57.0,2.1629,44320000
1994-09-23,56.8752,57.5008,56.0,56.0,2.125,48371200
1994-09-26,56.0,56.0,55.2496,55.5632,2.1084,29921600
1994-09-27,55.5008,56.5008,54.8752,56.5008,2.144,50585600
1994-09-28,56.6256,57.5008,56.5008,57.0,2.1629,33355200
1994-09-29,56.8752,57.2496,56.3744,56.5008,2.144,27105600
1994-09-30,56.5008,57.5008,56.1248,56.1248,2.1297,34608000
1994-10-03,56.1248,56.3744,55.5008,55.8752,2.1202,28833600
1994-10-04,56.0,56.1248,54.8752,55.0,2.087,42622400
1994-10-05,54.8752,55.8752,54.1248,55.5008,2.106,50985600
1994-10-06,55.5008,55.8752,54.2496,54.5008,2.0681,40790400
1994-10-07,54.6256,54.8752,53.8752,54.3744,2.0633,51518400
1994-10-10,54.3744,55.3744,54.3744,54.7504,2.0775,39480000
1994-10-11,55.1248,56.6256,55.1248,55.8128,2.1179,55692800
1994-10-12,55.8752,56.5008,55.7504,56.2496,2.1344,27912000
1994-10-13,56.6256,57.7504,56.6256,57.2496,2.1724,63033600
1994-10-14,57.2496,57.3744,55.1872,55.9376,2.1226,99878400
1994-10-17,56.0,56.2496,55.0,55.1248,2.0917,31160000
1994-10-18,55.2496,56.7504,55.0624,56.6256,2.1487,52686400
1994-10-19,56.6256,58.0,56.2496,57.6256,2.1866,59488000
1994-10-20,58.2496,59.8752,57.8752,59.6256,2.2625,136558400
1994-10-21,59.2496,59.6256,58.3744,59.3744,2.253,67099200
1994-10-24,59.5008,59.5008,58.3744,58.8752,2.2341,57145600
1994-10-25,58.7504,59.7504,58.3744,59.688,2.2649,44780800
1994-10-26,59.8752,61.1248,59.7504,61.0,2.3147,97904000
1994-10-27,61.1248,61.6256,60.7504,61.6256,2.3384,41238400
1994-10-28,61.6256,62.3744,61.3744,62.1248,2.3574,58414400
1994-10-31,62.2496,63.7504,62.0,63.0,2.3906,59932800
1994-11-01,62.7504,62.8752,62.1248,62.7504,2.3811,39624000
1994-11-02,62.7504,64.1248,62.5008,63.0,2.3906,61408000
1994-11-03,63.0,63.2496,62.3744,62.6256,2.3764,63441600
1994-11-04,62.6256,63.1248,61.312,61.5008,2.3337,46947200
1994-11-07,61.5008,62.0,60.8752,61.8752,2.3479,47094400
1994-11-08,61.8752,63.8752,61.688,63.6256,2.4143,43328000
1994-11-09,64.2496,64.6256,63.1248,63.7504,2.4191,60206400
1994-11-10,63.5008,64.3744,63.5008,63.688,2.4167,24689600
1994-11-11,62.2496,62.688,60.7504,62.2496,2.3621,132899200
1994-11-14,62.7504,64.5008,62.7504,64.5008,2.4475,48934400
1994-11-15,64.5008,65.1248,64.2496,64.5632,2.4499,52544000
1994-11-16,64.7504,64.8752,64.5008,64.6256,2.4523,30196800
1994-11-17,64.6256,64.7504,63.8752,64.2496,2.438,33232000
1994-11-18,64.1248,64.7504,64.0,64.1248,2.4333,25694400
1994-11-21,64.5008,64.7504,63.3744,63.5008,2.4096,35560000
1994-11-22,63.2496,63.8752,61.8752,62.0,2.3526,56358400
1994-11-23,61.6256,62.0624,61.0624,61.5008,2.3337,87507200
1994-11-25,61.7504,62.3744,61.6256,62.2496,2.3621,12563200
1994-11-28,62.5008,63.5008,62.2496,63.3744,2.4048,43449600
1994-11-29,63.6256,64.3744,63.5008,64.1248,2.4333,37673600
1994-11-30,64.2496,64.2496,62.7504,62.8752,2.3858,40934400
1994-12-01,62.6256,63.4064,62.5008,62.5632,2.374,43096000
1994-12-02,62.7504,63.2496,62.0,63.2496,2.4001,37715200
1994-12-05,63.3744,64.2496,63.1248,63.312,2.4024,38166400
1994-12-06,63.2496,64.1248,63.0,63.3744,2.4048,38830400
1994-12-07,63.5008,63.8752,63.0,63.0,2.3906,36744000
1994-12-08,63.1248,63.7504,62.2496,62.5008,2.3716,41934400
1994-12-09,62.5008,63.2496,62.2496,63.1248,2.3953,79956800
1994-12-12,63.1248,63.5008,61.6256,63.1248,2.3953,65313600
1994-12-13,63.3744,63.5008,62.2496,62.7504,2.3811,30219200
1994-12-14,62.5008,63.6256,62.5008,63.2496,2.4001,33641600
1994-12-15,63.3744,64.1248,63.0,63.5008,2.4096,28854400
1994-12-16,63.6256,64.2496,63.2032,63.3744,2.4048,54020800
1994-12-19,63.3744,63.6256,62.5008,62.6256,2.3764,31507200
1994-12-20,62.6256,62.7504,58.7504,59.8752,2.272,253456000
1994-12-21,60.2496,61.6256,60.1248,61.5008,2.3337,69395200
1994-12-22,61.5008,62.0,60.2496,60.6256,2.3005,57355200
1994-12-23,60.6256,61.3744,60.3744,60.8752,2.31,19486400
1994-12-27,61.0,61.6256,60.6256,60.7504,2.3052,20566400
1994-12-28,60.7504,61.0,60.0,61.0,2.3147,34961600
1994-12-29,60.8752,61.8752,60.6256,61.8128,2.3455,23446400
1994-12-30,61.8752,61.8752,61.1248,61.1248,2.3194,20686400
1995-01-03,61.5008,61.5008,60.1248,60.1872,2.2838,39545600
1995-01-04,60.2496,60.7504,59.5008,60.6256,2.3005,51611200
1995-01-05,60.8752,61.0,59.3744,59.6256,2.2625,39824000
1995-01-06,59.8752,61.2496,59.7504,60.6256,2.3005,46681600
1995-01-09,60.8752,61.0,59.7504,60.2496,2.2862,46000000
1995-01-10,60.6256,61.5008,60.5008,61.0,2.3147,42184000
1995-01-11,61.1248,61.7504,60.7504,61.3744,2.3289,31512000
1995-01-12,61.2496,62.1248,61.0,61.2496,2.3242,26996800
1995-01-13,62.0,63.0,61.8752,62.7504,2.3811,41307200
1995-01-16,63.2496,64.5008,63.0,64.1248,2.4333,74648000
1995-01-17,64.7504,65.1248,64.3744,64.6256,2.4523,73932800
1995-01-18,64.8752,65.2496,64.2496,65.0624,2.4688,50504000
1995-01-19,64.5008,65.0,63.4368,63.5008,2.4096,67108800
1995-01-20,62.8752,63.5008,61.2496,61.6256,2.3384,82388800
1995-01-23,61.0,63.0,60.5008,62.8128,2.3835,53843200
1995-01-24,63.0,63.1248,62.0,62.016,2.3532,36739200
1995-01-25,61.6256,62.2496,61.0,61.7504,2.3432,52459200
1995-01-26,60.8752,61.0,59.7504,59.8752,2.272,80836800
1995-01-27,60.1248,60.2496,59.7504,59.8752,2.272,58376000
1995-01-30,60.1248,60.1248,58.8752,59.0,2.2388,55164800
1995-01-31,59.1248,59.7504,58.2496,59.3744,2.253,59945600
1995-02-01,59.3744,60.7504,58.984,59.1248,2.2435,66705600
1995-02-02,58.7504,59.3744,58.3744,59.0,2.2388,46312000
1995-02-03,59.5008,60.5008,59.2496,60.1248,2.2815,60332800
1995-02-06,60.1248,61.1248,60.1248,60.8752,2.31,48345600
1995-02-07,60.7504,61.1248,60.6256,61.0,2.3147,33152000
1995-02-08,61.2496,62.0,61.0,61.8752,2.3479,49150400
1995-02-09,62.1248,62.5008,61.7504,61.8752,2.3479,42398400
1995-02-10,62.0,62.6256,61.5008,62.0,2.3526,49862400
1995-02-13,62.0,62.7504,61.6256,62.0,2.3526,38160000
1995-02-14,62.1248,62.2496,61.5008,61.8752,2.3479,31121600
1995-02-15,60.1248,61.3744,59.6256,60.7504,2.3052,147001600
1995-02-16,60.8752,61.1248,60.2496,60.8752,2.31,56744000
1995-02-17,60.7504,60.8752,60.2496,60.3744,2.2909,37824000
1995-02-21,60.5008,60.7504,59.5008,59.7504,2.2673,55392000
1995-02-22,59.7504,62.0,59.6256,61.5008,2.3337,60902400
1995-02-23,61.2496,62.1248,61.0,61.6256,2.3384,59939200
1995-02-24,61.3744,61.8752,61.2496,61.2496,2.3242,34177600
1995-02-27,61.3744,62.0,61.1248,61.7504,2.3432,28592000
1995-02-28,61.8752,63.2496,61.7504,63.0,2.3906,52544000
1995-03-01,63.1248,64.0,62.7504,63.2496,2.4001,52032000
1995-03-02,63.2496,63.7504,63.1248,63.7504,2.4191,26038400
1995-03-03,63.6256,63.8752,63.1248,63.6256,2.4143,31776000
1995-03-06,63.2496,64.3744,62.8752,64.312,2.4404,45156800
1995-03-07,64.3744,66.016,64.2496,65.344,2.4795,91750400
1995-03-08,65.7504,68.6256,65.7504,68.5008,2.5993,140096000
1995-03-09,68.5008,68.7504,66.8752,67.8752,2.5756,58238400
1995-03-10,67.8752,68.7504,66.5008,68.5632,2.6017,44324800
1995-03-13,68.6256,69.688,68.2496,69.0,2.6183,34550400
1995-03-14,69.3744,72.0,69.2496,71.7504,2.7226,78643200
1995-03-15,71.7504,71.8752,70.3744,70.5008,2.6752,57294400
1995-03-16,70.0,70.5008,69.6256,70.1248,2.6609,47510400
1995-03-17,70.5008,71.7504,69.8752,69.9376,2.6538,59868800
1995-03-20,70.1248,71.5008,70.0,71.1248,2.6989,37772800
1995-03-21,71.2496,71.5008,70.3744,70.4368,2.6728,74772800
1995-03-22,70.5008,71.0,69.8752,70.9376,2.6918,52464000
1995-03-23,71.3744,73.2496,71.2496,72.7504,2.7606,105286400
1995-03-24,73.2496,74.1248,73.1248,73.8752,2.8032,65683200
1995-03-27,72.7504,73.8752,72.6256,73.0,2.77,61008000
1995-03-28,72.8752,74.0,72.8752,73.6256,2.7938,47603200
1995-03-29,73.6256,74.0,72.0624,72.2496,2.7416,65763200
1995-03-30,72.5008,72.7504,70.3744,72.1248,2.7368,75011200
1995-03-31,71.7504,72.1248,70.5008,71.1248,2.6989,63080000
1995-04-03,71.0,71.3744,69.5008,70.0,2.6562,65617600
1995-04-04,70.2496,71.5008,69.7504,69.8752,2.6515,66689600
1995-04-05,69.8752,70.6256,68.7504,70.6256,2.6799,65792000
1995-04-06,70.6256,70.8752,69.4368,70.0,2.6562,35414400
1995-04-07,70.2496,70.7504,69.5008,69.6256,2.642,43148800
1995-04-10,69.5008,71.2496,69.3744,70.9376,2.6918,43169600
1995-04-11,71.6256,72.1408,71.1248,72.1248,2.7368,43624000
1995-04-12,72.1248,73.2496,70.7504,71.6256,2.7179,40430400
1995-04-13,71.7504,72.5008,71.1248,72.5008,2.7511,32814400
1995-04-17,75.5008,78.1248,75.5008,77.3744,2.936,187913600
1995-04-18,77.3744,77.5008,76.0,76.7504,2.9123,75609600
1995-04-19,76.6256,77.0,75.5008,76.1248,2.8886,59163200
1995-04-20,76.5008,76.8752,74.0,75.2496,2.8554,83913600
1995-04-21,75.6256,75.8752,74.8752,75.0,2.8459,53555200
1995-04-24,75.3744,77.7664,75.1248,77.7504,2.9503,68089600
1995-04-25,77.6256,80.1248,77.6256,80.0,3.0357,69371200
1995-04-26,79.7504,80.2496,79.1248,79.6256,3.0214,44305600
1995-04-27,79.6256,80.5008,76.3744,78.6256,2.9835,128844800
1995-04-28,78.8752,82.1248,78.6256,81.7504,3.1021,92104000
1995-05-01,81.8752,83.7504,81.7504,82.1248,3.1163,65550400
1995-05-02,82.1248,82.2496,79.5008,79.5632,3.0191,78099200
1995-05-03,80.2496,81.0,80.2496,80.8752,3.0689,61566400
1995-05-04,81.5008,83.2496,81.0,81.5008,3.0926,66524800
1995-05-05,81.3744,81.6256,79.8752,80.0,3.0357,43707200
1995-05-08,79.8752,80.3744,79.1248,79.8752,3.0309,43988800
1995-05-09,80.0,80.3744,79.1248,79.8128,3.0286,36748800
1995-05-10,80.1248,80.3744,78.8752,79.2496,3.0072,38688000
1995-05-11,79.1248,81.5008,79.0,81.3744,3.0878,38673600
1995-05-12,81.3744,82.2496,80.3744,80.7504,3.0641,36192000
1995-05-15,80.6256,82.0,79.8752,81.312,3.0854,35232000
1995-05-16,81.5008,85.016,81.5008,84.8752,3.2206,86708800
1995-05-17,85.2496,86.8752,85.1248,86.0,3.2633,66515200
1995-05-18,85.6256,86.7504,84.6256,84.6256,3.2112,58326400
1995-05-19,84.2496,85.5008,84.0,85.3744,3.2396,45190400
1995-05-22,85.3744,87.5008,84.0,87.2496,3.3107,91382400
1995-05-23,87.5008,88.5008,86.032,88.5008,3.3582,55516800
1995-05-24,89.1248,89.5008,87.0,87.5008,3.3203,68684800
1995-05-25,87.8752,89.3744,87.1248,89.2496,3.3866,43440000
1995-05-26,89.1872,89.2496,87.0,87.5008,3.3203,52934400
1995-05-30,88.0,88.3744,82.6256,83.0,3.1495,99612800
1995-05-31,83.2496,84.7504,81.0,84.688,3.2135,119756800
1995-06-01,85.0,85.6256,83.8752,84.1248,3.1922,61153600
1995-06-02,83.7504,84.1248,82.6256,83.1248,3.1542,55556800
1995-06-05,82.6256,85.3744,81.7504,84.7504,3.2159,55852800
1995-06-06,84.8752,86.016,83.1248,83.1248,3.1542,49036800
1995-06-07,82.8752,84.7504,82.1248,84.0,3.1874,64590400
1995-06-08,84.1248,84.6256,83.6256,84.1248,3.1922,29320000
1995-06-09,83.7504,85.8752,82.6256,84.8752,3.2206,81214400
1995-06-12,84.6256,84.7504,83.2496,83.7504,3.178,45832000
1995-06-13,84.1248,84.7504,83.3744,83.8752,3.1827,37691200
1995-06-14,83.3744,84.1248,82.7504,83.8128,3.1803,43096000
1995-06-15,84.0,85.0,83.8752,84.8752,3.2206,43912000
1995-06-16,85.0,87.5008,84.8752,87.0,3.3013,92278400
1995-06-19,87.2496,89.8912,86.8752,89.8128,3.408,78982400
1995-06-20,90.3744,91.3744,89.7504,91.3744,3.4673,56670400
1995-06-21,91.8752,92.3744,90.0,90.5008,3.4341,57224000
1995-06-22,90.6256,92.0,90.6256,91.8752,3.4863,46296000
1995-06-23,90.7504,92.1872,90.2496,91.1248,3.4578,46356800
1995-06-26,91.0,91.1248,89.5008,89.7504,3.4056,41048000
1995-06-27,89.5008,90.5008,86.7504,86.8752,3.2965,66004800
1995-06-28,86.7504,89.0,84.8752,87.8752,3.3345,107286400
1995-06-29,88.0,89.7504,88.0,89.3744,3.3914,57643200
1995-06-30,89.6256,91.0,89.6256,90.3744,3.4293,53342400
1995-07-03,90.8752,91.1248,90.3744,90.9376,3.4507,16763200
1995-07-05,91.6256,92.0,90.3744,90.688,3.4412,48547200
1995-07-06,90.6256,93.0,90.3744,92.7504,3.5195,47070400
1995-07-07,92.8752,95.6256,92.7504,95.6256,3.6286,66699200
1995-07-10,96.0,99.7504,95.7504,98.8752,3.7519,111982400
1995-07-11,99.0,99.1248,96.5008,96.5008,3.6618,78227200
1995-07-12,96.7504,100.0,96.7504,99.8752,3.7898,94675200
1995-07-13,100.1248,101.5008,98.1248,100.1248,3.7993,84811200
1995-07-14,98.2496,103.6256,98.0,103.6256,3.9321,89905600
1995-07-17,107.7504,109.2496,106.5008,109.0,4.1361,155830400
1995-07-18,107.0,107.1248,101.2496,101.8752,3.8657,289624000
1995-07-19,97.0,98.7504,88.5008,94.5008,3.5859,305092800
1995-07-20,95.2496,97.3744,94.0,96.1248,3.6475,177848000
1995-07-21,94.0,96.0,91.7504,92.0,3.491,169257600
1995-07-24,92.6256,93.7504,92.1248,93.6256,3.5527,94811200
1995-07-25,95.5008,97.6256,95.0,96.3744,3.657,109422400
1995-07-26,97.6256,98.1248,94.8752,96.0,3.6428,77470400
1995-07-27,96.5008,97.6256,96.2496,96.5008,3.6618,52916800
1995-07-28,96.0,96.0,92.0,92.6256,3.5147,158468800
1995-07-31,93.1248,93.5008,90.0,90.5008,3.4341,101435200
1995-08-01,90.7504,90.8912,87.8752,89.5008,3.3962,166144000
1995-08-02,91.0,92.6256,88.0,89.0,3.3772,129804800
1995-08-03,88.0,91.3744,87.5008,91.1248,3.4578,113536000
1995-08-04,91.3744,93.8752,91.2496,93.8752,3.5622,77705600
1995-08-07,94.5008,95.5008,91.7504,93.6256,3.5527,64273600
1995-08-08,94.1248,94.8752,93.3744,93.5008,3.548,43913600
1995-08-09,97.7504,98.1248,96.0,96.5008,3.6618,144384000
1995-08-10,97.0,97.1248,93.8752,94.1248,3.5716,71883200
1995-08-11,94.7504,96.6256,92.1248,96.5008,3.6618,97195200
1995-08-14,96.8752,99.2496,95.7504,98.7504,3.7472,88872000
1995-08-15,99.2496,99.3744,96.8752,98.3744,3.7329,63267200
1995-08-16,98.3744,98.8752,97.1248,98.7504,3.7472,38118400
1995-08-17,98.8752,100.7504,98.64,99.1248,3.7614,74564800
1995-08-18,99.688,99.7504,97.0,97.1248,3.6855,77502400
1995-08-21,97.5008,98.2496,94.3744,94.5008,3.5859,110491200
1995-08-22,95.1248,99.3744,94.3744,99.312,3.7685,94320000
1995-08-23,100.0,100.5008,97.5008,97.8752,3.7139,111188800
1995-08-24,98.1248,98.1248,95.5008,96.1248,3.6475,95275200
1995-08-25,96.3744,96.7504,94.3744,94.3744,3.5811,73489600
1995-08-28,94.3744,94.3744,89.8752,90.0624,3.4175,112622400
1995-08-29,90.1248,91.8752,87.0,91.8752,3.4863,163929600
1995-08-30,92.8752,93.7504,91.5008,93.2496,3.5384,79499200
1995-08-31,93.3744,94.0,91.5008,92.5008,3.51,38764800
1995-09-01,91.7504,92.0,89.3744,89.7504,3.4056,80262400
1995-09-05,90.8752,95.1248,90.2496,95.0,3.6048,92052800
1995-09-06,95.2496,96.5008,93.0,93.5008,3.548,100265600
1995-09-07,94.2496,96.6256,93.2496,94.6256,3.5906,93932800
1995-09-08,93.7504,95.6256,93.2496,95.5008,3.6238,64417600
1995-09-11,95.3744,97.8752,95.0,97.6256,3.7045,77408000
1995-09-12,97.7504,97.7504,95.6256,96.2496,3.6523,71155200
1995-09-13,96.1248,97.0,95.1248,96.1248,3.6475,61208000
1995-09-14,96.1248,96.5008,94.7504,94.8752,3.6001,54230400
1995-09-15,94.7504,95.3744,92.5008,93.4368,3.5455,88316800
1995-09-18,93.2496,93.3744,90.8752,92.0,3.491,76827200
1995-09-19,92.0,94.5008,91.5008,93.312,3.5408,58011200
1995-09-20,93.5008,94.6256,92.6256,93.1248,3.5337,44652800
1995-09-21,91.2496,93.0624,90.5008,90.6256,3.4389,83836800
1995-09-22,89.8752,90.7504,89.0,89.7504,3.4056,99899200
1995-09-25,90.5008,90.6256,88.5008,90.2336,3.424,57878400
1995-09-26,90.3744,91.8752,88.1248,88.2496,3.3487,76548800
1995-09-27,88.0,88.7504,83.3744,88.6256,3.363,140756800
1995-09-28,89.0,91.5008,88.8752,91.5008,3.4721,105510400
1995-09-29,91.6256,92.7504,90.0624,90.5008,3.4341,95158400
1995-10-02,90.5008,90.8752,88.1248,88.2496,3.3487,67731200
1995-10-03,88.1248,89.2496,87.2496,88.8752,3.3724,80736000
1995-10-04,88.1248,88.1248,85.5008,86.1248,3.2681,73473600
1995-10-05,86.0,87.5008,85.0,87.5008,3.3203,101289600
1995-10-06,87.5008,89.0,85.5008,85.8752,3.2586,76616000
1995-10-09,84.8752,85.7504,82.7504,83.1248,3.1542,108614400
1995-10-10,81.2496,84.1248,80.3744,83.7504,3.178,157644800
1995-10-11,85.8752,87.3744,85.0,86.6256,3.2871,107009600
1995-10-12,87.0,88.1248,86.6256,87.6256,3.325,78700800
1995-10-13,88.5008,88.7504,86.0,86.2496,3.2728,68644800
1995-10-16,85.7504,87.3744,85.5008,86.7504,3.2918,61067200
1995-10-17,87.2496,91.5008,86.7504,91.1248,3.4578,123140800
1995-10-18,98.2496,98.6256,94.8752,95.6256,3.6286,294329600
1995-10-19,95.2496,97.0,94.7504,96.7504,3.6713,95840000
1995-10-20,96.5008,96.8752,94.8752,95.5008,3.6238,79984000
1995-10-23,95.0,97.1248,94.5008,96.3744,3.657,93473600
1995-10-24,96.3744,98.1248,96.3744,97.5008,3.6997,68681600
1995-10-25,97.6256,97.7504,95.8752,95.8752,3.6381,60211200
1995-10-26,95.7504,98.1248,95.3744,98.0,3.7187,82841600
1995-10-27,97.5008,100.1408,97.3744,100.0,3.7946,130683200
1995-10-30,99.2496,103.3744,98.5008,102.7504,3.8989,125464000
1995-10-31,103.0,103.3744,99.7504,100.0,3.7946,91958400
1995-11-01,100.1248,101.0,98.2496,98.3744,3.7329,72819200
1995-11-02,98.6256,100.3744,98.2496,100.0,3.7946,63504000
1995-11-03,100.0,100.1248,98.7504,99.5008,3.7756,40635200
1995-11-06,97.0,98.8752,96.8752,97.3744,3.6949,87729600
1995-11-07,96.5008,97.3744,92.8752,93.0,3.529,115921600
1995-11-08,93.8752,95.5008,93.3744,95.2496,3.6143,71280000
1995-11-09,96.5008,99.016,96.0,99.0,3.7566,99814400
1995-11-10,98.5008,99.0,96.6096,96.8752,3.676,60819200
1995-11-13,96.6256,97.2496,96.0624,96.312,3.6546,59003200
1995-11-14,95.8752,96.0,93.8752,94.0,3.5669,75657600
1995-11-15,94.3744,94.6256,91.8752,94.0,3.5669,108686400
1995-11-16,90.5008,91.8432,89.6256,89.8752,3.4104,195126400
1995-11-17,90.0,90.6256,87.3744,87.3744,3.3155,143803200
1995-11-20,88.3744,89.3744,85.7504,86.0,3.2633,115296000
1995-11-21,85.8752,88.7504,84.2496,88.0,3.3392,130163200
1995-11-22,88.3744,89.5008,87.2496,87.3744,3.3155,65428800
1995-11-24,87.6256,88.2496,87.3744,88.0,3.3392,15014400
1995-11-27,88.6256,89.5008,87.1408,87.2496,3.3107,79100800
1995-11-28,87.0,91.5008,86.5008,91.5008,3.4721,86537600
1995-11-29,91.8752,92.5008,89.2496,89.7504,3.4056,91067200
1995-11-30,89.5008,89.7504,86.8752,87.1248,3.306,93512000
1995-12-01,87.1248,87.8752,85.8752,86.2496,3.2728,96124800
1995-12-04,86.1248,89.6256,85.2496,87.8752,3.3345,130436800
1995-12-05,87.8752,88.1248,85.1248,86.0,3.2633,104528000
1995-12-06,86.1248,91.0,86.0,90.6256,3.4389,145272000
1995-12-07,91.1248,92.0,88.8592,90.5008,3.4341,132876800
1995-12-08,92.6256,94.6256,92.2336,94.5008,3.5859,147041600
1995-12-11,94.5008,94.7504,93.0,93.1248,3.5337,61924800
1995-12-12,93.0,93.1248,91.1248,91.3744,3.4673,44739200
1995-12-13,91.1248,92.1248,90.5008,91.7504,3.4815,39577600
1995-12-14,92.2496,93.5008,88.6256,88.7504,3.3677,92822400
1995-12-15,89.1248,89.7504,87.2496,88.3744,3.3534,115470400
1995-12-18,88.3744,89.0,85.3744,87.0,3.3013,99460800
1995-12-19,87.3744,91.016,87.3744,90.8752,3.4483,84340800
1995-12-20,91.1248,91.3744,87.0,87.1248,3.306,84980800
1995-12-21,87.7504,90.0,87.3744,90.0,3.4151,60593600
1995-12-22,90.1248,90.8752,89.1248,90.5008,3.4341,36057600
1995-12-26,90.2496,91.2496,89.8752,90.2496,3.4246,34707200
1995-12-27,90.3744,90.6256,88.3744,88.8752,3.3724,40539200
1995-12-28,88.2496,88.5008,87.2496,87.3744,3.3155,49777600
1995-12-29,87.2496,88.7504,86.2496,87.7504,3.3298,52342400
1996-01-02,87.8752,89.7504,87.3744,89.7504,3.4056,57779200
1996-01-03,89.1248,90.1248,86.7504,86.8752,3.2965,62857600
1996-01-04,87.2496,87.5008,84.8752,87.3744,3.3155,102353600
1996-01-05,86.2496,87.6256,86.1248,86.3744,3.2775,62083200
1996-01-08,86.5008,87.6256,86.1248,86.2496,3.2728,11377600
1996-01-09,86.0,86.0,79.8752,80.1872,3.0428,177424000
1996-01-10,80.5008,83.2496,80.4848,82.3744,3.1258,181571200
1996-01-11,83.5008,86.8752,83.1248,86.6256,3.2871,116617600
1996-01-12,86.5008,86.8752,83.8752,85.7504,3.2539,80544000
1996-01-15,85.8752,85.8752,81.8752,82.5008,3.1306,84572800
1996-01-16,83.6256,86.4848,83.2496,86.3744,3.2775,122006400
1996-01-17,84.7504,87.5008,84.6256,84.8752,3.2206,143078400
1996-01-18,85.5008,88.8752,85.0,87.6256,3.325,121331200
1996-01-19,90.2496,93.2496,89.6256,91.8752,3.4863,227440000
1996-01-22,91.6256,92.7504,90.8752,92.0,3.491,82643200
1996-01-23,91.3744,91.7504,89.2496,89.5008,3.3962,66473600
1996-01-24,89.8752,92.5008,89.5008,91.2496,3.4625,92217600
1996-01-25,91.3744,91.6256,89.0,89.3744,3.3914,59881600
1996-01-26,89.1248,90.8752,89.0,90.5008,3.4341,50881600
1996-01-29,90.7504,91.2496,89.36,90.3744,3.4293,39587200
1996-01-30,90.8752,91.3744,90.6256,90.8128,3.446,45120000
1996-01-31,90.7504,92.6256,90.1248,92.5008,3.51,68774400
1996-02-01,92.2496,94.2496,92.0,94.1248,3.5716,78587200
1996-02-02,94.0,94.1248,92.1248,93.0,3.529,44686400
1996-02-05,92.7504,97.2496,92.7504,97.1248,3.6855,126480000
1996-02-06,96.5008,97.5008,95.6256,96.5008,3.6618,98158400
1996-02-07,96.0,97.1248,95.4848,96.8752,3.676,65555200
1996-02-08,96.6256,99.5008,95.5008,98.8752,3.7519,103924800
1996-02-09,98.7504,100.2496,98.5008,100.1248,3.7993,122832000
1996-02-12,99.7504,101.1248,99.1248,99.5008,3.7756,87779200
1996-02-13,97.7504,100.2496,97.5008,99.6256,3.7804,114513600
1996-02-14,100.1248,100.1248,98.3744,98.7504,3.7472,80212800
1996-02-15,98.5008,99.1248,97.7504,98.5008,3.7377,52195200
1996-02-16,98.7504,99.2496,97.8752,97.8752,3.7139,62206400
1996-02-20,97.2496,98.5008,96.8752,97.7504,3.7092,64182400
1996-02-21,97.7504,100.1248,97.5008,99.8752,3.7898,80046400
1996-02-22,100.0,102.6256,100.0,102.5008,3.8895,106500800
1996-02-23,102.6256,103.6256,101.8752,103.5008,3.9274,102640000
1996-02-26,103.0,103.2496,100.5008,100.6256,3.8183,63696000
1996-02-27,100.7504,100.8128,99.7344,100.1248,3.7993,60958400
1996-02-28,100.7504,102.0,99.8752,100.1248,3.7993,60051200
1996-02-29,99.0,100.1248,98.5632,98.688,3.7448,61723200
1996-03-01,98.3744,98.6256,94.6256,95.5008,3.6238,157652800
1996-03-04,96.0,97.3744,95.5008,96.2496,3.6523,72564800
1996-03-05,96.0,98.2656,95.7504,98.1248,3.7234,57369600
1996-03-06,98.2496,98.8752,97.0,97.0,3.6807,44256000
1996-03-07,97.1248,97.6256,96.6256,97.312,3.6926,44291200
1996-03-08,95.5008,97.5008,94.7504,95.1248,3.6096,108524800
1996-03-11,95.1248,96.6256,95.1248,96.5008,3.6618,74592000
1996-03-12,96.2496,96.6256,94.7504,95.7504,3.6333,76888000
1996-03-13,98.2336,101.0,97.7504,100.8752,3.8278,156710400
1996-03-14,101.1248,101.8752,99.6256,99.6256,3.7804,60640000
1996-03-15,100.0,103.1248,99.6256,102.3744,3.8847,121721600
1996-03-18,102.3744,105.8752,102.3744,105.2496,3.9938,119472000
1996-03-19,106.3744,107.0624,104.7504,106.8752,4.0555,92491200
1996-03-20,106.2496,106.6256,103.7344,104.6256,3.9701,92944000
1996-03-21,104.2496,104.3744,100.5008,100.7504,3.823,66313600
1996-03-22,101.1248,101.4368,99.7504,101.1248,3.8373,48046400
1996-03-25,101.5008,102.3744,98.8128,99.8752,3.7898,63379200
1996-03-26,99.3744,102.8752,98.7504,102.7504,3.8989,79899200
1996-03-27,103.2496,104.0,101.1248,102.5008,3.8895,52729600
1996-03-28,101.8752,103.5008,101.1248,102.2496,3.8799,54955200
1996-03-29,102.3744,104.1248,102.1248,103.1248,3.9131,53508800
1996-04-01,103.1408,103.5008,102.1248,102.7504,3.8989,31692800
1996-04-02,102.7504,105.0,102.6256,104.6256,3.9701,54396800
1996-04-03,104.1248,105.1248,103.3744,104.5008,3.9654,46072000
1996-04-04,104.6256,104.8752,103.5008,104.3744,3.9606,28961600
1996-04-08,102.5008,103.8752,101.8752,103.7504,3.9369,73753600
1996-04-09,104.0,104.0,101.5008,101.6256,3.8563,66942400
1996-04-10,101.5008,103.0,101.2496,101.6256,3.8563,51910400
1996-04-11,101.5008,102.3744,99.6256,101.1248,3.8373,62465600
1996-04-12,101.1248,101.6256,100.5008,101.1248,3.8373,33737600
1996-04-15,101.0,103.6256,101.0,103.5152,3.928,50102400
1996-04-16,104.2496,105.5008,104.0,105.2496,3.9938,80116800
1996-04-17,105.2496,106.0,104.312,105.9376,4.0199,62630400
1996-04-18,106.0,109.2496,105.5008,109.0,4.1361,133958400
1996-04-19,111.6256,112.1248,109.5008,109.7504,4.1646,169492800
1996-04-22,110.5008,113.3744,110.2496,112.7504,4.2784,92758400
1996-04-23,112.7504,113.2496,111.3744,112.6256,4.2737,57139200
1996-04-24,113.0,113.1248,111.2496,111.5008,4.231,69251200
1996-04-25,111.5008,113.7504,110.2496,112.7504,4.2784,63896000
1996-04-26,112.7504,113.8752,112.3744,113.5008,4.3069,54296000
1996-04-29,113.3744,113.5008,112.0,112.6256,4.2737,34267200
1996-04-30,112.6256,113.2496,111.8752,113.2496,4.2973,28441600
1996-05-01,112.8752,115.2496,112.6256,115.1248,4.3685,65014400
1996-05-02,115.1248,115.2496,111.1248,111.6256,4.2357,87340800
1996-05-03,112.5008,114.5008,110.1248,110.8752,4.2072,75300800
1996-05-06,111.0,112.3744,109.6256,111.7504,4.2404,75852800
1996-05-07,111.6256,113.5008,111.6256,113.1248,4.2926,47366400
1996-05-08,112.8752,114.3744,110.7504,114.2496,4.3353,77851200
1996-05-09,114.2496,115.1248,113.2496,113.5008,4.3069,47776000
1996-05-10,114.3744,115.1408,114.1248,114.8752,4.359,43913600
1996-05-13,115.0,118.8752,115.0,118.6256,4.5013,95606400
1996-05-14,119.2496,120.0,118.2336,119.0,4.5155,76832000
1996-05-15,119.0,119.7504,117.3744,117.6256,4.4634,56323200
1996-05-16,116.0,117.3744,115.6256,117.1248,4.4444,67092800
1996-05-17,117.8752,118.0,116.3744,117.0,4.4396,35392000
1996-05-20,117.3744,117.8752,116.6256,116.7504,4.4302,38457600
1996-05-21,116.7504,116.8752,115.1248,115.1248,4.3685,42113600
1996-05-22,115.0,117.2496,114.6256,116.8752,4.4349,45646400
1996-05-23,116.8752,119.1248,116.8752,118.5008,4.4966,51976000
1996-05-24,118.5008,119.0,118.2496,118.5008,4.4966,26443200
1996-05-28,118.7504,119.1408,117.1248,117.2496,4.4491,43376000
1996-05-29,117.3744,118.2496,116.6256,117.1248,4.4444,33569600
1996-05-30,117.2496,118.2496,116.6256,118.2496,4.4871,33824000
1996-05-31,118.5632,119.3744,118.0,118.7504,4.5061,40259200
1996-06-03,118.7504,119.5008,118.1248,118.3744,4.4918,31684800
1996-06-04,118.6256,118.8752,116.2496,117.8752,4.4729,65852800
1996-06-05,118.0,121.2496,117.8752,120.8752,4.5867,50968000
1996-06-06,121.7504,123.0,119.7504,119.8128,4.5464,88136000
1996-06-07,117.6256,121.2496,117.6256,121.2496,4.6009,70198400
1996-06-10,121.0,121.2496,119.984,120.6256,4.5772,45819200
1996-06-11,120.7504,123.2496,120.6256,122.1248,4.6341,65259200
1996-06-12,122.8752,125.3744,122.7504,125.0,4.7432,88844800
1996-06-13,125.1248,125.8752,123.7504,124.6256,4.729,62577600
1996-06-14,124.7504,125.0,122.8752,123.0,4.6673,55944000
1996-06-17,123.1248,125.0,122.3744,124.6256,4.729,57499200
1996-06-18,124.5008,124.5008,122.0,122.3744,4.6436,74585600
1996-06-19,122.5008,123.1248,121.3744,121.7504,4.6199,73409600
1996-06-20,122.0,122.4848,119.0,121.7504,4.6199,102228800
1996-06-21,122.3744,124.1248,121.5008,123.8752,4.7005,56806400
1996-06-24,124.0,125.1248,123.0,124.1248,4.71,48102400
1996-06-25,124.2496,124.2496,121.3744,122.0,4.6294,41145600
1996-06-26,121.8752,122.0,119.0,120.5008,4.5725,71457600
1996-06-27,120.5008,121.0,119.0,119.9376,4.5511,77582400
1996-06-28,120.5008,121.0,119.1248,120.1248,4.5582,52000000
1996-07-01,120.2496,122.5008,120.1248,122.312,4.6412,47862400
1996-07-02,122.3744,122.6256,121.2496,121.6256,4.6152,38548800
1996-07-03,121.6256,122.8752,120.6256,121.1248,4.5962,44243200
1996-07-05,120.1248,120.1248,118.3744,118.3744,4.4918,35331200
1996-07-08,118.5008,120.7504,118.1248,120.312,4.5653,64432000
1996-07-09,120.8752,121.3744,120.0,120.0,4.5535,35571200
1996-07-10,120.0,120.0,118.1248,119.5008,4.5345,77980800
1996-07-11,118.2496,118.3744,113.7504,114.5008,4.3448,140915200
1996-07-12,115.1872,115.1872,110.4848,112.3744,4.2641,139478400
1996-07-15,112.3744,113.7504,109.8752,110.6256,4.1978,111832000
1996-07-16,110.2496,115.6256,107.5008,115.3744,4.378,182100800
1996-07-17,117.7504,118.1248,115.6256,117.1248,4.4444,126208000
1996-07-18,117.2496,120.0,115.8752,119.8752,4.5487,98537600
1996-07-19,117.7504,121.6256,117.7504,120.984,4.5908,99208000
1996-07-22,121.016,121.5008,117.8752,119.7504,4.544,144475200
1996-07-23,120.0,120.0,110.2496,112.1248,4.2547,257678400
1996-07-24,109.5008,115.7504,109.5008,114.7504,4.3543,192225600
1996-07-25,116.0,118.7504,115.1248,118.5008,4.4966,100920000
1996-07-26,119.5008,119.5008,118.2496,119.1248,4.5203,59304000
1996-07-29,119.2496,119.8752,116.7504,116.8752,4.4349,56748800
1996-07-30,117.8752,118.7504,116.1248,118.6256,4.5013,66976000
1996-07-31,119.0,119.6256,117.6256,117.8752,4.4729,56320000
1996-08-01,117.8752,120.8752,117.3744,120.6256,4.5772,96025600
1996-08-02,122.1248,123.8752,120.6256,123.3744,4.6815,109289600
1996-08-05,123.5008,123.7504,121.2496,121.7504,4.6199,55072000
1996-08-06,121.6256,124.1248,120.8752,124.0,4.7053,67388800
1996-08-07,124.3744,125.1248,122.8752,124.7504,4.7337,76790400
1996-08-08,124.1248,125.8752,123.7504,125.2496,4.7527,54379200
1996-08-09,124.7504,125.5008,123.8752,124.5008,4.7243,44313600
1996-08-12,124.2496,126.1248,124.0,125.2496,4.7527,66187200
1996-08-13,125.0,125.8752,123.3744,123.5008,4.6863,72508800
1996-08-14,123.8752,125.1248,123.7504,124.8752,4.7385,52032000
1996-08-15,124.7504,125.7504,124.3744,125.1248,4.7479,35556800
1996-08-16,125.1248,125.2496,123.7504,124.2496,4.7147,47598400
1996-08-19,123.8752,124.1248,122.2496,123.5008,4.6863,43131200
1996-08-20,123.7504,124.1248,123.2496,123.3744,4.6815,25678400
1996-08-21,122.5008,123.5008,121.7504,123.5008,4.6863,49345600
1996-08-22,124.1248,125.1248,123.5008,125.0,4.7432,50236800
1996-08-23,124.8752,125.0,123.2496,123.2496,4.6768,44006400
1996-08-26,123.3744,123.7504,122.7504,122.8752,4.6626,31944000
1996-08-27,123.1248,124.7504,123.0,124.7504,4.7337,28038400
1996-08-28,125.0,125.7504,124.8752,125.6256,4.767,32070400
1996-08-29,125.2496,125.2496,123.6256,124.1248,4.71,34182400
1996-08-30,124.2496,124.2496,122.5008,122.5008,4.6484,28088000
1996-09-03,122.0,123.3744,120.6256,123.3744,4.6815,48524800
1996-09-04,123.3744,123.6256,122.9376,123.3744,4.6815,27126400
1996-09-05,122.7504,122.7504,121.5008,121.5008,4.6104,40372800
1996-09-06,122.0,122.7504,121.6256,122.5008,4.6484,41921600
1996-09-09,122.5008,125.0,122.2496,124.8752,4.7385,41747200
1996-09-10,124.7504,125.1248,123.6256,124.3744,4.7195,38904000
1996-09-11,123.9376,125.5008,123.6256,125.1248,4.7479,36387200
1996-09-12,125.5008,129.5008,125.1872,128.6256,4.8808,95944000
1996-09-13,129.6256,131.3744,128.8752,131.0,4.9709,80137600
1996-09-16,131.1248,133.1248,131.0,131.5008,4.9899,62409600
1996-09-17,132.8752,134.6256,132.2496,133.8752,5.08,75624000
1996-09-18,134.0,137.8752,133.2496,136.5008,5.1796,86049600
1996-09-19,136.5008,138.2496,135.7504,137.7504,5.227,75912000
1996-09-20,137.0,138.6256,135.8752,138.1248,5.2412,104849600
1996-09-23,137.6256,138.1248,136.2496,137.7504,5.227,46385600
1996-09-24,137.5008,138.3744,136.1248,136.8752,5.1938,72520000
1996-09-25,137.5008,137.8752,135.3744,135.6256,5.1464,44067200
1996-09-26,135.7504,136.1248,131.7504,132.0,5.0088,92604800
1996-09-27,132.5008,135.2496,131.2496,134.3744,5.0989,98372800
1996-09-30,133.5008,134.8752,131.7504,131.8752,5.0041,89574400
1996-10-01,131.7504,133.8752,130.8752,132.1248,5.0136,69124800
1996-10-02,132.8752,135.7504,132.3744,134.7504,5.1132,68760000
1996-10-03,134.7504,135.1248,133.6256,134.0,5.0847,58294400
1996-10-04,134.6256,136.6256,134.2496,136.3744,5.1748,45166400
1996-10-07,136.3744,138.1248,135.8752,137.5008,5.2176,42432000
1996-10-08,137.7504,137.7504,135.0,135.3744,5.1369,48465600
1996-10-09,136.0,136.1248,133.2496,134.5008,5.1037,64955200
1996-10-10,133.7504,136.1248,133.3744,133.7504,5.0753,51739200
1996-10-11,134.6256,137.2496,134.2496,137.1248,5.2033,36523200
1996-10-14,137.3744,138.1248,136.3744,136.6256,5.1844,36091200
1996-10-15,138.7504,139.1248,137.3744,138.8752,5.2697,61206400
1996-10-16,138.7504,138.9376,137.0,138.0,5.2365,36427200
1996-10-17,138.2496,139.0,135.5008,135.5008,5.1417,49097600
1996-10-18,134.0,135.0,133.5632,134.7504,5.1132,69646400
1996-10-21,134.7504,136.0,133.5008,134.0,5.0847,71401600
1996-10-22,133.1248,133.3744,131.2496,132.5008,5.0278,113806400
1996-10-23,132.6256,134.7504,131.7504,134.5008,5.1037,67443200
1996-10-24,134.8752,137.3744,133.8752,136.6256,5.1844,81417600
1996-10-25,136.6256,137.8752,136.1248,136.4368,5.1772,53084800
1996-10-28,136.688,137.6256,136.2496,136.6256,5.1844,51240000
1996-10-29,136.8752,137.3744,134.8752,135.3744,5.1369,66756800
1996-10-30,135.3744,137.0,134.8752,136.2496,5.1701,60526400
1996-10-31,136.3744,137.3744,136.1248,137.2496,5.208,37028800
1996-11-01,137.2496,138.7504,136.5008,137.3744,5.2128,56531200
1996-11-04,137.2496,138.3744,136.7504,138.0,5.2365,36006400
1996-11-05,138.5008,141.5008,138.312,141.5008,5.3693,86417600
1996-11-06,141.3744,144.5008,141.0,144.5008,5.4832,71438400
1996-11-07,144.7504,146.1248,143.1248,143.5008,5.4452,76742400
1996-11-08,143.3744,143.5008,141.5008,143.5008,5.4452,67369600
1996-11-11,143.3744,144.7504,143.0,143.6256,5.45,38593600
1996-11-12,144.0,145.8752,141.5008,141.7504,5.3788,81156800
1996-11-13,143.6256,145.7504,143.1248,145.0,5.5021,90409600
1996-11-14,145.2496,149.6256,145.2496,149.6256,5.6776,114969600
1996-11-15,150.7504,150.8752,147.3744,149.0,5.6539,104041600
1996-11-18,149.3744,151.7504,148.6256,150.3744,5.7061,98585600
1996-11-19,150.5008,155.8752,150.2496,155.8752,5.9148,104739200
1996-11-20,156.0,158.0,153.2496,153.2496,5.8152,123857600
1996-11-21,154.5008,154.6256,150.0,150.3744,5.7061,130718400
1996-11-22,150.7504,152.5008,149.3744,150.5008,5.7109,94424000
1996-11-25,151.1248,153.6256,150.5008,153.5008,5.8247,75129600
1996-11-26,154.0,155.3744,152.3744,153.7504,5.8342,108238400
1996-11-27,154.1248,155.7504,153.7504,155.5008,5.9006,44446400
1996-11-29,155.5008,157.1248,155.5008,156.8752,5.9527,17152000
1996-12-02,157.5008,157.7504,155.2496,157.7504,5.986,64502400
1996-12-03,158.3744,159.5008,154.6256,154.688,5.8697,77563200
1996-12-04,155.1248,155.2496,152.1248,153.2496,5.8152,102542400
1996-12-05,153.3744,155.3744,151.8752,153.0,5.8057,74950400
1996-12-06,149.0,154.5008,148.2656,152.8752,5.801,110238400
1996-12-09,78.3752,81.8752,78.0,81.7504,6.2042,94718400
1996-12-10,84.3752,84.5624,81.7504,81.8752,6.2136,125725600
1996-12-11,81.0,83.6248,80.1248,83.3752,6.3275,113558400
1996-12-12,85.0,85.2504,81.0,81.0,6.1472,78272800
1996-12-13,81.1248,82.0,79.2344,80.0,6.0713,74532000
1996-12-16,80.2504,80.7504,76.5,76.7504,5.8247,64883200
1996-12-17,76.6248,80.1248,76.3752,79.8752,6.0618,68944800
1996-12-18,81.3752,82.7504,80.0,82.6248,6.2705,61796800
1996-12-19,84.0,85.1248,83.0,84.8752,6.4413,94609600
1996-12-20,85.5,85.6248,83.3752,83.6248,6.3464,90414400
1996-12-23,84.1248,84.7504,82.8752,83.7504,6.3559,36892800
1996-12-24,84.1248,85.1248,83.1248,84.8752,6.4413,16246400
1996-12-26,85.2504,86.1248,85.1248,85.5,6.4887,27905600
1996-12-27,85.5,85.7504,84.016,84.2504,6.3939,19079200
1996-12-30,85.3752,85.6248,83.5,83.5,6.3369,27279200
1996-12-31,84.0,84.2504,82.5,82.6248,6.2705,34367200
1997-01-02,83.1248,83.1248,80.7504,81.6248,6.1946,54480800
1997-01-03,82.2504,84.7504,82.0,84.6248,6.4223,44131200
1997-01-06,84.6248,85.2504,83.1248,84.3752,6.4034,55948000
1997-01-07,84.5,85.1248,83.3752,85.0,6.4508,36880800
1997-01-08,85.0,85.2344,83.1248,83.3752,6.3275,50593600
1997-01-09,83.7504,83.7504,82.2504,82.3752,6.2516,47763200
1997-01-10,82.0,84.3752,81.6248,84.2504,6.3939,66556800
1997-01-13,85.1248,85.5,83.5,83.7504,6.3559,50361600
1997-01-14,84.2504,86.6248,84.2504,85.3752,6.4792,63728000
1997-01-15,85.6248,86.2504,84.3752,84.6248,6.4223,53058400
1997-01-16,85.0,87.1248,85.0,86.0,6.5267,58688000
1997-01-17,85.6248,87.7504,85.5,87.1248,6.612,65368800
1997-01-20,87.0,92.8752,86.6248,90.7504,6.8872,146220800
1997-01-21,90.6248,95.0624,89.6248,95.0,7.2097,114592000
1997-01-22,95.1248,98.5,94.6248,97.3752,7.3899,129236800
1997-01-23,98.1248,99.7504,94.5,94.7504,7.1907,105048000
1997-01-24,95.1248,97.7504,94.3752,95.9376,7.2808,89817600
1997-01-27,96.5,97.3904,95.5,96.1248,7.295,53263200
1997-01-28,98.3752,98.7504,94.7504,95.6248,7.2571,64656800
1997-01-29,96.7504,97.3752,95.7504,97.2504,7.3805,48933600
1997-01-30,98.2504,101.2504,98.0,101.1248,7.6745,79937600
1997-01-31,101.8752,103.2504,100.8752,102.0,7.7409,86516000
1997-02-03,102.6248,103.3904,101.1248,102.3752,7.7694,60804800
1997-02-04,102.3752,103.2504,100.5,103.1248,7.8263,56464000
1997-02-05,103.1248,103.5,96.8752,98.3752,7.4658,110099200
1997-02-06,98.2504,98.3752,96.0,97.1248,7.3709,102122400
1997-02-07,98.3752,100.5,97.5,100.3752,7.6176,62448000
1997-02-10,100.7504,101.5,97.6248,97.7504,7.4184,66804800
1997-02-11,98.2504,98.6248,95.1248,98.5,7.4753,88834400
1997-02-12,98.3752,100.0,97.5,99.8752,7.5797,72001600
1997-02-13,100.5,101.1248,99.3752,100.0,7.5891,58292000
1997-02-14,99.3752,100.5,97.6248,97.8752,7.4279,57395200
1997-02-18,97.6248,97.8752,96.2504,97.3752,7.3899,52545600
1997-02-19,97.3752,98.1248,96.5,97.5,7.3994,56383200
1997-02-20,96.8752,97.5,95.1248,95.2504,7.2287,75395200
1997-02-21,94.8752,95.3752,94.0,95.0,7.2097,61131200
1997-02-24,94.2504,100.2504,94.0,100.1248,7.5986,68599200
1997-02-25,100.0,101.016,98.8752,99.5,7.5512,63941600
1997-02-26,99.5,100.3752,98.3752,100.2504,7.6081,48849600
1997-02-27,100.2504,100.2504,96.0,96.1248,7.295,56628800
1997-02-28,96.1248,98.3752,95.4376,97.5,7.3994,78412000
1997-03-03,97.0,100.1248,96.6248,99.5,7.5512,53874400
1997-03-04,99.2504,100.1248,98.6248,99.1248,7.5227,63920800
1997-03-05,99.5,101.0,99.2504,100.8752,7.6556,46393600
1997-03-06,100.7504,100.8752,97.7344,97.7504,7.4184,57018400
1997-03-07,98.3752,99.5,96.5,96.7504,7.3425,46032000
1997-03-10,97.1248,100.1248,95.9376,100.0,7.5891,45997600
1997-03-11,99.6248,100.5624,98.3752,98.3752,7.4658,47577600
1997-03-12,97.7504,99.5,97.7504,98.7504,7.4943,43234400
1997-03-13,98.2504,100.1248,98.0,99.6248,7.5607,45505600
1997-03-14,99.7504,100.2504,98.8752,99.0,7.5133,61327200
1997-03-17,98.5,100.7504,98.0,100.5,7.6271,83958400
1997-03-18,100.6248,100.8128,98.8752,99.6248,7.5607,59012000
1997-03-19,97.7504,98.2504,94.9376,96.7504,7.3425,111560000
1997-03-20,96.6248,97.7504,95.3752,96.0,7.2856,81410400
1997-03-21,96.5,97.1248,92.8752,94.0,7.1338,85829600
1997-03-24,93.1248,93.5,87.6248,90.1248,6.8397,186269600
1997-03-25,90.6248,91.3752,88.8752,90.3128,6.854,89701600
1997-03-26,90.7504,94.6248,90.6248,94.2504,7.1528,81270400
1997-03-27,95.1248,96.1248,91.0,93.7504,7.1149,93919200
1997-03-31,93.1248,94.5,91.2504,91.6872,6.9583,93825600
1997-04-01,90.1248,93.7504,89.7504,93.2504,7.0769,86680800
1997-04-02,92.8752,93.6248,91.0,92.0,6.982,63331200
1997-04-03,91.0,95.3752,90.6248,95.1248,7.2192,92252800
1997-04-04,93.7504,96.7504,93.7504,94.1872,7.148,94964000
1997-04-07,95.6248,97.6248,95.0,95.8752,7.2761,76511200
1997-04-08,96.6248,98.2504,95.5,98.2504,7.4564,53339200
1997-04-09,99.1248,99.2504,97.7504,98.0,7.4374,73762400
1997-04-10,97.7504,97.7504,95.5,96.7504,7.3425,67913600
1997-04-11,95.5,97.2504,94.9376,95.0,7.2097,60033600
1997-04-14,94.7504,97.3752,93.3752,97.3752,7.3899,59107200
1997-04-15,97.8752,99.0,95.8752,97.1248,7.3709,84440000
1997-04-16,96.6248,98.5,96.2504,98.2504,7.4564,42710400
1997-04-17,98.5,100.0,97.5,98.1248,7.4468,71720800
1997-04-18,104.0,107.6248,103.0,107.6248,8.1678,231764000
1997-04-21,107.0,111.8752,106.1248,107.6248,8.1678,155695200
1997-04-22,107.6248,110.8128,107.5,110.6248,8.3955,82300000
1997-04-23,110.6248,115.7504,110.3752,115.1248,8.737,102814400
1997-04-24,116.6248,117.8752,112.7504,114.1248,8.6611,118163200
1997-04-25,113.5,115.3752,113.2504,113.6248,8.6231,58566400
1997-04-28,113.7504,115.0624,111.6248,114.8752,8.718,67224000
1997-04-29,117.3752,119.1248,116.5,119.0,9.0311,73953600
1997-04-30,118.6248,122.6248,118.3752,121.5,9.2208,90204000
1997-05-01,122.0,123.2504,119.2504,121.0,9.1829,72325600
1997-05-02,122.0,123.5,118.9376,120.7504,9.1639,96192000
1997-05-05,119.6248,120.7504,115.5,120.1872,9.1212,111063200
1997-05-06,119.3752,119.7504,116.3752,117.3128,8.903,74770400
1997-05-07,116.3752,119.0,115.1248,115.5,8.7655,70532800
1997-05-08,115.2504,118.1248,115.1248,116.3752,8.8319,53834400
1997-05-09,118.0,118.5,115.7504,116.7504,8.8604,58392000
1997-05-12,117.5,118.5,117.0,118.1248,8.9647,42976000
1997-05-13,118.3752,119.2504,116.8752,117.7504,8.9362,49813600
1997-05-14,118.3752,118.6248,115.6248,115.8752,8.7939,60744800
1997-05-15,116.0,117.8752,115.8752,117.1248,8.8888,41861600
1997-05-16,116.3752,117.0,114.8752,115.4376,8.7607,59913600
1997-05-19,116.1248,117.1248,115.1248,115.1248,8.737,45632000
1997-05-20,115.8752,119.2504,115.2504,119.1248,9.0406,64876800
1997-05-21,120.6248,122.9376,119.7504,120.3752,9.1354,76620000
1997-05-22,121.0,121.6248,119.7504,120.6248,9.1544,33655200
1997-05-23,121.3752,123.0,120.8752,122.8752,9.3252,28904800
1997-05-27,122.7504,127.3752,122.3752,126.6248,9.6097,69036000
1997-05-28,127.2504,127.2504,124.8752,125.8752,9.5528,52241600
1997-05-29,127.2504,129.0624,125.0,125.8752,9.5528,51111200
1997-05-30,117.5,125.6248,117.5,124.0,9.4105,83337600
1997-06-02,125.0,125.5,123.1248,124.3752,9.439,38939200
1997-06-03,123.3752,123.5,120.6248,120.7504,9.1639,41995200
1997-06-04,120.6248,122.2504,118.2504,119.1872,9.0453,54639200
1997-06-05,120.2656,121.5,119.5,120.5624,9.1497,35892000
1997-06-06,121.3752,124.3128,121.0,124.0624,9.4153,35964000
1997-06-09,124.8752,126.1248,122.5,125.1248,9.4959,48200000
1997-06-10,125.1248,127.0624,123.7504,124.8128,9.4722,53135200
1997-06-11,124.8128,127.3752,123.5624,127.0,9.6382,49056800
1997-06-12,126.7504,128.1248,125.3752,127.0,9.6382,44614400
1997-06-13,126.7504,130.0624,126.5624,129.6248,9.8374,50116000
1997-06-16,129.6248,131.3752,128.8752,131.3752,9.9703,40612800
1997-06-17,131.5,134.9376,130.8752,134.1872,10.1837,53191200
1997-06-18,133.2504,133.5,130.0624,130.1872,9.8801,55657600
1997-06-19,128.3752,130.7504,128.0,129.3128,9.8137,65519200
1997-06-20,129.3752,131.3752,128.5,129.8752,9.8564,64240000
1997-06-23,129.8752,131.5,128.0,128.0624,9.7188,35724800
1997-06-24,129.5,132.1248,128.3752,132.0624,10.0224,39319200
1997-06-25,132.8752,133.2504,129.8128,130.4376,9.8991,49576000
1997-06-26,130.1248,130.8128,127.8752,128.2504,9.7331,37312000
1997-06-27,129.1248,130.0,127.2504,127.5,9.6762,38198400
1997-06-30,127.8752,128.7504,126.1872,126.3752,9.5908,38286400
1997-07-01,126.4376,126.8752,123.2504,124.9376,9.4817,59377600
1997-07-02,125.6248,128.5,124.0624,128.3752,9.7426,53237600
1997-07-03,130.0624,130.0624,128.5,129.5624,9.8327,28764000
1997-07-07,130.6248,131.7504,129.3752,129.5,9.8279,39320000
1997-07-08,129.3752,131.3128,128.9376,131.2504,9.9608,36007200
1997-07-09,132.5,132.6248,129.5,130.7504,9.9228,48266400
1997-07-10,130.5,131.2504,128.8752,129.8752,9.8564,43780800
1997-07-11,130.2504,131.0624,128.4376,129.7504,9.8469,38094400
1997-07-14,130.8128,136.0,130.5,135.9376,10.3165,57424000
1997-07-15,138.0624,139.2504,136.6248,138.4688,10.5086,75503200
1997-07-16,142.3752,149.5,140.0,148.4376,11.2651,111217600
1997-07-17,150.5,150.7504,146.5,149.5,11.3458,131668000
1997-07-18,145.0,147.3752,140.0,140.5,10.6627,158927200
1997-07-21,140.8752,141.0,133.7504,135.9376,10.3165,127223200
1997-07-22,136.8752,144.8128,136.7504,144.1248,10.9378,101384000
1997-07-23,145.2504,146.8752,141.0,141.4376,10.7339,95556000
1997-07-24,138.3752,140.3752,135.6248,138.0,10.473,141855200
1997-07-25,138.5,142.2504,137.2504,138.5,10.511,90308800
1997-07-28,139.2504,139.3752,135.7504,137.0,10.3971,56404000
1997-07-29,136.7504,140.0624,136.1248,139.9376,10.6201,79061600
1997-07-30,140.7504,142.0,139.6248,141.1248,10.7102,78324000
1997-07-31,142.0,142.1248,140.8752,141.3752,10.7292,42240800
1997-08-01,141.3752,141.8128,139.1872,140.6248,10.6722,58912800
1997-08-04,140.2504,142.0,139.4376,141.5624,10.7434,46312800
1997-08-05,142.2504,144.3752,142.0,143.3128,10.8762,59333600
1997-08-06,143.3128,144.6248,142.2504,143.4376,10.8857,43410400
1997-08-07,144.3128,144.3752,142.0,143.9376,10.9236,43947200
1997-08-08,142.8128,143.1248,140.0,140.0,10.6248,66815200
1997-08-11,140.0,140.2504,136.3752,138.2504,10.492,72696000
1997-08-12,139.3752,139.7504,135.8128,136.0,10.3212,60887200
1997-08-13,138.1248,138.2504,134.7504,136.0624,10.326,66731200
1997-08-14,136.0,136.7504,134.1248,136.2504,10.3402,45900800
1997-08-15,135.5,136.0,132.7504,132.8752,10.0841,51078400
1997-08-18,133.0,133.8752,131.0,133.8752,10.16,69969600
1997-08-19,134.7504,139.0,134.6248,138.8128,10.5347,91013600
1997-08-20,139.0,140.6872,137.0,140.5624,10.6675,51433600
1997-08-21,141.6248,142.3752,137.5,137.8752,10.4635,64412000
1997-08-22,135.2504,137.5,134.1248,137.2504,10.4161,72161600
1997-08-25,137.8752,139.0,135.6248,136.5,10.3592,38856800
1997-08-26,136.0,136.8752,134.7504,135.0,10.2453,34327200
1997-08-27,135.2504,135.3128,133.0,134.5624,10.2121,49371200
1997-08-28,133.5,133.7504,132.0,132.0624,10.0224,43641600
1997-08-29,132.0624,133.8752,131.7504,132.1872,10.0319,37857600
1997-09-02,133.1248,137.5,133.0,137.1872,10.4113,50112800
1997-09-03,137.6248,138.8752,136.1872,136.5624,10.3639,42872800
1997-09-04,136.0,138.5,135.7504,138.1872,10.4872,44476000
1997-09-05,139.0624,139.6872,136.2504,137.3128,10.4209,48398400
1997-09-08,137.7504,139.8128,137.7504,139.3128,10.5726,42416000
1997-09-09,139.2504,140.2504,138.3752,139.5,10.5869,39465600
1997-09-10,138.8752,139.1248,135.0624,135.1248,10.2548,53294400
1997-09-11,135.0,137.3752,132.8752,136.8128,10.3829,61779200
1997-09-12,136.8752,138.3752,135.6248,137.9376,10.4683,48576000
1997-09-15,135.6248,137.2504,130.6248,130.6872,9.918,129003200
1997-09-16,131.7504,137.0,131.0,136.3752,10.3497,102538400
1997-09-17,136.6248,136.7504,132.6248,133.1872,10.1078,61609600
1997-09-18,134.2504,135.1248,131.4376,132.2504,10.0367,61077600
1997-09-19,132.2504,135.2504,132.0,135.1872,10.2595,77435200
1997-09-22,135.0,135.8752,133.1872,133.3128,10.1173,43251200
1997-09-23,133.5624,135.5,133.1248,135.5,10.2833,39946400
1997-09-24,135.6248,136.0624,132.1248,132.4376,10.0509,60040000
1997-09-25,132.8752,134.1248,132.0624,132.7504,10.0746,39272000
1997-09-26,133.6248,133.7504,131.6248,133.3752,10.122,36652000
1997-09-29,133.5,134.7504,132.8752,134.5,10.2074,27505600
1997-09-30,134.4376,135.7504,132.2504,132.3128,10.0414,43892800
1997-10-01,132.5,134.5,131.3752,133.8752,10.16,61466400
1997-10-02,133.7504,134.6248,132.7504,133.1872,10.1078,28831200
1997-10-03,134.9376,136.2504,133.3752,134.9376,10.2406,60284800
1997-10-06,135.8752,136.2504,134.2504,135.1248,10.2548,41776800
1997-10-07,135.0,137.6872,134.6248,136.5624,10.3639,54548800
1997-10-08,136.6248,139.0624,136.2504,139.0,10.5489,71196800
1997-10-09,138.5,139.6248,138.1248,138.9376,10.5442,34672800
1997-10-10,138.3128,138.7504,136.2504,136.5,10.3592,24893600
1997-10-13,137.0,137.8752,136.5624,136.7504,10.3782,19051200
1997-10-14,137.1248,137.3752,135.3752,136.6872,10.3734,33361600
1997-10-15,135.7504,136.0,134.8752,135.7504,10.3023,45003200
1997-10-16,136.1248,136.6248,132.2504,133.9064,10.1623,47327200
1997-10-17,133.1248,134.6248,130.3752,132.2504,10.0367,87720000
1997-10-20,133.0,135.2504,127.5,132.6248,10.0651,154052800
1997-10-21,136.1248,139.2344,135.3128,138.5,10.511,115682400
1997-10-22,138.3752,138.5,135.3752,135.6872,10.2975,55775200
1997-10-23,132.0,137.2504,132.0,135.6248,10.2928,66413600
1997-10-24,136.8752,137.2504,133.2504,135.3752,10.2738,70030400
1997-10-27,134.8752,136.2504,128.6248,128.8752,9.7805,96795200
1997-10-28,132.2504,135.0,123.5,133.3752,10.122,160057600
1997-10-29,133.7504,135.0624,130.1248,130.8752,9.9323,85532800
1997-10-30,129.5,131.3752,128.5,128.6248,9.7615,72097600
1997-10-31,131.0,131.5,129.6248,130.0,9.8659,46808800
1997-11-03,131.6248,134.2504,131.3128,134.1248,10.1789,67714400
1997-11-04,134.0,134.9376,133.1872,134.2504,10.1885,49134400
1997-11-05,134.5,134.6248,132.5,133.5624,10.1362,42512800
1997-11-06,133.2504,133.5,131.7504,132.0624,10.0224,40266400
1997-11-07,130.0624,132.0,129.8752,131.5624,9.9845,63628800
1997-11-10,131.6248,132.5,129.7504,130.1872,9.8801,36764800
1997-11-11,130.4376,131.4376,129.3752,130.6248,9.9133,37013600
1997-11-12,130.1248,131.0,129.0,129.1872,9.8042,45784000
1997-11-13,130.0624,131.6248,129.1872,131.5624,9.9845,60094400
1997-11-14,131.6248,133.8752,131.3752,133.3128,10.1173,46663200
1997-11-17,134.5,135.8128,133.4376,134.8752,10.2359,60094400
1997-11-18,134.9376,135.5,133.7504,134.0,10.1695,36683200
1997-11-19,133.6248,135.1248,133.3752,135.0624,10.2501,31720800
1997-11-20,135.2504,137.1248,134.8752,136.8752,10.3877,53680800
1997-11-21,137.8128,138.0,136.3752,137.8752,10.4635,68220800
1997-11-24,137.1248,138.1248,135.5,135.5,10.2833,39084000
1997-11-25,135.8752,139.2504,135.7504,139.0,10.5489,56463200
1997-11-26,139.0,141.8752,138.2504,141.5624,10.7434,63053600
1997-11-28,141.2504,142.2504,141.1248,141.5,10.7386,17392800
1997-12-01,141.9376,144.0,141.6248,143.8128,10.9142,49006400
1997-12-02,143.5624,144.8752,142.0,142.2504,10.7956,50167200
1997-12-03,141.6872,145.0624,141.0,144.6872,10.9805,57712000
1997-12-04,144.7504,145.8752,142.2504,142.5624,10.8193,62630400
1997-12-05,142.1248,144.7504,142.1248,143.1248,10.8619,48136000
1997-12-08,143.5,146.6248,143.1248,146.1248,11.0896,49952800
1997-12-09,145.0,145.3752,143.5,144.3128,10.9521,51782400
1997-12-10,142.2504,143.2504,141.0,142.2504,10.7956,66434400
1997-12-11,140.3752,141.0,138.8752,139.0624,10.5536,70189600
1997-12-12,137.7504,138.5,136.0,136.7504,10.3782,54308000
1997-12-15,136.4376,137.0,133.0,136.1248,10.3307,84305600
1997-12-16,135.8752,140.3752,135.0,139.0624,10.5536,65401600
1997-12-17,139.8752,140.3752,135.5,135.6248,10.2928,51472000
1997-12-18,134.5,134.7504,130.3752,130.8752,9.9323,98774400
1997-12-19,128.7504,130.1872,126.2504,128.6872,9.7663,138065600
1997-12-22,129.1248,130.0,125.8752,127.0,9.6382,59063200
1997-12-23,127.0624,128.2504,123.0,123.3128,9.3584,67195200
1997-12-24,123.7504,123.8752,118.0,118.9376,9.0263,88411200
1997-12-26,118.8752,120.7504,118.7504,120.7504,9.1639,32388800
1997-12-29,122.3752,126.7504,122.1248,126.3128,9.5861,67815200
1997-12-30,126.4376,131.0,126.2504,130.2504,9.8849,77864800
1997-12-31,131.0,131.5,129.0,129.2504,9.809,46147200
1998-01-02,129.6248,131.5,129.5,131.1248,9.9512,39748000
1998-01-05,131.2504,133.6248,127.8752,130.3752,9.8944,80377600
1998-01-06,129.7504,133.0,129.2504,131.1248,9.9512,67834400
1998-01-07,129.8752,131.1872,127.5,129.5624,9.8327,61492800
1998-01-08,128.6248,132.1248,127.5,130.5,9.9038,77619200
1998-01-09,130.0624,131.5,125.8752,127.0,9.6382,87534400
1998-01-12,124.6248,130.0,124.3752,129.5,9.8279,78393600
1998-01-13,129.5,132.2504,128.1248,132.1248,10.0271,66945600
1998-01-14,132.1248,132.5,129.2504,131.1248,9.9512,54774400
1998-01-15,130.3752,133.0,129.8752,132.3128,10.0414,50622400
1998-01-16,132.3752,135.3752,132.3128,135.2504,10.2643,72943200
1998-01-20,134.1248,138.0,134.0,137.8128,10.4588,64956000
1998-01-21,137.2504,138.4376,135.6248,137.0,10.3971,85567200
1998-01-22,135.5624,139.8752,135.3128,138.6248,10.5204,159139200
1998-01-23,138.7504,139.4376,136.7032,138.2504,10.492,63312000
1998-01-26,139.8752,141.8752,138.4528,141.7504,10.7576,74277600
1998-01-27,142.3752,145.8752,141.5624,145.1872,11.0185,97540800
1998-01-28,146.2504,149.5,145.5,149.0,11.3078,79387200
1998-01-29,148.9376,150.1248,147.5,148.2504,11.2509,73571200
1998-01-30,148.6248,150.0,147.6248,149.1872,11.322,50071200
1998-02-02,151.7504,155.1248,150.5,154.8752,11.7537,98397600
1998-02-03,155.1248,156.1248,153.8128,155.8752,11.8296,61374400
1998-02-04,155.8752,158.0,155.0624,156.8128,11.9007,61940800
1998-02-05,158.1248,158.7504,154.7504,155.4376,11.7964,67014400
1998-02-06,155.3752,158.2504,155.1248,158.1248,12.0003,50070400
1998-02-09,158.7504,158.8752,155.6248,157.1872,11.9292,54681600
1998-02-10,157.2504,159.5,156.7504,159.2504,12.0857,48099200
1998-02-11,159.3752,160.0624,157.0624,158.9376,12.062,76460000
1998-02-12,158.0624,158.9376,156.4376,158.7504,12.0478,76658400
1998-02-13,158.6248,158.7504,157.3752,157.5,11.9529,42203200
1998-02-17,158.5,158.5,153.8752,154.3752,11.7158,85673600
1998-02-18,154.6248,156.0,153.7504,154.6248,11.7347,76608800
1998-02-19,155.5,156.0624,154.2504,154.8752,11.7537,73773600
1998-02-20,155.5,155.7504,152.8752,155.1248,11.7726,86092000
1998-02-23,80.9376,81.6876,79.3752,81.6252,12.3893,120803600
1998-02-24,83.3752,84.9376,81.8752,82.1252,12.4652,118302000
1998-02-25,83.4376,85.0,83.0624,84.9376,12.8921,94944400
1998-02-26,85.5,85.6876,84.4376,85.5,12.9774,61388000
1998-02-27,85.5624,86.0,84.5624,84.75,12.8636,47532400
1998-03-02,85.8752,85.8752,83.0624,83.3124,12.6454,50093600
1998-03-03,82.6252,84.5624,82.5624,84.5,12.8256,50753600
1998-03-04,82.4376,83.8124,81.5624,82.3124,12.4936,71513600
1998-03-05,79.25,81.4376,79.25,80.0624,12.1521,92255600
1998-03-06,80.3124,82.75,80.25,82.75,12.56,51404800
1998-03-09,82.5,82.5,79.5,79.5936,12.0809,52256000
1998-03-10,81.1876,81.5,79.9376,81.5,12.3703,47406400
1998-03-11,82.0,82.0,79.75,80.6876,12.247,39838800
1998-03-12,82.5,82.6252,80.8124,81.8752,12.4273,47962000
1998-03-13,82.4376,83.0,81.5624,82.3752,12.5031,32542400
1998-03-16,82.4376,82.75,81.3752,82.0,12.4462,27979600
1998-03-17,81.6876,81.6876,79.6876,80.3752,12.1996,53842400
1998-03-18,80.0624,81.8124,79.8752,81.75,12.4082,33887600
1998-03-19,81.5,82.3124,81.25,82.0,12.4462,30299200
1998-03-20,82.1252,83.0,80.5,81.8124,12.4177,56310000
1998-03-23,81.1876,84.6252,81.0624,83.8752,12.7308,55050000
1998-03-24,84.1876,85.0624,83.4376,84.9376,12.8921,32281600
1998-03-25,90.5,90.9376,87.25,88.8124,13.4802,124244800
1998-03-26,88.5,89.5624,87.5,88.25,13.3948,45441200
1998-03-27,89.3752,89.3752,87.5624,87.8124,13.3284,38924000
1998-03-30,88.0624,88.6252,87.1252,87.9376,13.3474,27463200
1998-03-31,88.6252,89.75,88.5,89.5,13.5846,38177200
1998-04-01,89.8124,90.6252,88.5,90.3752,13.7174,36835600
1998-04-02,90.6876,91.9376,89.8752,91.3124,13.8597,41414800
1998-04-03,92.0,93.0624,91.5,93.0,14.1158,40987600
1998-04-06,92.6252,92.6252,89.0624,89.9376,13.651,74232000
1998-04-07,89.3124,90.6252,86.75,87.25,13.2431,62630800
1998-04-08,86.75,89.0,86.6252,88.9376,13.4992,36793200
1998-04-09,87.9376,89.6252,87.5,89.0,13.5087,33619200
1998-04-13,88.8124,89.0,86.75,88.6252,13.4518,33156400
1998-04-14,88.6876,89.5624,87.5,88.4376,13.4233,28476800
1998-04-15,89.25,91.3752,88.8752,91.3752,13.8692,40498400
1998-04-16,90.3752,92.0624,90.1876,91.6876,13.9166,39695600
1998-04-17,91.5,92.25,90.3124,92.1252,13.983,37402800
1998-04-20,92.3752,95.0,92.1876,94.6252,14.3625,45535200
1998-04-21,94.6876,95.0,93.1252,94.8752,14.4004,51938400
1998-04-22,96.0,99.1252,95.6252,98.8752,15.0076,80154000
1998-04-23,97.25,97.3752,94.1408,94.5,14.3435,64215200
1998-04-24,93.5,94.75,91.8752,92.1252,13.983,51436000
1998-04-27,89.5,90.5312,88.5,90.3124,13.7079,58752000
1998-04-28,92.1252,92.25,89.0156,89.8752,13.6415,56668000
1998-04-29,90.0624,91.5,89.6252,90.5,13.7363,50061600
1998-04-30,91.5,91.6252,89.6876,90.1252,13.6795,54473600
1998-05-01,90.1876,90.5,88.1252,89.6252,13.6036,35996000
1998-05-04,89.1876,89.8752,87.9376,88.0624,13.3664,37899600
1998-05-05,87.6252,89.5624,87.0,87.75,13.3189,50828000
1998-05-06,87.5,87.5,86.0,86.3752,13.1103,48110800
1998-05-07,86.1876,86.25,83.1876,83.3752,12.6549,78022000
1998-05-08,81.8752,86.1252,81.8752,85.75,13.0154,96274800
1998-05-11,86.1252,86.1876,84.0624,84.25,12.7877,51474400
1998-05-12,83.25,85.75,83.25,85.6876,13.0059,64147200
1998-05-13,88.6876,88.75,86.5,86.9376,13.1956,80680400
1998-05-14,85.8752,91.0,85.8124,88.9376,13.4992,94774400
1998-05-15,90.1252,90.1876,88.75,89.4376,13.5751,48150800
1998-05-18,84.5,86.5,84.5,86.0624,13.0628,80395600
1998-05-19,85.8124,86.9376,85.5624,86.5,13.1292,52234400
1998-05-20,86.1252,86.8752,85.3752,85.75,13.0154,35698800
1998-05-21,85.8124,87.3752,85.5,86.3752,13.1103,36680000
1998-05-22,86.6252,86.75,85.4376,85.5624,12.9869,36129200
1998-05-26,85.3124,86.1876,83.5,83.6252,12.6929,44473600
1998-05-27,82.8752,86.1252,82.8752,86.0,13.0533,58574400
1998-05-28,85.75,86.3752,85.0624,86.3124,13.1007,30746800
1998-05-29,86.3752,86.5,84.75,84.8124,12.8731,34091200
1998-06-01,83.8752,84.6092,83.1252,83.75,12.7118,42436800
1998-06-02,84.0624,85.9376,83.8752,85.5,12.9774,38570800
1998-06-03,85.8752,86.4376,84.1252,84.3124,12.7972,36010800
1998-06-04,84.6876,86.1252,83.6252,86.0624,13.0628,33717600
1998-06-05,85.8752,86.5,84.75,86.25,13.0913,34431600
1998-06-08,85.6252,86.3124,85.0,85.6876,13.0059,18886400
1998-06-09,85.3124,87.5624,85.25,87.0624,13.2146,35690400
1998-06-10,86.6252,88.3752,85.8752,86.0,13.0533,33290400
1998-06-11,86.4376,87.1252,85.1252,85.3124,12.949,41271200
1998-06-12,84.8752,86.1252,84.0,85.75,13.0154,41323600
1998-06-15,84.6876,87.3124,84.5624,85.9376,13.0439,42846000
1998-06-16,86.3124,89.9376,85.5,89.8752,13.6415,61138400
1998-06-17,89.9376,92.3752,89.75,91.0624,13.8217,76147600
1998-06-18,90.8124,91.75,90.3752,91.1876,13.8407,39228400
1998-06-19,92.8752,94.75,92.5,94.6876,14.372,91226800
1998-06-22,94.75,95.9376,93.6876,95.8124,14.5427,48969600
1998-06-23,95.8124,100.8752,95.25,100.75,15.2921,124675200
1998-06-24,101.6876,105.1252,99.9376,104.9376,15.9277,105724800
1998-06-25,105.8752,106.8752,101.3752,101.5624,15.4154,88969600
1998-06-26,102.25,104.6252,102.0,104.4376,15.8518,55680400
1998-06-29,105.5,107.6876,105.25,107.4376,16.3072,65906000
1998-06-30,105.25,108.5624,104.6252,108.3752,16.4495,77010000
1998-07-01,109.1252,110.1252,107.1876,109.3752,16.6013,53470400
1998-07-02,108.8124,109.1252,107.1252,107.25,16.2787,27321200
1998-07-06,106.8752,108.0624,105.3752,107.8124,16.3641,35307600
1998-07-07,107.8124,108.5624,106.5,107.9376,16.3831,32422800
1998-07-08,108.1252,110.1252,106.75,109.8752,16.6772,41553600
1998-07-09,110.0,112.0,109.75,111.0,16.8479,43690000
1998-07-10,111.1252,113.25,109.8752,113.1876,17.1799,45396800
1998-07-13,114.1252,118.25,113.6252,117.5624,17.844,69223200
1998-07-14,118.25,118.75,115.5,116.5,17.6827,56972400
1998-07-15,116.0,118.0,115.6252,117.3752,17.8155,48690000
1998-07-16,118.0624,118.8752,116.6252,117.3752,17.8155,65125200
1998-07-17,117.5,119.6252,115.9376,117.9376,17.9009,83108400
1998-07-20,118.1876,119.5,116.8124,117.0,17.7586,45794800
1998-07-21,116.8752,119.0,112.5,112.8124,17.123,74605200
1998-07-22,112.0,117.25,111.8752,116.75,17.7206,71654400
1998-07-23,116.3124,117.5,113.0,113.0,17.1515,51029600
1998-07-24,113.75,115.6252,112.5,113.8124,17.2748,60366400
1998-07-27,113.1252,116.75,110.6876,116.75,17.7206,58998000
1998-07-28,116.0,116.8752,112.0,112.25,17.0376,78378400
1998-07-29,113.25,114.25,110.0624,110.6876,16.8005,59738000
1998-07-30,111.9376,113.6252,110.75,113.4376,17.2179,72746400
1998-07-31,112.9376,113.5156,109.9376,109.9376,16.6866,53705200
1998-08-03,109.1252,110.8752,107.3752,108.4376,16.459,73566400
1998-08-04,108.6252,109.6252,104.1876,104.5,15.8613,91412000
1998-08-05,104.1252,106.25,101.5,104.3124,15.8328,120208800
1998-08-06,103.75,106.9376,103.6252,106.8752,16.2218,68308000
1998-08-07,107.4376,107.5,105.0624,105.8752,16.07,54972400
1998-08-10,105.8124,106.3124,104.4376,104.4376,15.8518,46763200
1998-08-11,102.8752,104.3752,102.0,103.4376,15.7001,60976400
1998-08-12,104.3124,105.1876,103.0,105.0624,15.9467,53760000
1998-08-13,104.1252,106.0,103.75,103.9376,15.7759,51193200
1998-08-14,104.6876,105.0624,103.5,104.25,15.8234,29566400
1998-08-17,103.5,107.3752,103.0,107.3124,16.2882,54073200
1998-08-18,107.8752,111.8124,107.3752,111.25,16.8858,70591200
1998-08-19,112.25,112.75,110.25,110.5624,16.7815,55709600
1998-08-20,110.1252,112.75,109.6876,112.5624,17.085,49970400
1998-08-21,111.1252,111.8752,108.75,110.6252,16.791,59523600
1998-08-24,110.3124,112.0,110.0,110.3752,16.7531,26319200
1998-08-25,111.3752,113.6876,111.1252,112.8124,17.123,58026800
1998-08-26,111.25,113.75,110.8752,112.5624,17.085,44804400
1998-08-27,110.5624,112.75,108.5,109.25,16.5823,74874000
1998-08-28,108.25,109.6252,104.75,105.25,15.9751,72730000
1998-08-31,104.8752,106.5,95.75,95.9376,14.5617,132690400
1998-09-01,95.25,101.75,94.5,101.25,15.368,140112400
1998-09-02,101.8124,104.25,100.25,100.5624,15.2636,63438400
1998-09-03,98.75,100.75,98.3752,99.25,15.0644,67506800
1998-09-04,99.6876,100.25,96.1252,96.6252,14.666,50890400
1998-09-08,100.0,102.0624,99.0624,101.9688,15.4771,60625600
1998-09-09,102.25,104.4376,101.6252,102.25,15.5198,65480800
1998-09-10,100.0,101.1252,98.6876,100.75,15.2921,60758000
1998-09-11,101.1252,104.6252,100.1252,104.25,15.8234,58989200
1998-09-14,104.9376,107.0624,104.8752,106.0,16.089,45086800
1998-09-15,105.8752,108.4376,105.1252,108.3124,16.44,49367600
1998-09-16,107.8752,108.5,106.1252,108.1876,16.421,42886800
1998-09-17,105.3124,106.5,104.8124,104.9376,15.9277,45178400
1998-09-18,105.75,106.25,104.3124,105.3752,15.9941,47361600
1998-09-21,102.5,108.0624,102.3752,107.8752,16.3736,45872000
1998-09-22,108.4376,109.8752,106.75,109.1876,16.5728,43082000
1998-09-23,109.6252,113.8752,108.5,113.6252,17.2464,65263600
1998-09-24,113.1252,114.6252,109.0,110.1252,16.7151,63521600
1998-09-25,109.1252,113.1252,108.6252,113.0624,17.1609,47878400
1998-09-28,113.0,114.3752,109.75,111.3124,16.8953,41405200
1998-09-29,111.8124,114.0,111.3752,112.8752,17.1325,48743200
1998-09-30,112.3124,113.5624,110.0312,110.0624,16.7056,38875600
1998-10-01,108.0624,109.5,104.0,104.0624,15.7949,65442400
1998-10-02,103.3752,105.1876,101.0,104.1252,15.8044,65889600
1998-10-05,102.5,102.8752,96.5,101.1876,15.3585,114937600
1998-10-06,102.5,103.6252,97.3752,97.6252,14.8178,76550000
1998-10-07,97.3752,99.75,93.3752,94.1252,14.2866,90710400
1998-10-08,90.5624,91.8752,87.75,91.1876,13.8407,144719200
1998-10-09,93.1876,97.0,92.25,96.8752,14.704,72661600
1998-10-12,99.25,101.0,98.5,99.75,15.1403,51502800
1998-10-13,99.5,99.75,95.75,96.4376,14.6376,47995600
1998-10-14,95.8752,101.3752,95.8752,100.1876,15.2068,62403200
1998-10-15,100.1252,105.6252,99.6252,105.4376,16.0036,66253600
1998-10-16,106.0,106.5,104.0,105.0624,15.9467,68620000
1998-10-19,104.1252,104.1876,101.1252,102.9376,15.6242,60177600
1998-10-20,103.25,103.3752,99.6252,100.25,15.2162,94368400
1998-10-21,104.8752,106.8752,103.0624,106.4376,16.1554,125377200
1998-10-22,106.0,110.1252,105.25,110.0,16.6961,81910800
1998-10-23,109.0,110.0,106.1876,106.3752,16.1459,59882000
1998-10-26,106.8124,108.0,105.6876,107.0624,16.2502,59678400
1998-10-27,107.75,107.8752,105.0,105.4376,16.0036,65434800
1998-10-28,104.8752,106.6252,104.8752,105.6876,16.0416,56808400
1998-10-29,105.4376,107.5,105.4376,106.6252,16.1839,52402800
1998-10-30,107.25,108.1876,105.1252,105.8752,16.07,59322800
1998-11-02,106.3752,106.8752,105.0,105.8124,16.0605,48388400
1998-11-03,105.5,106.5624,104.75,105.1876,15.9657,36546800
1998-11-04,105.8124,107.3124,104.8752,105.5,16.0131,67459600
1998-11-05,105.3124,107.6252,105.25,106.3752,16.1459,76727200
1998-11-06,106.0624,109.75,105.9376,109.3124,16.5917,74461200
1998-11-09,109.1876,111.3752,108.8124,110.6876,16.8005,68956800
1998-11-10,110.1252,113.4376,110.0624,112.0624,17.0091,72075600
1998-11-11,113.4376,114.75,110.8752,111.0624,16.8574,63899200
1998-11-12,110.25,111.1252,108.5,108.75,16.5064,38526800
1998-11-13,108.4376,110.5,108.3752,110.0,16.6961,28368800
1998-11-16,111.3124,111.75,107.5,108.8124,16.5159,42620400
1998-11-17,109.0,112.3752,108.9376,111.8752,16.9807,58744000
1998-11-18,109.5624,111.0624,109.1252,109.75,16.6582,41691200
1998-11-19,109.0624,112.5,109.0624,111.75,16.9617,45220800
1998-11-20,112.75,113.75,111.25,113.6252,17.2464,48405200
1998-11-23,112.5,120.1876,112.5,119.1876,18.0906,110870400
1998-11-24,118.6876,125.0624,118.6252,121.6876,18.4701,101114800
1998-11-25,122.6876,124.3752,120.75,124.25,18.859,41394000
1998-11-27,125.1252,128.1252,124.3124,128.0624,19.4377,26335600
1998-11-30,129.3752,130.2656,121.9376,122.0,18.5175,70900000
1998-12-01,120.25,129.75,120.1252,129.5,19.6559,86330800
1998-12-02,129.1876,129.75,125.5,126.75,19.2385,65759600
1998-12-03,126.8752,128.9376,122.0,122.1252,18.5365,51426800
1998-12-04,124.9376,127.3752,124.0,127.3752,19.3334,44352000
1998-12-07,127.6876,133.75,126.75,133.5624,20.2725,89809200
1998-12-08,132.8752,134.25,129.75,131.1876,19.912,77585200
1998-12-09,132.1252,133.8124,130.0,133.6252,20.282,44781600
1998-12-10,133.1252,134.6252,131.3752,131.5624,19.9689,57015600
1998-12-11,131.0,134.6876,130.75,134.0,20.3389,51728800
1998-12-14,132.75,133.75,127.6876,127.9376,19.4187,64077600
1998-12-15,129.3124,132.0,129.25,131.8752,20.0164,51719600
1998-12-16,132.5,135.1252,129.1252,133.75,20.301,60024000
1998-12-17,134.1876,134.8752,132.25,134.3752,20.3958,46963600
1998-12-18,135.0,138.25,134.1252,137.8124,20.9176,59648000
1998-12-21,138.6252,142.1876,137.75,140.4376,21.316,48112000
1998-12-22,140.5,140.5,137.3752,138.4376,21.0125,41350000
1998-12-23,140.3752,143.8124,139.3752,143.5624,21.7903,34940000
1998-12-24,143.6252,144.0,141.5,141.75,21.5152,13832400
1998-12-28,143.0,143.6252,141.5,142.3752,21.6101,23636400
1998-12-29,142.5624,142.5624,139.6252,140.5,21.3255,29651600
1998-12-30,140.8752,143.3592,138.8752,139.0,21.0978,34942800
1998-12-31,139.1876,140.0,138.0,138.6876,21.0504,23834400
1999-01-04,139.6092,145.25,139.3752,141.0,21.4014,69305200
1999-01-05,141.8752,148.0,141.4376,146.5,22.2362,64281600
1999-01-06,149.5,151.5,146.75,151.25,22.9572,69064800
1999-01-07,149.75,150.6252,148.25,150.5,22.8433,51150400
1999-01-08,152.1876,152.5,147.0,149.8752,22.7485,50244800
1999-01-11,150.8752,150.9376,144.25,147.5,22.388,46463200
1999-01-12,148.1252,148.1252,141.0,142.1876,21.5816,57907200
1999-01-13,136.0,147.75,136.0,143.8124,21.8283,75346000
1999-01-14,145.25,145.5624,141.5,141.75,21.5152,59214000
1999-01-15,142.9376,150.0,141.3752,149.75,22.7295,59344000
1999-01-19,151.3752,158.3752,150.8752,155.6252,23.6212,102741600
1999-01-20,166.9376,167.75,162.4844,162.6252,24.6837,125481200
1999-01-21,161.75,163.3124,157.75,158.3124,24.0291,80077200
1999-01-22,155.6252,160.2344,155.25,156.25,23.7161,82160000
1999-01-25,161.6876,163.3124,159.1252,161.8752,24.5699,103076400
1999-01-26,165.5,171.75,164.5,171.5624,26.0402,120203200
1999-01-27,172.5,174.4376,168.5,168.6252,25.5944,98048000
1999-01-28,171.75,174.0624,169.8124,174.0,26.4102,78838400
1999-01-29,174.75,175.1252,170.8752,175.0,26.562,79571600
1999-02-01,175.4376,175.9376,170.8124,172.9376,26.249,81729200
1999-02-02,172.5,172.5624,166.25,167.6252,25.4426,91965600
1999-02-03,166.3752,169.8752,166.0,166.8124,25.3193,73749200
1999-02-04,168.1252,168.3752,158.8752,159.0624,24.1429,89151600
1999-02-05,160.25,161.6252,154.8752,160.0,24.2853,127945200
1999-02-08,162.5624,165.5624,161.6252,165.25,25.0821,109866800
1999-02-09,164.9376,166.75,159.75,160.0624,24.2947,77293600
1999-02-10,159.8752,164.3752,158.6252,160.6252,24.3801,73694000
1999-02-11,162.75,163.8752,160.3752,162.75,24.7027,60366000
1999-02-12,161.6876,163.6876,157.1252,157.75,23.9437,62930400
1999-02-16,159.75,159.8752,154.5624,156.25,23.7161,73666800
1999-02-17,152.9376,154.1252,148.5,150.0,22.7674,101215600
1999-02-18,150.9376,151.3752,143.9844,145.75,22.1223,117035200
1999-02-19,147.4376,149.25,145.75,147.75,22.4259,73085600
1999-02-22,148.25,149.0,144.75,148.8124,22.5872,92514400
1999-02-23,152.9376,155.6252,150.5,155.4376,23.5928,95106800
1999-02-24,156.4376,159.3752,152.75,152.8752,23.2038,67696800
1999-02-25,152.3752,153.75,149.6252,153.5,23.2987,70817200
1999-02-26,152.3752,152.5,149.5,150.1252,22.7864,59273200
1999-03-01,149.5624,152.5624,149.5,151.75,23.033,58332000
1999-03-02,151.8752,154.1252,147.6252,148.5624,22.5492,58569600
1999-03-03,149.0,150.6876,147.0624,149.6252,22.7105,76798400
1999-03-04,151.1252,153.5,148.1252,152.25,23.1089,61696400
1999-03-05,154.75,155.3752,153.1252,154.9376,23.5169,47302800
1999-03-08,155.5,159.2344,155.0,159.0,24.1335,46726000
1999-03-09,159.8752,164.75,159.75,161.8124,24.5603,90129600
1999-03-10,162.3124,162.5,159.1876,161.3752,24.494,53114800
1999-03-11,161.0,164.5624,159.3124,161.4376,24.5035,62948400
1999-03-12,162.6252,162.75,156.8124,160.1876,24.3137,73395200
1999-03-15,160.5624,166.0,157.8752,165.8752,25.177,60609600
1999-03-16,165.5,170.0,164.25,169.0624,25.6608,68554000
1999-03-17,169.0624,169.4376,166.75,167.1252,25.3667,44919600
1999-03-18,166.4376,172.5624,166.1876,172.4376,26.1731,56231200
1999-03-19,173.8752,174.1252,169.8752,171.1876,25.9833,91980400
1999-03-22,172.9376,174.9376,172.0,172.8124,26.23,55719200
1999-03-23,172.6876,174.1252,166.25,166.5624,25.2813,69581200
1999-03-24,167.0,171.8124,163.1252,171.25,25.9928,82634400
1999-03-25,173.0624,180.0624,172.5,179.9376,27.3114,109447600
1999-03-26,178.9376,180.3752,175.75,178.1252,27.0363,94687600
1999-03-29,90.125,92.625,87.875,92.375,28.0419,79777000
1999-03-30,93.375,93.5,92.25,93.0,28.2316,67502400
1999-03-31,94.5,94.625,89.125,89.625,27.2071,58752600
1999-04-01,91.25,92.875,90.2656,92.6876,28.1368,41106000
1999-04-05,94.3126,95.0156,93.5,94.9376,28.8198,39848600
1999-04-06,95.1876,95.625,93.25,94.0626,28.5542,39674800
1999-04-07,94.875,95.0,91.25,93.3126,28.3265,46910200
1999-04-08,93.25,94.625,91.0,94.5626,28.706,38637000
1999-04-09,94.25,95.0,93.0,94.25,28.6111,31816800
1999-04-12,91.625,93.625,91.375,93.0,28.2316,37858800
1999-04-13,93.125,93.125,89.1876,90.125,27.3589,46746800
1999-04-14,90.8126,91.125,85.875,85.875,26.0687,52944000
1999-04-15,87.3126,89.875,83.875,88.875,26.9794,72594600
1999-04-16,89.0626,89.125,85.875,86.625,26.2964,44774000
1999-04-19,86.875,88.125,80.375,81.0,24.5888,75389000
1999-04-20,82.25,84.0,80.0,83.125,25.2339,108459400
1999-04-21,82.125,82.5,80.0,82.0,24.8924,92732800
1999-04-22,85.0,85.25,83.375,84.9376,25.7841,55096400
1999-04-23,85.0,87.0,83.0,86.0,26.1066,56592000
1999-04-26,87.1876,88.9376,86.75,88.0,26.7138,48349800
1999-04-27,88.75,88.75,83.9376,84.0,25.4995,58665800
1999-04-28,85.3126,86.5,81.7188,82.125,24.9303,55963400
1999-04-29,82.375,83.6876,80.4062,82.0626,24.9114,60880600
1999-04-30,82.75,83.75,79.875,81.3126,24.6837,58558600
1999-05-03,81.4376,81.5,78.5626,79.875,24.2473,67180000
1999-05-04,80.5,81.8126,77.75,78.0626,23.6971,66502200
1999-05-05,79.125,79.875,76.4376,79.125,24.0196,67028200
1999-05-06,80.6876,81.125,77.5,77.9376,23.6592,74021000
1999-05-07,79.625,80.375,78.0,79.0626,24.0007,48011600
1999-05-10,79.875,80.5,78.25,79.6876,24.1904,46218000
1999-05-11,80.75,81.0156,79.4376,79.875,24.2473,42786200
1999-05-12,80.75,81.0,79.25,80.5,24.437,60142600
1999-05-13,81.125,81.75,79.125,79.125,24.0196,51737200
1999-05-14,78.875,79.9376,76.625,76.875,23.3366,84401000
1999-05-17,77.375,79.5626,77.0,79.125,24.0196,66850200
1999-05-18,79.8126,80.25,77.9376,78.6876,23.8869,63858400
1999-05-19,79.875,79.875,77.25,79.3126,24.0766,46510800
1999-05-20,79.5626,80.0,78.375,78.4376,23.811,42386200
1999-05-21,78.5,79.0,77.0,77.5626,23.5453,56568800
1999-05-24,77.875,77.875,76.0626,77.25,23.4504,38990000
1999-05-25,76.75,79.25,76.125,76.25,23.1469,50791600
1999-05-26,77.1876,78.5,75.5,78.5,23.8299,52022800
1999-05-27,78.25,79.4376,77.5,78.375,23.792,56702200
1999-05-28,78.75,80.875,78.125,80.6876,24.494,41548000
1999-06-01,80.625,80.75,78.4376,78.5,23.8299,36046400
1999-06-02,78.0626,78.625,76.25,78.4376,23.811,42812600
1999-06-03,78.375,78.9376,76.125,76.375,23.1848,32934400
1999-06-04,76.9376,79.6876,76.75,79.5626,24.1525,35668200
1999-06-07,79.9376,81.0626,79.1876,80.25,24.3611,32392200
1999-06-08,79.875,82.125,79.0,79.375,24.0955,41516400
1999-06-09,80.125,82.625,80.0,82.3126,24.9873,53310800
1999-06-10,81.875,82.3126,79.0626,79.875,24.2473,35277400
1999-06-11,80.0,80.5,77.5626,78.125,23.7161,34543000
1999-06-14,78.75,79.6876,77.4376,77.5626,23.5453,28369800
1999-06-15,78.0626,78.875,76.6876,77.6876,23.5833,36981000
1999-06-16,79.0626,81.625,78.9376,81.0,24.5888,48325200
1999-06-17,80.6876,83.0,80.5,82.875,25.158,44475200
1999-06-18,82.3126,85.0,82.125,85.0,25.8031,69116200
1999-06-21,84.875,89.0,84.875,88.9376,26.9984,56194400
1999-06-22,88.4376,88.4376,86.25,86.5,26.2584,38751000
1999-06-23,85.9376,87.375,85.0626,86.0,26.1066,33942000
1999-06-24,85.75,86.25,84.0,84.625,25.6892,33559000
1999-06-25,85.375,86.4376,84.375,84.9376,25.7841,24933000
1999-06-28,85.5,86.8126,84.9376,86.75,26.3343,31701000
1999-06-29,86.6876,88.0626,86.0,88.0,26.7138,38973200
1999-06-30,87.75,90.25,86.75,90.1876,27.3779,57610200
1999-07-01,89.875,91.5,88.375,91.1876,27.6814,47737800
1999-07-02,90.875,92.125,90.3126,92.0,27.928,32094800
1999-07-06,92.25,92.9376,89.25,89.5626,27.1881,45419400
1999-07-07,90.0626,92.3126,89.875,92.3126,28.0229,33834600
1999-07-08,91.8126,93.0,90.6876,92.5626,28.0988,37790400
1999-07-09,92.375,93.3126,92.25,93.25,28.3075,33884200
1999-07-12,93.1876,94.75,92.375,94.1876,28.5921,43847800
1999-07-13,93.125,94.0626,92.8126,93.625,28.4213,30845000
1999-07-14,93.75,95.0,92.5,94.9376,28.8198,37985200
1999-07-15,95.0,95.25,93.75,94.375,28.649,40926200
1999-07-16,95.5,99.875,95.0,99.4376,30.1858,115369800
1999-07-19,100.0,100.75,97.8126,98.375,29.8633,81181600
1999-07-20,96.4376,96.75,92.3126,93.3126,28.3265,92287400
1999-07-21,93.625,95.3126,93.0,94.6876,28.7439,54050800
1999-07-22,94.375,94.5,90.0,91.0626,27.6435,60904200
1999-07-23,91.5626,91.75,89.6876,90.25,27.3968,68833200
1999-07-26,88.875,89.8126,87.625,87.625,26.5999,50885000
1999-07-27,88.8126,89.75,88.0,88.8126,26.9605,65513000
1999-07-28,89.1876,90.5,88.375,90.0,27.3209,62215200
1999-07-29,88.6876,88.8126,86.3126,86.9376,26.3913,57968200
1999-07-30,87.625,88.625,85.5,85.8126,26.0498,51127400
1999-08-02,85.6876,86.9376,84.375,84.8126,25.7462,48050600
1999-08-03,85.875,86.0626,84.375,84.75,25.7272,55051200
1999-08-04,85.125,87.1876,84.75,84.9376,25.7841,75573400
1999-08-05,85.375,86.375,84.75,85.75,26.0308,76634000
1999-08-06,86.0626,86.4376,84.9376,85.125,25.841,67205800
1999-08-09,85.625,85.8126,83.6876,83.8126,25.4426,39333600
1999-08-10,83.5626,84.0626,81.625,82.9376,25.177,62743000
1999-08-11,84.0,84.6876,82.3126,84.1876,25.5565,66105200
1999-08-12,83.9376,84.1876,81.625,81.75,24.8165,61062000
1999-08-13,82.9376,85.625,82.75,84.6876,25.7082,65099800
1999-08-16,85.0626,85.8906,82.3126,84.3126,25.5944,57321800
1999-08-17,85.4376,85.5,82.9376,84.5626,25.6703,51749000
1999-08-18,84.4376,86.1876,84.0626,85.0,25.8031,58361200
1999-08-19,84.5626,85.125,83.125,83.8126,25.4426,71478200
1999-08-20,84.0,84.7812,83.0626,83.375,25.3098,46072800
1999-08-23,84.3126,86.625,83.875,86.4376,26.2395,60447000
1999-08-24,87.0626,93.5,87.0626,92.1876,27.985,120450000
1999-08-25,93.625,96.0,93.1876,95.3126,28.9336,81877600
1999-08-26,95.375,96.375,93.6876,94.625,28.7249,61246000
1999-08-27,95.0626,95.125,92.375,93.25,28.3075,41948400
1999-08-30,92.875,93.4376,91.5626,92.25,28.0039,33300800
1999-08-31,91.8126,93.125,90.125,92.5626,28.0988,46882800
1999-09-01,92.3126,93.4376,91.625,92.375,28.0419,36607200
1999-09-02,91.5,92.5626,90.6876,91.8126,27.8712,33340800
1999-09-03,93.75,96.4376,93.5,95.875,29.1044,52098000
1999-09-07,94.875,96.6876,93.75,94.25,28.6111,47028000
1999-09-08,93.6876,94.6876,92.0626,92.25,28.0039,42568200
1999-09-09,92.4376,94.1406,91.7968,94.0626,28.5542,38475200
1999-09-10,95.0626,95.3126,94.0,95.0,28.8387,34455000
1999-09-13,94.5,94.8126,93.375,93.875,28.4972,27870800
1999-09-14,93.6876,95.5626,93.625,95.0626,28.8577,40207800
1999-09-15,95.5,95.75,92.375,92.625,28.1178,48413800
1999-09-16,92.875,94.0626,90.625,94.0,28.5352,45796000
1999-09-17,94.375,96.5,93.8126,96.4376,29.2751,79773400
1999-09-20,96.0,97.875,95.0,97.5626,29.6167,48601800
1999-09-21,96.5626,96.5626,94.125,94.625,28.7249,47082800
1999-09-22,94.75,96.625,93.6876,96.0626,29.1613,48531600
1999-09-23,96.875,96.875,90.0156,91.1876,27.6814,71073600
1999-09-24,90.1876,91.375,88.875,90.9376,27.6055,70277000
1999-09-27,92.0,92.9376,90.875,91.4376,27.7573,34132200
1999-09-28,91.25,92.6876,89.0626,92.125,27.966,46000600
1999-09-29,91.5626,92.125,89.125,89.5,27.1691,37484400
1999-09-30,90.0,91.6876,88.8126,90.5626,27.4917,47455400
1999-10-01,90.1876,90.625,88.3126,89.9844,27.3162,44239000
1999-10-04,90.5,92.625,90.25,92.5626,28.0988,29998000
1999-10-05,92.75,93.875,89.5,91.8126,27.8712,43397000
1999-10-06,92.3126,94.0,92.0626,93.6876,28.4403,35500200
1999-10-07,93.6876,95.0626,92.6876,93.75,28.4593,46036400
1999-10-08,93.5,95.1876,92.125,94.9376,28.8198,35697000
1999-10-11,94.625,95.0,94.125,94.3126,28.6301,19943800
1999-10-12,94.0,94.3126,92.375,92.5626,28.0988,27668600
1999-10-13,92.0,93.125,90.3126,91.0626,27.6435,38098400
1999-10-14,90.875,92.2344,89.6876,90.6876,27.5296,42737800
1999-10-15,89.5,89.8126,87.3126,88.0626,26.7328,73788000
1999-10-18,87.1876,88.0,85.0626,87.875,26.6758,75312800
1999-10-19,88.25,89.25,85.25,86.3126,26.2015,69945600
1999-10-20,91.5626,92.375,90.25,92.25,28.0039,88090600
1999-10-21,90.5626,93.125,90.5,93.0626,28.2506,60801200
1999-10-22,93.5626,93.875,91.75,92.6876,28.1368,43650600
1999-10-25,92.0,93.5626,91.125,92.4376,28.0609,30492200
1999-10-26,94.375,95.25,92.2656,92.375,28.0419,52467600
1999-10-27,91.5,91.625,89.6876,90.875,27.5865,54416600
1999-10-28,90.0,90.875,89.3126,89.875,27.283,70570400
1999-10-29,91.4376,94.0,91.25,92.5626,28.0988,79452600
1999-11-01,93.25,94.1876,92.125,92.375,28.0419,53261200
1999-11-02,92.75,94.5,91.9376,92.5626,28.0988,46349000
1999-11-03,92.9376,93.5,91.5,92.0,27.928,44517000
1999-11-04,92.3126,92.75,90.3126,91.75,27.8522,54239400
1999-11-05,91.8126,92.875,90.5,91.5626,27.7953,70167400
1999-11-08,84.8126,90.75,84.375,89.9376,27.302,243819200
1999-11-09,89.75,89.875,86.4376,88.875,26.9794,109769800
1999-11-10,88.125,89.125,86.4376,87.125,26.4482,69385400
1999-11-11,88.25,90.4376,88.25,89.625,27.2071,69274600
1999-11-12,89.75,90.0,87.0626,89.1876,27.0743,49414200
1999-11-15,88.25,88.5,86.9376,87.0,26.4102,47080400
1999-11-16,86.9376,87.75,85.875,87.3126,26.5051,59165200
1999-11-17,86.4376,87.0626,85.0,85.0,25.8031,66819000
1999-11-18,84.9376,85.8126,84.5,84.9376,25.7841,64493200
1999-11-19,84.4376,86.5626,84.375,86.0,26.1066,58226000
1999-11-22,89.625,90.375,88.4376,89.8126,27.264,90596600
1999-11-23,89.25,91.375,88.375,89.625,27.2071,70787400
1999-11-24,89.5626,92.25,89.5,91.6876,27.8332,53771000
1999-11-26,91.625,93.375,91.0,91.125,27.6624,28514200
1999-11-29,90.125,92.0626,89.5,90.1876,27.3779,51460200
1999-11-30,89.75,92.875,89.5626,91.0468,27.6387,64145600
1999-12-01,91.0626,93.9376,90.875,93.1876,28.2886,48864200
1999-12-02,93.0626,95.25,92.875,94.8126,28.7819,55473800
1999-12-03,95.8126,97.125,95.7344,96.125,29.1803,64100600
1999-12-06,95.25,97.1876,94.75,95.4376,28.9716,49098200
1999-12-07,94.75,94.875,92.875,93.0,28.2316,56859200
1999-12-08,93.125,94.3126,91.6876,91.75,27.8522,40955800
1999-12-09,92.0,93.3126,91.4376,92.75,28.1557,46258200
1999-12-10,93.375,94.125,92.25,93.875,28.4972,36836000
1999-12-13,93.6094,96.9376,92.75,96.625,29.332,52691600
1999-12-14,96.1876,101.125,95.3126,98.6876,29.9582,144116200
1999-12-15,98.5626,108.75,98.5,108.4376,32.9179,155571600
1999-12-16,109.25,115.0,108.9376,113.6876,34.5117,128660200
1999-12-17,116.625,117.125,113.625,115.25,34.9859,105898800
1999-12-20,114.8126,115.0,111.1876,112.75,34.227,39433800
1999-12-21,112.375,116.625,110.625,115.875,35.1757,57446000
1999-12-22,116.2968,118.0,115.125,117.5626,35.688,38565200
1999-12-23,117.25,119.25,116.75,117.4376,35.65,31028400
1999-12-27,118.4376,119.25,116.125,119.125,36.1623,32202200
1999-12-28,118.75,118.8126,117.0626,117.5,35.669,24591000
1999-12-29,116.9376,118.375,116.8126,117.9376,35.8018,17449200
1999-12-30,117.875,119.9376,117.125,117.625,35.7069,22360000
1999-12-31,117.5,117.75,116.25,116.75,35.4413,12517600
2000-01-03,117.375,118.625,112.0,116.5626,35.3844,53228400
2000-01-04,113.5626,117.125,112.25,112.625,34.1891,54119000
2000-01-05,111.125,116.375,109.375,113.8126,34.5496,64059600
2000-01-06,112.1876,113.875,108.375,110.0,33.3922,54976600
2000-01-07,108.625,112.25,107.3126,111.4376,33.8286,62013600
2000-01-10,113.4376,113.6876,111.375,112.25,34.0752,44963600
2000-01-11,111.5,114.25,108.6876,109.375,33.2025,46743600
2000-01-12,108.5,108.875,104.4376,105.8126,32.1211,66532400
2000-01-13,104.375,108.625,101.5,107.8126,32.7282,83144000
2000-01-14,107.1876,113.9376,105.75,112.25,34.0752,73416400
2000-01-18,111.8126,116.5,111.75,115.3126,35.0049,81483600
2000-01-19,110.5,111.5,106.0,107.0,32.4815,97568200
2000-01-20,107.0626,109.6876,105.875,106.0,32.178,56349800
2000-01-21,107.0,107.25,103.25,103.75,31.4949,68416200
2000-01-24,103.7968,105.6876,100.8126,101.25,30.736,63597600
2000-01-25,101.0,103.875,99.5626,102.8126,31.2104,59823200
2000-01-26,102.4376,103.5,99.125,99.375,30.1668,49365000
2000-01-27,99.8906,101.1876,97.25,98.75,29.9771,63654800
2000-01-28,98.125,100.25,97.25,98.25,29.8253,58225400
2000-01-31,97.625,98.1876,94.875,97.875,29.7115,73194200
2000-02-01,98.5,103.25,97.6876,102.9376,31.2483,70196600
2000-02-02,102.4376,103.9376,100.5,100.8126,30.6032,49915600
2000-02-03,102.0626,104.1876,100.125,103.625,31.457,49186000
2000-02-04,104.375,108.0,104.1406,106.5626,32.3487,55365400
2000-02-07,106.8126,106.875,104.25,106.625,32.3677,40005800
2000-02-08,106.4376,110.0,106.4376,109.9376,33.3733,56229000
2000-02-09,109.4376,109.4376,103.875,104.0,31.5708,55090000
2000-02-10,103.8906,106.5626,102.5,106.0,32.178,54527800
2000-02-11,104.875,104.875,99.125,99.9376,30.3376,115559000
2000-02-14,101.2344,101.75,99.0626,99.625,30.2427,81028600
2000-02-15,99.75,100.0,98.125,98.5626,29.9202,71027600
2000-02-16,99.25,100.1876,97.125,97.625,29.6356,65202600
2000-02-17,98.5,99.6876,97.1406,99.625,30.2427,80343400
2000-02-18,100.0,100.0626,94.875,95.0626,28.8577,79063000
2000-02-22,95.125,97.125,92.8126,93.8126,28.4783,66296200
2000-02-23,93.5,95.75,92.0626,94.25,28.6111,75847200
2000-02-24,94.25,95.875,92.0,94.75,28.7628,69733200
2000-02-25,94.6876,94.7032,90.5,91.3126,27.7194,65301400
2000-02-28,90.25,92.125,88.125,91.5626,27.7953,76131800
2000-02-29,91.75,91.75,88.875,89.375,27.1312,58437400
2000-03-01,89.625,94.0938,88.9376,90.8126,27.5676,106889800
2000-03-02,91.8126,95.375,91.125,93.375,28.3454,106932600
2000-03-03,94.75,98.875,93.875,96.125,29.1803,101435200
2000-03-06,96.0,97.375,90.125,90.625,27.5106,93609400
2000-03-07,96.125,97.5,91.9376,92.875,28.1937,135061000
2000-03-08,93.8126,96.1876,91.0,95.5626,29.0095,94290000
2000-03-09,95.3126,100.0,95.0,100.0,30.3566,88198800
2000-03-10,99.5626,102.5,99.5,101.0,30.6601,85589000
2000-03-13,97.625,100.25,97.5,98.0,29.7494,61831800
2000-03-14,98.625,99.25,95.125,95.125,28.8767,73489200
2000-03-15,94.5626,96.625,93.6876,95.375,28.9526,53208000
2000-03-16,95.9376,96.6876,93.25,95.375,28.9526,77300800
2000-03-17,95.25,99.5,94.5,99.375,30.1668,81161600
2000-03-20,98.75,99.75,96.5,97.375,29.5597,47773000
2000-03-21,96.75,103.125,96.5,102.75,31.1914,81648800
2000-03-22,102.8126,105.625,101.125,103.25,31.3432,93975800
2000-03-23,106.8126,112.875,106.625,111.875,33.9614,148224000
2000-03-24,112.625,115.0,109.5626,111.6876,33.9045,112196800
2000-03-27,107.7656,108.25,103.9376,104.0626,31.5898,111434000
2000-03-28,103.625,107.4376,102.375,104.3126,31.6657,81114400
2000-03-29,105.1876,108.9376,105.125,107.1876,32.5385,64363800
2000-03-30,106.1876,108.625,102.5,103.375,31.3811,64178400
2000-03-31,106.0,108.25,104.125,106.25,32.2539,64281400
2000-04-03,94.4376,96.5,90.0,90.875,27.5865,260118200
2000-04-04,91.5626,92.0,84.9376,88.5626,26.8846,181244400
2000-04-05,88.25,88.5,85.875,86.375,26.2205,82887600
2000-04-06,87.875,88.0,85.2656,86.0,26.1066,66421400
2000-04-07,87.0,89.375,85.0,89.0626,27.0363,82613600
2000-04-10,88.625,88.625,86.0,86.0626,26.1257,60685400
2000-04-11,85.125,86.0626,83.5,83.875,25.4616,71961800
2000-04-12,82.125,82.25,78.75,79.375,24.0955,153003800
2000-04-13,80.875,82.25,79.0,79.25,24.0576,94316200
2000-04-14,79.125,79.5,73.25,74.125,22.5018,151217800
2000-04-17,74.25,76.0,73.0,75.875,23.033,119772200
2000-04-18,76.5,81.9376,75.875,80.5626,24.456,91794600
2000-04-19,81.4376,81.5,78.125,78.6876,23.8869,53715400
2000-04-20,78.625,79.875,77.5,78.9376,23.9627,52387400
2000-04-24,67.25,68.0,65.0,66.625,20.2251,313645800
2000-04-25,68.75,69.5,67.625,69.375,21.0599,159517400
2000-04-26,70.0,71.125,67.375,68.0,20.6425,107091200
2000-04-27,67.4376,69.9376,67.375,69.8126,21.1927,77669800
2000-04-28,70.75,71.0,68.25,69.75,21.1737,78082600
2000-05-01,72.875,74.0,71.6876,73.4376,22.2931,107811000
2000-05-02,72.8126,73.5,69.5,69.875,21.2117,97716200
2000-05-03,70.375,70.8126,68.8126,70.5626,21.4204,55354800
2000-05-04,70.3126,71.25,69.3126,70.4376,21.3824,43317200
2000-05-05,70.25,71.8126,69.875,71.125,21.5911,36402200
2000-05-08,70.9376,71.375,69.6876,69.8126,21.1927,36187600
2000-05-09,70.1876,70.4376,67.5,67.8126,20.5856,60778400
2000-05-10,67.75,67.875,65.75,66.1876,20.0923,67740000
2000-05-11,66.625,68.125,65.75,67.875,20.6045,58390800
2000-05-12,68.4376,69.75,68.25,68.8126,20.8891,37886000
2000-05-15,69.0,69.4376,68.0,69.375,21.0599,33899600
2000-05-16,69.5626,70.625,69.0626,69.5,21.0978,48410600
2000-05-17,68.875,69.125,67.25,67.6876,20.5476,53242000
2000-05-18,68.0626,68.0626,65.875,66.1876,20.0923,53640400
2000-05-19,65.375,65.9376,64.5,65.0626,19.7508,66578000
2000-05-22,65.125,65.25,62.4376,64.1876,19.4852,69955000
2000-05-23,63.875,65.5626,63.0626,63.1876,19.1816,57963200
2000-05-24,63.125,66.5626,63.0,65.5626,19.9026,85482400
2000-05-25,64.5626,64.75,61.125,61.5,18.6693,94348800
2000-05-26,62.0626,62.625,60.375,61.4376,18.6503,55822000
2000-05-30,62.4376,64.125,62.0,63.375,19.2385,68536400
2000-05-31,63.6406,63.7032,62.0626,62.5626,18.9919,54968200
2000-06-01,64.375,66.0,63.8126,64.5626,19.599,94507200
2000-06-02,66.0,66.75,65.0,66.3126,20.1302,80463200
2000-06-05,66.0156,68.375,66.0,66.875,20.301,64400000
2000-06-06,68.1876,69.875,67.8126,69.625,21.1358,99019000
2000-06-07,69.25,70.75,67.125,70.5,21.4014,76310600
2000-06-08,71.5626,72.125,68.25,68.8126,20.8891,94765600
2000-06-09,69.625,69.6876,68.3126,68.8126,20.8891,35710200
2000-06-12,69.0,69.0,66.375,66.875,20.301,49260600
2000-06-13,66.75,68.0,66.125,67.875,20.6045,44289200
2000-06-14,69.8126,71.0,69.5,70.5,21.4014,79992400
2000-06-15,70.8126,72.6876,70.625,72.375,21.9706,65592600
2000-06-16,72.625,73.125,71.5,72.5626,22.0275,68710600
2000-06-19,72.5626,73.8126,72.0,73.6876,22.369,46604800
2000-06-20,73.875,75.25,73.75,74.9376,22.7485,62275000
2000-06-21,77.0,82.1876,76.9376,80.6876,24.494,160399600
2000-06-22,81.375,82.0,79.3126,79.875,24.2473,87315200
2000-06-23,79.9376,80.0626,77.0,77.6876,23.5833,49811600
2000-06-26,77.5,80.125,77.5,79.5,24.1335,48287000
2000-06-27,79.25,80.125,78.375,78.8126,23.9248,31071200
2000-06-28,79.0,80.0626,78.625,78.9376,23.9627,37459200
2000-06-29,78.25,78.9376,77.0626,77.1876,23.4315,38449000
2000-06-30,77.0626,80.0,76.6876,80.0,24.2853,52356400
2000-07-03,79.6876,80.0626,79.375,80.0,24.2853,15734800
2000-07-05,79.875,79.875,78.25,78.5,23.8299,34824400
2000-07-06,78.875,81.6876,78.5,80.9376,24.5699,47873200
2000-07-07,81.2656,82.875,80.5626,82.0,24.8924,54153200
2000-07-10,80.6876,81.3126,79.375,79.4376,24.1145,52689800
2000-07-11,78.8126,80.5,78.5,79.125,24.0196,37164800
2000-07-12,78.25,81.0,77.1876,80.3126,24.3801,58370200
2000-07-13,78.8126,80.0,77.375,79.9376,24.2663,80843200
2000-07-14,79.5,79.75,78.4376,78.9376,23.9627,51180600
2000-07-17,78.25,79.5626,77.5,78.1876,23.7351,53992800
2000-07-18,77.625,79.5,77.4376,78.5,23.8299,70617200
2000-07-19,76.0626,77.5,72.8126,73.125,22.1982,139924600
2000-07-20,73.4376,75.25,73.125,74.8126,22.7105,54690600
2000-07-21,74.75,75.0,71.875,72.3126,21.9516,56100600
2000-07-24,72.0626,72.125,70.0,70.5626,21.4204,56165600
2000-07-25,70.8126,71.0,68.375,69.0,20.946,64188600
2000-07-26,69.0626,69.5,67.25,67.8126,20.5856,85404600
2000-07-27,67.875,70.125,67.5,69.375,21.0599,74337600
2000-07-28,70.9376,71.8126,69.625,69.6876,21.1548,75645600
2000-07-31,70.1876,71.125,69.25,69.8126,21.1927,70283800
2000-08-01,69.9376,70.0626,68.1876,68.6876,20.8512,47163600
2000-08-02,68.5626,70.4376,68.5,69.375,21.0599,48269200
2000-08-03,68.1876,70.375,68.125,70.25,21.3255,54543400
2000-08-04,69.4376,69.875,68.1876,69.125,20.984,38107400
2000-08-07,70.1876,71.125,69.75,70.0,21.2496,52741800
2000-08-08,70.0626,74.6876,70.0,74.125,22.5018,138038800
2000-08-09,73.75,74.875,73.125,74.25,22.5398,63945600
2000-08-10,73.8126,74.0626,71.75,72.625,22.0465,48986000
2000-08-11,72.4376,72.6876,71.625,72.4376,21.9896,35629600
2000-08-14,72.3126,73.375,71.375,72.1876,21.9137,53427000
2000-08-15,72.0,73.0,71.5,71.625,21.7429,40714200
2000-08-16,71.875,72.25,70.5626,71.0,21.5532,44976200
2000-08-17,71.125,72.0,70.5626,71.5626,21.7239,36112800
2000-08-18,71.125,71.4376,70.0,71.0,21.5532,54438800
2000-08-21,70.6876,70.8126,70.0626,70.625,21.4393,34119600
2000-08-22,70.8126,72.4376,70.2188,71.25,21.6291,54428200
2000-08-23,70.8126,71.125,70.375,70.75,21.4773,36726800
2000-08-24,70.625,71.1876,69.9376,71.125,21.5911,42405400
2000-08-25,70.6876,71.6876,70.5626,70.625,21.4393,52729400
2000-08-28,70.1876,72.125,70.125,71.3126,21.6481,56421600
2000-08-29,71.1876,72.75,70.875,70.9376,21.5342,59400200
2000-08-30,70.6876,70.9376,69.6876,70.0,21.2496,53498800
2000-08-31,70.875,72.0,69.6876,69.8126,21.1927,72575400
2000-09-01,70.0,70.625,69.6876,70.1876,21.3065,37629800
2000-09-05,70.0,70.6876,69.8126,70.125,21.2875,50755200
2000-09-06,70.0626,70.6876,69.3126,69.4376,21.0789,62960800
2000-09-07,70.0,72.0626,69.4376,70.0626,21.2686,111711200
2000-09-08,70.375,70.875,69.1876,69.3126,21.0409,56709600
2000-09-11,69.125,69.6876,68.0626,68.8126,20.8891,48495200
2000-09-12,68.75,69.3126,67.625,68.125,20.6804,46781200
2000-09-13,67.5626,68.75,67.1876,68.25,20.7184,40744800
2000-09-14,68.6876,68.75,65.6876,65.8126,19.9784,78503000
2000-09-15,65.4376,65.625,63.3126,64.1876,19.4852,99915200
2000-09-18,64.25,64.625,62.1876,63.0,19.1246,69037800
2000-09-19,63.625,65.75,63.375,65.0,19.7318,79311200
2000-09-20,64.875,65.0,63.1876,64.25,19.5041,67791400
2000-09-21,64.0,65.125,63.5626,64.1876,19.4852,48952200
2000-09-22,61.125,63.5,61.0,63.25,19.2005,84476600
2000-09-25,63.25,63.5,60.4376,61.25,18.5934,53484200
2000-09-26,60.9376,65.875,60.4376,62.6876,19.0298,155704800
2000-09-27,63.4376,63.5626,59.8126,60.625,18.4037,106155600
2000-09-28,60.8126,61.875,60.625,61.3126,18.6124,52360400
2000-09-29,61.0,61.3126,58.625,60.3126,18.3088,74053600
2000-10-02,60.5,60.8126,58.25,59.125,17.9483,58562400
2000-10-03,59.5626,59.8126,56.5,56.5626,17.1705,85374000
2000-10-04,56.375,56.5626,54.5,55.4376,16.829,136453400
2000-10-05,55.5,57.25,55.25,55.375,16.8099,81099400
2000-10-06,55.8126,56.75,54.75,55.5626,16.8669,61794000
2000-10-09,55.625,55.75,53.0,54.1876,16.4495,58323600
2000-10-10,53.9376,55.5626,53.8126,54.5626,16.5633,62066200
2000-10-11,54.0,56.9376,54.0,55.75,16.9238,101205800
2000-10-12,56.3126,56.875,53.8126,54.375,16.5064,90219600
2000-10-13,53.875,54.875,52.125,53.75,16.3167,104521200
2000-10-16,53.5,53.8126,49.5626,50.375,15.2921,119759000
2000-10-17,51.875,52.4376,50.25,50.4376,15.3111,81276600
2000-10-18,49.625,53.25,48.4376,51.75,15.7095,110536400
2000-10-19,58.4376,62.1876,58.0,61.875,18.7831,256993200
2000-10-20,61.3126,66.125,61.125,65.1876,19.7887,160378600
2000-10-23,64.625,66.25,60.6876,62.125,18.859,185170400
2000-10-24,62.625,62.9376,60.1876,61.5,18.6693,94427400
2000-10-25,61.9376,63.4376,60.4376,61.25,18.5934,167603800
2000-10-26,61.0,65.0626,60.8126,64.4376,19.561,114826600
2000-10-27,64.6876,69.1876,64.625,67.6876,20.5476,124292400
2000-10-30,67.5,70.125,67.375,69.0626,20.965,110057600
2000-10-31,69.0,69.5,68.0,68.875,20.9081,104474000
2000-11-01,68.5,70.0626,68.4376,69.625,21.1358,81309400
2000-11-02,70.375,70.8438,69.625,70.3126,21.3445,77985200
2000-11-03,69.25,69.625,68.0626,68.25,20.7184,68711000
2000-11-06,68.6876,70.125,68.25,69.5,21.0978,74851400
2000-11-07,69.75,71.875,69.5,70.5,21.4014,104331200
2000-11-08,71.125,72.375,68.0,69.4376,21.0789,206149400
2000-11-09,68.5,71.3126,68.4376,70.875,21.5152,91058600
2000-11-10,69.9376,70.3126,66.8126,67.375,20.4527,93744400
2000-11-13,66.6876,68.125,64.4062,66.4376,20.1682,83364800
2000-11-14,68.0,69.8126,67.3126,68.8126,20.8891,84218600
2000-11-15,69.0626,70.875,68.6876,70.0626,21.2686,60422200
2000-11-16,69.4376,71.5,68.9376,68.9376,20.9271,92128600
2000-11-17,69.4376,70.0,67.7968,69.0626,20.965,106525600
2000-11-20,68.125,68.5,65.5626,67.1876,20.3958,80157200
2000-11-21,67.375,69.25,67.375,67.75,20.5666,59487600
2000-11-22,66.0626,69.5,66.0,68.25,20.7184,76343200
2000-11-24,69.0,70.4376,68.5,69.9376,21.2307,34439200
2000-11-27,71.4376,72.25,70.625,70.6876,21.4583,85307600
2000-11-28,69.375,69.75,66.8126,67.0,20.3389,127446200
2000-11-29,66.8126,67.125,63.25,65.0626,19.7508,98280400
2000-11-30,62.0,62.0626,57.0,57.375,17.4171,197200800
2000-12-01,58.0626,60.625,56.0626,56.625,17.1894,109809800
2000-12-04,57.25,59.0,55.1876,56.4376,17.1325,80407200
2000-12-05,59.1876,60.5,58.25,59.875,18.176,101734400
2000-12-06,60.0,60.0626,56.0626,56.6876,17.2084,90560800
2000-12-07,53.4376,54.0,52.25,53.125,16.1269,145308400
2000-12-08,54.625,55.875,53.4376,54.4376,16.5254,120939800
2000-12-11,55.5,58.75,55.0,58.0626,17.6258,95576200
2000-12-12,57.8126,60.0,56.75,58.375,17.7206,63106000
2000-12-13,60.5,60.5,56.8126,57.25,17.3791,98360400
2000-12-14,57.9376,58.7344,55.375,55.5,16.8479,71201400
2000-12-15,51.0468,52.0,47.75,49.1876,14.9317,116899800
2000-12-18,49.0,50.0,47.0,47.8126,14.5143,107187400
2000-12-19,47.4376,48.0,44.5,44.8126,13.6036,120271800
2000-12-20,42.8126,44.0,41.375,41.5,12.598,149037800
2000-12-21,40.75,45.125,40.3126,43.4376,13.1862,163173000
2000-12-22,44.75,47.125,44.75,46.4376,14.0969,109551800
2000-12-26,46.875,48.5626,45.875,46.875,14.2296,66941600
2000-12-27,46.125,46.8126,45.0,46.4376,14.0969,69003800
2000-12-28,45.125,46.25,43.875,44.5626,13.5277,77619200
2000-12-29,43.9376,45.8126,43.0,43.375,13.1672,99977600
2001-01-02,44.125,45.0,42.875,43.375,13.1672,82413200
2001-01-03,43.1876,48.875,43.125,47.9376,14.5522,135962200
2001-01-04,47.8126,50.5,46.875,48.4376,14.704,112397000
2001-01-05,48.5,49.875,47.5626,49.125,14.9127,93414600
2001-01-08,48.9376,49.75,46.6876,48.9376,14.8558,79817600
2001-01-09,50.0,52.625,49.75,51.8126,15.7285,114965400
2001-01-10,51.0,53.8126,50.75,52.875,16.051,90230200
2001-01-11,53.0,55.75,52.3126,55.0,16.6961,101854800
2001-01-12,54.875,55.0,52.5,53.5,16.2408,73712000
2001-01-16,53.375,53.5,51.125,52.5626,15.9562,68462400
2001-01-17,53.625,54.875,52.5626,52.9376,16.07,72844200
2001-01-18,53.6876,56.1876,52.625,55.5,16.8479,109788800
2001-01-19,60.0,61.4376,58.875,61.0,18.5175,209348800
2001-01-22,60.75,61.0,59.0,60.125,18.2519,76673000
2001-01-23,59.75,60.9376,58.9376,60.5626,18.3847,70295200
2001-01-24,61.0,63.4376,60.75,62.9376,19.1057,110455000
2001-01-25,62.75,64.0,61.5626,61.8126,18.7642,85657400
2001-01-26,61.0,64.3126,61.0,64.0,19.4282,93080000
2001-01-29,63.5626,64.625,63.5,64.5,19.58,84983800
2001-01-30,64.5,64.75,62.875,63.375,19.2385,57276800
2001-01-31,63.0,63.75,61.0,61.0626,18.5365,81898800
2001-02-01,60.8126,62.625,60.375,62.375,18.9349,71792800
2001-02-02,62.5,63.375,60.75,60.8126,18.4606,71100000
2001-02-05,60.75,62.0626,60.25,61.9376,18.8021,51399200
2001-02-06,62.0626,63.8126,61.6876,62.5626,18.9919,96442000
2001-02-07,62.0,65.0626,61.8126,64.6876,19.6369,126061800
2001-02-08,63.75,64.5,62.0,62.25,18.897,88041200
2001-02-09,61.3126,61.5626,58.5,59.125,17.9483,100575200
2001-02-12,58.8126,59.4376,57.1876,58.75,17.8345,71289400
2001-02-13,59.625,61.0626,58.125,58.1876,17.6638,76070600
2001-02-14,57.625,59.0,56.375,58.375,17.7206,61728400
2001-02-15,59.0,60.1876,57.875,58.8126,17.8535,65627800
2001-02-16,57.0,58.25,56.125,57.3126,17.3981,66958400
2001-02-20,57.375,58.25,55.375,55.875,16.9617,60730800
2001-02-21,55.25,58.0626,55.1876,56.25,17.0756,63947200
2001-02-22,56.3126,56.8126,53.875,55.1876,16.7531,100816400
2001-02-23,54.4376,57.5,54.3126,56.75,17.2274,92620600
2001-02-26,57.625,59.9376,57.375,59.5626,18.0812,87936800
2001-02-27,59.375,61.1876,58.6718,59.375,18.0242,99148600
2001-02-28,59.5626,60.0782,58.1876,59.0,17.9104,84608400
2001-03-01,58.5626,59.5,56.25,59.3594,18.0195,81781600
2001-03-02,57.5,58.125,56.4376,56.6876,17.2084,79800800
2001-03-05,57.25,58.625,56.5626,57.4376,17.4361,49383600
2001-03-06,58.625,60.0,58.375,59.4376,18.0432,66781800
2001-03-07,59.875,61.125,59.3126,60.6876,18.4227,59743600
2001-03-08,60.3126,60.5938,58.4376,59.25,17.9863,54626000
2001-03-09,57.9376,58.1876,54.875,56.6876,17.2084,103794400
2001-03-12,54.6876,55.0,51.625,51.9376,15.7665,114376000
2001-03-13,52.1876,54.75,52.0,54.1876,16.4495,91035600
2001-03-14,52.5,55.25,52.1876,54.0,16.3925,90686200
2001-03-15,55.3126,56.0782,53.5,53.6876,16.2977,71638400
2001-03-16,52.5,55.125,52.4844,54.5626,16.5633,112848800
2001-03-19,54.5,55.5,53.125,54.3126,16.4874,61036400
2001-03-20,54.5626,56.125,52.625,52.6876,15.9941,91822800
2001-03-21,52.25,53.25,49.75,50.0626,15.1973,124988600
2001-03-22,50.5626,54.0626,50.5,54.0,16.3925,126363200
2001-03-23,54.9376,57.0,54.375,56.5626,17.1705,99519600
2001-03-26,57.125,57.5,55.5626,56.0626,17.0187,63118600
2001-03-27,56.0626,58.5626,55.875,58.25,17.6827,95135600
2001-03-28,57.375,57.9376,55.375,55.5626,16.8669,78681600
2001-03-29,55.375,57.1876,54.5626,55.375,16.8099,86985000
2001-03-30,55.75,56.1876,53.875,54.6876,16.6013,91201600
2001-04-02,54.8126,56.9376,54.625,55.8126,16.9428,75924000
2001-04-03,55.3126,55.3126,52.75,53.375,16.2028,94187600
2001-04-04,53.375,55.0,51.0626,51.9376,15.7665,104046600
2001-04-05,53.75,57.375,53.5,56.75,17.2274,113364000
2001-04-06,56.375,57.1876,55.0626,56.1876,17.0566,92622000
2001-04-09,56.57,57.42,55.66,57.15,17.3488,56295600
2001-04-10,57.95,60.09,57.78,59.68,18.1168,109199400
2001-04-11,60.65,61.5,59.7,60.04,18.2261,109879600
2001-04-12,59.56,62.31,59.35,62.18,18.8757,87520000
2001-04-16,61.4,61.58,60.12,60.79,18.4538,65857400
2001-04-17,60.52,62.11,60.04,61.48,18.6632,85149200
2001-04-18,63.39,66.31,63.0,65.43,19.8623,156696400
2001-04-19,65.81,69.0,65.75,68.04,20.6546,159375600
2001-04-20,70.3,71.1,68.5,69.0,20.946,192919600
2001-04-23,68.11,68.47,66.9,68.25,20.7184,92171200
2001-04-24,68.2,69.93,67.14,67.55,20.5059,89176600
2001-04-25,67.57,69.79,67.25,69.69,21.1555,76744000
2001-04-26,70.07,71.0,68.25,69.13,20.9855,118737600
2001-04-27,69.53,69.68,66.21,67.12,20.3753,121572400
2001-04-30,68.53,69.06,67.68,67.75,20.5666,74368200
2001-05-01,67.66,70.3,67.6,70.17,21.3012,83702800
2001-05-02,71.0,71.15,69.35,69.76,21.1767,92864400
2001-05-03,69.25,70.18,68.14,68.53,20.8034,66273400
2001-05-04,68.0,71.05,67.96,70.75,21.4773,119538400
2001-05-07,70.83,72.15,70.7,71.38,21.6685,109356200
2001-05-08,71.75,72.1,70.75,72.06,21.8749,75084000
2001-05-09,71.24,71.3,69.86,70.4,21.371,76676600
2001-05-10,71.13,71.24,69.96,70.0,21.2496,64334600
2001-05-11,69.96,70.0,68.65,69.4,21.0675,51128800
2001-05-14,69.13,69.2,68.3,68.72,20.861,44968000
2001-05-15,68.74,69.3,68.0,68.27,20.7244,61385600
2001-05-16,67.7,69.88,67.33,69.16,20.9946,91893800
2001-05-17,69.1,70.14,67.55,68.17,20.6941,106984800
2001-05-18,67.69,69.2,67.25,68.09,20.6698,90605400
2001-05-21,68.05,69.99,67.75,68.79,20.8823,103491600
2001-05-22,69.45,70.35,69.18,70.31,21.3437,83455600
2001-05-23,70.39,71.6,69.51,69.7,21.1585,93637400
2001-05-24,69.94,71.78,69.27,71.72,21.7717,80781600
2001-05-25,71.66,71.9,70.36,70.91,21.5258,52747600
2001-05-29,70.8,71.75,70.05,70.34,21.3528,71210800
2001-05-30,69.56,70.58,68.65,69.19,21.0037,86501800
2001-05-31,69.49,70.38,68.4,69.18,21.0007,70682600
2001-06-01,69.6,70.7,68.7,70.34,21.3528,57587600
2001-06-04,70.55,71.02,69.8,70.78,21.4864,43736600
2001-06-05,70.76,73.08,70.5,72.6,22.0389,89454200
2001-06-06,72.89,73.48,71.55,72.36,21.966,80022800
2001-06-07,72.12,73.73,72.08,73.68,22.3667,66960000
2001-06-08,73.7,73.75,72.05,73.19,22.218,51867000
2001-06-11,72.85,72.85,71.51,72.12,21.8932,47345600
2001-06-12,71.02,72.41,70.81,72.08,21.881,66714600
2001-06-13,72.05,72.3,70.64,70.69,21.4591,55302400
2001-06-14,70.22,70.55,68.4,68.9,20.9157,71972400
2001-06-15,67.51,68.3,66.4,68.02,20.6485,108354400
2001-06-18,67.95,67.96,66.01,66.88,20.3025,56846800
2001-06-19,68.21,68.85,66.85,67.32,20.436,63457400
2001-06-20,67.14,69.59,67.1,69.41,21.0705,64108400
2001-06-21,69.15,70.55,68.92,69.84,21.201,69603800
2001-06-22,70.0,70.61,68.58,68.83,20.8944,51092000
2001-06-25,69.1,69.81,67.77,68.85,20.9005,49215600
2001-06-26,67.82,70.21,67.7,70.14,21.2921,63077000
2001-06-27,69.86,71.53,69.36,71.14,21.5957,69199800
2001-06-28,71.55,76.15,70.53,72.74,22.0814,128975600
2001-06-29,72.6,73.41,71.4,73.0,22.1603,94283800
2001-07-02,72.05,73.15,70.15,70.6,21.4317,72810200
2001-07-03,70.3,70.8,69.93,70.47,21.3923,28037400
2001-07-05,70.22,70.72,68.44,68.51,20.7973,49242600
2001-07-06,68.3,68.4,65.67,66.06,20.0535,67467800
2001-07-09,66.2,66.91,65.04,65.69,19.9412,66476600
2001-07-10,65.9,66.25,64.35,64.48,19.5739,66562600
2001-07-11,64.21,66.75,64.2,66.5,20.1871,73822600
2001-07-12,70.7,72.05,70.33,71.6,21.7353,128078000
2001-07-13,71.4,72.0,70.94,71.34,21.6564,58934600
2001-07-16,71.45,72.16,70.15,71.18,21.6078,55990800
2001-07-17,70.66,72.01,70.14,71.82,21.8021,63241000
2001-07-18,70.6,71.5,69.87,70.57,21.4226,57590800
2001-07-19,71.22,73.0,71.22,72.57,22.0298,76549400
2001-07-20,68.03,69.4,67.94,69.18,21.0007,124203600
2001-07-23,69.24,69.24,66.35,67.09,20.3662,79999400
2001-07-24,67.0,67.99,65.7,66.32,20.1325,67530200
2001-07-25,66.26,67.52,65.61,67.48,20.4846,74065400
2001-07-26,67.12,67.32,65.5,66.59,20.2144,77974000
2001-07-27,66.05,66.25,65.05,65.47,19.8744,65396000
2001-07-30,65.65,66.88,65.54,65.8,19.9746,42196400
2001-07-31,66.01,67.39,65.85,66.19,20.093,59031600
2001-08-01,66.8,66.81,65.76,66.47,20.178,55679000
2001-08-02,67.21,67.54,66.26,67.45,20.4755,54198400
2001-08-03,67.3,67.36,66.0,66.89,20.3055,43260400
2001-08-06,66.53,67.12,65.68,66.13,20.0748,27831600
2001-08-07,66.04,67.05,65.99,66.35,20.1416,31347800
2001-08-08,66.51,67.24,64.49,64.86,19.6893,54996400
2001-08-09,64.98,65.55,64.3,65.01,19.7348,45536200
2001-08-10,64.77,65.86,62.9,65.52,19.8896,51756400
2001-08-13,65.24,65.99,64.75,65.83,19.9837,32675400
2001-08-14,65.75,66.09,64.45,64.69,19.6377,36481200
2001-08-15,64.71,65.05,63.2,63.2,19.1854,39503000
2001-08-16,62.84,64.71,62.7,64.62,19.6164,43905600
2001-08-17,63.78,64.13,61.5,61.88,18.7846,52234200
2001-08-20,61.66,62.75,61.1,62.7,19.0336,48371200
2001-08-21,62.7,63.2,60.71,60.78,18.4507,47111800
2001-08-22,61.13,61.15,59.08,60.66,18.4143,78107200
2001-08-23,60.67,61.53,59.0,59.12,17.9468,51813200
2001-08-24,59.6,62.28,59.23,62.05,18.8363,63399000
2001-08-27,61.9,63.36,61.57,62.31,18.9152,44562800
2001-08-28,62.34,62.95,60.58,60.74,18.4386,47422800
2001-08-29,61.05,61.3,59.54,60.25,18.2898,48170000
2001-08-30,59.04,59.66,56.52,56.94,17.285,97632000
2001-08-31,56.85,58.06,56.3,57.05,17.3184,57900800
2001-09-04,57.19,59.08,56.07,56.1,17.03,67189200
2001-09-05,56.18,58.39,55.39,57.74,17.5279,89470600
2001-09-06,56.56,58.39,55.9,56.02,17.0057,112356800
2001-09-07,56.11,57.36,55.31,55.4,16.8175,89863800
2001-09-10,54.92,57.95,54.7,57.58,17.4793,84471800
2001-09-17,54.02,55.1,52.8,52.91,16.0617,127502000
2001-09-18,53.41,55.0,53.17,54.32,16.4897,83182600
2001-09-19,54.46,54.7,50.6,53.87,16.3531,126950200
2001-09-20,52.35,52.61,50.67,50.76,15.409,117983200
2001-09-21,47.92,50.6,47.5,49.71,15.0902,184976600
2001-09-24,50.65,52.45,49.87,52.01,15.7885,85580200
2001-09-25,52.27,53.0,50.16,51.3,15.5729,84940600
2001-09-26,51.51,51.8,49.55,50.27,15.2602,58524400
2001-09-27,50.1,50.68,48.0,49.96,15.1661,81191200
2001-09-28,49.62,51.59,48.98,51.17,15.5335,116641200
2001-10-01,50.94,52.5,50.41,51.79,15.7217,69999600
2001-10-02,51.63,53.55,51.56,53.05,16.1042,80860800
2001-10-03,52.48,56.93,52.4,56.23,17.0695,97199200
2001-10-04,56.92,58.4,56.21,56.44,17.1332,101778000
2001-10-05,56.16,58.0,54.94,57.72,17.5218,80844400
2001-10-08,56.8,58.65,56.74,58.04,17.619,60605800
2001-10-09,57.5,57.57,54.19,54.56,16.5625,99477600
2001-10-10,53.6,55.75,53.0,55.51,16.8509,86349200
2001-10-11,55.76,56.84,54.59,56.32,17.0968,83742600
2001-10-12,55.7,56.64,54.55,56.38,17.115,63307000
2001-10-15,55.9,58.5,55.85,58.06,17.625,68437000
2001-10-16,57.87,58.91,57.21,58.45,17.7434,66169000
2001-10-17,59.12,59.3,55.98,56.03,17.0088,73710600
2001-10-18,56.34,57.58,55.5,56.75,17.2274,78348000
2001-10-19,57.4,58.01,55.63,57.9,17.5765,91219600
2001-10-22,57.9,60.18,57.47,60.16,18.2625,72323600
2001-10-23,60.47,61.44,59.4,60.43,18.3445,80325000
2001-10-24,60.5,61.62,59.62,61.32,18.6146,79141400
2001-10-25,60.61,62.6,59.57,62.56,18.9911,75318200
2001-10-26,62.32,63.63,62.08,62.2,18.8818,64509400
2001-10-29,62.1,62.2,59.54,59.64,18.1047,55129400
2001-10-30,58.92,59.54,58.19,58.88,17.8739,57395600
2001-10-31,59.3,60.73,58.1,58.15,17.6523,64700000
2001-11-01,60.08,62.25,59.6,61.84,18.7725,109671200
2001-11-02,61.93,63.02,60.51,61.4,18.6389,83360000
2001-11-05,61.86,64.03,61.75,63.27,19.2066,66401600
2001-11-06,62.7,64.94,62.16,64.78,19.665,68612000
2001-11-07,64.22,65.05,64.03,64.25,19.5041,58899000
2001-11-08,64.46,66.06,63.66,64.42,19.5557,74227800
2001-11-09,64.34,65.65,63.91,65.21,19.7955,48013600
2001-11-12,64.7,66.44,63.65,65.79,19.9716,57752800
2001-11-13,66.8,67.95,66.6,67.9,20.6121,60159600
2001-11-14,68.23,68.34,65.79,65.95,20.0202,88625600
2001-11-15,66.1,67.05,65.45,66.12,20.0718,77922000
2001-11-16,66.36,66.61,64.95,65.75,19.9594,59249000
2001-11-19,66.25,66.97,65.7,66.54,20.1993,56005000
2001-11-20,66.45,67.8,65.03,65.4,19.8532,65921800
2001-11-21,64.36,64.6,63.48,64.05,19.4434,50785200
2001-11-23,64.38,64.81,63.62,64.71,19.6437,15754600
2001-11-26,64.99,65.71,64.4,65.14,19.7743,41983600
2001-11-27,64.79,65.07,62.75,63.74,19.3493,90819000
2001-11-28,63.17,64.12,62.73,62.8,19.0639,54536600
2001-11-29,63.12,64.9,62.95,64.84,19.6832,54034400
2001-11-30,64.66,65.08,63.93,64.21,19.492,48234200
2001-12-03,63.83,65.23,63.8,64.77,19.6619,47211800
2001-12-04,65.0,66.08,64.1,66.0,20.0353,51005800
2001-12-05,66.49,68.17,65.2,68.1,20.6728,74243000
2001-12-06,67.98,69.0,67.55,68.65,20.8398,56026200
2001-12-07,68.25,68.84,66.55,67.83,20.5909,42334800
2001-12-10,67.52,68.45,66.86,67.06,20.3571,38367400
2001-12-11,67.66,68.13,67.07,67.32,20.436,54334000
2001-12-12,67.16,67.98,66.25,67.95,20.6273,47884200
2001-12-13,67.13,68.24,66.07,66.27,20.1173,53227800
2001-12-14,66.02,67.95,65.93,67.44,20.4725,43000600
2001-12-17,67.17,69.11,67.16,68.98,20.94,57079800
2001-12-18,68.92,69.4,68.6,69.27,21.028,47255200
2001-12-19,68.62,69.89,68.45,69.49,21.0948,56996200
2001-12-20,69.15,69.25,66.62,66.76,20.266,78585000
2001-12-21,68.01,68.02,67.0,67.54,20.5028,84307600
2001-12-24,67.72,68.03,67.2,67.27,20.4209,11701600
2001-12-26,67.42,69.07,67.39,67.68,20.5453,29328000
2001-12-27,67.98,68.71,67.26,67.85,20.5969,32406600
2001-12-28,68.23,68.85,67.7,67.87,20.603,28787200
2001-12-31,67.84,68.48,66.25,66.25,20.1112,43006200
2002-01-02,66.65,67.11,65.51,67.04,20.351,48124000
2002-01-03,67.11,69.25,67.09,69.23,21.0159,67590800
2002-01-04,69.25,69.91,68.67,68.9,20.9157,52731400
2002-01-07,69.75,70.02,68.35,68.56,20.8125,58508800
2002-01-08,68.69,69.86,68.0,69.38,21.0614,47736400
2002-01-09,69.72,70.62,68.55,68.71,20.858,76304000
2002-01-10,68.48,69.8,68.13,69.28,21.031,50296600
2002-01-11,69.52,70.32,68.1,68.61,20.8276,72993200
2002-01-14,68.3,69.04,67.74,68.47,20.7851,50997800
2002-01-15,68.66,69.62,68.5,69.55,21.113,60717400
2002-01-16,68.85,69.84,67.85,67.87,20.603,61955400
2002-01-17,68.53,70.0,68.4,69.86,21.2071,78958000
2002-01-18,67.1,67.85,65.42,66.1,20.0657,107140400
2002-01-22,66.61,66.63,64.25,64.46,19.5678,76837200
2002-01-23,64.05,64.71,63.24,63.74,19.3493,80403000
2002-01-24,64.1,65.18,63.8,64.6,19.6103,83886000
2002-01-25,64.19,64.85,63.51,63.8,19.3675,48981200
2002-01-28,64.23,64.4,62.91,63.82,19.3736,41622000
2002-01-29,63.9,64.5,61.99,62.32,18.9182,58666000
2002-01-30,62.45,62.9,61.33,62.85,19.0791,66100000
2002-01-31,63.06,63.81,62.12,63.71,19.3402,69566200
2002-02-01,64.15,64.5,62.47,62.66,19.0214,63462200
2002-02-04,62.4,62.69,60.75,61.12,18.5539,70308400
2002-02-05,60.8,62.23,60.5,61.15,18.563,66772600
2002-02-06,61.61,61.89,60.25,60.4,18.3354,66103000
2002-02-07,60.3,61.61,59.75,59.8,18.1532,63314000
2002-02-08,60.12,60.66,58.83,60.65,18.4113,61283000
2002-02-11,60.01,61.24,59.59,61.13,18.557,50899600
2002-02-12,60.49,60.85,60.02,60.14,18.2564,44973800
2002-02-13,60.26,61.88,59.95,61.82,18.7664,54168600
2002-02-14,62.0,62.99,61.32,61.68,18.7239,57267000
2002-02-15,61.7,62.06,60.2,60.23,18.2838,50179800
2002-02-19,59.91,60.14,58.6,58.93,17.8891,52262600
2002-02-20,59.4,60.36,58.8,59.9,18.1836,50492000
2002-02-21,59.72,60.27,58.01,58.05,17.622,59398400
2002-02-22,58.05,58.75,57.15,57.99,17.6038,71347800
2002-02-25,57.94,59.89,57.89,59.08,17.9347,51832200
2002-02-26,59.1,60.0,57.9,58.55,17.7738,63276200
2002-02-27,59.07,60.15,57.99,58.39,17.7252,65750000
2002-02-28,58.78,59.7,58.14,58.34,17.71,68068000
2002-03-01,59.05,61.42,58.85,61.37,18.6298,62115600
2002-03-04,61.24,63.5,60.87,63.3,19.2157,74464200
2002-03-05,63.0,63.88,62.34,63.08,19.1489,55926400
2002-03-06,62.91,63.7,62.19,63.63,19.3159,49835400
2002-03-07,63.67,63.88,61.86,62.72,19.0396,58079200
2002-03-08,63.63,64.7,63.17,63.95,19.413,57701800
2002-03-11,63.51,65.0,63.0,64.34,19.5314,43718200
2002-03-12,62.52,62.8,61.67,62.54,18.985,66407200
2002-03-13,62.08,63.02,61.95,62.1,18.8514,44387400
2002-03-14,62.14,62.24,61.05,61.22,18.5843,51819600
2002-03-15,61.0,62.51,60.97,62.49,18.9698,69086800
2002-03-18,62.74,62.99,61.2,62.14,18.8636,52296800
2002-03-19,62.18,63.0,61.5,62.23,18.8909,36376400
2002-03-20,61.4,62.02,60.1,60.1,18.2443,55235200
2002-03-21,60.21,61.59,59.83,61.36,18.6268,46123400
2002-03-22,61.05,61.14,60.22,60.45,18.3505,41341400
2002-03-25,60.48,60.78,59.15,59.23,17.9802,47752400
2002-03-26,59.1,60.92,58.31,59.08,17.9347,69357200
2002-03-27,58.8,59.88,58.59,59.44,18.0439,47318400
2002-03-28,59.95,60.65,59.66,60.31,18.308,43901200
2002-04-01,59.83,60.4,59.2,60.38,18.3293,47010000
2002-04-02,58.9,59.09,57.11,57.28,17.3882,76509400
2002-04-03,57.44,57.61,55.5,56.33,17.0999,76931400
2002-04-04,55.98,56.97,55.42,56.45,17.1363,61763800
2002-04-05,56.89,57.3,55.84,55.87,16.9602,50166000
2002-04-08,54.3,57.31,54.26,57.22,17.37,73389600
2002-04-09,57.33,57.43,54.8,54.87,16.6566,63413000
2002-04-10,55.12,57.11,55.06,56.3,17.0907,75636400
2002-04-11,55.89,56.45,54.5,54.79,16.6324,58165800
2002-04-12,55.15,56.26,54.86,55.93,16.9784,52297600
2002-04-15,56.0,56.75,55.4,55.69,16.9056,47388800
2002-04-16,56.4,58.1,56.36,57.81,17.5491,51921600
2002-04-17,57.95,58.28,56.42,56.63,17.1909,55158600
2002-04-18,56.79,57.31,52.68,56.37,17.112,74794800
2002-04-19,57.44,57.98,56.86,57.2,17.364,104268600
2002-04-22,56.52,56.7,55.0,55.59,16.8752,51465200
2002-04-23,55.7,55.82,53.3,53.99,16.3895,68281400
2002-04-24,53.85,54.43,53.0,53.02,16.0951,61220400
2002-04-25,52.9,54.45,52.88,53.73,16.3106,57290400
2002-04-26,54.07,54.45,51.46,51.5,15.6336,62776600
2002-04-29,51.47,52.91,51.44,52.24,15.8583,70246000
2002-04-30,52.1,53.3,51.92,52.26,15.8643,77384000
2002-05-01,52.16,53.19,50.66,52.75,16.0131,76413000
2002-05-02,52.64,54.07,51.15,51.21,15.5456,79009200
2002-05-03,51.26,51.68,49.51,49.56,15.0447,71628000
2002-05-06,49.44,50.54,48.37,48.62,14.7594,66299400
2002-05-07,49.18,50.29,48.35,49.47,15.0174,88385400
2002-05-08,51.27,54.97,51.22,54.97,16.687,101242000
2002-05-09,54.4,55.0,51.9,52.12,15.8218,83288200
2002-05-10,52.53,52.67,49.99,50.05,15.1935,64408800
2002-05-13,50.45,52.91,49.75,52.69,15.9949,64819000
2002-05-14,54.4,55.1,53.98,54.88,16.6597,64832400
2002-05-15,54.49,56.44,53.86,54.75,16.6202,70412000
2002-05-16,54.71,56.03,54.65,55.74,16.9208,53406400
2002-05-17,56.21,56.4,55.27,56.03,17.0088,54646200
2002-05-20,55.5,55.55,53.5,54.01,16.3956,52115800
2002-05-21,53.95,54.6,52.13,52.19,15.8431,63120000
2002-05-22,51.87,53.72,51.85,53.69,16.2984,54169400
2002-05-23,53.7,54.84,53.01,54.82,16.6415,51412800
2002-05-24,54.14,54.52,53.04,53.26,16.1679,35982000
2002-05-28,53.59,53.69,51.75,52.32,15.8826,49602000
2002-05-29,51.65,52.72,51.55,52.05,15.8006,45393200
2002-05-30,51.64,53.36,51.43,52.64,15.9797,63213000
2002-05-31,52.9,53.42,50.88,50.91,15.4545,66468000
2002-06-03,50.99,51.64,49.17,49.42,15.0022,88439000
2002-06-04,49.5,51.23,49.24,49.98,15.1722,88008400
2002-06-05,50.43,51.75,50.33,51.66,15.6822,66969400
2002-06-06,51.5,52.14,50.0,51.9,15.7551,78703400
2002-06-07,49.89,52.6,49.86,51.98,15.7793,97834400
2002-06-10,51.65,53.3,51.46,52.82,16.0343,71825400
2002-06-11,53.24,54.18,52.42,52.57,15.9584,74368200
2002-06-12,52.58,55.78,52.5,55.54,16.86,136198600
2002-06-13,54.84,55.48,54.2,54.22,16.4593,79771600
2002-06-14,53.15,55.55,53.0,55.25,16.772,109433600
2002-06-17,55.66,56.44,55.37,55.68,16.9025,94486600
2002-06-18,55.53,56.29,55.35,55.99,16.9966,77518400
2002-06-19,55.47,55.94,54.32,54.36,16.5018,81247000
2002-06-20,54.37,55.1,53.9,54.1,16.4229,86401200
2002-06-21,53.4,54.55,52.28,52.28,15.8704,116820000
2002-06-24,52.09,54.64,51.85,54.16,16.4411,104523200
2002-06-25,54.7,55.0,52.8,52.95,16.0738,84025200
2002-06-26,51.05,54.39,51.05,54.13,16.432,112131400
2002-06-27,54.6,54.94,52.86,54.92,16.6718,95812400
2002-06-28,54.55,55.79,54.0,54.7,16.605,89555600
2002-07-01,54.12,54.39,52.58,52.66,15.9858,66473800
2002-07-02,52.38,52.92,51.33,51.44,15.6154,82814200
2002-07-03,51.24,52.52,50.45,51.84,15.7368,80936600
2002-07-05,53.09,54.9,53.05,54.85,16.6506,35673600
2002-07-08,54.41,54.93,52.58,52.92,16.0647,63199400
2002-07-09,53.31,54.73,52.97,53.21,16.1527,85277200
2002-07-10,53.69,54.2,52.13,52.24,15.8583,90673400
2002-07-11,52.04,53.07,51.25,52.91,16.0617,129550600
2002-07-12,53.37,53.73,51.48,51.86,15.7429,95733800
2002-07-15,51.39,51.86,48.0,51.8,15.7247,136965600
2002-07-16,51.31,52.8,50.64,51.25,15.5577,97154600
2002-07-17,52.52,53.3,51.17,52.0,15.7854,98034800
2002-07-18,52.06,52.74,50.66,51.11,15.5152,91053600
2002-07-19,49.87,50.89,48.81,49.56,15.0447,112543400
2002-07-22,48.95,49.99,45.9,47.51,14.4224,180069800
2002-07-23,46.49,46.8,42.97,43.01,13.0564,168061600
2002-07-24,41.75,46.36,41.41,46.23,14.0338,202307800
2002-07-25,45.45,45.71,42.44,42.83,13.0017,163411400
2002-07-26,43.74,45.41,43.68,45.35,13.7667,123538000
2002-07-29,46.85,48.3,46.55,48.25,14.647,112148600
2002-07-30,47.55,48.83,47.33,48.1,14.6015,122690600
2002-07-31,47.61,48.0,46.36,47.98,14.5651,93875600
2002-08-01,47.58,48.09,45.5,45.75,13.8881,92002800
2002-08-02,45.51,45.85,43.8,44.41,13.4814,85947600
2002-08-05,44.29,45.17,43.81,43.99,13.3539,78941600
2002-08-06,44.9,47.25,44.84,45.67,13.8638,88715800
2002-08-07,47.0,47.3,45.16,47.09,14.2949,86349400
2002-08-08,47.11,49.0,46.41,48.91,14.8474,88748000
2002-08-09,48.15,49.15,47.66,48.12,14.6076,69049400
2002-08-12,47.61,48.75,47.6,48.47,14.7138,56866600
2002-08-13,47.99,49.7,46.92,47.06,14.2858,100122800
2002-08-14,47.25,49.73,47.21,49.71,15.0902,96706000
2002-08-15,49.96,50.74,48.75,49.77,15.1085,98745600
2002-08-16,49.43,50.23,48.92,50.0,15.1783,69334000
2002-08-19,50.04,52.05,49.85,52.0,15.7854,79848200
2002-08-20,51.38,51.7,50.75,51.04,15.494,70317600
2002-08-21,51.56,52.38,51.15,52.28,15.8704,81203400
2002-08-22,52.85,53.45,52.6,53.23,16.1588,72517600
2002-08-23,52.66,52.85,51.84,52.22,15.8522,57929200
2002-08-26,52.5,52.65,51.18,52.1,15.8158,55652400
2002-08-27,52.33,52.45,50.65,50.84,15.4333,65470200
2002-08-28,50.48,50.66,49.3,49.38,14.9901,68875000
2002-08-29,48.89,51.0,48.52,50.58,15.3544,94275600
2002-08-30,50.14,50.48,49.0,49.08,14.899,58138400
2002-09-03,48.52,48.52,47.0,47.02,14.2737,74452600
2002-09-04,47.45,48.6,47.15,48.21,14.6349,80232000
2002-09-05,47.5,47.52,45.88,45.91,13.9367,90438800
2002-09-06,47.75,48.27,47.47,47.82,14.5165,69918400
2002-09-09,47.25,48.95,46.63,48.7,14.7836,81653200
2002-09-10,48.54,49.82,48.35,49.79,15.1145,83950000
2002-09-11,50.23,51.1,48.53,48.58,14.7472,77443200
2002-09-12,48.15,48.3,47.02,47.15,14.3131,63726800
2002-09-13,46.9,48.26,46.85,47.91,14.5438,59549200
2002-09-16,47.6,48.13,47.05,47.78,14.5044,50166200
2002-09-17,48.67,48.9,47.21,47.29,14.3556,73343400
2002-09-18,46.72,48.24,46.66,47.75,14.4953,83951800
2002-09-19,46.68,47.82,46.59,47.2,14.3283,77777600
2002-09-20,47.71,48.0,47.3,47.46,14.4072,130619200
2002-09-23,46.6,46.71,44.81,45.23,13.7303,89783800
2002-09-24,44.83,46.48,44.63,45.64,13.8547,104142200
2002-09-25,46.4,46.96,45.05,46.51,14.1188,107116600
2002-09-26,47.11,47.5,45.95,46.2,14.0247,100852200
2002-09-27,46.04,47.1,45.19,45.25,13.7363,81011600
2002-09-30,44.87,45.04,43.11,43.74,13.278,115577000
2002-10-01,44.32,46.25,43.19,46.23,14.0338,110636600
2002-10-02,46.1,46.81,45.16,45.61,13.8456,103488600
2002-10-03,45.3,46.59,44.6,44.8,13.5997,105221400
2002-10-04,45.39,45.57,43.69,43.77,13.2871,107120400
2002-10-07,43.81,45.06,43.69,44.05,13.3721,89790000
2002-10-08,44.75,45.98,44.13,44.99,13.6574,115667600
2002-10-09,44.23,45.45,43.81,43.99,13.3539,123142600
2002-10-10,44.0,46.62,43.25,46.38,14.0794,118515000
2002-10-11,47.36,48.9,47.01,48.87,14.8353,108828800
2002-10-14,48.25,49.33,47.84,49.29,14.9628,76216200
2002-10-15,51.26,52.37,50.65,52.29,15.8734,133374200
2002-10-16,50.39,51.26,50.28,50.41,15.3027,95437400
2002-10-17,52.28,52.5,50.05,50.77,15.412,182602400
2002-10-18,52.6,53.2,51.14,53.15,16.1345,152817200
2002-10-21,51.97,52.99,51.36,52.51,15.9402,112378600
2002-10-22,51.43,51.93,51.03,51.67,15.6852,87159000
2002-10-23,51.43,53.26,51.43,53.2,16.1497,110866600
2002-10-24,53.36,53.37,50.9,51.23,15.5517,95833400
2002-10-25,51.25,52.8,51.16,52.68,15.9918,75425800
2002-10-28,53.4,53.5,51.51,51.95,15.7702,79906600
2002-10-29,52.15,52.49,50.85,52.07,15.8067,90517200
2002-10-30,52.2,53.39,51.63,53.11,16.1224,94451200
2002-10-31,53.19,54.07,52.85,53.47,16.2317,105973800
2002-11-01,52.43,53.24,51.9,53.0,16.089,105097800
2002-11-04,56.75,57.25,55.52,56.1,17.03,139964200
2002-11-05,55.78,56.8,55.58,56.68,17.2061,76658200
2002-11-06,56.99,57.1,55.53,57.03,17.3124,115407000
2002-11-07,56.2,56.62,55.5,56.01,17.0027,73699600
2002-11-08,56.0,56.55,55.01,55.1,16.7265,64522200
2002-11-11,55.07,55.1,53.82,53.86,16.35,58341200
2002-11-12,54.1,55.43,53.9,54.51,16.5474,81398600
2002-11-13,54.24,55.93,54.11,55.36,16.8054,107370200
2002-11-14,55.99,57.0,55.87,56.99,17.3002,78337000
2002-11-15,56.6,56.92,55.67,56.69,17.2091,77533600
2002-11-18,56.95,57.03,55.74,55.85,16.9541,58086400
2002-11-19,55.55,55.8,54.31,54.86,16.6536,76403400
2002-11-20,55.01,56.9,54.93,56.62,17.1879,76435400
2002-11-21,56.98,58.0,56.78,57.84,17.5582,82922200
2002-11-22,57.45,58.3,57.05,58.22,17.6736,70002000
2002-11-25,58.06,58.64,57.57,58.23,17.6766,61583000
2002-11-26,57.64,58.25,56.78,56.9,17.2729,68650400
2002-11-27,57.6,58.61,57.4,58.08,17.6311,55191800
2002-11-29,58.43,58.63,57.68,57.68,17.5097,28393000
2002-12-02,58.65,58.96,57.01,57.69,17.5127,63735000
2002-12-03,57.28,57.35,56.41,56.71,17.2152,58457400
2002-12-04,56.13,57.44,55.82,56.54,17.1636,83892000
2002-12-05,56.95,57.09,55.3,55.34,16.7993,68435800
2002-12-06,54.87,55.74,54.22,55.47,16.8388,71670200
2002-12-09,55.0,55.22,53.51,53.53,16.2499,63862800
2002-12-10,53.56,54.48,53.48,54.01,16.3956,63730200
2002-12-11,53.85,55.01,53.58,54.66,16.5929,69186200
2002-12-12,55.0,55.06,53.69,54.17,16.4442,55242000
2002-12-13,53.68,53.75,52.49,52.5,15.9372,65245400
2002-12-16,53.0,54.55,52.67,54.48,16.5383,60140400
2002-12-17,54.42,54.99,53.78,54.36,16.5018,49549800
2002-12-18,53.84,54.4,52.79,53.53,16.2499,62709400
2002-12-19,53.25,54.75,52.88,53.11,16.1224,82686600
2002-12-20,53.49,53.72,52.95,53.04,16.1011,98294600
2002-12-23,53.05,54.28,52.9,54.0,16.3925,48798400
2002-12-24,53.54,54.23,53.52,53.82,16.3379,18386000
2002-12-26,54.03,54.69,53.17,53.39,16.2074,37228000
2002-12-27,53.28,54.0,52.9,52.97,16.0799,40891600
2002-12-30,53.01,53.24,52.27,52.75,16.0131,48019600
2002-12-31,52.74,52.99,51.26,51.7,15.6943,58208800
2003-01-02,52.3,53.75,51.71,53.72,16.3075,67025200
2003-01-03,53.59,53.8,52.88,53.79,16.3288,55546800
2003-01-06,54.02,55.23,53.8,54.77,16.6263,59456200
2003-01-07,54.92,56.01,54.68,55.8,16.939,80517400
2003-01-08,55.37,55.55,54.11,54.24,16.4654,64566000
2003-01-09,54.72,55.92,54.53,55.81,16.942,61808000
2003-01-10,55.1,56.3,54.9,55.92,16.9754,67730200
2003-01-13,56.52,56.75,55.77,56.39,17.1181,60817800
2003-01-14,56.33,57.0,56.19,56.97,17.2941,54206400
2003-01-15,57.0,57.32,56.19,56.27,17.0816,59622600
2003-01-16,56.32,56.65,55.11,55.35,16.8024,81371000
2003-01-17,52.94,53.0,51.31,51.46,15.6215,155876000
2003-01-21,51.87,52.15,51.29,51.33,15.582,86159200
2003-01-22,51.59,52.4,50.91,51.0,15.4818,86948000
2003-01-23,51.95,52.54,51.46,52.28,15.8704,71374800
2003-01-24,52.03,52.05,49.7,49.85,15.1327,103027000
2003-01-27,49.32,50.6,48.41,49.17,14.9263,114838600
2003-01-28,49.69,49.7,48.56,48.82,14.8201,86151200
2003-01-29,48.73,50.04,47.93,49.91,15.151,106884000
2003-01-30,50.16,50.17,48.19,48.24,14.644,87877400
2003-01-31,47.45,48.35,47.03,47.46,14.4072,106858400
2003-02-03,47.93,49.1,47.46,48.56,14.7411,80129800
2003-02-04,47.8,47.94,46.88,47.32,14.3647,81854800
2003-02-05,47.83,48.53,46.73,46.96,14.2554,101072000
2003-02-06,46.86,47.62,46.56,47.42,14.3951,83312000
2003-02-07,47.88,47.95,46.41,46.58,14.1401,75208000
2003-02-10,46.8,47.52,46.54,47.38,14.3829,74081400
2003-02-11,47.3,47.67,46.0,46.44,14.0976,84292000
2003-02-12,46.55,47.1,46.26,46.44,14.0976,71315200
2003-02-13,46.41,47.12,46.13,46.99,14.2646,73558200
2003-02-14,47.25,48.5,46.77,48.3,14.6622,90446400
2003-02-18,24.62,24.99,24.4,24.96,15.154,57415500
2003-02-19,24.82,24.88,24.17,24.53,14.9408,46902700
2003-02-20,24.77,24.87,24.1,24.14,14.7033,50897200
2003-02-21,24.29,24.8,23.7,24.63,15.0017,56853200
2003-02-24,24.44,24.5,23.84,24.07,14.6606,62403700
2003-02-25,23.54,24.27,23.38,24.19,14.7337,68113000
2003-02-26,24.07,24.47,23.58,23.61,14.3805,57096000
2003-02-27,23.9,24.21,23.3,23.58,14.3622,75434300
2003-02-28,23.74,24.07,23.55,23.7,14.4353,56585400
2003-03-03,24.02,24.12,23.4,23.54,14.3378,50653500
2003-03-04,23.58,23.66,23.06,23.07,14.0516,56605700
2003-03-05,23.07,23.55,23.05,23.44,14.2769,55415900
2003-03-06,23.17,23.5,23.13,23.27,14.1734,54607600
2003-03-07,22.95,23.79,22.9,23.56,14.35,66167600
2003-03-10,23.31,23.46,22.89,22.95,13.9785,48413600
2003-03-11,23.06,23.26,22.76,22.8,13.8871,53990700
2003-03-12,22.81,23.44,22.55,23.39,14.2465,72379500
2003-03-13,23.72,24.74,23.44,24.67,15.0261,80701300
2003-03-14,24.68,24.96,24.26,24.86,15.1418,75451400
2003-03-17,24.52,25.95,24.33,25.93,15.7935,100983800
2003-03-18,25.89,26.04,25.5,26.04,15.8605,78108800
2003-03-19,25.98,26.43,25.74,26.32,16.0311,73652100
2003-03-20,26.02,26.52,25.67,26.25,15.9884,71798500
2003-03-21,26.75,26.8,26.03,26.57,16.1833,85586800
2003-03-24,25.55,25.93,25.18,25.29,15.4037,61105200
2003-03-25,25.6,25.75,25.03,25.49,15.5255,63595100
2003-03-26,25.46,25.62,25.24,25.25,15.3794,51673600
2003-03-27,24.94,25.26,24.59,25.04,15.2515,60043300
2003-03-28,24.67,25.1,24.6,24.67,15.0261,39584600
2003-03-31,24.25,24.71,24.01,24.21,14.7459,71384000
2003-04-01,24.46,24.7,24.25,24.35,14.8312,49803200
2003-04-02,25.1,26.0,25.1,25.72,15.6656,68282500
2003-04-03,25.99,26.09,25.6,25.73,15.6717,57394300
2003-04-04,25.76,25.8,24.93,25.09,15.2819,55740600
2003-04-07,26.23,26.43,25.17,25.17,15.3306,65627100
2003-04-08,25.31,25.83,25.2,25.58,15.5804,54132100
2003-04-09,25.61,25.67,24.54,24.57,14.9652,76875800
2003-04-10,24.71,24.79,24.28,24.59,14.9774,51608900
2003-04-11,24.89,25.18,23.95,24.2,14.7398,71565500
2003-04-14,24.27,24.88,24.0,24.76,15.0809,51599600
2003-04-15,24.68,24.79,24.1,24.6,14.9835,63399000
2003-04-16,25.6,25.74,24.6,24.92,15.1784,86178700
2003-04-17,24.77,25.54,24.74,25.5,15.5316,58356600
2003-04-21,25.61,25.61,25.08,25.21,15.355,41557800
2003-04-22,25.06,25.8,25.03,25.76,15.69,58844000
2003-04-23,25.75,25.99,25.47,25.72,15.6656,55559300
2003-04-24,25.48,25.72,25.32,25.49,15.5255,51703600
2003-04-25,25.33,25.64,25.17,25.22,15.3611,53657400
2003-04-28,25.39,25.94,25.32,25.74,15.6778,56287600
2003-04-29,25.95,26.25,25.68,25.8,15.7144,65877300
2003-04-30,25.73,25.88,25.25,25.57,15.5743,55566800
2003-05-01,25.54,25.95,25.34,25.72,15.6656,42085800
2003-05-02,25.65,26.29,25.56,26.1,15.8971,52695400
2003-05-05,26.25,26.39,25.84,25.86,15.7509,50391500
2003-05-06,25.86,26.5,25.82,26.37,16.0615,54299500
2003-05-07,26.11,26.35,25.84,25.99,15.8301,49120000
2003-05-08,25.75,26.14,25.71,25.74,15.6778,46401400
2003-05-09,25.9,26.5,25.89,26.36,16.0554,58913600
2003-05-12,26.15,26.47,26.06,26.2,15.958,53900800
2003-05-13,26.04,26.2,25.89,25.99,15.8301,44501900
2003-05-14,26.08,26.18,25.54,25.62,15.6047,45021000
2003-05-15,25.85,26.01,25.57,25.79,15.7083,45450200
2003-05-16,25.88,26.05,25.41,25.57,15.5743,60620900
2003-05-19,25.4,25.54,24.74,24.76,15.0809,55336300
2003-05-20,24.86,25.0,24.5,24.63,15.0017,52677600
2003-05-21,24.63,24.71,23.89,24.03,14.6363,108960900
2003-05-22,24.2,24.27,24.04,24.16,14.7155,93157100
2003-05-23,24.2,24.54,24.03,24.22,14.752,76968000
2003-05-27,24.25,24.89,24.22,24.79,15.0992,68486800
2003-05-28,24.78,24.87,24.3,24.41,14.8677,91467000
2003-05-29,24.47,24.67,24.23,24.4,14.8616,75451300
2003-05-30,24.73,24.91,24.51,24.61,14.9895,85096700
2003-06-02,24.98,25.03,24.57,24.64,15.0078,66310800
2003-06-03,24.75,24.92,24.57,24.88,15.154,61058200
2003-06-04,24.99,25.22,24.74,24.87,15.1479,83484600
2003-06-05,24.47,24.52,24.01,24.09,14.6728,115877900
2003-06-06,24.44,24.56,23.65,23.67,14.417,119629400
2003-06-09,23.72,23.98,23.6,23.75,14.4657,73610000
2003-06-10,23.94,24.75,23.85,24.68,15.0322,80655300
2003-06-11,24.67,24.96,24.42,24.88,15.154,75768600
2003-06-12,24.97,25.14,24.74,24.99,15.221,66177700
2003-06-13,25.2,25.25,24.49,24.65,15.0139,55157500
2003-06-16,24.8,25.42,24.67,25.39,15.4646,69658600
2003-06-17,25.64,26.14,25.53,25.96,15.8118,122213900
2003-06-18,25.98,26.43,25.71,26.07,15.8788,89957700
2003-06-19,26.09,26.39,26.01,26.07,15.8788,63626900
2003-06-20,26.34,26.38,26.01,26.33,16.0372,86048900
2003-06-23,26.14,26.24,25.49,25.78,15.7022,52584500
2003-06-24,25.65,26.04,25.52,25.7,15.6534,51820300
2003-06-25,25.64,25.99,25.14,25.26,15.3855,60483500
2003-06-26,25.39,26.51,25.21,25.75,15.6839,51758100
2003-06-27,25.95,26.34,25.53,25.63,15.6108,76040300
2003-06-30,25.94,26.12,25.5,25.64,15.6169,48073100
2003-07-01,25.59,26.2,25.39,26.15,15.9275,60926000
2003-07-02,26.5,26.93,26.45,26.88,16.3722,94069300
2003-07-03,26.69,26.95,26.41,26.5,16.1407,39440900
2003-07-07,27.02,27.55,26.95,27.42,16.7011,88960800
2003-07-08,27.26,27.8,27.25,27.7,16.8716,61896800
2003-07-09,27.56,27.7,27.25,27.47,16.7315,62300700
2003-07-10,27.25,27.42,26.59,26.91,16.3904,55350800
2003-07-11,26.95,27.45,26.89,27.31,16.6341,50377300
2003-07-14,27.63,27.81,27.05,27.4,16.6889,60464400
2003-07-15,27.47,27.53,27.1,27.27,16.6097,53567600
2003-07-16,27.56,27.62,27.2,27.52,16.762,49838900
2003-07-17,27.14,27.27,26.54,26.69,16.2564,72805000
2003-07-18,27.11,27.23,26.75,26.89,16.3783,63388400
2003-07-21,26.87,26.91,26.0,26.04,15.8605,48480800
2003-07-22,26.28,26.56,26.13,26.38,16.0676,51791000
2003-07-23,26.42,26.65,26.14,26.45,16.1103,49828200
2003-07-24,26.78,26.92,25.98,26.0,15.8362,53556600
2003-07-25,26.28,26.95,26.07,26.89,16.3783,54173000
2003-07-28,26.94,27.0,26.49,26.61,16.2077,52658300
2003-07-29,26.88,26.9,26.24,26.47,16.1224,62391100
2003-07-30,26.46,26.57,26.17,26.23,15.9763,41240300
2003-07-31,26.6,26.99,26.31,26.41,16.0859,64504800
2003-08-01,26.33,26.51,26.12,26.17,15.9397,42649700
2003-08-04,26.15,26.41,25.75,26.18,15.9458,51825600
2003-08-05,26.31,26.54,25.6,25.66,15.6291,58825800
2003-08-06,25.54,26.19,25.43,25.65,15.623,56294900
2003-08-07,25.72,25.81,25.45,25.71,15.6595,44258500
2003-08-08,25.88,25.98,25.5,25.58,15.5804,33241400
2003-08-11,25.61,25.99,25.54,25.61,15.5986,36433900
2003-08-12,25.71,25.77,25.45,25.73,15.6717,38208400
2003-08-13,25.79,25.89,25.5,25.6,15.5925,39636900
2003-08-14,25.66,25.71,25.52,25.63,15.6108,37338300
2003-08-15,25.61,25.66,25.43,25.54,15.556,27607900
2003-08-18,25.56,25.83,25.46,25.7,15.6534,45817400
2003-08-19,25.85,26.65,25.77,26.62,16.2138,72952900
2003-08-20,26.3,26.53,26.0,26.45,16.1103,56739300
2003-08-21,26.65,26.73,26.13,26.24,15.9824,63802700
2003-08-22,26.78,26.95,26.21,26.22,15.9702,65846300
2003-08-25,26.31,26.54,26.23,26.5,16.1407,36132900
2003-08-26,26.31,26.67,25.96,26.57,16.1833,47546000
2003-08-27,26.51,26.58,26.3,26.42,16.092,30633900
2003-08-28,26.5,26.58,26.24,26.51,16.1468,46211200
2003-08-29,26.46,26.55,26.35,26.52,16.1529,34503000
2003-09-02,26.7,27.3,26.47,27.26,16.6036,74168900
2003-09-03,27.42,28.4,27.38,28.3,17.2371,109437800
2003-09-04,28.1,28.47,27.99,28.43,17.3162,59840800
2003-09-05,28.23,28.75,28.17,28.38,17.2858,64024500
2003-09-08,28.39,28.92,28.34,28.84,17.566,46105300
2003-09-09,28.65,28.71,28.31,28.37,17.2797,44315200
2003-09-10,28.03,28.18,27.48,27.55,16.7803,54763500
2003-09-11,27.66,28.11,27.59,27.84,16.9569,37813300
2003-09-12,27.48,28.4,27.45,28.34,17.2614,55777200
2003-09-15,28.37,28.61,28.33,28.36,17.2736,41432300
2003-09-16,28.41,28.95,28.32,28.9,17.6025,52060600
2003-09-17,28.76,28.95,28.47,28.5,17.3589,47221600
2003-09-18,28.49,29.51,28.42,29.5,17.968,67268100
2003-09-19,29.76,29.97,29.52,29.96,18.2481,92433800
2003-09-22,29.39,30.0,28.81,29.07,17.7061,65678700
2003-09-23,29.12,29.71,28.88,29.6,18.0289,57827800
2003-09-24,29.61,29.7,28.42,28.46,17.3345,66336500
2003-09-25,28.47,28.96,28.22,28.24,17.2005,56224500
2003-09-26,28.27,28.78,28.14,28.19,17.1701,49864700
2003-09-29,28.41,28.91,28.1,28.83,17.5599,47380300
2003-09-30,28.59,28.61,27.75,27.8,16.9325,63333700
2003-10-01,28.03,28.63,27.81,28.52,17.3711,58375900
2003-10-02,28.45,28.75,28.19,28.5,17.3589,38143600
2003-10-03,29.16,29.46,28.93,29.08,17.7121,57303000
2003-10-06,29.15,29.3,28.91,29.19,17.7791,34047600
2003-10-07,29.01,29.37,28.92,29.14,17.7487,52356800
2003-10-08,29.36,29.36,28.68,28.82,17.5538,46989100
2003-10-09,29.22,29.35,28.8,28.94,17.6269,62653300
2003-10-10,28.91,29.2,28.67,28.91,17.6086,37604700
2003-10-13,28.98,29.1,28.5,28.78,17.5294,39320300
2003-10-14,28.66,28.77,28.48,28.68,17.4685,34851300
2003-10-15,29.2,29.26,28.7,29.07,17.8054,57242100
2003-10-16,28.91,29.31,28.8,29.23,17.9034,42232500
2003-10-17,29.28,29.29,28.8,28.93,17.7196,49960000
2003-10-20,28.95,29.37,28.8,29.35,17.9769,38794500
2003-10-21,29.35,29.43,29.17,29.35,17.9769,44166800
2003-10-22,29.03,29.21,28.8,28.89,17.6951,48798500
2003-10-23,28.72,29.08,28.1,28.91,17.7074,67357900
2003-10-24,27.27,27.4,26.42,26.61,16.2986,210558300
2003-10-27,26.91,27.1,26.82,26.91,16.4824,65619100
2003-10-28,27.09,27.22,26.88,27.2,16.66,71752600
2003-10-29,27.16,27.25,26.66,26.74,16.3783,73551500
2003-10-30,27.01,27.04,25.91,26.12,15.9985,98729400
2003-10-31,26.37,26.44,26.11,26.14,16.0108,69623700
2003-11-03,26.35,26.75,26.29,26.68,16.3415,57772300
2003-11-04,26.59,26.62,26.01,26.07,15.9679,84026100
2003-11-05,26.15,26.32,26.0,26.1,15.9863,61514400
2003-11-06,26.26,26.3,26.0,26.23,16.0659,68189800
2003-11-07,26.38,26.49,26.03,26.1,15.9863,57822100
2003-11-10,26.12,26.23,26.0,26.0,15.925,54579100
2003-11-11,26.01,26.08,25.67,25.8,15.8025,64990700
2003-11-12,25.85,26.14,25.6,25.98,15.9128,75877300
2003-11-13,25.86,25.93,25.45,25.69,15.7351,78949500
2003-11-14,25.7,26.02,25.44,25.5,15.6188,83146400
2003-11-17,25.39,25.44,24.84,25.15,15.4044,103900200
2003-11-18,25.33,25.84,25.12,25.15,15.4044,106868300
2003-11-19,25.29,25.54,25.17,25.35,15.5269,78853300
2003-11-20,25.17,25.63,25.08,25.1,15.3738,106845700
2003-11-21,25.33,25.38,25.08,25.11,15.3799,70712900
2003-11-24,25.33,25.81,25.28,25.73,15.7596,99463800
2003-11-25,25.87,25.95,25.38,25.4,15.5575,85663800
2003-11-26,25.61,25.63,25.32,25.45,15.5881,69758400
2003-11-28,25.5,25.75,25.4,25.71,15.7474,33402600
2003-12-01,25.9,26.21,25.5,25.84,15.827,101914600
2003-12-02,25.95,26.09,25.61,25.66,15.7168,85121700
2003-12-03,25.82,26.07,25.62,25.67,15.7229,93121600
2003-12-04,25.72,26.23,25.66,26.2,16.0475,87202400
2003-12-05,25.96,26.48,25.92,25.98,15.9128,96610900
2003-12-08,26.12,26.34,25.81,26.24,16.072,90504000
2003-12-09,26.44,26.61,26.25,26.38,16.1578,103547100
2003-12-10,26.45,26.63,26.38,26.59,16.2864,82853700
2003-12-11,26.59,26.77,26.28,26.61,16.2986,79309000
2003-12-12,26.69,26.81,26.5,26.65,16.3231,69154100
2003-12-15,27.05,27.1,26.68,26.74,16.3783,88860600
2003-12-16,26.83,27.16,26.77,27.06,16.5743,73978000
2003-12-17,27.04,27.08,26.85,27.04,16.562,53712300
2003-12-18,27.1,27.45,27.05,27.4,16.7825,61177800
2003-12-19,27.49,27.55,27.19,27.36,16.758,76856400
2003-12-22,27.16,27.43,26.97,27.18,16.6478,43894800
2003-12-23,27.17,27.34,27.01,27.15,16.6294,39609000
2003-12-24,27.14,27.16,27.0,27.04,16.562,19924200
2003-12-26,27.05,27.25,27.0,27.21,16.6661,12076900
2003-12-29,27.21,27.53,27.16,27.46,16.8193,40426700
2003-12-30,27.41,27.55,27.4,27.52,16.856,34406600
2003-12-31,27.42,27.55,27.23,27.37,16.7641,42198900
2004-01-02,27.58,27.77,27.33,27.45,16.8131,44487700
2004-01-05,27.73,28.18,27.72,28.14,17.2358,67333700
2004-01-06,28.19,28.28,28.07,28.24,17.297,46950800
2004-01-07,28.17,28.31,28.01,28.21,17.2786,54298200
2004-01-08,28.39,28.48,28.0,28.16,17.248,58810800
2004-01-09,28.03,28.06,27.59,27.66,16.9418,67079900
2004-01-12,27.67,27.73,27.35,27.57,16.8866,55845200
2004-01-13,27.55,27.64,27.26,27.43,16.8009,51555900
2004-01-14,27.52,27.73,27.47,27.7,16.9663,43907000
2004-01-15,27.55,27.72,27.42,27.54,16.8683,58504100
2004-01-16,27.71,27.88,27.53,27.81,17.0336,63983400
2004-01-20,27.98,28.2,27.93,28.1,17.2113,63068500
2004-01-21,28.13,28.3,27.85,28.3,17.3338,53570600
2004-01-22,28.36,28.44,27.94,28.01,17.1561,78425200
2004-01-23,28.28,28.76,28.22,28.48,17.444,127259100
2004-01-26,28.49,28.83,28.32,28.8,17.64,58299600
2004-01-27,28.64,28.72,28.22,28.25,17.3031,63196200
2004-01-28,28.3,28.44,27.47,27.71,16.9724,71336000
2004-01-29,27.81,27.95,27.57,27.91,17.0949,63748400
2004-01-30,27.84,27.9,27.55,27.65,16.9356,40528700
2004-02-02,27.61,27.8,27.24,27.4,16.7825,62891800
2004-02-03,27.4,27.55,27.18,27.29,16.7151,47993800
2004-02-04,27.22,27.43,27.01,27.01,16.5436,60648000
2004-02-05,27.06,27.17,26.83,26.96,16.513,55527500
2004-02-06,27.03,27.19,26.93,27.08,16.5865,47209600
2004-02-09,27.19,27.23,26.85,26.9,16.4763,48108500
2004-02-10,26.87,27.15,26.82,27.02,16.5498,37790600
2004-02-11,26.97,27.23,26.85,27.15,16.6294,51515300
2004-02-12,27.09,27.15,26.93,26.95,16.5069,44537000
2004-02-13,26.98,27.06,26.5,26.59,16.2864,67541100
2004-02-17,26.72,27.1,26.59,26.99,16.5314,43477000
2004-02-18,26.9,27.11,26.74,26.77,16.3966,50334700
2004-02-19,26.92,26.98,26.43,26.46,16.2068,61840600
2004-02-20,26.66,26.8,26.5,26.57,16.2741,57821900
2004-02-23,26.73,26.76,26.48,26.61,16.2986,50256800
2004-02-24,26.61,26.95,26.55,26.88,16.464,55426500
2004-02-25,26.9,26.99,26.61,26.7,16.3538,64275700
2004-02-26,26.59,26.65,26.41,26.5,16.2313,66602700
2004-02-27,26.47,26.62,26.35,26.53,16.2496,58266500
2004-03-01,26.63,26.72,26.5,26.7,16.3538,51912300
2004-03-02,26.61,26.69,26.35,26.39,16.1639,66331000
2004-03-03,26.35,26.55,26.22,26.37,16.1516,54998700
2004-03-04,26.33,26.42,26.21,26.37,16.1516,44023200
2004-03-05,26.23,26.6,26.2,26.35,16.1394,59849800
2004-03-08,26.31,26.35,25.81,25.83,15.8209,69367800
2004-03-09,25.8,25.97,25.54,25.72,15.7535,81111700
2004-03-10,25.65,25.8,25.35,25.37,15.5391,75155800
2004-03-11,25.18,25.78,25.07,25.09,15.3676,90536300
2004-03-12,25.38,25.51,25.23,25.38,15.5453,64137100
2004-03-15,25.3,25.43,25.06,25.16,15.4105,68835300
2004-03-16,25.26,25.37,25.1,25.18,15.4228,65453800
2004-03-17,25.25,25.46,25.11,25.13,15.3921,56241400
2004-03-18,24.96,25.03,24.58,24.89,15.2451,123231000
2004-03-19,24.77,24.94,24.56,24.63,15.0859,86281600
2004-03-22,24.48,24.84,24.01,24.5,15.0063,127605200
2004-03-23,24.65,24.66,24.11,24.15,14.7919,91696300
2004-03-24,24.38,24.58,24.18,24.41,14.9511,97584700
2004-03-25,24.6,25.24,24.58,25.19,15.4289,85677900
2004-03-26,25.11,25.51,25.0,25.03,15.3309,61584900
2004-03-29,25.25,25.4,25.0,25.31,15.5024,51881600
2004-03-30,25.21,25.33,25.03,25.2,15.435,59010400
2004-03-31,25.2,25.2,24.87,24.93,15.2696,70533200
2004-04-01,24.95,25.11,24.85,25.08,15.3615,69051900
2004-04-02,25.48,25.9,25.44,25.85,15.8331,98043800
2004-04-05,25.81,25.98,25.73,25.95,15.8944,53800300
2004-04-06,25.77,25.9,25.66,25.8,15.8025,48992000
2004-04-07,25.74,25.78,25.35,25.59,15.6739,63268900
2004-04-08,25.82,25.85,25.36,25.48,15.6065,45294600
2004-04-12,25.48,25.74,25.43,25.61,15.6861,38786800
2004-04-13,25.68,25.77,25.41,25.45,15.5881,56971500
2004-04-14,25.39,25.68,25.38,25.51,15.6249,61079600
2004-04-15,25.53,25.73,25.1,25.22,15.4473,73756900
2004-04-16,25.33,25.4,25.11,25.16,15.4105,51768600
2004-04-19,25.08,25.6,25.06,25.53,15.6371,44592100
2004-04-20,25.65,25.88,25.28,25.33,15.5146,59902600
2004-04-21,25.36,25.49,25.2,25.45,15.5881,49252000
2004-04-22,25.51,25.99,25.47,25.95,15.8944,99207700
2004-04-23,27.4,27.72,27.34,27.54,16.8683,258269000
2004-04-26,27.45,27.55,27.1,27.24,16.6845,89391000
2004-04-27,27.16,27.37,27.13,27.22,16.6723,80716800
2004-04-28,27.01,27.05,26.47,26.56,16.268,72842200
2004-04-29,26.51,26.94,26.31,26.48,16.219,77787300
2004-04-30,26.59,26.75,25.96,26.13,16.0046,66172200
2004-05-03,26.19,26.52,26.19,26.35,16.1394,65916200
2004-05-04,26.35,26.54,26.02,26.33,16.1271,55496400
2004-05-05,26.32,26.6,26.25,26.3,16.1088,51841700
2004-05-06,26.16,26.34,26.03,26.12,15.9985,62693900
2004-05-07,26.03,26.38,25.75,25.78,15.7903,68290200
2004-05-10,25.63,26.05,25.62,25.93,15.8821,64621400
2004-05-11,26.09,26.11,25.79,25.94,15.8883,57917200
2004-05-12,25.87,26.0,25.43,25.94,15.8883,64145600
2004-05-13,25.82,26.19,25.79,26.1,15.9863,63861500
2004-05-14,26.0,26.17,25.64,25.86,15.8393,43775300
2004-05-17,25.47,25.79,25.42,25.54,15.6433,55149600
2004-05-18,25.7,25.97,25.64,25.83,15.8209,58158600
2004-05-19,26.03,26.27,25.62,25.62,15.6923,60052800
2004-05-20,25.75,25.87,25.59,25.73,15.7596,52089900
2004-05-21,25.97,26.2,25.78,25.89,15.8576,57809300
2004-05-24,26.05,26.17,25.74,25.76,15.778,56250500
2004-05-25,25.71,26.19,25.6,26.1,15.9863,66615000
2004-05-26,25.99,26.15,25.85,26.14,16.0108,50306900
2004-05-27,26.16,26.19,25.92,26.19,16.0414,49071900
2004-05-28,26.14,26.35,26.02,26.23,16.0659,37393000
2004-06-01,26.13,26.27,25.87,26.11,15.9924,48369500
2004-06-02,26.12,26.28,26.01,26.13,16.0046,54020000
2004-06-03,26.05,26.13,25.86,25.89,15.8576,45933100
2004-06-04,26.03,26.24,25.94,25.95,15.8944,48815300
2004-06-07,26.02,26.43,25.97,26.43,16.1884,65218600
2004-06-08,26.28,26.65,26.24,26.6,16.2925,58447700
2004-06-09,26.4,26.65,26.4,26.47,16.2129,50385500
2004-06-10,26.38,26.79,26.38,26.77,16.3966,48109200
2004-06-14,26.55,26.9,26.53,26.9,16.4763,67377500
2004-06-15,26.99,27.6,26.97,27.41,16.7886,114183400
2004-06-16,27.34,27.5,27.15,27.32,16.7335,67431100
2004-06-17,27.31,27.92,27.29,27.77,17.0091,105427500
2004-06-18,27.77,28.5,27.7,28.35,17.3644,134218700
2004-06-21,28.22,28.66,28.12,28.35,17.3644,116881700
2004-06-22,28.15,28.35,27.81,28.29,17.3276,98932000
2004-06-23,28.2,28.38,28.0,28.3,17.3338,58558400
2004-06-24,28.48,28.65,28.36,28.39,17.3889,65503800
2004-06-25,28.48,28.63,28.25,28.57,17.4991,71136500
2004-06-28,28.6,28.75,28.17,28.28,17.3215,77024100
2004-06-29,28.18,28.58,28.18,28.5,17.4563,55371700
2004-06-30,28.57,28.8,28.39,28.56,17.493,83544400
2004-07-01,28.7,28.84,28.26,28.63,17.5359,78441400
2004-07-02,28.62,28.68,28.4,28.57,17.4991,36690100
2004-07-06,28.32,28.33,27.94,28.02,17.1623,69158900
2004-07-07,27.67,28.32,27.55,28.1,17.2113,66255700
2004-07-08,27.88,28.15,27.55,27.64,16.9295,59125100
2004-07-09,27.78,28.0,27.64,27.86,17.0643,50249300
2004-07-12,27.67,28.0,27.59,27.89,17.0826,45757300
2004-07-13,27.91,27.95,27.6,27.6,16.905,43274100
2004-07-14,27.4,28.36,27.34,28.13,17.2296,87656300
2004-07-15,28.05,28.2,27.8,27.87,17.0704,46759700
2004-07-16,28.18,28.2,27.25,27.48,16.8315,66406300
2004-07-19,27.62,28.26,27.6,27.95,17.1194,60354500
2004-07-20,28.0,28.48,27.85,28.32,17.346,89010700
2004-07-21,29.89,29.89,28.81,28.86,17.6768,201518000
2004-07-22,29.07,29.3,28.83,29.0,17.7625,124640700
2004-07-23,28.38,28.4,28.02,28.03,17.1684,97372700
2004-07-26,28.36,28.71,28.2,28.66,17.5543,72387600
2004-07-27,28.7,28.76,28.13,28.44,17.4195,72968400
2004-07-28,28.34,28.79,28.28,28.58,17.5053,62718800
2004-07-29,28.78,28.8,28.25,28.48,17.444,60148400
2004-07-30,28.45,28.81,28.33,28.49,17.4501,59552900
2004-08-02,28.27,28.55,28.16,28.52,17.4685,52267000
2004-08-03,28.38,28.42,28.0,28.07,17.1929,53990900
2004-08-04,28.01,28.2,27.99,28.06,17.1868,46217900
2004-08-05,28.16,28.21,27.52,27.53,16.8621,55591700
2004-08-06,27.38,27.86,27.06,27.14,16.6233,75628000
2004-08-09,27.26,27.28,27.1,27.18,16.6478,51877500
2004-08-10,27.3,27.75,27.25,27.72,16.9785,57632700
2004-08-11,27.39,27.51,27.2,27.41,16.7886,53097300
2004-08-12,27.23,27.31,26.86,26.88,16.464,50279700
2004-08-13,27.01,27.25,26.98,27.02,16.5498,43333200
2004-08-16,27.03,27.2,26.96,27.09,16.5926,54347200
2004-08-17,27.22,27.38,26.98,27.05,16.5681,56879700
2004-08-18,26.93,27.5,26.89,27.46,16.8193,58844000
2004-08-19,27.35,27.45,27.01,27.12,16.611,46293000
2004-08-20,27.13,27.37,27.04,27.2,16.66,46494800
2004-08-23,27.27,27.33,27.12,27.24,16.7337,39572200
2004-08-24,27.4,27.46,27.09,27.24,16.7337,40835300
2004-08-25,27.21,27.67,27.18,27.55,16.9242,53512700
2004-08-26,27.46,27.6,27.39,27.44,16.8566,35465500
2004-08-27,27.5,27.65,27.45,27.46,16.8689,33248700
2004-08-30,27.3,27.39,26.85,27.3,16.7706,36679600
2004-08-31,27.29,27.32,27.05,27.3,16.7706,52106700
2004-09-01,27.23,27.52,27.14,27.39,16.8259,48507500
2004-09-02,27.4,27.68,27.35,27.62,16.9672,42161700
2004-09-03,27.46,27.62,27.1,27.11,16.6539,46174400
2004-09-07,27.29,27.38,27.16,27.36,16.8074,44893400
2004-09-08,27.3,27.47,27.14,27.26,16.746,53278100
2004-09-09,27.3,27.47,27.18,27.28,16.7583,56904700
2004-09-10,27.34,27.51,27.18,27.49,16.8873,52664500
2004-09-13,27.53,27.57,26.74,27.25,16.7399,48239200
2004-09-14,27.37,27.51,27.27,27.44,16.8566,55920000
2004-09-15,27.36,27.4,27.14,27.19,16.703,52605700
2004-09-16,27.22,27.35,27.17,27.26,16.746,35951500
2004-09-17,27.39,27.53,27.26,27.51,16.8996,65283000
2004-09-20,27.44,27.65,27.33,27.51,16.8996,51513600
2004-09-21,27.45,27.53,27.25,27.26,16.746,73874400
2004-09-22,27.28,27.74,27.07,27.12,16.66,68409000
2004-09-23,27.19,27.39,27.17,27.35,16.8013,52155800
2004-09-24,27.39,27.46,27.19,27.29,16.7644,49859800
2004-09-27,27.17,27.32,27.13,27.19,16.703,47813600
2004-09-28,27.21,27.36,27.04,27.27,16.7522,62055100
2004-09-29,27.26,27.69,27.23,27.58,16.9426,61529300
2004-09-30,27.59,27.79,27.52,27.65,16.9856,71218000
2004-10-01,27.82,28.32,27.78,28.25,17.3542,66302800
2004-10-04,28.44,28.46,28.07,28.12,17.2743,62016200
2004-10-05,28.15,28.45,28.1,28.38,17.434,58017700
2004-10-06,28.39,28.55,28.23,28.53,17.5262,56999600
2004-10-07,28.54,28.59,28.16,28.17,17.305,38401500
2004-10-08,28.1,28.33,27.97,27.99,17.1945,49556600
2004-10-11,28.2,28.22,27.93,28.06,17.2375,44691000
2004-10-12,27.83,28.16,27.81,28.03,17.219,56412900
2004-10-13,28.19,28.27,27.94,28.03,17.219,49500700
2004-10-14,28.04,28.16,27.8,27.8,17.0777,41548700
2004-10-15,27.97,28.24,27.82,27.99,17.1945,49828500
2004-10-18,28.07,28.45,27.98,28.41,17.4525,50350700
2004-10-19,28.53,28.59,28.17,28.18,17.3112,57026500
2004-10-20,28.22,28.75,28.12,28.7,17.6306,69078100
2004-10-21,28.81,28.89,28.47,28.56,17.5446,94988500
2004-10-22,28.3,28.34,27.58,27.74,17.0409,101912800
2004-10-25,27.67,27.77,27.55,27.63,16.9733,61529500
2004-10-26,27.71,27.9,27.63,27.9,17.1392,76966600
2004-10-27,27.86,28.35,27.58,28.15,17.2928,72392600
2004-10-28,28.11,28.54,27.9,28.01,17.2067,63059600
2004-10-29,28.12,28.15,27.8,27.97,17.1822,80010100
2004-11-01,28.16,28.28,27.96,28.08,17.2498,72930900
2004-11-02,28.26,28.47,28.03,28.24,17.348,89417100
2004-11-03,28.65,28.65,28.31,28.47,17.4893,79666700
2004-11-04,28.38,29.0,28.38,29.0,17.8149,87867700
2004-11-05,29.21,29.36,29.03,29.31,18.0053,95337700
2004-11-08,29.18,29.48,29.13,29.28,17.9869,112802100
2004-11-09,29.43,29.89,29.35,29.77,18.2879,100401000
2004-11-10,29.92,30.0,29.69,29.73,18.2634,84097700
2004-11-11,29.89,30.08,29.82,29.98,18.4169,87358900
2004-11-12,30.16,30.2,29.8,29.97,18.4108,162269000
2004-11-15,27.34,27.5,27.2,27.39,18.7531,104468000
2004-11-16,27.33,27.34,27.05,27.12,18.5683,64522600
2004-11-17,27.25,27.35,27.06,27.17,18.6025,58830700
2004-11-18,27.13,27.17,27.0,27.07,18.534,63249900
2004-11-19,27.03,27.07,26.84,26.86,18.3903,85808600
2004-11-22,26.75,26.82,26.1,26.65,18.2465,92410800
2004-11-23,26.52,26.7,26.4,26.53,18.1643,70459700
2004-11-24,26.62,26.73,26.4,26.64,18.2396,60069200
2004-11-26,26.56,26.82,26.55,26.6,18.2122,24398700
2004-11-29,26.64,26.95,26.61,26.77,18.3286,67079900
2004-11-30,26.75,27.01,26.7,26.81,18.356,75960400
2004-12-01,26.95,27.28,26.81,27.25,18.6573,99889000
2004-12-02,27.27,27.4,26.92,27.09,18.5477,96088300
2004-12-03,27.16,27.44,27.14,27.23,18.6436,76498400
2004-12-06,27.1,27.44,27.07,27.33,18.712,55297400
2004-12-07,27.26,27.38,27.0,27.07,18.534,111656000
2004-12-08,27.01,27.36,26.91,27.36,18.7326,95655000
2004-12-09,27.13,27.36,26.94,27.23,18.6436,83006000
2004-12-10,27.08,27.18,27.04,27.08,18.5409,70949200
2004-12-13,27.1,27.28,26.91,27.25,18.6573,93812500
2004-12-14,27.05,27.33,27.04,27.23,18.6436,127843200
2004-12-15,27.22,27.4,27.07,27.11,18.5614,106303900
2004-12-16,27.15,27.28,27.01,27.16,18.5957,88997500
2004-12-17,27.0,27.32,26.8,26.96,18.4587,126184400
2004-12-20,27.01,27.15,26.89,26.95,18.4519,85552800
2004-12-21,27.0,27.17,26.94,27.07,18.534,94646100
2004-12-22,26.84,27.15,26.78,26.97,18.4656,63651900
2004-12-23,26.87,27.15,26.83,27.01,18.493,65801900
2004-12-27,27.01,27.1,26.82,26.85,18.3834,55958500
2004-12-28,26.85,27.03,26.8,26.95,18.4519,55075900
2004-12-29,26.85,27.0,26.82,26.9,18.4176,47594900
2004-12-30,26.89,26.94,26.75,26.76,18.3218,48355400
2004-12-31,26.75,26.9,26.68,26.72,18.2944,54959500
2005-01-03,26.8,26.95,26.65,26.74,18.3081,65002900
2005-01-04,26.87,27.1,26.66,26.84,18.3766,109442100
2005-01-05,26.84,27.1,26.76,26.78,18.3355,72463500
2005-01-06,26.85,27.06,26.64,26.75,18.3149,76890500
2005-01-07,26.82,26.89,26.62,26.67,18.2602,68723300
2005-01-10,26.6,26.86,26.54,26.8,18.3492,70376600
2005-01-11,26.69,26.82,26.61,26.73,18.3012,64712000
2005-01-12,26.77,26.85,26.62,26.78,18.3355,72940600
2005-01-13,26.68,26.8,26.16,26.27,17.9863,89861600
2005-01-14,26.4,26.45,26.04,26.12,17.8836,92180800
2005-01-18,26.03,26.35,25.84,26.32,18.0205,69146400
2005-01-19,26.21,26.26,25.92,25.98,17.7877,58114100
2005-01-20,25.84,26.1,25.74,25.86,17.7056,58380100
2005-01-21,25.95,26.13,25.64,25.65,17.5618,76501000
2005-01-24,25.76,26.0,25.64,25.67,17.5755,69010900
2005-01-25,25.76,26.19,25.75,26.02,17.8151,67580700
2005-01-26,26.07,26.17,25.9,26.01,17.8083,64974500
2005-01-27,25.95,26.16,25.85,26.11,17.8767,93204100
2005-01-28,26.54,26.65,25.96,26.18,17.9247,110466500
2005-01-31,26.35,26.52,26.16,26.28,17.9931,71442100
2005-02-01,26.25,26.43,26.22,26.39,18.0685,57981700
2005-02-02,26.42,26.5,26.28,26.46,18.1164,79329500
2005-02-03,26.37,26.4,26.1,26.18,17.9247,62545400
2005-02-04,26.17,26.37,26.14,26.32,18.0205,61246500
2005-02-07,26.27,26.3,26.06,26.16,17.911,57763400
2005-02-08,26.19,26.34,26.16,26.24,17.9658,61343700
2005-02-09,26.25,26.31,26.04,26.07,17.8494,77874800
2005-02-10,26.1,26.13,26.0,26.06,17.8425,71796400
2005-02-11,26.03,26.12,25.81,25.97,17.7809,83835900
2005-02-14,25.93,26.12,25.91,26.01,17.8083,58694000
2005-02-15,26.0,26.08,25.86,25.93,17.8083,76551600
2005-02-16,25.87,25.93,25.67,25.79,17.7121,57506600
2005-02-17,25.71,25.86,25.6,25.65,17.616,67024800
2005-02-18,25.64,25.65,25.4,25.48,17.4992,77091100
2005-02-22,25.25,25.49,25.2,25.23,17.3275,96419200
2005-02-23,25.24,25.35,25.17,25.2,17.3069,83689400
2005-02-24,25.18,25.44,25.15,25.37,17.4237,85236300
2005-02-25,25.33,25.38,25.15,25.25,17.3413,62467700
2005-02-28,25.22,25.37,25.13,25.16,17.2795,82728000
2005-03-01,25.19,25.41,25.13,25.28,17.3619,56394800
2005-03-02,25.19,25.48,25.16,25.26,17.3481,67739000
2005-03-03,25.3,25.31,25.14,25.17,17.2863,52183600
2005-03-04,25.21,25.3,25.13,25.17,17.2863,63058200
2005-03-07,25.17,25.79,25.16,25.47,17.4924,80407400
2005-03-08,25.4,25.62,25.34,25.4,17.4443,52871800
2005-03-09,25.39,25.57,25.28,25.31,17.3825,62991800
2005-03-10,25.43,25.48,25.25,25.43,17.4649,59132900
2005-03-11,25.45,25.48,25.06,25.09,17.2314,60617900
2005-03-14,25.08,25.15,24.96,25.11,17.2451,65550500
2005-03-15,25.1,25.24,24.89,24.91,17.1078,71469400
2005-03-16,24.82,24.97,24.56,24.63,16.9155,74841400
2005-03-17,24.64,24.68,24.53,24.54,16.8537,60573200
2005-03-18,24.53,24.91,24.28,24.31,16.6957,135904000
2005-03-21,24.35,24.36,24.15,24.2,16.6201,71446200
2005-03-22,24.19,24.27,23.96,23.99,16.4759,102113300
2005-03-23,23.99,24.39,23.96,24.18,16.6064,79293300
2005-03-24,24.24,24.47,24.2,24.28,16.6751,78820900
2005-03-28,24.4,24.47,24.18,24.2,16.6201,49802000
2005-03-29,24.14,24.24,23.82,23.92,16.4278,74231700
2005-03-30,24.04,24.19,24.0,24.16,16.5927,59585700
2005-03-31,24.25,24.31,24.12,24.17,16.5995,62382300
2005-04-01,24.24,24.35,24.1,24.12,16.5652,64619600
2005-04-04,24.11,24.26,23.94,24.23,16.6408,62196400
2005-04-05,24.22,24.5,24.12,24.47,16.8056,73549600
2005-04-06,24.47,24.94,24.45,24.67,16.9429,78020200
2005-04-07,24.66,25.13,24.63,25.1,17.2383,77451500
2005-04-08,25.07,25.25,24.91,24.94,17.1284,47956300
2005-04-11,25.03,25.11,24.86,24.97,17.149,47791800
2005-04-12,24.92,25.35,24.8,25.32,17.3893,67517800
2005-04-13,25.23,25.45,24.99,25.04,17.197,60929300
2005-04-14,25.01,25.14,24.83,24.84,17.0597,66754400
2005-04-15,24.58,24.9,24.41,24.46,16.7987,100251600
2005-04-18,24.45,24.84,24.4,24.65,16.9292,75766400
2005-04-19,24.71,24.8,24.45,24.63,16.9155,65956200
2005-04-20,24.66,24.7,24.3,24.32,16.7026,91923500
2005-04-21,24.48,25.39,24.47,25.28,17.3619,93562300
2005-04-22,25.05,25.25,24.78,24.98,17.1558,80087500
2005-04-25,25.07,25.28,24.86,24.99,17.1627,75457900
2005-04-26,24.95,25.25,24.74,24.76,17.0047,60464300
2005-04-27,24.66,25.15,24.63,24.99,17.1627,47732800
2005-04-28,24.82,24.92,24.44,24.45,16.7918,83623100
2005-04-29,24.88,25.3,24.79,25.3,17.3756,98641200
2005-05-02,25.23,25.36,24.95,25.23,17.3275,54376700
2005-05-03,25.13,25.4,25.09,25.36,17.4168,67867800
2005-05-04,25.34,25.4,25.11,25.21,17.3138,86864200
2005-05-05,25.2,25.33,25.08,25.23,17.3275,59362300
2005-05-06,25.33,25.48,25.19,25.22,17.3207,64322600
2005-05-09,25.23,25.33,25.05,25.11,17.2451,61872400
2005-05-10,25.04,25.08,24.82,24.9,17.1009,62235100
2005-05-11,24.89,24.97,24.64,24.91,17.1078,59463300
2005-05-12,24.84,25.11,24.83,25.0,17.1696,74540700
2005-05-13,25.03,25.38,24.99,25.3,17.3756,77204300
2005-05-16,25.23,25.5,25.19,25.49,17.5616,50577300
2005-05-17,25.31,25.5,25.25,25.46,17.541,39983200
2005-05-18,25.5,25.84,25.42,25.7,17.7063,71182400
2005-05-19,25.75,26.05,25.7,25.92,17.8579,52120800
2005-05-20,25.88,25.92,25.73,25.74,17.7339,64444500
2005-05-23,25.74,26.07,25.74,25.85,17.8097,75421100
2005-05-24,25.8,25.88,25.72,25.75,17.7408,61287700
2005-05-25,25.68,25.77,25.5,25.71,17.7132,35749000
2005-05-26,25.75,26.0,25.73,25.9,17.8441,50579200
2005-05-27,25.83,26.09,25.81,26.07,17.9612,54978000
2005-05-31,25.99,26.03,25.75,25.8,17.7752,46131100
2005-06-01,25.73,26.0,25.61,25.81,17.7821,54621000
2005-06-02,25.71,25.86,25.64,25.79,17.7683,27212500
2005-06-03,25.7,25.81,25.34,25.43,17.5203,79659500
2005-06-06,25.38,25.5,25.31,25.37,17.479,40756900
2005-06-07,25.33,25.83,25.31,25.51,17.5754,54511400
2005-06-08,25.55,25.62,25.34,25.4,17.4996,45369700
2005-06-09,25.4,25.61,25.35,25.51,17.5754,52767900
2005-06-10,25.49,25.52,25.34,25.43,17.5203,39459800
2005-06-13,25.36,25.49,25.26,25.31,17.4376,49104100
2005-06-14,25.31,25.44,25.24,25.36,17.4721,44243300
2005-06-15,25.4,25.41,25.11,25.26,17.4032,50764800
2005-06-16,25.22,25.23,24.95,25.04,17.2516,65918800
2005-06-17,25.27,25.29,24.92,25.04,17.2516,90821300
2005-06-20,24.98,25.28,24.93,25.11,17.2998,50538900
2005-06-21,25.08,25.19,25.04,25.15,17.3274,81084000
2005-06-22,25.11,25.26,25.03,25.07,17.2723,60492700
2005-06-23,25.17,25.62,25.15,25.31,17.4376,105159800
2005-06-24,25.22,25.4,25.04,25.04,17.2516,57970700
2005-06-27,25.07,25.25,25.03,25.05,17.2585,61636200
2005-06-28,25.09,25.2,25.03,25.07,17.2723,53058100
2005-06-29,25.22,25.32,25.0,25.09,17.286,55859900
2005-06-30,25.06,25.14,24.82,24.84,17.1138,82018200
2005-07-01,24.85,24.99,24.67,24.71,17.0242,69718400
2005-07-05,24.66,25.19,24.62,24.98,17.2103,61883500
2005-07-06,24.97,25.08,24.69,24.7,17.0173,64214600
2005-07-07,24.58,24.71,24.5,24.65,16.9829,80082900
2005-07-08,24.64,25.12,24.63,25.09,17.286,56104000
2005-07-11,25.15,25.38,25.11,25.29,17.4238,61525400
2005-07-12,25.24,25.62,25.2,25.61,17.6443,63384800
2005-07-13,25.53,25.75,25.48,25.66,17.6788,44749200
2005-07-14,25.79,26.1,25.79,25.97,17.8923,69506800
2005-07-15,26.04,26.1,25.75,25.79,17.7683,56472800
2005-07-18,25.71,25.79,25.55,25.55,17.603,39668000
2005-07-19,25.79,26.25,25.75,26.16,18.0232,113290100
2005-07-20,26.0,26.23,25.88,26.19,18.0439,71424800
2005-07-21,26.3,26.48,26.0,26.44,18.2161,112932100
2005-07-22,25.99,26.34,25.63,25.68,17.6925,97558900
2005-07-25,25.69,25.9,25.65,25.69,17.6994,45174600
2005-07-26,25.72,25.74,25.53,25.54,17.5961,51476400
2005-07-27,25.61,25.8,25.53,25.72,17.7201,57977300
2005-07-28,25.75,25.85,25.66,25.75,17.7408,44738700
2005-07-29,25.78,26.0,25.59,25.61,17.6443,59524400
2005-08-01,25.81,26.05,25.76,25.92,17.8579,61346800
2005-08-02,25.9,26.9,25.87,26.81,18.4711,137510100
2005-08-03,26.76,27.43,26.73,27.25,18.7742,139422400
2005-08-04,27.16,27.5,27.05,27.32,18.8224,91461400
2005-08-05,27.29,27.94,27.25,27.76,19.1256,82212400
2005-08-08,27.8,27.84,27.08,27.13,18.6915,77207200
2005-08-09,27.22,27.51,27.01,27.35,18.8431,64761800
2005-08-10,27.41,27.5,26.85,26.95,18.5675,62818800
2005-08-11,26.98,27.3,26.89,27.27,18.788,48646800
2005-08-12,27.08,27.14,26.9,27.05,18.6364,52006500
2005-08-15,26.98,27.3,26.69,27.13,18.747,45976600
2005-08-16,27.03,27.14,26.7,26.74,18.4775,46894600
2005-08-17,26.82,27.15,26.66,26.95,18.6226,52413100
2005-08-18,26.89,27.08,26.8,26.82,18.5328,40861900
2005-08-19,26.85,26.91,26.7,26.72,18.4637,36043500
2005-08-22,26.79,27.17,26.77,26.91,18.5949,41691700
2005-08-23,26.84,27.07,26.74,26.87,18.5673,48296700
2005-08-24,26.84,27.16,26.78,26.81,18.5258,63645000
2005-08-25,26.9,27.09,26.85,27.03,18.6779,39306300
2005-08-26,27.06,27.08,26.87,26.97,18.6364,36774600
2005-08-29,26.81,27.23,26.81,27.15,18.7608,52307700
2005-08-30,27.06,27.23,26.96,27.18,18.7815,55163200
2005-08-31,27.17,27.44,27.04,27.38,18.9197,65210200
2005-09-01,27.38,27.39,27.15,27.2,18.7953,75974500
2005-09-02,27.21,27.27,26.97,27.02,18.671,52047500
2005-09-06,27.06,27.29,26.98,27.0,18.6571,46089000
2005-09-07,26.94,27.11,26.82,26.85,18.5535,44656100
2005-09-08,26.8,26.88,26.52,26.61,18.3876,52552300
2005-09-09,26.62,26.82,26.53,26.58,18.3669,41515800
2005-09-12,26.62,26.75,26.52,26.61,18.3876,40550500
2005-09-13,26.54,26.76,26.37,26.48,18.2978,63422900
2005-09-14,26.52,26.64,26.3,26.31,18.1803,54969600
2005-09-15,26.37,26.43,26.22,26.27,18.1527,60357200
2005-09-16,26.34,26.4,25.97,26.07,18.0145,187384300
2005-09-19,26.09,26.27,25.86,26.0,17.9661,61832300
2005-09-20,26.07,26.22,25.69,25.84,17.8556,61043400
2005-09-21,25.8,25.9,25.43,25.49,17.6137,68281800
2005-09-22,25.49,25.6,25.15,25.34,17.5101,71314900
2005-09-23,25.31,25.54,25.12,25.27,17.4617,66396800
2005-09-26,25.4,25.49,25.21,25.27,17.4617,56203700
2005-09-27,25.37,25.45,25.3,25.34,17.5101,48797900
2005-09-28,25.39,25.87,25.38,25.67,17.7381,71019400
2005-09-29,25.61,26.0,25.5,25.94,17.9247,66807100
2005-09-30,25.91,25.95,25.61,25.73,17.7796,57644500
2005-10-03,25.71,25.73,25.44,25.5,17.6206,55341300
2005-10-04,25.36,25.39,24.75,24.98,17.2613,151666300
2005-10-05,25.04,25.05,24.67,24.67,17.0471,73684700
2005-10-06,24.66,24.95,24.53,24.73,17.0886,81724600
2005-10-07,24.77,24.84,24.52,24.59,16.9918,50768700
2005-10-10,24.67,24.68,24.35,24.46,16.902,48880900
2005-10-11,24.51,24.55,24.25,24.41,16.8674,76567300
2005-10-12,24.49,24.7,24.27,24.3,16.7914,71294400
2005-10-13,24.31,24.73,24.27,24.59,16.9918,70192000
2005-10-14,24.71,24.73,24.5,24.67,17.0471,53846700
2005-10-17,24.68,24.69,24.44,24.53,16.9504,46924400
2005-10-18,24.49,24.83,24.45,24.57,16.978,69328200
2005-10-19,24.56,25.09,24.5,25.09,17.3373,66574500
2005-10-20,25.05,25.13,24.74,24.79,17.13,58830600
2005-10-21,24.91,25.0,24.57,24.78,17.1231,69431200
2005-10-24,24.89,25.1,24.68,25.1,17.3442,51868000
2005-10-25,24.95,25.13,24.83,25.03,17.2959,41310500
2005-10-26,24.97,25.33,24.93,25.11,17.3511,58178100
2005-10-27,25.22,25.27,24.85,24.85,17.1715,61566100
2005-10-28,25.1,25.6,25.1,25.53,17.6414,106559300
2005-10-31,25.61,25.8,25.5,25.7,17.7588,75122100
2005-11-01,25.61,26.1,25.61,25.96,17.9385,71370400
2005-11-02,25.93,26.5,25.93,26.46,18.284,75067100
2005-11-03,26.6,26.64,26.25,26.44,18.2702,73421600
2005-11-04,26.53,26.71,26.45,26.66,18.4222,57464000
2005-11-07,26.72,27.08,26.7,27.01,18.664,77104800
2005-11-08,26.94,27.18,26.77,27.05,18.6917,60091700
2005-11-09,26.98,27.15,26.94,26.96,18.6295,59562100
2005-11-10,26.94,27.15,26.64,27.09,18.7193,73314800
2005-11-11,27.15,27.39,27.13,27.28,18.8506,51945600
2005-11-14,27.36,27.44,27.2,27.37,18.9128,67152200
2005-11-15,27.33,27.54,27.25,27.5,19.0583,65081000
2005-11-16,27.48,27.88,27.44,27.74,19.2247,86277000
2005-11-17,27.85,28.0,27.76,27.97,19.3841,91351000
2005-11-18,28.12,28.25,27.9,28.07,19.4534,75431200
2005-11-21,28.07,28.24,27.84,28.16,19.5157,65794400
2005-11-22,28.06,28.08,27.86,27.91,19.3425,104253300
2005-11-23,27.92,28.09,27.74,27.92,19.3494,70541300
2005-11-25,27.8,27.94,27.47,27.76,19.2385,44082500
2005-11-28,27.79,27.85,27.53,27.75,19.2316,57517200
2005-11-29,27.79,27.79,27.6,27.68,19.1831,62220400
2005-11-30,27.68,27.77,27.63,27.68,19.1831,55904700
2005-12-01,27.73,28.1,27.73,27.89,19.3286,61006100
2005-12-02,27.82,28.1,27.79,28.01,19.4118,42319600
2005-12-05,27.93,28.02,27.71,27.85,19.3009,47517300
2005-12-06,27.9,27.92,27.68,27.69,19.19,65980000
2005-12-07,27.67,27.75,27.55,27.75,19.2316,55583200
2005-12-08,27.71,27.81,27.6,27.69,19.19,63931600
2005-12-09,27.71,27.83,27.64,27.71,19.2039,48467000
2005-12-12,27.7,27.75,27.33,27.45,19.0237,63757200
2005-12-13,27.29,27.43,27.0,27.13,18.8019,104285500
2005-12-14,27.0,27.24,26.85,27.09,18.7742,65076200
2005-12-15,27.08,27.11,26.81,26.92,18.6564,79018100
2005-12-16,26.88,27.08,26.81,26.9,18.6425,88542500
2005-12-19,26.82,26.87,26.65,26.83,18.594,68680100
2005-12-20,26.76,26.88,26.67,26.86,18.6148,62960600
2005-12-21,26.87,26.91,26.71,26.73,18.5247,75800900
2005-12-22,26.71,26.78,26.42,26.59,18.4277,91276900
2005-12-23,26.52,26.67,26.44,26.64,18.4623,30689200
2005-12-27,26.68,26.85,26.45,26.46,18.3376,37819000
2005-12-28,26.51,26.66,26.35,26.39,18.2891,35444400
2005-12-29,26.41,26.5,26.26,26.27,18.2059,34495500
2005-12-30,26.15,26.31,26.1,26.15,18.1228,49044600
2006-01-03,26.25,27.0,26.1,26.84,18.6009,79973000
2006-01-04,26.77,27.08,26.77,26.97,18.691,57975600
2006-01-05,26.96,27.13,26.91,26.99,18.7049,48245500
2006-01-06,26.89,27.0,26.49,26.91,18.6495,100963000
2006-01-09,26.93,27.07,26.76,26.86,18.6148,55625000
2006-01-10,26.65,27.02,26.59,27.0,18.7118,64921900
2006-01-11,27.01,27.39,26.9,27.29,18.9128,70120700
2006-01-12,27.25,27.26,26.97,27.14,18.8089,45994800
2006-01-13,27.03,27.25,27.01,27.19,18.8435,41418000
2006-01-17,26.9,27.19,26.9,26.99,18.7049,58566600
2006-01-18,26.74,26.98,26.7,26.83,18.594,52376200
2006-01-19,26.87,27.24,26.85,27.02,18.7257,60367600
2006-01-20,27.01,27.01,26.26,26.41,18.3029,79165900
2006-01-23,26.41,26.53,26.3,26.35,18.2614,47925600
2006-01-24,26.34,26.45,26.22,26.28,18.2128,63040700
2006-01-25,26.41,26.57,26.23,26.4,18.296,59072100
2006-01-26,26.56,26.72,26.31,26.5,18.3653,69509300
2006-01-27,27.23,27.95,27.19,27.79,19.2593,134520700
2006-01-30,27.82,28.18,27.78,28.0,19.4049,103999200
2006-01-31,27.91,28.38,27.87,28.15,19.5088,94841300
2006-02-01,27.96,28.07,27.76,28.04,19.4326,68448800
2006-02-02,27.97,27.99,27.55,27.68,19.1831,55073400
2006-02-03,27.48,27.7,27.34,27.54,19.0861,75022700
2006-02-06,27.51,27.54,27.09,27.17,18.8296,60170500
2006-02-07,26.95,27.15,26.81,26.94,18.6702,72159500
2006-02-08,27.01,27.08,26.71,26.91,18.6495,51795200
2006-02-09,26.96,27.03,26.65,26.66,18.4762,52861700
2006-02-10,26.62,26.89,26.51,26.69,18.497,52127000
2006-02-13,26.63,26.7,26.34,26.39,18.2891,46707000
2006-02-14,26.41,26.68,26.35,26.65,18.4693,58432900
2006-02-15,26.6,26.93,26.5,26.88,18.6918,62808900
2006-02-16,26.85,26.9,26.57,26.81,18.6431,48868500
2006-02-17,26.67,26.81,26.56,26.7,18.5666,41513200
2006-02-21,26.72,26.72,26.34,26.54,18.4554,50216100
2006-02-22,26.53,26.86,26.47,26.72,18.5805,43043100
2006-02-23,26.73,26.89,26.54,26.66,18.5388,47359100
2006-02-24,26.59,26.74,26.52,26.63,18.5179,44753800
2006-02-27,26.75,27.26,26.67,27.05,18.81,51301500
2006-02-28,26.95,27.3,26.87,26.87,18.6848,65036100
2006-03-01,26.98,27.2,26.95,27.14,18.8726,53061200
2006-03-02,27.02,27.1,26.9,26.97,18.7544,41850300
2006-03-03,26.81,27.16,26.74,26.93,18.7266,45218800
2006-03-06,26.92,27.15,26.83,26.91,18.7127,53054100
2006-03-07,26.9,27.1,26.81,27.06,18.817,51613900
2006-03-08,26.99,27.5,26.97,27.25,18.9491,57547400
2006-03-09,27.27,27.42,27.0,27.0,18.7752,45360700
2006-03-10,27.06,27.22,26.88,27.17,18.8935,41297200
2006-03-13,27.18,27.29,26.94,27.11,18.8517,40342600
2006-03-14,27.04,27.38,26.99,27.23,18.9352,39821800
2006-03-15,27.2,27.45,27.01,27.36,19.0256,57152000
2006-03-16,27.34,27.48,27.22,27.27,18.963,73793700
2006-03-17,27.35,27.66,27.27,27.5,19.1229,120615000
2006-03-20,27.7,27.99,27.67,27.89,19.3941,67094100
2006-03-21,27.74,28.22,27.68,27.74,19.2898,73199600
2006-03-22,27.08,27.5,26.8,27.15,18.8795,145696100
2006-03-23,27.08,27.1,26.66,26.85,18.6709,73682900
2006-03-24,26.71,27.21,26.62,27.01,18.7822,69157600
2006-03-27,27.01,27.3,27.0,27.01,18.7822,59908600
2006-03-28,27.01,27.21,26.81,26.9,18.7057,58520500
2006-03-29,26.95,27.2,26.92,27.02,18.7891,53150300
2006-03-30,27.03,27.39,27.0,27.23,18.9352,54612000
2006-03-31,27.3,27.54,27.21,27.21,18.9213,62190500
2006-04-03,27.67,27.73,27.44,27.56,19.1646,57605300
2006-04-04,27.6,27.8,27.47,27.64,19.2203,45470000
2006-04-05,27.88,27.94,27.64,27.74,19.2898,41539300
2006-04-06,27.66,27.72,27.37,27.56,19.1646,51885500
2006-04-07,27.61,27.72,27.23,27.25,18.9491,47249400
2006-04-10,27.23,27.44,27.2,27.29,18.9769,39432000
2006-04-11,27.29,27.32,27.0,27.13,18.8656,42953400
2006-04-12,27.1,27.2,26.97,27.2,18.9143,32183000
2006-04-13,27.08,27.2,27.0,27.07,18.8239,28160000
2006-04-17,27.03,27.05,26.73,26.84,18.664,35796200
2006-04-18,26.94,27.5,26.82,27.22,18.9282,56272700
2006-04-19,27.11,27.19,26.96,27.03,18.7961,45111100
2006-04-20,27.05,27.19,26.7,27.03,18.7961,45648300
2006-04-21,27.05,27.39,27.0,27.15,18.8795,58528000
2006-04-24,27.07,27.25,26.98,27.11,18.8517,42318400
2006-04-25,27.09,27.21,27.02,27.11,18.8517,49222500
2006-04-26,27.08,27.23,27.0,27.1,18.8448,39190000
2006-04-27,26.97,27.63,26.94,27.25,18.9491,96509600
2006-04-28,24.23,24.5,24.0,24.15,16.7934,591052200
2006-05-01,24.32,25.0,24.09,24.29,16.8908,174800900
2006-05-02,24.49,25.0,23.9,24.01,16.6961,190533500
2006-05-03,23.99,24.02,23.15,23.17,16.1119,211527100
2006-05-04,23.35,23.67,23.14,23.44,16.2997,171257400
2006-05-05,23.66,23.95,23.52,23.8,16.55,131604300
2006-05-08,23.85,25.0,23.51,23.73,16.5013,80693500
2006-05-09,23.75,24.0,23.49,23.62,16.4249,75345900
2006-05-10,23.67,23.79,23.59,23.77,16.5292,76563300
2006-05-11,23.71,23.79,23.15,23.22,16.1467,92916700
2006-05-12,23.14,23.37,23.05,23.17,16.1119,83115900
2006-05-15,23.1,23.23,23.03,23.15,16.1608,67314800
2006-05-16,23.16,24.0,22.91,23.01,16.0631,82095100
2006-05-17,22.89,23.08,22.73,22.73,15.8676,98598300
2006-05-18,22.84,23.14,22.76,22.83,15.9374,95476400
2006-05-19,22.79,22.9,22.52,22.56,15.7489,100071200
2006-05-22,22.48,23.02,22.45,22.88,15.9723,87322300
2006-05-23,23.11,23.38,22.77,22.79,15.9095,79986300
2006-05-24,22.99,23.54,22.98,23.5,16.4051,107356700
2006-05-25,23.57,23.92,23.54,23.74,16.5727,83052700
2006-05-26,23.77,23.88,23.56,23.72,16.5587,46861600
2006-05-30,23.55,23.76,23.14,23.15,16.1608,52497500
2006-05-31,23.26,23.35,22.65,22.65,15.8118,120202000
2006-06-01,22.74,22.84,22.62,22.82,15.9304,80230800
2006-06-02,22.87,22.99,22.67,22.76,15.8885,73935600
2006-06-05,22.72,22.73,22.49,22.5,15.707,63914100
2006-06-06,22.55,22.56,21.98,22.13,15.4487,126601300
2006-06-07,22.15,22.39,22.01,22.04,15.3859,73827500
2006-06-08,22.03,22.21,21.97,22.11,15.4348,104126900
2006-06-09,22.15,22.19,21.89,21.92,15.3021,52573800
2006-06-12,21.96,22.1,21.7,21.71,15.1556,74309700
2006-06-13,21.73,22.03,21.46,21.51,15.0159,113175300
2006-06-14,21.59,21.94,21.55,21.88,15.2742,86081500
2006-06-15,22.01,22.13,21.8,22.07,15.4069,121577300
2006-06-16,21.97,22.28,21.79,22.1,15.4278,147506500
2006-06-19,22.14,22.6,22.12,22.55,15.7419,129640900
2006-06-20,22.54,22.76,22.5,22.56,15.7489,90598500
2006-06-21,22.61,23.15,22.53,23.08,16.1119,91660300
2006-06-22,23.06,23.17,22.78,22.88,15.9723,76590600
2006-06-23,22.85,22.87,22.5,22.5,15.707,60532600
2006-06-26,22.65,22.89,22.63,22.82,15.9304,53644100
2006-06-27,22.89,23.16,22.84,22.86,15.9584,84759100
2006-06-28,22.96,23.25,22.91,23.16,16.1678,71906500
2006-06-29,23.32,23.63,23.22,23.47,16.3842,121395500
2006-06-30,23.54,23.65,23.3,23.3,16.2655,73048800
2006-07-03,23.53,23.72,23.45,23.7,16.5448,25711400
2006-07-05,23.48,23.52,23.3,23.35,16.3004,53093500
2006-07-06,23.45,23.61,23.42,23.48,16.3912,44775200
2006-07-07,23.39,23.55,23.3,23.3,16.2655,63168800
2006-07-10,23.43,23.66,23.38,23.5,16.4051,50565100
2006-07-11,23.37,23.37,22.74,23.1,16.1259,88676300
2006-07-12,22.79,22.88,22.62,22.64,15.8048,77379300
2006-07-13,22.37,22.61,22.25,22.26,15.5395,73099500
2006-07-14,22.28,22.55,22.23,22.29,15.5604,67499400
2006-07-17,22.29,22.61,22.26,22.48,15.6931,37053500
2006-07-18,22.59,22.76,22.48,22.74,15.8746,65047300
2006-07-19,22.82,23.46,22.72,23.4,16.3353,82188200
2006-07-20,23.44,23.45,22.78,22.85,15.9514,76605200
2006-07-21,24.08,24.15,23.0,23.87,16.6634,175483800
2006-07-24,24.01,24.11,23.79,24.0,16.7542,59586700
2006-07-25,24.0,24.29,23.9,24.22,16.9078,60075800
2006-07-26,24.12,24.53,24.1,24.37,17.0125,54942100
2006-07-27,24.58,24.6,23.77,23.87,16.6634,85386800
2006-07-28,24.08,24.28,24.06,24.25,16.9287,51705800
2006-07-31,24.07,24.42,24.01,24.06,16.7961,40254400
2006-08-01,24.02,24.2,23.85,23.99,16.7472,49168700
2006-08-02,24.12,24.4,24.03,24.3,16.9636,46462000
2006-08-03,24.19,24.48,24.15,24.21,16.9008,43155300
2006-08-04,24.4,24.49,24.15,24.29,16.9566,45690400
2006-08-07,24.28,24.48,24.19,24.22,16.9078,36862400
2006-08-08,24.39,24.52,24.2,24.34,16.9915,58171300
2006-08-09,24.49,24.64,24.34,24.44,17.0613,44405700
2006-08-10,24.37,24.6,24.34,24.46,17.0753,31753400
2006-08-11,24.43,24.45,24.2,24.43,17.0544,30255500
2006-08-14,24.52,24.6,24.35,24.53,17.1242,47831900
2006-08-15,24.55,24.65,24.44,24.62,17.2503,48994500
2006-08-16,24.61,24.73,24.47,24.7,17.3063,52373600
2006-08-17,24.7,24.75,24.61,24.7,17.3063,45674800
2006-08-18,25.05,25.8,24.98,25.79,18.0701,128414800
2006-08-21,25.66,26.13,25.56,26.12,18.3013,88398300
2006-08-22,26.01,26.25,25.62,25.62,17.9509,89312400
2006-08-23,25.65,25.95,25.52,25.67,17.986,44648500
2006-08-24,25.82,25.86,25.5,25.74,18.035,35933300
2006-08-25,25.71,26.0,25.69,25.85,18.1121,33115900
2006-08-28,25.84,26.0,25.69,25.95,18.1822,34190900
2006-08-29,25.92,25.98,25.63,25.84,18.1051,42711200
2006-08-30,25.85,25.89,25.64,25.8,18.0771,30283100
2006-08-31,25.87,25.98,25.68,25.7,18.007,26380500
2006-09-01,25.89,25.97,25.64,25.84,18.1051,31594600
2006-09-05,25.69,25.96,25.56,25.61,17.9439,44222400
2006-09-06,25.51,25.72,25.51,25.61,17.9439,50160400
2006-09-07,25.48,25.7,25.39,25.43,17.8178,51266900
2006-09-08,25.53,25.79,25.46,25.6,17.9369,36866800
2006-09-11,25.43,25.95,25.42,25.91,18.1541,55608200
2006-09-12,25.9,25.98,25.72,25.93,18.1682,52248800
2006-09-13,25.82,26.1,25.82,25.98,18.2032,37706700
2006-09-14,25.99,26.5,25.98,26.33,18.4484,74324500
2006-09-15,26.58,26.94,26.49,26.85,18.8128,126057700
2006-09-18,26.74,27.04,26.67,26.79,18.7707,49135000
2006-09-19,26.74,26.94,26.72,26.86,18.8198,43039100
2006-09-20,27.01,27.23,26.99,27.18,19.044,71676400
2006-09-21,27.24,27.25,26.85,26.9,18.8478,58495100
2006-09-22,26.83,26.85,26.48,26.66,18.6796,47712500
2006-09-25,26.81,27.19,26.79,26.95,18.8828,67903900
2006-09-26,26.91,27.32,26.88,27.2,19.058,54766500
2006-09-27,27.18,27.47,27.12,27.44,19.2262,66233900
2006-09-28,27.47,27.52,27.26,27.4,19.1981,44179700
2006-09-29,27.35,27.42,27.21,27.35,19.1631,34283500
2006-10-02,27.32,27.49,27.15,27.36,19.1701,52908100
2006-10-03,27.37,27.48,27.21,27.37,19.1771,39386200
2006-10-04,27.39,27.96,27.37,27.94,19.5765,82191200
2006-10-05,27.92,28.11,27.78,27.92,19.5625,81967200
2006-10-06,27.76,28.0,27.65,27.87,19.5274,36452200
2006-10-09,27.8,27.93,27.62,27.72,19.4223,33366300
2006-10-10,27.69,27.75,27.44,27.69,19.4013,34598500
2006-10-11,27.46,27.67,27.42,27.54,19.2962,37219600
2006-10-12,27.58,28.29,27.54,28.22,19.7727,120174900
2006-10-13,28.34,28.69,28.31,28.37,19.8778,129751900
2006-10-16,28.48,28.6,28.33,28.45,19.9338,49744800
2006-10-17,28.24,28.51,28.17,28.44,19.9268,40122600
2006-10-18,28.5,28.7,28.26,28.52,19.9829,40630800
2006-10-19,28.35,28.45,28.12,28.29,19.8217,44730800
2006-10-20,28.48,28.49,28.17,28.43,19.9198,48887800
2006-10-23,28.3,28.69,28.18,28.45,19.9338,48525000
2006-10-24,28.43,28.43,28.13,28.28,19.8147,61409600
2006-10-25,28.28,28.46,28.14,28.31,19.8357,40717100
2006-10-26,28.33,28.41,28.04,28.35,19.8638,69964200
2006-10-27,28.49,28.79,28.25,28.34,19.8567,89060100
2006-10-30,28.35,28.84,28.32,28.53,19.9899,47296800
2006-10-31,28.66,28.85,28.56,28.71,20.116,61861700
2006-11-01,28.78,28.99,28.7,28.81,20.1861,75895900
2006-11-02,28.71,28.86,28.58,28.77,20.158,58674400
2006-11-03,28.85,28.93,28.61,28.73,20.13,41124500
2006-11-06,28.77,29.05,28.76,28.84,20.2071,60446200
2006-11-07,28.86,29.07,28.8,28.95,20.2841,56511200
2006-11-08,28.78,29.23,28.66,28.98,20.3052,77403300
2006-11-09,29.11,29.4,29.0,29.26,20.5014,89407500
2006-11-10,29.17,29.29,29.15,29.24,20.4873,37855100
2006-11-13,29.19,29.46,29.16,29.35,20.5644,47271800
2006-11-14,29.28,29.42,29.07,29.23,20.5504,63012500
2006-11-15,29.13,29.36,29.11,29.12,20.473,63943200
2006-11-16,29.14,29.64,29.13,29.47,20.7191,64328500
2006-11-17,29.31,29.54,29.28,29.4,20.6699,49356700
2006-11-20,29.52,30.0,29.5,29.89,21.0144,85703800
2006-11-21,29.91,30.0,29.79,29.92,21.0355,66446600
2006-11-22,29.97,30.0,29.82,29.92,21.0355,43907200
2006-11-24,29.66,29.84,29.64,29.76,20.923,20456700
2006-11-27,29.69,29.74,29.33,29.48,20.7261,72722100
2006-11-28,29.34,29.42,29.13,29.39,20.6628,52602300
2006-11-29,29.44,29.78,29.43,29.57,20.7894,58775100
2006-11-30,29.42,29.57,29.33,29.36,20.6418,53297400
2006-12-01,29.23,29.3,28.9,29.12,20.473,72257000
2006-12-04,29.23,29.52,29.17,29.33,20.6207,55123400
2006-12-05,29.36,29.4,29.03,29.13,20.48,45606000
2006-12-06,29.1,29.13,28.87,28.99,20.3816,48564100
2006-12-07,28.96,29.07,28.81,28.85,20.2832,46831100
2006-12-08,28.82,29.4,28.8,29.4,20.6699,108854900
2006-12-11,29.19,29.75,29.11,29.54,20.7683,107712000
2006-12-12,29.56,29.63,29.22,29.43,20.691,68529400
2006-12-13,29.6,29.6,29.32,29.55,20.7753,46002500
2006-12-14,29.54,30.08,29.52,30.07,21.1409,85866500
2006-12-15,30.14,30.23,30.03,30.19,21.2253,102783700
2006-12-18,30.19,30.26,29.78,29.89,21.0144,56986800
2006-12-19,29.71,30.17,29.53,29.99,21.0847,53822100
2006-12-20,29.99,30.24,29.97,30.09,21.155,31202100
2006-12-21,30.13,30.14,29.89,29.98,21.0776,32270500
2006-12-22,29.83,29.86,29.62,29.64,20.8386,37971700
2006-12-26,29.53,30.0,29.4,29.99,21.0847,37098300
2006-12-27,29.99,30.13,29.91,30.02,21.1058,31248400
2006-12-28,29.86,30.03,29.81,29.98,21.0776,26690600
2006-12-29,29.86,30.15,29.83,29.86,20.9933,41739800
2007-01-03,29.91,30.25,29.4,29.86,20.9933,76935100
2007-01-04,29.7,29.97,29.44,29.81,20.9581,45774500
2007-01-05,29.63,29.75,29.45,29.64,20.8386,44607200
2007-01-08,29.65,30.1,29.53,29.93,21.0425,50220200
2007-01-09,30.0,30.18,29.73,29.96,21.0636,44636600
2007-01-10,29.8,29.89,29.43,29.66,20.8527,55017400
2007-01-11,29.76,30.75,29.65,30.7,21.5838,99464300
2007-01-12,30.65,31.39,30.64,31.21,21.9424,103972500
2007-01-16,31.26,31.45,31.03,31.16,21.9073,62379600
2007-01-17,31.26,31.44,31.01,31.1,21.8651,58519600
2007-01-18,31.15,31.37,30.8,31.0,21.7948,56364300
2007-01-19,30.73,31.11,30.69,31.11,21.8721,75826900
2007-01-22,31.06,31.12,30.51,30.72,21.5979,56143900
2007-01-23,30.63,30.96,30.52,30.74,21.612,49171200
2007-01-24,30.78,31.3,30.65,31.09,21.858,58527800
2007-01-25,31.08,31.48,30.45,30.45,21.4081,97378700
2007-01-26,31.22,31.23,30.6,30.6,21.5135,96103700
2007-01-29,30.65,30.78,30.34,30.53,21.4643,57605900
2007-01-30,30.57,30.64,30.14,30.48,21.4292,61900400
2007-01-31,30.41,31.1,30.35,30.86,21.6963,73968400
2007-02-01,30.84,30.94,30.37,30.56,21.4854,55355800
2007-02-02,30.82,30.84,30.13,30.19,21.2253,60401700
2007-02-05,29.97,30.02,29.41,29.61,20.8175,99102100
2007-02-06,29.59,29.75,29.22,29.51,20.7472,79281100
2007-02-07,29.64,29.7,29.25,29.37,20.6488,65145500
2007-02-08,29.24,29.8,29.2,29.26,20.5714,48749000
2007-02-09,29.35,29.4,28.93,28.98,20.3746,69823100
2007-02-12,28.89,29.09,28.83,28.94,20.3465,52774400
2007-02-13,29.04,29.2,28.96,29.01,20.4664,50348100
2007-02-14,29.17,29.69,29.15,29.4,20.7415,55588600
2007-02-15,29.58,29.65,29.22,29.46,20.7839,63858100
2007-02-16,28.91,28.94,28.65,28.74,20.2759,109340300
2007-02-20,28.63,28.86,28.47,28.83,20.3394,53978200
2007-02-21,28.75,29.39,28.74,29.35,20.7063,68604900
2007-02-22,29.31,29.54,29.16,29.39,20.7345,57754400
2007-02-23,29.22,29.28,28.89,28.9,20.3888,63787100
2007-02-26,28.96,29.09,28.82,29.07,20.5087,63481900
2007-02-27,28.71,28.97,27.79,27.87,19.6621,87143300
2007-02-28,27.95,28.25,27.92,28.17,19.8738,86333300
2007-03-01,27.82,28.33,27.73,28.09,19.8173,80175700
2007-03-02,28.02,28.16,27.76,27.76,19.5845,63254700
2007-03-05,27.49,27.91,27.41,27.55,19.4364,56454300
2007-03-06,27.8,27.94,27.65,27.83,19.6339,49361800
2007-03-07,27.76,27.9,27.55,27.61,19.4787,52044700
2007-03-08,27.72,27.85,26.6,27.32,19.2741,72175200
2007-03-09,27.42,27.48,27.03,27.29,19.2529,80125000
2007-03-12,27.18,27.48,27.13,27.44,19.3588,36516400
2007-03-13,27.25,27.4,26.71,26.72,18.8508,75169500
2007-03-14,26.82,27.4,26.73,27.4,19.3306,75730300
2007-03-15,27.32,27.47,27.2,27.28,19.2459,51757100
2007-03-16,27.35,27.48,27.2,27.33,19.2812,65055300
2007-03-19,27.34,27.83,27.2,27.83,19.6339,49412000
2007-03-20,27.93,28.16,27.76,27.84,19.641,47902400
2007-03-21,27.9,28.52,27.56,28.52,20.1207,72808200
2007-03-22,28.52,28.55,28.01,28.27,19.9443,47934900
2007-03-23,28.22,28.27,27.8,28.02,19.768,50519800
2007-03-26,27.94,28.22,27.7,28.22,19.9091,47491500
2007-03-27,28.04,28.16,27.65,27.72,19.5563,58979800
2007-03-28,27.58,28.0,27.4,27.64,19.4999,46947000
2007-03-29,27.84,27.85,27.49,27.75,19.5775,42629900
2007-03-30,27.75,27.95,27.5,27.87,19.6621,47061000
2007-04-02,27.89,27.93,27.56,27.74,19.5704,41977600
2007-04-03,27.86,28.06,27.75,27.87,19.6621,39821300
2007-04-04,28.01,28.78,27.9,28.5,20.1066,63244200
2007-04-05,28.32,28.65,28.3,28.55,20.1419,30131200
2007-04-09,28.58,28.72,28.39,28.57,20.156,31384600
2007-04-10,28.5,28.64,28.22,28.4,20.036,38643100
2007-04-11,28.3,28.57,27.99,28.11,19.8315,44050200
2007-04-12,28.06,28.62,28.04,28.54,20.1348,43762100
2007-04-13,28.43,28.7,28.1,28.61,20.1842,36002900
2007-04-16,28.6,28.75,28.21,28.73,20.2689,30740100
2007-04-17,28.63,28.89,28.56,28.85,20.3535,33170200
2007-04-18,28.61,28.67,28.36,28.6,20.1771,41778400
2007-04-19,28.34,28.89,28.26,28.69,20.2406,43648800
2007-04-20,28.98,29.1,28.7,29.02,20.4735,60311500
2007-04-23,28.96,28.99,28.67,28.78,20.3041,41739100
2007-04-24,28.79,28.96,28.59,28.79,20.3112,34236700
2007-04-25,28.86,29.0,28.69,28.99,20.4523,39475000
2007-04-26,29.09,29.35,28.91,29.1,20.5299,68760300
2007-04-27,30.17,30.74,30.0,30.12,21.2495,128298800
2007-04-30,30.13,30.37,29.94,29.94,21.1225,67788800
2007-05-01,29.94,30.42,29.9,30.4,21.447,73539300
2007-05-02,30.39,30.69,30.3,30.61,21.5952,80686700
2007-05-03,30.6,31.0,30.53,30.97,21.8492,82036800
2007-05-04,30.68,30.7,30.29,30.56,21.5599,104385900
2007-05-07,30.52,30.76,30.48,30.71,21.6657,59889100
2007-05-08,30.68,30.94,30.58,30.75,21.694,60551700
2007-05-09,30.7,30.93,30.57,30.78,21.7151,51735000
2007-05-10,30.68,30.93,30.53,30.58,21.574,55398600
2007-05-11,30.57,30.98,30.55,30.89,21.7927,43425300
2007-05-14,30.84,30.99,30.81,30.97,21.8492,70188500
2007-05-15,30.9,31.09,30.84,30.9,21.8704,75013900
2007-05-16,31.0,31.09,30.81,31.07,21.9907,45833600
2007-05-17,31.03,31.14,30.96,30.98,21.927,41045600
2007-05-18,30.97,30.99,30.58,30.83,21.8209,58453000
2007-05-21,30.73,31.16,30.73,31.05,21.9766,41836400
2007-05-22,30.9,30.93,30.66,30.69,21.7218,39999500
2007-05-23,30.84,30.84,30.57,30.58,21.6439,46322500
2007-05-24,30.54,30.8,29.96,30.17,21.3537,64046400
2007-05-25,30.28,30.66,30.18,30.48,21.5731,47726500
2007-05-29,30.49,30.83,30.39,30.79,21.7925,42373100
2007-05-30,30.55,31.13,30.51,31.11,22.019,57376800
2007-05-31,31.12,31.16,30.61,30.69,21.7218,85290500
2007-06-01,30.79,30.9,30.55,30.59,21.651,39469400
2007-06-04,30.42,30.76,30.4,30.72,21.743,41434500
2007-06-05,30.62,30.63,30.33,30.58,21.6439,44265000
2007-06-06,30.37,30.53,30.25,30.29,21.4387,38217500
2007-06-07,30.02,30.29,29.59,29.62,20.9644,71971400
2007-06-08,29.58,30.06,29.41,30.05,21.2688,61346200
2007-06-11,29.94,30.25,29.93,30.02,21.2476,48467400
2007-06-12,29.96,30.24,29.77,29.85,21.1272,56981800
2007-06-13,29.97,30.41,29.85,30.39,21.5094,64435600
2007-06-14,30.35,30.71,30.3,30.52,21.6014,59065700
2007-06-15,30.86,30.88,30.43,30.49,21.5802,100933000
2007-06-18,30.69,30.72,30.42,30.51,21.5944,45412600
2007-06-19,30.48,30.66,30.38,30.46,21.559,46802600
2007-06-20,30.44,30.51,29.96,30.01,21.2405,46861600
2007-06-21,29.98,30.3,29.91,30.22,21.3891,56564800
2007-06-22,30.0,30.1,29.45,29.49,20.8724,86219900
2007-06-25,29.47,29.77,29.38,29.49,20.8724,53905800
2007-06-26,29.55,29.8,29.5,29.52,20.8937,48340300
2007-06-27,29.36,29.95,29.36,29.87,21.1414,53468600
2007-06-28,29.86,29.97,29.68,29.83,21.1131,46055200
2007-06-29,29.87,29.93,29.04,29.47,20.8583,71193900
2007-07-02,29.67,29.8,29.49,29.74,21.0494,47316000
2007-07-03,29.79,30.22,29.78,30.02,21.2476,35202600
2007-07-05,30.05,30.22,29.83,29.99,21.2263,47838500
2007-07-06,29.91,30.04,29.66,29.97,21.2122,57541000
2007-07-09,29.86,29.95,29.81,29.87,21.1414,33831400
2007-07-10,29.7,29.99,29.18,29.33,20.7592,66013500
2007-07-11,29.24,29.65,29.21,29.49,20.8724,48017000
2007-07-12,29.56,30.11,29.44,30.07,21.2829,54302400
2007-07-13,29.94,30.02,29.66,29.82,21.106,42173000
2007-07-16,29.76,30.24,29.72,30.03,21.2546,48023200
2007-07-17,30.02,30.88,30.01,30.78,21.7855,77539600
2007-07-18,30.51,30.97,30.5,30.92,21.8846,64414400
2007-07-19,31.05,31.84,30.93,31.51,22.3021,121159300
2007-07-20,31.15,31.2,30.79,31.16,22.0544,98292600
2007-07-23,31.36,31.52,31.12,31.19,22.0757,48910600
2007-07-24,31.01,31.48,30.71,30.8,21.7996,59729300
2007-07-25,30.99,31.3,30.37,30.71,21.7359,54950100
2007-07-26,30.24,30.53,29.51,29.98,21.2192,87025300
2007-07-27,29.93,30.0,29.36,29.39,20.8017,69214600
2007-07-30,29.41,29.49,28.95,29.4,20.8087,67499600
2007-07-31,29.71,29.72,28.98,28.99,20.5185,66554000
2007-08-01,28.95,29.55,28.82,29.3,20.738,80006300
2007-08-02,29.19,29.79,29.02,29.52,20.8937,47938300
2007-08-03,29.45,29.78,28.9,28.96,20.4973,61535500
2007-08-06,29.05,29.54,28.75,29.54,20.9078,59530500
2007-08-07,29.33,29.79,29.05,29.55,20.9149,49163000
2007-08-08,29.72,30.01,29.21,30.0,21.2334,52898600
2007-08-09,29.64,30.1,28.92,29.3,20.738,72964500
2007-08-10,28.9,29.05,28.26,28.71,20.3204,76576200
2007-08-13,28.94,28.99,28.44,28.63,20.2637,55492300
2007-08-14,28.77,28.89,28.2,28.27,20.0791,42944100
2007-08-15,28.24,28.99,28.05,28.1,19.9583,48117700
2007-08-16,27.88,28.35,27.51,27.81,19.7524,81447400
2007-08-17,28.09,28.25,27.82,28.25,20.0649,76747700
2007-08-20,28.18,28.49,28.08,28.26,20.072,49952000
2007-08-21,28.1,28.32,27.87,28.07,19.937,50786200
2007-08-22,28.27,28.32,28.01,28.22,20.0436,44763500
2007-08-23,28.28,28.33,28.1,28.3,20.1004,33886600
2007-08-24,28.21,28.84,28.07,28.81,20.4626,45158900
2007-08-27,28.61,28.77,28.4,28.49,20.2353,32789500
2007-08-28,28.3,28.49,27.91,27.93,19.8376,43924400
2007-08-29,28.13,28.61,27.82,28.59,20.3064,45753700
2007-08-30,28.42,28.93,28.32,28.45,20.2069,33690700
2007-08-31,28.7,28.92,28.36,28.73,20.4058,42511900
2007-09-04,28.5,29.1,28.48,28.81,20.4626,45689600
2007-09-05,28.65,28.73,28.42,28.48,20.2282,47669800
2007-09-06,28.56,29.01,28.55,28.91,20.5336,45430800
2007-09-07,28.62,28.83,28.32,28.44,20.1998,52160900
2007-09-10,28.67,28.75,28.41,28.48,20.2282,37247600
2007-09-11,28.63,28.95,28.58,28.93,20.5478,34380800
2007-09-12,28.81,29.17,28.8,28.93,20.5478,42364700
2007-09-13,29.12,29.26,28.96,29.16,20.7112,35288600
2007-09-14,28.98,29.11,28.88,29.04,20.626,33496600
2007-09-17,28.79,28.88,28.62,28.73,20.4058,39536500
2007-09-18,28.7,28.97,28.27,28.93,20.5478,77462400
2007-09-19,28.87,28.91,28.3,28.67,20.3632,94242200
2007-09-20,28.48,28.58,28.34,28.42,20.1856,67168900
2007-09-21,28.69,28.81,28.44,28.65,20.349,135636100
2007-09-24,28.81,29.61,28.8,29.08,20.6544,104459800
2007-09-25,29.14,29.56,29.11,29.56,20.9953,75621000
2007-09-26,29.68,29.85,29.48,29.5,20.9527,60337000
2007-09-27,29.7,29.72,29.44,29.49,20.9456,43407100
2007-09-28,29.49,29.69,29.23,29.46,20.9243,45819100
2007-10-01,29.46,29.79,29.41,29.77,21.1445,43875100
2007-10-02,29.7,29.85,29.57,29.7,21.0947,33700900
2007-10-03,29.71,29.85,29.29,29.45,20.9172,37633900
2007-10-04,29.56,29.77,29.44,29.71,21.1019,37868000
2007-10-05,29.89,29.99,29.73,29.84,21.1942,45012300
2007-10-08,29.66,29.85,29.6,29.84,21.1942,30265400
2007-10-09,30.03,30.39,30.0,30.1,21.3789,63603100
2007-10-10,30.04,30.37,30.03,30.23,21.4712,32251500
2007-10-11,30.3,30.63,29.79,29.91,21.2439,50788400
2007-10-12,30.03,30.4,29.95,30.17,21.4286,31121100
2007-10-15,30.1,30.33,30.0,30.04,21.3362,47150500
2007-10-16,30.24,30.58,30.23,30.32,21.5351,56286200
2007-10-17,30.75,31.23,30.65,31.08,22.0749,86092400
2007-10-18,31.22,31.23,30.63,31.16,22.1317,49208600
2007-10-19,31.09,31.09,30.11,30.17,21.4286,75200200
2007-10-22,30.12,30.7,30.12,30.51,21.6701,58785100
2007-10-23,30.71,31.12,30.71,30.9,21.9471,49956200
2007-10-24,30.85,31.3,30.5,31.25,22.1957,77979200
2007-10-25,31.57,32.22,31.49,31.99,22.7212,169588700
2007-10-26,36.01,36.03,34.56,35.03,24.8804,288121200
2007-10-29,34.85,35.29,34.45,34.57,24.5537,114655600
2007-10-30,34.37,35.59,34.35,35.57,25.264,107297300
2007-10-31,35.52,37.0,35.51,36.81,26.1447,185635800
2007-11-01,36.53,37.49,36.36,37.06,26.3223,152078800
2007-11-02,37.22,37.5,36.42,37.06,26.3223,96389800
2007-11-05,36.76,37.1,36.63,36.73,26.0879,75485400
2007-11-06,36.59,36.66,35.87,36.41,25.8606,100966700
2007-11-07,36.04,36.16,35.45,35.52,25.2285,74897800
2007-11-08,35.6,35.9,34.4,34.74,24.6745,133742400
2007-11-09,34.18,34.54,33.65,33.73,23.9571,125136900
2007-11-12,33.32,33.71,33.02,33.38,23.7085,84865200
2007-11-13,33.54,34.67,33.38,34.46,24.5557,104311500
2007-11-14,34.62,34.75,33.75,33.93,24.178,84063100
2007-11-15,33.76,34.1,33.55,33.76,24.0569,64014100
2007-11-16,33.86,34.26,33.71,34.09,24.292,71113800
2007-11-19,33.96,34.24,33.87,33.96,24.1994,63026200
2007-11-20,34.23,34.97,34.1,34.58,24.6412,100009400
2007-11-21,34.4,34.73,34.18,34.23,24.3918,89518700
2007-11-23,34.36,34.44,33.71,34.11,24.3063,33467200
2007-11-26,34.09,34.37,32.93,32.97,23.4939,80335000
2007-11-27,33.27,33.6,32.68,33.06,23.5581,84178400
2007-11-28,33.38,33.89,32.9,33.7,24.0141,88585000
2007-11-29,33.58,33.93,33.31,33.59,23.9357,53633600
2007-11-30,33.92,34.12,33.19,33.6,23.9428,71027800
2007-12-03,33.5,33.64,32.68,32.92,23.4583,61770600
2007-12-04,32.74,33.24,32.63,32.77,23.3514,54801500
2007-12-05,33.14,34.52,33.03,34.15,24.3348,84894700
2007-12-06,34.26,34.61,33.87,34.55,24.6198,49209700
2007-12-07,34.61,34.7,34.22,34.53,24.6056,40771000
2007-12-10,34.64,34.95,34.47,34.76,24.7694,36083500
2007-12-11,34.73,34.99,33.93,34.1,24.2991,55070700
2007-12-12,34.61,35.09,33.93,34.47,24.5628,63345400
2007-12-13,34.48,35.45,34.28,35.22,25.0972,73913200
2007-12-14,35.05,35.84,35.01,35.31,25.1614,71126200
2007-12-17,35.03,35.13,34.36,34.39,24.5058,58121200
2007-12-18,34.64,35.0,34.21,34.74,24.7552,52791800
2007-12-19,34.69,35.14,34.38,34.79,24.7908,58469100
2007-12-20,35.29,35.79,35.08,35.52,25.311,59345000
2007-12-21,35.9,36.06,35.75,36.06,25.6958,83240500
2007-12-24,36.13,36.72,36.05,36.58,26.0663,29622600
2007-12-26,36.41,36.64,36.26,36.61,26.0877,30252400
2007-12-27,36.35,36.55,35.94,35.97,25.6317,33311100
2007-12-28,36.1,36.23,35.67,36.12,25.7386,33447200
2007-12-31,35.9,35.99,35.52,35.6,25.368,35229700
2008-01-02,35.79,35.96,35.0,35.22,25.0972,63004200
2008-01-03,35.22,35.65,34.86,35.37,25.2041,49599600
2008-01-04,35.19,35.2,34.09,34.38,24.4987,72090800
2008-01-07,34.55,34.8,34.25,34.61,24.6626,80164300
2008-01-08,34.71,34.71,33.4,33.45,23.836,79148300
2008-01-09,33.36,34.54,33.35,34.44,24.5414,74305500
2008-01-10,34.35,34.5,33.78,34.33,24.463,72446000
2008-01-11,34.14,34.24,33.72,33.91,24.1637,55187900
2008-01-14,34.46,34.57,34.08,34.39,24.5058,52792200
2008-01-15,34.03,34.38,34.0,34.0,24.2279,61606200
2008-01-16,33.42,33.65,32.51,33.23,23.6792,120778500
2008-01-17,33.54,33.8,32.97,33.11,23.5937,94247800
2008-01-18,33.16,34.0,32.97,33.01,23.5224,117062000
2008-01-22,31.54,32.53,31.5,31.96,22.7742,108521400
2008-01-23,31.48,32.05,31.04,31.93,22.7528,137597400
2008-01-24,32.35,33.36,32.12,33.25,23.6934,155640400
2008-01-25,34.9,35.0,32.87,32.94,23.4725,196992300
2008-01-28,33.02,33.1,32.42,32.72,23.3158,81019000
2008-01-29,32.85,32.89,32.35,32.6,23.2303,68023000
2008-01-30,32.56,32.8,32.05,32.2,22.9452,106432600
2008-01-31,31.91,32.74,31.72,32.6,23.2303,103642200
2008-02-01,31.06,33.25,30.25,30.45,21.6982,291138900
2008-02-04,30.49,30.72,30.11,30.19,21.5129,119998600
2008-02-05,29.91,29.94,28.89,29.07,20.7148,137534100
2008-02-06,29.28,29.35,28.29,28.52,20.3229,138315600
2008-02-07,28.34,28.78,27.9,28.12,20.0379,164964900
2008-02-08,28.29,29.08,28.24,28.56,20.3514,124872000
2008-02-11,28.52,28.61,27.91,28.21,20.102,156814100
2008-02-12,28.43,28.62,28.11,28.34,20.1947,84365900
2008-02-13,28.62,29.05,28.53,28.96,20.6365,88986200
2008-02-14,28.88,29.04,28.46,28.5,20.3087,69113500
2008-02-15,28.31,28.64,28.25,28.42,20.2517,68166100
2008-02-19,28.8,28.84,28.07,28.17,20.1515,68261200
2008-02-20,28.15,28.26,27.92,28.22,20.1873,93056200
2008-02-21,28.62,28.96,27.96,28.1,20.1014,98776500
2008-02-22,28.24,28.39,27.2,27.68,19.801,125705400
2008-02-25,27.65,28.24,27.48,27.84,19.9154,109974300
2008-02-26,27.74,28.86,27.67,28.38,20.3017,108923500
2008-02-27,28.19,28.68,28.1,28.26,20.2159,75199500
2008-02-28,28.02,28.27,27.8,27.93,19.9798,83002900
2008-02-29,27.69,27.83,27.02,27.2,19.4576,117411400
2008-03-03,27.24,27.39,26.87,26.99,19.3074,76544300
2008-03-04,27.02,27.63,26.96,27.59,19.7366,86925600
2008-03-05,27.75,28.41,27.7,28.12,20.1157,106489800
2008-03-06,28.06,28.17,27.5,27.57,19.7223,91127700
2008-03-07,27.34,28.07,27.32,27.87,19.9369,77597600
2008-03-10,27.83,28.26,27.75,28.05,20.0657,72175100
2008-03-11,28.4,29.34,28.38,29.28,20.9456,98740700
2008-03-12,29.43,29.49,28.54,28.63,20.4806,75993800
2008-03-13,28.54,28.99,28.16,28.62,20.4734,84552200
2008-03-14,28.72,29.01,27.64,27.96,20.0013,105214900
2008-03-17,27.3,28.73,27.28,28.3,20.2445,84490100
2008-03-18,28.67,29.48,28.67,29.42,21.0457,83695300
2008-03-19,29.38,29.59,28.62,28.62,20.4734,61442100
2008-03-20,28.74,29.22,28.59,29.18,20.874,60170200
2008-03-24,29.33,29.4,29.06,29.17,20.8669,48294700
2008-03-25,29.33,29.37,28.94,29.14,20.8454,49149000
2008-03-26,29.03,29.07,28.38,28.56,20.4305,45868100
2008-03-27,28.48,28.49,28.0,28.05,20.0657,47894400
2008-03-28,28.23,28.43,27.83,27.91,19.9655,49244000
2008-03-31,27.88,28.59,27.84,28.38,20.3017,46780600
2008-04-01,28.83,29.54,28.63,29.5,21.1029,65796200
2008-04-02,29.57,29.58,29.0,29.16,20.8597,49499400
2008-04-03,29.0,29.32,28.8,29.0,20.7453,38961400
2008-04-04,29.13,29.26,28.74,29.16,20.8597,43860800
2008-04-07,29.55,29.59,29.03,29.16,20.8597,44428600
2008-04-08,28.94,29.0,28.54,28.75,20.5664,44733500
2008-04-09,28.72,29.04,28.54,28.89,20.6666,45839300
2008-04-10,28.83,29.4,28.8,29.11,20.8239,65591600
2008-04-11,28.87,29.01,28.21,28.28,20.2302,54373700
2008-04-14,28.24,28.31,27.93,28.06,20.0728,43418100
2008-04-15,28.12,28.48,28.03,28.25,20.2087,34310000
2008-04-16,28.57,29.05,28.38,28.95,20.7095,54107400
2008-04-17,29.12,29.34,28.9,29.22,20.9026,48743300
2008-04-18,30.01,30.1,29.61,30.0,21.4606,73658900
2008-04-21,30.19,30.6,30.12,30.42,21.7611,54411700
2008-04-22,30.64,30.7,29.97,30.25,21.6394,67387500
2008-04-23,30.45,31.46,30.3,31.45,22.4979,98351500
2008-04-24,31.63,32.1,31.16,31.8,22.7482,115416700
2008-04-25,30.05,30.39,29.6,29.83,21.339,145194900
2008-04-28,29.8,29.84,28.82,28.99,20.7381,97473000
2008-04-29,28.8,28.9,28.45,28.64,20.4877,84428900
2008-04-30,28.74,29.21,28.51,28.52,20.4019,74733600
2008-05-01,28.5,29.49,28.48,29.4,21.0314,71699400
2008-05-02,29.59,29.62,28.86,29.24,20.9169,66024200
2008-05-05,29.93,30.23,28.99,29.08,20.8025,119687700
2008-05-06,29.0,29.86,28.93,29.7,21.246,93582000
2008-05-07,29.69,30.14,29.08,29.21,20.8955,88775000
2008-05-08,29.28,29.39,29.0,29.27,20.9384,69589900
2008-05-09,29.21,29.55,28.95,29.39,21.0242,51621200
2008-05-12,29.4,30.06,29.35,29.99,21.4535,64278800
2008-05-13,30.0,30.13,29.53,29.78,21.3817,70934700
2008-05-14,29.89,30.26,29.73,29.93,21.4894,66730400
2008-05-15,29.98,30.53,29.94,30.45,21.8627,53355800
2008-05-16,30.47,30.48,29.92,29.99,21.5324,81538200
2008-05-19,29.87,29.89,29.31,29.46,21.1519,59615000
2008-05-20,29.3,29.31,28.63,28.76,20.6493,75767600
2008-05-21,28.81,29.05,28.19,28.25,20.2831,60125100
2008-05-22,28.28,28.7,28.18,28.47,20.4411,52203100
2008-05-23,28.26,28.33,27.95,28.05,20.1395,48890700
2008-05-27,28.11,28.5,28.05,28.44,20.4196,47334500
2008-05-28,28.56,28.57,28.04,28.18,20.2329,52318500
2008-05-29,28.21,28.68,28.14,28.31,20.3262,47699200
2008-05-30,28.38,28.7,28.2,28.32,20.3334,63399200
2008-06-02,28.24,28.36,27.55,27.8,19.96,77028400
2008-06-03,27.91,28.31,27.27,27.31,19.6082,86616700
2008-06-04,27.28,27.64,27.2,27.54,19.7734,79567400
2008-06-05,27.72,28.3,27.6,28.3,20.319,76063400
2008-06-06,27.99,28.17,27.49,27.49,19.7375,78500800
2008-06-09,27.65,27.91,27.3,27.71,19.8954,66787100
2008-06-10,27.36,28.29,27.32,27.89,20.0247,77433900
2008-06-11,27.85,27.94,27.11,27.12,19.4718,59330800
2008-06-12,27.4,28.55,27.19,28.24,20.276,113996300
2008-06-13,28.63,29.57,28.5,29.07,20.8719,131969100
2008-06-16,29.02,29.11,28.64,28.93,20.7714,74718900
2008-06-17,29.04,29.12,28.79,28.8,20.678,44256700
2008-06-18,28.55,28.86,28.46,28.46,20.4339,49677800
2008-06-19,28.55,29.19,28.33,28.93,20.7714,62037800
2008-06-20,28.9,28.92,28.1,28.23,20.2688,97480400
2008-06-23,28.3,28.41,27.79,27.97,20.0821,57145300
2008-06-24,27.92,28.01,27.51,27.73,19.9098,65218300
2008-06-25,27.81,28.67,27.76,28.35,20.3549,64280200
2008-06-26,28.03,28.2,27.75,27.75,19.9241,67049100
2008-06-27,27.68,27.91,27.46,27.63,19.838,73450200
2008-06-30,27.73,27.98,27.49,27.51,19.7518,57830500
2008-07-01,27.27,27.38,26.44,26.87,19.2923,100327800
2008-07-02,26.9,27.0,25.88,25.88,18.5815,84669000
2008-07-03,25.97,26.1,25.6,25.98,18.6533,37074500
2008-07-07,26.11,26.39,25.45,26.03,18.6892,71527600
2008-07-08,25.93,26.2,25.51,25.85,18.56,65553200
2008-07-09,25.79,25.85,25.18,25.23,18.1148,54255800
2008-07-10,25.2,25.67,24.98,25.45,18.2728,57830600
2008-07-11,25.16,25.64,24.87,25.25,18.1292,69532600
2008-07-14,25.48,25.81,25.07,25.15,18.0574,51216200
2008-07-15,24.93,26.64,24.93,26.15,18.7754,92719300
2008-07-16,26.13,27.29,25.92,27.26,19.5723,82060400
2008-07-17,27.58,27.91,27.11,27.52,19.759,96526100
2008-07-18,26.36,26.47,25.11,25.86,18.5671,150277000
2008-07-21,25.66,26.17,25.53,25.64,18.4092,77575600
2008-07-22,25.54,25.94,25.48,25.8,18.5241,88657200
2008-07-23,25.86,26.84,25.85,26.43,18.9764,79408800
2008-07-24,26.09,26.17,25.44,25.44,18.2656,81092600
2008-07-25,25.64,26.22,25.5,26.16,18.7825,58682300
2008-07-28,26.06,26.11,25.34,25.5,18.3087,59707800
2008-07-29,25.52,26.19,25.4,26.11,18.7466,66368200
2008-07-30,26.2,26.49,25.9,26.23,18.8328,51977700
2008-07-31,25.85,26.28,25.71,25.72,18.4666,60461000
2008-08-01,25.92,25.95,25.07,25.44,18.2656,82720200
2008-08-04,25.39,25.55,25.11,25.28,18.1507,60588300
2008-08-05,25.64,26.28,25.5,26.21,18.8184,84297600
2008-08-06,26.73,27.16,26.38,27.02,19.4,95550000
2008-08-07,26.9,27.75,26.73,27.39,19.6657,82565800
2008-08-08,27.35,28.23,27.19,28.13,20.197,80814100
2008-08-11,27.86,28.4,27.66,27.9,20.0318,68743800
2008-08-12,27.78,28.36,27.58,28.12,20.1898,62813000
2008-08-13,28.07,28.5,27.76,27.91,20.039,51165200
2008-08-14,27.82,28.28,27.56,27.91,20.039,49732300
2008-08-15,27.98,28.15,27.58,27.81,19.9672,47267400
2008-08-18,27.78,28.05,27.55,27.69,19.8811,38078200
2008-08-19,27.54,27.75,27.27,27.32,19.6936,40332900
2008-08-20,27.54,27.58,27.17,27.29,19.672,41497200
2008-08-21,27.1,27.23,26.86,27.18,19.5927,43614200
2008-08-22,27.23,27.88,27.22,27.84,20.0685,47930400
2008-08-25,27.61,27.84,27.46,27.66,19.9387,51381300
2008-08-26,27.58,27.72,27.17,27.27,19.6576,44774400
2008-08-27,27.34,27.79,27.13,27.56,19.8666,33975300
2008-08-28,27.61,28.01,27.6,27.94,20.1406,48372600
2008-08-29,27.68,27.78,27.29,27.29,19.672,50735500
2008-09-02,27.67,27.76,27.06,27.1,19.5351,66079200
2008-09-03,27.0,27.18,26.84,26.9,19.3909,57127700
2008-09-04,26.74,26.89,26.35,26.35,18.9944,66141900
2008-09-05,26.03,26.22,25.63,25.65,18.4898,82305200
2008-09-08,26.21,26.33,25.67,26.12,18.8286,62110800
2008-09-09,26.2,26.6,26.05,26.1,18.8142,85735700
2008-09-10,26.52,26.86,26.25,26.44,19.0593,75064900
2008-09-11,26.1,27.46,26.03,27.34,19.7081,72913300
2008-09-12,27.14,27.74,26.94,27.62,19.9099,75628500
2008-09-15,26.92,27.49,26.73,26.82,19.3332,82349400
2008-09-16,26.09,26.49,25.52,25.99,18.7349,111729700
2008-09-17,25.73,25.87,24.5,24.57,17.7113,106972100
2008-09-18,24.8,25.35,24.01,25.26,18.2087,132291300
2008-09-19,26.37,26.4,23.5,25.16,18.1366,134926100
2008-09-22,26.22,26.32,25.32,25.4,18.3096,105207700
2008-09-23,25.66,26.17,25.34,25.44,18.3384,92181300
2008-09-24,25.58,26.09,25.46,25.72,18.5403,80250300
2008-09-25,25.82,26.88,25.74,26.61,19.1818,96203500
2008-09-26,26.17,27.56,26.14,27.4,19.7513,100744300
2008-09-29,26.94,27.66,25.01,25.01,18.0285,134383100
2008-09-30,25.77,26.69,25.54,26.69,19.2395,107192700
2008-10-01,26.38,26.99,26.28,26.48,19.0881,88957000
2008-10-02,26.18,26.53,25.7,26.25,18.9223,93819800
2008-10-03,26.37,27.47,26.24,26.32,18.9728,114289400
2008-10-06,25.63,25.99,24.14,24.91,17.9564,146374600
2008-10-07,24.98,25.21,23.14,23.23,16.7454,145941200
2008-10-08,22.9,24.3,22.5,23.01,16.5868,171598600
2008-10-09,23.77,23.91,22.07,22.3,16.075,131948700
2008-10-10,21.79,22.35,20.65,21.5,15.4983,228467500
2008-10-13,22.86,25.5,22.63,25.5,18.3817,144935400
2008-10-14,25.64,25.73,23.6,24.1,17.3725,165674900
2008-10-15,23.78,24.25,22.48,22.66,16.3345,113280200
2008-10-16,22.94,24.19,21.31,24.19,17.4374,161147800
2008-10-17,23.57,25.11,23.31,23.93,17.25,133673100
2008-10-20,24.2,24.75,23.01,24.72,17.8194,93484300
2008-10-21,24.3,25.01,23.27,23.36,16.8391,100385600
2008-10-22,23.04,23.06,20.9,21.53,15.5199,150054800
2008-10-23,21.55,22.59,20.89,22.32,16.0894,154774100
2008-10-24,21.06,22.86,20.95,21.96,15.8299,153919700
2008-10-27,21.67,21.96,21.02,21.18,15.2676,117683900
2008-10-28,21.64,23.21,21.34,23.1,16.6516,134088800
2008-10-29,23.13,23.97,22.7,23.0,16.5796,111701800
2008-10-30,23.69,23.88,22.39,22.63,16.3129,95323000
2008-10-31,22.53,22.91,22.12,22.33,16.0966,93055200
2008-11-03,22.48,22.91,22.21,22.62,16.3056,61923500
2008-11-04,23.13,23.66,22.87,23.53,16.9616,72123000
2008-11-05,23.33,23.34,22.05,22.08,15.9164,81179700
2008-11-06,21.87,22.08,20.86,20.88,15.0514,95509700
2008-11-07,21.32,21.54,21.0,21.5,15.4983,71256300
2008-11-10,21.85,21.97,21.19,21.3,15.3541,67106800
2008-11-11,21.29,21.3,20.79,21.2,15.282,78014500
2008-11-12,20.89,21.0,20.28,20.3,14.6333,90162300
2008-11-13,20.15,21.25,18.74,21.25,15.3181,148413700
2008-11-14,20.56,21.34,19.65,20.06,14.4603,96624500
2008-11-17,19.74,20.24,19.15,19.32,13.9268,97289000
2008-11-18,19.5,19.66,18.75,19.62,14.2389,108966500
2008-11-19,19.63,19.95,18.25,18.29,13.2737,103010500
2008-11-20,18.12,18.84,17.5,17.53,12.7221,139532800
2008-11-21,18.02,19.7,17.98,19.68,14.2824,157231900
2008-11-24,19.89,20.94,19.87,20.69,15.0154,125289900
2008-11-25,20.86,20.93,19.55,19.99,14.5074,92948100
2008-11-26,19.73,20.68,19.73,20.49,14.8703,79678300
2008-11-28,20.23,20.31,20.02,20.22,14.6743,28650800
2008-12-01,19.88,19.95,18.6,18.61,13.5059,79639900
2008-12-02,18.99,19.31,18.56,19.15,13.8978,79689800
2008-12-03,18.65,19.9,18.6,19.87,14.4203,80961500
2008-12-04,19.4,19.92,18.79,19.11,13.8688,78719200
2008-12-05,18.91,19.98,18.47,19.87,14.4203,91996200
2008-12-08,20.35,21.25,20.14,21.01,15.2477,107225000
2008-12-09,20.62,21.25,20.46,20.6,14.9501,80484900
2008-12-10,20.82,20.96,20.3,20.61,14.9574,61499000
2008-12-11,20.11,20.12,19.31,19.45,14.1155,83564300
2008-12-12,19.15,19.85,18.7,19.36,14.0502,78112600
2008-12-15,19.34,19.44,18.89,19.04,13.818,59925900
2008-12-16,19.21,20.18,19.0,20.11,14.5945,97688700
2008-12-17,19.81,20.05,19.5,19.66,14.2679,78922700
2008-12-18,19.86,20.02,18.99,19.3,14.0067,80759200
2008-12-19,19.42,19.8,19.11,19.12,13.876,113530400
2008-12-22,19.24,19.29,18.89,19.18,13.9196,58575400
2008-12-23,19.28,19.57,19.01,19.28,13.9922,47511400
2008-12-24,19.26,19.45,19.1,19.17,13.9123,16880400
2008-12-26,19.2,19.33,19.09,19.13,13.8833,23101000
2008-12-29,19.15,19.21,18.64,18.96,13.7599,58512800
2008-12-30,19.01,19.49,19.0,19.34,14.0357,43224100
2008-12-31,19.31,19.68,19.27,19.44,14.1083,46419000
2009-01-02,19.53,20.4,19.37,20.33,14.7542,50084000
2009-01-05,20.2,20.67,20.06,20.52,14.8921,61475200
2009-01-06,20.75,21.0,20.61,20.76,15.0662,58083400
2009-01-07,20.19,20.29,19.48,19.51,14.1591,72709900
2009-01-08,19.63,20.19,19.55,20.12,14.6018,70255400
2009-01-09,20.17,20.3,19.41,19.52,14.1663,49815300
2009-01-12,19.71,19.79,19.3,19.47,14.13,52163500
2009-01-13,19.52,19.99,19.52,19.82,14.384,65843500
2009-01-14,19.53,19.68,19.01,19.09,13.8543,80257500
2009-01-15,19.07,19.3,18.52,19.24,13.9631,96169800
2009-01-16,19.63,19.91,19.15,19.71,14.3042,79634100
2009-01-20,19.46,19.62,18.37,18.48,13.4116,89873000
2009-01-21,18.87,19.45,18.46,19.38,14.0647,68340900
2009-01-22,18.05,18.18,17.07,17.11,12.4173,222436600
2009-01-23,16.97,17.49,16.75,17.2,12.4826,117020600
2009-01-26,17.29,17.81,17.23,17.63,12.7947,92476500
2009-01-27,17.78,17.97,17.43,17.66,12.8165,61695000
2009-01-28,17.8,18.31,17.76,18.04,13.0922,64145500
2009-01-29,17.78,17.96,17.56,17.59,12.7657,49192800
2009-01-30,17.74,17.79,17.1,17.1,12.4101,62370900
2009-02-02,17.03,18.13,17.0,17.83,12.9398,88871700
2009-02-03,17.85,18.61,17.6,18.5,13.4261,86865100
2009-02-04,18.54,19.0,18.5,18.63,13.5204,75618000
2009-02-05,18.51,19.14,18.25,19.04,13.818,75195200
2009-02-06,19.16,19.93,19.06,19.66,14.2679,86746000
2009-02-09,19.64,19.77,19.26,19.44,14.1083,52196400
2009-02-10,19.25,19.8,18.7,18.8,13.6438,83953200
2009-02-11,18.94,19.49,18.92,19.21,13.9413,58599000
2009-02-12,18.97,19.32,18.54,19.26,13.9776,75323200
2009-02-13,19.27,19.47,19.04,19.09,13.8543,47416000
2009-02-17,18.49,18.5,17.89,18.09,13.2185,75853300
2009-02-18,18.22,18.45,18.0,18.12,13.2405,54946900
2009-02-19,18.3,18.38,17.81,17.91,13.087,49195600
2009-02-20,17.77,18.19,17.66,18.0,13.1528,69413800
2009-02-23,18.02,18.15,17.16,17.21,12.5755,70803400
2009-02-24,17.03,17.35,16.36,17.17,12.5463,122674500
2009-02-25,17.01,17.24,16.46,16.96,12.3928,105894600
2009-02-26,17.05,17.08,16.42,16.42,11.9983,83219500
2009-02-27,16.29,16.52,16.1,16.15,11.801,93428000
2009-03-02,15.96,16.25,15.72,15.79,11.5379,80602100
2009-03-03,16.03,16.24,15.64,15.88,11.6037,80476600
2009-03-04,16.12,16.4,15.89,16.12,11.779,69285100
2009-03-05,15.86,15.88,15.27,15.27,11.1579,89708500
2009-03-06,15.35,15.62,14.87,15.28,11.1652,92821400
2009-03-09,15.2,15.74,15.1,15.15,11.0703,66479100
2009-03-10,15.37,16.62,15.25,16.48,12.0421,95184200
2009-03-11,16.63,17.2,16.43,17.11,12.5024,84522200
2009-03-12,17.01,17.04,16.48,17.01,12.4294,93694100
2009-03-13,16.98,17.05,16.18,16.65,12.1663,82965800
2009-03-16,16.82,16.96,16.24,16.25,11.874,67028900
2009-03-17,16.32,16.9,16.26,16.9,12.349,62481000
2009-03-18,17.03,17.22,16.6,16.96,12.3928,70710700
2009-03-19,17.37,17.45,16.92,17.14,12.5244,58994600
2009-03-20,17.32,17.65,16.88,17.06,12.4659,81725500
2009-03-23,17.37,18.59,17.31,18.33,13.3939,71600000
2009-03-24,18.04,18.21,17.84,17.93,13.1016,50044100
2009-03-25,17.98,18.31,17.52,17.88,13.0651,73927100
2009-03-26,18.17,18.88,18.12,18.83,13.7593,63775100
2009-03-27,18.54,18.62,18.05,18.13,13.2478,47670400
2009-03-30,17.74,17.76,17.27,17.48,12.7728,49633000
2009-03-31,17.83,18.79,17.78,18.37,13.4231,92423300
2009-04-01,18.23,19.36,18.18,19.31,14.11,96438900
2009-04-02,19.5,19.89,19.0,19.29,14.0954,99082300
2009-04-03,19.13,19.15,18.43,18.75,13.7008,81858400
2009-04-06,18.54,18.76,18.27,18.76,13.7081,47476100
2009-04-07,18.76,19.14,18.63,18.76,13.7081,65815200
2009-04-08,18.97,19.62,18.96,19.19,14.0223,56408900
2009-04-09,19.45,19.7,19.22,19.67,14.3731,55759600
2009-04-13,19.69,19.85,19.37,19.59,14.3146,44444700
2009-04-14,19.44,19.55,19.0,19.35,14.1392,63796300
2009-04-15,19.21,19.25,18.51,18.83,13.7593,72725500
2009-04-16,19.16,19.78,18.99,19.76,14.4388,67688700
2009-04-17,19.69,19.69,19.0,19.2,14.0296,61398500
2009-04-20,18.89,18.95,18.57,18.61,13.5985,62937200
2009-04-21,18.59,19.08,18.57,18.97,13.8616,60928300
2009-04-22,18.76,19.19,18.7,18.78,13.7227,59401000
2009-04-23,18.92,18.94,18.47,18.92,13.825,86116300
2009-04-24,19.82,21.2,19.5,20.91,15.2791,168478500
2009-04-27,20.55,20.82,20.28,20.4,14.9065,68219600
2009-04-28,20.25,20.27,19.79,19.93,14.563,76685200
2009-04-29,20.11,20.89,20.06,20.25,14.7969,79301600
2009-04-30,20.6,21.1,20.01,20.26,14.8042,87439900
2009-05-01,20.19,20.35,19.86,20.24,14.7896,63224500
2009-05-04,20.37,20.4,19.98,20.19,14.753,54313400
2009-05-05,20.14,20.24,19.64,19.79,14.4608,66835500
2009-05-06,20.06,20.07,19.61,19.79,14.4608,59639100
2009-05-07,19.96,19.99,19.14,19.32,14.1173,68727200
2009-05-08,19.46,19.64,19.14,19.42,14.1904,67597600
2009-05-11,19.2,19.73,19.01,19.32,14.1173,63762600
2009-05-12,19.51,20.06,19.47,19.89,14.5338,71966800
2009-05-13,19.92,20.0,19.67,19.75,14.4315,49281700
2009-05-14,19.83,20.23,19.8,20.06,14.658,54539500
2009-05-15,20.13,20.5,19.98,20.22,14.775,61289900
2009-05-18,20.36,20.6,20.24,20.6,15.0526,46073800
2009-05-19,20.51,20.74,20.25,20.31,14.935,51368300
2009-05-20,20.41,20.69,20.22,20.38,14.9864,47450700
2009-05-21,20.14,20.23,19.51,19.82,14.5746,58232800
2009-05-22,19.93,20.17,19.47,19.75,14.5232,37318700
2009-05-26,19.54,20.45,19.45,20.34,14.957,44991700
2009-05-27,20.25,20.6,20.07,20.13,14.8026,42892900
2009-05-28,20.32,20.63,20.05,20.45,15.0379,45480800
2009-05-29,20.56,20.94,20.3,20.89,15.3615,46134900
2009-06-01,21.0,21.5,20.86,21.4,15.7365,57317100
2009-06-02,21.36,21.98,21.2,21.4,15.7365,48935700
2009-06-03,21.31,21.76,21.29,21.73,15.9792,56039600
2009-06-04,21.77,21.9,21.58,21.83,16.0527,42330000
2009-06-05,21.96,22.31,21.81,22.14,16.2807,59579200
2009-06-08,21.98,22.32,21.63,22.05,16.2145,49000600
2009-06-09,22.06,22.32,21.88,22.08,16.2365,50887700
2009-06-10,22.17,22.62,22.12,22.55,16.5822,61297200
2009-06-11,22.59,23.26,22.57,22.83,16.7881,65124600
2009-06-12,22.9,23.38,22.74,23.33,17.1557,50963500
2009-06-15,23.23,23.54,23.02,23.42,17.2219,69089600
2009-06-16,23.47,24.11,23.44,23.45,17.244,105295600
2009-06-17,23.5,23.82,23.17,23.68,17.4131,86483100
2009-06-18,23.62,23.69,23.3,23.5,17.2807,58852200
2009-06-19,24.04,24.34,23.75,24.07,17.6999,115459000
2009-06-22,23.95,23.95,23.25,23.28,17.119,71291600
2009-06-23,23.38,23.66,23.21,23.34,17.1631,56752700
2009-06-24,23.45,23.75,23.36,23.47,17.2587,54287700
2009-06-25,23.43,23.92,23.2,23.79,17.494,57724300
2009-06-26,23.57,23.69,23.32,23.35,17.1704,65126400
2009-06-29,23.6,24.03,23.55,23.86,17.5455,62854900
2009-06-30,23.97,24.24,23.63,23.77,17.4793,66452400
2009-07-01,24.05,24.3,23.96,24.04,17.6778,54908400
2009-07-02,23.76,24.04,23.21,23.37,17.1851,65422200
2009-07-06,23.21,23.28,22.87,23.2,17.0601,49207700
2009-07-07,23.08,23.14,22.46,22.53,16.5674,52842500
2009-07-08,22.31,22.69,22.0,22.56,16.5895,73023400
2009-07-09,22.65,22.81,22.37,22.44,16.5013,46981200
2009-07-10,22.19,22.54,22.15,22.39,16.4645,43229200
2009-07-13,22.42,23.29,22.14,23.23,17.0822,67584000
2009-07-14,23.2,23.22,22.86,23.11,16.994,45448700
2009-07-15,23.75,24.12,23.56,24.12,17.7367,67238700
2009-07-16,23.93,24.44,23.86,24.44,17.972,64555100
2009-07-17,24.4,24.45,24.1,24.29,17.8617,52860100
2009-07-20,24.44,24.53,24.15,24.53,18.0381,47798000
2009-07-21,24.69,24.83,24.37,24.83,18.2588,52028400
2009-07-22,24.7,24.9,24.51,24.8,18.2367,66192500
2009-07-23,24.93,25.72,24.84,25.56,18.7956,106060500
2009-07-24,23.61,23.89,22.81,23.45,17.244,215135700
2009-07-27,23.44,23.45,22.9,23.11,16.994,80950000
2009-07-28,22.99,23.55,22.9,23.47,17.2587,70288400
2009-07-29,23.73,23.91,23.34,23.8,17.5013,73626900
2009-07-30,24.2,24.43,23.71,23.81,17.5087,67820000
2009-07-31,23.77,24.07,23.5,23.52,17.2954,54258200
2009-08-03,23.82,23.86,23.5,23.83,17.5234,46902900
2009-08-04,23.68,23.79,23.53,23.77,17.4793,49218300
2009-08-05,23.84,24.25,23.79,23.81,17.5087,53310300
2009-08-06,23.93,23.98,23.27,23.46,17.2513,59686000
2009-08-07,23.75,23.82,23.5,23.56,17.3249,46169700
2009-08-10,23.46,23.55,23.3,23.42,17.2219,35261900
2009-08-11,23.32,23.4,23.05,23.13,17.0087,33615800
2009-08-12,23.13,23.9,23.03,23.53,17.3028,61972300
2009-08-13,23.63,23.85,23.4,23.62,17.369,38954500
2009-08-14,23.62,23.8,23.51,23.69,17.4205,46330200
2009-08-17,23.32,23.6,23.23,23.25,17.0969,42474400
2009-08-18,23.29,23.65,23.27,23.58,17.4371,38878900
2009-08-19,23.25,23.72,23.25,23.65,17.4888,41821300
2009-08-20,23.6,23.87,23.54,23.67,17.5036,39505900
2009-08-21,23.93,24.42,23.77,24.41,18.0508,69011400
2009-08-24,24.41,24.73,24.28,24.64,18.2209,54180900
2009-08-25,24.6,24.82,24.46,24.64,18.2209,43980300
2009-08-26,24.59,24.75,24.42,24.55,18.1544,41079000
2009-08-27,24.41,24.78,24.3,24.69,18.2579,45495600
2009-08-28,25.07,25.49,24.61,24.68,18.2505,55808000
2009-08-31,24.57,24.85,24.29,24.65,18.2283,49592800
2009-09-01,24.35,24.74,23.9,24.0,17.7476,62608500
2009-09-02,23.82,24.14,23.78,23.86,17.6441,40771300
2009-09-03,23.91,24.14,23.76,24.11,17.829,34120000
2009-09-04,24.09,24.8,24.08,24.62,18.2061,44999700
2009-09-08,24.62,24.84,24.41,24.82,18.354,53737100
2009-09-09,24.74,24.95,24.67,24.78,18.3244,49900300
2009-09-10,24.8,25.05,24.65,25.0,18.4871,46256000
2009-09-11,24.93,25.17,24.81,24.86,18.3836,54303500
2009-09-14,24.65,25.09,24.64,25.0,18.4871,42806800
2009-09-15,24.97,25.27,24.86,25.2,18.635,44716600
2009-09-16,25.25,25.35,24.95,25.2,18.635,50055800
2009-09-17,25.06,25.38,25.06,25.3,18.709,42428800
2009-09-18,25.46,25.48,25.1,25.26,18.6794,68016500
2009-09-21,25.11,25.37,25.1,25.3,18.709,28878700
2009-09-22,25.4,25.82,25.29,25.77,19.0565,61376700
2009-09-23,25.92,26.25,25.64,25.71,19.0122,60599900
2009-09-24,25.92,26.11,25.66,25.94,19.1822,56302900
2009-09-25,25.69,25.82,25.52,25.55,18.8938,50158900
2009-09-28,25.6,26.16,25.6,25.83,19.1009,44358000
2009-09-29,25.91,25.96,25.69,25.75,19.0417,39050300
2009-09-30,25.76,25.99,25.38,25.72,19.0196,63533400
2009-10-01,25.41,25.47,24.8,24.88,18.3984,75958100
2009-10-02,24.46,25.09,24.43,24.96,18.4576,51219700
2009-10-05,24.98,25.06,24.52,24.64,18.2209,60804900
2009-10-06,24.68,25.21,24.66,25.11,18.5685,48795300
2009-10-07,24.99,25.18,24.88,25.1,18.5611,38472700
2009-10-08,25.44,25.9,25.22,25.67,18.9826,60521300
2009-10-09,25.57,25.79,25.46,25.55,18.8938,39520000
2009-10-12,25.66,25.89,25.55,25.72,19.0196,29145800
2009-10-13,25.59,25.94,25.52,25.81,19.0861,37749000
2009-10-14,26.14,26.2,25.82,25.96,19.197,45365500
2009-10-15,25.9,26.71,25.9,26.71,19.7517,65620100
2009-10-16,26.45,26.63,26.1,26.5,19.5964,56500900
2009-10-19,26.49,26.58,26.25,26.36,19.4928,48143200
2009-10-20,26.42,26.51,25.94,26.37,19.5002,54604700
2009-10-21,26.46,26.75,26.39,26.58,19.6555,61672700
2009-10-22,26.56,26.72,26.13,26.59,19.6629,61600000
2009-10-23,29.2,29.35,27.88,28.02,20.7204,281761000
2009-10-26,28.13,29.02,28.11,28.68,21.2084,124149700
2009-10-27,28.73,28.88,28.44,28.59,21.1419,69685800
2009-10-28,28.24,28.77,27.95,28.02,20.7204,73542400
2009-10-29,28.07,28.41,27.85,28.22,20.8683,65225500
2009-10-30,28.03,28.4,27.66,27.73,20.5059,73371800
2009-11-02,27.7,28.05,27.41,27.88,20.6168,62428900
2009-11-03,27.64,27.74,27.43,27.53,20.358,50294800
2009-11-04,27.69,28.39,27.62,28.06,20.75,63898400
2009-11-05,28.52,28.74,28.28,28.47,21.0531,52681700
2009-11-06,28.38,28.63,28.2,28.52,21.0901,38908500
2009-11-09,28.62,29.0,28.53,28.99,21.4377,57518000
2009-11-10,28.9,29.28,28.81,29.01,21.4525,65881100
2009-11-11,29.08,29.3,29.02,29.12,21.5338,49693400
2009-11-12,29.01,29.49,29.0,29.36,21.7113,55352400
2009-11-13,29.47,29.79,29.37,29.63,21.9109,53037600
2009-11-16,29.61,29.8,29.37,29.54,21.8444,54129500
2009-11-17,29.5,30.0,29.47,30.0,22.2826,75648900
2009-11-18,30.0,30.14,29.81,30.11,22.3643,59431200
2009-11-19,29.99,30.0,29.7,29.78,22.1192,51967700
2009-11-20,29.66,29.77,29.43,29.62,22.0004,42647100
2009-11-23,29.84,30.01,29.7,29.94,22.2381,41832700
2009-11-24,29.95,29.99,29.75,29.91,22.2158,37341400
2009-11-25,29.81,29.86,29.58,29.79,22.1266,32033500
2009-11-27,29.11,29.39,28.75,29.22,21.7033,29357900
2009-11-30,29.15,29.45,29.0,29.41,21.8444,44172000
2009-12-01,29.52,30.05,29.41,30.01,22.29,49904200
2009-12-02,29.9,29.99,29.65,29.78,22.1192,36308600
2009-12-03,29.84,30.2,29.76,29.83,22.1564,43095200
2009-12-04,30.05,30.37,29.83,29.98,22.2678,58810700
2009-12-07,29.78,30.08,29.68,29.79,22.1266,38082700
2009-12-08,29.52,29.74,29.38,29.57,21.9632,37402200
2009-12-09,29.47,29.81,29.25,29.71,22.0672,44713300
2009-12-10,29.71,29.96,29.66,29.87,22.1861,45940200
2009-12-11,29.97,30.0,29.79,29.85,22.1712,43744200
2009-12-14,29.91,30.16,29.9,30.11,22.3643,34651200
2009-12-15,29.89,30.21,29.88,30.02,22.2975,49473200
2009-12-16,30.07,30.41,30.04,30.1,22.3569,55737800
2009-12-17,29.95,29.96,29.57,29.6,21.9855,43691200
2009-12-18,29.84,30.45,29.8,30.36,22.55,94118000
2009-12-21,30.4,30.84,30.37,30.52,22.6689,40129100
2009-12-22,30.6,30.93,30.54,30.82,22.8917,36321000
2009-12-23,30.71,30.95,30.69,30.92,22.966,28362700
2009-12-24,30.88,31.0,30.76,31.0,23.0254,11083900
2009-12-28,31.0,31.18,30.89,31.17,23.1516,25384000
2009-12-29,31.35,31.5,31.23,31.39,23.315,29716200
2009-12-30,31.15,31.29,30.8,30.96,22.9957,42006200
2009-12-31,30.98,30.99,30.48,30.48,22.6391,31929700
2010-01-04,30.62,31.1,30.59,30.95,22.9882,38409100
2010-01-05,30.85,31.1,30.64,30.96,22.9957,49749600
2010-01-06,30.88,31.08,30.52,30.77,22.8545,58182400
2010-01-07,30.63,30.7,30.19,30.45,22.6169,50559700
2010-01-08,30.28,30.88,30.24,30.66,22.7728,51197400
2010-01-11,30.71,30.76,30.12,30.27,22.4832,68754700
2010-01-12,30.15,30.4,29.91,30.07,22.3346,65912100
2010-01-13,30.26,30.52,30.01,30.35,22.5426,51863500
2010-01-14,30.31,31.1,30.26,30.96,22.9957,63228100
2010-01-15,31.08,31.24,30.71,30.86,22.9214,79913200
2010-01-19,30.75,31.24,30.68,31.1,23.0996,46575700
2010-01-20,30.81,30.94,30.31,30.59,22.7208,54849500
2010-01-21,30.61,30.72,30.0,30.01,22.29,73086700
2010-01-22,30.0,30.2,28.84,28.96,21.5102,102004600
2010-01-25,29.24,29.66,29.1,29.32,21.7775,63373000
2010-01-26,29.2,29.85,29.09,29.5,21.9112,66639900
2010-01-27,29.35,29.82,29.02,29.67,22.0375,63949500
2010-01-28,29.84,29.87,28.89,29.16,21.6587,117513700
2010-01-29,29.9,29.92,27.66,28.18,20.9308,193888500
2010-02-01,28.39,28.48,27.92,28.41,21.1016,85931100
2010-02-02,28.37,28.5,28.14,28.46,21.1388,54413700
2010-02-03,28.26,28.79,28.12,28.63,21.265,61397900
2010-02-04,28.38,28.5,27.81,27.84,20.6783,77850000
2010-02-05,28.0,28.28,27.57,28.02,20.812,80960100
2010-02-08,28.01,28.08,27.57,27.72,20.5891,52820600
2010-02-09,27.97,28.34,27.75,28.01,20.8045,59195800
2010-02-10,28.03,28.24,27.84,27.99,20.7897,48591300
2010-02-11,27.93,28.4,27.7,28.12,20.8862,65993700
2010-02-12,27.81,28.06,27.58,27.93,20.7451,81117200
2010-02-16,28.13,28.37,28.02,28.35,21.1555,51935600
2010-02-17,28.53,28.65,28.36,28.59,21.3346,45882900
2010-02-18,28.59,29.03,28.51,28.97,21.6182,42856500
2010-02-19,28.79,28.92,28.69,28.77,21.469,44451800
2010-02-22,28.84,28.94,28.65,28.73,21.4391,36707100
2010-02-23,28.68,28.83,28.09,28.33,21.1406,52266200
2010-02-24,28.52,28.79,28.38,28.63,21.3645,43165900
2010-02-25,28.27,28.65,28.02,28.6,21.3421,48735300
2010-02-26,28.65,28.85,28.51,28.67,21.3943,40370600
2010-03-01,28.77,29.05,28.53,29.02,21.6555,43805400
2010-03-02,29.08,29.3,28.24,28.46,21.2376,93123900
2010-03-03,28.51,28.61,28.35,28.46,21.2376,48442100
2010-03-04,28.46,28.65,28.27,28.63,21.3645,42890600
2010-03-05,28.66,28.68,28.42,28.59,21.3346,56001800
2010-03-08,28.52,28.93,28.5,28.63,21.3645,39414500
2010-03-09,28.56,29.11,28.55,28.8,21.4913,50271600
2010-03-10,28.86,29.11,28.8,28.97,21.6182,44891400
2010-03-11,28.89,29.19,28.85,29.18,21.7749,35349700
2010-03-12,29.32,29.38,29.04,29.27,21.8421,31700200
2010-03-15,29.18,29.37,29.01,29.29,21.857,37512000
2010-03-16,29.42,29.49,29.2,29.37,21.9167,36723500
2010-03-17,29.5,29.87,29.4,29.63,22.1107,50385700
2010-03-18,29.63,29.72,29.5,29.61,22.0958,43845200
2010-03-19,29.76,29.9,29.35,29.59,22.0809,81332100
2010-03-22,29.5,29.7,29.39,29.6,22.0883,37718200
2010-03-23,29.59,29.9,29.41,29.88,22.2973,42026600
2010-03-24,29.72,29.85,29.6,29.65,22.1256,33987700
2010-03-25,29.83,30.57,29.8,30.01,22.3943,73168700
2010-03-26,30.09,30.2,29.59,29.66,22.1331,55595500
2010-03-29,29.71,29.82,29.55,29.59,22.0809,33336000
2010-03-30,29.63,29.86,29.5,29.77,22.2152,34954800
2010-03-31,29.64,29.72,29.17,29.29,21.857,63760000
2010-04-01,29.35,29.54,28.62,29.16,21.76,74768100
2010-04-05,29.13,29.43,29.03,29.27,21.8421,34331200
2010-04-06,29.15,29.58,28.98,29.32,21.8794,47366800
2010-04-07,29.16,29.56,29.14,29.35,21.9018,58318800
2010-04-08,29.32,29.98,29.3,29.92,22.3271,63713800
2010-04-09,29.95,30.41,29.9,30.34,22.6405,54752500
2010-04-12,30.25,30.49,30.21,30.32,22.6256,37068800
2010-04-13,30.15,30.5,30.13,30.45,22.7226,41374600
2010-04-14,30.79,31.0,30.66,30.82,22.9987,68941200
2010-04-15,30.82,30.95,30.71,30.87,23.036,52745400
2010-04-16,30.79,30.98,30.6,30.67,22.8868,88703100
2010-04-19,30.77,31.25,30.76,31.04,23.1629,64970300
2010-04-20,31.22,31.44,31.13,31.36,23.4017,52199500
2010-04-21,31.33,31.5,31.23,31.33,23.3793,55343100
2010-04-22,31.04,31.53,30.9,31.39,23.4241,84847600
2010-04-23,31.12,31.58,30.65,30.96,23.1032,126766600
2010-04-26,31.0,31.28,30.86,31.11,23.2151,63649300
2010-04-27,30.95,31.25,30.75,30.85,23.0211,68730900
2010-04-28,30.92,31.0,30.62,30.91,23.0659,64557900
2010-04-29,30.93,31.43,30.67,31.0,23.133,52665200
2010-04-30,31.07,31.08,30.52,30.54,22.7898,63214800
2010-05-03,30.67,31.06,30.58,30.86,23.0286,43989500
2010-05-04,30.52,30.55,29.75,30.13,22.4838,82085600
2010-05-05,29.77,30.09,29.69,29.85,22.2749,66833800
2010-05-06,29.59,29.88,27.91,28.98,21.6257,128613000
2010-05-07,28.93,28.95,27.32,28.21,21.0511,173718100
2010-05-10,29.01,29.48,28.71,28.94,21.5958,86653300
2010-05-11,28.68,29.65,28.57,28.88,21.551,63789400
2010-05-12,28.98,29.58,28.92,29.44,21.9689,47146800
2010-05-13,29.26,29.73,29.18,29.24,21.8197,45188800
2010-05-14,29.2,29.21,28.64,28.93,21.5884,63334000
2010-05-17,29.12,29.23,28.45,28.94,21.5958,46053300
2010-05-18,28.87,29.0,28.4,28.6,21.4384,52690600
2010-05-19,28.52,28.69,27.79,28.24,21.1685,61746700
2010-05-20,27.65,27.84,27.04,27.11,20.3215,87991100
2010-05-21,26.63,27.11,26.44,26.84,20.1191,117596300
2010-05-24,26.85,26.86,26.26,26.27,19.6918,73711700
2010-05-25,25.65,26.33,25.38,26.07,19.5419,98373600
2010-05-26,26.23,26.61,24.56,25.01,18.7474,176684100
2010-05-27,25.73,26.36,25.73,26.0,19.4895,136433600
2010-05-28,25.84,26.12,25.66,25.8,19.3395,67496900
2010-06-01,25.53,26.31,25.52,25.89,19.407,76152400
2010-06-02,26.06,26.48,25.73,26.46,19.8343,65718800
2010-06-03,26.55,26.93,26.41,26.86,20.1341,67837000
2010-06-04,26.1,26.57,25.62,25.79,19.332,89832200
2010-06-07,25.82,25.83,25.24,25.29,18.9572,80456200
2010-06-08,25.25,25.26,24.65,25.11,18.8223,87355000
2010-06-09,25.22,25.52,24.75,24.79,18.5824,87794000
2010-06-10,25.13,25.15,24.78,25.0,18.7399,78930900
2010-06-11,25.04,25.72,24.77,25.66,19.2346,68057700
2010-06-14,25.86,25.96,25.47,25.5,19.1147,50972400
2010-06-15,25.75,26.65,25.74,26.58,19.9242,81641500
2010-06-16,26.47,26.58,26.23,26.32,19.7293,48698000
2010-06-17,26.56,26.67,26.04,26.37,19.7668,47995500
2010-06-18,26.37,26.53,26.17,26.44,19.8193,52075600
2010-06-21,26.78,26.89,25.89,25.95,19.452,54625300
2010-06-22,26.16,26.45,25.76,25.77,19.3171,55985400
2010-06-23,25.78,25.78,25.22,25.31,18.9722,61466200
2010-06-24,25.46,25.72,24.93,25.0,18.7399,85243400
2010-06-25,25.05,25.11,24.31,24.53,18.3876,156256700
2010-06-28,24.51,24.61,24.12,24.31,18.2226,73784800
2010-06-29,24.13,24.2,23.11,23.31,17.473,119882100
2010-06-30,23.3,23.68,22.95,23.01,17.2482,81050500
2010-07-01,23.09,23.32,22.73,23.16,17.3606,92239400
2010-07-02,23.36,23.48,23.05,23.27,17.4431,62485100
2010-07-06,23.7,24.09,23.58,23.82,17.8553,73592000
2010-07-07,23.82,24.32,23.61,24.3,18.2151,79965300
2010-07-08,24.6,24.62,23.97,24.41,18.2976,50758100
2010-07-09,24.33,24.41,24.15,24.27,18.1927,53806100
2010-07-12,24.43,24.89,24.42,24.83,18.6124,49854200
2010-07-13,25.14,25.3,24.9,25.13,18.8373,61928700
2010-07-14,25.5,25.61,25.12,25.44,19.0697,72808100
2010-07-15,25.5,25.59,24.98,25.51,19.1222,56934700
2010-07-16,25.51,25.64,24.88,24.89,18.6574,65064800
2010-07-19,24.96,25.3,24.91,25.23,18.9123,38181800
2010-07-20,24.86,25.48,24.7,25.48,19.0997,45530700
2010-07-21,25.6,25.65,24.98,25.12,18.8298,73297300
2010-07-22,25.51,25.99,25.47,25.84,19.3695,73016400
2010-07-23,25.84,26.02,25.25,25.81,19.347,108520100
2010-07-26,25.86,26.2,25.8,26.1,19.5644,67249900
2010-07-27,26.14,26.24,25.96,26.16,19.6094,60672100
2010-07-28,26.07,26.19,25.83,25.95,19.452,69704800
2010-07-29,26.13,26.41,25.6,26.03,19.5119,69446200
2010-07-30,25.75,25.84,25.35,25.81,19.347,83534800
2010-08-02,25.99,26.38,25.75,26.33,19.7368,55044600
2010-08-03,26.2,26.35,25.97,26.16,19.6094,56877700
2010-08-04,26.15,26.24,25.44,25.73,19.2871,78531900
2010-08-05,25.49,25.58,25.21,25.37,19.0172,64922100
2010-08-06,25.18,25.56,25.02,25.55,19.1521,55982100
2010-08-09,25.55,25.73,25.37,25.61,19.1971,57096500
2010-08-10,25.33,25.34,24.88,25.07,18.7923,87257700
2010-08-11,24.68,24.9,24.56,24.86,18.6349,76746900
2010-08-12,24.42,24.68,24.36,24.49,18.3576,70240500
2010-08-13,24.35,24.67,24.24,24.4,18.2901,45263500
2010-08-16,24.36,24.61,24.3,24.5,18.3651,40909700
2010-08-17,24.71,24.96,24.6,24.71,18.6213,52912600
2010-08-18,24.68,24.95,24.41,24.82,18.7042,46818900
2010-08-19,24.62,24.74,24.21,24.44,18.4178,54064600
2010-08-20,24.31,24.4,24.2,24.23,18.2596,49560100
2010-08-23,24.44,24.64,24.24,24.28,18.2972,51643000
2010-08-24,24.09,24.35,24.0,24.04,18.1164,66522500
2010-08-25,24.0,24.22,23.87,24.1,18.1616,47404800
2010-08-26,24.09,24.19,23.79,23.82,17.9506,49105300
2010-08-27,23.88,24.02,23.51,23.93,18.0335,60939400
2010-08-30,23.74,23.82,23.6,23.64,17.8149,45453100
2010-08-31,23.6,23.73,23.32,23.47,17.6868,66074600
2010-09-01,23.67,23.95,23.54,23.9,18.0109,65235900
2010-09-02,23.88,23.95,23.71,23.94,18.041,48837100
2010-09-03,24.24,24.45,24.2,24.29,18.3048,64189100
2010-09-07,24.1,24.3,23.92,23.96,18.0561,51928700
2010-09-08,24.07,24.2,23.74,23.93,18.0335,65512400
2010-09-09,24.19,24.21,23.99,24.01,18.0938,46028900
2010-09-10,23.98,24.03,23.79,23.85,17.9732,58284300
2010-09-13,24.2,25.29,24.09,25.11,18.9227,114680400
2010-09-14,25.04,25.35,24.89,25.03,18.8624,87160400
2010-09-15,25.1,25.22,24.92,25.12,18.9303,56201900
2010-09-16,25.06,25.37,25.05,25.33,19.0885,44548300
2010-09-17,25.4,25.53,25.08,25.22,19.0056,70341600
2010-09-20,25.28,25.52,25.11,25.43,19.1639,49838700
2010-09-21,25.42,25.42,25.08,25.15,18.9529,52675700
2010-09-22,24.89,24.97,24.36,24.61,18.5459,94299400
2010-09-23,24.51,24.59,24.36,24.43,18.4103,46201800
2010-09-24,24.64,24.8,24.58,24.78,18.674,51948800
2010-09-27,24.85,24.99,24.59,24.73,18.6364,43603300
2010-09-28,24.8,24.9,24.35,24.68,18.5987,56041200
2010-09-29,24.63,24.66,24.4,24.5,18.463,44318900
2010-09-30,24.61,24.83,24.36,24.49,18.4555,61262700
2010-10-01,24.77,24.82,24.3,24.38,18.3726,62672300
2010-10-04,23.96,23.99,23.78,23.91,18.0184,98143400
2010-10-05,24.06,24.45,23.91,24.35,18.35,78152900
2010-10-06,24.32,24.54,24.13,24.43,18.4103,50489700
2010-10-07,24.62,24.75,24.28,24.53,18.4856,50096100
2010-10-08,24.62,24.65,24.37,24.57,18.5158,41327800
2010-10-11,24.74,24.74,24.5,24.59,18.5309,27587800
2010-10-12,24.65,24.93,24.43,24.83,18.7117,50141500
2010-10-13,25.02,25.54,24.89,25.34,19.0961,75336500
2010-10-14,25.29,25.34,25.0,25.23,19.0132,51949100
2010-10-15,25.36,25.55,25.23,25.54,19.2468,68954800
2010-10-18,25.59,25.95,25.45,25.82,19.4578,48330500
2010-10-19,25.27,25.37,24.95,25.1,18.9152,66150900
2010-10-20,25.26,25.4,25.1,25.31,19.0734,56283600
2010-10-21,25.4,25.54,25.05,25.42,19.1563,50032400
2010-10-22,25.52,25.54,25.27,25.38,19.1262,25837900
2010-10-25,25.24,25.35,25.17,25.19,18.983,50912400
2010-10-26,25.12,25.97,25.06,25.9,19.5181,69304200
2010-10-27,25.79,26.11,25.62,26.05,19.6311,64805500
2010-10-28,26.21,26.38,25.92,26.28,19.8044,80730300
2010-10-29,27.15,27.2,26.48,26.67,20.0983,114193200
2010-11-01,26.88,27.22,26.7,26.95,20.3093,61912100
2010-11-02,27.06,27.42,27.02,27.39,20.6409,54402100
2010-11-03,27.46,27.49,26.96,27.03,20.3696,110255300
2010-11-04,27.41,27.43,27.01,27.14,20.4525,93599300
2010-11-05,27.17,27.19,26.53,26.85,20.234,110953700
2010-11-08,26.68,28.87,26.58,26.81,20.2038,71670800
2010-11-09,26.81,27.11,26.71,26.95,20.3093,58538600
2010-11-10,27.01,27.08,26.81,26.94,20.3018,52277300
2010-11-11,26.68,26.72,26.28,26.68,20.1059,62073100
2010-11-12,26.47,26.52,26.1,26.27,19.7969,64962200
2010-11-15,26.33,26.5,26.17,26.2,19.7441,51794600
2010-11-16,26.04,26.04,25.65,25.81,19.5698,65339200
2010-11-17,25.9,25.91,25.55,25.57,19.3878,58299700
2010-11-18,25.71,26.08,25.61,25.84,19.5925,59514000
2010-11-19,25.8,25.83,25.6,25.69,19.4788,52423200
2010-11-22,25.65,25.74,25.44,25.73,19.5091,53350500
2010-11-23,25.57,25.6,25.09,25.12,19.0466,69742500
2010-11-24,25.2,25.46,25.16,25.37,19.2361,56825900
2010-11-26,25.21,25.41,25.17,25.25,19.1451,21356500
2010-11-29,25.19,25.42,24.93,25.31,19.1906,56603600
2010-11-30,25.05,25.47,25.0,25.26,19.1527,75282100
2010-12-01,25.57,26.25,25.56,26.04,19.7441,74123500
2010-12-02,26.24,26.98,26.2,26.89,20.3886,91759200
2010-12-03,26.81,27.06,26.78,27.02,20.4872,52622000
2010-12-06,26.93,26.98,26.76,26.84,20.3507,36264200
2010-12-07,27.08,27.13,26.85,26.87,20.3735,57860500
2010-12-08,26.83,27.24,26.8,27.23,20.6464,41666800
2010-12-09,27.28,27.34,27.01,27.08,20.5327,47148300
2010-12-10,27.19,27.4,27.11,27.34,20.7298,37625800
2010-12-13,27.27,27.45,27.17,27.25,20.6616,47943900
2010-12-14,27.31,27.75,27.26,27.62,20.9421,64070500
2010-12-15,27.53,27.99,27.53,27.85,21.1165,69634200
2010-12-16,27.76,27.99,27.66,27.99,21.2227,57680200
2010-12-17,27.92,28.09,27.75,27.9,21.1544,87456500
2010-12-20,27.95,27.99,27.68,27.81,21.0862,52811000
2010-12-21,27.85,28.14,27.76,28.07,21.2833,38153000
2010-12-22,28.01,28.4,27.98,28.19,21.3743,42252300
2010-12-23,27.97,28.32,27.96,28.3,21.4577,24902500
2010-12-27,28.12,28.2,27.88,28.07,21.2833,21652800
2010-12-28,27.97,28.17,27.96,28.01,21.2378,23042200
2010-12-29,27.94,28.12,27.88,27.97,21.2075,19502500
2010-12-30,27.92,28.0,27.78,27.85,21.1165,20786100
2010-12-31,27.8,27.92,27.63,27.91,21.162,24752000
2011-01-03,28.05,28.18,27.92,27.98,21.2151,53443800
2011-01-04,27.94,28.17,27.85,28.09,21.2985,54405600
2011-01-05,27.9,28.01,27.77,28.0,21.2303,58998700
2011-01-06,28.04,28.85,27.86,28.82,21.852,88026300
2011-01-07,28.64,28.74,28.25,28.6,21.6852,73762000
2011-01-10,28.26,28.4,28.04,28.22,21.3971,57573600
2011-01-11,28.2,28.25,28.05,28.11,21.3137,50298900
2011-01-12,28.12,28.59,28.07,28.55,21.6473,52631100
2011-01-13,28.33,28.39,28.01,28.19,21.3743,67077600
2011-01-14,28.08,28.38,27.91,28.3,21.4577,62688400
2011-01-18,28.16,28.74,28.14,28.66,21.7307,53322700
2011-01-19,28.46,28.68,28.27,28.47,21.5866,50005900
2011-01-20,28.5,28.55,28.13,28.35,21.4956,58613600
2011-01-21,28.4,28.43,28.02,28.02,21.2454,58080300
2011-01-24,28.02,28.56,27.99,28.38,21.5184,52047800
2011-01-25,28.14,28.45,28.12,28.45,21.5715,42436600
2011-01-26,28.51,28.99,28.5,28.78,21.8217,74628800
2011-01-27,28.75,29.46,28.49,28.87,21.8899,146938600
2011-01-28,28.9,28.93,27.45,27.75,21.0407,141249400
2011-01-31,27.77,27.9,27.42,27.73,21.0255,65029000
2011-02-01,27.8,28.06,27.61,27.99,21.2227,62810700
2011-02-02,27.93,28.11,27.88,27.94,21.1848,45824000
2011-02-03,27.97,27.97,27.54,27.65,20.9649,60340100
2011-02-04,27.7,27.84,27.51,27.77,21.0559,40412200
2011-02-07,27.8,28.34,27.79,28.2,21.3819,68980900
2011-02-08,28.1,28.34,28.05,28.28,21.4426,34904200
2011-02-09,28.19,28.26,27.91,27.97,21.2075,52905100
2011-02-10,27.93,27.94,27.29,27.5,20.8511,76672400
2011-02-11,27.76,27.81,27.07,27.25,20.6616,83939700
2011-02-14,27.21,27.27,26.95,27.23,20.6464,56766200
2011-02-15,27.04,27.33,26.95,26.96,20.5625,44116500
2011-02-16,27.05,27.07,26.6,27.02,20.6083,70817900
2011-02-17,26.97,27.37,26.91,27.21,20.7532,57207300
2011-02-18,27.13,27.21,26.99,27.06,20.6388,68667800
2011-02-22,26.78,27.1,26.52,26.59,20.2803,60889000
2011-02-23,26.53,26.86,26.43,26.59,20.2803,60234100
2011-02-24,26.64,27.06,26.5,26.77,20.4176,64494200
2011-02-25,26.91,26.95,26.5,26.55,20.2498,53006300
2011-02-28,26.69,26.86,26.51,26.58,20.2727,51379900
2011-03-01,26.6,26.78,26.15,26.16,19.9524,60055000
2011-03-02,26.11,26.37,26.04,26.08,19.8913,48658200
2011-03-03,26.26,26.4,26.18,26.2,19.9829,68271500
2011-03-04,26.22,26.24,25.8,25.95,19.7922,70437200
2011-03-07,26.13,26.27,25.55,25.72,19.6168,64980400
2011-03-08,25.77,26.02,25.65,25.91,19.7617,50549800
2011-03-09,25.81,25.98,25.66,25.89,19.7464,39789100
2011-03-10,25.62,25.71,25.35,25.41,19.3803,66549500
2011-03-11,25.41,25.85,25.36,25.68,19.5863,49905800
2011-03-14,25.49,25.76,25.35,25.69,19.5939,54473400
2011-03-15,25.08,25.47,25.0,25.39,19.3651,76067300
2011-03-16,25.22,25.28,24.68,24.79,18.9075,100725400
2011-03-17,25.06,25.22,24.75,24.78,18.8998,62497000
2011-03-18,25.06,25.18,24.8,24.8,18.9151,85486700
2011-03-21,25.18,25.58,25.15,25.33,19.3193,46878100
2011-03-22,25.3,25.46,25.23,25.3,19.2964,30895600
2011-03-23,25.23,25.61,25.18,25.54,19.4795,43969000
2011-03-24,25.6,25.87,25.5,25.81,19.6854,38696700
2011-03-25,25.93,25.95,25.59,25.62,19.5405,57029800
2011-03-28,25.66,25.72,25.38,25.41,19.3803,48973200
2011-03-29,25.34,25.52,25.3,25.49,19.4414,40763500
2011-03-30,25.6,25.72,25.5,25.61,19.5329,41999300
2011-03-31,25.6,25.68,25.34,25.39,19.3651,63233700
2011-04-01,25.53,25.53,25.31,25.48,19.4337,63114200
2011-04-04,25.45,25.66,25.41,25.55,19.4871,35433700
2011-04-05,25.82,26.18,25.74,25.78,19.6625,73651100
2011-04-06,25.98,26.31,25.86,26.15,19.9447,65581400
2011-04-07,26.19,26.26,25.97,26.2,19.9829,46134700
2011-04-08,26.17,26.28,25.96,26.07,19.8837,39887600
2011-04-11,26.19,26.25,25.8,25.98,19.8151,34286300
2011-04-12,25.83,25.85,25.55,25.64,19.5558,36920400
2011-04-13,25.65,25.87,25.56,25.63,19.5481,38144700
2011-04-14,25.42,25.44,25.09,25.42,19.388,55239900
2011-04-15,25.46,25.56,25.18,25.37,19.3498,65080400
2011-04-18,25.1,25.28,24.72,25.08,19.1286,58045100
2011-04-19,25.0,25.17,24.87,25.15,19.182,38892400
2011-04-20,25.54,26.0,25.51,25.76,19.6473,61608600
2011-04-21,25.79,25.89,25.36,25.52,19.4642,46892300
2011-04-25,25.56,25.62,25.34,25.61,19.5329,33525100
2011-04-26,25.74,26.44,25.67,26.19,19.9752,69200000
2011-04-27,26.3,26.39,26.13,26.38,20.1202,52689000
2011-04-28,26.46,26.87,26.4,26.71,20.3719,80200000
2011-04-29,26.55,26.64,25.36,25.92,19.7693,319317900
2011-05-02,25.94,26.0,25.48,25.66,19.571,89825600
2011-05-03,25.6,25.85,25.49,25.81,19.6854,71892900
2011-05-04,25.85,26.25,25.79,26.06,19.8761,73292300
2011-05-05,26.05,26.08,25.68,25.79,19.6702,55600000
2011-05-06,26.07,26.22,25.75,25.87,19.7312,55993000
2011-05-09,25.8,25.96,25.67,25.83,19.7007,38696400
2011-05-10,25.38,25.85,25.25,25.67,19.5786,120798700
2011-05-11,25.65,25.66,25.21,25.36,19.3422,78600000
2011-05-12,25.35,25.39,25.1,25.32,19.3117,77400000
2011-05-13,25.28,25.32,24.95,25.03,19.0905,66812300
2011-05-16,24.96,25.07,24.5,24.57,18.7397,91350900
2011-05-17,24.4,24.7,24.27,24.52,18.8241,82882100
2011-05-18,24.53,24.74,24.25,24.69,18.9546,53931100
2011-05-19,24.85,24.88,24.5,24.72,18.9777,37783600
2011-05-20,24.72,24.87,24.44,24.49,18.8011,45451500
2011-05-23,24.21,24.25,24.03,24.17,18.5554,52692500
2011-05-24,24.2,24.29,24.04,24.15,18.5401,47691800
2011-05-25,24.17,24.31,24.16,24.19,18.5708,34904200
2011-05-26,24.35,25.03,24.32,24.67,18.9393,78016600
2011-05-27,24.68,24.9,24.65,24.76,19.0084,50251000
2011-05-31,24.96,25.06,24.7,25.01,19.2003,60196300
2011-06-01,24.99,25.1,24.37,24.43,18.755,74033500
2011-06-02,24.49,24.65,24.18,24.22,18.5938,51487800
2011-06-03,24.05,24.14,23.84,23.91,18.3558,60697700
2011-06-06,23.89,24.25,23.77,24.01,18.4326,54778700
2011-06-07,24.09,24.17,23.9,24.06,18.471,41112600
2011-06-08,23.9,24.02,23.86,23.94,18.3788,42205000
2011-06-09,24.01,24.04,23.82,23.96,18.3942,42878700
2011-06-10,24.02,24.02,23.69,23.71,18.2023,49327200
2011-06-13,23.79,24.19,23.7,24.04,18.4556,47572500
2011-06-14,24.3,24.45,24.19,24.22,18.5938,42894500
2011-06-15,24.0,24.01,23.67,23.74,18.2253,49410200
2011-06-16,23.75,24.1,23.65,24.0,18.4249,57184100
2011-06-17,24.22,24.3,23.98,24.26,18.6245,83320400
2011-06-20,24.17,24.66,24.16,24.47,18.7857,54338400
2011-06-21,24.52,24.86,24.4,24.76,19.0084,49708700
2011-06-22,24.6,24.81,24.59,24.65,18.9239,44287300
2011-06-23,24.44,24.65,24.2,24.63,18.9086,59470400
2011-06-24,24.51,24.54,24.19,24.3,18.6552,101387200
2011-06-27,24.23,25.46,24.23,25.2,19.3462,92044200
2011-06-28,25.3,25.92,25.16,25.8,19.8068,81032100
2011-06-29,25.71,25.71,25.36,25.62,19.6686,66051000
2011-06-30,25.74,26.0,25.66,26.0,19.9603,52535400
2011-07-01,25.93,26.17,25.84,26.02,19.9757,52906200
2011-07-05,26.1,26.15,25.9,26.03,19.9833,37805300
2011-07-06,25.97,26.37,25.96,26.33,20.2137,48744200
2011-07-07,26.49,26.88,26.36,26.77,20.5514,51946500
2011-07-08,26.54,26.98,26.51,26.92,20.6666,58320700
2011-07-11,26.62,26.8,26.49,26.63,20.444,43999800
2011-07-12,26.55,26.79,26.34,26.54,20.3749,47319300
2011-07-13,26.6,26.96,26.51,26.63,20.444,40861800
2011-07-14,26.62,27.01,26.36,26.47,20.3211,46382300
2011-07-15,26.47,26.93,26.47,26.78,20.5591,49132400
2011-07-18,26.63,26.9,26.26,26.59,20.4133,44501900
2011-07-19,26.81,27.64,26.78,27.54,21.1426,86730600
2011-07-20,27.28,27.35,26.98,27.06,20.7741,49795400
2011-07-21,27.04,27.31,26.65,27.1,20.8048,81737400
2011-07-22,26.86,27.55,26.68,27.53,21.1349,76380600
2011-07-25,27.26,28.09,27.19,27.91,21.4266,108482400
2011-07-26,27.82,28.15,27.78,28.08,21.5571,74636500
2011-07-27,27.88,27.99,27.2,27.33,20.9814,71488700
2011-07-28,27.29,28.07,27.21,27.72,21.2808,83761400
2011-07-29,27.52,27.71,27.26,27.4,21.0351,104394800
2011-08-01,27.51,27.69,26.75,27.27,20.9353,61838400
2011-08-02,26.98,27.45,26.76,26.8,20.5745,63883100
2011-08-03,26.83,27.0,26.48,26.92,20.6666,64581200
2011-08-04,26.53,26.87,25.93,25.94,19.9143,92949500
2011-08-05,25.97,26.1,25.23,25.68,19.7146,112071700
2011-08-08,25.02,25.6,24.39,24.48,18.7934,134257200
2011-08-09,24.71,25.62,24.03,25.58,19.6379,126268900
2011-08-10,24.95,25.09,24.1,24.2,18.5784,127819900
2011-08-11,24.5,25.38,24.4,25.19,19.3385,90690100
2011-08-12,25.13,25.34,24.65,25.1,19.2694,64787100
2011-08-15,25.24,25.58,25.15,25.51,19.5841,56529400
2011-08-16,25.22,25.59,25.05,25.35,19.5841,54251500
2011-08-17,25.25,25.7,24.93,25.25,19.5069,50923700
2011-08-18,24.57,25.09,24.03,24.67,19.0588,105714200
2011-08-19,24.41,24.62,23.91,24.05,18.5798,77397900
2011-08-22,24.42,24.49,23.79,23.98,18.5257,54721000
2011-08-23,24.03,24.75,24.03,24.72,19.0974,59670600
2011-08-24,24.65,24.93,24.42,24.9,19.2365,45329700
2011-08-25,25.08,25.16,24.5,24.57,18.9816,48192000
2011-08-26,24.51,25.34,24.42,25.25,19.5069,71957000
2011-08-29,25.53,25.86,25.37,25.84,19.9627,38863200
2011-08-30,25.73,26.43,25.7,26.23,20.264,57341400
2011-08-31,26.29,26.71,26.26,26.6,20.5498,59300800
2011-09-01,26.46,26.86,26.21,26.21,20.2485,60510800
2011-09-02,25.78,26.0,25.66,25.8,19.9318,43894400
2011-09-06,25.2,25.59,25.11,25.51,19.7077,54929300
2011-09-07,25.69,26.0,25.57,26.0,20.0863,41961000
2011-09-08,26.0,26.66,25.95,26.22,20.2563,65811900
2011-09-09,26.0,26.18,25.5,25.74,19.8854,64529200
2011-09-12,25.44,25.93,25.27,25.89,20.0013,55046100
2011-09-13,25.92,26.19,25.81,26.04,20.1172,48792300
2011-09-14,26.17,26.8,25.89,26.5,20.4726,66739200
2011-09-15,26.73,27.03,26.31,26.99,20.8511,67808300
2011-09-16,27.05,27.27,26.83,27.12,20.9516,89681500
2011-09-19,26.8,27.31,26.6,27.21,21.0211,52324900
2011-09-20,27.31,27.5,26.93,26.98,20.8434,49211900
2011-09-21,27.05,27.06,25.97,25.99,20.0786,72750700
2011-09-22,25.3,25.65,24.6,25.06,19.3601,96278300
2011-09-23,24.9,25.15,24.69,25.06,19.3601,64768100
2011-09-26,25.19,25.52,24.73,25.44,19.6537,51057600
2011-09-27,25.66,25.92,25.45,25.67,19.8314,55620700
2011-09-28,25.93,26.37,25.51,25.58,19.7618,60736200
2011-09-29,25.98,26.17,25.09,25.45,19.6614,63407300
2011-09-30,25.2,25.5,24.88,24.89,19.2288,54060500
2011-10-03,24.72,25.34,24.52,24.53,18.9506,64592500
2011-10-04,24.3,25.39,24.26,25.34,19.5764,83485400
2011-10-05,25.42,26.16,25.16,25.89,20.0013,94061300
2011-10-06,25.9,26.4,25.7,26.34,20.349,55111400
2011-10-07,26.34,26.51,26.2,26.25,20.2794,52741600
2011-10-10,26.58,26.97,26.47,26.94,20.8125,41815300
2011-10-11,26.86,27.07,26.72,27.0,20.8588,38826200
2011-10-12,27.18,27.31,26.9,26.96,20.8279,52489800
2011-10-13,26.76,27.2,26.62,27.18,20.9979,43823500
2011-10-14,27.31,27.5,27.02,27.27,21.0674,50947700
2011-10-17,27.11,27.42,26.85,26.98,20.8434,39453300
2011-10-18,26.94,27.4,26.8,27.31,21.0983,52487900
2011-10-19,27.37,27.47,27.01,27.13,20.9593,42880000
2011-10-20,27.26,27.34,26.4,27.04,20.8897,76300200
2011-10-21,27.15,27.19,26.8,27.16,20.9825,76620600
2011-10-24,27.06,27.4,27.04,27.19,21.0056,56897800
2011-10-25,27.08,27.23,26.72,26.81,20.7121,53554600
2011-10-26,27.03,27.06,26.1,26.59,20.5421,63029900
2011-10-27,27.13,27.4,26.65,27.25,21.052,74512400
2011-10-28,27.14,27.19,26.79,26.98,20.8434,57712100
2011-10-31,26.76,27.0,26.62,26.63,20.573,46799000
2011-11-01,26.19,26.32,25.86,25.99,20.0786,61182600
2011-11-02,26.1,26.2,25.7,26.01,20.094,53533100
2011-11-03,26.24,26.59,25.98,26.53,20.4957,65836100
2011-11-04,26.38,26.4,26.0,26.25,20.2794,36549200
2011-11-07,26.21,26.82,26.13,26.8,20.7043,42589700
2011-11-08,27.01,27.2,26.69,27.16,20.9825,47822500
2011-11-09,26.59,26.75,26.06,26.2,20.2408,62950900
2011-11-10,26.47,26.5,26.12,26.28,20.3026,32514400
2011-11-11,26.58,27.08,26.57,26.91,20.7893,37903000
2011-11-14,26.88,27.0,26.65,26.76,20.6734,34199200
2011-11-15,26.56,26.94,26.4,26.74,20.8135,43874200
2011-11-16,26.47,26.51,26.04,26.07,20.292,53262800
2011-11-17,26.01,26.04,25.44,25.54,19.8795,70977500
2011-11-18,25.48,25.5,25.15,25.3,19.6927,47626200
2011-11-21,25.24,25.25,24.9,25.0,19.4592,61882500
2011-11-22,24.89,24.96,24.65,24.79,19.2957,49204500
2011-11-23,24.61,24.79,24.47,24.47,19.0466,49099700
2011-11-25,24.38,24.67,24.3,24.3,18.9143,26164600
2011-11-28,24.94,24.97,24.69,24.87,19.358,46766700
2011-11-29,24.82,25.04,24.75,24.84,19.3346,40917100
2011-11-30,25.37,25.59,25.14,25.58,19.9106,81350900
2011-12-01,25.56,25.63,25.2,25.28,19.6771,48545400
2011-12-02,25.59,25.62,25.16,25.22,19.6304,52293800
2011-12-05,25.78,25.8,25.5,25.7,20.004,56818400
2011-12-06,25.81,25.87,25.61,25.66,19.9729,46175300
2011-12-07,25.67,25.76,25.34,25.6,19.9262,62667000
2011-12-08,25.48,25.72,25.37,25.4,19.7705,60522200
2011-12-09,25.52,25.87,25.5,25.7,20.004,53788500
2011-12-12,25.41,25.57,25.29,25.51,19.8561,38945900
2011-12-13,25.75,26.1,25.65,25.76,20.0507,54581100
2011-12-14,25.72,25.86,25.57,25.59,19.9184,47926400
2011-12-15,25.72,25.88,25.54,25.56,19.8951,46213900
2011-12-16,25.67,26.17,25.63,26.0,20.2375,101408100
2011-12-19,26.02,26.12,25.46,25.53,19.8717,52258300
2011-12-20,25.86,26.1,25.81,26.03,20.2609,60767600
2011-12-21,26.01,26.19,25.44,25.76,20.0507,64132500
2011-12-22,25.82,25.86,25.48,25.81,20.0897,35794100
2011-12-23,25.91,26.04,25.73,26.03,20.2609,23205800
2011-12-27,25.96,26.14,25.93,26.04,20.2687,21287200
2011-12-28,26.11,26.15,25.76,25.82,20.0974,29822500
2011-12-29,25.95,26.05,25.86,26.02,20.2531,22616900
2011-12-30,26.0,26.12,25.91,25.96,20.2064,27395700
2012-01-03,26.55,26.96,26.39,26.77,20.8369,64731500
2012-01-04,26.82,27.47,26.78,27.4,21.3273,80516100
2012-01-05,27.38,27.73,27.29,27.68,21.5452,56081400
2012-01-06,27.53,28.19,27.53,28.11,21.8799,99455500
2012-01-09,28.05,28.1,27.72,27.74,21.5919,59706800
2012-01-10,27.93,28.15,27.75,27.84,21.6697,60014400
2012-01-11,27.43,27.98,27.37,27.72,21.5763,65582400
2012-01-12,27.87,28.02,27.65,28.0,21.7943,49370800
2012-01-13,27.93,28.25,27.79,28.25,21.9889,60196100
2012-01-17,28.4,28.65,28.17,28.26,21.9967,72395300
2012-01-18,28.31,28.4,27.97,28.23,21.9733,64860600
2012-01-19,28.16,28.44,28.03,28.12,21.8877,74053500
2012-01-20,28.82,29.74,28.75,29.71,23.1253,165902900
2012-01-23,29.55,29.95,29.35,29.73,23.1409,76078100
2012-01-24,29.47,29.57,29.18,29.34,22.8373,51703300
2012-01-25,29.07,29.65,29.07,29.56,23.0085,59231700
2012-01-26,29.61,29.7,29.4,29.5,22.9618,49102800
2012-01-27,29.45,29.53,29.17,29.23,22.7517,44187700
2012-01-30,28.97,29.62,28.83,29.61,23.0475,51114800
2012-01-31,29.66,29.7,29.23,29.53,22.9852,50572400
2012-02-01,29.79,30.05,29.76,29.89,23.2654,67409900
2012-02-02,29.9,30.17,29.71,29.95,23.3121,52223300
2012-02-03,30.14,30.4,30.09,30.24,23.5378,41838500
2012-02-06,30.04,30.22,29.97,30.2,23.5067,28039700
2012-02-07,30.15,30.49,30.05,30.35,23.6234,39242400
2012-02-08,30.26,30.67,30.22,30.66,23.8647,49659100
2012-02-09,30.68,30.8,30.48,30.77,23.9504,50481600
2012-02-10,30.64,30.8,30.36,30.5,23.7402,44605300
2012-02-13,30.63,30.77,30.43,30.58,23.8025,33319800
2012-02-14,30.33,30.46,29.85,30.25,23.7006,59644000
2012-02-15,30.33,30.39,30.03,30.05,23.5439,43311300
2012-02-16,30.31,31.55,30.3,31.29,24.5154,94705100
2012-02-17,31.2,31.32,30.95,31.25,24.4841,70036500
2012-02-21,31.18,31.61,31.15,31.44,24.633,50829900
2012-02-22,31.45,31.68,31.18,31.27,24.4998,49253200
2012-02-23,31.2,31.59,31.0,31.37,24.5781,35034700
2012-02-24,31.48,31.5,31.24,31.48,24.6643,35575400
2012-02-27,31.24,31.5,31.1,31.35,24.5625,34568400
2012-02-28,31.41,31.93,31.38,31.87,24.9699,45230600
2012-02-29,31.89,32.0,31.61,31.74,24.868,59323600
2012-03-01,31.93,32.39,31.85,32.29,25.2989,77344100
2012-03-02,32.31,32.44,32.0,32.08,25.1344,47314200
2012-03-05,32.01,32.05,31.62,31.8,24.915,45240000
2012-03-06,31.54,31.98,31.49,31.56,24.727,51932900
2012-03-07,31.67,31.92,31.53,31.84,24.9464,34340400
2012-03-08,32.04,32.21,31.9,32.01,25.0796,36747400
2012-03-09,32.1,32.16,31.92,31.99,25.0639,34628400
2012-03-12,31.97,32.2,31.82,32.04,25.1031,34073600
2012-03-13,32.24,32.69,32.15,32.67,25.5967,48951700
2012-03-14,32.53,32.88,32.49,32.77,25.675,41986900
2012-03-15,32.79,32.94,32.58,32.85,25.7377,49068300
2012-03-16,32.91,32.95,32.5,32.6,25.5418,65626400
2012-03-19,32.54,32.61,32.15,32.2,25.2284,44789200
2012-03-20,32.1,32.15,31.74,31.99,25.0639,41566800
2012-03-21,31.96,32.15,31.82,31.91,25.0012,37928600
2012-03-22,31.81,32.09,31.79,32.0,25.0717,31749500
2012-03-23,32.1,32.11,31.72,32.01,25.0796,35912200
2012-03-26,32.19,32.61,32.15,32.59,25.534,36758300
2012-03-27,32.65,32.7,32.4,32.52,25.4791,36274900
2012-03-28,32.52,32.7,32.04,32.19,25.2206,41344800
2012-03-29,32.06,32.19,31.81,32.12,25.1657,37038500
2012-03-30,32.4,32.41,32.04,32.26,25.2754,31749400
2012-04-02,32.22,32.46,31.95,32.29,25.2989,35853600
2012-04-03,32.16,32.19,31.66,31.94,25.0247,42752100
2012-04-04,31.66,31.69,31.05,31.21,24.4528,49455900
2012-04-05,31.15,31.63,31.05,31.52,24.6957,50368600
2012-04-09,31.22,31.4,30.97,31.1,24.3666,31056400
2012-04-10,31.06,31.19,30.3,30.47,23.873,54131300
2012-04-11,30.43,30.53,30.23,30.35,23.779,43014000
2012-04-12,30.48,31.04,30.42,30.98,24.2726,38304000
2012-04-13,30.89,31.16,30.72,30.81,24.1394,39749200
2012-04-16,30.99,31.19,30.77,31.08,24.3509,38124800
2012-04-17,31.27,31.61,31.2,31.44,24.633,34361500
2012-04-18,31.28,31.31,31.04,31.14,24.3979,40552900
2012-04-19,31.13,31.68,30.94,31.01,24.2961,54781200
2012-04-20,32.15,32.89,32.05,32.42,25.4008,106045000
2012-04-23,32.31,32.5,32.03,32.12,25.1657,61398200
2012-04-24,32.21,32.52,31.83,31.92,25.009,40871100
2012-04-25,31.92,32.32,31.87,32.2,25.2284,62495500
2012-04-26,32.12,32.23,31.92,32.11,25.1579,40308100
2012-04-27,32.12,32.22,31.88,31.98,25.0561,41419100
2012-04-30,31.98,32.11,31.92,32.02,25.0874,35697200
2012-05-01,32.05,32.34,31.95,32.01,25.0796,43832300
2012-05-02,31.85,31.93,31.64,31.8,24.915,37385300
2012-05-03,31.88,31.9,31.61,31.76,24.8837,31501300
2012-05-04,31.45,31.57,30.92,30.98,24.2726,57927200
2012-05-07,30.7,30.86,30.57,30.65,24.014,48641400
2012-05-08,30.48,30.78,30.17,30.5,23.8965,46328300
2012-05-09,30.19,30.83,30.1,30.76,24.1002,50309300
2012-05-10,30.86,31.02,30.45,30.74,24.0845,43839200
2012-05-11,30.69,31.54,30.69,31.16,24.4136,43459300
2012-05-14,30.82,31.04,30.64,30.68,24.0375,40528900
2012-05-15,30.64,30.8,30.15,30.21,23.8246,61822800
2012-05-16,30.31,30.32,29.74,29.9,23.5801,60083700
2012-05-17,29.99,30.21,29.71,29.72,23.4382,48484000
2012-05-18,29.79,29.81,29.17,29.27,23.0833,56205300
2012-05-21,29.1,29.79,29.06,29.75,23.4618,38787900
2012-05-22,29.69,29.88,29.5,29.76,23.4697,39504900
2012-05-23,29.35,29.4,28.64,29.11,22.9571,65171000
2012-05-24,29.16,29.3,28.76,29.07,22.9255,52575000
2012-05-25,29.2,29.36,29.01,29.06,22.9177,29507200
2012-05-29,29.38,29.72,29.22,29.56,23.312,37758800
2012-05-30,29.35,29.48,29.12,29.34,23.1385,41585500
2012-05-31,29.3,29.42,28.94,29.19,23.0202,39134000
2012-06-01,28.76,28.96,28.44,28.45,22.4366,56634300
2012-06-04,28.62,28.78,28.32,28.55,22.5155,47926300
2012-06-05,28.51,28.75,28.39,28.51,22.4839,45715400
2012-06-06,28.88,29.37,28.81,29.35,23.1464,46860500
2012-06-07,29.64,29.7,29.17,29.23,23.0517,37792800
2012-06-08,29.21,29.68,29.05,29.65,23.383,42551100
2012-06-11,29.73,29.81,28.82,28.9,22.7915,46361900
2012-06-12,29.1,29.3,28.84,29.29,23.099,35337900
2012-06-13,29.22,29.44,29.05,29.13,22.9729,32984600
2012-06-14,29.33,29.46,28.88,29.34,23.1385,39458900
2012-06-15,29.59,30.08,29.49,30.02,23.6747,62314400
2012-06-18,29.99,30.03,29.71,29.84,23.5328,58679900
2012-06-19,30.19,31.11,30.05,30.7,24.211,75725800
2012-06-20,30.93,31.05,30.64,30.93,24.3924,36257100
2012-06-21,30.96,31.14,30.06,30.14,23.7694,48456600
2012-06-22,30.3,30.73,30.03,30.7,24.211,45098100
2012-06-25,30.3,30.32,29.62,29.87,23.5565,42217200
2012-06-26,30.0,30.27,29.94,30.02,23.6747,38421300
2012-06-27,30.19,30.5,30.03,30.17,23.793,33781700
2012-06-28,29.98,30.05,29.42,29.91,23.588,45328400
2012-06-29,30.45,30.69,30.14,30.59,24.1243,55227200
2012-07-02,30.62,30.62,30.21,30.56,24.1006,30589100
2012-07-03,30.23,30.76,30.17,30.76,24.2583,20938100
2012-07-05,30.59,30.78,30.38,30.7,24.211,28801900
2012-07-06,30.61,30.7,29.95,30.19,23.8088,38294800
2012-07-09,30.12,30.23,29.78,30.0,23.659,30680800
2012-07-10,30.08,30.22,29.51,29.74,23.4539,37534100
2012-07-11,29.71,29.74,29.11,29.3,23.1069,39184900
2012-07-12,29.15,29.18,28.54,28.63,22.5785,63523600
2012-07-13,28.76,29.48,28.72,29.39,23.1779,39085000
2012-07-16,29.48,29.53,29.04,29.44,23.2173,27900600
2012-07-17,29.64,29.86,29.2,29.66,23.3908,33771300
2012-07-18,29.6,30.45,29.46,30.45,24.0139,41090400
2012-07-19,30.51,30.8,30.38,30.67,24.1874,46663200
2012-07-20,31.0,31.05,30.05,30.12,23.7536,64021700
2012-07-23,29.57,29.58,29.01,29.28,23.0912,55151900
2012-07-24,29.24,29.36,28.9,29.15,22.9886,47723300
2012-07-25,29.24,29.33,28.78,28.83,22.7363,45579500
2012-07-26,29.23,29.5,29.09,29.16,22.9965,45301400
2012-07-27,29.48,29.85,29.18,29.76,23.4697,44242600
2012-07-30,29.75,29.82,29.46,29.64,23.3751,28905000
2012-07-31,29.48,29.71,29.33,29.47,23.241,37620900
2012-08-01,29.59,29.65,29.21,29.41,23.1937,31721800
2012-08-02,29.21,29.53,28.97,29.19,23.0202,39520500
2012-08-03,29.53,29.94,29.48,29.75,23.4618,35859400
2012-08-06,30.0,30.11,29.81,29.95,23.6195,27471800
2012-08-07,30.07,30.35,29.87,30.26,23.864,28002900
2012-08-08,30.21,30.47,30.11,30.33,23.9192,26257600
2012-08-09,30.39,30.65,30.3,30.5,24.0533,24920800
2012-08-10,30.5,30.62,30.25,30.42,23.9902,27810300
2012-08-13,30.35,30.46,30.16,30.39,23.9665,23049100
2012-08-14,30.3,30.39,30.01,30.13,23.9189,34551400
2012-08-15,30.11,30.28,30.02,30.2,23.9745,24351000
2012-08-16,30.36,30.94,30.26,30.78,24.4349,35787200
2012-08-17,30.92,30.92,30.59,30.9,24.5302,32589900
2012-08-20,30.82,30.85,30.58,30.74,24.4032,23737700
2012-08-21,30.76,30.96,30.61,30.8,24.4508,28822700
2012-08-22,30.59,30.76,30.47,30.54,24.2444,33437400
2012-08-23,30.39,30.4,30.08,30.26,24.0221,28355600
2012-08-24,30.25,30.63,30.18,30.56,24.2603,22943300
2012-08-27,30.93,30.96,30.59,30.69,24.3635,34691100
2012-08-28,30.7,30.8,30.52,30.63,24.3158,23947900
2012-08-29,30.65,30.75,30.44,30.65,24.3317,23346800
2012-08-30,30.53,30.61,30.22,30.32,24.0697,23982100
2012-08-31,30.6,30.96,30.38,30.82,24.4667,36590100
2012-09-04,30.45,30.66,30.15,30.39,24.1253,48556700
2012-09-05,30.22,30.53,30.21,30.39,24.1253,33650000
2012-09-06,30.5,31.36,30.46,31.35,24.8874,48371700
2012-09-07,31.04,31.07,30.73,30.95,24.5699,42649100
2012-09-10,30.83,30.9,30.51,30.72,24.3873,40524000
2012-09-11,30.69,30.91,30.61,30.79,24.4429,25191800
2012-09-12,30.94,31.18,30.73,30.78,24.4349,32775800
2012-09-13,30.89,31.18,30.4,30.94,24.5619,45047300
2012-09-14,31.01,31.25,30.81,31.21,24.7763,51422800
2012-09-17,31.19,31.26,31.04,31.21,24.7763,36488500
2012-09-18,31.1,31.21,31.03,31.18,24.7525,34542700
2012-09-19,31.09,31.19,31.04,31.05,24.6493,48871900
2012-09-20,30.95,31.48,30.91,31.45,24.9668,45543000
2012-09-21,31.43,31.61,31.09,31.19,24.7604,102348900
2012-09-24,31.0,31.07,30.64,30.78,24.4349,46825900
2012-09-25,30.95,31.0,30.36,30.39,24.1253,54266400
2012-09-26,30.28,30.6,30.04,30.17,23.9507,54672000
2012-09-27,30.17,30.4,29.89,30.16,23.9427,47129900
2012-09-28,30.18,30.26,29.74,29.76,23.6252,54229300
2012-10-01,29.81,29.98,29.42,29.49,23.4108,54042700
2012-10-02,29.68,29.89,29.5,29.66,23.5458,43338900
2012-10-03,29.75,29.99,29.67,29.86,23.7046,46655900
2012-10-04,29.97,30.03,29.57,30.03,23.8395,43634900
2012-10-05,30.23,30.25,29.74,29.85,23.6966,41133900
2012-10-08,29.64,29.92,29.55,29.78,23.6411,29752000
2012-10-09,29.68,29.74,29.18,29.28,23.2441,45121100
2012-10-10,29.15,29.31,28.95,28.98,23.006,47227100
2012-10-11,29.22,29.25,28.87,28.95,22.9822,41488500
2012-10-12,28.97,29.32,28.8,29.2,23.1806,46464700
2012-10-15,29.37,29.72,29.25,29.51,23.4267,42440200
2012-10-16,29.45,29.74,29.32,29.49,23.4108,47739400
2012-10-17,29.3,29.64,29.09,29.59,23.4902,44206100
2012-10-18,29.65,29.73,29.26,29.5,23.4188,59238500
2012-10-19,29.05,29.08,28.5,28.64,22.7361,90470800
2012-10-22,28.73,28.83,27.83,28.0,22.228,83374000
2012-10-23,27.77,28.2,27.76,28.05,22.2677,64414800
2012-10-24,28.16,28.2,27.87,27.9,22.1486,53320400
2012-10-25,28.19,28.2,27.86,27.88,22.1327,54084300
2012-10-26,27.86,28.34,27.84,28.21,22.3947,57790000
2012-10-31,28.55,28.88,28.5,28.54,22.6567,69464100
2012-11-01,28.84,29.56,28.82,29.52,23.4347,72047900
2012-11-02,29.59,29.77,29.33,29.5,23.4188,57131600
2012-11-05,29.62,29.74,29.33,29.63,23.522,38070800
2012-11-06,29.82,30.2,29.61,29.86,23.7046,43401500
2012-11-07,29.53,29.83,29.05,29.08,23.0854,57871800
2012-11-08,29.12,29.37,28.8,28.81,22.871,49841800
2012-11-09,28.88,29.19,28.81,28.83,22.8869,43291200
2012-11-12,28.94,29.01,28.21,28.22,22.4026,61112300
2012-11-13,27.02,27.3,26.75,27.09,21.6785,131689200
2012-11-14,27.24,27.29,26.8,26.84,21.4785,76086100
2012-11-15,26.88,26.97,26.63,26.66,21.3344,50955600
2012-11-16,26.67,26.7,26.34,26.52,21.2224,64083300
2012-11-19,26.8,26.8,26.47,26.73,21.3904,57179300
2012-11-20,26.76,26.8,26.46,26.71,21.3744,47070400
2012-11-21,26.71,27.17,26.67,26.95,21.5665,66360300
2012-11-23,27.23,27.77,27.2,27.7,22.1667,57845700
2012-11-26,27.54,27.58,27.17,27.39,21.9186,85198700
2012-11-27,27.36,27.38,27.04,27.08,21.6705,45018600
2012-11-28,27.01,27.39,26.77,27.36,21.8946,53018400
2012-11-29,27.11,27.36,26.86,26.95,21.5665,69551400
2012-11-30,27.05,27.13,26.49,26.62,21.3024,83690200
2012-12-03,26.78,26.82,26.4,26.43,21.1504,53173800
2012-12-04,26.5,26.63,26.34,26.37,21.1024,49777500
2012-12-05,26.38,26.93,26.26,26.67,21.3424,68283800
2012-12-06,26.81,26.98,26.61,26.73,21.3904,39182300
2012-12-07,26.82,26.82,26.37,26.46,21.1744,46162100
2012-12-10,26.56,26.97,26.52,26.94,21.5585,47031100
2012-12-11,27.05,27.49,27.05,27.32,21.8626,52282800
2012-12-12,27.53,27.62,27.08,27.24,21.7986,43966300
2012-12-13,27.32,27.52,26.95,27.11,21.6945,45080100
2012-12-14,27.11,27.13,26.7,26.81,21.4545,42077500
2012-12-17,26.79,27.22,26.68,27.1,21.6865,42046100
2012-12-18,27.25,27.63,27.14,27.56,22.0546,50486900
2012-12-19,27.69,27.73,27.25,27.31,21.8546,53519900
2012-12-20,27.36,27.68,27.15,27.68,22.1507,52607300
2012-12-21,27.45,27.49,27.0,27.45,21.9666,98776500
2012-12-24,27.2,27.25,27.0,27.06,21.6545,20842400
2012-12-26,27.03,27.2,26.7,26.86,21.4945,31631100
2012-12-27,26.89,27.09,26.57,26.96,21.5745,39394000
2012-12-28,26.71,26.9,26.55,26.55,21.2464,28239900
2012-12-31,26.59,26.77,26.37,26.71,21.3744,42749500
2013-01-02,27.25,27.73,27.15,27.62,22.1027,52899300
2013-01-03,27.63,27.65,27.16,27.25,21.8066,48294400
2013-01-04,27.27,27.34,26.73,26.74,21.3984,52521100
2013-01-07,26.77,26.88,26.64,26.69,21.3584,37110400
2013-01-08,26.75,26.79,26.46,26.55,21.2464,44703100
2013-01-09,26.72,26.75,26.56,26.7,21.3664,49047900
2013-01-10,26.65,26.98,26.29,26.46,21.1744,71431300
2013-01-11,26.49,26.93,26.28,26.83,21.4705,55512100
2013-01-14,26.9,27.08,26.76,26.89,21.5185,48324400
2013-01-15,26.83,27.29,26.83,27.21,21.7746,48244500
2013-01-16,27.15,27.23,27.01,27.04,21.6385,41077400
2013-01-17,27.19,27.47,27.06,27.25,21.8066,51685900
2013-01-18,27.1,27.29,27.04,27.25,21.8066,52167700
2013-01-22,27.3,27.45,27.0,27.15,21.7265,58650600
2013-01-23,27.2,27.64,27.2,27.61,22.0947,50387700
2013-01-24,27.7,28.07,27.47,27.63,22.1107,101739300
2013-01-25,27.58,28.23,27.39,27.88,22.3107,81847700
2013-01-28,28.01,28.23,27.76,27.91,22.3347,56056500
2013-01-29,27.82,28.13,27.6,28.01,22.4148,49242600
2013-01-30,28.01,28.19,27.76,27.85,22.2867,43580500
2013-01-31,27.79,27.97,27.4,27.45,21.9666,50530000
2013-02-01,27.67,28.05,27.55,27.93,22.3507,55565900
2013-02-04,27.87,28.02,27.42,27.44,21.9586,50540000
2013-02-05,27.62,27.66,27.36,27.5,22.0066,35410400
2013-02-06,27.38,27.54,27.25,27.34,21.8786,41889600
2013-02-07,27.35,27.39,27.1,27.28,21.8306,38028300
2013-02-08,27.35,27.71,27.31,27.55,22.0466,33318500
2013-02-11,27.65,27.92,27.5,27.86,22.2947,32247700
2013-02-12,27.88,28.0,27.75,27.88,22.3107,35990900
2013-02-13,27.93,28.11,27.88,28.03,22.4308,41715600
2013-02-14,27.92,28.06,27.87,28.04,22.4388,32663200
2013-02-15,28.04,28.16,27.88,28.01,22.4148,49650900
2013-02-19,27.88,28.09,27.8,28.05,22.6326,38781400
2013-02-20,28.13,28.2,27.83,27.87,22.4874,44110200
2013-02-21,27.74,27.74,27.23,27.49,22.1808,49078500
2013-02-22,27.68,27.76,27.48,27.76,22.3986,31425900
2013-02-25,27.97,28.05,27.37,27.37,22.0839,48011800
2013-02-26,27.38,27.6,27.34,27.37,22.0839,49923300
2013-02-27,27.42,28.0,27.33,27.81,22.439,36394700
2013-02-28,27.88,27.97,27.74,27.8,22.4309,35840200
2013-03-01,27.72,27.98,27.52,27.95,22.5519,34849700
2013-03-04,27.85,28.15,27.7,28.15,22.7133,38157500
2013-03-05,28.29,28.54,28.16,28.35,22.8747,41432200
2013-03-06,28.21,28.23,27.78,28.09,22.6649,51448500
2013-03-07,28.11,28.28,28.01,28.14,22.7052,29196700
2013-03-08,28.25,28.33,27.96,28.0,22.5923,37667800
2013-03-11,27.94,27.97,27.67,27.87,22.4874,36627500
2013-03-12,27.84,27.95,27.64,27.91,22.5196,39255200
2013-03-13,27.87,28.02,27.75,27.92,22.5277,29093400
2013-03-14,28.0,28.16,27.93,28.14,22.7052,55914800
2013-03-15,28.03,28.16,27.98,28.04,22.6245,92710300
2013-03-18,27.88,28.28,27.81,28.1,22.673,44809400
2013-03-19,28.12,28.22,28.03,28.18,22.7375,51901600
2013-03-20,28.34,28.49,28.18,28.32,22.8505,35447800
2013-03-21,28.11,28.36,28.05,28.11,22.681,34233200
2013-03-22,28.19,28.34,28.1,28.25,22.794,28720900
2013-03-25,28.3,28.35,27.96,28.16,22.7214,44154000
2013-03-26,28.24,28.34,28.11,28.16,22.7214,27824300
2013-03-27,28.14,28.45,28.08,28.37,22.8908,36047400
2013-03-28,28.32,28.66,28.26,28.61,23.0845,55453800
2013-04-01,28.64,28.66,28.36,28.61,23.0845,29201100
2013-04-02,28.59,28.85,28.52,28.8,23.2378,28456500
2013-04-03,28.75,28.95,28.54,28.56,23.0441,35062800
2013-04-04,28.39,28.61,28.27,28.6,23.0764,45263200
2013-04-05,28.22,28.78,28.11,28.7,23.1571,50927300
2013-04-08,28.73,28.73,28.47,28.59,23.0683,34759500
2013-04-09,28.73,29.82,28.68,29.61,23.8913,77733800
2013-04-10,29.57,30.32,29.52,30.28,24.4319,71116700
2013-04-11,29.1,29.2,28.73,28.94,23.3507,130923200
2013-04-12,28.85,29.02,28.66,28.79,23.2297,62886300
2013-04-15,28.65,28.98,28.51,28.69,23.149,56332900
2013-04-16,28.9,29.14,28.7,28.97,23.3749,52797300
2013-04-17,28.85,29.04,28.6,28.83,23.262,52840700
2013-04-18,28.95,28.98,28.5,28.79,23.2297,56906600
2013-04-19,29.62,30.24,29.61,29.77,24.0204,99790700
2013-04-22,30.3,31.18,30.27,30.83,24.8757,137904000
2013-04-23,30.7,30.9,30.38,30.6,24.6901,59126900
2013-04-24,30.62,31.92,30.6,31.76,25.6261,90946600
2013-04-25,31.71,32.84,31.54,31.94,25.7713,110700200
2013-04-26,31.9,31.98,31.45,31.79,25.6503,47799300
2013-04-29,31.8,32.68,31.77,32.61,26.3119,59116400
2013-04-30,32.56,33.11,32.28,33.1,26.7073,75165200
2013-05-01,32.93,33.08,32.6,32.72,26.4007,54330900
2013-05-02,32.63,33.17,32.39,33.16,26.7557,46059500
2013-05-03,33.23,33.52,33.08,33.49,27.022,46784600
2013-05-06,33.42,33.91,33.25,33.75,27.2317,40978300
2013-05-07,33.65,33.79,33.24,33.31,26.8767,43078300
2013-05-08,33.07,33.24,32.65,32.99,26.6185,51595700
2013-05-09,32.85,33.0,32.59,32.66,26.3523,46417800
2013-05-10,32.67,32.72,32.32,32.69,26.3765,36394900
2013-05-13,32.61,33.07,32.55,33.03,26.6508,36027600
2013-05-14,32.86,33.53,32.8,33.53,27.2439,56870100
2013-05-15,33.45,33.9,33.43,33.85,27.504,46303900
2013-05-16,33.64,34.15,33.55,34.08,27.6908,59382900
2013-05-17,34.13,34.87,34.1,34.87,28.3327,60666700
2013-05-20,34.73,35.1,34.68,35.08,28.5034,54020800
2013-05-21,35.1,35.27,34.72,34.85,28.3165,48702400
2013-05-22,34.79,34.84,34.36,34.61,28.1215,66047500
2013-05-23,34.23,34.55,33.9,34.15,27.7477,51102700
2013-05-24,33.92,34.28,33.9,34.27,27.8452,33174400
2013-05-28,34.42,35.18,34.41,35.02,28.4546,48212100
2013-05-29,34.74,35.02,34.57,34.88,28.3409,38412200
2013-05-30,34.85,35.25,34.81,35.03,28.4627,51131000
2013-05-31,34.82,35.28,34.79,34.9,28.3571,56165700
2013-06-03,34.92,35.63,34.83,35.59,28.9177,51252600
2013-06-04,35.62,35.74,34.77,34.99,28.4302,65529500
2013-06-05,34.6,34.89,34.43,34.78,28.2596,46025100
2013-06-06,34.84,35.11,34.49,34.96,28.4059,37618500
2013-06-07,35.25,35.78,35.06,35.67,28.9827,40757300
2013-06-10,35.51,35.65,35.14,35.47,28.8202,35994500
2013-06-11,35.05,35.18,34.68,34.84,28.3084,39435900
2013-06-12,35.14,35.27,34.85,35.0,28.4384,37372700
2013-06-13,34.99,35.02,34.59,34.72,28.2109,45654900
2013-06-14,34.55,34.69,34.25,34.4,27.9508,53192600
2013-06-17,34.69,35.16,34.63,35.0,28.4384,49670100
2013-06-18,34.97,35.17,34.9,34.98,28.4221,28616500
2013-06-19,34.96,35.09,34.59,34.59,28.1052,30816200
2013-06-20,34.26,34.33,33.37,33.49,27.2114,54493700
2013-06-21,33.66,33.73,33.05,33.27,27.0327,85338500
2013-06-24,32.94,34.2,32.57,33.72,27.3983,56109000
2013-06-25,34.08,34.38,33.46,33.67,27.3577,44073400
2013-06-26,34.12,34.48,33.89,34.35,27.9102,48665900
2013-06-27,34.52,34.78,34.5,34.62,28.1296,28993100
2013-06-28,34.38,34.79,34.34,34.54,28.0646,65545500
2013-07-01,34.75,34.99,34.33,34.36,27.9183,31055400
2013-07-02,34.41,34.44,33.63,33.94,27.5771,37630000
2013-07-03,33.66,34.37,33.6,34.01,27.634,15994400
2013-07-05,34.09,34.24,33.58,34.21,27.7965,26085900
2013-07-08,34.35,34.59,33.98,34.33,27.894,32396900
2013-07-09,34.58,34.6,34.14,34.35,27.9102,25318500
2013-07-10,34.34,34.81,34.32,34.7,28.1946,29658800
2013-07-11,35.0,35.77,34.9,35.69,28.999,53638300
2013-07-12,35.58,35.73,35.28,35.67,28.9827,35501200
2013-07-15,35.66,36.22,35.58,36.17,29.389,34142600
2013-07-16,36.01,36.43,35.96,36.27,29.4703,36378500
2013-07-17,36.34,36.39,35.49,35.74,29.0396,37285100
2013-07-18,35.72,35.89,35.22,35.44,28.7959,49547100
2013-07-19,32.4,32.67,31.02,31.4,25.5133,248428500
2013-07-22,31.7,32.01,31.6,32.01,26.0089,79040700
2013-07-23,31.91,32.04,31.71,31.82,25.8545,65810400
2013-07-24,32.04,32.19,31.89,31.96,25.9683,52803100
2013-07-25,31.62,31.65,31.25,31.39,25.5051,63213000
2013-07-26,31.26,31.62,31.21,31.62,25.692,38633600
2013-07-29,31.47,31.6,31.4,31.54,25.627,28870700
2013-07-30,31.78,32.12,31.55,31.85,25.8789,45799500
2013-07-31,31.97,32.05,31.71,31.84,25.8708,43898400
2013-08-01,32.06,32.09,31.6,31.67,25.7327,42557900
2013-08-02,31.69,31.9,31.57,31.89,25.9114,29199900
2013-08-05,31.9,32.0,31.64,31.7,25.757,30984000
2013-08-06,31.55,31.67,31.38,31.58,25.6595,36331500
2013-08-07,31.54,32.1,31.25,32.06,26.0495,38078600
2013-08-08,32.24,33.07,32.05,32.89,26.7239,59034400
2013-08-09,32.77,32.9,32.47,32.7,26.5696,26800700
2013-08-12,32.46,32.97,32.46,32.87,26.7077,25493700
2013-08-13,32.51,32.55,32.21,32.23,26.3722,39464100
2013-08-14,32.14,33.36,31.7,32.35,26.4704,48519600
2013-08-15,32.0,32.18,30.84,31.79,26.0122,33338000
2013-08-16,31.79,31.99,31.66,31.8,26.0204,32866300
2013-08-19,31.76,31.97,31.38,31.39,25.6849,27902500
2013-08-20,31.44,31.9,31.37,31.62,25.8731,22979600
2013-08-21,31.61,32.01,31.54,31.61,25.8649,37409100
2013-08-22,32.19,32.49,32.1,32.39,26.5031,31169900
2013-08-23,35.17,35.2,34.0,34.75,28.4342,225493800
2013-08-26,34.4,34.67,34.03,34.15,27.9432,72786800
2013-08-27,33.52,34.1,33.15,33.26,27.215,58522300
2013-08-28,33.39,33.6,33.0,33.02,27.0186,44257400
2013-08-29,32.93,33.6,32.8,33.55,27.4523,45284700
2013-08-30,33.37,33.48,33.09,33.4,27.3296,42790200
2013-09-03,31.75,32.07,31.29,31.88,26.0858,154507000
2013-09-04,31.39,31.47,31.11,31.2,25.5294,142320600
2013-09-05,31.1,31.44,30.95,31.23,25.5539,71644900
2013-09-06,31.31,31.39,31.13,31.15,25.4885,75434900
2013-09-09,31.22,31.79,31.2,31.66,25.9058,49628500
2013-09-10,31.9,32.4,31.79,32.39,26.5031,56881200
2013-09-11,32.57,32.93,32.53,32.74,26.7895,39087500
2013-09-12,32.72,32.78,32.59,32.69,26.7486,32860200
2013-09-13,32.77,33.07,32.51,33.03,27.0268,40899000
2013-09-16,33.38,33.5,32.73,32.8,26.8386,52839700
2013-09-17,33.42,33.47,32.9,32.93,26.945,84716500
2013-09-18,32.99,33.4,32.83,33.32,27.2641,64099900
2013-09-19,33.48,33.68,33.32,33.64,27.5259,42026600
2013-09-20,33.41,33.48,32.69,32.79,26.8304,102904900
2013-09-23,32.54,32.97,32.5,32.74,26.7895,39826100
2013-09-24,32.87,32.87,32.15,32.45,26.5522,40685000
2013-09-25,32.49,32.8,32.4,32.51,26.6013,28907500
2013-09-26,32.64,33.0,32.59,32.77,26.8141,28504000
2013-09-27,32.88,33.75,32.87,33.27,27.2232,55348000
2013-09-30,33.0,33.31,32.7,33.28,27.2314,39839500
2013-10-01,33.35,33.61,33.3,33.58,27.4768,36718700
2013-10-02,33.36,34.03,33.29,33.92,27.755,46946800
2013-10-03,33.88,34.0,33.42,33.86,27.7059,38703800
2013-10-04,33.69,33.99,33.62,33.88,27.7223,33008100
2013-10-07,33.6,33.71,33.2,33.3,27.2477,35069300
2013-10-08,33.31,33.33,32.8,33.01,27.0104,41017600
2013-10-09,33.07,33.35,32.96,33.07,27.0595,35878600
2013-10-10,33.31,33.89,33.26,33.76,27.6241,42875100
2013-10-11,33.68,34.14,33.68,34.13,27.9269,30033300
2013-10-14,33.9,34.5,33.78,34.45,28.1887,27757900
2013-10-15,34.67,34.99,34.47,34.49,28.2214,47097800
2013-10-16,34.6,34.9,34.56,34.64,28.3442,35111600
2013-10-17,34.45,34.99,34.37,34.92,28.5733,31359200
2013-10-18,34.82,34.99,34.33,34.96,28.606,41811700
2013-10-21,34.98,35.2,34.91,34.99,28.6306,27433500
2013-10-22,35.02,35.1,34.52,34.58,28.2951,40438500
2013-10-23,34.35,34.49,33.67,33.76,27.6241,58600500
2013-10-24,33.82,34.1,33.57,33.72,27.5914,53209700
2013-10-25,35.88,36.29,35.47,35.73,29.2361,113494000
2013-10-28,35.61,35.73,35.27,35.57,29.1052,38383600
2013-10-29,35.63,35.72,35.26,35.52,29.0642,31702200
2013-10-30,35.53,35.79,35.43,35.54,29.0806,36997700
2013-10-31,35.66,35.69,35.34,35.41,28.9742,41682300
2013-11-01,35.67,35.69,35.39,35.53,29.0724,40264600
2013-11-04,35.59,35.98,35.55,35.94,29.4079,28060700
2013-11-05,35.79,36.71,35.77,36.64,29.9807,51681900
2013-11-06,37.24,38.22,37.06,38.18,31.2408,88948800
2013-11-07,37.96,38.01,37.43,37.5,30.6844,60437400
2013-11-08,37.67,37.78,37.34,37.78,30.9135,36737800
2013-11-11,37.69,37.78,37.35,37.59,30.758,26872500
2013-11-12,37.38,37.6,37.2,37.36,30.5698,31651600
2013-11-13,36.98,38.16,36.9,38.16,31.2244,44957600
2013-11-14,37.87,38.13,37.72,38.02,31.1099,46183700
2013-11-15,37.95,38.02,37.72,37.84,30.9626,50601300
2013-11-18,37.35,37.58,37.07,37.2,30.4389,53277500
2013-11-19,36.85,37.23,36.67,36.74,30.2905,44275000
2013-11-20,36.92,37.41,36.86,37.08,30.5708,32229900
2013-11-21,37.27,37.53,37.26,37.4,30.8346,23064700
2013-11-22,37.53,37.68,37.33,37.57,30.9748,27982000
2013-11-25,37.93,37.95,37.57,37.64,31.0325,30646800
2013-11-26,37.57,37.65,37.35,37.35,30.7934,34465300
2013-11-27,37.57,37.76,37.49,37.6,30.9995,26002100
2013-11-29,37.82,38.29,37.82,38.13,31.4365,22090400
2013-12-02,38.09,38.78,38.06,38.45,31.7003,42950400
2013-12-03,38.14,38.49,38.08,38.31,31.5849,52109800
2013-12-04,38.21,38.98,38.12,38.94,32.1043,51983600
2013-12-05,38.85,38.88,37.18,38.0,31.3293,116305000
2013-12-06,38.42,38.55,37.99,38.36,31.6261,36457300
2013-12-09,38.56,38.87,38.37,38.71,31.9147,30286000
2013-12-10,38.61,38.9,38.02,38.11,31.42,37828600
2013-12-11,38.06,38.3,37.39,37.61,31.0078,39853400
2013-12-12,37.64,37.64,37.18,37.22,30.6862,36012800
2013-12-13,37.42,37.45,36.62,36.69,30.2493,40066100
2013-12-16,36.73,37.0,36.54,36.89,30.4142,31734200
2013-12-17,36.94,37.11,36.33,36.52,30.1091,45687700
2013-12-18,36.36,36.6,35.53,36.58,30.1586,63192100
2013-12-19,36.51,36.55,36.08,36.25,29.8865,34160100
2013-12-20,36.2,36.93,36.19,36.8,30.34,62649100
2013-12-23,36.81,36.89,36.55,36.62,30.1916,25128700
2013-12-24,36.72,37.17,36.64,37.08,30.5708,14243000
2013-12-26,37.2,37.49,37.17,37.44,30.8676,17612800
2013-12-27,37.58,37.62,37.17,37.29,30.7439,14563000
2013-12-30,37.22,37.38,36.9,37.29,30.7439,16290500
2013-12-31,37.4,37.58,37.22,37.41,30.8429,17503500
2014-01-02,37.35,37.4,37.1,37.16,30.6368,30632200
2014-01-03,37.2,37.22,36.6,36.91,30.4307,31134800
2014-01-06,36.85,36.89,36.11,36.13,29.7876,43603700
2014-01-07,36.33,36.49,36.21,36.41,30.0184,35802800
2014-01-08,36.0,36.14,35.58,35.76,29.4825,59971700
2014-01-09,35.88,35.91,35.4,35.53,29.2929,36516300
2014-01-10,35.9,36.15,35.75,36.04,29.7134,40548800
2014-01-13,35.99,36.02,34.83,34.98,28.8395,45901900
2014-01-14,34.73,35.88,34.63,35.78,29.499,41623300
2014-01-15,35.9,36.79,35.85,36.76,30.307,44812600
2014-01-16,36.69,37.0,36.31,36.89,30.4142,38018700
2014-01-17,36.83,36.83,36.15,36.38,29.9937,46267500
2014-01-21,36.82,36.82,36.06,36.17,29.8206,31567300
2014-01-22,36.26,36.32,35.75,35.93,29.6227,21904300
2014-01-23,36.09,36.13,35.52,36.06,29.7299,43954000
2014-01-24,37.45,37.55,36.53,36.81,30.3482,76395500
2014-01-27,36.87,36.89,35.98,36.03,29.7051,44420800
2014-01-28,36.12,36.39,35.75,36.27,29.903,36205500
2014-01-29,35.98,36.88,35.9,36.66,30.2245,52745900
2014-01-30,36.79,36.88,36.23,36.86,30.3894,35036300
2014-01-31,36.95,37.89,36.56,37.84,31.1974,93162300
2014-02-03,37.74,37.99,36.43,36.48,30.0761,64063100
2014-02-04,36.97,37.19,36.25,36.35,29.969,54697900
2014-02-05,36.29,36.47,35.8,35.82,29.532,55814400
2014-02-06,35.8,36.25,35.69,36.18,29.8288,35351800
2014-02-07,36.32,36.59,36.01,36.56,30.1421,33260500
2014-02-10,36.63,36.8,36.29,36.8,30.34,26767000
2014-02-11,36.88,37.26,36.86,37.17,30.645,32141400
2014-02-12,37.35,37.6,37.3,37.47,30.8924,27051800
2014-02-13,37.33,37.86,37.33,37.61,31.0078,37635500
2014-02-14,37.39,37.78,37.33,37.62,31.016,31407500
2014-02-18,37.63,37.78,37.41,37.42,31.0825,32834000
2014-02-19,37.22,37.75,37.21,37.51,31.1572,29750400
2014-02-20,37.57,37.87,37.4,37.75,31.3566,27526100
2014-02-21,37.94,38.35,37.86,37.98,31.5476,38021300
2014-02-24,37.69,37.98,37.54,37.69,31.3067,32085100
2014-02-25,37.61,37.85,37.35,37.54,31.1821,30736500
2014-02-26,37.58,37.74,37.19,37.47,31.124,41041800
2014-02-27,37.45,37.89,37.23,37.86,31.448,33903400
2014-02-28,37.98,38.46,37.82,38.31,31.8217,41215000
2014-03-03,37.92,38.13,37.49,37.78,31.3815,29717500
2014-03-04,38.2,38.48,38.07,38.41,31.9048,26802400
2014-03-05,38.25,38.27,37.93,38.11,31.6556,20520100
2014-03-06,38.14,38.24,37.89,38.15,31.6888,23582200
2014-03-07,38.28,38.36,37.69,37.9,31.4812,26591600
2014-03-10,37.99,38.01,37.72,37.82,31.4147,19006600
2014-03-11,37.87,38.23,37.72,38.02,31.5809,25216400
2014-03-12,37.8,38.43,37.79,38.27,31.7885,30494100
2014-03-13,38.42,38.45,37.64,37.89,31.4729,32169700
2014-03-14,37.65,38.14,37.51,37.7,31.315,27195600
2014-03-17,37.9,38.41,37.79,38.05,31.6058,20479600
2014-03-18,38.26,39.9,38.22,39.55,32.8517,64063900
2014-03-19,39.47,39.55,38.91,39.27,32.6192,35597200
2014-03-20,39.25,40.65,39.24,40.33,33.4996,59269800
2014-03-21,40.72,40.94,40.01,40.16,33.3584,80721800
2014-03-24,40.34,40.64,39.86,40.5,33.6408,46098400
2014-03-25,40.66,40.99,39.96,40.34,33.5079,43193100
2014-03-26,40.48,40.71,39.6,39.79,33.0511,41977500
2014-03-27,39.74,39.97,39.34,39.36,32.6939,35369200
2014-03-28,39.79,40.64,39.68,40.3,33.4747,43472700
2014-03-31,40.43,41.5,40.4,40.99,34.0478,46886300
2014-04-01,41.15,41.59,41.07,41.42,34.405,32605000
2014-04-02,41.44,41.66,41.17,41.35,34.3469,28666700
2014-04-03,41.29,41.29,40.71,41.01,34.0645,30139600
2014-04-04,41.25,41.39,39.64,39.87,33.1175,51409600
2014-04-07,39.96,40.27,39.74,39.8,33.0594,37559600
2014-04-08,39.75,39.93,39.2,39.82,33.076,35918600
2014-04-09,39.93,40.55,39.88,40.47,33.6159,27398700
2014-04-10,40.44,40.69,39.09,39.36,32.6939,45960800
2014-04-11,39.0,39.79,39.0,39.21,32.5693,34330200
2014-04-14,39.11,39.41,38.9,39.18,32.5444,32006600
2014-04-15,39.34,39.96,39.05,39.75,33.0179,33968700
2014-04-16,40.06,40.42,39.91,40.4,33.5578,30615800
2014-04-17,40.01,40.2,39.51,40.01,33.2338,36688400
2014-04-21,40.13,40.15,39.79,39.94,33.1757,22221200
2014-04-22,39.96,40.14,39.83,39.99,33.2172,27056700
2014-04-23,39.99,39.99,39.47,39.69,32.968,24602800
2014-04-24,39.74,39.97,39.3,39.86,33.1092,42381600
2014-04-25,40.29,40.68,39.75,39.91,33.1508,56876800
2014-04-28,40.14,41.29,40.09,40.87,33.9482,50610200
2014-04-29,41.1,41.19,40.39,40.51,33.6491,29636200
2014-04-30,40.4,40.5,40.17,40.4,33.5578,35458700
2014-05-01,40.24,40.36,39.95,40.0,33.2255,28787400
2014-05-02,40.31,40.34,39.66,39.69,32.968,43416600
2014-05-05,39.52,39.64,39.3,39.43,32.7521,22460900
2014-05-06,39.29,39.35,38.95,39.06,32.4447,27112400
2014-05-07,39.22,39.51,38.51,39.42,32.7437,41744500
2014-05-08,39.34,39.9,38.97,39.64,32.9265,32120400
2014-05-09,39.54,39.85,39.37,39.54,32.8434,29647600
2014-05-12,39.74,40.02,39.65,39.97,33.2006,22782600
2014-05-13,39.92,40.5,39.85,40.42,33.8112,27004800
2014-05-14,40.3,40.45,40.05,40.24,33.6607,18818700
2014-05-15,40.09,40.4,39.51,39.6,33.1253,37793200
2014-05-16,39.67,39.84,39.27,39.83,33.3177,29867100
2014-05-19,39.61,39.82,39.46,39.75,33.2508,24537400
2014-05-20,39.68,39.94,39.46,39.68,33.1922,21320900
2014-05-21,39.8,40.35,39.74,40.35,33.7527,22398700
2014-05-22,40.29,40.35,39.85,40.1,33.5436,20201800
2014-05-23,40.37,40.37,40.0,40.12,33.5603,18020000
2014-05-27,40.26,40.26,39.81,40.19,33.6188,26160600
2014-05-28,40.14,40.19,39.82,40.01,33.4683,25711500
2014-05-29,40.15,40.35,39.91,40.34,33.7443,19888200
2014-05-30,40.45,40.97,40.25,40.94,34.2462,34567600
2014-06-02,40.95,41.09,40.68,40.79,34.1207,18504300
2014-06-03,40.6,40.68,40.25,40.29,33.7025,18068900
2014-06-04,40.21,40.37,39.86,40.32,33.7276,23209000
2014-06-05,40.59,41.25,40.4,41.21,34.4721,31865200
2014-06-06,41.48,41.66,41.24,41.48,34.6979,24060500
2014-06-09,41.39,41.48,41.02,41.27,34.5223,15019200
2014-06-10,41.03,41.16,40.86,41.11,34.3884,15117700
2014-06-11,40.93,41.07,40.77,40.86,34.1793,18040000
2014-06-12,40.81,40.88,40.29,40.58,33.9451,29818900
2014-06-13,41.1,41.57,40.86,41.23,34.4888,26310000
2014-06-16,41.04,41.61,41.04,41.5,34.7147,24205300
2014-06-17,41.29,41.91,40.34,41.68,34.8652,22518600
2014-06-18,41.61,41.74,41.18,41.65,34.8401,27097000
2014-06-19,41.57,41.77,41.33,41.51,34.723,19828200
2014-06-20,41.45,41.83,41.38,41.68,34.8652,47764900
2014-06-23,41.73,42.0,41.69,41.99,35.1245,18743900
2014-06-24,41.83,41.94,41.56,41.75,34.9238,26509100
2014-06-25,41.7,42.05,41.46,42.03,35.158,20049100
2014-06-26,41.93,41.94,41.43,41.72,34.8987,23604400
2014-06-27,41.61,42.29,41.51,42.25,35.342,74640000
2014-06-30,42.17,42.21,41.7,41.7,34.882,30793100
2014-07-01,41.86,42.15,41.69,41.87,35.0242,26917000
2014-07-02,41.73,41.9,41.53,41.9,35.0493,20208100
2014-07-03,41.91,41.99,41.56,41.8,34.9656,15969300
2014-07-07,41.75,42.12,41.71,41.99,35.1245,21952400
2014-07-08,41.87,42.0,41.61,41.78,34.9489,31218200
2014-07-09,41.98,41.99,41.53,41.67,34.8569,18445900
2014-07-10,41.37,42.0,41.05,41.69,34.8736,21854700
2014-07-11,41.7,42.09,41.48,42.09,35.2082,24083000
2014-07-14,42.22,42.45,42.04,42.14,35.25,21881100
2014-07-15,42.33,42.47,42.03,42.45,35.5093,28748700
2014-07-16,42.51,44.31,42.48,44.08,36.8728,63318000
2014-07-17,45.45,45.71,44.25,44.53,37.2492,82180300
2014-07-18,44.65,44.84,44.25,44.69,37.3831,43407500
2014-07-21,44.56,45.16,44.22,44.84,37.5086,37604400
2014-07-22,45.0,45.15,44.59,44.83,37.5002,43095800
2014-07-23,45.45,45.45,44.62,44.87,37.5337,52362900
2014-07-24,44.93,45.0,44.32,44.4,37.1405,30725300
2014-07-25,44.3,44.66,44.3,44.5,37.2242,26737700
2014-07-28,44.36,44.51,43.93,43.97,36.7808,29684200
2014-07-29,43.91,44.09,43.64,43.89,36.7139,27763100
2014-07-30,44.07,44.1,43.29,43.58,36.4546,31921400
2014-07-31,43.38,43.69,43.08,43.16,36.1032,31537500
2014-08-01,43.21,43.25,42.6,42.86,35.8523,31170300
2014-08-04,42.97,43.47,42.81,43.37,36.2789,34277400
2014-08-05,43.31,43.46,42.83,43.08,36.0363,26266400
2014-08-06,42.74,43.17,42.21,42.74,35.7519,24634000
2014-08-07,42.84,43.45,42.65,43.23,36.1618,30314900
2014-08-08,43.23,43.32,42.91,43.2,36.1367,28942700
2014-08-11,43.26,43.45,43.02,43.2,36.1367,20351600
2014-08-12,43.04,43.59,43.0,43.52,36.4044,21431100
2014-08-13,43.68,44.18,43.52,44.08,36.8728,22889500
2014-08-14,44.08,44.42,44.01,44.27,37.0318,19313200
2014-08-15,44.58,44.9,44.4,44.79,37.4667,41611300
2014-08-18,44.94,45.11,44.68,45.11,37.7344,26891100
2014-08-19,44.97,45.34,44.83,45.33,38.1553,28139500
2014-08-20,45.34,45.4,44.9,44.95,37.8354,24770500
2014-08-21,44.84,45.25,44.83,45.22,38.0627,22285500
2014-08-22,45.35,45.47,45.07,45.15,38.0038,18294500
2014-08-25,45.4,45.44,45.04,45.17,38.0206,16910000
2014-08-26,45.31,45.4,44.94,45.01,37.8859,14873100
2014-08-27,44.9,45.0,44.76,44.87,37.7681,21287900
2014-08-28,44.75,44.98,44.61,44.88,37.7765,17657600
2014-08-29,45.09,45.44,44.86,45.43,38.2394,21607600
2014-09-02,45.43,45.46,44.85,45.09,37.9533,22976800
2014-09-03,44.53,45.11,44.53,44.96,37.8438,33684500
2014-09-04,44.74,45.27,44.72,45.26,38.0964,26475500
2014-09-05,45.11,45.93,45.11,45.91,38.6435,36939400
2014-09-08,46.02,46.8,45.99,46.47,39.1148,45736700
2014-09-09,46.47,46.97,46.42,46.76,39.3589,40302400
2014-09-10,46.82,46.94,46.28,46.84,39.4263,27302400
2014-09-11,46.74,47.0,46.47,47.0,39.561,29216400
2014-09-12,46.91,47.02,46.6,46.7,39.3084,38244700
2014-09-15,46.54,46.71,46.1,46.24,38.9212,37667600
2014-09-16,46.39,46.85,46.29,46.76,39.3589,27910600
2014-09-17,46.26,46.69,46.23,46.52,39.1569,38311900
2014-09-18,46.59,46.83,46.46,46.68,39.2916,35556600
2014-09-19,46.81,47.57,46.6,47.52,39.9986,202522400
2014-09-22,47.3,47.38,46.98,47.06,39.6115,38686100
2014-09-23,46.85,46.98,46.47,46.56,39.1906,33430300
2014-09-24,46.63,47.11,46.34,47.08,39.6283,26582700
2014-09-25,46.88,47.09,46.03,46.04,38.7529,33077400
2014-09-26,45.93,46.62,45.76,46.41,39.0643,27078800
2014-09-29,45.98,46.56,45.76,46.44,39.0896,26091000
2014-09-30,46.37,46.48,46.01,46.36,39.0223,33033100
2014-10-01,46.27,46.53,45.85,45.9,38.6351,38088400
2014-10-02,45.83,46.1,45.64,45.76,38.5172,25119400
2014-10-03,45.98,46.3,45.61,46.09,38.795,32453200
2014-10-06,46.12,46.3,45.92,46.09,38.795,20604000
2014-10-07,45.86,45.93,45.42,45.53,38.3236,25723700
2014-10-08,45.48,46.89,45.34,46.78,39.3758,33031000
2014-10-09,46.5,46.8,45.74,45.85,38.593,34422800
2014-10-10,45.6,46.12,43.95,44.03,37.061,51978100
2014-10-13,43.82,44.56,43.49,43.65,36.7412,37100200
2014-10-14,43.87,44.38,43.56,43.73,36.8085,38115700
2014-10-15,43.0,43.39,42.1,43.22,36.3792,60218700
2014-10-16,42.53,43.08,42.22,42.74,35.9752,49040400
2014-10-17,43.2,43.94,42.79,43.63,36.7243,40683300
2014-10-20,43.06,44.14,42.81,44.08,37.1031,34527900
2014-10-21,44.36,44.98,44.19,44.88,37.7765,36433800
2014-10-22,45.0,45.07,44.23,44.38,37.3556,33570900
2014-10-23,44.62,45.45,44.53,45.02,37.8943,45451900
2014-10-24,46.83,46.9,45.18,46.13,38.8287,61076700
2014-10-27,45.71,46.1,45.71,45.91,38.6435,30371300
2014-10-28,45.86,46.5,45.77,46.49,39.1317,29049800
2014-10-29,46.44,46.7,46.34,46.62,39.2411,30276100
2014-10-30,46.32,46.32,45.77,46.05,38.7613,30073900
2014-10-31,46.94,46.97,46.48,46.95,39.5189,35849700
2014-11-03,46.89,47.46,46.73,47.44,39.9313,23130400
2014-11-04,47.3,47.73,47.25,47.57,40.0407,21530800
2014-11-05,47.8,47.9,47.26,47.86,40.2848,22449600
2014-11-06,47.86,48.86,47.79,48.7,40.9919,33037800
2014-11-07,48.92,48.92,48.29,48.68,40.975,28000600
2014-11-10,48.65,49.15,48.55,48.89,41.1518,36370100
2014-11-11,48.85,48.95,48.65,48.87,41.135,23445200
2014-11-12,48.56,48.92,48.52,48.78,41.0592,22722100
2014-11-13,48.81,49.65,48.71,49.61,41.7578,26210400
2014-11-14,49.74,50.05,49.39,49.58,41.7326,29081700
2014-11-17,49.41,49.71,49.14,49.46,41.6316,30318600
2014-11-18,49.13,49.33,48.7,48.74,41.2843,23995500
2014-11-19,48.66,48.75,47.93,48.22,40.8439,26177500
2014-11-20,48.0,48.7,47.87,48.7,41.2504,21510600
2014-11-21,49.02,49.05,47.57,47.98,40.6406,42884800
2014-11-24,47.99,48.0,47.39,47.59,40.3102,35434200
2014-11-25,47.66,47.97,47.45,47.47,40.2086,28008000
2014-11-26,47.49,47.99,47.28,47.75,40.4457,27163600
2014-11-28,47.95,48.2,47.61,47.81,40.4966,21534400
2014-12-01,47.88,48.78,47.71,48.62,41.1827,31191600
2014-12-02,48.84,49.05,48.2,48.46,41.0471,25773500
2014-12-03,48.44,48.5,47.81,48.08,40.7253,23534800
2014-12-04,48.39,49.06,48.2,48.84,41.369,30320400
2014-12-05,48.82,48.97,48.38,48.42,41.0133,27313400
2014-12-08,48.26,48.35,47.45,47.7,40.4034,26663100
2014-12-09,47.11,47.92,47.05,47.59,40.3102,24330500
2014-12-10,47.58,47.66,46.7,46.9,39.7258,30431800
2014-12-11,47.08,47.74,46.68,47.17,39.9545,29060400
2014-12-12,46.78,47.73,46.67,46.95,39.7681,34248400
2014-12-15,47.2,47.67,46.55,46.67,39.531,29247800
2014-12-16,45.9,46.34,45.13,45.16,38.2519,47801400
2014-12-17,45.05,45.95,44.9,45.74,38.7432,34970900
2014-12-18,46.58,47.52,46.34,47.52,40.2509,40105600
2014-12-19,47.63,48.1,47.17,47.66,40.3695,64551200
2014-12-22,47.78,48.12,47.71,47.98,40.6406,26566000
2014-12-23,48.37,48.8,48.13,48.45,41.0387,23648100
2014-12-24,48.64,48.64,48.08,48.14,40.7761,11437800
2014-12-26,48.41,48.41,47.82,47.88,40.5559,13197800
2014-12-29,47.7,47.78,47.26,47.45,40.1916,14439500
2014-12-30,47.44,47.62,46.84,47.02,39.8274,16384700
2014-12-31,46.73,47.44,46.45,46.45,39.3446,21552500
2015-01-02,46.66,47.42,46.54,46.76,39.6072,27913900
2015-01-05,46.37,46.73,46.25,46.33,39.243,39673900
2015-01-06,46.38,46.75,45.54,45.65,38.667,36447900
2015-01-07,45.98,46.46,45.49,46.23,39.1583,29114100
2015-01-08,46.75,47.75,46.72,47.59,40.3102,29645200
2015-01-09,47.61,47.82,46.9,47.19,39.9714,23944200
2015-01-12,47.42,47.54,46.36,46.6,39.4717,23651900
2015-01-13,46.97,47.91,46.06,46.36,39.2684,35270600
2015-01-14,45.96,46.24,45.62,45.96,38.9296,29719600
2015-01-15,46.22,46.38,45.41,45.48,38.523,32750800
2015-01-16,45.31,46.28,45.17,46.24,39.1667,35695300
2015-01-20,46.3,46.65,45.57,46.39,39.2938,36161900
2015-01-21,45.94,46.14,45.48,45.92,38.8957,39081100
2015-01-22,46.38,47.14,46.08,47.13,39.9206,35898000
2015-01-23,47.36,47.39,46.8,47.18,39.9629,26211600
2015-01-26,47.0,47.13,46.24,47.01,39.8189,42525500
2015-01-27,42.95,43.2,42.11,42.66,36.1344,169164000
2015-01-28,42.74,42.79,41.16,41.19,34.8892,84507100
2015-01-29,40.93,42.12,40.79,42.01,35.5838,63585300
2015-01-30,41.55,41.58,40.35,40.4,34.2201,78004900
2015-02-02,40.59,41.37,40.23,41.28,34.9655,50352500
2015-02-03,41.63,41.93,41.05,41.6,35.2365,52082400
2015-02-04,41.94,42.21,41.36,41.84,35.4398,41614800
2015-02-05,42.22,42.64,41.86,42.45,35.9565,36548200
2015-02-06,42.68,42.79,42.15,42.41,35.9226,34616600
2015-02-09,42.24,42.74,42.21,42.36,35.8802,31381100
2015-02-10,42.74,42.77,42.18,42.6,36.0835,29670700
2015-02-11,42.65,42.65,42.21,42.38,35.8972,38262500
2015-02-12,42.66,43.09,42.51,43.09,36.4986,33268800
2015-02-13,43.38,43.87,43.15,43.87,37.1593,40264900
2015-02-17,43.97,44.0,43.19,43.58,37.1763,33695700
2015-02-18,43.63,43.7,43.39,43.53,37.1337,27111700
2015-02-19,43.18,43.53,43.05,43.5,37.1081,27603400
2015-02-20,43.51,43.88,43.29,43.86,37.4152,29721100
2015-02-23,43.7,44.19,43.65,44.15,37.6626,32518800
2015-02-24,44.15,44.3,43.92,44.09,37.6114,25271700
2015-02-25,43.95,44.09,43.8,43.99,37.5261,29759800
2015-02-26,43.99,44.23,43.89,44.06,37.5858,28957300
2015-02-27,44.13,44.2,43.66,43.85,37.4067,33807700
2015-03-02,43.67,44.19,43.55,43.88,37.4322,31924000
2015-03-03,43.56,43.83,43.09,43.28,36.9204,31748600
2015-03-04,43.01,43.21,42.88,43.06,36.7327,25748700
2015-03-05,43.07,43.24,42.82,43.11,36.7754,23193500
2015-03-06,43.0,43.11,42.15,42.36,36.1356,36248800
2015-03-09,42.19,43.13,42.19,42.85,36.5536,32108000
2015-03-10,42.35,42.71,42.03,42.03,35.8541,39159700
2015-03-11,42.31,42.37,41.84,41.98,35.8114,32215300
2015-03-12,41.33,41.65,40.86,41.02,34.9925,59992500
2015-03-13,40.7,41.47,40.61,41.38,35.2996,58007700
2015-03-16,41.47,41.64,41.28,41.56,35.4531,35273500
2015-03-17,41.37,41.83,41.15,41.7,35.5726,31673400
2015-03-18,41.43,42.83,41.33,42.5,36.255,44194800
2015-03-19,42.26,42.59,42.22,42.29,36.0759,33879100
2015-03-20,42.56,42.98,42.49,42.88,36.5792,71904500
2015-03-23,42.88,43.13,42.78,42.86,36.5621,26246100
2015-03-24,42.78,43.17,42.75,42.9,36.5962,25513300
2015-03-25,42.92,42.93,41.44,41.46,35.3678,43469900
2015-03-26,41.22,41.61,40.92,41.21,35.1546,37495600
2015-03-27,41.12,41.43,40.83,40.97,34.9498,34401400
2015-03-30,41.1,41.54,40.91,40.96,34.9413,35049700
2015-03-31,40.78,41.03,40.54,40.66,34.6854,34887200
2015-04-01,40.6,40.76,40.31,40.72,34.7366,36865300
2015-04-02,40.66,40.74,40.12,40.29,34.3698,37487500
2015-04-06,40.34,41.78,40.18,41.55,35.4446,39223700
2015-04-07,41.61,41.91,41.31,41.53,35.4276,28809400
2015-04-08,41.46,41.69,41.04,41.42,35.3337,24753400
2015-04-09,41.25,41.62,41.25,41.48,35.3849,25723900
2015-04-10,41.63,41.95,41.41,41.72,35.5896,28022000
2015-04-13,41.4,42.06,41.39,41.76,35.6238,30276700
2015-04-14,41.8,42.03,41.39,41.65,35.5299,24244400
2015-04-15,41.76,42.46,41.68,42.26,36.0503,27343600
2015-04-16,41.95,42.34,41.82,42.16,35.965,22509700
2015-04-17,41.67,41.74,41.16,41.62,35.5043,42387600
2015-04-20,41.73,43.17,41.68,42.91,36.6048,46057700
2015-04-21,43.0,43.15,42.53,42.64,36.3745,26013800
2015-04-22,42.67,43.13,42.55,42.99,36.673,25064300
2015-04-23,42.89,43.61,42.8,43.34,36.9716,46309500
2015-04-24,45.66,48.14,45.65,47.87,40.836,130933700
2015-04-27,47.23,48.13,47.22,48.03,40.9724,59248200
2015-04-28,47.78,49.21,47.7,49.16,41.9364,60730800
2015-04-29,48.72,49.31,48.5,49.06,41.8511,47804600
2015-04-30,48.7,49.54,48.6,48.64,41.4928,64725500
2015-05-01,48.58,48.88,48.4,48.66,41.5099,38937300
2015-05-04,48.37,48.87,48.18,48.24,41.1516,34039500
2015-05-05,47.82,48.16,47.31,47.6,40.6056,50369200
2015-05-06,47.57,47.77,46.02,46.28,39.4796,52433000
2015-05-07,46.27,47.09,46.16,46.7,39.8379,32971700
2015-05-08,47.55,47.98,47.52,47.75,40.7336,35364900
2015-05-11,47.55,47.91,47.37,47.37,40.4094,24609400
2015-05-12,46.85,47.68,46.42,47.35,40.3924,29928300
2015-05-13,48.19,48.32,47.57,47.63,40.6312,34184600
2015-05-14,48.03,48.82,48.03,48.72,41.5611,32980900
2015-05-15,48.87,48.91,48.05,48.3,41.2028,28642700
2015-05-18,47.98,48.22,47.61,48.01,40.9554,24136500
2015-05-19,47.56,47.81,47.18,47.58,40.8523,28574800
2015-05-20,47.39,47.93,47.27,47.58,40.8523,25047900
2015-05-21,47.28,47.6,47.01,47.42,40.715,22410700
2015-05-22,47.3,47.35,46.82,46.9,40.2685,25720600
2015-05-26,46.83,46.88,46.19,46.59,40.0023,29581900
2015-05-27,46.82,47.77,46.62,47.61,40.8781,27335600
2015-05-28,47.5,48.02,47.39,47.45,40.7407,19283700
2015-05-29,47.43,47.57,46.59,46.86,40.2342,36519600
2015-06-01,47.06,47.77,46.62,47.23,40.5518,28837300
2015-06-02,46.93,47.35,46.62,46.92,40.2857,21498300
2015-06-03,47.37,47.74,46.82,46.85,40.2256,28002200
2015-06-04,46.79,47.16,46.2,46.36,39.8049,27745500
2015-06-05,46.31,46.52,45.84,46.14,39.616,25438100
2015-06-08,46.3,46.43,45.67,45.73,39.2639,22121600
2015-06-09,45.76,45.94,45.46,45.65,39.1952,24406100
2015-06-10,45.79,46.83,45.69,46.61,40.0195,28417400
2015-06-11,46.66,46.92,46.13,46.44,39.8735,27347800
2015-06-12,46.22,46.47,45.9,45.97,39.47,23931000
2015-06-15,45.45,45.65,45.02,45.48,39.0493,33254500
2015-06-16,45.35,46.24,45.3,45.83,39.3498,27070300
2015-06-17,45.73,46.07,45.36,45.97,39.47,28704100
2015-06-18,46.22,46.8,46.17,46.72,40.1139,32658300
2015-06-19,46.79,46.83,45.99,46.1,39.5816,63837000
2015-06-22,46.33,46.72,46.16,46.23,39.6932,20318100
2015-06-23,46.13,46.28,45.62,45.91,39.4185,25896500
2015-06-24,45.67,46.25,45.55,45.64,39.1867,34890900
2015-06-25,46.03,46.06,45.5,45.65,39.1952,20616000
2015-06-26,45.65,46.28,45.03,45.26,38.8604,49835300
2015-06-29,45.04,45.23,44.36,44.37,38.0962,34081700
2015-06-30,44.71,44.72,43.94,44.15,37.9073,35945400
2015-07-01,44.46,45.23,44.1,44.45,38.1649,28343900
2015-07-02,44.48,44.75,44.06,44.4,38.122,21752000
2015-07-06,43.96,44.48,43.95,44.39,38.1134,23034000
2015-07-07,44.34,44.49,43.32,44.3,38.0361,36435800
2015-07-08,44.44,44.9,44.03,44.24,37.9846,39785900
2015-07-09,44.75,45.22,44.5,44.52,38.225,32424700
2015-07-10,45.01,45.14,44.57,44.61,38.3023,25465800
2015-07-13,44.98,45.62,44.95,45.54,39.1008,28178300
2015-07-14,45.45,45.96,45.31,45.62,39.1695,22880300
2015-07-15,45.68,45.89,45.43,45.76,39.2897,26629600
2015-07-16,46.01,46.69,45.97,46.66,40.0624,26271700
2015-07-17,46.55,46.78,46.26,46.62,40.0281,29467100
2015-07-20,46.65,47.13,46.44,46.92,40.2857,30631900
2015-07-21,46.78,47.33,46.48,47.28,40.5948,42781900
2015-07-22,45.44,46.93,45.2,45.54,39.1008,59152400
2015-07-23,45.27,46.23,45.1,46.11,39.5902,33934000
2015-07-24,45.91,46.32,45.8,45.94,39.4442,32333200
2015-07-27,45.94,46.01,45.25,45.35,38.9377,39701400
2015-07-28,45.58,45.64,44.79,45.34,38.9291,34328900
2015-07-29,45.4,46.78,45.26,46.29,39.7447,40945900
2015-07-30,46.26,47.4,45.93,46.88,40.2513,39777900
2015-07-31,47.29,47.37,46.5,46.7,40.0968,31201500
2015-08-03,46.98,47.0,46.45,46.81,40.1912,24125900
2015-08-04,46.75,47.71,46.68,47.54,40.818,33403900
2015-08-05,47.98,48.41,47.54,47.58,40.8523,26959700
2015-08-06,47.71,47.77,46.33,46.62,40.0281,27368000
2015-08-07,46.39,46.78,46.26,46.74,40.1311,19163000
2015-08-10,46.95,47.49,46.84,47.33,40.6377,23079900
2015-08-11,46.82,46.94,45.9,46.41,39.8478,29237400
2015-08-12,46.19,46.9,45.71,46.74,40.1311,30181400
2015-08-13,47.06,47.1,46.49,46.73,40.1225,22627200
2015-08-14,46.53,47.1,46.52,47.0,40.3544,21473400
2015-08-17,46.81,47.45,46.57,47.32,40.6291,21099700
2015-08-18,46.84,47.43,46.7,47.27,40.8538,23574100
2015-08-19,46.78,47.08,46.3,46.61,40.2834,31485500
2015-08-20,46.07,46.47,45.66,45.66,39.4624,36238200
2015-08-21,45.3,45.48,43.07,43.07,37.2239,70053100
2015-08-24,40.45,42.69,39.72,41.68,36.0226,88753700
2015-08-25,42.57,43.24,40.39,40.47,34.9768,70616600
2015-08-26,42.01,42.84,41.06,42.71,36.9128,63408000
2015-08-27,43.23,43.95,42.93,43.9,37.9412,50943200
2015-08-28,43.4,44.15,43.39,43.93,37.9672,28246700
2015-08-31,43.56,43.93,43.1,43.52,37.6128,34441700
2015-09-01,42.17,42.59,41.66,41.82,36.1436,49688900
2015-09-02,42.36,43.38,41.88,43.36,37.4745,37671500
2015-09-03,43.41,43.98,43.28,43.5,37.5955,28285200
2015-09-04,42.81,43.04,42.2,42.61,36.8263,37138800
2015-09-08,43.3,44.0,43.2,43.89,37.9326,32469800
2015-09-09,44.21,44.4,42.91,43.07,37.2239,33469500
2015-09-10,43.12,43.79,42.75,43.29,37.414,31366600
2015-09-11,43.14,43.59,42.94,43.48,37.5783,27132500
2015-09-14,43.43,43.44,42.86,43.04,37.198,23656000
2015-09-15,43.19,44.29,43.08,43.98,38.0104,28882200
2015-09-16,43.97,44.38,43.84,44.3,38.287,23372200
2015-09-17,44.29,45.0,44.08,44.25,38.2437,32768200
2015-09-18,43.5,43.99,43.33,43.48,37.5783,63143700
2015-09-21,43.62,44.47,43.6,44.11,38.1227,26177200
2015-09-22,43.38,44.05,43.31,43.9,37.9412,28085900
2015-09-23,43.93,44.17,43.51,43.87,37.9153,17145200
2015-09-24,43.45,44.13,43.27,43.91,37.9499,27905600
2015-09-25,44.48,44.73,43.76,43.94,37.9758,29384600
2015-09-28,43.83,44.09,43.21,43.29,37.414,27613800
2015-09-29,43.37,43.57,43.05,43.44,37.5437,32763600
2015-09-30,43.88,44.3,43.66,44.26,38.2524,34958900
2015-10-01,44.75,44.75,43.75,44.61,38.5549,28657900
2015-10-02,44.27,45.57,43.92,45.57,39.3846,41839000
2015-10-05,45.75,46.89,45.7,46.63,40.3007,34369300
2015-10-06,46.33,47.18,46.22,46.75,40.4044,27017200
2015-10-07,47.1,47.35,45.95,46.8,40.4476,27711500
2015-10-08,46.56,47.52,46.5,47.45,41.0094,33772700
2015-10-09,47.45,47.54,46.92,47.11,40.7155,28600600
2015-10-12,46.98,47.07,46.5,47.0,40.6205,19769100
2015-10-13,46.56,47.13,46.56,46.89,40.5254,19987800
2015-10-14,46.65,47.1,46.53,46.68,40.3439,24697800
2015-10-15,47.01,47.03,46.53,47.01,40.6291,27189400
2015-10-16,47.02,47.54,46.9,47.51,41.0612,26450300
2015-10-19,47.42,47.88,47.02,47.62,41.1563,29387600
2015-10-20,47.44,47.81,47.02,47.77,41.286,30802200
2015-10-21,47.92,47.99,47.11,47.2,40.7933,25144300
2015-10-22,47.53,48.95,47.09,48.03,41.5107,56637100
2015-10-23,52.3,54.07,52.25,52.87,45.6937,135227100
2015-10-26,52.53,54.32,52.5,54.25,46.8864,64633300
2015-10-27,53.99,54.37,53.58,53.69,46.4024,50999900
2015-10-28,53.54,53.98,52.86,53.98,46.653,47000800
2015-10-29,53.54,53.83,53.22,53.36,46.1172,30202100
2015-10-30,53.32,53.99,52.62,52.64,45.4949,46619800
2015-11-02,52.85,53.36,52.62,53.24,46.0135,30285000
2015-11-03,52.93,54.39,52.9,54.15,46.8,36596900
2015-11-04,54.18,54.88,54.06,54.4,47.016,37087800
2015-11-05,54.49,54.7,54.0,54.38,46.9987,31468500
2015-11-06,54.09,54.98,53.96,54.92,47.4654,32851200
2015-11-09,54.55,54.87,53.56,54.16,46.8086,32513100
2015-11-10,54.07,54.13,53.27,53.51,46.2468,55283700
2015-11-11,53.7,54.2,53.46,53.65,46.3678,36516300
2015-11-12,53.48,53.98,53.19,53.32,46.0826,35361100
2015-11-13,53.07,53.29,52.53,52.84,45.6678,36848200
2015-11-16,53.08,53.89,52.85,53.77,46.4715,32165200
2015-11-17,53.17,53.53,52.85,52.97,46.0887,31551300
2015-11-18,53.0,53.98,52.98,53.85,46.8544,29710000
2015-11-19,53.99,54.66,53.78,53.94,46.9327,28149200
2015-11-20,54.25,54.3,53.27,54.19,47.1502,37147600
2015-11-23,54.25,54.46,53.75,54.19,47.1502,28235900
2015-11-24,53.92,54.44,53.58,54.25,47.2024,24600000
2015-11-25,54.09,54.23,53.69,53.69,46.7152,21005100
2015-11-27,53.8,54.08,53.79,53.93,46.924,9009100
2015-11-30,54.54,54.96,54.0,54.35,47.2894,56241400
2015-12-01,54.41,55.23,54.3,55.22,48.0464,39952800
2015-12-02,55.32,55.96,55.06,55.21,48.0377,47274900
2015-12-03,55.49,55.77,53.93,54.2,47.1589,38627800
2015-12-04,54.12,56.23,54.1,55.91,48.6468,43963700
2015-12-07,55.79,55.97,55.29,55.81,48.5598,30709800
2015-12-08,55.47,56.1,54.99,55.79,48.5424,32878000
2015-12-09,55.37,55.87,54.51,54.98,47.8376,36373200
2015-12-10,55.39,55.66,55.01,55.27,48.0899,31775800
2015-12-11,54.71,55.1,54.01,54.06,47.0371,39549500
2015-12-14,54.33,55.21,53.68,55.14,47.9768,46768900
2015-12-15,55.66,55.9,55.09,55.2,48.029,39843000
2015-12-16,55.54,56.25,54.76,56.13,48.8382,37503300
2015-12-17,56.36,56.79,55.53,55.7,48.4641,41280900
2015-12-18,55.77,56.0,54.03,54.13,47.098,84684200
2015-12-21,54.88,55.35,54.23,54.83,47.7071,37246300
2015-12-22,54.99,55.48,54.5,55.35,48.1595,28322200
2015-12-23,55.7,55.88,55.44,55.82,48.5685,27279800
2015-12-24,55.86,55.96,55.43,55.67,48.4379,9558500
2015-12-28,55.35,55.95,54.98,55.95,48.6816,22458300
2015-12-29,56.29,56.85,56.06,56.55,49.2036,27731400
2015-12-30,56.47,56.78,56.29,56.31,48.9948,21704500
2015-12-31,56.04,56.19,55.42,55.48,48.2726,27334100
2016-01-04,54.32,54.8,53.39,54.8,47.681,53778000
2016-01-05,54.93,55.39,54.54,55.05,47.8985,34079700
2016-01-06,54.32,54.4,53.64,54.05,47.0284,39518900
2016-01-07,52.7,53.49,52.07,52.17,45.3926,56564900
2016-01-08,52.37,53.28,52.15,52.33,45.5318,48754000
2016-01-11,52.51,52.85,51.46,52.3,45.5057,36943800
2016-01-12,52.76,53.1,52.06,52.78,45.9234,36095500
2016-01-13,53.8,54.07,51.3,51.64,44.9315,66883600
2016-01-14,52.0,53.42,51.57,53.11,46.2105,52381900
2016-01-15,51.31,51.97,50.34,50.99,44.3659,71820700
2016-01-19,51.48,51.68,50.06,50.56,43.9918,43564500
2016-01-20,49.98,51.38,49.1,50.79,44.1919,63273000
2016-01-21,51.0,51.58,50.3,50.48,43.9222,40191200
2016-01-22,51.41,52.33,51.26,52.29,45.497,37555800
2016-01-25,51.94,52.65,51.65,51.79,45.062,34707700
2016-01-26,51.79,52.44,51.55,52.17,45.3926,28900800
2016-01-27,52.01,52.2,51.02,51.22,44.566,36775200
2016-01-28,51.86,52.21,51.25,52.06,45.2969,62513800
2016-01-29,54.73,55.09,54.0,55.09,47.9333,83611700
2016-02-01,54.88,55.09,54.5,54.71,47.6027,44208500
2016-02-02,54.17,54.26,52.65,53.0,46.1148,56313800
2016-02-03,53.25,53.39,51.26,52.16,45.3839,57559800
2016-02-04,52.1,52.81,51.37,52.0,45.2447,46987100
2016-02-05,51.94,52.0,49.56,50.16,43.6437,62009000
2016-02-08,49.55,49.57,48.19,49.41,42.9912,59290500
2016-02-09,49.02,50.24,48.67,49.28,42.8781,46740500
2016-02-10,49.89,50.39,49.52,49.71,43.2522,38237000
2016-02-11,48.68,50.11,48.51,49.69,43.2348,48878600
2016-02-12,50.25,50.68,49.75,50.5,43.9396,34243300
2016-02-16,50.9,51.09,50.13,51.09,44.7721,37291200
2016-02-17,51.49,52.77,51.45,52.42,45.9376,40789000
2016-02-18,52.33,52.95,52.1,52.19,45.7361,27176000
2016-02-19,51.97,52.28,51.53,51.82,45.4118,33559100
2016-02-22,52.28,53.0,52.28,52.65,46.1392,25008300
2016-02-23,52.34,52.37,50.98,51.18,44.851,28895300
2016-02-24,50.69,51.5,50.2,51.36,45.0087,33014500
2016-02-25,51.73,52.1,50.61,52.1,45.6572,26939500
2016-02-26,52.6,52.68,51.1,51.3,44.9561,35975900
2016-02-29,51.35,51.65,50.66,50.88,44.5881,31654000
2016-03-01,50.97,52.59,50.92,52.58,46.0778,33024500
2016-03-02,52.41,52.96,52.16,52.95,46.4021,29289900
2016-03-03,52.97,52.97,51.78,52.35,45.8763,24427800
2016-03-04,52.4,52.45,51.71,52.03,45.5959,33034200
2016-03-07,51.56,51.8,50.58,51.03,44.7195,38407800
2016-03-08,50.8,52.13,50.6,51.65,45.2628,33835100
2016-03-09,51.89,52.85,51.86,52.84,46.3057,28251600
2016-03-10,52.93,52.94,51.16,52.05,45.6134,38387800
2016-03-11,53.0,53.07,52.38,53.07,46.5072,32275700
2016-03-14,52.71,53.59,52.63,53.17,46.5949,24083600
2016-03-15,52.75,53.59,52.74,53.59,46.9629,21104800
2016-03-16,53.45,54.6,53.4,54.35,47.629,31691700
2016-03-17,54.21,55.0,54.0,54.66,47.9006,28223900
2016-03-18,54.92,54.97,53.45,53.49,46.8753,67625500
2016-03-21,53.25,53.93,52.93,53.86,47.1996,23925700
2016-03-22,53.61,54.25,53.46,54.07,47.3836,23124100
2016-03-23,54.11,54.24,53.74,53.97,47.296,20129000
2016-03-24,53.84,54.33,53.73,54.21,47.5063,19950000
2016-03-28,54.21,54.29,53.33,53.54,46.9191,17025100
2016-03-29,53.66,54.86,53.45,54.71,47.9444,23924300
2016-03-30,54.93,55.64,54.9,55.05,48.2424,23008300
2016-03-31,54.95,55.59,54.86,55.23,48.4001,26360500
2016-04-01,55.05,55.61,54.57,55.57,48.6981,24399200
2016-04-04,55.43,55.66,55.0,55.43,48.5754,18928800
2016-04-05,55.19,55.3,54.46,54.56,47.813,19272300
2016-04-06,54.36,55.2,54.21,55.12,48.3037,21188700
2016-04-07,54.87,54.91,54.23,54.46,47.7254,19225100
2016-04-08,54.67,55.28,54.32,54.42,47.6903,22167200
2016-04-11,54.49,55.15,54.3,54.31,47.5939,21414200
2016-04-12,54.37,54.78,53.76,54.65,47.8919,24944300
2016-04-13,55.12,55.44,54.89,55.35,48.5053,20818000
2016-04-14,55.22,55.58,55.07,55.36,48.5141,20877100
2016-04-15,55.3,55.92,55.11,55.65,48.7682,28793800
2016-04-18,55.49,56.59,55.21,56.46,49.478,23786000
2016-04-19,56.63,56.77,55.68,56.39,49.4167,29596800
2016-04-20,56.29,56.5,55.49,55.59,48.7156,36195700
2016-04-21,55.8,56.23,55.42,55.78,48.8821,38909100
2016-04-22,51.91,52.43,50.77,51.78,45.3768,126834100
2016-04-25,51.78,52.13,51.63,52.11,45.666,33226900
2016-04-26,52.26,52.35,51.09,51.44,45.0788,33532600
2016-04-27,51.48,51.5,50.55,50.94,44.6406,43369300
2016-04-28,50.62,50.77,49.56,49.9,43.7293,43134800
2016-04-29,49.35,50.25,49.35,49.87,43.703,48411700
2016-05-02,50.0,50.75,49.78,50.61,44.3515,33114500
2016-05-03,50.34,50.41,49.6,49.78,43.6241,26460200
2016-05-04,49.84,50.06,49.46,49.87,43.703,24257600
2016-05-05,49.87,50.3,49.73,49.94,43.7643,25390700
2016-05-06,49.92,50.39,49.66,50.39,44.1587,24787300
2016-05-09,50.49,50.59,50.0,50.07,43.8782,17951600
2016-05-10,50.33,51.1,50.19,51.02,44.7108,22891000
2016-05-11,51.13,51.78,51.0,51.05,44.737,24039100
2016-05-12,51.2,51.81,50.92,51.51,45.1402,24102800
2016-05-13,51.44,51.9,51.04,51.08,44.7633,22592300
2016-05-16,50.8,51.96,50.75,51.83,45.4206,20032000
2016-05-17,51.72,51.73,50.36,50.51,44.5734,27803500
2016-05-18,50.48,51.14,50.3,50.81,44.8382,24907500
2016-05-19,50.47,50.62,49.82,50.32,44.4058,23842400
2016-05-20,50.48,51.22,50.4,50.62,44.6705,23905800
2016-05-23,50.6,50.68,49.98,50.03,44.1498,26118700
2016-05-24,50.7,51.71,50.4,51.59,45.5265,34757900
2016-05-25,51.92,52.49,51.79,52.12,45.9942,24040200
2016-05-26,51.93,51.98,51.36,51.89,45.7912,24335200
2016-05-27,51.92,52.32,51.77,52.32,46.1707,17721400
2016-05-31,52.26,53.0,52.08,53.0,46.7708,37653100
2016-06-01,52.44,52.95,52.44,52.85,46.6384,25324800
2016-06-02,52.64,52.74,51.84,52.48,46.3119,22840800
2016-06-03,52.38,52.42,51.6,51.79,45.703,23368300
2016-06-06,51.99,52.35,51.89,52.13,46.003,18243300
2016-06-07,52.24,52.73,52.1,52.1,45.9765,20866800
2016-06-08,52.02,52.44,51.87,52.04,45.9236,21149400
2016-06-09,52.0,52.0,51.49,51.62,45.553,20305700
2016-06-10,51.05,52.05,51.04,51.48,45.4294,25833200
2016-06-13,49.58,50.72,49.06,50.14,44.2469,83217800
2016-06-14,49.9,50.1,49.57,49.83,43.9733,42577100
2016-06-15,49.78,50.12,49.69,49.69,43.8498,33757600
2016-06-16,49.52,50.47,49.51,50.39,44.4675,31188600
2016-06-17,50.41,50.43,49.82,50.13,44.2381,45710500
2016-06-20,50.64,50.83,50.03,50.07,44.1851,35607900
2016-06-21,50.2,51.43,50.16,51.19,45.1735,34097800
2016-06-22,51.08,51.46,50.95,50.99,44.997,28816800
2016-06-23,51.28,52.06,51.15,51.91,45.8089,29028800
2016-06-24,49.81,50.94,49.52,49.83,43.9733,133503000
2016-06-27,49.1,49.15,48.04,48.43,42.7379,50216300
2016-06-28,48.92,49.47,48.67,49.44,43.6292,38140700
2016-06-29,49.91,50.72,49.8,50.54,44.5999,31304000
2016-06-30,50.72,51.3,50.5,51.17,45.1558,28527800
2016-07-01,51.13,51.72,51.07,51.16,45.147,21400400
2016-07-05,50.83,51.28,50.74,51.17,45.1558,24806400
2016-07-06,50.78,51.54,50.39,51.38,45.3412,28167500
2016-07-07,51.42,51.61,51.07,51.38,45.3412,19585200
2016-07-08,51.73,52.36,51.55,52.3,46.153,28391000
2016-07-11,52.5,52.83,52.47,52.59,46.409,22269200
2016-07-12,52.94,53.4,52.79,53.21,46.9561,27317600
2016-07-13,53.56,53.86,53.18,53.51,47.2208,25356800
2016-07-14,53.84,53.99,53.58,53.74,47.4238,24545500
2016-07-15,53.95,54.0,53.21,53.7,47.3885,32024400
2016-07-18,53.7,54.34,53.55,53.96,47.6179,31433900
2016-07-19,53.71,53.9,52.93,53.09,46.8502,53336500
2016-07-20,56.15,56.84,55.53,55.91,49.3387,89893300
2016-07-21,55.98,56.23,55.76,55.8,49.2417,32776700
2016-07-22,56.08,56.63,55.78,56.57,49.9212,32157200
2016-07-25,56.47,56.74,56.26,56.73,50.0624,25610600
2016-07-26,56.52,57.29,56.51,56.76,50.0888,28079000
2016-07-27,56.61,56.8,56.11,56.19,49.5858,32327500
2016-07-28,56.0,56.37,55.72,56.21,49.6035,37550400
2016-07-29,56.26,56.76,56.05,56.68,50.0182,30558700
2016-08-01,56.6,56.75,56.14,56.58,49.93,26003400
2016-08-02,56.85,56.9,56.31,56.58,49.93,35122000
2016-08-03,56.68,57.11,56.49,56.97,50.2742,22075600
2016-08-04,56.8,57.52,56.67,57.39,50.6448,26587700
2016-08-05,57.65,58.21,57.45,57.96,51.1478,29335200
2016-08-08,58.06,58.09,57.78,58.06,51.236,19473500
2016-08-09,58.17,58.5,58.02,58.2,51.3596,16920700
2016-08-10,58.16,58.32,57.82,58.02,51.2008,15756900
2016-08-11,58.03,58.45,58.03,58.3,51.4478,18162300
2016-08-12,58.03,58.19,57.62,57.94,51.1302,21655200
2016-08-15,58.01,58.5,57.96,58.12,51.289,19283900
2016-08-16,57.61,57.62,57.27,57.44,51.0048,20523500
2016-08-17,57.54,57.68,57.23,57.56,51.1114,18856400
2016-08-18,57.42,57.7,57.27,57.6,51.1469,14214300
2016-08-19,57.43,57.73,57.2,57.62,51.1647,17271000
2016-08-22,57.6,57.75,57.26,57.67,51.2091,15221900
2016-08-23,57.9,58.18,57.85,57.89,51.4044,18732400
2016-08-24,57.8,58.04,57.72,57.95,51.4577,18151500
2016-08-25,57.88,58.29,57.78,58.17,51.6531,18552600
2016-08-26,58.28,58.7,57.69,58.03,51.5287,20971200
2016-08-29,58.18,58.6,58.1,58.1,51.5909,16417200
2016-08-30,57.98,58.19,57.61,57.89,51.4044,16930200
2016-08-31,57.65,57.8,57.3,57.46,51.0226,20860300
2016-09-01,57.01,57.82,57.01,57.59,51.138,26075400
2016-09-02,57.67,58.19,57.42,57.67,51.2091,18900500
2016-09-06,57.78,57.8,57.21,57.61,51.1558,16278400
2016-09-07,57.47,57.84,57.41,57.66,51.2002,17493400
2016-09-08,57.63,57.79,57.18,57.43,50.996,20146100
2016-09-09,56.79,57.52,56.21,56.21,49.9126,35113900
2016-09-12,56.0,57.21,55.61,57.05,50.6585,29303000
2016-09-13,56.5,56.65,56.05,56.53,50.1968,30130200
2016-09-14,56.39,56.63,56.03,56.26,49.957,24062500
2016-09-15,56.15,57.35,55.98,57.19,50.7829,26847000
2016-09-16,57.63,57.63,56.75,57.25,50.8361,44607000
2016-09-19,57.27,57.75,56.85,56.93,50.552,20937100
2016-09-20,57.35,57.35,56.75,56.81,50.4454,17384000
2016-09-21,57.51,57.85,57.08,57.76,51.289,33707300
2016-09-22,57.92,58.0,57.63,57.82,51.3423,19822200
2016-09-23,57.87,57.91,57.38,57.43,50.996,19955300
2016-09-26,57.08,57.14,56.83,56.9,50.5253,21688700
2016-09-27,56.93,58.06,56.68,57.95,51.4577,28065100
2016-09-28,57.88,58.06,57.67,58.03,51.5287,20536400
2016-09-29,57.81,58.17,57.21,57.4,50.9693,25463500
2016-09-30,57.57,57.77,57.34,57.6,51.1469,29910800
2016-10-03,57.41,57.55,57.06,57.42,50.9871,19189500
2016-10-04,57.27,57.6,56.97,57.24,50.8273,20085900
2016-10-05,57.29,57.96,57.26,57.64,51.1824,16726400
2016-10-06,57.74,57.86,57.28,57.74,51.2712,16212600
2016-10-07,57.85,57.98,57.42,57.8,51.3245,20089000
2016-10-10,57.91,58.39,57.87,58.04,51.5376,18196500
2016-10-11,57.89,58.02,56.89,57.19,50.7829,26497400
2016-10-12,57.11,57.27,56.4,57.11,50.7118,22177500
2016-10-13,56.7,57.3,56.32,56.92,50.5431,25313700
2016-10-14,57.12,57.74,57.12,57.42,50.9871,27402500
2016-10-17,57.36,57.46,56.87,57.22,50.8095,23830000
2016-10-18,57.53,57.95,57.41,57.66,51.2002,19149500
2016-10-19,57.47,57.84,57.4,57.53,51.0848,22878400
2016-10-20,57.5,57.52,56.66,57.25,50.8361,49455600
2016-10-21,60.28,60.45,59.49,59.66,52.9761,80032200
2016-10-24,59.94,61.0,59.93,61.0,54.166,54067000
2016-10-25,60.85,61.37,60.8,60.99,54.1571,35137200
2016-10-26,60.81,61.2,60.47,60.63,53.8375,29911600
2016-10-27,60.61,60.83,60.09,60.1,53.3668,28479900
2016-10-28,60.01,60.52,59.58,59.87,53.1626,33574700
2016-10-31,60.16,60.42,59.92,59.92,53.207,26434700
2016-11-01,59.97,60.02,59.25,59.8,53.1005,24533000
2016-11-02,59.82,59.93,59.3,59.43,52.7719,22147000
2016-11-03,59.53,59.64,59.11,59.21,52.5765,21600400
2016-11-04,58.65,59.28,58.52,58.71,52.1326,28697000
2016-11-07,59.78,60.52,59.78,60.42,53.651,31664800
2016-11-08,60.55,60.78,60.15,60.47,53.6954,22935400
2016-11-09,60.0,60.59,59.2,60.17,53.429,49632500
2016-11-10,60.48,60.49,57.63,58.7,52.1237,57822400
2016-11-11,58.23,59.12,58.01,59.02,52.4078,38767800
2016-11-14,59.02,59.08,57.28,58.12,51.6087,41328400
2016-11-15,58.33,59.49,58.32,58.87,52.6278,35904100
2016-11-16,58.94,59.66,58.81,59.65,53.3251,27332500
2016-11-17,60.41,60.95,59.97,60.64,54.2101,32132700
2016-11-18,60.78,61.14,60.3,60.35,53.9509,27686300
2016-11-21,60.5,60.97,60.42,60.86,54.4068,19652600
2016-11-22,60.98,61.26,60.81,61.12,54.6392,23206700
2016-11-23,61.01,61.1,60.25,60.4,53.9956,21848900
2016-11-25,60.3,60.53,60.13,60.53,54.1118,8409600
2016-11-28,60.34,61.02,60.21,60.61,54.1833,20732600
2016-11-29,60.65,61.41,60.52,61.09,54.6124,22366700
2016-11-30,60.86,61.18,60.22,60.26,53.8704,34655400
2016-12-01,60.11,60.15,58.94,59.2,52.9228,34542100
2016-12-02,59.08,59.47,58.8,59.25,52.9675,25515700
2016-12-05,59.7,60.59,59.56,60.22,53.8346,23552700
2016-12-06,60.43,60.46,59.8,59.95,53.5933,19907000
2016-12-07,60.01,61.38,59.8,61.37,54.8627,30809000
2016-12-08,61.3,61.58,60.84,61.01,54.5409,21220800
2016-12-09,61.18,61.99,61.13,61.97,55.3991,27349400
2016-12-12,61.82,62.3,61.72,62.17,55.5779,20198100
2016-12-13,62.5,63.42,62.24,62.98,56.302,35718900
2016-12-14,63.0,63.45,62.53,62.68,56.0338,30352700
2016-12-15,62.7,63.15,62.3,62.58,55.9444,27669900
2016-12-16,62.95,62.95,62.12,62.3,55.6941,42453100
2016-12-19,62.56,63.77,62.42,63.62,56.8741,34338200
2016-12-20,63.69,63.8,63.03,63.54,56.8026,26028400
2016-12-21,63.43,63.7,63.12,63.54,56.8026,17096300
2016-12-22,63.84,64.1,63.41,63.55,56.8115,22176600
2016-12-23,63.45,63.54,62.8,63.24,56.5344,12403800
2016-12-27,63.21,64.07,63.21,63.28,56.5702,11763200
2016-12-28,63.4,63.4,62.83,62.99,56.3109,14653300
2016-12-29,62.86,63.2,62.73,62.9,56.2305,10250600
2016-12-30,62.96,62.99,62.03,62.14,55.5511,25579900
2017-01-03,62.79,62.84,62.13,62.58,55.9444,20694100
2017-01-04,62.48,62.75,62.12,62.3,55.6941,21340000
2017-01-05,62.19,62.66,62.03,62.3,55.6941,24876000
2017-01-06,62.3,63.15,62.04,62.84,56.1768,19922900
2017-01-09,62.76,63.08,62.54,62.64,55.998,20382700
2017-01-10,62.73,63.07,62.28,62.62,55.9802,18593000
2017-01-11,62.61,63.23,62.43,63.19,56.4897,21517300
2017-01-12,63.06,63.4,61.95,62.61,55.9712,20968200
2017-01-13,62.62,62.87,62.35,62.7,56.0517,19422300
2017-01-17,62.68,62.7,62.03,62.53,55.8997,20664000
2017-01-18,62.67,62.7,62.12,62.5,55.8729,19670100
2017-01-19,62.24,62.98,62.2,62.3,55.6941,18451700
2017-01-20,62.67,62.82,62.37,62.74,56.0874,30213500
2017-01-23,62.7,63.12,62.57,62.96,56.2841,23097600
2017-01-24,63.2,63.74,62.94,63.52,56.7847,24672900
2017-01-25,63.95,64.1,63.45,63.68,56.9278,23672700
2017-01-26,64.12,64.54,63.55,64.27,57.4552,43554600
2017-01-27,65.39,65.91,64.89,65.78,58.8051,44818000
2017-01-30,65.69,65.79,64.8,65.13,58.224,31651400
2017-01-31,64.86,65.15,64.26,64.65,57.7949,25270500
2017-02-01,64.36,64.62,63.47,63.58,56.8384,39671500
2017-02-02,63.25,63.41,62.75,63.17,56.4718,45827000
2017-02-03,63.5,63.7,63.07,63.68,56.9278,30301800
2017-02-06,63.5,63.65,63.14,63.64,56.892,19796400
2017-02-07,63.74,63.78,63.23,63.43,56.7043,20277200
2017-02-08,63.57,63.81,63.22,63.34,56.6238,18096400
2017-02-09,63.52,64.44,63.32,64.06,57.2675,22644400
2017-02-10,64.25,64.3,63.98,64.0,57.2138,18170700
2017-02-13,64.24,64.86,64.13,64.72,57.8575,22920100
2017-02-14,64.41,64.72,64.02,64.57,58.0733,23108400
2017-02-15,64.5,64.57,64.16,64.53,58.0374,17005200
2017-02-16,64.74,65.24,64.44,64.52,58.0284,20546300
2017-02-17,64.47,64.69,64.3,64.62,58.1183,21248800
2017-02-21,64.61,64.95,64.45,64.49,58.0014,20655900
2017-02-22,64.33,64.39,64.05,64.36,57.8845,19292700
2017-02-23,64.42,64.73,64.19,64.62,58.1183,20273100
2017-02-24,64.53,64.8,64.14,64.62,58.1183,21796800
2017-02-27,64.54,64.54,64.05,64.23,57.7676,15871500
2017-02-28,64.08,64.2,63.76,63.98,57.5427,23239800
2017-03-01,64.13,64.99,64.02,64.94,58.4061,26937500
2017-03-02,64.69,64.75,63.88,64.01,57.5697,24539600
2017-03-03,63.99,64.28,63.62,64.25,57.7855,18135900
2017-03-06,63.97,64.56,63.81,64.27,57.8035,18750300
2017-03-07,64.19,64.78,64.19,64.4,57.9204,18521000
2017-03-08,64.26,65.08,64.25,64.99,58.4511,21510900
2017-03-09,65.19,65.2,64.48,64.73,58.2172,19846800
2017-03-10,65.11,65.26,64.75,64.93,58.3971,19538200
2017-03-13,65.01,65.19,64.57,64.71,58.1993,20100000
2017-03-14,64.53,64.55,64.15,64.41,57.9294,14280200
2017-03-15,64.55,64.92,64.25,64.75,58.2352,24833800
2017-03-16,64.75,64.76,64.3,64.64,58.1363,20674300
2017-03-17,64.91,65.24,64.68,64.87,58.3432,49219700
2017-03-20,64.91,65.18,64.72,64.93,58.3971,14598100
2017-03-21,65.19,65.5,64.13,64.21,57.7496,26640500
2017-03-22,64.12,65.14,64.12,65.03,58.4871,20680000
2017-03-23,64.94,65.24,64.77,64.87,58.3432,19269200
2017-03-24,65.36,65.45,64.76,64.98,58.4421,22617100
2017-03-27,64.63,65.22,64.35,65.1,58.55,18614700
2017-03-28,64.96,65.47,64.65,65.29,58.7209,20080400
2017-03-29,65.12,65.5,64.95,65.47,58.8828,13618400
2017-03-30,65.42,65.98,65.36,65.71,59.0986,15122800
2017-03-31,65.65,66.19,65.45,65.86,59.2335,21040300
2017-04-03,65.81,65.94,65.19,65.55,58.9547,20400900
2017-04-04,65.39,65.81,65.28,65.73,59.1166,12997400
2017-04-05,66.3,66.35,65.44,65.56,58.9637,21448600
2017-04-06,65.6,66.06,65.48,65.73,59.1166,18103500
2017-04-07,65.85,65.96,65.44,65.68,59.0717,14108500
2017-04-10,65.61,65.82,65.36,65.53,58.9368,17952700
2017-04-11,65.6,65.61,64.85,65.48,58.8918,18791500
2017-04-12,65.42,65.51,65.11,65.23,58.6669,17108500
2017-04-13,65.29,65.86,64.95,64.95,58.4151,17896500
2017-04-17,65.04,65.49,65.01,65.48,58.8918,16689300
2017-04-18,65.33,65.71,65.16,65.39,58.8108,15155600
2017-04-19,65.65,65.75,64.89,65.04,58.4961,26992800
2017-04-20,65.46,65.75,65.14,65.5,58.9098,22299500
2017-04-21,65.67,66.7,65.45,66.4,59.7192,32522600
2017-04-24,67.48,67.66,67.1,67.53,60.7355,29770000
2017-04-25,67.9,68.04,67.6,67.92,61.0863,30242700
2017-04-26,68.08,68.31,67.62,67.83,61.0053,26190800
2017-04-27,68.15,68.38,67.58,68.27,61.4011,34971000
2017-04-28,68.91,69.14,67.69,68.46,61.572,39548800
2017-05-01,68.68,69.55,68.5,69.41,62.4264,31954400
2017-05-02,69.71,69.71,69.13,69.3,62.3274,23906100
2017-05-03,69.38,69.38,68.71,69.08,62.1296,28928000
2017-05-04,69.03,69.08,68.64,68.81,61.8867,21749400
2017-05-05,68.9,69.03,68.49,69.0,62.0576,19128800
2017-05-08,68.97,69.05,68.42,68.94,62.0037,18566100
2017-05-09,68.86,69.28,68.68,69.04,62.0936,22858400
2017-05-10,68.99,69.56,68.92,69.31,62.3364,17977800
2017-05-11,68.36,68.73,68.12,68.46,61.572,28789400
2017-05-12,68.61,68.61,68.04,68.38,61.5,18714100
2017-05-15,68.14,68.48,67.57,68.43,61.545,31530300
2017-05-16,68.23,69.44,68.16,69.41,62.7842,34956000
2017-05-17,68.89,69.1,67.43,67.48,61.0384,30548800
2017-05-18,67.4,68.13,67.14,67.71,61.2465,25201300
2017-05-19,67.5,68.1,67.43,67.69,61.2284,26961100
2017-05-22,67.89,68.5,67.5,68.45,61.9158,16237600
2017-05-23,68.72,68.75,68.38,68.68,62.1239,15425800
2017-05-24,68.87,68.88,68.45,68.77,62.2053,14593900
2017-05-25,68.97,69.88,68.91,69.62,62.9741,21854100
2017-05-26,69.8,70.22,69.52,69.96,63.2817,19827900
2017-05-30,69.79,70.41,69.77,70.41,63.6887,17072800
2017-05-31,70.53,70.74,69.81,69.84,63.1731,30436400
2017-06-01,70.24,70.61,69.45,70.1,63.4083,21603600
2017-06-02,70.44,71.86,70.24,71.76,64.9099,34770300
2017-06-05,71.97,72.89,71.81,72.28,65.3802,33316800
2017-06-06,72.3,72.62,72.27,72.52,65.5973,31511100
2017-06-07,72.64,72.77,71.95,72.39,65.4797,22301800
2017-06-08,72.51,72.52,71.5,71.95,65.0817,24588300
2017-06-09,72.04,72.08,68.59,70.32,63.6073,49187400
2017-06-12,69.25,69.94,68.13,69.78,63.1189,47761700
2017-06-13,70.02,70.82,69.96,70.65,63.9058,25258600
2017-06-14,70.91,71.1,69.43,70.27,63.5621,25510700
2017-06-15,69.27,70.21,68.8,69.9,63.2274,26068700
2017-06-16,69.73,70.03,69.22,70.0,63.3179,48345100
2017-06-19,70.5,70.94,70.35,70.87,64.1048,23798300
2017-06-20,70.82,70.87,69.87,69.91,63.2365,21512200
2017-06-21,70.21,70.62,69.94,70.27,63.5621,19891100
2017-06-22,70.54,70.59,69.71,70.26,63.5531,22965700
2017-06-23,70.09,71.25,69.92,71.21,64.4124,27617300
2017-06-26,71.4,71.71,70.44,70.53,63.7973,19607000
2017-06-27,70.11,70.18,69.18,69.21,62.6033,25215100
2017-06-28,69.21,69.84,68.79,69.8,63.137,25806200
2017-06-29,69.38,69.49,68.09,68.49,61.952,28918700
2017-06-30,68.78,69.38,68.74,68.93,62.35,24161100
2017-07-03,69.33,69.6,68.02,68.17,61.6626,16165500
2017-07-05,68.26,69.44,68.22,69.08,62.4857,21176300
2017-07-06,68.27,68.78,68.12,68.57,62.0244,21117600
2017-07-07,68.7,69.84,68.7,69.46,62.8294,16878300
2017-07-10,69.46,70.25,69.2,69.98,63.2998,15014500
2017-07-11,70.0,70.68,69.75,69.99,63.3088,17460000
2017-07-12,70.69,71.28,70.55,71.15,64.3581,17750900
2017-07-13,71.5,72.04,71.31,71.77,64.9189,20269800
2017-07-14,72.24,73.27,71.96,72.78,65.8325,25868100
2017-07-17,72.8,73.45,72.72,73.35,66.3481,21803900
2017-07-18,73.09,73.39,72.66,73.3,66.3029,26435300
2017-07-19,73.5,74.04,73.45,73.86,66.8094,22416200
2017-07-20,74.18,74.3,73.28,74.22,67.135,42361000
2017-07-21,73.45,74.29,73.17,73.79,66.7461,46717100
2017-07-24,73.53,73.75,73.13,73.6,66.5742,21394800
2017-07-25,73.8,74.31,73.5,74.19,67.1079,22018700
2017-07-26,74.34,74.38,73.81,74.05,66.9813,16252200
2017-07-27,73.76,74.42,72.32,73.16,66.1762,36844200
2017-07-28,72.67,73.31,72.54,73.04,66.0677,18306700
2017-07-31,73.3,73.44,72.41,72.7,65.7601,23600100
2017-08-01,73.1,73.42,72.49,72.58,65.6516,22132300
2017-08-02,72.55,72.56,71.44,72.26,65.3621,26499200
2017-08-03,72.19,72.44,71.85,72.15,65.2626,18214400
2017-08-04,72.4,73.04,72.24,72.68,65.742,22579000
2017-08-07,72.8,72.9,72.26,72.4,65.4888,18705700
2017-08-08,72.09,73.13,71.75,72.79,65.8415,22044600
2017-08-09,72.25,72.51,72.05,72.47,65.5521,22213400
2017-08-10,71.9,72.19,71.35,71.41,64.5933,24734500
2017-08-11,71.61,72.7,71.28,72.5,65.5792,21443700
2017-08-14,73.06,73.72,72.95,73.59,66.5652,20096600
2017-08-15,73.59,73.59,73.04,73.22,66.5834,19181400
2017-08-16,73.34,74.1,73.17,73.65,66.9744,18150400
2017-08-17,73.58,73.87,72.4,72.4,65.8377,22977500
2017-08-18,72.27,72.84,71.93,72.49,65.9195,18761500
2017-08-21,72.47,72.48,71.7,72.15,65.6103,17734800
2017-08-22,72.35,73.24,72.35,73.16,66.5288,14343700
2017-08-23,72.96,73.15,72.53,72.72,66.1287,13766500
2017-08-24,72.74,72.86,72.07,72.69,66.1014,17098300
2017-08-25,72.86,73.35,72.48,72.82,66.2196,12794300
2017-08-28,73.06,73.09,72.55,72.83,66.2287,14569700
2017-08-29,72.25,73.16,72.05,73.05,66.4288,11478400
2017-08-30,73.01,74.21,72.83,74.01,67.3018,16897800
2017-08-31,74.03,74.96,73.8,74.77,67.9929,27652800
2017-09-01,74.71,74.74,73.64,73.94,67.2381,21736200
2017-09-05,73.34,73.89,72.98,73.61,66.938,21556000
2017-09-06,73.74,74.04,73.35,73.4,66.747,16535800
2017-09-07,73.68,74.6,73.6,74.34,67.6018,17471200
2017-09-08,74.33,74.44,73.84,73.98,67.2745,14703800
2017-09-11,74.31,74.94,74.31,74.76,67.9838,17910400
2017-09-12,74.76,75.24,74.37,74.68,67.911,14394900
2017-09-13,74.93,75.23,74.55,75.21,68.393,13380800
2017-09-14,75.0,75.49,74.52,74.77,67.9929,15733900
2017-09-15,74.83,75.39,74.07,75.31,68.4839,38578400
2017-09-18,75.23,75.97,75.04,75.16,68.3475,23307000
2017-09-19,75.21,75.71,75.01,75.44,68.6021,16093300
2017-09-20,75.35,75.55,74.31,74.94,68.1475,21587900
2017-09-21,75.11,75.24,74.11,74.21,67.4836,19186100
2017-09-22,73.99,74.51,73.85,74.41,67.6655,14111400
2017-09-25,74.09,74.25,72.92,73.26,66.6197,24149200
2017-09-26,73.67,73.81,72.99,73.26,66.6197,18019600
2017-09-27,73.55,74.17,73.17,73.85,67.1563,19565100
2017-09-28,73.54,73.97,73.31,73.87,67.1744,10883800
2017-09-29,73.94,74.54,73.88,74.49,67.7382,17079100
2017-10-02,74.71,75.01,74.3,74.61,67.8474,15304800
2017-10-03,74.67,74.88,74.19,74.26,67.5291,12190400
2017-10-04,74.09,74.72,73.71,74.69,67.9201,13317700
2017-10-05,75.22,76.12,74.96,75.97,69.0841,21195300
2017-10-06,75.67,76.03,75.54,76.0,69.1114,13959800
2017-10-09,75.97,76.55,75.86,76.29,69.3751,11386500
2017-10-10,76.33,76.63,76.14,76.29,69.3751,13944500
2017-10-11,76.36,76.46,75.95,76.42,69.4933,15388900
2017-10-12,76.49,77.29,76.37,77.12,70.1299,16876500
2017-10-13,77.59,77.87,77.29,77.49,70.4663,15335700
2017-10-16,77.42,77.81,77.35,77.65,70.6118,12380100
2017-10-17,77.47,77.62,77.25,77.59,70.5573,16824000
2017-10-18,77.67,77.85,77.37,77.61,70.5755,13300700
2017-10-19,77.57,77.93,77.35,77.91,70.8483,15092800
2017-10-20,78.32,78.97,78.22,78.81,71.6667,22866400
2017-10-23,78.99,79.34,78.76,78.83,71.6849,20627200
2017-10-24,78.9,79.2,78.46,78.86,71.7122,17517200
2017-10-25,78.58,79.1,78.01,78.63,71.503,20410800
2017-10-26,79.2,79.42,78.75,78.76,71.6212,32120700
2017-10-27,84.37,86.2,83.61,83.81,76.2135,71066700
2017-10-30,83.7,84.33,83.11,83.89,76.2862,31756700
2017-10-31,84.36,84.36,83.11,83.18,75.6406,27086600
2017-11-01,83.68,83.76,82.88,83.18,75.6406,22307400
2017-11-02,83.35,84.46,83.12,84.05,76.4317,23992900
2017-11-03,84.08,84.54,83.4,84.14,76.5136,17633500
2017-11-06,84.2,84.7,84.08,84.47,76.8137,19860900
2017-11-07,84.77,84.9,83.93,84.27,76.6318,17939700
2017-11-08,84.14,84.61,83.83,84.56,76.8955,18034200
2017-11-09,84.11,84.27,82.9,84.09,76.4681,21178400
2017-11-10,83.79,84.1,83.23,83.87,76.268,19397800
2017-11-13,83.66,83.94,83.46,83.93,76.3226,14196900
2017-11-14,83.5,84.1,82.98,84.05,76.4317,18801300
2017-11-15,83.47,83.69,82.69,82.98,75.8377,19383100
2017-11-16,83.1,83.42,82.94,83.2,76.0387,20962800
2017-11-17,83.12,83.12,82.24,82.4,75.3076,22079000
2017-11-20,82.4,82.59,82.25,82.53,75.4264,16315000
2017-11-21,82.74,83.84,82.74,83.72,76.514,21237500
2017-11-22,83.83,83.9,83.04,83.11,75.9565,20553100
2017-11-24,83.01,83.43,82.78,83.26,76.0936,7425600
2017-11-27,83.31,83.98,83.3,83.87,76.6511,18265200
2017-11-28,84.07,85.06,84.02,84.88,77.5741,21926000
2017-11-29,84.71,84.92,83.18,83.34,76.1667,27381100
2017-11-30,83.51,84.52,83.34,84.17,76.9253,33054600
2017-12-01,83.6,84.81,83.22,84.26,77.0075,29532100
2017-12-04,84.42,84.43,80.7,81.08,74.1012,39094900
2017-12-05,81.34,82.68,80.98,81.59,74.5673,26152300
2017-12-06,81.55,83.14,81.43,82.78,75.6549,26162100
2017-12-07,82.54,82.8,82.0,82.49,75.3899,23184500
2017-12-08,83.63,84.58,83.33,84.16,76.9161,24489100
2017-12-11,84.29,85.37,84.12,85.23,77.894,22857900
2017-12-12,85.31,86.05,85.08,85.58,78.2139,23924100
2017-12-13,85.74,86.0,85.17,85.35,78.0037,22062700
2017-12-14,85.43,85.87,84.53,84.69,77.4005,19306000
2017-12-15,85.26,87.09,84.88,86.85,79.3746,53936700
2017-12-18,87.12,87.5,86.23,86.38,78.945,22283800
2017-12-19,86.35,86.35,85.27,85.83,78.4424,23524800
2017-12-20,86.2,86.3,84.71,85.52,78.1591,23674900
2017-12-21,86.05,86.1,85.4,85.5,78.1408,17990700
2017-12-22,85.4,85.63,84.92,85.51,78.1499,14145800
2017-12-26,85.31,85.53,85.03,85.4,78.0494,9891200
2017-12-27,85.65,85.98,85.22,85.71,78.3327,14678000
2017-12-28,85.9,85.93,85.55,85.72,78.3418,10594300
2017-12-29,85.63,86.05,85.5,85.54,78.1773,18717400
2018-01-02,86.13,86.31,85.5,85.95,78.552,22483800
2018-01-03,86.06,86.51,85.97,86.35,78.9176,26061400
2018-01-04,86.59,87.66,86.57,87.11,79.6122,21912000
2018-01-05,87.66,88.41,87.43,88.19,80.5992,23407100
2018-01-08,88.2,88.58,87.6,88.28,80.6815,22113000
2018-01-09,88.65,88.73,87.86,88.22,80.6267,19484300
2018-01-10,87.86,88.19,87.41,87.82,80.2611,18652200
2018-01-11,88.13,88.13,87.24,88.08,80.4987,17808900
2018-01-12,88.67,89.78,88.45,89.6,81.8879,24271500
2018-01-16,90.1,90.79,88.01,88.35,80.7455,36599700
2018-01-17,89.08,90.28,88.75,90.14,82.3814,25621200
2018-01-18,89.8,90.67,89.66,90.1,82.3448,24159700
2018-01-19,90.14,90.61,89.66,90.0,82.2534,36875000
2018-01-22,90.0,91.62,89.74,91.61,83.7249,23601600
2018-01-23,91.9,92.3,91.54,91.9,83.9899,23412800
2018-01-24,92.55,93.43,91.58,91.82,83.9168,33277500
2018-01-25,92.47,93.24,91.93,92.33,84.3829,26383200
2018-01-26,93.12,94.06,92.58,94.06,85.964,29172200
2018-01-29,95.14,95.45,93.72,93.92,85.836,31569900
2018-01-30,93.3,93.66,92.1,92.74,84.7576,38635100
2018-01-31,93.75,95.4,93.51,95.01,86.8322,48756300
2018-02-01,94.79,96.07,93.58,94.26,86.1468,47227900
2018-02-02,93.64,93.97,91.5,91.78,83.8802,47867800
2018-02-05,90.56,93.24,88.0,88.0,80.4256,51031500
2018-02-06,86.89,91.48,85.25,91.33,83.469,67998600
2018-02-07,90.49,91.77,89.2,89.61,81.897,41107600
2018-02-08,89.71,89.88,84.76,85.01,77.693,55628700
2018-02-09,86.3,88.93,83.83,88.18,80.5901,63499100
2018-02-12,88.74,89.78,87.93,89.13,81.4583,35720300
2018-02-13,88.93,90.0,87.8,89.83,82.0981,26407700
2018-02-14,88.51,90.99,88.41,90.81,83.3836,34960900
2018-02-15,91.21,92.72,90.62,92.66,85.0823,27823900
2018-02-16,92.45,93.5,91.8,92.0,84.4763,30596900
2018-02-20,91.48,93.06,91.01,92.72,85.1374,30911700
2018-02-21,92.98,93.36,91.49,91.49,84.008,26922500
2018-02-22,92.05,92.73,91.36,91.73,84.2284,24392800
2018-02-23,93.6,94.07,92.36,94.06,86.3678,26329200
2018-02-26,94.4,95.45,94.25,95.42,87.6166,30199800
2018-02-27,95.74,95.84,94.2,94.2,86.4964,25869100
2018-02-28,94.84,95.71,93.63,93.77,86.1015,31167300
2018-03-01,93.99,94.57,91.84,92.85,85.2568,37135600
2018-03-02,91.58,93.15,90.86,93.05,85.4404,32830400
2018-03-05,92.34,94.27,92.26,93.64,85.9822,23901600
2018-03-06,94.34,94.49,92.94,93.32,85.6883,22175800
2018-03-07,93.16,93.94,92.43,93.86,86.1842,26716100
2018-03-08,94.27,95.1,93.77,94.43,86.7075,25887800
2018-03-09,95.29,96.54,95.0,96.54,88.645,36937300
2018-03-12,96.5,97.21,96.04,96.77,88.8562,26073700
2018-03-13,97.0,97.24,93.97,94.41,86.6892,35387800
2018-03-14,95.12,95.41,93.5,93.85,86.175,32132000
2018-03-15,93.53,94.58,92.83,94.18,86.478,27611000
2018-03-16,94.68,95.38,93.92,94.6,86.8636,49081300
2018-03-19,93.74,93.9,92.11,92.89,85.2935,33344100
2018-03-20,93.05,93.77,93.0,93.13,85.5139,23075200
2018-03-21,92.93,94.05,92.21,92.48,84.917,24457100
2018-03-22,91.27,91.75,89.66,89.79,82.447,38604700
2018-03-23,89.5,90.46,87.08,87.18,80.0504,44068900
2018-03-26,90.61,94.0,90.4,93.78,86.1107,56396800
2018-03-27,94.94,95.14,88.51,89.47,82.1532,56569000
2018-03-28,89.82,91.23,88.87,89.39,82.0797,52501100
2018-03-29,90.18,92.29,88.4,91.27,83.806,45867500
2018-04-02,90.47,90.88,87.51,88.52,81.2809,48515400
2018-04-03,89.58,90.05,87.89,89.71,82.3735,37213800
2018-04-04,87.85,92.76,87.73,92.33,84.7793,35560000
2018-04-05,92.44,93.07,91.4,92.38,84.8252,29771900
2018-04-06,91.49,92.46,89.48,90.23,82.851,38026000
2018-04-09,91.04,93.17,90.62,90.77,83.3469,31533900
2018-04-10,92.39,93.28,91.64,92.88,85.2843,26812000
2018-04-11,92.01,93.29,91.48,91.86,84.3477,24872100
2018-04-12,92.43,94.16,92.43,93.58,85.9271,26758900
2018-04-13,94.05,94.18,92.44,93.08,85.4679,23346100
2018-04-16,94.07,94.66,93.42,94.17,86.4688,20288100
2018-04-17,95.0,96.54,94.88,96.07,88.2134,26771000
2018-04-18,96.22,96.72,95.52,96.44,88.5532,21043300
2018-04-19,96.44,97.07,95.34,96.11,88.2502,23552500
2018-04-20,95.91,96.11,94.05,95.0,87.2309,31154400
2018-04-23,95.74,96.29,94.63,95.35,87.5523,22331800
2018-04-24,96.24,96.47,92.41,93.12,85.5047,34524800
2018-04-25,93.3,93.3,90.28,92.31,84.7609,33729300
2018-04-26,93.55,95.15,93.1,94.26,86.5514,42529000
2018-04-27,97.6,97.9,93.91,95.82,87.9839,48272800
2018-04-30,96.33,96.4,93.15,93.52,85.872,41523600
2018-05-01,93.21,95.29,92.79,95.0,87.2309,31408900
2018-05-02,94.99,95.17,93.19,93.51,85.8628,27471000
2018-05-03,92.96,94.93,92.45,94.07,86.377,31142500
2018-05-04,93.32,95.37,92.92,95.16,87.3778,22531300
2018-05-07,95.17,96.71,95.1,96.22,88.3512,24242000
2018-05-08,95.85,96.16,95.06,95.81,87.9747,23484600
2018-05-09,96.01,96.97,95.05,96.94,89.0123,27327400
2018-05-10,97.46,97.95,97.05,97.91,89.903,22388100
2018-05-11,97.8,97.87,97.04,97.7,89.7101,16778300
2018-05-14,97.92,98.69,97.31,98.03,90.0131,19454100
2018-05-15,97.24,97.85,96.34,97.32,89.3612,24594000
2018-05-16,97.36,97.4,96.62,97.15,89.5918,17384700
2018-05-17,96.76,97.54,95.83,96.18,88.6972,17246700
2018-05-18,96.01,96.93,96.01,96.36,88.8632,17865800
2018-05-21,97.0,98.01,96.8,97.6,90.0067,19422500
2018-05-22,97.68,98.17,97.2,97.5,89.9145,15441200
2018-05-23,96.71,98.73,96.32,98.66,90.9843,21251200
2018-05-24,98.73,98.94,96.81,98.31,90.6615,26649300
2018-05-25,98.3,98.98,97.86,98.36,90.7076,18363900
2018-05-29,97.84,98.88,97.23,98.01,90.3848,28671000
2018-05-30,98.31,99.25,97.91,98.95,91.2517,22158500
2018-05-31,99.29,99.99,98.61,98.84,91.1503,34140900
2018-06-01,99.28,100.86,99.17,100.79,92.9486,28655600
2018-06-04,101.26,101.86,100.85,101.67,93.7601,27281600
2018-06-05,102.0,102.33,101.53,102.19,94.2396,23514400
2018-06-06,102.48,102.6,101.9,102.49,94.5163,21122900
2018-06-07,102.65,102.69,100.38,100.88,93.0316,28232200
2018-06-08,101.09,101.95,100.54,101.63,93.7232,22165100
2018-06-11,101.01,101.59,100.67,101.05,93.1883,23490900
2018-06-12,101.1,101.45,100.75,101.31,93.4281,18325200
2018-06-13,101.72,102.01,100.56,100.85,93.0039,29492900
2018-06-14,101.65,102.03,101.0,101.42,93.5295,25691800
2018-06-15,101.51,101.53,100.07,100.13,92.3399,65738600
2018-06-18,100.01,101.11,99.42,100.86,93.0131,23586000
2018-06-19,99.65,101.0,99.5,100.86,93.0131,28653100
2018-06-20,101.37,102.52,101.12,101.87,93.9445,26180800
2018-06-21,102.08,102.46,100.88,101.14,93.2713,23198200
2018-06-22,100.41,100.77,99.63,100.41,92.5981,38923100
2018-06-25,100.0,100.11,97.3,98.39,90.7353,35433300
2018-06-26,98.82,100.08,98.75,99.08,91.3716,26897200
2018-06-27,99.58,100.02,97.4,97.54,89.9514,31298400
2018-06-28,97.38,99.11,97.26,98.63,90.9566,26650700
2018-06-29,98.93,99.91,98.33,98.61,90.9382,28053200
2018-07-02,98.1,100.06,98.0,100.01,92.2292,19564500
2018-07-03,100.48,100.63,98.94,99.05,91.3439,14670300
2018-07-05,99.5,99.92,99.03,99.76,91.9987,18977400
2018-07-06,99.89,101.43,99.67,101.16,93.2898,19234600
2018-07-09,101.65,102.25,101.25,101.85,93.9261,18212000
2018-07-10,102.0,102.51,101.86,102.12,94.1751,19293100
2018-07-11,101.15,102.34,101.1,101.98,94.046,19644600
2018-07-12,102.77,104.41,102.73,104.19,96.084,24335900
2018-07-13,104.37,105.6,104.09,105.43,97.2276,24635200
2018-07-16,105.4,105.82,104.52,104.91,96.748,21786900
2018-07-17,104.61,106.5,104.32,105.95,97.7071,25901700
2018-07-18,105.94,106.05,104.72,105.12,96.9417,29493900
2018-07-19,104.93,105.31,103.89,104.4,96.2777,40171600
2018-07-20,108.08,108.2,106.08,106.27,98.0022,56004000
2018-07-23,106.3,108.14,106.13,107.97,99.57,29707000
2018-07-24,108.57,108.82,107.26,107.66,99.2841,26316600
2018-07-25,107.96,111.15,107.6,110.83,102.2075,30702100
2018-07-26,110.74,111.0,109.5,109.62,101.0916,31372100
2018-07-27,110.18,110.18,106.14,107.68,99.3025,37005300
2018-07-30,107.19,107.53,104.76,105.37,97.1722,34668300
2018-07-31,106.49,106.72,105.38,106.08,97.827,27655200
2018-08-01,106.03,106.45,105.42,106.28,98.0114,23628700
2018-08-02,105.4,108.09,104.84,107.57,99.2011,26104300
2018-08-03,107.8,108.05,106.82,108.04,99.6345,18659600
2018-08-06,108.12,108.42,107.56,108.13,99.7175,20265900
2018-08-07,108.56,109.1,108.17,108.88,100.4092,16080200
2018-08-08,109.33,109.75,108.76,109.49,100.9717,15487500
2018-08-09,109.71,110.16,109.6,109.67,101.1377,13677200
2018-08-10,109.42,109.69,108.38,109.0,100.5198,18183700
2018-08-13,109.24,109.58,108.1,108.21,99.7913,18472500
2018-08-14,108.56,109.75,108.04,109.56,101.0363,16788300
2018-08-15,108.49,108.99,106.82,107.66,99.6662,29982800
2018-08-16,108.3,108.86,107.3,107.64,99.6476,21384300
2018-08-17,107.36,107.9,106.69,107.58,99.5921,18061500
2018-08-20,107.51,107.9,106.48,106.87,98.9348,17914200
2018-08-21,106.92,107.35,105.85,105.98,98.1109,22881900
2018-08-22,105.85,107.34,105.78,107.06,99.1107,18000600
2018-08-23,107.15,108.18,106.87,107.56,99.5736,18167700
2018-08-24,107.67,108.56,107.56,108.4,100.3512,17234000
2018-08-27,109.27,109.64,108.51,109.6,101.4621,19662300
2018-08-28,109.94,110.5,109.79,110.26,102.0731,19151500
2018-08-29,110.45,112.03,110.27,112.02,103.7024,20818000
2018-08-30,111.67,112.61,111.44,111.95,103.6376,22798700
2018-08-31,111.69,112.78,111.52,112.33,103.9894,23222700
2018-09-04,110.85,111.96,110.22,111.71,103.4154,22634600
2018-09-05,111.01,111.42,108.1,108.49,100.4345,32872400
2018-09-06,108.25,108.99,107.51,108.74,100.666,23477600
2018-09-07,108.23,108.72,107.23,108.21,100.1753,22498600
2018-09-10,108.84,109.64,108.36,109.38,101.2584,20727900
2018-09-11,108.9,111.59,108.89,111.24,102.9803,24301800
2018-09-12,111.43,111.85,110.51,111.71,103.4154,18891100
2018-09-13,112.12,113.73,112.12,112.91,104.5263,26055600
2018-09-14,113.36,113.73,112.44,113.37,104.9522,19122300
2018-09-17,113.69,113.7,111.86,112.14,103.8135,20736500
2018-09-18,112.19,113.7,111.72,113.21,104.8041,22170900
2018-09-19,113.05,113.32,111.04,111.7,103.4062,21728400
2018-09-20,112.28,113.8,111.93,113.57,105.1373,23714500
2018-09-21,114.0,115.29,113.51,114.26,105.7761,71229700
2018-09-24,113.03,114.9,112.22,114.67,106.1557,27334500
2018-09-25,114.8,115.1,113.75,114.45,105.952,22668000
2018-09-26,114.47,115.06,113.74,113.98,105.5169,19352000
2018-09-27,114.78,114.91,114.2,114.41,105.915,19091300
2018-09-28,114.19,114.57,113.68,114.37,105.8779,21647800
2018-10-01,114.75,115.68,114.73,115.61,107.0259,18883100
2018-10-02,115.3,115.84,114.44,115.15,106.6,20787200
2018-10-03,115.42,116.18,114.93,115.17,106.6185,16648000
2018-10-04,114.61,114.76,111.63,112.79,104.4152,34821700
2018-10-05,112.63,113.17,110.64,112.13,103.8042,29068900
2018-10-08,111.66,112.03,109.34,110.85,102.6193,29640600
2018-10-09,111.14,113.08,110.8,112.26,103.9246,26198600
2018-10-10,111.24,111.5,105.79,106.16,98.2775,61376300
2018-10-11,105.35,108.93,104.2,105.91,98.0461,63904300
2018-10-12,109.01,111.24,107.12,109.57,101.4343,47742100
2018-10-15,108.91,109.48,106.95,107.6,99.6106,32068100
2018-10-16,109.54,111.41,108.95,111.0,102.7582,31610200
2018-10-17,111.68,111.81,109.55,110.71,102.4897,26548200
2018-10-18,110.1,110.53,107.83,108.5,100.4438,32506200
2018-10-19,108.93,110.86,108.21,108.66,100.5919,32785500
2018-10-22,109.32,110.54,108.24,109.63,101.4899,26545600
2018-10-23,107.77,108.97,105.11,108.1,100.0735,43770400
2018-10-24,108.41,108.49,101.59,102.32,94.7227,63897800
2018-10-25,106.55,109.27,106.15,108.3,100.2586,61646800
2018-10-26,105.69,108.75,104.76,106.96,99.0181,55523100
2018-10-29,108.11,108.7,101.63,103.85,96.139,55162000
2018-10-30,103.66,104.38,100.11,103.73,96.028,65350900
2018-10-31,105.44,108.14,105.39,106.81,98.8793,51062400
2018-11-01,107.05,107.32,105.53,105.92,98.0553,33384200
2018-11-02,106.48,107.32,104.98,106.16,98.2775,37680200
2018-11-05,106.37,107.74,105.9,107.51,99.5273,27922100
2018-11-06,107.38,108.84,106.28,107.72,99.7217,24340200
2018-11-07,109.44,112.24,109.4,111.96,103.6469,37901700
2018-11-08,111.8,112.21,110.91,111.75,103.4525,25644100
2018-11-09,110.85,111.45,108.76,109.57,101.4343,32039200
2018-11-12,109.42,109.96,106.1,106.87,98.9348,33621800
2018-11-13,107.55,108.74,106.64,106.94,98.9996,35374600
2018-11-14,108.1,108.26,104.47,104.97,97.5957,39495100
2018-11-15,104.99,107.8,103.91,107.28,99.7434,38505200
2018-11-16,107.08,108.88,106.8,108.29,100.6825,33502100
2018-11-19,108.27,108.56,103.55,104.62,97.2703,44773900
2018-11-20,101.8,102.97,99.35,101.71,94.5647,64052500
2018-11-21,103.6,104.43,102.24,103.11,95.8664,28130600
2018-11-23,102.17,103.81,102.0,103.07,95.8292,13823100
2018-11-26,104.79,106.63,104.58,106.47,98.9903,32336200
2018-11-27,106.27,107.33,105.36,107.14,99.6132,29124500
2018-11-28,107.89,111.33,107.86,111.12,103.3136,46788500
2018-11-29,110.33,111.12,109.03,110.19,102.449,28123200
2018-11-30,110.7,110.97,109.36,110.89,103.0998,33665600
2018-12-03,113.0,113.42,110.73,112.09,104.2155,34732800
2018-12-04,111.94,112.64,108.21,108.52,100.8963,45197000
2018-12-06,105.82,109.24,105.0,109.19,101.5192,49107400
2018-12-07,108.38,109.45,104.3,104.82,97.4562,45044900
2018-12-10,104.8,107.98,103.89,107.59,100.0316,40801500
2018-12-11,109.8,110.95,107.44,108.59,100.9614,42381900
2018-12-12,110.89,111.27,109.04,109.08,101.417,36183000
2018-12-13,109.58,110.87,108.63,109.45,101.761,31333400
2018-12-14,108.25,109.26,105.5,106.03,98.5812,47043100
2018-12-17,105.41,105.8,101.71,102.89,95.6618,56957300
2018-12-18,103.75,104.51,102.52,103.97,96.6659,49319200
2018-12-19,103.65,106.88,101.35,103.69,96.4056,68198200
2018-12-20,103.05,104.31,98.78,101.51,94.3788,70334200
2018-12-21,101.63,103.0,97.46,98.23,91.3292,111242100
2018-12-24,97.68,97.97,93.98,94.13,87.5172,43935200
2018-12-26,95.14,100.69,93.96,100.56,93.4955,51634800
2018-12-27,99.3,101.19,96.4,101.18,94.0719,49498500
2018-12-28,102.09,102.41,99.52,100.39,93.3374,38196300
2018-12-31,101.29,102.4,100.44,101.57,94.4345,33173800
2019-01-02,99.55,101.75,98.94,101.12,94.0162,35329300
2019-01-03,100.1,100.19,97.2,97.4,90.5575,42579100
2019-01-04,99.72,102.51,98.93,101.93,94.7693,44060600
2019-01-07,101.64,103.27,100.98,102.06,94.8901,35656100
2019-01-08,103.04,103.97,101.71,102.8,95.5781,31514400
2019-01-09,103.86,104.88,103.24,104.27,96.9449,32280800
2019-01-10,103.22,103.75,102.38,103.6,96.3219,30067600
2019-01-11,103.19,103.44,101.64,102.8,95.5781,28314200
2019-01-14,101.9,102.87,101.26,102.05,94.8808,28437100
2019-01-15,102.51,105.05,101.88,105.01,97.6329,31587600
2019-01-16,105.26,106.26,104.96,105.38,97.9769,29853900
2019-01-17,105.0,106.63,104.76,106.12,98.6649,28393000
2019-01-18,107.46,107.9,105.91,107.71,100.1432,37427600
2019-01-22,106.75,107.1,104.86,105.68,98.2558,32371300
2019-01-23,106.12,107.04,105.34,106.71,99.2135,25874300
2019-01-24,106.86,107.0,105.34,106.2,98.7393,23164800
2019-01-25,107.24,107.88,106.2,107.17,99.6411,31225600
2019-01-28,106.26,106.48,104.66,105.08,97.698,29476700
2019-01-29,104.88,104.97,102.17,102.94,95.7083,31490500
2019-01-30,104.62,106.38,104.33,106.38,98.9066,49471900
2019-01-31,103.8,105.22,103.18,104.43,97.0936,55636400
2019-02-01,103.78,104.1,102.35,102.78,95.5595,35535700
2019-02-04,102.87,105.8,102.77,105.74,98.3116,31315100
2019-02-05,106.06,107.27,105.96,107.22,99.6876,27325400
2019-02-06,107.0,107.0,105.53,106.03,98.5812,20609800
2019-02-07,105.19,105.59,104.29,105.27,97.8746,29760700
2019-02-08,104.39,105.78,104.26,105.67,98.2465,21461100
2019-02-11,106.2,106.58,104.97,105.25,97.856,18914100
2019-02-12,106.14,107.14,105.48,106.89,99.3808,25056600
2019-02-13,107.5,107.78,106.71,106.81,99.3064,18394900
2019-02-14,106.31,107.29,105.66,106.9,99.3901,21784700
2019-02-15,107.91,108.3,107.36,108.22,100.6174,26606900
2019-02-19,107.79,108.66,107.78,108.17,100.5709,18038500
2019-02-20,107.86,107.94,106.29,107.15,100.048,21607700
2019-02-21,106.9,109.48,106.87,109.41,102.1582,29063200
2019-02-22,110.05,111.2,109.82,110.97,103.6148,27763200
2019-02-25,111.76,112.18,111.26,111.59,104.1937,23750600
2019-02-26,111.26,113.24,111.17,112.36,104.9127,21536700
2019-02-27,111.69,112.36,110.88,112.17,104.7353,21487100
2019-02-28,112.04,112.88,111.73,112.03,104.6046,29083900
2019-03-01,112.89,113.02,111.67,112.53,105.0714,23501200
2019-03-04,113.02,113.25,110.8,112.26,104.8193,26608000
2019-03-05,112.25,112.39,111.23,111.7,104.2964,19538300
2019-03-06,111.87,112.66,111.43,111.75,104.3431,17687000
2019-03-07,111.4,111.55,109.87,110.39,103.0733,25339000
2019-03-08,109.16,110.71,108.8,110.51,103.1853,22818400
2019-03-11,110.99,112.95,110.98,112.83,105.3515,26491600
2019-03-12,112.82,113.99,112.65,113.62,106.0892,26132700
2019-03-13,114.13,115.0,113.78,114.5,106.9108,35513800
2019-03-14,114.54,115.2,114.33,114.59,106.9949,30763400
2019-03-15,115.34,117.25,114.59,115.91,108.2274,54681100
2019-03-18,116.17,117.61,116.05,117.57,109.7774,31207600
2019-03-19,118.09,118.44,116.99,117.65,109.8521,37588700
2019-03-20,117.39,118.75,116.71,117.52,109.7307,28113300
2019-03-21,117.14,120.82,117.09,120.22,112.2517,29854400
2019-03-22,119.5,119.59,117.04,117.05,109.2918,33624500
2019-03-25,116.56,118.01,116.32,117.66,109.8614,27067100
2019-03-26,118.62,118.71,116.85,117.91,110.0948,26097700
2019-03-27,117.88,118.21,115.52,116.77,109.0304,22733400
2019-03-28,117.44,117.58,116.13,116.93,109.1798,18334800
2019-03-29,118.07,118.32,116.96,117.94,110.1228,25399800
2019-04-01,118.95,119.11,118.1,119.02,111.1312,22789100
2019-04-02,119.06,119.48,118.52,119.19,111.29,18142300
2019-04-03,119.86,120.43,119.15,119.97,112.0183,22860700
2019-04-04,120.1,120.23,118.38,119.36,111.4487,20112800
2019-04-05,119.39,120.23,119.37,119.89,111.9436,15826200
2019-04-08,119.81,120.02,118.64,119.93,111.9809,15116200
2019-04-09,118.63,119.54,118.58,119.28,111.374,17612000
2019-04-10,119.76,120.35,119.54,120.19,112.2237,16477200
2019-04-11,120.54,120.85,119.92,120.33,112.3544,14209100
2019-04-12,120.64,120.98,120.37,120.95,112.9333,19745100
2019-04-15,120.94,121.58,120.57,121.05,113.0267,15792600
2019-04-16,121.64,121.65,120.1,120.77,112.7653,14071800
2019-04-17,121.24,121.85,120.54,121.77,113.699,19300900
2019-04-18,122.19,123.52,121.3,123.37,115.1929,27991000
2019-04-22,122.62,124.0,122.57,123.76,115.5571,15648700
2019-04-23,124.1,125.58,123.83,125.44,117.1257,24025500
2019-04-24,125.79,125.85,124.52,125.01,116.7242,31257000
2019-04-25,130.06,131.37,128.83,129.15,120.5898,38033900
2019-04-26,129.7,130.52,129.02,129.89,121.2808,23654900
2019-04-29,129.9,130.18,129.35,129.77,121.1687,16324200
2019-04-30,129.81,130.7,129.39,130.6,121.9437,24166500
2019-05-01,130.53,130.65,127.7,127.88,119.404,26821700
2019-05-02,127.98,128.0,125.52,126.21,117.8447,27350200
2019-05-03,127.36,129.43,127.25,128.9,120.3564,24911100
2019-05-06,126.39,128.56,126.11,128.15,119.6561,24239800
2019-05-07,126.46,127.18,124.22,125.52,117.2004,36017700
2019-05-08,125.44,126.37,124.75,125.51,117.1911,28419000
2019-05-09,124.29,125.79,123.57,125.5,117.1817,27235800
2019-05-10,124.91,127.93,123.82,127.13,118.7037,30915100
2019-05-13,124.11,125.55,123.04,123.35,115.1743,33944900
2019-05-14,123.87,125.88,123.7,124.73,116.4628,25266300
2019-05-15,124.26,126.71,123.7,126.02,118.1028,24722700
2019-05-16,126.75,129.38,126.46,128.93,120.83,30112200
2019-05-17,128.31,130.46,127.92,128.07,120.0241,25770500
2019-05-20,126.52,127.59,125.76,126.22,118.2903,23706900
2019-05-21,127.43,127.53,126.58,126.9,118.9276,15293300
2019-05-22,126.62,128.24,126.52,127.67,119.6492,15396500
2019-05-23,126.2,126.29,124.74,126.18,118.2528,23603800
2019-05-24,126.91,127.42,125.97,126.24,118.309,14123400
2019-05-28,126.98,128.0,126.05,126.16,118.234,23128400
2019-05-29,125.38,125.39,124.04,124.94,117.0907,22763100
2019-05-30,125.26,125.76,124.78,125.73,117.8311,16829600
2019-05-31,124.23,124.62,123.32,123.68,115.9099,26646800
2019-06-03,123.85,124.37,119.01,119.84,112.3111,37983600
2019-06-04,121.28,123.28,120.65,123.16,115.4225,29382600
2019-06-05,124.95,125.87,124.21,125.83,117.9248,24926100
2019-06-06,126.44,127.97,125.6,127.82,119.7898,21459000
2019-06-07,129.19,132.25,128.26,131.4,123.1448,33885600
2019-06-10,132.4,134.08,132.0,132.6,124.2695,26477100
2019-06-11,133.88,134.24,131.28,132.1,123.8009,23913700
2019-06-12,131.4,131.97,130.71,131.49,123.2292,17092500
2019-06-13,131.98,133.0,131.56,132.32,124.007,17200800
2019-06-14,132.26,133.79,131.64,132.45,124.1289,17821700
2019-06-17,132.63,133.73,132.53,132.85,124.5038,14517800
2019-06-18,134.19,135.24,133.57,135.16,126.6686,25934500
2019-06-19,135.0,135.93,133.81,135.69,127.1653,23744400
2019-06-20,137.45,137.66,135.72,136.95,128.3462,33042600
2019-06-21,136.58,137.73,136.46,136.97,128.3649,36727900
2019-06-24,137.0,138.4,137.0,137.78,129.124,20628800
2019-06-25,137.25,137.59,132.73,133.43,125.0473,33327400
2019-06-26,134.35,135.74,133.6,133.93,125.5159,23657700
2019-06-27,134.14,134.71,133.51,134.15,125.7221,16557500
2019-06-28,134.57,134.6,133.16,133.96,125.544,30043000
2019-07-01,136.63,136.7,134.97,135.68,127.156,22613500
2019-07-02,136.12,136.59,135.34,136.58,127.9994,15237800
2019-07-03,136.8,137.74,136.29,137.46,128.8241,13629300
2019-07-05,135.94,137.33,135.72,137.06,128.4493,18141100
2019-07-08,136.4,137.1,135.37,136.96,128.3555,16779700
2019-07-09,136.0,136.97,135.8,136.46,127.887,19953100
2019-07-10,137.13,138.58,137.02,137.85,129.1896,24204400
2019-07-11,138.2,139.22,137.87,138.4,129.7051,22327900
2019-07-12,138.85,139.13,138.01,138.9,130.1737,18936800
2019-07-15,139.44,139.54,138.46,138.9,130.1737,16651500
2019-07-16,138.96,139.05,136.52,137.08,128.468,22726100
2019-07-17,137.7,137.93,136.22,136.27,127.7089,20211000
2019-07-18,135.55,136.62,134.67,136.42,127.8495,30381800
2019-07-19,140.22,140.67,136.45,136.62,128.0369,48992400
2019-07-22,137.41,139.19,137.33,138.43,129.7332,25074900
2019-07-23,139.76,139.99,138.03,139.29,130.5392,18034600
2019-07-24,138.9,140.74,138.85,140.72,131.8793,20738300
2019-07-25,140.43,140.61,139.32,140.19,131.3826,18356900
2019-07-26,140.37,141.68,140.3,141.34,132.4604,19037600
2019-07-29,141.5,141.51,139.37,141.03,132.1698,16605900
2019-07-30,140.14,141.22,139.8,140.35,131.5326,16846500
2019-07-31,140.33,140.49,135.08,136.27,127.7089,38598800
2019-08-01,137.0,140.94,136.93,138.06,129.3864,40557500
2019-08-02,138.09,138.32,135.26,136.9,128.2993,30791600
2019-08-05,133.3,133.93,130.78,132.21,123.904,42749600
2019-08-06,133.8,135.68,133.21,134.69,126.2282,32696700
2019-08-07,133.79,135.65,131.83,135.28,126.7811,33414500
2019-08-08,136.6,138.99,135.93,138.89,130.1643,27496500
2019-08-09,138.61,139.38,136.46,137.71,129.0584,23466700
2019-08-12,137.07,137.86,135.24,135.79,127.259,20484300
2019-08-13,136.05,138.8,135.0,138.6,129.8925,25154600
2019-08-14,136.36,136.92,133.67,133.98,125.9809,32527300
2019-08-15,134.39,134.58,132.25,133.68,125.6988,28074400
2019-08-16,134.88,136.46,134.72,136.13,128.0025,24449100
2019-08-19,137.85,138.55,136.89,138.41,130.1464,24355700
2019-08-20,138.21,138.71,137.24,137.26,129.065,21170800
2019-08-21,138.55,139.49,138.0,138.79,130.5037,14970300
2019-08-22,138.66,139.2,136.29,137.78,129.554,18697000
2019-08-23,137.19,138.35,132.8,133.39,125.4261,38508600
2019-08-26,134.99,135.56,133.9,135.45,127.3631,20312600
2019-08-27,136.39,136.72,134.66,135.74,127.6358,23102100
2019-08-28,134.88,135.76,133.55,135.56,127.4665,17393300
2019-08-29,137.25,138.44,136.91,138.12,129.8737,20168700
2019-08-30,139.15,139.18,136.27,137.86,129.6292,23940100
2019-09-03,136.61,137.2,135.7,136.04,127.9179,18869300
2019-09-04,137.3,137.69,136.48,137.63,129.413,17995900
2019-09-05,139.11,140.38,138.76,140.05,131.6885,26101800
2019-09-06,140.03,140.18,138.2,139.1,130.7952,20824500
2019-09-09,139.59,139.75,136.46,137.52,129.3095,25773900
2019-09-10,136.8,136.89,134.51,136.08,127.9555,28903400
2019-09-11,135.91,136.27,135.09,136.12,127.9931,24726100
2019-09-12,137.85,138.42,136.87,137.52,129.3095,27010000
2019-09-13,137.78,138.06,136.57,137.32,129.1215,23363100
2019-09-16,135.83,136.7,135.66,136.33,128.1906,16731400
2019-09-17,136.96,137.52,136.43,137.39,129.1873,17814200
2019-09-18,137.36,138.67,136.53,138.52,130.2498,23982100
2019-09-19,140.3,142.37,140.07,141.07,132.6476,35772100
2019-09-20,141.01,141.65,138.25,139.44,131.1149,39167300
2019-09-23,139.23,139.63,138.44,139.14,130.8328,17139300
2019-09-24,140.36,140.69,136.88,137.38,129.1779,29773200
2019-09-25,137.5,139.96,136.03,139.36,131.0397,21382000
2019-09-26,139.44,140.18,138.44,139.54,131.2089,17456600
2019-09-27,140.15,140.36,136.65,137.73,129.507,22477700
2019-09-30,138.05,139.22,137.78,139.03,130.7294,17280900
2019-10-01,139.66,140.25,137.0,137.07,128.8864,21466600
2019-10-02,136.25,136.37,133.58,134.65,126.6109,30521700
2019-10-03,134.95,136.75,133.22,136.28,128.1436,24132900
2019-10-04,136.75,138.25,136.42,138.12,129.8737,22897700
2019-10-07,137.14,138.18,137.02,137.12,128.9334,15303700
2019-10-08,137.08,137.76,135.62,135.67,127.57,25550500
2019-10-09,137.46,138.7,136.97,138.24,129.9865,19749900
2019-10-10,138.49,139.67,138.25,139.1,130.7952,17654600
2019-10-11,140.12,141.03,139.5,139.68,131.3406,25446000
2019-10-14,139.69,140.29,139.52,139.55,131.2183,13304300
2019-10-15,140.06,141.79,139.81,141.57,133.1177,19695700
2019-10-16,140.79,140.99,139.53,140.41,132.027,20751600
2019-10-17,140.95,141.42,139.02,139.69,131.35,21460600
2019-10-18,139.76,140.0,136.56,137.41,129.2061,32273500
2019-10-21,138.45,138.5,137.01,138.43,130.1652,20078200
2019-10-22,138.97,140.01,136.26,136.37,128.2282,27431000
2019-10-23,136.88,137.45,135.61,137.24,129.0462,29844600
2019-10-24,139.39,140.42,138.67,139.94,131.585,37029300
2019-10-25,139.34,141.14,139.2,140.73,132.3279,25959700
2019-10-28,144.4,145.67,143.51,144.19,135.5813,35280100
2019-10-29,144.08,144.5,142.65,142.83,134.3025,20589500
2019-10-30,143.52,145.0,142.79,144.61,135.9762,18496600
2019-10-31,144.9,144.93,142.99,143.37,134.8103,24605100
2019-11-01,144.26,144.42,142.97,143.72,135.1394,33128400
2019-11-04,144.83,145.0,144.16,144.55,135.9198,16912000
2019-11-05,144.97,145.02,143.91,144.46,135.8352,18250200
2019-11-06,144.37,144.52,143.2,144.06,135.4591,16575800
2019-11-07,143.84,144.88,143.77,144.26,135.6471,17786700
2019-11-08,143.98,145.99,143.76,145.96,137.2456,16732700
2019-11-11,145.34,146.42,144.73,146.11,137.3867,14362600
2019-11-12,146.28,147.57,146.06,147.07,138.2894,18641600
2019-11-13,146.74,147.46,146.28,147.31,138.515,16919200
2019-11-14,147.02,148.41,147.0,148.06,139.2202,19729800
2019-11-15,148.93,149.99,148.27,149.97,141.0162,23485700
2019-11-18,150.07,150.55,148.98,150.34,141.3641,21534000
2019-11-19,150.88,151.33,150.2,150.39,141.4111,23935700
2019-11-20,150.31,150.84,148.46,149.62,141.1658,25696800
2019-11-21,149.4,149.8,148.5,149.48,141.0337,18576100
2019-11-22,150.07,150.3,148.82,149.59,141.1375,15901800
2019-11-25,150.0,151.35,149.92,151.23,142.6849,22420900
2019-11-26,151.36,152.42,151.32,152.03,143.4397,24620100
2019-11-27,152.33,152.5,151.52,152.32,143.7133,15184400
2019-11-29,152.1,152.3,151.28,151.38,142.8264,11977300
2019-12-02,151.81,151.83,148.32,149.55,141.0998,27418400
2019-12-03,147.49,149.43,146.65,149.31,140.8733,24066000
2019-12-04,150.14,150.18,149.2,149.85,141.3828,17574700
2019-12-05,150.05,150.32,149.48,149.93,141.4583,17869100
2019-12-06,150.99,151.87,150.27,151.75,143.1755,16403500
2019-12-09,151.07,152.21,150.91,151.36,142.8075,16687400
2019-12-10,151.29,151.89,150.76,151.13,142.5905,16476100
2019-12-11,151.54,151.87,150.33,151.7,143.1283,18856600
2019-12-12,151.65,153.44,151.02,153.24,144.5813,24612100
2019-12-13,153.0,154.89,152.83,154.53,145.7984,23845400
2019-12-16,155.11,155.9,154.82,155.53,146.7419,24144200
2019-12-17,155.45,155.71,154.45,154.69,145.9494,25425600
2019-12-18,154.3,155.48,154.18,154.37,145.6474,24129200
2019-12-19,154.0,155.77,153.75,155.71,146.9117,24958900
2019-12-20,157.35,158.49,156.29,157.41,148.5157,53477500
2019-12-23,158.12,158.12,157.27,157.41,148.5157,17718200
2019-12-24,157.48,157.71,157.12,157.38,148.4874,8989200
2019-12-26,157.56,158.73,157.4,158.67,149.7045,14520600
2019-12-27,159.45,159.55,158.22,158.96,149.9781,18412800
2019-12-30,158.99,159.02,156.73,157.59,148.6855,16348400
2019-12-31,156.77,157.77,156.45,157.7,148.7893,18369400
2020-01-02,158.78,160.73,158.33,160.62,151.5443,22622100
2020-01-03,158.32,159.95,158.06,158.62,149.6573,21116200
2020-01-06,157.08,159.1,156.51,159.03,150.0441,20813700
2020-01-07,159.32,159.67,157.32,157.58,148.6761,21634100
2020-01-08,158.93,160.8,157.95,160.09,151.0442,27746500
2020-01-09,161.84,162.22,161.03,162.09,152.9312,21385000
2020-01-10,162.82,163.22,161.18,161.34,152.2236,20725900
2020-01-13,161.76,163.31,161.26,163.28,154.054,21626500
2020-01-14,163.39,163.6,161.72,162.13,152.969,23477400
2020-01-15,162.62,163.94,162.57,163.18,153.9596,21417900
2020-01-16,164.35,166.24,164.03,166.17,156.7807,23865400
2020-01-17,167.42,167.47,165.43,167.1,157.6581,34371700
2020-01-21,166.68,168.19,166.43,166.5,157.092,29517200
2020-01-22,167.4,167.49,165.68,165.7,156.3372,24138800
2020-01-23,166.19,166.8,165.27,166.72,157.2996,19680800
2020-01-24,167.51,167.53,164.45,165.04,155.7145,24918100
2020-01-27,161.15,163.38,160.2,162.28,153.1105,32078100
2020-01-28,163.78,165.76,163.07,165.46,156.1108,24899900
2020-01-29,167.84,168.75,165.69,168.04,158.545,34754500
2020-01-30,174.05,174.05,170.79,172.78,163.0172,51597500
2020-01-31,172.21,172.4,169.58,170.23,160.6113,36142700
2020-02-03,170.43,174.5,170.4,174.38,164.5268,30107000
2020-02-04,177.14,180.64,176.31,180.12,169.9424,36433300
2020-02-05,184.03,184.2,178.41,179.9,169.7349,39186300
2020-02-06,180.97,183.82,180.06,183.63,173.2541,27751400
2020-02-07,182.85,185.63,182.48,183.89,173.4994,33529100
2020-02-10,183.58,188.84,183.25,188.7,178.0376,35844300
2020-02-11,190.65,190.7,183.5,184.44,174.0183,53159900
2020-02-12,185.58,185.85,181.85,184.71,174.2731,47062900
2020-02-13,183.08,186.23,182.87,183.71,173.3296,35295800
2020-02-14,183.25,185.41,182.65,185.35,174.8769,23149500
2020-02-18,185.61,187.7,185.5,187.23,176.6507,27792200
2020-02-19,188.06,188.18,186.47,187.28,177.1805,29997500
2020-02-20,186.95,187.25,181.1,184.42,174.4747,36862400
2020-02-21,183.17,183.5,177.25,178.59,168.9591,48572600
2020-02-24,167.77,174.55,163.23,170.89,161.6744,68311100
2020-02-25,174.2,174.84,167.65,168.07,159.0064,68073300
2020-02-26,169.71,173.26,168.21,170.17,160.9932,56206100
2020-02-27,163.32,167.03,157.98,158.18,149.6498,93174900
2020-02-28,152.41,163.71,152.0,162.01,153.2732,97012700
2020-03-02,165.31,172.92,162.31,172.79,163.4719,71030800
2020-03-03,173.8,175.0,162.26,164.51,155.6384,71677000
2020-03-04,168.49,170.7,165.62,170.55,161.3527,49814400
2020-03-05,166.05,170.87,165.69,166.27,157.3035,47817300
2020-03-06,162.61,163.11,156.0,161.57,152.857,72821100
2020-03-09,151.0,157.75,150.0,150.62,142.4975,70419300
2020-03-10,158.16,161.03,152.58,160.92,152.242,65354400
2020-03-11,157.13,157.7,151.15,153.63,145.3452,56371600
2020-03-12,145.3,153.47,138.58,139.06,131.5609,93226400
2020-03-13,147.5,161.91,140.73,158.83,150.2647,92727400
2020-03-16,140.0,149.35,135.0,135.42,128.1172,87905900
2020-03-17,140.0,147.5,135.0,146.57,138.6659,81059800
2020-03-18,138.0,146.0,135.02,140.4,132.8286,81593200
2020-03-19,142.77,150.15,139.0,142.71,135.014,85922700
2020-03-20,146.0,147.1,135.86,137.35,129.9431,84866200
2020-03-23,137.01,140.57,132.52,135.98,128.647,78975200
2020-03-24,143.75,149.6,141.27,148.34,140.3404,82516700
2020-03-25,148.91,154.33,144.44,146.92,138.997,75638200
2020-03-26,148.4,156.66,148.37,156.11,147.6914,64568100
2020-03-27,151.75,154.89,149.2,149.7,141.6271,57042300
2020-03-30,152.44,160.6,150.01,160.23,151.5892,63420300
2020-03-31,159.4,164.78,156.56,157.71,149.2051,77927200
2020-04-01,153.0,157.75,150.82,152.11,143.9071,57969900
2020-04-02,151.86,155.48,150.36,155.26,146.8873,49630700
2020-04-03,155.1,157.38,152.19,153.83,145.5344,41243300
2020-04-06,160.32,166.5,157.58,165.27,156.3574,67111700
2020-04-07,169.59,170.0,163.26,163.49,154.6734,62769000
2020-04-08,165.67,166.67,163.5,165.13,156.225,48318200
2020-04-09,166.36,167.37,163.33,165.14,156.2345,51385100
2020-04-13,164.35,165.57,162.3,165.51,156.5845,41905300
2020-04-14,169.0,173.75,168.0,173.7,164.3328,52874300
2020-04-15,171.2,173.57,169.24,171.88,162.611,40940800
2020-04-16,174.3,177.28,172.9,177.04,167.4927,50479600
2020-04-17,179.5,180.0,175.87,178.6,168.9686,52765600
2020-04-20,176.63,178.75,174.99,175.06,165.6195,36669600
2020-04-21,173.5,173.67,166.11,167.82,158.7699,56203700
2020-04-22,171.39,174.0,170.82,173.52,164.1625,34620200
2020-04-23,174.11,175.06,170.91,171.42,162.1758,32790800
2020-04-24,172.06,174.56,170.71,174.55,165.137,34277600
2020-04-27,176.59,176.9,173.3,174.05,164.664,33194400
2020-04-28,175.59,175.67,169.39,169.81,160.6526,34392700
2020-04-29,173.22,177.68,171.88,177.43,167.8617,51286600
2020-04-30,180.0,180.4,176.23,179.21,169.5457,53875900
2020-05-01,175.8,178.64,174.01,174.57,165.1559,39370500
2020-05-04,174.49,179.0,173.8,178.84,169.1956,30372900
2020-05-05,180.62,183.65,179.9,180.76,171.0121,36839200
2020-05-06,182.08,184.2,181.63,182.54,172.6961,32139300
2020-05-07,184.17,184.55,182.58,183.6,173.699,28316000
2020-05-08,184.98,185.0,183.36,184.68,174.7207,30877800
2020-05-11,183.15,187.51,182.85,186.74,176.6696,30892700
2020-05-12,186.8,187.04,182.3,182.51,172.6677,32038200
2020-05-13,182.55,184.05,176.54,179.75,170.0566,44711500
2020-05-14,177.54,180.69,175.68,180.53,170.7945,41873900
2020-05-15,179.06,187.06,177.0,183.16,173.2827,46610400
2020-05-18,185.75,186.2,183.96,184.91,174.9383,35264500
2020-05-19,185.03,186.6,183.49,183.63,173.7273,26799100
2020-05-20,184.81,185.85,183.94,185.66,176.1371,31261300
2020-05-21,185.4,186.67,183.29,183.43,174.0214,29119500
2020-05-22,183.19,184.46,182.54,183.51,174.0973,20826900
2020-05-26,186.34,186.5,181.1,181.57,172.2568,36073600
2020-05-27,180.2,181.99,176.6,181.81,172.4845,39517100
2020-05-28,180.74,184.15,180.38,181.4,172.0956,33810200
2020-05-29,182.73,184.27,180.41,183.25,173.8507,42130400
2020-06-01,182.54,183.0,181.46,182.83,173.4522,22622400
2020-06-02,184.25,185.0,181.35,184.91,175.4255,30794600
2020-06-03,184.82,185.94,183.58,185.36,175.8524,27311000
2020-06-04,184.3,185.84,182.3,182.92,173.5376,28761800
2020-06-05,182.62,187.73,182.01,187.2,177.5981,39893600
2020-06-08,185.94,188.55,184.44,188.36,178.6986,33211600
2020-06-09,188.0,190.7,187.26,189.8,180.0647,29783900
2020-06-10,191.13,198.52,191.01,196.84,186.7436,43872300
2020-06-11,193.13,195.76,186.07,186.27,176.7158,52854700
2020-06-12,190.54,191.72,185.18,187.74,178.1104,43373600
2020-06-15,184.58,190.82,184.01,188.94,179.2488,32770200
2020-06-16,192.89,195.58,191.46,193.57,183.6413,42556700
2020-06-17,195.03,196.32,193.69,194.24,184.277,25687800
2020-06-18,194.0,196.49,194.0,196.32,186.2503,23061600
2020-06-19,198.59,199.29,194.37,195.15,185.1403,44441100
2020-06-22,195.79,200.76,195.23,200.57,190.2823,32818900
2020-06-23,202.09,203.95,201.43,201.91,191.5536,30917400
2020-06-24,201.6,203.25,196.56,197.84,187.6923,36740600
2020-06-25,197.8,200.61,195.47,200.34,190.0641,27803900
2020-06-26,199.73,199.89,194.88,196.33,186.2598,54675800
2020-06-29,195.78,198.53,193.55,198.44,188.2615,26701600
2020-06-30,197.88,204.4,197.74,203.51,193.0715,34310300
2020-07-01,203.14,206.35,201.77,204.7,194.2004,32061200
2020-07-02,205.68,208.02,205.0,206.26,195.6804,29315800
2020-07-06,208.83,211.13,208.09,210.7,199.8927,31897600
2020-07-07,210.45,214.67,207.99,208.25,197.5684,33600700
2020-07-08,210.07,213.26,208.69,212.83,201.9134,33600000
2020-07-09,216.33,216.38,211.47,214.32,203.327,33121700
2020-07-10,213.62,214.08,211.08,213.67,202.7104,26177600
2020-07-13,214.48,215.8,206.5,207.07,196.4489,38135600
2020-07-14,206.13,208.85,202.03,208.35,197.6632,37591800
2020-07-15,209.56,211.33,205.03,208.04,197.3691,32179400
2020-07-16,205.4,205.7,202.31,203.92,193.4605,29940700
2020-07-17,204.47,205.04,201.39,202.88,192.4738,31635300
2020-07-20,205.0,212.3,203.01,211.6,200.7465,36884800
2020-07-21,213.66,213.94,208.03,208.75,198.0427,37990400
2020-07-22,209.2,212.3,208.39,211.75,200.8888,49605700
2020-07-23,207.19,210.92,202.15,202.54,192.1512,67457000
2020-07-24,200.42,202.86,197.51,201.3,190.9748,39827000
2020-07-27,201.47,203.97,200.86,203.85,193.394,30160900
2020-07-28,203.61,204.7,201.74,202.02,191.6579,23251400
2020-07-29,202.5,204.65,202.01,204.06,193.5933,19632600
2020-07-30,201.0,204.46,199.57,203.9,193.4415,25079600
2020-07-31,204.4,205.1,199.01,205.01,194.4945,51044000
2020-08-03,211.52,217.64,210.44,216.54,205.4331,78983000
2020-08-04,214.17,214.77,210.31,213.29,202.3498,49280100
2020-08-05,214.9,215.0,211.57,212.94,202.0178,28806400
2020-08-06,212.34,216.37,211.55,216.35,205.2529,32656800
2020-08-07,214.85,215.7,210.93,212.48,201.5814,27820400
2020-08-10,211.67,211.88,206.35,208.25,197.5684,36716500
2020-08-11,207.16,207.65,203.14,203.38,192.9482,36446500
2020-08-12,205.29,210.28,204.75,209.19,198.4601,28013100
2020-08-13,209.44,211.35,208.15,208.7,197.9953,22588900
2020-08-14,208.76,209.59,207.51,208.9,198.185,17958900
2020-08-17,209.6,211.19,208.92,210.28,199.4942,20184800
2020-08-18,210.53,212.36,209.21,211.49,200.6422,21336200
2020-08-19,211.49,212.1,209.25,209.7,199.4249,27627600
2020-08-20,209.54,215.0,208.91,214.58,204.0658,26981500
2020-08-21,213.86,216.25,212.85,213.02,202.5822,36249300
2020-08-24,214.79,215.52,212.43,213.69,203.2194,25460100
2020-08-25,213.1,216.61,213.1,216.47,205.8632,23043700
2020-08-26,217.88,222.09,217.36,221.15,210.3138,39600800
2020-08-27,222.89,231.15,219.4,226.58,215.4778,57602200
2020-08-28,228.18,230.64,226.58,228.91,217.6936,26292900
2020-08-31,227.0,228.7,224.31,225.53,214.4792,28774200
2020-09-01,225.51,227.45,224.43,227.27,216.134,25725500
2020-09-02,227.97,232.86,227.35,231.65,220.2994,34080800
2020-09-03,229.27,229.31,214.96,217.3,206.6525,58400300
2020-09-04,215.1,218.36,205.19,214.25,203.7519,59664100
2020-09-08,206.5,210.03,202.2,202.66,192.7298,52924300
2020-09-09,207.6,214.84,206.7,211.29,200.937,45679000
2020-09-10,213.4,214.74,204.11,205.37,195.3071,35461500
2020-09-11,207.2,208.63,201.24,204.03,194.0327,33620100
2020-09-14,204.24,209.2,204.03,205.41,195.3451,30375800
2020-09-15,208.42,209.78,206.93,208.78,198.55,21823900
2020-09-16,210.62,210.65,204.64,205.05,195.0027,26328100
2020-09-17,200.05,204.33,199.96,202.91,192.9676,34011300
2020-09-18,202.8,203.65,196.25,200.39,190.5711,55225300
2020-09-21,197.19,202.71,196.38,202.54,192.6157,39839700
2020-09-22,205.06,208.1,202.08,207.42,197.2566,33517100
2020-09-23,207.9,208.1,200.03,200.59,190.7613,30803800
2020-09-24,199.85,205.57,199.2,203.19,193.2339,31202500
2020-09-25,203.55,209.04,202.54,207.82,197.637,29437300
2020-09-28,210.88,212.57,208.06,209.44,199.1776,32004900
2020-09-29,209.35,210.07,206.81,207.26,197.1044,24221900
2020-09-30,207.73,211.98,206.54,210.33,200.024,33829100
2020-10-01,213.49,213.99,211.32,212.46,202.0497,27158400
2020-10-02,208.0,210.99,205.54,206.19,196.0869,33154800
2020-10-05,207.22,210.41,206.98,210.38,200.0716,21331600
2020-10-06,208.82,210.18,204.82,205.91,195.8206,28554300
2020-10-07,207.06,210.11,206.72,209.83,199.5485,25681100
2020-10-08,210.51,211.19,208.32,210.58,200.2618,19925800
2020-10-09,211.23,215.86,211.23,215.81,205.2355,26458000
2020-10-12,218.79,223.86,216.81,221.4,210.5516,40461400
2020-10-13,222.72,225.21,220.43,222.86,211.9401,28950800
2020-10-14,223.0,224.22,219.13,220.86,210.0381,23421700
2020-10-15,217.1,220.36,216.01,219.66,208.8969,22733100
2020-10-16,220.15,222.29,219.32,219.66,208.8969,26057900
2020-10-19,220.42,222.3,213.72,214.22,203.7234,27625800
2020-10-20,215.8,217.37,213.09,214.65,204.1323,22753500
2020-10-21,213.12,216.92,213.12,214.8,204.275,22724900
2020-10-22,213.93,216.06,211.7,214.89,204.3606,22351500
2020-10-23,215.03,216.28,213.16,216.23,205.6349,18879600
2020-10-26,213.85,216.34,208.1,210.08,199.7863,37111600
2020-10-27,211.59,214.67,210.33,213.25,202.8009,36700300
2020-10-28,207.67,208.84,202.1,202.68,192.7489,51195600
2020-10-29,204.07,207.36,203.37,204.72,194.6889,31432600
2020-10-30,203.5,204.29,199.62,202.47,192.5492,36953700
2020-11-02,204.29,205.28,200.12,202.33,192.416,30842200
2020-11-03,203.89,208.12,203.12,206.43,196.3151,27512000
2020-11-04,214.02,218.32,212.42,216.39,205.7871,42311800
2020-11-05,222.04,224.12,221.15,223.29,212.349,36080100
2020-11-06,222.26,224.36,218.03,223.72,212.7579,25231900
2020-11-09,224.44,228.12,217.88,218.39,207.6891,44395000
2020-11-10,214.5,216.5,209.72,211.01,200.6707,44045100
2020-11-11,212.39,218.04,212.2,216.55,205.9392,29440800
2020-11-12,217.21,219.11,214.46,215.44,204.8836,21593900
2020-11-13,216.36,217.42,214.16,216.51,205.9012,18621100
2020-11-16,214.87,217.74,214.52,217.23,206.5859,24953300
2020-11-17,216.1,217.68,214.08,214.46,203.9517,24154100
2020-11-18,213.65,215.17,210.93,211.08,201.2628,28372800
2020-11-19,211.38,213.03,209.93,212.42,202.5405,24792700
2020-11-20,212.2,213.29,210.0,210.39,200.6049,22843100
2020-11-23,210.95,212.29,208.16,210.11,200.3379,25683500
2020-11-24,209.59,214.25,208.86,213.86,203.9135,33979700
2020-11-25,215.11,215.29,212.46,213.87,203.923,21012900
2020-11-27,214.85,216.27,214.04,215.23,205.2198,14512200
2020-11-30,214.1,214.76,210.84,214.07,204.1137,33064800
2020-12-01,214.51,217.32,213.35,216.21,206.1542,30904500
2020-12-02,214.88,215.47,212.8,215.37,205.3533,23724500
2020-12-03,214.61,216.38,213.65,214.24,204.2758,25120900
2020-12-04,214.22,215.38,213.18,214.36,204.3903,24666000
2020-12-07,214.37,215.54,212.99,214.29,204.3235,24620000
2020-12-08,213.97,216.95,212.89,216.01,205.9635,23284100
2020-12-09,215.16,215.23,211.21,211.8,201.9493,32440600
2020-12-10,211.77,213.08,210.36,210.52,200.7289,26733300
2020-12-11,210.05,213.32,209.11,213.26,203.3414,30979400
2020-12-14,213.1,216.21,212.88,214.2,204.2377,28798400
2020-12-15,215.17,215.42,212.24,214.13,204.171,27000600
2020-12-16,214.75,220.11,214.72,219.28,209.0814,35023300
2020-12-17,219.87,220.89,217.92,219.42,209.2149,32515800
2020-12-18,218.59,219.69,216.02,218.59,208.4235,63354900
2020-12-21,217.55,224.0,217.28,222.59,212.2375,37181900
2020-12-22,222.69,225.63,221.85,223.94,213.5247,22612200
2020-12-23,223.11,223.56,220.8,221.02,210.7405,18699600
2020-12-24,221.42,223.61,221.2,222.75,212.39,10550600
2020-12-28,224.45,226.03,223.02,224.96,214.4973,17933500
2020-12-29,226.31,227.18,223.58,224.15,213.7249,17403200
2020-12-30,225.23,225.63,221.47,221.68,211.3698,20272300
2020-12-31,221.7,223.0,219.68,222.42,212.0754,20942100
2021-01-04,222.53,223.0,214.81,217.69,207.5654,37130100
2021-01-05,217.26,218.52,215.7,217.9,207.7656,23823000
2021-01-06,212.17,216.49,211.94,212.25,202.3784,35930700
2021-01-07,214.04,219.34,213.71,218.29,208.1375,27694500
2021-01-08,218.68,220.58,217.03,219.62,209.4056,22956200
2021-01-11,218.47,218.91,216.73,217.49,207.3747,23031300
2021-01-12,216.5,217.1,213.32,214.93,204.9337,23249300
2021-01-13,214.02,216.76,213.93,216.34,206.2782,20087100
2021-01-14,215.91,217.46,212.74,213.02,203.1126,29480800
2021-01-15,213.52,214.51,212.03,212.65,202.7598,31746500
2021-01-19,213.75,216.98,212.63,216.44,206.3735,30480900
2021-01-20,217.7,225.79,217.29,224.34,213.9061,37777300
2021-01-21,224.7,226.3,222.42,224.97,214.5068,30709400
2021-01-22,227.08,230.07,225.8,225.95,215.4412,30172700
2021-01-25,229.12,229.78,224.22,229.53,218.8547,33152100
2021-01-26,231.86,234.18,230.08,232.33,221.5245,49169600
2021-01-27,238.0,240.44,230.14,232.9,222.068,69870600
2021-01-28,235.61,242.64,235.09,238.93,227.8175,49111200
2021-01-29,235.99,238.02,231.35,231.96,221.1717,42503100
2021-02-01,235.06,242.5,232.43,239.65,228.504,33314200
2021-02-02,241.3,242.31,238.69,239.51,228.3705,25916300
2021-02-03,239.57,245.09,239.26,243.0,231.6982,27158100
2021-02-04,242.66,243.24,240.37,242.01,230.7543,25296100
2021-02-05,242.23,243.28,240.42,242.2,230.9354,18054800
2021-02-08,243.15,243.68,240.81,242.47,231.1929,22211900
2021-02-09,241.87,244.76,241.38,243.77,232.4324,23565000
2021-02-10,245.0,245.92,240.89,242.82,231.5266,22186700
2021-02-11,244.78,245.15,242.15,244.49,233.1189,15751100
2021-02-12,243.93,245.3,242.73,244.99,233.5957,16561100
2021-02-16,245.03,246.13,242.92,243.7,232.3657,26728500
2021-02-17,241.32,244.31,240.94,244.2,233.3787,21653500
2021-02-18,241.8,243.93,240.86,243.79,232.9869,16925600
2021-02-19,243.75,243.86,240.18,240.97,230.2918,25262600
2021-02-22,237.42,237.93,232.4,234.51,224.1181,36446900
2021-02-23,230.33,234.83,228.73,233.27,222.933,30228700
2021-02-24,230.01,235.2,229.0,234.55,224.1563,26339700
2021-02-25,232.08,234.59,227.88,228.99,218.8427,39542200
2021-02-26,231.53,235.37,229.54,232.38,222.0825,37819200
2021-03-01,235.9,237.47,233.15,236.94,226.4404,25324000
2021-03-02,237.01,237.3,233.45,233.87,223.5065,22812500
2021-03-03,232.16,233.58,227.26,227.56,217.4761,34029500
2021-03-04,226.74,232.49,224.26,226.73,216.6829,44727800
2021-03-05,229.52,233.27,226.46,231.6,221.3371,41872800
2021-03-08,231.37,233.37,227.13,227.39,217.3136,35267400
2021-03-09,232.88,235.38,231.67,233.78,223.4204,33080500
2021-03-10,237.0,237.0,232.04,232.42,222.1207,29746800
2021-03-11,234.96,239.17,234.31,237.13,226.622,29907600
2021-03-12,234.01,235.82,233.23,235.75,225.3032,22653700
2021-03-15,234.96,235.19,231.81,234.81,224.4048,26034900
2021-03-16,236.28,240.06,235.94,237.71,227.1763,28092200
2021-03-17,236.15,238.55,233.23,237.04,226.536,29562100
2021-03-18,232.56,234.19,230.33,230.72,220.496,34833000
2021-03-19,231.02,232.47,229.35,230.35,220.1424,46430700
2021-03-22,230.27,236.9,230.14,235.99,225.5325,30127000
2021-03-23,237.49,241.05,237.07,237.58,227.0521,31638400
2021-03-24,237.85,238.0,235.32,235.46,225.026,25620100
2021-03-25,235.3,236.94,231.57,232.34,222.0443,34061900
2021-03-26,231.55,236.71,231.55,236.48,226.0008,25479900
2021-03-29,236.59,236.8,231.88,235.24,224.8158,25227500
2021-03-30,233.53,233.85,231.1,231.85,221.576,24792000
2021-03-31,232.91,239.1,232.39,235.77,225.3223,43623500
2021-04-01,238.47,242.84,238.05,242.35,231.6107,30338000
2021-04-05,242.76,249.96,242.7,249.07,238.0329,36910600
2021-04-06,247.61,249.4,246.88,247.86,236.8765,22931900
2021-04-07,247.81,250.93,247.19,249.9,238.8261,22719800
2021-04-08,252.77,254.14,252.0,253.25,242.0277,23625200
2021-04-09,252.87,255.99,252.44,255.85,244.5125,24326800
2021-04-12,254.71,257.67,254.62,255.91,244.5698,27148700
2021-04-13,257.26,259.19,256.83,258.49,247.0355,23837500
2021-04-14,257.48,258.83,255.16,255.59,244.264,23070900
2021-04-15,257.93,259.93,257.73,259.5,248.0007,25627500
2021-04-16,259.47,261.0,257.6,260.74,249.1858,24878600
2021-04-19,260.19,261.48,257.82,258.74,247.2744,23209300
2021-04-20,257.82,260.2,256.84,258.26,246.8157,19722900
2021-04-21,258.94,260.68,257.25,260.58,249.0329,24030400
2021-04-22,260.21,261.78,255.64,257.17,245.774,25606200
2021-04-23,257.88,261.51,257.27,261.15,249.5776,21462600
2021-04-26,261.66,262.44,260.17,261.55,249.9599,19763300
2021-04-27,261.58,263.19,260.12,261.97,250.3613,31014200
2021-04-28,256.08,256.54,252.95,254.56,243.2796,46903100
2021-04-29,255.46,256.1,249.0,252.51,241.3205,40589000
2021-04-30,249.74,253.08,249.6,252.18,241.0051,30945100
2021-05-03,253.4,254.35,251.12,251.86,240.6993,19626600
2021-05-04,250.97,251.21,245.76,247.79,236.8096,32756100
2021-05-05,249.06,249.5,245.82,246.47,235.5481,21901300
2021-05-06,246.45,249.86,244.69,249.73,238.6637,26491100
2021-05-07,252.15,254.3,251.17,252.46,241.2727,27032900
2021-05-10,250.87,251.73,247.12,247.18,236.2267,29299900
2021-05-11,244.55,246.6,242.57,246.23,235.3187,33641600
2021-05-12,242.17,244.38,238.07,239.0,228.4091,36684400
2021-05-13,241.8,245.6,241.42,243.03,232.2606,29624300
2021-05-14,245.58,249.18,245.49,248.15,237.1537,23901100
2021-05-17,246.55,246.59,243.52,245.18,234.3153,24970200
2021-05-18,246.27,246.41,242.9,243.08,232.3083,20168000
2021-05-19,239.31,243.23,238.6,243.12,232.8831,25739800
2021-05-20,243.96,247.95,243.86,246.48,236.1016,21800700
2021-05-21,247.57,248.33,244.74,245.17,234.8468,21863100
2021-05-24,247.79,251.16,247.51,250.78,240.2205,21411500
2021-05-25,251.77,252.75,250.82,251.72,241.121,17704300
2021-05-26,251.43,252.94,250.75,251.49,240.9006,17771600
2021-05-27,251.17,251.48,249.25,249.31,238.8124,24426200
2021-05-28,251.0,252.08,249.56,249.68,239.1669,18270200
2021-06-01,251.23,251.29,246.96,247.4,236.9829,23213300
2021-06-02,248.13,249.27,245.84,247.3,236.8871,19406700
2021-06-03,245.22,246.34,243.0,245.71,235.364,25307700
2021-06-04,247.76,251.65,247.51,250.79,240.2301,25281100
2021-06-07,249.98,254.09,249.81,253.81,243.123,23079200
2021-06-08,255.16,256.01,252.51,252.57,241.9352,22455000
2021-06-09,253.81,255.53,253.21,253.59,242.9122,17937600
2021-06-10,254.29,257.46,253.67,257.24,246.4085,24563600
2021-06-11,257.99,258.49,256.61,257.89,247.0312,18999700
2021-06-14,257.9,259.95,256.8,259.89,248.9469,19150500
2021-06-15,259.77,259.99,257.68,258.36,247.4814,18038900
2021-06-16,259.4,260.58,254.42,257.38,246.5426,27220000
2021-06-17,256.07,261.75,256.01,260.9,249.9144,27565500
2021-06-18,259.63,262.3,258.75,259.43,248.5063,37202200
2021-06-21,259.82,263.52,257.92,262.63,251.5716,26696100
2021-06-22,262.72,265.79,262.4,265.51,254.3303,24694100
2021-06-23,265.99,266.83,264.43,265.27,254.1004,19518700
2021-06-24,266.16,267.85,265.47,266.69,255.4606,21446900
2021-06-25,266.23,267.25,264.76,265.02,253.8609,25611100
2021-06-28,266.19,268.9,265.91,268.72,257.4051,19590000
2021-06-29,268.87,271.65,267.98,271.4,259.9723,19937800
2021-06-30,270.69,271.36,269.6,270.9,259.4934,21656500
2021-07-01,269.61,271.84,269.6,271.6,260.1639,16725300
2021-07-02,272.82,278.0,272.5,277.65,265.9591,26458000
2021-07-06,278.03,279.37,274.3,277.66,265.9687,31565600
2021-07-07,279.4,280.69,277.15,279.93,268.1431,23260000
2021-07-08,276.9,278.73,274.87,277.42,265.7388,24618600
2021-07-09,275.72,278.05,275.32,277.94,266.2369,23916700
2021-07-12,279.16,279.77,276.58,277.32,265.643,18931700
2021-07-13,277.52,282.85,277.39,280.98,269.1489,26120100
2021-07-14,282.35,283.66,280.55,282.51,270.6145,23113700
2021-07-15,282.0,282.51,279.83,281.03,269.1968,22604200
2021-07-16,282.07,284.1,279.46,280.75,268.9286,26186800
2021-07-19,278.93,280.37,274.45,277.01,265.3461,32935600
2021-07-20,278.03,280.97,276.26,279.32,267.5588,26259700
2021-07-21,278.9,281.52,277.29,281.4,269.5512,24364300
2021-07-22,283.84,286.42,283.42,286.14,274.0916,23384100
2021-07-23,287.37,289.99,286.5,289.67,277.473,22768100
2021-07-26,289.0,289.69,286.64,289.05,276.8791,23176100
2021-07-27,289.43,289.58,282.95,286.54,274.4748,33604100
2021-07-28,288.99,290.15,283.83,286.22,274.1683,33566900
2021-07-29,286.24,288.62,286.08,286.5,274.4365,18168300
2021-07-30,285.17,286.66,283.91,284.91,272.9134,20944800
2021-08-02,286.36,286.77,283.74,284.82,272.8272,16267400
2021-08-03,285.42,287.23,284.0,287.12,275.0304,17879000
2021-08-04,286.22,287.59,284.65,286.51,274.4461,16191300
2021-08-05,286.88,289.63,286.1,289.52,277.3293,13900200
2021-08-06,288.51,289.5,287.62,289.46,277.2719,16589300
2021-08-09,289.75,291.55,287.81,288.33,276.1894,16117600
2021-08-10,288.8,289.25,285.2,286.44,274.379,18616600
2021-08-11,287.21,288.66,285.86,286.95,274.8675,13955900
2021-08-12,286.63,289.97,286.34,289.81,277.6071,14561300
2021-08-13,289.48,292.9,289.3,292.85,280.5191,18249000
2021-08-16,293.19,294.82,290.02,294.6,282.1954,22507600
2021-08-17,292.39,293.43,291.08,293.08,280.7394,20075300
2021-08-18,292.04,294.82,290.27,290.73,279.0215,21813000
2021-08-19,288.69,297.47,288.64,296.77,284.8183,29850500
2021-08-20,299.72,305.84,298.06,304.36,292.1026,40817600
2021-08-23,303.25,305.4,301.85,304.65,292.3809,22830200
2021-08-24,305.02,305.65,302.0,302.62,290.4327,18175800
2021-08-25,304.3,304.59,300.42,302.01,289.8472,20006100
2021-08-26,300.99,302.43,298.95,299.09,287.0448,17666100
2021-08-27,298.99,300.87,296.83,299.72,287.6495,22605700
2021-08-30,301.12,304.22,301.06,303.59,291.3636,16348100
2021-08-31,304.42,304.5,301.5,301.88,289.7225,26285300
2021-09-01,302.87,305.19,301.49,301.83,289.6745,18983800
2021-09-02,302.2,303.36,300.18,301.15,289.0219,16285600
2021-09-03,300.99,302.6,300.26,301.14,289.0123,14747900
2021-09-07,301.01,301.09,298.2,300.18,288.0909,17180400
2021-09-08,299.78,300.61,297.47,300.21,288.1197,15046800
2021-09-09,300.82,302.14,297.0,297.25,285.2789,19927000
2021-09-10,298.42,299.92,295.38,295.71,283.801,19633400
2021-09-13,297.55,298.54,294.08,296.99,285.0294,23652900
2021-09-14,299.56,301.39,298.1,299.79,287.7166,21853400
2021-09-15,303.26,305.32,301.82,304.82,292.5441,28356300
2021-09-16,303.76,305.31,300.76,305.22,292.928,19550800
2021-09-17,304.17,304.5,299.53,299.87,287.7934,41372500
2021-09-20,296.33,298.72,289.52,294.3,282.4477,38278700
2021-09-21,295.69,297.54,294.07,294.8,282.9276,22364100
2021-09-22,296.73,300.22,294.51,298.58,286.5554,26626300
2021-09-23,298.85,300.9,297.53,299.56,287.4959,18604600
2021-09-24,298.23,299.8,296.93,299.35,287.2944,14999000
2021-09-27,296.14,296.47,292.94,294.17,282.323,23571700
2021-09-28,289.8,290.78,282.75,283.52,272.1019,43186200
2021-09-29,285.1,286.77,283.01,284.0,272.5626,26353700
2021-09-30,285.71,287.83,281.62,281.92,270.5663,32343600
2021-10-01,282.12,289.98,281.29,289.1,277.4572,30086300
2021-10-04,287.4,287.75,280.25,283.11,271.7084,31350700
2021-10-05,284.05,290.4,284.05,288.76,277.1309,24993000
2021-10-06,285.78,293.63,285.51,293.11,281.3057,28002600
2021-10-07,295.18,296.64,293.92,294.85,282.9756,20430500
2021-10-08,296.22,296.64,293.76,294.85,282.9756,17685700
2021-10-11,292.92,297.97,292.75,294.23,282.3806,19298600
2021-10-12,295.34,295.44,292.35,292.88,281.0849,17974100
2021-10-13,294.91,297.28,293.49,296.31,284.3768,23416300
2021-10-14,299.21,303.27,297.83,302.75,290.5574,27262900
2021-10-15,302.34,304.45,300.52,304.21,291.9586,25384800
2021-10-18,303.57,308.21,302.69,307.29,294.9146,22729300
2021-10-19,308.35,309.3,307.22,308.23,295.8167,17682100
2021-10-20,309.21,309.7,306.11,307.41,295.0298,16537100
2021-10-21,307.17,311.02,306.36,310.76,298.2449,16918100
2021-10-22,310.4,311.09,307.8,309.16,296.7093,17449300
2021-10-25,309.36,309.4,306.46,308.13,295.7208,17554500
2021-10-26,311.0,312.4,308.6,310.11,297.621,28107300
2021-10-27,316.0,326.1,316.0,323.17,310.1551,52588700
2021-10-28,324.33,324.87,321.36,324.35,311.2876,26297900
2021-10-29,324.13,332.0,323.9,331.62,318.2648,34766000
2021-11-01,331.36,331.49,326.37,329.37,316.1054,27073200
2021-11-02,330.31,333.45,330.0,333.13,319.714,26487100
2021-11-03,333.9,334.9,330.65,334.0,320.5489,21500100
2021-11-04,332.89,336.54,329.51,336.44,322.8907,23992200
2021-11-05,338.51,338.79,334.42,336.06,322.526,22570100
2021-11-08,337.3,337.65,334.44,336.99,323.4185,20897000
2021-11-09,337.11,338.72,334.53,335.95,322.4204,21307400
2021-11-10,334.57,334.63,329.92,330.8,317.4778,25500900
2021-11-11,331.25,333.77,330.51,332.43,319.0421,16849800
2021-11-12,333.92,337.23,333.79,336.72,323.1594,23831000
2021-11-15,337.54,337.88,334.03,336.07,322.5356,16723000
2021-11-16,335.68,340.67,335.51,339.51,325.837,20886800
2021-11-17,338.94,342.19,338.0,339.12,326.0582,19053400
2021-11-18,338.18,342.45,337.12,341.27,328.1253,22463500
2021-11-19,342.64,345.1,342.2,343.11,329.8945,21963400
2021-11-22,344.62,349.67,339.55,339.83,326.7408,31031100
2021-11-23,337.05,339.45,333.56,337.68,324.6736,30427600
2021-11-24,336.28,338.16,333.91,337.91,324.8948,21661300
2021-11-26,334.35,337.93,328.12,329.68,316.9818,24217200
2021-11-29,334.94,339.03,334.74,336.63,323.6641,28563500
2021-11-30,335.32,337.78,328.99,330.59,317.8567,42885600
2021-12-01,335.13,339.28,329.39,330.08,317.3664,33337600
2021-12-02,330.3,333.49,327.8,329.49,316.7991,30766000
2021-12-03,331.99,332.7,318.03,323.01,310.5687,41779300
2021-12-06,323.95,327.45,319.23,326.19,313.6262,30032600
2021-12-07,331.64,335.8,330.1,334.92,322.0199,31021900
2021-12-08,335.31,335.5,330.8,334.97,322.068,24761000
2021-12-09,334.41,336.49,332.12,333.1,320.27,22214200
2021-12-10,334.98,343.0,334.79,342.54,329.3464,38095700
2021-12-13,340.68,343.79,339.08,339.4,326.3274,28899400
2021-12-14,333.22,334.64,324.11,328.34,315.6934,44438700
2021-12-15,328.61,335.19,324.5,334.65,321.7603,35381100
2021-12-16,335.71,336.76,323.02,324.9,312.3859,35034800
2021-12-17,320.88,324.92,317.25,323.8,311.3282,47750300
2021-12-20,320.05,322.8,317.57,319.91,307.5881,28326500
2021-12-21,323.29,327.73,319.8,327.29,314.6838,24740600
2021-12-22,328.3,333.61,325.75,333.2,320.3662,24831500
2021-12-23,332.75,336.39,332.73,334.69,321.7988,19617800
2021-12-27,335.46,342.48,335.43,342.45,329.2599,19947000
2021-12-28,343.15,343.81,340.32,341.25,328.1061,15661500
2021-12-29,341.3,344.3,339.68,341.95,328.7792,15042000
2021-12-30,341.91,343.13,338.82,339.32,326.2505,15994500
2021-12-31,338.51,339.36,335.85,336.32,323.366,18000800
2022-01-03,335.35,338.0,329.78,334.75,321.8565,28865100
2022-01-04,334.83,335.2,326.12,329.01,316.3376,32674300
2022-01-05,325.86,326.07,315.98,316.38,304.194,40054300
2022-01-06,313.15,318.7,311.49,313.88,301.7903,39646100
2022-01-07,314.15,316.5,310.09,314.04,301.9442,32720000
2022-01-10,309.49,314.72,304.69,314.27,302.1653,44289500
2022-01-11,313.38,316.61,309.89,314.98,302.848,29386800
2022-01-12,319.67,323.41,317.08,318.27,306.0112,34372200
2022-01-13,320.47,320.88,304.0,304.8,293.0601,45366000
2022-01-14,304.25,310.82,303.75,310.2,298.2521,39846400
2022-01-18,304.07,309.8,301.74,302.65,290.9929,42333200
2022-01-19,306.29,313.91,302.7,303.33,291.6467,45933900
2022-01-20,309.07,311.65,301.14,301.6,289.9833,35380700
2022-01-21,302.69,304.11,295.61,296.03,284.6278,57984400
2022-01-24,292.2,297.11,276.05,296.37,284.9548,85731500
2022-01-25,291.52,294.99,285.17,288.49,277.3783,72848600
2022-01-26,307.99,308.5,293.03,296.71,285.2817,90428900
2022-01-27,302.66,307.3,297.93,299.84,288.2911,53481300
2022-01-28,300.23,308.48,294.45,308.26,296.3868,49743700
2022-01-31,308.95,312.38,306.37,310.98,299.002,46444500
2022-02-01,310.41,310.63,305.13,308.76,296.8675,40950400
2022-02-02,309.63,315.12,308.88,313.46,301.3865,36636000
2022-02-03,309.49,311.23,299.96,301.25,289.6468,43730000
2022-02-04,300.21,308.8,299.97,305.94,294.1561,35096500
2022-02-07,306.17,307.84,299.9,300.95,289.3583,28533300
2022-02-08,301.25,305.56,299.95,304.56,292.8293,32421200
2022-02-09,309.87,311.93,307.39,311.21,299.2232,31284700
2022-02-10,304.04,309.12,300.7,302.38,290.7333,45386200
2022-02-11,303.19,304.29,294.22,295.04,283.676,39175600
2022-02-14,293.77,296.76,291.35,295.0,283.6375,36359500
2022-02-15,300.01,300.8,297.02,300.47,288.8968,27058300
2022-02-16,298.37,300.87,293.68,299.5,288.5596,29982100
2022-02-17,296.36,296.8,290.0,290.73,280.11,32461600
2022-02-18,293.05,293.86,286.31,287.93,277.4123,34264000
2022-02-22,285.0,291.54,284.5,287.72,277.2099,41736100
2022-02-23,290.18,291.7,280.1,280.27,270.0321,37811200
2022-02-24,272.51,295.16,271.52,294.59,283.829,56989700
2022-02-25,295.14,297.63,291.65,297.31,286.4496,32546700
2022-02-28,294.31,299.14,293.0,298.79,287.8756,34627500
2022-03-01,296.4,299.97,292.15,294.95,284.1758,31217800
2022-03-02,295.36,301.47,293.7,300.19,289.2244,31873000
2022-03-03,302.89,303.13,294.05,295.92,285.1104,27314500
2022-03-04,294.29,295.66,287.17,289.86,279.2718,32356500
2022-03-07,288.53,289.69,278.53,278.91,268.7217,43157200
2022-03-08,277.8,283.96,270.0,275.85,265.7735,48159500
2022-03-09,283.44,289.6,280.78,288.5,277.9614,35204500
2022-03-10,283.02,286.6,280.58,285.59,275.1577,30628000
2022-03-11,287.96,289.51,279.43,280.07,269.8394,27209300
2022-03-14,280.34,285.4,275.82,276.44,266.342,30660700
2022-03-15,280.35,287.82,278.73,287.15,276.6608,34245100
2022-03-16,289.11,294.57,283.2,294.39,283.6363,37826300
2022-03-17,293.29,295.61,289.37,295.22,284.436,30816600
2022-03-18,295.37,301.0,292.73,300.43,289.4556,43390600
2022-03-21,298.89,300.14,294.9,299.16,288.232,28351200
2022-03-22,299.8,305.0,298.77,304.06,292.953,27599700
2022-03-23,300.51,303.23,297.72,299.49,288.55,25715400
2022-03-24,299.14,304.2,298.32,304.1,292.9916,24484500
2022-03-25,305.23,305.5,299.29,303.68,292.5869,22566500
2022-03-28,304.33,310.8,304.33,310.7,299.3505,29578200
2022-03-29,313.91,315.82,309.05,315.41,303.8884,30393400
2022-03-30,313.76,315.95,311.58,313.86,302.3951,28163600
2022-03-31,313.9,315.14,307.89,308.31,297.0478,33422100
2022-04-01,309.37,310.13,305.54,309.42,298.1173,27110500
2022-04-04,310.09,315.11,309.71,314.97,303.4645,24289600
2022-04-05,313.27,314.87,309.87,310.88,299.5239,23156700
2022-04-06,305.19,307.0,296.71,299.5,288.5596,40110400
2022-04-07,296.66,303.65,296.35,301.37,290.3613,31411200
2022-04-08,300.44,301.12,296.28,296.97,286.122,24361900
2022-04-11,291.79,292.61,285.0,285.26,274.8398,34569300
2022-04-12,289.24,290.74,280.49,282.06,271.7567,30966700
2022-04-13,282.73,288.58,281.3,287.62,277.1136,21907200
2022-04-14,288.09,288.31,279.32,279.83,269.6081,28221600
2022-04-18,278.91,282.46,278.34,280.52,270.2729,20778000
2022-04-19,279.38,286.17,278.41,285.3,274.8783,22297700
2022-04-20,289.4,289.7,285.37,286.36,275.8996,22906700
2022-04-21,288.58,293.3,280.06,280.81,270.5523,29454600
2022-04-22,281.68,283.2,273.38,274.03,264.02,29405800
2022-04-25,273.29,281.11,270.77,280.72,270.4656,35678900
2022-04-26,277.5,278.36,270.0,270.22,260.3492,46518400
2022-04-27,282.1,290.97,279.16,283.22,272.8743,63477700
2022-04-28,285.19,290.98,281.46,289.63,279.0502,33646600
2022-04-29,288.61,289.88,276.5,277.52,267.3825,37073900
2022-05-02,277.71,284.94,276.22,284.47,274.0786,35151100
2022-05-03,283.96,284.13,280.15,281.78,271.4869,25978600
2022-05-04,282.59,290.88,276.73,289.98,279.3874,33599300
2022-05-05,285.54,286.35,274.34,277.35,267.2187,43260400
2022-05-06,274.81,279.25,271.27,274.73,264.6944,37780300
2022-05-09,270.06,272.36,263.32,264.58,254.9152,47726000
2022-05-10,271.69,273.75,265.07,269.5,259.6555,39336400
2022-05-11,265.68,271.36,259.3,260.55,251.0324,48975900
2022-05-12,257.69,259.88,250.02,255.35,246.0224,51033800
2022-05-13,257.35,263.04,255.35,261.12,251.5816,34925100
2022-05-16,259.96,265.82,255.78,261.5,251.9477,32550900
2022-05-17,266.11,268.33,262.46,266.82,257.0734,28828800
2022-05-18,263.0,263.6,252.77,254.08,245.3689,31356000
2022-05-19,253.9,257.67,251.88,253.14,244.4611,32692300
2022-05-20,257.24,258.54,246.44,252.56,243.901,39199300
2022-05-23,255.49,261.5,253.43,260.65,251.7137,33175400
2022-05-24,257.89,261.33,253.5,259.62,250.719,29043900
2022-05-25,258.14,264.58,257.13,262.52,253.5195,28547900
2022-05-26,262.27,267.11,261.43,265.9,256.7837,25002100
2022-05-27,268.48,273.34,267.56,273.24,263.872,26910800
2022-05-31,272.53,274.77,268.93,271.87,262.549,37827700
2022-06-01,275.2,277.69,270.04,272.42,263.0801,25292200
2022-06-02,264.45,274.65,261.6,274.58,265.1661,44008200
2022-06-03,270.31,273.45,268.41,270.02,260.7624,28059000
2022-06-06,272.06,274.18,267.22,268.75,259.536,22400300
2022-06-07,266.64,273.13,265.94,272.5,263.1574,22860700
2022-06-08,271.71,273.0,269.61,270.41,261.139,17372300
2022-06-09,267.78,272.71,264.63,264.79,255.7117,26439700
2022-06-10,260.58,260.58,252.53,252.99,244.3163,31422800
2022-06-13,245.11,249.02,241.53,242.26,233.9542,46135800
2022-06-14,243.86,245.74,241.51,244.49,236.1077,28651500
2022-06-15,248.31,255.3,246.42,251.76,243.1285,33111700
2022-06-16,245.98,247.42,243.02,244.97,236.5712,33169200
2022-06-17,244.7,250.5,244.03,247.65,239.1594,43084800
2022-06-21,250.26,254.75,249.51,253.74,245.0406,29928300
2022-06-22,251.89,257.17,250.37,253.13,244.4515,25939900
2022-06-23,255.57,259.37,253.63,258.86,249.985,25861400
2022-06-24,261.81,267.98,261.72,267.7,258.522,33923200
2022-06-27,268.21,268.3,263.28,264.89,255.8083,24615100
2022-06-28,263.98,266.91,256.32,256.48,247.6866,27295500
2022-06-29,257.59,261.97,255.76,260.26,251.337,20069800
2022-06-30,257.05,259.53,252.9,256.83,248.0246,31730900
2022-07-01,256.39,259.77,254.61,259.58,250.6803,22837700
2022-07-05,256.16,262.98,254.74,262.85,253.8382,22941000
2022-07-06,263.75,267.99,262.4,266.21,257.083,23824400
2022-07-07,265.12,269.06,265.02,268.4,259.198,20859900
2022-07-08,264.79,268.1,263.29,267.66,258.4833,19658800
2022-07-11,265.65,266.53,262.18,264.51,255.4413,19455200
2022-07-12,265.88,265.94,252.04,253.67,244.973,35868500
2022-07-13,250.19,253.55,248.11,252.72,244.0555,29497400
2022-07-14,250.57,255.14,245.94,254.08,245.3689,25102800
2022-07-15,255.72,260.37,254.77,256.72,247.9184,29774100
2022-07-18,259.75,260.84,253.3,254.25,245.5331,20975000
2022-07-19,257.58,259.72,253.68,259.53,250.6321,25012600
2022-07-20,259.9,264.87,258.91,262.27,253.2781,22788300
2022-07-21,259.79,264.89,257.03,264.84,255.76,22404700
2022-07-22,265.24,265.33,259.07,260.36,251.4336,21881300
2022-07-25,261.0,261.5,256.81,258.83,249.9561,21056000
2022-07-26,259.86,259.88,249.57,251.9,243.2637,39348000
2022-07-27,261.16,270.05,258.85,268.74,259.5263,45994000
2022-07-28,269.75,277.84,267.87,276.41,266.9333,33459300
2022-07-29,277.7,282.0,276.63,280.74,271.1149,32152800
2022-08-01,277.82,281.28,275.84,278.01,268.4785,21539600
2022-08-02,276.0,277.89,272.38,274.82,265.3978,22754200
2022-08-03,276.76,283.5,276.61,282.47,272.7856,23518900
2022-08-04,281.8,283.8,280.17,283.65,273.9251,18098700
2022-08-05,279.15,283.65,278.68,282.91,273.2105,16774600
2022-08-08,284.05,285.92,279.32,280.32,270.7093,18739200
2022-08-09,279.64,283.08,277.61,282.3,272.6214,23405200
2022-08-10,288.17,289.81,286.94,289.16,279.2462,24687800
2022-08-11,290.85,291.21,286.51,287.02,277.1796,20065900
2022-08-12,288.48,291.91,286.94,291.91,281.9019,22619700
2022-08-15,291.0,294.18,290.11,293.47,283.4084,18085700
2022-08-16,291.99,294.04,290.42,292.71,282.6745,18102900
2022-08-17,289.74,293.35,289.47,291.32,281.9293,18253400
2022-08-18,290.19,291.91,289.08,290.17,280.8164,17186200
2022-08-19,288.9,289.25,285.56,286.15,276.926,20570000
2022-08-22,282.08,282.46,277.22,277.75,268.7967,25061100
2022-08-23,276.44,278.86,275.4,276.44,267.529,17527400
2022-08-24,275.41,277.23,275.11,275.79,266.8999,18137000
2022-08-25,277.33,279.02,274.52,278.85,269.8613,16583400
2022-08-26,279.08,280.34,267.98,268.09,259.4481,27549300
2022-08-29,265.85,267.4,263.85,265.23,256.6803,20338500
2022-08-30,266.67,267.05,260.66,262.97,254.4932,22767100
2022-08-31,265.39,267.11,261.33,261.47,253.0415,24791800
2022-09-01,258.87,260.89,255.41,260.4,252.006,23263400
2022-09-02,261.7,264.74,254.47,256.06,247.8059,22855400
2022-09-06,256.2,257.83,251.94,253.25,245.0865,21328200
2022-09-07,254.7,258.83,253.22,258.09,249.7705,24126700
2022-09-08,257.51,260.43,254.79,258.52,250.1866,20319900
2022-09-09,260.5,265.23,260.29,264.46,255.9351,22084700
2022-09-12,265.78,267.45,265.16,266.65,258.0545,18747700
2022-09-13,258.84,260.4,251.59,251.99,243.8671,33353300
2022-09-14,253.53,254.23,249.86,252.22,244.0897,23913000
2022-09-15,249.77,251.4,244.02,245.38,237.4702,31530900
2022-09-16,244.26,245.3,242.06,244.74,236.8508,39791800
2022-09-19,242.47,245.14,240.85,244.52,236.6379,26826900
2022-09-20,242.07,243.51,239.64,242.45,234.6346,26660300
2022-09-21,244.27,247.66,238.9,238.95,231.2475,28625600
2022-09-22,237.87,243.86,237.57,240.98,233.212,31061200
2022-09-23,239.54,241.13,235.2,237.92,230.2507,34176000
2022-09-26,237.05,241.45,236.9,237.45,229.7958,27694200
2022-09-27,239.98,241.8,234.5,236.41,228.7893,27018700
2022-09-28,236.81,242.33,234.73,241.07,233.2991,29029700
2022-09-29,238.89,239.95,234.41,237.5,229.8442,27484200
2022-09-30,238.29,240.54,232.73,232.9,225.3925,35694800
2022-10-03,235.41,241.61,234.66,240.74,232.9798,28880400
2022-10-04,245.09,250.36,244.98,248.88,240.8574,34888400
2022-10-05,245.99,250.58,244.1,249.2,241.167,20347100
2022-10-06,247.93,250.34,246.08,246.79,238.8347,20239900
2022-10-07,240.9,241.32,233.17,234.24,226.6893,37769600
2022-10-10,233.05,234.56,226.73,229.25,221.8601,29743600
2022-10-11,227.62,229.06,224.11,225.41,218.1439,30474000
2022-10-12,225.4,227.86,223.96,225.75,218.473,21903900
2022-10-13,219.85,236.1,219.13,234.24,226.6893,42551800
2022-10-14,235.54,237.24,228.34,228.56,221.1924,30198600
2022-10-17,235.82,238.96,235.14,237.53,229.8732,28142300
2022-10-18,243.24,243.93,235.37,238.5,230.812,26329600
2022-10-19,237.04,239.61,234.29,236.48,228.8571,19985700
2022-10-20,235.77,241.31,234.87,236.15,228.5377,21811000
2022-10-21,234.74,243.0,234.5,242.12,234.3153,26299700
2022-10-24,243.76,247.84,241.3,247.25,239.2799,24911200
2022-10-25,247.26,251.04,245.83,250.66,242.58,34775500
2022-10-26,231.17,238.3,230.06,231.32,223.8634,82543200
2022-10-27,231.04,233.69,225.78,226.75,219.4407,40424600
2022-10-28,226.24,236.6,226.05,235.87,228.2667,40647700
2022-10-31,233.76,234.92,231.15,232.13,224.6473,28357300
2022-11-01,234.6,235.74,227.33,228.17,220.8149,30592300
2022-11-02,229.46,231.3,220.04,220.1,213.0051,38407000
2022-11-03,220.09,220.41,213.98,214.25,207.3437,36633900
2022-11-04,217.55,221.59,213.43,221.39,214.2535,36789100
2022-11-07,221.99,228.41,221.28,227.87,220.5246,33498000
2022-11-08,228.7,231.65,225.84,228.87,221.4924,28192500
2022-11-09,227.37,228.63,224.33,224.51,217.2729,27852900
2022-11-10,235.43,243.33,235.0,242.98,235.1475,46268000
2022-11-11,242.99,247.99,241.93,247.11,239.1444,34620200
2022-11-14,241.99,243.91,239.21,241.55,233.7636,31123300
2022-11-15,245.66,247.0,240.03,241.97,234.1701,31390100
2022-11-16,242.79,243.8,240.42,241.73,234.5971,24093300
2022-11-17,237.78,243.25,237.63,241.68,234.5486,23123500
2022-11-18,243.51,243.74,239.03,241.22,234.1022,27613500
2022-11-21,241.43,244.67,241.19,242.05,234.9077,26394700
2022-11-22,243.59,245.31,240.71,245.03,237.7997,19665700
2022-11-23,245.11,248.28,244.27,247.58,240.2745,19508500
2022-11-25,247.31,248.7,246.73,247.49,240.1872,9200800
2022-11-28,246.08,246.65,240.8,241.76,234.6262,24778200
2022-11-29,241.4,242.79,238.21,240.33,233.2384,17956300
2022-11-30,240.57,255.33,239.86,255.14,247.6114,47594200
2022-12-01,253.87,256.12,250.92,254.69,247.1747,26041500
2022-12-02,249.82,256.06,249.69,255.02,247.495,21528500
2022-12-05,252.01,253.82,248.06,250.2,242.8172,23435300
2022-12-06,250.82,251.86,243.78,245.12,237.8871,22463700
2022-12-07,244.83,246.16,242.21,244.37,237.1592,20481500
2022-12-08,244.84,248.74,243.06,247.4,240.0998,22611800
2022-12-09,244.7,248.31,244.16,245.42,238.1782,20609700
2022-12-12,247.45,252.54,247.17,252.51,245.059,30665100
2022-12-13,261.69,263.92,253.07,256.92,249.3389,42196900
2022-12-14,257.13,262.59,254.31,257.22,249.6301,35410900
2022-12-15,253.72,254.2,247.34,249.01,241.6623,35560400
2022-12-16,248.55,249.84,243.51,244.69,237.4698,86102000
2022-12-19,244.86,245.21,238.71,240.45,233.3549,29696400
2022-12-20,239.4,242.91,238.42,241.8,234.6651,25150800
2022-12-21,241.69,245.62,240.11,244.43,237.2175,23690600
2022-12-22,241.26,241.99,233.87,238.19,231.1616,28651700
2022-12-23,236.11,238.87,233.94,238.73,231.6856,21207000
2022-12-27,238.7,238.93,235.83,236.96,229.9679,16688600
2022-12-28,236.89,239.72,234.17,234.53,227.6096,17457100
2022-12-29,235.65,241.92,235.65,241.01,233.8984,19770700
2022-12-30,238.21,239.96,236.66,239.82,232.7435,21938500
2023-01-03,243.08,245.75,237.4,239.58,232.5106,25740000
2023-01-04,232.28,232.87,225.96,229.1,222.3398,50623400
2023-01-05,227.2,227.55,221.76,222.31,215.7502,39585600
2023-01-06,223.0,225.76,219.35,224.93,218.2929,43613600
2023-01-09,226.45,231.24,226.41,227.12,220.4182,27369800
2023-01-10,227.76,231.31,227.33,228.85,222.0972,27033900
2023-01-11,231.29,235.95,231.11,235.77,228.813,28669300
2023-01-12,235.26,239.9,233.56,238.51,231.4721,27269500
2023-01-13,237.0,239.37,234.92,239.23,232.1709,21333300
2023-01-17,237.97,240.91,237.09,240.35,233.2578,29831300
2023-01-18,241.57,242.38,235.52,235.81,228.8518,30028700
2023-01-19,233.78,235.52,230.68,231.93,225.0863,28623000
2023-01-20,234.86,240.74,234.51,240.22,233.1317,35389800
2023-01-23,241.1,245.17,239.65,242.58,235.422,31934000
2023-01-24,242.5,243.95,240.44,242.04,234.898,40234400
2023-01-25,234.48,243.3,230.9,240.61,233.5102,66526600
2023-01-26,243.65,248.31,242.0,248.0,240.6821,33454500
2023-01-27,248.99,249.83,246.83,248.16,240.8374,26498900
2023-01-30,244.51,245.6,242.2,242.71,235.5482,25867400
2023-01-31,243.45,247.95,242.95,247.81,240.4977,26541100
2023-02-01,248.0,255.18,245.47,252.75,245.2919,31259900
2023-02-02,258.82,264.69,257.25,264.6,256.7923,39940400
2023-02-03,259.54,264.2,257.1,258.35,250.7267,29077300
2023-02-06,257.44,258.3,254.78,256.77,249.1933,22518000
2023-02-07,260.53,268.77,260.08,267.56,259.6649,50841400
2023-02-08,273.2,276.76,266.21,266.73,258.8594,54686000
2023-02-09,273.8,273.98,262.8,263.62,255.8412,42375100
2023-02-10,261.53,264.09,260.66,263.1,255.3365,25818500
2023-02-13,267.64,274.6,267.15,271.32,263.314,44630900
2023-02-14,272.67,274.97,269.28,272.17,264.1389,37047900
2023-02-15,268.32,270.73,266.18,269.32,262.0277,28922400
2023-02-16,264.02,266.74,261.9,262.15,255.0518,29603600
2023-02-17,259.39,260.09,256.0,258.06,251.0726,30000100
2023-02-21,254.48,255.49,251.59,252.67,245.8285,28397400
2023-02-22,254.09,254.34,250.34,251.51,244.6999,22491100
2023-02-23,255.56,256.84,250.48,254.77,247.8716,29219100
2023-02-24,249.96,251.0,248.1,249.22,242.4719,24990900
2023-02-27,252.46,252.82,249.39,250.16,243.3865,21190000
2023-02-28,249.07,251.49,248.73,249.42,242.6665,22491000
2023-03-01,250.76,250.93,245.79,246.27,239.6018,27565300
2023-03-02,246.55,251.4,245.61,251.11,244.3107,24808200
2023-03-03,252.19,255.62,251.39,255.29,248.3776,30760100
2023-03-06,256.43,260.12,255.98,256.87,249.9148,24109800
2023-03-07,256.3,257.69,253.39,254.15,247.2684,21473200
2023-03-08,254.04,254.54,250.81,253.7,246.8306,17340200
2023-03-09,255.82,259.56,251.58,252.32,245.488,26653400
2023-03-10,251.08,252.79,247.6,248.59,241.859,28333900
2023-03-13,247.4,257.91,245.73,253.92,247.0447,33339700
2023-03-14,256.75,261.07,255.86,260.79,253.7286,33620300
2023-03-15,259.98,266.48,259.21,265.44,258.2527,46028000
2023-03-16,265.21,276.56,263.28,276.2,268.7214,54768800
2023-03-17,278.26,283.33,276.32,279.43,271.8639,69527400
2023-03-20,276.98,277.48,269.85,272.23,264.8589,43466600
2023-03-21,274.88,275.0,269.52,273.78,266.3669,34558700
2023-03-22,273.4,281.04,272.18,272.29,264.9173,34873300
2023-03-23,277.94,281.06,275.2,277.66,270.1418,36610900
2023-03-24,277.24,280.63,275.28,280.57,272.9731,28172000
2023-03-27,280.5,281.46,275.52,276.38,268.8965,26840200
2023-03-28,275.79,276.14,272.05,275.23,267.7776,21878600
2023-03-29,278.96,281.14,278.41,280.51,272.9147,25087000
2023-03-30,284.23,284.46,281.48,284.05,276.3588,25053400
2023-03-31,283.73,289.27,283.0,288.3,280.4938,32766000
2023-04-03,286.52,288.27,283.95,287.23,279.4527,24883300
2023-04-04,287.23,290.45,285.67,287.18,279.4041,25824300
2023-04-05,285.85,287.15,282.92,284.34,276.641,22064800
2023-04-06,283.21,292.08,282.03,291.6,283.7044,29770300
2023-04-10,289.21,289.6,284.71,289.39,281.5542,23103000
2023-04-11,285.75,285.98,281.64,282.83,275.1719,27276600
2023-04-12,284.79,287.01,281.96,283.49,275.814,27403400
2023-04-13,283.59,289.9,283.17,289.84,281.9921,24222700
2023-04-14,287.0,288.48,283.69,286.14,278.3922,20987900
2023-04-17,289.93,291.6,286.16,288.8,280.9802,23836200
2023-04-18,291.57,291.76,287.01,288.37,280.5619,20161800
2023-04-19,285.99,289.05,284.54,288.45,280.6397,17150300
2023-04-20,285.25,289.03,285.08,286.11,278.363,23244400
2023-04-21,285.01,286.27,283.06,285.76,278.0225,21676400
2023-04-24,282.09,284.95,278.72,281.77,274.1406,26611000
2023-04-25,279.51,281.6,275.37,275.42,267.9625,45772200
2023-04-26,296.7,299.57,292.73,295.37,287.3723,64599200
2023-04-27,295.97,305.2,295.25,304.83,296.5762,46462600
2023-04-28,304.01,308.93,303.31,307.26,298.9404,36469600
2023-05-01,306.97,308.6,305.15,305.56,297.2864,21294100
2023-05-02,307.76,309.18,303.91,305.41,297.1405,26404400
2023-05-03,306.62,308.61,304.09,304.4,296.1578,22360800
2023-05-04,306.24,307.76,303.4,305.41,297.1405,22519900
2023-05-05,305.72,311.97,304.27,310.65,302.2386,28197100
2023-05-08,310.13,310.2,306.09,308.65,300.2927,21318600
2023-05-09,308.0,310.04,306.31,307.0,298.6874,21340800
2023-05-10,308.62,313.0,307.67,312.31,303.8536,30078000
2023-05-11,310.1,311.12,306.26,310.11,301.7132,31680200
2023-05-12,310.55,310.65,306.6,308.97,300.6041,19774700
2023-05-15,309.1,309.9,307.59,309.46,301.0808,16336500
2023-05-16,309.83,313.71,309.83,311.74,303.2991,26730300
2023-05-17,312.29,314.43,310.74,314.0,306.1657,24315000
2023-05-18,314.53,319.04,313.72,318.52,310.5729,27276000
2023-05-19,316.74,318.75,316.37,318.34,310.3974,27546700
2023-05-22,318.6,322.59,318.01,321.18,313.1666,24115700
2023-05-23,320.03,322.72,315.25,315.26,307.3943,30797200
2023-05-24,314.73,316.5,312.61,313.85,306.0195,23384900
2023-05-25,323.24,326.9,320.0,325.92,317.7883,43301700
2023-05-26,324.02,333.4,323.88,332.89,324.5844,36630600
2023-05-30,335.23,335.74,330.52,331.21,322.9463,29503100
2023-05-31,332.29,335.94,327.33,328.39,320.1967,45950600
2023-06-01,325.93,333.53,324.72,332.58,324.2821,26773900
2023-06-02,334.25,337.5,332.55,335.4,327.0318,25873800
2023-06-05,335.22,338.56,334.66,335.94,327.5583,21307100
2023-06-06,335.33,335.37,332.17,333.68,325.3547,20396200
2023-06-07,331.65,334.49,322.5,323.38,315.3117,40717100
2023-06-08,323.94,326.64,323.35,325.26,317.1448,23277700
2023-06-09,324.99,329.99,324.41,326.79,318.6366,22529000
2023-06-12,328.58,332.1,325.16,331.85,323.5704,24260300
2023-06-13,334.47,336.98,330.39,334.29,325.9495,22951300
2023-06-14,334.34,339.04,332.81,337.34,328.9234,26003800
2023-06-15,337.48,349.84,337.2,348.1,339.4149,38899100
2023-06-16,351.32,351.47,341.95,342.33,333.7889,46552000
2023-06-20,339.31,342.08,335.86,338.05,329.6157,26375400
2023-06-21,336.37,337.73,332.07,333.56,325.2377,25117800
2023-06-22,334.12,340.12,333.34,339.71,331.2343,23556800
2023-06-23,334.36,337.96,333.45,335.02,326.6613,23146900
2023-06-26,333.72,336.11,328.49,328.6,320.4014,21520600
2023-06-27,331.86,336.15,329.3,334.57,326.2225,24354100
2023-06-28,334.66,337.98,333.81,335.85,327.4706,20259500
2023-06-29,334.71,336.11,332.62,335.05,326.6905,16997000
2023-06-30,337.75,342.73,337.2,340.54,332.0435,26832800
2023-07-03,339.19,340.9,336.57,337.99,329.5572,12508700
2023-07-05,335.09,341.65,334.73,338.15,329.7132,18172400
2023-07-06,337.3,342.99,335.5,341.27,332.7553,28161200
2023-07-07,339.32,341.79,337.0,337.22,328.8064,21214800
2023-07-10,334.6,335.23,327.59,331.83,323.5509,32791400
2023-07-11,331.06,332.86,327.0,332.47,324.1749,26698200
2023-07-12,336.6,341.65,335.67,337.2,328.7869,29995300
2023-07-13,339.56,343.74,339.02,342.66,334.1107,20567200
2023-07-14,347.59,351.43,344.31,345.24,336.6263,28352700
2023-07-17,345.68,346.99,342.2,345.73,337.1041,20363900
2023-07-18,345.83,366.78,342.17,359.49,350.5207,64738600
2023-07-19,361.75,362.46,352.44,355.08,346.2208,39732900
2023-07-20,353.57,357.97,345.37,346.87,338.2156,33778400
2023-07-21,349.15,350.3,339.83,343.77,335.193,69405400
2023-07-24,345.85,346.92,342.31,345.11,336.4995,26678100
2023-07-25,347.11,351.89,345.07,350.98,342.2231,41637700
2023-07-26,341.44,344.67,333.11,337.77,329.3427,58383700
2023-07-27,340.48,341.33,329.05,330.72,322.4686,39635300
2023-07-28,333.67,340.01,333.17,338.37,329.9277,28484900
2023-07-31,336.92,337.7,333.36,335.92,327.5388,25446000
2023-08-01,335.19,338.54,333.7,336.34,327.9483,18311900
2023-08-02,333.63,333.63,326.36,327.5,319.3289,27761300
2023-08-03,326.0,329.88,325.95,326.66,318.5099,18253700
2023-08-04,331.88,335.14,327.24,327.78,319.6019,23741500
2023-08-07,328.37,331.11,327.52,330.11,321.8738,17741500
2023-08-08,326.96,328.75,323.0,326.05,317.9151,22327600
2023-08-09,326.47,327.11,321.05,322.23,314.1904,22373300
2023-08-10,326.02,328.26,321.18,322.93,314.8729,20113700
2023-08-11,320.26,322.41,319.21,321.01,313.0008,24355500
2023-08-14,321.39,324.06,320.08,324.04,315.9552,18836100
2023-08-15,323.0,325.09,320.9,321.86,313.8296,16966300
2023-08-16,320.8,324.42,319.8,320.4,313.0675,20698900
2023-08-17,320.54,321.87,316.21,316.88,309.628,21257200
2023-08-18,314.49,318.38,311.55,316.48,309.2372,24755000
2023-08-21,317.93,322.77,317.04,321.88,314.5136,24040000
2023-08-22,325.5,326.08,321.46,322.46,315.0803,16084600
2023-08-23,323.82,329.2,323.46,327.0,319.5164,21166400
2023-08-24,332.85,332.98,319.96,319.97,312.6473,23281400
2023-08-25,321.47,325.36,318.8,322.98,315.5884,21684100
2023-08-28,325.66,326.15,321.72,323.7,316.2919,14808500
2023-08-29,321.88,328.98,321.88,328.41,320.8941,19284600
2023-08-30,328.67,329.81,326.45,328.79,321.2655,15222100
2023-08-31,329.2,330.91,326.78,327.76,320.259,26411000
2023-09-01,331.31,331.99,326.78,328.66,321.1384,14942000
2023-09-05,329.0,334.85,328.66,333.55,325.9165,18553900
2023-09-06,333.38,334.46,330.18,332.88,325.2618,17535800
2023-09-07,331.29,333.08,329.03,329.91,322.3598,18381000
2023-09-08,330.09,336.16,329.46,334.27,326.62,19530100
2023-09-11,337.24,338.42,335.43,337.94,330.206,16583300
2023-09-12,335.82,336.79,331.48,331.77,324.1773,17565500
2023-09-13,331.31,336.85,331.17,336.06,328.3691,16544400
2023-09-14,339.15,340.86,336.57,338.7,330.9487,20267000
2023-09-15,336.92,337.4,329.65,330.22,322.6627,37679800
2023-09-18,327.8,330.4,326.36,329.06,321.5293,16834200
2023-09-19,326.17,329.39,324.51,328.65,321.1287,16505900
2023-09-20,329.51,329.59,320.51,320.77,313.429,21436500
2023-09-21,319.26,325.35,315.0,319.53,312.2174,35560400
2023-09-22,321.32,321.45,316.15,317.01,309.755,21447900
2023-09-25,316.59,317.67,315.0,317.54,310.2729,17836000
2023-09-26,315.13,315.88,310.02,312.14,304.9965,26297600
2023-09-27,312.3,314.3,309.69,312.79,305.6316,19410100
2023-09-28,310.99,315.48,309.45,313.64,306.4622,19683600
2023-09-29,317.75,319.47,314.98,315.75,308.5239,24147300
2023-10-02,316.28,321.89,315.18,321.8,314.4354,20570000
2023-10-03,320.83,321.39,311.21,313.39,306.2179,21033500
2023-10-04,314.03,320.04,314.0,318.96,311.6604,20720100
2023-10-05,319.09,319.98,314.9,319.36,312.0513,16965600
2023-10-06,316.55,329.19,316.3,327.26,319.7705,25673600
2023-10-09,324.75,330.3,323.18,329.82,322.2719,19891200
2023-10-10,330.96,331.1,327.67,328.39,320.8746,20557100
2023-10-11,331.21,332.82,329.14,332.42,324.8124,20063200
2023-10-12,330.57,333.63,328.72,331.16,323.5812,19313100
2023-10-13,332.38,333.83,326.36,327.73,320.2297,21072400
2023-10-16,331.05,336.14,330.6,332.64,325.0273,22158000
2023-10-17,329.59,333.46,327.41,332.06,324.4606,18338500
2023-10-18,332.49,335.59,328.3,330.11,322.5552,23153600
2023-10-19,332.15,336.88,330.91,331.32,323.7376,25052100
2023-10-20,331.72,331.92,325.45,326.67,319.194,25027700
2023-10-23,325.47,332.73,324.39,329.32,321.7833,24374700
2023-10-24,331.3,331.84,327.6,330.53,322.9656,31153600
2023-10-25,345.02,346.2,337.62,340.67,332.8736,55053800
2023-10-26,340.54,341.63,326.94,327.89,320.386,37828500
2023-10-27,330.43,336.72,328.4,329.81,322.2621,29856500
2023-10-30,333.41,339.45,331.83,337.31,329.5905,22828100
2023-10-31,338.85,339.0,334.69,338.11,330.3722,20265300
2023-11-01,339.79,347.42,339.65,346.07,338.15,28158800
2023-11-02,347.24,348.83,344.77,348.32,340.3485,24348100
2023-11-03,349.63,354.39,347.33,352.8,344.726,23637700
2023-11-06,353.45,357.54,353.35,356.53,348.3706,23828300
2023-11-07,359.4,362.46,357.63,360.53,352.2791,25833900
2023-11-08,361.68,363.87,360.55,363.2,354.888,26767800
2023-11-09,362.3,364.79,360.36,360.69,352.4354,24847300
2023-11-10,361.49,370.1,361.07,369.67,361.2099,28042100
2023-11-13,368.22,368.47,365.9,366.68,358.2883,19986500
2023-11-14,371.01,371.95,367.35,370.27,361.7962,27683900
2023-11-15,371.28,373.13,367.11,369.67,361.943,26860100
2023-11-16,370.96,376.35,370.18,376.17,368.3072,27182300
2023-11-17,373.61,374.37,367.0,369.85,362.1193,40157000
2023-11-20,371.22,378.87,371.0,377.44,369.5506,52465100
2023-11-21,375.67,376.22,371.12,373.07,365.272,28423100
2023-11-22,378.0,379.79,374.97,377.85,369.952,23345300
2023-11-24,377.33,377.97,375.14,377.43,369.5408,10176600
2023-11-27,376.78,380.64,376.2,378.61,370.6962,22179200
2023-11-28,378.35,383.0,378.16,382.7,374.7007,20453100
2023-11-29,383.76,384.3,377.44,378.85,370.9311,28963400
2023-11-30,378.49,380.09,375.47,378.91,370.9899,30554400
2023-12-01,376.76,378.16,371.31,374.51,366.6819,33040500
2023-12-04,369.1,369.52,362.9,369.14,361.4241,32063300
2023-12-05,366.45,373.08,365.62,372.52,364.7335,23065000
2023-12-06,373.54,374.18,368.03,368.8,361.0912,21182100
2023-12-07,368.23,371.45,366.32,370.95,363.1963,23118900
2023-12-08,369.2,374.46,368.23,374.23,366.4077,20154400
2023-12-11,368.48,371.6,366.1,371.3,363.539,27708800
2023-12-12,370.85,374.42,370.46,374.38,366.5546,24838300
2023-12-13,376.02,377.64,370.77,374.37,366.5448,30955500
2023-12-14,373.31,373.76,364.13,365.93,358.2812,43277500
2023-12-15,366.85,372.4,366.28,370.73,362.9809,78502300
2023-12-18,369.45,373.0,368.68,372.65,364.8607,21802900
2023-12-19,371.49,373.26,369.84,373.26,365.458,20603700
2023-12-20,375.0,376.03,370.53,370.62,362.8732,26316700
2023-12-21,372.56,374.41,370.04,373.54,365.7321,17708000
2023-12-22,373.68,375.18,372.71,374.58,366.7504,17107500
2023-12-26,375.0,376.94,373.5,374.66,366.8287,12673100
2023-12-27,373.69,375.06,372.81,374.07,366.2511,14905400
2023-12-28,375.37,376.46,374.16,375.28,367.4358,14327000
2023-12-29,376.0,377.16,373.48,376.04,368.1799,18730800
2024-01-02,373.86,375.9,366.77,370.87,363.1179,25258600
2024-01-03,369.01,373.26,368.51,370.6,362.8536,23083500
2024-01-04,370.67,373.1,367.17,367.94,360.2492,20901500
2024-01-05,368.97,372.06,366.5,367.75,360.0632,21004600
2024-01-08,369.3,375.2,369.01,374.69,366.8581,23134000
2024-01-09,372.01,375.99,371.19,375.79,367.9351,20830000
2024-01-10,376.37,384.17,376.32,382.77,374.7692,25514200
2024-01-11,386.0,390.68,380.38,384.63,376.5903,27850800
2024-01-12,385.49,388.68,384.65,388.47,380.3501,21661200
2024-01-16,393.66,394.03,387.62,390.27,382.1124,27202300
2024-01-17,387.98,390.11,384.81,389.47,381.3292,22234100
2024-01-18,391.72,393.99,390.12,393.87,385.6372,23392100
2024-01-19,395.76,398.67,393.5,398.67,390.3369,29331100
2024-01-22,400.02,400.62,393.59,396.51,388.222,27016900
2024-01-23,395.75,399.38,393.93,398.9,390.562,20525900
2024-01-24,401.54,405.63,400.45,402.56,394.1455,24867000
2024-01-25,404.32,407.01,402.53,404.87,396.4073,21021200
2024-01-26,404.37,406.17,402.43,403.93,395.4869,17803300
2024-01-29,406.06,409.98,404.33,409.72,401.1559,24510200
2024-01-30,412.26,413.05,406.45,408.59,400.0495,33477600
2024-01-31,406.96,415.32,397.21,397.58,389.2696,47871100
2024-02-01,401.83,408.0,401.8,403.78,395.34,30657700
2024-02-02,403.81,412.65,403.56,411.22,402.6245,28256700
2024-02-05,409.9,411.16,403.99,405.65,397.171,25352300
2024-02-06,405.88,407.97,402.91,405.49,397.0143,18382600
2024-02-07,407.44,414.3,407.4,414.05,405.3954,22340500
2024-02-08,414.05,415.56,412.53,414.11,405.4541,21225300
2024-02-09,415.25,420.82,415.09,420.55,411.7595,22032800
2024-02-12,420.56,420.74,414.75,415.26,406.5801,21202900
2024-02-13,404.94,410.07,403.39,406.32,397.827,27824900
2024-02-14,408.07,409.84,404.57,409.49,401.6721,20401200
2024-02-15,408.14,409.13,404.29,406.56,398.798,21825500
2024-02-16,407.96,408.29,403.44,404.06,396.3458,22296500
2024-02-20,403.24,404.49,398.01,402.79,395.1,24307900
2024-02-21,400.17,402.29,397.22,402.18,394.5017,18518900
2024-02-22,410.19,412.83,408.57,411.65,403.7909,27009900
2024-02-23,415.67,415.86,408.97,410.34,402.5059,16295900
2024-02-26,411.46,412.16,407.36,407.54,399.7593,16193500
2024-02-27,407.99,408.32,403.85,407.48,399.7005,14835800
2024-02-28,408.18,409.3,405.32,407.72,399.9359,13183100
2024-02-29,408.64,414.2,405.92,413.64,405.7429,31947300
2024-03-01,411.27,415.87,410.88,415.5,407.5674,17823400
2024-03-04,413.44,417.35,412.32,414.92,406.9984,17596000
2024-03-05,413.96,414.25,400.64,402.65,394.9627,26919200
2024-03-06,402.97,405.16,398.39,402.09,394.4134,22344100
2024-03-07,406.12,409.78,402.24,409.14,401.3288,18718500
2024-03-08,407.96,410.42,404.33,406.22,398.4645,18002200
2024-03-11,403.76,405.68,401.26,404.52,396.797,16120800
2024-03-12,407.62,415.57,406.79,415.28,407.3516,22457000
2024-03-13,418.1,418.18,411.45,415.1,407.175,17115900
2024-03-14,420.24,427.82,417.99,425.22,417.1018,34157300
2024-03-15,419.29,422.6,412.79,416.42,408.4698,45079900
2024-03-18,414.25,420.73,413.78,417.32,409.3526,20106000
2024-03-19,417.83,421.67,415.55,421.41,413.3645,19837900
2024-03-20,422.0,425.96,420.66,425.23,417.1116,17860100
2024-03-21,429.83,430.82,427.16,429.37,421.1726,21296200
2024-03-22,429.7,429.86,426.07,428.74,420.5546,17648500
2024-03-25,425.24,427.41,421.61,422.86,414.7869,18060500
2024-03-26,425.61,425.99,421.35,421.65,413.6,16725600
2024-03-27,424.44,424.45,419.01,421.43,413.3842,16705000
2024-03-28,420.96,421.87,419.12,420.72,412.6877,21871200
2024-04-01,423.95,427.89,422.22,424.57,416.4642,16316000
2024-04-02,420.11,422.38,417.84,421.44,413.394,17912000
2024-04-03,419.73,423.26,419.09,420.45,412.4229,16502300
2024-04-04,424.99,428.67,417.57,417.88,409.9019,19370900
2024-04-05,420.01,426.51,418.32,425.52,417.3961,16554800
2024-04-08,425.17,427.28,423.3,424.59,416.4838,14272400
2024-04-09,426.44,427.74,421.62,426.28,418.1416,12496900
2024-04-10,422.19,424.03,419.7,423.26,415.1792,16216600
2024-04-11,425.82,429.37,422.36,427.93,419.7601,17966400
2024-04-12,424.05,425.18,419.77,421.9,413.8452,19253800
2024-04-15,426.6,426.82,413.43,413.64,405.7429,20273500
2024-04-16,414.57,418.4,413.73,414.58,406.6649,16765600
2024-04-17,417.25,418.88,410.33,411.84,403.9772,15855500
2024-04-18,410.63,411.89,403.95,404.27,396.5518,21029900
2024-04-19,404.03,405.48,397.77,399.12,391.5001,30565800
2024-04-22,400.08,402.85,395.75,400.96,393.305,20286900
2024-04-23,404.24,408.2,403.06,407.57,399.7888,15734500
2024-04-24,409.56,412.47,406.78,409.06,401.2503,15065300
2024-04-25,394.03,399.89,388.03,399.04,391.4216,40586500
2024-04-26,412.17,413.0,405.76,406.32,398.5626,29694700
2024-04-29,405.25,406.32,399.19,402.25,394.5703,19582100
2024-04-30,401.49,402.16,389.17,389.33,381.897,28781400
2024-05-01,392.61,401.72,390.31,394.94,387.3999,23562500
2024-05-02,397.66,399.93,394.65,397.84,390.2445,17709400
2024-05-03,402.28,407.15,401.86,406.66,398.8961,17446700
2024-05-06,408.76,413.93,406.37,413.54,405.6448,16996600
2024-05-07,414.66,414.67,409.09,409.34,401.525,20018200
2024-05-08,408.17,412.23,406.71,410.54,402.7021,11792300
2024-05-09,410.57,412.72,409.1,412.32,404.4481,14689700
2024-05-10,412.94,415.38,411.8,414.74,406.8219,13402300
2024-05-13,418.01,418.35,410.82,413.72,405.8214,15440200
2024-05-14,412.02,417.49,411.55,416.56,408.6071,15109300
2024-05-15,417.9,423.81,417.27,423.08,415.7512,22239500
2024-05-16,421.8,425.42,420.35,420.99,413.6974,17530100
2024-05-17,422.54,422.92,418.03,420.21,412.9309,15352200
2024-05-20,420.21,426.77,419.99,425.34,417.972,16272100
2024-05-21,426.83,432.97,424.85,429.04,421.608,21453300
2024-05-22,430.09,432.41,427.13,430.52,423.0623,18073700
2024-05-23,432.97,433.6,425.42,427.0,419.6033,17211700
2024-05-24,427.19,431.06,424.41,430.16,422.7086,11855300
2024-05-28,429.63,430.82,426.6,430.32,422.8658,15718000
2024-05-29,425.69,430.94,425.69,429.17,421.7357,15517100
2024-05-30,424.3,424.3,414.24,414.67,407.4869,28394500
2024-05-31,416.75,416.75,404.51,415.13,407.9389,47995300
2024-06-03,415.53,416.43,408.92,413.52,406.3568,17484700
2024-06-04,412.43,416.44,409.68,416.07,408.8626,14348900
2024-06-05,417.81,424.08,416.3,424.01,416.6651,16988000
2024-06-06,424.01,425.31,420.58,424.52,417.1663,14861300
2024-06-07,426.2,426.28,423.0,423.85,416.5079,13621700
2024-06-10,424.7,428.08,423.89,427.87,420.4582,13982900
2024-06-11,425.48,432.82,425.25,432.68,425.1849,14551100
2024-06-12,435.32,443.4,433.25,441.06,433.4197,22366200
2024-06-13,440.85,443.39,439.37,441.58,433.9307,15960600
2024-06-14,438.28,443.14,436.72,442.57,434.9036,13582000
2024-06-17,442.59,450.94,440.72,448.37,440.6031,20790000
2024-06-18,449.71,450.14,444.89,446.34,438.6083,17112500
2024-06-20,446.3,446.53,441.27,445.7,437.9794,19877400
2024-06-21,447.38,450.58,446.51,449.78,441.9887,34187100
2024-06-24,449.8,452.75,446.41,447.67,439.9152,15913700
2024-06-25,448.25,451.42,446.75,450.95,443.1384,16413400
2024-06-26,449.0,453.6,448.19,452.16,444.3275,16507000
2024-06-27,452.18,456.17,451.77,452.85,445.0055,14806300
2024-06-28,453.07,455.38,446.41,446.95,439.2077,28362300
2024-07-01,448.66,457.37,445.66,456.73,448.8183,17662800
2024-07-02,453.2,459.59,453.11,459.28,451.3241,13979800
2024-07-03,458.19,461.02,457.88,460.77,452.7883,9932800
2024-07-05,459.61,468.35,458.97,467.56,459.4607,16000300
2024-07-08,466.55,467.7,464.46,466.24,458.1636,12962300
2024-07-09,467.0,467.33,458.0,459.54,451.5796,17207200
2024-07-10,461.22,466.46,458.86,466.25,458.1734,18196100
2024-07-11,462.98,464.78,451.55,454.7,446.8235,23111200
2024-07-12,454.33,456.36,450.65,453.55,445.6934,16324300
2024-07-15,453.3,457.26,451.43,453.96,446.0963,14429400
2024-07-16,454.22,454.3,446.66,449.52,441.7332,17175700
2024-07-17,442.59,444.85,439.18,443.52,435.8371,21778000
2024-07-18,444.34,444.65,434.4,440.37,432.7417,20794800
2024-07-19,433.1,441.14,432.0,437.11,429.5382,20940400
2024-07-22,441.79,444.6,438.91,442.94,435.2672,15808800
2024-07-23,443.9,448.39,443.1,444.85,437.1441,13107100
2024-07-24,440.45,441.48,427.59,428.9,421.4704,26805800
2024-07-25,428.8,429.8,417.51,418.4,411.1523,29943800
2024-07-26,418.2,428.92,417.27,425.27,417.9033,23583800
2024-07-29,431.58,432.15,424.7,426.73,419.338,15125800
2024-07-30,427.72,429.05,417.36,422.92,415.594,32687600
2024-07-31,420.5,421.78,412.21,418.35,411.1031,42891400
2024-08-01,420.79,427.46,413.09,417.11,409.8846,30296400
2024-08-02,412.49,415.0,404.34,408.49,401.4139,29437900
2024-08-05,389.17,401.04,385.58,395.15,388.305,40709200
2024-08-06,400.0,405.67,398.5,399.61,392.6878,24946500
2024-08-07,408.64,410.08,397.47,398.43,391.5282,20650900
2024-08-08,402.44,405.86,399.94,402.69,395.7144,20203000
2024-08-09,404.03,408.05,402.26,406.02,398.9867,19276700
2024-08-12,407.06,408.76,404.24,406.81,399.763,16762900
2024-08-13,409.59,414.95,409.57,414.01,406.8383,19414300
2024-08-14,414.8,417.72,412.45,416.86,409.6389,18267000
2024-08-15,419.8,421.11,417.66,421.03,414.4824,20752100
2024-08-16,420.6,421.34,417.3,418.47,411.9622,22775600
2024-08-19,418.96,421.75,416.46,421.53,414.9747,15234000
2024-08-20,421.7,425.86,421.64,424.8,418.1938,16387600
2024-08-21,424.08,426.4,421.72,424.14,417.5441,16067300
2024-08-22,424.36,426.79,414.61,415.55,409.0877,19361900
2024-08-23,416.98,419.26,412.09,416.79,410.3084,18493800
2024-08-26,416.37,417.28,411.34,413.49,407.0597,13152800
2024-08-27,412.86,414.36,410.25,413.84,407.4042,13492900
2024-08-28,414.88,415.0,407.31,410.6,404.2146,14882700
2024-08-29,414.94,422.05,410.6,413.12,406.6954,17045200
2024-08-30,415.6,417.49,412.13,417.14,410.6529,24308300
2024-09-03,417.91,419.88,407.03,409.44,403.0727,20313600
2024-09-04,405.91,411.24,404.37,408.9,402.5411,15135800
2024-09-05,407.62,413.1,406.13,408.39,402.039,14195500
2024-09-06,409.06,410.65,400.8,401.7,395.453,19609500
2024-09-09,407.24,408.65,402.15,405.72,399.4105,15295100
2024-09-10,408.2,416.33,407.7,414.2,407.7586,19594300
2024-09-11,415.5,423.99,409.58,423.04,416.4612,19266900
2024-09-12,423.31,427.37,419.75,427.0,420.3596,17395700
2024-09-13,425.83,431.83,425.46,430.59,423.8938,15874600
2024-09-16,430.6,433.53,428.22,431.34,424.6321,13834700
2024-09-17,440.23,441.85,432.27,435.15,428.3828,18874200
2024-09-18,435.0,436.03,430.41,430.81,424.1103,18898000
2024-09-19,441.23,441.5,436.9,438.69,431.8678,21706600
2024-09-20,437.22,439.24,434.22,435.27,428.501,55167100
2024-09-23,434.28,436.46,430.39,433.51,426.7684,15128900
2024-09-24,433.0,433.35,426.1,429.17,422.4958,17015800
2024-09-25,429.83,433.12,428.57,432.11,425.3901,13396400
2024-09-26,435.09,435.3,429.13,431.31,424.6026,14492000
2024-09-27,431.52,431.85,427.47,428.02,421.3637,14896100
2024-09-30,428.21,430.42,425.37,430.3,423.6083,16807300
2024-10-01,428.45,428.48,418.81,420.69,414.1477,19092900
2024-10-02,422.58,422.82,416.71,417.13,410.6431,16582300
2024-10-03,417.63,419.55,414.29,416.54,410.0623,13686400
2024-10-04,418.24,419.75,414.97,416.06,409.5897,19169700
2024-10-07,416.0,417.11,409.0,409.54,403.1711,20919800
2024-10-08,410.9,415.66,408.17,414.71,408.2607,19229300
2024-10-09,415.86,420.38,414.3,417.46,410.9679,14974300
2024-10-10,415.23,417.35,413.15,415.84,409.3731,13848400
2024-10-11,416.14,417.13,413.25,416.32,409.8457,14144900
2024-10-14,417.77,424.04,417.52,419.14,412.6218,16653100
2024-10-15,422.18,422.48,415.26,418.74,412.228,18900200
2024-10-16,415.17,416.36,410.48,416.12,409.6488,15508900
2024-10-17,422.36,422.5,415.59,416.72,410.2395,14820000
2024-10-18,417.14,419.65,416.26,418.16,411.6571,17145300
2024-10-21,416.12,418.96,413.75,418.78,412.2674,14206100
2024-10-22,418.49,430.58,418.04,427.51,420.8617,25482200
2024-10-23,430.86,431.08,422.53,424.6,417.9969,19654400
2024-10-24,425.33,425.98,422.4,424.73,418.1249,13581600
2024-10-25,426.76,432.52,426.57,428.15,421.4917,16899100
2024-10-28,431.66,431.94,426.3,426.59,419.956,14882400
2024-10-29,428.0,433.17,425.8,431.95,425.2326,17644100
2024-10-30,437.44,438.5,432.1,432.53,425.8036,29749100
2024-10-31,415.36,416.16,406.3,406.35,400.0307,53971000
2024-11-01,409.01,415.5,407.5,410.37,403.9882,24230400
2024-11-04,409.8,410.42,405.57,408.46,402.1079,19672300
2024-11-05,408.37,414.9,408.08,411.46,405.0613,17626000
2024-11-06,412.42,420.45,410.52,420.18,413.6456,26681800
2024-11-07,421.28,426.85,419.88,425.43,418.814,19901800
2024-11-08,425.32,426.5,421.78,422.54,415.9689,16891400
2024-11-11,422.52,424.81,416.0,418.01,411.5094,24503300
2024-11-12,418.25,424.44,417.2,423.03,416.4513,19401200
2024-11-13,421.64,429.33,418.21,425.2,418.5876,21502200
2024-11-14,425.0,428.17,420.0,426.89,420.2513,30246900
2024-11-15,419.82,422.8,413.64,415.0,408.5462,28247600
2024-11-18,414.87,418.4,412.1,415.76,409.2944,24727000
2024-11-19,413.11,417.94,411.55,417.79,411.2928,18133500
2024-11-20,416.87,417.29,410.58,415.49,409.0286,19191700
2024-11-21,419.5,419.78,410.29,412.87,407.2629,20780200
2024-11-22,411.37,417.4,411.06,417.0,411.3368,24814600
2024-11-25,418.38,421.08,414.85,418.79,413.1025,27691100
2024-11-26,419.59,429.04,418.85,427.99,422.1776,23458900
2024-11-27,425.11,427.23,422.02,422.99,417.2455,18332400
2024-11-29,420.09,424.88,417.8,423.46,417.7091,16271900
2024-12-02,421.57,433.0,421.31,430.98,425.1269,20207200
2024-12-03,429.84,432.47,427.74,431.2,425.344,18302000
2024-12-04,433.03,439.67,432.63,437.42,431.4795,26009400
2024-12-05,437.92,444.66,436.17,442.62,436.6089,21697800
2024-12-06,442.3,446.1,441.77,443.57,437.546,18821000
2024-12-09,442.6,448.33,440.5,446.02,439.9627,19144400
2024-12-10,444.39,449.62,441.6,443.33,437.3092,18469500
2024-12-11,444.05,450.35,444.05,448.99,442.8924,19200200
2024-12-12,449.11,456.16,449.11,449.56,443.4546,20834800
2024-12-13,448.44,451.43,445.58,447.27,441.1957,20177800
2024-12-16,447.27,452.18,445.28,451.59,445.457,23598800
2024-12-17,451.01,455.29,449.57,454.46,448.2881,22733500
2024-12-18,451.32,452.65,437.02,437.39,431.4499,24444500
2024-12-19,441.62,443.18,436.32,437.03,431.0948,22963700
2024-12-20,433.11,443.74,428.63,436.6,430.6706,64263700
2024-12-23,436.74,437.65,432.83,435.25,429.339,19152500
2024-12-24,434.65,439.6,434.19,439.33,433.3635,7164500
2024-12-26,439.08,440.94,436.63,438.11,432.1601,8194200
2024-12-27,434.6,435.22,426.35,430.53,424.6831,18117700
2024-12-30,426.06,427.55,421.9,424.83,419.0605,13158700
2024-12-31,426.1,426.73,420.66,421.5,415.7757,13246500
2025-01-02,425.53,426.07,414.85,418.58,412.8953,16896500
2025-01-03,421.08,424.03,419.54,423.35,417.6006,16662900
2025-01-06,428.0,434.32,425.48,427.85,422.0395,20573600
2025-01-07,429.0,430.65,420.8,422.37,416.6339,18139100
2025-01-08,423.46,426.97,421.54,424.56,418.7941,15054600
2025-01-10,424.63,424.71,415.02,418.95,413.2603,20201100
2025-01-13,415.24,418.5,412.29,417.19,411.5242,17604800
2025-01-14,417.81,419.74,410.72,415.67,410.0249,16935900
2025-01-15,419.13,428.15,418.27,426.31,420.5204,19637800
2025-01-16,428.7,429.49,424.39,424.58,418.8139,15300000
2025-01-17,434.09,434.48,428.17,429.03,423.2034,26197500
2025-01-21,430.2,430.9,425.6,428.5,422.6806,26085700
2025-01-22,437.56,447.27,436.0,446.2,440.1402,27803800
2025-01-23,442.0,446.75,441.5,446.71,440.6433,18389300
2025-01-24,445.16,446.65,441.4,444.06,438.0293,15549500
2025-01-27,424.01,435.2,423.5,434.56,428.6583,35647800
2025-01-28,434.6,448.38,431.38,447.2,441.1267,23491700
2025-01-29,446.69,446.88,440.4,442.33,436.3228,23581400
2025-01-30,418.77,422.86,413.16,414.99,409.3541,54586300
2025-01-31,418.98,420.69,414.91,415.06,409.4232,34161900
2025-02-03,411.6,415.41,408.66,410.92,405.3394,25679100
2025-02-04,412.69,413.92,409.74,412.37,406.7697,20532100
2025-02-05,412.35,413.83,410.4,413.29,407.6772,16316700
2025-02-06,414.0,418.2,414.0,415.82,410.1728,16309800
2025-02-07,416.48,418.65,408.1,409.75,404.1853,22886800
2025-02-10,413.71,415.46,410.92,412.22,406.6217,20817900
2025-02-11,409.64,412.49,409.3,411.44,405.8523,18140600
2025-02-12,407.21,410.75,404.37,409.04,403.4849,19121700
2025-02-13,407.0,411.0,406.36,410.54,404.9645,23891700
2025-02-14,407.79,408.91,405.88,408.43,402.8832,22758500
2025-02-18,408.0,410.6,406.5,409.64,404.0768,21423100
2025-02-19,407.88,415.49,407.65,414.77,409.1371,24114200
2025-02-20,415.29,419.31,412.54,416.13,411.3017,23508700
2025-02-21,417.34,418.05,407.89,408.21,403.4736,27524800
2025-02-24,408.51,409.37,399.32,404.0,399.3124,26443700
2025-02-25,401.1,401.92,396.7,397.9,393.2832,29387400
2025-02-26,398.01,403.6,394.25,399.73,395.092,19619000
2025-02-27,401.27,405.74,392.17,392.53,387.9755,21127400
2025-02-28,392.66,397.63,386.57,396.99,392.3838,32845700
2025-03-03,398.82,398.82,386.16,388.49,383.9824,23007700
2025-03-04,383.4,392.58,381.0,388.61,384.101,29342900
2025-03-05,389.34,401.67,388.81,401.02,396.367,23433100
2025-03-06,394.28,402.15,392.68,396.89,392.2849,23304600
2025-03-07,392.32,394.8,385.54,393.31,388.7465,22034100
2025-03-10,385.84,386.4,377.22,380.16,375.749,32840100
2025-03-11,379.0,386.0,376.91,380.45,376.0357,30380200
2025-03-12,382.95,385.22,378.95,383.27,378.823,24253600
2025-03-13,383.16,385.32,377.45,378.77,374.3752,20473000
2025-03-14,379.78,390.23,379.51,388.56,384.0516,19952800
2025-03-17,386.7,392.71,385.57,388.7,384.1899,22474300
2025-03-18,387.07,387.37,381.1,383.52,379.0701,19486900
2025-03-19,385.53,389.68,384.0,387.82,383.3202,19185500
2025-03-20,385.74,391.79,383.28,386.84,382.3515,18470500
2025-03-21,383.22,391.74,382.8,391.26,386.7202,39675900
2025-03-24,395.4,395.4,389.81,393.08,388.5191,21004500
2025-03-25,393.92,396.36,392.64,395.16,390.575,15775000
2025-03-26,395.0,395.31,388.57,389.97,385.4452,16108400
2025-03-27,390.13,392.24,387.4,390.58,386.0481,13766800
2025-03-28,388.08,389.13,376.93,378.8,374.4048,21632000
2025-03-31,372.54,377.07,367.24,375.39,371.0344,35184700
2025-04-01,374.65,382.85,373.23,382.19,377.7555,19689500
2025-04-02,377.97,385.08,376.62,382.14,377.7061,16092600
2025-04-03,374.79,377.48,369.35,373.11,368.7808,30198000
2025-04-04,364.13,374.59,359.48,359.84,355.6648,49209900
2025-04-07,350.88,371.0,344.79,357.86,353.7078,50425000
2025-04-08,368.26,373.65,350.25,354.56,350.4461,35868900
2025-04-09,353.54,393.23,353.1,390.49,385.9592,50199700
2025-04-10,382.06,383.9,367.8,381.35,376.9252,38024400
2025-04-11,380.64,390.05,378.89,388.45,383.9428,23839200
2025-04-14,393.22,394.65,384.21,387.81,383.3103,19251200
2025-04-15,388.51,391.89,384.16,385.73,381.2544,17199900
2025-04-16,380.67,381.61,368.0,371.61,367.2982,21967800
2025-04-17,373.75,374.32,366.89,367.78,363.5127,21120200
2025-04-21,362.82,364.48,355.67,359.12,354.9532,20807300
2025-04-22,363.38,367.77,359.86,366.82,362.5638,19485000
2025-04-23,376.06,380.39,373.02,374.39,370.046,20545500
2025-04-24,375.7,388.45,375.19,387.3,382.8062,22232300
2025-04-25,387.0,392.16,384.6,391.85,387.3034,18973200
2025-04-28,391.96,392.74,386.64,391.16,386.6214,16579400
2025-04-29,391.3,395.1,390.38,394.04,389.468,14974000
2025-04-30,390.3,396.66,384.44,395.26,390.6738,36461100
2025-05-01,431.11,436.99,424.9,425.4,420.4641,58938100
2025-05-02,431.74,439.44,429.99,435.28,430.2295,30757400
2025-05-05,432.87,439.5,432.11,436.17,431.1092,20136100
2025-05-06,432.2,437.73,431.17,433.31,428.2823,15104200
2025-05-07,433.84,438.12,431.11,433.35,428.3219,23295300
2025-05-08,437.93,443.67,435.66,438.17,433.086,23491300
2025-05-09,440.0,440.74,435.88,438.73,433.6395,15324200
2025-05-12,445.94,449.37,439.78,449.26,444.0473,22821900
2025-05-13,447.78,450.67,445.36,449.14,443.9287,23618800
2025-05-14,448.14,453.9,448.14,452.94,447.6846,19902800
2025-05-15,450.77,456.19,450.43,453.13,448.6946,21992300
2025-05-16,452.05,454.36,448.73,454.27,449.8234,23849800
2025-05-19,450.88,459.59,450.8,458.87,454.3784,21336500
2025-05-20,455.59,458.34,454.32,458.17,453.6853,15441800
2025-05-21,454.57,457.78,451.81,452.57,448.1401,19216900
2025-05-22,454.95,460.25,453.9,454.86,450.4077,18025600
2025-05-23,449.98,453.69,448.91,450.18,445.7735,16883500
2025-05-27,456.48,460.95,456.12,460.69,456.1806,20974300
2025-05-28,461.22,462.52,456.93,457.36,452.8832,17086300
2025-05-29,461.55,461.72,455.31,458.68,454.1903,13974800
2025-05-30,459.72,461.68,455.54,460.36,455.8538,34770500
2025-06-02,457.14,462.11,456.89,461.97,457.4481,16626500
2025-06-03,461.47,464.14,460.86,462.97,458.4383,15743800
2025-06-04,464.0,465.69,463.02,463.87,459.3295,14162700
2025-06-05,464.96,469.65,464.03,467.68,463.1022,20131700
2025-06-06,470.09,473.34,468.78,470.38,465.7757,15285600
2025-06-09,469.7,473.43,468.62,472.75,468.1225,16469900
2025-06-10,471.19,472.8,466.96,470.92,466.3105,15375900
2025-06-11,470.02,475.47,469.66,472.62,467.9938,16399200
2025-06-12,475.02,480.42,473.52,478.87,474.1826,18950600
2025-06-13,476.41,479.18,472.76,474.96,470.3109,16814500
2025-06-16,475.21,480.69,475.0,479.14,474.45,15626100
2025-06-17,475.4,478.74,474.08,478.04,473.3608,15414100
2025-06-18,478.0,481.0,474.46,480.24,475.5392,17526500
2025-06-20,482.23,483.46,476.87,477.4,472.727,37576200
2025-06-23,478.21,487.75,472.51,486.0,481.2428,24864000
2025-06-24,488.95,491.85,486.8,490.11,485.3126,22305600
2025-06-25,492.04,494.56,489.39,492.27,487.4515,17495100
2025-06-26,492.98,498.04,492.81,497.45,492.5808,21578900
2025-06-27,497.55,499.3,493.03,495.94,491.0856,34539200
2025-06-30,497.04,500.76,495.33,497.41,492.5412,28369000
2025-07-01,496.47,498.05,490.98,492.05,487.2336,19945400
2025-07-02,489.99,493.5,488.7,491.09,486.283,16319600
2025-07-03,493.81,500.13,493.44,498.84,493.9572,13984800
2025-07-07,497.38,498.75,495.23,497.72,492.8481,13981600
2025-07-08,497.24,498.2,494.11,496.62,491.7589,11846600
2025-07-09,500.3,506.78,499.74,503.51,498.5815,18659500
2025-07-10,503.05,504.44,497.75,501.48,496.5713,16492100
2025-07-11,498.47,505.03,497.8,503.32,498.3933,16459500
2025-07-14,501.52,503.97,501.03,503.02,498.0963,12058800
2025-07-15,503.02,508.3,502.79,505.82,500.8688,14927200
2025-07-16,505.18,506.72,501.89,505.62,500.6708,15154400
2025-07-17,505.68,513.37,505.62,511.7,506.6913,17503100
2025-07-18,514.48,514.64,507.43,510.05,505.0574,21209700
2025-07-21,506.71,512.09,505.55,510.06,505.0673,14066800
2025-07-22,510.97,511.2,505.27,505.27,500.3242,13868600
2025-07-23,506.75,506.79,500.7,505.87,500.9184,16396600
2025-07-24,508.77,513.67,507.3,510.88,505.8793,16107000
2025-07-25,512.47,518.29,510.36,513.71,508.6816,19125700
2025-07-28,514.08,515.0,510.12,512.5,507.4835,14308000
2025-07-29,515.53,517.62,511.56,512.57,507.5528,16469200
2025-07-30,515.17,515.95,509.44,513.24,508.2162,26380400
2025-07-31,555.23,555.45,531.9,533.5,528.2779,51617300
2025-08-01,535.0,535.8,520.86,524.11,518.9798,28977600
2025-08-04,528.27,538.25,528.13,535.64,530.397,25349000
2025-08-05,537.18,537.3,527.24,527.75,522.5842,19171600
2025-08-06,530.9,531.7,524.03,524.94,519.8017,21355700
2025-08-07,526.8,528.09,517.55,520.84,515.7418,16079100
2025-08-08,522.6,524.66,519.41,522.04,516.9301,15531000
2025-08-11,522.3,527.59,519.72,521.77,516.6627,20194400
2025-08-12,523.75,530.98,522.7,529.24,524.0596,18667000
2025-08-13,532.11,532.7,519.37,520.58,515.4844,19619200
2025-08-14,522.56,525.95,520.14,522.48,517.3658,20269100
2025-08-15,522.77,526.1,519.08,520.17,515.0784,25213300
2025-08-18,521.59,522.82,514.02,517.1,512.0384,23760600
2025-08-19,515.0,515.16,508.55,509.77,504.7802,21481000
2025-08-20,509.87,511.0,504.44,505.72,500.7698,27723000
2025-08-21,503.69,507.63,502.72,504.24,500.1251,18443300
2025-08-22,504.25,510.73,502.41,507.23,503.0907,24324200
2025-08-25,506.63,508.19,504.12,504.26,500.145,21638600
2025-08-26,504.36,504.98,498.51,502.04,497.9431,30835700
2025-08-27,502.0,507.29,499.9,506.74,502.6047,17277900
2025-08-28,507.09,511.09,505.5,509.64,505.4811,18015600
2025-08-29,508.66,509.6,504.49,506.69,502.5551,20961600
2025-09-02,500.47,506.0,496.81,505.12,500.9979,18128000
2025-09-03,503.79,507.79,502.32,505.35,501.2261,16345100
2025-09-04,504.3,508.15,503.15,507.97,503.8247,15509500
2025-09-05,509.07,511.97,492.37,495.0,490.9605,31994800
2025-09-08,498.11,501.2,495.03,498.2,494.1344,16771000
2025-09-09,501.43,502.25,497.7,498.41,494.3427,14410500
2025-09-10,502.98,503.23,496.72,500.37,496.2867,21611800
2025-09-11,502.25,503.17,497.88,501.01,496.9215,18881600
2025-09-12,506.65,512.55,503.85,509.9,505.7389,23624900
2025-09-15,508.79,515.47,507.0,515.36,511.1544,17143800
2025-09-16,516.88,517.23,508.6,509.04,504.886,19711900
2025-09-17,510.62,511.29,505.93,510.02,505.858,15816600
2025-09-18,511.49,513.07,507.66,508.45,504.3008,18913700
2025-09-19,510.56,519.3,510.31,517.93,513.7034,52474100
2025-09-22,515.59,517.74,512.54,514.45,510.2518,20009300
2025-09-23,513.8,514.59,507.31,509.23,505.0744,19799600
2025-09-24,510.38,512.48,506.92,510.15,505.9869,13533700
2025-09-25,508.3,510.01,505.04,507.03,502.8924,15786500
2025-09-26,510.06,513.94,506.62,511.46,507.2862,16213100
2025-09-29,511.5,516.85,508.88,514.6,510.4006,17617800
2025-09-30,513.24,518.16,509.66,517.95,513.7232,19728200
2025-10-01,514.8,520.51,511.69,519.71,515.4689,22632300
2025-10-02,517.64,521.6,510.68,515.74,511.5313,21222900
2025-10-03,517.1,520.49,515.0,517.35,513.1281,15112300
2025-10-06,518.61,531.03,518.2,528.57,524.2566,21388600
2025-10-07,528.29,529.8,521.44,523.98,519.704,14615200
2025-10-08,523.28,526.95,523.09,524.85,520.5669,13363400
2025-10-09,522.34,524.33,517.4,522.4,518.1369,18343600
2025-10-10,519.64,523.58,509.63,510.96,506.7903,24133800
2025-10-13,516.41,516.41,511.68,514.05,509.8551,14284200
2025-10-14,510.23,515.28,506.0,513.57,509.379,14684300
2025-10-15,514.96,517.19,510.0,513.43,509.2401,14694700
2025-10-16,512.58,516.85,508.13,511.61,507.435,15559600
2025-10-17,509.04,515.48,507.31,513.58,509.3889,19867800
2025-10-20,514.61,518.7,513.43,516.79,512.5727,14665600
2025-10-21,517.5,518.69,513.04,517.66,513.4356,15586200
2025-10-22,521.15,525.23,517.71,520.54,516.2921,18962700
2025-10-23,522.46,523.95,518.61,520.56,516.3119,14023500
2025-10-24,522.79,525.35,520.71,523.61,519.3371,15532400
2025-10-27,531.78,534.58,529.01,531.52,527.1825,18734700
2025-10-28,550.0,553.72,540.77,542.07,537.6464,29986700
2025-10-29,544.94,546.27,536.73,541.55,537.1307,36023000
2025-10-30,530.48,534.97,522.12,525.76,521.4695,41023100
2025-10-31,528.88,529.32,515.1,517.81,513.5844,34006400
2025-11-03,519.81,524.96,514.59,517.03,512.8108,22374700
2025-11-04,511.76,515.55,507.84,514.33,510.1328,20958700
2025-11-05,513.3,514.83,506.58,507.16,503.0213,23024300
2025-11-06,505.66,505.7,495.81,497.1,493.0434,27406500
2025-11-07,496.95,499.38,493.25,496.82,492.7657,24019800
2025-11-10,500.04,506.85,498.8,506.0,501.8708,26101500
2025-11-11,504.8,509.6,502.35,508.68,504.5289,17980000
2025-11-12,509.36,511.67,499.12,511.14,506.9688,26574900
2025-11-13,510.31,513.5,501.29,503.29,499.1829,25273100
2025-11-14,498.23,511.6,497.44,510.18,506.0167,28505700
2025-11-17,508.45,512.12,504.91,507.49,503.3486,19092800
2025-11-18,495.37,502.98,486.78,493.79,489.7604,33815100
2025-11-19,490.1,495.19,482.83,487.12,483.1448,23245300
2025-11-20,492.71,493.57,475.5,478.43,475.4139,26802500
2025-11-21,478.5,478.92,468.27,472.12,469.1437,31769200
2025-11-24,475.0,476.9,468.02,474.0,471.0118,34421000
2025-11-25,474.07,479.15,464.89,476.99,473.983,28019800
2025-11-26,486.31,488.31,481.2,485.5,482.4393,25709100
2025-11-28,487.6,492.63,486.65,492.01,488.9083,14386700
2025-12-01,488.44,489.86,484.65,486.74,483.6715,23964000
2025-12-02,486.72,493.5,486.32,490.0,486.9109,19562700
2025-12-03,476.32,484.24,475.2,477.73,474.7183,34615100
2025-12-04,479.76,481.32,476.49,480.84,477.8087,22318200
2025-12-05,482.52,483.4,478.88,483.16,480.1141,22608700
2025-12-08,484.89,492.3,484.38,491.02,487.9245,21965900
2025-12-09,489.1,492.12,488.5,492.02,488.9182,14696100
2025-12-10,484.03,484.25,475.08,478.56,475.5431,35756200
2025-12-11,476.63,486.03,475.86,483.47,480.4221,24669200
2025-12-12,479.82,482.45,476.34,478.53,475.5133,21248100
2025-12-15,480.1,480.72,472.52,474.82,471.8266,23727700
2025-12-16,471.91,477.89,470.88,476.39,473.3867,20705600
2025-12-17,476.91,480.0,475.0,476.12,473.1184,24527200
2025-12-18,478.19,489.6,477.89,483.98,480.9289,28573500
2025-12-19,487.36,487.85,482.49,485.92,482.8567,70836100
2025-12-22,486.12,488.73,482.69,484.92,481.863,16963000
2025-12-23,484.98,487.83,484.74,486.85,483.7808,14683600
2025-12-24,485.68,489.16,484.83,488.02,484.9434,5855900
2025-12-26,486.71,488.12,485.96,487.71,484.6354,8842200
2025-12-29,484.86,488.35,484.18,487.1,484.0292,10893400
2025-12-30,485.93,489.68,485.5,487.48,484.4068,13944500
2025-12-31,487.84,488.14,483.3,483.62,480.5712,15601600
2026-01-02,484.39,484.66,470.16,472.94,469.9585,25571600
2026-01-05,474.06,476.07,469.5,472.85,469.8691,25250300
2026-01-06,473.8,478.74,469.75,478.51,475.4934,23037700
2026-01-07,479.76,489.7,477.95,483.47,480.4221,25564200
2026-01-08,481.24,482.66,475.86,478.11,475.0959,18162600
2026-01-09,474.06,479.82,472.2,479.28,476.2585,18491000
2026-01-12,476.67,480.99,475.68,477.18,474.1718,23519900
2026-01-13,474.68,475.78,465.95,470.67,467.7028,28545800
2026-01-14,466.46,468.2,457.17,459.38,456.484,28184300
2026-01-15,464.12,464.25,455.9,456.66,453.7811,23225800
2026-01-16,457.83,463.19,456.48,459.86,456.961,34246700
2026-01-20,451.22,456.8,449.28,454.52,451.6546,26130000
2026-01-21,452.6,452.69,438.68,444.11,441.3102,37980500
2026-01-22,447.62,452.84,444.7,451.14,448.2959,25349400
2026-01-23,451.87,471.1,450.53,465.95,463.0126,38000200
2026-01-26,465.31,474.25,462.0,470.28,467.3153,29291200
2026-01-27,473.7,482.87,473.16,480.58,477.5503,29213900
2026-01-28,483.21,483.74,478.0,481.63,478.5937,36875400
2026-01-29,439.99,442.5,421.02,433.5,430.7671,128855300
2026-01-30,439.17,439.6,426.45,430.29,427.5774,58566800
2026-02-02,430.24,430.74,422.25,423.37,420.701,42219900
2026-02-03,422.01,422.05,408.56,411.21,408.6177,61424100
2026-02-04,411.0,419.8,409.24,414.19,411.5789,45012400
2026-02-05,407.44,408.3,392.32,393.67,391.1882,66289200
2026-02-06,399.17,401.79,392.92,401.14,398.6111,53515300
2026-02-09,404.85,414.89,400.87,413.6,410.9926,45480500
2026-02-10,419.62,423.68,412.7,413.27,410.6647,44857900
2026-02-11,416.18,416.46,401.01,404.37,401.8208,42491000
2026-02-12,405.0,406.2,398.01,401.84,399.3067,40802400
2026-02-13,404.45,405.54,398.05,401.32,398.79,34091600
2026-02-17,399.22,400.52,394.53,396.86,394.3581,32078800
2026-02-18,398.13,402.56,396.32,399.6,397.0808,23223400
2026-02-19,400.69,404.43,396.67,398.46,396.8518,28234000
2026-02-20,396.11,400.12,395.16,397.23,395.6267,34015200
2026-02-23,395.0,395.36,383.1,384.47,382.9182,43238300
2026-02-24,384.14,389.36,381.71,389.0,387.43,33884700
2026-02-25,390.53,401.47,390.16,400.6,398.9831,43625500
2026-02-26,404.71,407.49,398.74,401.72,400.0986,34405900
2026-02-27,390.88,396.82,389.88,392.74,391.1549,51367200
2026-03-02,392.86,401.19,390.63,398.55,396.9414,35474900
2026-03-03,393.14,406.7,392.67,403.93,402.2997,38199200
2026-03-04,401.27,411.03,400.31,405.2,403.5646,35808000
2026-03-05,404.42,411.61,404.4,410.68,409.0224,39001300
2026-03-06,409.2,413.05,408.51,408.96,407.3094,31123900
2026-03-09,404.92,410.21,403.5,409.41,407.7576,30131900
2026-03-10,410.03,410.2,402.93,405.76,404.1223,31706400
2026-03-11,405.57,409.01,401.59,404.88,403.2459,25512100
2026-03-12,404.63,406.12,401.71,401.86,400.238,27263900
2026-03-13,401.0,404.8,394.25,395.55,393.9535,26848000
2026-03-16,398.07,400.63,394.79,399.95,398.3358,27733700
2026-03-17,400.27,404.4,397.75,399.41,397.7979,26228300
2026-03-18,397.13,398.0,391.0,391.79,390.2087,25908500
2026-03-19,390.1,392.49,387.06,389.02,387.4499,25138800
2026-03-20,386.79,387.0,380.12,381.87,380.3287,50853200
2026-03-23,383.9,387.21,381.68,383.0,381.4542,29680100
2026-03-24,382.36,382.47,371.85,372.74,371.2356,42733600
2026-03-25,376.92,377.06,369.63,371.04,369.5424,31181200
2026-03-26,370.82,374.72,365.19,365.97,364.4929,36836600
2026-03-27,361.9,362.45,356.51,356.77,355.33,37883400
2026-03-30,361.9,365.36,356.28,358.96,357.5112,44797000
2026-03-31,364.55,372.9,363.07,370.17,368.676,45244400
2026-04-01,373.49,373.99,368.2,369.37,367.8792,29417200
2026-04-02,367.21,373.64,364.15,373.46,371.9527,24099100
2026-04-06,373.49,373.73,369.5,372.88,371.375,16146600
2026-04-07,370.34,372.45,366.56,372.29,370.7874,21443300
2026-04-08,384.98,385.0,371.41,374.33,372.8192,33064800
2026-04-09,372.5,373.5,367.05,373.07,371.5642,30435300
2026-04-10,372.98,375.64,370.03,370.87,369.3731,28111100
2026-04-13,373.61,384.54,371.02,384.37,382.8186,35745800
2026-04-14,387.92,394.69,386.52,393.11,391.5234,37504500
2026-04-15,398.0,414.37,396.73,411.22,409.5603,45063400
2026-04-16,419.86,420.82,412.14,420.26,418.5638,41642400
2026-04-17,424.82,431.58,420.69,422.79,421.0836,48568200
2026-04-20,421.15,423.33,416.3,418.07,416.3826,27582200
2026-04-21,420.24,427.18,417.2,424.16,422.448,32048500
2026-04-22,426.19,433.7,423.67,432.92,431.1727,29378200
2026-04-23,419.89,423.66,411.41,415.75,414.072,38308000
2026-04-24,416.97,424.95,415.8,424.62,422.9062,27457400
2026-04-27,422.38,427.11,417.07,424.82,423.1054,30867300
2026-04-28,424.57,429.92,421.9,429.25,427.5175,30438100
2026-04-29,424.58,426.82,420.29,424.46,422.7468,38288300
2026-04-30,410.81,414.42,398.01,407.78,406.1342,70909400
2026-05-01,412.8,417.11,410.44,414.44,412.7673,31372400
2026-05-04,411.54,420.78,410.8,413.62,411.9506,28066500
2026-05-05,415.32,416.78,408.8,411.38,409.7196,25700900
2026-05-06,408.0,418.42,405.11,413.96,412.2892,30285900
2026-05-07,420.11,427.98,418.76,420.77,419.0717,34942400
2026-05-08,417.39,418.63,414.0,415.12,413.4445,33383800
2026-05-11,407.87,412.69,405.5,412.66,410.9945,35657900
2026-05-12,414.48,415.5,406.64,407.77,406.1242,38594200
2026-05-13,403.2,406.31,401.03,405.21,403.5745,29667100
2026-05-14,404.48,411.84,400.88,409.43,407.7775,27077500
2026-05-15,414.27,428.17,412.91,421.92,420.2171,50771200
2026-05-18,416.62,425.12,415.61,423.54,421.8305,32564100
2026-05-19,429.9,432.7,416.49,417.42,415.7352,33018700
2026-05-20,414.17,422.1,411.3,421.06,419.3606,27864000
2026-05-21,424.75,426.34,415.71,419.09,418.3025,31393500
2026-05-22,419.54,424.4,416.33,418.57,417.7835,22390300
2026-05-26,416.43,419.77,413.02,416.03,415.2483,30398000
2026-05-27,411.01,415.94,409.58,412.67,411.8946,28901500
2026-05-28,412.98,429.49,412.67,426.99,426.1877,47250500
2026-05-29,432.55,450.33,432.36,450.24,449.394,79654400
2026-06-01,464.84,466.32,458.27,460.52,459.6547,53628900
2026-06-02,446.88,453.5,440.43,441.31,440.4808,37036800
2026-06-03,438.45,440.39,424.25,427.34,426.537,39037000
2026-06-04,435.81,436.15,426.41,428.05,427.2457,26899500
2026-06-05,428.34,429.47,414.4,416.67,415.8871,34782200
2026-06-08,414.14,417.16,408.56,411.74,410.9664,32086700
2026-06-09,409.03,411.98,398.48,403.41,402.652,35317300
2026-06-10,398.55,405.04,397.16,397.36,396.6134,32576000
2026-06-11,395.21,396.85,384.0,390.34,389.6066,47224100
2026-06-12,391.43,391.74,382.27,390.74,390.0058,34865800
2026-06-15,396.8,401.75,392.85,399.76,399.0089,32266400
2026-06-16,395.79,396.84,390.69,393.83,393.09,31506800
2026-06-17,390.25,390.37,377.32,378.91,378.198,41987800
2026-06-18,377.82,381.37,373.28,379.4,378.6871,59714200
2026-06-22,375.74,381.63,367.07,367.34,366.6498,45171100
2026-06-23,372.38,377.22,370.67,373.94,373.2374,40647600
2026-06-24,371.57,378.88,364.78,365.46,364.7733,44509900
2026-06-25,362.77,364.23,349.2,352.83,352.167,66179000
2026-06-26,357.15,376.61,355.43,372.97,372.2692,186201600
2026-06-29,377.5,380.5,359.9,368.57,367.8775,51229900
2026-06-30,371.03,374.15,367.45,373.02,372.3191,44945700
2026-07-01,380.83,388.83,374.89,384.28,383.558,48065800
2026-07-02,384.48,392.2,383.7,390.49,389.7563,42128900
2026-07-06,387.04,389.15,381.22,386.74,386.0133,34224500
2026-07-07,392.49,395.57,388.22,388.84,388.1094,29297500
2026-07-08,384.03,385.31,381.33,383.34,382.6197,25908300
2026-07-09,374.45,384.65,373.35,384.36,383.6378,31083200
2026-07-10,387.8,391.91,381.5,385.1,384.3764,24644600
2026-07-13,387.75,393.65,384.15,390.99,390.2553,28914900
2026-07-14,382.82,388.19,378.65,384.93,384.2067,27863900
2026-07-15,387.8,398.96,386.4,395.63,394.8866,36253700
2026-07-16,398.31,405.99,392.05,401.1,400.3463,37047400
2026-07-17,394.86,398.39,389.39,393.82,393.08,33049800
2026-07-20,391.41,403.18,389.65,402.29,401.5341,27915800
2026-07-21,398.81,401.47,396.32,397.75,397.0026,24126600
2026-07-22,399.58,401.0,386.96,390.34,389.6066,28142500
2026-07-23,389.97,391.78,377.39,381.58,380.863,30351800
2026-07-24,387.05,389.03,380.65,381.7,380.9828,27659400
2026-07-27,390.08,394.2,387.99,389.1,388.3689,27856200
2026-07-28,393.16,400.32,391.3,393.35,392.6109,32367500
2026-07-29,393.4,401.25,388.74,390.54,389.8062,47209000
2026-07-30,437.9,458.69,432.44,451.1,450.2524,110160700
2026-07-31,450.0,466.84,449.33,464.72,463.8468,60846000
2026-08-03,476.13,491.65,475.0,487.65,486.7337,66762100
2026-08-04,480.9,499.44,479.17,492.81,491.884,50455500
2026-08-05,496.36,498.24,485.68,487.46,486.5441,33388900
2026-08-06,488.55,501.56,488.52,499.86,498.9208,36441500
2026-08-07,499.21,505.18,498.73,499.99,499.0505,28846200
2026-08-10,503.44,513.73,502.27,506.06,505.1091,31206100
2026-08-11,504.33,505.33,499.55,503.81,502.8634,23049800
2026-08-12,499.99,501.5,491.52,492.43,491.5047,29001500
2026-08-13,493.27,501.34,493.01,496.88,495.9464,23039000
2026-08-14,496.36,500.01,493.92,495.4,494.4692,16217600
2026-08-17,490.14,492.66,478.41,480.35,479.4474,29635800
2026-08-18,481.54,484.27,477.15,481.63,480.725,24087600
2026-08-19,480.07,489.3,479.36,484.31,483.4,19961900
2026-08-20,483.3,484.16,479.5,481.15,481.15,20020800
2026-08-21,479.88,486.36,478.53,483.24,483.24,22510800
2026-08-24,483.21,490.61,481.86,487.31,487.31,17230800
2026-08-25,485.44,492.44,484.3,491.71,491.71,19519000
2026-08-26,487.85,497.4,487.31,496.37,496.37,20758900
2026-08-27,494.88,506.48,490.08,505.06,505.06,28688800
2026-08-28,505.33,517.78,504.87,513.53,513.53,29207300
2026-08-31,510.38,512.19,506.39,507.29,507.29,27208900
2026-09-01,497.52,505.97,496.78,501.02,501.02,21046900
2026-09-02,499.85,500.27,493.81,496.82,496.82,15336100
2026-09-03,501.66,515.65,500.8,510.12,510.12,24125900
2026-09-04,510.0,511.0,499.36,499.7,499.7,18101800
2026-09-08,493.01,495.19,490.15,493.95,493.95,18882300
2026-09-09,493.07,494.39,489.8,491.65,491.65,12889600
2026-09-10,488.32,494.52,486.0,492.44,492.44,16038800
2026-09-11,495.65,498.97,492.58,495.63,495.63,14510500
2026-09-14,497.06,509.95,495.34,505.41,505.41,23091900
2026-09-15,500.06,505.9,495.54,497.12,497.12,17794600
2026-09-16,493.03,495.97,487.23,490.3,490.3,16670300
2026-09-17,497.8,501.47,493.17,497.75,497.75,17841600
2026-09-18,497.97,498.65,491.1,493.78,493.78,39544100
