date,open,high,low,close,adjusted_close,volume
1991-12-02,1.5336,1.5336,1.528,1.5336,0.2158,1059095
1991-12-03,1.5354,1.5354,1.5336,1.5354,0.2161,1108261
1991-12-04,1.5391,1.5391,1.5373,1.5391,0.2166,1184004
1991-12-05,1.5224,1.5224,1.5188,1.5224,0.2142,1166005
1991-12-10,1.5057,1.5057,1.4891,1.5057,0.2119,2513873
1991-12-11,1.4595,1.4595,1.4521,1.4595,0.2054,1434148
1991-12-12,1.4447,1.4447,1.4447,1.4447,0.2033,1634267
1991-12-13,1.478,1.478,1.4761,1.478,0.208,1505353
1991-12-16,1.4632,1.4632,1.4595,1.4632,0.2059,1047887
1991-12-17,1.4521,1.4521,1.4447,1.4521,0.2043,3006976
1991-12-18,1.4428,1.4428,1.4391,1.4428,0.203,1756305
1991-12-19,1.4002,1.4002,1.3854,1.4002,0.197,2039422
1991-12-20,1.3928,1.3928,1.3891,1.3928,0.196,1890085
1991-12-23,1.402,1.402,1.402,1.402,0.1973,2199916
1991-12-26,1.4113,1.4113,1.4113,1.4113,0.1986,2203062
1991-12-27,1.4687,1.4687,1.465,1.4687,0.2067,2138390
1991-12-30,1.5076,1.5076,1.4966,1.5076,0.2122,2105022
1991-12-31,1.4799,1.4854,1.4799,1.4799,0.2083,2543613
1992-01-02,1.4206,1.4206,1.4206,1.4206,0.1999,1033653
1992-01-03,1.4799,1.4799,1.4799,1.4799,0.2083,910927
1992-01-07,1.5262,1.5262,1.5262,1.5262,0.2148,2303680
1992-01-08,1.5781,1.5781,1.5781,1.5781,0.2221,3305014
1992-01-09,1.6484,1.6484,1.6484,1.6484,0.232,3278695
1992-01-10,1.6465,1.6465,1.6447,1.6465,0.2317,4908424
1992-01-13,1.6484,1.6484,1.6484,1.6484,0.232,2332578
1992-01-14,1.6818,1.6818,1.678,1.6818,0.2367,3174294
1992-01-15,1.7929,1.7966,1.7929,1.7929,0.2523,7749954
1992-01-16,1.7707,1.7707,1.765,1.7707,0.2492,2846430
1992-01-17,1.7225,1.7225,1.7132,1.7225,0.2424,1270509
1992-01-20,1.704,1.704,1.704,1.704,0.2398,1716870
1992-01-21,1.704,1.704,1.7002,1.704,0.2398,3883985
1992-01-22,1.6854,1.6854,1.6854,1.6854,0.2372,2597369
1992-01-23,1.7021,1.7021,1.7002,1.7021,0.2395,1518040
1992-01-24,1.7114,1.7114,1.6947,1.7114,0.2408,1157530
1992-01-27,1.7318,1.7318,1.7262,1.7318,0.2437,1936414
1992-01-28,1.7502,1.7502,1.7485,1.7502,0.2463,2146091
1992-01-29,1.7262,1.7262,1.7225,1.7262,0.2429,1072143
1992-01-30,1.7095,1.7095,1.7077,1.7095,0.2406,1557613
1992-01-31,1.704,1.704,1.6947,1.704,0.2398,1017459
1992-02-03,1.7132,1.7132,1.7077,1.7132,0.2411,898154
1992-02-04,1.741,1.741,1.7354,1.741,0.245,2280111
1992-02-05,1.741,1.741,1.7299,1.741,0.245,2091166
1992-02-06,1.7318,1.7318,1.7318,1.7318,0.2437,1276594
1992-02-07,1.7151,1.7151,1.7151,1.7151,0.2414,919368
1992-02-10,1.7058,1.7058,1.704,1.7058,0.2401,1021327
1992-02-11,1.7114,1.7114,1.7095,1.7114,0.2408,1072573
1992-02-12,1.7002,1.7002,1.6984,1.7002,0.2393,1479618
1992-02-13,1.6928,1.6928,1.6854,1.6928,0.2382,3093033
1992-02-14,1.6818,1.6818,1.6818,1.6818,0.2367,1772654
1992-02-17,1.6966,1.6966,1.6966,1.6966,0.2388,1566776
1992-02-18,1.7447,1.7447,1.7428,1.7447,0.2455,5744811
1992-02-19,1.7299,1.7299,1.7299,1.7299,0.2434,1248590
1992-02-20,1.7299,1.7299,1.7262,1.7299,0.2434,1699661
1992-02-21,1.7114,1.7114,1.7114,1.7114,0.2408,1272039
1992-02-24,1.7299,1.7299,1.728,1.7299,0.2434,1792183
1992-02-25,1.741,1.741,1.741,1.741,0.245,5227606
1992-02-26,1.7428,1.7428,1.7428,1.7428,0.2453,2432732
1992-02-27,1.7817,1.7817,1.7781,1.7817,0.2507,4404164
1992-02-28,1.815,1.815,1.8095,1.815,0.2554,2340004
1992-03-02,1.8281,1.8281,1.8243,1.8281,0.2573,2470586
1992-03-03,1.815,1.815,1.815,1.815,0.2554,2796284
1992-03-04,1.8298,1.8298,1.8262,1.8298,0.2575,3811388
1992-03-05,1.8114,1.8114,1.8114,1.8114,0.2549,3125232
1992-03-06,1.791,1.791,1.7891,1.791,0.252,1367568
1992-03-09,1.8003,1.8003,1.7929,1.8003,0.2533,1381648
1992-03-10,1.8021,1.8021,1.7984,1.8021,0.2536,1231279
1992-03-11,1.804,1.804,1.804,1.804,0.2539,1570764
1992-03-12,1.7707,1.7707,1.7688,1.7707,0.2492,3444879
1992-03-13,1.7669,1.7669,1.765,1.7669,0.2487,1279826
1992-03-16,1.7392,1.7392,1.7392,1.7392,0.2447,1843755
1992-03-17,1.7299,1.7299,1.728,1.7299,0.2434,641856
1992-03-18,1.7151,1.7151,1.7151,1.7151,0.2414,620040
1992-03-19,1.7151,1.7169,1.7151,1.7151,0.2414,154598
1992-03-20,1.7206,1.7206,1.7151,1.7206,0.2421,1688694
1992-03-23,1.6966,1.6966,1.691,1.6966,0.2388,1449706
1992-03-24,1.7002,1.7002,1.6984,1.7002,0.2393,1521822
1992-03-25,1.678,1.678,1.6761,1.678,0.2361,1796394
1992-03-26,1.6947,1.6947,1.6928,1.6947,0.2385,1529661
1992-03-27,1.7058,1.7058,1.7058,1.7058,0.2401,2959443
1992-03-30,1.7021,1.7021,1.6947,1.7021,0.2395,3050125
1992-03-31,1.6928,1.6928,1.6928,1.6928,0.2382,34820970
1992-04-01,1.6799,1.6799,1.678,1.6799,0.2364,887066
1992-04-02,1.6632,1.6632,1.6613,1.6632,0.2341,1414465
1992-04-03,1.6299,1.6299,1.6299,1.6299,0.2294,2433866
1992-04-06,1.6299,1.6299,1.628,1.6299,0.2294,2228178
1992-04-07,1.6429,1.6429,1.6354,1.6429,0.2312,1744306
1992-04-08,1.6262,1.6354,1.6262,1.6262,0.2288,1744306
1992-04-09,1.6595,1.6595,1.6577,1.6595,0.2335,2707064
1992-04-10,1.678,1.678,1.678,1.678,0.2361,2123451
1992-04-13,1.6595,1.6595,1.6595,1.6595,0.2335,762003
1992-04-14,1.6799,1.6799,1.6799,1.6799,0.2364,949160
1992-04-15,1.7206,1.7206,1.7151,1.7206,0.2421,1737413
1992-04-20,1.7262,1.7262,1.7243,1.7262,0.2429,1292891
1992-04-21,1.7392,1.7392,1.7354,1.7392,0.2447,1469734
1992-04-22,1.7262,1.7262,1.7262,1.7262,0.2429,3131506
1992-04-23,1.7114,1.7114,1.7114,1.7114,0.2408,1178761
1992-04-24,1.741,1.741,1.7373,1.741,0.245,2156818
1992-04-27,1.7466,1.7466,1.741,1.7466,0.2458,1984274
1992-04-28,1.7466,1.7466,1.7466,1.7466,0.2458,1450273
1992-04-29,1.7633,1.7633,1.7595,1.7633,0.2481,3042647
1992-04-30,1.7318,1.7318,1.7299,1.7318,0.2481,3455623
1992-05-04,1.6966,1.6966,1.6947,1.6966,0.2431,1447265
1992-05-05,1.7132,1.7132,1.7132,1.7132,0.2454,2067065
1992-05-06,1.7373,1.7373,1.7299,1.7373,0.2489,2020873
1992-05-07,1.7707,1.7707,1.7669,1.7707,0.2537,2928774
1992-05-08,1.7929,1.7929,1.791,1.7929,0.2569,3958645
1992-05-11,1.804,1.804,1.804,1.804,0.2584,3057431
1992-05-12,1.7947,1.7947,1.7947,1.7947,0.2571,3320898
1992-05-13,1.804,1.804,1.8003,1.804,0.2584,3406853
1992-05-14,1.804,1.804,1.804,1.804,0.2584,3643468
1992-05-15,1.7817,1.7817,1.7817,1.7817,0.2553,199363
1992-05-18,1.7929,1.7929,1.791,1.7929,0.2569,2738471
1992-05-19,1.7984,1.7984,1.7984,1.7984,0.2576,1724554
1992-05-20,1.7891,1.7891,1.7799,1.7891,0.2563,2624032
1992-05-21,1.8207,1.8207,1.8077,1.8207,0.2608,4657901
1992-05-22,1.815,1.815,1.8095,1.815,0.26,1974114
1992-05-25,1.791,1.791,1.791,1.791,0.2566,1143434
1992-05-26,1.7559,1.7559,1.754,1.7559,0.2515,3008024
1992-05-27,1.7318,1.7318,1.7225,1.7318,0.2481,4088127
1992-05-28,1.765,1.765,1.7576,1.765,0.2529,2476036
1992-05-29,1.804,1.804,1.7984,1.804,0.2584,4297529
1992-06-01,1.815,1.815,1.8114,1.815,0.26,5481447
1992-06-02,1.8317,1.8317,1.8298,1.8317,0.2624,5042530
1992-06-03,1.8188,1.8188,1.8188,1.8188,0.2606,5262057
1992-06-04,1.7966,1.7966,1.7966,1.7966,0.2574,2626834
1992-06-05,1.7743,1.7743,1.7743,1.7743,0.2542,1920272
1992-06-08,1.765,1.765,1.765,1.765,0.2529,1376404
1992-06-09,1.7743,1.7743,1.7669,1.7743,0.2542,3683815
1992-06-10,1.7688,1.7688,1.7669,1.7688,0.2534,2605999
1992-06-11,1.7502,1.7502,1.7428,1.7502,0.2507,1291997
1992-06-12,1.7428,1.7428,1.7428,1.7428,0.2497,1182904
1992-06-15,1.7132,1.7132,1.7132,1.7132,0.2454,972780
1992-06-16,1.7095,1.7095,1.704,1.7095,0.2449,1674924
1992-06-17,1.6484,1.6484,1.6465,1.6484,0.2362,7794582
1992-06-18,1.6558,1.6558,1.6558,1.6558,0.2372,3816906
1992-06-19,1.704,1.704,1.704,1.704,0.2441,4298509
1992-06-22,1.7077,1.7077,1.6984,1.7077,0.2446,2721487
1992-06-23,1.6984,1.6984,1.6984,1.6984,0.2433,2355115
1992-06-24,1.6521,1.6539,1.6521,1.6521,0.2367,2280455
1992-06-25,1.6854,1.6854,1.6761,1.6854,0.2415,4511228
1992-06-26,1.704,1.704,1.704,1.704,0.2441,1361414
1992-06-29,1.6966,1.6966,1.6966,1.6966,0.2431,2565033
1992-06-30,1.7132,1.7132,1.704,1.7132,0.2454,3236732
1992-07-01,1.6984,1.6984,1.6966,1.6984,0.2433,2012673
1992-07-02,1.7002,1.7002,1.6947,1.7002,0.2436,1892595
1992-07-03,1.7002,1.7002,1.6854,1.7002,0.2436,1083747
1992-07-06,1.6818,1.6818,1.6818,1.6818,0.2409,1128821
1992-07-07,1.6947,1.6947,1.6873,1.6947,0.2428,1550806
1992-07-08,1.678,1.678,1.6744,1.678,0.2404,1285035
1992-07-09,1.6947,1.6947,1.6928,1.6947,0.2428,1875885
1992-07-10,1.691,1.691,1.6892,1.691,0.2423,1836707
1992-07-13,1.6818,1.6818,1.678,1.6818,0.2409,1126810
1992-07-14,1.6651,1.6651,1.6632,1.6651,0.2385,1657767
1992-07-15,1.6336,1.6336,1.6299,1.6336,0.234,2307135
1992-07-16,1.5558,1.5558,1.5558,1.5558,0.2229,4482657
1992-07-17,1.4761,1.4761,1.4761,1.4761,0.2115,5746616
1992-07-20,1.4447,1.4447,1.4447,1.4447,0.207,2681707
1992-07-21,1.4725,1.4725,1.4632,1.4725,0.2109,3443744
1992-07-22,1.4206,1.4206,1.4187,1.4206,0.2035,1922627
1992-07-23,1.4058,1.4058,1.4039,1.4058,0.2014,4745557
1992-07-24,1.3706,1.3743,1.3706,1.3706,0.1964,3610324
1992-07-27,1.352,1.352,1.3484,1.352,0.1937,1300008
1992-07-28,1.3224,1.3224,1.315,1.3224,0.1895,1591651
1992-07-29,1.3262,1.3262,1.3262,1.3262,0.19,3162931
1992-07-30,1.341,1.341,1.3353,1.341,0.1921,3213988
1992-07-31,1.3279,1.3279,1.3169,1.3279,0.1903,1760276
1992-08-03,1.3243,1.3243,1.3169,1.3243,0.1897,1521358
1992-08-04,1.3372,1.3372,1.3353,1.3372,0.1916,2889803
1992-08-05,1.3298,1.3298,1.3298,1.3298,0.1905,755247
1992-08-06,1.3169,1.3169,1.3169,1.3169,0.1887,1152201
1992-08-07,1.3021,1.3021,1.2983,1.3021,0.1865,1658266
1992-08-10,1.2779,1.2779,1.2779,1.2779,0.1831,1397927
1992-08-11,1.2261,1.228,1.2261,1.2261,0.1757,1080756
1992-08-12,1.2224,1.2224,1.2113,1.2224,0.1751,1635918
1992-08-13,1.2483,1.2483,1.2483,1.2483,0.1788,1881077
1992-08-14,1.2965,1.2965,1.2965,1.2965,0.1857,1638840
1992-08-17,1.3279,1.3279,1.3243,1.3279,0.1903,1626188
1992-08-18,1.2965,1.2965,1.2946,1.2965,0.1857,1664626
1992-08-19,1.2928,1.2928,1.2872,1.2928,0.1852,3681597
1992-08-20,1.2965,1.2965,1.2946,1.2965,0.1857,1053577
1992-08-21,1.3057,1.3057,1.3057,1.3057,0.1871,8121741
1992-08-24,1.3002,1.3021,1.3002,1.3002,0.1863,1739029
1992-08-25,1.2946,1.2946,1.2928,1.2946,0.1855,1541523
1992-08-26,1.2835,1.2835,1.2835,1.2835,0.1839,1032346
1992-08-27,1.2983,1.2983,1.2965,1.2983,0.186,1620119
1992-08-28,1.3021,1.3021,1.2983,1.3021,0.1865,655969
1992-08-31,1.2983,1.2983,1.2983,1.2983,0.186,1217664
1992-09-01,1.365,1.365,1.3558,1.365,0.1956,1408878
1992-09-02,1.4354,1.4354,1.4354,1.4354,0.2056,2894100
1992-09-03,1.4909,1.4909,1.4817,1.4909,0.2136,3208814
1992-09-04,1.4835,1.4835,1.4817,1.4835,0.2125,3156811
1992-09-07,1.4521,1.4521,1.4521,1.4521,0.208,2965013
1992-09-08,1.4225,1.4225,1.4132,1.4225,0.2038,2453103
1992-09-09,1.4151,1.4168,1.4151,1.4151,0.2027,1687783
1992-09-10,1.4077,1.4077,1.4058,1.4077,0.2017,2815366
1992-09-11,1.4151,1.4151,1.4151,1.4151,0.2027,1659091
1992-09-14,1.4891,1.4891,1.4854,1.4891,0.2133,5753578
1992-09-15,1.478,1.478,1.478,1.478,0.2117,2399828
1992-09-16,1.4817,1.4817,1.4725,1.4817,0.2123,5494615
1992-09-17,1.5002,1.5002,1.4817,1.5002,0.2149,2155649
1992-09-18,1.5484,1.5484,1.541,1.5484,0.2218,4185616
1992-09-21,1.5521,1.5521,1.5521,1.5521,0.2224,2201962
1992-09-22,1.5373,1.5373,1.5336,1.5373,0.2202,3396538
1992-09-23,1.5131,1.5169,1.5131,1.5131,0.2168,5905443
1992-09-24,1.4151,1.4151,1.4058,1.4151,0.2027,5681892
1992-09-25,1.4077,1.4077,1.402,1.4077,0.2017,3853953
1992-09-28,1.3336,1.3336,1.3279,1.3336,0.191,2912649
1992-09-29,1.2928,1.2928,1.2928,1.2928,0.1852,3841988
1992-09-30,1.2928,1.2928,1.2928,1.2928,0.1852,2635429
1992-10-01,1.2464,1.2464,1.2464,1.2464,0.1786,5493171
1992-10-02,1.2483,1.2483,1.2483,1.2483,0.1788,2979230
1992-10-05,1.2039,1.2039,1.1965,1.2039,0.1725,1481922
1992-10-06,1.2447,1.2502,1.2447,1.2447,0.1783,2409438
1992-10-07,1.2779,1.2798,1.2779,1.2779,0.1831,3045913
1992-10-08,1.3113,1.3113,1.3113,1.3113,0.1879,3010139
1992-10-09,1.3243,1.3243,1.3243,1.3243,0.1897,1328442
1992-10-13,1.3113,1.3113,1.3039,1.3113,0.1879,2364587
1992-10-14,1.3095,1.3095,1.3095,1.3095,0.1876,1314070
1992-10-15,1.3076,1.3076,1.3057,1.3076,0.1873,1217079
1992-10-16,1.3484,1.3484,1.3484,1.3484,0.1932,2120786
1992-10-19,1.3724,1.3724,1.3669,1.3724,0.1966,1485532
1992-10-20,1.4132,1.4132,1.4132,1.4132,0.2025,4867991
1992-10-21,1.4151,1.4151,1.4151,1.4151,0.2027,2478752
1992-10-22,1.4632,1.4632,1.4632,1.4632,0.2096,4994876
1992-10-23,1.4854,1.4854,1.4854,1.4854,0.2128,5862878
1992-10-26,1.4909,1.4909,1.4909,1.4909,0.2136,3150743
1992-10-27,1.5169,1.5169,1.5095,1.5169,0.2173,6086359
1992-10-28,1.4817,1.4817,1.4743,1.4817,0.2123,3681425
1992-10-29,1.4687,1.4687,1.4632,1.4687,0.2104,2991418
1992-10-30,1.5002,1.5002,1.5002,1.5002,0.2149,5069261
1992-11-02,1.4632,1.4632,1.4632,1.4632,0.2155,2436961
1992-11-03,1.4854,1.4854,1.4854,1.4854,0.2187,3249143
1992-11-04,1.5002,1.5002,1.4947,1.5002,0.2209,2616743
1992-11-05,1.4966,1.4966,1.4835,1.4966,0.2204,1164888
1992-11-06,1.5021,1.5021,1.4891,1.5021,0.2212,2265877
1992-11-10,1.5336,1.5336,1.5317,1.5336,0.2258,5408386
1992-11-11,1.5317,1.5317,1.5298,1.5317,0.2255,1357804
1992-11-12,1.5298,1.5298,1.5298,1.5298,0.2253,2974829
1992-11-13,1.5558,1.5558,1.5465,1.5558,0.2291,4751969
1992-11-16,1.5336,1.5336,1.5298,1.5336,0.2258,5249026
1992-11-17,1.5373,1.5373,1.5354,1.5373,0.2264,8316462
1992-11-18,1.6187,1.6187,1.6169,1.6187,0.2384,13371472
1992-11-19,1.6558,1.6558,1.6484,1.6558,0.2438,11574528
1992-11-20,1.5946,1.6003,1.5946,1.5946,0.2348,6748225
1992-11-23,1.6336,1.6336,1.6317,1.6336,0.2405,4847929
1992-11-24,1.6465,1.6465,1.6391,1.6465,0.2424,4438597
1992-11-25,1.6761,1.6761,1.6725,1.6761,0.2468,8099531
1992-11-26,1.704,1.704,1.7021,1.704,0.2509,5857257
1992-11-27,1.6928,1.6928,1.6892,1.6928,0.2493,2101429
1992-11-30,1.6854,1.6854,1.6854,1.6854,0.2482,2944040
1992-12-01,1.6632,1.6632,1.6632,1.6632,0.2449,1832736
1992-12-02,1.6336,1.6336,1.6336,1.6336,0.2405,5401114
1992-12-03,1.641,1.641,1.641,1.641,0.2416,2194862
1992-12-04,1.6484,1.6484,1.6447,1.6484,0.2427,1172039
1992-12-09,1.641,1.641,1.641,1.641,0.2416,4321407
1992-12-10,1.6484,1.6484,1.6484,1.6484,0.2427,4514117
1992-12-11,1.6299,1.6299,1.6299,1.6299,0.24,4390978
1992-12-14,1.6632,1.6632,1.6613,1.6632,0.2449,3124149
1992-12-15,1.6595,1.6595,1.6577,1.6595,0.2444,3807279
1992-12-16,1.6429,1.6429,1.641,1.6429,0.2419,5861503
1992-12-17,1.6095,1.6095,1.6058,1.6095,0.237,3141546
1992-12-18,1.6539,1.6539,1.6539,1.6539,0.2435,4318828
1992-12-21,1.7002,1.7002,1.6947,1.7002,0.2504,5433897
1992-12-22,1.7151,1.7151,1.7095,1.7151,0.2525,3655879
1992-12-23,1.6744,1.6744,1.6725,1.6744,0.2465,1937463
1992-12-24,1.6744,1.6744,1.6744,1.6744,0.2465,1958951
1992-12-28,1.5891,1.5891,1.5891,1.5891,0.234,5276618
1992-12-29,1.5447,1.5447,1.5391,1.5447,0.2275,8913020
1992-12-30,1.5929,1.5929,1.5929,1.5929,0.2345,7521608
1992-12-31,1.5929,1.5929,1.5929,1.5929,0.2345,3150296
1993-01-04,1.628,1.628,1.628,1.628,0.2397,1462376
1993-01-05,1.667,1.667,1.6632,1.667,0.2454,4614150
1993-01-07,1.6447,1.6447,1.6447,1.6447,0.2422,2192850
1993-01-08,1.6447,1.6447,1.6447,1.6447,0.2422,2829497
1993-01-11,1.6262,1.6262,1.6262,1.6262,0.2394,1084452
1993-01-12,1.6336,1.6354,1.6336,1.6336,0.2405,3308865
1993-01-13,1.6521,1.6521,1.6484,1.6521,0.2433,7387846
1993-01-14,1.6706,1.6706,1.667,1.6706,0.246,2574367
1993-01-15,1.741,1.741,1.7392,1.741,0.2564,4977565
1993-01-18,1.7781,1.7781,1.7762,1.7781,0.2618,6657904
1993-01-19,1.7633,1.7633,1.7595,1.7633,0.2596,5801128
1993-01-20,1.7799,1.7855,1.7799,1.7799,0.2621,6128546
1993-01-21,1.8058,1.8077,1.8058,1.8058,0.2659,10808967
1993-01-22,1.7188,1.7188,1.7188,1.7188,0.2531,12603350
1993-01-25,1.7243,1.7243,1.7188,1.7243,0.2539,4319378
1993-01-26,1.728,1.728,1.7243,1.728,0.2544,5259857
1993-01-27,1.6873,1.6873,1.6873,1.6873,0.2484,3969888
1993-01-28,1.6595,1.6595,1.6595,1.6595,0.2444,5664444
1993-01-29,1.6484,1.6484,1.641,1.6484,0.2427,4971652
1993-02-01,1.6447,1.6447,1.6447,1.6447,0.2422,3750618
1993-02-02,1.704,1.704,1.704,1.704,0.2509,8080535
1993-02-03,1.7262,1.7262,1.7243,1.7262,0.2542,6786440
1993-02-04,1.8077,1.8077,1.7929,1.8077,0.2662,10576409
1993-02-05,1.7947,1.7947,1.7929,1.7947,0.2643,7509574
1993-02-08,1.8114,1.8114,1.8114,1.8114,0.2667,4210646
1993-02-09,1.7781,1.7781,1.7781,1.7781,0.2618,3312509
1993-02-10,1.765,1.765,1.7633,1.765,0.2599,2204437
1993-02-11,1.765,1.765,1.765,1.765,0.2599,7172393
1993-02-12,1.7633,1.7633,1.754,1.7633,0.2596,2380007
1993-02-15,1.7502,1.7502,1.7502,1.7502,0.2577,2919423
1993-02-16,1.741,1.741,1.741,1.741,0.2564,2521316
1993-02-17,1.741,1.741,1.741,1.741,0.2564,3163619
1993-02-18,1.7595,1.7595,1.7559,1.7595,0.2591,1618847
1993-02-19,1.7614,1.7614,1.7614,1.7614,0.2594,3274448
1993-02-22,1.7781,1.7781,1.7781,1.7781,0.2618,3024596
1993-02-23,1.7743,1.7743,1.7725,1.7743,0.2613,3089079
1993-02-24,1.7743,1.7743,1.7614,1.7743,0.2613,5484919
1993-02-25,1.7743,1.7743,1.7743,1.7743,0.2613,3518353
1993-02-26,1.7595,1.7595,1.741,1.7595,0.2591,3288459
1993-03-01,1.8021,1.8021,1.7891,1.8021,0.2654,3683350
1993-03-02,1.815,1.815,1.8133,1.815,0.2673,3068536
1993-03-03,1.8188,1.8188,1.8169,1.8188,0.2678,3369927
1993-03-04,1.8114,1.8114,1.8114,1.8114,0.2667,3249780
1993-03-05,1.8243,1.8243,1.8207,1.8243,0.2686,2256422
1993-03-08,1.8281,1.8281,1.8281,1.8281,0.2692,2728449
1993-03-09,1.8281,1.8281,1.8243,1.8281,0.2692,2523242
1993-03-10,1.8114,1.8114,1.8114,1.8114,0.2667,1056843
1993-03-11,1.8298,1.8298,1.8243,1.8298,0.2694,1597806
1993-03-12,1.8095,1.8095,1.8077,1.8095,0.2664,2182794
1993-03-15,1.8114,1.8114,1.8114,1.8114,0.2667,1710836
1993-03-16,1.8003,1.804,1.8003,1.8003,0.2651,1154934
1993-03-17,1.7855,1.7855,1.7855,1.7855,0.2629,1116822
1993-03-18,1.8003,1.8003,1.7984,1.8003,0.2651,1263976
1993-03-19,1.8003,1.8003,1.741,1.8003,0.2651,159016
1993-03-22,1.7836,1.7836,1.7817,1.7836,0.2626,1933990
1993-03-23,1.7947,1.7947,1.7891,1.7947,0.2643,2235948
1993-03-24,1.7817,1.7817,1.7817,1.7817,0.2624,1037950
1993-03-25,1.7836,1.7836,1.7836,1.7836,0.2626,987805
1993-03-26,1.7873,1.7873,1.7855,1.7873,0.2632,7845415
1993-03-29,1.7929,1.7929,1.7891,1.7929,0.264,1858780
1993-03-30,1.8003,1.8003,1.8003,1.8003,0.2651,2035313
1993-03-31,1.8114,1.8114,1.8114,1.8114,0.2667,2065518
1993-04-01,1.8077,1.8077,1.8077,1.8077,0.2662,1542227
1993-04-02,1.8003,1.8003,1.8003,1.8003,0.2651,1026931
1993-04-05,1.8003,1.8003,1.7966,1.8003,0.2651,1784137
1993-04-06,1.7891,1.7891,1.7855,1.7891,0.2634,1917298
1993-04-07,1.7576,1.7576,1.7521,1.7576,0.2588,2706995
1993-04-12,1.7502,1.7502,1.7485,1.7502,0.2577,1501795
1993-04-13,1.754,1.754,1.7521,1.754,0.2583,2438508
1993-04-14,1.791,1.791,1.791,1.791,0.2637,6381475
1993-04-15,1.7929,1.7929,1.7873,1.7929,0.264,3020935
1993-04-16,1.815,1.815,1.8114,1.815,0.2673,2060154
1993-04-19,1.8447,1.8447,1.8429,1.8447,0.2716,3811354
1993-04-20,1.8447,1.8447,1.8447,1.8447,0.2716,2526731
1993-04-21,1.8465,1.8465,1.8429,1.8465,0.2719,1833166
1993-04-22,1.8632,1.8632,1.8521,1.8632,0.2744,8307661
1993-04-23,1.8891,1.8891,1.8855,1.8891,0.2782,10438349
1993-04-26,1.9299,1.9299,1.9151,1.9299,0.2842,7075591
1993-04-27,1.9225,1.9225,1.9113,1.9225,0.2831,4946295
1993-04-28,1.9077,1.9077,1.9077,1.9077,0.2809,3589523
1993-04-29,1.8965,1.8965,1.8891,1.8965,0.2793,3798461
1993-04-30,1.8817,1.8817,1.8817,1.8817,0.282,2385732
1993-05-03,1.8632,1.8632,1.8632,1.8632,0.2792,2499621
1993-05-04,1.8706,1.8706,1.8595,1.8706,0.2804,4441554
1993-05-05,1.8706,1.8706,1.8558,1.8706,0.2804,2368266
1993-05-06,1.8781,1.8781,1.8743,1.8781,0.2815,3233706
1993-05-07,1.8743,1.8743,1.8706,1.8743,0.2809,2494000
1993-05-10,1.8781,1.8781,1.8781,1.8781,0.2815,3311220
1993-05-11,1.9077,1.9077,1.9039,1.9077,0.2859,4347090
1993-05-12,1.9225,1.9225,1.9187,1.9225,0.2881,6740162
1993-05-13,2.1003,2.1003,2.0891,2.1003,0.3148,15354182
1993-05-14,2.0817,2.0817,2.0743,2.0817,0.312,10468244
1993-05-17,2.0336,2.0336,2.0225,2.0336,0.3048,6357115
1993-05-18,2.0707,2.0707,2.0559,2.0707,0.3103,4768077
1993-05-19,2.0373,2.041,2.0373,2.0373,0.3053,3391501
1993-05-20,2.0447,2.0447,2.041,2.0447,0.3065,3476527
1993-05-21,2.0633,2.0633,2.0595,2.0633,0.3092,4135677
1993-05-24,2.0707,2.0707,2.0669,2.0707,0.3103,4444872
1993-05-25,2.0817,2.0817,2.0781,2.0817,0.312,6348468
1993-05-26,2.1225,2.1225,2.1188,2.1225,0.3181,6739784
1993-05-27,2.1855,2.1855,2.1855,2.1855,0.3275,9848203
1993-05-28,2.167,2.167,2.1484,2.167,0.3248,6926065
1993-06-01,2.1448,2.1448,2.141,2.1448,0.3214,3505580
1993-06-02,2.141,2.141,2.1299,2.141,0.3209,3904391
1993-06-03,2.1448,2.1448,2.1374,2.1448,0.3214,3534288
1993-06-04,2.1818,2.1818,2.1781,2.1818,0.327,4976774
1993-06-07,2.1522,2.1522,2.1522,2.1522,0.3226,5410156
1993-06-08,2.1336,2.1336,2.1299,2.1336,0.3198,6196742
1993-06-09,2.141,2.141,2.1374,2.141,0.3209,3313867
1993-06-10,2.1262,2.1299,2.1262,2.1262,0.3187,3113284
1993-06-11,2.1336,2.1336,2.1299,2.1336,0.3198,1878790
1993-06-14,2.1374,2.1374,2.1299,2.1374,0.3203,3019714
1993-06-15,2.1448,2.1448,2.141,2.1448,0.3214,3493529
1993-06-16,2.1596,2.1596,2.1596,2.1596,0.3237,3889607
1993-06-17,2.1596,2.1596,2.1484,2.1596,0.3237,3589609
1993-06-18,2.1818,2.1818,2.1744,2.1818,0.327,9599004
1993-06-21,2.1632,2.1632,2.1596,2.1632,0.3242,2077861
1993-06-22,2.1744,2.1744,2.1596,2.1744,0.3259,2996317
1993-06-23,2.167,2.167,2.167,2.167,0.3248,3712128
1993-06-24,2.1299,2.1299,2.1225,2.1299,0.3192,2815143
1993-06-25,2.0743,2.0781,2.0743,2.0743,0.3109,4297374
1993-06-28,2.0929,2.0929,2.0891,2.0929,0.3137,2628948
1993-06-29,2.0966,2.0966,2.0929,2.0966,0.3142,2141209
1993-06-30,2.1484,2.1484,2.1299,2.1484,0.322,2739915
1993-07-01,2.1299,2.1374,2.1299,2.1299,0.3192,37854
1993-07-02,2.1448,2.1448,2.1448,2.1448,0.3214,2408991
1993-07-05,2.1262,2.1262,2.1188,2.1262,0.3187,1605094
1993-07-06,2.1299,2.1299,2.1262,2.1299,0.3192,3155952
1993-07-07,2.1522,2.1522,2.1484,2.1522,0.3226,2631286
1993-07-08,2.1484,2.1484,2.1448,2.1484,0.322,3815651
1993-07-09,2.1262,2.1262,2.1188,2.1262,0.3187,2443081
1993-07-12,2.104,2.104,2.104,2.104,0.3153,2992707
1993-07-13,2.1003,2.1003,2.0929,2.1003,0.3148,4784752
1993-07-14,2.1151,2.1151,2.1114,2.1151,0.317,3652080
1993-07-15,2.1077,2.1077,2.104,2.1077,0.3159,2051404
1993-07-16,2.0891,2.0891,2.0855,2.0891,0.3131,2687346
1993-07-19,2.0966,2.0966,2.0929,2.0966,0.3142,3500044
1993-07-20,2.1114,2.1114,2.1077,2.1114,0.3164,4115890
1993-07-21,2.1522,2.1522,2.1484,2.1522,0.3226,5063124
1993-07-22,2.1781,2.1781,2.1781,2.1781,0.3264,6174978
1993-07-23,2.1966,2.1966,2.1892,2.1966,0.3292,8677281
1993-07-26,2.2189,2.2189,2.2151,2.2189,0.3325,10516584
1993-07-27,2.2521,2.2521,2.2447,2.2521,0.3375,5954883
1993-07-28,2.2892,2.2892,2.2818,2.2892,0.3431,7385422
1993-07-29,2.3707,2.3707,2.367,2.3707,0.3553,10224769
1993-07-30,2.3855,2.3855,2.3781,2.3855,0.3575,21661615
1993-08-02,2.3633,2.3633,2.3596,2.3633,0.3568,7705172
1993-08-03,2.3744,2.3744,2.3707,2.3744,0.3585,9893106
1993-08-04,2.3707,2.3707,2.3707,2.3707,0.3579,7135759
1993-08-05,2.3781,2.3781,2.3744,2.3781,0.3591,5779210
1993-08-06,2.3744,2.3744,2.3707,2.3744,0.3585,8919656
1993-08-09,2.3744,2.3744,2.3707,2.3744,0.3585,3059202
1993-08-10,2.3855,2.3855,2.3818,2.3855,0.3602,3327310
1993-08-11,2.3781,2.3781,2.3781,2.3781,0.3591,6420344
1993-08-12,2.4077,2.4077,2.4041,2.4077,0.3635,5264292
1993-08-13,2.4077,2.4077,2.4041,2.4077,0.3635,5248150
1993-08-16,2.4077,2.4077,2.4003,2.4077,0.3635,1510648
1993-08-17,2.4225,2.4225,2.4189,2.4225,0.3658,4761648
1993-08-18,2.4225,2.4225,2.4225,2.4225,0.3658,5737849
1993-08-19,2.4485,2.4485,2.4485,2.4485,0.3697,8086036
1993-08-20,2.4707,2.4707,2.4448,2.4707,0.373,3725245
1993-08-23,2.467,2.467,2.4559,2.467,0.3725,687154
1993-08-24,2.5152,2.5152,2.5114,2.5152,0.3798,5885192
1993-08-25,2.53,2.53,2.53,2.53,0.382,6973700
1993-08-26,2.5893,2.5893,2.5893,2.5893,0.3909,9315407
1993-08-27,2.5819,2.5819,2.5819,2.5819,0.3898,9268304
1993-08-30,2.5559,2.5559,2.5559,2.5559,0.3859,3848400
1993-08-31,2.5152,2.5152,2.5078,2.5152,0.3798,7180850
1993-09-01,2.4299,2.4299,2.4263,2.4299,0.3669,4416627
1993-09-02,2.4633,2.4633,2.4633,2.4633,0.3719,5013064
1993-09-03,2.4522,2.4522,2.4485,2.4522,0.3703,4901513
1993-09-06,2.4189,2.4189,2.4151,2.4189,0.3652,2431649
1993-09-07,2.4299,2.4299,2.4225,2.4299,0.3669,3491002
1993-09-08,2.4299,2.4299,2.4263,2.4299,0.3669,3158479
1993-09-09,2.4263,2.4263,2.4225,2.4263,0.3663,2513838
1993-09-10,2.4115,2.4115,2.4115,2.4115,0.3641,3592222
1993-09-13,2.4151,2.4151,2.4077,2.4151,0.3647,4334420
1993-09-14,2.4225,2.4225,2.4189,2.4225,0.3658,3589024
1993-09-15,2.4115,2.4115,2.4115,2.4115,0.3641,3897153
1993-09-16,2.4299,2.4299,2.4189,2.4299,0.3669,4761390
1993-09-17,2.4411,2.4411,2.4263,2.4411,0.3686,5560267
1993-09-20,2.4782,2.4782,2.4744,2.4782,0.3742,5515433
1993-09-21,2.4707,2.4707,2.4707,2.4707,0.373,4117506
1993-09-22,2.4559,2.4559,2.4559,2.4559,0.3708,4266104
1993-09-23,2.4299,2.4299,2.4299,2.4299,0.3669,5908227
1993-09-24,2.4115,2.4115,2.4115,2.4115,0.3641,3120625
1993-09-27,2.4374,2.4374,2.4337,2.4374,0.368,1816783
1993-09-28,2.4559,2.4559,2.4559,2.4559,0.3708,3406887
1993-09-29,2.4707,2.4707,2.4633,2.4707,0.373,2953907
1993-09-30,2.4782,2.4782,2.467,2.4782,0.3742,9335967
1993-10-01,2.4707,2.4707,2.4707,2.4707,0.373,1371333
1993-10-04,2.4782,2.4782,2.4744,2.4782,0.3742,1720033
1993-10-05,2.5004,2.5004,2.4966,2.5004,0.3775,2793018
1993-10-06,2.5114,2.5114,2.5114,2.5114,0.3792,4015427
1993-10-07,2.5004,2.5004,2.5004,2.5004,0.3775,2005006
1993-10-08,2.5189,2.5189,2.5078,2.5189,0.3803,1992491
1993-10-11,2.5374,2.5374,2.5337,2.5374,0.3831,4734589
1993-10-12,2.5374,2.5374,2.5337,2.5374,0.3831,4734589
1993-10-13,2.5114,2.5114,2.5114,2.5114,0.3792,5506889
1993-10-14,2.5485,2.5485,2.5448,2.5485,0.3848,2980433
1993-10-15,2.5559,2.5559,2.5522,2.5559,0.3859,6756150
1993-10-18,2.5559,2.5559,2.5522,2.5559,0.3859,2102478
1993-10-19,2.5633,2.5633,2.5559,2.5633,0.387,3110413
1993-10-20,2.5745,2.5745,2.5707,2.5745,0.3887,3544689
1993-10-21,2.5745,2.5745,2.5707,2.5745,0.3887,3213060
1993-10-22,2.6337,2.6337,2.63,2.6337,0.3977,13868323
1993-10-25,2.6411,2.6411,2.6374,2.6411,0.3988,7681689
1993-10-26,2.6337,2.6337,2.63,2.6337,0.3977,6779547
1993-10-27,2.6152,2.6152,2.6115,2.6152,0.3949,5302095
1993-10-28,2.6337,2.6337,2.63,2.6337,0.3977,3813434
1993-10-29,2.6263,2.6263,2.6189,2.6263,0.3965,4666514
1993-11-02,2.6078,2.6078,2.5967,2.6078,0.3964,4946037
1993-11-03,2.6078,2.6078,2.6041,2.6078,0.3964,4658606
1993-11-04,2.6115,2.6115,2.6003,2.6115,0.397,5991414
1993-11-05,2.5707,2.5707,2.5707,2.5707,0.3908,6137760
1993-11-08,2.5745,2.5745,2.5707,2.5745,0.3913,4363593
1993-11-09,2.5781,2.5781,2.5745,2.5781,0.3919,438367
1993-11-10,2.5633,2.5633,2.5559,2.5633,0.3896,4011507
1993-11-11,2.5448,2.5448,2.5411,2.5448,0.3868,3087893
1993-11-12,2.5374,2.5374,2.53,2.5374,0.3857,3705647
1993-11-15,2.5374,2.5374,2.5374,2.5374,0.3857,2736477
1993-11-16,2.5781,2.5781,2.5781,2.5781,0.3919,3941059
1993-11-17,2.5893,2.5893,2.5819,2.5893,0.3936,6126723
1993-11-18,2.5781,2.5781,2.5745,2.5781,0.3919,6238069
1993-11-19,2.5633,2.5633,2.5559,2.5633,0.3896,9802579
1993-11-22,2.53,2.53,2.5226,2.53,0.3846,2506584
1993-11-23,2.4818,2.4818,2.4818,2.4818,0.3773,4468406
1993-11-24,2.3929,2.3929,2.3929,2.3929,0.3637,5376393
1993-11-25,2.4041,2.4041,2.4003,2.4041,0.3654,6638427
1993-11-26,2.3744,2.3744,2.367,2.3744,0.3609,2831044
1993-11-29,2.304,2.304,2.304,2.304,0.3502,4958621
1993-11-30,2.2633,2.2633,2.2595,2.2633,0.344,8079881
1993-12-01,2.367,2.367,2.341,2.367,0.3598,7803555
1993-12-02,2.4374,2.4374,2.4299,2.4374,0.3705,5978521
1993-12-03,2.4966,2.4966,2.4818,2.4966,0.3795,4770243
1993-12-07,2.4966,2.4966,2.4744,2.4966,0.3795,1594264
1993-12-09,2.5078,2.53,2.4966,2.5078,0.3812,6640868
1993-12-10,2.4966,2.5078,2.4892,2.4966,0.3795,1423335
1993-12-13,2.4633,2.493,2.4633,2.4633,0.3744,1996513
1993-12-14,2.4151,2.4818,2.4151,2.4151,0.3671,5206771
1993-12-15,2.4115,2.4337,2.3893,2.4115,0.3666,4479511
1993-12-16,2.4225,2.4225,2.3929,2.4225,0.3682,2832849
1993-12-17,2.4374,2.4485,2.4151,2.4374,0.3705,3492893
1993-12-20,2.4892,2.493,2.4448,2.4892,0.3784,3461313
1993-12-21,2.5114,2.5374,2.504,2.5114,0.3818,7444954
1993-12-22,2.4818,2.5411,2.4818,2.4818,0.3773,4037173
1993-12-23,2.5337,2.5411,2.5189,2.5337,0.3851,4001193
1993-12-27,2.5448,2.5485,2.5152,2.5448,0.3868,1808067
1993-12-28,2.4633,2.5522,2.4077,2.4633,0.3744,6360279
1993-12-29,2.3522,2.3893,2.2929,2.3522,0.3575,14975896
1993-12-30,2.4299,2.4744,2.3929,2.4299,0.3694,9674713
1993-12-31,2.4596,2.4707,2.4374,2.4596,0.3739,2567147
1994-01-03,2.4744,2.4744,2.4374,2.4744,0.3761,1480529
1994-01-04,2.4448,2.4782,2.4411,2.4448,0.3716,3614020
1994-01-05,2.3893,2.4411,2.3781,2.3893,0.3632,5308696
1994-01-07,2.3522,2.3633,2.2966,2.3522,0.3575,7905463
1994-01-10,2.3893,2.3967,2.3781,2.3893,0.3632,5495182
1994-01-11,2.4225,2.4337,2.3929,2.4225,0.3682,7700582
1994-01-12,2.4411,2.4633,2.4299,2.4411,0.3711,6411989
1994-01-13,2.4522,2.4559,2.4299,2.4522,0.3727,6723212
1994-01-14,2.4707,2.4782,2.4189,2.4707,0.3756,5737866
1994-01-17,2.493,2.5189,2.467,2.493,0.3789,7983148
1994-01-18,2.5263,2.5263,2.4744,2.5263,0.384,8722717
1994-01-19,2.5671,2.5671,2.5448,2.5671,0.3902,6533219
1994-01-20,2.5485,2.5855,2.5374,2.5485,0.3874,5902279
1994-01-21,2.5485,2.5522,2.5189,2.5485,0.3874,7604915
1994-01-24,2.5559,2.5559,2.53,2.5559,0.3885,6298202
1994-01-25,2.5929,2.6003,2.5745,2.5929,0.3941,12239574
1994-01-26,2.6522,2.656,2.5929,2.6522,0.4032,13895364
1994-01-27,2.6596,2.7707,2.6596,2.6596,0.4043,10689525
1994-01-28,2.693,2.7004,2.6411,2.693,0.4093,7855180
1994-01-31,2.7004,2.7115,2.693,2.7004,0.4132,9921901
1994-02-01,2.6708,2.7115,2.667,2.6708,0.4086,7082175
1994-02-02,2.7004,2.7004,2.656,2.7004,0.4132,6826822
1994-02-03,2.6856,2.7004,2.6708,2.6856,0.4109,6385807
1994-02-04,2.7115,2.7152,2.6744,2.7115,0.4149,9614493
1994-02-07,2.6634,2.6967,2.6486,2.6634,0.4075,8276459
1994-02-08,2.7115,2.7375,2.6893,2.7115,0.4149,14161238
1994-02-09,2.6967,2.7226,2.6967,2.6967,0.4126,6904404
1994-02-10,2.6596,2.7301,2.6596,2.6596,0.4069,7177309
1994-02-11,2.667,2.6782,2.6337,2.667,0.4081,5271890
1994-02-14,2.6522,2.6856,2.6448,2.6522,0.4058,3027364
1994-02-15,2.656,2.667,2.6374,2.656,0.4064,2752946
1994-02-16,2.6634,2.667,2.6486,2.6634,0.4075,3769288
1994-02-17,2.6782,2.7078,2.6486,2.6782,0.4098,7037565
1994-02-18,2.6596,2.6856,2.6522,2.6596,0.4069,4406106
1994-02-21,2.6041,2.6522,2.5967,2.6041,0.3984,4424793
1994-02-22,2.6115,2.6226,2.5855,2.6115,0.3996,7582343
1994-02-23,2.6003,2.6448,2.6003,2.6003,0.3979,5610911
1994-02-24,2.5633,2.6078,2.5633,2.5633,0.3922,4054794
1994-02-25,2.5448,2.5745,2.5337,2.5448,0.3894,4337102
1994-02-28,2.5745,2.5781,2.5633,2.5745,0.3939,2277808
1994-03-01,2.4892,2.5597,2.4892,2.4892,0.3809,5075725
1994-03-02,2.4151,2.4596,2.3448,2.4151,0.3695,8483661
1994-03-03,2.4633,2.4856,2.4485,2.4633,0.3769,6419295
1994-03-04,2.5374,2.5374,2.4707,2.5374,0.3882,5429530
1994-03-07,2.5929,2.6041,2.5559,2.5929,0.3967,5896710
1994-03-08,2.5929,2.5967,2.5597,2.5929,0.3967,3978140
1994-03-09,2.5781,2.5819,2.5633,2.5781,0.3945,2010180
1994-03-10,2.5485,2.5855,2.5448,2.5485,0.3899,5481842
1994-03-11,2.5337,2.5411,2.5114,2.5337,0.3877,6287647
1994-03-14,2.5411,2.5707,2.53,2.5411,0.3888,3124682
1994-03-15,2.5559,2.5671,2.5411,2.5559,0.3911,3152617
1994-03-16,2.5448,2.5633,2.5374,2.5448,0.3894,4191736
1994-03-17,2.5522,2.5559,2.5411,2.5522,0.3905,1800005
1994-03-18,2.5411,2.5485,2.53,2.5411,0.3888,7678853
1994-03-21,2.5337,2.5374,2.5226,2.5337,0.3877,1035458
1994-03-22,2.5226,2.5374,2.5226,2.5226,0.386,2494138
1994-03-23,2.5411,2.5448,2.5226,2.5411,0.3888,1545872
1994-03-24,2.5189,2.5411,2.5152,2.5189,0.3854,3098620
1994-03-25,2.5374,2.5411,2.4892,2.5374,0.3882,4789394
1994-03-28,2.5078,2.5411,2.4966,2.5078,0.3837,2072721
1994-03-29,2.4818,2.504,2.4633,2.4818,0.3797,1036678
1994-03-30,2.4077,2.4411,2.3707,2.4077,0.3684,5133813
1994-04-05,2.3893,2.4041,2.3522,2.3893,0.3656,2538456
1994-04-06,2.4225,2.4263,2.4115,2.4225,0.3707,685434
1994-04-07,2.3781,2.4411,2.3707,2.3781,0.3639,3348283
1994-04-08,2.4151,2.4374,2.3893,2.4151,0.3695,3280620
1994-04-11,2.4522,2.4856,2.4374,2.4522,0.3752,2808559
1994-04-12,2.4744,2.4892,2.4707,2.4744,0.3786,2340245
1994-04-13,2.4559,2.4856,2.4559,2.4559,0.3758,4989840
1994-04-14,2.3818,2.4411,2.341,2.3818,0.3644,5226145
1994-04-15,2.3485,2.3818,2.3336,2.3485,0.3593,3489059
1994-04-18,2.2447,2.3485,2.2299,2.2447,0.3435,5488719
1994-04-19,2.2595,2.2595,2.1892,2.2595,0.3457,6678585
1994-04-20,2.2559,2.2781,2.2411,2.2559,0.3452,4597200
1994-04-21,2.2781,2.2818,2.2373,2.2781,0.3486,4246781
1994-04-22,2.2818,2.3226,2.267,2.2818,0.3491,8073263
1994-04-25,2.2781,2.2929,2.2595,2.2781,0.3486,5980343
1994-04-26,2.1151,2.167,2.0929,2.1151,0.3236,31102223
1994-04-27,2.1522,2.1781,2.1336,2.1522,0.3293,16912482
1994-04-28,2.2299,2.267,2.1744,2.2299,0.3412,17004643
1994-04-29,2.1929,2.2521,2.1929,2.1929,0.3355,14688551
1994-05-02,2.1818,2.2225,2.1781,2.1818,0.3385,477631
1994-05-03,2.167,2.1855,2.141,2.167,0.3362,4785887
1994-05-04,2.1522,2.1596,2.1151,2.1522,0.3339,4926422
1994-05-05,2.2263,2.2337,2.1225,2.2263,0.3454,5087638
1994-05-06,2.2892,2.2929,2.2077,2.2892,0.3551,6433615
1994-05-09,2.2595,2.2707,2.2485,2.2595,0.3505,3194133
1994-05-10,2.3114,2.3262,2.2781,2.3114,0.3586,3224629
1994-05-11,2.3522,2.3522,2.3188,2.3522,0.3649,6234149
1994-05-12,2.3781,2.3967,2.3522,2.3781,0.3689,7974347
1994-05-13,2.3336,2.4077,2.3003,2.3336,0.362,7079888
1994-05-16,2.3818,2.3855,2.3485,2.3818,0.3695,4832371
1994-05-17,2.3522,2.3707,2.3485,2.3522,0.3649,5874585
1994-05-18,2.3078,2.3781,2.3078,2.3078,0.358,4693589
1994-05-19,2.2521,2.2929,2.2447,2.2521,0.3494,6064063
1994-05-20,2.2633,2.2781,2.2521,2.2633,0.3511,7062130
1994-05-23,2.2781,2.2855,2.267,2.2781,0.3534,2047966
1994-05-24,2.2633,2.267,2.2447,2.2633,0.3511,3900867
1994-05-25,2.2114,2.2595,2.2114,2.2114,0.3431,5418872
1994-05-26,2.2447,2.2447,2.2225,2.2447,0.3482,3255882
1994-05-27,2.2485,2.2595,2.2225,2.2485,0.3488,3496073
1994-05-30,2.2559,2.2892,2.2559,2.2559,0.35,3870198
1994-05-31,2.2003,2.2411,2.2003,2.2003,0.3413,3647542
1994-06-01,2.1423,2.2365,2.1423,2.1423,0.3323,6318658
1994-06-02,2.0742,2.1686,2.0742,2.0742,0.3218,5968294
1994-06-03,2.0918,2.1488,2.0874,2.0918,0.3245,4824178
1994-06-06,2.1005,2.1357,2.1005,2.1005,0.3259,3802983
1994-06-07,2.0611,2.1093,2.0589,2.0611,0.3197,4097630
1994-06-08,2.1268,2.1466,2.0457,2.1268,0.33,7732706
1994-06-09,2.1532,2.1664,2.1357,2.1532,0.334,9528571
1994-06-10,2.2014,2.2014,2.162,2.2014,0.3415,4914804
1994-06-13,2.197,2.2146,2.1861,2.197,0.3408,3217522
1994-06-14,2.2014,2.2014,2.1861,2.2014,0.3415,4908037
1994-06-15,2.1488,2.197,2.1379,2.1488,0.3334,5874923
1994-06-16,2.1268,2.1268,2.1049,2.1268,0.33,7561662
1994-06-17,2.1181,2.1488,2.0939,2.1181,0.3286,4416179
1994-06-20,2.0939,2.1005,2.0567,2.0939,0.3248,1279626
1994-06-21,2.0611,2.1093,2.0611,2.0611,0.3197,5269249
1994-06-22,2.0479,2.083,2.0435,2.0479,0.3177,5878089
1994-06-23,2.0392,2.0742,2.0392,2.0392,0.3163,5019762
1994-06-24,2.0019,2.0304,1.98,2.0019,0.3106,3105797
1994-06-27,1.9975,2.026,1.9514,1.9975,0.3099,3230446
1994-06-28,2.0435,2.0611,2.0173,2.0435,0.317,5273634
1994-06-29,2.0611,2.0698,2.0173,2.0611,0.3197,5260449
1994-06-30,2.0764,2.1181,2.0611,2.0764,0.3221,5760352
1994-07-01,2.0611,2.0896,2.0392,2.0611,0.3197,4368318
1994-07-04,2.072,2.083,2.0698,2.072,0.3214,1868877
1994-07-05,1.9975,2.0655,1.9975,1.9975,0.3099,4004594
1994-07-06,1.947,2.0129,1.9295,1.947,0.3021,7790965
1994-07-07,1.9426,1.9669,1.9426,1.9426,0.3014,7383126
1994-07-08,1.9734,1.9888,1.9558,1.9734,0.3061,4939751
1994-07-11,2.0457,2.0479,2.0085,2.0457,0.3174,3055162
1994-07-12,2.0698,2.0808,2.0348,2.0698,0.3211,9333132
1994-07-13,2.1115,2.1445,2.1005,2.1115,0.3276,9288335
1994-07-14,2.1576,2.1664,2.1246,2.1576,0.3347,8354862
1994-07-15,2.1576,2.1927,2.1488,2.1576,0.3347,8119983
1994-07-18,2.219,2.2277,2.162,2.219,0.3442,4571802
1994-07-19,2.2365,2.2584,2.2321,2.2365,0.347,6014572
1994-07-20,2.2233,2.2453,2.2102,2.2233,0.3449,8218335
1994-07-21,2.1795,2.2146,2.1576,2.1795,0.3381,7009702
1994-07-22,2.1927,2.2058,2.1795,2.1927,0.3402,11724144
1994-07-25,2.219,2.2233,2.1927,2.219,0.3442,50359
1994-07-26,2.2935,2.2935,2.2277,2.2935,0.3558,5979998
1994-07-27,2.2365,2.2847,2.2365,2.2365,0.347,4939737
1994-07-28,2.1883,2.2146,2.1839,2.1883,0.3395,5001959
1994-07-29,2.2233,2.2277,2.1883,2.2233,0.3449,4930240
1994-08-01,2.2803,2.2891,2.2146,2.2803,0.357,4256781
1994-08-02,2.3637,2.3812,2.3111,2.3637,0.37,7275641
1994-08-03,2.3593,2.3768,2.3418,2.3593,0.3694,5522729
1994-08-04,2.3593,2.3593,2.3418,2.3593,0.3694,3783205
1994-08-05,2.3462,2.3681,2.3418,2.3462,0.3673,3534880
1994-08-08,2.3593,2.3637,2.3505,2.3593,0.3694,1710467
1994-08-09,2.3549,2.3637,2.3462,2.3549,0.3687,3015578
1994-08-10,2.3593,2.3593,2.3286,2.3593,0.3694,2175025
1994-08-11,2.3111,2.3725,2.2978,2.3111,0.3618,4291414
1994-08-12,2.2409,2.2672,2.2277,2.2409,0.3508,4146842
1994-08-16,2.2233,2.2453,2.2233,2.2233,0.3481,2873678
1994-08-17,2.2453,2.2584,2.2321,2.2453,0.3515,2453844
1994-08-18,2.2146,2.2453,2.2146,2.2146,0.3467,1770134
1994-08-19,2.2628,2.2628,2.2277,2.2628,0.3543,5709775
1994-08-22,2.2146,2.2584,2.2014,2.2146,0.3467,1954348
1994-08-23,2.2365,2.2365,2.197,2.2365,0.3501,2342076
1994-08-24,2.2628,2.2715,2.2365,2.2628,0.3543,3405396
1994-08-25,2.2759,2.2847,2.2584,2.2759,0.3563,2989803
1994-08-26,2.3067,2.3067,2.2496,2.3067,0.3611,1525454
1994-08-29,2.3286,2.3418,2.3111,2.3286,0.3646,2926462
1994-08-30,2.3155,2.3418,2.3067,2.3155,0.3625,1620131
1994-08-31,2.3286,2.3286,2.3067,2.3286,0.3646,1579675
1994-09-01,2.2453,2.3199,2.2453,2.2453,0.3515,2154739
1994-09-02,2.2014,2.2672,2.1927,2.2014,0.3446,2829243
1994-09-05,2.197,2.219,2.1707,2.197,0.344,3343246
1994-09-06,2.1664,2.1707,2.1312,2.1664,0.3391,3966461
1994-09-07,2.1905,2.2058,2.1664,2.1905,0.3429,2833222
1994-09-08,2.3067,2.3067,2.2058,2.3067,0.3611,3327563
1994-09-09,2.2978,2.3242,2.2847,2.2978,0.3597,1026800
1994-09-12,2.2453,2.2759,2.2453,2.2453,0.3515,4099169
1994-09-13,2.2453,2.2584,2.1927,2.2453,0.3515,4397287
1994-09-14,2.2715,2.2891,2.2584,2.2715,0.3556,4550238
1994-09-15,2.3022,2.3067,2.2672,2.3022,0.3604,9610891
1994-09-16,2.2496,2.3067,2.2496,2.2496,0.3522,6695567
1994-09-19,2.2584,2.2759,2.2584,2.2584,0.3536,2403151
1994-09-20,2.2584,2.2759,2.254,2.2584,0.3536,5386768
1994-09-21,2.2584,2.2891,2.254,2.2584,0.3536,2936394
1994-09-22,2.2584,2.2672,2.2453,2.2584,0.3536,3545611
1994-09-23,2.2672,2.2978,2.2584,2.2672,0.3549,3851440
1994-09-26,2.2496,2.2759,2.2496,2.2496,0.3522,3347617
1994-09-27,2.2365,2.2628,2.2365,2.2365,0.3501,4686968
1994-09-28,2.254,2.2584,2.2321,2.254,0.3529,5913636
1994-09-29,2.1927,2.2453,2.1905,2.1927,0.3433,2603411
1994-09-30,2.1554,2.1927,2.1554,2.1554,0.3374,271428
1994-10-03,2.1268,2.1664,2.1093,2.1268,0.333,2740098
1994-10-04,2.1202,2.1268,2.1115,2.1202,0.3319,5044027
1994-10-05,2.0633,2.1049,2.0238,2.0633,0.323,8173668
1994-10-06,2.0633,2.083,2.0326,2.0633,0.323,4941189
1994-10-07,2.0983,2.1049,2.0523,2.0983,0.3285,4574227
1994-10-10,2.1488,2.1488,2.1268,2.1488,0.3364,3111518
1994-10-11,2.1795,2.1839,2.1268,2.1795,0.3412,2666259
1994-10-13,2.2453,2.2628,2.1707,2.2453,0.3515,7250810
1994-10-14,2.2102,2.2453,2.2014,2.2102,0.346,3468069
1994-10-17,2.1839,2.2453,2.1773,2.1839,0.3419,3169399
1994-10-18,2.1598,2.1795,2.1488,2.1598,0.3381,5457268
1994-10-19,2.1532,2.1795,2.1312,2.1532,0.3371,5295096
1994-10-20,2.1839,2.2058,2.1401,2.1839,0.3419,3314363
1994-10-21,2.1576,2.1686,2.1357,2.1576,0.3378,3888788
1994-10-24,2.1839,2.1927,2.1598,2.1839,0.3419,2120673
1994-10-25,2.1773,2.1773,2.1401,2.1773,0.3409,3802635
1994-10-26,2.197,2.2146,2.1773,2.197,0.344,3942676
1994-10-27,2.2321,2.2321,2.1905,2.2321,0.3494,4453208
1994-10-28,2.254,2.2584,2.2146,2.254,0.3529,5915175
1994-10-31,2.2321,2.2584,2.2146,2.2321,0.3526,1918830
1994-11-02,2.2014,2.2146,2.1839,2.2014,0.3478,3636426
1994-11-03,2.2102,2.219,2.197,2.2102,0.3491,3680324
1994-11-04,2.254,2.2584,2.2058,2.254,0.3561,5284743
1994-11-07,2.2409,2.2409,2.2146,2.2409,0.354,2468423
1994-11-08,2.2277,2.2365,2.2277,2.2277,0.3519,1520734
1994-11-09,2.2715,2.2715,2.2409,2.2715,0.3588,665588
1994-11-10,2.2672,2.2715,2.2409,2.2672,0.3581,5235299
1994-11-11,2.2759,2.2759,2.2453,2.2759,0.3595,2074989
1994-11-14,2.2803,2.2935,2.2715,2.2803,0.3602,2835284
1994-11-15,2.3242,2.3286,2.2935,2.3242,0.3671,6612086
1994-11-16,2.2935,2.3462,2.2803,2.2935,0.3623,5885407
1994-11-17,2.3022,2.3022,2.2715,2.3022,0.3637,4164398
1994-11-18,2.3242,2.3242,2.2935,2.3242,0.3671,5618655
1994-11-21,2.3155,2.3462,2.3067,2.3155,0.3658,3953639
1994-11-22,2.2978,2.3155,2.2803,2.2978,0.363,1392266
1994-11-23,2.2891,2.2935,2.2584,2.2891,0.3616,4274831
1994-11-24,2.3067,2.3462,2.3022,2.3067,0.3644,5286500
1994-11-25,2.3374,2.3374,2.2715,2.3374,0.3692,2437668
1994-11-28,2.3593,2.3593,2.3418,2.3593,0.3727,4322765
1994-11-29,2.3462,2.3593,2.333,2.3462,0.3706,3680280
1994-11-30,2.3593,2.3637,2.333,2.3593,0.3727,2961080
1994-12-01,2.3286,2.3505,2.3155,2.3286,0.3678,1810270
1994-12-02,2.3242,2.3374,2.3111,2.3242,0.3671,3231012
1994-12-05,2.3549,2.3549,2.3418,2.3549,0.372,3689036
1994-12-07,2.333,2.3593,2.3155,2.333,0.3685,1908607
1994-12-09,2.3374,2.3418,2.3242,2.3374,0.3692,2353809
1994-12-12,2.3462,2.3505,2.3286,2.3462,0.3706,2520467
1994-12-13,2.3505,2.3549,2.3374,2.3505,0.3713,2842109
1994-12-14,2.3549,2.3637,2.3505,2.3549,0.372,2114153
1994-12-15,2.3505,2.3549,2.3374,2.3505,0.3713,3508568
1994-12-16,2.3637,2.3681,2.3418,2.3637,0.3734,4101464
1994-12-19,2.3418,2.3768,2.333,2.3418,0.3699,6583813
1994-12-20,2.3418,2.3418,2.3286,2.3418,0.3699,5198676
1994-12-21,2.3462,2.3462,2.333,2.3462,0.3706,5651690
1994-12-22,2.3374,2.3505,2.3374,2.3374,0.3692,4470532
1994-12-23,2.333,2.3374,2.3286,2.333,0.3685,2070851
1994-12-27,2.2233,2.3242,2.1488,2.2233,0.3512,2238003
1994-12-28,2.2014,2.2146,2.1488,2.2014,0.3478,4851173
1994-12-29,2.197,2.2146,2.1707,2.197,0.3471,9192742
1994-12-30,2.2102,2.2277,2.197,2.2102,0.3491,6110963
1995-01-02,2.2058,2.2233,2.1839,2.2058,0.3484,1270449
1995-01-03,2.2102,2.2146,2.2014,2.2102,0.3491,1282850
1995-01-04,2.2233,2.2321,2.2102,2.2233,0.3512,2672938
1995-01-05,2.1664,2.2102,2.1554,2.1664,0.3422,6144434
1995-01-09,2.1751,2.1927,2.1335,2.1751,0.3436,4299009
1995-01-10,2.1488,2.1598,2.1224,2.1488,0.3394,4465318
1995-01-11,2.1401,2.1488,2.129,2.1401,0.3381,7036682
1995-01-12,2.1159,2.1488,2.0939,2.1159,0.3342,4124814
1995-01-13,2.1246,2.1246,2.0961,2.1246,0.3356,8894930
1995-01-16,2.1246,2.1379,2.1202,2.1246,0.3356,4486490
1995-01-17,2.1181,2.129,2.1093,2.1181,0.3346,2852651
1995-01-18,2.1005,2.1202,2.0939,2.1005,0.3318,2992983
1995-01-19,2.0939,2.1049,2.0786,2.0939,0.3308,3889790
1995-01-20,2.0589,2.0874,2.0589,2.0589,0.3252,3139297
1995-01-23,1.9844,2.0392,1.9844,1.9844,0.3135,4023442
1995-01-24,2.0435,2.0479,1.9866,2.0435,0.3228,5596859
1995-01-25,2.0786,2.0808,2.0567,2.0786,0.3284,6526280
1995-01-26,2.1071,2.1181,2.0852,2.1071,0.3329,5105916
1995-01-27,2.1093,2.1268,2.1005,2.1093,0.3332,3285190
1995-01-30,2.1049,2.1071,2.0983,2.1049,0.3325,2610715
1995-01-31,2.0698,2.0786,2.0633,2.0698,0.3301,2346998
1995-02-01,2.0786,2.0896,2.0742,2.0786,0.3315,2961646
1995-02-02,2.0786,2.083,2.0698,2.0786,0.3315,1963526
1995-02-03,2.1049,2.1049,2.072,2.1049,0.3357,5346065
1995-02-06,2.1357,2.151,2.1224,2.1357,0.3406,3648900
1995-02-07,2.1488,2.1576,2.1357,2.1488,0.3427,5503953
1995-02-08,2.1423,2.1445,2.1357,2.1423,0.3417,3064833
1995-02-09,2.1576,2.1664,2.1401,2.1576,0.3441,4928715
1995-02-10,2.1642,2.1664,2.1554,2.1642,0.3452,4206233
1995-02-13,2.1423,2.1423,2.1312,2.1423,0.3417,3047597
1995-02-14,2.1686,2.1817,2.1488,2.1686,0.3459,6531334
1995-02-15,2.1707,2.1817,2.1554,2.1707,0.3462,5377053
1995-02-16,2.1357,2.1598,2.1181,2.1357,0.3406,3580070
1995-02-17,2.1202,2.1312,2.1071,2.1202,0.3382,3124892
1995-02-20,2.0896,2.1181,2.083,2.0896,0.3333,866444
1995-02-21,2.0655,2.0786,2.0545,2.0655,0.3294,2083121
1995-02-22,2.0392,2.0501,2.0238,2.0392,0.3252,2250578
1995-02-23,2.0479,2.0545,2.0435,2.0479,0.3266,2452712
1995-02-24,2.0326,2.0545,2.0326,2.0326,0.3242,1308698
1995-02-27,1.9997,2.0282,1.9953,1.9997,0.3189,2510172
1995-02-28,2.0085,2.0107,1.9822,2.0085,0.3203,4327717
1995-03-01,2.0173,2.026,2.0129,2.0173,0.3217,2575400
1995-03-02,2.026,2.0392,2.0085,2.026,0.3231,2197751
1995-03-03,1.9756,2.026,1.9756,1.9756,0.3151,2538705
1995-03-06,1.9558,1.9953,1.9558,1.9558,0.3119,9755652
1995-03-07,1.9295,1.9536,1.9229,1.9295,0.3078,5013271
1995-03-08,1.8243,1.9076,1.8199,1.8243,0.291,6099825
1995-03-09,1.8462,1.8769,1.8155,1.8462,0.2945,9922688
1995-03-10,1.8594,1.8681,1.8331,1.8594,0.2966,5375703
1995-03-13,1.8616,1.8703,1.8506,1.8616,0.2969,3634422
1995-03-14,1.8922,1.9076,1.8638,1.8922,0.3018,3067912
1995-03-15,1.912,1.9426,1.8988,1.912,0.305,6771251
1995-03-16,1.98,1.98,1.9076,1.98,0.3158,6063203
1995-03-17,1.8988,1.9602,1.8901,1.8988,0.3029,3234599
1995-03-20,1.9076,1.9295,1.8922,1.9076,0.3043,240048
1995-03-21,1.901,1.912,1.8944,1.901,0.3032,2108693
1995-03-22,1.8791,1.912,1.8769,1.8791,0.2997,3136683
1995-03-23,1.8813,1.8922,1.855,1.8813,0.3001,3485131
1995-03-24,1.8988,1.912,1.8659,1.8988,0.3029,2711245
1995-03-27,1.9339,1.9361,1.9163,1.9339,0.3084,2519523
1995-03-28,1.9448,1.9514,1.9163,1.9448,0.3102,3033947
1995-03-29,1.9361,1.9361,1.9207,1.9361,0.3088,1916753
1995-03-30,1.9734,1.9778,1.9251,1.9734,0.3147,3780780
1995-03-31,1.9492,1.9756,1.9426,1.9492,0.3109,3332762
1995-04-03,1.958,1.9712,1.9514,1.958,0.3123,1194910
1995-04-04,1.9975,2.0019,1.9822,1.9975,0.3186,3043400
1995-04-05,2.0019,2.0041,1.9888,2.0019,0.3193,2661220
1995-04-06,1.9734,2.0085,1.958,1.9734,0.3147,2976037
1995-04-07,2.0041,2.0151,1.9734,2.0041,0.3196,5277235
1995-04-10,2.0041,2.0063,1.9822,2.0041,0.3196,3175658
1995-04-11,1.9953,2.0129,1.991,1.9953,0.3182,2775573
1995-04-12,1.9953,2.0019,1.9734,1.9953,0.3182,2601567
1995-04-17,1.9953,1.9997,1.9778,1.9953,0.3182,922088
1995-04-18,1.958,1.9844,1.958,1.958,0.3123,2363073
1995-04-19,1.912,1.947,1.912,1.912,0.305,2315415
1995-04-20,1.9207,1.9383,1.9142,1.9207,0.3064,2342656
1995-04-21,1.9098,1.9339,1.8769,1.9098,0.3046,4838989
1995-04-24,1.9032,1.9273,1.901,1.9032,0.3036,2901108
1995-04-25,1.8835,1.9185,1.8791,1.8835,0.3004,5073287
1995-04-26,1.8835,1.8835,1.8616,1.8835,0.3004,7155653
1995-04-27,1.9295,1.9317,1.8857,1.9295,0.3078,5918501
1995-04-28,1.9712,1.9866,1.9426,1.9712,0.3144,6676545
1995-05-02,1.98,1.9844,1.9426,1.98,0.3202,1482384
1995-05-03,2.0216,2.0238,1.991,2.0216,0.3269,6368465
1995-05-04,2.0304,2.0567,2.0129,2.0304,0.3283,8097113
1995-05-05,1.9997,2.0326,1.9975,1.9997,0.3234,3143668
1995-05-08,2.0611,2.0633,2.0129,2.0611,0.3333,9817018
1995-05-09,2.0655,2.0764,2.0479,2.0655,0.334,32258065
1995-05-10,2.0874,2.1049,2.0655,2.0874,0.3375,6812680
1995-05-11,2.0852,2.0961,2.0764,2.0852,0.3372,5209669
1995-05-12,2.0414,2.0852,2.0414,2.0414,0.3301,4058714
1995-05-15,2.0742,2.0742,2.0435,2.0742,0.3354,550509
1995-05-16,2.0611,2.0939,2.0545,2.0611,0.3333,5530890
1995-05-17,2.0501,2.0523,2.037,2.0501,0.3315,2985548
1995-05-18,2.0479,2.0633,2.0435,2.0479,0.3312,2368925
1995-05-19,2.0216,2.0348,2.0151,2.0216,0.3269,10710834
1995-05-22,2.0786,2.0786,2.037,2.0786,0.3361,4005058
1995-05-23,2.1049,2.1093,2.083,2.1049,0.3404,5083815
1995-05-24,2.1401,2.1576,2.1181,2.1401,0.346,18209693
1995-05-25,2.0939,2.1379,2.0939,2.0939,0.3386,4212434
1995-05-26,2.0501,2.0918,2.0501,2.0501,0.3315,2936627
1995-05-29,2.0129,2.0655,2.0129,2.0129,0.3255,3830079
1995-05-30,2.0326,2.0589,2.0107,2.0326,0.3287,2475190
1995-05-31,2.0304,2.0545,2.0063,2.0304,0.3283,2801915
1995-06-01,2.0435,2.0698,2.0392,2.0435,0.3304,1883834
1995-06-02,2.0435,2.072,2.0326,2.0435,0.3304,2504697
1995-06-05,2.0523,2.0633,2.0392,2.0523,0.3319,2398112
1995-06-06,2.0589,2.072,2.0392,2.0589,0.3329,4290804
1995-06-07,2.0589,2.0677,2.0523,2.0589,0.3329,1761523
1995-06-08,2.0918,2.1049,2.0414,2.0918,0.3382,2482857
1995-06-09,2.0655,2.0874,2.0567,2.0655,0.334,2696143
1995-06-12,2.0348,2.0545,2.026,2.0348,0.329,3060927
1995-06-13,2.0523,2.0567,2.0392,2.0523,0.3319,2745732
1995-06-14,2.0435,2.0545,2.0326,2.0435,0.3304,2827704
1995-06-15,2.0282,2.0457,2.0129,2.0282,0.328,3821105
1995-06-16,2.0238,2.0238,2.0019,2.0238,0.3273,3162342
1995-06-19,2.1049,2.1224,2.026,2.1049,0.3404,13610170
1995-06-20,2.1049,2.1246,2.0874,2.1049,0.3404,8620772
1995-06-21,2.0939,2.1005,2.0786,2.0939,0.3386,2051218
1995-06-22,2.1049,2.1049,2.083,2.1049,0.3404,3026948
1995-06-23,2.1071,2.1093,2.0961,2.1071,0.3407,4725739
1995-06-26,2.1093,2.1181,2.1005,2.1093,0.3411,5014099
1995-06-27,2.1027,2.1137,2.1005,2.1027,0.34,2898944
1995-06-28,2.0983,2.1027,2.0918,2.0983,0.3393,1941178
1995-06-29,2.0918,2.1049,2.0918,2.0918,0.3382,2402324
1995-06-30,2.0939,2.0939,2.0633,2.0939,0.3386,4380762
1995-07-03,2.0939,2.0939,2.0874,2.0939,0.3386,1676923
1995-07-04,2.1093,2.1093,2.0983,2.1093,0.3411,3025321
1995-07-05,2.1093,2.1093,2.1005,2.1093,0.3411,1224984
1995-07-06,2.1488,2.1686,2.1202,2.1488,0.3475,20379534
1995-07-07,2.2803,2.2978,2.1883,2.2803,0.3687,17119363
1995-07-10,2.2759,2.3022,2.2672,2.2759,0.368,16058511
1995-07-11,2.2891,2.2935,2.2584,2.2891,0.3702,6215791
1995-07-12,2.2628,2.2891,2.2628,2.2628,0.3659,3453983
1995-07-13,2.2277,2.2672,2.2102,2.2277,0.3602,4969026
1995-07-14,2.2014,2.2146,2.197,2.2014,0.356,2501764
1995-07-17,2.254,2.2628,2.2102,2.254,0.3645,4002924
1995-07-18,2.2365,2.2453,2.2146,2.2365,0.3616,4101202
1995-07-19,2.2496,2.2496,2.219,2.2496,0.3638,2696056
1995-07-20,2.2584,2.2672,2.2453,2.2584,0.3652,6988573
1995-07-21,2.2672,2.2847,2.2584,2.2672,0.3666,4505992
1995-07-24,2.2847,2.2847,2.2672,2.2847,0.3694,3394708
1995-07-25,2.2584,2.3067,2.254,2.2584,0.3652,4921934
1995-07-26,2.2058,2.2628,2.2058,2.2058,0.3567,11130682
1995-07-27,2.2233,2.2277,2.1883,2.2233,0.3595,8807614
1995-07-28,2.219,2.2628,2.2146,2.219,0.3588,6461865
1995-07-31,2.219,2.2233,2.2014,2.219,0.3623,3955208
1995-08-01,2.2365,2.2496,2.2277,2.2365,0.3651,4089077
1995-08-02,2.2847,2.2891,2.2628,2.2847,0.373,6044006
1995-08-03,2.2891,2.2891,2.2584,2.2891,0.3737,3619930
1995-08-04,2.2891,2.3022,2.2803,2.2891,0.3737,3408547
1995-08-07,2.2891,2.3022,2.2803,2.2891,0.3737,5428443
1995-08-08,2.2803,2.2803,2.2672,2.2803,0.3723,6102672
1995-08-09,2.2628,2.2759,2.2496,2.2628,0.3694,2780525
1995-08-10,2.2584,2.2672,2.2453,2.2584,0.3687,2718534
1995-08-11,2.2365,2.2759,2.2365,2.2365,0.3651,7241502
1995-08-14,2.2321,2.2321,2.2058,2.2321,0.3644,4432515
1995-08-16,2.254,2.2628,2.2453,2.254,0.368,6224721
1995-08-17,2.2628,2.2715,2.254,2.2628,0.3694,5974538
1995-08-18,2.2715,2.2715,2.2584,2.2715,0.3709,4427128
1995-08-21,2.2891,2.2891,2.2715,2.2891,0.3737,2557336
1995-08-22,2.2803,2.2935,2.2759,2.2803,0.3723,3757866
1995-08-23,2.2803,2.2891,2.2715,2.2803,0.3723,3034586
1995-08-24,2.2847,2.2847,2.2715,2.2847,0.373,4822130
1995-08-25,2.3022,2.3067,2.2803,2.3022,0.3759,4554086
1995-08-28,2.2847,2.3067,2.2803,2.2847,0.373,2341959
1995-08-29,2.2847,2.2847,2.2759,2.2847,0.373,2140610
1995-08-30,2.2759,2.2847,2.2759,2.2759,0.3716,2447455
1995-08-31,2.2496,2.2672,2.2453,2.2496,0.3673,3865148
1995-09-01,2.2453,2.2496,2.2233,2.2453,0.3666,3358304
1995-09-04,2.2496,2.2496,2.2409,2.2496,0.3673,2793202
1995-09-05,2.2628,2.2628,2.2277,2.2628,0.3694,2573338
1995-09-06,2.254,2.2803,2.254,2.254,0.368,3401432
1995-09-07,2.2715,2.2715,2.2453,2.2715,0.3709,3220267
1995-09-08,2.2978,2.2978,2.2715,2.2978,0.3751,3906213
1995-09-11,2.3418,2.3505,2.2978,2.3418,0.3823,4467177
1995-09-12,2.3462,2.3637,2.3418,2.3462,0.383,4295799
1995-09-13,2.3593,2.3681,2.3462,2.3593,0.3852,3801415
1995-09-14,2.3593,2.3725,2.3462,2.3593,0.3852,3409317
1995-09-15,2.3286,2.3637,2.3286,2.3286,0.3802,3856087
1995-09-18,2.3111,2.333,2.3022,2.3111,0.3773,1640374
1995-09-19,2.3286,2.333,2.3155,2.3286,0.3802,2113703
1995-09-20,2.3111,2.3418,2.3111,2.3111,0.3773,1804970
1995-09-21,2.3111,2.3111,2.2978,2.3111,0.3773,2757219
1995-09-22,2.2628,2.2978,2.254,2.2628,0.3694,4788659
1995-09-25,2.2496,2.2672,2.2496,2.2496,0.3673,3027935
1995-09-26,2.2759,2.2803,2.2628,2.2759,0.3716,3059547
1995-09-27,2.2496,2.2584,2.2277,2.2496,0.3673,4031167
1995-09-28,2.2409,2.2453,2.2233,2.2409,0.3658,1866394
1995-09-29,2.2715,2.2715,2.2496,2.2715,0.3709,2738007
1995-10-02,2.2628,2.2803,2.2628,2.2628,0.3694,2618397
1995-10-03,2.2233,2.2628,2.2233,2.2233,0.363,7061339
1995-10-04,2.2277,2.254,2.2277,2.2277,0.3637,2268149
1995-10-05,2.2453,2.2496,2.219,2.2453,0.3666,4265291
1995-10-06,2.2102,2.2496,2.1927,2.2102,0.3608,6626795
1995-10-09,2.1729,2.2233,2.1686,2.1729,0.3547,2759353
1995-10-10,2.2014,2.2014,2.1268,2.2014,0.3594,4193440
1995-10-11,2.2365,2.2365,2.2014,2.2365,0.3651,3049078
1995-10-13,2.2715,2.2759,2.254,2.2715,0.3709,6794717
1995-10-16,2.2672,2.2715,2.2453,2.2672,0.3701,1979310
1995-10-17,2.2803,2.2891,2.2715,2.2803,0.3723,4466335
1995-10-18,2.3155,2.3199,2.2759,2.3155,0.378,5889299
1995-10-19,2.2891,2.3374,2.2847,2.2891,0.3737,2952048
1995-10-20,2.254,2.2978,2.2409,2.254,0.368,4778756
1995-10-23,2.2233,2.2321,2.2102,2.2233,0.363,2518129
1995-10-24,2.2628,2.2628,2.2233,2.2628,0.3694,3065588
1995-10-25,2.3022,2.3199,2.2803,2.3022,0.3759,4211592
1995-10-26,2.3111,2.3111,2.2891,2.3111,0.3773,2555768
1995-10-27,2.2935,2.3155,2.2715,2.2935,0.3744,4408454
1995-10-30,2.3199,2.3462,2.3022,2.3199,0.3787,52238763
1995-10-31,2.333,2.333,2.2935,2.333,0.3844,53274857
1995-11-02,2.3374,2.3374,2.3242,2.3374,0.3851,3391035
1995-11-03,2.3374,2.3462,2.3111,2.3374,0.3851,3123803
1995-11-06,2.3242,2.3242,2.3022,2.3242,0.3829,2236522
1995-11-07,2.333,2.3549,2.3111,2.333,0.3844,3440842
1995-11-08,2.3462,2.3462,2.333,2.3462,0.3866,1795459
1995-11-09,2.3374,2.3418,2.3155,2.3374,0.3851,393216
1995-11-10,2.3242,2.3286,2.2935,2.3242,0.3829,2265985
1995-11-13,2.3111,2.3111,2.2935,2.3111,0.3808,1790289
1995-11-14,2.3199,2.3242,2.3022,2.3199,0.3822,1761029
1995-11-15,2.2847,2.3199,2.2847,2.2847,0.3764,2545516
1995-11-16,2.3242,2.333,2.3067,2.3242,0.3829,2032022
1995-11-17,2.3242,2.3374,2.3155,2.3242,0.3829,6543633
1995-11-20,2.3593,2.3768,2.3286,2.3593,0.3887,5485918
1995-11-21,2.3549,2.3593,2.3505,2.3549,0.388,2068063
1995-11-22,2.4689,2.4777,2.3725,2.4689,0.4068,11014746
1995-11-23,2.5259,2.5522,2.4645,2.5259,0.4162,11245079
1995-11-24,2.5829,2.5829,2.4997,2.5829,0.4256,8928982
1995-11-27,2.5917,2.6048,2.5742,2.5917,0.427,10270337
1995-11-28,2.5479,2.5742,2.5259,2.5479,0.4198,3918948
1995-11-29,2.5391,2.5522,2.5172,2.5391,0.4183,7919999
1995-11-30,2.5216,2.5303,2.4865,2.5216,0.4155,5628529
1995-12-01,2.5128,2.5303,2.4997,2.5128,0.414,4956145
1995-12-04,2.4601,2.504,2.4557,2.4601,0.4053,3506463
1995-12-05,2.4821,2.4821,2.4601,2.4821,0.4089,2662236
1995-12-07,2.4601,2.4865,2.4557,2.4601,0.4053,3350927
1995-12-11,2.4513,2.4645,2.4207,2.4513,0.4039,3350811
1995-12-12,2.4997,2.5172,2.4821,2.4997,0.4118,5302212
1995-12-13,2.504,2.5084,2.4777,2.504,0.4126,5289941
1995-12-14,2.5216,2.5435,2.5084,2.5216,0.4155,4355133
1995-12-15,2.5961,2.6005,2.5391,2.5961,0.4277,10898359
1995-12-18,2.5917,2.618,2.5742,2.5917,0.427,6280293
1995-12-19,2.5522,2.5917,2.5391,2.5522,0.4205,9820009
1995-12-20,2.5961,2.6005,2.5698,2.5961,0.4277,6567085
1995-12-21,2.6575,2.6575,2.6048,2.6575,0.4379,9051394
1995-12-22,2.6311,2.6663,2.6311,2.6311,0.4335,3784338
1995-12-26,2.6311,2.6355,2.618,2.6311,0.4335,1397087
1995-12-27,2.5917,2.6488,2.5917,2.5917,0.427,4009153
1995-12-28,2.6092,2.6311,2.6005,2.6092,0.4299,4747216
1995-12-29,2.6707,2.6707,2.6136,2.6707,0.44,4196998
1996-01-02,2.7496,2.7539,2.6751,2.7496,0.453,4079421
1996-01-03,2.7496,2.7934,2.7496,2.7496,0.453,5439000
1996-01-04,2.7408,2.7715,2.7408,2.7408,0.4516,8375598
1996-01-05,2.6882,2.732,2.6794,2.6882,0.4429,2926331
1996-01-08,2.6531,2.7014,2.6443,2.6531,0.4371,6908824
1996-01-09,2.6531,2.6794,2.6443,2.6531,0.4371,9614594
1996-01-10,2.6311,2.6488,2.6224,2.6311,0.4335,3749938
1996-01-11,2.618,2.6224,2.6005,2.618,0.4313,7685179
1996-01-12,2.6311,2.6443,2.6136,2.6311,0.4335,8026787
1996-01-15,2.6355,2.6443,2.6311,2.6355,0.4342,6936878
1996-01-16,2.6399,2.6488,2.6311,2.6399,0.435,7024412
1996-01-17,2.6355,2.6355,2.618,2.6355,0.4342,5797293
1996-01-18,2.6443,2.6488,2.6267,2.6443,0.4357,7816551
1996-01-19,2.6355,2.6751,2.6311,2.6355,0.4342,7288405
1996-01-22,2.6619,2.6794,2.6355,2.6619,0.4386,5555271
1996-01-23,2.6488,2.6751,2.6399,2.6488,0.4364,4868264
1996-01-24,2.6663,2.6707,2.6575,2.6663,0.4393,12566337
1996-01-25,2.6751,2.7145,2.6751,2.6751,0.4407,7792722
1996-01-26,2.6575,2.6838,2.6224,2.6575,0.4379,7890347
1996-01-29,2.6224,2.6488,2.618,2.6224,0.4321,3648000
1996-01-30,2.6443,2.6531,2.6048,2.6443,0.4357,55981774
1996-01-31,2.6443,2.6488,2.6267,2.6443,0.4392,7902516
1996-02-01,2.6355,2.6575,2.6224,2.6355,0.4377,7097133
1996-02-02,2.6005,2.6311,2.6005,2.6005,0.4319,5159920
1996-02-05,2.5654,2.5829,2.5522,2.5654,0.4261,8095210
1996-02-06,2.561,2.5742,2.5435,2.561,0.4254,3592979
1996-02-07,2.5698,2.5917,2.561,2.5698,0.4268,7321803
1996-02-08,2.5435,2.5654,2.5347,2.5435,0.4224,5552061
1996-02-09,2.5216,2.5259,2.4689,2.5216,0.4188,7729453
1996-02-12,2.5435,2.5522,2.5259,2.5435,0.4224,18103921
1996-02-13,2.5829,2.5829,2.5566,2.5829,0.429,6547046
1996-02-14,2.5698,2.5742,2.5479,2.5698,0.4268,6750021
1996-02-15,2.618,2.618,2.5479,2.618,0.4348,8536448
1996-02-16,2.6488,2.6488,2.6224,2.6488,0.4399,14487505
1996-02-19,2.6092,2.6267,2.5961,2.6092,0.4334,3728243
1996-02-20,2.618,2.618,2.5873,2.618,0.4348,2407188
1996-02-21,2.6443,2.6443,2.6005,2.6443,0.4392,5343205
1996-02-22,2.6707,2.697,2.6531,2.6707,0.4436,9072203
1996-02-23,2.6619,2.697,2.6531,2.6619,0.4421,4471838
1996-02-26,2.6355,2.6531,2.6267,2.6355,0.4377,2367560
1996-02-27,2.6531,2.6663,2.6224,2.6531,0.4407,5852038
1996-02-28,2.6838,2.6882,2.6488,2.6838,0.4458,3990929
1996-02-29,2.6751,2.6751,2.6531,2.6751,0.4443,5949256
1996-03-01,2.6399,2.6882,2.6399,2.6399,0.4385,5440220
1996-03-04,2.4601,2.5347,2.4119,2.4601,0.4086,9428202
1996-03-05,2.4119,2.4601,2.3812,2.4119,0.4006,9609076
1996-03-06,2.4645,2.4645,2.425,2.4645,0.4093,8166407
1996-03-07,2.504,2.5084,2.4777,2.504,0.4159,6036760
1996-03-08,2.5128,2.5216,2.4557,2.5128,0.4173,6630905
1996-03-11,2.4513,2.4821,2.425,2.4513,0.4072,4935075
1996-03-12,2.425,2.4777,2.425,2.425,0.4028,4009879
1996-03-13,2.4777,2.5128,2.4382,2.4777,0.4115,6241450
1996-03-14,2.4645,2.4689,2.4338,2.4645,0.4093,4352722
1996-03-15,2.4601,2.4953,2.447,2.4601,0.4086,4065655
1996-03-18,2.4557,2.4689,2.4426,2.4557,0.4079,1782651
1996-03-20,2.5347,2.5347,2.4777,2.5347,0.421,6377585
1996-03-21,2.5698,2.5829,2.5522,2.5698,0.4268,5210119
1996-03-22,2.5479,2.5742,2.5347,2.5479,0.4232,4211969
1996-03-25,2.5435,2.561,2.5259,2.5435,0.4224,2955707
1996-03-26,2.5435,2.5479,2.5172,2.5435,0.4224,1087527
1996-03-27,2.5654,2.5654,2.5259,2.5654,0.4261,2408669
1996-03-28,2.5654,2.5654,2.5216,2.5654,0.4261,3539048
1996-03-29,2.5917,2.6048,2.5435,2.5917,0.4305,5169838
1996-04-01,2.6005,2.6048,2.5654,2.6005,0.4319,2793362
1996-04-02,2.6136,2.6224,2.5873,2.6136,0.4341,6519586
1996-04-03,2.6311,2.6311,2.6224,2.6311,0.437,9303219
1996-04-08,2.5961,2.618,2.5785,2.5961,0.4312,2771740
1996-04-09,2.618,2.618,2.5873,2.618,0.4348,4336473
1996-04-10,2.6355,2.6531,2.6224,2.6355,0.4377,4461354
1996-04-11,2.5829,2.618,2.5785,2.5829,0.429,4776026
1996-04-12,2.6005,2.6092,2.5785,2.6005,0.4319,3165334
1996-04-15,2.6311,2.6355,2.6092,2.6311,0.437,3407182
1996-04-16,2.6267,2.6488,2.6224,2.6267,0.4363,3097636
1996-04-17,2.6311,2.6311,2.6092,2.6311,0.437,3018976
1996-04-18,2.6663,2.6751,2.6224,2.6663,0.4428,9042202
1996-04-19,2.7145,2.7145,2.6663,2.7145,0.4509,9372934
1996-04-22,2.7233,2.7408,2.7057,2.7233,0.4523,6937430
1996-04-23,2.6794,2.7233,2.6751,2.6794,0.445,6450858
1996-04-24,2.6531,2.6751,2.6531,2.6531,0.4407,10813745
1996-04-25,2.7014,2.7014,2.6707,2.7014,0.4487,6612536
1996-04-26,2.697,2.7189,2.6838,2.697,0.4479,4980497
1996-04-29,2.6838,2.697,2.6707,2.6838,0.4458,3593255
1996-04-30,2.5917,2.6488,2.5873,2.5917,0.4354,3892927
1996-05-02,2.5873,2.6224,2.5873,2.5873,0.4347,848350
1996-05-03,2.618,2.6224,2.5698,2.618,0.4398,7711375
1996-05-06,2.6311,2.6488,2.6136,2.6311,0.4421,2362449
1996-05-07,2.6224,2.6399,2.6136,2.6224,0.4406,3912864
1996-05-08,2.6005,2.6311,2.5961,2.6005,0.4369,4099837
1996-05-09,2.6136,2.6224,2.5961,2.6136,0.4391,4117481
1996-05-10,2.6355,2.6355,2.6048,2.6355,0.4428,13236601
1996-05-13,2.6267,2.6399,2.6224,2.6267,0.4413,3219671
1996-05-14,2.6311,2.6355,2.6136,2.6311,0.4421,3643730
1996-05-15,2.6311,2.6488,2.6224,2.6311,0.4421,414562
1996-05-16,2.6267,2.6311,2.6136,2.6267,0.4413,1057120
1996-05-17,2.6531,2.6531,2.618,2.6531,0.4457,4081062
1996-05-20,2.6575,2.6707,2.6488,2.6575,0.4465,3741791
1996-05-21,2.6531,2.6663,2.6355,2.6531,0.4457,5198691
1996-05-22,2.6224,2.6399,2.618,2.6224,0.4406,2613199
1996-05-23,2.6311,2.6399,2.618,2.6311,0.4421,1921748
1996-05-24,2.618,2.6267,2.6136,2.618,0.4398,1853528
1996-05-27,2.6443,2.6443,2.618,2.6443,0.4443,1961609
1996-05-28,2.6443,2.6663,2.6355,2.6443,0.4443,7853536
1996-05-29,2.6048,2.6399,2.5961,2.6048,0.4376,71749443
1996-05-30,2.5742,2.5961,2.5522,2.5742,0.4325,9241373
1996-05-31,2.5742,2.5917,2.561,2.5742,0.4325,5062440
1996-06-03,2.5435,2.5566,2.5391,2.5435,0.4273,9734785
1996-06-04,2.5742,2.5742,2.5391,2.5742,0.4325,5202263
1996-06-05,2.5873,2.6005,2.5742,2.5873,0.4347,11383044
1996-06-06,2.6136,2.6224,2.5917,2.6136,0.4391,3220601
1996-06-07,2.5698,2.6311,2.5522,2.5698,0.4317,5589831
1996-06-10,2.5917,2.6005,2.5785,2.5917,0.4354,3473398
1996-06-11,2.6311,2.6311,2.5785,2.6311,0.4421,2872894
1996-06-12,2.6531,2.6531,2.6224,2.6531,0.4457,5247278
1996-06-13,2.6311,2.6443,2.6311,2.6311,0.4421,2642386
1996-06-14,2.6311,2.6399,2.618,2.6311,0.4421,2225675
1996-06-17,2.6092,2.6399,2.5961,2.6092,0.4384,3318792
1996-06-18,2.697,2.697,2.6048,2.697,0.4531,5384706
1996-06-19,2.7014,2.7277,2.6794,2.7014,0.4538,8431940
1996-06-20,2.6355,2.6882,2.6355,2.6355,0.4428,3113900
1996-06-21,2.6794,2.6794,2.6443,2.6794,0.4502,4311598
1996-06-24,2.6926,2.7014,2.6838,2.6926,0.4524,5270919
1996-06-25,2.6838,2.7101,2.6794,2.6838,0.4509,2411922
1996-06-26,2.6443,2.6838,2.6443,2.6443,0.4443,1856215
1996-06-27,2.6311,2.6619,2.6224,2.6311,0.4421,3904485
1996-06-28,2.6224,2.6488,2.6136,2.6224,0.4406,5973042
1996-07-01,2.6531,2.6531,2.6092,2.6531,0.4457,4763262
1996-07-02,2.6488,2.6926,2.6355,2.6488,0.445,11634244
1996-07-03,2.6488,2.6707,2.6399,2.6488,0.445,2404342
1996-07-04,2.6619,2.6707,2.6531,2.6619,0.4472,1643989
1996-07-05,2.618,2.6619,2.6136,2.618,0.4398,4102132
1996-07-08,2.6355,2.6399,2.6048,2.6355,0.4428,3153078
1996-07-09,2.6531,2.6619,2.6267,2.6531,0.4457,2102739
1996-07-10,2.6531,2.6882,2.6399,2.6531,0.4457,3814368
1996-07-11,2.6399,2.6575,2.618,2.6399,0.4435,3153208
1996-07-12,2.618,2.6355,2.6136,2.618,0.4398,3289329
1996-07-15,2.5917,2.6224,2.5873,2.5917,0.4354,2983355
1996-07-16,2.5698,2.6048,2.5435,2.5698,0.4317,4003127
1996-07-17,2.6005,2.6267,2.5917,2.6005,0.4369,2928785
1996-07-18,2.6267,2.6355,2.6048,2.6267,0.4413,2023207
1996-07-19,2.6531,2.6794,2.6443,2.6531,0.4457,2454280
1996-07-22,2.618,2.6707,2.6136,2.618,0.4398,2617163
1996-07-23,2.6488,2.6488,2.6048,2.6488,0.445,3256032
1996-07-24,2.6092,2.6488,2.6048,2.6092,0.4384,2701385
1996-07-25,2.6882,2.6882,2.6224,2.6882,0.4516,4392466
1996-07-26,2.6443,2.6794,2.6443,2.6443,0.4443,2802902
1996-07-29,2.6531,2.6575,2.6311,2.6531,0.4457,3709801
1996-07-30,2.6531,2.6619,2.6224,2.6531,0.4457,2946849
1996-08-01,2.6882,2.6926,2.6531,2.6882,0.4557,3567654
1996-08-02,2.7802,2.7846,2.6926,2.7802,0.4713,7947197
1996-08-05,2.7671,2.7802,2.7539,2.7671,0.469,2579089
1996-08-06,2.7802,2.7934,2.7452,2.7802,0.4713,12366977
1996-08-07,2.7364,2.7759,2.732,2.7364,0.4638,2160431
1996-08-08,2.7715,2.789,2.7539,2.7715,0.4698,5232612
1996-08-09,2.7452,2.7671,2.7452,2.7452,0.4653,2186874
1996-08-12,2.7277,2.7364,2.7189,2.7277,0.4624,3208824
1996-08-13,2.7364,2.7627,2.732,2.7364,0.4638,4538592
1996-08-14,2.7277,2.7408,2.7277,2.7277,0.4624,1074473
1996-08-16,2.7452,2.7496,2.732,2.7452,0.4653,1549065
1996-08-19,2.7233,2.7408,2.7189,2.7233,0.4616,915757
1996-08-20,2.7233,2.7277,2.7145,2.7233,0.4616,1638936
1996-08-21,2.7189,2.7189,2.7014,2.7189,0.4609,3141374
1996-08-22,2.7583,2.7583,2.7057,2.7583,0.4676,2537239
1996-08-23,2.7802,2.789,2.7496,2.7802,0.4713,4094363
1996-08-26,2.789,2.8109,2.7627,2.789,0.4728,3870230
1996-08-27,2.8417,2.8461,2.789,2.8417,0.4817,4829957
1996-08-28,2.8417,2.8592,2.8417,2.8417,0.4817,3172812
1996-08-29,2.8242,2.868,2.8242,2.8242,0.4787,3956209
1996-08-30,2.8154,2.8329,2.7978,2.8154,0.4772,1691255
1996-09-02,2.7539,2.8022,2.7539,2.7539,0.4668,3173102
1996-09-03,2.7277,2.7583,2.7101,2.7277,0.4624,4721514
1996-09-04,2.7452,2.7583,2.7364,2.7452,0.4653,3409244
1996-09-05,2.7671,2.7802,2.7408,2.7671,0.469,2356190
1996-09-06,2.8154,2.8154,2.7539,2.8154,0.4772,1862633
1996-09-09,2.8242,2.8329,2.8065,2.8242,0.4787,2483525
1996-09-10,2.8329,2.8592,2.8109,2.8329,0.4802,3538278
1996-09-11,2.8022,2.8242,2.7846,2.8022,0.475,2026852
1996-09-12,2.8461,2.8505,2.7934,2.8461,0.4824,4810397
1996-09-13,2.868,2.8768,2.8417,2.868,0.4861,3850888
1996-09-16,2.8768,2.9074,2.868,2.8768,0.4876,3496661
1996-09-17,2.8549,2.8987,2.8505,2.8549,0.4839,3820539
1996-09-18,2.8461,2.8724,2.8373,2.8461,0.4824,2122865
1996-09-19,2.868,2.8811,2.8461,2.868,0.4861,2380208
1996-09-20,2.8768,2.8855,2.8636,2.8768,0.4876,4908516
1996-09-23,2.8373,2.8855,2.8286,2.8373,0.4809,2583764
1996-09-24,2.8987,2.9031,2.8505,2.8987,0.4913,3068042
1996-09-25,2.9206,2.9337,2.9118,2.9206,0.4951,3945406
1996-09-26,2.9206,2.9425,2.9118,2.9206,0.4951,9142296
1996-09-27,2.9031,2.9381,2.8987,2.9031,0.4921,3650715
1996-09-30,2.9294,2.9337,2.8768,2.9294,0.4966,1544592
1996-10-01,2.9425,2.9469,2.925,2.9425,0.4988,1835697
1996-10-02,2.9819,2.9819,2.9425,2.9819,0.5055,3193025
1996-10-03,2.9908,2.9996,2.9732,2.9908,0.507,3947932
1996-10-04,2.9776,2.9952,2.9513,2.9776,0.5047,4896754
1996-10-07,2.96,2.9952,2.96,2.96,0.5018,2440267
1996-10-08,2.9469,2.9732,2.9381,2.9469,0.4995,4308955
1996-10-09,2.9425,2.9732,2.9381,2.9425,0.4988,5119508
1996-10-10,2.925,2.9557,2.9162,2.925,0.4958,2383475
1996-10-11,2.9337,2.9381,2.925,2.9337,0.4973,413764
1996-10-15,2.9031,2.9294,2.8987,2.9031,0.4921,10564011
1996-10-16,2.8943,2.9162,2.8855,2.8943,0.4906,5497186
1996-10-21,2.9557,2.9557,2.9337,2.9557,0.501,4832615
1996-10-22,2.9513,2.9863,2.9425,2.9513,0.5003,12774889
1996-10-25,2.9644,2.9644,2.9337,2.9644,0.5025,5620935
1996-10-29,2.9118,2.9337,2.8943,2.9118,0.4936,4670690
1996-10-31,2.8724,2.8987,2.868,2.8724,0.4909,3125851
1996-11-04,2.8768,2.8943,2.8724,2.8768,0.4917,1779311
1996-11-05,2.9469,2.9469,2.8811,2.9469,0.5036,4570291
1996-11-06,2.9776,2.9819,2.9513,2.9776,0.5089,8079600
1996-11-07,2.9732,2.9776,2.9513,2.9732,0.5081,3266981
1996-11-08,2.9863,3.0171,2.9819,2.9863,0.5104,7065056
1996-11-11,2.9732,3.004,2.9644,2.9732,0.5081,1481731
1996-11-12,2.9952,3.004,2.9776,2.9952,0.5119,2615290
1996-11-13,2.9952,3.0083,2.9952,2.9952,0.5119,1952446
1996-11-14,2.9952,3.0215,2.9952,2.9952,0.5119,1860934
1996-11-15,2.9776,3.004,2.9644,2.9776,0.5089,7839654
1996-11-18,2.9819,2.9908,2.9732,2.9819,0.5096,13457162
1996-11-19,2.9952,2.9952,2.9469,2.9952,0.5119,2848542
1996-11-20,2.9908,3.0215,2.9908,2.9908,0.5111,2288435
1996-11-21,2.9996,3.0171,2.9863,2.9996,0.5126,2113978
1996-11-22,3.039,3.0522,2.9952,3.039,0.5194,4636304
1996-11-25,3.0697,3.0741,3.0478,3.0697,0.5246,4885254
1996-11-26,3.0609,3.0872,3.0522,3.0609,0.5231,5288707
1996-11-27,3.0478,3.0609,3.0346,3.0478,0.5209,2615449
1996-11-28,3.0697,3.0829,3.0478,3.0697,0.5246,2725519
1996-11-29,3.0697,3.0872,3.0653,3.0697,0.5246,4461441
1996-12-02,3.1004,3.1048,3.0697,3.1004,0.5299,5825058
1996-12-03,3.1794,3.1794,3.1135,3.1794,0.5434,6246822
1996-12-04,3.153,3.1618,3.1398,3.153,0.5389,3208984
1996-12-05,3.1442,3.1794,3.1179,3.1442,0.5374,3550984
1996-12-09,3.1135,3.1267,3.0916,3.1135,0.5321,4517711
1996-12-10,3.1575,3.1575,3.1267,3.1575,0.5396,3282301
1996-12-11,3.1004,3.1354,3.0829,3.1004,0.5299,3888498
1996-12-12,3.1091,3.1223,3.0916,3.1091,0.5314,3634597
1996-12-13,3.1004,3.1004,3.0566,3.1004,0.5299,3854751
1996-12-16,3.1179,3.1311,3.1091,3.1179,0.5329,7909674
1996-12-17,3.1004,3.1179,3.0872,3.1004,0.5299,4559430
1996-12-18,3.1311,3.1575,3.1091,3.1311,0.5351,6891311
1996-12-19,3.2933,3.2977,3.1311,3.2933,0.5629,8580766
1996-12-20,3.3811,3.3986,3.324,3.3811,0.5778,9324565
1996-12-23,3.5083,3.5521,3.3504,3.5083,0.5996,6408761
1996-12-26,3.5696,3.6178,3.5433,3.5696,0.6101,3262683
1996-12-27,3.5959,3.6529,3.5302,3.5959,0.6146,5937436
1996-12-30,3.5959,3.6047,3.5609,3.5959,0.6146,6359825
1996-12-31,3.6441,3.6529,3.6003,3.6441,0.6228,11047854
1997-01-02,3.5477,3.6135,3.5477,3.5477,0.6063,4693503
1997-01-03,3.6222,3.6354,3.5521,3.6222,0.6191,5730772
1997-01-07,3.6266,3.6749,3.6178,3.6266,0.6198,5168124
1997-01-08,3.6661,3.7056,3.6485,3.6661,0.6266,7960019
1997-01-09,3.6968,3.7056,3.631,3.6968,0.6318,5829356
1997-01-10,3.6837,3.7275,3.631,3.6837,0.6296,5315484
1997-01-13,3.6968,3.7275,3.6705,3.6968,0.6318,5806790
1997-01-14,3.7012,3.71,3.6793,3.7012,0.6326,11199483
1997-01-15,3.6529,3.7187,3.6354,3.6529,0.6243,8555761
1997-01-16,3.6441,3.6441,3.5915,3.6441,0.6228,10519257
1997-01-17,3.6441,3.6573,3.6047,3.6441,0.6228,12551264
1997-01-20,3.5959,3.6793,3.5915,3.5959,0.6146,13174233
1997-01-21,3.6968,3.7012,3.5872,3.6968,0.6318,12285979
1997-01-22,3.71,3.7889,3.6968,3.71,0.6341,14335803
1997-01-23,3.7056,3.7144,3.6749,3.7056,0.6333,9708981
1997-01-24,3.6398,3.6749,3.6354,3.6398,0.6221,9637537
1997-01-27,3.6529,3.6617,3.5959,3.6529,0.6243,10037114
1997-01-28,3.7582,3.7626,3.631,3.7582,0.6423,7797615
1997-01-29,3.7538,3.7626,3.71,3.7538,0.6416,6831717
1997-01-30,3.8152,3.8503,3.7713,3.8152,0.652,8871464
1997-01-31,3.9467,3.9906,3.7889,3.9467,0.6787,14505075
1997-02-03,3.9029,3.9248,3.8503,3.9029,0.6712,5562546
1997-02-04,3.8591,3.9205,3.8591,3.8591,0.6636,3949065
1997-02-05,3.8591,3.8854,3.8459,3.8591,0.6636,5328858
1997-02-06,3.8503,3.8591,3.8283,3.8503,0.6621,4911754
1997-02-07,3.9117,3.9467,3.8416,3.9117,0.6727,8040059
1997-02-10,3.9467,3.9555,3.9117,3.9467,0.6787,6635726
1997-02-11,3.9467,3.9467,3.9248,3.9467,0.6787,4984897
1997-02-12,3.973,3.9774,3.9467,3.973,0.6832,4018578
1997-02-13,4.0477,4.052,3.9906,4.0477,0.6961,7212619
1997-02-14,4.1528,4.2011,4.0345,4.1528,0.7142,7941476
1997-02-17,4.2187,4.245,4.1528,4.2187,0.7255,4381256
1997-02-18,4.28,4.3063,4.2406,4.28,0.736,9263402
1997-02-19,4.3326,4.3722,4.28,4.3326,0.7451,10446550
1997-02-20,4.2888,4.3239,4.2888,4.2888,0.7375,5715206
1997-02-21,4.2318,4.2537,4.1924,4.2318,0.7277,8595215
1997-02-24,4.1791,4.2099,4.1747,4.1791,0.7187,5825058
1997-02-25,4.2537,4.2713,4.1924,4.2537,0.7315,6001474
1997-02-26,4.2318,4.2844,4.188,4.2318,0.7277,6784465
1997-02-27,4.2581,4.2625,4.2099,4.2581,0.7323,3729216
1997-02-28,4.2537,4.2625,4.2143,4.2537,0.7315,8569309
1997-03-03,4.2537,4.3107,4.1968,4.2537,0.7315,7633440
1997-03-04,4.2537,4.2976,4.2318,4.2537,0.7315,7655744
1997-03-05,4.2099,4.2757,4.188,4.2099,0.724,13844642
1997-03-06,4.2406,4.2581,4.2231,4.2406,0.7292,9182040
1997-03-07,4.3063,4.3063,4.2099,4.3063,0.7406,6006135
1997-03-10,4.3546,4.3853,4.2976,4.3546,0.7488,7744004
1997-03-11,4.3239,4.3985,4.3195,4.3239,0.7436,19092777
1997-03-12,4.2274,4.3326,4.2143,4.2274,0.727,6834287
1997-03-13,4.2713,4.3151,4.2274,4.2713,0.7345,7425513
1997-03-14,4.2976,4.2976,4.2274,4.2976,0.739,14599883
1997-03-17,4.2625,4.3195,4.245,4.2625,0.733,5605920
1997-03-18,4.2537,4.2757,4.2362,4.2537,0.7315,6178370
1997-03-19,4.3107,4.3195,4.2625,4.3107,0.7413,4709723
1997-03-20,4.2537,4.3414,4.2537,4.2537,0.7315,7635415
1997-03-21,4.2625,4.2932,4.245,4.2625,0.733,14329443
1997-03-24,4.1968,4.2888,4.1924,4.1968,0.7217,58115196
1997-03-25,4.2625,4.2669,4.2099,4.2625,0.733,5722974
1997-03-26,4.3326,4.359,4.2537,4.3326,0.7451,6289747
1997-03-31,4.2757,4.3151,4.2537,4.2757,0.7353,1421396
1997-04-01,4.166,4.2406,4.1441,4.166,0.7164,5536045
1997-04-02,4.1747,4.2055,4.1002,4.1747,0.7179,6842274
1997-04-03,4.1222,4.166,4.1046,4.1222,0.7089,3929650
1997-04-04,4.166,4.166,4.1046,4.166,0.7164,6586645
1997-04-07,4.2537,4.2713,4.2011,4.2537,0.7315,5893365
1997-04-08,4.2932,4.2976,4.2581,4.2932,0.7383,6688147
1997-04-09,4.2844,4.3282,4.2713,4.2844,0.7368,4063215
1997-04-10,4.2669,4.2713,4.2494,4.2669,0.7338,2588600
1997-04-11,4.2231,4.2976,4.2231,4.2231,0.7262,3154327
1997-04-14,4.2537,4.2757,4.1572,4.2537,0.7315,2751933
1997-04-15,4.3326,4.337,4.2581,4.3326,0.7451,4752357
1997-04-16,4.3414,4.3414,4.2844,4.3414,0.7466,5098263
1997-04-17,4.3809,4.4072,4.3634,4.3809,0.7534,6608542
1997-04-18,4.3809,4.3941,4.3195,4.3809,0.7534,6068445
1997-04-21,4.4291,4.4511,4.3634,4.4291,0.7617,8971165
1997-04-22,4.4774,4.4774,4.4204,4.4774,0.77,7795002
1997-04-23,4.5432,4.5563,4.4993,4.5432,0.7813,9971900
1997-04-24,4.4861,4.5607,4.4774,4.4861,0.7715,10102343
1997-04-25,4.5301,4.552,4.4379,4.5301,0.779,7817219
1997-04-28,4.5212,4.5432,4.5037,4.5212,0.7775,4374039
1997-04-29,4.7405,4.78,4.5388,4.7405,0.8152,9972568
1997-04-30,4.8238,4.8457,4.6923,4.8238,0.8355,9770928
1997-05-02,4.8413,4.8457,4.7449,4.8413,0.8385,1292884
1997-05-05,4.9685,4.9729,4.8413,4.9685,0.8605,11834693
1997-05-06,4.9247,5.0563,4.9203,4.9247,0.8529,21530489
1997-05-07,4.9115,4.9378,4.8984,4.9115,0.8507,5483173
1997-05-08,4.9203,4.9203,4.8413,4.9203,0.8522,4034115
1997-05-09,4.9554,4.9773,4.9291,4.9554,0.8582,6389869
1997-05-12,5.0299,5.0344,4.9466,5.0299,0.8712,5120669
1997-05-13,5.179,5.179,5.087,5.179,0.897,10189309
1997-05-14,5.1658,5.1965,5.0957,5.1658,0.8947,7367472
1997-05-15,5.1658,5.1965,5.1658,5.1658,0.8947,759728
1997-05-16,5.1571,5.2185,5.1133,5.1571,0.8932,13804593
1997-05-19,5.1439,5.1483,5.0255,5.1439,0.8909,1574230
1997-05-20,5.2142,5.2405,5.1352,5.2142,0.9031,8366871
1997-05-21,5.35,5.3896,5.2624,5.35,0.9266,7346634
1997-05-22,5.3764,5.4378,5.3281,5.3764,0.9312,4452903
1997-05-23,5.3193,5.3675,5.3193,5.3193,0.9213,4956668
1997-05-26,5.5254,5.6439,5.3325,5.5254,0.957,11091083
1997-05-27,5.6132,5.7448,5.5913,5.6132,0.9722,12433978
1997-05-28,5.543,5.7096,5.5298,5.543,0.96,10216798
1997-05-29,5.543,5.6482,5.4816,5.543,0.96,5543581
1997-05-30,5.4071,5.5518,5.3632,5.4071,0.9365,5601753
1997-06-02,5.3852,5.4553,5.2887,5.3852,0.9327,9210734
1997-06-03,5.6351,5.6482,5.4728,5.6351,0.976,4459118
1997-06-04,5.6307,5.7008,5.6176,5.6307,0.9752,8628381
1997-06-05,5.6833,5.7096,5.5957,5.6833,0.9843,7935173
1997-06-06,5.8719,5.8762,5.7052,5.8719,1.017,9851912
1997-06-10,5.7096,5.8806,5.6702,5.7096,0.9889,6844722
1997-06-11,5.7162,5.782,5.6439,5.7162,0.99,8635504
1997-06-12,5.7689,5.782,5.7162,5.7689,0.9991,8266885
1997-06-13,5.9069,5.9136,5.7754,5.9069,1.0231,10263639
1997-06-16,5.8412,5.953,5.828,5.8412,1.0117,5290799
1997-06-17,5.7162,5.9267,5.5913,5.7162,0.99,4260764
1997-06-18,5.8149,5.828,5.6241,5.8149,1.0071,4083243
1997-06-19,5.8543,5.9136,5.7886,5.8543,1.0139,4488697
1997-06-20,5.9202,5.9465,5.8872,5.9202,1.0253,10087847
1997-06-23,6.0517,6.0648,5.9267,6.0517,1.0481,3322052
1997-06-24,6.1175,6.1438,5.8872,6.1175,1.0595,3829584
1997-06-25,6.2754,6.2819,6.1832,6.2754,1.0869,3760531
1997-06-26,6.1701,6.3148,6.1701,6.1701,1.0686,6041666
1997-06-27,6.1701,6.249,5.9859,6.1701,1.0686,3940172
1997-06-30,5.9728,6.2688,5.9728,5.9728,1.0345,4126802
1997-07-01,6.0319,6.0912,5.9728,6.0319,1.0447,4539046
1997-07-02,6.1109,6.1306,6.0517,6.1109,1.0584,4235521
1997-07-03,6.2358,6.249,6.1241,6.2358,1.08,4666759
1997-07-04,6.1964,6.2819,6.1701,6.1964,1.0732,3903070
1997-07-07,6.1964,6.2095,6.1306,6.1964,1.0732,3626458
1997-07-08,6.2161,6.3082,6.1635,6.2161,1.0766,4124415
1997-07-09,6.4069,6.4464,6.2688,6.4069,1.1096,6023403
1997-07-10,6.328,6.4267,6.3017,6.328,1.096,2353053
1997-07-11,6.1832,6.3214,6.1569,6.1832,1.0709,8331020
1997-07-14,6.249,6.2557,6.0978,6.249,1.0823,6262397
1997-07-15,6.1767,6.2358,6.1438,6.1767,1.0698,5594009
1997-07-16,6.1175,6.1898,6.0846,6.1175,1.0595,7438432
1997-07-17,5.9465,6.1569,5.9465,5.9465,1.0299,8879691
1997-07-18,5.8543,5.9399,5.7227,5.8543,1.0139,12827655
1997-07-21,5.6899,5.7886,5.611,5.6899,0.9855,5387001
1997-07-22,6.0122,6.0385,5.7096,6.0122,1.0413,5081734
1997-07-23,5.8675,6.1701,5.7689,5.8675,1.0162,4979283
1997-07-24,5.6373,5.8609,5.5913,5.6373,0.9764,4637306
1997-07-25,5.6965,5.7754,5.6702,5.6965,0.9866,481070
1997-07-28,5.6176,5.7623,5.5715,5.6176,0.9729,4557057
1997-07-29,5.4005,5.6307,5.3675,5.4005,0.9353,5443116
1997-07-30,5.657,5.7096,5.486,5.657,0.9798,4241320
1997-07-31,5.7096,5.8478,5.6702,5.7096,0.9937,5253717
1997-08-01,5.7096,5.7886,5.6767,5.7096,0.9937,7799461
1997-08-04,5.6044,5.6833,5.565,5.6044,0.9753,6906282
1997-08-05,5.6373,5.7096,5.5451,5.6373,0.9811,7504029
1997-08-06,5.7886,5.7886,5.6373,5.7886,1.0074,10022908
1997-08-07,5.828,5.9267,5.828,5.828,1.0143,8744901
1997-08-08,5.8609,5.8675,5.7491,5.8609,1.02,12827549
1997-08-11,5.7491,5.8215,5.7293,5.7491,1.0005,2465902
1997-08-12,5.6899,5.8017,5.6899,5.6899,0.9902,6340186
1997-08-13,5.532,5.6702,5.532,5.532,0.9628,5572005
1997-08-14,5.565,5.6176,5.4991,5.565,0.9685,4763378
1997-08-18,5.5517,5.5913,5.44,5.5517,0.9662,3384415
1997-08-19,5.782,5.782,5.611,5.782,1.0063,4947007
1997-08-20,5.9465,5.9465,5.8412,5.9465,1.0349,8235070
1997-08-21,5.8017,5.9991,5.7227,5.8017,1.0097,3730864
1997-08-22,5.6767,5.7754,5.6044,5.6767,0.9879,3434939
1997-08-25,5.6439,5.7426,5.6307,5.6439,0.9822,1911283
1997-08-26,5.6241,5.6636,5.565,5.6241,0.9788,1882410
1997-08-27,5.5583,5.6833,5.5583,5.5583,0.9673,5501689
1997-08-28,5.6439,5.6439,5.5189,5.6439,0.9822,3391172
1997-08-29,5.5781,5.5978,5.5254,5.5781,0.9708,2021280
1997-09-01,5.6307,5.6504,5.5781,5.6307,0.9799,3517206
1997-09-02,5.6636,5.6767,5.611,5.6636,0.9857,4607349
1997-09-03,5.6307,5.7754,5.5913,5.6307,0.9799,7135086
1997-09-04,5.5583,5.657,5.532,5.5583,0.9673,5811574
1997-09-05,5.657,5.7096,5.565,5.657,0.9845,11786661
1997-09-08,5.736,5.736,5.6439,5.736,0.9982,5822644
1997-09-09,5.6833,5.7426,5.6833,5.6833,0.9891,589760
1997-09-10,5.6044,5.7491,5.6044,5.6044,0.9753,5608046
1997-09-11,5.6176,5.6176,5.532,5.6176,0.9776,4227680
1997-09-12,5.8149,5.8609,5.7162,5.8149,1.012,11150070
1997-09-15,5.9333,5.9333,5.8675,5.9333,1.0326,11634819
1997-09-16,5.9728,6.0056,5.8741,5.9728,1.0395,5526365
1997-09-17,6.0122,6.0781,5.9991,6.0122,1.0463,4940806
1997-09-18,6.0517,6.0781,5.9596,6.0517,1.0532,6650405
1997-09-19,6.0056,6.0912,5.9728,6.0056,1.0452,8039504
1997-09-22,6.1832,6.1898,6.0122,6.1832,1.0761,9928274
1997-09-23,6.1504,6.203,6.0781,6.1504,1.0704,3742409
1997-09-24,6.2293,6.2293,6.1043,6.2293,1.0841,3690534
1997-09-25,6.1372,6.2095,6.1241,6.1372,1.0681,3426061
1997-09-26,6.2424,6.249,6.0781,6.2424,1.0864,3261673
1997-09-29,6.3148,6.328,6.2095,6.3148,1.099,5313946
1997-09-30,6.4333,6.4727,6.3345,6.4333,1.1196,5299555
1997-10-01,6.4661,6.4727,6.3806,6.4661,1.1253,4539903
1997-10-02,6.3806,6.4727,6.3543,6.3806,1.1104,3413394
1997-10-03,6.4069,6.4595,6.328,6.4069,1.115,3309050
1997-10-06,6.2754,6.4069,6.249,6.2754,1.0921,2620406
1997-10-07,6.2424,6.3608,6.1767,6.2424,1.0864,6988607
1997-10-08,6.0846,6.2885,5.9728,6.0846,1.0589,5837906
1997-10-09,5.8675,6.0517,5.5978,5.8675,1.0211,8860082
1997-10-10,5.9003,5.9333,5.7754,5.9003,1.0269,6857525
1997-10-13,5.9202,6.0056,5.8872,5.9202,1.0303,4458275
1997-10-14,5.8938,5.9728,5.8017,5.8938,1.0257,4310518
1997-10-15,5.8215,5.8675,5.7227,5.8215,1.0131,3232156
1997-10-16,5.8412,5.8938,5.7096,5.8412,1.0166,4430549
1997-10-17,5.7491,5.7754,5.7096,5.7491,1.0005,6487033
1997-10-20,5.7886,5.828,5.6307,5.7886,1.0074,4496465
1997-10-21,6.0451,6.0714,5.8806,6.0451,1.0576,5868226
1997-10-22,6.0648,6.203,6.0385,6.0648,1.061,5911668
1997-10-23,5.8215,6.0122,5.7162,5.8215,1.0184,8368354
1997-10-24,5.7227,5.9399,5.657,5.7227,1.0012,10851366
1997-10-27,5.3281,5.5913,5.2624,5.3281,0.9321,8781208
1997-10-28,4.8676,4.9335,4.5321,4.8676,0.8516,23525853
1997-10-29,5.5386,5.5386,5.1111,5.5386,0.969,22999487
1997-10-30,5.4531,5.4531,5.2492,5.4531,0.954,16041573
1997-10-31,5.361,5.4137,5.1965,5.361,0.9431,11134233
1997-11-03,5.3807,5.4465,5.3215,5.3807,0.9466,7669685
1997-11-04,5.4005,5.44,5.3544,5.4005,0.9501,11631890
1997-11-05,5.4268,5.4334,5.3544,5.4268,0.9547,7299751
1997-11-06,5.3544,5.4202,5.3347,5.3544,0.942,6515974
1997-11-07,5.1374,5.2361,5.0189,5.1374,0.9038,15697006
1997-11-10,5.1045,5.1374,5.0452,5.1045,0.898,4980623
1997-11-11,5.1834,5.1834,4.9992,5.1834,0.9119,10657151
1997-11-12,5.0255,5.1308,4.9926,5.0255,0.8841,6375753
1997-11-13,5.0058,5.0913,4.9795,5.0058,0.8806,13066813
1997-11-14,5.1505,5.1571,5.0452,5.1505,0.9061,12333536
1997-11-17,5.3281,5.3281,5.2492,5.3281,0.9373,6055238
1997-11-18,5.4202,5.4465,5.2821,5.4202,0.9535,5477739
1997-11-19,5.4597,5.4597,5.3084,5.4597,0.9605,5470575
1997-11-20,5.6767,5.6833,5.5189,5.6767,0.9987,8970113
1997-11-21,5.7227,5.7557,5.6702,5.7227,1.0068,14363146
1997-11-24,5.5583,5.6833,5.5386,5.5583,0.9778,6446766
1997-11-25,5.6702,5.7162,5.5386,5.6702,0.9975,5524802
1997-11-26,5.8149,5.8149,5.736,5.8149,1.023,6538801
1997-11-27,5.8741,5.9069,5.7886,5.8741,1.0334,7382119
1997-11-28,5.9333,5.9333,5.7952,5.9333,1.0438,4790358
1997-12-01,6.0517,6.0517,5.9728,6.0517,1.0646,12977682
1997-12-02,6.0582,6.0912,6.0122,6.0582,1.0658,6316962
1997-12-03,6.0254,6.0517,5.9925,6.0254,1.06,3628389
1997-12-04,6.0648,6.0912,6.0451,6.0648,1.0669,6332993
1997-12-05,6.1504,6.1569,5.9399,6.1504,1.082,7431075
1997-12-09,6.2161,6.2424,6.1569,6.2161,1.0936,7589781
1997-12-10,6.1635,6.203,6.1306,6.1635,1.0843,8920945
1997-12-11,5.9662,6.0517,5.8675,5.9662,1.0496,5504080
1997-12-12,6.0517,6.0978,5.9267,6.0517,1.0646,6571464
1997-12-15,6.0517,6.0781,6.0254,6.0517,1.0646,5105737
1997-12-16,6.1438,6.1701,6.0912,6.1438,1.0808,8217833
1997-12-17,6.1438,6.1832,6.0912,6.1438,1.0808,9534041
1997-12-18,6.1569,6.1635,6.0978,6.1569,1.0831,7451772
1997-12-19,5.9991,6.0517,5.9728,5.9991,1.0554,14343441
1997-12-22,5.9991,6.0254,5.9202,5.9991,1.0554,6760790
1997-12-23,6.0648,6.0781,5.9859,6.0648,1.0669,4567237
1997-12-26,6.1372,6.1372,6.0385,6.1372,1.0797,3059975
1997-12-29,6.4134,6.4201,6.1767,6.4134,1.1283,11832011
1997-12-30,6.499,6.499,6.4069,6.499,1.1433,9342367
1997-12-31,6.6963,6.6963,6.5056,6.6963,1.178,15782148
1998-01-02,6.7753,6.7753,6.5779,6.7753,1.1919,8640765
1998-01-05,6.9463,6.9595,6.7489,6.9463,1.222,16812847
1998-01-07,6.9332,7.0384,6.8279,6.9332,1.2197,10624605
1998-01-08,7.0121,7.0778,6.9199,7.0121,1.2336,10918260
1998-01-09,7.0647,7.0647,6.9199,7.0647,1.2428,8944856
1998-01-12,6.9199,6.9332,6.7753,6.9199,1.2174,16542285
1998-01-13,6.9068,7.0384,6.9068,6.9068,1.2151,7143131
1998-01-14,7.1699,7.1831,7.0384,7.1699,1.2614,12640386
1998-01-15,7.2094,7.2094,7.091,7.2094,1.2683,4937055
1998-01-16,7.262,7.3278,7.2225,7.262,1.2776,7800337
1998-01-19,7.2225,7.341,7.1962,7.2225,1.2706,5529303
1998-01-20,7.1568,7.2357,7.1305,7.1568,1.259,8365130
1998-01-21,7.1831,7.2225,7.1437,7.1831,1.2637,8469445
1998-01-22,7.1305,7.1831,7.0647,7.1305,1.2544,5223194
1998-01-23,6.9463,7.1831,6.8936,6.9463,1.222,5503465
1998-01-26,7.1831,7.1831,6.9858,7.1831,1.2637,4251775
1998-01-27,7.2094,7.2488,7.1699,7.2094,1.2683,15095678
1998-01-28,7.1699,7.2751,7.1568,7.1699,1.2614,21191658
1998-01-29,7.1174,7.2357,7.091,7.1174,1.2521,14926270
1998-01-30,7.1962,7.1962,7.0515,7.1962,1.266,28570064
1998-02-02,7.262,7.2884,7.1962,7.262,1.2829,33206300
1998-02-03,7.3541,7.3673,7.1831,7.3541,1.2992,22151580
1998-02-04,7.4726,7.4989,7.262,7.4726,1.3201,18122888
1998-02-05,7.6304,7.7751,7.5909,7.6304,1.348,32478294
1998-02-06,7.6962,7.7356,7.5777,7.6962,1.3596,6821875
1998-02-09,7.6304,7.7619,7.604,7.6304,1.348,7564073
1998-02-10,7.683,7.683,7.5383,7.683,1.3573,5373264
1998-02-11,7.8278,7.8541,7.683,7.8278,1.3829,10430143
1998-02-12,7.7225,7.8803,7.6962,7.7225,1.3643,8098290
1998-02-13,8.0119,8.0645,7.7225,8.0119,1.4154,13208224
1998-02-16,8.0514,8.0645,8.0119,8.0514,1.4224,4710381
1998-02-17,8.2881,8.3277,8.0645,8.2881,1.4642,7205189
1998-02-18,8.3145,8.4329,8.2881,8.3145,1.4689,5526438
1998-02-20,9.1301,9.1697,9.0644,9.1301,1.613,30975698
1998-02-23,9.1697,9.2749,9.117,9.1697,1.6199,18134761
1998-02-24,9.0907,9.196,8.9459,9.0907,1.606,18149776
1998-02-25,9.117,9.2091,9.0907,9.117,1.6107,18544711
1998-02-26,9.2223,9.288,9.1301,9.2223,1.6292,19356988
1998-02-27,9.367,9.3801,9.2354,9.367,1.6548,14568615
1998-03-02,9.6301,9.6827,9.4327,9.6301,1.7013,13466114
1998-03-03,9.5775,9.7353,9.5775,9.5775,1.692,10136870
1998-03-04,9.3538,9.6695,9.288,9.3538,1.6525,14222340
1998-03-05,9.3143,9.3407,9.1697,9.3143,1.6455,14064079
1998-03-06,9.4459,9.4459,9.3143,9.4459,1.6688,9179576
1998-03-09,9.4722,9.5775,9.367,9.4722,1.6734,8464034
1998-03-10,9.3143,9.4327,9.288,9.3143,1.6455,6855613
1998-03-11,9.2091,9.3407,9.1038,9.2091,1.6269,10917408
1998-03-12,9.1564,9.2486,9.1038,9.1564,1.6176,8934629
1998-03-13,9.4985,9.4985,9.288,9.4985,1.6781,16770668
1998-03-16,9.5775,9.5775,9.4064,9.5775,1.692,11095486
1998-03-17,9.6695,9.709,9.6169,9.6695,1.7083,10709655
1998-03-18,9.5906,9.6827,9.5117,9.5906,1.6943,8432958
1998-03-20,9.9721,9.9721,9.6301,9.9721,1.7617,18249957
1998-03-23,9.8932,9.959,9.8801,9.8932,1.7478,9397223
1998-03-24,9.9064,9.9853,9.8142,9.9064,1.7501,11611885
1998-03-25,10.1694,10.1958,9.9458,10.1694,1.7966,32322086
1998-03-26,10.1037,10.1431,9.9984,10.1037,1.785,6469598
1998-03-27,10.2616,10.2879,10.1037,10.2616,1.8129,8600890
1998-03-30,10.2616,10.3273,10.1694,10.2616,1.8129,7499067
1998-03-31,10.2879,10.3669,10.1958,10.2879,1.8175,10528383
1998-04-01,10.1168,10.2616,10.0642,10.1168,1.7873,21817750
1998-04-02,10.3669,10.4063,10.0905,10.3669,1.8314,17052058
1998-04-03,10.5115,10.5246,10.3931,10.5115,1.857,10077256
1998-04-06,10.6299,10.6562,10.4457,10.6299,1.8843,26005095
1998-04-07,10.5905,10.6431,10.4852,10.5905,1.8773,7396703
1998-04-08,10.5246,10.5642,10.4983,10.5246,1.8656,11478765
1998-04-14,10.5379,10.7483,10.5115,10.5379,1.8679,10330639
1998-04-15,10.551,10.7483,10.4063,10.551,1.8703,7765926
1998-04-16,10.4983,10.6036,10.3536,10.4983,1.8609,5770460
1998-04-17,10.5773,10.5773,10.2747,10.5773,1.8749,10804589
1998-04-20,10.7483,10.7483,10.6168,10.7483,1.9052,9552328
1998-04-21,10.8009,10.8009,10.6431,10.8009,1.9146,10062875
1998-04-22,10.7221,10.8404,10.6825,10.7221,1.9006,7405464
1998-04-23,10.472,10.7221,10.2616,10.472,1.8563,8659430
1998-04-24,10.472,10.4983,10.0774,10.472,1.8563,11812465
1998-04-27,10.3142,10.472,10.2747,10.3142,1.8283,13502369
1998-04-28,10.4589,10.551,10.3142,10.4589,1.8539,11650623
1998-04-29,10.2353,10.5246,10.1168,10.2353,1.8143,9890311
1998-04-30,10.5905,10.5905,10.1958,10.5905,1.8773,15719935
1998-05-04,10.7878,10.7878,10.5905,10.7878,1.9122,8328629
1998-05-05,10.6431,10.7878,10.5246,10.6431,1.8866,6105801
1998-05-06,10.4983,10.7089,10.3931,10.4983,1.8609,6266279
1998-05-07,10.3931,10.6562,10.2747,10.3931,1.8423,7315603
1998-05-08,10.2221,10.4852,10.1037,10.2221,1.812,5023073
1998-05-11,10.4589,10.4589,10.2353,10.4589,1.8539,6751951
1998-05-12,10.2353,10.3536,10.1958,10.2353,1.8143,4518252
1998-05-13,10.2353,10.3931,10.1563,10.2353,1.8143,7507364
1998-05-14,10.3669,10.3669,10.0115,10.3669,1.8376,7193543
1998-05-15,10.301,10.4457,10.2747,10.301,1.826,6482382
1998-05-18,9.9984,10.2616,9.9853,9.9984,1.7723,11100307
1998-05-19,10.1694,10.1826,9.8538,10.1694,1.8026,7904932
1998-05-20,10.3273,10.3536,10.1694,10.3273,1.8306,7308274
1998-05-21,10.3669,10.4457,10.2879,10.3669,1.8376,4466257
1998-05-22,10.4589,10.4983,10.2879,10.4589,1.8539,5293776
1998-05-25,10.6299,10.6299,10.4194,10.6299,1.8843,7811973
1998-05-26,10.5115,10.7089,10.4589,10.5115,1.8633,8647053
1998-05-27,10.1168,10.3405,9.9984,10.1168,1.7933,10751427
1998-05-28,10.1168,10.2747,9.8932,10.1168,1.7933,9789346
1998-05-29,10.0379,10.2221,9.9458,10.0379,1.7793,9042946
1998-06-02,10.2353,10.2616,9.9327,10.2353,1.8143,7444647
1998-06-03,10.2353,10.3273,10.1694,10.2353,1.8143,2857100
1998-06-04,10.1431,10.2616,10.0642,10.1431,1.798,3799791
1998-06-05,10.38,10.3931,10.1826,10.38,1.8399,5419640
1998-06-08,10.4589,10.5246,10.4194,10.4589,1.8539,9111302
1998-06-09,10.301,10.4852,10.1563,10.301,1.826,6550466
1998-06-10,10.2353,10.301,10.0379,10.2353,1.8143,6208606
1998-06-11,9.8801,10.1958,9.8801,9.8801,1.7513,6756332
1998-06-12,9.6038,9.9458,9.6038,9.6038,1.7024,11301196
1998-06-15,9.4459,9.5775,9.2749,9.4459,1.6744,8177827
1998-06-16,9.6301,9.6695,9.3407,9.6301,1.707,4512627
1998-06-17,9.8669,9.8801,9.6959,9.8669,1.7538,5983282
1998-06-18,9.7353,9.9984,9.6959,9.7353,1.7305,7203321
1998-06-19,9.6959,9.9195,9.6038,9.6959,1.7234,8944029
1998-06-22,9.6038,9.6695,9.5117,9.6038,1.7071,5591308
1998-06-23,9.8669,9.8932,9.6038,9.8669,1.7538,8118789
1998-06-24,9.9458,9.959,9.6959,9.9458,1.7679,48342225
1998-06-25,10.2353,10.2616,10.0379,10.2353,1.8193,12460794
1998-06-26,10.2484,10.2879,10.1958,10.2484,1.8217,5500489
1998-06-29,10.3405,10.4457,10.2353,10.3405,1.838,9156364
1998-06-30,10.3273,10.3931,10.0905,10.3273,1.8357,9708059
1998-07-01,10.472,10.472,10.3142,10.472,1.8614,7412301
1998-07-02,10.4589,10.5773,10.38,10.4589,1.8591,6492433
1998-07-03,10.5246,10.5246,10.4063,10.5246,1.8708,5024458
1998-07-06,10.5905,10.6036,10.4589,10.5905,1.8825,9133418
1998-07-07,10.6957,10.7878,10.5773,10.6957,1.9012,9870933
1998-07-08,10.7878,10.7878,10.6562,10.7878,1.9175,7976722
1998-07-09,10.6562,10.972,10.551,10.6562,1.8942,8653338
1998-07-10,10.7221,10.8404,10.6036,10.7221,1.9058,4307333
1998-07-13,11.0114,11.051,10.6431,11.0114,1.9573,9976576
1998-07-14,11.2746,11.2746,11.0641,11.2746,2.0041,13117600
1998-07-15,11.1956,11.3272,11.051,11.1956,1.99,7235579
1998-07-16,11.2614,11.314,11.1561,11.2614,2.0017,5730958
1998-07-17,11.4456,11.5113,11.1298,11.4456,2.0345,8650100
1998-07-20,11.4325,11.5113,11.3666,11.4325,2.0321,7771113
1998-07-21,11.1956,11.4719,11.1693,11.1956,1.99,12222333
1998-07-22,10.8667,11.1824,10.8272,10.8667,1.9316,6733669
1998-07-23,10.9194,10.9588,10.7089,10.9194,1.9409,7007167
1998-07-24,10.7746,10.8667,10.6825,10.7746,1.9152,5067404
1998-07-27,10.5773,10.8931,10.551,10.5773,1.8801,3500797
1998-07-28,10.6825,10.7615,10.5642,10.6825,1.8988,11144695
1998-07-29,10.7221,10.7483,10.551,10.7221,1.9058,4151657
1998-07-30,11.1824,11.1824,10.6562,11.1824,1.9877,14608649
1998-07-31,11.2351,11.2877,10.9325,11.2351,2.0032,8472850
1998-08-03,11.0246,11.0641,10.9194,11.0246,1.9657,3665977
1998-08-04,11.051,11.1824,10.8931,11.051,1.9703,5085386
1998-08-05,10.8667,10.8931,10.7089,10.8667,1.9375,4805666
1998-08-06,10.6694,10.9457,10.6299,10.6694,1.9023,4057091
1998-08-07,10.7221,10.7352,10.5905,10.7221,1.9117,4260754
1998-08-10,10.3931,10.7089,10.3405,10.3931,1.8531,6317901
1998-08-11,9.8361,10.3326,9.7959,9.8361,1.7538,13724659
1998-08-12,10.0374,10.1716,9.9166,10.0374,1.7896,9678373
1998-08-13,9.8898,10.0642,9.7288,9.8898,1.7633,9254487
1998-08-14,9.9837,10.1447,9.863,9.9837,1.7801,8202803
1998-08-17,10.0642,10.0911,9.7288,10.0642,1.7944,4964191
1998-08-18,10.2789,10.2923,9.9971,10.2789,1.8327,10158245
1998-08-19,10.4936,10.4936,10.3326,10.4936,1.871,4788763
1998-08-20,10.0508,10.5205,9.9971,10.0508,1.792,7103513
1998-08-21,9.0578,9.7421,8.8431,9.0578,1.615,36590026
1998-08-24,8.776,9.192,8.5881,8.776,1.5647,21902309
1998-08-25,8.6016,8.9907,8.5479,8.6016,1.5336,17990713
1998-08-26,8.1319,8.776,7.9708,8.1319,1.4499,26829187
1998-08-27,7.4342,7.8635,7.3804,7.4342,1.3255,21444327
1998-08-28,7.2059,7.9708,6.5753,7.2059,1.2848,26059426
1998-08-31,7.5146,7.8501,7.3804,7.5146,1.3398,13661495
1998-09-01,7.3804,7.5549,7.112,7.3804,1.3159,19628919
1998-09-02,7.8366,7.9172,7.6353,7.8366,1.3973,15114474
1998-09-03,7.4072,7.6623,7.273,7.4072,1.3207,12440733
1998-09-04,7.0047,7.5146,6.9778,7.0047,1.2489,13902132
1998-09-07,6.7766,7.3133,6.7363,6.7766,1.2082,14802158
1998-09-08,7.2462,7.3268,6.7766,7.2462,1.292,19630736
1998-09-09,6.79,7.2462,6.79,6.79,1.2106,22035554
1998-09-10,6.1593,6.7632,5.9312,6.1593,1.0982,54232266
1998-09-11,5.8372,6.1459,5.5958,5.8372,1.0408,27121792
1998-09-14,6.0117,6.3069,5.9043,6.0117,1.0719,26286733
1998-09-15,5.8775,6.0117,5.542,5.8775,1.0479,23121394
1998-09-16,6.2264,6.3472,6.0653,6.2264,1.1102,20301410
1998-09-17,5.7836,6.0251,5.6629,5.7836,1.0312,14193328
1998-09-18,5.7701,5.8239,5.4884,5.7701,1.0288,17304745
1998-09-21,5.3945,5.6897,5.3675,5.3945,0.9618,11547837
1998-09-22,5.8239,5.9446,5.5287,5.8239,1.0384,24828003
1998-09-23,6.4008,6.4679,6.0385,6.4008,1.1413,18109024
1998-09-24,6.3874,6.8705,6.2398,6.3874,1.1389,20550318
1998-09-25,6.2533,6.3069,5.8239,6.2533,1.1149,15687583
1998-09-28,6.3874,6.6021,6.0385,6.3874,1.1389,8693327
1998-09-29,6.3606,6.4411,6.1995,6.3606,1.1341,6473641
1998-09-30,5.891,6.3069,5.7701,5.891,1.0503,9672289
1998-10-01,5.0187,5.6359,5.0187,5.0187,0.8948,32269737
1998-10-02,4.8845,5.2065,4.8308,4.8845,0.8709,30459961
1998-10-05,4.8308,5.2065,4.8308,4.8308,0.8613,20098256
1998-10-06,5.0858,5.22,4.9516,5.0858,0.9068,19114020
1998-10-07,4.9784,5.2334,4.9382,4.9784,0.8876,15183228
1998-10-08,5.0858,5.1261,4.7771,5.0858,0.9068,18498764
1998-10-09,5.3005,5.3005,5.0053,5.3005,0.9451,16488894
1998-10-13,5.6226,5.7299,5.4078,5.6226,1.0025,15718445
1998-10-14,5.797,5.797,5.4616,5.797,1.0336,9258044
1998-10-15,5.8775,5.9043,5.6359,5.8775,1.0479,12510932
1998-10-16,6.4411,6.4948,6.1191,6.4411,1.1484,31486072
1998-10-19,6.4948,6.5216,6.2801,6.4948,1.158,11445456
1998-10-20,6.8705,6.8839,6.4545,6.8705,1.225,17715939
1998-10-21,6.7497,6.8437,6.6424,6.7497,1.2035,12073266
1998-10-22,6.374,6.9107,6.3472,6.374,1.1365,10712650
1998-10-23,6.5216,6.5485,6.3606,6.5216,1.1628,21040778
1998-10-26,6.5887,6.6826,6.5485,6.5887,1.1748,5566596
1998-10-27,6.9242,7.0181,6.6021,6.9242,1.2346,12921550
1998-10-28,6.5753,6.7632,6.535,6.5753,1.1724,6409096
1998-10-29,6.6021,6.8034,6.535,6.6021,1.1771,24507780
1998-10-30,6.9242,6.9645,6.7497,6.9242,1.2346,22206733
1998-11-02,7.3536,7.3536,7.0852,7.3536,1.3178,9334975
1998-11-03,7.1389,7.5146,7.112,7.1389,1.2793,30315580
1998-11-04,7.4475,7.4743,7.3133,7.4475,1.3346,11072992
1998-11-05,7.461,7.4878,7.3133,7.461,1.337,6232040
1998-11-06,7.622,7.7024,7.5414,7.622,1.3659,10038928
1998-11-09,7.5146,7.783,7.461,7.5146,1.3466,6565729
1998-11-10,7.1523,7.5549,7.0718,7.1523,1.2817,10529065
1998-11-11,7.0449,7.3268,7.0449,7.0449,1.2625,8446789
1998-11-12,6.8974,6.9913,6.8303,6.8974,1.236,11498178
1998-11-13,6.6961,7.0047,6.6558,6.6961,1.1999,10784774
1998-11-16,6.9376,6.9913,6.79,6.9376,1.2432,9046890
1998-11-17,6.8705,6.951,6.8437,6.8705,1.2312,6280256
1998-11-18,6.8437,7.0316,6.8034,6.8437,1.2264,9268768
1998-11-19,7.1791,7.2597,6.9107,7.1791,1.2865,11649508
1998-11-20,7.3671,7.4342,7.3,7.3671,1.3202,12332954
1998-11-23,7.4475,7.5549,7.3804,7.4475,1.3346,11089864
1998-11-24,7.5414,7.6756,7.4475,7.5414,1.3514,12277968
1998-11-25,7.5281,7.5817,7.4475,7.5281,1.349,5902183
1998-11-26,7.8769,7.9037,7.5682,7.8769,1.4116,11929229
1998-11-27,8.1453,8.1856,7.7427,8.1453,1.4597,18456589
1998-11-30,7.9172,8.4137,7.8635,7.9172,1.4188,19866087
1998-12-01,7.4475,7.7562,7.3804,7.4475,1.3346,16529382
1998-12-02,7.3939,7.6756,7.3939,7.3939,1.325,15450455
1998-12-03,7.2462,7.6756,7.1523,7.2462,1.2985,21800804
1998-12-04,7.3401,7.3536,7.0449,7.3401,1.3154,13509405
1998-12-07,7.3401,7.4475,7.273,7.3401,1.3154,8214083
1998-12-09,7.4207,7.4342,7.2865,7.4207,1.3298,7709864
1998-12-10,7.3133,7.4878,7.3,7.3133,1.3106,6132689
1998-12-11,7.0718,7.1926,7.0316,7.0718,1.2673,10873035
1998-12-14,7.112,7.2059,6.9242,7.112,1.2745,12009990
1998-12-15,7.0449,7.2597,7.0316,7.0449,1.2625,7890329
1998-12-16,7.0047,7.273,7.0047,7.0047,1.2553,10121171
1998-12-17,6.8974,7.112,6.8839,6.8974,1.236,9558443
1998-12-18,6.9645,6.9913,6.8437,6.9645,1.248,9293661
1998-12-21,7.3401,7.3804,6.9913,7.3401,1.3154,8495047
1998-12-22,7.5013,7.5146,7.3401,7.5013,1.3442,8342899
1998-12-23,7.6623,7.7024,7.5013,7.6623,1.3731,12039696
1998-12-28,7.7427,7.8501,7.7159,7.7427,1.3875,12246838
1998-12-29,7.6085,7.8098,7.5952,7.6085,1.3635,10937196
1998-12-30,7.5682,7.7159,7.5549,7.5682,1.3563,9146715
1999-01-04,8.0326,8.0518,7.703,8.0326,1.4395,12774293
1999-01-05,8.0646,8.1226,7.9217,8.0646,1.4452,12710064
1999-01-07,7.5198,8.2165,7.3814,7.5198,1.3476,20232517
1999-01-08,7.618,7.8011,7.5422,7.618,1.3652,10710220
1999-01-11,7.435,7.7253,7.3233,7.435,1.3324,8910975
1999-01-12,7.2475,7.4483,7.2162,7.2475,1.2988,14017371
1999-01-13,6.3767,7.0108,6.1624,6.3767,1.1427,30756884
1999-01-14,6.5374,6.5732,6.2294,6.5374,1.1715,22789871
1999-01-18,7.5153,7.5153,7.3725,7.5153,1.3468,18688589
1999-01-19,7.7163,7.9931,7.4885,7.7163,1.3828,39956193
1999-01-20,7.7476,7.8325,7.6448,7.7476,1.3884,14064311
1999-01-21,7.435,7.6717,7.3814,7.435,1.3324,12518129
1999-01-22,7.3233,7.368,6.9795,7.3233,1.3124,13227810
1999-01-25,7.301,7.3233,7.0063,7.301,1.3084,10885164
1999-01-26,7.31,7.4975,7.1447,7.31,1.31,20298064
1999-01-27,7.4216,7.5065,7.3055,7.4216,1.33,11042585
1999-01-28,7.5778,7.5778,7.301,7.5778,1.358,7627343
1999-01-29,7.5913,7.6895,7.4618,7.5913,1.3604,23465119
1999-02-01,7.3858,7.6761,7.2787,7.3858,1.3297,23995104
1999-02-02,7.377,7.3948,7.2028,7.377,1.3281,6552380
1999-02-03,7.6047,7.6538,7.2519,7.6047,1.3691,10016368
1999-02-04,7.4662,7.7073,7.3903,7.4662,1.3442,10449961
1999-02-05,7.6315,7.694,7.368,7.6315,1.3739,7809922
1999-02-08,7.493,7.6002,7.435,7.493,1.349,12678236
1999-02-09,7.4797,7.5422,7.368,7.4797,1.3466,9988500
1999-02-10,7.368,7.4395,7.2921,7.368,1.3265,6843761
1999-02-11,7.4127,7.444,7.3233,7.4127,1.3345,5406072
1999-02-12,7.4797,7.694,7.4483,7.4797,1.3466,11548321
1999-02-15,7.7253,7.7253,7.5243,7.7253,1.3908,8504816
1999-02-16,7.703,7.7833,7.6583,7.703,1.3868,9645024
1999-02-17,7.7118,7.7655,7.636,7.7118,1.3884,7127971
1999-02-18,7.7698,7.7878,7.5913,7.7698,1.3988,11308098
1999-02-19,7.9173,7.9173,7.7476,7.9173,1.4254,16303970
1999-02-22,7.9931,7.9931,7.819,7.9931,1.439,8807913
1999-02-23,8.1182,8.1539,8.0245,8.1182,1.4615,15745480
1999-02-24,8.3058,8.337,8.0601,8.3058,1.4953,17804624
1999-02-25,8.1539,8.2834,8.145,8.1539,1.468,11309411
1999-02-26,8.0825,8.1495,8.0066,8.0825,1.4551,6462560
1999-03-01,7.9619,8.0468,7.9038,7.9619,1.4334,7201027
1999-03-02,7.8592,7.944,7.828,7.8592,1.4149,6884235
1999-03-03,7.8592,7.9931,7.819,7.8592,1.4149,5522983
1999-03-04,8.0512,8.0512,7.828,8.0512,1.4495,7394929
1999-03-05,8.2388,8.2968,8.0825,8.2388,1.4832,10393290
1999-03-08,8.2433,8.2968,8.1941,8.2433,1.484,7608805
1999-03-09,8.4844,8.4888,8.2834,8.4844,1.5275,20165331
1999-03-10,8.596,8.6719,8.4398,8.596,1.5475,11749331
1999-03-11,8.7613,8.7613,8.5826,8.7613,1.5773,11913116
1999-03-12,8.7969,8.8639,8.7523,8.7969,1.5837,13459905
1999-03-15,8.5916,8.7701,8.5781,8.5916,1.5467,7892023
1999-03-16,8.5558,8.663,8.5156,8.5558,1.5403,10032614
1999-03-17,8.3995,8.5111,8.3906,8.3995,1.5122,9572793
1999-03-18,8.4665,8.4799,8.2566,8.4665,1.5242,6569715
1999-03-19,8.5693,8.6808,8.5379,8.5693,1.5427,7380712
1999-03-22,8.6273,8.6541,8.4218,8.6273,1.5532,9513563
1999-03-23,8.3861,8.5871,8.3816,8.3861,1.5098,7290394
1999-03-24,8.3415,8.3683,8.1271,8.3415,1.5017,7578500
1999-03-25,8.5246,8.5648,8.2656,8.5246,1.5347,6737825
1999-03-26,8.3281,8.6094,8.2611,8.3281,1.4993,5487473
1999-03-29,8.5648,8.5916,8.2611,8.5648,1.5419,8351839
1999-03-30,8.5558,8.6541,8.2611,8.5558,1.5403,4840513
1999-03-31,8.4844,8.6541,8.4665,8.4844,1.5275,6559083
1999-04-06,8.8461,8.9086,8.5871,8.8461,1.5926,14791787
1999-04-07,8.8103,8.8461,8.7076,8.8103,1.5861,7116639
1999-04-08,8.9309,8.9309,8.7166,8.9309,1.6078,9617439
1999-04-09,9.0291,9.0604,8.8326,9.0291,1.6255,17830786
1999-04-12,9.0961,9.1989,8.9309,9.0961,1.6421,9212838
1999-04-13,9.3909,9.4087,9.2391,9.3909,1.6953,13138842
1999-04-14,9.4399,9.5204,9.3373,9.4399,1.7041,9734272
1999-04-15,9.5561,9.6454,9.3104,9.5561,1.7251,16875497
1999-04-16,9.6007,9.7882,9.3328,9.6007,1.7332,16731040
1999-04-22,9.1453,9.3774,8.9979,9.1453,1.6509,11913460
1999-04-23,9.1676,9.1989,9.0426,9.1676,1.655,5739379
1999-04-26,9.1676,9.2346,9.0872,9.1676,1.655,6249560
1999-04-27,9.2301,9.2881,9.1586,9.2301,1.6663,9236153
1999-04-28,9.1453,9.2346,9.0694,9.1453,1.6509,7603409
1999-04-29,9.1542,9.1766,9.0024,9.1542,1.6526,7327221
1999-04-30,9.1809,9.2167,9.1542,9.1809,1.6574,6419348
1999-05-03,9.2391,9.2391,9.1139,9.2391,1.6679,5201153
1999-05-04,9.1096,9.2301,9.0827,9.1096,1.6445,8783142
1999-05-05,9.1497,9.2078,9.0426,9.1497,1.6517,8171621
1999-05-06,9.1319,9.2792,9.1229,9.1319,1.6485,8159721
1999-05-07,9.2212,9.2703,9.0872,9.2212,1.6646,7673817
1999-05-10,9.2033,9.2078,9.0514,9.2033,1.6614,11969952
1999-05-11,9.1096,9.1899,9.0694,9.1096,1.6445,6671396
1999-05-12,9.0649,9.1989,9.0426,9.1899,1.659,6162733
1999-05-13,9.1542,9.2569,9.1229,9.2122,1.663,6121775
1999-05-14,9.1989,9.3864,9.0694,9.1408,1.6501,13028747
1999-05-17,9.0202,9.1274,8.9979,9.0649,1.6364,4810628
1999-05-18,9.1096,9.1497,8.9354,8.9801,1.6211,8929487
1999-05-19,8.9309,9.0559,8.855,9.0514,1.634,17711647
1999-05-20,9.0649,9.1006,8.9577,9.0024,1.6251,9558984
1999-05-21,8.9309,9.0514,8.8818,8.9309,1.6122,15430374
1999-05-24,8.9309,8.9889,8.8863,8.9086,1.6082,5580256
1999-05-25,8.855,8.9979,8.855,8.9086,1.6082,7936936
1999-05-26,8.9309,8.9666,8.8639,8.9666,1.6187,6362993
1999-05-27,8.9309,8.9756,8.8238,8.9131,1.609,7991407
1999-05-28,8.8282,8.9309,8.8282,8.9309,1.6122,7891769
1999-05-31,8.8863,8.9711,8.8326,8.9264,1.6114,3764959
1999-06-01,8.8416,8.9889,8.8416,8.9889,1.6227,10910230
1999-06-02,8.9756,9.0514,8.8594,8.9398,1.6139,9462032
1999-06-03,8.9533,9.1229,8.9533,9.1139,1.6453,9111777
1999-06-04,9.0649,9.2167,9.0336,9.1944,1.6598,14160390
1999-06-07,9.1542,9.1944,9.1006,9.1766,1.6566,9037534
1999-06-08,9.1989,9.3328,9.1989,9.2658,1.6727,13299668
1999-06-09,9.1989,9.2212,9.1363,9.1721,1.6558,13944872
1999-06-10,9.1096,9.1542,8.9443,8.9756,1.6203,7321306
1999-06-11,9.0202,9.0381,8.8684,9.0381,1.6316,8637815
1999-06-15,8.9309,9.1363,8.8863,8.9309,1.6122,8004323
1999-06-16,9.1096,9.2346,9.0738,9.1274,1.6477,9459823
1999-06-17,9.1989,9.2792,9.1721,9.1989,1.6606,10723569
1999-06-18,9.1989,9.3328,9.1721,9.3328,1.6848,10768961
1999-06-21,9.2881,9.3774,9.2524,9.2881,1.6767,7876324
1999-06-22,9.1989,9.2703,9.1363,9.2614,1.6719,22324133
1999-06-23,9.1989,9.2703,9.0827,9.2078,1.6622,5790060
1999-06-24,9.1096,9.3239,9.1006,9.1721,1.6558,9237019
1999-06-25,9.0471,9.1453,9.0471,9.0559,1.6348,9697683
1999-06-28,9.0202,9.1989,8.9756,9.1989,1.6606,7086251
1999-06-29,9.1006,9.2881,9.1006,9.2881,1.6767,8165448
1999-06-30,9.2881,9.3239,9.0113,9.0202,1.6284,14314214
1999-07-01,9.1453,9.3149,9.1453,9.2881,1.6767,8190823
1999-07-02,9.1453,9.2881,9.1453,9.2881,1.6767,6123060
1999-07-05,9.2881,9.3774,9.2524,9.3774,1.6929,5385969
1999-07-06,9.2881,9.3061,9.1631,9.2881,1.6767,6419820
1999-07-07,9.1989,9.2792,9.0738,9.1542,1.6526,8826520
1999-07-08,9.1096,9.1989,8.9398,9.0024,1.6251,7507266
1999-07-09,8.9666,9.1453,8.9666,9.1453,1.6509,6775116
1999-07-12,9.1096,9.1542,9.0202,9.1184,1.6461,4076908
1999-07-13,8.9309,9.0202,8.8148,8.9131,1.609,11301740
1999-07-14,8.7523,8.8773,8.6273,8.7076,1.5719,14275479
1999-07-15,8.663,8.8773,8.6094,8.7701,1.5832,9108504
1999-07-16,8.7523,8.8594,8.6987,8.7076,1.5719,15830542
1999-07-19,8.7076,8.9666,8.7076,8.9219,1.6106,6617700
1999-07-20,8.8416,8.9488,8.7255,8.8863,1.6042,14336992
1999-07-21,8.663,8.8148,8.6273,8.8148,1.5913,9155812
1999-07-22,8.7523,8.8059,8.5469,8.663,1.5639,8686757
1999-07-23,8.5736,8.6094,8.4308,8.5201,1.5381,9734218
1999-07-26,8.3951,8.4398,8.1271,8.3951,1.5155,10114143
1999-07-27,8.3951,8.4665,8.1986,8.1986,1.48,8463418
1999-07-28,8.3058,8.3861,8.2253,8.3146,1.501,12714698
1999-07-29,8.3058,8.3504,8.0914,8.1718,1.4752,12904789
1999-07-30,8.2165,8.2968,8.0914,8.279,1.4946,10320840
1999-08-02,8.1271,8.2075,7.9485,8.1361,1.4755,8791336
1999-08-03,8.1271,8.4218,8.02,8.1361,1.4755,8205047
1999-08-04,8.145,8.3593,8.145,8.3593,1.516,5965076
1999-08-05,8.2165,8.2611,8.0378,8.0378,1.4577,10623789
1999-08-06,8.1271,8.27,8.0378,8.0914,1.4674,7588200
1999-08-09,8.0378,8.3683,8.0289,8.3146,1.5079,5018782
1999-08-10,8.2165,8.3058,8.0468,8.1093,1.4706,6397839
1999-08-11,8.1271,8.3771,8.1182,8.3415,1.5127,4675088
1999-08-12,8.3951,8.4576,8.27,8.3236,1.5095,5842037
1999-08-13,8.3058,8.3504,8.1896,8.3058,1.5062,21888382
1999-08-16,8.3951,8.4129,8.1718,8.2433,1.4949,4767183
1999-08-17,8.1896,8.4844,8.1896,8.4398,1.5305,7126178
1999-08-18,8.4844,8.6541,8.4398,8.5736,1.5548,6569370
1999-08-19,8.5736,8.663,8.4576,8.5826,1.5564,6562551
1999-08-20,8.663,8.7523,8.6273,8.7166,1.5807,10151565
1999-08-23,8.7523,8.7613,8.5111,8.5379,1.5484,10949572
1999-08-24,8.5736,8.7523,8.5379,8.7344,1.584,7955443
1999-08-25,8.7523,8.8684,8.7434,8.8506,1.605,9307814
1999-08-26,8.8416,8.9131,8.6987,8.788,1.5937,6228093
1999-08-27,8.7076,8.8684,8.7076,8.8326,1.6018,4886143
1999-08-30,8.8416,8.8863,8.7701,8.8506,1.605,4260612
1999-08-31,8.7523,8.8059,8.4933,8.4933,1.5403,10535442
1999-09-01,8.5736,8.6987,8.5558,8.6808,1.5743,6878502
1999-09-02,8.5736,8.6808,8.3951,8.404,1.5241,11994444
1999-09-03,8.4844,8.7523,8.4218,8.7076,1.5791,17228791
1999-09-06,8.663,8.6808,8.4844,8.5558,1.5516,8686345
1999-09-07,8.5736,8.6719,8.4486,8.4844,1.5386,11662668
1999-09-08,8.3951,8.5379,8.3504,8.4486,1.5322,14489333
1999-09-09,8.4486,8.6898,8.4486,8.6898,1.5759,8278108
1999-09-10,8.663,8.7969,8.5379,8.7076,1.5791,7098739
1999-09-13,8.5736,8.7344,8.5469,8.6094,1.5613,3934574
1999-09-14,8.6005,8.788,8.6005,8.663,1.571,7554121
1999-09-15,8.6005,8.8773,8.6005,8.8148,1.5986,11414423
1999-09-16,8.663,8.8416,8.6273,8.7076,1.5791,24805415
1999-09-17,8.8416,8.9219,8.8059,8.8863,1.6115,37301428
1999-09-20,8.8416,8.9219,8.7523,8.7791,1.5921,16015354
1999-09-21,8.7523,8.788,8.6541,8.6898,1.5759,9931059
1999-09-22,8.6094,8.7701,8.6094,8.7166,1.5807,9802750
1999-09-23,8.6719,8.8952,8.6719,8.8238,1.6002,8878091
1999-09-24,8.6719,8.8863,8.6719,8.8238,1.6002,9778139
1999-09-27,8.7523,8.9131,8.7523,8.8952,1.6131,10222233
1999-09-28,8.788,8.9041,8.788,8.8238,1.6002,9694690
1999-09-29,8.8416,8.8594,8.6094,8.7255,1.5824,9295453
1999-09-30,8.5736,8.7166,8.529,8.6719,1.5726,14395598
1999-10-01,8.663,8.7344,8.4844,8.6451,1.5678,14079064
1999-10-04,8.5736,8.7344,8.5558,8.7344,1.584,6893506
1999-10-05,8.663,8.7434,8.6183,8.6808,1.5743,7710700
1999-10-06,8.5736,8.6361,8.5648,8.6183,1.5629,7856763
1999-10-07,8.663,8.7076,8.5379,8.6987,1.5775,8479221
1999-10-08,8.5916,8.6987,8.5916,8.6541,1.5694,5050575
1999-10-11,8.6094,8.6987,8.6094,8.6719,1.5726,4913832
1999-10-13,8.5736,8.6361,8.529,8.529,1.5467,8492490
1999-10-14,8.4844,8.5916,8.4576,8.4844,1.5386,8109029
1999-10-15,8.3951,8.4754,8.2253,8.3504,1.5143,10998935
1999-10-18,8.2165,8.3058,8.1093,8.2253,1.4917,9344996
1999-10-19,8.3058,8.4398,8.2521,8.4218,1.5273,12438061
1999-10-20,8.3951,8.6094,8.3058,8.5648,1.5532,8236898
1999-10-21,8.4844,8.529,8.3504,8.3861,1.5208,10688644
1999-10-22,8.4844,8.5379,8.4398,8.5023,1.5419,6338164
1999-10-25,8.4844,8.6094,8.2611,8.3236,1.5095,21140710
1999-10-26,8.27,8.4754,8.27,8.4398,1.5305,11668802
1999-10-27,8.3951,8.4576,8.3504,8.4129,1.5257,10686684
1999-10-28,8.3951,8.5916,8.3146,8.5916,1.5581,11516767
1999-10-29,8.663,8.8863,8.6451,8.8148,1.5986,26157942
1999-11-02,8.7523,8.8863,8.7255,8.8684,1.6152,11847892
1999-11-03,8.8416,9.1989,8.7701,9.1989,1.6754,17868728
1999-11-04,9.1096,9.6632,9.0649,9.4757,1.7258,26948119
1999-11-05,9.3328,9.5918,9.3328,9.5561,1.7404,17452896
1999-11-08,9.3061,9.6007,9.3061,9.6007,1.7486,9969464
1999-11-09,9.5561,9.7794,9.4846,9.565,1.742,14798986
1999-11-10,9.5561,9.7436,9.5561,9.7347,1.773,13654381
1999-11-11,9.7347,9.8151,9.6275,9.6989,1.7664,13003269
1999-11-12,9.7347,9.7794,9.5382,9.6186,1.7518,17139767
1999-11-15,9.5382,9.7704,9.5382,9.7704,1.7795,9430775
1999-11-16,9.6275,9.9134,9.6275,9.9134,1.8055,23950486
1999-11-17,9.9134,9.9312,9.7615,9.8776,1.799,8959574
1999-11-18,9.7347,9.8776,9.6901,9.7347,1.773,7931675
1999-11-19,9.7347,9.824,9.6007,9.6989,1.7664,9972366
1999-11-22,9.5561,9.8151,9.3953,9.4221,1.716,7932021
1999-11-23,9.4221,9.7079,9.4221,9.6454,1.7567,9872995
1999-11-24,9.6454,9.7526,9.6454,9.7526,1.7762,7435453
1999-11-25,9.7347,9.8507,9.7079,9.8329,1.7908,9235856
1999-11-26,9.824,9.8865,9.7347,9.8687,1.7973,12622042
1999-11-29,9.7347,9.8419,9.6186,9.6364,1.7551,7685170
1999-11-30,9.6454,9.8687,9.5293,9.7436,1.7746,20750644
1999-12-01,9.7436,9.8329,9.7436,9.7972,1.7843,13649422
1999-12-02,9.7347,9.7794,9.5739,9.6454,1.7567,11492776
1999-12-03,9.5561,9.7704,9.4667,9.6007,1.7486,11774833
1999-12-07,9.6007,9.8062,9.6007,9.7794,1.7811,20594934
1999-12-09,9.824,9.949,9.7882,9.949,1.812,22783385
1999-12-10,9.8507,10.0919,9.8507,10.0919,1.838,14600673
1999-12-13,9.9134,10.083,9.8865,10.0205,1.825,11098519
1999-12-14,9.9222,10.1366,9.9222,9.9759,1.8169,15751518
1999-12-15,9.9134,10.0026,9.7257,9.8954,1.8022,14414877
1999-12-16,9.9134,10.0919,9.8329,10.0562,1.8315,16576599
1999-12-17,10.0919,10.7975,10.0919,10.6367,1.9372,34667973
1999-12-20,10.3599,10.5742,10.3599,10.4313,1.8998,9848989
1999-12-21,10.2705,10.3509,9.9759,10.0741,1.8348,11759466
1999-12-22,10.0026,10.1812,10.0026,10.0115,1.8234,9429938
1999-12-23,10.0205,10.2527,10.0205,10.1366,1.8461,8500946
1999-12-27,10.1812,10.342,10.0472,10.1634,1.851,6726791
1999-12-28,10.1812,10.2437,9.824,9.958,1.8136,6655024
1999-12-29,9.7882,10.0562,9.7882,10.0562,1.8315,5385829
1999-12-30,10.0384,10.2616,10.0384,10.0384,1.8283,23595002
2000-01-03,10.2705,10.3062,10.0472,10.1634,1.851,9033105
2000-01-04,10.0384,10.0919,9.8329,9.9222,1.8071,9047147
2000-01-05,9.7347,9.8597,9.6007,9.6811,1.7632,9583655
2000-01-07,9.7526,10.1366,9.7436,10.1098,1.8413,9860495
2000-01-10,10.1991,10.1991,9.9312,10.0205,1.825,6928548
2000-01-11,10.0026,10.0205,9.5114,9.6811,1.7632,15703435
2000-01-12,9.5739,9.5918,9.4311,9.5918,1.7469,12375290
2000-01-13,9.6454,9.6544,9.3864,9.5114,1.7323,11339515
2000-01-14,9.5561,9.8329,9.4846,9.7615,1.7778,16167695
2000-01-17,9.9134,9.9312,9.4221,9.5025,1.7307,32466779
2000-01-18,9.4667,9.4667,8.9666,9.0202,1.6428,20631631
2000-01-19,8.9398,9.0291,8.8148,9.0202,1.6428,21220790
2000-01-20,9.1096,9.3596,9.0738,9.2078,1.677,12085343
2000-01-21,9.2703,9.3507,8.8684,8.9219,1.6249,18744372
2000-01-24,9.0202,9.1989,8.9309,9.0202,1.6428,10159673
2000-01-25,8.9309,9.0381,8.8773,9.0202,1.6428,16269272
2000-01-26,9.1363,9.2792,9.0202,9.2524,1.6851,23249722
2000-01-27,9.3507,9.3596,9.1542,9.2792,1.69,51521470
2000-01-28,9.3239,9.3239,8.9577,8.9934,1.6379,13454028
2000-01-31,9.0202,9.1274,8.8863,8.9934,1.6472,51053995
2000-02-01,9.1721,9.1721,8.9577,9.1006,1.6668,11954783
2000-02-02,9.1809,9.1899,8.9756,9.1006,1.6668,10959329
2000-02-03,9.1274,9.3239,9.0202,9.2256,1.6897,11702210
2000-02-04,9.3328,9.4132,9.2078,9.3061,1.7044,14271623
2000-02-07,9.4132,9.5918,9.3507,9.5918,1.7568,12802892
2000-02-08,9.6097,9.8151,9.4846,9.7526,1.7862,12562345
2000-02-09,9.824,9.824,9.4311,9.5739,1.7535,11211592
2000-02-10,9.4936,9.5739,9.2524,9.3774,1.7175,9391262
2000-02-11,9.3774,9.3864,8.7969,8.8684,1.6243,17857838
2000-02-14,9.2167,9.6632,8.8863,9.2971,1.7028,27458863
2000-02-15,9.4221,9.7436,9.3328,9.4489,1.7306,21892889
2000-02-16,9.6722,9.949,9.5204,9.9222,1.8173,34575021
2000-02-17,9.8507,10.0741,9.8329,9.9134,1.8157,17259245
2000-02-18,9.9222,9.958,9.6632,9.6632,1.7699,18832246
2000-02-21,9.6007,9.8954,9.5561,9.8329,1.8009,9164537
2000-02-22,9.824,9.958,9.5918,9.6989,1.7764,11903687
2000-02-23,9.7794,9.9134,9.6007,9.9134,1.8157,9657321
2000-02-24,9.824,9.9044,9.6007,9.6454,1.7666,11379887
2000-02-25,9.6722,9.8597,9.6007,9.7079,1.778,10211389
2000-02-28,9.7347,9.7882,9.5829,9.6544,1.7682,9793130
2000-02-29,9.6989,9.9134,9.6544,9.7347,1.7829,7699255
2000-03-01,9.7794,9.7972,9.6186,9.7169,1.7797,9386184
2000-03-02,9.7704,9.8954,9.7436,9.8687,1.8075,14507484
2000-03-03,9.958,10.0472,9.7347,9.7704,1.7895,17246278
2000-03-06,9.9312,9.9312,9.7347,9.7347,1.7829,12686948
2000-03-07,9.7526,9.8687,9.6632,9.6989,1.7764,10303715
2000-03-08,9.6544,9.8687,9.6454,9.7794,1.7911,9455132
2000-03-09,9.7882,9.958,9.7347,9.8507,1.8042,15201270
2000-03-10,9.949,9.9937,9.7972,9.9937,1.8304,61551557
2000-03-13,10.0472,10.1366,9.7169,9.949,1.8222,15408979
2000-03-14,10.0026,10.083,9.8776,10.083,1.8467,24105744
2000-03-15,9.9401,10.2259,9.9134,10.1634,1.8615,34341866
2000-03-16,10.2527,10.3599,10.208,10.333,1.8925,16958941
2000-03-17,10.4581,10.717,10.3777,10.592,1.94,25177601
2000-03-20,10.5385,10.7082,10.5385,10.5832,1.9383,20610383
2000-03-21,10.5027,10.601,10.2259,10.4492,1.9138,11319425
2000-03-22,10.4492,10.5832,10.2437,10.342,1.8942,13294771
2000-03-23,10.3599,10.467,10.1366,10.1634,1.8615,10736444
2000-03-24,10.1544,10.3867,10.0919,10.2974,1.886,5696271
2000-03-27,10.1902,10.2974,10.0919,10.1991,1.868,6493026
2000-03-28,10.1544,10.4402,10.1366,10.3777,1.9007,8057815
2000-03-29,10.2795,10.3955,10.1902,10.2795,1.8827,5212560
2000-03-30,10.1812,10.2527,10.0652,10.1455,1.8582,8710080
2000-03-31,10.0562,10.1366,10.0294,10.0294,1.8369,26513744
2000-04-03,10.0294,10.1544,9.9401,10.0472,1.8402,8049685
2000-04-04,10.083,10.3599,10.0741,10.1544,1.8598,21656650
2000-04-05,10.1723,10.2705,9.8776,9.9847,1.8287,13150271
2000-04-06,10.0026,10.0026,9.6901,9.6989,1.7764,22089007
2000-04-07,9.8151,9.9222,9.7526,9.8954,1.8124,11357519
2000-04-10,9.9222,10.083,9.8062,10.0741,1.8451,8856134
2000-04-11,9.9134,10.083,9.9134,9.9222,1.8173,9196302
2000-04-12,10.083,10.1455,9.8954,10.0115,1.8337,8051581
2000-04-13,9.9937,10.2974,9.9759,10.2527,1.8778,12014327
2000-04-14,10.2259,10.3599,9.9759,10.0919,1.8484,11404939
2000-04-17,9.7347,9.9847,9.5829,9.9401,1.8206,28393301
2000-04-18,10.0026,10.0562,9.7079,9.8597,1.8058,9531313
2000-04-19,9.9134,9.9312,9.7436,9.7436,1.7846,16126754
2000-04-20,9.7972,10.083,9.7347,10.0294,1.8369,23473069
2000-04-25,9.9401,10.1812,9.8687,10.1544,1.8598,12152183
2000-04-26,10.2616,10.3152,10.1009,10.2259,1.8729,8469217
2000-04-27,10.2259,10.2259,9.8865,9.9759,1.8271,9940864
2000-04-28,10.0472,10.2705,9.9847,10.2437,1.8762,25314388
2000-05-02,10.2259,10.4402,10.1634,10.4402,1.9308,8316758
2000-05-03,10.2795,10.4045,9.9847,10.0026,1.8498,10192513
2000-05-04,9.9937,10.2527,9.9759,10.1544,1.8887,10729447
2000-05-05,10.1366,10.2616,9.958,9.958,1.8522,7453527
2000-05-08,9.9759,10.0562,9.9134,10.0205,1.8638,7940891
2000-05-09,9.9669,9.9847,9.7347,9.7526,1.814,14406003
2000-05-10,9.6989,9.7794,9.3596,9.4132,1.7509,15822914
2000-05-11,9.2881,9.6364,9.1989,9.6364,1.7924,12015217
2000-05-12,9.6007,9.7257,9.4132,9.5739,1.7808,6877582
2000-05-15,9.5918,9.6275,9.3774,9.4846,1.7641,11560674
2000-05-16,9.6364,9.7169,9.5471,9.5918,1.7841,9724932
2000-05-17,9.6007,9.6186,9.1989,9.2434,1.7193,16065074
2000-05-18,9.2881,9.4399,9.2434,9.3417,1.7376,15053094
2000-05-19,9.3328,9.3507,8.9756,9.1631,1.7043,12856077
2000-05-22,9.1542,9.3061,8.9845,9.0202,1.6778,8312211
2000-05-23,9.1453,9.1721,8.9309,9.0649,1.6861,8880177
2000-05-24,8.9756,9.1363,8.9666,9.0559,1.6844,8526809
2000-05-25,9.1274,9.3686,9.0291,9.3686,1.7425,8584983
2000-05-26,9.1631,9.2881,9.1096,9.1899,1.7093,5962775
2000-05-29,9.2078,9.3239,9.0649,9.1631,1.7043,6495508
2000-05-30,9.2346,9.3686,9.0827,9.3061,1.7309,8816851
2000-05-31,9.3864,9.4311,9.2078,9.3864,1.7459,8429337
2000-06-01,9.3328,9.7347,9.3149,9.7347,1.8107,10308871
2000-06-02,9.6544,9.824,9.565,9.7169,1.8073,14540572
2000-06-05,9.8151,9.824,9.6722,9.7257,1.809,8327615
2000-06-06,9.7347,9.7436,9.3507,9.4399,1.7558,11216447
2000-06-07,9.4132,9.6097,9.2256,9.6007,1.7857,10113774
2000-06-08,9.6811,9.7347,9.565,9.6901,1.8023,8844749
2000-06-09,9.6901,9.7347,9.4846,9.4846,1.7641,9534688
2000-06-12,9.5561,9.5829,9.2434,9.3774,1.7442,7858257
2000-06-13,9.4579,9.5471,9.3328,9.3507,1.7392,7981800
2000-06-14,9.3953,9.5293,9.3061,9.4667,1.7608,12554087
2000-06-15,9.4042,9.6275,9.3596,9.6275,1.7907,13091677
2000-06-16,9.6007,9.7347,9.4757,9.7347,1.8107,28466571
2000-06-19,9.6722,9.6989,9.4757,9.5918,1.7841,8372177
2000-06-20,9.6364,9.6454,9.5114,9.5114,1.7691,9231921
2000-06-21,9.4757,9.5561,9.3507,9.3774,1.7442,10909865
2000-06-22,9.4667,9.6811,9.4311,9.6454,1.794,8803704
2000-06-23,9.6722,9.7257,9.4667,9.5561,1.7774,6487845
2000-06-26,9.6007,9.7704,9.565,9.7079,1.8057,7688023
2000-06-27,9.5829,9.7526,9.5829,9.7347,1.8107,6382087
2000-06-28,9.7257,9.7615,9.6364,9.7257,1.809,8191656
2000-06-29,9.6989,9.7079,9.4846,9.6186,1.7891,22347612
2000-06-30,9.6544,9.8687,9.5829,9.8687,1.8356,16916457
2000-07-03,9.7882,9.8687,9.6989,9.8151,1.8256,8641015
2000-07-04,9.7436,10.1187,9.7436,10.0472,1.8688,11821919
2000-07-05,10.0026,10.2705,9.8329,9.8419,1.8306,31190928
2000-07-06,9.8507,10.0562,9.8507,9.958,1.8522,11286789
2000-07-07,10.0294,10.1187,9.9044,10.1098,1.8804,8239979
2000-07-10,10.0472,10.1812,10.0294,10.1098,1.8804,14769730
2000-07-11,10.0919,10.1723,9.9044,10.0562,1.8705,19054500
2000-07-12,9.8329,10.0115,9.8329,9.958,1.8522,40695790
2000-07-13,9.9134,10.0652,9.8507,10.0384,1.8671,38731081
2000-07-14,9.9669,10.0741,9.9669,10.0472,1.8688,26777438
2000-07-17,10.0472,10.0562,9.8865,9.9312,1.8472,17910524
2000-07-18,9.8954,10.0294,9.8954,9.958,1.8522,20379300
2000-07-19,9.9134,10.0115,9.9134,9.9847,1.8572,10465465
2000-07-20,10.0115,10.0294,9.949,10.0205,1.8638,10857223
2000-07-21,9.9669,10.0294,9.8776,9.9401,1.8489,11408720
2000-07-24,9.949,10.0652,9.9044,10.0652,1.8721,14809521
2000-07-25,10.0294,10.1098,9.958,9.958,1.8522,14962467
2000-07-26,9.9847,10.1009,9.958,10.0384,1.8671,13885201
2000-07-27,10.0115,10.0384,9.9312,10.0115,1.8621,11290731
2000-07-28,9.958,10.0026,9.9312,9.949,1.8505,10876086
2000-07-31,9.9134,9.949,9.8329,9.949,1.862,12042693
2000-08-01,9.9312,9.9759,9.8865,9.9222,1.857,9987339
2000-08-02,9.9044,10.0472,9.8954,10.0294,1.8771,9781359
2000-08-03,9.9847,10.0919,9.9847,10.0294,1.8771,12292162
2000-08-04,10.0741,10.083,10.0472,10.0652,1.8837,8123237
2000-08-07,10.0472,10.2616,10.0472,10.2616,1.9205,13711351
2000-08-08,10.2616,10.4938,10.2259,10.333,1.9339,20110958
2000-08-09,10.3599,10.5295,10.333,10.4134,1.9489,15746405
2000-08-10,10.3599,10.4581,10.342,10.3688,1.9406,8263029
2000-08-11,10.333,10.5652,10.2437,10.5652,1.9773,11662002
2000-08-14,10.5385,10.6545,10.5295,10.6189,1.9874,10766634
2000-08-15,10.6189,10.7707,10.6099,10.7707,2.0158,12398294
2000-08-16,10.735,10.994,10.735,10.994,2.0576,22650406
2000-08-17,10.9493,10.994,10.8689,10.9761,2.0542,11603348
2000-08-18,10.994,11.3333,10.994,11.2262,2.101,27608664
2000-08-21,11.1011,11.2083,10.9761,11.0475,2.0676,9017443
2000-08-22,10.985,11.0475,10.86,11.0475,2.0676,12175080
2000-08-23,10.994,11.0386,10.7528,10.994,2.0576,11229103
2000-08-24,10.8868,10.9582,10.6725,10.6725,1.9974,9272948
2000-08-25,10.6457,10.8332,10.6457,10.7707,2.0158,6179354
2000-08-28,10.8243,10.8243,10.6903,10.717,2.0058,4756223
2000-08-29,10.7528,10.7617,10.5117,10.5385,1.9723,8256739
2000-08-30,10.5832,10.8064,10.4581,10.7975,2.0208,10605686
2000-08-31,10.851,10.851,10.6992,10.8064,2.0225,10496860
2000-09-01,10.8064,10.8243,10.5652,10.6278,1.989,12387759
2000-09-04,10.7082,10.7082,10.5207,10.5295,1.9707,6208891
2000-09-05,10.5207,10.6903,10.476,10.6545,1.9941,10797590
2000-09-06,10.6635,10.726,10.6189,10.6189,1.9874,8459734
2000-09-07,10.6992,10.8064,10.6189,10.7975,2.0208,10841272
2000-09-08,10.7617,10.7975,10.5474,10.6545,1.9941,10930570
2000-09-11,10.6545,10.8957,10.6457,10.8957,2.0392,11527526
2000-09-12,10.8957,10.9225,10.8064,10.8957,2.0392,15260755
2000-09-13,10.86,10.8957,10.7439,10.8243,2.0258,10987869
2000-09-14,10.8422,11.1637,10.7797,11.1637,2.0893,16943388
2000-09-15,11.0386,11.244,11.0029,11.2083,2.0977,44414968
2000-09-18,11.1547,11.1905,10.9225,10.9225,2.0442,17538848
2000-09-19,10.8153,10.9135,10.726,10.9135,2.0425,12848496
2000-09-20,10.9582,10.985,10.7885,10.8332,2.0275,11900495
2000-09-21,10.8689,10.9135,10.6814,10.735,2.0091,14725870
2000-09-22,10.6635,11.11,10.5832,11.11,2.0793,17722675
2000-09-25,11.0833,11.1905,11.0029,11.0743,2.0726,15130646
2000-09-26,11.0297,11.1458,10.9582,11.0386,2.0659,9198510
2000-09-27,11.0386,11.119,10.9493,10.985,2.0559,8762338
2000-09-28,10.985,11.1637,10.8153,11.1547,2.0877,12617985
2000-09-29,11.0743,11.1637,11.0029,11.11,2.0793,10931324
2000-10-02,10.985,11.1458,10.985,11.0833,2.0743,10469004
2000-10-03,11.128,11.1547,11.0297,11.1458,2.086,9045485
2000-10-04,11.0297,11.0654,10.8332,10.8957,2.0392,12690614
2000-10-05,10.8778,11.1905,10.8778,11.1637,2.0893,14994570
2000-10-06,11.0743,11.1993,10.9582,11.0297,2.0643,8748667
2000-10-09,10.9493,10.9761,10.6278,10.6992,2.0024,10828554
2000-10-10,10.8064,10.9225,10.6725,10.9135,2.0425,16672529
2000-10-11,10.7528,10.8064,10.3599,10.3599,1.9389,21792535
2000-10-13,10.1812,10.2705,9.7972,10.1544,1.9005,31513583
2000-10-16,10.3509,10.3509,10.1009,10.1723,1.9038,14943877
2000-10-17,10.2349,10.5742,10.217,10.3867,1.9439,15006766
2000-10-18,10.2705,10.4581,9.9401,10.0026,1.872,19098953
2000-10-19,10.1812,10.3867,10.0115,10.3867,1.9439,14578998
2000-10-20,10.4492,10.6725,10.2974,10.4492,1.9556,23257824
2000-10-23,10.467,10.5207,10.1634,10.1634,1.9021,7629300
2000-10-24,10.2705,10.6814,10.2437,10.6814,1.9991,12027436
2000-10-25,10.5385,10.6992,10.2349,10.4581,1.9573,11135747
2000-10-26,10.3599,10.4313,9.8776,9.8776,1.8486,22329472
2000-10-27,10.0472,10.0472,9.7347,10.0384,1.8787,30450849
2000-10-30,10.1812,10.2349,9.9312,10.0562,1.8821,8266233
2000-10-31,10.1812,10.4402,10.1723,10.1991,1.9205,19773164
2000-11-02,10.4402,10.6814,10.3152,10.6814,2.0113,18425537
2000-11-03,10.6278,10.8064,10.5474,10.6278,2.0013,17196131
2000-11-06,10.6635,10.717,10.467,10.6189,1.9996,11482380
2000-11-07,10.601,10.601,10.4045,10.5832,1.9928,9166274
2000-11-08,10.5832,10.6992,10.333,10.3599,1.9508,10756576
2000-11-09,10.2884,10.467,10.1009,10.1812,1.9172,9591462
2000-11-10,10.208,10.2884,9.9222,10.0026,1.8835,17090794
2000-11-13,9.9937,10.1812,9.8329,10.1009,1.902,9327238
2000-11-14,10.1366,10.5385,10.083,10.5117,1.9794,12450636
2000-11-15,10.4313,10.6278,10.2437,10.5385,1.9844,13710971
2000-11-16,10.4224,10.5027,10.2349,10.3599,1.9508,9373466
2000-11-17,10.2527,10.5385,10.0205,10.0205,1.8869,17768931
2000-11-20,10.1187,10.1812,9.1721,9.3328,1.7574,53058632
2000-11-21,9.1184,9.5025,8.9398,9.3328,1.7574,37309200
2000-11-22,9.4221,9.6007,9.0649,9.0649,1.707,26368985
2000-11-23,9.1096,9.2881,9.0738,9.1989,1.7322,13898939
2000-11-24,9.3686,9.6454,9.3061,9.4936,1.7877,14594896
2000-11-27,9.6544,9.7615,9.3061,9.3686,1.7641,13345381
2000-11-28,9.3774,9.4489,9.0827,9.2078,1.7339,14890680
2000-11-29,9.1989,9.5114,9.1096,9.4936,1.7877,19374296
2000-11-30,9.4667,9.4667,9.0471,9.1006,1.7137,22842205
2000-12-01,9.1809,9.2792,9.1274,9.1809,1.7288,16243065
2000-12-04,9.1542,9.1899,8.7701,8.8059,1.6582,20554503
2000-12-05,8.8773,9.2881,8.8326,9.2434,1.7406,22839620
2000-12-07,9.2434,9.7347,9.1899,9.6275,1.8129,26564699
2000-12-11,9.7704,10.1366,9.7704,10.0919,1.9003,29393147
2000-12-12,9.9759,10.3777,9.958,9.958,1.8751,23379903
2000-12-13,10.0472,10.1723,9.9134,9.9134,1.8667,23889351
2000-12-14,9.9134,9.9669,9.6364,9.7882,1.8432,12873706
2000-12-15,9.6632,9.6901,9.4042,9.4846,1.786,29237377
2000-12-18,9.4846,9.7347,9.3328,9.3774,1.7658,14989220
2000-12-19,9.4399,9.8151,9.4132,9.7882,1.8432,16641529
2000-12-20,9.5025,9.7169,9.2346,9.2434,1.7406,13404830
2000-12-21,9.2881,9.6007,9.1721,9.4757,1.7843,16459126
2000-12-22,9.4221,9.6007,9.3239,9.5918,1.8062,16050850
2000-12-27,9.4846,9.8865,9.4846,9.8597,1.8566,12782095
2000-12-28,9.8329,9.9847,9.824,9.9759,1.8785,9316049
2000-12-29,10.0026,10.1991,10.0026,10.1812,1.9172,15605204
2001-01-02,10.0741,10.2616,9.8776,9.9759,1.8785,8454199
2001-01-03,9.8419,10.0294,9.6989,9.9759,1.8785,14818442
2001-01-04,10.4938,10.6457,10.3777,10.5563,1.9878,31452035
2001-01-05,10.5295,10.7707,10.4134,10.5832,1.9928,24674725
2001-01-08,10.467,10.7797,10.4313,10.7797,2.0298,35635772
2001-01-09,10.5385,10.6903,10.4045,10.592,1.9945,18942400
2001-01-10,10.5832,10.717,10.467,10.6635,2.008,17820811
2001-01-11,10.5832,10.7617,10.5832,10.717,2.0181,18354011
2001-01-12,10.6903,10.8778,10.6903,10.7885,2.0315,20995130
2001-01-15,10.7439,10.8332,10.6814,10.8243,2.0383,15130077
2001-01-16,10.7528,10.8064,10.6099,10.7617,2.0265,12109841
2001-01-17,10.717,11.0297,10.717,10.985,2.0685,23665781
2001-01-18,10.8868,11.128,10.8153,11.0565,2.082,19205738
2001-01-19,11.0475,11.1011,10.3242,10.4581,1.9693,43966555
2001-01-22,10.5385,10.6992,10.476,10.5385,1.9844,14869622
2001-01-23,10.592,10.8153,10.3688,10.8153,2.0366,20644727
2001-01-24,10.851,10.8778,10.6545,10.8778,2.0483,18789952
2001-01-25,10.7707,10.985,10.7707,10.8422,2.0416,13528010
2001-01-26,10.717,10.8153,10.601,10.717,2.0181,12927211
2001-01-29,10.8064,10.8064,10.1812,10.3242,1.9441,25533261
2001-01-30,10.3599,10.4581,10.2349,10.4402,1.9659,18421527
2001-01-31,10.4402,10.717,10.342,10.5385,1.9962,19032754
2001-02-01,10.5295,10.717,10.4313,10.6903,2.0249,16460324
2001-02-02,10.6278,10.6545,10.3152,10.3509,1.9606,11110201
2001-02-05,10.2795,10.4402,10.2349,10.4313,1.9759,8606928
2001-02-06,10.4045,10.4134,10.2705,10.3509,1.9606,14859135
2001-02-07,10.2795,10.5742,10.1812,10.5474,1.9979,12951520
2001-02-08,10.5117,10.6903,10.4581,10.6278,2.0131,9976530
2001-02-09,10.5385,10.5742,10.4045,10.5207,1.9928,11296814
2001-02-12,10.4492,10.717,10.4045,10.717,2.03,14673184
2001-02-13,10.717,10.717,10.5832,10.717,2.03,10849069
2001-02-14,10.6635,10.717,10.333,10.342,1.959,11162024
2001-02-15,10.4045,10.6635,10.3955,10.6189,2.0114,14428817
2001-02-16,10.6457,10.6457,10.3242,10.5474,1.9979,10336825
2001-02-19,10.4402,10.6457,10.4402,10.6278,2.0131,6817235
2001-02-20,10.592,10.6278,10.1991,10.1991,1.9319,10809348
2001-02-21,10.2884,10.3867,10.0384,10.1544,1.9234,14962467
2001-02-22,9.9134,10.1187,9.7972,9.8687,1.8693,28399339
2001-02-23,10.0384,10.0384,9.6007,9.8776,1.871,22938682
2001-02-26,9.8776,10.0741,9.8329,9.9847,1.8913,12709311
2001-02-27,10.0919,10.1009,9.8329,9.9937,1.893,26679490
2001-02-28,9.9222,10.1455,9.8687,9.9222,1.8794,22154352
2001-03-01,9.958,9.958,9.6722,9.6989,1.8372,17907582
2001-03-02,9.7794,9.9134,9.6811,9.8507,1.8659,10134631
2001-03-05,9.8329,10.0472,9.824,10.0472,1.9031,12425652
2001-03-06,10.0741,10.2616,10.0026,10.1366,1.92,11665284
2001-03-07,10.1366,10.208,9.9937,10.208,1.9336,15229328
2001-03-08,10.2616,10.333,10.1544,10.1544,1.9234,9228084
2001-03-09,10.1366,10.2527,9.9937,10.1634,1.9251,15515669
2001-03-12,10.0652,10.0741,9.7526,9.7615,1.849,16106490
2001-03-13,9.7347,9.8062,9.5739,9.7347,1.8439,17898411
2001-03-14,9.8419,9.8597,9.2881,9.5382,1.8067,23092577
2001-03-15,9.6275,9.6364,9.3507,9.5561,1.8101,19016952
2001-03-16,9.4936,9.565,9.1989,9.1989,1.7424,26232493
2001-03-19,9.2792,9.3507,9.1631,9.2256,1.7475,12697768
2001-03-20,9.2078,9.4042,9.0649,9.0649,1.717,14519621
2001-03-21,9.0202,9.0471,8.7255,8.7791,1.6629,31967533
2001-03-22,8.7523,8.8238,8.3236,8.3236,1.5766,32564548
2001-03-23,8.4933,8.7434,8.4486,8.6273,1.6342,23222602
2001-03-26,8.8952,9.0559,8.7613,8.9666,1.6984,19669120
2001-03-27,8.9219,9.2881,8.8863,9.2881,1.7593,22950996
2001-03-28,9.3061,9.3149,8.9131,9.0559,1.7154,23850900
2001-03-29,9.0559,9.1989,8.8238,9.1721,1.7373,17685696
2001-03-30,9.0916,9.3507,9.0738,9.2434,1.7509,14974378
2001-04-02,9.3328,9.3417,9.0291,9.2703,1.756,14788582
2001-04-03,9.1006,9.1809,8.7791,8.7791,1.6629,24138795
2001-04-04,8.7791,9.0916,8.4486,9.0916,1.7221,37758369
2001-04-05,9.0559,9.3239,9.0559,9.2792,1.7576,28981110
2001-04-06,9.2792,9.4311,9.0291,9.2881,1.7593,14855327
2001-04-09,9.1899,9.4221,9.1453,9.4221,1.7847,12192092
2001-04-10,9.4399,9.5829,9.3149,9.5561,1.8101,14497222
2001-04-11,9.5561,9.6811,9.4311,9.6722,1.8321,14193335
2001-04-12,9.6722,9.7704,9.5739,9.7704,1.8507,6752987
2001-04-17,9.5918,9.6901,9.4221,9.6901,1.8355,13051483
2001-04-18,9.7347,9.958,9.7169,9.9044,1.8761,17722972
2001-04-19,10.0472,10.0652,9.8419,9.9134,1.8778,21259952
2001-04-20,9.8687,9.9669,9.4667,9.4757,1.7949,22542271
2001-04-23,9.3774,9.4132,9.1721,9.1721,1.7373,24839535
2001-04-24,9.1899,9.4042,9.1899,9.3328,1.7678,23279015
2001-04-25,9.2792,9.3061,9.0559,9.2524,1.7526,17783180
2001-04-26,9.3239,9.7347,9.3239,9.7257,1.8422,34491893
2001-04-27,9.6901,10.0115,9.6364,9.9134,1.8778,47998216
2001-04-30,9.8507,10.0472,9.8151,10.0026,1.9081,17704085
2001-05-02,10.0026,10.0472,9.7079,9.7436,1.8587,17389081
2001-05-03,9.824,9.8865,9.5382,9.5918,1.8297,13230814
2001-05-04,9.6454,9.8062,9.4846,9.6722,1.8451,14648021
2001-05-07,9.7704,9.8687,9.7079,9.7169,1.8536,7294073
2001-05-08,9.6722,9.8687,9.6632,9.7079,1.8519,8797799
2001-05-09,9.6454,9.8776,9.5561,9.8687,1.8825,18132908
2001-05-10,9.8776,10.1991,9.8776,10.1098,1.9285,24109624
2001-05-11,10.0562,10.1723,9.8865,10.0026,1.9081,14348357
2001-05-14,9.949,9.9937,9.824,9.9312,1.8945,13835219
2001-05-15,9.949,10.0472,9.824,10.0472,1.9166,7283213
2001-05-16,9.9134,9.9937,9.7972,9.958,1.8996,18693098
2001-05-17,10.0294,10.1812,10.0205,10.1098,1.9285,20735544
2001-05-18,10.1277,10.1991,10.0652,10.1455,1.9354,19101812
2001-05-21,10.0562,10.1009,9.9134,10.0741,1.9217,9739516
2001-05-22,10.1098,10.1544,9.8597,9.9401,1.8962,19325952
2001-05-23,9.9134,10.083,9.8597,10.083,1.9234,11578957
2001-05-24,9.958,10.0205,9.8954,9.9759,1.903,10023540
2001-05-25,9.9937,9.9937,9.6544,9.8151,1.8723,15278562
2001-05-28,9.8151,9.9312,9.7436,9.8865,1.8859,5026297
2001-05-29,9.8954,9.9312,9.7526,9.7882,1.8672,10823205
2001-05-30,9.7794,9.9401,9.7615,9.8062,1.8706,13754143
2001-05-31,9.7615,10.0472,9.7347,10.0472,1.9166,16096786
2001-06-01,9.9847,9.9847,9.8419,9.8419,1.8774,11259621
2001-06-04,9.9312,10.0741,9.9044,10.0472,1.9166,11544471
2001-06-05,10.0026,10.0741,9.8954,10.0652,1.92,11028067
2001-06-06,10.083,10.1277,10.0026,10.0562,1.9183,7185048
2001-06-07,10.0562,10.0919,9.9401,9.9669,1.9013,11082695
2001-06-08,10.0384,10.1277,9.9937,10.0115,1.9098,10246995
2001-06-11,9.958,10.0741,9.9312,10.0294,1.9132,12252988
2001-06-12,10.0384,10.0384,9.8151,9.824,1.874,15674725
2001-06-13,9.9044,9.958,9.8151,9.9134,1.8911,12219082
2001-06-14,9.8687,9.9312,9.8597,9.9312,1.8945,8413112
2001-06-15,9.8419,9.9759,9.7526,9.8865,1.8859,29771608
2001-06-18,9.7347,9.7704,9.4221,9.4757,1.8076,27962497
2001-06-19,9.5382,9.6454,9.4311,9.565,1.8246,27520459
2001-06-20,9.6186,9.6901,9.4221,9.6901,1.8485,21765579
2001-06-21,9.7169,9.7169,9.4579,9.4936,1.811,29916619
2001-06-22,9.5382,9.6811,9.3953,9.5025,1.8127,23892259
2001-06-25,9.4757,9.6454,9.4399,9.4667,1.8059,17110760
2001-06-26,9.4757,9.5471,9.2881,9.3953,1.7922,20633598
2001-06-27,9.4667,9.6007,9.4667,9.4846,1.8093,22212686
2001-06-28,9.5471,9.5739,9.2524,9.4936,1.811,35423117
2001-06-29,9.5918,9.6097,9.3507,9.5561,1.8229,33924881
2001-07-02,9.5739,9.9759,9.5293,9.9134,1.8911,28033406
2001-07-03,10.0026,10.0026,9.7436,9.824,1.874,27497952
2001-07-04,9.6901,9.7526,9.5025,9.5382,1.8195,25226125
2001-07-05,9.4667,9.6186,9.4042,9.4667,1.8059,18165082
2001-07-06,9.3596,9.4311,8.8506,8.8506,1.6883,49707235
2001-07-09,8.9219,9.0916,8.7076,9.0202,1.7207,49236187
2001-07-10,9.2434,9.3239,8.9845,9.0471,1.7258,34881244
2001-07-11,8.7791,8.9219,8.529,8.5916,1.6389,38646008
2001-07-12,8.8416,8.8773,8.3771,8.4844,1.6185,42655766
2001-07-13,8.663,8.9666,8.4398,8.7523,1.6696,41499463
2001-07-16,8.7523,8.8238,8.5916,8.6987,1.6594,14168671
2001-07-17,8.6541,8.9488,8.6361,8.8238,1.6832,25157362
2001-07-18,8.9309,8.9488,8.5023,8.5558,1.6321,25746130
2001-07-19,8.5826,8.7613,8.4754,8.7613,1.6713,45005398
2001-07-20,8.6898,8.7701,8.5648,8.7434,1.6679,19002691
2001-07-23,8.7076,9.0291,8.6719,8.8416,1.6866,22094085
2001-07-24,8.7969,8.8773,8.7076,8.7523,1.6696,24650628
2001-07-25,8.7523,8.8238,8.404,8.4129,1.6048,25987805
2001-07-26,8.5111,8.5916,8.4129,8.4933,1.6202,23715051
2001-07-27,8.5648,8.6183,8.4129,8.529,1.627,22920957
2001-07-30,8.6361,8.8863,8.5826,8.8416,1.6866,19336558
2001-07-31,8.788,9.0113,8.663,8.9756,1.7258,20020273
2001-08-01,8.9934,9.1006,8.8952,8.9845,1.7275,14200097
2001-08-02,8.9041,9.1453,8.8863,9.0024,1.7309,26505403
2001-08-03,9.0559,9.0738,8.9309,8.9309,1.7172,11759398
2001-08-06,8.9131,9.1184,8.9131,9.0649,1.743,14266356
2001-08-07,9.0291,9.0649,8.8863,8.9934,1.7292,21176610
2001-08-08,8.9845,8.9934,8.8148,8.8594,1.7035,12122974
2001-08-09,8.7969,8.8773,8.6361,8.6719,1.6674,13602075
2001-08-10,8.7523,8.8594,8.4398,8.5916,1.6519,16281752
2001-08-13,8.6898,8.8863,8.6361,8.8326,1.6983,19485352
2001-08-14,8.9041,9.0738,8.8416,8.9398,1.7189,14954032
2001-08-16,8.8684,8.9219,8.6719,8.8863,1.7086,17449396
2001-08-17,8.9398,9.0024,8.5111,8.5736,1.6485,28756518
2001-08-20,8.6005,8.6183,8.3951,8.5826,1.6502,14365216
2001-08-21,8.6451,8.7791,8.5736,8.5736,1.6485,13715681
2001-08-22,8.663,8.9131,8.5648,8.8148,1.6949,22626620
2001-08-23,8.9131,9.0381,8.8684,8.9934,1.7292,22325497
2001-08-24,9.0202,9.2346,8.9756,9.2346,1.7756,19032778
2001-08-27,9.2434,9.3774,9.1989,9.2881,1.7859,10652346
2001-08-28,9.2881,9.3507,9.0291,9.1274,1.755,17346467
2001-08-29,9.0471,9.3149,8.9934,9.2346,1.7756,18322703
2001-08-30,9.2167,9.2881,8.9041,8.9219,1.7155,39854568
2001-08-31,8.8952,9.0649,8.7969,8.9577,1.7224,17102147
2001-09-03,9.0559,9.0559,8.7344,8.8506,1.7017,14872754
2001-09-04,8.9488,9.0559,8.7969,8.9845,1.7275,15466957
2001-09-05,8.8863,8.9309,8.6898,8.7613,1.6846,20553365
2001-09-06,8.8238,8.8506,8.5201,8.5379,1.6416,23000954
2001-09-07,8.5111,8.5736,8.3236,8.3951,1.6142,34494242
2001-09-10,8.3683,8.4398,8.0468,8.2075,1.5781,24828857
2001-09-11,8.2433,8.3771,7.4395,7.9128,1.5214,31105425
2001-09-12,7.3144,8.1182,7.3144,7.7073,1.4819,32063548
2001-09-13,7.6448,7.7878,7.5377,7.6806,1.4768,19264368
2001-09-14,7.5913,7.7698,6.9215,6.9215,1.3308,31696082
2001-09-17,6.859,7.368,6.5642,7.368,1.4167,35190258
2001-09-18,7.1625,7.2698,6.9215,7.1447,1.3738,28319274
2001-09-19,7.1805,7.2519,6.8322,6.9929,1.3446,35499401
2001-09-20,7.0108,7.0733,6.591,6.6446,1.2776,36069118
2001-09-21,6.5195,6.6089,6.0016,6.1891,1.19,51958945
2001-09-24,6.4124,6.9393,6.4124,6.8143,1.3102,39773470
2001-09-25,6.9215,7.1894,6.716,7.0733,1.36,41558916
2001-09-26,7.0465,7.4395,6.975,7.109,1.3669,53111994
2001-09-27,7.0465,7.4752,7.0018,7.4752,1.4373,43200308
2001-09-28,7.5823,7.6895,7.5109,7.5198,1.4459,35635050
2001-10-01,7.5645,7.5645,7.1,7.2698,1.3978,24375156
2001-10-02,7.2698,7.4662,7.109,7.4216,1.427,53013647
2001-10-03,7.2965,7.4395,7.1447,7.3144,1.4064,47611606
2001-10-04,7.4216,7.6448,7.3412,7.6448,1.4699,51571241
2001-10-05,7.4127,7.5288,7.1715,7.2787,1.3995,64048794
2001-10-08,7.1447,7.4127,6.9304,7.3412,1.4115,25375570
2001-10-09,7.2877,7.5198,7.234,7.4127,1.4253,15169073
2001-10-10,7.3502,7.7788,7.243,7.7698,1.494,27415583
2001-10-11,7.8413,8.1271,7.7073,7.7342,1.4871,34365818
2001-10-15,7.6806,7.8771,7.4752,7.5913,1.4596,25031702
2001-10-16,7.6806,8.011,7.636,7.8771,1.5146,25574274
2001-10-17,8.011,8.3326,7.9575,8.2611,1.5884,40771475
2001-10-18,8.0646,8.2253,8.02,8.1808,1.573,26138842
2001-10-19,8.1718,8.1808,7.7788,7.8413,1.5077,25660072
2001-10-22,7.9396,8.1271,7.8325,8.0735,1.5523,34663121
2001-10-23,8.2165,8.3326,8.1628,8.2968,1.5953,29267663
2001-10-24,8.1808,8.5736,8.1808,8.5469,1.6434,32329055
2001-10-25,8.5201,8.6183,8.1718,8.2521,1.5867,24797098
2001-10-26,8.3593,8.3951,8.1539,8.2611,1.5884,20722468
2001-10-29,8.27,8.3058,7.8325,7.9396,1.5266,37794446
2001-10-30,7.6806,7.7163,7.5198,7.5466,1.451,39453091
2001-10-31,7.502,7.8503,7.4395,7.636,1.4819,31721376
2001-11-01,7.627,7.8592,7.502,7.8056,1.5148,17231046
2001-11-02,7.886,7.9575,7.6091,7.761,1.5062,29040737
2001-11-05,7.8145,8.2611,7.7967,8.1896,1.5894,24909803
2001-11-06,8.3236,8.404,8.2253,8.3683,1.624,28922871
2001-11-07,8.2165,8.4218,8.1718,8.3861,1.6275,21829833
2001-11-08,8.3951,8.7344,8.3683,8.5736,1.6639,26166710
2001-11-09,8.4576,8.5469,8.2521,8.404,1.631,18776535
2001-11-12,8.404,8.4486,8.0468,8.2611,1.6032,18442941
2001-11-13,8.3593,8.8773,8.3504,8.7791,1.7038,29653269
2001-11-14,8.8594,9.1096,8.7166,8.9309,1.7332,30978046
2001-11-15,8.9219,9.1274,8.5826,8.8416,1.7159,33014833
2001-11-16,8.7076,8.9219,8.6094,8.9131,1.7298,19122265
2001-11-19,8.8773,9.1096,8.8773,9.0381,1.754,15702676
2001-11-20,9.0202,9.0291,8.6987,8.7969,1.7072,21821518
2001-11-21,8.6451,8.7791,8.5558,8.6898,1.6864,24523155
2001-11-22,8.7523,8.7969,8.6005,8.6005,1.6691,13529611
2001-11-23,8.663,8.7969,8.5736,8.7791,1.7038,26655633
2001-11-26,8.8684,8.9131,8.663,8.7523,1.6986,27583348
2001-11-27,8.8238,8.8952,8.5201,8.5648,1.6622,36064621
2001-11-28,8.529,8.6898,8.4844,8.4844,1.6466,37201739
2001-11-29,8.404,8.5379,8.2433,8.3504,1.6206,31765379
2001-11-30,8.4218,8.5201,8.3058,8.5023,1.65,39541999
2001-12-03,8.3058,8.5201,8.1271,8.5201,1.6535,20662450
2001-12-04,8.5379,8.7434,8.4665,8.7255,1.6934,40584563
2001-12-05,8.7613,9.1542,8.7613,9.0916,1.7644,29417563
2001-12-07,9.1542,9.3061,8.9577,8.9577,1.7384,43941655
2001-12-10,8.8863,8.8863,8.6808,8.7969,1.7072,14547714
2001-12-11,8.7076,9.0202,8.5826,8.9756,1.7419,64350974
2001-12-12,9.0649,9.0738,8.7791,8.8684,1.7211,21653018
2001-12-13,8.9131,8.9488,8.529,8.6094,1.6708,32119317
2001-12-14,8.5469,8.6808,8.4576,8.5201,1.6535,23069420
2001-12-17,8.529,8.9041,8.4398,8.7791,1.7038,36936054
2001-12-18,8.8148,8.9577,8.6183,8.7523,1.6986,44379058
2001-12-19,8.5826,8.6361,8.1718,8.2968,1.6102,86440932
2001-12-20,8.0378,8.1986,7.8771,8.0557,1.5634,62930446
2001-12-21,8.011,8.1628,7.9396,8.0378,1.5599,74765714
2001-12-27,8.1003,8.4129,8.0557,8.3951,1.6292,41357447
2001-12-28,8.3771,8.4844,8.3236,8.404,1.631,39083965
2002-01-02,8.2253,8.5201,8.1539,8.4129,1.6327,30192198
2002-01-03,8.3861,8.6183,8.3593,8.5379,1.657,27789027
2002-01-04,8.5201,8.6094,8.2611,8.5916,1.6674,48610533
2002-01-07,8.3504,8.5736,8.1003,8.2165,1.5946,65980066
2002-01-08,8.1718,8.4218,8.145,8.3415,1.6188,27189368
2002-01-09,8.2433,8.3771,8.011,8.2611,1.6032,36606126
2002-01-10,8.1718,8.1986,7.886,7.9931,1.5512,59007329
2002-01-11,8.0021,8.1986,7.9663,8.0468,1.5616,58555828
2002-01-14,7.9485,7.9753,7.6985,7.7788,1.5096,47905657
2002-01-15,7.7788,8.1628,7.636,8.1182,1.5755,48471043
2002-01-16,7.9843,8.0646,7.7698,7.886,1.5304,54520970
2002-01-17,7.9485,8.1628,7.9396,8.0735,1.5668,28035684
2002-01-18,8.02,8.1539,7.9217,8.1093,1.5738,26442122
2002-01-21,8.0825,8.1808,7.9931,7.9931,1.5512,24555745
2002-01-22,8.011,8.3236,7.9128,8.2165,1.5946,29446819
2002-01-23,8.1271,8.2075,8.0021,8.1808,1.5876,59832301
2002-01-24,8.2611,8.3683,8.1718,8.3326,1.6171,58653458
2002-01-25,8.3146,8.3683,8.2165,8.3326,1.6171,39888807
2002-01-28,8.3146,8.4754,8.3146,8.4486,1.6396,31784859
2002-01-29,8.4398,8.5023,8.3058,8.3326,1.6171,26887223
2002-01-30,8.1808,8.2253,8.0825,8.1628,1.5842,19747182
2002-01-31,8.2165,8.2521,8.0557,8.0557,1.5768,19630123
2002-02-01,8.1718,8.3326,8.0914,8.3236,1.6293,38733324
2002-02-04,8.1896,8.1896,8.0378,8.1361,1.5926,53937561
2002-02-05,8.0378,8.0557,7.7342,7.8413,1.5349,28390726
2002-02-06,7.895,7.9575,7.6538,7.6895,1.5052,28364531
2002-02-07,7.7163,7.895,7.6448,7.895,1.5454,16499960
2002-02-08,7.8592,7.9396,7.752,7.7698,1.5209,21876553
2002-02-11,7.8771,7.9663,7.7073,7.8235,1.5314,21602777
2002-02-12,7.9485,7.9663,7.7073,7.8235,1.5314,29681065
2002-02-13,7.7967,7.9396,7.6091,7.8771,1.5419,32044410
2002-02-14,7.895,8.1003,7.7878,8.0825,1.5821,34068774
2002-02-15,8.0825,8.1271,7.886,7.9038,1.5471,48886554
2002-02-18,7.8771,8.0289,7.8235,7.8235,1.5314,19473724
2002-02-19,7.8145,7.8503,7.6806,7.6806,1.5034,26666478
2002-02-20,7.7073,7.8056,7.636,7.6895,1.5052,21481114
2002-02-21,7.8145,7.8681,7.7253,7.7431,1.5156,17624076
2002-02-22,7.6895,7.752,7.6448,7.6985,1.5069,18896097
2002-02-25,7.752,7.8503,7.6627,7.8145,1.5296,13616525
2002-02-26,7.895,7.9843,7.7967,7.9038,1.5471,46793940
2002-02-27,7.9753,8.2343,7.9485,8.2343,1.6118,30389964
2002-02-28,8.1271,8.3504,8.0557,8.2343,1.6118,51191294
2002-03-01,8.2343,8.3771,8.1808,8.3415,1.6328,16255296
2002-03-04,8.4486,8.5916,8.4486,8.5736,1.6782,59800964
2002-03-05,8.5558,8.7969,8.404,8.5648,1.6765,35163577
2002-03-06,8.5111,8.6541,8.5023,8.6183,1.687,34763619
2002-03-07,8.663,8.788,8.5379,8.6183,1.687,46765444
2002-03-08,8.5916,8.7344,8.4754,8.5201,1.6677,32816900
2002-03-11,8.5648,8.5916,8.3326,8.4129,1.6468,28753838
2002-03-12,8.3593,8.4218,8.2879,8.3771,1.6398,19420019
2002-03-13,8.4398,8.6094,8.4129,8.5379,1.6712,27431254
2002-03-14,8.4844,8.5736,8.3951,8.4933,1.6625,19330935
2002-03-15,8.4933,8.663,8.4486,8.663,1.6957,38412496
2002-03-18,8.6541,8.7076,8.6183,8.7076,1.7044,19585908
2002-03-19,8.7255,8.8684,8.6987,8.8684,1.7359,15706828
2002-03-20,8.8059,8.8863,8.7523,8.8326,1.7289,24917218
2002-03-21,8.7613,8.7969,8.663,8.7166,1.7062,24683302
2002-03-22,8.7344,8.788,8.6273,8.6898,1.701,17118934
2002-03-25,8.5826,8.6808,8.4844,8.4844,1.6607,29169861
2002-03-26,8.4398,8.4844,8.3504,8.4665,1.6572,30629469
2002-03-27,8.4576,8.5201,8.3593,8.5023,1.6642,49181332
2002-03-28,8.5736,8.7076,8.5379,8.5736,1.6782,22188982
2002-04-02,8.5826,8.6541,8.4844,8.5736,1.6782,41977346
2002-04-03,8.5111,8.7344,8.4308,8.6808,1.6992,18826730
2002-04-04,8.6005,8.7166,8.4754,8.5201,1.6677,46279447
2002-04-05,8.5558,8.6361,8.4933,8.5379,1.6712,19082451
2002-04-08,8.5648,8.5648,8.2433,8.3771,1.6398,28157061
2002-04-09,8.4398,8.4933,8.3593,8.4754,1.659,25843034
2002-04-10,8.4844,8.6183,8.4218,8.5916,1.6817,23839074
2002-04-11,8.663,8.6808,8.4218,8.4398,1.652,23916459
2002-04-12,8.5469,8.5916,8.4308,8.5558,1.6747,47596183
2002-04-15,8.5826,8.663,8.4844,8.663,1.6957,43980287
2002-04-16,8.663,8.9041,8.6451,8.8863,1.7394,47726729
2002-04-17,8.9309,9.0024,8.8773,8.9666,1.7551,45887414
2002-04-18,8.9666,9.0649,8.8952,8.9756,1.7569,30042146
2002-04-19,9.0381,9.2167,8.9756,9.2167,1.8041,50851804
2002-04-22,9.0916,9.1631,9.0291,9.1631,1.7936,22344479
2002-04-23,9.1274,9.3507,9.1184,9.3507,1.8303,64627185
2002-04-24,9.2256,9.3239,9.1274,9.1899,1.7988,48180120
2002-04-25,9.1096,9.1809,8.8952,8.9488,1.7516,44753328
2002-04-26,9.0113,9.1184,8.9041,8.9756,1.7569,43729560
2002-04-29,8.9309,9.1006,8.7344,9.0738,1.7761,49397297
2002-04-30,8.9934,9.2167,8.9756,9.1809,1.8088,35680085
2002-05-02,9.2881,9.3328,9.1542,9.2167,1.8158,45644329
2002-05-03,9.1899,9.3417,9.1631,9.2881,1.8299,72245235
2002-05-06,9.2346,9.3061,9.0559,9.0559,1.7841,16536951
2002-05-07,9.0024,9.0202,8.788,8.9131,1.756,60188044
2002-05-08,8.9666,9.2167,8.8863,9.1989,1.8123,44931000
2002-05-09,9.2434,9.2792,9.0381,9.0649,1.7859,20966966
2002-05-10,9.0291,9.0559,8.8148,8.8594,1.7454,27373229
2002-05-13,8.8684,9.0202,8.7344,9.0113,1.7753,18285486
2002-05-14,9.0738,9.2167,8.9666,9.1631,1.8053,43617996
2002-05-15,9.1721,9.2434,9.1006,9.1899,1.8105,19903701
2002-05-16,8.9488,9.0559,8.8416,8.9488,1.763,38200195
2002-05-17,9.0291,9.0381,8.9309,8.9756,1.7683,41118228
2002-05-20,8.9845,9.0291,8.7969,8.8506,1.7437,34798164
2002-05-21,8.8059,8.8863,8.7613,8.7613,1.7261,38793343
2002-05-22,8.7523,8.8148,8.663,8.663,1.7067,41150102
2002-05-23,8.7344,8.8238,8.6987,8.7076,1.7155,45856244
2002-05-24,8.7791,8.8506,8.7166,8.7969,1.7331,16582519
2002-05-27,8.7434,8.8952,8.7434,8.8684,1.7472,10008693
2002-05-28,8.8773,8.9041,8.7255,8.7701,1.7278,12880670
2002-05-29,8.7791,8.9131,8.7434,8.7791,1.7296,31012261
2002-05-30,8.788,8.8059,8.6273,8.7076,1.7155,37162400
2002-05-31,8.7969,8.8506,8.6808,8.8326,1.7402,21836358
2002-06-03,8.788,8.9041,8.7076,8.7255,1.719,12916427
2002-06-04,8.6719,8.6898,8.3951,8.4218,1.6592,32683006
2002-06-05,8.4754,8.4844,8.2879,8.3504,1.6451,37169126
2002-06-06,8.4218,8.4665,8.2611,8.3146,1.6381,43829427
2002-06-07,8.0914,8.145,7.9843,8.1271,1.6012,31858174
2002-06-10,8.1628,8.27,8.0378,8.0914,1.5941,14842110
2002-06-11,8.1808,8.1808,7.9843,8.0468,1.5853,32655175
2002-06-12,7.895,7.9931,7.7163,7.7431,1.5255,34511266
2002-06-13,7.8503,7.9396,7.6895,7.752,1.5273,25710066
2002-06-14,7.6985,7.7342,7.2251,7.502,1.478,39662318
2002-06-17,7.5735,7.7698,7.4573,7.7698,1.5308,24249093
2002-06-18,7.895,7.895,7.627,7.7431,1.5255,52137359
2002-06-19,7.5823,7.6091,7.4037,7.4573,1.4692,25575733
2002-06-20,7.4127,7.4573,7.243,7.359,1.4498,26080281
2002-06-21,7.2072,7.3233,7.0018,7.1447,1.4076,70311627
2002-06-24,7.0912,7.1447,6.591,6.6892,1.3179,54332704
2002-06-25,6.9125,7.0733,6.8143,7.0287,1.3847,40387177
2002-06-26,6.6982,7.0375,6.5642,7.0108,1.3812,34604729
2002-06-27,7.1269,7.1269,6.8768,6.9304,1.3654,62066912
2002-06-28,7.118,7.3055,7.0733,7.1805,1.4146,42990409
2002-07-01,7.118,7.368,6.9929,7.2251,1.4234,32577206
2002-07-02,7.1,7.1983,6.9662,6.9662,1.3724,48580472
2002-07-03,7.0554,7.1269,6.7429,6.8143,1.3425,26260669
2002-07-04,6.975,7.0643,6.8947,7.0643,1.3918,22059406
2002-07-05,7.1715,7.6985,7.1625,7.6985,1.5167,41461810
2002-07-08,7.636,7.7878,7.6002,7.7698,1.5308,45087221
2002-07-09,7.7698,7.8325,7.377,7.493,1.4762,31063192
2002-07-10,7.3948,7.4662,7.1625,7.1983,1.4182,51861269
2002-07-11,7.0733,7.1269,6.8857,7.0197,1.383,30012144
2002-07-12,7.2698,7.3233,6.9125,7.0108,1.3812,41187570
2002-07-15,7.0287,7.1269,6.5374,6.5464,1.2897,26524290
2002-07-16,6.8054,6.8143,6.2159,6.4035,1.2616,49368102
2002-07-17,6.4481,6.841,6.3677,6.8143,1.3425,34310389
2002-07-18,6.841,7.1447,6.7964,7.0197,1.383,31310301
2002-07-19,6.8322,6.8679,6.5464,6.6089,1.302,46167549
2002-07-22,6.5195,6.7607,6.2962,6.2962,1.2405,28159788
2002-07-23,6.4481,6.5821,6.207,6.2962,1.2405,70234584
2002-07-24,6.1981,6.3856,5.8944,6.1891,1.2193,13886636
2002-07-25,6.5553,6.6089,6.2517,6.4749,1.2756,58679581
2002-07-26,6.3589,6.457,6.1981,6.2159,1.2246,44811839
2002-07-29,6.2695,6.7339,6.0284,6.7339,1.3267,48784943
2002-07-30,6.5553,6.725,5.9926,6.0105,1.1842,86055207
2002-07-31,6.0552,6.2517,5.6086,5.6086,1.105,71645490
2002-08-01,5.6264,5.6801,5.3049,5.3586,1.0693,54079406
2002-08-02,5.5014,5.5818,5.3228,5.5371,1.1049,77682285
2002-08-05,5.6264,5.6889,5.2424,5.2424,1.0461,60865648
2002-08-06,5.1799,5.6622,5.0103,5.6264,1.1227,74731809
2002-08-07,5.6801,5.8051,5.4926,5.5818,1.1138,115643142
2002-08-08,6.073,6.1891,5.9391,6.0373,1.2047,76354279
2002-08-09,6.1177,6.1981,5.8051,5.9391,1.1851,45753271
2002-08-12,5.9391,5.9659,5.6622,5.6622,1.1298,23826497
2002-08-13,5.6889,5.7872,5.5551,5.7515,1.1477,23373414
2002-08-14,5.5639,5.6801,5.4121,5.4299,1.0835,36940241
2002-08-16,5.6622,5.7962,5.5371,5.7962,1.1566,57305849
2002-08-19,5.6354,6.2337,5.6354,6.2337,1.2439,25282132
2002-08-20,6.1624,6.2784,5.9837,6.0284,1.2029,27672181
2002-08-21,5.9837,6.2517,5.9569,6.0909,1.2154,25386816
2002-08-22,6.1981,6.3589,6.1712,6.3589,1.2689,34515277
2002-08-23,6.3677,6.3945,6.1891,6.2517,1.2475,26262711
2002-08-26,6.1624,6.2962,6.0909,6.1177,1.2207,9386166
2002-08-27,6.207,6.5285,6.1891,6.5285,1.3027,33199253
2002-08-28,6.3677,6.3945,6.1444,6.1624,1.2296,25200771
2002-08-29,6.1712,6.1981,5.8944,5.9569,1.1887,29823939
2002-08-30,6.0373,6.0819,5.9034,6.0819,1.2136,25980154
2002-09-02,6.073,6.073,5.9122,5.9569,1.1887,15982776
2002-09-03,5.9034,5.9212,5.6711,5.6711,1.1316,32337382
2002-09-04,5.6711,5.8051,5.5551,5.6801,1.1334,29660231
2002-09-05,5.7604,5.7694,5.4568,5.6264,1.1227,31734400
2002-09-06,5.6264,5.8141,5.5193,5.8051,1.1584,28142183
2002-09-09,5.7426,5.7604,5.6264,5.6444,1.1263,18427518
2002-09-10,5.7426,5.9034,5.7247,5.8766,1.1726,20546365
2002-09-11,5.9391,6.2695,5.8766,6.2695,1.251,43736451
2002-09-12,6.073,6.1891,5.8141,5.8141,1.1601,32107835
2002-09-13,5.8141,5.8408,5.5371,5.6444,1.1263,46804530
2002-09-16,5.6889,5.8229,5.5818,5.5907,1.1156,16399416
2002-09-17,5.8676,5.9659,5.6176,5.6176,1.1209,37317576
2002-09-18,5.5818,5.5907,5.3586,5.3586,1.0693,42519668
2002-09-19,5.4479,5.4926,5.2424,5.2424,1.0461,40621878
2002-09-20,5.2246,5.2603,4.9478,4.9478,0.9873,74821379
2002-09-23,4.9834,5.1353,4.6619,4.7423,0.9463,47739055
2002-09-24,4.7781,4.8673,4.4833,4.5637,0.9107,65752405
2002-09-25,4.4923,4.7959,4.403,4.5548,0.9089,59016889
2002-09-26,4.7245,4.912,4.6888,4.912,0.9802,48614639
2002-09-27,4.9031,5.0191,4.7155,4.8316,0.9641,51857795
2002-09-30,4.6888,4.6888,4.3851,4.6173,0.9213,63706992
2002-10-01,4.653,4.6798,4.4386,4.4565,0.8893,75342370
2002-10-02,4.6619,4.8584,4.5726,4.8584,0.9695,72826494
2002-10-03,4.6888,4.8941,4.6619,4.6976,0.9374,32165325
2002-10-04,4.7245,4.787,4.5011,4.5548,0.9089,38319769
2002-10-07,4.5101,4.6173,4.4386,4.4744,0.8928,53038449
2002-10-08,4.5101,4.6173,4.4208,4.4386,0.8857,79870372
2002-10-09,4.528,4.5369,4.2333,4.3583,0.8697,40424501
2002-10-10,4.26,4.6083,4.26,4.5994,0.9178,87755258
2002-10-11,4.5994,4.8673,4.5726,4.8406,0.9659,73440141
2002-10-14,4.8138,4.9924,4.6263,4.7334,0.9445,68104308
2002-10-15,4.8406,5.1799,4.7959,5.1799,1.0336,47143347
2002-10-16,5.0728,5.4032,5.0013,5.0817,1.014,43899553
2002-10-17,5.2246,5.3943,5.1531,5.3674,1.071,43968385
2002-10-18,5.4389,5.4836,5.1353,5.3049,1.0586,50746643
2002-10-21,5.2871,5.4479,5.2067,5.4479,1.0871,44041954
2002-10-22,5.4657,5.6354,5.4479,5.4926,1.096,65226275
2002-10-23,5.5282,5.5997,5.1799,5.2067,1.039,32774108
2002-10-24,5.3318,5.4389,5.2603,5.4211,1.0817,56615788
2002-10-25,5.3228,5.6264,5.2603,5.5818,1.1138,51486662
2002-10-28,5.7069,5.8676,5.6711,5.7247,1.1423,55633104
2002-10-29,5.6264,5.7694,5.4926,5.5014,1.0978,64105384
2002-10-30,5.5907,5.6264,5.3318,5.4299,1.0835,41147104
2002-10-31,5.4836,5.6622,5.3764,5.5282,1.1031,40945162
2002-11-04,5.6086,5.8051,5.5818,5.8051,1.1844,86104607
2002-11-05,5.7426,5.9837,5.7069,5.9569,1.2154,59382984
2002-11-06,6.073,6.0909,5.6711,5.8408,1.1917,57567328
2002-11-07,5.8319,5.8676,5.3943,5.5104,1.1243,47729778
2002-11-08,5.3854,5.5907,5.3764,5.4299,1.1079,36927879
2002-11-11,5.4299,5.4746,5.3049,5.4389,1.1097,25945830
2002-11-12,5.4299,5.5014,5.3049,5.4479,1.1116,24528292
2002-11-13,5.4121,5.4211,5.1889,5.3407,1.0897,30443080
2002-11-14,5.3586,5.5729,5.2246,5.5282,1.128,29490000
2002-11-15,5.5818,5.6264,5.5371,5.5371,1.1298,22526943
2002-11-18,5.5371,5.7247,5.5371,5.6622,1.1553,43228474
2002-11-19,5.5907,5.6176,5.5371,5.6176,1.1462,22818018
2002-11-20,5.6533,5.7158,5.5014,5.6086,1.1444,26365769
2002-11-21,5.7247,5.8944,5.7247,5.8944,1.2027,31900753
2002-11-22,5.8854,6.073,5.8408,6.0284,1.23,33368488
2002-11-25,6.1177,6.1802,6.0284,6.1624,1.2573,29855140
2002-11-26,6.207,6.2337,5.9837,6.0105,1.2264,34285845
2002-11-27,6.0016,6.3409,5.9212,6.3409,1.2938,33039094
2002-11-28,6.332,6.4214,6.2159,6.3499,1.2956,20767861
2002-11-29,6.3499,6.466,6.3231,6.4302,1.312,36121698
2002-12-02,6.3677,6.6803,6.3677,6.5374,1.3339,42095010
2002-12-03,6.4749,6.5642,6.3231,6.3409,1.2938,33456921
2002-12-04,6.3052,6.3142,6.0909,6.0909,1.2428,30144827
2002-12-05,6.1802,6.3767,5.9837,6.0641,1.2373,56555325
2002-12-09,6.0552,6.1444,5.8587,5.8766,1.199,39239165
2002-12-10,5.8319,6.0641,5.8229,5.9391,1.2118,32873750
2002-12-11,6.0373,6.207,5.8408,6.0284,1.23,59157552
2002-12-12,6.0641,6.1177,5.8944,5.8944,1.2027,30983089
2002-12-13,5.9301,5.9301,5.6176,5.6979,1.1626,41061222
2002-12-16,5.6711,6.0552,5.6354,6.0462,1.2336,25690621
2002-12-17,6.0284,6.1444,5.948,6.0284,1.23,30156466
2002-12-18,5.9837,6.0462,5.8587,5.8587,1.1954,25250574
2002-12-19,5.9747,5.9747,5.6711,5.7158,1.1662,32535979
2002-12-20,5.8141,5.9122,5.7426,5.8319,1.1899,65526764
2002-12-23,5.8587,5.9926,5.8587,5.9747,1.2191,19437863
2002-12-27,5.8229,6.0194,5.8229,5.8854,1.2008,37235801
2002-12-30,5.7962,5.8676,5.7158,5.8408,1.1917,40180930
2003-01-02,5.8497,6.1444,5.8408,6.1444,1.2537,27359087
2003-01-03,6.1444,6.1981,5.9659,5.9659,1.2172,46102961
2003-01-07,6.1712,6.2427,6.073,6.0999,1.2446,50725706
2003-01-08,6.0552,6.2784,6.0373,6.1712,1.2592,46081371
2003-01-09,6.1087,6.1981,5.9659,6.1624,1.2573,34040788
2003-01-10,6.1802,6.2962,6.0819,6.1981,1.2646,34058953
2003-01-13,6.2517,6.3677,6.2427,6.2962,1.2847,56522534
2003-01-14,6.332,6.3409,6.2159,6.3409,1.2938,52300127
2003-01-15,6.3767,6.4124,6.2427,6.3142,1.2883,27904757
2003-01-16,6.2159,6.3231,6.1891,6.3231,1.2901,31820046
2003-01-17,6.2517,6.2606,6.0016,6.0284,1.23,34731040
2003-01-20,5.9926,6.0819,5.948,5.9659,1.2172,44285428
2003-01-21,6.0284,6.1087,5.8229,5.8497,1.1936,27928710
2003-01-22,5.8497,5.8766,5.6086,5.6086,1.1444,40026615
2003-01-23,5.7158,5.8319,5.6176,5.6533,1.1535,50071115
2003-01-24,5.7336,5.8051,5.4926,5.5282,1.128,51421981
2003-01-27,5.5014,5.5461,5.3318,5.3318,1.0879,61906859
2003-01-28,5.4121,5.4479,5.2246,5.3049,1.0824,58470744
2003-01-29,5.2781,5.2961,5.0638,5.2424,1.0696,64173187
2003-01-30,5.2603,5.4032,5.1978,5.3139,1.0842,71070674
2003-01-31,5.1799,5.2603,5.0638,5.1353,1.0478,48096972
2003-02-03,5.2246,5.2693,5.1531,5.2067,1.0768,48465885
2003-02-04,5.2156,5.2246,5.0013,5.0013,1.0343,51534024
2003-02-05,5.0371,5.2781,4.9299,5.2514,1.086,101106976
2003-02-06,5.0817,5.2336,5.0103,5.0638,1.0473,36778849
2003-02-07,5.1085,5.1263,4.9388,5.0459,1.0436,28555038
2003-02-10,5.0906,5.0906,4.8853,4.8853,1.0103,29411867
2003-02-11,4.9834,5.1353,4.9566,5.1263,1.0602,34100346
2003-02-12,5.0459,5.0549,4.9478,4.9745,1.0288,29779640
2003-02-13,4.9388,5.0549,4.8763,4.912,1.0159,30933985
2003-02-14,4.9566,5.2424,4.9478,5.171,1.0694,25612595
2003-02-17,5.2961,5.3764,5.2781,5.3228,1.1008,20106178
2003-02-18,5.3318,5.4568,5.2603,5.4389,1.1248,58564611
2003-02-19,5.3943,5.4121,5.2603,5.2603,1.0879,29462454
2003-02-20,5.3139,5.3496,5.1263,5.1531,1.0657,29889238
2003-02-21,5.171,5.2424,5.0906,5.2424,1.0842,27769642
2003-02-24,5.3049,5.3049,5.0817,5.0817,1.0509,21790933
2003-02-25,5.0371,5.0371,4.8941,4.8941,1.0122,34183628
2003-02-26,4.9924,5.0281,4.8584,4.8941,1.0122,31948600
2003-02-27,4.9478,5.1353,4.8584,5.1353,1.062,57575725
2003-02-28,5.1085,5.3407,5.0281,5.3139,1.099,52960720
2003-03-03,5.3586,5.4389,5.2693,5.2871,1.0934,34843436
2003-03-04,5.2246,5.2246,5.0371,5.1174,1.0583,32503522
2003-03-05,5.0549,5.1353,5.0103,5.1174,1.0583,28011162
2003-03-06,5.1353,5.171,4.9834,5.0281,1.0399,59123741
2003-03-07,4.9656,4.9834,4.8584,4.8673,1.0066,65313886
2003-03-10,4.912,4.912,4.6888,4.6976,0.9715,28745274
2003-03-11,4.7245,4.787,4.6441,4.6976,0.9715,32680278
2003-03-12,4.6976,4.7513,4.4655,4.4744,0.9253,44820279
2003-03-13,4.5637,4.7691,4.519,4.7691,0.9863,41168625
2003-03-14,4.8495,5.2246,4.8226,5.1978,1.075,75721474
2003-03-17,4.9566,5.4389,4.9388,5.3586,1.1082,49270676
2003-03-18,5.3943,5.6086,5.3318,5.4389,1.1248,68109851
2003-03-19,5.4479,5.6264,5.3943,5.5104,1.1396,36106203
2003-03-20,5.4836,5.5551,5.2603,5.4389,1.1248,40432639
2003-03-21,5.4836,5.7604,5.4657,5.7604,1.1913,77448139
2003-03-24,5.5818,5.6354,5.3764,5.4389,1.1248,35042354
2003-03-25,5.3764,5.5729,5.2514,5.5639,1.1507,62539679
2003-03-26,5.6176,5.6979,5.4836,5.5818,1.1544,55534004
2003-03-27,5.4746,5.5371,5.3854,5.4299,1.123,42739761
2003-03-28,5.4568,5.4926,5.2871,5.4389,1.1248,24114083
2003-03-31,5.2693,5.2781,5.1621,5.2246,1.0805,54143219
2003-04-01,5.2781,5.3854,5.2514,5.3318,1.1027,31855565
2003-04-02,5.4389,5.6354,5.4299,5.5997,1.1581,61624069
2003-04-03,5.6444,5.8051,5.5729,5.7336,1.1858,59170834
2003-04-04,5.7158,5.9301,5.5907,5.9301,1.2264,77709353
2003-04-07,6.1802,6.2427,6.0462,6.1087,1.2634,49772531
2003-04-08,5.9837,6.1712,5.9659,6.0552,1.2523,62521007
2003-04-09,5.9747,6.207,5.8408,6.1177,1.2652,55000035
2003-04-10,5.9569,6.0909,5.9301,5.9926,1.2393,60666765
2003-04-11,6.0641,6.0909,5.9569,6.0194,1.2449,54129052
2003-04-14,5.9747,6.0641,5.8854,6.0552,1.2523,31327526
2003-04-15,6.1087,6.1802,6.0016,6.1624,1.2744,30011407
2003-04-16,6.207,6.2337,6.0909,6.1355,1.2689,33240539
2003-04-17,6.0373,6.2606,6.0284,6.2606,1.2947,20608033
2003-04-22,6.1802,6.3142,6.1444,6.3142,1.3058,48936538
2003-04-23,6.4035,6.4302,6.2517,6.2962,1.3021,61688044
2003-04-24,6.2517,6.3767,6.207,6.2249,1.2874,103782646
2003-04-25,6.207,6.2784,6.1266,6.1981,1.2818,43078589
2003-04-28,6.1444,6.3409,6.0999,6.3409,1.3114,61835241
2003-04-29,6.3856,6.466,6.2962,6.2962,1.3021,68271743
2003-04-30,6.332,6.3677,6.2337,6.2874,1.3003,46205999
2003-05-02,6.2517,6.3231,6.0194,6.2606,1.3064,88580448
2003-05-05,6.3142,6.4035,6.2874,6.3052,1.3157,50680481
2003-05-06,6.2962,6.3767,6.2337,6.3409,1.3231,61961066
2003-05-07,6.2962,6.3589,6.1266,6.1355,1.2803,56043859
2003-05-08,6.1624,6.1712,5.8497,5.8497,1.2206,47851116
2003-05-09,5.9122,6.0373,5.7962,6.0105,1.2542,58773623
2003-05-12,6.073,6.0909,5.8676,6.0819,1.2691,49752316
2003-05-13,6.0641,6.1355,5.9659,6.0016,1.2523,31345226
2003-05-14,5.948,6.0641,5.9122,5.9659,1.2449,31173641
2003-05-15,5.9659,6.0819,5.8944,6.073,1.2672,42560467
2003-05-16,6.0552,6.1712,6.0105,6.1534,1.284,47020582
2003-05-19,6.0552,6.0909,5.8229,5.8229,1.2151,28823882
2003-05-20,5.8854,5.9212,5.7426,5.8229,1.2151,32423134
2003-05-21,5.8408,5.8587,5.6176,5.6622,1.1815,31633643
2003-05-22,5.7426,5.8319,5.6979,5.8319,1.2169,25185063
2003-05-23,5.8676,5.9301,5.7783,5.8944,1.23,23689566
2003-05-26,5.9391,6.0016,5.8944,5.9212,1.2356,12711210
2003-05-27,5.9122,5.9301,5.7426,5.8854,1.2281,47364303
2003-05-28,5.9747,6.0552,5.9569,6.0552,1.2635,33555672
2003-05-29,6.0016,6.1266,5.9926,6.073,1.2672,32916437
2003-05-30,6.0641,6.1891,5.9926,6.1444,1.2821,38532639
2003-06-02,6.1624,6.2695,6.1444,6.2427,1.3026,36158784
2003-06-03,6.1444,6.2159,6.0999,6.2159,1.2971,28045389
2003-06-04,6.2427,6.3231,6.1891,6.2695,1.3082,27819719
2003-06-05,6.2962,6.332,6.1444,6.1891,1.2915,49240081
2003-06-06,6.2337,6.4214,6.2337,6.4214,1.3399,41742288
2003-06-09,6.3409,6.4035,6.2784,6.3409,1.3231,36588708
2003-06-10,6.2962,6.4839,6.2784,6.4839,1.353,32819795
2003-06-11,6.4927,6.6892,6.4124,6.6892,1.3958,46972131
2003-06-12,6.6892,6.9482,6.6803,6.8768,1.435,45307115
2003-06-13,6.8768,7.0554,6.7697,6.9215,1.4443,36906240
2003-06-16,6.8143,7.1,6.7964,7.1,1.4815,57252560
2003-06-17,7.1447,7.234,7.0554,7.1537,1.4927,51899841
2003-06-18,7.1358,7.2162,7.0822,7.1447,1.4909,42889146
2003-06-19,7.1,7.109,6.841,6.8947,1.4387,53709603
2003-06-20,6.859,7.1447,6.7964,7.1447,1.4909,64793984
2003-06-23,7.0108,7.0643,6.85,6.8947,1.4387,32590578
2003-06-24,6.9125,6.9482,6.7964,6.8054,1.42,50227942
2003-06-25,6.8322,6.9393,6.7964,6.9125,1.4424,59729964
2003-06-26,6.8143,6.975,6.8143,6.9393,1.448,49922477
2003-06-27,6.984,7.0643,6.8947,7.0554,1.4722,43376807
2003-06-30,7.0197,7.109,6.8054,6.8143,1.4219,78479731
2003-07-01,6.9035,6.9304,6.6446,6.6446,1.3865,61569139
2003-07-02,6.7875,6.8947,6.7697,6.8232,1.4238,52640156
2003-07-03,6.8679,6.9304,6.7697,6.8857,1.4368,48640471
2003-07-04,6.8232,6.9393,6.8232,6.9035,1.4405,36976068
2003-07-07,6.9393,7.1447,6.9393,7.109,1.4834,58115140
2003-07-08,7.118,7.2072,7.0733,7.1983,1.502,60822370
2003-07-09,7.1805,7.2162,6.9662,7.0465,1.4704,36514655
2003-07-10,7.0375,7.0375,6.9393,6.9482,1.4499,29601613
2003-07-11,6.9035,7.1894,6.8768,7.1894,1.5002,32556886
2003-07-14,7.1805,7.2787,7.1269,7.243,1.5114,32665769
2003-07-15,7.2072,7.2965,7.1358,7.234,1.5095,41141562
2003-07-16,7.2519,7.2965,7.118,7.1269,1.4871,37279305
2003-07-17,7.1,7.1358,6.984,7.1,1.4815,56219329
2003-07-18,7.0375,7.1,6.9662,7.0197,1.4648,38715065
2003-07-21,7.0733,7.1,6.841,6.8857,1.4368,51416161
2003-07-22,6.9035,6.975,6.859,6.9035,1.4405,21452357
2003-07-23,6.9662,6.9929,6.8232,6.8768,1.435,29205690
2003-07-24,6.8947,7.0643,6.859,7.0643,1.4741,35384217
2003-07-25,6.984,7.0554,6.9035,6.9662,1.4536,34799019
2003-07-28,7.0554,7.1715,7.0554,7.1715,1.4965,30706464
2003-07-29,7.1358,7.2251,6.9215,7.0108,1.4629,54367511
2003-07-30,6.984,7.0643,6.975,7.0643,1.4741,49585799
2003-07-31,7.0912,7.1447,6.9929,7.1447,1.4909,54539738
2003-08-01,7.0554,7.1625,6.9572,7.0197,1.4795,61048312
2003-08-04,7.0018,7.0554,6.8857,6.9393,1.4626,51824956
2003-08-05,6.984,7.0018,6.8857,6.9482,1.4644,57094727
2003-08-06,6.8768,6.8768,6.7429,6.8143,1.4362,51709925
2003-08-07,6.859,6.859,6.6982,6.7517,1.423,37465967
2003-08-08,6.8054,6.9304,6.7607,6.8054,1.4343,30731674
2003-08-11,6.85,6.8768,6.7964,6.85,1.4437,37131873
2003-08-12,6.8679,6.984,6.85,6.984,1.472,46074929
2003-08-13,7.0108,7.0375,6.8857,6.9482,1.4644,43737471
2003-08-14,6.984,7.0733,6.9304,7.0733,1.4908,42287107
2003-08-18,7.109,7.1358,7.0287,7.0733,1.4908,30857715
2003-08-19,7.118,7.1269,6.984,7.0643,1.4889,27768538
2003-08-20,7.0375,7.0643,6.9662,7.0108,1.4776,42445306
2003-08-21,7.0108,7.0643,6.9929,7.0108,1.4776,23837021
2003-08-22,7.0108,7.0554,6.975,7.0108,1.4776,39415095
2003-08-25,6.984,6.9929,6.9482,6.975,1.4701,15115935
2003-08-26,6.9929,7.0375,6.9215,6.9572,1.4663,21329947
2003-08-27,7.0375,7.0554,6.9304,7.0108,1.4776,26996760
2003-08-28,6.984,7.0465,6.9572,7.0108,1.4776,30727818
2003-08-29,7.0287,7.0375,6.9215,6.9393,1.4626,30755923
2003-09-01,7.0108,7.0287,6.9572,7.0197,1.4795,21020675
2003-09-02,7.0287,7.0465,6.9393,7.0197,1.4795,25247788
2003-09-03,7.0287,7.0822,7.0287,7.0554,1.487,46109107
2003-09-04,7.0375,7.0822,7.0108,7.0822,1.4927,30742991
2003-09-05,7.0733,7.0912,7.0287,7.0643,1.4889,27440497
2003-09-08,7.0733,7.1447,7.0375,7.1269,1.5021,28742426
2003-09-09,7.1715,7.1805,7.0287,7.0643,1.4889,29243807
2003-09-10,7.0375,7.0733,6.9393,6.975,1.4701,54204804
2003-09-11,6.9393,7.0197,6.9125,6.9393,1.4626,20177467
2003-09-12,6.984,6.9929,6.8322,6.859,1.4456,35104592
2003-09-15,6.8857,7.0018,6.859,6.975,1.4701,27232207
2003-09-16,6.975,7.0287,6.9482,7.0197,1.4795,21154484
2003-09-17,7.0554,7.0733,7.0287,7.0375,1.4833,33005035
2003-09-18,7.0375,7.109,7.0018,7.109,1.4983,46737430
2003-09-19,7.1269,7.1358,7.0018,7.0197,1.4795,57398553
2003-09-22,6.9572,6.9662,6.8322,6.8679,1.4475,56084654
2003-09-23,6.8947,6.9125,6.7517,6.8322,1.44,57846216
2003-09-24,6.8768,6.9035,6.716,6.7517,1.423,48657987
2003-09-25,6.6892,6.7429,6.6089,6.7429,1.4211,43436643
2003-09-26,6.6803,6.7517,6.5999,6.6178,1.3948,48614069
2003-09-29,6.591,6.6625,6.4927,6.5464,1.3797,26890522
2003-09-30,6.5999,6.6089,6.3856,6.5017,1.3703,46555749
2003-10-01,6.5642,6.591,6.4927,6.5732,1.3854,35570605
2003-10-02,6.6535,6.6803,6.5464,6.5732,1.3854,53135439
2003-10-03,6.5464,6.7785,6.5464,6.7785,1.4287,62271120
2003-10-06,6.716,6.7517,6.6714,6.725,1.4174,56892332
2003-10-07,6.7429,6.7429,6.6178,6.6982,1.4117,29466748
2003-10-08,6.6625,6.8232,6.6357,6.8054,1.4343,59293229
2003-10-09,6.8232,6.9125,6.7517,6.9125,1.4569,47172316
2003-10-10,6.8947,6.9662,6.8322,6.8768,1.4494,32634828
2003-10-13,6.9035,7.0287,6.8857,7.0197,1.4795,31970487
2003-10-14,7.0375,7.0465,6.9482,7.0375,1.4833,40992863
2003-10-15,7.0465,7.1625,7.0287,7.1,1.4964,46577429
2003-10-16,7.0822,7.1447,7.0287,7.0733,1.4908,34262178
2003-10-17,7.0912,7.1269,6.9929,7.0465,1.4851,49045471
2003-10-20,7.0197,7.0554,6.9662,7.0197,1.4795,34149093
2003-10-21,7.0554,7.109,7.0108,7.0643,1.4889,41448964
2003-10-22,7.0287,7.0733,6.9215,6.9215,1.4588,53856712
2003-10-23,6.85,6.8857,6.7607,6.85,1.4437,37665752
2003-10-24,6.8322,6.8947,6.7964,6.8857,1.4513,50176716
2003-10-27,6.9215,7.0197,6.9035,7.0108,1.4776,49610560
2003-10-28,7.0465,7.0912,7.0197,7.0912,1.4946,57489954
2003-10-29,7.118,7.1358,7.0554,7.1,1.4964,22740927
2003-10-30,7.0554,7.3233,7.0554,7.3055,1.5397,80543152
2003-10-31,7.234,7.3948,7.2251,7.368,1.5529,76981462
2003-11-03,7.3412,7.5198,7.3412,7.502,1.597,71763794
2003-11-04,7.4573,7.5109,7.3948,7.4752,1.5913,63894651
2003-11-05,7.4483,7.5288,7.3858,7.502,1.597,62940646
2003-11-06,7.4573,7.627,7.3948,7.5735,1.6122,44140979
2003-11-07,7.618,7.7253,7.5913,7.6448,1.6275,35965368
2003-11-10,7.5913,7.6448,7.5198,7.5466,1.6065,27119347
2003-11-11,7.502,7.502,7.4483,7.493,1.5951,45196996
2003-11-12,7.5198,7.5555,7.4483,7.5555,1.6084,56352369
2003-11-13,7.6091,7.6806,7.5555,7.6002,1.618,55263310
2003-11-14,7.6091,7.6627,7.5735,7.6538,1.6294,29429247
2003-11-17,7.5466,7.5555,7.4216,7.4395,1.5837,30684706
2003-11-18,7.5198,7.5198,7.368,7.4305,1.5818,56858094
2003-11-19,7.3233,7.4305,7.2519,7.4216,1.5799,60077452
2003-11-20,7.4573,7.4841,7.2877,7.4483,1.5856,42820504
2003-11-21,7.4395,7.5288,7.3948,7.5109,1.5989,31435188
2003-11-24,7.5198,7.6717,7.493,7.6627,1.6313,41268707
2003-11-25,7.6806,7.7163,7.6448,7.7073,1.6408,33603958
2003-11-26,7.6538,7.7253,7.6448,7.6627,1.6313,48404810
2003-11-27,7.6717,7.6985,7.636,7.6895,1.637,15919460
2003-11-28,7.6806,7.761,7.636,7.7431,1.6484,54381715
2003-12-01,7.7788,8.02,7.7788,7.9931,1.7016,43159322
2003-12-02,7.9753,8.011,7.8771,7.9575,1.694,52995852
2003-12-03,7.895,8.011,7.895,8.011,1.7054,32301638
2003-12-04,7.9843,7.9931,7.9128,7.9753,1.6978,47460843
2003-12-05,7.9485,7.9753,7.895,7.9485,1.6921,21210171
2003-12-09,7.9663,7.9931,7.895,7.9217,1.6864,52623069
2003-12-10,7.9128,7.9128,7.7788,7.8592,1.6731,37754311
2003-12-11,7.886,7.9575,7.7967,7.9575,1.694,36323745
2003-12-12,7.9843,8.011,7.895,7.9575,1.694,31235618
2003-12-15,8.0557,8.0735,7.9753,7.9843,1.6997,36129871
2003-12-16,7.9396,7.9575,7.886,7.9396,1.6902,37593300
2003-12-17,7.9217,7.9843,7.9038,7.9843,1.6997,33935950
2003-12-18,7.9485,8.0468,7.9306,8.0468,1.713,34653963
2003-12-19,8.0468,8.0735,7.9931,8.0735,1.7187,70271004
2003-12-22,8.0378,8.1271,8.02,8.0825,1.7206,57551538
2003-12-23,8.1182,8.2165,8.1003,8.2165,1.7491,45974644
2003-12-29,8.2165,8.3236,8.2165,8.3146,1.7701,47021018
2003-12-30,8.3504,8.4308,8.3146,8.3861,1.7853,42400049
2004-01-02,8.3951,8.5469,8.3861,8.5469,1.8195,44364771
2004-01-05,8.5558,8.6094,8.5023,8.5826,1.8271,49272456
2004-01-07,8.7166,8.7255,8.5111,8.5201,1.8138,57209226
2004-01-08,8.5916,8.6361,8.4576,8.4844,1.8062,65363638
2004-01-09,8.6005,8.6005,8.4218,8.5469,1.8195,61711883
2004-01-12,8.4486,8.5469,8.4308,8.5469,1.8195,52371703
2004-01-13,8.5826,8.6183,8.4754,8.4933,1.8081,53181833
2004-01-14,8.4844,8.5201,8.3861,8.4486,1.7986,55687648
2004-01-15,8.4398,8.4398,8.3236,8.3951,1.7872,47035913
2004-01-16,8.4308,8.4665,8.3861,8.4486,1.7986,33305645
2004-01-19,8.4665,8.5111,8.3415,8.3861,1.7853,25451344
2004-01-20,8.3951,8.404,8.27,8.27,1.7605,71229258
2004-01-21,8.279,8.3415,8.2611,8.3326,1.7739,60185222
2004-01-22,8.4308,8.5201,8.3861,8.4844,1.8062,66486083
2004-01-23,8.4933,8.5379,8.4576,8.4844,1.8062,42075365
2004-01-26,8.529,8.529,8.3504,8.3951,1.7872,68822953
2004-01-27,8.4486,8.5379,8.404,8.404,1.7891,67223849
2004-01-28,8.3504,8.4844,8.3504,8.4844,1.8062,54839115
2004-01-29,8.3951,8.4129,8.2879,8.2968,1.7662,72161133
2004-01-30,8.3326,8.3504,8.1808,8.2521,1.7567,72064036
2004-02-02,8.1718,8.2343,8.1361,8.2165,1.7639,53208693
2004-02-03,8.2075,8.2343,8.1361,8.2075,1.7619,55615080
2004-02-04,8.0825,8.1539,7.9753,8.0825,1.7351,96328902
2004-02-05,8.0289,8.1896,8.011,8.1093,1.7409,32542706
2004-02-06,8.1182,8.279,8.0825,8.2521,1.7715,41799651
2004-02-09,8.3146,8.3683,8.3058,8.3415,1.7907,62455946
2004-02-10,8.3236,8.3951,8.3146,8.3951,1.8022,88425294
2004-02-11,8.3504,8.3861,8.2968,8.3771,1.7984,54674924
2004-02-12,8.3771,8.4129,8.3058,8.3861,1.8003,49217952
2004-02-13,8.3504,8.3951,8.2611,8.3146,1.785,29211644
2004-02-16,8.279,8.3504,8.2611,8.3415,1.7907,32636467
2004-02-17,8.3504,8.3593,8.1896,8.2165,1.7639,45937454
2004-02-18,8.27,8.3058,8.2253,8.2611,1.7734,33509430
2004-02-19,8.279,8.4129,8.27,8.4129,1.806,40775924
2004-02-20,8.3504,8.3683,8.2521,8.3058,1.783,38475907
2004-02-23,8.3058,8.3593,8.2521,8.2968,1.7811,36427982
2004-02-24,8.27,8.2968,8.1539,8.2343,1.7677,29658881
2004-02-25,8.2253,8.2968,8.1628,8.2433,1.7696,47992391
2004-02-26,8.2879,8.2879,8.1182,8.1896,1.7581,27114341
2004-02-27,8.2343,8.3236,8.2075,8.3236,1.7869,40690955
2004-03-01,8.3236,8.3415,8.2343,8.2521,1.7715,42374898
2004-03-02,8.2879,8.2968,8.2433,8.2879,1.7792,32897847
2004-03-03,8.2521,8.279,8.0735,8.145,1.7485,55558066
2004-03-04,8.1808,8.2879,8.1182,8.2879,1.7792,52848432
2004-03-05,8.27,8.3593,8.1986,8.2879,1.7792,51797670
2004-03-08,8.279,8.3146,8.2521,8.2879,1.7792,18193104
2004-03-09,8.2165,8.2611,8.1539,8.1896,1.7581,41755695
2004-03-10,8.145,8.2611,8.1003,8.2075,1.7619,30604307
2004-03-11,8.1093,8.1271,7.9306,7.9843,1.714,50534145
2004-03-12,7.752,7.9217,7.618,7.886,1.6929,51711992
2004-03-15,7.6538,7.7342,7.5288,7.5377,1.6182,79511803
2004-03-16,7.5377,7.7788,7.4662,7.6717,1.6469,62544461
2004-03-17,7.7431,7.9217,7.7253,7.9128,1.6987,55551991
2004-03-18,7.9485,7.9485,7.6448,7.6985,1.6527,35735203
2004-03-19,7.7342,7.7788,7.5913,7.7342,1.6603,39961532
2004-03-22,7.6002,7.636,7.4841,7.5555,1.622,33128261
2004-03-23,7.5735,7.7431,7.5555,7.6538,1.6431,33118995
2004-03-24,7.636,7.7788,7.5823,7.627,1.6373,46729719
2004-03-25,7.6985,7.886,7.6985,7.7878,1.6718,47157537
2004-03-26,7.8681,7.9038,7.8056,7.8592,1.6872,48108892
2004-03-29,7.886,7.9663,7.752,7.9396,1.7044,44017300
2004-03-30,7.9753,7.9753,7.895,7.9575,1.7083,21089959
2004-03-31,7.9663,8.0021,7.886,7.9038,1.6968,29548868
2004-04-01,7.9575,8.011,7.9038,8.011,1.7198,44198860
2004-04-02,8.0021,8.27,7.9753,8.27,1.7754,61955996
2004-04-05,8.2521,8.3415,8.2253,8.2879,1.7792,25793146
2004-04-06,8.279,8.3326,8.2165,8.2879,1.7792,47479738
2004-04-07,8.3236,8.3683,8.2611,8.3683,1.7965,28935020
2004-04-08,8.3683,8.4844,8.3415,8.4844,1.8214,39099828
2004-04-13,8.4665,8.5469,8.4308,8.4398,1.8118,53375117
2004-04-14,8.3683,8.3861,8.27,8.3415,1.7907,40130390
2004-04-15,8.3771,8.3771,8.2253,8.2343,1.7677,25901273
2004-04-16,8.2521,8.3771,8.2521,8.3683,1.7965,30448217
2004-04-19,8.3146,8.3951,8.27,8.2968,1.7811,18383575
2004-04-20,8.3415,8.4218,8.3236,8.3504,1.7926,45660962
2004-04-21,8.2611,8.3146,8.1986,8.2611,1.7734,53216039
2004-04-22,8.2611,8.2968,8.145,8.2521,1.7715,52406404
2004-04-23,8.3236,8.3593,8.279,8.2968,1.7811,51392266
2004-04-26,8.3326,8.3861,8.2879,8.3415,1.7907,49814754
2004-04-27,8.3236,8.3951,8.2879,8.3683,1.7965,48205214
2004-04-28,8.3861,8.3861,8.1718,8.1808,1.7562,59179004
2004-04-29,8.145,8.1628,7.895,8.0557,1.7294,89494663
2004-04-30,8.0021,8.0021,7.9128,8.0021,1.7178,78240788
2004-05-03,7.9128,8.0378,7.9038,8.0289,1.7376,44965571
2004-05-04,8.0378,8.0468,7.8592,7.886,1.7067,85660101
2004-05-05,7.8503,8.0557,7.8325,7.9575,1.7222,68917413
2004-05-06,7.9753,7.9931,7.8592,7.895,1.7086,54187555
2004-05-07,7.886,7.9038,7.6448,7.752,1.6777,84045865
2004-05-10,7.6091,7.6091,7.4662,7.5198,1.6274,100289942
2004-05-11,7.5555,7.6895,7.5555,7.6806,1.6622,58727272
2004-05-12,7.7163,7.7253,7.618,7.618,1.6487,51490873
2004-05-13,7.6895,7.7342,7.5823,7.636,1.6526,63019827
2004-05-14,7.6002,7.6448,7.4483,7.5555,1.6352,62186072
2004-05-17,7.4305,7.4573,7.2965,7.4127,1.6043,46494749
2004-05-18,7.502,7.5377,7.4216,7.502,1.6236,50284591
2004-05-19,7.6448,7.8056,7.6091,7.7698,1.6816,41199966
2004-05-20,7.6627,7.6985,7.5645,7.6627,1.6584,46197556
2004-05-21,7.7073,7.7342,7.5823,7.636,1.6526,32373627
2004-05-24,7.7253,7.8503,7.6627,7.7431,1.6758,26071432
2004-05-25,7.6538,7.6895,7.5913,7.6806,1.6622,32646763
2004-05-26,7.8503,7.8771,7.7878,7.8056,1.6893,23453042
2004-05-27,7.8325,7.895,7.8145,7.8413,1.697,52197664
2004-05-28,7.9038,7.9306,7.761,7.761,1.6796,47130093
2004-05-31,7.7253,7.7698,7.6895,7.752,1.6777,9660460
2004-06-01,7.6985,7.7163,7.6091,7.618,1.6487,44892388
2004-06-02,7.6538,7.7342,7.636,7.6627,1.6584,21396657
2004-06-03,7.6627,7.6717,7.5377,7.6717,1.6603,50691102
2004-06-04,7.6806,7.8235,7.636,7.8235,1.6932,32765222
2004-06-07,7.8681,7.9396,7.8592,7.9396,1.7183,25978516
2004-06-08,7.9663,7.9753,7.886,7.895,1.7086,20710155
2004-06-09,7.9575,7.9663,7.8235,7.8503,1.699,25261594
2004-06-10,7.8235,7.9306,7.8145,7.9217,1.7144,18953908
2004-06-11,7.9038,7.9038,7.8235,7.8681,1.7028,15671534
2004-06-14,7.8325,7.8592,7.6895,7.7253,1.6719,22807504
2004-06-15,7.761,7.8592,7.7431,7.8503,1.699,47471364
2004-06-16,7.895,7.9038,7.8413,7.895,1.7086,22943236
2004-06-17,8.02,8.02,7.886,7.9931,1.7299,32432530
2004-06-18,7.9396,8.02,7.9128,7.9396,1.7183,62590053
2004-06-21,7.9753,8.02,7.9217,7.9485,1.7202,25319752
2004-06-22,7.9128,7.9217,7.761,7.8235,1.6932,27858452
2004-06-23,7.8235,7.886,7.8235,7.8771,1.7048,30396584
2004-06-24,7.9306,7.9843,7.895,7.9306,1.7164,22803590
2004-06-25,7.9128,7.9575,7.7431,7.761,1.6796,61529929
2004-06-28,7.7698,7.8681,7.761,7.8325,1.6951,50503276
2004-06-29,7.7967,7.8145,7.7253,7.752,1.6777,30556530
2004-06-30,7.7431,7.7878,7.618,7.618,1.6487,57196246
2004-07-01,7.6895,7.7698,7.618,7.6806,1.6622,66139990
2004-07-02,7.618,7.6538,7.5823,7.618,1.6487,46802389
2004-07-05,7.627,7.6985,7.618,7.6627,1.6584,33400912
2004-07-06,7.6985,7.7073,7.5555,7.5823,1.641,22753905
2004-07-07,7.5823,7.6717,7.5735,7.6538,1.6564,36396898
2004-07-08,7.627,7.6538,7.5288,7.6538,1.6564,34948714
2004-07-09,7.5735,7.627,7.5288,7.5913,1.6429,18010819
2004-07-12,7.6002,7.7342,7.5913,7.6091,1.6468,21657954
2004-07-13,7.6448,7.6985,7.636,7.6627,1.6584,16403307
2004-07-14,7.6091,7.618,7.493,7.5466,1.6332,36612865
2004-07-15,7.5466,7.6091,7.493,7.5198,1.6274,19871346
2004-07-16,7.493,7.627,7.493,7.5555,1.6352,24728372
2004-07-19,7.5288,7.5645,7.502,7.5377,1.6313,13654192
2004-07-20,7.493,7.5645,7.4483,7.5377,1.6313,33540594
2004-07-21,7.6002,7.618,7.5288,7.5466,1.6332,23343125
2004-07-22,7.4841,7.4841,7.4127,7.4483,1.612,79195275
2004-07-23,7.4573,7.4752,7.0912,7.1447,1.5463,95649292
2004-07-26,6.9215,6.9929,6.8768,6.9572,1.5057,101515975
2004-07-27,6.975,7.1625,6.9482,7.1358,1.5443,86678892
2004-07-28,7.2072,7.2162,7.0018,7.0465,1.525,57513941
2004-07-29,7.1,7.1,7.0108,7.0108,1.5173,53163625
2004-07-30,7.0465,7.0822,7.0108,7.0554,1.5269,58004920
2004-08-02,7.0018,7.0822,6.9482,7.0375,1.5397,63327591
2004-08-03,7.0018,7.1,7.0018,7.0912,1.5514,52420687
2004-08-04,7.0733,7.0733,6.984,7.0375,1.5397,27787022
2004-08-05,7.0643,7.1625,7.0643,7.1,1.5534,52230581
2004-08-06,7.0554,7.1715,6.975,7.0018,1.5319,64983399
2004-08-09,6.984,7.0108,6.9035,6.9662,1.5241,50034551
2004-08-10,6.9572,7.0643,6.9482,7.0018,1.5319,19622613
2004-08-11,7.0554,7.0554,6.8857,6.984,1.528,53604221
2004-08-12,6.9662,7.0465,6.8947,6.9662,1.5241,32090062
2004-08-13,6.9125,6.9572,6.8768,6.9304,1.5162,50983944
2004-08-17,7.0197,7.0465,6.975,7.0108,1.5338,29866199
2004-08-18,7.0018,7.0465,6.975,7.0465,1.5416,13174402
2004-08-19,7.0554,7.1269,7.0554,7.0554,1.5436,26420757
2004-08-20,7.0197,7.0465,6.984,6.984,1.528,13914350
2004-08-23,7.0465,7.118,7.0287,7.1,1.5534,14944482
2004-08-24,7.1,7.1447,7.0465,7.0733,1.5475,20247165
2004-08-25,7.0554,7.0912,7.0108,7.0554,1.5436,14732229
2004-08-26,7.109,7.1269,7.0733,7.1269,1.5592,36306924
2004-08-27,7.0912,7.1447,7.0643,7.1447,1.5631,13229924
2004-08-30,7.1715,7.1805,7.1269,7.1358,1.5612,11333254
2004-08-31,7.1358,7.2608,7.118,7.1805,1.5709,31041955
2004-09-01,7.243,7.3055,7.2162,7.2787,1.5924,28557840
2004-09-02,7.2877,7.3502,7.2519,7.3502,1.6081,27027167
2004-09-03,7.3233,7.3948,7.2965,7.3948,1.6178,25843248
2004-09-06,7.3948,7.4573,7.3858,7.4395,1.6276,21140615
2004-09-07,7.4395,7.4483,7.359,7.4216,1.6237,24442470
2004-09-08,7.4216,7.4395,7.3233,7.359,1.61,33712675
2004-09-09,7.3144,7.3502,7.2608,7.2965,1.5963,29287915
2004-09-10,7.3144,7.377,7.2877,7.3323,1.6042,30907268
2004-09-13,7.3502,7.4127,7.3055,7.368,1.612,31020802
2004-09-14,7.3502,7.377,7.3323,7.368,1.612,22217869
2004-09-15,7.2787,7.3323,7.1447,7.1715,1.569,13464290
2004-09-16,7.1983,7.243,7.1805,7.2162,1.5788,42452638
2004-09-17,7.234,7.243,7.1715,7.1715,1.569,51200011
2004-09-20,7.1805,7.1805,7.0197,7.109,1.5553,56670755
2004-09-21,7.1,7.1447,7.0643,7.0822,1.5495,35575720
2004-09-22,7.0733,7.0733,7.0108,7.0108,1.5338,56267734
2004-09-23,6.984,7.0108,6.9482,6.984,1.528,41734401
2004-09-24,6.984,7.0018,6.9572,6.984,1.528,56282036
2004-09-27,7.0018,7.0108,6.9125,6.9482,1.5201,35141510
2004-09-28,6.9482,6.984,6.9215,6.975,1.526,33994118
2004-09-29,6.984,7.0643,6.9662,7.0287,1.5377,39965091
2004-09-30,7.0643,7.1358,7.0018,7.0197,1.5358,44199964
2004-10-01,6.9929,7.1358,6.9929,7.1358,1.5612,48674217
2004-10-04,7.1805,7.3233,7.1625,7.3233,1.6022,81222040
2004-10-05,7.3233,7.3412,7.2608,7.3055,1.5983,65044261
2004-10-06,7.2877,7.4127,7.2519,7.3858,1.6159,54183616
2004-10-07,7.377,7.4395,7.3412,7.4037,1.6198,54096372
2004-10-08,7.359,7.4305,7.359,7.4127,1.6218,62993894
2004-10-11,7.4127,7.4573,7.377,7.4127,1.6218,41213716
2004-10-13,7.3502,7.4841,7.3502,7.4573,1.6315,75926344
2004-10-14,7.4127,7.5466,7.377,7.5109,1.6432,65629574
2004-10-15,7.4841,7.5555,7.4573,7.5377,1.6491,58236497
2004-10-18,7.5645,7.5823,7.5198,7.5466,1.6511,71919564
2004-10-19,7.5823,7.6091,7.5645,7.5823,1.6589,49572842
2004-10-20,7.5377,7.5645,7.5198,7.5377,1.6491,62225648
2004-10-21,7.5466,7.6448,7.5466,7.627,1.6686,71899340
2004-10-22,7.618,7.6717,7.6091,7.6448,1.6726,54451118
2004-10-25,7.5466,7.5735,7.5109,7.5198,1.6452,67002759
2004-10-26,7.5377,7.5645,7.502,7.5555,1.653,60751317
2004-10-27,7.5913,7.6538,7.5555,7.6538,1.6745,60697778
2004-10-28,7.6806,7.8235,7.6717,7.761,1.698,81770520
2004-10-29,7.761,7.9128,7.7431,7.8145,1.7097,81185309
2004-11-02,7.7698,7.8145,7.6985,7.7788,1.7186,72081192
2004-11-03,7.8325,7.8503,7.761,7.7878,1.7206,66797448
2004-11-04,7.7878,7.8056,7.7163,7.7788,1.7186,54653203
2004-11-05,7.8235,7.895,7.7878,7.8325,1.7304,74012441
2004-11-08,7.8056,7.8145,7.7698,7.7788,1.7186,62052134
2004-11-09,7.7788,7.7788,7.6002,7.6717,1.6949,78273822
2004-11-10,7.6985,7.7163,7.5913,7.6091,1.6811,80626448
2004-11-11,7.6002,7.8325,7.5735,7.7788,1.7186,125465787
2004-11-12,7.8503,7.9753,7.8145,7.9038,1.7462,71367089
2004-11-15,7.9663,8.0289,7.9128,8.0289,1.7738,41841517
2004-11-16,8.011,8.02,7.886,7.9575,1.7581,116005538
2004-11-17,7.9575,8.1628,7.9128,8.1628,1.8034,112597197
2004-11-18,8.1271,8.2433,8.0914,8.1718,1.8054,89705984
2004-11-19,8.2165,8.279,8.1361,8.1808,1.8074,75017769
2004-11-22,8.0914,8.145,8.0468,8.145,1.7995,61777749
2004-11-23,8.1628,8.1986,8.011,8.0378,1.7758,59758422
2004-11-24,8.0735,8.0825,7.9931,8.0378,1.7758,66554087
2004-11-25,8.0378,8.1361,8.02,8.1361,1.7975,61968148
2004-11-26,8.1539,8.1628,8.0557,8.1361,1.7975,33320166
2004-11-29,8.1361,8.1986,8.0557,8.0735,1.7837,34035689
2004-11-30,8.0468,8.0914,8.0378,8.0735,1.7837,69682270
2004-12-01,8.0557,8.1182,8.0468,8.0914,1.7877,61715989
2004-12-02,8.1361,8.1628,8.0468,8.1003,1.7896,47327591
2004-12-03,8.1093,8.1271,8.02,8.0646,1.7817,52614482
2004-12-07,8.0378,8.0825,8.011,8.0646,1.7817,43373873
2004-12-09,8.0825,8.0825,7.9575,8.011,1.7699,46996308
2004-12-10,8.011,8.0468,7.9843,8.011,1.7699,27623079
2004-12-13,8.02,8.0825,8.0021,8.0646,1.7817,43997465
2004-12-14,8.0825,8.1182,8.02,8.0557,1.7798,60286026
2004-12-15,8.0468,8.0646,8.011,8.011,1.7699,35011923
2004-12-16,8.011,8.0468,7.9663,8.0021,1.7679,58739210
2004-12-17,8.0289,8.0378,7.9128,7.9931,1.766,99472508
2004-12-20,7.9931,8.0378,7.9575,7.9843,1.764,48476520
2004-12-21,7.9843,8.0378,7.9753,8.02,1.7719,45917764
2004-12-22,8.0557,8.1182,8.0468,8.1003,1.7896,40316635
2004-12-23,8.1003,8.1896,8.0914,8.1539,1.8015,50466364
2004-12-27,8.1808,8.2075,8.1628,8.1718,1.8054,18863875
2004-12-28,8.1896,8.2075,8.1628,8.2075,1.8133,10657595
2004-12-29,8.2165,8.2165,8.1718,8.2075,1.8133,39606396
2004-12-30,8.2075,8.2165,8.1539,8.1539,1.8015,40736316
2005-01-03,8.1539,8.279,8.1271,8.2165,1.8153,55115820
2005-01-04,8.2075,8.2521,8.1896,8.2165,1.8153,25236658
2005-01-05,8.1628,8.1628,8.0735,8.1003,1.7896,65219495
2005-01-07,8.1539,8.1539,8.0468,8.0646,1.7817,81787204
2005-01-10,8.0825,8.1182,8.0378,8.0468,1.7778,31541582
2005-01-11,8.0557,8.1182,8.0289,8.0557,1.7798,72198786
2005-01-12,8.0289,8.0735,8.0021,8.0378,1.7758,43439990
2005-01-13,8.0735,8.1361,8.0557,8.1182,1.7936,64881646
2005-01-14,8.0825,8.1271,8.0735,8.1182,1.7936,60228344
2005-01-17,8.1182,8.2253,8.1182,8.2253,1.8173,57890612
2005-01-18,8.1896,8.2253,8.145,8.2075,1.8133,150327069
2005-01-19,8.2343,8.27,8.1896,8.1896,1.8094,43276323
2005-01-20,8.1361,8.1896,8.1003,8.1271,1.7956,61658543
2005-01-21,8.0914,8.1182,8.0468,8.0557,1.7798,74013656
2005-01-24,8.0468,8.0557,7.9843,8.0378,1.7758,64829603
2005-01-25,8.0378,8.145,8.0289,8.0557,1.7798,207892098
2005-01-26,8.0735,8.1003,8.0468,8.0735,1.7837,139062879
2005-01-27,8.0825,8.1182,8.0378,8.1182,1.7936,157680398
2005-01-28,8.1182,8.1628,8.1003,8.1271,1.7956,330508859
2005-01-31,8.145,8.1808,8.1271,8.1361,1.7975,49635506
2005-02-01,8.1003,8.1271,8.0735,8.1182,1.8105,54074053
2005-02-02,8.1182,8.1718,8.0825,8.1628,1.8205,219842888
2005-02-03,8.1628,8.1718,8.1271,8.1718,1.8225,129809263
2005-02-04,8.1718,8.3236,8.1718,8.3146,1.8543,376848634
2005-02-07,8.3326,8.4486,8.3326,8.3951,1.8723,281959961
2005-02-08,8.4129,8.5201,8.3771,8.5111,1.8982,104506059
2005-02-09,8.5379,8.5826,8.4308,8.4933,1.8942,59230959
2005-02-10,8.5111,8.5111,8.4398,8.4486,1.8842,76971545
2005-02-11,8.4933,8.6808,8.4754,8.6808,1.936,63149933
2005-02-14,8.6898,8.7344,8.663,8.7076,1.942,64456273
2005-02-15,8.7613,8.7791,8.6808,8.6808,1.936,47571968
2005-02-16,8.6719,8.6898,8.5379,8.5736,1.9121,64000792
2005-02-17,8.6094,8.663,8.5469,8.5469,1.9061,49486084
2005-02-18,8.5469,8.5826,8.5201,8.5469,1.9061,44421693
2005-02-21,8.5736,8.5916,8.4398,8.4754,1.8902,48420493
2005-02-22,8.5023,8.5023,8.3683,8.4218,1.8782,70188741
2005-02-23,8.404,8.4933,8.3236,8.4129,1.8762,62169973
2005-02-24,8.4754,8.5023,8.3861,8.4308,1.8802,71035310
2005-02-25,8.5023,8.5023,8.3861,8.4308,1.8802,75798338
2005-02-28,8.4218,8.4486,8.3504,8.3593,1.8643,68570114
2005-03-01,8.3504,8.4754,8.3504,8.4754,1.8902,48763472
2005-03-02,8.4754,8.4754,8.404,8.4665,1.8882,46278733
2005-03-03,8.4665,8.5648,8.4486,8.4844,1.8922,61138522
2005-03-04,8.5111,8.6361,8.4844,8.6361,1.926,63561259
2005-03-07,8.6808,8.6898,8.6094,8.6183,1.9221,36217577
2005-03-08,8.6183,8.6361,8.5469,8.5469,1.9061,47188986
2005-03-09,8.5648,8.6273,8.4933,8.4933,1.8942,53260184
2005-03-10,8.4933,8.4933,8.4129,8.4398,1.8822,59086527
2005-03-11,8.5023,8.529,8.4576,8.4665,1.8882,25215173
2005-03-14,8.4665,8.5201,8.4398,8.4844,1.8922,30634191
2005-03-15,8.5111,8.5648,8.4844,8.5558,1.9081,58187416
2005-03-16,8.5379,8.5469,8.3146,8.3236,1.8563,83873278
2005-03-17,8.3326,8.3951,8.3058,8.3683,1.8663,45370038
2005-03-18,8.404,8.4398,8.3771,8.4218,1.8782,56451102
2005-03-21,8.404,8.4218,8.3593,8.3683,1.8663,29960644
2005-03-22,8.3683,8.4844,8.3504,8.4665,1.8882,41029417
2005-03-23,8.3861,8.4665,8.3415,8.4308,1.8802,39826949
2005-03-24,8.4665,8.5558,8.4398,8.5111,1.8982,122223703
2005-03-29,8.4129,8.5558,8.4129,8.5379,1.9041,30534832
2005-03-30,8.4933,8.4933,8.404,8.4486,1.8842,31228335
2005-03-31,8.5379,8.5469,8.3504,8.3861,1.8703,53574024
2005-04-01,8.3683,8.4308,8.3058,8.3593,1.8643,46463237
2005-04-04,8.3146,8.3236,8.1718,8.27,1.8444,64593739
2005-04-05,8.3058,8.3771,8.2968,8.3415,1.8603,52275024
2005-04-06,8.3951,8.4398,8.3683,8.4308,1.8802,58692520
2005-04-07,8.4308,8.4754,8.3415,8.4576,1.8862,49168092
2005-04-08,8.4844,8.529,8.4576,8.4844,1.8922,54782350
2005-04-11,8.4398,8.4486,8.3951,8.4218,1.8782,159177388
2005-04-12,8.3593,8.3771,8.3236,8.3593,1.8643,37661182
2005-04-13,8.4129,8.4486,8.3951,8.4129,1.8762,57434918
2005-04-14,8.3683,8.4308,8.3593,8.404,1.8743,49018073
2005-04-15,8.3236,8.3326,8.1808,8.1808,1.8245,68013648
2005-04-18,8.0825,8.0914,7.9663,8.0557,1.7966,78732259
2005-04-19,8.0914,8.1361,8.0646,8.1093,1.8085,131849254
2005-04-20,8.1718,8.1896,8.0468,8.0735,1.8006,62920502
2005-04-21,8.0378,8.1093,8.011,8.0468,1.7946,47161380
2005-04-22,8.1361,8.1628,8.1003,8.1628,1.8205,34627054
2005-04-25,8.1361,8.2075,8.0825,8.1539,1.8185,33767369
2005-04-26,8.1808,8.1986,8.0825,8.1271,1.8125,145424056
2005-04-27,8.1182,8.1361,7.9931,8.0468,1.7946,291683461
2005-04-28,8.0735,8.1093,7.9843,8.0735,1.8006,69140778
2005-04-29,8.011,8.1182,8.0021,8.0557,1.7966,251983917
2005-05-02,8.0289,8.1539,8.02,8.1003,1.824,78254358
2005-05-03,8.1003,8.2343,8.0557,8.2343,1.8542,110568513
2005-05-04,8.2343,8.2879,8.1718,8.2879,1.8663,64713150
2005-05-05,8.3236,8.3415,8.27,8.2879,1.8663,52069097
2005-05-06,8.2611,8.3236,8.2343,8.3058,1.8703,92726885
2005-05-09,8.2968,8.2968,8.2075,8.2521,1.8582,32375904
2005-05-10,8.2253,8.2433,8.1003,8.1003,1.824,65522069
2005-05-11,8.1003,8.1271,8.0468,8.0825,1.82,64454712
2005-05-12,8.1271,8.1718,8.0735,8.1003,1.824,28335834
2005-05-13,8.0825,8.2343,8.0557,8.2343,1.8542,57593205
2005-05-16,8.1896,8.2343,8.1628,8.1986,1.8461,43960568
2005-05-17,8.2253,8.2343,8.145,8.1718,1.8401,26579444
2005-05-18,8.1896,8.3236,8.1896,8.3236,1.8743,79881429
2005-05-19,8.3415,8.404,8.3236,8.3683,1.8844,40174215
2005-05-20,8.3771,8.3771,8.2611,8.2611,1.8602,35051571
2005-05-23,8.3058,8.3236,8.2521,8.2968,1.8683,23963023
2005-05-24,8.3058,8.3146,8.2343,8.2611,1.8602,23842325
2005-05-25,8.2521,8.2611,8.2075,8.2253,1.8522,28056992
2005-05-26,8.2075,8.2968,8.1628,8.279,1.8642,44337123
2005-05-27,8.2879,8.2968,8.2253,8.279,1.8642,23108106
2005-05-30,8.2611,8.3415,8.2343,8.3415,1.8783,24374315
2005-05-31,8.3326,8.3504,8.279,8.279,1.8642,32618528
2005-06-01,8.2968,8.4218,8.279,8.4218,1.8964,45753118
2005-06-02,8.3951,8.4754,8.3951,8.4218,1.8964,33237798
2005-06-03,8.4218,8.4576,8.3771,8.3951,1.8904,22125831
2005-06-06,8.3593,8.3861,8.3236,8.3326,1.8763,46497919
2005-06-07,8.3593,8.4486,8.3236,8.4398,1.9004,114004364
2005-06-08,8.3951,8.4129,8.3146,8.3326,1.8763,44696212
2005-06-09,8.3326,8.3593,8.3058,8.3504,1.8803,34884009
2005-06-10,8.3951,8.4218,8.3415,8.4218,1.8964,94841534
2005-06-13,8.4129,8.4308,8.3593,8.4129,1.8944,27503743
2005-06-14,8.3861,8.4398,8.3593,8.4218,1.8964,25529523
2005-06-15,8.4308,8.4844,8.3861,8.3861,1.8884,38366856
2005-06-16,8.4218,8.5023,8.404,8.4665,1.9065,36940941
2005-06-17,8.4576,8.5379,8.4486,8.5201,1.9185,76435438
2005-06-20,8.5201,8.5201,8.4486,8.4754,1.9085,27850956
2005-06-21,8.5023,8.5558,8.4933,8.5558,1.9266,32129212
2005-06-22,8.5558,8.6183,8.529,8.5558,1.9266,42752788
2005-06-23,8.5648,8.6094,8.5379,8.5736,1.9306,30441087
2005-06-24,8.4933,8.5379,8.4486,8.4844,1.9105,40542058
2005-06-27,8.4308,8.4665,8.3951,8.4398,1.9004,43523841
2005-06-28,8.4398,8.4933,8.404,8.4844,1.9105,40499335
2005-06-29,8.5111,8.6183,8.5023,8.5736,1.9306,48657696
2005-06-30,8.5648,8.6183,8.5558,8.5648,1.9286,37630871
2005-07-01,8.5736,8.6987,8.5558,8.6719,1.9527,46729830
2005-07-04,8.6273,8.6719,8.6183,8.663,1.9507,19428988
2005-07-05,8.6451,8.6898,8.6183,8.6898,1.9567,24701751
2005-07-06,8.6987,8.7166,8.663,8.7076,1.9608,38457103
2005-07-07,8.5111,8.6898,8.2253,8.5111,1.9165,10860125
2005-07-08,8.6094,8.6719,8.5379,8.663,1.9507,44423560
2005-07-11,8.7076,8.788,8.6987,8.7523,1.9708,51932521
2005-07-12,8.7434,8.7613,8.6898,8.7434,1.9688,30341513
2005-07-13,8.7613,8.8326,8.7434,8.8238,1.9869,47576904
2005-07-14,8.8416,8.9219,8.8326,8.8773,1.999,53567424
2005-07-15,8.8863,8.9219,8.8773,8.8863,2.001,35282664
2005-07-18,8.8952,8.9219,8.8594,8.9131,2.007,29009807
2005-07-19,8.9131,8.9577,8.9041,8.9577,2.0171,73439570
2005-07-20,8.9219,8.9756,8.8773,8.9131,2.007,129119429
2005-07-21,8.9488,9.0202,8.8863,8.9845,2.0231,178385836
2005-07-22,8.9845,9.0381,8.9398,8.9488,2.0151,44110226
2005-07-25,8.9845,9.0202,8.9309,9.0024,2.0271,93742701
2005-07-26,9.0113,9.0381,8.9219,9.0381,2.0352,224522614
2005-07-27,9.0827,9.1274,8.9756,9.0202,2.0312,153663646
2005-07-28,9.0471,9.1274,9.0291,9.1184,2.0533,73659271
2005-07-29,9.1274,9.2167,9.1006,9.1274,2.0553,119351736
2005-08-01,9.0916,9.1006,9.0024,9.0113,2.0483,35126943
2005-08-02,8.9934,9.0649,8.9845,9.0649,2.0605,301131039
2005-08-03,9.0381,9.1363,9.0113,9.1006,2.0686,124534834
2005-08-04,9.1184,9.1363,9.0024,9.0024,2.0462,143184375
2005-08-05,8.9845,9.0291,8.9398,8.9756,2.0402,47471683
2005-08-08,8.9845,9.0471,8.9666,9.0024,2.0462,45890222
2005-08-09,8.9666,9.0202,8.9309,9.0113,2.0483,59175302
2005-08-10,9.0202,9.0649,9.0113,9.0559,2.0584,119713216
2005-08-11,9.0113,9.0738,8.9666,9.0738,2.0625,63061048
2005-08-12,9.0738,9.1184,9.0024,9.0649,2.0605,40197192
2005-08-15,9.0202,9.0827,9.0202,9.0381,2.0544,7489457
2005-08-16,9.0559,9.0649,8.9756,9.0202,2.0503,17030645
2005-08-17,8.9666,9.0024,8.9131,8.9398,2.032,33704575
2005-08-18,8.9131,8.9666,8.8594,8.8952,2.0219,453145527
2005-08-19,8.9398,9.0024,8.9131,9.0024,2.0462,39504591
2005-08-22,9.0024,9.0649,9.0024,9.0471,2.0564,19699016
2005-08-23,9.0559,9.0559,8.9488,8.9488,2.0341,24617992
2005-08-24,8.9398,8.9488,8.8148,8.8952,2.0219,151489281
2005-08-25,8.8594,8.8684,8.788,8.788,1.9975,102735985
2005-08-26,8.7969,8.8506,8.7344,8.7434,1.9874,34559256
2005-08-29,8.7255,8.8238,8.6361,8.788,1.9975,45048686
2005-08-30,8.788,8.8416,8.7613,8.7613,1.9914,40892851
2005-08-31,8.7344,8.8684,8.6987,8.8416,2.0097,78046012
2005-09-01,8.8863,8.9756,8.8773,8.9666,2.0381,51317503
2005-09-02,8.9309,9.0113,8.8684,8.9577,2.0361,47939644
2005-09-05,8.9577,9.0559,8.9488,9.0471,2.0564,26762749
2005-09-06,9.1096,9.1542,9.0559,9.1453,2.0787,53769264
2005-09-07,9.1542,9.1809,9.1096,9.1542,2.0808,50049571
2005-09-08,9.1989,9.2256,9.1184,9.2078,2.0929,41859614
2005-09-09,9.1989,9.2703,9.1899,9.2346,2.099,33423773
2005-09-12,9.2614,9.3061,9.1184,9.2346,2.099,46736268
2005-09-13,9.2256,9.2524,9.1542,9.1989,2.0909,48967675
2005-09-14,9.2256,9.2792,9.1809,9.2524,2.1031,51407054
2005-09-15,9.2346,9.2881,9.1989,9.2614,2.1051,41611621
2005-09-16,9.2434,9.3328,9.2256,9.2524,2.1031,49029524
2005-09-19,9.2256,9.2614,9.1631,9.1809,2.0868,38423956
2005-09-20,9.1989,9.2792,9.1809,9.2524,2.1031,39899711
2005-09-21,9.1989,9.2256,9.1096,9.1274,2.0747,45984696
2005-09-22,9.1184,9.2703,9.0738,9.2078,2.0929,58028633
2005-09-23,9.2346,9.3328,9.2167,9.2703,2.1071,54537412
2005-09-26,9.3686,9.6007,9.3328,9.6007,2.1823,85533002
2005-09-27,9.5561,9.5918,9.5114,9.5471,2.1701,103350447
2005-09-28,9.5918,9.7615,9.5739,9.7257,2.2107,74113579
2005-09-29,9.7615,9.7615,9.6544,9.7526,2.2168,74972507
2005-09-30,9.7615,9.8151,9.7257,9.7615,2.2188,62781391
2005-10-03,9.7882,9.8151,9.7347,9.7704,2.2208,55883060
2005-10-04,9.7704,9.8151,9.6989,9.7972,2.2269,46245413
2005-10-05,9.6989,9.7526,9.6632,9.6811,2.2005,58161306
2005-10-06,9.5739,9.5918,9.4757,9.5918,2.1802,79973160
2005-10-07,9.5739,9.5918,9.4757,9.565,2.1741,44788756
2005-10-10,9.5918,9.7347,9.5829,9.6722,2.1985,44159854
2005-10-11,9.6632,9.7526,9.6364,9.6454,2.1924,45466727
2005-10-12,9.6454,9.6722,9.5114,9.6186,2.1863,41045299
2005-10-13,9.5829,9.6544,9.4757,9.4757,2.1538,53770381
2005-10-14,9.5471,9.6811,9.4489,9.6722,2.1985,57102027
2005-10-17,9.6722,9.7347,9.6275,9.7169,2.2086,54435194
2005-10-18,9.7079,9.7436,9.6186,9.6186,2.1863,42242720
2005-10-19,9.5561,9.5829,9.4311,9.4936,2.1579,128365605
2005-10-20,9.6364,9.6722,9.5025,9.5471,2.1701,114587574
2005-10-21,9.5204,9.6364,9.4936,9.5561,2.1721,107567668
2005-10-24,9.565,9.7169,9.5204,9.7079,2.2066,161322464
2005-10-25,9.7079,9.7079,9.3774,9.4042,2.1376,240172414
2005-10-26,9.3864,9.4311,9.2881,9.3596,2.1274,277700559
2005-10-27,9.3149,9.3328,9.1989,9.1989,2.0909,140038850
2005-10-28,9.2346,9.3596,9.1542,9.2971,2.1132,99036298
2005-10-31,9.3953,9.5293,9.3953,9.5025,2.1599,80483250
2005-11-01,9.4132,9.4936,9.2971,9.3417,2.1426,24782091
2005-11-02,9.3953,9.4132,9.2078,9.3507,2.1447,290567166
2005-11-03,9.3774,9.4936,9.3774,9.4936,2.1774,133121982
2005-11-04,9.4667,9.4757,9.3686,9.4042,2.1569,222060778
2005-11-07,9.3774,9.4221,9.2971,9.3328,2.1406,52286128
2005-11-08,9.3417,9.4221,9.3149,9.3864,2.1529,45049326
2005-11-09,9.3596,9.4221,9.3149,9.3774,2.1508,40838602
2005-11-10,9.4042,9.4489,9.3417,9.4042,2.1569,42218178
2005-11-11,9.4846,9.5739,9.4757,9.5561,2.1918,44009849
2005-11-14,9.5204,9.5829,9.4579,9.4846,2.1754,83096477
2005-11-15,9.4579,9.5382,9.4042,9.5114,2.1815,49600652
2005-11-16,9.5382,9.5471,9.3864,9.5025,2.1795,53193428
2005-11-17,9.5471,9.5829,9.4846,9.565,2.1938,38724594
2005-11-18,9.6097,9.6811,9.5739,9.6275,2.2082,37064440
2005-11-21,9.6364,9.6544,9.5829,9.6186,2.2061,45484082
2005-11-22,9.6544,9.6811,9.5829,9.6544,2.2143,39445014
2005-11-23,9.6454,9.7436,9.6007,9.7436,2.2348,44717574
2005-11-24,9.7436,9.7794,9.6632,9.6989,2.2245,30483391
2005-11-25,9.7257,9.7257,9.6632,9.6722,2.2184,114741421
2005-11-28,9.6989,9.7615,9.6186,9.6811,2.2204,47340025
2005-11-29,9.6632,9.7436,9.6097,9.6901,2.2225,175119886
2005-11-30,9.6544,9.6811,9.5918,9.6454,2.2123,34244383
2005-12-01,9.6811,9.7704,9.6544,9.7704,2.2409,34694299
2005-12-02,9.7704,9.7794,9.6632,9.7526,2.2368,33481740
2005-12-05,9.7615,9.7615,9.5114,9.565,2.1938,46739436
2005-12-06,9.5739,9.5918,9.4936,9.5561,2.1918,34624137
2005-12-07,9.5739,9.6544,9.5114,9.565,2.1938,46013266
2005-12-08,9.4936,9.5829,9.4667,9.5829,2.1979,31097631
2005-12-09,9.5114,9.6097,9.4846,9.5918,2.2,29582764
2005-12-12,9.6364,9.6901,9.6186,9.6454,2.2123,49051505
2005-12-13,9.6454,9.7257,9.6186,9.6632,2.2164,38690508
2005-12-14,9.6811,9.7079,9.6097,9.6544,2.2143,60412823
2005-12-15,9.6544,9.6722,9.5561,9.5918,2.2,39460209
2005-12-16,9.6275,9.7882,9.5918,9.7257,2.2307,84542183
2005-12-19,9.7169,9.7882,9.6989,9.6989,2.2245,46770899
2005-12-20,9.6989,9.7526,9.6722,9.7257,2.2307,37366253
2005-12-21,9.7347,9.9134,9.7347,9.8776,2.2655,50130401
2005-12-22,9.8865,9.9401,9.8597,9.9134,2.2737,28935495
2005-12-23,9.9312,9.958,9.9044,9.9222,2.2758,21580864
2005-12-27,9.9134,9.9759,9.9134,9.958,2.2839,19081229
2005-12-28,9.9222,9.9669,9.9134,9.949,2.2819,24383033
2005-12-29,9.9669,9.9847,9.9312,9.9759,2.288,15635551
2005-12-30,9.949,9.958,9.8865,9.958,2.2839,18308858
2006-01-02,9.958,10.0294,9.9312,10.0115,2.2962,17924416
2006-01-03,9.9937,10.0652,9.949,10.0115,2.2962,36393101
2006-01-04,10.0562,10.1009,10.0294,10.083,2.3126,74318107
2006-01-05,10.1098,10.1187,10.0384,10.1009,2.3167,21690971
2006-01-09,10.1098,10.1366,10.0294,10.1009,2.3167,91952412
2006-01-10,10.0741,10.0919,10.0115,10.0294,2.3003,28597309
2006-01-11,10.0562,10.1455,10.0562,10.1455,2.327,37906048
2006-01-12,10.1455,10.2259,10.1277,10.217,2.3434,45214602
2006-01-13,10.1723,10.1991,10.0652,10.083,2.3126,98759828
2006-01-16,10.0652,10.1098,10.0562,10.0919,2.3147,20545807
2006-01-17,10.0472,10.0472,9.9669,10.0026,2.2942,32759944
2006-01-18,9.9134,9.9312,9.824,9.8776,2.2655,78849208
2006-01-19,9.9401,9.9759,9.8865,9.9669,2.286,177217508
2006-01-20,9.9759,10.0472,9.824,9.824,2.2532,45929270
2006-01-23,9.7615,9.8687,9.7169,9.8419,2.2573,132239086
2006-01-24,9.8507,9.9222,9.7704,9.8687,2.2635,148989258
2006-01-25,9.8687,10.0384,9.8687,10.0384,2.3024,336181461
2006-01-26,9.9937,10.2974,9.9937,10.217,2.3434,48171913
2006-01-27,10.333,10.4045,10.2705,10.3777,2.3802,220358233
2006-01-30,10.3599,10.4224,10.2884,10.3867,2.3823,95554650
2006-01-31,10.3599,10.601,10.3599,10.5742,2.4253,88436314
2006-02-01,10.4492,10.5832,10.4313,10.5832,2.4471,63712219
2006-02-02,10.5563,10.601,10.3955,10.4134,2.4078,175701093
2006-02-03,10.4224,10.476,10.2884,10.4134,2.4078,335456370
2006-02-06,10.4581,10.5207,10.3955,10.4492,2.4161,137288023
2006-02-07,10.4938,10.5563,10.4045,10.5385,2.4367,116554159
2006-02-08,10.5295,10.5742,10.3955,10.5563,2.4409,120300225
2006-02-09,10.5832,10.6278,10.5027,10.5652,2.4429,71732924
2006-02-10,10.5652,10.592,10.4492,10.4492,2.4161,65254938
2006-02-13,10.4492,10.6278,10.4134,10.6278,2.4574,50612167
2006-02-14,10.6189,10.6635,10.5385,10.6635,2.4656,64130060
2006-02-15,10.6189,10.7082,10.5742,10.6367,2.4595,59068505
2006-02-16,10.6725,10.6903,10.601,10.6814,2.4698,31917090
2006-02-17,10.7082,10.7797,10.6457,10.7439,2.4842,177818977
2006-02-20,10.717,10.8064,10.6725,10.8064,2.4987,23420368
2006-02-21,10.7707,10.7707,10.6635,10.6903,2.4718,77790998
2006-02-22,10.6725,10.9493,10.6725,10.9315,2.5276,63944858
2006-02-23,10.9403,11.0654,10.8868,10.9761,2.5379,162857268
2006-02-24,10.9761,10.985,10.851,10.9225,2.5255,27559609
2006-02-27,10.9761,11.0297,10.9225,11.0297,2.5503,98051105
2006-02-28,11.0565,11.0833,10.8689,10.9403,2.5297,47560860
2006-03-01,10.9761,11.0743,10.9493,11.0743,2.5606,42690898
2006-03-02,11.0654,11.0654,10.851,10.9047,2.5214,38972544
2006-03-03,10.8778,10.8957,10.6992,10.726,2.4801,54670382
2006-03-06,10.7797,10.7975,10.6814,10.6992,2.4739,44902778
2006-03-07,10.6814,10.6814,10.5117,10.6367,2.4595,51017287
2006-03-08,10.6725,10.6903,10.4849,10.5742,2.445,44954560
2006-03-09,10.6545,10.6814,10.5652,10.6457,2.4615,70709092
2006-03-10,10.5742,10.7439,10.5563,10.7439,2.4842,65294987
2006-03-13,10.8153,10.86,10.7707,10.8422,2.5069,30485100
2006-03-14,10.7975,10.8332,10.726,10.8064,2.4987,72919336
2006-03-15,10.8332,10.8689,10.7707,10.7975,2.4966,40469523
2006-03-16,10.8243,10.8243,10.6814,10.7975,2.4966,37734857
2006-03-17,10.8243,10.9135,10.717,10.7707,2.4904,97500576
2006-03-20,10.8332,10.8778,10.7707,10.7885,2.4946,23212149
2006-03-21,10.8422,10.8422,10.7439,10.7885,2.4946,37385081
2006-03-22,10.726,10.8868,10.6992,10.8868,2.5173,52800004
2006-03-23,10.9047,10.9135,10.8064,10.851,2.509,61464322
2006-03-24,10.8153,10.9761,10.8064,10.9403,2.5297,75733537
2006-03-27,10.9135,10.9225,10.7617,10.7707,2.4904,66813047
2006-03-28,10.8153,10.8153,10.6992,10.7082,2.476,41823401
2006-03-29,10.7082,10.7617,10.6367,10.717,2.478,71913990
2006-03-30,10.7797,10.8422,10.6992,10.7975,2.4966,32424130
2006-03-31,10.8064,10.8153,10.6725,10.7617,2.4884,35445090
2006-04-03,10.8422,10.8422,10.7885,10.8332,2.5049,49167166
2006-04-04,10.7797,10.8064,10.726,10.8064,2.4987,89842870
2006-04-05,10.7975,10.8064,10.735,10.8064,2.4987,63667582
2006-04-06,10.8153,10.8243,10.735,10.7439,2.4842,70384881
2006-04-07,10.7617,10.8064,10.6545,10.6545,2.4636,44121153
2006-04-10,10.6457,10.6635,10.5832,10.6278,2.4574,28856755
2006-04-11,10.6099,10.6457,10.4402,10.4581,2.4182,52618148
2006-04-12,10.4581,10.5117,10.3599,10.4402,2.414,64547800
2006-04-13,10.4492,10.4938,10.3688,10.4224,2.4099,29901515
2006-04-18,10.3955,10.4224,10.3152,10.3599,2.3954,41530332
2006-04-19,10.467,10.5295,10.4045,10.4402,2.414,56953931
2006-04-20,10.467,10.6099,10.4492,10.5832,2.4471,277194945
2006-04-21,10.6189,10.8064,10.601,10.8064,2.4987,129224663
2006-04-24,10.717,10.8064,10.6903,10.726,2.4801,32868698
2006-04-25,10.6814,10.8153,10.6814,10.7885,2.4946,115137027
2006-04-26,10.8243,10.8332,10.7797,10.8153,2.5008,57414333
2006-04-27,10.851,10.8689,10.7617,10.851,2.509,162960946
2006-04-28,10.8868,10.9761,10.735,10.9761,2.5379,89689579
2006-05-02,10.8153,10.9135,10.8153,10.8957,2.5489,47963650
2006-05-03,10.9047,10.9315,10.7439,10.7885,2.5238,180496843
2006-05-04,10.8064,10.8153,10.6725,10.7528,2.5154,82465822
2006-05-05,10.7082,10.86,10.7082,10.86,2.5405,127010665
2006-05-08,10.8868,10.9315,10.8332,10.8868,2.5468,33386546
2006-05-09,10.8778,10.9225,10.8243,10.9047,2.551,34788946
2006-05-10,10.8689,10.9135,10.8422,10.8422,2.5363,37651051
2006-05-11,10.86,10.9582,10.8332,10.851,2.5384,51586246
2006-05-12,10.7885,10.7975,10.5832,10.5832,2.4757,66451980
2006-05-15,10.5207,10.5563,10.342,10.476,2.4507,64833185
2006-05-16,10.4492,10.5563,10.4045,10.5207,2.4611,79961546
2006-05-17,10.5652,10.5832,10.1544,10.1544,2.3755,73641943
2006-05-18,10.1812,10.3062,9.9134,10.1544,2.3755,82771488
2006-05-19,10.083,10.2259,10.083,10.217,2.3901,48654763
2006-05-22,10.1723,10.1812,9.8507,9.8954,2.3149,79258273
2006-05-23,9.8776,10.0384,9.824,10.0294,2.3462,66494387
2006-05-24,10.0205,10.0205,9.7794,9.8954,2.3149,68785948
2006-05-25,9.9669,10.0205,9.7794,10.0205,2.3441,193145752
2006-05-26,10.0919,10.2259,10.0384,10.2259,2.3922,111096269
2006-05-29,10.2437,10.2437,10.1366,10.1366,2.3713,81005268
2006-05-30,10.0919,10.1187,9.8419,9.8776,2.3107,61544684
2006-05-31,9.8062,10.0652,9.7615,10.0652,2.3546,72785443
2006-06-01,10.0384,10.1009,9.949,10.083,2.3587,40819653
2006-06-02,10.1902,10.2259,9.9669,10.0472,2.3504,47831295
2006-06-05,10.0384,10.0384,9.9222,9.9401,2.3253,34773596
2006-06-06,9.7794,9.8597,9.7079,9.7347,2.2773,78318524
2006-06-07,9.8419,9.8865,9.7079,9.8419,2.3023,47197258
2006-06-08,9.6901,9.6901,9.5293,9.5293,2.2292,79988508
2006-06-09,9.6811,9.7347,9.6186,9.6901,2.2668,35253884
2006-06-12,9.6454,9.7079,9.5739,9.6186,2.2501,42921989
2006-06-13,9.4311,9.5739,9.3864,9.4132,2.202,63258356
2006-06-14,9.4667,9.4667,9.3239,9.4221,2.2041,45278462
2006-06-15,9.5204,9.6722,9.4936,9.6454,2.2564,93693995
2006-06-16,9.7882,9.8062,9.4579,9.4846,2.2188,234692615
2006-06-19,9.565,9.6722,9.5204,9.6364,2.2543,48812943
2006-06-20,9.5561,9.7347,9.5293,9.7347,2.2773,53875361
2006-06-21,9.7526,9.7526,9.5918,9.7347,2.2773,44431842
2006-06-22,9.824,9.8597,9.7347,9.7972,2.2919,58190707
2006-06-23,9.8329,9.9134,9.7882,9.9134,2.319,56729230
2006-06-26,9.9401,9.949,9.824,9.8507,2.3044,34564617
2006-06-27,9.8687,9.8776,9.7079,9.7436,2.2794,99508452
2006-06-28,9.7079,9.824,9.6811,9.7436,2.2794,26932531
2006-06-29,9.8151,9.9759,9.7882,9.9759,2.3337,50688428
2006-06-30,10.1187,10.2259,10.0562,10.1991,2.3859,54161737
2006-07-03,10.1902,10.217,10.1366,10.217,2.3901,43596048
2006-07-04,10.2616,10.2616,10.1723,10.2616,2.4005,25547154
2006-07-05,10.2616,10.2616,10.1366,10.1991,2.3859,32746799
2006-07-06,10.1723,10.3777,10.1723,10.342,2.4193,52824232
2006-07-07,10.3152,10.3955,10.217,10.3599,2.4235,34575542
2006-07-10,10.333,10.3867,10.2527,10.3777,2.4277,26591118
2006-07-11,10.3152,10.3688,10.2437,10.2705,2.4026,29851464
2006-07-12,10.3152,10.3599,10.1812,10.2349,2.3943,112177567
2006-07-13,10.1723,10.1812,9.9759,10.0294,2.3462,65220329
2006-07-14,9.8865,9.9937,9.8329,9.8954,2.3149,37938319
2006-07-17,9.8954,9.949,9.7526,9.8954,2.3149,38632887
2006-07-18,9.8865,9.9222,9.7615,9.824,2.2982,29923901
2006-07-19,9.9134,10.1634,9.8687,10.1634,2.3775,49991119
2006-07-20,10.2259,10.2437,10.0919,10.1187,2.3671,54976223
2006-07-21,10.0562,10.1812,10.0562,10.1098,2.365,100414510
2006-07-24,10.1009,10.3152,10.083,10.3152,2.4131,342197554
2006-07-25,10.3242,10.3599,10.2527,10.333,2.4172,713205529
2006-07-26,10.3152,10.333,10.2349,10.3242,2.4152,123949251
2006-07-27,10.342,10.5117,10.333,10.4849,2.4528,125557249
2006-07-28,10.476,10.6545,10.4492,10.6278,2.4862,116468704
2006-07-31,10.6278,10.6545,10.5295,10.592,2.4778,33012496
2006-08-01,10.4938,10.5385,10.3062,10.333,2.4398,32332187
2006-08-02,10.3777,10.5027,10.3688,10.4938,2.4778,49808372
2006-08-03,10.5295,10.5295,10.3867,10.4402,2.4651,33552754
2006-08-04,10.5027,10.601,10.467,10.592,2.501,70566515
2006-08-07,10.467,10.5027,10.3777,10.4134,2.4588,138953437
2006-08-08,10.467,10.5027,10.4224,10.4849,2.4757,42168077
2006-08-09,10.5117,10.6099,10.4313,10.5742,2.4968,75329237
2006-08-10,10.4938,10.5295,10.3777,10.476,2.4736,45832706
2006-08-11,10.5295,10.5385,10.4134,10.4849,2.4757,18154453
2006-08-14,10.5742,10.6635,10.5385,10.6457,2.5136,45917879
2006-08-15,10.592,10.7707,10.5652,10.7528,2.5389,28348481
2006-08-16,10.7797,10.86,10.735,10.8153,2.5537,136884779
2006-08-17,10.8153,10.8868,10.7885,10.8243,2.5558,31890373
2006-08-18,10.8422,10.851,10.735,10.7975,2.5495,45671361
2006-08-21,10.7975,10.8243,10.6903,10.7617,2.541,56500049
2006-08-22,10.8064,10.8243,10.6814,10.7797,2.5453,43236894
2006-08-23,10.7885,10.7885,10.6814,10.6814,2.5221,85492758
2006-08-24,10.6725,10.7975,10.5652,10.726,2.5326,71587679
2006-08-25,10.7439,10.7797,10.6545,10.717,2.5305,46892061
2006-08-28,10.7082,10.7975,10.6278,10.7975,2.5495,137026197
2006-08-29,10.7975,10.8868,10.7707,10.8153,2.5537,297601122
2006-08-30,10.851,10.8778,10.8243,10.8422,2.56,105182223
2006-08-31,10.8778,10.8868,10.7885,10.8153,2.5537,47766023
2006-09-01,10.7885,10.86,10.7885,10.8064,2.5516,28798825
2006-09-04,10.8243,10.8868,10.8243,10.8689,2.5663,37156896
2006-09-05,10.8689,10.8689,10.8064,10.8422,2.56,24971079
2006-09-06,10.8422,10.86,10.6903,10.735,2.5347,30178402
2006-09-07,10.6992,10.6992,10.601,10.6189,2.5073,40438283
2006-09-08,10.6189,10.7082,10.6099,10.6903,2.5242,26035617
2006-09-11,10.6367,10.6635,10.5295,10.6367,2.5115,36161925
2006-09-12,10.6367,10.8153,10.6099,10.7797,2.5453,56380133
2006-09-13,10.8243,10.86,10.7885,10.851,2.5621,43659096
2006-09-14,10.8689,10.9225,10.8332,10.8689,2.5663,66300528
2006-09-15,10.8868,10.985,10.8422,10.9225,2.579,157403661
2006-09-18,10.9403,11.0207,10.9315,10.9582,2.5874,59168128
2006-09-19,10.9315,10.9493,10.851,10.9135,2.5769,45483076
2006-09-20,10.851,11.0743,10.8422,11.0743,2.6148,54090319
2006-09-21,11.0475,11.1815,11.0118,11.1547,2.6338,63180338
2006-09-22,11.0654,11.1011,10.994,11.0207,2.6022,37397359
2006-09-25,11.0565,11.1011,10.9225,10.994,2.5959,73234140
2006-09-26,11.0565,11.0743,10.9672,11.0565,2.6106,51577015
2006-09-27,11.0475,11.1458,11.0029,11.1458,2.6317,82387568
2006-09-28,11.128,11.1547,11.0565,11.11,2.6233,45233287
2006-09-29,11.11,11.1815,11.11,11.1368,2.6296,42507423
2006-10-02,11.1458,11.1815,11.0654,11.128,2.6275,44889788
2006-10-03,11.0922,11.11,11.0207,11.0565,2.6106,63805793
2006-10-04,11.0833,11.1993,11.0565,11.1547,2.6338,63513981
2006-10-05,11.2262,11.3155,11.1993,11.2618,2.6591,64559168
2006-10-06,11.2976,11.5923,11.253,11.4495,2.7034,93962484
2006-10-09,11.3958,11.5834,11.3512,11.5208,2.7203,54318435
2006-10-10,11.5745,11.8066,11.5566,11.771,2.7793,81481409
2006-10-11,11.7173,11.8066,11.6459,11.6816,2.7582,68392289
2006-10-12,11.7352,12.0299,11.6727,12.0031,2.8342,46662179
2006-10-13,12.0031,12.0568,11.8513,12.0478,2.8447,48898264
2006-10-16,12.0121,12.1014,11.8424,11.9138,2.8131,61232906
2006-10-17,11.8335,11.8603,11.5655,11.6013,2.7393,67501635
2006-10-18,11.637,11.8156,11.5834,11.7441,2.773,73090863
2006-10-19,11.7173,11.9406,11.7085,11.8245,2.792,75155586
2006-10-20,11.896,12.0121,11.8245,11.9138,2.8131,46199154
2006-10-23,11.9853,12.0746,11.9138,12.0568,2.8468,158678651
2006-10-24,12.0746,12.0925,11.9585,11.9943,2.8321,36637635
2006-10-25,11.9674,12.1103,11.9496,12.1014,2.8574,158236025
2006-10-26,12.1461,12.1996,12.0121,12.0388,2.8426,211944998
2006-10-27,12.1103,12.2353,12.0925,12.155,2.87,58960879
2006-10-30,12.021,12.1371,11.9763,12.1281,2.8637,59702047
2006-10-31,12.1014,12.2353,12.0746,12.1103,2.8595,93042078
2006-11-01,12.0568,12.1281,12.0121,12.0121,2.8594,140695494
2006-11-02,11.9585,11.9853,11.7531,11.8335,2.8169,70692428
2006-11-03,11.9228,12.0388,11.8424,11.9049,2.8339,148212903
2006-11-06,11.9674,12.1461,11.9228,12.1281,2.8871,191162373
2006-11-07,12.1461,12.3158,12.1281,12.2621,2.9189,58611565
2006-11-08,12.1906,12.3783,12.1906,12.3693,2.9445,45610834
2006-11-09,12.4051,12.4854,12.3425,12.4497,2.9636,55252845
2006-11-10,12.4139,12.4408,12.2621,12.2979,2.9274,49445544
2006-11-13,12.3425,12.4497,12.2979,12.3961,2.9508,48229140
2006-11-14,12.3693,12.4586,12.3514,12.3783,2.9466,45402131
2006-11-15,12.4229,12.4497,12.3514,12.3961,2.9508,46907404
2006-11-16,12.3961,12.4139,12.3425,12.4139,2.9551,48494070
2006-11-17,12.3961,12.4318,12.2979,12.4229,2.9572,137876108
2006-11-20,12.3693,12.5658,12.3693,12.5569,2.9891,84324754
2006-11-21,12.5479,12.7444,12.5301,12.6641,3.0146,67652804
2006-11-22,12.7354,12.8873,12.7266,12.8337,3.055,96629822
2006-11-23,12.8784,12.8873,12.6194,12.7354,3.0316,60085859
2006-11-24,12.6998,12.7087,12.4318,12.4676,2.9678,58475359
2006-11-27,12.4139,12.4139,12.0835,12.1281,2.8871,94428114
2006-11-28,12.0568,12.1371,11.9317,12.0835,2.8764,102250400
2006-11-29,12.2175,12.3425,12.1728,12.2979,2.9274,75597332
2006-11-30,12.4051,12.4229,12.2443,12.2443,2.9147,147929714
2006-12-01,12.3425,12.4229,11.8781,12.0656,2.8722,71405998
2006-12-04,12.155,12.28,12.0299,12.2711,2.9211,76265333
2006-12-05,12.3514,12.4765,12.2621,12.4765,2.97,97319757
2006-12-06,12.4943,12.5569,12.4318,12.4676,2.9678,30009924
2006-12-07,12.3961,12.5569,12.3871,12.4408,2.9615,44235859
2006-12-08,12.3961,12.4765,12.2889,12.3961,2.9508,28552654
2006-12-11,12.4586,12.5926,12.4586,12.5301,2.9827,64172853
2006-12-12,12.5033,12.539,12.4676,12.5122,2.9785,70198543
2006-12-13,12.539,12.6016,12.4854,12.6016,2.9997,64027167
2006-12-14,12.6194,12.6819,12.5301,12.6461,3.0104,90966329
2006-12-15,12.6461,12.7534,12.5747,12.6729,3.0167,170634611
2006-12-18,12.6819,12.7354,12.6373,12.6998,3.0231,72129658
2006-12-19,12.6016,12.6461,12.4586,12.4854,2.9721,73730563
2006-12-20,12.5926,12.6283,12.5301,12.5747,2.9934,41911146
2006-12-21,12.5033,12.5926,12.4586,12.5569,2.9891,39573530
2006-12-22,12.5033,12.5569,12.3961,12.5301,2.9827,33582746
2006-12-27,12.3693,12.6461,12.3693,12.6461,3.0104,49639719
2006-12-28,12.6283,12.6641,12.539,12.6104,3.0019,41901001
2006-12-29,12.6104,12.6373,12.5479,12.6283,3.0061,42381479
2007-01-02,12.7623,12.9409,12.7176,12.9409,3.0805,63503470
2007-01-03,12.9409,13.0034,12.8873,12.9498,3.0826,68738874
2007-01-04,12.8606,13.0213,12.8069,13.0213,3.0996,72582543
2007-01-05,12.9409,13.0124,12.8962,12.9409,3.0805,52097759
2007-01-08,12.9319,12.9766,12.7979,12.8873,3.0678,77575762
2007-01-09,12.9231,12.9944,12.8337,12.8873,3.0678,107784634
2007-01-10,12.8159,12.8248,12.5658,12.6104,3.0019,83800825
2007-01-11,12.6819,12.7712,12.5033,12.7712,3.0401,102474159
2007-01-12,12.7712,12.7891,12.6729,12.7623,3.038,67055436
2007-01-15,12.8516,12.8784,12.7891,12.7891,3.0444,51544334
2007-01-16,12.7801,12.8426,12.6551,12.6819,3.0189,174707160
2007-01-17,12.6908,12.7444,12.539,12.5926,2.9976,48047413
2007-01-18,12.6729,12.7354,12.539,12.5658,2.9912,48195543
2007-01-19,12.5658,12.8069,12.4765,12.7712,3.0401,67645754
2007-01-22,12.8069,12.8606,12.6194,12.6641,3.0146,116911522
2007-01-23,12.6998,12.7176,12.6104,12.6461,3.0104,114862004
2007-01-24,12.7354,12.9409,12.7266,12.9409,3.0805,139782122
2007-01-25,12.9409,12.9587,12.8248,12.8962,3.0699,194286089
2007-01-26,12.8426,12.8426,12.7087,12.7444,3.0337,134416778
2007-01-29,12.7801,12.9052,12.7712,12.8962,3.0699,112252410
2007-01-30,12.8516,12.9856,12.8426,12.9766,3.089,111988471
2007-01-31,12.9231,13.057,12.9052,13.0302,3.1018,104967472
2007-02-01,13.0124,13.0213,12.8337,12.8606,3.0846,87550285
2007-02-02,12.8337,12.8606,12.7534,12.8606,3.0846,82374362
2007-02-05,12.8784,12.8873,12.7534,12.7623,3.061,228924361
2007-02-06,12.8069,12.8873,12.7712,12.8426,3.0803,88903185
2007-02-07,12.8606,12.8694,12.7801,12.8694,3.0867,124695355
2007-02-08,12.8694,12.9319,12.8337,12.9141,3.0974,86240103
2007-02-09,12.9409,13.0124,12.9052,12.9766,3.1124,89579405
2007-02-12,12.9587,12.9766,12.8069,12.8426,3.0803,110215541
2007-02-13,12.8873,12.9677,12.8784,12.9677,3.1103,43812759
2007-02-14,12.9944,13.057,12.9319,13.0391,3.1274,81361030
2007-02-15,13.0391,13.0659,12.9587,13.0213,3.1231,117765632
2007-02-16,12.9409,13.0302,12.8962,12.9498,3.106,85724841
2007-02-19,12.9766,13.0838,12.9587,13.0391,3.1274,38202285
2007-02-20,13.0838,13.1106,13.0213,13.0838,3.1381,82821269
2007-02-21,13.1195,13.1731,12.9409,12.9677,3.1103,52870666
2007-02-22,13.0391,13.1195,12.9766,13.0391,3.1274,41176647
2007-02-23,13.0481,13.0749,12.8962,12.9856,3.1146,46300872
2007-02-26,13.0124,13.0391,12.9587,13.0124,3.121,51874047
2007-02-27,12.8962,12.9052,12.5926,12.6283,3.0289,89073577
2007-02-28,12.3783,12.6283,12.28,12.5122,3.001,224687982
2007-03-01,12.4408,12.5569,11.9674,12.2533,2.9389,161373014
2007-03-02,12.3425,12.3783,12.0656,12.1818,2.9218,88243456
2007-03-05,11.9228,12.0925,11.8603,11.9674,2.8704,133487985
2007-03-06,12.0478,12.0746,11.9585,12.0656,2.8939,73187407
2007-03-07,12.1281,12.155,12.0031,12.1014,2.9025,72998252
2007-03-08,12.155,12.3604,12.1281,12.3336,2.9582,58500829
2007-03-09,12.3246,12.4229,12.1996,12.3871,2.9711,133675774
2007-03-12,12.4229,12.4586,12.1818,12.2175,2.9304,64885575
2007-03-13,12.1906,12.2175,11.9763,11.9853,2.8747,80880357
2007-03-14,11.7441,11.7798,11.4405,11.4583,2.7483,152774114
2007-03-15,11.6995,11.771,11.6102,11.762,2.8211,108600835
2007-03-16,11.7441,11.762,11.5655,11.6906,2.804,205379768
2007-03-19,11.8335,11.9406,11.7888,11.9317,2.8618,110072334
2007-03-20,11.9049,12.0388,11.8156,12.0299,2.8854,92181825
2007-03-21,12.0299,12.1193,11.896,11.9317,2.8618,77244465
2007-03-22,12.1371,12.2086,12.0478,12.1728,2.9197,79764229
2007-03-23,12.1103,12.155,12.021,12.0925,2.9004,55115134
2007-03-26,12.0568,12.1103,11.8066,11.8781,2.849,70017914
2007-03-27,11.9496,12.155,11.887,12.021,2.8832,78441525
2007-03-28,11.9317,11.9674,11.6906,11.8603,2.8447,55495958
2007-03-29,11.887,11.9317,11.8335,11.9049,2.8554,66660789
2007-03-30,11.9138,12.1639,11.8335,11.9317,2.8618,88781611
2007-04-02,11.9228,11.9674,11.8603,11.9406,2.864,62462281
2007-04-03,11.9496,12.1728,11.9406,12.1639,2.9175,84731973
2007-04-04,12.1818,12.2889,12.1639,12.2711,2.9432,83171524
2007-04-05,12.2443,12.2889,12.2175,12.2889,2.9475,121366416
2007-04-10,12.3693,12.4676,12.2621,12.4318,2.9818,58377962
2007-04-11,12.4139,12.5301,12.3514,12.4051,2.9753,48726227
2007-04-12,12.3693,12.3783,12.1818,12.2979,2.9496,88022041
2007-04-13,12.3246,12.3871,12.2621,12.3246,2.9561,84685789
2007-04-16,12.2711,12.4586,12.2533,12.4318,2.9818,85139453
2007-04-17,12.4051,12.4139,12.2353,12.3336,2.9582,86956927
2007-04-18,12.2533,12.3068,12.1639,12.2443,2.9368,60672030
2007-04-19,12.1103,12.1639,11.9763,12.1639,2.9175,108604606
2007-04-20,12.1728,12.4229,12.1639,12.3693,2.9668,117258025
2007-04-23,12.4051,12.4229,12.2621,12.3068,2.9518,107297400
2007-04-24,12.2621,12.3158,11.8781,11.9317,2.8618,155756634
2007-04-25,11.7888,12.0925,11.7263,12.0656,2.8939,138742144
2007-04-26,12.2621,12.2621,12.0031,12.0835,2.8982,171284016
2007-04-27,12.0835,12.0835,11.7531,11.7978,2.8297,206489500
2007-04-30,11.7531,11.9228,11.7441,11.7798,2.8254,201235332
2007-05-02,11.7441,11.762,11.6102,11.6638,2.8422,92494951
2007-05-03,11.7352,11.7978,11.503,11.7888,2.8727,204939867
2007-05-04,11.7888,12.0746,11.7888,12.0299,2.9314,207014467
2007-05-07,12.1014,12.1193,11.9317,11.9763,2.9184,59941558
2007-05-08,11.9496,11.9496,11.8603,11.9049,2.901,121774404
2007-05-09,11.9763,12.0568,11.8513,12.0121,2.9271,79703474
2007-05-10,11.9853,12.0925,11.8781,11.9674,2.9162,62369495
2007-05-11,11.8781,12.1281,11.8513,12.1103,2.951,188332189
2007-05-14,12.1461,12.1461,11.9317,11.9496,2.9119,96519787
2007-05-15,11.9228,12.0568,11.8603,12.0568,2.938,82463311
2007-05-16,12.0031,12.1281,11.9853,12.0656,2.9402,53737964
2007-05-17,12.1281,12.1281,11.9943,12.021,2.9293,56390379
2007-05-18,12.0568,12.3068,12.0031,12.28,2.9924,217222208
2007-05-21,12.3158,12.3336,12.155,12.155,2.9619,73807924
2007-05-22,12.1728,12.28,12.1371,12.1906,2.9706,50607338
2007-05-23,12.1639,12.3068,12.1371,12.3068,2.9989,87973761
2007-05-24,12.1906,12.3425,12.1728,12.1728,2.9663,63297168
2007-05-25,12.1281,12.2264,12.0568,12.2086,2.975,146743350
2007-05-28,12.2443,12.3068,12.1728,12.28,2.9924,27045947
2007-05-29,12.3871,12.4676,12.2979,12.4408,3.0316,64144974
2007-05-30,12.4497,12.4765,12.3158,12.4139,3.025,59150554
2007-05-31,12.4765,12.7534,12.4497,12.7534,3.1077,146917031
2007-06-01,12.7266,13.0838,12.6908,12.9498,3.1556,149049049
2007-06-04,12.8694,12.8962,12.7712,12.8337,3.1273,96991061
2007-06-05,12.8606,12.9141,12.7087,12.7712,3.1121,205417620
2007-06-06,12.7087,12.7266,12.5211,12.5569,3.0598,131664886
2007-06-07,12.6373,12.6729,12.2353,12.3246,3.0033,178884591
2007-06-08,12.2889,12.4586,12.2175,12.4229,3.0272,110753419
2007-06-11,12.5033,12.6373,12.4676,12.5211,3.0511,67724152
2007-06-12,12.5122,12.5122,12.1818,12.2353,2.9815,95602791
2007-06-13,12.1906,12.2533,12.0925,12.2353,2.9815,108975763
2007-06-14,12.3514,12.4586,12.28,12.4586,3.0359,135881939
2007-06-15,12.4676,12.5658,12.4229,12.5033,3.0468,179751565
2007-06-18,12.4139,12.5122,12.3246,12.3871,3.0185,137026430
2007-06-19,12.3961,12.4318,12.2711,12.3425,3.0076,75212130
2007-06-20,12.3783,12.4676,12.3425,12.4139,3.025,58641951
2007-06-21,12.2979,12.3514,12.1281,12.1996,2.9728,82769244
2007-06-22,12.2711,12.2979,12.1461,12.2086,2.975,54753033
2007-06-25,12.1014,12.2979,12.0299,12.2711,2.9902,59445042
2007-06-26,12.1728,12.3425,12.155,12.1639,2.9641,79365722
2007-06-27,12.0835,12.1996,12.0121,12.1371,2.9576,80208272
2007-06-28,12.2264,12.3068,12.1818,12.2264,2.9793,57177880
2007-06-29,12.28,12.2889,12.1281,12.2264,3.1023,100440175
2007-07-02,12.2086,12.2621,12.155,12.1818,3.091,75708266
2007-07-03,12.2264,12.3158,12.2264,12.2979,3.1205,90383797
2007-07-04,12.3158,12.4497,12.2979,12.3961,3.1454,43721821
2007-07-05,12.4497,12.4586,12.2979,12.3514,3.1341,102102077
2007-07-06,12.2979,12.5479,12.2889,12.5479,3.1839,54768716
2007-07-09,12.5658,12.6551,12.4943,12.5122,3.1749,76804027
2007-07-10,12.5122,12.6283,12.3246,12.4051,3.1477,69998260
2007-07-11,12.2621,12.3961,12.1281,12.3336,3.1295,103328092
2007-07-12,12.3871,12.5211,12.2353,12.5211,3.1771,67521900
2007-07-13,12.6283,12.6908,12.5836,12.6461,3.2088,90823790
2007-07-16,12.6641,12.7176,12.6104,12.7087,3.2247,33629926
2007-07-17,12.6819,12.7801,12.6641,12.7623,3.2383,283883428
2007-07-18,12.5926,12.7623,12.5836,12.5836,3.193,54493535
2007-07-19,12.6641,12.8516,12.6104,12.8069,3.2496,211581137
2007-07-20,12.7534,12.8337,12.4854,12.4854,3.1681,65239381
2007-07-23,12.4854,12.6104,12.3871,12.6104,3.1998,158062798
2007-07-24,12.539,12.6908,12.3961,12.4408,3.1567,54316322
2007-07-25,12.3783,12.6104,12.2979,12.4139,3.1499,155777155
2007-07-26,12.5301,12.5926,12.0568,12.0568,3.0593,174905154
2007-07-27,11.9943,12.28,11.9763,12.2353,3.1046,142937250
2007-07-30,12.1996,12.28,12.0299,12.1014,3.0706,103208909
2007-07-31,12.1906,12.4318,12.1818,12.4318,3.1545,90738678
2007-08-01,12.0568,12.28,11.9674,12.1461,3.1101,147268083
2007-08-02,12.2443,12.2621,12.1103,12.2086,3.1262,290121222
2007-08-03,12.2086,12.2264,12.0568,12.0656,3.0896,67538867
2007-08-06,11.9674,12.0121,11.8691,11.9317,3.0553,128952151
2007-08-07,12.1193,12.28,12.1103,12.28,3.1444,68983830
2007-08-08,12.2889,12.5926,12.2889,12.5658,3.2176,76768483
2007-08-09,12.4676,12.5301,12.2889,12.3961,3.1742,73605481
2007-08-10,12.155,12.3158,11.9496,11.9943,3.0713,139293692
2007-08-13,12.1103,12.3158,12.0746,12.28,3.1444,51584795
2007-08-14,12.155,12.2175,12.0299,12.0746,3.0919,89334958
2007-08-15,11.9496,12.1103,11.8513,12.0656,3.0896,62784343
2007-08-16,11.8335,11.887,11.6191,11.6191,2.9752,91507479
2007-08-17,11.6102,12.4139,11.5655,12.1014,3.0987,387742057
2007-08-20,12.2086,12.3068,12.0121,12.021,3.0781,83875456
2007-08-21,12.0478,12.0835,11.8156,11.9585,3.0621,51922011
2007-08-22,11.9943,12.1103,11.9853,12.0388,3.0827,51415929
2007-08-23,12.1461,12.1818,11.9674,11.9674,3.0644,33131334
2007-08-24,11.8781,11.9943,11.8513,11.9763,3.0667,28119262
2007-08-27,12.0388,12.0568,11.9406,11.9763,3.0667,19948936
2007-08-28,11.9763,11.9763,11.6816,11.7352,3.0049,68168394
2007-08-29,11.6638,11.8066,11.6013,11.771,3.0141,81768825
2007-08-30,11.8424,11.8781,11.6816,11.8603,3.037,54124437
2007-08-31,11.9228,12.021,11.9049,11.9674,3.0644,102163073
2007-09-03,12.0121,12.0478,11.9317,12.021,3.0781,28745366
2007-09-04,11.9763,12.1193,11.9138,12.1193,3.1033,98642053
2007-09-05,12.0656,12.0835,11.7888,11.7888,3.0187,76577042
2007-09-06,11.8335,11.9496,11.6548,11.8245,3.0278,94153850
2007-09-07,11.771,11.7888,11.387,11.4851,2.9409,107911565
2007-09-10,11.4762,11.5388,11.2798,11.3243,2.8998,81342122
2007-09-11,11.4316,11.5477,11.3243,11.4941,2.9432,48666931
2007-09-12,11.4495,11.503,11.2887,11.4048,2.9203,51280461
2007-09-13,11.369,11.5923,11.1368,11.5208,2.9501,77427276
2007-09-14,11.4851,11.4851,11.253,11.4048,2.9203,62647860
2007-09-17,11.3601,11.369,11.0475,11.2172,2.8723,92289599
2007-09-18,11.0922,11.6102,11.0922,11.5655,2.9615,89180517
2007-09-19,11.8691,12.1103,11.8513,12.0121,3.0758,129437717
2007-09-20,11.9049,11.9763,11.8513,11.9674,3.0644,86409818
2007-09-21,11.9228,12.0925,11.9138,11.9853,3.069,135052550
2007-09-24,11.9853,12.1193,11.9138,12.0121,3.0758,89309108
2007-09-25,11.9138,12.0121,11.8066,11.9585,3.0621,49158731
2007-09-26,12.0388,12.1371,12.021,12.0746,3.0919,67674219
2007-09-27,12.1281,12.2533,12.1193,12.2175,3.1284,69046639
2007-09-28,12.1639,12.3068,12.0925,12.1728,3.117,55366588
2007-10-01,12.0656,12.1996,11.9763,12.1818,3.1193,62328793
2007-10-02,12.2979,12.4676,12.28,12.3961,3.1742,82907641
2007-10-03,12.3246,12.4318,12.3068,12.3514,3.1627,80627698
2007-10-04,12.3693,12.5211,12.3158,12.3425,3.1605,111134677
2007-10-05,12.3871,12.5033,12.3425,12.4497,3.1879,58524900
2007-10-08,12.4586,12.4765,12.3336,12.3783,3.1696,72094376
2007-10-09,12.3425,12.3693,12.28,12.2979,3.149,55286898
2007-10-10,12.2979,12.3604,12.1906,12.2353,3.133,94366293
2007-10-11,12.1996,12.2889,12.1639,12.2533,3.1376,153104998
2007-10-12,12.2175,12.3871,12.1014,12.3425,3.1605,100759381
2007-10-15,12.4586,12.6283,12.4318,12.4408,3.1856,295339095
2007-10-16,12.3871,12.4586,12.3604,12.4229,3.181,130070412
2007-10-17,12.4765,12.7354,12.4051,12.6551,3.2405,147976334
2007-10-18,12.6641,12.8248,12.6283,12.6998,3.2519,111743561
2007-10-19,12.6461,12.8337,12.6283,12.6908,3.2496,131032915
2007-10-22,12.4318,12.5211,12.3783,12.4943,3.1993,187878886
2007-10-23,12.5836,12.6373,12.5033,12.5658,3.2176,162899384
2007-10-24,12.6104,12.6104,12.2889,12.3425,3.1605,93620579
2007-10-25,12.5569,12.6819,12.4854,12.6373,3.2359,136172729
2007-10-26,12.7444,12.9498,12.7087,12.8426,3.2885,162132029
2007-10-29,12.9498,13.2177,12.9319,13.0659,3.3457,96849159
2007-10-30,13.0659,13.3874,13.0659,13.3249,3.412,149083917
2007-10-31,13.3696,13.4321,13.3249,13.3964,3.4303,88762953
2007-11-01,13.2624,13.3517,12.8784,13.0749,3.3764,83228572
2007-11-02,12.9587,13.1642,12.9587,13.1284,3.3902,165182895
2007-11-05,12.9856,13.0927,12.8516,12.9766,3.351,235462435
2007-11-06,13.0659,13.0927,12.9677,12.9856,3.3533,99558067
2007-11-07,12.9856,13.0213,12.7354,12.8962,3.3303,93620358
2007-11-08,12.6908,13.575,12.6283,13.3964,3.4594,204853633
2007-11-09,13.5571,13.6017,13.1463,13.1999,3.4087,101096457
2007-11-12,13.1284,13.3339,13.0659,13.2267,3.4156,160195770
2007-11-13,13.1552,13.3249,13.0749,13.2624,3.4248,101895900
2007-11-14,13.3964,13.4946,13.2177,13.2356,3.4179,153936510
2007-11-15,13.2714,13.3339,13.0749,13.1642,3.3995,188492829
2007-11-16,13.0838,13.2802,12.9944,13.1999,3.4087,227959383
2007-11-19,13.2446,13.3517,13.0034,13.0481,3.3695,151871049
2007-11-20,13.1731,13.2267,13.0124,13.1999,3.4087,90930089
2007-11-21,13.0391,13.0838,12.7801,12.9141,3.3349,92013491
2007-11-22,12.9587,13.0302,12.7801,12.8159,3.3095,64678490
2007-11-23,12.7801,12.9677,12.7444,12.9409,3.3418,70043732
2007-11-26,13.0034,13.057,12.8069,12.8159,3.3095,105703305
2007-11-27,12.7712,12.9319,12.6998,12.8337,3.3141,95257930
2007-11-28,12.9141,13.0481,12.6551,12.9944,3.3556,109540388
2007-11-29,13.1016,13.1821,12.7801,12.9856,3.3533,95359104
2007-11-30,13.0034,13.1552,12.9677,13.0749,3.3764,98447156
2007-12-03,13.0659,13.1552,13.0034,13.0659,3.3741,48029664
2007-12-04,13.057,13.1463,12.9677,13.0213,3.3626,69567865
2007-12-05,13.1106,13.1731,13.0749,13.1284,3.3902,61263627
2007-12-06,13.2177,13.3249,13.0481,13.1195,3.3879,57534995
2007-12-07,13.2267,13.3517,13.1731,13.2892,3.4317,67229364
2007-12-10,13.2534,13.4142,13.2356,13.3874,3.4571,44815552
2007-12-11,13.4321,13.4679,13.3071,13.3964,3.4594,66643536
2007-12-12,13.2356,13.5035,13.1463,13.3517,3.4479,77584729
2007-12-13,13.2356,13.2534,13.0124,13.0659,3.3741,83163934
2007-12-14,13.1195,13.1552,12.8516,13.1195,3.3879,84938198
2007-12-17,12.8873,12.9677,12.8159,12.8516,3.3187,73670170
2007-12-18,12.8248,12.9766,12.7979,12.8159,3.3095,73071525
2007-12-19,12.8606,13.0034,12.7801,12.8248,3.3118,82938376
2007-12-20,12.8694,12.9587,12.8248,12.9052,3.3326,72431763
2007-12-21,13.0302,13.1463,12.9587,13.1463,3.3948,184429994
2007-12-27,13.1731,13.2714,13.1106,13.1821,3.4041,104251297
2007-12-28,13.1999,13.2267,13.1552,13.2089,3.411,48763004
2008-01-02,13.1016,13.1821,12.9498,13.0302,3.3649,111427543
2008-01-03,12.9944,13.057,12.8248,12.9052,3.3326,121311119
2008-01-04,12.8606,12.9409,12.5658,12.7176,3.2841,107726475
2008-01-07,12.6729,12.7623,12.5479,12.6373,3.2634,77138563
2008-01-08,12.6461,12.6641,12.3604,12.4408,3.2127,89036948
2008-01-09,12.3336,12.3871,12.1728,12.1906,3.1481,128894019
2008-01-10,12.2264,12.2533,11.9585,12.0478,3.1112,141665467
2008-01-11,12.0121,12.3068,11.9853,12.2443,3.1619,111150907
2008-01-14,12.1103,12.2711,11.9853,12.0746,3.1181,176636634
2008-01-15,11.9853,12.0299,11.6102,11.6102,2.9982,147651743
2008-01-16,11.5745,11.637,11.3065,11.4762,2.9636,224521668
2008-01-17,11.6459,11.7531,11.2976,11.387,2.9405,163994992
2008-01-18,11.3423,11.4673,11.0833,11.11,2.869,338055918
2008-01-21,11.0475,11.0654,9.9759,10.1098,2.6107,299610231
2008-01-22,9.3774,10.6635,9.3774,10.5742,2.7306,243078174
2008-01-23,10.735,10.7797,9.8329,10.0652,2.5992,155885466
2008-01-24,10.6278,10.7975,10.5385,10.726,2.7698,221209449
2008-01-25,10.9047,11.0833,10.6992,10.7975,2.7883,185942034
2008-01-28,10.592,10.717,10.4402,10.7082,2.7652,161992148
2008-01-29,10.7617,10.8422,10.6278,10.7707,2.7814,107127222
2008-01-30,10.717,10.7975,10.6278,10.726,2.7698,106601356
2008-01-31,10.726,10.726,10.2884,10.5652,2.7283,184696574
2008-02-01,10.6278,10.7797,10.4938,10.7797,2.8137,128104846
2008-02-04,10.8332,10.8422,10.6367,10.7082,2.7951,203926600
2008-02-05,10.6099,10.6278,10.1009,10.1366,2.6459,175724820
2008-02-06,9.9847,10.4313,9.9401,10.3599,2.7041,144994648
2008-02-07,10.4581,10.4581,10.0472,10.3599,2.7041,252625814
2008-02-08,10.467,10.5474,10.2705,10.3867,2.7111,122445765
2008-02-11,10.2259,10.4045,10.1187,10.208,2.6645,117516013
2008-02-12,10.342,10.592,10.083,10.592,2.7648,88393549
2008-02-13,10.5117,10.8153,10.4313,10.6814,2.7881,86532913
2008-02-14,10.8064,10.8243,10.5652,10.6278,2.7741,108599768
2008-02-15,10.5742,10.6725,10.2884,10.3777,2.7088,185323345
2008-02-18,10.4492,10.6635,10.4313,10.6367,2.7764,73826668
2008-02-19,10.5474,10.726,10.3955,10.592,2.7648,93193748
2008-02-20,10.4313,10.4492,10.2974,10.4045,2.7158,146015978
2008-02-21,10.4938,10.6367,10.4313,10.4938,2.7391,90250599
2008-02-22,10.4134,10.6367,10.3867,10.467,2.7321,75045357
2008-02-25,10.601,10.735,10.5563,10.7082,2.7951,100929541
2008-02-26,10.8064,10.985,10.7439,10.985,2.8673,67063667
2008-02-27,11.0297,11.0475,10.7975,11.0029,2.872,61309706
2008-02-28,10.9315,10.9403,10.7617,10.7617,2.809,54754813
2008-02-29,10.6903,10.717,10.5563,10.6545,2.7811,59660168
2008-03-03,10.4938,10.5563,10.3777,10.4492,2.7275,74494392
2008-03-04,10.4938,10.5295,10.1544,10.2705,2.6808,57100340
2008-03-05,10.3509,10.4938,10.2437,10.476,2.7344,79945400
2008-03-06,10.476,10.4849,10.1544,10.217,2.6668,61424412
2008-03-07,10.1009,10.2705,10.0115,10.1009,2.6365,89803859
2008-03-10,10.1009,10.1634,9.958,10.0205,2.6156,52326630
2008-03-11,10.0205,10.5117,10.0205,10.3509,2.7018,99594547
2008-03-12,10.592,10.6278,10.3867,10.4849,2.7368,73767911
2008-03-13,10.2795,10.333,10.0741,10.2974,2.6878,69170177
2008-03-14,10.3688,10.6278,10.1812,10.2795,2.6832,102351918
2008-03-17,10.0026,10.1009,9.8507,9.9759,2.6039,101227717
2008-03-18,10.1634,10.3955,10.0384,10.3777,2.7088,76765966
2008-03-19,10.4849,10.6189,10.2974,10.5207,2.7461,87470187
2008-03-20,10.4224,10.7617,10.3152,10.735,2.8021,188944964
2008-03-25,10.985,11.1993,10.985,11.1905,2.9209,147029495
2008-03-26,11.1547,11.2083,11.0207,11.2083,2.9256,71284836
2008-03-27,11.119,11.4226,11.119,11.3958,2.9746,77611789
2008-03-28,11.3958,11.4226,11.2798,11.3512,2.9629,79603051
2008-03-31,11.2887,11.3155,11.0833,11.2708,2.9419,76554001
2008-04-01,11.253,11.9049,11.2083,11.7888,3.0771,116908381
2008-04-02,12.021,12.0299,11.8691,12.0031,3.1331,84694649
2008-04-03,12.0478,12.0478,11.8156,11.9406,3.1168,116079511
2008-04-04,11.9585,11.9853,11.7531,11.9317,3.1144,109633175
2008-04-07,11.9853,12.1371,11.9138,12.021,3.1377,72978320
2008-04-08,11.9228,11.9406,11.6638,11.8781,3.1004,70277065
2008-04-09,11.7978,11.8781,11.7085,11.7263,3.0608,50125924
2008-04-10,11.7441,11.762,11.4405,11.6727,3.0468,67379773
2008-04-11,11.7263,11.762,11.3958,11.4941,3.0002,65230451
2008-04-14,11.4316,11.4316,11.2887,11.369,2.9676,95128087
2008-04-15,11.378,11.6548,11.378,11.5745,3.0212,88465686
2008-04-16,11.7531,11.8781,11.5923,11.8424,3.0911,116403064
2008-04-17,11.8603,12.0121,11.8513,11.9138,3.1098,188570184
2008-04-18,11.9585,12.3336,11.9585,12.2979,3.21,147504754
2008-04-21,12.3068,12.3693,12.0835,12.1639,3.175,109051931
2008-04-22,12.1103,12.1639,12.0121,12.0568,3.1471,90348512
2008-04-23,12.1103,12.1281,11.6906,11.9853,3.1284,224592239
2008-04-24,11.9228,12.0746,11.762,12.0746,3.1517,146560538
2008-04-25,12.1461,12.2175,12.0388,12.0925,3.1564,137992250
2008-04-28,12.1193,12.28,12.1193,12.2353,3.1937,121203401
2008-04-29,12.1728,12.2711,12.0478,12.2353,3.1937,189097264
2008-04-30,12.1906,12.3871,12.0925,12.3693,3.2287,93961455
2008-05-02,12.5926,12.7444,12.5479,12.5926,3.3558,155422432
2008-05-05,12.6016,12.6016,12.4497,12.539,3.3416,181457334
2008-05-06,12.539,12.5658,12.3604,12.5569,3.3463,124991473
2008-05-07,12.5926,12.6729,12.5033,12.6016,3.3582,99701505
2008-05-08,12.4676,12.6641,12.4318,12.6551,3.3725,88212935
2008-05-09,12.5747,12.5836,12.4586,12.5122,3.3344,83589217
2008-05-12,12.5658,12.6283,12.5301,12.5836,3.3535,45281974
2008-05-13,12.6373,12.6819,12.4676,12.5122,3.3344,99271096
2008-05-14,12.5747,12.7087,12.5479,12.6461,3.3701,124788123
2008-05-15,12.5836,12.7266,12.5569,12.6998,3.3844,56489270
2008-05-16,12.7712,12.8873,12.5836,12.6729,3.3773,173208078
2008-05-19,12.6908,12.7087,12.5836,12.6729,3.3773,116594615
2008-05-20,12.6104,12.6283,12.4497,12.4943,3.3297,78625301
2008-05-21,12.5479,12.5569,12.2175,12.3068,3.2797,68981221
2008-05-22,12.1728,12.2175,11.9317,12.1728,3.244,181015637
2008-05-23,12.1818,12.1996,11.8781,11.9049,3.1726,81892864
2008-05-26,11.771,11.8603,11.7085,11.7798,3.1393,62049237
2008-05-27,11.7798,11.8603,11.6548,11.6816,3.1131,69665652
2008-05-28,11.771,11.9674,11.7085,11.8335,3.1535,55019809
2008-05-29,11.9853,11.9853,11.6906,11.8335,3.1535,46529034
2008-05-30,11.9228,11.9853,11.8513,11.9585,3.1869,43601345
2008-06-02,11.9585,11.9585,11.637,11.6906,3.1155,54674377
2008-06-03,11.628,11.7263,11.4941,11.6816,3.1131,55860135
2008-06-04,11.5477,11.637,11.4048,11.5745,3.0845,60903811
2008-06-05,11.6816,11.6816,11.3423,11.4405,3.0488,71886675
2008-06-06,11.5655,11.6102,11.0565,11.11,2.9608,96084984
2008-06-09,11.0297,11.1368,10.8332,10.9582,2.9203,69799697
2008-06-10,10.8243,11.2262,10.735,11.128,2.9655,81918084
2008-06-11,11.2351,11.2976,10.726,10.7975,2.8775,106579965
2008-06-12,10.8153,11.1011,10.7528,11.0118,2.9346,84223366
2008-06-13,10.985,11.2262,10.8689,11.1637,2.975,93180791
2008-06-16,11.2083,11.2976,10.8868,10.985,2.9274,68426346
2008-06-17,11.0743,11.2262,10.994,11.0922,2.956,69264786
2008-06-18,11.0029,11.0475,10.7707,10.8332,2.887,69331083
2008-06-19,10.7617,10.8778,10.6903,10.735,2.8608,80409732
2008-06-20,10.8064,10.8422,10.467,10.6814,2.8465,163439661
2008-06-23,10.6992,10.8778,10.6099,10.6814,2.8465,108116400
2008-06-24,10.6814,10.7707,10.4849,10.5742,2.818,78005545
2008-06-25,10.6545,10.8957,10.601,10.86,2.8941,93098450
2008-06-26,10.7885,10.7885,10.5117,10.5295,2.8061,64896592
2008-06-27,10.4849,10.5295,10.2974,10.4402,2.7823,109950194
2008-06-30,10.4581,10.5117,10.2259,10.4224,2.9486,133793937
2008-07-01,10.3777,10.3777,10.1366,10.2527,2.9006,80408750
2008-07-02,10.3599,10.5563,10.1366,10.4224,2.9486,147670845
2008-07-03,10.2705,10.6278,10.208,10.5832,2.9941,99544673
2008-07-04,10.6189,10.6278,10.0472,10.1277,2.8653,78153675
2008-07-07,10.2527,10.2527,9.9669,10.1366,2.8678,91436973
2008-07-08,9.9222,10.1902,9.8507,10.1455,2.8703,88922575
2008-07-09,10.2795,10.5474,10.217,10.476,2.9638,95323448
2008-07-10,10.2259,10.4402,10.208,10.2795,2.9082,89677400
2008-07-11,10.3599,10.3688,9.9759,10.0294,2.8375,66900615
2008-07-14,10.0741,10.1991,9.824,10.0384,2.84,109708760
2008-07-15,9.8507,9.8954,9.4667,9.7882,2.7692,119076008
2008-07-16,9.7436,9.9847,9.5471,9.8776,2.7945,101769208
2008-07-17,10.0741,10.3062,10.0562,10.1723,2.8779,123666415
2008-07-18,10.1723,10.5385,10.0115,10.4938,2.9688,189163701
2008-07-21,10.5117,10.5832,10.2616,10.4492,2.9562,89809235
2008-07-22,10.3688,10.4313,10.1187,10.342,2.9259,96791696
2008-07-23,10.5385,10.9493,10.5207,10.9135,3.0876,276802834
2008-07-24,11.119,11.128,10.8153,10.8422,3.0674,177322242
2008-07-25,10.6725,10.8243,10.5474,10.8243,3.0623,127845032
2008-07-28,10.8868,10.9403,10.6367,10.717,3.032,90954160
2008-07-29,10.4938,11.0297,10.4581,10.9672,3.1028,108946029
2008-07-30,11.0922,11.2172,11.0118,11.0654,3.1306,186670685
2008-07-31,11.0475,11.253,11.0118,11.1458,3.1533,151049260
2008-08-01,10.8422,10.9403,10.7082,10.7617,3.0789,82706126
2008-08-04,10.851,10.851,10.5117,10.592,3.0304,119315432
2008-08-05,10.6903,10.994,10.6278,10.9672,3.1377,156703947
2008-08-06,11.0833,11.119,10.86,10.9672,3.1377,201648428
2008-08-07,10.8957,11.0743,10.7707,10.7707,3.0815,149240045
2008-08-08,10.7528,10.9225,10.6099,10.8153,3.0942,141815079
2008-08-11,10.7975,11.1011,10.735,11.1011,3.176,59905619
2008-08-12,11.0565,11.1993,10.9582,11.128,3.1837,63212051
2008-08-13,11.0386,11.0565,10.726,10.735,3.0712,120146953
2008-08-14,10.7617,10.7885,10.5474,10.6367,3.0431,120662066
2008-08-15,10.7082,10.7617,10.592,10.6814,3.0559,136995704
2008-08-18,10.6903,10.7617,10.5117,10.6457,3.0457,29593038
2008-08-19,10.4849,10.5207,10.2705,10.3152,2.9511,61517602
2008-08-20,10.3152,10.3777,10.1098,10.2884,2.9435,87597369
2008-08-21,10.2349,10.2527,10.0294,10.0652,2.8796,64783581
2008-08-22,10.0384,10.3777,9.9847,10.3688,2.9665,44844729
2008-08-25,10.2795,10.2974,10.0919,10.1009,2.8898,32770477
2008-08-26,10.0115,10.1812,9.949,10.1366,2.9,42924231
2008-08-27,10.0472,10.2259,10.0026,10.0741,2.8822,89005491
2008-08-28,10.1009,10.3867,10.0205,10.3599,2.9639,67187401
2008-08-29,10.3955,10.4581,10.2974,10.3955,2.9741,43124537
2008-09-01,10.2705,10.4492,10.2259,10.3777,2.969,20533280
2008-09-02,10.4313,10.6545,10.3242,10.6278,3.0406,103483274
2008-09-03,10.5474,10.6903,10.4581,10.6367,3.0431,77078068
2008-09-04,10.6189,10.6725,10.1812,10.208,2.9205,77582083
2008-09-05,10.0919,10.1366,9.7882,9.9222,2.8387,123034083
2008-09-08,10.2705,10.6725,10.2705,10.467,2.9946,100235675
2008-09-09,10.4224,10.6278,10.2437,10.3688,2.9665,88414543
2008-09-10,10.3062,10.333,9.9669,10.0384,2.8719,123997652
2008-09-11,9.958,10.0294,9.7704,9.9312,2.8413,75441014
2008-09-12,9.9669,10.1277,9.8062,10.1277,2.8975,75602369
2008-09-15,9.7615,9.9759,9.3596,9.4311,2.6982,176106941
2008-09-16,9.3061,9.565,8.7344,9.4489,2.7033,209772782
2008-09-17,9.5829,9.5918,8.8863,8.9219,2.5526,133258062
2008-09-18,8.8952,9.2881,8.8059,8.8863,2.5423,155450552
2008-09-19,10.0472,10.3509,9.3596,10.0384,2.8719,305685252
2008-09-22,10.1812,10.1812,9.6454,9.6454,2.7595,128494688
2008-09-23,9.6186,9.6989,9.3061,9.3864,2.6854,109093213
2008-09-24,9.5293,9.5382,9.3596,9.4132,2.6931,109221368
2008-09-25,9.4757,9.7882,9.3596,9.7436,2.7876,63611744
2008-09-26,9.6454,9.8687,9.4936,9.7526,2.7902,110374996
2008-09-29,9.7436,9.7436,9.3239,9.3417,2.6726,66443517
2008-09-30,9.1096,9.5114,9.0024,9.3774,2.6829,82597834
2008-10-01,9.6275,9.7436,9.4311,9.7436,2.7876,83392810
2008-10-02,9.7347,10.1812,9.6544,9.6989,2.7748,91812977
2008-10-03,9.8687,10.4581,9.6989,10.4402,2.9869,88312895
2008-10-06,9.8419,10.2616,9.8062,9.8062,2.8055,92764358
2008-10-07,10.0115,10.3777,9.5114,10.0919,2.8873,124012833
2008-10-08,9.6901,10.1366,9.2434,9.5114,2.7212,138284327
2008-10-09,9.6989,9.8151,9.0649,9.1989,2.6318,116154548
2008-10-10,8.7969,8.7969,8.011,8.1003,2.3175,188519986
2008-10-13,8.7523,9.1006,8.4129,9.1006,2.6037,150293897
2008-10-14,9.3328,9.7882,9.0381,9.1809,2.6267,154459354
2008-10-15,9.1096,9.1274,8.4933,8.6898,2.4861,112673986
2008-10-16,8.2165,8.4933,7.9931,8.1271,2.3251,135627344
2008-10-17,8.5379,8.6005,8.0468,8.2879,2.3711,126462565
2008-10-20,8.5111,8.5469,8.2968,8.4398,2.4146,71607147
2008-10-21,8.5648,8.5736,8.1361,8.2879,2.3711,176112744
2008-10-22,8.0378,8.0914,7.368,7.4662,2.1361,233128022
2008-10-23,7.4573,7.4841,6.725,7.109,2.0339,243032980
2008-10-24,6.7072,6.725,5.8944,6.3856,1.8269,378468986
2008-10-27,6.2159,6.5195,5.6354,6.1355,1.7554,215585599
2008-10-28,6.6714,6.6714,5.9122,5.9837,1.7119,155391837
2008-10-29,6.5821,6.841,6.4035,6.841,1.9572,157839298
2008-10-30,7.0108,7.3948,6.8947,7.0912,2.0288,132223302
2008-10-31,7.1447,7.5288,7.0554,7.4752,2.1386,149013578
2008-11-03,7.4662,7.502,7.0733,7.368,2.1435,96884556
2008-11-04,7.4395,7.6985,7.3412,7.6985,2.2397,190353531
2008-11-05,7.636,7.8771,7.4662,7.7253,2.2475,124477184
2008-11-06,7.3144,7.6448,7.2162,7.243,2.1072,98587620
2008-11-07,7.243,7.4483,7.0018,7.4483,2.1669,257290230
2008-11-10,7.1894,7.2787,6.8947,7.0733,2.0578,112725259
2008-11-11,6.7875,6.8679,6.5017,6.5732,1.9123,131331637
2008-11-12,6.7429,6.7607,6.073,6.073,1.7668,218499904
2008-11-13,6.2358,6.5424,6.0921,6.3412,1.8448,111416095
2008-11-14,6.6094,6.6286,6.2263,6.255,1.8197,111023874
2008-11-17,6.2358,6.255,5.6803,5.824,1.6943,154543023
2008-11-18,5.7665,5.7665,5.4504,5.7569,1.6748,146107045
2008-11-19,5.7474,5.7474,5.1822,5.1822,1.5076,145498908
2008-11-20,4.9235,5.0193,4.6937,4.8949,1.424,234209436
2008-11-21,4.981,5.2301,4.9043,4.981,1.4491,220163473
2008-11-24,5.1726,5.4408,5.0289,5.4408,1.5829,159174084
2008-11-25,5.3642,5.7186,5.2492,5.6037,1.6302,176444568
2008-11-26,5.4121,5.7378,5.2971,5.7186,1.6637,155221639
2008-11-27,5.6995,6.14,5.6899,6.073,1.7668,179970848
2008-11-28,6.1209,6.2071,5.9006,6.1592,1.7919,85105851
2008-12-01,6.1975,6.1975,5.709,5.7474,1.672,95575388
2008-12-02,5.5749,6.1209,5.5174,6.1209,1.7807,120615842
2008-12-03,6.0442,6.1017,5.8527,6.1017,1.7751,72495360
2008-12-04,5.9773,6.2358,5.8623,5.9963,1.7445,110563068
2008-12-05,5.8815,5.9677,5.7953,5.8432,1.6999,122648986
2008-12-08,6.1879,6.4753,6.1209,6.4657,1.881,91433219
2008-12-09,6.437,6.552,6.255,6.5232,1.8978,158579549
2008-12-10,6.5041,6.5807,6.3699,6.5328,1.9005,110828750
2008-12-11,6.4753,6.5903,6.3699,6.5424,1.9033,100184336
2008-12-12,6.1975,6.2646,5.8623,6.2646,1.8225,149780559
2008-12-15,5.9581,6.3029,5.9581,6.2646,1.8225,149039465
2008-12-16,6.2263,6.4562,6.2071,6.437,1.8727,114784539
2008-12-17,6.5615,6.5711,6.2646,6.4178,1.8671,142273818
2008-12-18,6.4274,6.5232,6.3508,6.4466,1.8755,97446184
2008-12-19,6.3412,6.5615,6.3221,6.5615,1.9089,232030173
2008-12-22,6.437,6.4849,6.3508,6.3795,1.856,135423890
2008-12-23,6.3316,6.4657,6.3221,6.3987,1.8615,65512954
2008-12-29,6.3508,6.437,6.2646,6.3221,1.8392,42272211
2008-12-30,6.3508,6.4657,6.3221,6.4657,1.881,43489080
2009-01-02,6.5041,6.7052,6.4466,6.7052,1.9507,60986309
2009-01-05,6.7723,6.8489,6.7244,6.8489,1.9925,94589679
2009-01-06,6.8777,7.0118,6.801,6.9352,2.0176,39345784
2009-01-07,6.8873,6.9256,6.7723,6.8489,1.9925,62289142
2009-01-08,6.7148,6.7915,6.6286,6.7052,1.9507,109773892
2009-01-09,6.7436,6.7723,6.552,6.6478,1.934,104159723
2009-01-12,6.5711,6.6669,6.4849,6.552,1.9061,91773470
2009-01-13,6.437,6.4466,6.2263,6.3316,1.842,100229721
2009-01-14,6.3221,6.3508,5.7569,5.8432,1.6999,139689615
2009-01-15,5.8623,5.9485,5.6899,5.824,1.6943,121566535
2009-01-16,6.0442,6.1592,5.8527,5.8527,1.7027,194478597
2009-01-19,5.9485,5.9773,5.4025,5.5653,1.6191,140664980
2009-01-20,5.5749,5.6803,5.0385,5.1438,1.4965,162002062
2009-01-21,5.0672,5.345,4.8661,5.163,1.502,246277312
2009-01-22,5.4025,5.4312,5.0289,5.1343,1.4937,248521057
2009-01-23,5.1343,5.2109,4.9139,5.1247,1.4909,138653293
2009-01-26,5.0768,5.4887,5.048,5.4217,1.5773,276507317
2009-01-27,5.4312,5.5174,5.3067,5.5079,1.6024,175716539
2009-01-28,5.5079,6.2933,5.4696,6.2454,1.8169,210196638
2009-01-29,6.1688,6.2167,5.9294,6.0921,1.7724,120132247
2009-01-30,5.9006,6.0826,5.8336,6.0538,1.7612,150087609
2009-02-02,5.7761,5.824,5.527,5.6707,1.6834,107135005
2009-02-03,5.709,5.7857,5.5653,5.7665,1.7118,334204160
2009-02-04,5.8048,5.9677,5.6803,5.8911,1.7488,134164152
2009-02-05,5.6803,5.8623,5.527,5.824,1.7289,145898214
2009-02-06,5.8432,5.9485,5.7665,5.824,1.7289,209789589
2009-02-09,5.7474,5.8623,5.7474,5.824,1.7289,147621431
2009-02-10,5.7665,5.9102,5.6324,5.642,1.6748,145355235
2009-02-11,5.5462,5.709,5.4887,5.6228,1.6692,160067700
2009-02-12,5.5653,5.6132,5.3833,5.4696,1.6237,92680394
2009-02-13,5.5558,5.642,5.4121,5.4791,1.6265,122977932
2009-02-16,5.4121,5.4312,5.2588,5.2588,1.5611,95872171
2009-02-17,5.1534,5.163,4.847,4.9043,1.4559,145262978
2009-02-18,4.981,5.0289,4.8182,5.0001,1.4843,123521257
2009-02-19,5.0576,5.0959,4.8853,4.981,1.4786,106134122
2009-02-20,4.8565,4.8757,4.6937,4.7128,1.399,162420208
2009-02-23,4.8757,4.9139,4.5979,4.6362,1.3763,100781090
2009-02-24,4.55,4.6841,4.4159,4.5021,1.3365,130012693
2009-02-25,4.7033,4.7607,4.4734,4.6266,1.3734,127749927
2009-02-26,4.6458,4.9427,4.6362,4.9235,1.4616,113513609
2009-02-27,4.8278,4.8374,4.5979,4.6937,1.3933,128053330
2009-03-02,4.5213,4.55,4.3105,4.3105,1.2796,131757695
2009-03-03,4.3584,4.4255,4.2339,4.2339,1.2568,111097093
2009-03-04,4.2722,4.4063,4.2722,4.3967,1.3052,120781871
2009-03-05,4.3297,4.3584,4.0518,4.0614,1.2057,109611509
2009-03-06,4.1572,4.1668,3.8125,3.9656,1.1772,134841091
2009-03-09,4.0327,4.0327,3.755,3.8315,1.1374,154649866
2009-03-10,3.8411,4.3105,3.7837,4.3105,1.2796,135899414
2009-03-11,4.3201,4.5979,4.2051,4.435,1.3166,158816930
2009-03-12,4.3201,4.5979,4.1668,4.5787,1.3592,116530431
2009-03-13,4.6937,4.847,4.6362,4.7224,1.4019,145459641
2009-03-16,4.8182,4.9714,4.8086,4.9139,1.4587,137493441
2009-03-17,4.8374,4.9427,4.7416,4.8949,1.453,111054846
2009-03-18,5.0193,5.0864,4.7703,4.8853,1.4502,107474236
2009-03-19,4.9906,5.1247,4.9139,4.981,1.4786,113781408
2009-03-20,4.9235,4.981,4.7128,4.981,1.4786,216307812
2009-03-23,5.0864,5.2109,5.0576,5.2109,1.5469,181504126
2009-03-24,5.3259,5.4025,5.1343,5.2396,1.5554,166180413
2009-03-25,5.163,5.3354,5.1247,5.2396,1.5554,145413289
2009-03-26,5.2684,5.3354,5.163,5.2875,1.5696,156931116
2009-03-27,5.2684,5.3546,5.1151,5.1151,1.5184,73056711
2009-03-30,4.9235,4.9522,4.7128,4.732,1.4047,102521072
2009-03-31,4.7799,4.9714,4.7607,4.9714,1.4758,91405264
2009-04-01,4.8853,5.2109,4.7799,5.163,1.5327,137288473
2009-04-02,5.3163,5.6611,5.2971,5.6516,1.6777,268804362
2009-04-03,5.5653,5.7953,5.527,5.6516,1.6777,229551708
2009-04-06,5.7857,5.8815,5.4696,5.6132,1.6663,245183835
2009-04-07,5.6803,5.7665,5.4887,5.642,1.6748,147848408
2009-04-08,5.5366,5.7665,5.4791,5.7474,1.7061,71122209
2009-04-09,5.8432,6.2646,5.824,6.2454,1.854,86327119
2009-04-14,6.2263,6.5041,6.14,6.3891,1.8966,211150779
2009-04-15,6.2646,6.3604,6.14,6.2071,1.8426,140993279
2009-04-16,6.3221,6.4657,6.2167,6.4178,1.9052,163913422
2009-04-17,6.4753,6.6094,6.3604,6.6094,1.962,181752672
2009-04-20,6.5807,6.6286,6.2167,6.2742,1.8625,157026017
2009-04-21,6.255,6.3125,5.939,6.14,1.8227,250651651
2009-04-22,6.1784,6.3987,6.0538,6.3987,1.8995,216186140
2009-04-23,6.2933,6.3987,6.1688,6.2454,1.854,205895422
2009-04-24,6.3029,6.437,6.2646,6.437,1.9108,206733526
2009-04-27,6.2933,6.3987,6.1975,6.3699,1.8909,286416635
2009-04-28,6.2071,6.3891,6.1209,6.2837,1.8654,221773762
2009-04-29,6.4466,6.7148,6.3987,6.6669,1.9791,311953637
2009-04-30,6.7723,7.0214,6.7436,6.9639,2.1337,212627436
2009-05-04,6.7052,6.801,6.5424,6.6861,2.0486,210209374
2009-05-05,6.6957,6.8394,6.6382,6.7819,2.0779,285968003
2009-05-06,6.6765,6.8681,6.6765,6.8106,2.0867,299815973
2009-05-07,6.8968,7.0022,6.6957,6.7244,2.0603,293024108
2009-05-08,6.8681,7.0789,6.8106,7.0405,2.1572,205975719
2009-05-11,7.0789,7.1171,6.8777,7.0022,2.1454,197973578
2009-05-12,6.8873,7.0214,6.8585,6.9064,2.1161,139873558
2009-05-13,6.9447,6.9735,6.552,6.552,2.0075,129951192
2009-05-14,6.4753,6.5903,6.3699,6.5903,2.0192,162584551
2009-05-15,6.6861,6.7052,6.4657,6.5232,1.9987,142474689
2009-05-18,6.3891,6.8202,6.3699,6.801,2.0838,94433147
2009-05-19,6.8968,7.0789,6.8777,7.031,2.1542,138973857
2009-05-20,6.9735,7.0883,6.8777,7.0022,2.1454,125602517
2009-05-21,6.8681,6.916,6.7723,6.8298,2.0926,79036726
2009-05-22,6.8489,7.0214,6.8106,6.9735,2.1366,83551394
2009-05-25,7.0022,7.0214,6.8681,7.0022,2.1454,31680028
2009-05-26,6.9352,7.1554,6.8968,7.0883,2.1718,96526297
2009-05-27,7.165,7.2703,7.1171,7.2512,2.2217,105089176
2009-05-28,7.1267,7.232,7.0979,7.1937,2.2041,69033121
2009-05-29,7.2991,7.3087,7.165,7.1746,2.1982,90894388
2009-06-01,7.347,7.5098,7.3087,7.4715,2.2892,95729285
2009-06-02,7.3757,7.4907,7.3182,7.4236,2.2746,122477322
2009-06-03,7.4428,7.4811,7.165,7.2129,2.21,115151655
2009-06-04,7.2224,7.2799,7.1362,7.2512,2.2217,105940665
2009-06-05,7.3182,7.4907,7.3087,7.4045,2.2687,95642308
2009-06-08,7.3661,7.3949,7.2224,7.2895,2.2335,77248430
2009-06-09,7.3661,7.4619,7.3374,7.414,2.2716,75091428
2009-06-10,7.5098,7.6727,7.5098,7.6056,2.3303,108896236
2009-06-11,7.5961,7.7398,7.5769,7.6823,2.3538,97565592
2009-06-12,7.6631,7.7206,7.6152,7.7206,2.3655,61087430
2009-06-15,7.6823,7.6823,7.5194,7.5194,2.3039,70894740
2009-06-16,7.6056,7.6631,7.5338,7.5673,2.3186,77795600
2009-06-17,7.5913,7.6152,7.3805,7.4907,2.2951,89541736
2009-06-18,7.5003,7.6823,7.4332,7.6727,2.3509,118918628
2009-06-19,7.6631,8.0894,7.6248,8.0559,2.4683,237176890
2009-06-22,8.0272,8.0272,7.7398,7.7493,2.3743,167367495
2009-06-23,7.6823,7.7493,7.5865,7.644,2.3421,116578425
2009-06-24,7.6823,7.917,7.6056,7.893,2.4184,77497495
2009-06-25,7.8835,7.9697,7.7254,7.9409,2.433,85223652
2009-06-26,7.9984,8.1086,7.9074,8.0032,2.4521,111154499
2009-06-29,7.9505,8.2474,7.9361,8.2378,2.524,117573709
2009-06-30,8.2809,8.3144,8.1182,8.1995,2.7275,88940227
2009-07-01,8.2665,8.3815,8.2378,8.3384,2.7737,124336132
2009-07-02,8.2618,8.3767,8.0272,8.0272,2.6701,77967082
2009-07-03,8.1229,8.1995,8.008,8.1995,2.7275,52599539
2009-07-06,8.1325,8.1517,7.9218,8.008,2.6637,71768667
2009-07-07,8.0942,8.1851,7.984,7.9984,2.6605,81975644
2009-07-08,7.9361,7.9936,7.7206,7.7781,2.5873,82998762
2009-07-09,7.8643,7.9888,7.8356,7.9026,2.6287,55750611
2009-07-10,7.826,7.9457,7.7972,7.826,2.6032,60150875
2009-07-13,7.7877,8.0607,7.6631,8.0463,2.6765,71636054
2009-07-14,8.1229,8.1707,7.9888,8.1373,2.7068,87609006
2009-07-15,8.1851,8.4773,8.1469,8.4773,2.8199,98457584
2009-07-16,8.439,8.6497,8.3767,8.5587,2.8469,179840535
2009-07-17,8.6306,8.6737,8.4773,8.5875,2.8565,442907190
2009-07-20,8.7168,8.7934,8.6833,8.7695,2.917,156674498
2009-07-21,8.8126,8.9371,8.6881,8.712,2.8979,97853060
2009-07-22,8.7743,8.803,8.6976,8.803,2.9282,131948490
2009-07-23,8.8126,9.0952,8.8126,9.0281,3.0031,223131184
2009-07-24,9.0138,9.2437,8.9659,9.167,3.0493,208644332
2009-07-27,9.2915,9.4783,9.2675,9.4783,3.1528,253726414
2009-07-28,9.5406,9.6555,9.4352,9.5597,3.1799,275303661
2009-07-29,9.6028,9.6938,9.2723,9.4495,3.1433,116775426
2009-07-30,9.4735,9.6507,9.3154,9.5885,3.1895,161700561
2009-07-31,9.5789,9.7465,9.5597,9.7322,3.2373,183114968
2009-08-03,9.5597,9.7274,9.5214,9.6268,3.2466,242087364
2009-08-04,9.6843,9.689,9.4831,9.5885,3.2337,172008615
2009-08-05,9.6124,9.6699,9.349,9.4448,3.1852,106880928
2009-08-06,9.5932,9.6699,9.5118,9.598,3.2369,447372006
2009-08-07,9.5597,9.8136,9.4831,9.7944,3.3031,225880751
2009-08-10,9.7369,9.78,9.6507,9.7513,3.2886,64807756
2009-08-11,9.7705,9.8088,9.6076,9.6603,3.2579,68660664
2009-08-12,9.6507,9.8136,9.5358,9.7944,3.3031,56363374
2009-08-13,9.804,9.9477,9.7753,9.8567,3.3241,138178443
2009-08-14,9.8998,9.9621,9.6747,9.7369,3.2837,72038346
2009-08-17,9.6651,9.6699,9.325,9.4304,3.1804,65034928
2009-08-18,9.4591,9.5932,9.4304,9.5932,3.2353,59813446
2009-08-19,9.4591,9.6172,9.3537,9.5645,3.2256,43843939
2009-08-20,9.6747,9.7944,9.6411,9.7609,3.2918,76609806
2009-08-21,9.7226,10.0579,9.6938,10.0579,3.392,333119929
2009-08-24,10.0579,10.2207,10.0435,10.1585,3.4259,92121013
2009-08-25,10.0866,10.3069,9.9908,10.2974,3.4727,70606594
2009-08-26,10.2495,10.3165,10.2063,10.2926,3.4711,82375357
2009-08-27,10.2159,10.3213,10.2016,10.2974,3.4727,44359577
2009-08-28,10.3261,10.4841,10.3165,10.3835,3.5018,49131312
2009-08-31,10.2782,10.4505,10.2399,10.283,3.4679,45906079
2009-09-01,10.3691,10.3739,10.0387,10.0531,3.3903,101608876
2009-09-02,9.9812,10.0052,9.6268,9.7705,3.295,108108573
2009-09-03,9.7705,10.0195,9.6795,9.8663,3.3274,83460192
2009-09-04,9.9621,10.3213,9.9142,10.3165,3.4792,87804061
2009-09-07,10.3835,10.4457,10.2878,10.3835,3.5018,52093701
2009-09-08,10.3931,10.4026,10.1776,10.2686,3.463,87801996
2009-09-09,10.168,10.3021,10.1441,10.259,3.4598,66729943
2009-09-10,10.3357,10.3357,10.0004,10.077,3.3984,76218978
2009-09-11,10.1585,10.3499,10.1537,10.2111,3.4436,59288640
2009-09-14,10.0962,10.2255,10.0243,10.2016,3.4404,48556778
2009-09-15,10.2063,10.3643,10.168,10.3261,3.4824,65573509
2009-09-16,10.3357,10.5751,10.3309,10.4936,3.5389,73596216
2009-09-17,10.5655,10.599,10.3931,10.508,3.5438,76246847
2009-09-18,10.4266,10.6613,10.3978,10.5894,3.5713,104652867
2009-09-21,10.5703,10.5799,10.4026,10.5368,3.5535,126311543
2009-09-22,10.5799,10.7092,10.5559,10.6134,3.5793,47549310
2009-09-23,10.6182,10.7475,10.5942,10.7379,3.6213,62881953
2009-09-24,10.6996,10.805,10.508,10.5751,3.5664,86549974
2009-09-25,10.6134,10.6373,10.4074,10.5463,3.5567,57288261
2009-09-28,10.4889,10.7475,10.4122,10.7475,3.6246,69669865
2009-09-29,10.7715,10.7762,10.6086,10.6709,3.5987,68263523
2009-09-30,10.7188,10.7667,10.4505,10.5368,3.5535,49334607
2009-10-01,10.5847,10.6421,10.2351,10.2495,3.4566,55966466
2009-10-02,10.1153,10.1872,9.919,9.9764,3.3645,97658238
2009-10-05,10.0004,10.3213,9.9381,10.2974,3.4727,119412393
2009-10-06,10.3883,10.7236,10.3739,10.6996,3.6084,97655343
2009-10-07,10.7092,10.7188,10.4314,10.5942,3.5729,98869558
2009-10-08,10.7092,10.7762,10.5607,10.6086,3.5777,115806248
2009-10-09,10.5559,10.6613,10.4984,10.532,3.5519,74083934
2009-10-12,10.5368,10.7188,10.5272,10.6134,3.5793,60658662
2009-10-13,10.5799,10.6134,10.3978,10.4649,3.5293,59905737
2009-10-14,10.6038,10.9104,10.5894,10.9104,3.6795,99043287
2009-10-15,10.9774,11.1499,10.9056,11.0157,3.715,114198628
2009-10-16,10.9966,11.1163,10.6757,10.7475,3.6565,182845302
2009-10-19,10.9056,11.1115,10.8241,11.1115,3.7804,125476861
2009-10-20,11.169,11.193,10.9678,10.9678,3.7315,92525495
2009-10-21,11.0924,11.1786,10.8529,11.169,3.7999,92098173
2009-10-22,10.9678,11.0636,10.9199,11.0493,3.7592,81017554
2009-10-23,11.1594,11.2169,10.9008,10.9199,3.7152,78463743
2009-10-26,10.9966,11.0972,10.805,10.805,3.6761,75303395
2009-10-27,10.7667,10.8864,10.6948,10.872,3.6989,64104711
2009-10-28,10.7188,10.7715,10.4074,10.4984,3.5718,107668177
2009-10-29,10.4889,10.9199,10.3978,10.872,3.6989,97835691
2009-10-30,10.872,10.9247,10.4553,10.532,3.5832,86308583
2009-11-02,10.4697,10.69,10.417,10.6182,3.6125,48646862
2009-11-03,10.4793,10.4889,10.1968,10.259,3.4903,76166627
2009-11-04,10.3453,10.5032,10.3405,10.4889,3.6101,61834198
2009-11-05,10.3931,10.7762,10.2638,10.6565,3.6678,57298081
2009-11-06,10.6038,10.7667,10.4266,10.7427,3.6974,56859133
2009-11-09,10.8146,10.9918,10.7667,10.9918,3.7831,40647279
2009-11-10,10.9726,11.078,10.8673,10.9199,3.7584,59610838
2009-11-11,11.0157,11.102,10.9822,11.0301,3.7963,44731428
2009-11-12,11.0157,11.1882,10.9822,11.0828,3.8145,49052769
2009-11-13,11.0828,11.1546,11.0014,11.1546,3.8392,95671740
2009-11-16,11.1978,11.351,11.193,11.3127,3.8936,56953554
2009-11-17,11.2744,11.3175,11.1546,11.2073,3.8573,42470572
2009-11-18,11.2792,11.3702,11.2552,11.26,3.8755,67328639
2009-11-19,11.2888,11.2888,11.0828,11.1163,3.826,42968374
2009-11-20,11.1834,11.2313,10.9343,10.9487,3.7683,68322060
2009-11-23,11.1067,11.3127,11.0732,11.3031,3.8903,38790239
2009-11-24,11.1738,11.3127,11.1259,11.2313,3.8656,57622950
2009-11-25,11.3462,11.375,11.2265,11.3271,3.8985,39845789
2009-11-26,11.2121,11.2265,10.9104,10.9583,3.7716,61436435
2009-11-27,10.6038,11.1546,10.5894,11.0924,3.8178,85404208
2009-11-30,11.169,11.2025,10.8625,10.9295,3.7617,50341435
2009-12-01,11.0732,11.1978,11.0445,11.1403,3.8342,60475562
2009-12-02,11.1499,11.2361,11.0253,11.1355,3.8326,50142011
2009-12-03,11.2552,11.3462,11.193,11.2217,3.8623,46832840
2009-12-04,11.1594,11.4611,11.1211,11.4515,3.9414,63752470
2009-12-07,11.3558,11.4419,11.3127,11.4085,3.9266,27993393
2009-12-08,11.3223,11.4229,11.0732,11.1499,3.8375,41833496
2009-12-09,11.0636,11.1546,10.6661,10.7427,3.6974,109098213
2009-12-10,10.7236,10.7906,10.6038,10.781,3.7106,93776818
2009-12-11,10.8337,10.8625,10.6469,10.6996,3.6826,89078854
2009-12-14,10.8241,10.9104,10.7667,10.8433,3.732,37330947
2009-12-15,10.8241,10.8864,10.6948,10.8625,3.7386,79163445
2009-12-16,10.9104,11.0493,10.872,11.0493,3.8029,82360337
2009-12-17,10.872,10.9678,10.7475,10.8433,3.732,98380036
2009-12-18,10.8625,10.9918,10.7379,10.7379,3.6958,246855255
2009-12-21,10.8194,10.9487,10.7619,10.9247,3.7601,157991443
2009-12-22,10.9199,11.0588,10.9199,11.0014,3.7864,73932932
2009-12-23,11.0732,11.1067,11.0014,11.0636,3.8079,35207150
2009-12-28,11.1115,11.2025,11.0924,11.1546,3.8392,24796790
2009-12-29,11.1594,11.1882,11.0924,11.1594,3.8408,54583954
2009-12-30,11.169,11.169,11.0205,11.0636,3.8079,23633494
2010-01-04,11.0828,11.2648,11.0828,11.2648,3.8771,79446791
2010-01-05,11.2744,11.4467,11.2744,11.3894,3.92,88192670
2010-01-06,11.4277,11.485,11.3367,11.4707,3.948,32626816
2010-01-07,11.3702,11.4659,11.3079,11.4181,3.9299,69156422
2010-01-08,11.485,11.4994,11.3319,11.4563,3.943,63167437
2010-01-11,11.4946,11.624,11.4755,11.4755,3.9496,49672269
2010-01-12,11.5377,11.5521,11.26,11.26,3.8755,156220768
2010-01-13,11.2169,11.2792,11.0876,11.1738,3.8458,75982815
2010-01-14,11.2552,11.2888,11.078,11.2361,3.8672,104087835
2010-01-15,11.2744,11.3702,11.0157,11.0157,3.7914,105092641
2010-01-18,11.102,11.102,10.9583,11.0588,3.8062,138880608
2010-01-19,11.0157,11.3031,10.9247,11.2696,3.8788,244469494
2010-01-20,11.2025,11.3031,10.805,10.8912,3.7485,229044885
2010-01-21,10.9487,10.9631,10.3165,10.4314,3.5903,346577425
2010-01-22,10.3931,10.4026,10.0674,10.3931,3.5771,271553929
2010-01-25,10.2782,10.441,10.2495,10.2495,3.5276,269914690
2010-01-26,10.1106,10.3165,9.9956,10.3117,3.5491,305317215
2010-01-27,10.1058,10.1441,9.7369,9.7896,3.3694,135718237
2010-01-28,9.9477,10.1153,9.6076,9.6076,3.3068,230268796
2010-01-29,9.7705,10.0004,9.6459,9.8663,3.3958,242321221
2010-02-01,9.713,9.9908,9.6795,9.9381,3.4629,116073711
2010-02-02,10.01,10.2303,9.9237,10.1728,3.5447,371183411
2010-02-03,10.2399,10.2782,9.7369,9.78,3.4079,288134874
2010-02-04,9.7992,9.8998,8.8327,8.8605,3.0874,407897335
2010-02-05,8.621,9.0904,8.3288,8.8461,3.0824,427157832
2010-02-08,8.9792,9.0712,8.621,9.0175,3.1422,232330154
2010-02-09,9.0138,9.3154,8.8701,9.2197,3.2126,269579089
2010-02-10,9.4955,9.6459,9.3883,9.5617,3.3318,211758811
2010-02-11,9.6843,9.6843,9.1287,9.2973,3.2396,94561828
2010-02-12,9.4343,9.4591,9.0617,9.1507,3.1886,73635648
2010-02-15,9.2054,9.3681,9.1287,9.2417,3.2203,96945703
2010-02-16,9.3672,9.4112,9.1479,9.3537,3.2593,142016432
2010-02-17,9.4543,9.5434,9.3902,9.4927,3.3077,93414463
2010-02-18,9.4639,9.5885,9.3729,9.5693,3.3344,125347015
2010-02-19,9.4275,9.6699,9.3117,9.6651,3.3678,74671253
2010-02-22,9.7226,9.7417,9.4352,9.4745,3.3014,62533126
2010-02-23,9.5214,9.5492,9.008,9.0856,3.1659,67662879
2010-02-24,9.0205,9.0702,8.6986,8.9563,3.1208,82160892
2010-02-25,8.8701,9.0463,8.7656,8.8499,3.0838,73652265
2010-02-26,9.0042,9.1479,8.8595,9.1469,3.1872,64308503
2010-03-01,9.2723,9.3663,9.0138,9.2513,3.2236,42560397
2010-03-02,9.2197,9.3193,9.0722,9.2915,3.2376,50233728
2010-03-03,9.2274,9.5406,9.1287,9.5176,3.3164,63471311
2010-03-04,9.4735,9.7226,9.4199,9.622,3.3528,89660668
2010-03-05,9.7034,9.9812,9.6076,9.9573,3.4696,68909980
2010-03-08,10.0387,10.0531,9.9573,9.9908,3.4813,48575318
2010-03-09,10.0004,10.0243,9.7753,9.895,3.4479,54122031
2010-03-10,9.895,10.0387,9.8423,10.0387,3.498,48278289
2010-03-11,9.9716,10.01,9.8232,9.895,3.4479,42148768
2010-03-12,9.9621,10.0531,9.8854,9.9285,3.4596,36962482
2010-03-15,9.8998,9.9142,9.7513,9.78,3.4079,50257769
2010-03-16,9.8854,9.895,9.6843,9.8711,3.4396,45566888
2010-03-17,9.9094,9.986,9.8327,9.9525,3.4679,66114760
2010-03-18,9.8758,9.9237,9.713,9.78,3.4079,59624655
2010-03-19,9.8279,9.8711,9.5932,9.6076,3.3478,146968272
2010-03-22,9.5885,9.598,9.2437,9.4438,3.2907,91235338
2010-03-23,9.4841,9.6603,9.4639,9.6172,3.3511,47608828
2010-03-24,9.6651,9.6795,9.2226,9.3777,3.2677,94528143
2010-03-25,9.3873,9.6364,9.2733,9.6364,3.3578,88184105
2010-03-26,9.598,9.713,9.5242,9.6364,3.3578,49055206
2010-03-29,9.7082,9.7657,9.5549,9.6555,3.3645,72955035
2010-03-30,9.7226,9.7513,9.4898,9.5416,3.3248,38461924
2010-03-31,9.4831,9.5885,9.2753,9.4256,3.2844,43874049
2010-04-01,9.4831,9.6651,9.4112,9.6651,3.3678,31505075
2010-04-06,9.78,9.8088,9.5147,9.7369,3.3928,69272447
2010-04-07,9.7226,9.8375,9.6459,9.7705,3.4045,46604388
2010-04-08,9.7082,9.7274,9.4994,9.6411,3.3595,49563590
2010-04-09,9.7322,10.0627,9.6603,10.0339,3.4963,70256591
2010-04-12,10.1728,10.3357,10.1537,10.2399,3.5681,87656214
2010-04-13,10.2255,10.3595,10.192,10.2447,3.5697,130823144
2010-04-14,10.3261,10.3643,10.2159,10.2878,3.5848,45248711
2010-04-15,10.3357,10.3547,10.1106,10.3357,3.6015,103014466
2010-04-16,10.2399,10.417,9.9381,10.0483,3.5013,159658889
2010-04-19,9.9142,10.077,9.8567,9.9669,3.4729,170149467
2010-04-20,10.0148,10.1345,9.8663,10.0866,3.5147,202349352
2010-04-21,10.1249,10.1297,9.7561,9.7992,3.4145,159180063
2010-04-22,9.8136,9.8327,9.417,9.4937,3.3081,236875820
2010-04-23,9.531,9.78,9.3873,9.5406,3.3244,233853044
2010-04-26,9.7274,9.7944,9.4448,9.6172,3.3511,279164852
2010-04-27,9.5176,9.5386,9.0617,9.097,3.1699,178459901
2010-04-28,8.916,9.1938,8.5827,8.7168,3.0374,290729240
2010-04-29,8.8126,9.2043,8.7264,9.0626,3.1579,294733153
2010-04-30,9.2111,9.4247,9.0051,9.1479,3.1876,203128831
2010-05-03,8.8279,8.9228,8.6986,8.8758,3.1683,169880699
2010-05-04,8.7532,8.8518,8.1851,8.2474,2.944,359577337
2010-05-05,8.2857,8.324,7.7934,8.0415,2.8705,324435647
2010-05-06,7.9026,8.348,7.5118,7.6727,2.7389,510473409
2010-05-07,7.4495,7.9505,7.2272,7.3853,2.6363,313909794
2010-05-10,8.8126,9.1,8.5252,9.1,3.2484,372301344
2010-05-11,8.8279,9.0042,8.415,8.7973,3.1403,168680552
2010-05-12,8.6632,9.1287,8.506,8.8318,3.1526,96807448
2010-05-13,9.099,9.099,8.5923,8.756,3.1256,114247859
2010-05-14,8.599,8.621,7.7972,7.9697,2.8449,158153368
2010-05-17,7.9793,8.1813,7.7407,7.895,2.8182,101194508
2010-05-18,8.2034,8.3959,8.0635,8.3786,2.9909,106174504
2010-05-19,8.1277,8.2905,7.9266,8.1613,2.9133,114815622
2010-05-20,8.2752,8.4102,7.7398,8.075,2.8825,102945093
2010-05-21,8.075,8.3078,7.7598,8.2426,2.9423,165952554
2010-05-24,8.3566,8.3959,7.9888,8.1478,2.9085,80070368
2010-05-25,7.7589,7.8796,7.5778,7.8279,2.7943,122929264
2010-05-26,7.9984,8.0721,7.779,7.779,2.7768,121604039
2010-05-27,7.7101,8.0224,7.529,7.8671,2.8083,155910728
2010-05-28,8.0032,8.1095,7.9419,8.0463,2.8722,118816304
2010-05-31,7.9333,8.0176,7.9122,7.9745,2.8466,33828106
2010-06-01,7.8739,7.9457,7.6248,7.8567,2.8045,75226278
2010-06-02,7.7589,7.7972,7.5769,7.711,2.7526,133721370
2010-06-03,7.9026,7.9208,7.6459,7.6756,2.7399,121674052
2010-06-04,7.644,7.689,7.1937,7.232,2.5816,167542917
2010-06-07,7.1841,7.3767,7.0012,7.1477,2.5515,117770485
2010-06-08,7.232,7.2512,6.9112,7.0453,2.5149,114144654
2010-06-09,7.1267,7.3193,6.9543,7.3173,2.612,87629408
2010-06-10,7.2311,7.7848,7.1171,7.6957,2.7471,96483523
2010-06-11,7.8068,8.3806,7.7704,8.2474,2.944,170548790
2010-06-14,8.371,8.4113,8.1593,8.3279,2.9728,89839910
2010-06-15,8.1517,8.6066,8.1038,8.5491,3.0517,120752231
2010-06-16,8.7168,8.7455,8.3586,8.5156,3.0398,95812891
2010-06-17,8.4869,8.7839,8.44,8.6507,3.088,132301461
2010-06-18,8.7455,9.0952,8.736,8.9563,3.1971,201117265
2010-06-21,9.1335,9.1996,8.9563,9.0233,3.221,131813666
2010-06-22,8.8605,8.9898,8.7475,8.9659,3.2005,61302890
2010-06-23,8.7877,8.9467,8.6976,8.7906,3.1379,55732680
2010-06-24,8.8126,8.8595,8.4304,8.4592,3.0196,57304092
2010-06-25,8.4352,8.6632,8.393,8.4984,3.0336,67801069
2010-06-28,8.5444,8.6794,8.439,8.6794,3.0982,50046056
2010-06-29,8.4668,8.5454,8.0903,8.0903,2.888,71611253
2010-06-30,8.1535,8.5827,8.0185,8.3719,3.2275,89636014
2010-07-01,8.0846,8.5827,8.0032,8.3308,3.2116,89453929
2010-07-02,8.4352,8.621,8.3336,8.3969,3.2371,53863090
2010-07-05,8.3987,8.4562,8.2724,8.3183,3.2068,42005738
2010-07-06,8.3336,8.8844,8.3336,8.8222,3.4011,71949425
2010-07-07,8.6698,9.4352,8.5731,9.3931,3.6211,131973715
2010-07-08,9.5118,9.5789,9.2695,9.531,3.6743,179471664
2010-07-09,9.5789,9.6651,9.4495,9.5492,3.6813,88981196
2010-07-12,9.5789,9.5837,9.3969,9.4697,3.6507,122731832
2010-07-13,9.5118,9.7034,9.416,9.7034,3.7408,58241819
2010-07-14,9.7561,9.7609,9.531,9.689,3.7352,133559437
2010-07-15,9.6268,9.7226,9.3585,9.4515,3.6437,91187767
2010-07-16,9.5195,9.5932,9.1479,9.2618,3.5706,76357250
2010-07-19,9.1862,9.4831,9.0349,9.1919,3.5436,245607009
2010-07-20,9.325,9.4238,9.0521,9.3873,3.6189,329926173
2010-07-21,9.4064,9.4774,9.1823,9.2627,3.5709,427693121
2010-07-22,9.1766,9.6124,9.1575,9.5607,3.6858,369025389
2010-07-23,9.5386,9.6938,9.4495,9.689,3.7352,107290449
2010-07-26,9.8088,9.8136,9.6172,9.7896,3.774,328726942
2010-07-27,9.8184,10.0579,9.7896,9.9812,3.8479,180202146
2010-07-28,10.0483,10.0818,9.919,9.9908,3.8516,228282878
2010-07-29,9.9046,9.9621,9.7705,9.8279,3.7888,178351831
2010-07-30,9.7561,9.7657,9.485,9.5492,3.6813,188294660
2010-08-02,9.5022,9.9094,9.5022,9.9094,3.8741,330243627
2010-08-03,9.8663,9.9908,9.7513,9.9429,3.8873,111041123
2010-08-04,9.9142,10.01,9.7513,9.9094,3.8741,139974767
2010-08-05,9.9333,10.0387,9.8567,9.9381,3.8854,137806790
2010-08-06,9.9573,10.0291,9.5885,9.6795,3.7843,176132316
2010-08-09,9.8567,9.8806,9.7561,9.8375,3.8461,61299424
2010-08-10,9.7992,9.8232,9.6747,9.7369,3.8067,95246476
2010-08-11,9.6459,9.7082,9.2723,9.3097,3.6397,136947342
2010-08-12,9.2006,9.3777,9.167,9.279,3.6277,137597415
2010-08-13,9.3241,9.3672,9.0397,9.1,3.5577,91337212
2010-08-16,9.0798,9.1612,8.9199,9.0473,3.5371,105239357
2010-08-17,9.0712,9.144,8.9696,9.1249,3.5674,115117806
2010-08-18,9.0808,9.1469,8.9764,9.1335,3.5708,48066948
2010-08-19,9.1766,9.3337,8.938,8.9563,3.5015,163366572
2010-08-20,8.9563,9.0281,8.6996,8.8011,3.4409,61427858
2010-08-23,8.8786,9.1258,8.8165,9.008,3.5217,34514670
2010-08-24,8.9084,8.918,8.6833,8.7963,3.439,42018614
2010-08-25,8.758,8.872,8.4677,8.5951,3.3603,51372214
2010-08-26,8.7839,8.8318,8.6794,8.7465,3.4195,64559987
2010-08-27,8.6497,8.8738,8.6354,8.8231,3.4495,42566381
2010-08-30,8.9371,8.9371,8.7791,8.8154,3.4465,20619939
2010-08-31,8.6497,8.8691,8.5951,8.8576,3.463,77048924
2010-09-01,8.8901,9.2973,8.7954,9.281,3.6285,104489154
2010-09-02,9.2417,9.3643,9.1517,9.2533,3.6176,76316947
2010-09-03,9.2723,9.5272,9.2111,9.3988,3.6745,50283460
2010-09-06,9.4639,9.4811,9.3729,9.394,3.6727,21585773
2010-09-07,9.3394,9.3672,9.1728,9.237,3.6113,53579286
2010-09-08,9.1862,9.4084,9.1287,9.3825,3.6682,74108069
2010-09-09,9.325,9.6268,9.2915,9.507,3.7169,77186868
2010-09-10,9.4064,9.5559,9.3873,9.5013,3.7146,64282605
2010-09-13,9.5693,9.6364,9.5214,9.5549,3.7356,57665599
2010-09-14,9.5597,9.6411,9.4717,9.6124,3.7581,49141392
2010-09-15,9.6555,9.6555,9.4266,9.5195,3.7217,93668652
2010-09-16,9.5003,9.5597,9.4543,9.4543,3.6963,54770973
2010-09-17,9.5684,9.5789,9.2465,9.2627,3.6214,90983715
2010-09-20,9.2341,9.4122,9.1527,9.394,3.6727,96912105
2010-09-21,9.2934,9.5301,9.2915,9.3308,3.648,60323186
2010-09-22,9.3394,9.3681,8.9744,9.0645,3.5438,83130822
2010-09-23,9.1287,9.1479,8.7934,8.8901,3.4757,74089335
2010-09-24,8.8126,9.1479,8.7647,9.1383,3.5727,95364449
2010-09-27,9.1479,9.1967,8.9707,8.9774,3.5098,46784258
2010-09-28,8.9093,9.0434,8.7292,8.9371,3.494,82371303
2010-09-29,9.0042,9.0693,8.7858,8.8643,3.4656,55881953
2010-09-30,8.7839,9.1191,8.7551,8.9247,3.4892,88783073
2010-10-01,8.9467,9.0214,8.6449,8.7168,3.4079,127988294
2010-10-04,8.6785,8.8413,8.5779,8.7273,3.412,66940757
2010-10-05,8.7168,9.0779,8.6497,9.0665,3.5446,63113657
2010-10-06,9.2015,9.2906,9.0569,9.0894,3.5536,371656515
2010-10-07,9.1191,9.2245,8.9649,9.1114,3.5622,384130471
2010-10-08,9.0722,9.0904,8.9084,9.0099,3.5225,331555129
2010-10-11,9.0233,9.0712,8.9208,8.9754,3.509,142120406
2010-10-12,8.894,8.917,8.7954,8.9036,3.4809,47511650
2010-10-13,8.9036,9.2455,8.8509,9.1823,3.5899,71853482
2010-10-14,9.2437,9.3126,9.1,9.1239,3.5671,66460005
2010-10-15,9.0933,9.1153,8.9859,9.0808,3.5963,100134430
2010-10-18,9.0138,9.1527,8.9486,9.1392,3.6195,83441794
2010-10-19,9.1479,9.4016,9.1431,9.2139,3.6491,131447318
2010-10-20,9.0894,9.2427,9.0702,9.2082,3.6468,57421681
2010-10-21,9.1766,9.2915,9.1201,9.167,3.6305,105515477
2010-10-22,9.1517,9.2542,9.0904,9.2245,3.6532,82102044
2010-10-25,9.2915,9.2954,8.9965,9.053,3.5853,56026287
2010-10-26,9.0042,9.0271,8.8605,8.9371,3.5394,101755773
2010-10-27,8.8557,9.0127,8.7934,8.7934,3.4825,68496091
2010-10-28,8.7187,8.7839,8.6066,8.7618,3.47,93763026
2010-10-29,8.7235,8.9467,8.6526,8.8422,3.5019,72070769
2010-11-01,8.9275,8.9352,8.5223,8.575,3.396,64976374
2010-11-02,8.5223,8.6277,8.4294,8.6277,3.4169,96124840
2010-11-03,8.6765,8.6765,8.257,8.324,3.2966,77974453
2010-11-04,8.5252,8.5597,8.3039,8.3605,3.3111,85797810
2010-11-05,8.4869,8.4869,8.0607,8.1421,3.2246,105431483
2010-11-08,8.1803,8.1803,8.0272,8.1325,3.2208,63487635
2010-11-09,8.1421,8.3557,8.099,8.2857,3.2815,62966864
2010-11-10,8.2436,8.2857,7.9314,8.0424,3.1851,75911582
2010-11-11,8.074,8.1104,7.8345,8.008,3.1715,82229419
2010-11-12,7.8068,8.2493,7.6823,8.167,3.2344,102494145
2010-11-15,8.0827,8.348,8.029,8.3107,3.2913,68386435
2010-11-16,8.211,8.3078,8.0511,8.0511,3.1885,66150597
2010-11-17,8.03,8.2474,7.9993,8.2149,3.2534,57097634
2010-11-18,8.2953,8.4649,8.2761,8.3212,3.2955,65936387
2010-11-19,8.324,8.324,7.9984,8.1707,3.236,93643851
2010-11-22,8.3336,8.3432,7.7877,7.8413,3.1055,94076297
2010-11-23,7.7877,7.7905,7.4706,7.4706,2.9586,124855789
2010-11-24,7.4715,7.5721,7.2799,7.4907,2.9666,103584398
2010-11-25,7.5558,7.6047,7.2991,7.4907,2.9666,60697480
2010-11-26,7.4093,7.4093,7.12,7.2148,2.8573,118183280
2010-11-29,7.3317,7.4093,7.0022,7.0223,2.7811,127334471
2010-11-30,7.0338,7.1746,6.8106,6.9926,2.7693,132097833
2010-12-01,7.1516,7.5625,7.1362,7.4935,2.9677,143033828
2010-12-02,7.6305,7.917,7.3661,7.8787,3.1202,164845217
2010-12-03,7.9409,8.0348,7.8173,7.9888,3.1639,89568429
2010-12-06,7.9505,7.9897,7.7589,7.8106,3.0933,53795431
2010-12-07,7.7637,7.8748,7.6631,7.7589,3.0728,81169255
2010-12-08,7.644,8.0128,7.6056,7.9438,3.146,52512429
2010-12-09,8.0367,8.1363,7.9246,8.1363,3.2223,78877618
2010-12-10,8.1545,8.1613,7.8863,7.9505,3.1487,63535760
2010-12-13,7.9514,8.0463,7.8739,7.9667,3.1551,53257571
2010-12-14,7.9543,8.0176,7.8068,8.0156,3.1745,72692680
2010-12-15,7.8758,7.9112,7.713,7.804,3.0907,101283679
2010-12-16,7.7953,7.895,7.664,7.7972,3.088,105287550
2010-12-17,7.8547,7.8547,7.5501,7.6392,3.0254,174576018
2010-12-20,7.6143,7.7694,7.5079,7.711,3.0539,151492145
2010-12-21,7.802,7.9793,7.735,7.9323,3.1415,58187904
2010-12-22,7.9314,7.9687,7.8001,7.824,3.0986,45699016
2010-12-23,7.893,7.9026,7.7589,7.7866,3.0838,24440335
2010-12-27,7.7445,7.7781,7.4907,7.5577,2.9932,41331429
2010-12-28,7.5769,7.6344,7.5098,7.5865,3.0045,38011737
2010-12-29,7.6161,7.7005,7.5625,7.6651,3.0356,28748536
2010-12-30,7.6535,7.689,7.573,7.5941,3.0076,78540989
2011-01-03,7.6603,7.7493,7.5989,7.6335,3.0231,74790945
2011-01-04,7.6152,7.7531,7.5194,7.6507,3.03,62389413
2011-01-05,7.6679,7.6794,7.3087,7.6009,3.0102,97847668
2011-01-06,7.5625,7.6152,7.4055,7.4428,2.9476,111208266
2011-01-07,7.37,7.416,7.1841,7.2799,2.8831,100791183
2011-01-10,7.1841,7.2177,7.0846,7.0846,2.8058,122511828
2011-01-11,7.1458,7.2224,7.0549,7.2043,2.8532,109713799
2011-01-12,7.2531,7.9266,7.2368,7.893,3.1259,154335402
2011-01-13,7.9314,8.3509,7.9227,8.2713,3.2758,187123289
2011-01-14,8.2091,8.3144,8.0692,8.257,3.2701,144393679
2011-01-17,7.9611,8.0008,7.8329,7.9234,3.232,77863575
2011-01-18,7.9527,8.2923,7.9432,8.2413,3.3617,108783413
2011-01-19,8.23,8.28,8.0989,8.1885,3.3401,100558435
2011-01-20,8.113,8.3394,8.0762,8.2451,3.3632,91335899
2011-01-21,8.2451,8.7064,8.2262,8.5564,3.4902,154717253
2011-01-24,8.6734,8.7262,8.3394,8.5281,3.4787,102595614
2011-01-25,8.4998,8.5187,8.1904,8.2611,3.3698,122571221
2011-01-26,8.3027,8.3951,8.1659,8.1838,3.3382,73817352
2011-01-27,8.113,8.5706,8.0461,8.4715,3.4556,144033087
2011-01-28,8.4008,8.6592,8.33,8.3734,3.4155,101948116
2011-01-31,8.3659,8.6319,8.1998,8.4432,3.444,88944825
2011-02-01,8.5187,8.6309,8.3819,8.6159,3.5144,72723996
2011-02-02,8.6555,8.6979,8.4998,8.6262,3.5187,73351429
2011-02-03,8.6508,8.6885,8.3536,8.4809,3.4594,98357490
2011-02-04,8.4809,8.5093,8.2744,8.414,3.4321,61421273
2011-02-07,8.3093,8.5423,8.2847,8.4451,3.4448,82064047
2011-02-08,8.4489,8.5045,8.3602,8.5026,3.4683,71283105
2011-02-09,8.4809,8.6036,8.4432,8.4706,3.4552,53943641
2011-02-10,8.4243,8.4423,8.1319,8.2536,3.3667,116686937
2011-02-11,8.2074,8.4055,8.1272,8.3394,3.4017,50283668
2011-02-14,8.4055,8.4338,8.1998,8.264,3.3709,59644488
2011-02-15,8.2215,8.4432,8.164,8.3866,3.4209,53786780
2011-02-16,8.3866,8.7687,8.3866,8.7017,3.5495,111186144
2011-02-17,8.7026,8.8545,8.6177,8.7894,3.5852,67752733
2011-02-18,8.8206,8.8545,8.5281,8.7375,3.5641,145442048
2011-02-21,8.7064,8.7159,8.4498,8.4498,3.4467,91175815
2011-02-22,8.3583,8.4876,8.2272,8.3593,3.4098,65973628
2011-02-23,8.347,8.4432,8.2885,8.3206,3.394,73131978
2011-02-24,8.2583,8.3404,8.1696,8.2479,3.3644,60679177
2011-02-25,8.3489,8.4951,8.3111,8.4319,3.4394,47892338
2011-02-28,8.4366,8.5281,8.3111,8.4291,3.4382,60360690
2011-03-01,8.4923,8.5234,8.2291,8.2828,3.3786,97186697
2011-03-02,8.1602,8.2536,8.0753,8.1508,3.3247,62115639
2011-03-03,8.2357,8.3196,7.9432,8.0159,3.2697,75492583
2011-03-04,8.08,8.0932,7.8395,7.8678,3.2093,70821149
2011-03-07,7.8395,7.9102,7.6432,7.7734,3.1708,93335142
2011-03-08,7.8112,7.8583,7.6602,7.8413,3.1985,85716433
2011-03-09,7.8979,7.9017,7.7395,7.8102,3.1858,59599897
2011-03-10,7.6932,7.7215,7.5942,7.7036,3.1423,76422830
2011-03-11,7.6319,7.7536,7.598,7.6357,3.1146,78810517
2011-03-14,7.6696,8.047,7.6602,7.8121,3.1866,129093074
2011-03-15,7.6413,7.8998,7.547,7.83,3.1939,139601455
2011-03-16,7.9055,7.9508,7.5347,7.5763,3.0904,100570290
2011-03-17,7.6791,7.88,7.5489,7.8225,3.1908,87667855
2011-03-18,7.8583,7.9338,7.7168,7.8253,3.192,134954459
2011-03-21,7.9244,8.0508,7.8593,8.0508,3.2839,153308378
2011-03-22,8.0942,8.2819,7.9508,8.0187,3.2709,92807104
2011-03-23,7.9432,8.0442,7.8593,8.0074,3.2662,77280757
2011-03-24,7.9017,8.1225,7.8621,8.1168,3.3109,60374184
2011-03-25,8.1225,8.1413,8.0281,8.0413,3.2801,46948096
2011-03-28,8.0328,8.1045,7.9536,8.0687,3.2913,40611032
2011-03-29,8.0621,8.0885,7.8979,7.9668,3.2497,58816374
2011-03-30,8.0536,8.0753,7.8857,7.9178,3.2297,63901455
2011-03-31,7.9489,7.9715,7.7281,7.7281,3.1523,97231098
2011-04-01,7.8432,7.9338,7.7451,7.9338,3.2362,105763756
2011-04-04,7.8961,7.9885,7.8432,7.8781,3.2135,109905830
2011-04-05,7.83,7.8574,7.6527,7.7659,3.1677,80498002
2011-04-06,7.7093,7.9932,7.6649,7.9395,3.2385,85764531
2011-04-07,7.9772,8.1828,7.9366,8.0753,3.2939,120698256
2011-04-08,8.1508,8.1979,8.113,8.1706,3.3328,96653794
2011-04-11,8.164,8.2215,8.0876,8.1319,3.317,67144161
2011-04-12,8.0102,8.1894,8.0017,8.0461,3.282,72716919
2011-04-13,8.0744,8.113,8.0093,8.0187,3.2709,65205956
2011-04-14,7.9715,7.981,7.7678,7.8347,3.1958,120078497
2011-04-15,7.8272,7.8347,7.6904,7.7961,3.18,288977073
2011-04-18,7.7979,7.7979,7.5064,7.5932,3.0973,258856780
2011-04-19,7.6102,7.7366,7.5574,7.6395,3.1162,277758225
2011-04-20,7.73,7.7923,7.6649,7.7178,3.1481,435808862
2011-04-21,7.8055,7.8866,7.6866,7.7734,3.1708,404803784
2011-04-26,7.8196,7.9149,7.7479,7.8744,3.212,316315895
2011-04-27,7.8781,8.0611,7.8168,7.9951,3.2612,64644031
2011-04-28,8.0942,8.1555,8.0404,8.114,3.3097,139208794
2011-04-29,8.1319,8.1527,8.0574,8.1338,3.3178,68377586
2011-05-02,8.0187,8.0508,7.881,7.8979,3.3133,277131837
2011-05-03,7.8866,7.9112,7.813,7.9112,3.3188,192412157
2011-05-04,7.8762,7.9527,7.7847,7.813,3.2776,205744767
2011-05-05,7.8253,7.83,7.6706,7.7357,3.2452,184389881
2011-05-06,7.7366,7.8725,7.6932,7.8121,3.2772,210447534
2011-05-09,7.7244,7.7357,7.5706,7.5942,3.1858,237869211
2011-05-10,7.5942,7.7546,7.5347,7.714,3.2361,156626607
2011-05-11,7.7517,7.7885,7.6621,7.7168,3.2373,187116773
2011-05-12,7.6593,7.7093,7.5876,7.7093,3.2341,63988262
2011-05-13,7.7121,7.764,7.547,7.5602,3.1716,77429858
2011-05-16,7.5187,7.6385,7.4668,7.6083,3.1918,65298450
2011-05-17,7.631,7.6772,7.5423,7.5508,3.1676,126500464
2011-05-18,7.6319,7.6508,7.5329,7.613,3.1937,104348047
2011-05-19,7.6272,7.6876,7.5583,7.6017,3.189,87661347
2011-05-20,7.6498,7.7055,7.4281,7.4574,3.1284,122095152
2011-05-23,7.3649,7.3961,7.2772,7.3319,3.0758,77422625
2011-05-24,7.3489,7.4498,7.3347,7.3753,3.094,57935093
2011-05-25,7.3112,7.5338,7.2961,7.4989,3.1459,110622469
2011-05-26,7.547,7.6649,7.4159,7.4536,3.1269,90730174
2011-05-27,7.564,7.6225,7.4432,7.5366,3.1617,52859959
2011-05-30,7.5281,7.5715,7.4951,7.4951,3.1443,28320273
2011-05-31,7.5753,7.8159,7.5612,7.7961,3.2705,86017330
2011-06-01,7.8206,7.8413,7.5847,7.6357,3.2032,70366922
2011-06-02,7.5564,7.7027,7.5376,7.5715,3.1763,66789743
2011-06-03,7.5942,7.6536,7.4395,7.6272,3.1997,60675725
2011-06-06,7.6196,7.6196,7.4546,7.498,3.1455,59066752
2011-06-07,7.513,7.547,7.463,7.5187,3.1542,38823389
2011-06-08,7.48,7.5046,7.3772,7.4159,3.111,43419572
2011-06-09,7.4055,7.481,7.3583,7.4253,3.115,42422893
2011-06-10,7.397,7.4432,7.2451,7.2612,3.0461,56049823
2011-06-13,7.2876,7.3102,7.2263,7.2357,3.0354,38209864
2011-06-14,7.264,7.4489,7.264,7.414,3.1102,83044890
2011-06-15,7.3678,7.3678,7.1791,7.1885,3.0156,69546085
2011-06-16,7.1697,7.1951,7.0763,7.1904,3.0164,81974374
2011-06-17,7.1272,7.547,7.0838,7.4998,3.1462,237899525
2011-06-20,7.3583,7.4508,7.2687,7.4197,3.1126,108728504
2011-06-21,7.4621,7.6093,7.4621,7.5706,3.1759,88612723
2011-06-22,7.5753,7.6093,7.4932,7.547,3.166,58639698
2011-06-23,7.4838,7.4895,7.1451,7.1857,3.0145,97746389
2011-06-24,7.3234,7.3489,7.0282,7.0838,2.9717,112982235
2011-06-27,7.0838,7.1951,7.0093,7.1215,2.9876,61215934
2011-06-28,7.197,7.3017,7.1159,7.1998,3.0204,77942920
2011-06-29,7.264,7.4857,7.2546,7.3536,3.0849,93338357
2011-06-30,7.413,7.514,7.3763,7.5121,3.1514,93335142
2011-07-01,7.5017,7.7593,7.4829,7.7102,3.2345,82245527
2011-07-04,7.7347,7.7347,7.5961,7.6687,3.2171,50040936
2011-07-05,7.6527,7.6913,7.5498,7.5659,3.174,45692984
2011-07-06,7.513,7.5281,7.3206,7.4055,3.1067,102553435
2011-07-07,7.4715,7.6602,7.2932,7.4187,3.1122,68299009
2011-07-08,7.4527,7.4715,7.0753,7.1357,2.9935,104517110
2011-07-11,7.0857,7.1027,6.8027,6.9102,2.8989,121996597
2011-07-12,6.7791,7.0942,6.5857,6.9253,2.9052,129059891
2011-07-13,6.8583,7.0536,6.797,6.9121,2.8997,103828789
2011-07-14,6.8395,7.0074,6.7923,6.9291,2.9068,68477589
2011-07-15,6.8583,7.0036,6.8225,6.8442,2.8712,140531805
2011-07-18,6.8206,6.9102,6.7121,6.7187,2.8186,107129406
2011-07-19,6.7385,6.9593,6.7357,6.8272,2.8641,148055355
2011-07-20,6.9319,7.214,6.8772,7.1697,3.0077,494683575
2011-07-21,7.1951,7.547,7.0659,7.4866,3.1407,357376073
2011-07-22,7.5753,7.6979,7.3442,7.4008,3.1047,569392850
2011-07-25,7.2829,7.3017,7.0923,7.1631,3.005,579440275
2011-07-26,7.1744,7.2395,7.047,7.1527,3.0006,369611075
2011-07-27,7.0753,7.1027,6.848,6.9253,2.9052,114645385
2011-07-28,6.8017,6.981,6.7716,6.9517,2.9163,140630249
2011-07-29,6.7923,6.9574,6.7546,6.9102,2.8989,103778763
2011-08-01,6.9055,6.9715,6.5489,6.5489,2.8012,367184614
2011-08-02,6.5093,6.6499,6.364,6.364,2.7222,287070138
2011-08-03,6.3206,6.5782,6.2168,6.2867,2.6891,127378827
2011-08-04,6.4451,6.4612,6.0084,6.0084,2.57,147385709
2011-08-05,5.8489,6.3357,5.8112,6.0791,2.6003,402895502
2011-08-08,6.3414,6.5659,5.9904,6.0093,2.5704,487317327
2011-08-09,6.1159,6.297,5.7735,5.9895,2.562,262361596
2011-08-10,6.1838,6.1876,5.415,5.4904,2.3485,209808513
2011-08-11,5.7338,5.7829,5.2263,5.6659,2.4236,281058859
2011-08-12,5.8272,6.0376,5.5093,6.0376,2.5825,218871327
2011-08-15,6.1036,6.1367,5.9527,6.0999,2.6092,48613160
2011-08-16,6.0848,6.148,5.9499,6.1452,2.6285,48629116
2011-08-17,6.0904,6.2687,6.0074,6.1782,2.6427,51543553
2011-08-18,6.065,6.1112,5.7074,5.9263,2.5349,73110115
2011-08-19,5.8961,5.8961,5.6414,5.7442,2.457,150484702
2011-08-22,5.6697,5.8546,5.665,5.7904,2.4768,69731984
2011-08-23,5.8763,5.9612,5.7046,5.7904,2.4768,88139801
2011-08-24,5.8489,5.8952,5.7169,5.7933,2.478,44287036
2011-08-25,5.8867,5.9291,5.6838,5.7546,2.4615,49108861
2011-08-26,5.7848,5.7999,5.5508,5.6697,2.4252,55773001
2011-08-29,5.7782,5.8442,5.6886,5.8055,2.4833,25886376
2011-08-30,5.9055,5.9055,5.7461,5.8027,2.4821,51630362
2011-08-31,5.8404,6.0565,5.7546,6.0565,2.5906,57928885
2011-09-01,6.0565,6.1225,5.915,6.0772,2.5995,47535942
2011-09-02,5.9499,5.9687,5.7065,5.7829,2.4736,59717457
2011-09-05,5.6603,5.6678,5.4008,5.4395,2.3267,64534914
2011-09-06,5.3876,5.5263,5.2735,5.3301,2.2799,70654554
2011-09-07,5.4829,5.5084,5.3329,5.4348,2.3247,74058484
2011-09-08,5.4442,5.6395,5.4112,5.5206,2.3614,85592773
2011-09-09,5.5084,5.5329,5.2103,5.2103,2.2287,59950207
2011-09-12,5.1886,5.1933,4.9527,4.9659,2.1241,110198621
2011-09-13,5.064,5.181,4.8603,5.181,2.2161,100934365
2011-09-14,5.1027,5.3574,5.0584,5.3122,2.2722,113813037
2011-09-15,5.3772,5.698,5.2942,5.5848,2.3888,128470230
2011-09-16,5.682,5.698,5.4782,5.5848,2.3888,164376122
2011-09-19,5.415,5.5282,5.365,5.4593,2.3352,107890609
2011-09-20,5.4093,5.582,5.3867,5.5754,2.3848,54964365
2011-09-21,5.5697,5.6131,5.3754,5.4338,2.3243,51453491
2011-09-22,5.2263,5.3084,5.1046,5.1622,2.2081,94458008
2011-09-23,5.2829,5.4593,5.0282,5.4018,2.3106,81223377
2011-09-26,5.2829,5.7074,5.2669,5.581,2.3872,78315240
2011-09-27,5.7263,5.8565,5.6848,5.8263,2.4921,90772258
2011-09-28,5.7357,5.9131,5.6791,5.7404,2.4554,83008579
2011-09-29,5.6763,5.9055,5.6763,5.8357,2.4962,92603078
2011-09-30,5.7895,5.8716,5.7272,5.8716,2.5115,60952088
2011-10-03,5.6886,5.7546,5.5876,5.6659,2.4236,54418457
2011-10-04,5.5848,5.6404,5.3971,5.5791,2.3864,106129196
2011-10-05,5.7272,5.7555,5.5867,5.7376,2.4542,65654609
2011-10-06,5.8272,5.9244,5.7659,5.9103,2.5281,95505271
2011-10-07,5.9103,6.0376,5.8697,5.9753,2.5559,180457209
2011-10-10,5.9923,6.0376,5.8933,5.9904,2.5624,237652206
2011-10-11,5.9999,5.9999,5.8584,5.9348,2.5386,125823851
2011-10-12,5.8433,6.0518,5.8055,6.0518,2.5886,122599539
2011-10-13,6.047,6.0838,5.8263,5.9414,2.5414,136109575
2011-10-14,5.9527,5.964,5.8206,5.8772,2.5139,69007231
2011-10-17,5.9798,6.0135,5.8345,5.8374,2.5507,224708211
2011-10-18,5.7758,5.8518,5.7286,5.8422,2.5528,91154957
2011-10-19,5.9009,5.9481,5.8634,5.9202,2.5868,61506161
2011-10-20,5.8335,5.8855,5.5457,5.6362,2.4628,112274432
2011-10-21,5.6795,5.8624,5.6526,5.8008,2.5347,123609158
2011-10-24,5.8586,5.9192,5.7989,5.8913,2.5742,106918132
2011-10-25,5.872,5.9096,5.7892,5.8383,2.5511,106647998
2011-10-26,5.8518,5.8807,5.7016,5.7623,2.5179,60272992
2011-10-27,6.0164,6.2571,5.9259,6.1964,2.7076,152562271
2011-10-28,6.2475,6.2956,6.1146,6.1849,2.7025,100713619
2011-10-31,6.1233,6.1464,5.9394,5.9462,2.5982,51413444
2011-11-01,5.8124,5.8335,5.5727,5.6631,2.4745,83144163
2011-11-02,5.7325,5.744,5.5361,5.5871,2.4413,68069761
2011-11-03,5.5062,5.7373,5.4061,5.6545,2.4708,94150720
2011-11-04,5.7661,5.7661,5.4677,5.6063,2.4497,65196091
2011-11-07,5.5265,5.6468,5.41,5.4697,2.39,63007950
2011-11-08,5.46,5.6314,5.4581,5.4966,2.4018,42465945
2011-11-09,5.5929,5.5929,5.2945,5.3647,2.3441,121870008
2011-11-10,5.3041,5.4764,5.2945,5.3667,2.345,64152997
2011-11-11,5.3811,5.6218,5.3734,5.59,2.4426,47879099
2011-11-14,5.6651,5.6651,5.384,5.4389,2.3765,61305326
2011-11-15,5.3849,5.3907,5.3022,5.3022,2.3168,76732388
2011-11-16,5.307,5.4437,5.3022,5.3965,2.358,58251815
2011-11-17,5.3907,5.4157,5.2973,5.3195,2.3244,66372193
2011-11-18,5.3012,5.4244,5.3012,5.3638,2.3437,109530637
2011-11-21,5.3811,5.3878,5.1789,5.1789,2.263,62416859
2011-11-22,5.2454,5.2752,5.0345,5.0403,2.2024,83368261
2011-11-23,5.0172,5.1116,4.9383,4.9383,2.1578,67278031
2011-11-24,5.0201,5.0971,4.921,4.9585,2.1666,74908171
2011-11-25,4.9922,5.0394,4.8853,5.0259,2.1961,60395157
2011-11-28,5.1202,5.3041,5.0923,5.2906,2.3118,93706158
2011-11-29,5.2463,5.359,5.1712,5.2829,2.3084,88346063
2011-11-30,5.1549,5.4928,5.1549,5.3898,2.3551,110174526
2011-12-01,5.3994,5.41,5.3474,5.3484,2.337,60492585
2011-12-02,5.4196,5.6121,5.41,5.5678,2.4329,78126957
2011-12-05,5.6218,5.7459,5.6121,5.7084,2.4943,65688180
2011-12-06,5.6795,5.7758,5.6237,5.7498,2.5124,45801114
2011-12-07,5.821,5.8807,5.5447,5.7315,2.5044,87827366
2011-12-08,5.7661,5.8335,5.5929,5.6169,2.4544,88335621
2011-12-09,5.5457,5.7835,5.5062,5.7479,2.5116,65588233
2011-12-12,5.7074,5.7219,5.5053,5.5053,2.4056,50523163
2011-12-13,5.5236,5.5592,5.3811,5.4244,2.3702,79038108
2011-12-14,5.3724,5.4658,5.2954,5.2954,2.3139,100840979
2011-12-15,5.3657,5.4533,5.306,5.3763,2.3492,112286254
2011-12-16,5.4389,5.4437,5.2964,5.3907,2.3555,181325703
2011-12-19,5.3253,5.5005,5.3185,5.3907,2.3555,174857221
2011-12-20,5.41,5.5832,5.3792,5.5832,2.4396,55629402
2011-12-21,5.6603,5.718,5.4032,5.5033,2.4047,81247336
2011-12-22,5.5178,5.5919,5.5014,5.564,2.4312,46509937
2011-12-23,5.6218,5.6554,5.5996,5.6169,2.4544,26698571
2011-12-27,5.564,5.641,5.5505,5.5948,2.4447,20026937
2011-12-28,5.5832,5.6352,5.4581,5.4677,2.3892,35067495
2011-12-29,5.5293,5.5842,5.41,5.5842,2.4401,24755706
2011-12-30,5.6506,5.6506,5.5736,5.6506,2.4691,25441992
2012-01-02,5.6314,5.7748,5.6025,5.743,2.5095,27649848
2012-01-03,5.7546,5.8066,5.614,5.7969,2.533,143551515
2012-01-04,5.565,5.6699,5.5062,5.5736,2.4354,123196810
2012-01-05,5.5736,5.5736,5.3002,5.3224,2.3256,170625330
2012-01-06,5.3753,5.3849,5.1857,5.2463,2.2924,93651747
2012-01-09,5.2742,5.3763,5.203,5.2415,2.2903,90409851
2012-01-10,5.3204,5.5255,5.3156,5.5255,2.4144,128927857
2012-01-11,5.5149,5.5332,5.4398,5.5072,2.4064,71924374
2012-01-12,5.5159,5.6737,5.46,5.4687,2.3896,103316902
2012-01-13,5.5447,5.6343,5.4725,5.5351,2.4186,75270561
2012-01-16,5.5079,5.5964,5.4912,5.5669,2.485,76825661
2012-01-17,5.6358,5.684,5.5355,5.6259,2.5114,79828293
2012-01-18,5.6358,5.6604,5.5,5.5177,2.4631,83914850
2012-01-19,5.5669,5.7951,5.5463,5.7951,2.5869,178335354
2012-01-20,5.7813,5.8217,5.7007,5.8148,2.5957,108129945
2012-01-23,5.8089,5.9623,5.7548,5.8817,2.6255,156557127
2012-01-24,5.8128,5.9171,5.801,5.8817,2.6255,86532548
2012-01-25,5.9013,5.9554,5.7863,5.92,2.6427,145562767
2012-01-26,5.921,6.098,5.921,6.0567,2.7037,127852648
2012-01-27,5.9997,6.0961,5.9613,6.0489,2.7002,160907979
2012-01-30,5.982,6.0184,5.8423,5.8856,2.6273,84355373
2012-01-31,5.9436,6.0125,5.8226,5.8522,2.6124,107414683
2012-02-01,5.9161,6.098,5.8905,6.0617,2.7059,110007359
2012-02-02,6.0341,6.218,6.0341,6.2013,2.7682,92696320
2012-02-03,6.2062,6.339,6.162,6.3203,2.8214,99477575
2012-02-06,6.2849,6.3931,6.2269,6.3931,2.8539,58775088
2012-02-07,6.3862,6.4423,6.2544,6.4364,2.8732,68560931
2012-02-08,6.4472,6.5269,6.4098,6.4147,2.8635,82824326
2012-02-09,6.3931,6.5387,6.3921,6.4865,2.8956,70094426
2012-02-10,6.4226,6.4403,6.2771,6.3577,2.838,59751988
2012-02-13,6.4236,6.4777,6.3734,6.3734,2.8451,41580174
2012-02-14,6.3154,6.4088,6.2869,6.3164,2.8196,59095168
2012-02-15,6.3902,6.4403,6.3007,6.3439,2.8319,50871009
2012-02-16,6.2466,6.2495,6.0331,6.1816,2.7595,96096624
2012-02-17,6.278,6.3636,6.2623,6.3075,2.8157,85051763
2012-02-20,6.3833,6.4708,6.3666,6.457,2.8824,58820645
2012-02-21,6.4708,6.521,6.3449,6.4384,2.8741,86275937
2012-02-22,6.462,6.4669,6.2495,6.2672,2.7977,80684235
2012-02-23,6.2633,6.3233,6.1315,6.1856,2.7612,50216929
2012-02-24,6.2259,6.2554,6.099,6.1797,2.7586,49655592
2012-02-27,6.1197,6.1807,6.0607,6.1669,2.7529,45895075
2012-02-28,6.1866,6.2712,6.0921,6.1659,2.7524,62850534
2012-02-29,6.1954,6.2692,6.0715,6.1246,2.734,74591934
2012-03-01,6.098,6.2416,6.0518,6.2308,2.7814,54707536
2012-03-02,6.2456,6.2918,6.2072,6.2554,2.7924,43127397
2012-03-05,6.1964,6.2338,6.1089,6.1276,2.7353,46007031
2012-03-06,6.1089,6.1089,5.8531,5.8531,2.6128,85081427
2012-03-07,5.8551,5.923,5.7597,5.9004,2.6339,104596842
2012-03-08,5.98,6.0784,5.9063,6.0735,2.7112,91555528
2012-03-09,6.0784,6.1167,5.9682,6.0203,2.6875,62195475
2012-03-12,6.043,6.0469,5.86,5.8787,2.6242,86155166
2012-03-13,5.9407,6.0754,5.921,6.0666,2.7081,64126146
2012-03-14,6.1472,6.2141,6.0626,6.1049,2.7252,103441230
2012-03-15,6.1295,6.162,6.0489,6.1413,2.7415,101213248
2012-03-16,6.1649,6.2318,6.0784,6.2318,2.7818,182548716
2012-03-19,6.2259,6.3734,6.1954,6.3587,2.8385,191664395
2012-03-20,6.3125,6.3538,6.2367,6.282,2.8042,48940235
2012-03-21,6.3105,6.3508,6.0597,6.1295,2.7362,122049498
2012-03-22,6.0774,6.0882,5.9348,5.9938,2.6756,81881695
2012-03-23,6.0115,6.0272,5.8423,5.9367,2.6501,84344168
2012-03-26,5.9505,5.9594,5.7538,5.8787,2.6242,67936647
2012-03-27,5.9377,6.0164,5.7794,5.802,2.59,67514697
2012-03-28,5.7931,5.8777,5.6574,5.6899,2.5399,72338564
2012-03-29,5.6781,5.7538,5.562,5.5846,2.493,96579478
2012-03-30,5.6417,5.685,5.5433,5.6751,2.5333,320933268
2012-04-02,5.7027,5.7046,5.5,5.684,2.5373,509689537
2012-04-03,5.6761,5.7145,5.4597,5.4597,2.4372,266485878
2012-04-04,5.4587,5.4882,5.2925,5.321,2.3753,404962499
2012-04-05,5.3319,5.3741,5.2158,5.321,2.3753,300621571
2012-04-10,5.2817,5.2817,5.0958,5.1145,2.2831,107710043
2012-04-11,5.144,5.2719,5.1047,5.2158,2.3283,100777366
2012-04-12,5.2768,5.2768,5.0466,5.144,2.2963,208584549
2012-04-13,5.0309,5.0456,4.7801,4.7801,2.2275,165923814
2012-04-16,4.7948,4.8745,4.6719,4.7496,2.2133,120067160
2012-04-17,4.723,4.9384,4.7211,4.9276,2.2963,116594431
2012-04-18,4.9374,4.9374,4.7211,4.7289,2.2037,175753180
2012-04-19,4.7978,4.8066,4.5371,4.5607,2.1253,161973031
2012-04-20,4.6129,4.7073,4.4978,4.6719,2.1771,254317174
2012-04-23,4.6463,4.6562,4.5145,4.6001,2.1436,139077220
2012-04-24,4.5755,4.7299,4.5539,4.7299,2.2041,104609160
2012-04-25,4.7604,4.9463,4.7319,4.8352,2.2532,134935586
2012-04-26,4.8981,4.903,4.5804,4.6719,2.1771,149619742
2012-04-27,4.5145,4.7988,4.4555,4.7604,2.2183,120636239
2012-04-30,4.8027,4.846,4.6404,4.6424,2.1633,63193967
2012-05-02,4.7339,4.7398,4.4171,4.4889,2.0918,128381410
2012-05-03,4.5244,4.6335,4.4653,4.5047,2.0992,124795594
2012-05-04,4.4948,4.6906,4.4467,4.603,2.145,84421450
2012-05-07,4.4958,4.8342,4.485,4.8194,2.2458,84464715
2012-05-08,4.785,4.9168,4.7339,4.782,2.2284,74325899
2012-05-09,4.7801,4.8096,4.4968,4.5657,2.1276,182359987
2012-05-10,4.6719,4.8617,4.5863,4.8391,2.255,96524359
2012-05-11,4.7594,4.8391,4.5735,4.7909,2.2325,107737096
2012-05-14,4.6857,4.7201,4.5735,4.6453,2.1647,73617176
2012-05-15,4.6719,4.7142,4.4801,4.5273,2.1097,86171204
2012-05-16,4.4585,4.6119,4.4063,4.4457,2.0717,150864306
2012-05-17,4.485,4.5135,4.2519,4.3719,2.0373,77760874
2012-05-18,4.3276,4.5696,4.2991,4.5017,2.0978,143855624
2012-05-21,4.487,4.5116,4.3631,4.4398,2.0689,84360537
2012-05-22,4.4948,4.5676,4.4122,4.543,2.117,87240822
2012-05-23,4.4801,4.5332,4.3867,4.4063,2.0533,72866689
2012-05-24,4.4653,4.5234,4.3276,4.4683,2.0822,71639564
2012-05-25,4.4762,4.544,4.4142,4.4791,2.0873,78212322
2012-05-28,4.5008,4.5342,4.308,4.3345,2.0199,62401506
2012-05-29,4.364,4.3768,4.1801,4.2293,1.9708,78061995
2012-05-30,4.1703,4.3719,4.1024,4.1801,1.9479,91581238
2012-05-31,4.1801,4.2244,4.1319,4.2244,1.9685,141357577
2012-06-01,4.249,4.3178,4.1919,4.249,1.98,103992406
2012-06-04,4.2008,4.4752,4.1919,4.4555,2.0763,61415057
2012-06-05,4.5086,4.5745,4.4437,4.5076,2.1005,54959402
2012-06-06,4.5607,4.6621,4.5008,4.6257,2.1555,93692785
2012-06-07,4.6788,4.7948,4.6522,4.7024,2.1913,100260753
2012-06-08,4.6276,4.8086,4.5765,4.7683,2.222,80655225
2012-06-11,5.2325,5.2325,4.7309,4.7555,2.216,120677399
2012-06-12,4.7211,4.8194,4.6621,4.7368,2.2073,103386029
2012-06-13,4.7378,4.843,4.6866,4.7978,2.2358,133562543
2012-06-14,4.7663,4.9001,4.7555,4.8863,2.277,104791663
2012-06-15,4.9325,4.9984,4.7437,4.8401,2.2555,251360062
2012-06-18,5.0161,5.0161,4.603,4.6188,2.1523,204987783
2012-06-19,4.6188,4.7653,4.5126,4.7496,2.2133,105721622
2012-06-20,4.7702,4.8863,4.723,4.8794,2.2738,109151408
2012-06-21,4.8361,5.027,4.8007,4.8814,2.2747,112548389
2012-06-22,4.8332,5.026,4.8086,4.9335,2.299,101897163
2012-06-25,4.9001,4.9276,4.6945,4.7014,2.1908,74819353
2012-06-26,4.6817,4.8086,4.6237,4.6325,2.1588,82930975
2012-06-27,4.6581,4.7693,4.6001,4.7693,2.2225,138678006
2012-06-28,4.7742,4.8145,4.6925,4.8047,2.239,57924065
2012-06-29,5.0427,5.1351,4.9256,5.1351,2.393,158668798
2012-07-02,5.1145,5.2128,5.081,5.1637,2.4063,397566396
2012-07-03,5.1637,5.2325,5.1637,5.2325,2.4383,318223336
2012-07-04,5.2148,5.2551,5.1637,5.2178,2.4315,156073031
2012-07-05,5.2178,5.2502,4.9502,5.0122,2.3357,460778630
2012-07-06,4.964,4.967,4.7978,4.8184,2.2454,445938486
2012-07-09,4.8027,4.8676,4.6237,4.7368,2.2073,200582195
2012-07-10,4.7801,4.8194,4.6866,4.7142,2.1968,67453118
2012-07-11,4.663,4.8086,4.6424,4.7958,2.308,122142329
2012-07-12,4.7407,4.7988,4.6719,4.7014,2.2626,147220677
2012-07-13,4.6227,4.6227,4.5244,4.5873,2.2077,374908995
2012-07-16,4.5657,4.5814,4.427,4.4349,2.1343,394971806
2012-07-17,4.4614,4.5234,4.426,4.4408,2.1372,166447265
2012-07-18,4.4752,4.5145,4.3758,4.4417,2.1376,129525195
2012-07-19,4.4653,4.485,4.4132,4.4467,2.14,115015569
2012-07-20,4.4516,4.4811,4.1132,4.1211,1.9833,274522381
2012-07-23,4.0591,4.2096,3.9106,4.1604,2.0023,128707753
2012-07-24,4.2155,4.2283,3.9716,3.9716,1.9114,61682149
2012-07-25,3.9686,4.0886,3.95,4.008,1.9289,49823944
2012-07-26,4.0129,4.4358,4.0129,4.4358,2.1348,103907374
2012-07-27,4.5027,4.7014,4.3099,4.7014,2.2626,96328412
2012-07-30,4.7014,4.9178,4.6404,4.8922,2.3544,110345479
2012-07-31,4.9178,4.9866,4.7948,4.8686,2.3431,103086012
2012-08-01,4.8135,4.9079,4.7594,4.8804,2.3487,50874661
2012-08-02,4.8942,5.0161,4.4781,4.5539,2.1916,111063518
2012-08-03,4.5381,4.9079,4.4299,4.9079,2.362,99504546
2012-08-06,4.8656,5.1145,4.842,5.1047,2.4567,64044198
2012-08-07,5.0633,5.262,5.0456,5.262,2.5324,86975989
2012-08-08,5.262,5.2915,5.1371,5.2551,2.5291,97436780
2012-08-09,5.2669,5.3397,5.1184,5.2217,2.513,66709572
2012-08-10,5.205,5.2414,5.0948,5.203,2.504,32425100
2012-08-13,5.1617,5.2905,5.145,5.2443,2.5239,26458671
2012-08-14,5.2787,5.3289,5.2483,5.3014,2.5513,37361114
2012-08-15,5.2964,5.3407,5.263,5.3082,2.5546,43084271
2012-08-16,5.321,5.5276,5.2856,5.5177,2.6555,64085736
2012-08-17,5.5669,5.6338,5.5315,5.625,2.7071,66168807
2012-08-20,5.5925,5.6948,5.4391,5.5473,2.6697,66548705
2012-08-21,5.4882,5.625,5.4882,5.6161,2.7028,74604872
2012-08-22,5.56,5.6151,5.4509,5.4597,2.6275,59182909
2012-08-23,5.5069,5.5423,5.3161,5.5,2.6469,49213593
2012-08-24,5.4558,5.4784,5.3545,5.4646,2.6299,37011614
2012-08-27,5.4164,5.5414,5.3427,5.5227,2.6578,32281756
2012-08-28,5.5079,5.5325,5.3997,5.4784,2.6365,31697717
2012-08-29,5.4981,5.4981,5.3781,5.3948,2.5963,72544839
2012-08-30,5.3791,5.3889,5.2522,5.2601,2.5315,39619503
2012-08-31,5.2335,5.5768,5.203,5.5768,2.6839,106313866
2012-09-03,5.4715,5.5856,5.4705,5.5856,2.6881,32326623
2012-09-04,5.5699,5.6535,5.5571,5.6063,2.6981,44452355
2012-09-05,5.5866,5.6702,5.5591,5.624,2.7066,49233494
2012-09-06,5.6653,5.8915,5.5679,5.8826,2.8311,103867855
2012-09-07,5.9338,6.0685,5.9308,5.983,2.8794,112469126
2012-09-10,5.9259,6.0036,5.9122,5.9692,2.8727,53652301
2012-09-11,5.9013,6.0735,5.8187,6.0735,2.9229,55320515
2012-09-12,6.098,6.2259,6.0882,6.1512,2.9603,83699680
2012-09-13,6.1207,6.1276,5.9308,6.038,2.9059,55950620
2012-09-14,6.1964,6.221,6.099,6.1866,2.9773,104968887
2012-09-17,6.098,6.1561,6.0587,6.1374,2.9537,93647397
2012-09-18,6.0774,6.0971,5.9672,5.9997,2.8874,90092107
2012-09-19,6.0194,6.0784,5.9554,6.0095,2.8921,78899188
2012-09-20,5.9613,5.9958,5.8453,5.9367,2.8571,90037419
2012-09-21,5.9367,6.1472,5.9161,6.1472,2.9584,149759254
2012-09-24,6.0587,6.0951,6.0095,6.0685,2.9205,89956341
2012-09-25,6.0203,6.1472,6.0174,6.102,2.9366,73947497
2012-09-26,6.0076,6.0262,5.7804,5.8266,2.8041,71598941
2012-09-27,5.8522,5.9112,5.7764,5.8236,2.8027,53261898
2012-09-28,5.8856,5.9102,5.6791,5.6997,2.743,171495375
2012-10-01,5.74,5.8256,5.7125,5.7794,2.7814,57480528
2012-10-02,5.7331,5.8895,5.7145,5.8443,2.8126,69169135
2012-10-03,5.8226,5.8512,5.7292,5.7735,2.7785,105823802
2012-10-04,5.8059,5.8571,5.7292,5.7705,2.7771,99747141
2012-10-05,5.8099,5.9682,5.7853,5.9603,2.8685,578350911
2012-10-08,5.9013,5.9584,5.862,5.8866,2.833,636286804
2012-10-09,5.8895,5.9004,5.7312,5.741,2.7629,276290296
2012-10-10,5.7046,5.7489,5.6309,5.6397,2.7142,230824162
2012-10-11,5.5895,5.803,5.5286,5.7489,2.7667,156756051
2012-10-12,5.7361,5.8089,5.6456,5.6456,2.717,33955483
2012-10-15,5.6456,5.7715,5.6407,5.7135,2.7497,68602369
2012-10-16,5.7548,5.9682,5.744,5.9603,2.8685,100710146
2012-10-17,5.9013,6.0282,5.8581,6.0282,2.9748,489840071
2012-10-18,6.0095,6.038,5.8935,5.9318,2.9272,420687123
2012-10-19,5.862,5.9013,5.7194,5.7538,2.8394,434698091
2012-10-22,5.7627,5.7715,5.6456,5.6948,2.8102,247761191
2012-10-23,5.7046,5.7145,5.5836,5.6387,2.7826,182931594
2012-10-24,5.6495,5.6977,5.5423,5.684,2.8049,166263940
2012-10-25,5.6751,5.7341,5.6318,5.6505,2.7884,92829914
2012-10-26,5.5876,5.6535,5.5168,5.6259,2.7763,136446136
2012-10-29,5.5866,5.6141,5.5197,5.5522,2.7399,78420520
2012-10-30,5.5699,5.685,5.561,5.6741,2.8,28110796
2012-10-31,5.6584,5.7882,5.6427,5.6938,2.8097,47372868
2012-11-01,5.6594,5.7784,5.6358,5.7174,2.8214,42312080
2012-11-02,5.7341,5.8295,5.6879,5.7577,2.8413,35108506
2012-11-05,5.684,5.6987,5.6151,5.6161,2.7714,62757649
2012-11-06,5.621,5.6682,5.6013,5.6289,2.7777,48581832
2012-11-07,5.6682,5.7095,5.4155,5.4292,2.6792,71734069
2012-11-08,5.4676,5.505,5.3919,5.4322,2.6806,73771583
2012-11-09,5.4312,5.4558,5.2837,5.4096,2.6695,58209752
2012-11-12,5.4096,5.4096,5.2994,5.3437,2.637,30069761
2012-11-13,5.3014,5.5581,5.2719,5.5355,2.7316,59660868
2012-11-14,5.4686,5.621,5.4656,5.4981,2.7132,82982952
2012-11-15,5.4489,5.5797,5.4351,5.5246,2.7263,38057109
2012-11-16,5.505,5.5384,5.3919,5.3919,2.6607,59232263
2012-11-19,5.4499,5.5866,5.4066,5.563,2.7452,52367410
2012-11-20,5.5256,5.6013,5.5089,5.5768,2.752,25395784
2012-11-21,5.5423,5.6456,5.5158,5.6161,2.7714,29742953
2012-11-22,5.6446,5.685,5.622,5.6771,2.8015,30720469
2012-11-23,5.6859,5.7145,5.6191,5.7145,2.8199,27818342
2012-11-26,5.6869,5.7027,5.6525,5.682,2.8039,16451512
2012-11-27,5.7243,5.7538,5.6554,5.6781,2.802,40776865
2012-11-28,5.6751,5.6977,5.5768,5.6623,2.7942,29225233
2012-11-29,5.7243,5.802,5.7145,5.7971,2.8607,47159697
2012-11-30,5.803,5.862,5.7686,5.8167,2.8704,70244573
2012-12-03,5.8345,5.9013,5.7863,5.801,2.8627,50255292
2012-12-04,5.7833,5.8817,5.7823,5.8295,2.8767,54310805
2012-12-05,5.8718,5.8885,5.7459,5.7813,2.8529,67708615
2012-12-06,5.8128,5.8758,5.7646,5.803,2.8636,49105888
2012-12-07,5.8128,5.8453,5.7331,5.7518,2.8384,45621576
2012-12-10,5.6899,5.7046,5.5453,5.6515,2.7889,64338915
2012-12-11,5.6515,5.7282,5.6387,5.7066,2.8161,63975283
2012-12-12,5.7007,5.7735,5.6948,5.7636,2.8442,162254922
2012-12-13,5.803,5.8325,5.7479,5.803,2.8636,48233572
2012-12-14,5.803,5.8158,5.7735,5.803,2.8636,33058788
2012-12-17,5.7686,5.7931,5.7046,5.7341,2.8296,119648302
2012-12-18,5.7646,5.862,5.7646,5.86,2.8918,130671946
2012-12-19,5.8817,5.98,5.8728,5.9112,2.917,136121376
2012-12-20,5.8817,5.9466,5.8581,5.9358,2.9291,139588701
2012-12-21,5.9013,6.0095,5.8836,6.0095,2.9655,172340385
2012-12-24,5.9515,6.0076,5.9515,5.9899,2.9558,128193627
2012-12-27,5.9505,6.038,5.9505,5.9967,2.9592,69708018
2012-12-28,5.9997,6.0144,5.8443,5.9092,2.916,41031635
2012-12-31,5.9013,5.9997,5.8531,5.9997,2.9607,18251295
2013-01-02,6.098,6.2249,6.039,6.2249,3.0718,84000842
2013-01-03,6.1659,6.2259,6.1531,6.2033,3.0612,31346033
2013-01-04,6.2062,6.2643,6.1836,6.2259,3.0723,83958795
2013-01-07,6.2544,6.3046,6.2072,6.218,3.0684,99865634
2013-01-08,6.2013,6.281,6.163,6.2357,3.0772,204031708
2013-01-09,6.2643,6.3292,6.2485,6.2957,3.1068,103882253
2013-01-10,6.3144,6.4069,6.28,6.3754,3.1461,109974909
2013-01-11,6.3931,6.519,6.3557,6.4826,3.2758,59861263
2013-01-14,6.5515,6.5682,6.462,6.5111,3.2902,69434374
2013-01-15,6.3154,6.3685,6.2554,6.3252,3.1963,181970197
2013-01-16,6.2948,6.3302,6.2308,6.3272,3.1973,181307650
2013-01-17,6.2997,6.3784,6.2908,6.3439,3.2057,53819177
2013-01-18,6.3764,6.3882,6.3184,6.3351,3.2013,124749650
2013-01-21,6.3302,6.3528,6.2977,6.3528,3.2102,49204691
2013-01-22,6.3439,6.3675,6.2948,6.3262,3.1968,59995838
2013-01-23,6.3213,6.3508,6.2987,6.3243,3.1958,93310106
2013-01-24,6.3075,6.3823,6.2997,6.3823,3.2251,52497217
2013-01-25,6.3666,6.4393,6.3439,6.4315,3.25,41651916
2013-01-28,6.462,6.462,6.4059,6.4059,3.2371,42749654
2013-01-29,6.3833,6.4128,6.3439,6.3892,3.2286,40481434
2013-01-30,6.3862,6.4315,6.2948,6.2948,3.1809,33170195
2013-01-31,6.2456,6.2456,6.0646,6.0774,3.0711,78655374
2013-02-01,5.8708,5.9849,5.803,5.9358,2.9995,201472426
2013-02-04,5.9358,5.9397,5.5964,5.5974,2.8285,97515039
2013-02-05,5.5915,5.8108,5.5787,5.7636,2.9125,76520952
2013-02-06,5.804,5.8443,5.6623,5.7351,2.8981,75094961
2013-02-07,5.7725,5.8512,5.6791,5.6997,2.8802,53832928
2013-02-08,5.7204,5.9013,5.7076,5.9013,2.9821,56192947
2013-02-11,5.8984,5.9023,5.7843,5.8069,2.9344,74910394
2013-02-12,5.7931,5.9279,5.7558,5.9082,2.9856,48359747
2013-02-13,5.9112,5.98,5.8699,5.9279,2.9955,59575443
2013-02-14,5.9112,5.9584,5.7892,5.8797,2.9712,50442239
2013-02-15,5.9013,5.9112,5.7971,5.7971,2.9294,66887828
2013-02-18,5.7646,5.802,5.6968,5.7597,2.9105,42964196
2013-02-19,5.7479,5.8905,5.7361,5.8699,2.9662,52916132
2013-02-20,5.9013,5.9082,5.7459,5.7636,2.9125,49575099
2013-02-21,5.7154,5.7243,5.6063,5.6161,2.838,81374599
2013-02-22,5.6653,5.7499,5.6377,5.7499,2.9055,47470605
2013-02-25,5.7754,5.9653,5.6938,5.799,2.9304,91555619
2013-02-26,5.5571,5.6918,5.4882,5.5266,2.7927,128734698
2013-02-27,5.5768,5.68,5.5177,5.68,2.8703,61618655
2013-02-28,5.7095,5.7489,5.6574,5.7154,2.8882,67653293
2013-03-01,5.6613,5.7499,5.5473,5.6397,2.8499,59028218
2013-03-04,5.5866,5.6968,5.563,5.6623,2.8613,51739504
2013-03-05,5.7223,5.7843,5.6977,5.7705,2.916,59622036
2013-03-06,5.7833,5.8226,5.6869,5.6869,2.8737,97593614
2013-03-07,5.7312,5.7676,5.6859,5.7046,2.8827,67488174
2013-03-08,5.744,5.8915,5.7312,5.8866,2.9746,182583926
2013-03-11,5.8797,5.8866,5.742,5.8059,2.9339,55810222
2013-03-12,5.7833,5.8374,5.7351,5.7705,2.916,45731523
2013-03-13,5.7538,5.7764,5.6751,5.7253,2.8931,62860497
2013-03-14,5.7833,5.8846,5.7705,5.8718,2.9672,72084140
2013-03-15,5.8984,5.9013,5.7931,5.8708,2.9667,208833120
2013-03-18,5.6358,5.7627,5.6161,5.7341,2.8976,84354653
2013-03-19,5.7076,5.7587,5.4391,5.5256,2.7922,85706469
2013-03-20,5.6063,5.6958,5.5335,5.624,2.8419,105512570
2013-03-21,5.6092,5.6417,5.4686,5.5492,2.8042,68362219
2013-03-22,5.5217,5.5954,5.4489,5.503,2.7808,81554284
2013-03-25,5.6397,5.6731,5.3023,5.325,2.6908,96615284
2013-03-26,5.4096,5.4233,5.1892,5.201,2.6282,113603793
2013-03-27,5.2433,5.2483,5.0329,5.145,2.5999,137710443
2013-03-28,5.1401,5.201,5.0378,5.1558,2.6054,70531196
2013-04-02,5.1558,5.3112,5.0997,5.2994,2.6779,124664246
2013-04-03,5.2699,5.2807,5.1253,5.144,2.5994,110372117
2013-04-04,5.1991,5.3023,5.0771,5.1086,2.5815,139263628
2013-04-05,5.144,5.204,5.0378,5.0968,2.5755,87028779
2013-04-08,5.1469,5.1932,5.0968,5.1096,2.582,115212370
2013-04-09,5.1558,5.1833,5.0929,5.1617,2.6083,86236948
2013-04-10,5.1981,5.4843,5.1843,5.4253,2.8222,174473589
2013-04-11,5.4096,5.4823,5.3338,5.4469,2.8335,79764173
2013-04-12,5.2679,5.2709,5.1214,5.1627,2.6856,93068630
2013-04-15,5.1725,5.2404,5.0988,5.1637,2.6861,150841927
2013-04-16,5.1253,5.2227,5.0879,5.1509,2.6795,122191761
2013-04-17,5.146,5.1607,5.026,5.0683,2.6365,161959885
2013-04-18,5.0899,5.1558,5.0191,5.085,2.6452,117847276
2013-04-19,5.1381,5.2099,5.0948,5.142,2.6748,114835742
2013-04-22,5.1735,5.2542,5.1342,5.2178,2.7142,122779621
2013-04-23,5.2443,5.5148,5.2325,5.4873,2.8544,182284745
2013-04-24,5.4843,5.563,5.4145,5.5295,2.8764,132023986
2013-04-25,5.4096,5.4292,5.2915,5.3997,2.8089,116337796
2013-04-26,5.3299,5.3692,5.2699,5.325,2.77,88125974
2013-04-29,5.3564,5.4882,5.3564,5.4637,2.8422,73955304
2013-04-30,5.5069,5.5276,5.3987,5.4007,2.8094,91127677
2013-05-02,5.3653,5.5473,5.2748,5.3899,2.8038,71173743
2013-05-03,5.4233,5.504,5.3633,5.4922,2.857,66455468
2013-05-06,5.4863,5.4882,5.4243,5.4548,2.8375,35292822
2013-05-07,5.4971,5.5561,5.4558,5.5276,2.8754,53238260
2013-05-08,5.5414,5.5758,5.4892,5.5374,2.8805,52037210
2013-05-09,5.5414,5.5659,5.4607,5.4951,2.8585,95360144
2013-05-10,5.4853,5.5217,5.3928,5.4096,2.814,81631616
2013-05-13,5.4096,5.4243,5.266,5.2915,2.7526,105894428
2013-05-14,5.2915,5.321,5.1951,5.2522,2.7322,90401507
2013-05-15,5.2227,5.3722,5.205,5.3407,2.7782,66972238
2013-05-16,5.321,5.3751,5.2876,5.3505,2.7833,41968498
2013-05-17,5.3397,5.4361,5.3358,5.4145,2.8166,102449705
2013-05-20,5.4292,5.4745,5.3122,5.3751,2.7961,48345715
2013-05-21,5.38,5.4243,5.2719,5.3535,2.7848,62139951
2013-05-22,5.3604,5.3968,5.2915,5.3781,2.7976,65148422
2013-05-23,5.2492,5.3092,5.1971,5.2945,2.7542,62540139
2013-05-24,5.3309,5.3358,5.1932,5.2187,2.7148,44142245
2013-05-27,5.2571,5.322,5.2522,5.322,2.7685,47637809
2013-05-28,5.3643,5.5522,5.3505,5.4873,2.8544,87319895
2013-05-29,5.44,5.5453,5.4115,5.4971,2.8595,59111571
2013-05-30,5.4597,5.5463,5.4538,5.4912,2.8565,47333452
2013-05-31,5.4961,5.5217,5.4243,5.4489,2.8345,67023054
2013-06-03,5.4096,5.4804,5.3545,5.4076,2.813,72125566
2013-06-04,5.4597,5.5473,5.4587,5.4902,2.856,51746898
2013-06-05,5.4578,5.562,5.4273,5.4273,2.8232,66236052
2013-06-06,5.4292,5.5089,5.3191,5.3446,2.7802,90063147
2013-06-07,5.3515,5.4194,5.3132,5.3771,2.7971,97155087
2013-06-10,5.3987,5.4459,5.2719,5.323,2.769,157356749
2013-06-11,5.2689,5.2797,5.1145,5.2109,2.7107,141992441
2013-06-12,5.2109,5.3063,5.1755,5.1951,2.7025,52438206
2013-06-13,5.1145,5.2119,5.0407,5.1676,2.6881,69308542
2013-06-14,5.261,5.261,5.1755,5.202,2.7061,52967513
2013-06-17,5.2335,5.2581,5.1528,5.2128,2.7117,50267854
2013-06-18,5.2158,5.2561,5.1755,5.2345,2.7229,59296420
2013-06-19,5.2246,5.2443,5.145,5.1637,2.6861,69827505
2013-06-20,5.0683,5.1115,4.9315,4.9483,2.5741,120087741
2013-06-21,4.9866,5.0132,4.8509,4.8765,2.5367,177744850
2013-06-24,4.8558,4.9099,4.7122,4.7643,2.4784,175653868
2013-06-25,4.8391,4.8617,4.7673,4.7899,2.4917,200566596
2013-06-26,4.8175,5.0043,4.7643,4.9689,2.5848,95381685
2013-06-27,4.9768,4.9965,4.8273,4.8834,2.5403,100099833
2013-06-28,4.9138,4.9866,4.7968,4.8214,2.5081,99158486
2013-07-01,4.8883,5.026,4.8352,4.967,2.5838,324327166
2013-07-02,5.0122,5.0358,4.9493,4.9768,2.5889,353298593
2013-07-03,4.8686,4.8775,4.7309,4.8656,2.5311,168555122
2013-07-04,4.8883,5.1125,4.8686,5.0614,2.6329,118920194
2013-07-05,5.0653,5.1076,4.9276,4.9276,2.5633,87497053
2013-07-08,4.967,5.1017,4.9443,5.0643,2.6344,216504781
2013-07-09,5.1037,5.1342,5.023,5.0653,2.6349,122124716
2013-07-10,5.0555,5.0712,4.9493,5.0112,2.6068,52911254
2013-07-11,5.0791,5.0929,4.9886,5.0299,2.6165,43983646
2013-07-12,5.0555,5.0702,4.9011,4.9483,2.5741,72066478
2013-07-15,4.8411,4.8765,4.784,4.8391,2.5946,317423830
2013-07-16,4.8489,4.8706,4.7417,4.7899,2.5683,344107672
2013-07-17,4.7919,4.8578,4.7309,4.8578,2.6046,111027123
2013-07-18,4.8243,4.9748,4.8116,4.9473,2.6526,68297813
2013-07-19,4.9119,4.966,4.8794,4.9158,2.6358,92690361
2013-07-22,4.9178,4.9758,4.9001,4.9365,2.6468,43866703
2013-07-23,4.9699,5.081,4.967,5.0456,2.7054,85537591
2013-07-24,5.0732,5.1725,5.0417,5.1725,2.7734,75072168
2013-07-25,5.1735,5.3161,5.144,5.3112,2.8478,91350215
2013-07-26,5.3112,5.4164,5.3112,5.3604,2.8741,70947368
2013-07-29,5.3378,5.3997,5.322,5.3614,2.8747,64467254
2013-07-30,5.3899,5.4027,5.3151,5.4027,2.8968,72372878
2013-07-31,5.38,5.4037,5.3309,5.4037,2.8973,55079954
2013-08-01,5.4086,5.4568,5.3358,5.442,2.9179,61278140
2013-08-02,5.4587,5.4587,5.3663,5.4538,2.9242,107879890
2013-08-05,5.4469,5.4764,5.4037,5.4105,2.901,46582774
2013-08-06,5.4184,5.4676,5.3476,5.4105,2.901,46846442
2013-08-07,5.3899,5.4587,5.3515,5.4528,2.9237,41678555
2013-08-08,5.4489,5.5355,5.4489,5.5355,2.968,46347207
2013-08-09,5.5374,5.6141,5.504,5.5777,2.9907,47098192
2013-08-12,5.5659,5.6053,5.5236,5.5709,2.987,38359668
2013-08-13,5.5817,5.6063,5.5394,5.5984,3.0017,25567824
2013-08-14,5.6013,5.6604,5.5522,5.6604,3.035,47012075
2013-08-15,5.6456,5.6889,5.5187,5.5925,2.9986,38692546
2013-08-16,5.5925,5.7302,5.5768,5.7243,3.0693,70771802
2013-08-19,5.7007,5.7066,5.5364,5.561,2.9817,58579177
2013-08-20,5.5079,5.5227,5.3545,5.4391,2.9163,64904653
2013-08-21,5.4469,5.4774,5.3791,5.4037,2.8973,28684236
2013-08-22,5.4292,5.5492,5.4115,5.5128,2.9559,61577880
2013-08-23,5.5315,5.6063,5.4696,5.5718,2.9875,33130676
2013-08-26,5.5482,5.5856,5.4863,5.5276,2.9638,38338806
2013-08-27,5.4951,5.5335,5.3132,5.324,2.8546,74335671
2013-08-28,5.3112,5.3574,5.2227,5.3358,2.8609,57845444
2013-08-29,5.3653,5.38,5.2797,5.3407,2.8636,36146547
2013-08-30,5.3181,5.3476,5.2522,5.2522,2.8161,50835705
2013-09-02,5.3368,5.4056,5.3309,5.3574,2.8725,46522355
2013-09-03,5.3604,5.3948,5.262,5.3309,2.8583,62067936
2013-09-04,5.3505,5.385,5.263,5.3594,2.8736,42029680
2013-09-05,5.3702,5.4105,5.3466,5.3909,2.8905,43808522
2013-09-06,5.3653,5.5079,5.3653,5.4705,2.9332,54574245
2013-09-09,5.4391,5.4774,5.3997,5.4499,2.9221,40633027
2013-09-10,5.5079,5.6023,5.4892,5.5866,2.9954,76850369
2013-09-11,5.5866,5.6436,5.5414,5.6407,3.0244,61625368
2013-09-12,5.6456,5.7095,5.6063,5.6702,3.0402,68406310
2013-09-13,5.6358,5.6751,5.5964,5.6712,3.0408,45912601
2013-09-16,5.7046,5.7312,5.6574,5.6948,3.0534,58998271
2013-09-17,5.6987,5.7017,5.6112,5.6899,3.0508,48250750
2013-09-18,5.6997,5.8118,5.684,5.7823,3.1004,132802183
2013-09-19,5.8915,5.8915,5.7902,5.8492,3.1362,165300206
2013-09-20,5.8394,5.8659,5.8059,5.864,3.1441,111453084
2013-09-23,5.864,5.8738,5.7538,5.8049,3.1125,96054163
2013-09-24,5.803,5.8787,5.742,5.8689,3.1468,50938158
2013-09-25,5.861,5.9603,5.8266,5.9515,3.1911,92342784
2013-09-26,5.9603,5.9928,5.8935,5.98,3.2064,57757831
2013-09-27,5.98,5.9899,5.9161,5.982,3.2074,51500225
2013-09-30,5.8423,5.9554,5.8128,5.9289,3.1789,70160710
2013-10-01,5.9249,6.0626,5.92,6.0626,3.2507,122656877
2013-10-02,6.0292,6.0971,6.0125,6.0794,3.2596,54720831
2013-10-03,6.0912,6.1069,6.0056,6.0351,3.2359,51364539
2013-10-04,6.0292,6.2348,6.0292,6.2239,3.3372,316499765
2013-10-07,6.2023,6.2338,6.1256,6.2259,3.3382,305467974
2013-10-08,6.2456,6.28,6.1571,6.16,3.3029,156951145
2013-10-09,6.1472,6.2741,6.1374,6.2436,3.3477,198800703
2013-10-10,6.2948,6.5288,6.279,6.457,3.4621,161128866
2013-10-11,6.5013,6.5013,6.3833,6.4167,3.4405,63521573
2013-10-14,6.4108,6.4905,6.3931,6.4885,3.5626,41019162
2013-10-15,6.521,6.6036,6.4757,6.6036,3.6257,164453688
2013-10-16,6.4325,6.5898,6.401,6.5869,3.6166,207282778
2013-10-17,6.5406,6.6164,6.5043,6.6095,3.629,338705444
2013-10-18,6.6252,6.6636,6.5711,6.6626,3.6581,348750575
2013-10-21,6.6577,6.6656,6.5702,6.636,3.6436,87655180
2013-10-22,6.6193,6.641,6.582,6.5898,3.6182,81962964
2013-10-23,6.5406,6.5554,6.3449,6.4325,3.5318,237420045
2013-10-24,6.3125,6.5043,6.3046,6.5043,3.5712,96105651
2013-10-25,6.4098,6.462,6.3656,6.4226,3.5264,112589127
2013-10-28,6.4325,6.4423,6.1669,6.2426,3.4276,77847347
2013-10-29,6.1767,6.3862,6.1472,6.3833,3.5048,68410470
2013-10-30,6.3705,6.4787,6.2879,6.3193,3.4697,95817361
2013-10-31,6.3311,6.4364,6.2761,6.4315,3.5312,65120075
2013-11-01,6.4413,6.4639,6.3538,6.3774,3.5015,25673523
2013-11-04,6.4266,6.4354,6.339,6.399,3.5134,107768924
2013-11-05,6.4285,6.4384,6.2584,6.3243,3.4724,70532472
2013-11-06,6.3685,6.4207,6.3439,6.3951,3.5113,38330684
2013-11-07,6.4069,6.6488,6.3321,6.3557,3.4897,125066021
2013-11-08,6.3056,6.3666,6.2082,6.3036,3.461,80232464
2013-11-11,6.3361,6.3725,6.2564,6.3518,3.4875,37808133
2013-11-12,6.3626,6.4128,6.2889,6.2997,3.4589,53653222
2013-11-13,6.2898,6.3233,6.2062,6.2869,3.4519,69104398
2013-11-14,6.3636,6.3695,6.1698,6.282,3.4492,65625307
2013-11-15,6.2849,6.3066,6.2269,6.283,3.4497,57742808
2013-11-18,6.2574,6.4177,6.2171,6.3764,3.501,59083191
2013-11-19,6.3439,6.3587,6.2475,6.2475,3.4303,66602241
2013-11-20,6.2456,6.3174,6.1964,6.2357,3.4238,110625993
2013-11-21,6.1964,6.3046,6.1698,6.2721,3.4438,31234901
2013-11-22,6.3193,6.3439,6.2584,6.3223,3.4713,60400254
2013-11-25,6.3646,6.3833,6.3075,6.3341,3.4778,61174638
2013-11-26,6.2957,6.3587,6.2957,6.3144,3.467,53416234
2013-11-27,6.34,6.4275,6.3203,6.4098,3.5194,76831728
2013-11-28,6.4285,6.4944,6.4157,6.4757,3.5555,40633429
2013-11-29,6.4944,6.5288,6.4226,6.4354,3.5334,56956361
2013-12-02,6.4482,6.4708,6.3538,6.3734,3.4994,48798154
2013-12-03,6.3872,6.399,6.2652,6.2652,3.44,82304806
2013-12-04,6.2918,6.3095,6.1826,6.221,3.4157,89264909
2013-12-05,6.2161,6.2751,6.0508,6.098,3.3482,73260433
2013-12-06,6.1128,6.1462,5.98,6.1236,3.3622,86412282
2013-12-09,6.1443,6.1964,6.098,6.1816,3.3941,96909923
2013-12-10,6.1689,6.2446,6.1207,6.1305,3.366,67218372
2013-12-11,6.1512,6.1816,6.0203,6.0469,3.3201,151425535
2013-12-12,6.0351,6.039,5.923,5.9594,3.272,58544615
2013-12-13,5.9672,6.0341,5.9358,5.9407,3.2618,65433599
2013-12-16,5.9525,6.1256,5.9456,6.0744,3.3352,90182841
2013-12-17,6.0508,6.0774,5.9692,5.98,3.2834,81947431
2013-12-18,6.0292,6.0764,5.9721,6.0685,3.332,86946391
2013-12-19,6.1521,6.2544,6.1285,6.2141,3.4119,103623759
2013-12-20,6.2426,6.2672,6.1748,6.2672,3.4411,213163283
2013-12-23,6.2731,6.3046,6.219,6.3046,3.4616,92522718
2013-12-24,6.3125,6.3538,6.2898,6.3449,3.4837,15662555
2013-12-27,6.3636,6.4039,6.3341,6.4039,3.5161,60934960
2013-12-30,6.4118,6.4403,6.3725,6.3931,3.5102,56726488
2013-12-31,6.3872,6.4128,6.3744,6.399,3.5134,15064258
2014-01-02,6.4118,6.4325,6.2554,6.2623,3.4384,97159729
2014-01-03,6.2839,6.3341,6.2456,6.3056,3.4621,64541319
2014-01-06,6.3046,6.4118,6.2751,6.3793,3.5026,76749788
2014-01-07,6.4039,6.6331,6.3793,6.6203,3.6349,190274153
2014-01-08,6.639,6.7078,6.5446,6.6715,3.663,77833912
2014-01-09,6.6833,6.7246,6.58,6.6203,3.6349,82179425
2014-01-10,6.642,6.7069,6.5938,6.6439,3.6479,57161645
2014-01-13,6.7147,6.7393,6.6724,6.697,3.7617,65705813
2014-01-14,6.639,6.7177,6.6016,6.701,3.7639,74988040
2014-01-15,6.6026,6.7177,6.5829,6.7177,3.7733,96202858
2014-01-16,6.7315,6.7374,6.6095,6.6203,3.7186,78936047
2014-01-17,6.6193,6.6665,6.5711,6.6016,3.7081,134055019
2014-01-20,6.5721,6.5977,6.5416,6.5957,3.7048,34772139
2014-01-21,6.5997,6.6449,6.5338,6.5603,3.6849,57883480
2014-01-22,6.58,6.6134,6.4521,6.5062,3.6545,79244478
2014-01-23,6.4846,6.5869,6.4521,6.461,3.6291,75018127
2014-01-24,6.4669,6.4865,6.2141,6.2328,3.5009,120800359
2014-01-27,6.2652,6.3016,6.1521,6.16,3.46,96636685
2014-01-28,6.2161,6.3085,6.1875,6.2564,3.5142,63696273
2014-01-29,6.3479,6.4069,6.1364,6.28,3.5274,85832471
2014-01-30,6.2751,6.3577,6.1423,6.3243,3.5523,67886485
2014-01-31,6.337,6.337,6.1698,6.3046,3.5413,74309239
2014-02-03,6.2662,6.3243,6.1098,6.1187,3.4368,70869731
2014-02-04,6.1079,6.2161,6.099,6.1649,3.4628,64333039
2014-02-05,6.1679,6.2574,6.1217,6.2338,3.5015,63741723
2014-02-06,6.2948,6.3734,6.2338,6.3646,3.575,120292922
2014-02-07,6.3823,6.4688,6.2977,6.4423,3.6186,69744147
2014-02-10,6.4639,6.4679,6.3046,6.337,3.5595,96370036
2014-02-11,6.3774,6.4325,6.3262,6.4325,3.6131,39863976
2014-02-12,6.4521,6.4708,6.3793,6.4049,3.5976,60371899
2014-02-13,6.3607,6.4226,6.2623,6.4226,3.6076,67683894
2014-02-14,6.4423,6.4787,6.3902,6.4246,3.6087,58914347
2014-02-17,6.4521,6.462,6.3852,6.4521,3.6241,20511277
2014-02-18,6.462,6.4639,6.3439,6.4049,3.5976,43370571
2014-02-19,6.3725,6.4413,6.3046,6.3892,3.5888,45325926
2014-02-20,6.3125,6.3931,6.2859,6.3931,3.591,52914450
2014-02-21,6.4029,6.4128,6.3243,6.3744,3.5805,51892236
2014-02-24,6.3725,6.462,6.339,6.462,3.6296,38654369
2014-02-25,6.461,6.5111,6.4305,6.5111,3.6573,40349059
2014-02-26,6.5111,6.5269,6.4443,6.4767,3.6379,32094346
2014-02-27,6.4993,6.5141,6.399,6.4688,3.6335,33977729
2014-02-28,6.5308,6.5308,6.3567,6.458,3.6274,64589741
2014-03-03,6.3439,6.3911,6.2475,6.2662,3.5197,80162823
2014-03-04,6.3538,6.4393,6.2987,6.4334,3.6136,63302264
2014-03-05,6.4167,6.5308,6.3931,6.5161,3.66,58726381
2014-03-06,6.5357,6.6252,6.5328,6.5672,3.6888,56750463
2014-03-07,6.5839,6.6056,6.4433,6.4482,3.6219,59477117
2014-03-10,6.458,6.579,6.4147,6.4954,3.6484,54543114
2014-03-11,6.521,6.5279,6.4236,6.4374,3.6158,31526856
2014-03-12,6.4187,6.4698,6.3193,6.3793,3.5832,71121443
2014-03-13,6.4285,6.4344,6.3272,6.3361,3.5589,66990585
2014-03-14,6.3036,6.3528,6.1649,6.2544,3.5131,106233335
2014-03-17,6.2849,6.3597,6.2771,6.3243,3.5523,61228985
2014-03-18,6.3203,6.4403,6.2879,6.4049,3.5976,88555358
2014-03-19,6.4049,6.4285,6.3508,6.3892,3.5888,43670843
2014-03-20,6.3302,6.4118,6.3085,6.4088,3.5998,77960386
2014-03-21,6.4177,6.4669,6.3833,6.4079,3.5993,98227218
2014-03-24,6.4108,6.4364,6.2948,6.3341,3.5578,61204231
2014-03-25,6.3636,6.461,6.3164,6.4128,3.602,72632257
2014-03-26,6.4521,6.5702,6.4226,6.5456,3.6766,68435614
2014-03-27,6.52,6.5898,6.4747,6.5898,3.7015,58797802
2014-03-28,6.5997,6.7177,6.58,6.7177,3.7733,80640571
2014-03-31,6.7344,6.8751,6.7177,6.8072,3.8236,84858036
2014-04-01,6.8406,6.9754,6.8308,6.9242,3.8893,120755170
2014-04-02,6.9242,7.0098,6.8652,6.8987,3.8749,102900574
2014-04-03,6.9144,7.0944,6.8947,7.0305,3.949,101685716
2014-04-04,7.0806,7.1288,7.0187,7.1101,3.9937,97250703
2014-04-07,7.0472,7.1121,7.0246,7.057,3.9639,70003088
2014-04-08,7.0531,7.0806,6.9193,7.056,3.9633,139755582
2014-04-09,7.0806,7.1209,7.0226,7.0354,4.0177,76590053
2014-04-10,7.0727,7.0914,6.9321,6.9419,4.0486,68134431
2014-04-11,6.9144,6.9901,6.7915,6.9488,4.0526,101494451
2014-04-14,6.7482,6.8937,6.6941,6.8898,4.0863,123552504
2014-04-15,6.8849,6.9242,6.7924,6.817,4.0431,118618244
2014-04-16,6.8819,6.939,6.8603,6.9341,4.1126,75040888
2014-04-17,6.9439,6.9675,6.8357,6.9478,4.1207,63152089
2014-04-22,6.9429,7.0167,6.8957,7.0029,4.1534,90388635
2014-04-23,7.0098,7.0098,6.9095,6.9321,4.1114,131855614
2014-04-24,6.9724,7.0196,6.8849,6.9832,4.1417,74336143
2014-04-25,6.9242,6.9626,6.8416,6.8623,4.07,95933375
2014-04-28,6.8849,6.9439,6.8662,6.9301,4.1102,58819045
2014-04-29,6.9203,7.0954,6.9203,7.0364,4.1732,84569812
2014-04-30,7.0,7.0767,6.9675,7.0491,4.1808,86706340
2014-05-02,7.0482,7.1082,7.0226,7.0344,4.1721,40293605
2014-05-05,7.0118,7.0521,6.9341,7.0423,4.1767,58070162
2014-05-06,7.055,7.0718,6.9419,6.9921,4.147,48026038
2014-05-07,6.9587,7.0678,6.9203,7.0393,4.175,61480793
2014-05-08,7.0403,7.2055,7.0373,7.2055,4.2736,74755756
2014-05-09,7.1947,7.2154,7.0786,7.116,4.2205,61169627
2014-05-12,7.1406,7.1741,7.0668,7.1436,4.2368,62604354
2014-05-13,7.1573,7.2085,7.119,7.2055,4.2736,49057956
2014-05-14,7.1957,7.2645,7.1504,7.2468,4.2981,72045110
2014-05-15,7.239,7.2872,7.0177,7.0216,4.1645,100100927
2014-05-16,7.0147,7.2045,6.9636,7.1849,4.2613,70185161
2014-05-19,7.179,7.2193,7.0413,7.1308,4.2292,44032854
2014-05-20,7.1308,7.238,7.1268,7.2213,4.2829,57180538
2014-05-21,7.1908,7.2872,7.1406,7.2803,4.3179,45760595
2014-05-22,7.3029,7.3029,7.1524,7.2016,4.2712,68730414
2014-05-23,7.2016,7.2557,7.1613,7.2478,4.2986,27279742
2014-05-26,7.2685,7.3285,7.2498,7.3285,4.3465,32159858
2014-05-27,7.297,7.3767,7.2921,7.3609,4.3657,81904539
2014-05-28,7.3314,7.4042,7.3078,7.4042,4.3914,45974694
2014-05-29,7.3954,7.4062,7.3245,7.3521,4.3605,48108942
2014-05-30,7.3177,7.4003,7.298,7.4003,4.3891,62537552
2014-06-02,7.3983,7.4209,7.3708,7.4013,4.3896,40723926
2014-06-03,7.3865,7.4357,7.3334,7.3934,4.385,41462533
2014-06-04,7.3767,7.4081,7.3275,7.4081,4.3937,55787081
2014-06-05,7.3865,7.6157,7.3383,7.479,4.4357,89206989
2014-06-06,7.539,7.7376,7.5203,7.6914,4.5617,86849325
2014-06-09,7.7366,7.7888,7.6373,7.7553,4.5996,47489441
2014-06-10,7.7445,7.7701,7.6796,7.7396,4.5903,69262998
2014-06-11,7.714,7.7357,7.657,7.7111,4.5734,48944172
2014-06-12,7.7071,7.7485,7.6521,7.6973,4.5652,36372374
2014-06-13,7.7111,7.7435,7.6108,7.7298,4.5845,55918996
2014-06-16,7.6678,7.7111,7.6058,7.6108,4.5139,49528061
2014-06-17,7.6275,7.6678,7.5734,7.6108,4.5139,49127890
2014-06-18,7.6275,7.6285,7.5626,7.6078,4.5121,44986272
2014-06-19,7.6983,7.7957,7.6717,7.7288,4.5839,85520261
2014-06-20,7.7209,7.7632,7.6767,7.713,4.5746,93747904
2014-06-23,7.713,7.7288,7.6393,7.6865,4.5588,56424440
2014-06-24,7.7288,7.7445,7.6727,7.716,4.5763,93228515
2014-06-25,7.6727,7.6983,7.5537,7.5871,4.4999,84487177
2014-06-26,7.6324,7.656,7.4976,7.5665,4.4876,92160628
2014-06-27,7.5527,7.6098,7.4878,7.5222,4.4614,37695368
2014-06-30,7.5183,7.539,7.4317,7.5045,4.4509,140871359
2014-07-01,7.535,7.6226,7.4858,7.6226,4.5209,58310871
2014-07-02,7.5753,7.6422,7.5488,7.6029,4.5092,66151231
2014-07-03,7.6422,7.7209,7.5744,7.7209,4.5792,99768029
2014-07-04,7.7111,7.7111,7.5891,7.6029,4.5092,35588724
2014-07-07,7.5832,7.5921,7.4947,7.5065,4.4521,82339775
2014-07-08,7.536,7.5429,7.3619,7.3767,4.3751,96018920
2014-07-09,7.4386,7.5124,7.4013,7.4839,4.4386,108891167
2014-07-10,7.4937,7.4937,7.2006,7.3078,4.3342,116998428
2014-07-11,7.3609,7.4554,7.2665,7.3177,4.3401,82587890
2014-07-14,7.3747,7.4386,7.3059,7.4042,4.3914,67023141
2014-07-15,7.2291,7.2832,7.1416,7.175,4.3432,125169892
2014-07-16,7.2144,7.3295,7.1977,7.3177,4.4295,138204510
2014-07-17,7.2616,7.2881,7.1564,7.1898,4.3521,67423214
2014-07-18,7.1416,7.2262,7.1111,7.2193,4.37,87616424
2014-07-21,7.1908,7.2124,7.1308,7.1603,4.3342,45073355
2014-07-22,7.1898,7.3285,7.1652,7.3078,4.4235,62552310
2014-07-23,7.2783,7.3304,7.2527,7.3275,4.4355,60134430
2014-07-24,7.3137,7.5035,7.2803,7.4731,4.5236,69782183
2014-07-25,7.4485,7.5537,7.4357,7.4967,4.5379,52883161
2014-07-28,7.4947,7.5399,7.3924,7.4691,4.5212,48881034
2014-07-29,7.4721,7.5616,7.4239,7.5045,4.5426,125752754
2014-07-30,7.5458,7.6471,7.5153,7.5734,4.5843,59803513
2014-07-31,7.5901,7.597,7.3796,7.4229,4.4932,74738143
2014-08-01,7.3865,7.4121,7.2616,7.2891,4.4122,62821023
2014-08-04,7.357,7.3767,7.2616,7.2813,4.4075,46901569
2014-08-05,7.3226,7.3462,7.1455,7.1908,4.3527,56757263
2014-08-06,7.1318,7.2095,7.0187,7.1436,4.3241,62315099
2014-08-07,7.1504,7.18,6.9862,7.0177,4.2479,70472820
2014-08-08,6.9508,7.1465,6.9341,7.0836,4.2878,69333122
2014-08-11,7.18,7.18,7.0452,7.1042,4.3003,69307830
2014-08-12,7.115,7.1957,7.0747,7.1052,4.3009,44127243
2014-08-13,7.1514,7.2075,7.1249,7.179,4.3456,49619459
2014-08-14,7.1554,7.2173,7.0895,7.1613,4.3348,41643917
2014-08-15,7.1691,7.2577,7.0777,7.0816,4.2866,46886774
2014-08-18,7.1839,7.2134,7.116,7.1937,4.3545,47696271
2014-08-19,7.2508,7.2508,7.1996,7.2104,4.3646,23873177
2014-08-20,7.2065,7.2341,7.1455,7.2095,4.364,33914467
2014-08-21,7.2085,7.3255,7.1731,7.3186,4.4301,37640233
2014-08-22,7.3344,7.357,7.2213,7.2724,4.4021,30565871
2014-08-25,7.3521,7.4603,7.3285,7.4534,4.5117,74738143
2014-08-26,7.4308,7.5635,7.417,7.5606,4.5766,46441567
2014-08-27,7.5586,7.6176,7.5075,7.5744,4.5849,49737242
2014-08-28,7.5439,7.5694,7.4131,7.4593,4.5152,38546847
2014-08-29,7.477,7.5419,7.3826,7.4652,4.5188,44601074
2014-09-01,7.477,7.5006,7.3924,7.475,4.5248,28638902
2014-09-02,7.4849,7.5291,7.4563,7.4563,4.5134,34088458
2014-09-03,7.5035,7.594,7.4927,7.5567,4.5742,50643960
2014-09-04,7.5458,7.8291,7.5242,7.7553,4.6944,109068233
2014-09-05,7.7406,7.7996,7.6865,7.7681,4.7022,71380557
2014-09-08,7.774,7.7868,7.6816,7.7406,4.6855,32950702
2014-09-09,7.7052,7.7347,7.596,7.6226,4.6141,119913003
2014-09-10,7.5144,7.5734,7.4632,7.5734,4.5843,83226947
2014-09-11,7.5734,7.5881,7.4662,7.5252,4.5551,54709915
2014-09-12,7.5252,7.5891,7.5075,7.5586,4.5754,39376858
2014-09-15,7.5429,7.5921,7.5016,7.5281,4.5569,103534932
2014-09-16,7.4976,7.5045,7.4199,7.4986,4.539,46020110
2014-09-17,7.5104,7.5812,7.476,7.5596,4.576,71344221
2014-09-18,7.5616,7.6708,7.5567,7.6422,4.626,87721480
2014-09-19,7.7288,7.7839,7.6226,7.6226,4.6141,103485748
2014-09-22,7.6176,7.6599,7.5655,7.5891,4.5938,65835788
2014-09-23,7.539,7.5606,7.4799,7.4996,4.5396,61587855
2014-09-24,7.4898,7.5596,7.416,7.5596,4.576,58319632
2014-09-25,7.5399,7.6422,7.478,7.537,4.5623,64436459
2014-09-26,7.5242,7.6226,7.4849,7.593,4.5962,49631398
2014-09-29,7.5675,7.5793,7.3383,7.3973,4.4777,66535320
2014-09-30,7.4062,7.5232,7.4062,7.4858,4.5313,81222223
2014-10-01,7.4554,7.5488,7.4308,7.4308,4.498,214149413
2014-10-02,7.4258,7.4485,7.1396,7.1396,4.3217,105181760
2014-10-03,7.3295,7.3373,7.18,7.2704,4.4009,59355703
2014-10-06,7.3609,7.416,7.3157,7.3295,4.4366,51378472
2014-10-07,7.2783,7.294,7.1504,7.1514,4.3289,61886207
2014-10-08,7.1308,7.2567,7.0924,7.1013,4.2985,441556967
2014-10-09,7.2095,7.2144,6.9783,7.0482,4.2664,489967912
2014-10-10,6.9636,7.1386,6.9537,6.999,4.2366,75306317
2014-10-13,6.9547,7.116,6.9351,7.0324,4.2568,90719495
2014-10-14,7.0314,7.0757,6.9046,7.0314,4.2562,63838806
2014-10-15,7.0472,7.0649,6.698,6.7482,4.0848,137888255
2014-10-16,6.7856,6.8347,6.3803,6.6223,4.0086,296674832
2014-10-17,6.6793,6.878,6.6056,6.8514,4.1473,114515127
2014-10-20,6.7039,6.7728,6.6213,6.7019,4.1467,479307843
2014-10-21,6.6685,6.8642,6.6272,6.8347,4.2288,462029726
2014-10-22,6.8465,6.877,6.7374,6.877,4.255,121252537
2014-10-23,6.8259,6.9488,6.7688,6.9144,4.2781,81915770
2014-10-24,6.8849,6.9596,6.8564,6.9252,4.2848,99884307
2014-10-27,7.0334,7.0432,6.6793,6.7531,4.1783,126592692
2014-10-28,6.8101,6.8996,6.7777,6.8505,4.2386,76110937
2014-10-29,6.8947,6.8987,6.701,6.7472,4.1747,84723017
2014-10-30,6.7757,6.8111,6.5249,6.7265,4.1619,98598749
2014-10-31,6.8652,6.941,6.7915,6.9124,4.2769,94415233
2014-11-03,6.8741,6.9321,6.8219,6.8751,4.2538,140560939
2014-11-04,6.8652,6.9685,6.6282,6.639,4.1077,121938416
2014-11-05,6.7511,6.7531,6.5751,6.7216,4.1589,64636563
2014-11-06,6.6882,6.881,6.5682,6.6685,4.126,149683067
2014-11-07,6.6793,6.6872,6.4423,6.5387,4.0457,82555465
2014-11-10,6.5505,6.637,6.5141,6.6203,4.0962,93799781
2014-11-11,6.641,6.7078,6.6065,6.6793,4.1327,107681713
2014-11-12,6.639,6.6754,6.5033,6.5239,4.0365,62722456
2014-11-13,6.5947,6.6075,6.4334,6.5269,4.0384,48303291
2014-11-14,6.6144,6.6174,6.4816,6.5593,4.0584,64567544
2014-11-17,6.5023,6.6941,6.4669,6.6538,4.1169,65278235
2014-11-18,6.6479,6.7639,6.6065,6.7059,4.1491,288502067
2014-11-19,6.6862,6.7423,6.6508,6.698,4.1443,62107961
2014-11-20,6.639,6.639,6.5013,6.5652,4.0621,75900916
2014-11-21,6.5603,6.8357,6.5446,6.8052,4.2106,138877036
2014-11-24,6.8642,7.0393,6.8367,6.9734,4.3146,119932208
2014-11-25,6.936,7.116,6.9351,7.0432,4.3579,77301568
2014-11-26,7.0423,7.0698,6.9803,7.0236,4.3457,55653827
2014-11-27,7.0128,7.0767,7.0098,7.0649,4.3712,42067956
2014-11-28,7.0678,7.1298,7.0255,7.1298,4.4114,62473309
2014-12-01,7.0718,7.1062,7.0236,7.058,4.367,49046377
2014-12-02,7.0836,7.1623,7.0383,7.1514,4.4248,51966705
2014-12-03,7.1514,7.2734,7.1465,7.2537,4.4881,84673419
2014-12-04,7.2655,7.294,6.94,7.0226,4.3451,91509162
2014-12-05,7.1327,7.2596,7.1023,7.2586,4.4911,67465087
2014-12-08,7.2291,7.2754,7.1721,7.1721,4.4376,27878750
2014-12-09,7.115,7.1239,6.9065,6.9164,4.2794,93091888
2014-12-10,6.9823,7.0226,6.8269,6.8652,4.2477,82887551
2014-12-11,6.8554,6.9636,6.8308,6.8957,4.2666,58190245
2014-12-12,6.8357,6.8908,6.6587,6.6665,4.1248,79270768
2014-12-15,6.7049,6.7983,6.5259,6.5269,4.0384,87624422
2014-12-16,6.5997,6.7236,6.3439,6.7078,4.1503,141732830
2014-12-17,6.6193,6.7649,6.5623,6.7206,4.1582,149574322
2014-12-18,6.816,6.9724,6.7875,6.9636,4.3086,128148222
2014-12-19,7.0236,7.0403,6.7403,6.9764,4.3165,250537846
2014-12-22,7.0039,7.0265,6.9095,6.9734,4.3146,84267616
2014-12-23,6.9734,7.0609,6.9046,7.0609,4.3688,84540671
2014-12-24,7.0226,7.0708,7.0167,7.0511,4.3627,7697827
2014-12-29,7.0403,7.0491,6.8298,7.0255,4.3469,61089651
2014-12-30,6.995,6.995,6.9055,6.9055,4.2727,80580256
2014-12-31,6.8947,6.9282,6.8642,6.881,4.2574,20876926
2015-01-02,6.9685,6.999,6.8259,6.9154,4.2787,83205331
2015-01-05,6.8692,6.9596,6.5849,6.5997,4.0834,113251466
2015-01-06,6.6292,6.6606,6.4816,6.4846,4.0122,90444251
2015-01-07,6.5406,6.6656,6.461,6.5259,4.0378,80771222
2015-01-08,6.6685,6.7649,6.6075,6.7433,4.1722,26289984
2015-01-09,6.0695,6.098,5.682,5.7931,3.5844,554441354
2015-01-12,5.9013,5.9515,5.799,5.9505,3.6818,278117208
2015-01-13,5.9181,6.0685,5.8826,6.0489,3.7426,1509600155
2015-01-14,5.859,5.9731,5.7843,5.8512,3.7083,226582072
2015-01-15,5.9308,5.9436,5.685,5.9299,3.7582,207279711
2015-01-16,5.9249,5.9436,5.8295,5.9112,3.7464,131249304
2015-01-19,5.9259,5.9781,5.863,5.9564,3.775,177484924
2015-01-20,5.9702,6.0626,5.9525,5.9938,3.7987,214463331
2015-01-21,6.0194,6.039,5.8148,5.9485,3.77,122976422
2015-01-22,5.9908,6.0646,5.9033,6.0223,3.8168,151615341
2015-01-23,6.0744,6.1462,6.0105,6.1098,3.8723,145578250
2015-01-26,6.0558,6.1512,5.9712,6.1462,3.8953,68731408
2015-01-27,6.1128,6.1266,5.9731,6.0439,3.8305,130755444
2015-01-28,6.098,6.103,5.803,5.862,3.7152,212031692
2015-01-29,5.8158,5.9318,5.7705,5.9259,3.7557,79298809
2015-01-30,5.9849,5.9938,5.8049,5.862,3.7152,92009223
2015-02-02,5.8384,5.862,5.6771,5.8374,3.6996,110506416
2015-02-03,5.9308,6.1266,5.9112,6.1059,3.8698,143354668
2015-02-04,6.1089,6.1787,6.0076,6.0784,3.8523,112380332
2015-02-05,5.9948,6.0115,5.9063,6.0095,3.8087,86873047
2015-02-06,6.0194,6.0469,5.9515,6.04,3.828,87466352
2015-02-09,5.9653,5.9741,5.8384,5.9102,3.7457,70889441
2015-02-10,5.92,6.0479,5.8846,5.9672,3.7819,53452082
2015-02-11,5.9712,5.9967,5.861,5.8817,3.7276,94243057
2015-02-12,5.8817,6.0607,5.8571,6.0361,3.8255,68289085
2015-02-13,6.0587,6.2308,6.0508,6.1866,3.9209,92066570
2015-02-16,6.1689,6.2426,6.1571,6.1777,3.9153,39604013
2015-02-17,6.1295,6.2259,6.0499,6.2033,3.9315,51868080
2015-02-18,6.2367,6.339,6.2348,6.3056,3.9963,213191398
2015-02-19,6.2889,6.3823,6.2367,6.3479,4.0231,68520317
2015-02-20,6.3193,6.3616,6.2013,6.3026,3.9944,76794040
2015-02-23,6.3754,6.3911,6.2957,6.3439,4.0206,64970430
2015-02-24,6.3636,6.3833,6.2898,6.3538,4.0269,77078716
2015-02-25,6.3341,6.3449,6.2662,6.3154,4.0025,61092934
2015-02-26,6.3144,6.3931,6.3085,6.3931,4.0518,50922627
2015-02-27,6.4226,6.4295,6.3351,6.4256,4.0724,70102641
2015-03-02,6.4423,6.4816,6.3695,6.4344,4.078,55666409
2015-03-03,6.4364,6.4521,6.3144,6.3243,4.0082,134020547
2015-03-04,6.3636,6.4029,6.283,6.3902,4.0499,52990186
2015-03-05,6.4029,6.458,6.3695,6.4275,4.0736,55807532
2015-03-06,6.4423,6.4551,6.3548,6.3734,4.0393,59158625
2015-03-09,6.3056,6.3902,6.3026,6.3744,4.0399,44092880
2015-03-10,6.3734,6.3852,6.1974,6.2092,3.9352,75364768
2015-03-11,6.2466,6.3233,6.221,6.3026,3.9944,59935606
2015-03-12,6.2849,6.3784,6.2761,6.3341,4.0144,72104837
2015-03-13,6.3833,6.3833,6.2997,6.3203,4.0057,132259413
2015-03-16,6.3607,6.4177,6.3351,6.3793,4.0431,92003047
2015-03-17,6.3852,6.4049,6.2859,6.3538,4.0269,86750734
2015-03-18,6.3626,6.3823,6.2515,6.3489,4.0237,94810801
2015-03-19,6.34,6.4147,6.3282,6.3803,4.0437,94211942
2015-03-20,6.3931,6.7039,6.3715,6.6882,4.2388,265837438
2015-03-23,6.6488,6.7354,6.6311,6.7216,4.26,157609764
2015-03-24,6.696,6.8623,6.6911,6.8239,4.3248,97472685
2015-03-25,6.7983,6.8485,6.7305,6.7492,4.2774,92112853
2015-03-26,6.698,6.8013,6.6567,6.8013,4.3105,119109038
2015-03-27,6.8082,6.8485,6.7157,6.7688,4.2899,83808690
2015-03-30,6.7865,6.8987,6.7649,6.8682,4.3529,62088603
2015-03-31,6.8603,6.9144,6.8082,6.9016,4.3741,57312251
2015-04-01,6.8623,6.9911,6.8455,6.9046,4.3759,116137281
2015-04-02,6.9046,6.9783,6.8859,6.9577,4.4096,59433139
2015-04-07,6.9911,7.0511,6.9685,7.0059,4.4401,105578273
2015-04-08,7.0177,7.0334,6.9154,6.939,4.3978,73395534
2015-04-09,6.9695,6.9823,6.9291,6.9626,4.4127,58454063
2015-04-10,6.9832,6.9832,6.8731,6.9439,4.4009,107006641
2015-04-13,6.9537,7.0511,6.9459,7.0344,4.4582,40929828
2015-04-14,6.8898,6.8898,6.7019,6.7383,4.3627,116855527
2015-04-15,6.7836,6.7856,6.7078,6.7806,4.3901,174635811
2015-04-16,6.7629,6.7659,6.6016,6.6538,4.3079,107104354
2015-04-17,6.6233,6.6538,6.4029,6.4492,4.1755,154518461
2015-04-20,6.4669,6.4905,6.4029,6.4747,4.192,73896266
2015-04-21,6.5298,6.5495,6.4207,6.4492,4.1755,154654127
2015-04-22,6.4305,6.4669,6.3449,6.4492,4.1755,110012779
2015-04-23,6.4806,6.4895,6.3636,6.4698,4.1889,132575883
2015-04-24,6.5023,6.639,6.4915,6.5515,4.2417,115789397
2015-04-27,6.5593,6.6852,6.4629,6.6587,4.3111,86286314
2015-04-28,6.6882,6.7472,6.6783,6.7374,4.3621,88528106
2015-04-29,6.7374,6.7718,6.6203,6.6233,4.2882,57695356
2015-04-30,6.5869,6.7354,6.5377,6.6449,4.3022,86234503
2015-05-04,6.6006,6.698,6.52,6.638,4.2977,44095967
2015-05-05,6.6016,6.6872,6.4128,6.4128,4.1519,62373669
2015-05-06,6.399,6.5239,6.3784,6.4816,4.1965,63405173
2015-05-07,6.4325,6.5279,6.3066,6.4954,4.2054,71767728
2015-05-08,6.5288,6.6882,6.4915,6.6882,4.3302,82821981
2015-05-11,6.6882,6.7049,6.6213,6.6793,4.3245,67946602
2015-05-12,6.6056,6.6233,6.5416,6.581,4.2608,74136217
2015-05-13,6.6065,6.6675,6.5269,6.5574,4.2455,58436719
2015-05-14,6.5544,6.6538,6.4806,6.6193,4.2856,33497173
2015-05-15,6.639,6.6429,6.5102,6.5338,4.2302,72001024
2015-05-18,6.5406,6.5751,6.4187,6.5052,4.2118,70057476
2015-05-19,6.5505,6.6459,6.5426,6.6105,4.2799,59874301
2015-05-20,6.6193,6.6675,6.5721,6.6528,4.3073,51014151
2015-05-21,6.6134,6.6715,6.6026,6.6715,4.3194,61335799
2015-05-22,6.6665,6.6833,6.6262,6.6479,4.3041,55083547
2015-05-25,6.5013,6.5702,6.4334,6.5062,4.2124,39291628
2015-05-26,6.4915,6.5229,6.398,6.4423,4.171,137601905
2015-05-27,6.4679,6.6075,6.4157,6.5574,4.2455,49083282
2015-05-28,6.522,6.5534,6.4177,6.4826,4.1971,58434116
2015-05-29,6.4679,6.5052,6.3587,6.3774,4.129,67510624
2015-06-01,6.3882,6.4511,6.3252,6.3489,4.1105,47440021
2015-06-02,6.4138,6.5259,6.3154,6.4384,4.1685,56543453
2015-06-03,6.4738,6.5554,6.4029,6.4944,4.2048,50148193
2015-06-04,6.4521,6.5751,6.3931,6.4639,4.185,54657640
2015-06-05,6.3961,6.4895,6.3469,6.4275,4.1615,52361418
2015-06-08,6.4039,6.4492,6.3341,6.3341,4.101,48206328
2015-06-09,6.3321,6.3744,6.2161,6.337,4.1029,119876617
2015-06-10,6.2908,6.4944,6.2712,6.46,4.1825,88423605
2015-06-11,6.4275,6.521,6.4079,6.4679,4.1876,58637118
2015-06-12,6.4423,6.4797,6.2889,6.3744,4.1271,50866625
2015-06-15,6.2456,6.3243,6.1994,6.2357,4.0373,55170277
2015-06-16,6.1964,6.2584,6.1,6.2308,4.0341,89719200
2015-06-17,6.2613,6.2918,6.1797,6.1964,4.0118,66515829
2015-06-18,6.2436,6.2652,6.1453,6.2485,4.0456,73717459
2015-06-19,6.2652,6.3734,6.2505,6.3007,4.0793,159663084
2015-06-22,6.4423,6.7128,6.4305,6.6744,4.3213,161322485
2015-06-23,6.7374,6.7767,6.6665,6.6892,4.3309,97805028
2015-06-24,6.6882,6.6882,6.5288,6.6164,4.2837,140269500
2015-06-25,6.5761,6.7423,6.5416,6.6233,4.2882,61716194
2015-06-26,6.5829,6.7305,6.5465,6.6675,4.3169,92800456
2015-06-29,6.0489,6.3636,6.0489,6.221,4.0277,135664018
2015-06-30,6.2112,6.3233,6.1531,6.161,3.9889,103086053
2015-07-01,6.22,6.3774,6.1856,6.3007,4.0793,75730248
2015-07-02,6.3174,6.3282,6.219,6.2593,4.0526,48374684
2015-07-03,6.2456,6.279,6.1915,6.2112,4.0214,57679003
2015-07-06,6.098,6.1118,5.9771,6.0361,3.908,138200366
2015-07-07,6.0617,6.0941,5.8817,5.8994,3.8195,117438396
2015-07-08,5.9259,6.0194,5.8748,5.9318,3.8405,100463779
2015-07-09,5.98,6.1905,5.9623,6.1413,3.9762,79525407
2015-07-10,6.3046,6.4305,6.2889,6.3715,4.1252,118968466
2015-07-13,6.4767,6.5406,6.4246,6.5072,4.2131,80003362
2015-07-14,6.5072,6.521,6.3577,6.4698,4.1889,111720437
2015-07-15,6.4688,6.5288,6.4334,6.521,4.222,58777388
2015-07-16,6.5603,6.6636,6.5534,6.6528,4.3073,144639763
2015-07-17,6.6705,6.6734,6.6026,6.6026,4.2748,123032444
2015-07-20,6.5997,6.6823,6.5888,6.6488,4.3048,83588972
2015-07-21,6.6685,6.6695,6.5613,6.5751,4.257,267244970
2015-07-22,6.5259,6.6469,6.519,6.6056,4.2767,255368666
2015-07-23,6.639,6.6538,6.5623,6.5623,4.2487,334055612
2015-07-24,6.5357,6.579,6.4433,6.4433,4.1717,202499086
2015-07-27,6.3931,6.4167,6.3007,6.3007,4.0793,162821356
2015-07-28,6.3243,6.401,6.3056,6.3626,4.1194,68047824
2015-07-29,6.3774,6.3941,6.3056,6.3911,4.1379,103507140
2015-07-30,6.4816,6.4865,6.1276,6.1738,3.9972,95338370
2015-07-31,6.1856,6.1915,6.0636,6.1807,4.0016,107637477
2015-08-03,6.16,6.2023,6.0744,6.1698,4.0267,194409421
2015-08-04,6.1531,6.1669,6.04,6.0862,3.9721,251795572
2015-08-05,6.1187,6.2023,6.1039,6.1718,4.028,192466454
2015-08-06,6.1689,6.2023,6.1335,6.1531,4.0158,261682957
2015-08-07,6.1659,6.1816,6.102,6.102,3.9824,198491129
2015-08-10,6.1315,6.221,6.0695,6.2023,4.0479,100592424
2015-08-11,6.1767,6.223,6.0803,6.0902,3.9747,68157895
2015-08-12,6.0233,6.0253,5.9013,5.919,3.863,90680024
2015-08-13,6.0007,6.0095,5.9013,5.9013,3.8514,115817097
2015-08-14,5.9122,5.9623,5.8246,5.8384,3.8103,150025546
2015-08-17,5.9072,5.9407,5.7636,5.8472,3.8161,88679014
2015-08-18,5.8305,5.8708,5.803,5.8276,3.8033,68666617
2015-08-19,5.803,5.8984,5.7627,5.7705,3.7661,71516454
2015-08-20,5.7597,5.8187,5.6702,5.685,3.7102,88097420
2015-08-21,5.5905,5.7017,5.505,5.505,3.5927,77777326
2015-08-24,5.324,5.4076,5.0063,5.1214,3.3424,184918937
2015-08-25,5.2207,5.386,5.1765,5.3417,3.4862,146140755
2015-08-26,5.2915,5.3328,5.206,5.2217,3.4079,121323179
2015-08-27,5.4096,5.4558,5.3486,5.4223,3.5388,76311526
2015-08-28,5.4558,5.503,5.4174,5.4725,3.5716,55267800
2015-08-31,5.442,5.4499,5.326,5.3702,3.5048,53325110
2015-09-01,5.2935,5.3112,5.1725,5.2197,3.4066,90540248
2015-09-02,5.2394,5.3142,5.145,5.205,3.397,72168426
2015-09-03,5.2738,5.2925,5.1774,5.2424,3.4214,100756263
2015-09-04,5.1784,5.203,5.0201,5.0929,3.3238,76807493
2015-09-07,5.1342,5.1509,5.0761,5.0791,3.3148,42452433
2015-09-08,5.1145,5.1804,5.0869,5.0889,3.3212,88640580
2015-09-09,5.2148,5.323,5.1804,5.202,3.395,86239086
2015-09-10,5.0948,5.1047,5.0161,5.0299,3.2827,88912433
2015-09-11,5.0653,5.0742,4.9473,4.9473,3.2288,145918509
2015-09-14,4.967,5.0063,4.8971,4.9247,3.214,68915839
2015-09-15,4.9197,5.0024,4.8696,4.9679,3.2423,85033138
2015-09-16,5.0063,5.0761,4.9729,5.0673,3.3071,151899238
2015-09-17,5.1125,5.1725,5.0702,5.1479,3.3597,80830228
2015-09-18,5.1332,5.1587,4.962,4.9679,3.2423,141926763
2015-09-21,4.9473,5.0555,4.9384,4.9699,3.2435,85971758
2015-09-22,4.9915,4.9935,4.783,4.7919,3.1274,71745407
2015-09-23,4.7879,4.8617,4.6916,4.6916,3.0619,159598168
2015-09-24,4.7161,4.7201,4.5047,4.5352,2.9598,111093124
2015-09-25,4.6325,4.6975,4.6158,4.6394,3.0279,108885323
2015-09-28,4.6335,4.6975,4.5283,4.5529,2.9714,59208856
2015-09-29,4.4948,4.6493,4.4762,4.5853,2.9926,64145064
2015-09-30,4.7024,4.7201,4.6355,4.666,3.0452,82455390
2015-10-01,4.7378,4.7476,4.6443,4.6552,3.0381,83915993
2015-10-02,4.6935,4.7437,4.5765,4.6886,3.06,69639107
2015-10-05,4.787,4.903,4.7565,4.8991,3.1973,64792971
2015-10-06,4.9178,5.0555,4.8804,5.0378,3.2878,67402069
2015-10-07,5.1047,5.266,5.0633,5.1607,3.3681,92336336
2015-10-08,5.1342,5.1509,5.0397,5.1292,3.3475,739724884
2015-10-09,5.203,5.3004,5.1676,5.2817,3.447,91897444
2015-10-12,5.2719,5.3112,5.1784,5.1961,3.3912,98477687
2015-10-13,5.1765,5.1932,5.0014,5.0555,3.2994,129621109
2015-10-14,5.0358,5.0653,4.9493,4.962,3.2384,120371853
2015-10-15,5.0132,5.024,4.9424,4.9532,3.2326,46446594
2015-10-16,5.0161,5.1184,4.9925,5.1047,3.3315,92843242
2015-10-19,5.1273,5.1656,5.0378,5.0653,3.3058,78782627
2015-10-20,5.022,5.0358,4.9178,4.9463,3.2598,691314104
2015-10-21,4.9493,5.0211,4.8706,4.9699,3.2753,251328765
2015-10-22,4.9483,5.1528,4.9335,5.1302,3.381,123363346
2015-10-23,5.1725,5.2748,5.1351,5.1843,3.4167,125794661
2015-10-26,5.1735,5.1833,5.1027,5.1391,3.3868,75315194
2015-10-27,5.1292,5.1342,5.0378,5.0545,3.3311,84577571
2015-10-28,5.0584,5.1332,5.027,5.1184,3.3732,81516895
2015-10-29,5.0161,5.083,4.9276,5.0014,3.2961,88199111
2015-10-30,5.0506,5.0515,4.9502,5.0161,3.3058,68173233
2015-11-02,4.965,5.1086,4.9502,5.0614,3.3356,60428369
2015-11-03,5.0486,5.1106,5.027,5.1106,3.368,154749843
2015-11-04,5.1548,5.3043,5.1322,5.1883,3.4192,110525629
2015-11-05,5.1932,5.2315,5.1106,5.1214,3.3752,91288697
2015-11-06,5.1243,5.2424,5.081,5.2178,3.4387,90685379
2015-11-09,5.2069,5.2374,5.1076,5.1076,3.3661,74792565
2015-11-10,5.1253,5.145,5.0368,5.0899,3.3544,40824457
2015-11-11,5.0948,5.2079,5.083,5.1342,3.3836,50663802
2015-11-12,5.1066,5.1233,4.9424,4.9453,3.2591,74636046
2015-11-13,4.9463,5.026,4.8637,4.9158,3.2397,52263431
2015-11-16,4.8686,4.9296,4.8312,4.8706,3.2099,74468030
2015-11-17,4.9247,5.0358,4.9079,5.0279,3.3136,66525195
2015-11-18,5.0112,5.0427,4.9738,5.0211,3.3091,62533520
2015-11-19,5.0653,5.1528,5.0594,5.1204,3.3745,53228322
2015-11-20,5.144,5.1558,5.0594,5.0781,3.3466,56771300
2015-11-23,5.0604,5.1204,5.0299,5.0899,3.3544,57094322
2015-11-24,5.0653,5.1066,4.9935,5.1066,3.3654,93848940
2015-11-25,5.0161,5.0348,4.8706,5.0043,3.298,114589707
2015-11-26,4.9876,5.0988,4.9493,5.0879,3.3531,44300845
2015-11-27,5.0565,5.1204,5.0161,5.0329,3.3168,65380810
2015-11-30,5.0171,5.1076,5.0033,5.083,3.3499,66364241
2015-12-01,5.0997,5.1391,5.0683,5.086,3.3518,37225200
2015-12-02,5.1066,5.1243,5.0102,5.0132,3.3039,54355268
2015-12-03,5.0152,5.082,4.8411,4.8607,3.2034,111279946
2015-12-04,4.8489,4.9256,4.7702,4.8775,3.2144,88891621
2015-12-07,4.9286,4.9296,4.7722,4.7899,3.1567,58313958
2015-12-08,4.7781,4.7879,4.6276,4.6552,3.0679,63574549
2015-12-09,4.6719,4.726,4.5548,4.6562,3.0686,93075402
2015-12-10,4.6227,4.7181,4.5794,4.6257,3.0485,77706866
2015-12-11,4.6168,4.6443,4.5253,4.5312,2.9863,63088276
2015-12-14,4.5539,4.5755,4.3719,4.3719,2.8812,161586855
2015-12-15,4.426,4.5647,4.4191,4.5568,3.0031,169417339
2015-12-16,4.5952,4.667,4.5135,4.5912,3.0258,118445852
2015-12-17,4.7112,4.784,4.6591,4.7083,3.1029,222947229
2015-12-18,4.6611,4.7063,4.5785,4.6266,3.0491,167967586
2015-12-21,4.487,4.5322,4.4024,4.4024,2.9013,250235167
2015-12-22,4.4594,4.4781,4.3985,4.4437,2.9286,56636840
2015-12-23,4.4909,4.5834,4.4811,4.5706,3.0122,48914740
2015-12-24,4.5981,4.6217,4.5726,4.6139,3.0407,14038291
2015-12-28,4.5942,4.6503,4.4909,4.5057,2.9694,40307608
2015-12-29,4.5362,4.5617,4.5155,4.546,2.996,45053410
2015-12-30,4.5253,4.5666,4.5116,4.5352,2.9888,30781439
2015-12-31,4.5145,4.5342,4.4614,4.483,2.9545,25516295
2016-01-04,4.3808,4.4162,4.309,4.3444,2.8631,105708045
2016-01-05,4.3768,4.3994,4.2735,4.307,2.8385,70566828
2016-01-06,4.2873,4.3158,4.1181,4.1683,2.7471,77858032
2016-01-07,4.0503,4.1122,3.9962,4.0827,2.6907,103288855
2016-01-08,4.1113,4.1368,3.9726,3.9726,2.6181,101179274
2016-01-11,3.948,4.13,3.945,4.0119,2.644,106593950
2016-01-12,4.0326,4.1722,3.9913,4.0631,2.6777,95278245
2016-01-13,4.1034,4.1811,4.0463,4.0788,2.6881,99429420
2016-01-14,4.0336,4.0906,3.949,4.0414,2.6634,81810041
2016-01-15,4.0326,4.0454,3.8998,3.9323,2.5915,140207850
2016-01-18,3.9352,3.9627,3.826,3.8831,2.5591,100848672
2016-01-19,3.9736,3.9873,3.8487,3.8585,2.5429,118391206
2016-01-20,3.8064,3.8064,3.6392,3.6726,2.4204,276500690
2016-01-21,3.6982,3.8319,3.649,3.7847,2.4943,248448985
2016-01-22,3.8949,4.01,3.8388,3.9529,2.6051,248550834
2016-01-25,3.9637,3.9736,3.769,3.7916,2.4988,816749726
2016-01-26,3.7247,3.9254,3.6903,3.9244,2.5863,282232534
2016-01-27,3.9244,3.9529,3.8221,3.9165,2.5811,87935273
2016-01-28,3.8782,3.9421,3.7306,3.7759,2.4884,100395300
2016-01-29,3.8457,3.8752,3.7739,3.8703,2.5507,156790415
2016-02-01,3.8516,3.8752,3.711,3.7434,2.4988,270064045
2016-02-02,3.7434,3.7473,3.5408,3.5506,2.3701,364431736
2016-02-03,3.5516,3.5595,3.3313,3.4061,2.2736,218392680
2016-02-04,3.4818,3.647,3.4149,3.5988,2.4023,233909977
2016-02-05,3.6234,3.769,3.5506,3.6874,2.4614,245126070
2016-02-08,3.7218,3.7296,3.4424,3.4582,2.3084,169389954
2016-02-09,3.4749,3.5703,3.2821,3.3244,2.2191,175264293
2016-02-10,3.3982,3.5782,3.3343,3.4956,2.3333,159657895
2016-02-11,3.4424,3.4424,3.2556,3.2556,2.1732,176454236
2016-02-12,3.3146,3.4257,3.2782,3.4247,2.2861,119883827
2016-02-15,3.5408,3.5831,3.4867,3.5497,2.3695,123910890
2016-02-16,3.5801,3.6087,3.4562,3.5438,2.3655,192523843
2016-02-17,3.5752,3.7021,3.5221,3.6952,2.4666,127543064
2016-02-18,3.7316,3.7424,3.5182,3.5546,2.3727,132658320
2016-02-19,3.5546,3.6057,3.3834,3.4415,2.2972,136267262
2016-02-22,3.5192,3.6136,3.4828,3.6136,2.4121,75510877
2016-02-23,3.5801,3.6834,3.5369,3.5516,2.3708,78740447
2016-02-24,3.5408,3.5634,3.3667,3.3824,2.2578,146413313
2016-02-25,3.4523,3.5201,3.4267,3.467,2.3143,67133553
2016-02-26,3.5221,3.6451,3.5113,3.6254,2.42,75151348
2016-02-29,3.5831,3.6913,3.5319,3.6913,2.464,57619447
2016-03-01,3.6883,3.7719,3.6362,3.768,2.5152,118026472
2016-03-02,3.7867,3.9932,3.7867,3.9804,2.657,102822455
2016-03-03,3.9942,4.0227,3.9273,3.9804,2.657,141672887
2016-03-04,4.0267,4.0768,3.9677,4.0542,2.7063,107053430
2016-03-07,4.0385,4.0896,3.9509,4.0355,2.6938,96521517
2016-03-08,4.0336,4.1536,3.9795,4.0749,2.72,97155461
2016-03-09,4.0749,4.1398,4.0188,4.0434,2.699,69039280
2016-03-10,4.0306,4.3276,3.9932,4.0867,2.7279,151755914
2016-03-11,4.1811,4.3837,4.1595,4.3788,2.9229,165410857
2016-03-14,4.4211,4.4939,4.3955,4.4398,2.9636,113807275
2016-03-15,4.4073,4.426,4.2391,4.2431,2.8323,136695237
2016-03-16,4.2568,4.2903,4.1142,4.1427,2.7654,119634834
2016-03-17,4.2195,4.2431,4.0139,4.1742,2.7864,111928809
2016-03-18,4.1791,4.2667,4.0916,4.2116,2.8113,159599213
2016-03-21,4.1644,4.2686,4.1319,4.1654,2.7805,132292823
2016-03-22,4.1309,4.1349,4.0434,4.1014,2.7378,71790414
2016-03-23,4.1172,4.1408,3.9795,4.0139,2.6793,50813943
2016-03-24,3.9745,4.0119,3.9096,3.9244,2.6196,73227064
2016-03-29,3.9362,4.0178,3.8919,3.9018,2.6045,54684937
2016-03-30,3.9441,3.9864,3.8978,3.9106,2.6104,98415134
2016-03-31,3.885,3.889,3.7808,3.8103,2.5434,84202086
2016-04-01,3.7582,3.8732,3.7257,3.7326,2.4916,104319908
2016-04-04,3.7326,3.8064,3.6992,3.7188,2.4824,85397416
2016-04-05,3.6578,3.6736,3.59,3.59,2.3964,69592991
2016-04-06,3.5949,3.6608,3.5526,3.5792,2.3892,82536285
2016-04-07,3.59,3.5998,3.4956,3.5172,2.3478,105585732
2016-04-08,3.5211,3.6411,3.5211,3.6028,2.4049,67874127
2016-04-11,3.591,3.7434,3.5506,3.6696,2.4496,86916544
2016-04-12,3.6795,3.771,3.6224,3.71,2.4765,87411955
2016-04-13,3.8162,3.9923,3.7867,3.9913,2.6642,137418473
2016-04-14,4.0129,4.0493,3.9008,4.0218,2.6846,157140536
2016-04-15,4.0021,4.0306,3.9618,3.9903,2.6636,124854358
2016-04-18,3.9047,4.067,3.8713,4.0582,2.7089,166137176
2016-04-19,4.0837,4.1359,4.068,4.1004,2.7371,170533746
2016-04-20,4.0857,4.2608,4.0719,4.248,2.8356,197265745
2016-04-21,4.2686,4.4024,4.2529,4.367,2.915,266101078
2016-04-22,4.3444,4.4132,4.3365,4.3965,2.9347,948769046
2016-04-25,4.4034,4.426,4.2716,4.308,2.8757,204131849
2016-04-26,4.3178,4.4653,4.2942,4.4516,2.9715,110010657
2016-04-27,4.5352,4.608,4.426,4.5214,3.0181,76446446
2016-04-28,4.4358,4.5558,4.3365,4.5509,3.0712,97822409
2016-04-29,4.4752,4.5234,4.3483,4.3483,2.9345,329904778
2016-05-02,4.3394,4.3758,4.2667,4.3001,2.902,225250065
2016-05-03,4.2804,4.2913,4.0847,4.0916,2.7612,294958754
2016-05-04,4.0916,4.1378,3.9854,3.9913,2.6935,155864559
2016-05-05,4.069,4.0788,3.9539,3.9736,2.6816,116630188
2016-05-06,3.9588,4.0513,3.8654,3.9991,2.6989,202198629
2016-05-09,4.0532,4.0955,3.8831,3.8959,2.6292,77763858
2016-05-10,3.949,4.0355,3.9372,4.008,2.7048,71157555
2016-05-11,4.0326,4.0503,3.9146,3.9726,2.6809,55473747
2016-05-12,3.9539,4.0611,3.9175,3.9618,2.6736,89786080
2016-05-13,3.9342,4.0316,3.8959,3.9942,2.6955,62102371
2016-05-16,3.9539,4.0129,3.9293,3.9903,2.6929,36336514
2016-05-17,4.0316,4.125,3.9588,4.0001,2.6995,51698808
2016-05-18,3.9696,4.0896,3.9539,4.0621,2.7413,46463420
2016-05-19,4.0729,4.1398,4.0159,4.0198,2.7128,66854475
2016-05-20,4.0719,4.1093,4.0454,4.0768,2.7513,56732215
2016-05-23,4.0719,4.1004,3.9932,4.005,2.7028,58983124
2016-05-24,3.9755,4.127,3.9667,4.1172,2.7785,61951914
2016-05-25,4.1673,4.3778,4.1604,4.367,2.9471,80140237
2016-05-26,4.2893,4.3158,4.2106,4.2863,2.8927,65027659
2016-05-27,4.2529,4.368,4.2519,4.3276,2.9205,57821806
2016-05-30,4.3316,4.3591,4.2991,4.3414,2.9298,20030795
2016-05-31,4.3601,4.367,4.185,4.2204,2.8482,47456602
2016-06-01,4.2116,4.2195,4.069,4.1034,2.7692,54110849
2016-06-02,4.1073,4.2558,4.1073,4.1349,2.7905,126164186
2016-06-03,4.1801,4.1978,3.949,3.9864,2.6902,75949088
2016-06-06,3.9864,4.068,3.9686,4.0159,2.7101,35620701
2016-06-07,4.0522,4.126,4.0444,4.0739,2.7493,57690449
2016-06-08,4.0601,4.07,3.9883,4.0178,2.7115,49596359
2016-06-09,4.0159,4.0709,3.9932,3.9991,2.6989,70458340
2016-06-10,3.9637,3.9677,3.7965,3.7975,2.5628,88957639
2016-06-13,3.7375,3.7651,3.6647,3.6647,2.4732,74118306
2016-06-14,3.6392,3.6805,3.5644,3.5654,2.4061,92249174
2016-06-15,3.6303,3.7159,3.5919,3.6254,2.4466,119741349
2016-06-16,3.5408,3.6087,3.4975,3.5998,2.4294,104096617
2016-06-17,3.6883,3.7955,3.6755,3.7434,2.5263,126952867
2016-06-20,3.9244,3.9539,3.8536,3.8909,2.6258,76836055
2016-06-21,3.8919,3.9795,3.8703,3.9588,2.6716,97416025
2016-06-22,3.9736,4.0395,3.886,3.9834,2.6882,74974422
2016-06-23,4.0001,4.1585,3.9539,4.1545,2.8037,107215652
2016-06-24,3.1179,3.4916,3.0982,3.3284,2.2462,390441095
2016-06-27,3.5388,3.5408,3.1611,3.2457,2.1904,241372304
2016-06-28,3.3638,3.3933,3.291,3.3028,2.2289,126790662
2016-06-29,3.3933,3.4415,3.3697,3.4188,2.3072,136113320
2016-06-30,3.3638,3.407,3.2959,3.3726,2.276,148610588
2016-07-01,3.4415,3.4798,3.3539,3.4454,2.3252,128784984
2016-07-04,3.4533,3.4936,3.3883,3.4297,2.3145,83823560
2016-07-05,3.3933,3.4365,3.3106,3.3274,2.2455,75298435
2016-07-06,3.2949,3.3274,3.2162,3.2654,2.2037,95852761
2016-07-07,3.2939,3.347,3.2684,3.2949,2.2236,63977302
2016-07-08,3.2743,3.4818,3.2516,3.4651,2.3384,127866340
2016-07-11,3.5113,3.5388,3.4031,3.5103,2.369,57852361
2016-07-12,3.5221,3.7444,3.4995,3.7385,2.523,238921469
2016-07-13,3.7011,3.7837,3.6441,3.6628,2.4718,174546163
2016-07-14,3.7178,3.7769,3.6765,3.7611,2.5382,155451942
2016-07-15,3.7385,3.8132,3.6903,3.7493,2.5303,115290563
2016-07-18,3.7641,3.8142,3.6667,3.7434,2.5263,140043523
2016-07-19,3.708,3.7818,3.6539,3.7011,2.4977,120789650
2016-07-20,3.7326,3.7483,3.6746,3.7483,2.5296,75593571
2016-07-21,3.7513,3.8536,3.7326,3.7975,2.5628,205384685
2016-07-22,3.77,3.8408,3.7601,3.8142,2.5741,60298629
2016-07-25,3.8152,3.828,3.707,3.7267,2.515,50744126
2016-07-26,3.7159,3.7424,3.649,3.6923,2.4918,53012735
2016-07-27,3.7621,3.8496,3.6942,3.7995,2.6022,147546265
2016-07-28,3.8014,3.8113,3.6431,3.649,2.4992,151532274
2016-07-29,3.6785,3.766,3.6608,3.7316,2.5558,143364101
2016-08-01,3.8123,3.825,3.5998,3.6451,2.4965,123976991
2016-08-02,3.6313,3.6333,3.4424,3.4513,2.3638,390169034
2016-08-03,3.4897,3.5054,3.3972,3.4375,2.3543,85033188
2016-08-04,3.4798,3.5801,3.472,3.5329,2.4197,56240787
2016-08-05,3.5506,3.649,3.5506,3.6431,2.4951,42040670
2016-08-08,3.6687,3.7552,3.6687,3.707,2.5389,51240182
2016-08-09,3.6903,3.7572,3.6706,3.7473,2.5665,38485416
2016-08-10,3.7178,3.7896,3.708,3.7601,2.5753,36082729
2016-08-11,3.7769,3.7955,3.7326,3.7877,2.5941,43316676
2016-08-12,3.767,3.8152,3.7631,3.7788,2.5881,30077824
2016-08-15,3.77,3.7936,3.7532,3.7808,2.5894,18421903
2016-08-16,3.7572,3.7955,3.7237,3.7473,2.5665,47748075
2016-08-17,3.769,3.7769,3.6519,3.6519,2.5012,36892057
2016-08-18,3.6775,3.6913,3.6008,3.6569,2.5046,35748140
2016-08-19,3.6529,3.6549,3.5378,3.5801,2.452,44083244
2016-08-22,3.5605,3.648,3.5467,3.6037,2.4682,46955137
2016-08-23,3.6195,3.7218,3.6146,3.706,2.5382,43638020
2016-08-24,3.6992,3.8231,3.6696,3.7965,2.6002,84506630
2016-08-25,3.7739,3.7965,3.7336,3.7867,2.5935,55947206
2016-08-26,3.7759,3.8359,3.7572,3.8211,2.6171,29132562
2016-08-29,3.7867,3.8496,3.771,3.8064,2.6069,22672232
2016-08-30,3.8123,3.8939,3.8064,3.8634,2.646,56967869
2016-08-31,3.885,3.9932,3.8713,3.9539,2.708,72214112
2016-09-01,3.9608,4.0896,3.9372,3.9716,2.7201,69512145
2016-09-02,3.9834,4.0375,3.8919,4.0336,2.7626,56617644
2016-09-05,4.0404,4.0906,4.0129,4.0552,2.7774,38260891
2016-09-06,4.0965,4.1073,3.9942,4.0021,2.741,43952667
2016-09-07,4.005,4.0641,3.9677,4.0611,2.7814,51887503
2016-09-08,4.067,4.1604,4.0355,4.1526,2.8441,80358905
2016-09-09,4.1181,4.2086,4.0975,4.1319,2.8299,70950535
2016-09-12,4.0227,4.0709,3.9578,4.0237,2.7558,70039482
2016-09-13,4.0611,4.07,3.9136,3.9136,2.6804,64559837
2016-09-14,3.9352,3.9431,3.8585,3.8624,2.6453,69566518
2016-09-15,3.8595,3.9244,3.8418,3.8909,2.6649,64611225
2016-09-16,3.8723,3.889,3.7975,3.8152,2.613,102355615
2016-09-19,3.8782,3.8929,3.8437,3.8516,2.6379,40230902
2016-09-20,3.826,3.8555,3.7877,3.8132,2.6117,31713696
2016-09-21,3.9244,3.9539,3.8988,3.9342,2.6945,56641917
2016-09-22,3.9647,4.0601,3.9382,4.0237,2.7558,68694786
2016-09-23,3.9637,3.9873,3.8634,3.8929,2.6662,132636032
2016-09-26,3.8624,3.8624,3.7513,3.8132,2.6117,72757588
2016-09-27,3.8457,3.8654,3.7582,3.7965,2.6002,59057049
2016-09-28,3.8378,3.8821,3.8103,3.8457,2.6339,37766811
2016-09-29,3.8949,3.9205,3.8634,3.8821,2.6588,43174811
2016-09-30,3.767,3.889,3.6913,3.8821,2.6588,124071396
2016-10-03,3.8949,3.9077,3.8457,3.8801,2.6575,30944365
2016-10-04,3.8949,3.9283,3.8595,3.887,2.6622,44296941
2016-10-05,3.8437,3.9539,3.826,3.9441,2.7013,59096274
2016-10-06,3.9736,4.0277,3.9598,3.9844,2.7289,93951867
2016-10-07,3.9716,4.007,3.8732,3.9037,2.6736,70795897
2016-10-10,3.8949,3.9313,3.826,3.9165,2.6824,84429133
2016-10-11,3.9195,3.9539,3.887,3.9175,2.6831,64012652
2016-10-12,3.9332,3.9657,3.9136,3.9332,2.6938,104965066
2016-10-13,3.8939,3.8949,3.827,3.8487,2.6359,49198964
2016-10-14,3.8673,4.0109,3.8595,3.9834,2.7282,53023468
2016-10-17,3.948,4.0178,3.945,3.9716,2.7201,40965738
2016-10-18,3.9736,4.0326,3.9726,4.0237,2.7869,59458758
2016-10-19,4.0316,4.1309,4.006,4.1132,2.8489,87975256
2016-10-20,4.1211,4.2381,4.1162,4.2136,2.9184,102841137
2016-10-21,4.2057,4.2588,4.1821,4.2588,2.9497,87399174
2016-10-24,4.2932,4.424,4.2883,4.4181,3.0601,162682060
2016-10-25,4.4034,4.426,4.3385,4.368,3.0253,99517112
2016-10-26,4.4211,4.4594,4.369,4.3847,3.0369,141452961
2016-10-27,4.4083,4.4634,4.3886,4.4634,3.0914,99430994
2016-10-28,4.4358,4.4535,4.3601,4.4437,3.0778,75482183
2016-10-31,4.4024,4.4535,4.3975,4.4034,3.0498,66710770
2016-11-01,4.4201,4.4349,4.3149,4.3178,2.9906,84218033
2016-11-02,4.2627,4.2745,4.1919,4.2391,2.9361,72905728
2016-11-03,4.2381,4.3168,4.2027,4.2834,2.9667,62001309
2016-11-04,4.248,4.2667,4.1831,4.2263,2.9272,61317572
2016-11-07,4.3276,4.367,4.3001,4.3011,2.979,53438829
2016-11-08,4.3237,4.3522,4.2509,4.3404,3.0062,73762225
2016-11-09,4.1221,4.3513,4.0818,4.3493,3.0124,135047837
2016-11-10,4.426,4.5539,4.3227,4.3562,3.0171,113985087
2016-11-11,4.4181,4.4358,4.1408,4.1801,2.8952,134087062
2016-11-14,4.2529,4.2883,4.1624,4.2499,2.9436,75062562
2016-11-15,4.2686,4.307,4.1781,4.2972,2.9763,107981532
2016-11-16,4.308,4.3463,4.1899,4.2509,2.9442,70313218
2016-11-17,4.2136,4.2765,4.1939,4.2745,2.9606,43362366
2016-11-18,4.308,4.3139,4.1772,4.1958,2.9061,70791023
2016-11-21,4.2195,4.2322,4.1526,4.1998,2.9088,32041500
2016-11-22,4.2362,4.2873,4.2017,4.2588,2.9497,38893744
2016-11-23,4.2558,4.2873,4.1949,4.2617,2.9517,42229821
2016-11-24,4.2785,4.2913,4.2096,4.2342,2.9327,28903242
2016-11-25,4.249,4.249,4.1821,4.2077,2.9143,27456619
2016-11-28,4.2086,4.2086,4.1152,4.1408,2.8679,38911188
2016-11-29,4.1408,4.2381,4.124,4.1919,2.9034,48411434
2016-11-30,4.2096,4.2578,4.1526,4.2421,2.9381,52292098
2016-12-01,4.2293,4.2834,4.2116,4.2706,2.9579,46038266
2016-12-02,4.2116,4.249,4.1988,4.2195,2.9224,43988697
2016-12-05,4.1516,4.308,4.1309,4.2785,2.9633,67594640
2016-12-06,4.2883,4.5047,4.2716,4.4948,3.1132,76027357
2016-12-07,4.544,4.6325,4.5421,4.606,3.1902,96163927
2016-12-08,4.6227,4.8568,4.608,4.8489,3.3584,127584556
2016-12-09,4.8184,4.845,4.7496,4.7939,3.3203,90059766
2016-12-12,4.7899,4.845,4.7712,4.8116,3.3325,60934769
2016-12-13,4.7909,4.9001,4.7525,4.8706,3.3734,90480529
2016-12-14,4.8607,4.8922,4.7919,4.8076,3.3298,71284237
2016-12-15,4.8096,4.9276,4.8096,4.9158,3.4047,86206703
2016-12-16,4.8853,4.966,4.8607,4.9502,3.4286,166882044
2016-12-19,4.9178,4.9394,4.8293,4.8352,3.3489,70697231
2016-12-20,4.8194,4.9129,4.8007,4.9129,3.4027,49027857
2016-12-21,4.8863,4.9178,4.8096,4.8912,3.3877,70749216
2016-12-22,4.8834,4.9079,4.8479,4.8706,3.3734,32140187
2016-12-23,4.905,4.9178,4.8647,4.8912,3.3877,33593484
2016-12-27,4.8745,4.8961,4.8617,4.8716,3.3741,15121569
2016-12-28,4.8558,4.8873,4.8106,4.847,3.3571,33010113
2016-12-29,4.8125,4.844,4.787,4.8214,3.3394,37626325
2016-12-30,4.8145,4.8775,4.7899,4.8775,3.3782,44175432
2017-01-02,4.8401,4.9119,4.8381,4.9079,3.3993,20481562
2017-01-03,4.9178,5.0929,4.9138,5.027,3.4817,63281601
2017-01-04,5.0486,5.0978,4.9974,5.0496,3.4974,63903473
2017-01-05,5.0397,5.1047,5.0112,5.0643,3.5076,52036095
2017-01-06,5.0506,5.0938,5.0211,5.0929,3.5274,28799877
2017-01-09,5.0948,5.1047,5.025,5.0358,3.4879,58465522
2017-01-10,5.0574,5.0604,5.0043,5.0309,3.4845,41206456
2017-01-11,5.0466,5.0535,4.9679,4.9876,3.4545,57163622
2017-01-12,4.967,5.0309,4.9178,4.9778,3.4477,50440213
2017-01-13,4.9984,5.0751,4.9679,5.0643,3.5076,92058639
2017-01-16,5.0092,5.0368,4.9817,4.9817,3.4504,29641689
2017-01-17,4.967,5.0289,4.9434,4.9591,3.4347,41295205
2017-01-18,4.9965,5.0014,4.9424,4.9758,3.4463,65011152
2017-01-19,5.0043,5.0506,4.9532,5.0033,3.4654,175771216
2017-01-20,4.9856,5.0643,4.9689,5.0486,3.4967,49495554
2017-01-23,5.0112,5.024,4.9473,4.967,3.4402,191775046
2017-01-24,4.9866,5.0781,4.9738,5.0781,3.5172,404593198
2017-01-25,5.1833,5.3446,5.1735,5.2827,3.6588,440861132
2017-01-26,5.3604,5.3997,5.2551,5.2738,3.6527,191080240
2017-01-27,5.2827,5.2856,5.1902,5.2689,3.6493,77273686
2017-01-30,5.2128,5.2315,5.1027,5.1174,3.5812,110654945
2017-01-31,5.1145,5.2069,5.0643,5.0643,3.544,112122743
2017-02-01,5.1243,5.1617,5.0771,5.1204,3.5832,348185435
2017-02-02,5.1735,5.2207,5.0968,5.202,3.6404,332018338
2017-02-03,5.2325,5.2689,5.1932,5.2473,3.672,49775911
2017-02-06,5.2276,5.2699,5.1047,5.1361,3.5942,105415595
2017-02-07,5.0948,5.1125,5.0309,5.0338,3.5227,269048956
2017-02-08,5.0378,5.0653,4.8509,4.964,3.4738,110638087
2017-02-09,4.9561,5.0427,4.9089,5.0427,3.5289,60659840
2017-02-10,5.0633,5.0781,4.9276,4.9581,3.4697,43038150
2017-02-13,4.9935,5.0633,4.9502,5.0466,3.5316,48978938
2017-02-14,5.0378,5.1096,5.0181,5.086,3.5591,49384762
2017-02-15,5.1342,5.1951,5.1155,5.1735,3.6204,60524979
2017-02-16,5.1637,5.1833,5.0997,5.1214,3.5839,46140149
2017-02-17,5.1155,5.1342,4.9945,5.0555,3.5378,46851358
2017-02-20,5.0929,5.1145,5.0437,5.0781,3.5536,41728091
2017-02-21,5.0643,5.1489,5.0161,5.1145,3.5791,44970658
2017-02-22,5.1371,5.1607,4.9906,5.0191,3.5123,67738014
2017-02-23,5.0476,5.0781,5.0053,5.0319,3.5213,51174305
2017-02-24,5.0447,5.0732,4.9217,4.966,3.4752,71891541
2017-02-27,5.0033,5.0083,4.966,4.9738,3.4807,26222129
2017-02-28,5.0211,5.085,4.9837,5.0692,3.5474,91186641
2017-03-01,5.0948,5.2315,5.0948,5.2315,3.661,72885777
2017-03-02,5.2315,5.2424,5.143,5.143,3.5991,69603483
2017-03-03,5.1292,5.2453,5.0988,5.2276,3.6583,69336678
2017-03-06,5.1883,5.2473,5.1735,5.1971,3.6369,40010177
2017-03-07,5.2138,5.2217,5.1597,5.2001,3.639,50074114
2017-03-08,5.2001,5.2817,5.1873,5.2542,3.6768,51478103
2017-03-09,5.2473,5.383,5.2374,5.383,3.767,122098507
2017-03-10,5.3702,5.4932,5.3407,5.3997,3.7787,98335258
2017-03-13,5.4046,5.4066,5.3338,5.3712,3.7587,50699820
2017-03-14,5.3604,5.3702,5.265,5.2719,3.6892,52036046
2017-03-15,5.2787,5.3741,5.2728,5.3437,3.7395,49908648
2017-03-16,5.4194,5.563,5.4105,5.5423,3.8785,150223093
2017-03-17,5.5079,5.6092,5.501,5.5571,3.8888,148369658
2017-03-20,5.5138,5.5738,5.4991,5.5433,3.8792,63430444
2017-03-21,5.5964,5.6791,5.5325,5.564,3.8936,66535796
2017-03-22,5.5099,5.6338,5.441,5.5876,3.9102,124480067
2017-03-23,5.6043,5.6554,5.5532,5.6299,3.9398,68087759
2017-03-24,5.623,5.6486,5.5768,5.621,3.9336,90573402
2017-03-27,5.5394,5.5925,5.5177,5.5718,3.8992,77956880
2017-03-28,5.6161,5.6653,5.5758,5.6653,3.9645,51847549
2017-03-29,5.6653,5.6997,5.5709,5.6279,3.9384,82168592
2017-03-30,5.6191,5.6525,5.5866,5.6505,3.9542,38734448
2017-03-31,5.6122,5.6505,5.5866,5.6505,3.9542,63291319
2017-04-03,5.6515,5.6515,5.5315,5.5522,3.8854,43910135
2017-04-04,5.5335,5.5758,5.4607,5.5699,3.8978,54055395
2017-04-05,5.5768,5.6938,5.5709,5.6063,3.9232,52545898
2017-04-06,5.562,5.6771,5.5187,5.6653,3.9645,52692638
2017-04-07,5.6063,5.685,5.6063,5.68,3.9749,45253360
2017-04-10,5.6535,5.6643,5.5846,5.5846,3.9081,67989578
2017-04-11,5.5473,5.5856,5.4814,5.5423,3.8785,65974057
2017-04-12,5.5669,5.6102,5.4696,5.4715,3.8289,78692938
2017-04-13,5.4725,5.4725,5.3437,5.3968,3.7766,79064046
2017-04-18,5.4489,5.4489,5.3456,5.385,3.7684,158189575
2017-04-19,5.4066,5.5453,5.3958,5.5453,3.8806,427412523
2017-04-20,5.5355,5.6338,5.5177,5.5669,3.8957,240884710
2017-04-21,5.5797,5.6358,5.5089,5.5768,3.9026,129956361
2017-04-24,5.803,5.9013,5.7754,5.9013,4.1297,283940953
2017-04-25,5.9013,5.9899,5.8531,5.9407,4.1573,97617103
2017-04-26,5.9997,6.0105,5.8541,5.9505,4.1641,184617188
2017-04-27,5.9013,5.9112,5.8276,5.8443,4.1273,206155877
2017-04-28,5.8089,5.9702,5.7784,5.8885,4.1586,162326435
2017-05-02,5.9102,5.9682,5.9013,5.9564,4.2065,198195230
2017-05-03,5.9436,5.9731,5.919,5.9731,4.2183,195078749
2017-05-04,5.9859,6.0725,5.9771,6.0666,4.2843,266286109
2017-05-05,6.0479,6.1934,6.0233,6.1934,4.3739,260154165
2017-05-08,6.221,6.2456,6.0607,6.162,4.3517,146119106
2017-05-09,6.1964,6.221,6.0499,6.0567,4.2774,64780707
2017-05-10,6.0292,6.0833,5.9436,6.0321,4.26,74686281
2017-05-11,6.0479,6.0597,5.9141,5.9603,4.2093,62560893
2017-05-12,5.9505,5.9958,5.9082,5.9289,4.1871,37713184
2017-05-15,5.98,6.043,5.9505,6.043,4.2676,40410733
2017-05-16,6.0439,6.0617,5.98,6.0341,4.2614,40565007
2017-05-17,5.9938,6.038,5.8433,5.86,4.1384,65920510
2017-05-18,5.7145,5.7813,5.5394,5.6436,3.9856,122567329
2017-05-19,5.685,5.7489,5.6466,5.7371,4.0516,98059791
2017-05-22,5.7341,5.7528,5.6141,5.6141,3.9648,63782929
2017-05-23,5.6053,5.7587,5.5827,5.743,4.0558,49788585
2017-05-24,5.7617,5.8158,5.7223,5.7784,4.0808,49118599
2017-05-25,5.8423,5.8512,5.7735,5.7882,4.0877,32089857
2017-05-26,5.7627,5.7784,5.6584,5.7705,4.0752,39544729
2017-05-29,5.739,5.7892,5.7272,5.7676,4.0732,16841688
2017-05-30,5.6899,5.8118,5.682,5.7056,4.0294,66427942
2017-05-31,5.7046,5.7499,5.6584,5.6859,4.0155,83444213
2017-06-01,5.6889,5.7095,5.623,5.6948,4.0218,78852822
2017-06-02,5.7666,5.8207,5.681,5.7243,4.0426,52268566
2017-06-05,5.6938,5.7331,5.6318,5.7145,4.0356,27872747
2017-06-06,5.6604,5.7341,5.6515,5.7046,4.0287,47081333
2017-06-07,5.5571,5.7508,5.5128,5.6545,3.9933,234377944
2017-06-08,5.622,5.9505,5.6161,5.9505,4.2023,129428866
2017-06-09,5.9328,6.0292,5.8541,6.0194,4.251,92209605
2017-06-12,5.981,6.0292,5.9072,5.9653,4.2128,86185161
2017-06-13,5.9997,6.0272,5.9456,5.9594,4.2086,57577623
2017-06-14,5.9741,6.0085,5.8148,5.8325,4.119,73604868
2017-06-15,5.803,5.8463,5.7086,5.7902,4.0891,168482349
2017-06-16,5.8177,5.862,5.7164,5.7577,4.0662,110082046
2017-06-19,5.8453,5.8758,5.7981,5.8286,4.1162,33831767
2017-06-20,5.8817,5.8915,5.7272,5.7607,4.0683,50359719
2017-06-21,5.7538,5.7872,5.6456,5.7538,4.0634,40880814
2017-06-22,5.7322,5.7794,5.6731,5.7597,4.0676,48408902
2017-06-23,5.741,5.7833,5.6741,5.6997,4.0252,45811187
2017-06-26,5.744,5.8128,5.7282,5.7489,4.06,38162067
2017-06-27,5.7528,5.8266,5.7105,5.7882,4.0877,42070529
2017-06-28,5.7617,5.9171,5.7046,5.9004,4.1669,62830911
2017-06-29,5.9505,5.9997,5.803,5.8118,4.1044,64989681
2017-06-30,5.8571,5.8649,5.6771,5.6968,4.0231,59208235
2017-07-03,5.7538,5.9112,5.7263,5.9033,4.169,44992025
2017-07-04,5.8049,5.923,5.7882,5.8571,4.1364,271208468
2017-07-05,5.8276,5.8954,5.8138,5.8236,4.1127,86146338
2017-07-06,5.849,5.887,5.745,5.876,4.1497,71372421
2017-07-07,5.848,5.866,5.76,5.809,4.1024,106558780
2017-07-10,5.829,5.843,5.742,5.809,4.1024,51686271
2017-07-11,5.816,5.824,5.749,5.763,4.0699,71739603
2017-07-12,5.779,5.809,5.759,5.786,4.0862,108759590
2017-07-13,5.8,5.878,5.787,5.85,4.1314,89700136
2017-07-14,5.84,5.874,5.76,5.795,4.0925,63993486
2017-07-17,5.783,5.79,5.705,5.735,4.0501,64897693
2017-07-18,5.7,5.752,5.64,5.684,4.0141,70297075
2017-07-19,5.61,5.677,5.501,5.655,3.9937,177533912
2017-07-20,5.6,5.768,5.59,5.72,4.0396,148852533
2017-07-21,5.707,5.727,5.612,5.637,3.9809,69010303
2017-07-24,5.643,5.737,5.599,5.704,4.0283,47323153
2017-07-25,5.698,5.868,5.698,5.809,4.1024,123726612
2017-07-26,5.814,5.823,5.752,5.806,4.1003,330099566
2017-07-27,5.766,5.834,5.757,5.808,4.1017,144334793
2017-07-28,5.775,5.819,5.742,5.8,4.0961,158834140
2017-07-31,5.796,5.842,5.758,5.774,4.0777,120408146
2017-08-01,5.862,5.864,5.78,5.824,4.113,83634297
2017-08-02,5.8,5.815,5.7,5.715,4.078,74954805
2017-08-03,5.7,5.758,5.611,5.758,4.1087,109945292
2017-08-04,5.729,5.856,5.709,5.815,4.1494,96818339
2017-08-07,5.82,5.837,5.805,5.832,4.1615,21196128
2017-08-08,5.83,5.875,5.813,5.853,4.1765,138883139
2017-08-09,5.857,5.862,5.682,5.732,4.0902,182148370
2017-08-10,5.719,5.72,5.568,5.6,3.996,81526723
2017-08-11,5.54,5.56,5.422,5.471,3.9039,148215066
2017-08-14,5.519,5.63,5.51,5.593,3.991,29794642
2017-08-15,5.585,5.614,5.555,5.609,4.0024,24609149
2017-08-16,5.635,5.69,5.628,5.642,4.0259,42057748
2017-08-17,5.64,5.648,5.493,5.501,3.9253,49235820
2017-08-18,5.401,5.497,5.38,5.49,3.9175,50065513
2017-08-21,5.485,5.499,5.415,5.438,3.8804,38089150
2017-08-22,5.485,5.515,5.442,5.481,3.9111,24565627
2017-08-23,5.494,5.519,5.401,5.433,3.8768,28107056
2017-08-24,5.465,5.523,5.44,5.47,3.9032,41112931
2017-08-25,5.487,5.547,5.47,5.47,3.9032,20409462
2017-08-28,5.45,5.5,5.434,5.446,3.8861,38825479
2017-08-29,5.414,5.427,5.36,5.37,3.8319,46307710
2017-08-30,5.432,5.433,5.367,5.407,3.8583,37889209
2017-08-31,5.44,5.52,5.432,5.459,3.8954,73807900
2017-09-01,5.486,5.508,5.44,5.477,3.9082,38557338
2017-09-04,5.402,5.449,5.402,5.44,3.8818,21174653
2017-09-05,5.449,5.473,5.349,5.349,3.8169,33068974
2017-09-06,5.32,5.355,5.292,5.303,3.784,37204471
2017-09-07,5.341,5.348,5.27,5.28,3.7676,78919134
2017-09-08,5.32,5.413,5.305,5.344,3.8133,51053964
2017-09-11,5.418,5.541,5.403,5.523,3.941,42719313
2017-09-12,5.533,5.59,5.502,5.572,3.976,45263098
2017-09-13,5.566,5.623,5.543,5.594,3.9917,55337599
2017-09-14,5.58,5.669,5.548,5.658,4.0374,42407105
2017-09-15,5.609,5.663,5.554,5.587,3.9867,177687711
2017-09-18,5.632,5.662,5.602,5.626,4.0145,32999207
2017-09-19,5.632,5.697,5.631,5.676,4.0502,31627796
2017-09-20,5.673,5.699,5.577,5.626,4.0145,72962780
2017-09-21,5.665,5.733,5.646,5.693,4.0623,43933905
2017-09-22,5.701,5.739,5.69,5.739,4.0952,38398379
2017-09-25,5.735,5.735,5.642,5.674,4.0488,38405764
2017-09-26,5.65,5.707,5.642,5.666,4.0431,63690034
2017-09-27,5.69,5.9,5.682,5.86,4.1815,70687874
2017-09-28,5.86,5.945,5.854,5.89,4.2029,51708507
2017-09-29,5.88,5.912,5.832,5.907,4.215,66747328
2017-10-02,5.781,5.872,5.726,5.812,4.1473,58540075
2017-10-03,5.84,5.867,5.735,5.825,4.1565,57605521
2017-10-04,5.807,5.807,5.582,5.602,3.9974,127944573
2017-10-05,5.602,5.84,5.568,5.766,4.1144,96597285
2017-10-06,5.746,5.796,5.705,5.774,4.1201,100916324
2017-10-09,5.792,5.869,5.76,5.779,4.1237,62597031
2017-10-10,5.799,5.8,5.588,5.61,4.0031,181447576
2017-10-11,5.779,5.779,5.619,5.646,4.0288,94524015
2017-10-12,5.667,5.67,5.605,5.63,4.0174,26607734
2017-10-13,5.649,5.649,5.553,5.564,3.9703,38871922
2017-10-16,5.563,5.598,5.481,5.565,3.971,35796367
2017-10-17,5.591,5.688,5.562,5.63,4.0174,45357688
2017-10-18,5.63,5.645,5.541,5.639,4.0526,36521784
2017-10-19,5.63,5.648,5.544,5.571,4.0037,44666570
2017-10-20,5.571,5.615,5.555,5.6,4.0246,46756739
2017-10-23,5.58,5.593,5.53,5.54,3.9814,29354858
2017-10-24,5.516,5.636,5.511,5.625,4.0425,162717967
2017-10-25,5.635,5.73,5.605,5.632,4.0476,85260281
2017-10-26,5.598,5.876,5.592,5.813,4.1776,118278398
2017-10-27,5.8,5.836,5.647,5.698,4.095,146901652
2017-10-30,5.829,5.849,5.777,5.826,4.187,61852451
2017-10-31,5.829,5.907,5.802,5.823,4.1848,57787050
2017-11-01,5.868,5.881,5.81,5.831,4.1906,52366273
2017-11-02,5.845,5.863,5.758,5.82,4.1827,46615080
2017-11-03,5.809,5.814,5.664,5.711,4.1043,45096203
2017-11-06,5.705,5.705,5.614,5.641,4.054,47662993
2017-11-07,5.698,5.708,5.616,5.62,4.0389,52891542
2017-11-08,5.61,5.619,5.525,5.6,4.0246,42900076
2017-11-09,5.606,5.658,5.558,5.558,3.9944,54732907
2017-11-10,5.551,5.632,5.546,5.563,3.998,76460145
2017-11-13,5.581,5.59,5.482,5.535,3.9779,32420275
2017-11-14,5.53,5.575,5.453,5.459,3.9232,43133390
2017-11-15,5.41,5.537,5.376,5.527,3.9721,47134491
2017-11-16,5.571,5.628,5.523,5.533,3.9764,36928965
2017-11-17,5.535,5.581,5.481,5.481,3.939,48072852
2017-11-20,5.474,5.53,5.463,5.498,3.9513,32278623
2017-11-21,5.484,5.558,5.464,5.467,3.929,27165547
2017-11-22,5.47,5.554,5.47,5.497,3.9505,31798195
2017-11-23,5.469,5.54,5.452,5.512,3.9613,34342279
2017-11-24,5.536,5.621,5.518,5.557,3.9937,67251381
2017-11-27,5.54,5.626,5.521,5.573,4.0052,73918117
2017-11-28,5.595,5.624,5.561,5.601,4.0253,28011180
2017-11-29,5.65,5.745,5.635,5.704,4.0993,60690656
2017-11-30,5.71,5.781,5.643,5.643,4.0555,93859188
2017-12-01,5.643,5.659,5.502,5.503,3.9549,63650516
2017-12-04,5.58,5.61,5.548,5.577,4.008,35688574
2017-12-05,5.6,5.605,5.541,5.558,3.9944,28646755
2017-12-06,5.53,5.535,5.458,5.501,3.9534,60524857
2017-12-07,5.52,5.55,5.47,5.531,3.975,49054353
2017-12-08,5.579,5.69,5.573,5.63,4.0461,53611253
2017-12-11,5.65,5.683,5.625,5.636,4.0504,34209811
2017-12-12,5.657,5.699,5.616,5.682,4.0835,54999691
2017-12-13,5.65,5.722,5.648,5.655,4.0641,43781921
2017-12-14,5.636,5.698,5.59,5.616,4.0361,48926980
2017-12-15,5.61,5.653,5.591,5.624,4.0418,88648391
2017-12-18,5.644,5.674,5.622,5.671,4.0756,45496829
2017-12-19,5.654,5.697,5.654,5.673,4.077,43715052
2017-12-20,5.679,5.687,5.597,5.631,4.0468,39349236
2017-12-21,5.6,5.732,5.591,5.717,4.1087,50853731
2017-12-22,5.599,5.655,5.591,5.594,4.0203,35826371
2017-12-27,5.581,5.627,5.553,5.56,3.9958,18973351
2017-12-28,5.551,5.57,5.505,5.511,3.9606,27325386
2017-12-29,5.517,5.523,5.465,5.479,3.9376,34514338
2018-01-02,5.527,5.54,5.435,5.454,3.9196,42328216
2018-01-03,5.48,5.48,5.422,5.455,3.9204,39803263
2018-01-04,5.48,5.644,5.474,5.638,4.0519,79845867
2018-01-05,5.66,5.729,5.634,5.675,4.0785,42225699
2018-01-08,5.694,5.734,5.665,5.692,4.0907,39301003
2018-01-09,5.685,5.737,5.668,5.702,4.0979,28509411
2018-01-10,5.7,5.848,5.692,5.84,4.1971,88086616
2018-01-11,5.84,5.983,5.826,5.912,4.2488,73777044
2018-01-12,5.93,5.975,5.892,5.918,4.2531,54866941
2018-01-15,5.904,5.938,5.883,5.9,4.2402,51823093
2018-01-16,5.892,5.965,5.871,5.94,4.2689,104555098
2018-01-17,5.89,5.929,5.855,5.894,4.2359,85259955
2018-01-18,5.923,5.939,5.876,5.902,4.2416,68316260
2018-01-19,5.92,5.968,5.888,5.93,4.2617,59691778
2018-01-22,5.95,6.066,5.93,6.034,4.3365,128536738
2018-01-23,6.08,6.09,5.97,6.01,4.3192,285525584
2018-01-24,6.0,6.031,5.982,5.982,4.2991,351643096
2018-01-25,6.0,6.079,6.0,6.076,4.3667,369032535
2018-01-26,6.055,6.093,6.028,6.057,4.353,133824982
2018-01-29,6.09,6.092,6.026,6.047,4.3458,73864459
2018-01-30,5.97,5.99,5.915,5.931,4.3052,42601995
2018-01-31,5.97,6.005,5.936,5.983,4.3429,107964876
2018-02-01,6.06,6.063,5.904,5.941,4.3124,102019681
2018-02-02,5.905,5.951,5.835,5.854,4.2493,210046603
2018-02-05,5.785,5.864,5.755,5.779,4.1948,236759965
2018-02-06,5.61,5.75,5.571,5.61,4.0722,312822365
2018-02-07,5.728,5.75,5.575,5.731,4.16,118474262
2018-02-08,5.697,5.745,5.55,5.58,4.0504,130851067
2018-02-09,5.566,5.569,5.406,5.483,3.98,89436299
2018-02-12,5.59,5.622,5.53,5.581,4.0511,57940608
2018-02-13,5.597,5.604,5.474,5.476,3.9749,52475055
2018-02-14,5.542,5.545,5.422,5.494,3.988,57622441
2018-02-15,5.548,5.68,5.482,5.518,4.0054,53330900
2018-02-16,5.58,5.619,5.54,5.615,4.0758,64482616
2018-02-19,5.634,5.668,5.587,5.587,4.0555,63506878
2018-02-20,5.588,5.679,5.561,5.679,4.1222,50679034
2018-02-21,5.655,5.679,5.618,5.657,4.1063,33129642
2018-02-22,5.61,5.694,5.602,5.664,4.1114,39552563
2018-02-23,5.668,5.67,5.604,5.653,4.1034,35961994
2018-02-26,5.695,5.71,5.656,5.691,4.131,36388695
2018-02-27,5.72,5.75,5.685,5.73,4.1593,44303942
2018-02-28,5.69,5.728,5.667,5.667,4.1135,61988262
2018-03-01,5.64,5.646,5.571,5.606,4.0693,41862817
2018-03-02,5.55,5.558,5.461,5.484,3.9807,68696501
2018-03-05,5.454,5.525,5.441,5.505,3.9959,50037962
2018-03-06,5.55,5.569,5.454,5.454,3.9589,60533646
2018-03-07,5.466,5.487,5.428,5.459,3.9626,37643609
2018-03-08,5.479,5.523,5.427,5.47,3.9705,80512641
2018-03-09,5.481,5.499,5.438,5.459,3.9626,31270101
2018-03-12,5.498,5.515,5.468,5.483,3.98,64483159
2018-03-13,5.5,5.549,5.441,5.453,3.9582,62629358
2018-03-14,5.453,5.453,5.329,5.351,3.8842,59340394
2018-03-15,5.352,5.372,5.304,5.335,3.8725,48371820
2018-03-16,5.34,5.478,5.333,5.44,3.9488,128970932
2018-03-19,5.41,5.454,5.33,5.359,3.89,38550902
2018-03-20,5.397,5.4,5.327,5.365,3.8943,49912137
2018-03-21,5.38,5.38,5.283,5.321,3.8624,52310874
2018-03-22,5.294,5.359,5.152,5.21,3.7818,72970305
2018-03-23,5.19,5.214,5.15,5.18,3.76,64785197
2018-03-26,5.199,5.296,5.171,5.223,3.7912,61205633
2018-03-27,5.31,5.315,5.228,5.262,3.8196,87294551
2018-03-28,5.2,5.246,5.135,5.246,3.8079,55677214
2018-03-29,5.3,5.342,5.271,5.295,3.8435,49655388
2018-04-03,5.26,5.29,5.201,5.23,3.7963,41049091
2018-04-04,5.23,5.238,5.105,5.203,3.7767,54691449
2018-04-05,5.277,5.42,5.27,5.397,3.9175,52768428
2018-04-06,5.363,5.389,5.311,5.337,3.874,40855453
2018-04-09,5.372,5.396,5.337,5.36,3.8907,37707485
2018-04-10,5.385,5.399,5.334,5.349,3.8827,34012760
2018-04-11,5.33,5.373,5.307,5.323,3.8638,33075977
2018-04-12,5.321,5.377,5.308,5.343,3.8784,28633856
2018-04-13,5.357,5.47,5.337,5.369,3.8972,39939343
2018-04-16,5.367,5.42,5.367,5.386,3.9096,64747003
2018-04-17,5.415,5.458,5.396,5.405,3.9234,56769932
2018-04-18,5.413,5.483,5.4,5.467,3.9684,214445712
2018-04-19,5.451,5.505,5.451,5.505,3.9959,123930612
2018-04-20,5.475,5.509,5.464,5.508,3.9981,210085439
2018-04-23,5.51,5.574,5.492,5.574,4.046,540646811
2018-04-24,5.565,5.569,5.356,5.393,3.9146,284542333
2018-04-25,5.35,5.376,5.277,5.376,3.9023,182000295
2018-04-26,5.367,5.402,5.327,5.356,3.8878,42711083
2018-04-27,5.313,5.336,5.283,5.316,3.9025,132216256
2018-04-30,5.311,5.373,5.305,5.373,3.9443,367537818
2018-05-02,5.359,5.415,5.357,5.398,3.9627,334938176
2018-05-03,5.39,5.416,5.315,5.336,3.9172,272034873
2018-05-04,5.328,5.379,5.301,5.376,3.9465,36146841
2018-05-07,5.387,5.405,5.356,5.38,3.9495,98407517
2018-05-08,5.378,5.423,5.325,5.384,3.9524,71875891
2018-05-09,5.39,5.449,5.385,5.435,3.9898,67663975
2018-05-10,5.456,5.486,5.412,5.486,4.0273,39543644
2018-05-11,5.49,5.528,5.474,5.518,4.0508,47343762
2018-05-14,5.514,5.537,5.476,5.506,4.0419,33617092
2018-05-15,5.491,5.526,5.432,5.467,4.0133,40967965
2018-05-16,5.437,5.46,5.312,5.329,3.912,57060936
2018-05-17,5.338,5.363,5.307,5.352,3.9289,44953776
2018-05-18,5.336,5.343,5.188,5.206,3.8217,94356064
2018-05-21,5.242,5.247,5.156,5.169,3.7946,31295448
2018-05-22,5.194,5.287,5.166,5.258,3.8599,37552060
2018-05-23,5.249,5.249,5.125,5.16,3.788,46495801
2018-05-24,5.17,5.193,5.096,5.126,3.763,42920786
2018-05-25,5.15,5.15,4.8965,4.99,3.6632,95736008
2018-05-28,5.051,5.069,4.87,4.888,3.5883,56558480
2018-05-29,4.78,4.78,4.557,4.6225,3.3934,155994721
2018-05-30,4.678,4.738,4.574,4.674,3.4312,111352521
2018-05-31,4.739,4.809,4.5385,4.6,3.3769,115154859
2018-06-01,4.684,4.8025,4.627,4.7525,3.4888,90045103
2018-06-04,4.82,4.846,4.7235,4.7745,3.505,45443778
2018-06-05,4.762,4.8285,4.694,4.694,3.4459,46262742
2018-06-06,4.7,4.79,4.645,4.778,3.5075,69003610
2018-06-07,4.828,4.8965,4.76,4.767,3.4994,51185389
2018-06-08,4.71,4.73,4.6755,4.6965,3.4477,47920919
2018-06-11,4.77,4.843,4.7335,4.829,3.545,50963744
2018-06-12,4.8615,4.8615,4.786,4.817,3.5362,37935938
2018-06-13,4.8105,4.831,4.7545,4.7705,3.502,55070509
2018-06-14,4.7855,4.82,4.7505,4.7865,3.5138,67618686
2018-06-15,4.8,4.8095,4.612,4.6815,3.4367,129161880
2018-06-18,4.6645,4.736,4.63,4.6515,3.4147,37796046
2018-06-19,4.5635,4.689,4.54,4.66,3.4209,55455589
2018-06-20,4.725,4.795,4.7125,4.726,3.4694,57446302
2018-06-21,4.7385,4.759,4.65,4.6785,3.4345,49241499
2018-06-22,4.7205,4.78,4.702,4.734,3.4752,51811435
2018-06-25,4.682,4.697,4.5925,4.5925,3.3713,47001219
2018-06-26,4.631,4.6525,4.5905,4.6095,3.3838,87920931
2018-06-27,4.6095,4.634,4.5,4.582,3.3636,83682443
2018-06-28,4.5695,4.622,4.5445,4.574,3.3578,41322972
2018-06-29,4.63,4.695,4.5875,4.592,3.371,61226421
2018-07-02,4.532,4.586,4.4535,4.5625,3.3493,39049860
2018-07-03,4.573,4.6475,4.5325,4.6125,3.386,32096495
2018-07-04,4.6,4.665,4.589,4.644,3.4092,33153496
2018-07-05,4.6675,4.7935,4.666,4.721,3.4657,40931317
2018-07-06,4.761,4.77,4.6875,4.757,3.4921,34415323
2018-07-09,4.77,4.8165,4.766,4.8,3.5237,33208373
2018-07-10,4.803,4.81,4.7295,4.75,3.487,38352849
2018-07-11,4.7105,4.7195,4.6415,4.6415,3.4073,60053939
2018-07-12,4.67,4.679,4.6,4.6605,3.4213,31664850
2018-07-13,4.69,4.69,4.605,4.6195,3.3912,52091256
2018-07-16,4.619,4.683,4.61,4.631,3.3996,30211960
2018-07-17,4.631,4.675,4.6,4.6095,3.3838,156277829
2018-07-18,4.6,4.648,4.552,4.647,3.4114,97102834
2018-07-19,4.649,4.683,4.62,4.652,3.415,68386816
2018-07-20,4.64,4.653,4.5975,4.646,3.4106,125701289
2018-07-23,4.631,4.6765,4.607,4.665,3.4246,261545092
2018-07-24,4.722,4.759,4.695,4.7445,3.4829,327851164
2018-07-25,4.749,4.7875,4.693,4.717,3.4627,318293225
2018-07-26,4.72,4.783,4.716,4.764,3.4972,256944705
2018-07-27,4.7795,4.852,4.765,4.818,3.5369,53567259
2018-07-30,4.75,4.804,4.741,4.7655,3.5462,126400836
2018-07-31,4.765,4.858,4.76,4.8195,3.5864,178295114
2018-08-01,4.826,4.842,4.753,4.753,3.5369,234569719
2018-08-02,4.73,4.744,4.651,4.68,3.4826,283919149
2018-08-03,4.686,4.7185,4.656,4.6905,3.4904,97910152
2018-08-06,4.7,4.72,4.65,4.68,3.4826,135516248
2018-08-07,4.708,4.7515,4.6905,4.7285,3.5187,177545163
2018-08-08,4.706,4.7355,4.668,4.6945,3.4934,27531640
2018-08-09,4.7,4.7,4.652,4.668,3.4736,147284722
2018-08-10,4.6135,4.635,4.501,4.5405,3.3788,70677863
2018-08-13,4.5005,4.509,4.4025,4.43,3.2965,55225111
2018-08-14,4.461,4.4775,4.395,4.4185,3.288,81142641
2018-08-15,4.4485,4.461,4.3,4.3355,3.2262,48468880
2018-08-16,4.379,4.4025,4.3385,4.3695,3.2515,36744012
2018-08-17,4.3955,4.3955,4.311,4.3395,3.2292,40681350
2018-08-20,4.3615,4.406,4.3345,4.3495,3.2366,20525432
2018-08-21,4.3495,4.4355,4.3425,4.4,3.2742,32031017
2018-08-22,4.39,4.4045,4.3455,4.3525,3.2389,68768999
2018-08-23,4.369,4.3865,4.33,4.357,3.2422,22384359
2018-08-24,4.345,4.388,4.345,4.35,3.237,21222717
2018-08-27,4.374,4.3945,4.343,4.385,3.263,17184507
2018-08-28,4.405,4.415,4.335,4.362,3.2459,31696111
2018-08-29,4.37,4.3755,4.324,4.3645,3.2478,24736640
2018-08-30,4.336,4.378,4.2765,4.282,3.1864,48231510
2018-08-31,4.29,4.3005,4.2555,4.288,3.1909,45318435
2018-09-03,4.2875,4.31,4.247,4.2665,3.1749,27143634
2018-09-04,4.29,4.307,4.23,4.286,3.1894,57381015
2018-09-05,4.2705,4.3405,4.2415,4.2735,3.1801,41406993
2018-09-06,4.2485,4.284,4.223,4.2285,3.1466,40612991
2018-09-07,4.2425,4.255,4.14,4.178,3.109,50343494
2018-09-10,4.1685,4.287,4.16,4.254,3.1656,33521008
2018-09-11,4.264,4.2735,4.1925,4.2415,3.1563,29065846
2018-09-12,4.26,4.26,4.1965,4.237,3.1529,54834418
2018-09-13,4.237,4.317,4.23,4.2675,3.1756,33235346
2018-09-14,4.2995,4.3065,4.2465,4.283,3.1871,32482946
2018-09-17,4.29,4.3565,4.2815,4.331,3.2229,38611831
2018-09-18,4.35,4.394,4.331,4.3865,3.2642,33608902
2018-09-19,4.401,4.5035,4.3975,4.4755,3.3304,62511249
2018-09-20,4.485,4.61,4.4845,4.553,3.3881,63007207
2018-09-21,4.6115,4.636,4.535,4.572,3.4022,107031060
2018-09-24,4.5115,4.54,4.4705,4.4785,3.3326,42750850
2018-09-25,4.49,4.524,4.474,4.476,3.3308,40859565
2018-09-26,4.493,4.4985,4.4615,4.485,3.3375,47753714
2018-09-27,4.453,4.481,4.391,4.481,3.3345,35505591
2018-09-28,4.4335,4.4345,4.252,4.3355,3.2262,72204220
2018-10-01,4.308,4.379,4.2755,4.2915,3.1935,41157833
2018-10-02,4.2295,4.291,4.194,4.2595,3.1697,72186350
2018-10-03,4.3245,4.3835,4.278,4.337,3.2273,51282832
2018-10-04,4.341,4.3945,4.3235,4.351,3.2377,47033506
2018-10-05,4.362,4.3645,4.2985,4.3155,3.2113,32189677
2018-10-08,4.318,4.3645,4.297,4.3325,3.224,63675979
2018-10-09,4.363,4.3985,4.304,4.3755,3.256,42444931
2018-10-10,4.3415,4.43,4.3335,4.363,3.2467,46274302
2018-10-11,4.29,4.333,4.2505,4.26,3.17,79960926
2018-10-12,4.3125,4.3295,4.214,4.222,3.1418,46529722
2018-10-15,4.209,4.241,4.195,4.23,3.1477,25362049
2018-10-16,4.2575,4.33,4.224,4.3,3.1998,48538027
2018-10-17,4.33,4.347,4.2475,4.26,3.17,40867297
2018-10-18,4.205,4.244,4.105,4.1385,3.1051,55382521
2018-10-19,4.11,4.1685,4.027,4.125,3.095,92754691
2018-10-22,4.199,4.22,4.08,4.1005,3.0766,43048678
2018-10-23,4.038,4.099,4.017,4.038,3.0297,78777646
2018-10-24,4.06,4.066,3.981,3.981,2.987,62369572
2018-10-25,3.966,4.097,3.9625,4.07,3.0537,55262126
2018-10-26,4.037,4.041,3.958,4.021,3.017,60728576
2018-10-29,4.083,4.1595,4.052,4.1235,3.0939,53646238
2018-10-30,4.1215,4.1685,4.092,4.1085,3.0826,68672477
2018-10-31,4.2365,4.2865,4.195,4.195,3.1475,86101667
2018-11-01,4.2,4.2795,4.2,4.233,3.176,40483889
2018-11-02,4.32,4.3445,4.2695,4.284,3.2143,61383433
2018-11-05,4.3015,4.333,4.257,4.257,3.194,29040271
2018-11-06,4.2485,4.25,4.183,4.2085,3.1576,28194939
2018-11-07,4.4565,4.4565,4.285,4.31,3.2338,67973358
2018-11-08,4.326,4.361,4.2975,4.3065,3.2312,38317460
2018-11-09,4.2545,4.269,4.1955,4.239,3.1805,36668339
2018-11-12,4.26,4.274,4.185,4.1965,3.1486,30871629
2018-11-13,4.2175,4.3155,4.2155,4.29,3.2188,39173654
2018-11-14,4.26,4.328,4.235,4.279,3.2105,31788011
2018-11-15,4.289,4.3185,4.175,4.2315,3.1749,48050164
2018-11-16,4.265,4.2775,4.194,4.22,3.1663,63015872
2018-11-19,4.2365,4.283,4.203,4.203,3.1535,23850081
2018-11-20,4.184,4.1935,4.08,4.08,3.0612,46650986
2018-11-21,4.116,4.1625,4.085,4.153,3.116,47855841
2018-11-22,4.107,4.1295,4.0575,4.0855,3.0654,37803726
2018-11-23,4.078,4.1195,4.0625,4.0875,3.0669,22190054
2018-11-26,4.1425,4.2285,4.14,4.2055,3.1554,40053123
2018-11-27,4.2,4.2345,4.1605,4.1985,3.1501,30638910
2018-11-28,4.219,4.258,4.2145,4.2245,3.1697,43840229
2018-11-29,4.259,4.279,4.1975,4.2135,3.1614,35039930
2018-11-30,4.227,4.23,4.1515,4.185,3.14,39405612
2018-12-03,4.272,4.302,4.252,4.272,3.2053,54682160
2018-12-04,4.234,4.26,4.1525,4.1675,3.1269,58802514
2018-12-05,4.13,4.186,4.0905,4.139,3.1055,59968989
2018-12-06,4.0925,4.093,3.968,3.98,2.9862,60961949
2018-12-07,4.0375,4.063,3.979,3.979,2.9855,38197920
2018-12-10,3.95,3.9825,3.865,3.873,2.9059,61269130
2018-12-11,3.9,3.935,3.873,3.879,2.9104,42222503
2018-12-12,3.9,4.028,3.8915,4.0105,3.0091,65816960
2018-12-13,4.065,4.129,4.0465,4.071,3.0545,51527288
2018-12-14,4.0285,4.074,3.9755,4.0595,3.0459,68613528
2018-12-17,4.06,4.088,4.025,4.027,3.0215,41554697
2018-12-18,4.0085,4.058,3.99,3.99,2.9937,45790242
2018-12-19,4.019,4.0655,4.008,4.0415,3.0323,54724812
2018-12-20,3.9735,4.033,3.9465,3.978,2.9847,60536751
2018-12-21,3.96,3.9955,3.8815,3.9305,2.9491,128347869
2018-12-24,3.9,3.9275,3.8745,3.8915,2.9198,16404350
2018-12-27,3.9575,3.96,3.8,3.862,2.8977,54039719
2018-12-28,3.875,3.9645,3.863,3.945,2.9599,36995719
2018-12-31,3.935,3.982,3.9065,3.973,2.981,17457992
2019-01-02,3.9075,3.998,3.83,3.9775,2.9843,37775503
2019-01-03,3.95,4.043,3.942,4.0095,3.0083,33122870
2019-01-04,4.055,4.182,4.042,4.1595,3.1209,49506224
2019-01-07,4.1875,4.1995,4.1345,4.183,3.1385,45550805
2019-01-08,4.19,4.2705,4.1745,4.2175,3.1644,50156503
2019-01-09,4.239,4.2645,4.187,4.1995,3.1509,37108028
2019-01-10,4.176,4.2755,4.162,4.2755,3.2079,37640393
2019-01-11,4.26,4.2985,4.239,4.283,3.2135,121610021
2019-01-14,4.2485,4.271,4.19,4.2455,3.1854,106235098
2019-01-15,4.2895,4.32,4.191,4.2625,3.1982,79539907
2019-01-16,4.25,4.317,4.212,4.3055,3.2304,51225250
2019-01-17,4.266,4.297,4.2415,4.257,3.194,98422728
2019-01-18,4.2955,4.359,4.282,4.3555,3.2679,139077128
2019-01-21,4.357,4.36,4.3185,4.345,3.2601,281708767
2019-01-22,4.3105,4.329,4.274,4.3095,3.2334,269710834
2019-01-23,4.3075,4.38,4.29,4.355,3.2676,83038707
2019-01-24,4.38,4.42,4.2875,4.3355,3.2529,261641728
2019-01-25,4.3825,4.418,4.3455,4.418,3.3148,97717786
2019-01-28,4.39,4.415,4.3315,4.344,3.2593,29938225
2019-01-29,4.34,4.3705,4.295,4.34,3.2563,34497978
2019-01-30,4.382,4.39,4.17,4.199,3.1984,57319776
2019-01-31,4.2275,4.23,4.08,4.132,3.1474,128629510
2019-02-01,4.1175,4.145,4.0265,4.0695,3.0998,139890617
2019-02-04,4.0555,4.085,3.989,4.031,3.0705,364284414
2019-02-05,4.0385,4.1365,4.013,4.105,3.1268,305540645
2019-02-06,4.0735,4.1435,4.055,4.124,3.1413,277070701
2019-02-07,4.0975,4.149,3.9935,3.9935,3.0419,166556517
2019-02-08,3.999,4.016,3.942,3.963,3.0187,58351914
2019-02-11,4.0,4.042,3.981,4.011,3.0552,103592269
2019-02-12,4.044,4.06,4.0035,4.0045,3.0503,107041911
2019-02-13,4.01,4.044,3.9815,4.007,3.0522,64151218
2019-02-14,4.035,4.035,3.961,3.97,3.024,50528136
2019-02-15,3.97,4.1175,3.95,4.1,3.123,65384557
2019-02-18,4.1075,4.152,4.1,4.12,3.1382,32279990
2019-02-19,4.1005,4.13,4.046,4.084,3.1108,35742807
2019-02-20,4.106,4.1435,4.062,4.1405,3.1539,31688305
2019-02-21,4.1515,4.1665,4.115,4.1465,3.1584,44618946
2019-02-22,4.134,4.1825,4.1255,4.128,3.1443,24805678
2019-02-25,4.163,4.2065,4.1535,4.1895,3.1912,30498177
2019-02-26,4.169,4.193,4.1165,4.1835,3.1866,47288049
2019-02-27,4.127,4.216,4.093,4.2,3.1992,61983664
2019-02-28,4.174,4.2975,4.16,4.296,3.2723,61436229
2019-03-01,4.296,4.338,4.2545,4.2545,3.2407,58641920
2019-03-04,4.28,4.299,4.2345,4.2415,3.2308,25043788
2019-03-05,4.2365,4.275,4.2115,4.244,3.2327,29246766
2019-03-06,4.2375,4.3445,4.225,4.3145,3.2864,46924169
2019-03-07,4.2915,4.34,4.12,4.163,3.171,74190041
2019-03-08,4.1115,4.139,4.04,4.0785,3.1066,50369748
2019-03-11,4.1035,4.16,4.07,4.1375,3.1516,39569968
2019-03-12,4.16,4.1765,4.0945,4.142,3.155,35807963
2019-03-13,4.169,4.274,4.156,4.265,3.2487,52076699
2019-03-14,4.276,4.3485,4.27,4.2955,3.2719,84918370
2019-03-15,4.302,4.3815,4.279,4.3815,3.3374,125260109
2019-03-18,4.389,4.45,4.38,4.4285,3.3732,42394175
2019-03-19,4.449,4.523,4.4225,4.4855,3.4166,51581422
2019-03-20,4.4735,4.507,4.423,4.423,3.369,35249552
2019-03-21,4.38,4.39,4.3115,4.3115,3.2841,60802423
2019-03-22,4.332,4.3385,4.144,4.146,3.158,99972889
2019-03-25,4.14,4.198,4.11,4.1465,3.1584,53127042
2019-03-26,4.1535,4.1635,4.08,4.088,3.1139,61875938
2019-03-27,4.1035,4.2765,4.075,4.152,3.1626,58953786
2019-03-28,4.131,4.139,4.0805,4.103,3.1253,40462008
2019-03-29,4.149,4.1685,4.1015,4.1445,3.1569,78042768
2019-04-01,4.1855,4.278,4.158,4.272,3.254,81376633
2019-04-02,4.272,4.3165,4.2455,4.278,3.2586,57242974
2019-04-03,4.3495,4.38,4.328,4.364,3.3241,53042822
2019-04-04,4.36,4.4095,4.332,4.407,3.3569,63974222
2019-04-05,4.4,4.4225,4.37,4.402,3.353,43624385
2019-04-08,4.402,4.4165,4.3515,4.391,3.3447,38686379
2019-04-09,4.3805,4.448,4.36,4.3785,3.3351,33323897
2019-04-10,4.39,4.4435,4.3525,4.371,3.3294,49766217
2019-04-11,4.4025,4.5095,4.36,4.477,3.4102,138023622
2019-04-12,4.47,4.643,4.4175,4.559,3.4726,86805722
2019-04-15,4.5545,4.6155,4.537,4.56,3.4734,239238030
2019-04-16,4.557,4.5925,4.501,4.5715,3.4822,398670817
2019-04-17,4.56,4.682,4.56,4.6185,3.518,262029576
2019-04-18,4.6265,4.638,4.53,4.609,3.5107,207743335
2019-04-23,4.608,4.61,4.5285,4.5475,3.4639,148708859
2019-04-24,4.5345,4.567,4.4425,4.4755,3.409,37177843
2019-04-25,4.4735,4.5085,4.4405,4.4835,3.4151,65294149
2019-04-26,4.483,4.5215,4.451,4.488,3.4186,34883261
2019-04-29,4.412,4.5195,4.4055,4.5195,3.4931,101501838
2019-04-30,4.4845,4.514,4.448,4.5115,3.487,261828821
2019-05-02,4.501,4.555,4.4215,4.4345,3.4274,177117874
2019-05-03,4.4295,4.466,4.3745,4.4085,3.4073,217090719
2019-05-06,4.31,4.362,4.281,4.3455,3.3587,182234881
2019-05-07,4.34,4.368,4.231,4.2495,3.2845,242453184
2019-05-08,4.2515,4.2785,4.198,4.25,3.2848,95277684
2019-05-09,4.2,4.219,4.138,4.1475,3.2056,57444166
2019-05-10,4.189,4.197,4.106,4.1215,3.1855,72097091
2019-05-13,4.125,4.129,4.0565,4.0645,3.1415,42119639
2019-05-14,4.107,4.1215,4.053,4.104,3.172,35070016
2019-05-15,4.093,4.1175,4.035,4.107,3.1743,51054351
2019-05-16,4.1,4.1965,4.07,4.1915,3.2396,44306595
2019-05-17,4.1685,4.198,4.118,4.159,3.2145,106461435
2019-05-20,4.1535,4.1995,4.093,4.093,3.1635,49658527
2019-05-21,4.1355,4.1355,4.08,4.0975,3.167,28523676
2019-05-22,4.109,4.116,4.03,4.0515,3.1314,47709219
2019-05-23,4.0255,4.0565,3.9945,4.006,3.0963,69878322
2019-05-24,4.0385,4.0675,4.01,4.02,3.1071,37700557
2019-05-27,4.06,4.0995,4.022,4.036,3.1194,14369420
2019-05-28,4.0275,4.0395,3.97,4.0165,3.1044,41947180
2019-05-29,3.97,4.0085,3.9455,4.0,3.0916,51379668
2019-05-30,4.039,4.072,4.0125,4.05,3.1303,26140454
2019-05-31,3.98,4.0,3.94,3.952,3.0545,60495444
2019-06-03,3.92,3.9515,3.902,3.94,3.0452,42160119
2019-06-04,3.9275,4.0475,3.915,4.0415,3.1237,51295313
2019-06-05,4.04,4.0475,3.973,4.0115,3.1005,37663798
2019-06-06,4.008,4.0715,3.935,3.9705,3.0688,49870186
2019-06-07,3.97,3.9935,3.9215,3.9645,3.0642,69491722
2019-06-10,4.004,4.046,3.987,4.0375,3.1206,21503412
2019-06-11,4.014,4.062,4.0035,4.008,3.0978,29791900
2019-06-12,3.99,4.012,3.956,3.9725,3.0704,33836630
2019-06-13,3.9595,4.0,3.935,3.9805,3.0765,26294055
2019-06-14,3.96,3.974,3.934,3.9545,3.0564,28612966
2019-06-17,3.973,3.9885,3.953,3.96,3.0607,40233022
2019-06-18,3.95,4.0265,3.905,4.0125,3.1013,53674807
2019-06-19,4.024,4.078,4.0035,4.06,3.138,51969515
2019-06-20,4.052,4.0805,4.014,4.014,3.1024,47985082
2019-06-21,4.03,4.084,3.984,4.0005,3.092,122027103
2019-06-24,3.996,4.044,3.977,3.9835,3.0789,91206552
2019-06-25,3.961,4.002,3.942,3.9985,3.0905,88788600
2019-06-26,4.01,4.0775,3.997,4.0505,3.1306,56183644
2019-06-27,4.05,4.09,4.0215,4.036,3.1194,34668982
2019-06-28,4.05,4.082,4.026,4.0805,3.1538,43916957
2019-07-01,4.105,4.161,4.105,4.119,3.1836,37154172
2019-07-02,4.1295,4.1345,4.064,4.108,3.1751,27595314
2019-07-03,4.0895,4.18,4.0695,4.18,3.2307,33439942
2019-07-04,4.16,4.23,4.16,4.2175,3.2597,47527508
2019-07-05,4.21,4.2595,4.181,4.2205,3.262,37059930
2019-07-08,4.2085,4.256,4.1575,4.1845,3.2342,32683816
2019-07-09,4.168,4.1765,4.1105,4.143,3.2021,98644093
2019-07-10,4.1375,4.215,4.125,4.17,3.223,41648088
2019-07-11,4.2005,4.2215,4.171,4.2045,3.2497,50937115
2019-07-12,4.219,4.25,4.1865,4.188,3.2369,45324308
2019-07-15,4.197,4.217,4.1605,4.165,3.2191,36689042
2019-07-16,4.167,4.226,4.1565,4.2205,3.262,30224495
2019-07-17,4.1915,4.2,4.11,4.12,3.1844,30536859
2019-07-18,4.0605,4.084,4.005,4.0445,3.126,56419646
2019-07-19,4.055,4.077,3.986,4.003,3.0939,48303994
2019-07-22,4.003,4.016,3.9655,3.9885,3.0827,47611214
2019-07-23,4.062,4.147,4.05,4.134,3.1952,51908059
2019-07-24,4.12,4.15,4.093,4.137,3.1975,48906249
2019-07-25,4.144,4.2585,4.0605,4.0925,3.1631,55515389
2019-07-26,4.0865,4.099,4.058,4.061,3.1388,31639555
2019-07-29,4.051,4.0645,4.027,4.035,3.1187,27741986
2019-07-30,4.0235,4.0275,3.88,3.8855,3.0031,63550183
2019-07-31,3.9,3.91,3.86,3.863,2.9857,67695259
2019-08-01,3.8695,3.92,3.844,3.8755,2.9954,34983155
2019-08-02,3.81,3.83,3.7375,3.755,2.9023,68405428
2019-08-05,3.72,3.753,3.676,3.6975,2.8578,49882708
2019-08-06,3.708,3.712,3.6245,3.6245,2.8014,50705837
2019-08-07,3.673,3.6795,3.573,3.613,2.7925,47323401
2019-08-08,3.6655,3.7175,3.617,3.695,2.8559,43578373
2019-08-09,3.6485,3.6675,3.61,3.6145,2.7937,84827530
2019-08-12,3.6475,3.65,3.5465,3.5505,2.7442,36207921
2019-08-13,3.521,3.6325,3.4835,3.5915,2.7759,49371322
2019-08-14,3.5535,3.5535,3.462,3.47,2.682,90923867
2019-08-15,3.4775,3.519,3.421,3.4745,2.6855,56402407
2019-08-16,3.486,3.5925,3.451,3.5855,2.7712,116279093
2019-08-19,3.612,3.65,3.543,3.5485,2.7426,42638375
2019-08-20,3.535,3.543,3.4855,3.4905,2.6978,37462500
2019-08-21,3.49,3.5425,3.48,3.4845,2.6932,29188194
2019-08-22,3.475,3.5765,3.4665,3.5275,2.7264,40192994
2019-08-23,3.5515,3.566,3.4675,3.4675,2.68,60112166
2019-08-26,3.46,3.512,3.458,3.495,2.7013,24119726
2019-08-27,3.5,3.5335,3.4625,3.4655,2.6785,58055025
2019-08-28,3.467,3.477,3.4415,3.4695,2.6816,38951303
2019-08-29,3.45,3.513,3.436,3.458,2.6727,55201690
2019-08-30,3.472,3.5,3.4315,3.44,2.6588,49214201
2019-09-02,3.449,3.455,3.4145,3.4345,2.6545,45104803
2019-09-03,3.4255,3.4415,3.3855,3.3985,2.6267,45355152
2019-09-04,3.435,3.455,3.407,3.407,2.6333,73281750
2019-09-05,3.44,3.5285,3.419,3.527,2.726,74498715
2019-09-06,3.5345,3.5775,3.506,3.531,2.7291,42686240
2019-09-09,3.544,3.6165,3.5365,3.6165,2.7952,59430281
2019-09-10,3.628,3.7315,3.5915,3.7205,2.8756,68957012
2019-09-11,3.763,3.7895,3.671,3.7105,2.8679,59199432
2019-09-12,3.7115,3.82,3.602,3.728,2.8814,90163000
2019-09-13,3.753,3.8495,3.742,3.821,2.9533,56078106
2019-09-16,3.788,3.7985,3.7365,3.766,2.9108,35439338
2019-09-17,3.7505,3.762,3.6565,3.6565,2.8261,128046833
2019-09-18,3.6795,3.69,3.6165,3.6205,2.7983,113045149
2019-09-19,3.636,3.7235,3.62,3.7235,2.8779,37252321
2019-09-20,3.711,3.786,3.692,3.76,2.9061,136434926
2019-09-23,3.73,3.752,3.6335,3.6565,2.8261,35695002
2019-09-24,3.673,3.7075,3.626,3.629,2.8049,39886126
2019-09-25,3.619,3.645,3.537,3.643,2.8157,74266859
2019-09-26,3.618,3.656,3.604,3.6375,2.8114,47409822
2019-09-27,3.65,3.715,3.627,3.7,2.8597,28841685
2019-09-30,3.713,3.755,3.7065,3.7365,2.888,54268265
2019-10-01,3.75,3.775,3.6745,3.6745,2.84,65405606
2019-10-02,3.659,3.69,3.517,3.517,2.7183,52785556
2019-10-03,3.5435,3.5695,3.48,3.5085,2.7117,54087369
2019-10-04,3.53,3.5355,3.4705,3.5275,2.7264,39203316
2019-10-07,3.517,3.564,3.488,3.5575,2.7496,25240600
2019-10-08,3.575,3.584,3.4645,3.5205,2.721,39728487
2019-10-09,3.525,3.5685,3.5105,3.5435,2.7388,23292363
2019-10-10,3.548,3.636,3.548,3.636,2.8103,43429612
2019-10-11,3.657,3.7995,3.6465,3.792,2.9309,65999513
2019-10-14,3.7625,3.773,3.715,3.7545,2.9019,35607003
2019-10-15,3.8,3.9,3.775,3.8955,3.0108,109011998
2019-10-16,3.8915,3.9455,3.832,3.9205,3.0302,68588134
2019-10-17,3.8955,3.9845,3.858,3.858,2.9819,252452122
2019-10-18,3.835,3.897,3.83,3.87,2.9911,149459104
2019-10-21,3.909,3.98,3.9005,3.9655,3.0649,347155518
2019-10-22,3.9735,3.9975,3.934,3.965,3.0646,261714446
2019-10-23,3.9445,3.996,3.925,3.9865,3.0812,176495537
2019-10-24,4.0,4.0415,3.9495,3.9495,3.0526,198492278
2019-10-25,3.9665,3.999,3.945,3.982,3.0777,94500577
2019-10-28,4.0,4.0115,3.9745,3.979,3.0754,31142890
2019-10-29,3.986,3.999,3.941,3.9665,3.0657,37247352
2019-10-30,3.896,3.896,3.6825,3.7095,2.9412,97809334
2019-10-31,3.695,3.695,3.556,3.594,2.8497,164560327
2019-11-01,3.6,3.634,3.5615,3.61,2.8623,164243337
2019-11-04,3.656,3.734,3.6505,3.728,2.9559,346346300
2019-11-05,3.75,3.809,3.733,3.783,2.9995,288209183
2019-11-06,3.798,3.8395,3.745,3.7675,2.9872,162513445
2019-11-07,3.785,3.8655,3.773,3.846,3.0495,179895516
2019-11-08,3.828,3.83,3.745,3.762,2.9829,117456357
2019-11-11,3.728,3.7565,3.6905,3.74,2.9654,72299119
2019-11-12,3.7715,3.7935,3.6955,3.7005,2.9341,42208200
2019-11-13,3.675,3.676,3.536,3.5715,2.8318,140541226
2019-11-14,3.577,3.587,3.5305,3.548,2.8132,40775032
2019-11-15,3.5855,3.597,3.5385,3.574,2.8338,71016953
2019-11-18,3.58,3.604,3.516,3.54,2.8068,40420905
2019-11-19,3.556,3.587,3.532,3.553,2.8171,47289469
2019-11-20,3.521,3.5395,3.4785,3.5375,2.8049,40774102
2019-11-21,3.5,3.571,3.4865,3.5685,2.8294,64206042
2019-11-22,3.584,3.6645,3.5745,3.6115,2.8635,47264832
2019-11-25,3.648,3.665,3.626,3.635,2.8822,53673482
2019-11-26,3.645,3.645,3.5845,3.5935,2.8493,54487775
2019-11-27,3.613,3.6395,3.5935,3.6035,2.8572,36877056
2019-11-28,3.5985,3.6055,3.5515,3.567,2.8282,32110415
2019-11-29,3.555,3.574,3.5,3.537,2.8045,41391172
2019-12-02,3.5445,3.586,3.4735,3.482,2.7609,74565523
2019-12-03,3.4905,3.5,3.436,3.4515,2.7367,44900489
2019-12-04,3.4575,3.5565,3.453,3.5525,2.8168,80572665
2019-12-05,3.563,3.583,3.536,3.537,2.8045,54724421
2019-12-06,3.545,3.592,3.5275,3.585,2.8425,35075176
2019-12-09,3.58,3.628,3.576,3.589,2.8457,32022167
2019-12-10,3.585,3.595,3.532,3.583,2.8409,73151209
2019-12-11,3.542,3.588,3.54,3.5615,2.8239,46023048
2019-12-12,3.569,3.7075,3.556,3.688,2.9242,66044744
2019-12-13,3.8,3.85,3.711,3.711,2.9424,144996146
2019-12-16,3.7295,3.81,3.7295,3.7985,3.0118,84506034
2019-12-17,3.775,3.7995,3.76,3.7655,2.9856,48872747
2019-12-18,3.7485,3.81,3.745,3.7965,3.0102,56861912
2019-12-19,3.8075,3.81,3.77,3.796,3.0098,45886837
2019-12-20,3.7885,3.8225,3.7505,3.8225,3.0308,168047534
2019-12-23,3.798,3.801,3.752,3.765,2.9852,70249825
2019-12-24,3.75,3.756,3.7255,3.755,2.9773,7892828
2019-12-27,3.7305,3.773,3.725,3.7565,2.9785,37625552
2019-12-30,3.745,3.7685,3.74,3.7425,2.9674,27867276
2019-12-31,3.72,3.7425,3.6855,3.73,2.9575,20339475
2020-01-02,3.77,3.876,3.759,3.866,3.0653,49940768
2020-01-03,3.836,3.85,3.773,3.806,3.0177,39751044
2020-01-06,3.77,3.7945,3.707,3.7745,2.9928,26324962
2020-01-07,3.7965,3.8095,3.7405,3.7565,2.9785,29683408
2020-01-08,3.732,3.764,3.715,3.759,2.9805,30037158
2020-01-09,3.79,3.814,3.762,3.7685,2.988,85474472
2020-01-10,3.775,3.78,3.7175,3.7175,2.9476,28374207
2020-01-13,3.728,3.7355,3.658,3.692,2.9274,32250449
2020-01-14,3.6975,3.6975,3.607,3.619,2.8695,108755196
2020-01-15,3.6165,3.623,3.5645,3.5825,2.8405,66151159
2020-01-16,3.59,3.647,3.5555,3.634,2.8814,93317990
2020-01-17,3.671,3.7045,3.657,3.6775,2.9159,68386466
2020-01-20,3.6625,3.668,3.632,3.634,2.8814,34145971
2020-01-21,3.61,3.638,3.5845,3.618,2.8687,50853436
2020-01-22,3.62,3.6365,3.5615,3.577,2.8362,32877704
2020-01-23,3.6015,3.65,3.557,3.572,2.8322,47109301
2020-01-24,3.6115,3.6425,3.5335,3.54,2.8068,55008386
2020-01-27,3.5035,3.535,3.466,3.476,2.7561,44277989
2020-01-28,3.495,3.562,3.443,3.551,2.8156,43785357
2020-01-29,3.686,3.735,3.64,3.7075,2.9396,84054533
2020-01-30,3.66,3.705,3.6355,3.6665,2.9071,47901187
2020-01-31,3.6925,3.706,3.553,3.554,2.8179,67329662
2020-02-03,3.577,3.598,3.519,3.5625,2.8247,39064285
2020-02-04,3.597,3.698,3.5855,3.691,2.9266,53109409
2020-02-05,3.66,3.794,3.66,3.794,3.0082,57320285
2020-02-06,3.8355,3.8675,3.7795,3.83,3.0368,77422420
2020-02-07,3.812,3.859,3.793,3.859,3.0598,62714850
2020-02-10,3.8375,3.8715,3.811,3.8365,3.0419,37762606
2020-02-11,3.853,3.87,3.8125,3.87,3.0685,46830142
2020-02-12,3.871,3.955,3.8655,3.955,3.1359,61892140
2020-02-13,3.9065,3.942,3.8765,3.939,3.1232,60349825
2020-02-14,3.946,3.9495,3.92,3.9235,3.1109,62164924
2020-02-17,3.9385,3.964,3.932,3.953,3.1343,24360737
2020-02-18,3.9455,3.9555,3.894,3.896,3.0891,46830036
2020-02-19,3.922,3.9535,3.897,3.917,3.1058,34884835
2020-02-20,3.91,3.9305,3.849,3.849,3.0518,44911486
2020-02-21,3.812,3.837,3.7465,3.782,2.9987,64771187
2020-02-24,3.65,3.6875,3.5865,3.6205,2.8707,66776015
2020-02-25,3.6375,3.6375,3.5015,3.5085,2.7819,74477845
2020-02-26,3.5,3.5845,3.44,3.5455,2.8112,100444990
2020-02-27,3.491,3.509,3.36,3.4195,2.7113,107969245
2020-02-28,3.333,3.371,3.256,3.327,2.638,133056558
2020-03-02,3.41,3.4145,3.1635,3.255,2.5809,107224421
2020-03-03,3.3005,3.3795,3.2145,3.2355,2.5654,149415392
2020-03-04,3.2605,3.3135,3.1905,3.2955,2.613,81865674
2020-03-05,3.3245,3.325,3.097,3.1275,2.4798,115575177
2020-03-06,3.053,3.0865,2.9825,3.0445,2.414,129329367
2020-03-09,2.9,2.901,2.6345,2.68,2.125,207650368
2020-03-10,2.747,2.894,2.621,2.652,2.1028,140243623
2020-03-11,2.7015,2.849,2.6765,2.7405,2.1729,129763038
2020-03-12,2.619,2.625,2.269,2.2785,1.8066,234165681
2020-03-13,2.371,2.6105,2.191,2.2575,1.79,161057369
2020-03-16,2.19,2.199,1.9284,2.018,1.6001,206091101
2020-03-17,2.2195,2.22,1.9582,2.175,1.7245,155017715
2020-03-18,2.1315,2.18,2.0,2.04,1.6175,132374653
2020-03-19,2.1145,2.13,2.001,2.043,1.6199,108669631
2020-03-20,2.12,2.16,2.009,2.109,1.6722,149074272
2020-03-23,2.012,2.21,2.0105,2.115,1.677,92313454
2020-03-24,2.21,2.369,2.182,2.369,1.8784,94129083
2020-03-25,2.4755,2.52,2.3225,2.473,1.9608,106542403
2020-03-26,2.3745,2.499,2.356,2.4585,1.9493,79421757
2020-03-27,2.4,2.418,2.268,2.3125,1.8336,71084869
2020-03-30,2.25,2.27,2.15,2.2145,1.7559,103417738
2020-03-31,2.24,2.2815,2.1965,2.218,1.7586,87689841
2020-04-01,2.136,2.1645,2.102,2.1465,1.7019,77832287
2020-04-02,2.18,2.2215,2.1,2.1515,1.7059,71893940
2020-04-03,2.11,2.13,2.0705,2.097,1.6627,74860558
2020-04-06,2.2055,2.239,2.15,2.234,1.7713,79790317
2020-04-07,2.29,2.3595,2.1855,2.248,1.7824,78233496
2020-04-08,2.184,2.2355,2.165,2.2145,1.7559,55943957
2020-04-09,2.263,2.2645,2.165,2.165,1.7166,96444684
2020-04-14,2.2175,2.22,2.105,2.121,1.6817,81912737
2020-04-15,2.121,2.123,2.001,2.001,1.5866,130683907
2020-04-16,2.04,2.062,1.951,1.9686,1.5609,74686875
2020-04-17,2.06,2.06,1.952,1.9594,1.5536,85285658
2020-04-20,1.994,1.994,1.887,1.951,1.5469,79779287
2020-04-21,1.9,1.91,1.8646,1.8704,1.483,58965954
2020-04-22,1.89,1.935,1.87,1.9242,1.5257,56361316
2020-04-23,1.943,2.017,1.928,1.997,1.5834,99308413
2020-04-24,1.935,1.9744,1.904,1.904,1.5097,55513947
2020-04-27,1.989,1.9898,1.921,1.9698,1.5618,46701867
2020-04-28,1.945,2.107,1.9412,2.064,1.6365,79861575
2020-04-29,2.07,2.1725,2.0555,2.1645,1.7162,68643235
2020-04-30,2.167,2.1955,2.0185,2.0375,1.6155,120085703
2020-05-04,1.994,2.0095,1.9488,1.9594,1.5536,75360694
2020-05-05,2.006,2.04,1.954,1.991,1.5786,64679125
2020-05-06,1.9892,2.0015,1.9262,1.9366,1.5355,49575876
2020-05-07,1.9402,1.9716,1.9298,1.959,1.5533,39815825
2020-05-08,1.9644,2.008,1.942,1.998,1.5842,32503294
2020-05-11,2.02,2.058,1.933,1.9416,1.5395,46118909
2020-05-12,1.9202,1.9816,1.9202,1.9546,1.5498,37437677
2020-05-13,1.9224,1.934,1.8736,1.8736,1.4856,58700147
2020-05-14,1.86,1.8988,1.8,1.8712,1.4837,111371409
2020-05-15,1.8886,1.9032,1.816,1.8338,1.454,65676169
2020-05-18,1.8726,1.9326,1.842,1.931,1.5311,65886095
2020-05-19,1.98,2.008,1.7922,1.8232,1.4456,138520742
2020-05-20,1.82,1.8862,1.776,1.8848,1.4944,87950002
2020-05-21,1.8574,1.9,1.835,1.8582,1.4734,78564687
2020-05-22,1.8352,1.931,1.813,1.8958,1.5032,71483363
2020-05-25,1.93,1.9472,1.9016,1.9366,1.5355,36162077
2020-05-26,1.9822,2.0535,1.9724,2.05,1.6254,104098551
2020-05-27,2.08,2.159,2.07,2.15,1.7047,163041544
2020-05-28,2.15,2.17,2.0715,2.1325,1.6908,84254767
2020-05-29,2.099,2.111,2.0165,2.0375,1.6155,94034028
2020-06-01,2.092,2.1065,2.035,2.0725,1.6433,46868090
2020-06-02,2.085,2.19,2.065,2.1635,1.7154,90360584
2020-06-03,2.1965,2.2465,2.1735,2.2325,1.7701,104291382
2020-06-04,2.213,2.3,2.181,2.2695,1.7995,155656226
2020-06-05,2.33,2.53,2.328,2.527,2.0036,172368155
2020-06-08,2.5,2.6,2.4765,2.555,2.0258,153121404
2020-06-09,2.539,2.5475,2.425,2.5005,1.9826,105918084
2020-06-10,2.5425,2.594,2.408,2.4305,1.9271,106157881
2020-06-11,2.31,2.326,2.2045,2.2045,1.7479,143441575
2020-06-12,2.172,2.288,2.162,2.213,1.7547,104574924
2020-06-15,2.1025,2.177,2.1,2.1505,1.7051,91745924
2020-06-16,2.2245,2.3125,2.178,2.25,1.784,89181658
2020-06-17,2.244,2.295,2.2125,2.247,1.7816,105286893
2020-06-18,2.222,2.269,2.147,2.186,1.7333,110590781
2020-06-19,2.22,2.2265,2.145,2.153,1.7071,238606514
2020-06-22,2.1385,2.1735,2.1125,2.1295,1.6885,50225136
2020-06-23,2.159,2.272,2.1385,2.2345,1.7717,86341439
2020-06-24,2.218,2.264,2.135,2.135,1.6928,46782285
2020-06-25,2.13,2.1955,2.092,2.1885,1.7352,71505757
2020-06-26,2.2175,2.222,2.1215,2.1215,1.6821,65801635
2020-06-29,2.1305,2.2215,2.1065,2.207,1.7499,51935769
2020-06-30,2.192,2.209,2.128,2.1745,1.7241,54657283
2020-07-01,2.1765,2.195,2.121,2.143,1.6992,46316376
2020-07-02,2.183,2.325,2.1635,2.2855,1.8122,86761838
2020-07-03,2.2835,2.297,2.203,2.2275,1.7662,42074802
2020-07-06,2.311,2.381,2.3,2.337,1.853,63384530
2020-07-07,2.31,2.323,2.2675,2.2675,1.7979,49532185
2020-07-08,2.2465,2.2575,2.209,2.216,1.7571,44230295
2020-07-09,2.236,2.245,2.173,2.1745,1.7241,65119347
2020-07-10,2.15,2.22,2.145,2.22,1.7602,45390325
2020-07-13,2.2645,2.28,2.219,2.246,1.7808,41315011
2020-07-14,2.235,2.2445,2.1915,2.224,1.7634,42545003
2020-07-15,2.2425,2.2985,2.1765,2.267,1.7975,83718036
2020-07-16,2.264,2.292,2.2365,2.2605,1.7923,38014770
2020-07-17,2.252,2.259,2.1885,2.215,1.7563,73716880
2020-07-20,2.21,2.217,2.1725,2.21,1.7523,36951538
2020-07-21,2.2285,2.3125,2.1845,2.1975,1.7424,73291769
2020-07-22,2.195,2.219,2.139,2.151,1.7055,49731865
2020-07-23,2.156,2.172,2.1095,2.118,1.6793,59291958
2020-07-24,2.101,2.15,2.086,2.126,1.6857,41808369
2020-07-27,2.11,2.113,2.0515,2.075,1.6453,56736569
2020-07-28,2.067,2.1135,2.0645,2.1025,1.6671,49492003
2020-07-29,2.07,2.085,1.98,2.0035,1.5886,84959580
2020-07-30,2.004,2.0095,1.8738,1.8884,1.4973,99273783
2020-07-31,1.9132,1.9218,1.8086,1.8086,1.434,88861513
2020-08-03,1.82,1.8654,1.7664,1.857,1.4724,89381957
2020-08-04,1.8822,1.93,1.866,1.9196,1.522,66751583
2020-08-05,1.93,1.9522,1.8754,1.89,1.4986,42080569
2020-08-06,1.8786,1.9058,1.8378,1.865,1.4787,43262170
2020-08-07,1.8496,1.864,1.8,1.8348,1.4548,53876338
2020-08-10,1.875,1.9094,1.857,1.8938,1.5016,63752055
2020-08-11,1.9106,2.0085,1.9106,2.002,1.5874,72927261
2020-08-12,2.0,2.0485,1.9866,1.988,1.5763,55336515
2020-08-13,1.9668,2.01,1.9476,1.9476,1.5442,40406182
2020-08-14,1.9388,1.94,1.8672,1.9272,1.5281,50945414
2020-08-17,1.9188,1.9478,1.887,1.8908,1.4992,39663939
2020-08-18,1.8778,1.9322,1.862,1.877,1.4883,36795025
2020-08-19,1.8652,1.9342,1.8578,1.9342,1.5336,25485379
2020-08-20,1.896,1.8962,1.8538,1.8538,1.4699,40698287
2020-08-21,1.8626,1.875,1.801,1.8272,1.4488,50381777
2020-08-24,1.8462,1.898,1.8402,1.898,1.5049,34871062
2020-08-25,1.9278,1.963,1.8936,1.8952,1.5027,48007361
2020-08-26,1.882,1.9322,1.875,1.9206,1.5228,22642275
2020-08-27,1.9124,1.915,1.8606,1.8996,1.5062,42121983
2020-08-28,1.9144,1.9722,1.9002,1.962,1.5557,53370882
2020-08-31,1.98,1.99,1.8628,1.8628,1.477,50831634
2020-09-01,1.9,1.9022,1.832,1.87,1.4827,61740758
2020-09-02,1.8728,1.8844,1.8154,1.8242,1.4464,50759483
2020-09-03,1.85,1.91,1.8304,1.843,1.4613,60105183
2020-09-04,1.88,1.933,1.8608,1.9056,1.5109,84676634
2020-09-07,1.9326,1.957,1.879,1.9128,1.5166,45383660
2020-09-08,1.9172,1.95,1.852,1.8556,1.4713,49676739
2020-09-09,1.8584,1.89,1.827,1.8848,1.4944,65009447
2020-09-10,1.8836,1.8892,1.8294,1.8456,1.4634,70817298
2020-09-11,1.846,1.8476,1.8,1.8054,1.4315,67300217
2020-09-14,1.8254,1.83,1.783,1.814,1.4383,47388488
2020-09-15,1.803,1.824,1.7822,1.7938,1.4223,58317517
2020-09-16,1.8072,1.8082,1.74,1.7972,1.425,73821440
2020-09-17,1.757,1.7776,1.738,1.762,1.3971,58485390
2020-09-18,1.7594,1.76,1.6748,1.6954,1.3443,218627551
2020-09-21,1.6716,1.6716,1.5828,1.59,1.2607,109821738
2020-09-22,1.6386,1.64,1.55,1.5604,1.2372,102761846
2020-09-23,1.5738,1.6138,1.5376,1.5376,1.2192,89346258
2020-09-24,1.5068,1.5678,1.502,1.546,1.2258,89977832
2020-09-25,1.563,1.5898,1.5308,1.5496,1.2287,61835144
2020-09-28,1.5878,1.6552,1.5744,1.6552,1.3124,75815740
2020-09-29,1.632,1.632,1.585,1.5922,1.2624,50637868
2020-09-30,1.56,1.6266,1.5522,1.5996,1.2683,63638381
2020-10-01,1.6314,1.6328,1.5652,1.58,1.2528,53476065
2020-10-02,1.5564,1.587,1.5426,1.5786,1.2517,61717733
2020-10-05,1.6,1.624,1.5846,1.609,1.2758,50599830
2020-10-06,1.6072,1.7222,1.5952,1.7092,1.3552,83212821
2020-10-07,1.6904,1.707,1.6772,1.687,1.3376,45788416
2020-10-08,1.7024,1.7346,1.698,1.716,1.3606,48935274
2020-10-09,1.719,1.732,1.6822,1.694,1.3432,66656464
2020-10-12,1.6876,1.7056,1.6576,1.6688,1.3232,38805832
2020-10-13,1.6654,1.6688,1.6084,1.6134,1.2793,44692042
2020-10-14,1.618,1.652,1.6054,1.6156,1.281,43728423
2020-10-15,1.6,1.6032,1.561,1.6002,1.2688,51702131
2020-10-16,1.6102,1.654,1.5692,1.6426,1.3024,62570169
2020-10-19,1.6442,1.682,1.626,1.6538,1.3113,46427000
2020-10-20,1.637,1.7262,1.634,1.6996,1.3476,67774686
2020-10-21,1.738,1.749,1.6686,1.6686,1.323,58815317
2020-10-22,1.6536,1.6958,1.633,1.6874,1.3379,70560088
2020-10-23,1.6932,1.76,1.6902,1.744,1.3828,57001813
2020-10-26,1.6984,1.7522,1.6936,1.7228,1.366,53200371
2020-10-27,1.78,1.808,1.691,1.6976,1.346,92848710
2020-10-28,1.66,1.701,1.6284,1.6438,1.3034,89028177
2020-10-29,1.666,1.6986,1.628,1.6606,1.3167,70005528
2020-10-30,1.65,1.717,1.6458,1.7108,1.3565,74623671
2020-11-02,1.7342,1.7826,1.712,1.7826,1.4134,50183348
2020-11-03,1.7998,1.8518,1.7808,1.8518,1.4683,88000611
2020-11-04,1.789,1.8144,1.757,1.776,1.4082,79084641
2020-11-05,1.79,1.8414,1.7384,1.8306,1.4515,90971215
2020-11-06,1.8226,1.859,1.7786,1.787,1.4169,54283991
2020-11-09,1.82,2.138,1.7916,2.1305,1.6893,208230640
2020-11-10,2.13,2.3135,2.1165,2.3135,1.8344,255995351
2020-11-11,2.313,2.35,2.2375,2.3485,1.8621,158703085
2020-11-12,2.28,2.322,2.2595,2.318,1.8379,94613412
2020-11-13,2.296,2.4115,2.288,2.386,1.8918,97196780
2020-11-16,2.4,2.44,2.3335,2.351,1.9451,151831203
2020-11-17,2.327,2.379,2.283,2.368,1.9592,87341555
2020-11-18,2.3445,2.3695,2.32,2.362,1.9542,63448500
2020-11-19,2.325,2.339,2.286,2.3245,1.9232,63638848
2020-11-20,2.3275,2.3505,2.3115,2.3365,1.9331,56325621
2020-11-23,2.3585,2.3865,2.336,2.3545,1.948,55673680
2020-11-24,2.38,2.4835,2.37,2.4835,2.0548,74449484
2020-11-25,2.5,2.52,2.4075,2.4615,2.0366,68996047
2020-11-26,2.4375,2.45,2.3985,2.4275,2.0084,64613609
2020-11-27,2.3955,2.4745,2.387,2.465,2.0395,68296562
2020-11-30,2.438,2.4555,2.3855,2.4175,2.0002,98240000
2020-12-01,2.44,2.5585,2.438,2.5585,2.1168,134247812
2020-12-02,2.551,2.69,2.5335,2.68,2.2173,102219000
2020-12-03,2.6645,2.7225,2.6305,2.7075,2.2401,70005648
2020-12-04,2.7,2.862,2.692,2.862,2.3679,112271102
2020-12-07,2.83,2.8325,2.704,2.726,2.2554,80726641
2020-12-08,2.718,2.7855,2.7005,2.7715,2.293,60260281
2020-12-09,2.765,2.7935,2.724,2.7255,2.255,44851633
2020-12-10,2.75,2.762,2.601,2.648,2.1909,73696242
2020-12-11,2.648,2.658,2.5255,2.575,2.1305,98990656
2020-12-14,2.636,2.686,2.612,2.623,2.1702,56773848
2020-12-15,2.623,2.735,2.601,2.7045,2.2376,66776883
2020-12-16,2.67,2.735,2.6525,2.679,2.2165,53532230
2020-12-17,2.7,2.7145,2.658,2.6885,2.2244,55999781
2020-12-18,2.665,2.7135,2.5785,2.5785,2.1334,130074703
2020-12-21,2.4595,2.513,2.41,2.451,2.0279,136970297
2020-12-22,2.475,2.54,2.4645,2.531,2.0941,40264141
2020-12-23,2.532,2.63,2.5225,2.6195,2.1673,76461516
2020-12-24,2.6395,2.6765,2.63,2.67,2.2091,27302029
2020-12-28,2.7,2.712,2.567,2.5905,2.1433,32046820
2020-12-29,2.61,2.6345,2.564,2.5915,2.1441,26968279
2020-12-30,2.5795,2.6155,2.575,2.575,2.1305,26266641
2020-12-31,2.5415,2.5725,2.531,2.538,2.0999,14715540
2021-01-04,2.592,2.5975,2.514,2.5665,2.1234,61027449
2021-01-05,2.5335,2.5935,2.528,2.5755,2.1309,33860859
2021-01-06,2.6495,2.7925,2.6295,2.7525,2.2773,73687938
2021-01-07,2.7695,2.8,2.701,2.793,2.3108,53823168
2021-01-08,2.8,2.8,2.71,2.76,2.2835,63402422
2021-01-11,2.7665,2.8435,2.7455,2.81,2.3249,67220547
2021-01-12,2.83,2.866,2.813,2.8495,2.3576,53299168
2021-01-13,2.84,2.8525,2.8105,2.832,2.3431,38721398
2021-01-14,2.83,2.8535,2.786,2.801,2.3175,55110488
2021-01-15,2.7815,2.835,2.7045,2.7205,2.2509,102531398
2021-01-18,2.7,2.75,2.692,2.738,2.2653,67986438
2021-01-19,2.768,2.771,2.684,2.684,2.2207,51587848
2021-01-20,2.73,2.735,2.6625,2.6885,2.2244,56048672
2021-01-21,2.7,2.7165,2.64,2.64,2.1842,82531133
2021-01-22,2.606,2.61,2.548,2.581,2.1354,68409922
2021-01-25,2.5985,2.6185,2.4755,2.49,2.0601,50395809
2021-01-26,2.4915,2.561,2.4855,2.5325,2.0953,39204000
2021-01-27,2.51,2.524,2.422,2.4325,2.0126,55168488
2021-01-28,2.405,2.497,2.375,2.4815,2.0531,48708941
2021-01-29,2.43,2.451,2.388,2.415,1.9981,66129531
2021-02-01,2.4575,2.4735,2.412,2.417,1.9997,59245602
2021-02-02,2.438,2.5615,2.4315,2.537,2.099,74091906
2021-02-03,2.628,2.6655,2.5455,2.554,2.1131,65670844
2021-02-04,2.57,2.7045,2.5385,2.69,2.2256,91259727
2021-02-05,2.6805,2.7885,2.652,2.788,2.3067,84323211
2021-02-08,2.7945,2.8595,2.782,2.845,2.3539,77265297
2021-02-09,2.84,2.846,2.805,2.832,2.3431,47706473
2021-02-10,2.85,2.88,2.79,2.8375,2.3477,45365641
2021-02-11,2.828,2.851,2.767,2.7965,2.3137,36747500
2021-02-12,2.791,2.796,2.7235,2.795,2.3125,43481191
2021-02-15,2.848,2.925,2.827,2.91,2.4076,56987898
2021-02-16,2.91,2.92,2.8625,2.9115,2.4089,58425473
2021-02-17,2.91,2.975,2.8735,2.8945,2.3948,56926633
2021-02-18,2.891,2.9195,2.837,2.8555,2.3625,48245898
2021-02-19,2.88,2.994,2.84,2.9755,2.4618,71471844
2021-02-22,2.95,2.95,2.8515,2.8955,2.3956,56692449
2021-02-23,2.9,2.9675,2.8915,2.9505,2.4411,55913980
2021-02-24,2.9425,2.9725,2.903,2.9625,2.4511,43189379
2021-02-25,2.99,3.068,2.9555,2.9655,2.4536,74656602
2021-02-26,2.899,2.9595,2.8705,2.8975,2.3973,60359141
2021-03-01,2.94,2.969,2.902,2.92,2.4159,35794281
2021-03-02,2.89,2.941,2.871,2.8925,2.3932,38527301
2021-03-03,2.919,3.007,2.906,2.9445,2.4362,70166469
2021-03-04,2.92,2.958,2.8915,2.942,2.4341,47437352
2021-03-05,2.948,3.039,2.9035,2.98,2.4656,123629695
2021-03-08,3.03,3.063,2.987,3.0545,2.5272,51346602
2021-03-09,3.0385,3.039,2.915,2.9735,2.4602,75725031
2021-03-10,2.955,3.0025,2.9325,2.9615,2.4502,49325289
2021-03-11,2.965,2.985,2.854,2.9195,2.4155,42499129
2021-03-12,2.9015,2.98,2.9,2.9735,2.4602,35015711
2021-03-15,2.98,3.025,2.901,2.931,2.425,44504461
2021-03-16,2.9495,2.977,2.887,2.9145,2.4114,49273340
2021-03-17,2.9165,2.954,2.895,2.927,2.4217,41665230
2021-03-18,2.9505,3.017,2.9445,2.986,2.4705,76321711
2021-03-19,2.95,2.969,2.888,2.891,2.3919,89725250
2021-03-22,2.885,2.902,2.8285,2.8425,2.3518,44021398
2021-03-23,2.828,2.874,2.8135,2.86,2.3663,34284672
2021-03-24,2.805,2.8775,2.773,2.8775,2.3807,54320559
2021-03-25,2.863,2.876,2.803,2.8555,2.3625,33631070
2021-03-26,2.94,2.967,2.896,2.896,2.3961,48674762
2021-03-29,2.8755,2.9085,2.851,2.864,2.3696,37653207
2021-03-30,2.897,2.948,2.8805,2.9415,2.4337,35868160
2021-03-31,2.92,2.9385,2.886,2.897,2.3969,43643602
2021-04-01,2.9075,2.91,2.8675,2.883,2.3853,24791230
2021-04-06,2.933,2.967,2.912,2.9245,2.4196,42587449
2021-04-07,2.925,2.964,2.9085,2.95,2.4407,41147961
2021-04-08,2.9585,2.971,2.879,2.922,2.4176,33375461
2021-04-09,2.9245,2.941,2.886,2.903,2.4018,32749029
2021-04-12,2.898,2.937,2.8615,2.9075,2.4056,40335820
2021-04-13,2.91,2.945,2.859,2.88,2.3828,43732000
2021-04-14,2.871,2.9195,2.8645,2.9085,2.4064,33822781
2021-04-15,2.9055,2.923,2.8325,2.8395,2.3493,34442246
2021-04-16,2.85,2.897,2.84,2.874,2.3779,34121398
2021-04-19,2.881,2.9785,2.868,2.965,2.4531,75691117
2021-04-20,2.955,2.9715,2.8435,2.8515,2.3592,78919672
2021-04-21,2.862,2.8915,2.7665,2.817,2.3307,69877562
2021-04-22,2.812,2.8585,2.7895,2.8455,2.3543,24676029
2021-04-23,2.826,2.873,2.8055,2.847,2.3555,88913219
2021-04-26,2.851,2.922,2.816,2.914,2.4109,55860820
2021-04-27,2.91,3.06,2.8935,3.06,2.5317,81682242
2021-04-28,3.0395,3.145,3.015,3.1425,2.6,74646359
2021-04-29,3.141,3.213,3.13,3.198,2.6459,71355766
2021-04-30,3.1625,3.22,3.122,3.215,2.6831,51236273
2021-05-03,3.21,3.22,3.1705,3.197,2.668,86391633
2021-05-04,3.1855,3.25,3.1365,3.159,2.6363,55897090
2021-05-05,3.193,3.225,3.176,3.225,2.6914,34887801
2021-05-06,3.227,3.256,3.189,3.2185,2.686,39784660
2021-05-07,3.25,3.255,3.161,3.216,2.6839,54488859
2021-05-10,3.249,3.339,3.2315,3.306,2.759,56526020
2021-05-11,3.273,3.2915,3.215,3.25,2.7123,48858391
2021-05-12,3.2385,3.3015,3.2005,3.2875,2.7436,56589992
2021-05-13,3.24,3.2795,3.1985,3.264,2.7239,50195352
2021-05-14,3.297,3.36,3.2835,3.353,2.7982,53367121
2021-05-17,3.344,3.373,3.3015,3.331,2.7799,51530141
2021-05-18,3.365,3.397,3.337,3.3705,2.8128,36845441
2021-05-19,3.3345,3.398,3.256,3.2925,2.7477,68048195
2021-05-20,3.3285,3.3355,3.253,3.318,2.769,32340400
2021-05-21,3.3055,3.3805,3.2995,3.3695,2.812,51337262
2021-05-24,3.39,3.3935,3.324,3.3585,2.8028,26447420
2021-05-25,3.371,3.417,3.3505,3.3745,2.8162,33262148
2021-05-26,3.37,3.3795,3.29,3.3545,2.7995,45900641
2021-05-27,3.3415,3.4695,3.334,3.4475,2.8771,68738766
2021-05-28,3.48,3.4895,3.4165,3.4505,2.8796,38368289
2021-05-31,3.455,3.46,3.42,3.424,2.8575,16934510
2021-06-01,3.445,3.486,3.435,3.478,2.9025,26900949
2021-06-02,3.48,3.4925,3.443,3.475,2.9,55661070
2021-06-03,3.467,3.509,3.454,3.506,2.9259,49123090
2021-06-04,3.504,3.508,3.438,3.4425,2.8729,42288688
2021-06-07,3.425,3.4735,3.4135,3.461,2.8884,33510539
2021-06-08,3.4455,3.47,3.3705,3.3985,2.8362,52819887
2021-06-09,3.4,3.4235,3.3625,3.381,2.8216,105005203
2021-06-10,3.418,3.508,3.405,3.446,2.8758,60456840
2021-06-11,3.433,3.441,3.405,3.4345,2.8662,26009850
2021-06-14,3.456,3.4675,3.416,3.4375,2.8687,38604488
2021-06-15,3.443,3.443,3.392,3.426,2.8591,46217047
2021-06-16,3.449,3.4555,3.343,3.364,2.8074,38868738
2021-06-17,3.4,3.475,3.362,3.362,2.8057,105714602
2021-06-18,3.35,3.368,3.2505,3.2885,2.7444,148012703
2021-06-21,3.2385,3.295,3.2115,3.28,2.7373,49066688
2021-06-22,3.3035,3.3035,3.2325,3.2875,2.7436,42840273
2021-06-23,3.295,3.331,3.2655,3.2755,2.7335,28468279
2021-06-24,3.308,3.357,3.283,3.318,2.769,27899570
2021-06-25,3.33,3.3595,3.304,3.3555,2.8003,29037150
2021-06-28,3.3495,3.3575,3.2625,3.2625,2.7227,23234650
2021-06-29,3.271,3.308,3.2505,3.274,2.7323,22552381
2021-06-30,3.256,3.265,3.207,3.2195,2.6868,43712551
2021-07-01,3.239,3.313,3.239,3.2895,2.7452,24175711
2021-07-02,3.299,3.304,3.213,3.2225,2.6893,26321910
2021-07-05,3.221,3.286,3.207,3.2655,2.7252,22476650
2021-07-06,3.277,3.29,3.1505,3.162,2.6388,30318461
2021-07-07,3.166,3.1855,3.109,3.145,2.6246,34066199
2021-07-08,3.1,3.1065,3.025,3.0575,2.5516,59218246
2021-07-09,3.085,3.139,3.04,3.1295,2.6117,35674969
2021-07-12,3.141,3.146,3.056,3.139,2.6196,39486047
2021-07-13,3.146,3.158,3.07,3.0835,2.5733,32469029
2021-07-14,3.093,3.1495,3.0835,3.104,2.5904,21790801
2021-07-15,3.09,3.1325,3.08,3.121,2.6046,26511971
2021-07-16,3.145,3.155,3.008,3.038,2.5353,33441789
2021-07-19,3.0,3.0095,2.912,2.9345,2.449,48580633
2021-07-20,2.932,2.97,2.882,2.9545,2.4657,44016289
2021-07-21,2.9645,3.074,2.942,3.07,2.562,40313887
2021-07-22,3.08,3.143,3.069,3.0785,2.5691,35833281
2021-07-23,3.092,3.169,3.084,3.126,2.6088,27745131
2021-07-26,3.094,3.2135,3.058,3.189,2.6614,30791141
2021-07-27,3.157,3.1785,3.109,3.1555,2.6334,31081670
2021-07-28,3.15,3.1625,3.048,3.0595,2.5533,72353047
2021-07-29,3.105,3.183,3.0925,3.138,2.6188,33871000
2021-07-30,3.147,3.148,3.08,3.0875,2.5767,39569719
2021-08-02,3.1095,3.172,3.0555,3.066,2.5587,28858570
2021-08-03,3.078,3.1435,3.061,3.103,2.5896,25675859
2021-08-04,3.118,3.1415,3.076,3.1355,2.6167,22771119
2021-08-05,3.1215,3.151,3.09,3.15,2.6288,23854410
2021-08-06,3.1255,3.228,3.098,3.2265,2.6927,37006379
2021-08-09,3.2255,3.2435,3.19,3.235,2.6997,20362971
2021-08-10,3.222,3.2605,3.2005,3.2605,2.721,24181279
2021-08-11,3.27,3.299,3.2435,3.2955,2.7502,27870670
2021-08-12,3.29,3.2945,3.256,3.2755,2.7335,21972240
2021-08-13,3.283,3.31,3.256,3.2635,2.7235,45369113
2021-08-16,3.223,3.2535,3.196,3.201,2.6714,37128238
2021-08-17,3.1845,3.1985,3.135,3.1425,2.6226,39004488
2021-08-18,3.135,3.16,3.1055,3.1565,2.6342,23728961
2021-08-19,3.095,3.1225,3.0535,3.0725,2.5641,37615281
2021-08-20,3.0615,3.093,3.023,3.076,2.5671,27197439
2021-08-23,3.095,3.1235,3.086,3.1215,2.605,21758740
2021-08-24,3.1495,3.1505,3.08,3.114,2.5988,19307131
2021-08-25,3.1235,3.2,3.1125,3.2,2.6705,29594150
2021-08-26,3.188,3.2065,3.1545,3.156,2.6338,23705730
2021-08-27,3.146,3.1735,3.1155,3.166,2.6422,14736710
2021-08-30,3.1625,3.1665,3.1135,3.123,2.6063,10926580
2021-08-31,3.125,3.166,3.0935,3.1275,2.61,41514566
2021-09-01,3.152,3.207,3.1495,3.1795,2.6534,31643930
2021-09-02,3.1625,3.174,3.115,3.1395,2.62,37905809
2021-09-03,3.1315,3.135,3.0715,3.076,2.5671,39705113
2021-09-06,3.097,3.1255,3.084,3.11,2.5954,13403090
2021-09-07,3.12,3.1395,3.105,3.1355,2.6167,22609971
2021-09-08,3.105,3.1195,3.0265,3.063,2.5562,38951488
2021-09-09,3.062,3.081,3.022,3.062,2.5554,58238191
2021-09-10,3.0735,3.114,3.023,3.043,2.5395,28932631
2021-09-13,3.07,3.114,3.0485,3.114,2.5988,26934199
2021-09-14,3.114,3.148,3.076,3.091,2.5796,31330461
2021-09-15,3.0795,3.118,3.0675,3.089,2.5779,33710770
2021-09-16,3.1195,3.146,3.0985,3.104,2.5904,70451914
2021-09-17,3.1445,3.163,3.04,3.04,2.537,126899602
2021-09-20,2.984,3.005,2.881,2.894,2.4152,73908086
2021-09-21,2.9345,2.959,2.887,2.8995,2.4198,47729898
2021-09-22,2.952,2.9975,2.9155,2.9935,2.4982,42950367
2021-09-23,3.024,3.095,3.011,3.083,2.5729,35337262
2021-09-24,3.07,3.116,3.0465,3.099,2.5862,28567740
2021-09-27,3.1275,3.2025,3.1005,3.2025,2.6726,55495930
2021-09-28,3.217,3.239,3.08,3.08,2.5704,50765559
2021-09-29,3.127,3.163,3.099,3.1565,2.6342,50825840
2021-09-30,3.1885,3.194,3.121,3.1365,2.6175,48260441
2021-10-01,3.08,3.141,3.0415,3.1235,2.6067,36941102
2021-10-04,3.124,3.178,3.093,3.125,2.6079,26637980
2021-10-05,3.1355,3.258,3.1325,3.258,2.7189,54514566
2021-10-06,3.238,3.2635,3.172,3.239,2.7031,49277441
2021-10-07,3.2755,3.351,3.256,3.3315,2.7803,58486539
2021-10-08,3.3245,3.375,3.3245,3.35,2.7957,42392859
2021-10-11,3.3375,3.375,3.33,3.349,2.7949,28272779
2021-10-12,3.295,3.393,3.28,3.3835,2.8237,38760648
2021-10-13,3.361,3.3785,3.2605,3.276,2.734,39017770
2021-10-14,3.31,3.358,3.281,3.281,2.7381,59288480
2021-10-15,3.31,3.385,3.308,3.3455,2.792,46452281
2021-10-18,3.345,3.375,3.3195,3.33,2.779,87048383
2021-10-19,3.325,3.38,3.3155,3.3615,2.8053,51801969
2021-10-20,3.36,3.376,3.322,3.36,2.8041,366905406
2021-10-21,3.332,3.35,3.297,3.3135,2.7653,97932078
2021-10-22,3.313,3.342,3.282,3.282,2.739,90017047
2021-10-25,3.3,3.3505,3.2915,3.3185,2.7694,91583297
2021-10-26,3.32,3.3745,3.3105,3.3565,2.8011,39605688
2021-10-27,3.35,3.3505,3.2245,3.261,2.7214,66844180
2021-10-28,3.254,3.3,3.198,3.2805,2.7377,50598090
2021-10-29,3.2525,3.2765,3.1875,3.2765,2.7754,48524621
2021-11-01,3.28,3.3535,3.2755,3.3435,2.8322,77143203
2021-11-02,3.325,3.335,3.2725,3.2945,2.7907,50786102
2021-11-03,3.275,3.31,3.236,3.31,2.8038,306673312
2021-11-04,3.32,3.327,3.216,3.2375,2.7424,144545297
2021-11-05,3.227,3.319,3.215,3.284,2.7818,84767609
2021-11-08,3.278,3.3,3.238,3.238,2.7428,69064812
2021-11-09,3.227,3.2505,3.191,3.1915,2.7034,39597047
2021-11-10,3.202,3.2545,3.2,3.212,2.7208,43932898
2021-11-11,3.2305,3.262,3.2075,3.22,2.7276,80520625
2021-11-12,3.1965,3.202,3.1635,3.1855,2.6983,46987059
2021-11-15,3.164,3.232,3.135,3.2115,2.7204,52144578
2021-11-16,3.2115,3.235,3.1895,3.209,2.7182,31122891
2021-11-17,3.227,3.228,3.195,3.2,2.7106,66165461
2021-11-18,3.19,3.2165,3.135,3.138,2.6581,56385152
2021-11-19,3.161,3.1815,3.0125,3.0585,2.5908,98579922
2021-11-22,3.0725,3.1175,3.0465,3.102,2.6276,49506090
2021-11-23,3.08,3.1145,3.032,3.0635,2.595,53713941
2021-11-24,3.054,3.1185,3.0285,3.032,2.5683,74384117
2021-11-25,3.0535,3.0715,3.024,3.0555,2.5882,40078527
2021-11-26,2.9195,2.92,2.783,2.783,2.3574,116317695
2021-11-29,2.851,2.856,2.7755,2.7835,2.3578,64499953
2021-11-30,2.749,2.802,2.7175,2.75,2.3294,81504125
2021-12-01,2.77,2.834,2.7615,2.822,2.3904,61674512
2021-12-02,2.772,2.8155,2.76,2.7925,2.3654,42534422
2021-12-03,2.832,2.836,2.7525,2.7635,2.3409,36340359
2021-12-06,2.788,2.8135,2.7635,2.8135,2.3832,28485680
2021-12-07,2.847,2.8475,2.804,2.8185,2.3875,37479473
2021-12-08,2.79,2.808,2.7335,2.7485,2.3282,65547672
2021-12-09,2.773,2.773,2.7025,2.7175,2.3019,46960359
2021-12-10,2.7,2.728,2.683,2.701,2.2879,49052762
2021-12-13,2.704,2.7245,2.653,2.6585,2.2519,37463207
2021-12-14,2.6845,2.712,2.66,2.6865,2.2756,45117352
2021-12-15,2.69,2.699,2.6565,2.6565,2.2502,34617391
2021-12-16,2.693,2.791,2.6785,2.7665,2.3434,54020090
2021-12-17,2.7505,2.795,2.7325,2.775,2.3506,97048367
2021-12-20,2.7,2.7855,2.6915,2.7545,2.3332,49293660
2021-12-21,2.793,2.822,2.7585,2.811,2.3811,42166152
2021-12-22,2.79,2.8285,2.783,2.8155,2.3849,26941039
2021-12-23,2.83,2.919,2.8235,2.9015,2.4578,78205195
2021-12-27,2.8735,2.93,2.873,2.9235,2.4764,19766721
2021-12-28,2.921,2.937,2.9075,2.931,2.4828,21574670
2021-12-29,2.9115,2.937,2.904,2.9225,2.4756,26920150
2021-12-30,2.92,2.951,2.9155,2.9405,2.4908,36172953
2022-01-03,2.95,2.9835,2.927,2.9505,2.4993,36169961
2022-01-04,2.98,3.0495,2.9645,3.0325,2.5687,46986566
2022-01-05,3.031,3.0555,3.019,3.0375,2.573,30903590
2022-01-06,2.982,3.0875,2.9735,3.0855,2.6136,51165727
2022-01-07,3.094,3.1195,3.0665,3.1125,2.6365,38379820
2022-01-10,3.131,3.1575,3.092,3.1155,2.639,38266688
2022-01-11,3.1155,3.14,3.0875,3.119,2.642,58565801
2022-01-12,3.14,3.149,3.092,3.1135,2.6373,45271980
2022-01-13,3.109,3.138,3.099,3.127,2.6488,49212633
2022-01-14,3.1205,3.167,3.1095,3.1665,2.6822,47831961
2022-01-17,3.1895,3.193,3.152,3.1565,2.6738,49078191
2022-01-18,3.146,3.1795,3.1285,3.14,2.6598,35477059
2022-01-19,3.117,3.157,3.1165,3.1345,2.6551,55151840
2022-01-20,3.1,3.142,3.0895,3.1305,2.6517,44855688
2022-01-21,3.067,3.098,3.042,3.0825,2.6111,56770512
2022-01-24,3.0655,3.076,2.914,2.943,2.4929,86373961
2022-01-25,2.973,3.025,2.9405,3.0235,2.5611,47641219
2022-01-26,3.058,3.1605,3.054,3.1355,2.656,85404516
2022-01-27,3.1,3.2335,3.0955,3.2015,2.7119,55532801
2022-01-28,3.2,3.2015,3.124,3.1465,2.6653,38056578
2022-01-31,3.1845,3.185,3.072,3.0945,2.6212,46503859
2022-02-01,3.104,3.1765,3.0985,3.165,2.681,40610129
2022-02-02,3.19,3.2195,3.1045,3.1755,2.6899,81185719
2022-02-03,3.206,3.3245,3.1785,3.299,2.7945,67128555
2022-02-04,3.32,3.3365,3.209,3.254,2.7564,75124094
2022-02-07,3.2975,3.313,3.2245,3.294,2.7902,50512879
2022-02-08,3.308,3.3775,3.3045,3.371,2.8555,67548367
2022-02-09,3.385,3.443,3.3465,3.433,2.908,65413238
2022-02-10,3.42,3.482,3.4155,3.4815,2.9491,72521297
2022-02-11,3.4365,3.4815,3.4265,3.4815,2.9491,47118719
2022-02-14,3.344,3.3835,3.305,3.3465,2.8347,67277891
2022-02-15,3.312,3.423,3.309,3.423,2.8995,81077789
2022-02-16,3.434,3.4615,3.345,3.379,2.8622,44647922
2022-02-17,3.3675,3.381,3.308,3.34,2.8292,33938832
2022-02-18,3.335,3.358,3.3045,3.322,2.814,33006109
2022-02-21,3.3425,3.379,3.254,3.2855,2.783,36260809
2022-02-22,3.1905,3.329,3.172,3.2815,2.7796,58746672
2022-02-23,3.306,3.341,3.2215,3.2375,2.7424,37468102
2022-02-24,3.096,3.1195,2.9375,2.9885,2.5315,162415812
2022-02-25,3.0105,3.1295,2.935,3.1185,2.6416,105449398
2022-02-28,2.9815,3.0095,2.924,2.9845,2.5281,146201703
2022-03-01,2.9695,3.0175,2.8295,2.8295,2.3968,94330367
2022-03-02,2.81,2.961,2.767,2.927,2.4794,87648156
2022-03-03,2.937,2.962,2.854,2.87,2.4311,65514168
2022-03-04,2.8465,2.8545,2.7125,2.7185,2.3027,119345797
2022-03-07,2.615,2.6905,2.49,2.631,2.2286,112744703
2022-03-08,2.6,2.7945,2.585,2.697,2.2845,90014727
2022-03-09,2.836,2.8925,2.776,2.8925,2.4501,83238367
2022-03-10,2.892,2.922,2.8135,2.853,2.4167,64293840
2022-03-11,2.871,3.009,2.82,2.864,2.426,73160117
2022-03-14,2.903,2.97,2.888,2.955,2.5031,51422441
2022-03-15,2.913,3.011,2.8975,2.983,2.5268,67756688
2022-03-16,3.05,3.1895,3.0335,3.157,2.6742,108694203
2022-03-17,3.165,3.1885,3.091,3.1405,2.6602,121991797
2022-03-18,3.14,3.1495,3.085,3.12,2.6428,92447789
2022-03-21,3.15,3.1895,3.1,3.129,2.6505,45214539
2022-03-22,3.147,3.205,3.1405,3.181,2.6945,51073602
2022-03-23,3.1885,3.1965,3.115,3.1305,2.6517,46068719
2022-03-24,3.1285,3.1345,3.053,3.064,2.5954,52418680
2022-03-25,3.075,3.087,3.03,3.057,2.5895,39246602
2022-03-28,3.0745,3.1535,3.074,3.08,2.609,40083641
2022-03-29,3.138,3.263,3.114,3.2485,2.7517,71880078
2022-03-30,3.216,3.218,3.129,3.1425,2.6619,48408898
2022-03-31,3.178,3.1995,3.0975,3.1,2.6259,92897188
2022-04-01,3.1655,3.2,3.136,3.181,2.6945,45392609
2022-04-04,3.193,3.2055,3.148,3.19,2.7021,41772398
2022-04-05,3.169,3.1905,3.132,3.14,2.6598,58750594
2022-04-06,3.151,3.1745,3.01,3.038,2.5734,69135484
2022-04-07,3.053,3.1225,3.032,3.0395,2.5747,53317992
2022-04-08,3.077,3.147,3.077,3.118,2.6412,41792207
2022-04-11,3.1255,3.1745,3.125,3.158,2.675,63730000
2022-04-12,3.099,3.1675,3.08,3.133,2.6539,44879539
2022-04-13,3.1365,3.1535,3.115,3.1235,2.6458,63543090
2022-04-14,3.142,3.185,3.129,3.1525,2.6704,269478906
2022-04-19,3.1665,3.182,3.134,3.162,2.6784,111058000
2022-04-20,3.1905,3.2515,3.1815,3.212,2.7208,142410891
2022-04-21,3.2225,3.232,3.196,3.23,2.736,132633297
2022-04-22,3.187,3.24,3.166,3.166,2.6818,38807352
2022-04-25,3.12,3.1525,3.054,3.054,2.5869,84642656
2022-04-26,3.148,3.164,2.832,2.8465,2.4112,177671203
2022-04-27,2.9,2.9,2.8,2.816,2.3853,101725203
2022-04-28,2.839,2.849,2.719,2.752,2.3746,73894234
2022-04-29,2.79,2.8265,2.761,2.8165,2.4302,84753008
2022-05-02,2.788,2.817,2.734,2.74,2.3642,65703766
2022-05-03,2.79,2.829,2.766,2.8225,2.4354,108946305
2022-05-04,2.838,2.839,2.7705,2.772,2.3918,142949406
2022-05-05,2.843,2.8435,2.68,2.6895,2.3206,89154117
2022-05-06,2.7245,2.7245,2.6415,2.6505,2.287,58354199
2022-05-09,2.641,2.6735,2.6,2.6,2.2434,59987141
2022-05-10,2.6515,2.7045,2.633,2.6335,2.2723,69936898
2022-05-11,2.649,2.7035,2.611,2.693,2.3236,41457980
2022-05-12,2.631,2.6665,2.6055,2.6535,2.2896,41682910
2022-05-13,2.6885,2.733,2.6755,2.728,2.3538,57668199
2022-05-16,2.71,2.7465,2.6855,2.6995,2.3293,29087881
2022-05-17,2.75,2.791,2.7235,2.778,2.397,37338770
2022-05-18,2.78,2.7985,2.7365,2.74,2.3642,26991090
2022-05-19,2.722,2.7405,2.678,2.7405,2.3646,38982441
2022-05-20,2.7795,2.7905,2.732,2.744,2.3676,38875512
2022-05-23,2.792,2.85,2.7685,2.85,2.4591,38276848
2022-05-24,2.813,2.9135,2.813,2.8935,2.4966,37739781
2022-05-25,2.939,2.97,2.9,2.953,2.548,68356039
2022-05-26,2.9655,3.02,2.96,3.02,2.6058,57960078
2022-05-27,3.0,3.048,2.985,3.04,2.6231,56357500
2022-05-30,3.0515,3.078,3.042,3.078,2.6558,30528820
2022-05-31,3.05,3.073,3.006,3.0145,2.601,62290961
2022-06-01,3.0355,3.0585,2.9805,2.985,2.5756,37862152
2022-06-02,2.9995,3.005,2.9615,2.9795,2.5709,20146789
2022-06-03,3.011,3.011,2.9525,2.9635,2.557,17648500
2022-06-06,2.9955,3.051,2.9855,3.038,2.6213,24115789
2022-06-07,3.0195,3.042,2.9985,2.9985,2.5872,26666949
2022-06-08,3.0,3.0075,2.97,2.985,2.5756,27239990
2022-06-09,2.962,2.976,2.906,2.906,2.5074,38121102
2022-06-10,2.9,2.905,2.697,2.7,2.3297,85167023
2022-06-13,2.6795,2.6795,2.585,2.6105,2.2525,78279148
2022-06-14,2.66,2.674,2.61,2.623,2.2632,37956078
2022-06-15,2.7225,2.7255,2.657,2.6905,2.3215,93955195
2022-06-16,2.681,2.69,2.621,2.6355,2.274,34505281
2022-06-17,2.6685,2.755,2.6305,2.696,2.3262,102643398
2022-06-20,2.6985,2.8185,2.681,2.794,2.4108,32341830
2022-06-21,2.807,2.849,2.7855,2.7975,2.4138,29483920
2022-06-22,2.752,2.825,2.7315,2.805,2.4203,47764953
2022-06-23,2.7875,2.8145,2.7035,2.716,2.3435,57389727
2022-06-24,2.724,2.7885,2.683,2.76,2.3815,87156484
2022-06-27,2.765,2.802,2.7375,2.7705,2.3905,24442439
2022-06-28,2.79,2.8205,2.767,2.7775,2.3966,25126150
2022-06-29,2.741,2.77,2.724,2.736,2.3607,27326199
2022-06-30,2.7,2.708,2.636,2.688,2.3193,43646488
2022-07-01,2.664,2.7275,2.6435,2.684,2.3159,24551779
2022-07-04,2.693,2.71,2.6615,2.683,2.315,17312270
2022-07-05,2.695,2.7195,2.568,2.568,2.2158,58778031
2022-07-06,2.6085,2.6185,2.5115,2.5255,2.1791,44422770
2022-07-07,2.5875,2.6345,2.555,2.6155,2.2568,42696578
2022-07-08,2.603,2.649,2.5715,2.613,2.2546,28474359
2022-07-11,2.56,2.597,2.5445,2.56,2.2089,21586311
2022-07-12,2.5375,2.5435,2.4,2.4665,2.1282,85978609
2022-07-13,2.468,2.48,2.4075,2.4465,2.111,41456047
2022-07-14,2.422,2.444,2.3265,2.3375,2.0169,50660281
2022-07-15,2.3445,2.415,2.324,2.4055,2.0756,48083641
2022-07-18,2.428,2.462,2.3995,2.412,2.0812,47468141
2022-07-19,2.4015,2.5265,2.397,2.5125,2.1679,49368879
2022-07-20,2.54,2.554,2.413,2.461,2.1235,41377898
2022-07-21,2.436,2.519,2.409,2.4535,2.117,55393809
2022-07-22,2.455,2.517,2.4255,2.433,2.0993,42244180
2022-07-25,2.4285,2.473,2.417,2.4555,2.1187,36323848
2022-07-26,2.43,2.4515,2.4145,2.4375,2.1032,21215910
2022-07-27,2.452,2.49,2.444,2.4885,2.1472,24352721
2022-07-28,2.4895,2.492,2.3845,2.429,2.0959,64521539
2022-07-29,2.427,2.448,2.371,2.44,2.1053,64229047
2022-08-01,2.436,2.4805,2.3815,2.393,2.0648,39369961
2022-08-02,2.39,2.4035,2.3555,2.3845,2.0575,36825141
2022-08-03,2.398,2.4365,2.356,2.4335,2.0997,32887449
2022-08-04,2.4335,2.491,2.431,2.4595,2.1222,50561129
2022-08-05,2.4515,2.525,2.451,2.501,2.158,32250350
2022-08-08,2.527,2.5605,2.4925,2.554,2.2037,39661711
2022-08-09,2.5235,2.578,2.5235,2.556,2.2054,58330648
2022-08-10,2.55,2.6145,2.5495,2.6145,2.2559,36798848
2022-08-11,2.626,2.655,2.61,2.6365,2.2749,39082039
2022-08-12,2.6345,2.679,2.625,2.6665,2.3008,35603594
2022-08-15,2.6725,2.675,2.615,2.6385,2.2766,20988600
2022-08-16,2.652,2.681,2.6375,2.6595,2.2947,21178570
2022-08-17,2.68,2.686,2.6135,2.6215,2.262,19710910
2022-08-18,2.616,2.648,2.6065,2.6205,2.2611,17038900
2022-08-19,2.599,2.605,2.522,2.532,2.1847,36347102
2022-08-22,2.5215,2.5215,2.4625,2.497,2.1545,28339289
2022-08-23,2.4915,2.5235,2.4705,2.497,2.1545,21175740
2022-08-24,2.4815,2.4955,2.455,2.4735,2.1343,17791650
2022-08-25,2.4945,2.499,2.4335,2.4455,2.1101,24011779
2022-08-26,2.469,2.483,2.396,2.4075,2.0773,25583770
2022-08-29,2.38,2.41,2.3675,2.4065,2.0764,21780689
2022-08-30,2.422,2.504,2.419,2.4475,2.1118,33117359
2022-08-31,2.4585,2.4615,2.4055,2.417,2.0855,69056281
2022-09-01,2.4015,2.4115,2.3545,2.3805,2.054,27531641
2022-09-02,2.386,2.4435,2.371,2.4285,2.0954,26910199
2022-09-05,2.364,2.395,2.3465,2.395,2.0665,27790990
2022-09-06,2.3905,2.4295,2.376,2.41,2.0795,20758131
2022-09-07,2.387,2.41,2.332,2.3845,2.0575,28705020
2022-09-08,2.4095,2.477,2.373,2.4505,2.1144,41792129
2022-09-09,2.468,2.5635,2.465,2.535,2.1873,42202328
2022-09-12,2.559,2.6585,2.5545,2.638,2.2762,56080762
2022-09-13,2.6485,2.654,2.543,2.575,2.2218,41474289
2022-09-14,2.5645,2.616,2.552,2.5855,2.2309,30617740
2022-09-15,2.5975,2.686,2.597,2.6765,2.3094,70157539
2022-09-16,2.622,2.654,2.608,2.6505,2.287,84183555
2022-09-19,2.6425,2.669,2.625,2.64,2.2779,26927400
2022-09-20,2.6575,2.6805,2.6235,2.637,2.2753,34693633
2022-09-21,2.582,2.6285,2.558,2.5815,2.2274,33684434
2022-09-22,2.542,2.6495,2.522,2.6025,2.2456,32760070
2022-09-23,2.6,2.6,2.4885,2.5245,2.1783,51516207
2022-09-26,2.501,2.5255,2.4665,2.4965,2.1541,54332449
2022-09-27,2.544,2.5465,2.428,2.431,2.0976,37547512
2022-09-28,2.41,2.443,2.363,2.438,2.1036,46204520
2022-09-29,2.4225,2.4335,2.3535,2.3815,2.0549,40852078
2022-09-30,2.4055,2.423,2.38,2.3975,2.0687,33178109
2022-10-03,2.3665,2.475,2.3565,2.4645,2.1265,35129527
2022-10-04,2.504,2.651,2.495,2.6365,2.2749,58753930
2022-10-05,2.6195,2.6385,2.5555,2.5755,2.2223,36283320
2022-10-06,2.58,2.5965,2.537,2.55,2.2003,18776670
2022-10-07,2.5325,2.568,2.502,2.5265,2.18,27106510
2022-10-10,2.5115,2.549,2.4915,2.4985,2.1558,61866246
2022-10-11,2.4795,2.486,2.4355,2.458,2.1209,29062150
2022-10-12,2.449,2.4525,2.395,2.4165,2.0851,31869160
2022-10-13,2.409,2.513,2.395,2.497,2.1545,40841566
2022-10-14,2.55,2.576,2.5125,2.5305,2.1834,37841398
2022-10-17,2.5305,2.603,2.525,2.5665,2.2145,81949078
2022-10-18,2.5895,2.672,2.587,2.621,2.2615,41299059
2022-10-19,2.6365,2.65,2.583,2.6345,2.2732,304539906
2022-10-20,2.63,2.6785,2.607,2.6685,2.3025,95025586
2022-10-21,2.639,2.6585,2.59,2.658,2.2934,59400141
2022-10-24,2.68,2.748,2.669,2.724,2.3504,40806512
2022-10-25,2.745,2.777,2.688,2.7385,2.3629,37626680
2022-10-26,2.756,2.76,2.602,2.649,2.2857,73727359
2022-10-27,2.6275,2.6435,2.6015,2.625,2.265,51125871
2022-10-28,2.62,2.658,2.602,2.658,2.2934,34065879
2022-10-31,2.6305,2.657,2.596,2.622,2.3131,33634602
2022-11-01,2.637,2.6775,2.6315,2.6435,2.3321,27135250
2022-11-02,2.662,2.6705,2.6075,2.6215,2.3127,97190758
2022-11-03,2.6125,2.621,2.561,2.59,2.2849,131652406
2022-11-04,2.6065,2.6905,2.599,2.669,2.3546,49666352
2022-11-07,2.65,2.685,2.633,2.6605,2.3471,66072961
2022-11-08,2.656,2.667,2.6365,2.645,2.3334,67715211
2022-11-09,2.63,2.6695,2.597,2.6125,2.3047,35921660
2022-11-10,2.608,2.608,2.521,2.5535,2.2527,75568414
2022-11-11,2.542,2.5615,2.5015,2.5275,2.2298,62051246
2022-11-14,2.54,2.5835,2.528,2.572,2.269,31572930
2022-11-15,2.584,2.6125,2.5655,2.6085,2.3012,30772270
2022-11-16,2.604,2.615,2.5755,2.5755,2.2721,31479891
2022-11-17,2.581,2.5895,2.503,2.5295,2.2315,79551039
2022-11-18,2.554,2.606,2.54,2.606,2.299,49927461
2022-11-21,2.59,2.6955,2.587,2.6885,2.3718,57469527
2022-11-22,2.69,2.7885,2.682,2.777,2.4499,83403953
2022-11-23,2.781,2.788,2.7365,2.774,2.4472,61680910
2022-11-24,2.77,2.812,2.7675,2.7855,2.4574,38377367
2022-11-25,2.7965,2.8375,2.781,2.8335,2.4997,45807488
2022-11-28,2.811,2.8465,2.7975,2.8025,2.4724,36573219
2022-11-29,2.81,2.852,2.7825,2.8355,2.5015,39139039
2022-11-30,2.8405,2.859,2.803,2.8505,2.5147,73967445
2022-12-01,2.863,2.88,2.8165,2.8165,2.4847,68639508
2022-12-02,2.809,2.823,2.776,2.8125,2.4812,37906359
2022-12-05,2.794,2.8315,2.79,2.8095,2.4785,26036859
2022-12-06,2.795,2.84,2.757,2.8115,2.4803,36188859
2022-12-07,2.8,2.832,2.7825,2.797,2.4675,35116207
2022-12-08,2.802,2.809,2.7725,2.7725,2.4459,26346949
2022-12-09,2.7865,2.795,2.7375,2.786,2.4578,33471371
2022-12-12,2.773,2.793,2.759,2.7735,2.4468,43851090
2022-12-13,2.7855,2.8385,2.764,2.7985,2.4688,51692871
2022-12-14,2.79,2.7935,2.746,2.765,2.4393,38047809
2022-12-15,2.7495,2.77,2.667,2.6965,2.3788,70233109
2022-12-16,2.6845,2.735,2.667,2.7235,2.4027,126657398
2022-12-19,2.73,2.735,2.705,2.717,2.3969,68175289
2022-12-20,2.699,2.827,2.687,2.8125,2.4812,53524168
2022-12-21,2.8255,2.8685,2.798,2.8485,2.5129,39502672
2022-12-22,2.836,2.863,2.807,2.8095,2.4785,47736047
2022-12-23,2.8175,2.8355,2.7825,2.795,2.4657,21811080
2022-12-27,2.81,2.836,2.802,2.815,2.4834,21064289
2022-12-28,2.806,2.819,2.792,2.798,2.4684,18502650
2022-12-29,2.781,2.8225,2.769,2.818,2.486,25760391
2022-12-30,2.801,2.8165,2.774,2.8025,2.4724,40266230
2023-01-02,2.824,2.86,2.8145,2.8495,2.5138,20066180
2023-01-03,2.838,2.886,2.812,2.857,2.5204,37585008
2023-01-04,2.879,2.9735,2.875,2.963,2.6139,53718754
2023-01-05,2.938,2.981,2.9125,2.974,2.6237,36143887
2023-01-06,2.99,3.0465,2.9855,3.0465,2.6876,40652594
2023-01-09,3.0235,3.0545,2.9875,3.0195,2.6638,50497039
2023-01-10,3.007,3.049,3.0045,3.036,2.6783,29099500
2023-01-11,3.0485,3.052,3.0085,3.0145,2.6594,37074871
2023-01-12,3.03,3.093,3.03,3.083,2.7198,40307000
2023-01-13,3.095,3.1685,3.0845,3.1365,2.767,55151422
2023-01-16,3.142,3.155,3.09,3.099,2.7339,25600311
2023-01-17,3.1,3.1265,3.079,3.1075,2.7414,53974238
2023-01-18,3.1065,3.1725,3.105,3.1345,2.7652,40911102
2023-01-19,3.101,3.1175,3.003,3.0475,2.6885,67405961
2023-01-20,3.084,3.102,3.055,3.097,2.7322,43524379
2023-01-23,3.096,3.1345,3.0875,3.0955,2.7308,30283260
2023-01-24,3.1,3.1135,3.0625,3.104,2.7383,30424520
2023-01-25,3.084,3.0985,3.0525,3.0935,2.7291,88130258
2023-01-26,3.11,3.194,3.1095,3.194,2.8177,61301359
2023-01-27,3.1955,3.21,3.1585,3.1715,2.7979,45943340
2023-01-30,3.168,3.208,3.1555,3.195,2.8186,29838240
2023-01-31,3.223,3.249,3.193,3.203,2.8257,43484199
2023-02-01,3.22,3.2965,3.2195,3.2485,2.8658,62977793
2023-02-02,3.3,3.4925,3.2795,3.4345,3.0299,143215297
2023-02-03,3.4235,3.537,3.402,3.4985,3.0864,99060492
2023-02-06,3.45,3.48,3.4295,3.4455,3.0396,36831770
2023-02-07,3.474,3.535,3.4635,3.52,3.1053,44017301
2023-02-08,3.54,3.57,3.505,3.5285,3.1128,38791129
2023-02-09,3.5415,3.561,3.502,3.502,3.0895,42555219
2023-02-10,3.5,3.519,3.425,3.4485,3.0423,41695551
2023-02-13,3.4505,3.4895,3.441,3.4805,3.0705,18550420
2023-02-14,3.496,3.518,3.466,3.5005,3.0881,25654900
2023-02-15,3.495,3.509,3.4545,3.471,3.0621,35424273
2023-02-16,3.498,3.5555,3.4945,3.554,3.1353,52748461
2023-02-17,3.5215,3.562,3.502,3.524,3.1089,61549809
2023-02-20,3.533,3.548,3.502,3.5105,3.0969,14591520
2023-02-21,3.505,3.545,3.446,3.523,3.108,38530648
2023-02-22,3.49,3.509,3.445,3.467,3.0586,29815789
2023-02-23,3.4825,3.532,3.472,3.52,3.1053,39896520
2023-02-24,3.523,3.568,3.48,3.48,3.07,57455121
2023-02-27,3.508,3.58,3.5015,3.5525,3.134,37749633
2023-02-28,3.55,3.7485,3.536,3.7225,3.284,82755727
2023-03-01,3.7345,3.7625,3.6815,3.69,3.2553,42073727
2023-03-02,3.67,3.693,3.615,3.6835,3.2496,41321527
2023-03-03,3.695,3.802,3.6855,3.797,3.3497,42550359
2023-03-06,3.8155,3.86,3.7955,3.858,3.4035,35508441
2023-03-07,3.8465,3.8725,3.7655,3.7655,3.3219,72287297
2023-03-08,3.7395,3.8545,3.71,3.819,3.3691,49753379
2023-03-09,3.8055,3.818,3.7685,3.7685,3.3246,29435721
2023-03-10,3.6,3.65,3.508,3.61,3.1847,93421859
2023-03-13,3.591,3.601,3.2845,3.3445,2.9505,118850000
2023-03-14,3.326,3.477,3.2925,3.4455,3.0396,80632141
2023-03-15,3.4665,3.4665,3.152,3.208,2.8301,115248492
2023-03-16,3.318,3.3745,3.197,3.2915,2.9037,117303203
2023-03-17,3.3165,3.3855,3.1045,3.1385,2.7688,178478797
2023-03-20,3.1025,3.262,2.942,3.2255,2.8455,118626898
2023-03-21,3.312,3.4085,3.2975,3.376,2.9783,67984797
2023-03-22,3.3955,3.5035,3.376,3.3835,2.9849,91684719
2023-03-23,3.346,3.39,3.31,3.3195,2.9284,39057141
2023-03-24,3.3,3.3125,3.1205,3.22,2.8407,91831320
2023-03-27,3.293,3.341,3.2515,3.29,2.9024,75137852
2023-03-28,3.3355,3.364,3.3005,3.3235,2.932,47098699
2023-03-29,3.359,3.3945,3.338,3.381,2.9827,38510422
2023-03-30,3.41,3.486,3.39,3.452,3.0453,49440727
2023-03-31,3.458,3.479,3.421,3.426,3.0224,49983230
2023-04-03,3.436,3.49,3.425,3.438,3.033,25741070
2023-04-04,3.4385,3.494,3.4385,3.446,3.04,36381191
2023-04-05,3.452,3.47,3.3825,3.418,3.0153,28138561
2023-04-06,3.45,3.524,3.43,3.524,3.1089,29051199
2023-04-11,3.545,3.56,3.42,3.424,3.0206,56671641
2023-04-12,3.45,3.5105,3.427,3.4825,3.0722,33658480
2023-04-13,3.4795,3.4995,3.4385,3.4795,3.0696,21320471
2023-04-14,3.4915,3.6105,3.4745,3.6105,3.1852,40044031
2023-04-17,3.632,3.633,3.531,3.5395,3.1225,44553980
2023-04-18,3.579,3.646,3.57,3.6,3.1759,224234797
2023-04-19,3.6035,3.641,3.581,3.6375,3.209,166346594
2023-04-20,3.669,3.7055,3.5655,3.5815,3.1596,66615062
2023-04-21,3.5545,3.5615,3.501,3.5445,3.1269,115103000
2023-04-24,3.528,3.566,3.5015,3.5415,3.1243,23195840
2023-04-25,3.471,3.471,3.314,3.33,2.9377,87322172
2023-04-26,3.282,3.319,3.2215,3.294,2.906,56672406
2023-04-27,3.283,3.3005,3.244,3.283,2.9495,55357008
2023-04-28,3.25,3.268,3.126,3.1865,2.8628,125390703
2023-05-02,3.1815,3.216,3.0935,3.104,2.7887,93482992
2023-05-03,3.1315,3.147,3.092,3.12,2.8031,141786797
2023-05-04,3.1055,3.1245,3.0385,3.057,2.7465,60982930
2023-05-05,3.07,3.164,3.062,3.149,2.8291,67348758
2023-05-08,3.1635,3.2075,3.1595,3.187,2.8633,16677301
2023-05-09,3.1715,3.206,3.147,3.185,2.8615,23043850
2023-05-10,3.212,3.2345,3.135,3.1435,2.8242,27350971
2023-05-11,3.154,3.168,3.083,3.139,2.8202,29663859
2023-05-12,3.1555,3.1805,3.139,3.1425,2.8233,23564539
2023-05-15,3.17,3.1775,3.1195,3.148,2.8282,17650160
2023-05-16,3.1175,3.174,3.1175,3.1395,2.8206,17437131
2023-05-17,3.11,3.158,3.102,3.158,2.8372,17768699
2023-05-18,3.1395,3.1965,3.1355,3.1755,2.8529,24923289
2023-05-19,3.1985,3.24,3.173,3.2,2.875,54179281
2023-05-22,3.182,3.2475,3.1785,3.2295,2.9015,20330420
2023-05-23,3.229,3.233,3.201,3.225,2.8974,15538890
2023-05-24,3.193,3.202,3.128,3.1415,2.8224,24533670
2023-05-25,3.132,3.1705,3.0865,3.155,2.8345,35511660
2023-05-26,3.1665,3.199,3.0865,3.197,2.8723,22852650
2023-05-29,3.235,3.237,3.123,3.1425,2.8233,13799200
2023-05-30,3.14,3.18,3.0955,3.1105,2.7945,28045971
2023-05-31,3.08,3.14,3.0405,3.045,2.7357,69180570
2023-06-01,3.0845,3.125,3.071,3.1145,2.7981,23998490
2023-06-02,3.14,3.2205,3.118,3.21,2.8839,26818500
2023-06-05,3.2295,3.25,3.162,3.183,2.8597,22412350
2023-06-06,3.1735,3.211,3.1425,3.209,2.883,20810141
2023-06-07,3.225,3.245,3.1725,3.211,2.8848,17772400
2023-06-08,3.2355,3.27,3.2005,3.227,2.8992,22981420
2023-06-09,3.23,3.2365,3.168,3.2015,2.8763,17889211
2023-06-12,3.213,3.233,3.162,3.189,2.8651,41438488
2023-06-13,3.2,3.206,3.145,3.192,2.8678,26021971
2023-06-14,3.192,3.281,3.19,3.25,2.9199,36036910
2023-06-15,3.2205,3.222,3.182,3.194,2.8696,38630512
2023-06-16,3.21,3.255,3.183,3.2205,2.8934,112135602
2023-06-19,3.2,3.256,3.196,3.212,2.8857,17185760
2023-06-20,3.205,3.2205,3.186,3.193,2.8687,20753359
2023-06-21,3.1965,3.2365,3.193,3.204,2.8786,20967490
2023-06-22,3.17,3.17,3.104,3.156,2.8354,26456609
2023-06-23,3.123,3.137,3.0655,3.066,2.7546,46016328
2023-06-26,3.065,3.098,3.0065,3.0835,2.7703,26657461
2023-06-27,3.11,3.2015,3.11,3.1955,2.8709,35283047
2023-06-28,3.21,3.31,3.205,3.31,2.9738,55703621
2023-06-29,3.32,3.349,3.3015,3.3415,3.0021,34889160
2023-06-30,3.37,3.441,3.367,3.385,3.0412,64611008
2023-07-03,3.3945,3.445,3.3865,3.44,3.0906,37876281
2023-07-04,3.4495,3.47,3.372,3.3805,3.0371,23349850
2023-07-05,3.35,3.3715,3.33,3.3475,3.0075,24988930
2023-07-06,3.311,3.3195,3.2265,3.2445,2.9149,28791131
2023-07-07,3.2445,3.2835,3.2175,3.264,2.9325,21310699
2023-07-10,3.2505,3.307,3.2505,3.276,2.9432,16123070
2023-07-11,3.29,3.338,3.2615,3.3345,2.9958,17722000
2023-07-12,3.3425,3.4735,3.3425,3.4735,3.1207,57887641
2023-07-13,3.46,3.5175,3.433,3.4905,3.136,36329273
2023-07-14,3.49,3.534,3.456,3.4605,3.109,28331699
2023-07-17,3.4385,3.5,3.4205,3.4485,3.0982,15777790
2023-07-18,3.464,3.514,3.432,3.51,3.1535,17919381
2023-07-19,3.53,3.551,3.464,3.498,3.1427,17841789
2023-07-20,3.4885,3.5415,3.486,3.525,3.1669,22612680
2023-07-21,3.526,3.5475,3.473,3.5285,3.1701,28121500
2023-07-24,3.43,3.52,3.4115,3.52,3.1625,22717430
2023-07-25,3.53,3.547,3.51,3.538,3.1786,17151029
2023-07-26,3.538,3.655,3.513,3.649,3.2784,68036289
2023-07-27,3.655,3.719,3.615,3.708,3.3314,75696609
2023-07-28,3.6925,3.742,3.6525,3.6775,3.304,42564953
2023-07-31,3.6865,3.708,3.675,3.6835,3.3093,24836670
2023-08-01,3.6785,3.698,3.588,3.599,3.2334,23019301
2023-08-02,3.542,3.584,3.505,3.5275,3.1692,50280180
2023-08-03,3.5095,3.5925,3.505,3.5855,3.2213,35372539
2023-08-04,3.604,3.62,3.57,3.6085,3.242,23142480
2023-08-07,3.5855,3.6345,3.56,3.621,3.2532,12039260
2023-08-08,3.5755,3.5785,3.461,3.523,3.1651,34504129
2023-08-09,3.593,3.6055,3.535,3.5495,3.189,18394570
2023-08-10,3.5745,3.6655,3.5685,3.6475,3.277,30943170
2023-08-11,3.639,3.6465,3.5825,3.5925,3.2276,15252200
2023-08-14,3.6095,3.632,3.5805,3.5965,3.2312,15050760
2023-08-15,3.599,3.6055,3.5405,3.567,3.2047,13039040
2023-08-16,3.553,3.5865,3.5415,3.5565,3.1952,11267910
2023-08-17,3.55,3.586,3.538,3.557,3.1957,21767270
2023-08-18,3.533,3.559,3.509,3.5515,3.1908,17990180
2023-08-21,3.5515,3.612,3.5485,3.561,3.1993,15213030
2023-08-22,3.595,3.619,3.571,3.5765,3.2132,17274500
2023-08-23,3.5725,3.603,3.5255,3.534,3.175,18015289
2023-08-24,3.5725,3.585,3.5235,3.536,3.1768,19636100
2023-08-25,3.544,3.589,3.53,3.538,3.1786,16246960
2023-08-28,3.569,3.644,3.553,3.6425,3.2725,23025070
2023-08-29,3.642,3.65,3.606,3.6315,3.2626,24326779
2023-08-30,3.65,3.6825,3.625,3.6285,3.2599,17713150
2023-08-31,3.6315,3.646,3.5935,3.602,3.2361,55210602
2023-09-01,3.606,3.616,3.5195,3.5195,3.162,29668910
2023-09-04,3.541,3.564,3.5015,3.515,3.158,17339930
2023-09-05,3.5035,3.532,3.4695,3.503,3.1472,21313711
2023-09-06,3.466,3.4775,3.3875,3.407,3.0609,32754570
2023-09-07,3.392,3.4175,3.352,3.376,3.0331,21694471
2023-09-08,3.388,3.4125,3.332,3.408,3.0618,23264619
2023-09-11,3.4385,3.46,3.395,3.434,3.0852,18335020
2023-09-12,3.446,3.4575,3.4235,3.446,3.096,49304859
2023-09-13,3.439,3.477,3.425,3.454,3.1032,19141869
2023-09-14,3.45,3.535,3.422,3.5255,3.1674,30199250
2023-09-15,3.55,3.5695,3.467,3.4915,3.1368,69443172
2023-09-18,3.48,3.503,3.4255,3.4455,3.0955,20251480
2023-09-19,3.4325,3.479,3.4325,3.464,3.1121,16094870
2023-09-20,3.49,3.542,3.463,3.523,3.1651,22134420
2023-09-21,3.49,3.513,3.451,3.5065,3.1503,34697500
2023-09-22,3.487,3.5195,3.464,3.482,3.1283,33356449
2023-09-25,3.46,3.5125,3.431,3.45,3.0996,26717689
2023-09-26,3.434,3.462,3.3965,3.4345,3.0856,28623830
2023-09-27,3.4425,3.515,3.435,3.4945,3.1395,22553180
2023-09-28,3.51,3.6525,3.5005,3.65,3.2792,53172102
2023-09-29,3.6315,3.662,3.6,3.6185,3.2509,42092008
2023-10-02,3.6205,3.66,3.5645,3.5725,3.2096,36166141
2023-10-03,3.555,3.6345,3.543,3.555,3.1939,30177141
2023-10-04,3.54,3.5475,3.478,3.5225,3.1647,36554008
2023-10-05,3.555,3.5735,3.4965,3.5505,3.1899,28117539
2023-10-06,3.5665,3.631,3.5595,3.6095,3.2429,23749010
2023-10-09,3.567,3.583,3.508,3.5125,3.1557,31893811
2023-10-10,3.55,3.628,3.54,3.607,3.2406,29429949
2023-10-11,3.5845,3.631,3.5735,3.6105,3.2438,27641320
2023-10-12,3.643,3.643,3.5695,3.587,3.2226,21367740
2023-10-13,3.57,3.584,3.494,3.513,3.1562,41393168
2023-10-16,3.54,3.591,3.501,3.576,3.2128,26856670
2023-10-17,3.566,3.5875,3.5305,3.572,3.2092,16215330
2023-10-18,3.557,3.572,3.511,3.511,3.1544,34988887
2023-10-19,3.51,3.524,3.471,3.5085,3.1521,31323279
2023-10-20,3.48,3.503,3.4515,3.4565,3.1054,65331121
2023-10-23,3.4635,3.4745,3.3875,3.4215,3.074,178180609
2023-10-24,3.441,3.4425,3.3525,3.3815,3.038,170601109
2023-10-25,3.4005,3.5015,3.345,3.461,3.1094,87290367
2023-10-26,3.44,3.52,3.4055,3.511,3.1544,32176650
2023-10-27,3.545,3.563,3.4575,3.481,3.1274,53188961
2023-10-30,3.5,3.5765,3.4715,3.5695,3.2069,33746207
2023-10-31,3.5055,3.544,3.4295,3.466,3.1862,55102770
2023-11-01,3.4885,3.5155,3.46,3.5005,3.218,41262473
2023-11-02,3.504,3.596,3.4955,3.585,3.2956,38701762
2023-11-03,3.5975,3.6105,3.56,3.5775,3.2887,47557941
2023-11-06,3.579,3.5895,3.5345,3.54,3.2543,50964312
2023-11-07,3.52,3.5585,3.488,3.521,3.2368,125085102
2023-11-08,3.519,3.5855,3.4875,3.5485,3.2621,35055000
2023-11-09,3.552,3.597,3.547,3.597,3.3067,24840840
2023-11-10,3.5905,3.6345,3.581,3.609,3.3177,42654160
2023-11-13,3.622,3.65,3.619,3.65,3.3554,26106160
2023-11-14,3.65,3.6945,3.6375,3.6835,3.3862,40106898
2023-11-15,3.689,3.7,3.656,3.67,3.3738,39357359
2023-11-16,3.6715,3.7295,3.6715,3.69,3.3922,34850699
2023-11-17,3.7,3.729,3.69,3.7235,3.423,65553992
2023-11-20,3.73,3.7675,3.726,3.734,3.4326,26621570
2023-11-21,3.7135,3.7275,3.691,3.726,3.4253,17098920
2023-11-22,3.7355,3.755,3.7175,3.7465,3.4441,27335631
2023-11-23,3.7405,3.766,3.7315,3.7605,3.457,19229820
2023-11-24,3.77,3.7765,3.756,3.768,3.4639,19542170
2023-11-27,3.756,3.7665,3.7085,3.7195,3.4193,29020609
2023-11-28,3.7065,3.7795,3.7065,3.7795,3.4744,31244590
2023-11-29,3.77,3.811,3.763,3.798,3.4914,44886078
2023-11-30,3.82,3.8395,3.7885,3.801,3.4942,65463680
2023-12-01,3.826,3.837,3.8075,3.837,3.5273,37058500
2023-12-04,3.825,3.85,3.808,3.848,3.5374,23421650
2023-12-05,3.846,3.9255,3.842,3.92,3.6036,40476391
2023-12-06,3.94,3.9695,3.914,3.9565,3.6372,35152180
2023-12-07,3.9405,3.9665,3.811,3.8655,3.5535,48801246
2023-12-08,3.8805,3.9495,3.86,3.94,3.622,29119779
2023-12-11,3.9285,3.95,3.913,3.941,3.6229,27041830
2023-12-12,3.944,3.9475,3.8715,3.8755,3.5627,52426441
2023-12-13,3.8585,3.88,3.822,3.838,3.5282,38266820
2023-12-14,3.89,3.898,3.828,3.884,3.5705,39510953
2023-12-15,3.9,3.9035,3.7815,3.7995,3.4928,84260469
2023-12-18,3.79,3.8245,3.764,3.788,3.4823,48120180
2023-12-19,3.777,3.7995,3.7605,3.7925,3.4864,25202641
2023-12-20,3.8,3.8125,3.7355,3.789,3.4832,27342461
2023-12-21,3.7875,3.808,3.759,3.793,3.4868,15816650
2023-12-22,3.7905,3.827,3.785,3.808,3.5006,20983221
2023-12-27,3.787,3.817,3.7595,3.81,3.5025,33514629
2023-12-28,3.814,3.8175,3.775,3.7875,3.4818,17505109
2023-12-29,3.7855,3.802,3.772,3.7795,3.4744,15848720
2024-01-02,3.79,3.89,3.7895,3.8535,3.5425,33031871
2024-01-03,3.87,3.88,3.789,3.7995,3.4928,25083119
2024-01-04,3.801,3.8825,3.801,3.88,3.5668,22951590
2024-01-05,3.859,3.9395,3.842,3.9125,3.5967,30772689
2024-01-08,3.9,3.94,3.8705,3.9295,3.6123,19616789
2024-01-09,3.9225,3.9225,3.857,3.8915,3.5774,24583750
2024-01-10,3.869,3.883,3.8345,3.849,3.5383,23406939
2024-01-11,3.88,3.88,3.793,3.793,3.4868,33271012
2024-01-12,3.8045,3.84,3.788,3.8015,3.4947,25541170
2024-01-15,3.813,3.827,3.76,3.76,3.4565,22313600
2024-01-16,3.74,3.744,3.6925,3.7145,3.4147,29660230
2024-01-17,3.68,3.69,3.648,3.6645,3.3687,29641881
2024-01-18,3.67,3.7235,3.635,3.7175,3.4174,44302281
2024-01-19,3.7305,3.7475,3.697,3.71,3.4105,23692051
2024-01-22,3.75,3.779,3.733,3.734,3.4326,25321080
2024-01-23,3.7375,3.75,3.666,3.6705,3.3742,24875230
2024-01-24,3.6705,3.7285,3.67,3.7285,3.4276,48095930
2024-01-25,3.692,3.709,3.63,3.63,3.337,41961441
2024-01-26,3.625,3.65,3.618,3.6475,3.3531,22439020
2024-01-29,3.645,3.6575,3.572,3.572,3.2837,40655398
2024-01-30,3.5755,3.6725,3.563,3.6595,3.3641,31334211
2024-01-31,3.7665,3.7735,3.665,3.7355,3.434,58510039
2024-02-01,3.76,3.87,3.709,3.74,3.4381,50660262
2024-02-02,3.7905,3.8835,3.751,3.8785,3.5654,39275391
2024-02-05,3.8345,3.837,3.641,3.6845,3.3871,93752336
2024-02-06,3.718,3.7595,3.7125,3.7475,3.445,48821512
2024-02-07,3.74,3.7725,3.665,3.676,3.3793,36785887
2024-02-08,3.708,3.7175,3.655,3.655,3.36,40960473
2024-02-09,3.65,3.7085,3.6425,3.675,3.3784,32868488
2024-02-12,3.707,3.7175,3.665,3.705,3.406,14760050
2024-02-13,3.7155,3.7225,3.6535,3.6615,3.366,23089240
2024-02-14,3.685,3.7325,3.6675,3.669,3.3729,26479689
2024-02-15,3.6945,3.6945,3.6215,3.6705,3.3742,28625430
2024-02-16,3.6945,3.724,3.6625,3.673,3.3765,39404359
2024-02-19,3.695,3.765,3.689,3.7375,3.4358,22695109
2024-02-20,3.736,3.8115,3.7295,3.8,3.4933,34155312
2024-02-21,3.8045,3.8485,3.782,3.8165,3.5085,24157789
2024-02-22,3.8375,3.8695,3.8205,3.839,3.5291,38545738
2024-02-23,3.8305,3.848,3.7915,3.8345,3.525,34570473
2024-02-26,3.8185,3.846,3.815,3.8205,3.5121,20432160
2024-02-27,3.81,3.836,3.7965,3.821,3.5126,25038320
2024-02-28,3.826,3.874,3.8195,3.859,3.5475,25918471
2024-02-29,3.8605,3.898,3.833,3.8455,3.5351,48265441
2024-03-01,3.8355,3.8765,3.8315,3.872,3.5595,28750039
2024-03-04,3.861,3.881,3.843,3.856,3.5448,17903221
2024-03-05,3.839,3.867,3.82,3.865,3.553,29385109
2024-03-06,3.869,3.9435,3.856,3.907,3.5916,35783289
2024-03-07,3.8935,3.996,3.892,3.9805,3.6592,43155488
2024-03-08,3.98,4.03,3.9775,3.9925,3.6702,40865301
2024-03-11,3.9555,3.9945,3.94,3.984,3.6624,33465828
2024-03-12,4.0,4.058,3.98,4.058,3.7305,43115527
2024-03-13,4.049,4.104,4.04,4.093,3.7626,36773168
2024-03-14,4.08,4.0915,4.03,4.0485,3.7217,41968152
2024-03-15,4.0275,4.123,4.0275,4.1175,3.7852,97759477
2024-03-18,4.107,4.146,4.093,4.1375,3.8035,23770100
2024-03-19,4.1465,4.189,4.136,4.189,3.8509,31350090
2024-03-20,4.1835,4.2005,4.136,4.19,3.8518,22869820
2024-03-21,4.21,4.28,4.201,4.278,3.9327,37780340
2024-03-22,4.27,4.414,4.2635,4.3665,4.0141,43880328
2024-03-25,4.3625,4.443,4.352,4.4135,4.0573,26822340
2024-03-26,4.4475,4.4745,4.43,4.46,4.1,33052980
2024-03-27,4.4665,4.523,4.452,4.503,4.1395,35662594
2024-03-28,4.512,4.568,4.5105,4.5215,4.1565,40553238
2024-04-02,4.5,4.5425,4.452,4.515,4.1506,30662529
2024-04-03,4.534,4.5995,4.505,4.5835,4.2135,24008910
2024-04-04,4.599,4.6885,4.587,4.6755,4.2981,72593852
2024-04-05,4.61,4.6325,4.5365,4.5865,4.2163,39166391
2024-04-08,4.59,4.643,4.5835,4.641,4.2664,20952881
2024-04-09,4.634,4.6455,4.5545,4.5655,4.197,23168520
2024-04-10,4.5795,4.614,4.5145,4.5765,4.2071,39018781
2024-04-11,4.5685,4.5885,4.4115,4.456,4.0963,39985301
2024-04-12,4.4975,4.52,4.4285,4.448,4.089,26386119
2024-04-15,4.4345,4.504,4.4215,4.4705,4.1097,28663199
2024-04-16,4.4,4.427,4.3535,4.357,4.0053,40191953
2024-04-17,4.37,4.4605,4.3675,4.418,4.0614,21777520
2024-04-18,4.4535,4.5445,4.42,4.5445,4.1777,34343551
2024-04-19,4.48,4.53,4.457,4.5115,4.1474,35562801
2024-04-22,4.57,4.6695,4.531,4.667,4.2903,43007199
2024-04-23,4.6985,4.7665,4.686,4.7475,4.3643,117593000
2024-04-24,4.77,4.797,4.75,4.7795,4.3937,34674770
2024-04-25,4.7905,4.8265,4.706,4.748,4.3648,31220699
2024-04-26,4.81,4.899,4.793,4.8505,4.459,41115320
2024-04-29,4.89,4.928,4.7285,4.7505,4.4543,45065848
2024-04-30,4.6555,4.736,4.5565,4.573,4.2879,57113633
2024-05-02,4.6065,4.62,4.541,4.5655,4.2808,34056512
2024-05-03,4.6,4.6,4.514,4.5305,4.248,26322551
2024-05-06,4.535,4.5765,4.5045,4.5705,4.2855,22359199
2024-05-07,4.5915,4.738,4.5915,4.728,4.4332,48974273
2024-05-08,4.733,4.7835,4.718,4.7715,4.474,37871500
2024-05-09,4.7695,4.796,4.7265,4.77,4.4726,19080949
2024-05-10,4.74,4.7745,4.721,4.7345,4.4393,20119221
2024-05-13,4.7265,4.764,4.7145,4.7555,4.459,15424740
2024-05-14,4.75,4.7675,4.6925,4.7525,4.4562,22075100
2024-05-15,4.7715,4.8365,4.758,4.812,4.512,36914160
2024-05-16,4.8185,4.845,4.797,4.8045,4.5049,19458539
2024-05-17,4.7755,4.8605,4.775,4.8605,4.5574,38432512
2024-05-20,4.861,4.888,4.8545,4.878,4.5739,15654660
2024-05-21,4.8385,4.86,4.7965,4.842,4.5401,24201529
2024-05-22,4.85,4.864,4.805,4.805,4.5054,19358471
2024-05-23,4.812,4.83,4.7685,4.7835,4.4852,18724170
2024-05-24,4.7355,4.768,4.7035,4.7525,4.4562,22271301
2024-05-27,4.766,4.7735,4.739,4.7595,4.4627,10289930
2024-05-28,4.76,4.784,4.732,4.7615,4.4646,16319260
2024-05-29,4.7455,4.7575,4.674,4.689,4.3966,19403430
2024-05-30,4.678,4.7965,4.671,4.788,4.4895,22511740
2024-05-31,4.8,4.8345,4.7765,4.8345,4.5331,60848566
2024-06-03,4.85,4.881,4.84,4.851,4.5485,20425570
2024-06-04,4.847,4.8695,4.6935,4.7405,4.4449,38848090
2024-06-05,4.7345,4.7525,4.6655,4.68,4.3882,23153070
2024-06-06,4.6945,4.765,4.656,4.7435,4.4477,23383619
2024-06-07,4.7445,4.774,4.7,4.734,4.4388,21559369
2024-06-10,4.74,4.7415,4.654,4.711,4.4173,30100580
2024-06-11,4.7455,4.7455,4.5615,4.6065,4.3193,33259051
2024-06-12,4.6385,4.668,4.6,4.6,4.3132,38895312
2024-06-13,4.5965,4.607,4.3785,4.401,4.1266,63479141
2024-06-14,4.421,4.437,4.3025,4.3785,4.1055,69445289
2024-06-17,4.399,4.426,4.337,4.41,4.135,29984320
2024-06-18,4.4535,4.4665,4.415,4.452,4.1744,22306289
2024-06-19,4.457,4.4875,4.4165,4.4515,4.1739,42981480
2024-06-20,4.4475,4.467,4.405,4.441,4.1641,23139520
2024-06-21,4.442,4.443,4.282,4.335,4.0647,71329602
2024-06-24,4.3505,4.417,4.3385,4.409,4.1341,22877711
2024-06-25,4.4265,4.44,4.3515,4.3805,4.1074,27250840
2024-06-26,4.3955,4.407,4.32,4.3445,4.0736,19041971
2024-06-27,4.35,4.3515,4.3055,4.337,4.0666,23526699
2024-06-28,4.3575,4.368,4.296,4.3305,4.0605,23910250
2024-07-01,4.403,4.465,4.377,4.4475,4.1702,27889080
2024-07-02,4.419,4.43,4.277,4.3235,4.0539,25570180
2024-07-03,4.35,4.423,4.341,4.4185,4.143,19638320
2024-07-04,4.4405,4.5115,4.428,4.507,4.226,19993551
2024-07-05,4.5195,4.5275,4.4015,4.445,4.1679,18109240
2024-07-08,4.443,4.522,4.426,4.4475,4.1702,30856750
2024-07-09,4.428,4.447,4.368,4.3845,4.1111,21634609
2024-07-10,4.381,4.4975,4.372,4.4975,4.2171,22237359
2024-07-11,4.506,4.5205,4.4455,4.4625,4.1843,29489000
2024-07-12,4.4795,4.513,4.47,4.509,4.2279,14479400
2024-07-15,4.48,4.5015,4.429,4.451,4.1735,13905300
2024-07-16,4.43,4.4545,4.405,4.4405,4.1636,14108270
2024-07-17,4.441,4.4925,4.419,4.474,4.195,28366920
2024-07-18,4.4995,4.526,4.4685,4.488,4.2082,14271480
2024-07-19,4.4525,4.4725,4.412,4.4345,4.158,41562219
2024-07-22,4.467,4.5435,4.4435,4.531,4.2485,21811971
2024-07-23,4.5425,4.579,4.497,4.5665,4.2818,26402910
2024-07-24,4.6,4.7095,4.58,4.705,4.4116,46674352
2024-07-25,4.6405,4.6615,4.4675,4.554,4.2701,32425230
2024-07-26,4.539,4.565,4.502,4.53,4.2476,17581750
2024-07-29,4.5895,4.6105,4.453,4.468,4.1894,18668330
2024-07-30,4.453,4.524,4.451,4.512,4.2307,21201141
2024-07-31,4.523,4.526,4.4155,4.455,4.1772,28179580
2024-08-01,4.425,4.4365,4.246,4.2575,3.992,35705352
2024-08-02,4.1895,4.2205,4.0195,4.049,3.7965,55723059
2024-08-05,3.88,4.013,3.8,3.985,3.7365,47224738
2024-08-06,4.047,4.0575,3.9155,3.964,3.7168,27778461
2024-08-07,4.0295,4.123,3.9915,4.069,3.8153,31579279
2024-08-08,4.05,4.1015,3.991,4.065,3.8115,17126840
2024-08-09,4.0855,4.1285,4.0505,4.099,3.8434,14153430
2024-08-12,4.1275,4.1395,4.0665,4.089,3.834,17967600
2024-08-13,4.1055,4.1285,4.0815,4.113,3.8566,10586420
2024-08-14,4.1405,4.1455,4.0965,4.1,3.8444,11164360
2024-08-15,4.1275,4.2255,4.101,4.2245,3.9611,24178779
2024-08-16,4.224,4.251,4.2025,4.228,3.9644,13736750
2024-08-19,4.2435,4.292,4.23,4.285,4.0178,13477840
2024-08-20,4.291,4.296,4.2175,4.24,3.9756,13959100
2024-08-21,4.233,4.273,4.2165,4.2555,3.9902,11373250
2024-08-22,4.243,4.2855,4.227,4.2765,4.0099,15063670
2024-08-23,4.294,4.361,4.2845,4.3515,4.0802,15682390
2024-08-26,4.338,4.356,4.26,4.327,4.0572,12280520
2024-08-27,4.35,4.4665,4.3375,4.4365,4.1599,26203199
2024-08-28,4.46,4.485,4.4455,4.466,4.1875,26212689
2024-08-29,4.47,4.5335,4.4685,4.4885,4.2086,20355391
2024-08-30,4.4925,4.531,4.4755,4.496,4.2157,35134930
2024-09-02,4.4935,4.52,4.4385,4.4765,4.1974,15920350
2024-09-03,4.482,4.499,4.36,4.3715,4.0989,28906090
2024-09-04,4.28,4.399,4.2545,4.3545,4.083,20449141
2024-09-05,4.33,4.4665,4.327,4.3875,4.1139,15530570
2024-09-06,4.3565,4.425,4.2925,4.2925,4.0249,22177391
2024-09-09,4.331,4.3665,4.3105,4.342,4.0713,13219930
2024-09-10,4.34,4.384,4.23,4.2465,3.9817,35891273
2024-09-11,4.292,4.3265,4.2045,4.246,3.9813,20597430
2024-09-12,4.3145,4.3525,4.2695,4.3265,4.0567,19398650
2024-09-13,4.3145,4.4355,4.313,4.4055,4.1308,26341609
2024-09-16,4.389,4.4675,4.38,4.4405,4.1636,15776980
2024-09-17,4.45,4.5375,4.45,4.511,4.2297,25019279
2024-09-18,4.511,4.5455,4.5065,4.5085,4.2274,16487230
2024-09-19,4.5595,4.605,4.5435,4.6,4.3132,36203559
2024-09-20,4.58,4.6285,4.5585,4.5585,4.2743,68986281
2024-09-23,4.56,4.587,4.4685,4.4885,4.2086,21349240
2024-09-24,4.511,4.5785,4.511,4.554,4.2701,18440301
2024-09-25,4.511,4.5765,4.5055,4.5205,4.2386,18310090
2024-09-26,4.56,4.648,4.5585,4.6355,4.3465,24457930
2024-09-27,4.6195,4.6655,4.593,4.655,4.3648,24363820
2024-09-30,4.63,4.683,4.5915,4.6005,4.3137,24706609
2024-10-01,4.61,4.6195,4.3345,4.376,4.1032,39752121
2024-10-02,4.3685,4.4415,4.35,4.426,4.15,23790609
2024-10-03,4.415,4.445,4.3645,4.427,4.151,24403430
2024-10-04,4.44,4.5175,4.423,4.48,4.2007,27949670
2024-10-07,4.518,4.58,4.491,4.56,4.2757,26409699
2024-10-08,4.5255,4.577,4.502,4.562,4.2776,16510150
2024-10-09,4.55,4.556,4.4815,4.5345,4.2518,17006689
2024-10-10,4.5345,4.581,4.503,4.535,4.2522,18268801
2024-10-11,4.5305,4.5725,4.523,4.5725,4.2874,15532280
2024-10-14,4.566,4.606,4.5455,4.606,4.3188,14711150
2024-10-15,4.624,4.654,4.562,4.634,4.3451,22410699
2024-10-16,4.6,4.6495,4.5665,4.61,4.3226,22257100
2024-10-17,4.623,4.659,4.5815,4.5815,4.2958,21964680
2024-10-18,4.5835,4.67,4.548,4.64,4.3507,28831160
2024-10-21,4.6145,4.6405,4.58,4.58,4.2944,14542540
2024-10-22,4.6105,4.6235,4.5415,4.6155,4.3277,16545301
2024-10-23,4.6,4.6255,4.585,4.611,4.3235,16269800
2024-10-24,4.6115,4.6585,4.5635,4.5635,4.279,41544059
2024-10-25,4.6,4.649,4.5705,4.5755,4.2902,30275730
2024-10-28,4.614,4.635,4.566,4.6325,4.3437,22609301
2024-10-29,4.6495,4.6495,4.451,4.493,4.2129,61254219
2024-10-30,4.45,4.452,4.3625,4.41,4.2292,36229449
2024-10-31,4.387,4.5475,4.3665,4.492,4.3078,36675711
2024-11-01,4.4925,4.6385,4.4925,4.611,4.4219,30329051
2024-11-04,4.5905,4.6435,4.5785,4.6045,4.4157,27664680
2024-11-05,4.6095,4.6385,4.5895,4.6315,4.4416,23758289
2024-11-06,4.64,4.65,4.374,4.41,4.2292,76169477
2024-11-07,4.4705,4.553,4.433,4.5195,4.3342,50059090
2024-11-08,4.4755,4.4985,4.4,4.4345,4.2527,36743527
2024-11-11,4.4545,4.538,4.4535,4.527,4.3414,20691990
2024-11-12,4.4595,4.5085,4.4025,4.4025,4.222,31676971
2024-11-13,4.4,4.4405,4.3535,4.4035,4.2229,28409461
2024-11-14,4.4145,4.5235,4.4145,4.498,4.3136,34961078
2024-11-15,4.468,4.602,4.468,4.5765,4.3888,28520430
2024-11-18,4.56,4.624,4.555,4.62,4.4306,19982311
2024-11-19,4.624,4.638,4.465,4.5475,4.361,32313330
2024-11-20,4.58,4.609,4.474,4.506,4.3212,26536881
2024-11-21,4.512,4.5355,4.4525,4.5275,4.3418,20494090
2024-11-22,4.525,4.5435,4.3,4.368,4.1889,59333398
2024-11-25,4.4045,4.455,4.384,4.436,4.2541,41809367
2024-11-26,4.385,4.4295,4.3545,4.3915,4.2114,22521270
2024-11-27,4.375,4.3975,4.3255,4.3755,4.1961,26065520
2024-11-28,4.405,4.435,4.3685,4.374,4.1946,17784020
2024-11-29,4.3385,4.3935,4.285,4.3755,4.1961,36565379
2024-12-02,4.32,4.4285,4.32,4.3755,4.1961,22046381
2024-12-03,4.391,4.4655,4.387,4.439,4.257,20559971
2024-12-04,4.44,4.508,4.4395,4.475,4.2915,20614760
2024-12-05,4.466,4.6835,4.466,4.68,4.4881,43780367
2024-12-06,4.6525,4.6965,4.6245,4.643,4.4526,17445869
2024-12-09,4.66,4.682,4.624,4.6515,4.4608,18777949
2024-12-10,4.635,4.7,4.6315,4.6765,4.4847,21205520
2024-12-11,4.687,4.699,4.632,4.6375,4.4473,21982600
2024-12-12,4.666,4.705,4.646,4.662,4.4708,28622439
2024-12-13,4.6705,4.74,4.6585,4.683,4.491,19321119
2024-12-16,4.67,4.712,4.658,4.6715,4.4799,20451570
2024-12-17,4.663,4.6685,4.46,4.46,4.2771,38316633
2024-12-18,4.468,4.5455,4.437,4.5055,4.3207,30417439
2024-12-19,4.423,4.4335,4.326,4.3985,4.2181,41375488
2024-12-20,4.356,4.382,4.31,4.3565,4.1779,61113141
2024-12-23,4.3565,4.384,4.2975,4.3315,4.1539,34192152
2024-12-24,4.3575,4.3595,4.3205,4.321,4.1438,9456670
2024-12-27,4.29,4.388,4.2895,4.388,4.2081,18235949
2024-12-30,4.3445,4.4145,4.3405,4.3965,4.2162,19653250
2024-12-31,4.386,4.4645,4.386,4.4645,4.2814,12883590
2025-01-02,4.45,4.486,4.2555,4.403,4.2224,26406211
2025-01-03,4.4,4.42,4.3795,4.3985,4.2181,22697100
2025-01-06,4.43,4.55,4.4115,4.55,4.3634,23517359
2025-01-07,4.5285,4.606,4.466,4.594,4.4056,29365561
2025-01-08,4.5975,4.66,4.532,4.5695,4.3821,23072359
2025-01-09,4.52,4.578,4.5085,4.5695,4.3821,12361300
2025-01-10,4.58,4.6175,4.5375,4.5685,4.3812,22796760
2025-01-13,4.537,4.588,4.5035,4.588,4.3999,18003289
2025-01-14,4.63,4.744,4.6125,4.686,4.4938,32113170
2025-01-15,4.7065,4.7955,4.6735,4.7655,4.5701,31933070
2025-01-16,4.799,4.82,4.7495,4.7825,4.5864,26226289
2025-01-17,4.7995,4.838,4.757,4.7995,4.6027,27551811
2025-01-20,4.8225,4.91,4.822,4.895,4.6943,36915113
2025-01-21,4.8145,4.861,4.7655,4.7895,4.5931,23839971
2025-01-22,4.795,4.818,4.7145,4.738,4.5437,26032609
2025-01-23,4.736,4.863,4.73,4.854,4.655,17678760
2025-01-24,4.89,4.9165,4.863,4.8825,4.6823,20830240
2025-01-27,4.8265,4.918,4.817,4.902,4.701,20815289
2025-01-28,4.8825,4.937,4.857,4.914,4.7125,28761930
2025-01-29,4.94,5.009,4.9145,5.007,4.8017,34658781
2025-01-30,5.007,5.04,4.951,5.027,4.8209,24934650
2025-01-31,5.026,5.03,4.946,4.964,4.7604,19820551
2025-02-03,4.8045,4.897,4.769,4.8415,4.643,34812461
2025-02-04,4.882,5.0,4.831,4.9885,4.7839,25797811
2025-02-05,5.19,5.421,5.19,5.402,5.1805,110472602
2025-02-06,5.416,5.636,5.407,5.628,5.3972,66058383
2025-02-07,5.596,5.621,5.507,5.527,5.3004,41594770
2025-02-10,5.51,5.547,5.48,5.484,5.2591,27354939
2025-02-11,5.48,5.666,5.478,5.656,5.4241,39496930
2025-02-12,5.667,5.792,5.648,5.767,5.5305,43442699
2025-02-13,5.8,5.803,5.7,5.721,5.4864,29778779
2025-02-14,5.72,5.814,5.682,5.792,5.5545,41267762
2025-02-17,5.759,5.874,5.753,5.81,5.5718,22274510
2025-02-18,5.817,5.968,5.809,5.961,5.7166,40619859
2025-02-19,5.87,5.955,5.802,5.805,5.567,32059369
2025-02-20,5.8,5.918,5.779,5.819,5.5804,39413770
2025-02-21,5.8,5.892,5.784,5.884,5.6427,33934738
2025-02-24,5.9,6.0,5.876,5.955,5.7108,49202008
2025-02-25,5.92,6.135,5.92,6.045,5.7971,46846738
2025-02-26,6.075,6.234,6.07,6.232,5.9764,33375840
2025-02-27,6.2,6.268,6.154,6.198,5.9438,55538727
2025-02-28,6.162,6.23,6.08,6.222,5.9669,62012262
2025-03-03,6.179,6.34,6.12,6.297,6.0388,31959910
2025-03-04,6.17,6.203,5.887,5.916,5.6734,51349191
2025-03-05,6.127,6.224,6.093,6.16,5.9074,38879121
2025-03-06,6.261,6.354,6.171,6.311,6.0522,49171160
2025-03-07,6.16,6.304,6.151,6.223,5.9678,30070131
2025-03-10,6.241,6.28,5.913,5.951,5.707,45089754
2025-03-11,6.0,6.02,5.826,5.862,5.6216,40956367
2025-03-12,5.95,6.082,5.927,6.002,5.7559,32055439
2025-03-13,5.923,6.031,5.908,6.006,5.7597,26485061
2025-03-14,5.98,6.242,5.922,6.214,5.9592,37629090
2025-03-17,6.203,6.327,6.153,6.327,6.0676,35575441
2025-03-18,6.33,6.586,6.327,6.58,6.3102,57264699
2025-03-19,6.5,6.595,6.488,6.561,6.292,41123738
2025-03-20,6.555,6.579,6.313,6.4,6.1376,39847488
2025-03-21,6.337,6.476,6.281,6.44,6.1759,85083391
2025-03-24,6.5,6.61,6.49,6.502,6.2354,28398461
2025-03-25,6.509,6.628,6.505,6.619,6.3476,27078859
2025-03-26,6.629,6.661,6.502,6.502,6.2354,24367770
2025-03-27,6.401,6.535,6.302,6.452,6.1874,29719131
2025-03-28,6.372,6.43,6.277,6.318,6.0589,30079500
2025-03-31,6.243,6.25,6.104,6.196,5.9419,31557029
2025-04-01,6.234,6.373,6.193,6.323,6.0637,25457400
2025-04-02,6.282,6.364,6.255,6.352,6.0915,23452760
2025-04-03,6.14,6.182,5.99,6.022,5.7751,54228199
2025-04-04,5.901,5.92,5.346,5.494,5.2687,101126398
2025-04-07,4.645,5.52,4.645,5.243,5.028,120129102
2025-04-08,5.47,5.625,5.225,5.504,5.2783,61699320
2025-04-09,5.28,5.465,5.252,5.365,5.145,51576910
2025-04-10,6.372,6.372,5.662,5.662,5.4298,63358359
2025-04-11,5.674,5.708,5.51,5.588,5.3589,26583650
2025-04-14,5.783,5.829,5.695,5.798,5.5602,23820820
2025-04-15,5.825,6.035,5.815,6.006,5.7597,75252648
2025-04-16,5.973,6.025,5.911,6.025,5.7779,32781988
2025-04-17,6.01,6.027,5.913,5.942,5.6983,29403830
2025-04-22,5.966,6.075,5.947,6.053,5.8048,32702939
2025-04-23,6.162,6.337,6.16,6.32,6.0608,72827883
2025-04-24,6.294,6.322,6.2,6.254,5.9975,20987910
2025-04-25,6.306,6.416,6.286,6.416,6.1529,71501273
2025-04-28,6.43,6.563,6.408,6.535,6.267,30082500
2025-04-29,6.5,6.53,6.376,6.433,6.2748,28103859
2025-04-30,6.368,6.39,5.999,6.182,6.03,74223250
2025-05-02,6.257,6.337,6.212,6.337,6.1812,35852031
2025-05-05,6.4,6.428,6.32,6.384,6.227,22761180
2025-05-06,6.39,6.437,6.257,6.349,6.1929,20839211
2025-05-07,6.36,6.408,6.327,6.351,6.1948,50070551
2025-05-08,6.392,6.561,6.365,6.561,6.3997,67686578
2025-05-09,6.56,6.653,6.53,6.653,6.4894,36699020
2025-05-12,6.676,6.794,6.676,6.765,6.5987,32708250
2025-05-13,6.728,6.789,6.721,6.783,6.6162,23079650
2025-05-14,6.8,6.897,6.752,6.897,6.7274,43420301
2025-05-15,6.849,6.894,6.809,6.87,6.7011,22033609
2025-05-16,6.89,6.924,6.839,6.913,6.743,28800670
2025-05-19,6.9,6.994,6.877,6.943,6.7723,22724080
2025-05-20,6.953,7.095,6.87,7.044,6.8708,36140992
2025-05-21,7.04,7.15,7.012,7.036,6.863,26381189
2025-05-22,6.997,7.085,6.87,7.074,6.9001,25087430
2025-05-23,7.07,7.195,6.754,6.97,6.7986,44036168
2025-05-26,7.063,7.104,7.02,7.058,6.8845,29624699
2025-05-27,7.047,7.107,7.009,7.105,6.9303,27277301
2025-05-28,7.088,7.143,7.027,7.034,6.8611,25817500
2025-05-29,7.112,7.114,7.03,7.03,6.8571,17158150
2025-05-30,7.03,7.105,6.964,7.031,6.8581,53589199
2025-06-02,6.984,7.08,6.965,7.041,6.8679,22429660
2025-06-03,7.033,7.065,6.901,7.0,6.8279,23324150
2025-06-04,7.015,7.054,6.891,6.95,6.7791,17347490
2025-06-05,6.967,7.062,6.915,7.049,6.8757,18045881
2025-06-06,7.026,7.121,6.995,7.078,6.904,19460301
2025-06-09,7.044,7.094,7.028,7.083,6.9088,13797570
2025-06-10,7.043,7.065,6.94,6.94,6.7694,21806340
2025-06-11,6.955,7.021,6.916,6.962,6.7908,20917430
2025-06-12,6.9,7.032,6.874,6.999,6.8269,18918689
2025-06-13,6.851,6.891,6.808,6.859,6.6904,25213150
2025-06-16,6.893,7.128,6.893,7.128,6.9527,31554900
2025-06-17,7.075,7.081,6.875,6.937,6.7664,24132680
2025-06-18,6.89,6.964,6.862,6.962,6.7908,20808090
2025-06-19,6.923,6.94,6.79,6.795,6.6279,19429000
2025-06-20,6.82,6.976,6.82,6.915,6.745,47731887
2025-06-23,6.88,6.963,6.795,6.857,6.6884,19708250
2025-06-24,7.0,7.087,6.95,7.072,6.8981,27221580
2025-06-25,7.078,7.084,6.862,6.903,6.7333,19685859
2025-06-26,6.913,6.938,6.838,6.886,6.7167,18452689
2025-06-27,6.93,7.037,6.893,7.037,6.864,19736029
2025-06-30,7.037,7.053,6.918,7.027,6.8542,19668680
2025-07-01,7.031,7.069,6.935,6.965,6.7937,15620460
2025-07-02,7.05,7.197,7.009,7.12,6.9449,35840391
2025-07-03,7.14,7.248,7.063,7.248,7.0698,25504539
2025-07-04,7.199,7.246,7.068,7.129,6.9537,17153529
2025-07-07,7.12,7.299,7.117,7.299,7.1195,21436740
2025-07-08,7.3,7.393,7.282,7.375,7.1937,29736061
2025-07-09,7.393,7.55,7.387,7.55,7.3644,31053939
2025-07-10,7.529,7.541,7.341,7.341,7.1605,24243391
2025-07-11,7.314,7.33,7.167,7.212,7.0347,15897760
2025-07-14,7.113,7.249,7.106,7.231,7.0532,17880961
2025-07-15,7.28,7.3,7.087,7.144,6.9683,14346370
2025-07-16,7.13,7.252,7.13,7.172,6.9957,17207250
2025-07-17,7.222,7.292,7.207,7.29,7.1108,14577670
2025-07-18,7.27,7.322,7.234,7.254,7.0756,18027789
2025-07-21,7.232,7.297,7.174,7.284,7.1049,14225150
2025-07-22,7.243,7.279,7.144,7.228,7.0503,14243350
2025-07-23,7.3,7.39,7.264,7.383,7.2015,22774221
2025-07-24,7.47,7.593,7.454,7.577,7.3907,26668221
2025-07-25,7.534,7.616,7.503,7.593,7.4063,16256490
2025-07-28,7.665,7.724,7.545,7.552,7.3663,20133311
2025-07-29,7.606,7.804,7.593,7.717,7.5273,34090273
2025-07-30,7.637,7.694,7.48,7.694,7.5048,31293939
2025-07-31,7.696,7.75,7.511,7.536,7.3507,35725070
2025-08-01,7.409,7.471,7.164,7.195,7.0181,42996449
2025-08-04,7.291,7.487,7.259,7.48,7.2961,19684570
2025-08-05,7.5,7.538,7.365,7.491,7.3068,18763330
2025-08-06,7.54,7.608,7.489,7.608,7.4209,17078990
2025-08-07,7.636,7.776,7.622,7.775,7.5838,24457660
2025-08-08,7.793,7.955,7.778,7.955,7.7594,27106100
2025-08-11,7.96,8.0,7.811,8.0,7.8033,19951699
2025-08-12,8.0,8.064,7.95,8.015,7.8179,20424779
2025-08-13,8.029,8.148,8.029,8.136,7.936,22508971
2025-08-14,8.132,8.223,8.111,8.218,8.0159,20813070
2025-08-15,8.25,8.324,8.22,8.244,8.0413,18906971
2025-08-18,8.2,8.235,8.089,8.203,8.0013,15654910
2025-08-19,8.197,8.318,8.197,8.24,8.0374,17730641
2025-08-20,8.18,8.211,8.095,8.174,7.973,15291430
2025-08-21,8.184,8.257,8.125,8.257,8.054,15945760
2025-08-22,8.22,8.317,8.21,8.316,8.1115,15078080
2025-08-25,8.26,8.338,8.254,8.284,8.0803,10437390
2025-08-26,8.157,8.201,8.085,8.149,7.9486,36739898
2025-08-27,8.148,8.179,7.99,8.063,7.8647,20680090
2025-08-28,8.119,8.266,8.104,8.235,8.0325,19077369
2025-08-29,8.215,8.231,8.047,8.16,7.9594,21416439
2025-09-01,8.188,8.204,8.115,8.199,7.9974,10909240
2025-09-02,8.199,8.218,7.986,8.05,7.8521,18274250
2025-09-03,8.05,8.088,7.99,8.084,7.8852,14317070
2025-09-04,8.1,8.186,8.016,8.186,7.9847,20100619
2025-09-05,8.2,8.248,8.054,8.089,7.8901,18177770
2025-09-08,8.127,8.289,8.112,8.289,8.0852,20458359
2025-09-09,8.29,8.323,8.184,8.323,8.1184,17385520
2025-09-10,8.34,8.498,8.299,8.475,8.2666,29798859
2025-09-11,8.482,8.541,8.401,8.541,8.331,22913141
2025-09-12,8.532,8.538,8.378,8.49,8.2813,23412270
2025-09-15,8.535,8.632,8.514,8.61,8.3983,20760199
2025-09-16,8.563,8.593,8.403,8.403,8.1964,22644061
2025-09-17,8.422,8.458,8.371,8.391,8.1847,18510580
2025-09-18,8.521,8.58,8.427,8.531,8.3212,22787539
2025-09-19,8.589,8.734,8.541,8.654,8.4412,84165852
2025-09-22,8.651,8.689,8.505,8.551,8.3408,21978061
2025-09-23,8.6,8.702,8.551,8.687,8.4734,21782869
2025-09-24,8.665,8.794,8.571,8.738,8.5232,31264189
2025-09-25,8.727,8.754,8.65,8.709,8.4949,19752400
2025-09-26,8.75,8.88,8.72,8.85,8.6324,20914580
2025-09-29,8.863,8.876,8.747,8.747,8.5319,19780670
2025-09-30,8.767,8.882,8.751,8.874,8.6558,19908170
2025-10-01,8.83,8.912,8.718,8.821,8.6041,22854199
2025-10-02,8.86,8.873,8.662,8.662,8.449,23541199
2025-10-03,8.746,8.83,8.711,8.747,8.5319,15431940
2025-10-06,8.72,8.791,8.611,8.693,8.4793,17676631
2025-10-07,8.612,8.704,8.581,8.597,8.3856,19609471
2025-10-08,8.614,8.798,8.612,8.762,8.5466,19769881
2025-10-09,8.722,8.746,8.614,8.647,8.4344,14303070
2025-10-10,8.643,8.762,8.52,8.52,8.3105,19949699
2025-10-13,8.61,8.678,8.568,8.621,8.409,13336680
2025-10-14,8.538,8.559,8.432,8.522,8.3125,22539061
2025-10-15,8.566,8.635,8.483,8.483,8.2744,18250080
2025-10-16,8.486,8.579,8.42,8.579,8.3681,18745320
2025-10-17,8.18,8.412,8.1,8.291,8.0871,56588672
2025-10-20,8.45,8.509,8.374,8.44,8.2325,40501660
2025-10-21,8.478,8.501,8.365,8.365,8.1593,46461898
2025-10-22,8.365,8.473,8.344,8.389,8.1827,29811260
2025-10-23,8.411,8.474,8.363,8.394,8.1876,12318820
2025-10-24,8.43,8.468,8.31,8.371,8.1652,17105420
2025-10-27,8.42,8.55,8.41,8.511,8.3017,27482150
2025-10-28,8.5,8.643,8.479,8.607,8.3954,29850500
2025-10-29,8.607,8.988,8.552,8.98,8.7592,43247398
2025-10-30,8.958,8.958,8.605,8.75,8.6456,31127250
2025-10-31,8.791,8.854,8.72,8.826,8.7207,19642990
2025-11-03,8.78,8.933,8.76,8.847,8.7414,17179631
2025-11-04,8.746,8.806,8.625,8.806,8.7009,63755230
2025-11-05,8.69,8.877,8.686,8.877,8.7711,16308120
2025-11-06,8.88,8.985,8.84,8.943,8.8363,22007340
2025-11-07,8.985,9.002,8.81,8.849,8.7434,21927570
2025-11-10,9.0,9.174,8.969,9.174,9.0645,27254789
2025-11-11,9.157,9.314,9.155,9.309,9.1979,22609029
2025-11-12,9.315,9.597,9.315,9.564,9.4499,51788566
2025-11-13,9.55,9.599,9.532,9.55,9.436,23033221
2025-11-14,9.377,9.41,9.205,9.291,9.1801,22844840
2025-11-17,9.288,9.312,9.06,9.1,8.9914,18544250
2025-11-18,8.9,8.941,8.724,8.773,8.6683,34698059
2025-11-19,8.773,8.964,8.737,8.92,8.8135,23855529
2025-11-20,9.06,9.06,8.918,8.922,8.8155,19507211
2025-11-21,8.75,8.868,8.725,8.805,8.6999,25051750
2025-11-24,8.93,8.954,8.793,8.828,8.7226,55325922
2025-11-25,8.865,9.063,8.816,9.036,8.9282,22070529
2025-11-26,9.099,9.215,9.068,9.213,9.103,22532240
2025-11-27,9.19,9.291,9.16,9.241,9.1307,15386600
2025-11-28,9.241,9.277,9.195,9.243,9.1327,15926870
2025-12-01,9.235,9.297,9.177,9.295,9.1841,18374539
2025-12-02,9.33,9.482,9.313,9.431,9.3184,18035930
2025-12-03,9.477,9.5,9.302,9.316,9.2048,29612971
2025-12-04,9.431,9.482,9.327,9.482,9.3688,19478539
2025-12-05,9.53,9.632,9.456,9.46,9.3471,17962609
2025-12-08,9.42,9.49,9.281,9.49,9.3767,14742310
2025-12-09,9.48,9.572,9.468,9.524,9.4103,40283480
2025-12-10,9.493,9.615,9.474,9.601,9.4864,17007699
2025-12-11,9.606,9.819,9.55,9.778,9.6613,20495650
2025-12-12,9.851,9.896,9.631,9.632,9.517,20362131
2025-12-15,9.783,9.878,9.774,9.873,9.7552,20763039
2025-12-16,9.842,9.992,9.803,9.817,9.6998,28885721
2025-12-17,9.872,9.965,9.844,9.871,9.7532,23541619
2025-12-18,9.834,9.999,9.823,9.995,9.8757,25060801
2025-12-19,9.97,10.038,9.886,9.97,9.851,42222301
2025-12-22,9.964,10.038,9.917,9.939,9.8204,21241650
2025-12-23,9.95,10.026,9.845,10.002,9.8826,20022680
2025-12-24,9.923,10.022,9.923,9.989,9.8698,5100182
2025-12-29,9.96,10.036,9.95,9.966,9.8471,23050490
2025-12-30,9.94,10.156,9.932,10.126,10.0052,16870811
2025-12-31,10.036,10.104,10.03,10.07,9.9498,7146353
2026-01-02,10.05,10.256,10.004,10.252,10.1296,20908010
2026-01-05,10.28,10.368,10.132,10.326,10.2028,23942240
2026-01-06,10.346,10.486,10.244,10.31,10.187,17099619
2026-01-07,10.3,10.302,10.09,10.13,10.0091,19240551
2026-01-08,10.054,10.248,10.024,10.212,10.0901,15703230
2026-01-09,10.28,10.294,10.162,10.252,10.1296,17793500
2026-01-12,10.156,10.34,9.964,10.338,10.2146,25834420
2026-01-13,10.44,10.538,10.36,10.484,10.3589,24318789
2026-01-14,10.5,10.584,10.422,10.49,10.3648,24410439
2026-01-15,10.502,10.628,10.452,10.54,10.4142,17231650
2026-01-16,10.496,10.536,10.412,10.536,10.4103,20467580
2026-01-19,10.324,10.518,10.266,10.494,10.3688,18586500
2026-01-20,10.42,10.454,10.238,10.328,10.2047,17150119
2026-01-21,10.3,10.402,10.108,10.324,10.2008,20347930
2026-01-22,10.45,10.632,10.41,10.632,10.5051,21619711
2026-01-23,10.594,10.598,10.444,10.478,10.353,15161190
2026-01-26,10.5,10.7,10.486,10.654,10.5269,17158461
2026-01-27,10.72,10.806,10.674,10.788,10.6593,21999619
2026-01-28,10.846,10.846,10.512,10.598,10.4715,19537961
2026-01-29,10.69,10.83,10.58,10.626,10.4992,21196109
2026-01-30,10.73,10.858,10.658,10.78,10.6513,21359561
2026-02-02,10.65,11.048,10.622,11.048,10.9161,26011840
2026-02-03,11.122,11.26,11.034,11.086,10.9537,26072199
2026-02-04,10.62,10.908,10.53,10.7,10.5723,58519859
2026-02-05,10.668,10.78,10.424,10.466,10.3411,39014328
2026-02-06,10.44,10.686,10.326,10.66,10.5328,28700010
2026-02-09,10.78,10.88,10.69,10.824,10.6948,25474910
2026-02-10,10.84,11.046,10.772,10.772,10.6434,39966930
2026-02-11,10.75,10.804,10.374,10.45,10.3253,28163020
2026-02-12,10.5,10.644,10.224,10.298,10.1751,28892570
2026-02-13,10.192,10.35,9.942,10.034,9.9143,54163633
2026-02-16,10.174,10.39,10.174,10.288,10.1652,22333680
2026-02-17,10.23,10.454,10.218,10.414,10.2897,21190590
2026-02-18,10.482,10.768,10.482,10.72,10.5921,27461699
2026-02-19,10.77,10.772,10.534,10.584,10.4577,27158510
2026-02-20,10.65,10.798,10.498,10.756,10.6276,37321980
2026-02-23,10.82,11.23,10.82,10.928,10.7976,33403949
2026-02-24,10.848,10.856,10.556,10.652,10.5249,33878969
2026-02-25,10.816,11.164,10.788,11.164,11.0308,42929566
2026-02-26,11.14,11.192,10.972,11.098,10.9656,25039131
2026-02-27,11.118,11.148,10.686,10.79,10.6612,53508121
2026-03-02,10.2,10.444,10.154,10.246,10.1237,47900070
2026-03-03,10.0,10.106,9.366,9.609,9.4943,90103633
2026-03-04,9.47,10.058,9.362,9.982,9.8629,52485090
2026-03-05,9.96,10.126,9.641,9.701,9.5852,35350727
2026-03-06,9.727,9.822,9.364,9.582,9.4676,42153160
2026-03-09,9.143,9.511,9.11,9.469,9.356,45888594
2026-03-10,9.9,10.086,9.837,10.012,9.8925,39487672
2026-03-11,9.859,10.046,9.761,9.853,9.7354,26668820
2026-03-12,9.797,9.804,9.48,9.647,9.5319,30309449
2026-03-13,9.458,9.781,9.387,9.536,9.4222,24953480
2026-03-16,9.495,9.637,9.325,9.509,9.3955,22326600
2026-03-17,9.473,9.719,9.407,9.594,9.4795,28842961
2026-03-18,9.7,9.806,9.543,9.678,9.5625,38499719
2026-03-19,9.5,9.54,9.242,9.35,9.2384,64261809
2026-03-20,9.534,9.63,9.165,9.245,9.1347,86797000
2026-03-23,9.006,9.911,8.938,9.619,9.5042,53626141
2026-03-24,9.603,9.621,9.33,9.475,9.3619,30725100
2026-03-25,9.701,9.788,9.601,9.705,9.5892,24396699
2026-03-26,9.647,9.656,9.449,9.471,9.358,22131000
2026-03-27,9.55,9.55,9.32,9.402,9.2898,35410047
2026-03-30,9.321,9.496,9.299,9.49,9.3767,38783219
2026-03-31,9.473,9.679,9.473,9.49,9.3767,39458793
2026-04-01,9.962,10.024,9.848,9.987,9.8678,37066199
2026-04-02,9.724,9.875,9.563,9.814,9.6969,26912850
2026-04-07,9.951,10.04,9.678,9.721,9.605,26442730
2026-04-08,10.6,10.622,10.318,10.46,10.3352,52250441
2026-04-09,10.478,10.482,10.276,10.348,10.2245,29140410
2026-04-10,10.42,10.59,10.322,10.516,10.3905,25520410
2026-04-13,10.32,10.408,10.258,10.35,10.2265,22654211
2026-04-14,10.538,10.696,10.48,10.696,10.5684,23468939
2026-04-15,10.684,10.706,10.558,10.652,10.5249,16085430
2026-04-16,10.69,10.702,10.526,10.526,10.4004,33443891
2026-04-17,10.526,11.07,10.504,11.042,10.9102,45899633
2026-04-20,10.822,10.878,10.68,10.756,10.6276,29278520
2026-04-21,10.812,10.852,10.606,10.634,10.5071,17877789
2026-04-22,10.7,10.72,10.512,10.55,10.4241,27227631
2026-04-23,10.474,10.474,10.184,10.326,10.2028,33759992
2026-04-24,10.194,10.288,10.082,10.198,10.0763,29838430
2026-04-27,10.208,10.378,10.19,10.276,10.1534,11856290
2026-04-28,10.32,10.444,10.294,10.366,10.2423,15612220
2026-04-29,10.474,10.542,10.322,10.474,10.349,22757090
2026-04-30,10.134,10.38,10.052,10.38,10.38,57411540
2026-05-04,10.398,10.42,9.944,9.979,9.979,24921275
2026-05-05,9.973,10.174,9.88,10.172,10.172,16752919
2026-05-06,10.358,10.794,10.32,10.588,10.588,32009188
2026-05-07,10.664,10.72,10.55,10.58,10.58,18135928
2026-05-08,10.474,10.562,10.356,10.466,10.466,16774521
2026-05-11,10.456,10.526,10.348,10.416,10.416,13487383
2026-05-12,10.23,10.304,10.174,10.2,10.2,24407620
2026-05-13,10.302,10.326,10.074,10.278,10.278,18045702
2026-05-14,10.326,10.33,10.156,10.246,10.246,21501914
2026-05-15,10.052,10.182,10.008,10.182,10.182,28207301
2026-05-18,10.05,10.29,10.006,10.186,10.186,16423504
2026-05-19,10.204,10.308,10.184,10.204,10.204,12651231
2026-05-20,10.17,10.632,10.144,10.622,10.622,23183940
2026-05-21,10.622,10.63,10.368,10.456,10.456,18480362
2026-05-22,10.53,10.572,10.398,10.428,10.428,22070135
2026-05-25,10.62,10.852,10.584,10.852,10.852,18834929
2026-05-26,10.808,10.84,10.678,10.678,10.678,18126430
2026-05-27,10.762,10.948,10.762,10.856,10.856,19701195
2026-05-28,10.762,10.808,10.614,10.674,10.674,18726366
2026-05-29,10.8,10.838,10.698,10.728,10.728,51679921
2026-06-01,10.744,10.786,10.524,10.656,10.656,21969453
2026-06-02,10.716,10.778,10.656,10.738,10.738,29278759
2026-06-03,10.676,10.754,10.578,10.578,10.578,28415851
2026-06-04,10.582,10.758,10.562,10.728,10.728,16719094
2026-06-05,10.71,10.878,10.648,10.674,10.674,16596607
2026-06-08,10.552,10.762,10.478,10.6,10.6,27391009
2026-06-09,10.636,10.812,10.482,10.482,10.482,21125128
2026-06-10,10.568,10.65,10.336,10.444,10.444,26749791
2026-06-11,10.5,10.62,10.442,10.472,10.472,17263685
2026-06-12,10.85,11.026,10.728,11.026,11.026,42213509
2026-06-15,11.3,11.496,11.262,11.452,11.452,42689029
2026-06-16,11.462,11.634,11.426,11.634,11.634,26319991
2026-06-17,11.672,11.908,11.568,11.896,11.896,39859954
2026-06-18,11.818,11.948,11.78,11.884,11.884,39028720
2026-06-19,11.812,11.99,11.802,11.802,11.802,67090839
2026-06-22,11.866,12.054,11.83,11.998,11.998,28199722
2026-06-23,12.014,12.05,11.828,11.93,11.93,20416193
2026-06-24,11.966,11.996,11.84,11.862,11.862,16728045
2026-06-25,11.86,11.916,11.718,11.916,11.916,18581521
2026-06-26,11.8,11.898,11.726,11.83,11.83,12534506
2026-06-29,11.85,11.93,11.77,11.918,11.918,13352578
2026-06-30,11.95,12.084,11.848,12.084,12.084,27903469
2026-07-01,12.028,12.12,11.912,12.116,12.116,19214677
2026-07-02,12.07,12.41,12.07,12.322,12.322,22570592
2026-07-03,12.35,12.456,12.314,12.418,12.418,15431171
2026-07-06,12.448,12.522,12.388,12.508,12.508,14277201
2026-07-07,12.55,12.594,12.434,12.482,12.482,15250761
2026-07-08,12.31,12.34,11.804,11.85,11.85,33116604
2026-07-09,12.01,12.11,12.0,12.046,12.046,21967267
2026-07-10,12.066,12.208,12.06,12.138,12.138,15578497
2026-07-13,12.062,12.184,11.972,12.01,12.01,15999040
2026-07-14,11.924,12.102,11.806,11.984,11.984,19578694
2026-07-15,11.926,12.036,11.782,11.968,11.968,17350687
2026-07-16,12.038,12.06,11.828,11.942,11.942,14815783
2026-07-17,11.78,11.868,11.658,11.814,11.814,22757171
2026-07-20,11.758,11.864,11.712,11.752,11.752,18241645
2026-07-21,11.792,11.906,11.742,11.906,11.906,21972062
2026-07-22,11.806,12.21,11.708,12.078,12.078,57380602
2026-07-23,12.082,12.196,11.576,11.612,11.612,28698468
2026-07-24,11.624,11.98,11.624,11.98,11.98,18957635
2026-07-27,12.16,12.4,12.13,12.256,12.256,31446220
2026-07-28,12.292,12.372,12.144,12.24,12.24,19456896
2026-07-29,12.276,12.302,11.928,11.952,11.952,17477839
2026-07-30,11.848,12.266,11.804,12.248,12.248,22365347
2026-07-31,12.206,12.45,12.206,12.318,12.318,23582699
2026-08-03,12.4,12.566,12.382,12.566,12.566,22423906
2026-08-04,12.59,12.696,12.55,12.642,12.642,17633486
2026-08-05,12.664,12.798,12.652,12.76,12.76,22240301
2026-08-06,12.8,13.032,12.792,12.864,12.864,22318737
2026-08-07,12.77,12.988,12.72,12.858,12.858,17862358
2026-08-10,12.796,12.886,12.73,12.852,12.852,13805232
2026-08-11,12.864,12.958,12.796,12.848,12.848,14448631
2026-08-12,12.852,12.996,12.826,12.912,12.912,16759655
2026-08-13,12.99,13.12,12.888,12.888,12.888,17330928
2026-08-14,12.912,12.938,12.782,12.898,12.898,14141571
2026-08-17,12.868,12.902,12.688,12.688,12.688,19028449
2026-08-18,12.684,12.716,12.418,12.454,12.454,23729074
2026-08-19,12.442,12.446,12.154,12.3,12.3,45189313
2026-08-20,12.21,12.322,12.18,12.226,12.226,15742817
2026-08-21,12.304,12.632,12.3,12.55,12.55,23081915
2026-08-24,12.52,12.744,12.518,12.702,12.702,17981521
2026-08-25,12.744,12.818,12.504,12.58,12.58,18639970
2026-08-26,12.7,12.778,12.62,12.71,12.71,10962004
2026-08-27,12.728,12.772,12.53,12.542,12.542,13934014
2026-08-28,12.654,12.738,12.606,12.712,12.712,11482493
2026-08-31,12.726,12.814,12.664,12.664,12.664,17600998
2026-09-01,12.618,12.67,12.424,12.584,12.584,16546888
2026-09-02,12.562,12.772,12.534,12.712,12.712,13863264
2026-09-03,12.764,12.904,12.72,12.902,12.902,17594279
2026-09-04,12.864,12.918,12.722,12.868,12.868,12394229
2026-09-07,12.87,12.904,12.796,12.886,12.886,8974973
2026-09-08,12.85,12.938,12.714,12.932,12.932,14479725
2026-09-09,12.8,12.82,12.444,12.696,12.696,26752210
2026-09-10,12.676,12.81,12.522,12.642,12.642,15405615
2026-09-11,12.756,12.894,12.7,12.886,12.886,18756703
2026-09-14,12.826,12.878,12.618,12.772,12.772,15778144
2026-09-15,12.698,12.798,12.55,12.666,12.666,20136293
2026-09-16,12.814,12.816,12.628,12.69,12.69,17865450
2026-09-17,12.7,12.98,12.7,12.952,12.952,21154863
2026-09-18,12.978,12.98,12.524,12.524,12.524,88605348
