date,open,high,low,close,adjusted_close,volume
2013-11-12,35.85,35.95,33.86,34.5,1.1781,26673940
2013-11-13,34.5,34.63,34.03,34.3,1.1713,8721580
2013-11-14,33.85,33.9,33.5,33.89,1.1573,3152920
2013-11-15,33.6,34.15,33.6,34.1,1.1645,987710
2013-11-18,34.12,34.48,34.05,34.4,1.1747,909020
2013-11-19,34.4,34.69,34.4,34.45,1.1764,935570
2013-11-20,34.5,34.65,34.5,34.55,1.1799,935950
2013-11-21,34.56,34.63,34.45,34.5,1.1781,199160
2013-11-22,34.6,34.78,34.5,34.65,1.1833,715630
2013-11-25,34.65,34.85,34.65,34.76,1.187,2781350
2013-11-26,34.78,35.1,34.7,35.1,1.1986,4059510
2013-11-27,35.1,35.72,35.0,35.6,1.2157,3798960
2013-11-28,35.6,35.72,35.5,35.59,1.2154,200290
2013-11-29,35.56,35.56,35.15,35.5,1.2123,369440
2013-12-02,35.5,35.51,35.3,35.5,1.2123,991980
2013-12-03,35.5,35.5,35.01,35.4,1.2089,539430
2013-12-04,35.25,35.35,34.9,35.25,1.2038,1114810
2013-12-05,35.15,35.39,35.0,35.02,1.1959,388540
2013-12-06,35.2,35.2,35.0,35.1,1.1986,353190
2013-12-09,35.03,35.2,35.0,35.18,1.2014,464900
2013-12-10,35.0,35.02,34.75,34.88,1.1911,832720
2013-12-11,34.95,34.95,34.6,34.6,1.1816,919040
2013-12-12,34.93,34.93,34.5,34.5,1.1781,3094370
2013-12-13,34.5,34.8,34.2,34.25,1.1696,646650
2013-12-16,34.25,34.9,33.9,34.0,1.1611,1430270
2013-12-17,34.05,34.2,33.6,33.79,1.1539,916470
2013-12-18,33.86,34.3,33.7,33.7,1.1508,172930
2013-12-19,34.0,34.0,33.7,33.83,1.1553,413060
2013-12-20,33.83,33.99,33.68,33.8,1.1542,532700
2013-12-23,33.99,33.99,33.86,33.93,1.1587,828870
2013-12-24,33.93,33.93,33.93,33.93,1.1587,0
2013-12-25,33.93,33.93,33.93,33.93,1.1587,0
2013-12-26,33.93,33.93,33.93,33.93,1.1587,0
2013-12-27,34.0,34.2,33.96,34.19,1.1676,1100150
2013-12-30,34.19,34.19,34.19,34.19,1.1676,0
2013-12-31,34.19,34.19,34.19,34.19,1.1676,0
2014-01-01,34.19,34.19,34.19,34.19,1.1676,0
2014-01-02,34.19,34.19,34.19,34.19,1.1676,0
2014-01-03,34.17,34.24,34.11,34.14,1.1659,2367600
2014-01-06,34.15,34.15,34.12,34.15,1.1662,519900
2014-01-07,34.15,34.2,34.13,34.15,1.1662,611240
2014-01-08,34.2,34.49,34.17,34.3,1.1713,1433460
2014-01-09,34.38,34.8,34.35,34.77,1.1874,943900
2014-01-10,34.8,35.0,34.5,34.65,1.1833,1747090
2014-01-13,34.6,34.75,34.39,34.39,1.1744,1038910
2014-01-14,34.33,34.4,33.95,33.95,1.1594,1312860
2014-01-15,34.25,34.27,33.93,33.97,1.16,389570
2014-01-16,33.98,34.11,33.84,33.9,1.1577,734550
2014-01-17,34.0,34.12,33.83,34.0,1.1611,859010
2014-01-20,34.0,34.2,33.96,34.19,1.1676,344470
2014-01-21,34.49,34.49,34.05,34.19,1.1676,279590
2014-01-22,34.31,34.44,33.98,34.0,1.1611,1201890
2014-01-23,34.0,34.1,33.97,34.1,1.1645,1072310
2014-01-24,34.1,34.1,33.83,33.9,1.1577,1109630
2014-01-27,33.86,33.86,33.65,33.68,1.1501,788350
2014-01-28,33.67,33.75,33.57,33.6,1.1474,1536110
2014-01-29,33.68,33.95,33.45,33.5,1.144,1440960
2014-01-30,33.45,33.45,33.29,33.4,1.1406,201940
2014-01-31,33.4,33.7,33.36,33.37,1.1396,419080
2014-02-03,33.37,33.49,33.04,33.05,1.1286,1639730
2014-02-04,33.02,33.02,32.9,32.95,1.1252,932300
2014-02-05,33.0,33.14,32.95,32.95,1.1252,364590
2014-02-06,32.98,33.15,32.98,33.09,1.13,458260
2014-02-07,33.1,33.13,33.06,33.09,1.13,576050
2014-02-10,33.05,33.1,32.89,32.9,1.1235,390570
2014-02-11,32.97,33.0,32.93,32.93,1.1245,613830
2014-02-12,32.99,33.2,32.98,33.2,1.1337,262850
2014-02-13,33.18,33.2,32.98,33.03,1.1279,198930
2014-02-14,33.05,33.1,32.97,33.01,1.1273,417180
2014-02-17,33.04,33.08,32.95,33.07,1.1293,333270
2014-02-18,33.09,33.5,33.0,33.5,1.144,980050
2014-02-19,33.7,33.7,33.2,33.2,1.1337,1804670
2014-02-20,33.35,33.37,33.04,33.1,1.1303,515040
2014-02-21,33.1,33.46,33.1,33.3,1.1372,423730
2014-02-24,33.54,33.85,33.34,33.76,1.1529,644780
2014-02-25,33.89,33.9,33.56,33.57,1.1464,234240
2014-02-26,33.78,33.78,32.81,32.81,1.1204,340860
2014-02-27,32.82,33.19,32.81,33.0,1.1269,231950
2014-02-28,33.5,33.51,33.17,33.4,1.1406,4969680
2014-03-03,33.0,33.16,32.15,32.5,1.1098,554120
2014-03-04,32.61,33.0,32.6,32.8,1.1201,309660
2014-03-05,32.94,33.13,32.94,33.06,1.129,272490
2014-03-06,33.14,33.7,33.14,33.5,1.144,161730
2014-03-07,33.59,33.59,33.0,33.25,1.1355,264050
2014-03-10,33.11,33.3,32.8,32.9,1.1235,383910
2014-03-11,33.0,33.28,32.91,33.0,1.1269,353190
2014-03-12,32.99,33.04,32.58,32.79,1.1197,224900
2014-03-13,32.7,32.94,32.55,32.79,1.1197,350500
2014-03-14,32.65,32.65,32.26,32.41,1.1068,175250
2014-03-17,32.75,33.5,32.6,33.5,1.144,535950
2014-03-18,33.45,33.55,33.3,33.4,1.1406,611350
2014-03-19,33.35,33.35,33.25,33.3,1.1372,251000
2014-03-20,33.25,33.44,32.94,33.44,1.1419,173000
2014-03-21,33.48,34.4,33.2,34.4,1.1747,563780
2014-03-24,33.4,34.4,33.1,33.18,1.1331,442980
2014-03-25,33.25,33.5,32.99,33.0,1.1269,235230
2014-03-26,33.2,33.49,33.0,33.49,1.1437,458400
2014-03-27,33.49,33.5,33.01,33.3,1.1372,169540
2014-03-28,33.45,33.45,33.1,33.16,1.1324,214640
2014-03-31,33.4,33.4,32.96,33.0,1.1269,352520
2014-04-01,33.1,33.25,33.07,33.22,1.1344,460100
2014-04-02,33.3,33.64,33.15,33.64,1.1488,276240
2014-04-03,33.63,33.69,33.46,33.69,1.1505,71910
2014-04-04,33.56,33.65,33.38,33.6,1.1474,110940
2014-04-07,33.6,33.98,33.6,33.98,1.1604,457460
2014-04-08,33.9,33.99,33.85,33.85,1.1559,557990
2014-04-09,33.92,33.92,33.65,33.65,1.1491,568940
2014-04-10,33.7,33.99,33.7,33.88,1.157,781630
2014-04-11,33.88,33.88,33.57,33.58,1.1467,139440
2014-04-14,33.5,33.65,33.3,33.46,1.1426,77190
2014-04-15,33.52,34.05,33.52,34.05,1.1628,532210
2014-04-16,34.1,34.3,34.0,34.3,1.1713,758000
2014-04-17,34.3,34.4,34.0,34.26,1.1699,804200
2014-04-18,34.15,34.34,34.1,34.34,1.1727,121680
2014-04-21,34.34,34.34,34.34,34.34,1.1727,0
2014-04-22,34.33,34.49,34.0,34.48,1.1775,426520
2014-04-23,34.35,34.8,34.35,34.7,1.185,1027570
2014-04-24,34.8,34.8,34.4,34.5,1.1781,607860
2014-04-25,34.41,34.5,34.2,34.36,1.1734,83740
2014-04-28,34.36,34.36,34.36,34.36,1.1734,0
2014-04-29,34.35,34.48,34.22,34.45,1.1764,1031010
2014-04-30,34.9,34.9,34.61,34.88,1.1911,488270
2014-05-01,34.88,34.88,34.88,34.88,1.1911,0
2014-05-02,34.64,34.88,34.63,34.88,1.1911,106950
2014-05-05,34.88,34.89,34.41,34.5,1.1781,136040
2014-05-06,34.6,34.7,34.5,34.55,1.1799,370040
2014-05-07,34.6,34.7,34.54,34.7,1.185,1014400
2014-05-08,34.71,34.8,34.51,34.8,1.1884,1001620
2014-05-09,34.84,34.94,34.7,34.89,1.1915,1323610
2014-05-12,34.81,34.95,34.81,34.83,1.1894,758600
2014-05-13,34.83,34.9,34.7,34.76,1.187,1034600
2014-05-14,32.8,33.02,32.8,33.0,1.2169,492660
2014-05-15,33.89,34.85,33.89,34.25,1.263,1781970
2014-05-16,34.35,34.5,34.25,34.25,1.263,698310
2014-05-19,34.24,34.24,34.05,34.08,1.2567,876830
2014-05-20,34.2,34.2,33.74,33.85,1.2482,1368850
2014-05-21,34.0,34.08,33.74,34.0,1.2538,490620
2014-05-22,34.1,34.17,34.0,34.1,1.2575,447790
2014-05-23,34.2,34.2,33.9,34.14,1.2589,372220
2014-05-26,34.1,34.15,33.85,34.0,1.2538,907350
2014-05-27,34.02,34.08,34.0,34.01,1.2541,304630
2014-05-28,34.05,34.08,33.95,34.07,1.2563,1813820
2014-05-29,34.0,35.3,34.0,35.19,1.2976,1409910
2014-05-30,35.29,35.9,35.16,35.9,1.3238,2101810
2014-06-02,35.52,35.8,35.52,35.53,1.3102,548590
2014-06-03,35.16,35.77,35.16,35.44,1.3069,229320
2014-06-04,35.21,35.79,35.2,35.73,1.3176,306930
2014-06-05,35.6,35.73,35.49,35.73,1.3176,471970
2014-06-06,35.62,35.83,35.58,35.7,1.3165,1241110
2014-06-09,35.7,35.7,35.7,35.7,1.3165,0
2014-06-10,35.75,35.75,35.52,35.72,1.3172,288840
2014-06-11,35.7,35.9,35.7,35.89,1.3235,825770
2014-06-12,35.85,36.0,35.7,36.0,1.3275,1195630
2014-06-13,35.71,35.89,35.71,35.75,1.3183,33010
2014-06-16,35.5,35.6,35.4,35.6,1.3128,182740
2014-06-17,35.0,35.0,34.1,34.1,1.2575,2425020
2014-06-18,34.22,34.66,34.1,34.5,1.2722,1467550
2014-06-19,34.4,34.5,33.9,34.01,1.2541,2183540
2014-06-20,34.02,34.45,34.01,34.15,1.2593,687590
2014-06-23,34.2,34.35,34.1,34.24,1.2626,325810
2014-06-24,34.22,34.3,34.0,34.0,1.2538,2034490
2014-06-25,34.05,34.05,33.93,33.98,1.253,1373070
2014-06-26,34.03,34.39,34.0,34.1,1.2575,494930
2014-06-27,34.4,34.4,34.02,34.05,1.2556,324430
2014-06-30,34.35,34.72,34.2,34.7,1.2796,3067010
2014-07-01,34.74,35.06,34.5,34.6,1.2759,712130
2014-07-02,34.7,34.85,34.59,34.7,1.2796,1083860
2014-07-03,34.65,34.8,34.61,34.61,1.2763,3863730
2014-07-04,34.8,34.8,34.51,34.58,1.2752,322600
2014-07-07,34.6,34.85,34.24,34.4,1.2685,103540
2014-07-08,34.34,34.5,34.15,34.23,1.2622,88120
2014-07-09,34.3,34.43,33.91,33.95,1.2519,461770
2014-07-10,33.95,33.99,33.32,33.48,1.2346,1045410
2014-07-11,33.5,33.98,33.5,33.6,1.239,406630
2014-07-14,33.92,33.92,33.51,33.59,1.2386,467540
2014-07-15,33.64,34.19,33.35,33.67,1.2416,1008140
2014-07-16,33.69,34.0,33.56,34.0,1.2538,1342990
2014-07-17,34.18,34.18,33.74,33.78,1.2457,748210
2014-07-18,33.78,34.18,33.63,34.0,1.2538,38240
2014-07-21,34.0,34.0,33.76,33.82,1.2471,105250
2014-07-22,34.0,34.0,33.75,33.85,1.2482,362290
2014-07-23,34.0,34.06,33.9,33.95,1.2519,1593120
2014-07-24,34.17,34.18,33.88,33.95,1.2519,661530
2014-07-25,34.18,34.3,33.98,34.2,1.2611,1899300
2014-07-28,34.15,34.19,33.8,33.8,1.2464,1252740
2014-07-29,33.93,34.09,33.88,33.95,1.2519,70150
2014-07-30,33.99,33.99,33.96,33.96,1.2523,89120
2014-07-31,33.89,33.99,33.87,33.9,1.2501,454260
2014-08-01,33.87,33.98,33.79,33.9,1.2501,993290
2014-08-04,33.99,34.3,33.79,34.2,1.2611,1274550
2014-08-05,34.29,34.29,34.1,34.18,1.2604,608120
2014-08-06,34.29,34.55,34.22,34.55,1.274,1341780
2014-08-07,34.4,34.54,34.35,34.54,1.2737,107300
2014-08-08,34.4,34.55,34.4,34.5,1.2722,106540
2014-08-11,34.54,34.84,34.45,34.8,1.2833,969820
2014-08-12,35.0,35.4,35.0,35.2,1.298,1181500
2014-08-13,35.23,35.48,35.23,35.25,1.2999,853290
2014-08-14,35.35,35.41,35.2,35.4,1.3054,419570
2014-08-15,35.4,35.4,35.4,35.4,1.3054,0
2014-08-18,35.31,35.87,35.31,35.8,1.3201,1751760
2014-08-19,35.86,36.1,35.75,35.98,1.3268,1998510
2014-08-20,35.98,36.2,35.95,36.2,1.3349,1409590
2014-08-21,36.2,36.36,36.1,36.36,1.3408,653680
2014-08-22,36.29,36.35,36.0,36.15,1.333,289340
2014-08-25,36.0,36.19,35.97,36.16,1.3334,183770
2014-08-26,36.15,36.2,35.98,36.0,1.3275,534740
2014-08-27,36.19,36.19,35.8,35.94,1.3253,344500
2014-08-28,36.3,36.3,36.04,36.14,1.3327,4021210
2014-08-29,36.0,36.38,36.0,36.3,1.3386,596070
2014-09-01,36.3,36.33,36.0,36.2,1.3349,135270
2014-09-02,36.25,36.26,35.49,35.51,1.3094,768450
2014-09-03,35.45,35.6,35.4,35.55,1.3109,321400
2014-09-04,35.78,36.18,35.78,36.0,1.3275,738540
2014-09-05,35.88,36.19,35.8,36.0,1.3275,426340
2014-09-08,36.09,36.09,35.8,35.85,1.322,43010
2014-09-09,35.85,36.19,35.85,36.0,1.3275,236530
2014-09-10,36.16,36.16,35.89,36.11,1.3316,1514390
2014-09-11,36.11,36.15,36.0,36.11,1.3316,713670
2014-09-12,36.15,36.15,36.0,36.08,1.3305,433920
2014-09-15,36.12,36.12,36.0,36.1,1.3312,239480
2014-09-16,36.1,36.1,36.1,36.1,1.3312,0
2014-09-17,36.4,36.48,36.2,36.37,1.3412,3077540
2014-09-18,36.4,36.48,36.3,36.33,1.3397,1081190
2014-09-19,36.48,36.48,36.2,36.2,1.3349,995720
2014-09-22,36.36,36.36,35.84,35.9,1.3238,756090
2014-09-23,36.1,36.1,35.45,35.55,1.3109,378460
2014-09-24,35.51,35.51,35.4,35.5,1.3091,250920
2014-09-25,35.51,36.19,35.48,35.7,1.3165,309490
2014-09-26,35.53,35.6,35.34,35.51,1.3094,61750
2014-09-29,35.99,35.99,35.45,35.61,1.3131,2126830
2014-09-30,35.65,36.0,35.58,36.0,1.3275,724930
2014-10-01,36.0,36.0,35.77,35.98,1.3268,360510
2014-10-02,35.92,35.92,35.59,35.59,1.3124,182120
2014-10-03,35.72,35.74,35.56,35.7,1.3165,73080
2014-10-06,35.99,35.99,35.6,35.6,1.3128,114750
2014-10-07,35.8,35.88,35.4,35.5,1.3091,704680
2014-10-08,35.41,35.41,34.98,34.99,1.2903,908020
2014-10-09,35.2,35.35,34.9,34.9,1.287,804140
2014-10-10,34.8,34.84,34.15,34.35,1.2667,877480
2014-10-13,34.28,34.45,34.1,34.4,1.2685,466430
2014-10-14,34.36,34.6,33.89,34.19,1.2608,568790
2014-10-15,34.2,34.59,33.79,33.79,1.246,386350
2014-10-16,34.0,34.0,32.61,32.71,1.2062,1263720
2014-10-17,32.8,33.65,32.8,33.25,1.2261,1338580
2014-10-20,33.95,33.95,32.93,32.95,1.215,432260
2014-10-21,33.42,34.14,33.2,33.5,1.2353,361540
2014-10-22,33.7,33.95,33.5,33.9,1.2501,891160
2014-10-23,33.84,34.9,33.8,34.89,1.2866,437830
2014-10-24,34.75,34.75,34.31,34.31,1.2652,595710
2014-10-27,34.64,34.65,34.0,34.12,1.2582,1278550
2014-10-28,34.5,34.5,34.29,34.35,1.2667,574170
2014-10-29,34.35,34.47,34.0,34.0,1.2538,248700
2014-10-30,34.0,34.0,33.71,33.8,1.2464,519500
2014-10-31,34.0,34.3,34.0,34.3,1.2648,1654100
2014-11-03,34.35,34.45,33.97,34.29,1.2645,1624870
2014-11-04,34.5,34.5,34.45,34.45,1.2704,2557430
2014-11-05,34.45,34.5,33.7,33.7,1.2427,809110
2014-11-06,33.89,34.2,33.89,33.93,1.2512,210340
2014-11-07,33.95,34.3,33.95,34.16,1.2597,1885490
2014-11-10,34.3,34.38,34.0,34.0,1.2538,132030
2014-11-11,34.25,34.25,33.97,33.98,1.253,469120
2014-11-12,33.97,34.1,33.96,34.0,1.2538,526540
2014-11-13,34.5,34.79,33.9,34.0,1.2538,1555130
2014-11-14,34.29,34.36,34.0,34.17,1.26,276300
2014-11-17,34.3,34.69,33.87,33.94,1.2516,557780
2014-11-18,33.95,34.05,33.93,33.95,1.2519,781770
2014-11-19,34.0,34.0,33.91,33.97,1.2527,259580
2014-11-20,33.97,33.97,33.97,33.97,1.2527,0
2014-11-21,33.85,34.0,33.85,33.98,1.253,458020
2014-11-24,34.0,34.29,34.0,34.0,1.2538,101950
2014-11-25,34.2,34.2,33.7,33.7,1.2427,267050
2014-11-26,33.9,34.14,33.25,33.4,1.2316,1479810
2014-11-27,33.45,33.9,33.3,33.7,1.2427,2510360
2014-11-28,33.85,34.0,33.7,34.0,1.2538,317080
2014-12-01,34.0,34.0,34.0,34.0,1.2538,0
2014-12-02,34.0,34.15,33.7,33.8,1.2464,3574330
2014-12-03,34.1,34.4,34.0,34.25,1.263,304960
2014-12-04,34.3,34.4,34.0,34.25,1.263,1660030
2014-12-05,34.45,34.65,34.17,34.55,1.274,1328760
2014-12-08,34.59,34.75,34.31,34.39,1.2681,251920
2014-12-09,34.4,34.4,34.0,34.2,1.2611,143700
2014-12-10,34.02,34.09,33.63,33.67,1.2416,414840
2014-12-11,34.07,34.07,33.11,33.41,1.232,1776720
2014-12-12,33.78,33.79,33.16,33.16,1.2228,526530
2014-12-15,33.25,33.5,33.03,33.03,1.218,651260
2014-12-16,33.1,33.2,32.91,33.15,1.2224,1905650
2014-12-17,33.25,33.25,32.82,32.9,1.2132,1131830
2014-12-18,32.99,33.5,32.99,33.31,1.2283,584700
2014-12-19,33.36,34.1,33.36,34.0,1.2538,575300
2014-12-22,34.09,34.3,33.73,34.3,1.2648,245930
2014-12-23,34.15,34.45,34.15,34.21,1.2615,262070
2014-12-24,34.21,34.21,34.21,34.21,1.2615,0
2014-12-25,34.21,34.21,34.21,34.21,1.2615,0
2014-12-26,34.21,34.21,34.21,34.21,1.2615,0
2014-12-29,34.4,34.5,34.16,34.34,1.2663,855870
2014-12-30,34.32,35.36,34.1,35.36,1.3039,545630
2014-12-31,35.36,35.36,35.36,35.36,1.3039,0
2015-01-01,35.36,35.36,35.36,35.36,1.3039,0
2015-01-02,35.36,35.36,35.36,35.36,1.3039,0
2015-01-05,35.0,35.18,34.6,34.75,1.2814,1241200
2015-01-06,34.42,34.71,34.32,34.71,1.2799,496140
2015-01-07,34.56,34.9,34.46,34.9,1.287,173340
2015-01-08,34.68,35.6,34.68,35.31,1.3021,2202650
2015-01-09,35.48,35.68,34.8,34.8,1.2833,316460
2015-01-12,35.3,35.3,34.7,34.99,1.2903,312400
2015-01-13,34.99,35.0,34.66,35.0,1.2906,277790
2015-01-14,34.67,35.0,34.66,34.98,1.2899,49940
2015-01-15,34.9,34.9,34.6,34.6,1.2759,73390
2015-01-16,34.92,34.92,34.62,34.85,1.2851,1523670
2015-01-19,34.96,35.0,34.9,34.91,1.2873,276510
2015-01-20,34.94,35.0,34.57,34.59,1.2755,376650
2015-01-21,34.83,34.87,34.6,34.7,1.2796,125080
2015-01-22,34.76,34.84,34.7,34.7,1.2796,882310
2015-01-23,34.7,34.8,34.67,34.7,1.2796,422350
2015-01-26,34.84,34.84,34.35,34.4,1.2685,97430
2015-01-27,34.56,34.56,34.02,34.02,1.2545,424550
2015-01-28,34.52,34.52,34.03,34.35,1.2667,10746810
2015-01-29,34.35,34.4,34.11,34.39,1.2681,66800
2015-01-30,34.4,34.5,34.1,34.5,1.2722,395230
2015-02-02,34.4,34.4,34.23,34.38,1.2678,79380
2015-02-03,34.5,34.5,34.25,34.3,1.2648,361830
2015-02-04,34.24,34.39,34.07,34.1,1.2575,547980
2015-02-05,34.2,34.2,34.01,34.05,1.2556,527230
2015-02-06,34.2,34.2,33.98,34.0,1.2538,619810
2015-02-09,34.0,34.0,33.51,33.7,1.2427,281980
2015-02-10,33.76,34.08,33.76,33.99,1.2534,564560
2015-02-11,34.2,34.2,33.9,33.94,1.2516,702660
2015-02-12,34.0,34.2,33.9,33.98,1.253,1029790
2015-02-13,34.0,34.24,33.95,34.0,1.2538,2147890
2015-02-16,34.0,34.25,33.59,33.75,1.2445,1392520
2015-02-17,33.8,33.99,33.65,33.76,1.2449,1430480
2015-02-18,33.95,34.2,33.8,34.01,1.2541,3508720
2015-02-19,34.5,34.6,33.7,33.7,1.2427,4034850
2015-02-20,33.77,33.95,33.62,33.91,1.2504,2559320
2015-02-23,34.0,34.02,33.7,34.0,1.2538,2799780
2015-02-24,34.0,34.18,33.88,34.05,1.2556,2124690
2015-02-25,34.05,34.2,33.85,34.2,1.2611,1796480
2015-02-26,34.1,34.19,33.85,33.88,1.2493,183800
2015-02-27,34.1,34.1,33.75,33.75,1.2445,1187430
2015-03-02,34.0,34.0,33.1,33.25,1.2261,2885920
2015-03-03,33.53,33.64,33.27,33.52,1.2361,538630
2015-03-04,33.8,33.8,33.55,33.6,1.239,301580
2015-03-05,33.52,33.74,33.44,33.65,1.2409,646780
2015-03-06,33.65,33.8,33.65,33.8,1.2464,121370
2015-03-09,33.72,33.89,33.63,33.71,1.2431,31300
2015-03-10,33.7,33.7,33.51,33.6,1.239,3635590
2015-03-11,33.6,33.65,33.57,33.63,1.2401,2798360
2015-03-12,33.68,33.68,33.28,33.28,1.2272,1045120
2015-03-13,33.48,33.5,33.15,33.15,1.2224,2439100
2015-03-16,33.22,33.5,33.14,33.2,1.2243,968660
2015-03-17,33.37,33.37,33.09,33.1,1.2206,1769850
2015-03-18,33.13,33.19,33.07,33.07,1.2195,1764890
2015-03-19,33.14,33.19,32.9,32.93,1.2143,2868940
2015-03-20,33.1,33.5,32.97,33.1,1.2206,2529610
2015-03-23,33.18,34.0,33.18,33.87,1.249,4050460
2015-03-24,33.87,33.89,33.7,33.77,1.2453,1951330
2015-03-25,33.84,34.15,33.81,34.1,1.2575,2425530
2015-03-26,34.15,34.25,34.0,34.2,1.2611,1407340
2015-03-27,34.29,34.66,34.25,34.66,1.2781,906600
2015-03-30,34.66,35.43,34.53,35.38,1.3047,1177940
2015-03-31,35.4,35.42,35.02,35.05,1.2925,5263030
2015-04-01,35.28,35.3,35.05,35.05,1.2925,237790
2015-04-02,35.2,35.26,35.14,35.18,1.2973,1905900
2015-04-03,35.2,35.2,34.16,34.6,1.2759,200430
2015-04-06,35.18,35.19,34.4,34.85,1.2851,150290
2015-04-07,34.79,35.1,34.61,35.1,1.2943,705800
2015-04-08,35.0,35.09,34.9,34.94,1.2884,619910
2015-04-09,34.95,35.0,34.9,35.0,1.2906,247250
2015-04-10,35.1,35.13,34.96,35.0,1.2906,1316250
2015-04-13,35.0,35.0,35.0,35.0,1.2906,0
2015-04-14,35.0,35.25,34.9,35.2,1.298,1380770
2015-04-15,35.22,35.22,34.93,34.95,1.2888,254770
2015-04-16,35.0,35.0,34.9,34.9,1.287,5786280
2015-04-17,35.0,35.0,34.75,34.8,1.2833,459310
2015-04-20,34.9,35.09,34.81,34.85,1.2851,885890
2015-04-21,34.94,34.94,34.5,34.65,1.2777,1222900
2015-04-22,34.69,34.8,34.5,34.67,1.2785,1191340
2015-04-23,34.8,34.94,34.75,34.85,1.2851,2628460
2015-04-24,34.98,35.35,34.82,35.35,1.3035,812030
2015-04-27,35.4,36.0,35.4,36.0,1.3275,1370840
2015-04-28,36.0,36.2,35.84,35.84,1.3216,658510
2015-04-29,36.0,36.0,35.69,35.69,1.3161,139410
2015-04-30,35.91,36.4,35.7,36.4,1.3423,1885550
2015-05-01,36.4,36.4,36.4,36.4,1.3423,0
2015-05-04,36.16,36.32,36.09,36.1,1.3312,273120
2015-05-05,36.27,36.3,36.15,36.27,1.3375,187170
2015-05-06,36.3,36.3,36.1,36.1,1.3312,1481150
2015-05-07,36.15,36.36,36.0,36.36,1.3408,156040
2015-05-08,36.36,36.36,36.2,36.3,1.3386,643540
2015-05-11,36.3,36.34,36.26,36.3,1.3386,1270890
2015-05-12,36.3,36.3,35.6,35.7,1.3165,836590
2015-05-13,35.75,35.95,35.3,35.49,1.3087,644680
2015-05-14,35.7,35.7,35.3,35.4,1.3054,320390
2015-05-15,35.29,35.4,35.1,35.1,1.2943,164420
2015-05-18,35.49,35.49,35.23,35.36,1.3039,48200
2015-05-19,35.36,35.5,35.3,35.3,1.3017,705450
2015-05-20,35.49,35.49,35.24,35.4,1.3054,142420
2015-05-21,35.44,35.44,35.3,35.31,1.3021,138420
2015-05-22,35.45,35.6,35.37,35.5,1.3091,324170
2015-05-25,35.7,35.7,35.47,35.61,1.3131,138240
2015-05-26,35.72,35.8,35.61,35.76,1.3187,48380
2015-05-27,35.61,35.77,35.57,35.76,1.3187,372080
2015-05-28,35.71,35.77,35.6,35.77,1.319,505580
2015-05-29,35.75,36.33,35.5,36.33,1.3397,1165350
2015-06-01,36.33,36.33,36.33,36.33,1.3397,0
2015-06-02,36.02,36.34,36.02,36.32,1.3393,1845440
2015-06-03,36.26,36.37,36.26,36.37,1.3412,2617200
2015-06-04,36.37,36.45,36.35,36.36,1.3408,1264620
2015-06-05,36.39,36.57,36.39,36.51,1.3463,1143130
2015-06-08,36.55,36.57,36.4,36.5,1.346,398540
2015-06-09,36.49,36.55,36.45,36.54,1.3474,1242380
2015-06-10,36.55,36.55,36.48,36.53,1.3471,186600
2015-06-11,36.54,36.54,36.5,36.5,1.346,306390
2015-06-12,36.5,36.5,36.2,36.26,1.3371,510670
2015-06-15,36.18,36.2,35.97,35.97,1.3264,118620
2015-06-16,36.0,36.13,35.52,35.65,1.3146,713590
2015-06-17,35.55,36.0,35.55,35.6,1.3128,548640
2015-06-18,35.65,35.9,35.35,35.35,1.3035,555700
2015-06-19,35.78,35.78,35.41,35.42,1.3061,206370
2015-06-22,35.87,36.08,35.61,35.8,1.3201,1211510
2015-06-23,36.15,36.25,36.12,36.17,1.3338,1332680
2015-06-24,36.15,36.31,36.15,36.23,1.336,409110
2015-06-25,36.2,36.3,36.13,36.19,1.3345,336480
2015-06-26,36.2,36.52,36.15,36.5,1.346,1867150
2015-06-29,35.8,36.38,35.38,36.19,1.3345,1166260
2015-06-30,36.17,36.44,36.16,36.4,1.3423,1507780
2015-07-01,36.22,36.55,36.22,36.55,1.3478,2069640
2015-07-02,36.5,36.65,36.38,36.45,1.3441,2930020
2015-07-03,33.79,33.84,33.5,33.71,1.2431,1096400
2015-07-06,33.5,33.7,33.46,33.55,1.2372,1269000
2015-07-07,33.8,33.8,33.45,33.45,1.2335,1647960
2015-07-08,33.54,33.54,33.24,33.3,1.228,1420720
2015-07-09,33.22,33.41,33.2,33.3,1.228,867490
2015-07-10,33.4,33.8,33.34,33.49,1.235,2420560
2015-07-13,33.4,33.7,33.4,33.7,1.2427,1826260
2015-07-14,33.79,33.8,33.68,33.75,1.2445,377590
2015-07-15,33.8,33.8,33.74,33.75,1.2445,945370
2015-07-16,33.8,34.6,33.8,34.5,1.2722,2169610
2015-07-17,34.5,34.9,34.4,34.9,1.287,1818980
2015-07-20,34.83,34.9,34.55,34.55,1.274,232330
2015-07-21,34.6,34.79,34.2,34.4,1.3958,83630
2015-07-22,34.45,34.45,34.03,34.03,1.3808,430320
2015-07-23,34.05,34.29,34.0,34.0,1.3795,202850
2015-07-24,34.19,34.19,33.7,33.88,1.3747,402480
2015-07-27,33.89,33.99,33.66,33.75,1.3694,995980
2015-07-28,33.86,33.99,33.82,33.9,1.3755,1012700
2015-07-29,34.01,34.45,34.0,34.16,1.386,278700
2015-07-30,34.3,34.48,34.25,34.39,1.3954,356940
2015-07-31,34.4,34.47,34.3,34.35,1.3937,388040
2015-08-03,34.23,34.34,34.18,34.2,1.3877,271590
2015-08-04,34.2,34.34,34.07,34.18,1.3868,1046520
2015-08-05,34.15,34.34,34.1,34.2,1.3877,632020
2015-08-06,34.21,34.45,34.21,34.35,1.3937,405510
2015-08-07,34.4,34.4,34.25,34.3,1.3917,258340
2015-08-10,34.35,34.35,34.15,34.35,1.3937,663760
2015-08-11,34.4,34.57,34.4,34.45,1.3978,1488200
2015-08-12,34.45,34.56,34.28,34.28,1.3909,2961510
2015-08-13,34.28,34.47,34.17,34.21,1.3881,806980
2015-08-14,34.15,34.3,33.49,33.5,1.3593,1987820
2015-08-17,33.66,33.67,33.02,33.02,1.3398,1304500
2015-08-18,33.15,33.7,32.51,32.65,1.3248,1917310
2015-08-19,32.92,32.95,32.7,32.84,1.3325,806660
2015-08-20,32.92,32.93,32.6,32.6,1.3227,567620
2015-08-21,32.6,32.69,32.3,32.69,1.3264,2573560
2015-08-24,31.99,31.99,30.0,30.45,1.2355,6816320
2015-08-25,30.2,31.75,29.03,31.3,1.27,5118280
2015-08-26,31.6,31.6,30.81,30.81,1.2501,459680
2015-08-27,30.81,31.6,30.81,31.44,1.2757,3205810
2015-08-28,31.5,31.55,31.29,31.3,1.27,550460
2015-08-31,31.4,31.45,31.21,31.3,1.27,323890
2015-09-01,31.3,31.3,31.3,31.3,1.27,0
2015-09-02,30.7,30.84,29.8,30.6,1.2416,2575780
2015-09-03,30.8,31.1,30.8,31.0,1.2578,1963950
2015-09-04,30.95,31.18,30.87,31.0,1.2578,44240
2015-09-07,31.18,31.18,30.84,30.9,1.2538,630100
2015-09-08,30.9,31.0,30.8,31.0,1.2578,228920
2015-09-09,31.01,31.4,30.84,30.99,1.2574,712640
2015-09-10,30.96,31.2,30.8,31.0,1.2578,1201400
2015-09-11,31.15,31.15,30.98,31.0,1.2578,393750
2015-09-14,30.8,30.83,30.6,30.7,1.2456,301930
2015-09-15,30.5,30.85,30.35,30.35,1.2314,1007090
2015-09-16,30.75,30.75,30.45,30.45,1.2355,315880
2015-09-17,30.75,30.75,30.25,30.38,1.2327,1367530
2015-09-18,30.73,30.9,30.3,30.35,1.2314,579160
2015-09-21,30.5,30.75,30.3,30.65,1.2436,205340
2015-09-22,30.6,30.6,30.2,30.4,1.2335,308990
2015-09-23,30.5,31.0,30.35,30.5,1.2375,849250
2015-09-24,30.9,30.9,30.25,30.4,1.2335,150590
2015-09-25,30.45,30.7,30.45,30.6,1.2416,547380
2015-09-28,30.6,30.65,30.4,30.4,1.2335,242530
2015-09-29,30.5,30.5,30.25,30.25,1.2274,195710
2015-09-30,30.3,30.45,30.0,30.0,1.2172,314820
2015-10-01,30.4,30.5,30.1,30.1,1.2213,744530
2015-10-02,30.3,30.4,30.1,30.25,1.2274,265350
2015-10-05,30.25,30.4,30.25,30.35,1.2314,522980
2015-10-06,30.3,30.4,30.05,30.15,1.2233,545680
2015-10-07,30.05,30.35,30.05,30.25,1.2274,1380210
2015-10-08,30.35,30.4,30.1,30.3,1.2294,154730
2015-10-09,30.3,30.6,30.25,30.5,1.2375,1326140
2015-10-12,30.6,30.7,30.1,30.6,1.2416,1093950
2015-10-13,30.65,30.65,30.3,30.45,1.2355,822990
2015-10-14,30.25,31.25,30.25,31.0,1.2578,4127530
2015-10-15,31.3,31.7,30.7,30.7,1.2456,988120
2015-10-16,31.0,31.35,30.25,30.3,1.2294,1074530
2015-10-19,30.7,30.7,30.35,30.45,1.2355,374250
2015-10-20,29.5,29.8,29.3,29.5,1.197,5252440
2015-10-21,29.8,29.85,29.5,29.6,1.201,1186570
2015-10-22,29.55,29.8,29.15,29.45,1.1949,2917610
2015-10-23,29.5,29.7,29.45,29.45,1.1949,4793820
2015-10-26,29.65,29.7,29.45,29.45,1.1949,984930
2015-10-27,29.55,29.55,29.3,29.3,1.1888,601850
2015-10-28,29.3,29.4,29.25,29.35,1.1909,256400
2015-10-29,29.4,29.45,29.35,29.35,1.1909,161370
2015-10-30,29.4,29.45,29.2,29.2,1.1848,2816020
2015-11-02,29.35,29.4,29.05,29.25,1.1868,609920
2015-11-03,29.3,29.6,29.1,29.3,1.1888,1007480
2015-11-04,29.35,29.5,29.15,29.25,1.1868,581710
2015-11-05,29.45,29.45,29.1,29.2,1.1848,560780
2015-11-06,29.2,29.3,29.15,29.2,1.1848,241670
2015-11-09,29.4,29.4,28.95,29.2,1.1848,1240110
2015-11-10,29.2,29.2,29.0,29.0,1.1767,351230
2015-11-11,29.0,29.15,29.0,29.0,1.1767,172430
2015-11-12,29.1,29.15,28.95,29.1,1.1807,1229660
2015-11-13,29.0,29.1,28.85,29.0,1.1767,677620
2015-11-16,29.0,29.05,27.9,27.95,1.1341,3696770
2015-11-17,28.0,28.35,27.95,28.2,1.1442,1430760
2015-11-18,28.4,28.4,27.85,28.05,1.1381,1874730
2015-11-19,28.1,28.6,28.05,28.6,1.1604,2156100
2015-11-20,28.65,28.95,28.55,28.75,1.1665,1091110
2015-11-23,28.9,29.2,28.9,29.1,1.1807,1146270
2015-11-24,29.2,29.2,28.9,29.1,1.1807,1116520
2015-11-25,29.2,29.25,29.1,29.2,1.1848,3057580
2015-11-26,29.1,29.2,28.8,28.9,1.1726,274900
2015-11-27,29.0,29.0,28.45,28.45,1.1544,911940
2015-11-30,28.45,28.45,28.45,28.45,1.1544,0
2015-12-01,28.45,28.45,28.45,28.45,1.1544,0
2015-12-02,28.7,28.95,27.7,27.7,1.1239,804190
2015-12-03,28.0,28.35,27.9,28.1,1.1402,1778890
2015-12-04,28.0,28.1,27.9,28.0,1.1361,240310
2015-12-07,28.2,28.2,27.9,27.95,1.1341,596910
2015-12-08,28.0,28.2,27.85,28.0,1.1361,289440
2015-12-09,28.0,28.0,27.8,27.8,1.128,313450
2015-12-10,27.8,27.9,27.75,27.8,1.128,170330
2015-12-11,27.85,27.85,27.25,27.6,1.1199,845260
2015-12-14,27.6,27.8,27.2,27.3,1.1077,694600
2015-12-15,27.3,27.4,27.0,27.0,1.0955,1007260
2015-12-16,27.05,27.25,26.35,26.4,1.0712,2178120
2015-12-17,26.5,26.8,26.35,26.35,1.0691,2359260
2015-12-18,26.4,26.5,25.8,26.3,1.0671,3163350
2015-12-21,26.5,26.5,26.35,26.5,1.0752,405140
2015-12-22,26.5,26.9,26.5,26.65,1.0813,821360
2015-12-23,26.7,26.95,26.65,26.9,1.0915,651910
2015-12-24,26.95,26.95,26.95,26.95,1.0935,0
2015-12-25,26.9,26.9,26.9,26.9,1.0915,0
2015-12-28,26.8,27.35,26.75,27.25,1.1057,2391690
2015-12-29,27.35,27.35,26.75,26.8,1.0874,780130
2015-12-30,26.75,27.2,26.6,27.2,1.1036,1352750
2015-12-31,27.0,27.0,27.0,27.0,1.0955,0
2016-01-01,27.2,27.2,27.2,27.2,1.1036,0
2016-01-04,27.15,27.15,26.6,26.7,1.0833,425670
2016-01-05,26.7,26.75,26.5,26.65,1.0813,651940
2016-01-06,26.65,26.65,26.5,26.55,1.0773,633310
2016-01-07,26.5,26.5,25.85,26.3,1.0671,1998220
2016-01-08,26.5,26.55,25.8,26.0,1.0549,1915030
2016-01-11,25.75,26.0,25.3,25.5,1.0347,2336980
2016-01-12,25.6,25.6,24.85,25.35,1.0286,2190920
2016-01-13,25.5,25.5,24.95,25.0,1.0144,1104690
2016-01-14,25.0,25.15,24.4,24.5,0.9941,1658650
2016-01-15,24.6,24.8,23.65,24.5,0.9941,2758900
2016-01-18,24.0,24.25,23.0,23.15,0.9393,1539640
2016-01-19,23.2,23.7,23.2,23.5,0.9535,627300
2016-01-20,23.4,23.4,22.1,22.3,0.9048,1208930
2016-01-21,22.3,23.4,22.25,23.4,0.9495,1130510
2016-01-22,24.0,24.75,23.7,24.2,0.9819,1010580
2016-01-25,24.45,24.6,23.7,23.85,0.9677,365150
2016-01-26,23.7,23.95,23.35,23.8,0.9657,2271520
2016-01-27,23.8,23.9,23.5,23.5,0.9535,212950
2016-01-28,23.55,24.0,23.55,23.75,0.9637,1344420
2016-01-29,23.85,24.2,23.7,23.7,0.9616,1127310
2016-02-01,23.95,23.95,23.7,23.85,0.9677,2052780
2016-02-02,23.85,24.15,23.8,24.0,0.9738,1406250
2016-02-03,23.95,24.1,23.85,23.95,0.9718,560560
2016-02-04,24.0,24.4,23.95,24.4,0.99,639270
2016-02-05,24.35,24.6,24.3,24.4,0.99,538560
2016-02-08,24.4,24.6,23.75,23.75,0.9637,626650
2016-02-09,23.75,23.9,23.45,23.55,0.9555,345430
2016-02-10,23.6,23.65,23.4,23.4,0.9495,365340
2016-02-11,23.8,23.9,23.1,23.15,0.9393,1012780
2016-02-12,23.2,23.35,23.15,23.35,0.9474,218740
2016-02-15,24.15,24.6,24.1,24.2,0.9819,347250
2016-02-16,24.4,24.4,23.35,23.6,0.9576,989600
2016-02-17,24.0,24.2,23.8,24.15,0.9799,419210
2016-02-18,24.3,24.4,24.1,24.4,0.99,868700
2016-02-19,24.4,25.45,24.4,25.2,1.0225,1305690
2016-02-22,25.25,25.6,25.2,25.5,1.0347,2084360
2016-02-23,25.5,25.6,25.3,25.5,1.0347,855360
2016-02-24,25.5,25.5,25.1,25.1,1.0184,207950
2016-02-25,25.4,25.95,25.1,25.9,1.0509,407680
2016-02-26,26.0,26.95,26.0,26.85,1.0894,1837170
2016-02-29,26.8,27.1,26.4,26.6,1.0793,2491990
2016-03-01,26.1,26.95,26.1,26.6,1.0793,314580
2016-03-02,27.15,27.25,26.85,26.9,1.0915,2657880
2016-03-03,27.1,27.15,26.8,26.85,1.0894,707660
2016-03-04,27.05,27.05,26.75,26.95,1.0935,743890
2016-03-07,26.9,27.1,26.75,26.85,1.0894,1005590
2016-03-08,26.85,27.0,26.75,26.9,1.0915,569020
2016-03-09,26.8,26.85,26.7,26.75,1.0854,632000
2016-03-10,26.75,26.95,26.7,26.8,1.0874,241540
2016-03-11,26.95,27.05,26.7,26.85,1.0894,410700
2016-03-14,27.05,27.05,26.9,26.9,1.0915,290430
2016-03-15,26.9,27.0,26.85,26.9,1.0915,211730
2016-03-16,26.85,26.9,26.8,26.85,1.0894,430360
2016-03-17,26.9,27.0,26.8,26.85,1.0894,899010
2016-03-18,26.85,27.0,26.75,27.0,1.0955,369580
2016-03-21,27.0,27.15,26.8,26.9,1.0915,580600
2016-03-22,27.05,27.1,26.85,27.0,1.0955,526820
2016-03-23,27.0,27.15,26.95,27.0,1.0955,458480
2016-03-24,27.2,27.2,26.95,27.15,1.1016,648710
2016-03-25,27.15,27.55,27.1,27.55,1.1178,431720
2016-03-28,27.3,27.5,27.3,27.5,1.1158,46330
2016-03-29,27.3,27.5,26.6,26.6,1.0793,1406380
2016-03-30,26.8,26.95,26.5,26.65,1.0813,671790
2016-03-31,26.8,27.1,26.55,26.95,1.0935,740890
2016-04-01,27.0,27.05,26.35,26.75,1.0854,298990
2016-04-04,26.9,27.0,26.6,26.7,1.0833,302860
2016-04-05,26.7,26.9,26.35,26.4,1.0712,268990
2016-04-06,26.8,26.8,26.45,26.65,1.0813,1132900
2016-04-07,26.7,27.05,26.7,27.0,1.0955,285220
2016-04-08,27.05,27.15,26.85,26.95,1.0935,248430
2016-04-11,27.05,27.05,26.75,26.75,1.0854,1220300
2016-04-12,26.7,27.0,26.7,26.8,1.0874,524690
2016-04-13,26.9,26.95,26.7,26.9,1.0915,928290
2016-04-14,26.95,26.95,26.8,26.9,1.0915,72880
2016-04-15,26.9,26.9,26.4,26.4,1.0712,1005110
2016-04-18,26.4,26.65,26.1,26.25,1.0651,811060
2016-04-19,26.4,26.4,26.05,26.05,1.057,333910
2016-04-20,25.0,25.45,24.6,24.85,1.0083,7787350
2016-04-21,24.8,24.95,24.5,24.6,0.9981,11038800
2016-04-22,24.6,25.0,24.4,24.6,0.9981,4441470
2016-04-25,24.8,25.0,24.8,24.9,1.0103,1377090
2016-04-26,24.9,24.95,24.8,24.8,1.0063,694320
2016-04-27,24.75,24.85,23.65,23.65,0.9596,8351910
2016-04-28,23.75,24.0,23.65,23.7,0.9616,2618310
2016-04-29,24.0,24.0,23.5,23.5,0.9535,1292240
2016-05-02,23.5,23.5,23.5,23.5,0.9535,0
2016-05-03,23.85,23.9,22.45,22.75,0.9231,3401120
2016-05-04,22.95,23.15,22.65,23.15,0.9393,1538700
2016-05-05,23.3,23.85,23.0,23.45,0.9515,1844410
2016-05-06,23.7,23.8,23.3,23.45,0.9515,1338270
2016-05-09,23.5,23.65,23.35,23.35,0.9474,586320
2016-05-10,23.5,23.5,23.25,23.25,0.9434,957080
2016-05-11,23.35,23.4,23.1,23.2,0.9413,779650
2016-05-12,23.25,23.3,23.05,23.15,0.9393,478170
2016-05-13,23.3,23.3,22.8,22.95,0.9312,489810
2016-05-16,22.95,23.0,22.55,22.6,0.917,347500
2016-05-17,22.75,22.75,22.35,22.35,0.9068,1161010
2016-05-18,22.4,22.4,21.9,22.1,0.8967,2674170
2016-05-19,22.05,22.05,21.5,21.6,0.8764,2476490
2016-05-20,21.6,21.85,21.5,21.75,0.8825,1734530
2016-05-23,21.9,22.0,21.7,22.0,0.8926,798170
2016-05-24,22.0,22.65,21.95,22.45,0.9109,1164680
2016-05-25,22.7,22.8,22.3,22.35,0.9068,752430
2016-05-26,22.5,22.7,22.4,22.55,0.915,2383640
2016-05-27,22.65,23.15,22.5,23.0,0.9332,976420
2016-05-30,23.2,23.7,23.0,23.7,0.9616,1117110
2016-05-31,23.75,23.95,23.65,23.95,0.9718,2040880
2016-06-01,23.95,23.95,23.65,23.85,0.9677,1392460
2016-06-02,23.85,24.1,23.8,23.9,0.9697,1991180
2016-06-03,24.0,24.45,24.0,24.35,0.988,2100410
2016-06-06,24.4,24.4,24.25,24.3,0.986,1381450
2016-06-07,24.35,24.7,24.25,24.65,1.0002,1326950
2016-06-08,24.65,24.9,24.4,24.8,1.0063,2969610
2016-06-09,24.95,25.0,24.1,24.25,0.9839,5126970
2016-06-10,24.4,24.6,24.05,24.15,0.9799,4572930
2016-06-13,24.05,24.4,23.9,24.3,0.986,419330
2016-06-14,24.45,24.55,24.05,24.5,0.9941,452020
2016-06-15,24.5,24.7,24.35,24.4,0.99,580590
2016-06-16,24.55,24.55,24.2,24.25,0.9839,820870
2016-06-17,24.3,24.4,24.25,24.3,0.986,1493700
2016-06-20,24.3,24.3,24.3,24.3,0.986,0
2016-06-21,24.5,24.9,24.4,24.4,0.99,2613140
2016-06-22,24.75,24.75,24.4,24.5,0.9941,2159770
2016-06-23,24.6,24.6,24.35,24.45,0.9921,2470500
2016-06-24,23.2,24.0,23.0,23.9,0.9697,3387080
2016-06-27,23.95,24.6,23.9,24.35,0.988,886080
2016-06-28,24.55,25.0,24.45,24.9,1.0103,2886240
2016-06-29,25.0,25.2,24.95,25.1,1.0184,1866950
2016-06-30,25.15,25.25,24.95,25.1,1.0184,4606930
2016-07-01,25.25,25.4,25.0,25.15,1.0205,3485980
2016-07-04,22.75,22.85,22.6,22.65,1.0295,2039510
2016-07-05,22.7,22.7,22.3,22.35,1.0159,582250
2016-07-06,22.3,22.35,21.95,22.0,1.0,996830
2016-07-07,22.0,22.2,21.7,22.1,1.0045,943290
2016-07-08,22.1,22.45,22.05,22.3,1.0136,172630
2016-07-11,22.4,22.65,22.4,22.5,1.0227,550620
2016-07-12,22.7,22.7,22.45,22.6,1.0273,333870
2016-07-13,22.45,22.6,22.3,22.4,1.0182,585080
2016-07-14,22.4,22.6,22.0,22.05,1.0023,1381340
2016-07-15,22.0,22.35,22.0,22.15,1.0068,368490
2016-07-18,22.35,22.35,22.0,22.15,1.0068,627650
2016-07-19,22.2,22.4,22.05,22.35,1.0159,973950
2016-07-20,22.4,22.55,22.2,22.5,1.0227,300080
2016-07-21,22.6,22.7,22.5,22.7,1.0318,736800
2016-07-22,22.6,22.8,22.55,22.55,1.025,1313670
2016-07-25,22.55,22.7,22.5,22.55,1.025,368250
2016-07-26,22.55,22.8,22.5,22.7,1.0318,1195670
2016-07-27,22.8,22.85,22.7,22.85,1.0386,989630
2016-07-28,22.8,22.85,22.7,22.75,1.0341,2378430
2016-07-29,22.8,22.9,22.7,22.85,1.0386,256830
2016-08-01,22.9,23.2,22.9,23.05,1.0477,1485170
2016-08-02,23.1,23.1,22.8,22.9,1.0409,814510
2016-08-03,22.95,22.95,22.65,22.75,1.0341,484420
2016-08-04,22.9,23.0,22.75,22.9,1.0409,207980
2016-08-05,22.8,23.05,22.8,22.95,1.0432,380470
2016-08-08,23.0,23.15,22.95,23.1,1.05,1063100
2016-08-09,23.15,23.15,22.95,23.15,1.0523,288320
2016-08-10,23.1,23.1,22.9,22.9,1.0409,896860
2016-08-11,23.0,23.0,22.85,22.85,1.0386,220520
2016-08-12,22.8,22.9,22.45,22.8,1.0364,969570
2016-08-15,22.8,22.8,22.8,22.8,1.0364,0
2016-08-16,22.8,22.85,22.65,22.8,1.0364,1800370
2016-08-17,22.75,23.0,22.65,22.85,1.0386,502500
2016-08-18,22.75,23.1,22.75,23.05,1.0477,5254210
2016-08-19,23.1,23.1,22.95,23.05,1.0477,668260
2016-08-22,22.95,23.1,22.95,23.05,1.0477,107460
2016-08-23,23.0,23.1,22.95,23.0,1.0455,422760
2016-08-24,23.05,23.7,23.0,23.5,1.0682,1037380
2016-08-25,23.6,23.6,23.35,23.45,1.0659,638310
2016-08-26,23.55,23.65,23.45,23.6,1.0727,954820
2016-08-29,23.6,23.65,23.55,23.65,1.075,546590
2016-08-30,23.6,23.85,23.6,23.7,1.0773,2548160
2016-08-31,23.85,23.9,23.8,23.85,1.0841,1821050
2016-09-01,23.85,23.9,23.75,23.75,1.0795,716450
2016-09-02,23.8,23.8,23.45,23.55,1.0705,289320
2016-09-05,23.65,23.65,23.45,23.55,1.0705,232870
2016-09-06,23.6,23.7,23.55,23.7,1.0773,976530
2016-09-07,23.7,24.5,23.7,24.5,1.1136,1632120
2016-09-08,24.5,24.5,24.3,24.4,1.1091,2010760
2016-09-09,24.35,24.55,24.2,24.2,1.1,811180
2016-09-12,24.1,24.1,23.7,23.9,1.0864,609860
2016-09-13,24.0,24.0,23.9,23.95,1.0886,747030
2016-09-14,23.9,24.0,23.85,23.95,1.0886,192990
2016-09-15,23.8,24.05,23.8,23.85,1.0841,1213370
2016-09-16,23.95,24.1,23.85,24.0,1.0909,1880350
2016-09-19,24.1,24.25,23.85,23.95,1.0886,730540
2016-09-20,24.0,24.0,23.85,23.95,1.0886,258050
2016-09-21,23.95,24.0,23.7,23.75,1.0795,1264970
2016-09-22,23.7,23.7,23.35,23.6,1.0727,1409940
2016-09-23,23.6,23.7,23.15,23.2,1.0545,1721730
2016-09-26,23.2,23.3,22.8,22.95,1.0432,993930
2016-09-27,23.1,23.1,22.65,22.7,1.0318,956810
2016-09-28,22.7,23.0,22.7,23.0,1.0455,764870
2016-09-29,23.1,23.35,23.1,23.35,1.0614,1450190
2016-09-30,23.4,23.4,23.0,23.25,1.0568,1150250
2016-10-03,23.3,23.5,23.3,23.5,1.0682,478560
2016-10-04,23.5,23.55,23.2,23.4,1.0636,3499680
2016-10-05,23.4,23.45,23.15,23.25,1.0568,395900
2016-10-06,23.35,23.35,23.05,23.25,1.0568,368770
2016-10-07,23.2,23.3,23.05,23.2,1.0545,549640
2016-10-10,23.2,23.3,22.8,22.85,1.0386,1065150
2016-10-11,23.05,23.05,22.65,22.75,1.0341,4187620
2016-10-12,22.95,23.0,22.8,22.9,1.0409,177970
2016-10-13,22.95,22.95,22.8,22.8,1.0364,423180
2016-10-14,22.8,23.3,22.8,23.15,1.0523,341800
2016-10-17,23.2,23.4,23.15,23.35,1.0614,1934130
2016-10-18,23.4,23.5,23.25,23.3,1.0591,1547920
2016-10-19,23.4,23.45,23.2,23.4,1.0636,2496500
2016-10-20,23.4,23.5,23.35,23.45,1.0659,892720
2016-10-21,23.45,23.45,23.3,23.4,1.0636,635340
2016-10-24,23.45,23.55,23.35,23.4,1.0636,1642030
2016-10-25,23.45,23.5,23.25,23.3,1.0591,551430
2016-10-26,23.35,23.4,23.25,23.3,1.0591,1247320
2016-10-27,23.35,23.35,23.25,23.3,1.0591,540090
2016-10-28,23.35,23.5,23.3,23.3,1.0591,418050
2016-10-31,23.4,23.45,23.35,23.45,1.0659,714600
2016-11-01,23.5,23.5,23.35,23.45,1.0659,350550
2016-11-02,23.45,23.45,23.25,23.4,1.0636,1119870
2016-11-03,23.4,23.65,23.3,23.55,1.0705,464330
2016-11-04,23.6,23.6,23.25,23.5,1.0682,961160
2016-11-07,23.55,23.75,23.45,23.75,1.0795,444190
2016-11-08,23.75,23.8,23.6,23.8,1.0818,367350
2016-11-09,23.3,23.7,23.1,23.65,1.075,941700
2016-11-10,23.7,24.15,23.7,24.05,1.0932,1608530
2016-11-11,23.85,24.15,23.7,24.15,1.0977,2857160
2016-11-14,24.1,24.25,23.85,24.2,1.1,995100
2016-11-15,24.2,24.2,23.95,24.1,1.0955,1153380
2016-11-16,24.1,24.1,23.95,24.05,1.0932,3205530
2016-11-17,24.05,24.15,24.0,24.15,1.0977,461990
2016-11-18,24.1,24.15,24.0,24.15,1.0977,1078990
2016-11-21,24.15,24.15,24.1,24.15,1.0977,1013430
2016-11-22,24.15,24.2,24.0,24.15,1.0977,38820
2016-11-23,24.0,24.15,24.0,24.1,1.0955,84020
2016-11-24,24.0,24.1,24.0,24.1,1.0955,880690
2016-11-25,24.05,24.1,24.05,24.1,1.0955,555320
2016-11-28,24.1,24.15,24.05,24.1,1.0955,1248610
2016-11-29,24.1,24.25,24.1,24.2,1.1,1343250
2016-11-30,24.2,24.2,24.2,24.2,1.1,0
2016-12-01,24.2,24.2,24.2,24.2,1.1,0
2016-12-02,24.15,24.65,24.15,24.55,1.1159,1477770
2016-12-05,24.55,24.6,24.35,24.45,1.1114,189450
2016-12-06,24.4,24.4,24.2,24.3,1.1045,164640
2016-12-07,24.25,24.35,24.2,24.25,1.1023,813480
2016-12-08,24.2,24.25,24.0,24.2,1.1,2624550
2016-12-09,24.15,24.2,24.05,24.2,1.1,1532630
2016-12-12,24.2,24.5,24.2,24.45,1.1114,405330
2016-12-13,24.45,24.55,24.4,24.45,1.1114,2110950
2016-12-14,24.45,24.75,24.4,24.65,1.1205,3098570
2016-12-15,24.65,24.65,24.55,24.65,1.1205,786210
2016-12-16,24.6,24.75,24.6,24.75,1.125,706010
2016-12-19,24.75,24.75,24.65,24.7,1.1227,797950
2016-12-20,24.7,24.75,24.6,24.75,1.125,1150910
2016-12-21,24.7,24.75,24.65,24.75,1.125,430070
2016-12-22,24.75,24.75,24.7,24.75,1.125,131880
2016-12-23,24.75,24.75,24.65,24.75,1.125,339580
2016-12-26,24.75,24.75,24.75,24.75,1.125,0
2016-12-27,24.7,24.75,24.65,24.7,1.1227,288290
2016-12-28,24.75,24.75,24.7,24.75,1.125,482460
2016-12-29,24.75,25.1,24.75,25.1,1.1409,1375860
2016-12-30,24.9,25.0,24.75,25.0,1.1364,1260580
2017-01-02,25.0,25.0,25.0,25.0,1.1364,0
2017-01-03,25.05,25.2,25.0,25.2,1.1455,382490
2017-01-04,25.2,25.6,25.05,25.45,1.1568,1929890
2017-01-05,25.6,25.65,25.4,25.55,1.1614,1931080
2017-01-06,25.55,25.6,25.45,25.55,1.1614,1403240
2017-01-09,25.6,25.7,25.55,25.65,1.1659,749520
2017-01-10,25.6,25.65,25.5,25.55,1.1614,1074550
2017-01-11,25.5,25.6,25.3,25.5,1.1591,1329510
2017-01-12,25.6,25.6,25.25,25.25,1.1477,1885410
2017-01-13,25.3,25.3,25.1,25.1,1.1409,694540
2017-01-16,25.1,25.35,25.1,25.3,1.15,125460
2017-01-17,25.25,25.3,25.2,25.2,1.1455,368420
2017-01-18,25.2,25.6,25.2,25.6,1.1636,890660
2017-01-19,25.4,25.7,25.25,25.7,1.1682,337550
2017-01-20,25.7,26.6,25.7,26.5,1.2045,2160200
2017-01-23,26.5,26.55,26.25,26.35,1.1977,339960
2017-01-24,26.35,26.35,26.35,26.35,1.1977,0
2017-01-25,26.45,27.2,26.3,27.2,1.2364,2448740
2017-01-26,27.2,27.2,26.9,27.05,1.2295,711660
2017-01-27,27.1,27.7,27.0,27.5,1.25,2887320
2017-01-30,27.5,27.6,27.15,27.45,1.2477,2626850
2017-01-31,27.45,27.5,27.4,27.45,1.2477,860070
2017-02-01,27.35,27.5,27.05,27.5,1.25,3733550
2017-02-02,27.5,27.5,27.2,27.25,1.2386,1239760
2017-02-03,27.25,27.4,27.15,27.2,1.2364,1441310
2017-02-06,27.35,27.7,27.25,27.7,1.2591,602190
2017-02-07,27.6,27.7,27.5,27.7,1.2591,829730
2017-02-08,27.7,27.7,27.4,27.45,1.2477,901370
2017-02-09,27.65,27.65,27.45,27.65,1.2568,1239800
2017-02-10,27.65,27.85,27.65,27.7,1.2591,673670
2017-02-13,27.7,27.8,27.45,27.55,1.2523,252190
2017-02-14,27.65,27.65,27.3,27.5,1.25,529790
2017-02-15,27.4,27.7,27.4,27.65,1.2568,514310
2017-02-16,27.7,27.95,27.4,27.85,1.2659,1974330
2017-02-17,27.85,28.0,27.65,28.0,1.2727,675170
2017-02-20,27.95,28.45,27.85,28.4,1.2909,458100
2017-02-21,28.4,28.65,28.35,28.6,1.3,433250
2017-02-22,28.6,29.0,28.6,28.9,1.3136,1324980
2017-02-23,28.95,28.95,28.55,28.6,1.3,1063420
2017-02-24,28.6,28.6,27.65,28.15,1.2795,3322910
2017-02-27,27.85,28.0,27.75,27.85,1.2659,439220
2017-02-28,28.0,28.3,28.0,28.3,1.2864,2553710
2017-03-01,28.25,28.5,28.0,28.5,1.2955,880150
2017-03-02,28.35,28.5,28.0,28.15,1.2795,267000
2017-03-03,28.25,28.35,28.1,28.3,1.2864,710200
2017-03-06,28.35,28.4,28.2,28.35,1.2886,1414440
2017-03-07,28.35,28.4,28.3,28.4,1.2909,797860
2017-03-08,28.4,28.4,28.25,28.35,1.2886,182140
2017-03-09,28.35,28.35,27.95,28.0,1.2727,644110
2017-03-10,28.0,28.4,28.0,28.2,1.2818,387560
2017-03-13,28.35,28.35,28.1,28.2,1.2818,289190
2017-03-14,28.25,28.35,28.05,28.2,1.2818,1367770
2017-03-15,28.2,28.25,28.1,28.2,1.2818,246520
2017-03-16,28.15,28.55,28.15,28.55,1.2977,655690
2017-03-17,28.5,28.85,28.5,28.7,1.3045,621570
2017-03-20,28.6,28.75,28.6,28.75,1.3068,181470
2017-03-21,28.75,28.75,28.65,28.7,1.3045,659790
2017-03-22,28.7,28.75,28.4,28.75,1.3068,535930
2017-03-23,28.75,28.75,28.6,28.75,1.3068,421530
2017-03-24,28.75,28.9,28.7,28.9,1.3136,688660
2017-03-27,28.9,28.9,28.6,28.7,1.3045,454480
2017-03-28,28.7,28.85,28.7,28.8,1.3091,1643230
2017-03-29,28.75,28.9,28.75,28.9,1.3136,731130
2017-03-30,28.9,29.95,28.9,29.95,1.3614,6905560
2017-03-31,30.0,31.7,30.0,30.5,1.3864,5497250
2017-04-03,30.9,30.9,30.45,30.5,1.3864,892820
2017-04-04,30.55,30.75,30.5,30.5,1.3864,1591970
2017-04-05,30.55,30.6,30.45,30.6,1.3909,1570410
2017-04-06,30.55,30.65,30.5,30.55,1.3886,598470
2017-04-07,30.5,30.7,30.4,30.5,1.3864,594790
2017-04-10,30.7,30.85,30.55,30.75,1.3977,641120
2017-04-11,30.85,30.85,30.5,30.65,1.3932,263660
2017-04-12,30.5,30.8,30.5,30.75,1.3977,1239380
2017-04-13,30.8,31.5,30.75,31.5,1.4318,493910
2017-04-14,31.35,31.5,31.05,31.4,1.4273,205880
2017-04-17,31.4,31.4,31.4,31.4,1.4273,0
2017-04-18,31.3,31.4,30.85,30.95,1.4068,199510
2017-04-19,30.85,30.85,30.4,30.65,1.3932,844700
2017-04-20,30.7,30.75,30.55,30.6,1.3909,296760
2017-04-21,30.85,30.85,30.5,30.6,1.3909,1262050
2017-04-24,30.9,30.9,30.6,30.85,1.4023,614610
2017-04-25,30.8,30.8,30.6,30.7,1.3955,1205950
2017-04-26,30.3,30.75,29.75,30.7,1.3955,1481750
2017-04-27,30.4,30.8,30.4,30.6,1.3909,1931480
2017-04-28,30.6,31.05,30.55,30.9,1.4045,655950
2017-05-01,30.9,30.9,30.9,30.9,1.4045,0
2017-05-02,31.0,31.7,31.0,31.6,1.4364,1517630
2017-05-03,31.55,31.6,30.95,31.0,1.4091,655820
2017-05-04,31.35,31.35,30.95,31.0,1.4091,440530
2017-05-05,31.0,31.15,30.85,30.9,1.4045,1135600
2017-05-08,30.95,31.25,30.9,31.15,1.4159,541400
2017-05-09,31.15,31.55,31.1,31.5,1.4318,2330040
2017-05-10,31.5,31.6,31.4,31.5,1.4318,1092940
2017-05-11,31.6,32.35,31.55,31.6,1.4364,3018700
2017-05-12,31.8,32.2,31.55,32.0,1.4545,4736040
2017-05-15,32.25,32.7,32.25,32.5,1.4773,1755880
2017-05-16,32.65,32.95,32.45,32.7,1.4864,1004850
2017-05-17,32.65,32.8,32.3,32.4,1.4727,591140
2017-05-18,32.25,32.7,32.15,32.5,1.4773,942360
2017-05-19,32.65,33.1,32.65,32.8,1.4909,1489570
2017-05-22,32.85,33.35,32.85,33.2,1.5091,847660
2017-05-23,33.3,33.45,32.95,33.4,1.5182,514200
2017-05-24,34.0,34.35,33.6,33.7,1.5318,3266220
2017-05-25,33.8,33.85,33.6,33.8,1.5364,4560860
2017-05-26,33.9,34.0,33.75,33.75,1.5341,597800
2017-05-29,33.9,34.0,33.85,33.95,1.5432,436680
2017-05-30,34.0,34.2,33.8,33.85,1.5386,1537180
2017-05-31,33.8,33.9,33.6,33.9,1.5409,1919720
2017-06-01,33.9,33.9,33.9,33.9,1.5409,0
2017-06-02,33.9,33.9,33.9,33.9,1.5409,0
2017-06-05,33.9,33.9,33.9,33.9,1.5409,0
2017-06-06,33.9,33.9,33.6,33.6,1.5273,934380
2017-06-07,33.75,33.8,33.7,33.8,1.5364,828080
2017-06-08,33.75,33.9,33.5,33.6,1.5273,811080
2017-06-09,33.7,33.7,33.3,33.4,1.5182,960860
2017-06-12,33.4,33.45,33.05,33.2,1.5091,470080
2017-06-13,33.3,33.3,32.55,32.75,1.4886,2167020
2017-06-14,32.75,32.95,32.65,32.7,1.4864,1726640
2017-06-15,32.65,32.75,32.5,32.55,1.4795,2571340
2017-06-16,32.75,32.8,32.45,32.5,1.4773,2358030
2017-06-19,32.55,32.7,32.25,32.35,1.4705,2205600
2017-06-20,32.35,32.5,32.15,32.15,1.4614,1570260
2017-06-21,32.4,32.65,32.05,32.4,1.4727,2300680
2017-06-22,32.4,32.5,32.15,32.25,1.4659,1250920
2017-06-23,32.2,32.5,32.2,32.35,1.4705,740170
2017-06-26,32.5,32.5,32.05,32.1,1.4591,1167510
2017-06-27,32.1,32.2,31.65,31.9,1.45,1976790
2017-06-28,31.9,31.95,31.6,31.7,1.4409,1443340
2017-06-29,31.8,31.8,29.6,30.65,1.3932,6206200
2017-06-30,30.7,31.3,30.65,30.75,1.3977,5981160
2017-07-03,30.9,30.95,30.7,30.9,1.4045,5897910
2017-07-04,26.5,27.6,26.5,27.2,1.4108,5467020
2017-07-05,27.35,27.55,27.3,27.4,1.4211,2172620
2017-07-06,27.4,27.45,26.9,26.95,1.3978,1317000
2017-07-07,26.95,27.0,26.6,26.6,1.3797,476740
2017-07-10,26.8,27.35,26.8,27.25,1.4134,424270
2017-07-11,27.35,27.35,27.15,27.2,1.4108,366120
2017-07-12,27.2,27.3,27.1,27.3,1.416,4115280
2017-07-13,27.3,27.3,27.1,27.2,1.4108,355750
2017-07-14,27.25,27.35,27.1,27.15,1.4082,479580
2017-07-17,27.25,27.25,27.0,27.0,1.4004,581060
2017-07-18,27.2,27.55,27.1,27.45,1.4237,760000
2017-07-19,27.5,28.35,27.5,28.1,1.4575,2151670
2017-07-20,28.1,28.8,27.9,28.6,1.4834,1376800
2017-07-21,28.75,28.8,28.4,28.4,1.473,1955840
2017-07-24,28.45,28.7,28.35,28.45,1.4756,145870
2017-07-25,28.4,28.6,28.3,28.4,1.473,2300260
2017-07-26,28.5,28.6,28.45,28.45,1.4756,473490
2017-07-27,28.5,28.6,28.4,28.5,1.4782,1909730
2017-07-28,28.5,28.6,28.45,28.5,1.4782,297360
2017-07-31,28.55,28.55,28.2,28.2,1.4626,1386560
2017-08-01,28.25,28.3,28.2,28.2,1.4626,366290
2017-08-02,28.2,28.3,27.8,28.2,1.4626,447110
2017-08-03,28.2,28.25,27.95,28.0,1.4523,223590
2017-08-04,28.15,28.25,28.0,28.15,1.46,255860
2017-08-07,28.25,28.5,28.0,28.5,1.4782,309390
2017-08-08,28.55,29.25,28.4,29.2,1.5145,1533170
2017-08-09,29.3,29.5,29.1,29.3,1.5197,2691210
2017-08-10,29.35,29.45,29.2,29.3,1.5197,941630
2017-08-11,29.8,29.8,29.1,29.35,1.5223,3963710
2017-08-14,29.7,29.8,29.55,29.75,1.543,789850
2017-08-15,29.75,29.75,29.75,29.75,1.543,0
2017-08-16,29.8,30.3,29.7,30.1,1.5612,1918350
2017-08-17,30.2,30.45,30.1,30.3,1.5716,2111650
2017-08-18,30.3,30.7,30.1,30.55,1.5845,749180
2017-08-21,30.6,30.9,30.4,30.6,1.5871,1946240
2017-08-22,30.85,31.45,30.7,31.4,1.6286,4580290
2017-08-23,31.35,31.4,31.0,31.2,1.6182,1936040
2017-08-24,31.25,31.25,31.0,31.0,1.6079,311910
2017-08-25,31.0,31.4,31.0,31.35,1.626,526950
2017-08-28,31.35,31.35,31.05,31.2,1.6182,384340
2017-08-29,31.2,31.2,30.45,31.0,1.6079,1196740
2017-08-30,31.0,31.25,30.85,31.0,1.6079,722650
2017-08-31,31.1,31.15,30.45,30.7,1.5923,1281540
2017-09-01,30.8,31.1,30.65,30.8,1.5975,440880
2017-09-04,30.65,30.95,30.35,30.35,1.5742,396440
2017-09-05,30.65,30.95,30.5,30.9,1.6027,449200
2017-09-06,30.6,30.95,30.6,30.95,1.6053,515920
2017-09-07,30.95,30.95,30.5,30.8,1.5975,1723040
2017-09-08,30.35,31.4,29.7,31.25,1.6208,3752980
2017-09-11,31.35,31.95,31.3,31.8,1.6494,2622760
2017-09-12,31.9,31.9,31.4,31.4,1.6286,1033080
2017-09-13,31.7,31.7,31.35,31.35,1.626,509320
2017-09-14,31.45,31.65,31.35,31.55,1.6364,150860
2017-09-15,31.5,31.6,31.0,31.0,1.6079,641160
2017-09-18,31.4,31.5,31.0,31.05,1.6105,409140
2017-09-19,31.45,31.45,31.0,31.4,1.6286,428670
2017-09-20,31.05,31.3,30.9,31.0,1.6079,3014300
2017-09-21,30.9,31.1,30.9,31.1,1.6131,161600
2017-09-22,31.0,31.15,30.9,31.0,1.6079,2323600
2017-09-25,31.25,31.25,30.85,31.1,1.6131,1520300
2017-09-26,31.1,31.3,30.95,31.15,1.6156,498090
2017-09-27,31.3,31.3,30.7,30.8,1.5975,553820
2017-09-28,30.95,31.1,30.9,30.95,1.6053,2170420
2017-09-29,31.0,31.0,30.75,30.75,1.5949,685170
2017-10-02,30.9,30.9,30.65,30.9,1.6027,243110
2017-10-03,30.9,31.3,30.9,31.15,1.6156,558330
2017-10-04,31.1,31.25,30.6,31.0,1.6079,789920
2017-10-05,31.05,31.1,30.95,31.0,1.6079,158300
2017-10-06,31.0,31.3,31.0,31.25,1.6208,2035500
2017-10-09,31.25,31.25,31.15,31.2,1.6182,246630
2017-10-10,31.2,31.3,31.2,31.3,1.6234,174810
2017-10-11,31.3,31.3,31.15,31.25,1.6208,196070
2017-10-12,31.3,31.55,31.25,31.55,1.6364,576290
2017-10-13,31.5,31.8,31.5,31.7,1.6442,555340
2017-10-16,31.7,31.8,31.65,31.65,1.6416,786920
2017-10-17,31.7,31.85,31.7,31.8,1.6494,382200
2017-10-18,31.8,31.95,31.8,31.9,1.6545,828540
2017-10-19,31.95,32.0,31.75,31.85,1.652,1273360
2017-10-20,31.85,31.9,31.8,31.85,1.652,810620
2017-10-23,31.85,31.95,31.75,31.85,1.652,869110
2017-10-24,31.85,31.9,31.75,31.85,1.652,832200
2017-10-25,31.85,31.95,31.8,31.85,1.652,1287700
2017-10-26,31.85,31.85,31.75,31.8,1.6494,48180
2017-10-27,31.75,31.85,31.4,31.45,1.6312,729020
2017-10-30,31.6,31.75,31.4,31.6,1.639,202720
2017-10-31,31.6,31.65,31.45,31.45,1.6312,1111960
2017-11-01,31.5,31.6,31.45,31.45,1.6312,302750
2017-11-02,31.5,31.65,31.5,31.55,1.6364,2077420
2017-11-03,31.6,31.65,31.45,31.6,1.639,1279430
2017-11-06,31.6,31.75,31.45,31.75,1.6468,1644520
2017-11-07,30.4,30.6,29.8,30.4,1.5767,2172360
2017-11-08,30.35,30.6,30.35,30.6,1.5871,1211940
2017-11-09,30.45,30.8,30.45,30.6,1.5871,531700
2017-11-10,30.75,31.5,30.75,31.05,1.6105,882160
2017-11-13,31.15,31.25,31.1,31.1,1.6131,320480
2017-11-14,31.4,31.6,31.35,31.35,1.626,3229870
2017-11-15,31.6,31.6,31.25,31.4,1.6286,281410
2017-11-16,31.4,31.4,31.05,31.3,1.6234,284870
2017-11-17,31.4,31.9,31.2,31.9,1.6545,7329290
2017-11-20,31.85,32.1,31.7,32.05,1.6623,887130
2017-11-21,32.05,32.25,31.95,32.25,1.6727,203730
2017-11-22,32.25,32.5,32.2,32.5,1.6857,1367050
2017-11-23,32.45,32.45,32.15,32.15,1.6675,691820
2017-11-24,32.3,32.3,32.1,32.1,1.6649,205970
2017-11-27,32.1,32.15,31.5,31.5,1.6338,358940
2017-11-28,31.55,32.0,31.55,31.95,1.6571,431850
2017-11-29,32.0,32.0,31.9,31.9,1.6545,610870
2017-11-30,31.9,31.9,31.9,31.9,1.6545,0
2017-12-01,31.9,31.9,31.9,31.9,1.6545,0
2017-12-04,31.95,31.95,31.6,31.6,1.639,591630
2017-12-05,31.75,31.9,31.55,31.55,1.6364,353960
2017-12-06,31.5,31.7,31.05,31.05,1.6105,653160
2017-12-07,31.5,31.65,31.0,31.65,1.6416,739760
2017-12-08,31.75,31.75,31.5,31.6,1.639,52310
2017-12-11,31.5,31.8,31.35,31.5,1.6338,738300
2017-12-12,31.55,31.7,30.95,31.25,1.6208,555850
2017-12-13,31.2,31.2,30.25,30.95,1.6053,1059850
2017-12-14,31.15,31.2,30.7,30.9,1.6027,515350
2017-12-15,31.05,31.05,30.65,30.65,1.5897,349870
2017-12-18,31.0,31.1,30.7,31.0,1.6079,1198800
2017-12-19,31.05,31.75,31.0,31.5,1.6338,473500
2017-12-20,31.75,31.8,31.3,31.55,1.6364,355260
2017-12-21,31.5,31.75,31.5,31.6,1.639,383610
2017-12-22,31.6,31.6,31.35,31.5,1.6338,347850
2017-12-25,31.5,31.5,31.5,31.5,1.6338,0
2017-12-26,31.5,31.5,31.5,31.5,1.6338,0
2017-12-27,31.5,31.5,30.9,30.9,1.6027,204180
2017-12-28,31.0,31.5,30.95,31.05,1.6105,129540
2017-12-29,31.45,31.45,30.95,31.3,1.6234,194520
2018-01-01,31.3,31.3,31.3,31.3,1.6234,0
2018-01-02,31.3,31.3,31.3,31.3,1.6234,0
2018-01-03,31.15,31.8,31.15,31.8,1.6494,504900
2018-01-04,31.8,32.4,31.7,32.4,1.6805,512700
2018-01-05,32.4,32.65,32.05,32.3,1.6753,1238460
2018-01-08,32.4,32.4,31.85,32.0,1.6597,367250
2018-01-09,32.25,32.45,32.05,32.45,1.6831,634710
2018-01-10,32.45,32.6,32.3,32.55,1.6883,1301850
2018-01-11,32.55,33.1,32.55,33.1,1.7168,706550
2018-01-12,33.1,33.85,33.05,33.85,1.7557,2016630
2018-01-15,33.85,33.85,33.35,33.8,1.7531,1178050
2018-01-16,33.5,34.25,33.45,33.9,1.7583,1750470
2018-01-17,34.0,34.85,33.85,34.8,1.805,5098640
2018-01-18,34.75,35.4,34.7,34.95,1.8127,2244050
2018-01-19,34.95,35.1,34.85,35.1,1.8205,2400970
2018-01-22,35.0,35.7,34.85,35.7,1.8516,1480880
2018-01-23,35.55,35.7,35.5,35.65,1.849,608510
2018-01-24,35.65,35.65,35.65,35.65,1.849,0
2018-01-25,35.65,35.65,34.85,35.2,1.8257,696410
2018-01-26,35.4,35.4,35.0,35.2,1.8257,330160
2018-01-29,35.25,35.35,35.15,35.25,1.8283,215410
2018-01-30,35.25,35.3,34.4,34.75,1.8024,436640
2018-01-31,34.75,34.75,34.2,34.2,1.7738,657250
2018-02-01,34.5,34.55,34.25,34.25,1.7764,182540
2018-02-02,34.3,34.3,33.6,33.8,1.7531,814770
2018-02-05,33.5,33.5,32.95,33.4,1.7323,950150
2018-02-06,32.0,33.1,31.6,32.8,1.7012,3959230
2018-02-07,33.5,33.7,32.85,33.0,1.7116,1324780
2018-02-08,33.1,33.2,33.0,33.0,1.7116,703630
2018-02-09,32.2,32.95,31.8,32.9,1.7064,1168410
2018-02-12,33.25,33.85,33.1,33.6,1.7427,555260
2018-02-13,33.9,33.9,33.5,33.5,1.7375,1178770
2018-02-14,33.7,34.0,33.5,34.0,1.7635,900840
2018-02-15,35.0,35.35,34.75,35.0,1.8153,3826900
2018-02-16,35.25,35.55,35.25,35.55,1.8439,1811740
2018-02-19,35.6,35.7,35.4,35.6,1.8465,1073060
2018-02-20,35.6,35.85,35.3,35.3,1.8309,2439490
2018-02-21,35.5,35.65,35.2,35.65,1.849,439520
2018-02-22,35.5,35.7,35.5,35.55,1.8439,2123350
2018-02-23,35.6,35.7,35.5,35.65,1.849,239620
2018-02-26,35.65,35.7,35.6,35.65,1.849,322270
2018-02-27,35.6,35.85,35.6,35.8,1.8568,936670
2018-02-28,35.8,36.5,35.6,36.5,1.8931,1505540
2018-03-01,36.0,36.3,35.9,35.95,1.8646,291450
2018-03-02,36.1,36.1,35.0,35.25,1.8283,1478630
2018-03-05,35.25,35.4,35.1,35.3,1.8309,454450
2018-03-06,35.55,35.95,35.4,35.95,1.8646,1485870
2018-03-07,35.9,36.2,35.7,36.2,1.8776,1896240
2018-03-08,36.2,36.5,36.05,36.4,1.8879,1037440
2018-03-09,36.45,36.55,36.4,36.4,1.8879,1729900
2018-03-12,36.5,36.95,36.5,36.8,1.9087,1091300
2018-03-13,37.0,37.3,36.8,37.1,1.9243,1874500
2018-03-14,37.2,37.3,37.0,37.05,1.9217,619410
2018-03-15,37.1,37.3,37.05,37.3,1.9346,550220
2018-03-16,37.25,37.5,37.25,37.5,1.945,10388390
2018-03-19,37.45,37.45,37.15,37.15,1.9268,325300
2018-03-20,37.1,37.1,36.6,36.75,1.9061,826190
2018-03-21,36.9,37.2,36.8,37.15,1.9268,652880
2018-03-22,37.15,37.25,36.5,36.7,1.9035,694660
2018-03-23,37.6,38.0,36.95,37.4,1.9398,2889670
2018-03-26,37.5,38.0,37.05,37.9,1.9657,1505260
2018-03-27,37.9,38.35,37.9,38.2,1.9813,1033190
2018-03-28,38.2,38.2,37.7,38.0,1.9709,783050
2018-03-29,38.0,38.05,37.0,37.0,1.9191,501110
2018-03-30,37.75,37.95,37.6,37.75,1.958,154910
2018-04-02,37.8,38.0,37.8,37.95,1.9683,211010
2018-04-03,37.95,38.0,37.7,38.0,1.9709,2224960
2018-04-04,38.0,38.0,37.9,38.0,1.9709,203200
2018-04-05,38.0,38.05,37.9,38.0,1.9709,288110
2018-04-06,38.0,38.0,38.0,38.0,1.9709,0
2018-04-09,38.0,38.0,38.0,38.0,1.9709,0
2018-04-10,38.0,38.05,37.8,37.95,1.9683,560120
2018-04-11,37.85,37.95,37.1,37.5,1.945,1411870
2018-04-12,37.75,37.9,37.25,37.9,1.9657,649160
2018-04-13,37.9,37.9,37.45,37.5,1.945,161430
2018-04-16,37.8,37.8,37.3,37.3,1.9346,624600
2018-04-17,37.55,37.8,37.2,37.25,1.932,665630
2018-04-18,37.7,37.7,37.3,37.45,1.9424,208120
2018-04-19,37.7,37.7,37.25,37.45,1.9424,532480
2018-04-20,37.7,37.7,37.2,37.2,1.9294,820390
2018-04-23,37.2,37.35,37.15,37.3,1.9346,1531610
2018-04-24,37.4,37.5,37.25,37.5,1.945,694770
2018-04-25,37.65,37.7,37.45,37.45,1.9424,164840
2018-04-26,37.5,37.7,37.1,37.1,1.9243,626920
2018-04-27,37.6,37.6,36.95,37.15,1.9268,1978440
2018-04-30,37.0,37.45,37.0,37.2,1.9294,328690
2018-05-01,37.2,37.2,37.2,37.2,1.9294,0
2018-05-02,37.5,37.5,37.1,37.1,1.9243,273540
2018-05-03,37.5,37.55,37.0,37.2,1.9294,511890
2018-05-04,37.1,37.15,37.0,37.1,1.9243,387730
2018-05-07,37.15,37.2,37.0,37.1,1.9243,647080
2018-05-08,37.0,37.2,37.0,37.0,1.9191,589280
2018-05-09,37.15,37.15,36.7,37.0,1.9191,1551000
2018-05-10,36.75,37.2,36.75,37.0,1.9191,195710
2018-05-11,37.0,37.15,36.85,36.85,1.9113,379400
2018-05-14,36.85,37.0,36.85,36.95,1.9165,692050
2018-05-15,36.8,36.85,36.45,36.6,1.8983,897120
2018-05-16,36.75,36.75,36.5,36.6,1.8983,372920
2018-05-17,36.6,36.6,36.1,36.1,1.8724,652860
2018-05-18,36.1,36.1,35.05,35.6,1.8465,863850
2018-05-21,35.0,35.3,34.8,35.15,1.8231,1864010
2018-05-22,35.25,36.3,35.25,36.0,1.8672,794590
2018-05-23,36.3,36.3,35.5,35.5,1.8413,408520
2018-05-24,35.9,35.9,35.2,35.2,1.8257,550950
2018-05-25,35.2,35.5,35.0,35.0,1.8153,529430
2018-05-28,35.0,35.0,35.0,35.0,1.8153,0
2018-05-29,35.05,35.4,34.4,34.4,1.7842,509370
2018-05-30,34.5,34.65,34.05,34.35,1.7816,2677420
2018-05-31,34.45,35.3,34.35,35.05,1.8179,3748830
2018-06-01,35.05,35.05,35.05,35.05,1.8179,0
2018-06-04,35.25,35.9,35.0,35.9,1.862,529050
2018-06-05,35.95,36.9,35.95,36.85,1.9113,798260
2018-06-06,36.9,36.9,36.25,36.8,1.9087,739910
2018-06-07,36.85,37.15,36.75,36.9,1.9139,441860
2018-06-08,37.0,37.0,36.55,36.6,1.8983,189680
2018-06-11,36.85,36.85,36.65,36.7,1.9035,142960
2018-06-12,36.7,36.85,36.6,36.7,1.9035,366450
2018-06-13,36.85,37.0,36.7,37.0,1.9191,317520
2018-06-14,36.85,37.25,36.35,36.35,1.8854,593500
2018-06-15,37.0,37.1,36.3,36.3,1.8828,377710
2018-06-18,36.95,37.0,36.5,36.5,1.8931,343160
2018-06-19,36.7,36.85,36.4,36.4,1.8879,1034950
2018-06-20,36.55,36.8,36.35,36.7,1.9035,635430
2018-06-21,36.6,36.75,36.35,36.65,1.9009,517210
2018-06-22,36.7,36.7,36.5,36.7,1.9035,771290
2018-06-25,36.75,36.75,36.5,36.6,1.8983,255170
2018-06-26,36.6,36.6,36.4,36.55,1.8957,540410
2018-06-27,36.55,36.6,36.4,36.5,1.8931,2439330
2018-06-28,36.6,36.65,36.5,36.6,1.8983,1151560
2018-06-29,36.7,37.45,36.7,37.35,1.9372,693350
2018-07-02,37.45,37.6,36.85,36.85,1.9113,1450180
2018-07-03,36.95,37.0,36.8,36.8,1.9087,1223950
2018-07-04,35.1,36.9,35.1,36.8,1.9087,3487770
2018-07-05,31.35,31.7,31.3,31.6,1.8961,1960900
2018-07-06,31.6,31.9,31.6,31.8,1.9081,455740
2018-07-09,31.9,32.4,31.85,32.3,1.9381,777370
2018-07-10,32.3,32.95,32.3,32.9,1.9741,745010
2018-07-11,32.85,32.9,32.7,32.85,1.9711,575220
2018-07-12,32.9,33.0,32.75,32.85,1.9711,635920
2018-07-13,32.9,32.9,32.7,32.7,1.9621,109910
2018-07-16,32.7,32.85,32.65,32.75,1.9651,189240
2018-07-17,32.75,32.85,32.5,32.5,1.9501,753780
2018-07-18,32.55,32.55,31.8,31.8,1.9081,655680
2018-07-19,30.9,30.9,29.5,30.2,1.8121,13623830
2018-07-20,30.3,31.6,30.2,31.1,1.8661,3562430
2018-07-23,31.55,31.9,31.3,31.35,1.8811,6295510
2018-07-24,31.5,31.5,31.05,31.05,1.8631,299520
2018-07-25,31.1,31.1,30.4,30.6,1.8361,9838670
2018-07-26,30.7,31.0,30.7,30.85,1.8511,595220
2018-07-27,30.85,30.9,30.75,30.8,1.8481,893070
2018-07-30,30.9,31.0,30.65,30.65,1.8391,764360
2018-07-31,30.85,30.85,30.5,30.55,1.8331,823630
2018-08-01,30.6,31.0,30.6,30.7,1.8421,865850
2018-08-02,30.95,31.1,30.65,31.0,1.8601,2285400
2018-08-03,31.2,31.75,31.0,31.75,1.9051,1917340
2018-08-06,31.8,32.45,31.75,32.4,1.9441,839850
2018-08-07,32.4,32.45,32.25,32.4,1.9441,408550
2018-08-08,32.4,32.65,32.4,32.45,1.9471,972790
2018-08-09,32.65,32.65,32.4,32.4,1.9441,580240
2018-08-10,32.55,32.55,31.85,32.1,1.9261,1287920
2018-08-13,32.0,32.45,32.0,32.1,1.9261,750110
2018-08-14,31.9,32.25,31.9,32.2,1.9321,504410
2018-08-15,32.2,32.2,32.2,32.2,1.9321,0
2018-08-16,32.2,32.5,32.05,32.2,1.9321,459270
2018-08-17,32.55,32.6,32.25,32.55,1.9531,229460
2018-08-20,32.65,32.65,32.55,32.6,1.9561,125470
2018-08-21,32.5,32.65,32.25,32.6,1.9561,1227020
2018-08-22,32.6,32.65,32.35,32.5,1.9501,2396590
2018-08-23,32.6,32.65,32.4,32.65,1.9591,49060
2018-08-24,32.6,32.6,32.4,32.55,1.9531,1232170
2018-08-27,32.6,32.6,32.5,32.6,1.9561,898630
2018-08-28,32.6,32.9,32.5,32.9,1.9741,351480
2018-08-29,32.9,33.0,32.55,32.55,1.9531,498700
2018-08-30,32.85,32.85,32.55,32.65,1.9591,2473900
2018-08-31,32.65,32.7,32.5,32.5,1.9501,875150
2018-09-03,32.65,32.65,32.5,32.55,1.9531,67220
2018-09-04,32.65,32.7,32.5,32.7,1.9621,409870
2018-09-05,32.6,32.6,32.5,32.55,1.9531,131620
2018-09-06,32.6,32.95,32.6,32.75,1.9651,168680
2018-09-07,32.7,32.75,32.65,32.7,1.9621,4371640
2018-09-10,32.8,32.8,32.65,32.8,1.9681,1121260
2018-09-11,32.75,32.8,32.55,32.6,1.9561,440230
2018-09-12,32.55,32.55,31.95,31.95,1.9171,2007560
2018-09-13,32.0,32.1,31.45,31.45,1.8871,1001130
2018-09-14,31.55,31.95,31.55,31.95,1.9171,229400
2018-09-17,32.0,32.0,31.7,31.7,1.9021,754460
2018-09-18,31.7,32.9,31.7,32.9,1.9741,277630
2018-09-19,32.8,32.8,32.0,32.25,1.9351,626370
2018-09-20,32.55,32.8,32.4,32.65,1.9591,4659110
2018-09-21,32.65,32.75,32.6,32.7,1.9621,2710380
2018-09-24,32.75,32.95,32.65,32.95,1.9771,577680
2018-09-25,32.95,33.0,32.85,33.0,1.9801,1332550
2018-09-26,32.9,33.0,32.85,32.9,1.9741,96740
2018-09-27,32.9,33.95,32.9,33.75,2.0251,1168990
2018-09-28,33.85,34.1,33.6,33.75,2.0251,450180
2018-10-01,33.8,34.05,33.8,34.05,2.0431,715780
2018-10-02,34.0,34.45,34.0,34.4,2.0641,935540
2018-10-03,34.4,34.6,34.0,34.0,2.0401,411320
2018-10-04,34.3,34.3,33.9,34.0,2.0401,829930
2018-10-05,34.1,34.4,34.05,34.3,2.0581,729370
2018-10-08,34.45,34.45,34.25,34.25,2.0551,64010
2018-10-09,34.25,34.45,34.25,34.45,2.0671,419240
2018-10-10,34.4,34.4,34.05,34.05,2.0431,179070
2018-10-11,33.8,33.8,32.65,33.4,2.0041,1530970
2018-10-12,33.4,33.6,33.15,33.45,2.0071,1910210
2018-10-15,33.55,33.7,33.5,33.65,2.0191,716440
2018-10-16,33.65,34.0,33.6,33.7,2.0221,1441590
2018-10-17,34.0,34.45,33.9,34.2,2.0521,353290
2018-10-18,34.4,34.5,34.15,34.4,2.0641,201060
2018-10-19,34.45,34.55,34.2,34.5,2.0701,1619140
2018-10-22,34.5,34.65,34.5,34.55,2.0731,230150
2018-10-23,34.55,34.55,33.8,34.5,2.0701,1451930
2018-10-24,34.45,34.6,34.0,34.5,2.0701,383450
2018-10-25,34.2,34.2,33.8,34.2,2.0521,483450
2018-10-26,34.2,34.2,33.75,34.0,2.0401,1313230
2018-10-29,34.2,34.35,34.0,34.1,2.0461,130860
2018-10-30,34.1,34.2,34.0,34.05,2.0431,379530
2018-10-31,34.1,34.2,34.0,34.05,2.0431,663030
2018-11-01,34.2,34.2,34.1,34.2,2.0521,179310
2018-11-02,34.2,34.5,34.05,34.5,2.0701,1146530
2018-11-05,34.5,34.5,34.2,34.5,2.0701,358520
2018-11-06,34.3,34.55,34.25,34.5,2.0701,351940
2018-11-07,34.5,35.3,34.4,35.1,2.1061,1251710
2018-11-08,35.15,35.3,35.0,35.0,2.1001,404560
2018-11-09,35.15,35.15,35.0,35.1,2.1061,1494600
2018-11-12,35.15,35.2,35.0,35.1,2.1061,406770
2018-11-13,35.1,35.25,35.0,35.2,2.1121,628970
2018-11-14,35.2,35.2,35.05,35.05,2.1031,1373110
2018-11-15,34.95,34.95,34.55,34.8,2.0881,944210
2018-11-16,34.9,34.9,34.8,34.85,2.0911,605250
2018-11-19,34.85,34.9,34.8,34.9,2.0941,560170
2018-11-20,34.9,34.9,34.8,34.9,2.0941,1473740
2018-11-21,34.85,35.3,34.8,35.3,2.1181,673230
2018-11-22,34.9,35.4,34.9,35.2,2.1121,648890
2018-11-23,35.4,35.4,35.2,35.3,2.1181,238650
2018-11-26,35.3,35.35,35.3,35.35,2.1211,3727260
2018-11-27,35.35,35.35,35.3,35.35,2.1211,242450
2018-11-28,35.35,35.6,35.3,35.5,2.1301,445490
2018-11-29,35.6,36.0,35.5,36.0,2.1601,1259490
2018-11-30,36.0,36.0,36.0,36.0,2.1601,0
2018-12-03,36.0,36.3,35.9,36.25,2.1751,1383260
2018-12-04,36.25,36.3,36.1,36.3,2.1781,3601460
2018-12-05,36.1,36.2,35.8,35.8,2.1481,626690
2018-12-06,35.85,35.9,35.55,35.55,2.1331,930620
2018-12-07,35.7,35.95,35.7,35.9,2.1541,1257100
2018-12-10,35.95,35.95,35.8,35.8,2.1481,1221420
2018-12-11,35.95,35.95,35.8,35.85,2.1511,1072380
2018-12-12,35.9,35.9,35.75,35.8,2.1481,1847690
2018-12-13,35.85,35.85,35.8,35.85,2.1511,3260710
2018-12-14,35.85,35.9,35.8,35.9,2.1541,1462360
2018-12-17,35.9,35.9,35.6,35.7,2.1421,2049490
2018-12-18,35.7,35.7,34.75,35.0,2.1001,1637490
2018-12-19,31.5,33.7,30.4,31.85,1.9111,8589640
2018-12-20,30.5,30.5,28.05,29.65,1.8894,3394030
2018-12-21,29.95,29.95,28.0,28.0,1.7843,2432260
2018-12-24,27.5,29.1,26.0,28.55,1.8193,1945230
2018-12-25,28.55,28.55,28.55,28.55,1.8193,0
2018-12-26,28.55,28.55,28.55,28.55,1.8193,0
2018-12-27,29.65,29.65,28.5,28.7,1.8289,886420
2018-12-28,28.65,28.75,28.2,28.2,1.797,1961440
2018-12-31,28.4,28.4,27.75,27.8,1.7715,872490
2019-01-01,27.8,27.8,27.8,27.8,1.7715,0
2019-01-02,27.8,27.8,27.8,27.8,1.7715,0
2019-01-03,28.4,28.8,28.4,28.4,1.8098,1110880
2019-01-04,28.6,29.75,28.6,29.65,1.8894,778020
2019-01-07,29.65,29.65,29.65,29.65,1.8894,0
2019-01-08,29.7,29.75,29.0,29.0,1.848,1177710
2019-01-09,29.4,29.4,28.7,28.7,1.8289,343000
2019-01-10,29.0,29.0,28.1,28.15,1.7938,309950
2019-01-11,28.55,28.55,27.9,28.0,1.7843,917350
2019-01-14,27.9,28.0,27.0,27.35,1.7429,699010
2019-01-15,27.35,28.8,27.3,28.8,1.8353,2459950
2019-01-16,28.8,28.8,28.35,28.45,1.813,739310
2019-01-17,28.6,28.8,28.4,28.4,1.8098,1152130
2019-01-18,28.7,29.1,28.15,28.25,1.8002,700770
2019-01-21,28.4,28.5,28.2,28.4,1.8098,98920
2019-01-22,28.4,28.4,28.3,28.4,1.8098,505110
2019-01-23,28.25,28.4,28.1,28.15,1.7938,292950
2019-01-24,28.15,28.15,28.15,28.15,1.7938,0
2019-01-25,28.3,28.3,27.95,28.1,1.7907,1962010
2019-01-28,28.35,28.35,28.05,28.05,1.7875,296460
2019-01-29,28.2,28.2,27.8,27.8,1.7715,300690
2019-01-30,27.9,28.25,27.7,28.25,1.8002,814010
2019-01-31,28.4,28.65,28.0,28.0,1.7843,2603300
2019-02-01,28.25,28.85,28.2,28.2,1.797,555690
2019-02-04,28.55,29.05,28.5,28.65,1.8257,483300
2019-02-05,28.75,29.75,28.65,29.75,1.8958,1151000
2019-02-06,29.7,30.0,29.5,29.85,1.9022,2115090
2019-02-07,30.0,30.75,30.0,30.5,1.9436,632150
2019-02-08,30.6,30.65,29.9,30.45,1.9404,1167090
2019-02-11,30.45,30.45,29.9,30.4,1.9372,430840
2019-02-12,30.45,30.95,30.45,30.9,1.9691,408610
2019-02-13,30.95,31.75,30.6,31.5,2.0073,2960740
2019-02-14,31.8,31.95,31.35,31.5,2.0073,1039990
2019-02-15,31.4,31.45,30.7,31.2,1.9882,895300
2019-02-18,31.35,32.25,31.35,32.15,2.0487,381970
2019-02-19,32.15,32.2,32.0,32.15,2.0487,339030
2019-02-20,32.15,32.3,31.7,32.0,2.0392,740950
2019-02-21,31.5,32.15,31.4,32.0,2.0392,1943840
2019-02-22,32.1,32.1,31.5,31.5,2.0073,677280
2019-02-25,31.6,31.6,30.55,30.8,1.9627,461170
2019-02-26,30.8,31.0,30.6,30.75,1.9595,1645100
2019-02-27,30.75,31.0,30.7,30.7,1.9563,70460
2019-02-28,30.9,31.15,30.3,30.3,1.9308,1085000
2019-03-01,30.35,30.6,30.3,30.35,1.934,1684120
2019-03-04,30.45,30.9,30.3,30.6,1.95,1949450
2019-03-05,30.9,30.9,30.4,30.6,1.95,2033470
2019-03-06,30.7,31.15,30.7,31.15,1.985,1689650
2019-03-07,31.15,31.2,30.8,31.0,1.9755,2048020
2019-03-08,31.0,31.35,30.95,30.95,1.9723,411180
2019-03-11,31.3,31.3,31.0,31.25,1.9914,73830
2019-03-12,31.25,31.25,30.9,31.0,1.9755,568030
2019-03-13,30.95,30.95,30.8,30.9,1.9691,71000
2019-03-14,30.8,30.9,30.05,30.55,1.9468,1390670
2019-03-15,30.5,31.0,30.15,30.15,1.9213,836050
2019-03-18,30.6,30.6,30.3,30.5,1.9436,262480
2019-03-19,30.65,30.65,30.4,30.6,1.95,2314710
2019-03-20,30.6,31.4,30.5,31.1,1.9818,585980
2019-03-21,31.25,31.5,31.15,31.25,1.9914,732250
2019-03-22,31.35,32.1,31.1,31.9,2.0328,837160
2019-03-25,31.75,32.2,31.35,32.0,2.0392,921550
2019-03-26,32.15,32.3,32.1,32.3,2.0583,836820
2019-03-27,32.35,32.7,32.15,32.7,2.0838,1066080
2019-03-28,32.7,32.75,32.4,32.65,2.0806,305930
2019-03-29,32.75,33.25,32.35,32.35,2.0615,1641610
2019-04-01,32.4,32.8,32.4,32.6,2.0774,722220
2019-04-02,32.8,32.8,32.6,32.7,2.0838,664350
2019-04-03,32.7,32.8,32.6,32.6,2.0774,618870
2019-04-04,32.7,32.8,32.7,32.7,2.0838,184360
2019-04-05,32.8,32.9,32.75,32.8,2.0902,560770
2019-04-08,32.9,33.4,32.9,33.1,2.1093,477170
2019-04-09,33.15,33.45,33.1,33.4,2.1284,318350
2019-04-10,33.5,33.5,33.1,33.2,2.1156,807560
2019-04-11,33.2,33.3,33.05,33.3,2.122,1518840
2019-04-12,33.3,33.4,33.2,33.4,2.1284,1553100
2019-04-15,33.4,33.4,33.15,33.2,2.1156,915380
2019-04-16,33.25,33.4,33.2,33.2,2.1156,693770
2019-04-17,33.2,33.35,33.1,33.15,2.1125,170240
2019-04-18,33.35,33.35,33.15,33.35,2.1252,99010
2019-04-19,33.35,33.55,33.3,33.55,2.1379,292380
2019-04-22,33.55,33.9,33.5,33.9,2.1603,1376050
2019-04-23,33.9,33.95,33.75,33.95,2.1634,1238720
2019-04-24,33.8,33.95,33.75,33.8,2.1539,135200
2019-04-25,33.75,34.3,33.75,34.25,2.1826,652290
2019-04-26,34.25,34.25,34.25,34.25,2.1826,0
2019-04-29,34.25,34.25,34.25,34.25,2.1826,0
2019-04-30,34.05,34.05,32.85,32.85,2.0933,1732400
2019-05-01,32.85,32.85,32.85,32.85,2.0933,0
2019-05-02,33.5,33.95,33.5,33.75,2.1507,954970
2019-05-03,33.85,33.95,33.75,33.8,2.1539,385400
2019-05-06,33.8,33.8,33.55,33.6,2.1411,279730
2019-05-07,33.85,33.85,33.55,33.85,2.1571,1254980
2019-05-08,33.85,33.85,33.75,33.75,2.1507,924590
2019-05-09,33.85,34.2,33.8,33.95,2.1634,542550
2019-05-10,34.0,34.2,34.0,34.05,2.1698,419150
2019-05-13,34.05,34.15,33.6,33.8,2.1539,764800
2019-05-14,33.8,33.85,33.5,33.8,2.1539,2634740
2019-05-15,34.0,34.05,33.85,34.0,2.1666,646330
2019-05-16,33.95,34.0,33.8,33.95,2.1634,1313780
2019-05-17,34.0,34.15,33.9,33.9,2.1603,2435440
2019-05-20,34.0,34.0,33.9,33.9,2.1603,184700
2019-05-21,33.9,33.9,33.65,33.7,2.1475,395770
2019-05-22,33.8,33.95,33.75,33.95,2.1634,153170
2019-05-23,33.95,34.0,33.9,33.9,2.1603,1127720
2019-05-24,33.95,34.1,33.9,34.1,2.173,2560110
2019-05-27,34.1,34.1,33.9,34.1,2.173,6899320
2019-05-28,34.1,35.1,34.1,35.1,2.2367,4507500
2019-05-29,35.1,35.45,34.8,34.85,2.2208,3606100
2019-05-30,30.9,31.9,30.85,31.6,2.2874,5345320
2019-05-31,31.8,31.85,31.55,31.6,2.2874,2448310
2019-06-03,31.55,31.6,31.15,31.6,2.2874,961240
2019-06-04,31.45,31.55,31.3,31.5,2.2801,695850
2019-06-05,31.5,31.7,31.45,31.6,2.2874,234010
2019-06-06,31.7,32.2,31.55,31.8,2.3019,818670
2019-06-07,31.7,32.3,31.7,32.2,2.3308,744700
2019-06-10,32.1,32.45,32.1,32.3,2.3381,278330
2019-06-11,32.45,32.8,32.45,32.6,2.3598,733610
2019-06-12,32.7,32.7,31.95,32.1,2.3236,350240
2019-06-13,32.0,32.3,31.8,32.0,2.3163,1050280
2019-06-14,32.4,32.4,32.0,32.0,2.3163,1102430
2019-06-17,32.0,32.0,32.0,32.0,2.3163,0
2019-06-18,32.0,32.1,31.75,31.8,2.3019,790210
2019-06-19,32.2,32.3,31.75,31.75,2.2982,766400
2019-06-20,32.0,32.0,31.75,31.9,2.3091,3616540
2019-06-21,31.9,32.2,31.8,32.0,2.3163,649680
2019-06-24,32.0,32.2,31.75,31.75,2.2982,1357970
2019-06-25,31.85,32.0,31.5,31.5,2.2801,771250
2019-06-26,31.9,31.95,31.5,31.8,2.3019,1741550
2019-06-27,31.95,32.45,31.85,32.45,2.3489,1411320
2019-06-28,32.5,32.6,32.15,32.2,2.3308,331520
2019-07-01,32.45,32.45,32.0,32.0,2.3163,575200
2019-07-02,32.45,32.45,31.75,31.75,2.2982,750960
2019-07-03,31.95,32.15,31.8,31.9,2.3091,1238010
2019-07-04,32.15,32.25,31.9,32.0,2.3163,269390
2019-07-05,32.0,32.65,32.0,32.5,2.3525,464910
2019-07-08,32.55,32.6,32.0,32.0,2.3163,282280
2019-07-09,32.4,32.4,32.0,32.3,2.3381,68370
2019-07-10,32.4,32.4,32.05,32.3,2.3381,298590
2019-07-11,32.4,32.85,32.35,32.85,2.3779,1139050
2019-07-12,32.85,33.35,32.65,33.35,2.4141,590140
2019-07-15,33.2,33.4,33.2,33.3,2.4104,353590
2019-07-16,33.3,33.4,33.2,33.35,2.4141,172840
2019-07-17,33.4,33.4,33.25,33.25,2.4068,1597610
2019-07-18,33.25,33.25,32.75,32.8,2.3742,610730
2019-07-19,32.8,33.0,32.75,32.85,2.3779,989930
2019-07-22,33.0,33.0,32.25,32.25,2.3344,555720
2019-07-23,32.7,32.7,32.45,32.5,2.3525,295470
2019-07-24,32.6,32.6,32.1,32.25,2.3344,336000
2019-07-25,32.5,32.5,32.2,32.3,2.3381,1403220
2019-07-26,32.3,32.5,32.25,32.5,2.3525,27670
2019-07-29,32.3,32.6,32.25,32.5,2.3525,372260
2019-07-30,32.5,32.7,32.35,32.4,2.3453,750840
2019-07-31,32.7,33.5,32.3,33.5,2.4249,1666820
2019-08-01,33.2,33.2,32.7,32.7,2.367,184030
2019-08-02,32.8,33.2,32.6,32.95,2.3851,360700
2019-08-05,32.9,32.95,32.55,32.6,2.3598,358210
2019-08-06,32.7,32.9,32.5,32.7,2.367,1326970
2019-08-07,33.0,33.2,32.9,32.95,2.3851,371450
2019-08-08,33.2,33.3,32.95,32.95,2.3851,563510
2019-08-09,33.0,33.0,32.8,32.85,2.3779,252950
2019-08-12,33.0,33.0,32.9,32.95,2.3851,2395940
2019-08-13,32.95,33.0,32.9,32.9,2.3815,140990
2019-08-14,33.3,33.6,32.95,32.95,2.3851,567350
2019-08-15,32.95,32.95,32.95,32.95,2.3851,0
2019-08-16,32.95,33.1,32.6,33.1,2.396,293780
2019-08-19,33.1,33.65,33.1,33.65,2.4358,407450
2019-08-20,33.6,33.6,33.35,33.6,2.4322,92740
2019-08-21,33.6,33.85,33.5,33.85,2.4503,502400
2019-08-22,33.85,33.85,33.65,33.75,2.443,148520
2019-08-23,33.8,33.8,33.15,33.15,2.3996,192570
2019-08-26,33.0,33.45,32.9,33.15,2.3996,208730
2019-08-27,33.15,34.05,33.1,34.05,2.4647,925280
2019-08-28,34.05,34.2,33.95,34.05,2.4647,464100
2019-08-29,34.1,34.15,33.75,33.9,2.4539,1427360
2019-08-30,33.85,34.0,33.8,33.9,2.4539,275060
2019-09-02,34.05,34.05,33.9,34.05,2.4647,299020
2019-09-03,34.0,34.45,34.0,34.2,2.4756,517830
2019-09-04,34.2,34.4,34.1,34.25,2.4792,1171320
2019-09-05,34.3,34.4,34.2,34.2,2.4756,83140
2019-09-06,34.45,34.45,33.95,34.1,2.4684,176930
2019-09-09,34.1,34.4,33.95,34.1,2.4684,167700
2019-09-10,34.2,34.2,33.85,33.9,2.4539,320080
2019-09-11,33.9,34.25,33.9,34.25,2.4792,3619890
2019-09-12,34.2,34.2,33.9,34.1,2.4684,61020
2019-09-13,34.15,34.3,34.0,34.2,2.4756,174560
2019-09-16,34.2,34.6,34.2,34.5,2.4973,689200
2019-09-17,34.65,34.65,34.5,34.65,2.5082,352390
2019-09-18,34.6,34.85,34.6,34.8,2.519,5718020
2019-09-19,34.9,35.4,34.7,35.4,2.5625,851810
2019-09-20,35.45,36.25,35.2,36.2,2.6204,2020480
2019-09-23,36.25,36.4,36.0,36.2,2.6204,1039070
2019-09-24,36.2,36.3,36.15,36.3,2.6276,1037050
2019-09-25,36.35,36.4,36.25,36.35,2.6312,814510
2019-09-26,36.3,36.5,36.3,36.5,2.6421,2368350
2019-09-27,37.0,37.8,36.65,36.65,2.6529,2965800
2019-09-30,37.1,37.1,36.75,36.95,2.6746,266950
2019-10-01,36.95,37.0,36.9,37.0,2.6783,1302800
2019-10-02,37.0,37.0,36.75,36.8,2.6638,5527250
2019-10-03,36.7,36.85,36.7,36.75,2.6602,268870
2019-10-04,36.85,36.95,36.8,36.8,2.6638,2347390
2019-10-07,37.0,37.0,36.9,37.0,2.6783,284300
2019-10-08,37.1,37.15,36.95,37.0,2.6783,104100
2019-10-09,36.9,37.1,36.9,37.1,2.6855,1090430
2019-10-10,37.0,37.1,36.7,36.7,2.6566,16106420
2019-10-11,36.7,37.1,36.7,37.0,2.6783,41130
2019-10-14,37.0,37.1,36.85,36.85,2.6674,156870
2019-10-15,37.15,37.15,37.0,37.0,2.6783,329770
2019-10-16,37.0,37.3,37.0,37.25,2.6964,2589940
2019-10-17,37.3,37.6,37.15,37.6,2.7217,3990060
2019-10-18,37.6,38.05,37.5,37.95,2.747,1921500
2019-10-21,38.0,38.2,38.0,38.05,2.7543,2356500
2019-10-22,38.2,38.4,38.1,38.4,2.7796,2107630
2019-10-23,38.4,38.4,38.15,38.15,2.7615,186520
2019-10-24,38.15,38.35,37.8,37.95,2.747,540130
2019-10-25,37.95,37.95,37.5,37.75,2.7326,3851640
2019-10-28,37.7,37.7,37.35,37.4,2.7072,1381070
2019-10-29,37.4,37.5,37.35,37.4,2.7072,322400
2019-10-30,37.4,37.4,37.3,37.4,2.7072,364280
2019-10-31,37.4,37.4,36.7,36.7,2.6566,5358050
2019-11-01,36.75,37.0,36.75,36.9,2.671,1890330
2019-11-04,36.95,37.25,36.9,37.0,2.6783,1105370
2019-11-05,37.25,37.25,36.8,37.0,2.6783,359930
2019-11-06,37.15,37.25,37.0,37.2,2.6927,1498470
2019-11-07,37.3,37.3,37.1,37.2,2.6927,79710
2019-11-08,37.2,37.6,37.1,37.35,2.7036,1174050
2019-11-11,37.65,37.65,37.3,37.4,2.7072,1168000
2019-11-12,37.5,37.5,37.3,37.3,2.7,647830
2019-11-13,37.45,37.5,37.35,37.5,2.7145,535880
2019-11-14,37.7,37.7,37.25,37.45,2.7108,391310
2019-11-15,37.45,37.5,37.15,37.5,2.7145,239460
2019-11-18,37.5,37.5,37.3,37.45,2.7108,1585560
2019-11-19,37.45,37.5,37.35,37.4,2.7072,757180
2019-11-20,37.45,37.65,37.4,37.5,2.7145,3433390
2019-11-21,37.55,37.65,37.5,37.65,2.7253,1117510
2019-11-22,37.65,37.7,37.5,37.65,2.7253,156460
2019-11-25,37.65,37.65,37.3,37.5,2.7145,314030
2019-11-26,37.55,37.65,37.35,37.55,2.7181,1559160
2019-11-27,37.65,37.9,37.6,37.9,2.7434,2990370
2019-11-28,38.0,38.15,37.95,38.0,2.7507,608110
2019-11-29,38.0,38.1,37.9,37.9,2.7434,3793260
2019-12-02,37.9,38.05,37.9,37.95,2.747,157940
2019-12-03,37.9,38.0,37.55,37.55,2.7181,294390
2019-12-04,37.65,38.0,37.65,38.0,2.7507,394360
2019-12-05,38.15,38.3,38.0,38.15,2.7615,1838740
2019-12-06,38.25,38.4,38.2,38.4,2.7796,261090
2019-12-09,38.4,38.45,38.2,38.4,2.7796,1141260
2019-12-10,38.25,38.35,38.15,38.2,2.7651,3854040
2019-12-11,38.15,38.15,37.4,37.65,2.7253,3805360
2019-12-12,37.8,37.9,37.4,37.55,2.7181,352300
2019-12-13,37.8,37.8,37.5,37.8,2.7362,198930
2019-12-16,37.8,38.4,37.6,38.4,2.7796,172250
2019-12-17,38.35,38.35,37.8,37.9,2.7434,588940
2019-12-18,38.0,38.0,37.75,37.8,2.7362,90860
2019-12-19,37.8,37.8,37.5,37.65,2.7253,698560
2019-12-20,37.65,37.65,37.4,37.4,2.7072,284380
2019-12-23,37.6,37.6,36.95,36.95,2.6746,924020
2019-12-24,36.95,36.95,36.95,36.95,2.6746,0
2019-12-25,36.95,36.95,36.95,36.95,2.6746,0
2019-12-26,36.95,36.95,36.95,36.95,2.6746,0
2019-12-27,37.05,37.2,36.95,37.1,2.6855,294660
2019-12-30,37.1,37.4,37.0,37.1,2.6855,292440
2019-12-31,37.1,37.1,37.1,37.1,2.6855,0
2020-01-01,37.1,37.1,37.1,37.1,2.6855,0
2020-01-02,37.1,37.1,37.1,37.1,2.6855,0
2020-01-03,37.4,37.5,36.85,36.85,2.6674,355790
2020-01-06,36.85,37.15,36.3,36.45,2.6385,532230
2020-01-07,36.45,36.9,36.45,36.7,2.6566,130780
2020-01-08,36.6,36.7,36.3,36.3,2.6276,413590
2020-01-09,36.3,36.9,36.25,36.45,2.6385,1037260
2020-01-10,36.55,36.8,36.45,36.5,2.6421,736360
2020-01-13,36.8,36.9,36.45,36.85,2.6674,233670
2020-01-14,36.9,37.1,36.7,37.05,2.6819,343520
2020-01-15,37.1,37.3,36.8,37.3,2.7,453320
2020-01-16,37.3,37.7,37.3,37.4,2.7072,436300
2020-01-17,37.65,37.8,37.6,37.7,2.7289,595950
2020-01-20,37.8,37.8,37.2,37.3,2.7,193470
2020-01-21,37.4,37.55,37.4,37.4,2.7072,301090
2020-01-22,37.6,37.7,37.3,37.45,2.7108,1268340
2020-01-23,37.65,37.65,37.15,37.15,2.6891,2213440
2020-01-24,37.15,37.15,37.15,37.15,2.6891,0
2020-01-27,37.1,37.4,36.85,36.9,2.671,1286800
2020-01-28,37.0,37.0,36.8,36.9,2.671,678790
2020-01-29,36.8,36.8,35.85,35.95,2.6023,1381990
2020-01-30,36.0,36.0,34.55,34.9,2.5263,1481410
2020-01-31,35.0,35.6,34.8,35.1,2.5407,923470
2020-02-03,35.0,35.0,34.0,34.65,2.5082,851720
2020-02-04,34.8,35.0,34.45,34.9,2.5263,918880
2020-02-05,34.6,35.15,34.6,35.15,2.5444,945060
2020-02-06,35.3,35.85,35.3,35.5,2.5697,1192230
2020-02-07,35.75,35.75,34.7,35.0,2.5335,1245980
2020-02-10,35.0,35.0,34.5,34.55,2.5009,659200
2020-02-11,34.9,35.0,34.35,34.6,2.5045,340050
2020-02-12,34.9,34.9,34.4,34.55,2.5009,157990
2020-02-13,34.75,34.75,34.4,34.6,2.5045,609320
2020-02-14,34.85,35.0,34.45,34.55,2.5009,754500
2020-02-17,34.7,35.1,34.4,35.05,2.5371,408860
2020-02-18,35.0,35.5,35.0,35.5,2.5697,410400
2020-02-19,35.5,35.85,35.4,35.85,2.595,390600
2020-02-20,35.85,36.0,35.45,35.45,2.5661,364300
2020-02-21,35.5,35.85,34.85,34.85,2.5226,370210
2020-02-24,34.4,34.45,33.3,34.15,2.472,2061360
2020-02-25,34.05,34.6,33.9,33.9,2.4539,3445270
2020-02-26,33.85,34.0,32.75,33.85,2.4503,3216990
2020-02-27,33.2,33.8,33.15,33.7,2.4394,1820610
2020-02-28,33.0,33.25,32.55,32.8,2.3742,5905680
2020-03-02,33.2,34.0,33.2,33.65,2.4358,3903210
2020-03-03,34.25,34.6,34.25,34.55,2.5009,2891900
2020-03-04,34.5,34.85,33.9,34.85,2.5226,1543210
2020-03-05,34.9,34.9,33.6,34.35,2.4864,972230
2020-03-06,34.15,34.15,33.0,33.65,2.4358,2420370
2020-03-09,30.0,32.5,30.0,31.9,2.3091,5518250
2020-03-10,32.1,32.6,31.05,31.4,2.2729,2445480
2020-03-11,31.0,31.3,30.0,30.05,2.1752,2690700
2020-03-12,29.05,29.05,27.9,28.6,2.0702,4413610
2020-03-13,28.6,30.2,28.0,28.0,2.0268,2366570
2020-03-16,27.95,27.95,25.8,26.15,1.8929,2308940
2020-03-17,26.8,27.7,25.5,26.85,1.9436,3548090
2020-03-18,26.85,26.85,25.65,26.4,1.911,3004630
2020-03-19,26.4,27.75,26.0,27.75,2.0087,1622450
2020-03-20,27.05,27.5,26.35,26.5,1.9182,2296910
2020-03-23,26.0,26.0,24.9,25.8,1.8675,4397130
2020-03-24,26.5,26.75,26.0,26.5,1.9182,637060
2020-03-25,27.25,27.7,27.0,27.5,1.9906,2360770
2020-03-26,27.45,27.65,27.2,27.6,1.9978,644690
2020-03-27,27.8,27.8,27.2,27.2,1.9689,1008180
2020-03-30,27.25,27.5,27.05,27.5,1.9906,252810
2020-03-31,27.55,27.95,27.5,27.95,2.0232,938680
2020-04-01,27.5,27.95,27.4,27.7,2.0051,676300
2020-04-02,27.7,28.15,27.65,27.85,2.0159,3238300
2020-04-03,28.05,28.15,27.9,27.9,2.0196,352970
2020-04-06,28.1,28.45,28.1,28.4,2.0558,489810
2020-04-07,28.6,29.65,28.6,29.5,2.1354,1849180
2020-04-08,29.6,29.65,28.9,29.0,2.0992,438720
2020-04-09,29.65,29.65,28.85,29.0,2.0992,1148830
2020-04-10,29.2,29.7,29.2,29.7,2.1499,444840
2020-04-13,29.7,29.7,29.05,29.25,2.1173,288930
2020-04-14,29.3,29.3,28.7,28.75,2.0811,3611280
2020-04-15,29.1,29.1,28.1,28.45,2.0594,725240
2020-04-16,28.65,28.8,28.2,28.3,2.0485,466300
2020-04-17,28.3,28.3,28.3,28.3,2.0485,0
2020-04-20,28.3,28.3,28.3,28.3,2.0485,0
2020-04-21,28.7,28.7,27.25,27.25,1.9725,3700880
2020-04-22,27.65,28.1,27.45,27.65,2.0015,551800
2020-04-23,28.0,28.9,27.75,27.75,2.0087,306040
2020-04-24,27.85,27.9,27.4,27.5,1.9906,560200
2020-04-27,27.9,28.2,27.45,27.7,2.0051,3016320
2020-04-28,27.7,28.5,27.7,28.5,2.063,3211670
2020-04-29,28.5,29.25,28.4,29.2,2.1137,852450
2020-04-30,29.2,29.2,27.85,27.85,2.0159,3162400
2020-05-01,27.85,27.85,27.85,27.85,2.0159,0
2020-05-04,27.9,28.5,27.7,28.0,2.0268,553140
2020-05-05,28.55,28.55,28.0,28.3,2.0485,579390
2020-05-06,28.5,28.5,27.95,28.4,2.0558,960530
2020-05-07,28.4,28.4,28.15,28.25,2.0449,515220
2020-05-08,28.65,29.0,28.55,28.8,2.0847,1024560
2020-05-11,29.0,29.45,28.9,29.45,2.1318,1963120
2020-05-12,29.4,29.75,29.2,29.7,2.1499,471430
2020-05-13,29.5,29.7,29.0,29.0,2.0992,417580
2020-05-14,29.0,29.15,28.65,29.1,2.1064,500250
2020-05-15,29.35,29.75,29.35,29.35,2.1245,412810
2020-05-18,29.55,30.0,29.3,30.0,2.1716,1016030
2020-05-19,30.1,30.75,29.9,30.5,2.2078,879250
2020-05-20,30.6,30.6,30.0,30.45,2.2041,310620
2020-05-21,30.5,31.8,30.2,31.7,2.2946,1624840
2020-05-22,31.75,31.9,31.05,31.6,2.2874,705340
2020-05-25,31.6,31.8,31.4,31.6,2.2874,487900
2020-05-26,31.6,31.9,31.1,31.15,2.2548,467750
2020-05-27,31.2,31.75,31.15,31.15,2.2548,715550
2020-05-28,31.2,31.6,31.0,31.1,2.2512,1473300
2020-05-29,31.2,31.2,30.5,30.5,2.2078,775730
2020-06-01,30.5,30.5,30.5,30.5,2.2078,0
2020-06-02,30.9,31.6,30.7,31.2,2.2584,3168640
2020-06-03,31.45,31.9,31.35,31.65,2.291,1593990
2020-06-04,31.7,31.8,31.3,31.7,2.2946,548120
2020-06-05,31.7,31.9,31.1,31.1,2.2512,871850
2020-06-08,31.1,31.1,31.1,31.1,2.2512,0
2020-06-09,31.75,31.8,31.05,31.25,2.2621,639210
2020-06-10,31.7,31.7,31.15,31.5,2.2801,479190
2020-06-11,31.5,31.5,30.8,31.0,2.244,450300
2020-06-12,30.7,31.55,30.1,31.55,2.2838,298110
2020-06-15,31.0,31.25,30.7,31.2,2.2584,1080670
2020-06-16,31.45,32.3,31.45,32.05,2.32,962940
2020-06-17,32.1,32.55,32.1,32.4,2.3453,472050
2020-06-18,32.4,32.7,32.2,32.4,2.3453,177650
2020-06-19,32.6,32.6,31.7,31.7,2.2946,330160
2020-06-22,31.7,32.0,31.7,31.95,2.3127,205210
2020-06-23,31.95,32.25,31.95,32.0,2.3163,231740
2020-06-24,32.0,32.0,31.7,31.8,2.3019,445740
2020-06-25,31.8,31.95,31.25,31.6,2.2874,769860
2020-06-26,31.85,32.1,31.7,32.0,2.3163,517260
2020-06-29,32.0,32.0,31.65,31.9,2.3091,424790
2020-06-30,31.9,31.95,31.85,31.9,2.3091,573740
2020-07-01,31.9,31.95,31.8,31.85,2.3055,1748740
2020-07-02,30.35,30.5,30.25,30.25,2.3062,679460
2020-07-03,30.3,30.3,30.15,30.3,2.3101,310970
2020-07-06,30.35,30.45,30.25,30.45,2.3215,1077940
2020-07-07,30.4,30.4,30.3,30.4,2.3177,255880
2020-07-08,30.4,30.4,30.25,30.4,2.3177,210550
2020-07-09,30.35,30.35,30.15,30.25,2.3062,149360
2020-07-10,30.25,30.25,30.1,30.1,2.2948,1476290
2020-07-13,30.25,30.25,30.1,30.2,2.3024,2247930
2020-07-14,30.15,30.25,30.0,30.05,2.291,433640
2020-07-15,30.2,30.2,30.0,30.0,2.2872,250600
2020-07-16,30.15,30.2,30.0,30.1,2.2948,167140
2020-07-17,30.25,30.25,30.05,30.15,2.2986,561610
2020-07-20,30.1,30.15,29.9,29.9,2.2796,412260
2020-07-21,30.0,30.45,30.0,30.4,2.3177,1817490
2020-07-22,30.4,30.4,30.2,30.25,2.3062,141730
2020-07-23,30.2,30.3,30.0,30.25,2.3062,760650
2020-07-24,30.2,30.25,30.1,30.1,2.2948,229600
2020-07-27,30.2,30.25,30.0,30.0,2.2872,313070
2020-07-28,30.1,30.2,30.0,30.15,2.2986,478200
2020-07-29,30.2,30.2,29.6,29.6,2.2567,374490
2020-07-30,30.0,30.05,28.5,29.0,2.2109,594370
2020-07-31,29.0,29.4,28.45,28.45,2.169,561000
2020-08-03,28.55,28.7,28.45,28.65,2.1843,266110
2020-08-04,28.65,29.0,28.65,29.0,2.2109,209200
2020-08-05,29.0,29.1,28.75,29.0,2.2109,131570
2020-08-06,29.1,29.25,29.0,29.0,2.2109,283030
2020-08-07,29.2,29.25,28.9,28.9,2.2033,136250
2020-08-10,29.2,29.2,28.65,28.65,2.1843,436120
2020-08-11,28.8,29.0,28.65,29.0,2.2109,305990
2020-08-12,29.0,29.0,28.65,28.9,2.2033,286340
2020-08-13,29.0,29.0,28.6,28.6,2.1804,519610
2020-08-14,28.6,28.9,28.45,28.55,2.1766,821510
2020-08-17,29.0,29.25,28.8,29.15,2.2224,199790
2020-08-18,29.2,29.2,28.75,29.15,2.2224,67390
2020-08-19,28.8,29.15,28.25,28.45,2.169,834360
2020-08-20,28.6,28.7,28.4,28.5,2.1728,398750
2020-08-21,28.5,28.7,28.45,28.5,2.1728,1814730
2020-08-24,28.6,28.7,28.25,28.25,2.1538,421750
2020-08-25,28.45,28.7,28.35,28.45,2.169,366510
2020-08-26,28.6,28.7,28.55,28.6,2.1804,909520
2020-08-27,28.7,28.9,28.65,28.8,2.1957,2789290
2020-08-28,28.9,29.1,28.8,28.95,2.2071,552400
2020-08-31,28.95,29.5,28.95,29.5,2.2491,1589040
2020-09-01,29.45,29.45,28.95,28.95,2.2071,702650
2020-09-02,29.4,29.4,29.0,29.15,2.2224,2225890
2020-09-03,29.3,29.3,29.1,29.2,2.2262,3106180
2020-09-04,29.0,29.2,28.85,29.1,2.2186,824910
2020-09-07,29.1,29.2,28.95,29.15,2.2224,1182730
2020-09-08,29.15,29.35,29.1,29.2,2.2262,370320
2020-09-09,29.0,29.1,28.8,28.9,2.2033,245090
2020-09-10,29.0,29.1,28.8,29.0,2.2109,311710
2020-09-11,29.0,29.25,29.0,29.15,2.2224,513170
2020-09-14,29.15,29.3,29.1,29.1,2.2186,421410
2020-09-15,29.2,29.2,28.95,29.05,2.2148,601300
2020-09-16,29.1,29.2,29.0,29.0,2.2109,158600
2020-09-17,29.0,29.1,28.85,28.95,2.2071,126080
2020-09-18,29.0,29.0,28.5,28.5,2.1728,813310
2020-09-21,28.7,28.9,28.1,28.25,2.1538,563640
2020-09-22,28.25,28.7,28.25,28.5,2.1728,432970
2020-09-23,28.6,28.7,28.3,28.5,2.1728,824200
2020-09-24,28.25,28.5,28.0,28.0,2.1347,408080
2020-09-25,28.35,28.35,27.8,28.0,2.1347,363180
2020-09-28,28.05,28.3,28.0,28.0,2.1347,318980
2020-09-29,28.3,28.75,28.0,28.75,2.1919,303420
2020-09-30,28.5,28.5,28.25,28.45,2.169,70350
2020-10-01,28.45,28.5,28.3,28.5,2.1728,198680
2020-10-02,28.5,28.6,28.4,28.4,2.1652,802800
2020-10-05,28.4,28.5,28.3,28.4,2.1652,92400
2020-10-06,28.35,28.4,28.2,28.3,2.1576,158630
2020-10-07,28.4,28.45,28.35,28.35,2.1614,1016270
2020-10-08,28.35,28.5,28.25,28.4,2.1652,2762470
2020-10-09,28.5,28.5,28.3,28.5,2.1728,2292060
2020-10-12,28.55,28.55,28.3,28.45,2.169,175700
2020-10-13,28.5,28.5,28.4,28.45,2.169,757380
2020-10-14,28.5,28.5,28.1,28.1,2.1423,121630
2020-10-15,28.3,28.3,28.0,28.05,2.1385,954190
2020-10-16,28.05,28.2,27.9,27.95,2.1309,2694800
2020-10-19,28.0,28.15,27.85,27.85,2.1233,745110
2020-10-20,27.85,28.0,27.3,27.4,2.089,787950
2020-10-21,27.9,27.9,26.85,27.05,2.0623,1681490
2020-10-22,27.05,27.1,26.9,26.9,2.0508,661420
2020-10-23,26.95,27.5,26.95,27.15,2.0699,3425200
2020-10-26,27.15,27.15,26.8,26.8,2.0432,677020
2020-10-27,27.0,27.3,26.8,27.1,2.0661,951210
2020-10-28,27.4,27.4,26.45,26.5,2.0203,1217870
2020-10-29,26.6,26.85,26.25,26.3,2.0051,1165460
2020-10-30,26.3,26.35,25.75,25.75,1.9632,1458400
2020-11-02,25.95,26.3,25.8,26.1,1.9899,1721580
2020-11-03,26.3,27.0,26.3,27.0,2.0585,3160070
2020-11-04,27.2,27.3,26.75,26.9,2.0508,735290
2020-11-05,27.1,27.4,27.0,27.3,2.0813,975670
2020-11-06,27.6,27.9,27.4,27.4,2.089,403310
2020-11-09,27.85,28.35,27.6,28.3,2.1576,1543910
2020-11-10,28.45,28.65,27.65,28.0,2.1347,424720
2020-11-11,28.0,28.3,27.8,28.0,2.1347,701110
2020-11-12,28.05,28.05,27.4,27.45,2.0928,508610
2020-11-13,27.45,27.45,26.35,26.8,2.0432,2025550
2020-11-16,26.9,27.1,26.0,26.75,2.0394,4495220
2020-11-17,26.5,26.75,26.45,26.5,2.0203,499980
2020-11-18,26.6,26.7,26.15,26.25,2.0013,2246010
2020-11-19,26.35,26.65,26.25,26.3,2.0051,2641070
2020-11-20,26.5,26.6,26.25,26.4,2.0127,2850270
2020-11-23,26.6,26.95,26.6,26.8,2.0432,1339010
2020-11-24,26.95,27.85,26.8,27.7,2.1118,4291840
2020-11-25,27.7,28.15,27.2,27.25,2.0775,623700
2020-11-26,27.25,27.75,27.25,27.3,2.0813,7718970
2020-11-27,27.6,28.1,27.4,27.95,2.1309,1210020
2020-12-02,28.0,28.1,27.8,27.95,2.1309,4213530
2020-12-03,28.0,28.4,27.95,28.3,2.1576,2900600
2020-12-04,28.35,28.65,28.35,28.55,2.1766,686220
2020-12-07,28.6,28.6,28.05,28.4,2.1652,314520
2020-12-08,28.45,28.5,28.1,28.3,2.1576,112410
2020-12-09,28.4,28.6,28.3,28.45,2.169,273450
2020-12-10,28.6,28.6,28.15,28.2,2.15,233080
2020-12-11,28.15,28.3,28.0,28.3,2.1576,584890
2020-12-14,28.2,28.55,28.1,28.5,2.1728,301660
2020-12-15,28.5,28.55,28.3,28.35,2.1614,72230
2020-12-16,28.35,28.4,28.15,28.35,2.1614,550670
2020-12-17,28.5,28.55,28.2,28.25,2.1538,528000
2020-12-18,28.4,28.5,28.3,28.45,2.169,369840
2020-12-21,28.3,28.35,27.6,28.05,2.1385,998860
2020-12-22,28.2,28.25,27.95,28.05,2.1385,164090
2020-12-23,28.05,28.5,28.0,28.15,2.1461,702480
2020-12-28,28.15,28.35,28.05,28.05,2.1385,475030
2020-12-29,28.1,28.3,28.0,28.15,2.1461,512870
2020-12-30,28.15,28.25,28.1,28.1,2.1423,545340
2021-01-04,28.15,28.55,28.15,28.45,2.169,346540
2021-01-05,28.45,28.45,28.2,28.35,2.1614,341040
2021-01-06,28.25,28.7,28.25,28.6,2.1804,1684760
2021-01-07,28.6,28.75,28.6,28.6,2.1804,665840
2021-01-08,28.7,28.8,28.6,28.7,2.1881,669890
2021-01-11,28.7,29.0,28.7,28.9,2.2033,575130
2021-01-12,29.0,29.9,29.0,29.85,2.2757,705270
2021-01-13,29.95,30.9,29.95,30.7,2.3406,1489410
2021-01-14,30.7,31.0,30.65,30.8,2.3482,422100
2021-01-15,30.85,30.85,30.0,30.35,2.3139,349050
2021-01-18,30.2,30.7,30.15,30.15,2.2986,283800
2021-01-19,30.3,30.8,30.1,30.65,2.3367,865140
2021-01-20,30.6,30.7,30.35,30.6,2.3329,469390
2021-01-21,30.75,31.25,30.65,31.25,2.3825,765020
2021-01-22,31.25,31.25,30.65,31.15,2.3749,337940
2021-01-25,31.15,31.15,30.8,31.05,2.3672,478480
2021-01-26,31.0,31.1,30.8,31.05,2.3672,415080
2021-01-27,31.05,31.25,31.0,31.05,2.3672,654190
2021-01-28,30.8,31.2,30.7,31.05,2.3672,419790
2021-01-29,31.0,31.15,30.85,30.9,2.3558,239250
2021-02-01,30.9,31.25,30.9,31.1,2.371,306420
2021-02-02,31.2,31.45,31.1,31.45,2.3977,519360
2021-02-03,31.45,31.5,31.2,31.2,2.3787,360400
2021-02-04,31.35,31.9,31.3,31.85,2.4282,1035370
2021-02-05,31.85,32.3,31.6,32.25,2.4587,923960
2021-02-08,32.25,32.5,32.15,32.5,2.4778,813210
2021-02-09,32.5,32.8,32.3,32.65,2.4892,1983320
2021-02-10,32.65,32.65,32.3,32.45,2.474,637440
2021-02-11,32.5,32.7,32.25,32.6,2.4854,662560
2021-02-12,32.65,32.7,32.25,32.5,2.4778,582000
2021-02-15,32.5,32.6,32.3,32.5,2.4778,409960
2021-02-16,32.55,32.7,32.5,32.5,2.4778,698460
2021-02-17,32.65,32.75,32.45,32.65,2.4892,219260
2021-02-18,32.55,32.65,32.45,32.6,2.4854,1105270
2021-02-19,32.65,32.65,31.5,31.85,2.4282,298850
2021-02-22,32.1,32.1,31.1,31.2,2.3787,238930
2021-02-23,31.15,31.65,31.15,31.55,2.4054,726790
2021-02-24,31.6,32.0,31.3,31.55,2.4054,220860
2021-02-25,32.2,32.5,31.85,32.2,2.4549,566750
2021-02-26,32.45,32.45,31.65,31.75,2.4206,1889870
2021-03-01,31.75,31.95,31.75,31.9,2.432,74850
2021-03-02,31.9,32.0,31.75,31.85,2.4282,41880
2021-03-03,31.8,31.9,31.65,31.65,2.413,93980
2021-03-04,31.65,32.0,31.6,32.0,2.4397,306530
2021-03-05,32.0,32.1,31.75,31.8,2.4244,236990
2021-03-08,32.0,32.5,31.9,32.4,2.4702,428190
2021-03-09,32.5,32.6,32.1,32.6,2.4854,365140
2021-03-10,32.5,32.9,32.4,32.4,2.4702,499120
2021-03-11,32.7,32.95,32.6,32.95,2.5121,681130
2021-03-12,32.9,33.45,32.5,33.0,2.5159,774050
2021-03-15,32.95,33.65,32.95,32.95,2.5121,784030
2021-03-16,33.2,33.2,32.8,33.1,2.5235,489890
2021-03-17,33.0,33.15,32.85,33.0,2.5159,1046980
2021-03-18,33.1,33.1,32.7,33.0,2.5159,1026960
2021-03-19,32.85,33.05,32.75,33.0,2.5159,283880
2021-03-22,33.05,33.05,32.8,32.95,2.5121,336860
2021-03-23,32.9,32.95,32.7,32.75,2.4968,630530
2021-03-24,32.85,32.95,32.05,32.6,2.4854,620580
2021-03-25,32.6,32.65,32.5,32.6,2.4854,214240
2021-03-26,32.7,32.7,32.15,32.25,2.4587,254870
2021-03-29,32.15,32.55,32.15,32.45,2.474,137800
2021-03-30,32.4,32.8,32.3,32.8,2.5007,582700
2021-03-31,32.8,33.2,32.8,33.2,2.5312,1577060
2021-04-01,33.25,33.6,33.2,33.6,2.5616,3183200
2021-04-02,33.6,33.65,33.0,33.2,2.5312,307930
2021-04-05,33.4,33.6,33.1,33.4,2.5464,553390
2021-04-06,33.3,33.5,33.1,33.3,2.5388,2034340
2021-04-07,33.5,33.5,33.1,33.3,2.5388,356940
2021-04-08,33.4,33.5,33.35,33.35,2.5426,711060
2021-04-09,33.5,33.5,33.45,33.5,2.554,387730
2021-04-12,33.5,33.5,33.1,33.25,2.535,251780
2021-04-13,33.35,33.35,33.0,33.1,2.5235,104260
2021-04-14,33.3,33.3,32.9,32.95,2.5121,262290
2021-04-15,33.2,33.2,32.85,33.0,2.5159,599800
2021-04-16,32.8,33.0,32.8,32.85,2.5045,150520
2021-04-19,32.95,33.0,32.5,32.55,2.4816,709540
2021-04-20,32.55,32.9,32.55,32.8,2.5007,236240
2021-04-21,32.9,32.95,32.2,32.2,2.4549,796340
2021-04-22,32.2,32.45,32.2,32.25,2.4587,3126270
2021-04-23,32.3,32.65,32.3,32.5,2.4778,546080
2021-04-26,32.5,32.65,32.4,32.45,2.474,2411310
2021-04-27,32.45,32.85,32.4,32.4,2.4702,444470
2021-04-28,32.6,32.8,32.45,32.55,2.4816,223790
2021-04-29,32.7,33.0,32.6,32.6,2.4854,186920
2021-05-04,32.6,33.0,32.6,32.75,2.4968,259200
2021-05-05,32.95,33.05,32.9,33.05,2.5197,313800
2021-05-06,33.1,33.1,32.95,32.95,2.5121,205510
2021-05-07,33.0,33.1,32.85,33.0,2.5159,261990
2021-05-10,32.9,33.35,32.9,33.25,2.535,417800
2021-05-11,33.35,33.35,32.8,33.0,2.5159,67350
2021-05-12,33.0,33.15,32.85,33.15,2.5273,82040
2021-05-13,33.15,33.15,32.9,33.0,2.5159,395080
2021-05-14,33.0,33.15,32.7,33.0,2.5159,490520
2021-05-17,33.2,33.2,32.9,33.0,2.5159,246650
2021-05-18,33.0,33.1,32.95,32.95,2.5121,119760
2021-05-19,33.0,33.15,32.95,33.05,2.5197,287250
2021-05-20,33.15,33.15,32.85,32.85,2.5045,235990
2021-05-21,32.85,33.1,32.85,32.85,2.5045,547830
2021-05-24,32.9,33.0,32.8,32.8,2.5007,192580
2021-05-25,32.8,33.05,32.75,33.0,2.5159,116030
2021-05-26,33.0,33.05,32.9,32.95,2.5121,491610
2021-05-27,32.95,32.95,31.9,31.9,2.432,1131970
2021-05-28,32.5,32.8,32.4,32.8,2.5007,470620
2021-05-31,32.65,33.0,32.5,32.5,2.4778,141030
2021-06-02,32.85,33.25,32.85,33.2,2.5312,1520650
2021-06-03,33.3,33.35,32.8,32.8,2.5007,516180
2021-06-04,32.95,32.95,32.7,32.7,2.493,405450
2021-06-07,31.0,31.4,30.9,31.1,2.5084,864950
2021-06-08,31.15,31.2,31.0,31.1,2.5084,1308620
2021-06-09,31.1,31.1,30.9,30.9,2.4922,202790
2021-06-10,31.0,31.05,30.55,30.55,2.464,219460
2021-06-11,30.9,31.0,30.8,30.8,2.4842,208830
2021-06-14,31.0,31.0,30.7,30.7,2.4761,556780
2021-06-15,30.75,30.85,30.5,30.55,2.464,1047550
2021-06-16,30.95,31.05,30.4,30.85,2.4882,2308670
2021-06-17,30.95,30.95,30.8,30.9,2.4922,122200
2021-06-18,30.95,30.95,30.75,30.75,2.4801,83720
2021-06-22,30.75,30.85,30.2,30.2,2.4358,2875730
2021-06-23,30.6,30.6,30.3,30.35,2.4479,256390
2021-06-24,30.6,30.8,30.4,30.7,2.4761,424560
2021-06-25,30.8,31.2,30.55,31.15,2.5124,520400
2021-06-28,31.2,31.4,30.95,31.3,2.5245,805010
2021-06-29,31.3,31.35,31.1,31.3,2.5245,83300
2021-06-30,31.35,31.6,31.2,31.55,2.5447,393780
2021-07-01,31.55,31.7,31.45,31.7,2.5567,201600
2021-07-02,31.7,31.75,30.7,31.0,2.5003,2312270
2021-07-05,31.4,31.5,31.1,31.3,2.5245,46410
2021-07-06,31.25,31.5,30.95,31.0,2.5003,786090
2021-07-07,31.0,31.35,30.65,30.75,2.4801,202990
2021-07-08,31.25,31.25,30.75,31.1,2.5084,140090
2021-07-09,30.9,31.3,30.9,31.25,2.5205,184540
2021-07-12,31.25,31.7,31.1,31.7,2.5567,1079170
2021-07-13,31.6,31.75,31.6,31.65,2.5527,161570
2021-07-14,31.7,31.75,31.5,31.55,2.5447,945640
2021-07-15,31.7,31.7,31.5,31.7,2.5567,406140
2021-07-16,31.7,31.7,31.3,31.3,2.5245,1076590
2021-07-19,31.5,31.55,30.55,30.55,2.464,354570
2021-07-20,30.95,30.95,30.6,30.75,2.4801,111900
2021-07-21,30.7,31.25,30.6,31.25,2.5205,124270
2021-07-22,31.3,31.3,30.8,31.15,2.5124,702270
2021-07-23,31.2,31.2,30.65,30.8,2.4842,200410
2021-07-26,30.8,30.95,30.65,30.75,2.4801,101810
2021-07-27,30.9,30.9,30.5,30.5,2.46,485220
2021-07-28,30.9,30.9,30.4,30.8,2.4842,374540
2021-07-29,30.85,31.35,30.45,31.35,2.5285,295610
2021-07-30,31.3,31.3,30.85,31.1,2.5084,1631820
2021-08-02,31.25,31.25,30.9,31.0,2.5003,132320
2021-08-03,31.1,31.1,30.8,30.8,2.4842,144130
2021-08-04,31.05,31.1,31.0,31.1,2.5084,83950
2021-08-05,31.2,31.2,30.75,31.1,2.5084,134000
2021-08-06,31.0,31.55,31.0,31.3,2.5245,1296240
2021-08-09,31.5,31.6,31.3,31.45,2.5366,363580
2021-08-10,31.5,32.15,31.15,32.0,2.5809,4512390
2021-08-11,32.15,32.6,32.15,32.4,2.6132,857010
2021-08-12,32.55,32.8,32.3,32.3,2.6051,432460
2021-08-13,32.15,32.3,31.8,32.3,2.6051,1059340
2021-08-16,31.95,32.5,31.95,32.45,2.6172,263840
2021-08-17,32.45,32.6,32.3,32.45,2.6172,494680
2021-08-18,32.55,32.55,32.3,32.45,2.6172,284730
2021-08-19,32.45,32.45,32.0,32.0,2.5809,785230
2021-08-20,32.3,32.5,32.0,32.3,2.6051,58790
2021-08-23,32.4,32.45,32.15,32.45,2.6172,105590
2021-08-24,32.35,32.45,32.15,32.3,2.6051,777070
2021-08-25,32.3,32.45,32.0,32.0,2.5809,391210
2021-08-26,32.3,32.5,32.25,32.5,2.6213,268470
2021-08-27,32.45,32.8,32.45,32.7,2.6374,473280
2021-08-30,32.6,33.25,32.6,33.15,2.6737,718550
2021-08-31,33.15,33.2,31.7,31.7,2.5567,1362150
2021-09-01,32.6,32.65,31.4,31.7,2.5567,2290240
2021-09-02,32.1,32.1,31.8,31.85,2.5688,130960
2021-09-03,32.1,32.55,32.0,32.2,2.5971,308260
2021-09-06,32.5,32.85,32.1,32.35,2.6092,348840
2021-09-07,32.7,32.8,32.4,32.4,2.6132,75210
2021-09-08,32.4,32.85,32.2,32.85,2.6495,308570
2021-09-09,32.85,33.3,32.6,33.3,2.6858,810440
2021-09-10,33.3,33.5,33.2,33.25,2.6818,465560
2021-09-13,33.35,33.35,32.6,32.6,2.6293,1521130
2021-09-14,32.7,32.75,32.45,32.55,2.6253,469780
2021-09-15,32.6,32.8,32.0,32.0,2.5809,1495520
2021-09-16,32.1,32.35,32.0,32.15,2.593,695440
2021-09-17,32.35,32.7,32.3,32.7,2.6374,273090
2021-09-20,32.6,33.25,32.4,33.1,2.6697,674080
2021-09-21,32.7,33.35,32.65,33.3,2.6858,880170
2021-09-22,33.5,34.35,33.5,33.65,2.714,2138470
2021-09-23,33.8,33.9,33.55,33.85,2.7302,425200
2021-09-24,33.85,34.8,33.85,34.4,2.7745,2396310
2021-09-27,34.6,35.6,34.6,35.0,2.8229,2114570
2021-09-28,35.2,35.65,34.6,35.0,2.8229,1296600
2021-09-29,35.15,35.15,34.8,34.95,2.8189,207520
2021-09-30,34.8,35.15,34.7,34.8,2.8068,652330
2021-10-01,34.9,34.9,34.4,34.8,2.8068,588120
2021-10-04,35.0,35.15,34.5,35.0,2.8229,2695450
2021-10-05,35.1,35.1,34.65,35.0,2.8229,564500
2021-10-06,35.05,35.1,34.9,35.1,2.831,708450
2021-10-07,35.0,35.1,34.85,35.1,2.831,276300
2021-10-08,35.1,35.4,35.0,35.2,2.839,426800
2021-10-11,35.45,35.85,35.35,35.35,2.8511,585530
2021-10-12,35.35,35.75,35.0,35.0,2.8229,328500
2021-10-13,35.45,35.45,34.95,35.3,2.8471,627580
2021-10-14,35.3,35.5,34.95,35.1,2.831,236600
2021-10-15,35.1,35.3,35.0,35.0,2.8229,201900
2021-10-18,35.25,35.7,35.2,35.5,2.8632,633700
2021-10-19,35.6,35.8,35.5,35.7,2.8794,443780
2021-10-20,35.8,36.3,35.7,36.05,2.9076,920470
2021-10-21,36.25,36.65,36.05,36.05,2.9076,658730
2021-10-22,36.45,37.0,36.1,36.95,2.9802,630880
2021-10-25,37.0,38.0,37.0,37.3,3.0084,4571320
2021-10-26,37.5,38.0,37.2,37.75,3.0447,855750
2021-10-27,38.1,38.65,37.5,37.85,3.0528,1686220
2021-10-28,37.9,38.1,37.7,37.8,3.0487,411360
2021-10-29,37.85,37.95,37.3,37.3,3.0084,327700
2021-11-01,37.55,37.85,36.3,36.4,2.9358,767870
2021-11-02,36.65,37.3,36.6,36.7,2.96,218800
2021-11-03,36.7,37.35,36.1,37.35,3.0124,867370
2021-11-04,37.25,37.7,36.9,37.15,2.9963,131020
2021-11-05,37.05,37.15,36.55,37.0,2.9842,262510
2021-11-08,37.0,37.0,36.2,36.2,2.9197,351860
2021-11-09,36.15,36.15,35.5,35.8,2.8874,673510
2021-11-10,35.7,35.7,35.0,35.1,2.831,418290
2021-11-11,35.1,35.5,34.85,35.0,2.8229,895440
2021-11-12,35.35,35.8,35.0,35.2,2.839,713770
2021-11-15,35.5,36.0,35.1,35.1,2.831,606560
2021-11-16,35.15,35.85,35.15,35.15,2.835,456750
2021-11-17,35.5,35.75,35.15,35.55,2.8673,1840630
2021-11-18,35.85,35.85,35.5,35.8,2.8874,279840
2021-11-19,35.9,35.95,34.55,34.8,2.8068,926240
2021-11-22,35.25,35.4,34.9,35.3,2.8471,141490
2021-11-23,35.3,35.55,34.6,34.7,2.7987,324370
2021-11-24,34.65,35.3,34.65,35.2,2.839,332820
2021-11-25,34.95,35.65,34.95,35.5,2.8632,139120
2021-11-26,35.15,35.45,33.55,33.55,2.706,1799690
2021-11-29,33.45,34.0,33.3,33.5,2.7019,2396440
2021-12-02,33.6,33.9,33.45,33.8,2.7261,2028590
2021-12-03,34.0,35.3,34.0,35.1,2.831,437410
2021-12-06,35.4,37.1,35.4,36.65,2.956,1286850
2021-12-07,36.7,37.2,36.7,37.05,2.9883,1509660
2021-12-08,37.2,37.5,37.2,37.25,3.0044,484600
2021-12-09,37.25,37.3,36.85,37.0,2.9842,414490
2021-12-10,37.1,37.1,36.65,37.0,2.9842,229870
2021-12-13,37.1,37.1,36.25,36.25,2.9237,687520
2021-12-14,36.8,36.95,36.3,36.75,2.9641,1826300
2021-12-15,36.85,37.0,36.05,36.8,2.9681,1554940
2021-12-16,37.0,37.0,36.4,36.85,2.9721,1966660
2021-12-17,36.85,36.85,36.35,36.5,2.9439,120050
2021-12-20,36.15,36.55,36.0,36.45,2.9399,540380
2021-12-21,36.65,36.95,36.4,36.4,2.9358,231650
2021-12-22,36.55,37.0,36.55,36.9,2.9762,169330
2021-12-23,37.0,37.7,37.0,37.5,3.0245,612290
2021-12-27,37.5,38.1,37.5,38.0,3.0649,743630
2021-12-28,38.15,38.95,38.0,38.8,3.1294,1029250
2021-12-29,38.85,39.2,38.6,39.0,3.1455,1539470
2021-12-30,38.95,39.2,38.5,39.0,3.1455,1013590
2022-01-03,39.0,39.0,37.95,37.95,3.0608,269970
2022-01-04,38.4,38.4,37.75,37.9,3.0568,453700
2022-01-05,38.2,38.2,37.65,37.65,3.0366,324840
2022-01-06,37.5,37.5,37.05,37.2,3.0003,356440
2022-01-07,37.25,37.7,37.25,37.5,3.0245,498610
2022-01-10,37.75,38.0,37.4,38.0,3.0649,362250
2022-01-11,37.6,38.0,37.4,37.65,3.0366,364950
2022-01-12,37.75,38.45,37.45,38.45,3.1012,822540
2022-01-13,38.45,38.45,38.0,38.05,3.0689,352680
2022-01-14,38.2,38.4,37.85,38.0,3.0649,439500
2022-01-17,38.05,38.05,37.0,37.05,2.9883,320090
2022-01-18,37.1,37.4,36.6,36.85,2.9721,417310
2022-01-19,36.4,36.6,35.6,36.25,2.9237,684830
2022-01-20,36.45,36.45,35.9,36.2,2.9197,240830
2022-01-21,36.0,36.25,35.2,36.25,2.9237,746730
2022-01-25,35.2,35.9,34.7,35.9,2.8955,1763780
2022-01-26,35.85,37.4,35.85,37.1,2.9923,561780
2022-01-27,36.9,37.2,36.05,37.05,2.9883,152710
2022-01-28,37.75,38.0,37.45,37.65,3.0366,534790
2022-01-31,37.95,38.1,37.6,37.85,3.0528,649840
2022-02-01,37.8,38.1,37.8,37.95,3.0608,660830
2022-02-02,38.0,38.25,37.85,37.9,3.0568,268700
2022-02-03,37.85,38.1,37.8,37.85,3.0528,307690
2022-02-04,37.85,38.3,37.85,37.85,3.0528,252350
2022-02-07,37.85,38.15,37.85,38.0,3.0649,804270
2022-02-08,38.2,38.2,37.7,37.75,3.0447,2150940
2022-02-09,37.95,38.0,37.85,38.0,3.0649,462940
2022-02-10,38.1,38.1,37.6,37.6,3.0326,275610
2022-02-11,37.6,37.6,37.1,37.2,3.0003,308510
2022-02-14,37.05,37.05,36.0,36.65,2.956,1451240
2022-02-15,36.05,37.2,35.75,37.15,2.9963,1188960
2022-02-16,37.2,37.6,37.0,37.0,2.9842,217280
2022-02-17,37.2,37.4,36.7,36.75,2.9641,201670
2022-02-18,37.2,37.35,36.8,36.8,2.9681,330160
2022-02-21,37.0,37.35,36.5,36.55,2.9479,342580
2022-02-22,36.0,36.95,35.5,36.65,2.956,3040840
2022-02-23,36.85,37.5,36.85,37.5,3.0245,512330
2022-02-24,35.6,37.0,35.6,37.0,2.9842,4077770
2022-02-25,37.2,38.65,37.15,38.15,3.077,2386210
2022-02-28,38.05,38.5,37.05,38.5,3.1052,1264360
2022-03-01,37.7,38.5,36.45,36.45,2.9399,1130420
2022-03-02,36.85,36.85,35.5,36.35,2.9318,4766890
2022-03-03,36.5,38.0,36.45,36.95,2.9802,991130
2022-03-04,36.7,36.7,35.0,35.0,2.8229,1009690
2022-03-07,34.7,34.7,32.1,34.05,2.7463,3754410
2022-03-08,34.05,35.8,34.0,35.0,2.8229,1077260
2022-03-09,35.5,36.45,35.5,36.3,2.9278,740650
2022-03-10,36.45,37.0,36.0,36.05,2.9076,752020
2022-03-11,36.1,37.45,36.1,37.1,2.9923,263380
2022-03-14,37.95,37.95,36.75,37.5,3.0245,229270
2022-03-15,37.0,37.25,36.65,37.0,2.9842,105900
2022-03-16,37.2,37.5,36.85,36.95,2.9802,268560
2022-03-17,37.0,37.35,36.9,37.15,2.9963,103630
2022-03-18,37.3,37.4,37.0,37.1,2.9923,403430
2022-03-21,37.4,37.95,37.2,37.65,3.0366,372110
2022-03-22,37.75,38.1,37.6,38.05,3.0689,481780
2022-03-23,38.05,38.2,37.6,37.6,3.0326,627810
2022-03-24,37.8,38.25,37.8,38.25,3.085,2546550
2022-03-25,37.7,38.25,37.7,38.0,3.0649,331970
2022-03-28,38.05,38.35,38.0,38.35,3.0931,158140
2022-03-29,39.2,40.75,39.2,40.0,3.2262,2978840
2022-03-30,40.2,40.65,39.8,39.8,3.2101,711440
2022-03-31,40.2,40.4,39.8,40.05,3.2302,259370
2022-04-01,40.3,40.6,40.1,40.55,3.2705,681880
2022-04-04,40.6,40.65,40.35,40.35,3.2544,381180
2022-04-05,40.65,40.75,40.55,40.7,3.2826,403940
2022-04-06,40.75,40.75,40.5,40.5,3.2665,190740
2022-04-07,40.55,40.95,40.45,40.55,3.2705,452180
2022-04-08,40.75,40.8,40.55,40.6,3.2746,165880
2022-04-11,40.8,40.95,40.6,40.85,3.2947,591550
2022-04-12,40.85,41.0,40.6,40.85,3.2947,802850
2022-04-13,40.9,41.6,40.85,41.6,3.3552,1175460
2022-04-14,41.75,43.0,41.75,42.5,3.4278,421810
2022-04-15,42.95,43.65,42.85,43.3,3.4923,423850
2022-04-18,43.4,44.6,43.4,44.5,3.5891,426470
2022-04-19,44.55,44.8,44.3,44.55,3.5932,1409940
2022-04-20,44.6,44.7,44.4,44.7,3.6053,209790
2022-04-21,44.8,44.95,44.55,44.95,3.6254,203060
2022-04-26,44.5,44.5,43.9,44.0,3.5488,379360
2022-04-27,44.05,44.6,44.0,44.6,3.5972,153990
2022-04-28,44.7,45.25,44.6,45.25,3.6496,456980
2022-04-29,45.35,46.0,44.8,45.0,3.6295,261980
2022-05-02,45.25,45.25,43.8,44.0,3.5488,337810
2022-05-03,44.9,44.9,42.85,43.4,3.5004,530640
2022-05-04,43.45,43.5,42.4,42.5,3.4278,374340
2022-05-05,43.0,43.85,42.55,42.55,3.4319,268100
2022-05-06,42.5,42.5,41.6,41.95,3.3835,307860
2022-05-09,42.15,42.4,41.85,42.1,3.3956,127540
2022-05-10,42.1,42.7,42.0,42.45,3.4238,302390
2022-05-11,42.45,42.6,41.5,41.55,3.3512,674800
2022-05-12,41.6,42.65,41.55,42.65,3.4399,1109220
2022-05-13,42.8,43.45,42.6,43.25,3.4883,265660
2022-05-16,43.35,43.45,42.55,42.55,3.4319,232480
2022-05-17,43.35,43.6,42.8,43.45,3.5044,439090
2022-05-18,43.55,45.15,43.3,45.0,3.6295,580840
2022-05-19,44.2,44.85,43.5,44.5,3.5891,634490
2022-05-20,44.5,44.8,44.45,44.8,3.6133,242190
2022-05-23,44.7,44.85,44.5,44.85,3.6174,262910
2022-05-24,44.85,45.15,44.5,44.95,3.6254,290350
2022-05-25,44.65,45.1,44.55,44.8,3.6133,178130
2022-05-26,45.0,45.0,44.5,44.95,3.6254,185590
2022-05-27,44.9,45.1,44.35,44.55,3.5932,420830
2022-05-30,44.9,44.95,44.4,44.75,3.6093,253830
2022-05-31,44.75,45.15,44.75,45.0,3.6295,300800
2022-06-02,45.2,45.5,44.85,44.85,3.6174,495170
2022-06-03,45.1,45.65,45.0,45.5,3.6698,1153190
2022-06-06,45.7,47.25,45.5,46.85,3.7787,472020
2022-06-07,46.65,48.55,46.65,47.95,3.8674,537330
2022-06-08,48.3,48.5,47.75,48.1,3.8795,362980
2022-06-09,48.2,48.85,48.2,48.35,3.8996,604860
2022-06-10,48.75,48.8,48.2,48.7,3.9279,252200
2022-06-14,48.2,48.2,46.5,47.2,3.8069,703010
2022-06-15,47.3,47.8,46.5,46.5,3.7504,377530
2022-06-16,47.35,47.45,46.7,46.9,3.7827,326790
2022-06-17,47.25,48.1,47.0,48.1,3.8795,280700
2022-06-20,48.1,49.8,48.0,49.05,3.9561,642150
2022-06-21,49.25,50.5,49.25,50.0,4.0327,1015580
2022-06-22,50.3,50.4,49.55,50.4,4.065,515060
2022-06-23,50.3,51.1,50.3,50.7,4.0892,381780
2022-06-24,50.7,51.0,50.2,50.7,4.0892,709880
2022-06-27,51.0,51.9,50.8,51.7,4.1698,844790
2022-06-28,51.7,52.2,51.3,51.5,4.1537,1199400
2022-06-29,51.7,51.8,51.1,51.3,4.1376,643450
2022-06-30,51.6,51.6,50.2,50.4,4.065,1041640
2022-07-01,50.4,51.1,50.4,50.9,4.1053,325250
2022-07-04,51.0,51.9,50.7,50.7,4.0892,822150
2022-07-05,47.0,48.5,46.95,47.0,4.0966,1228150
2022-07-06,47.15,48.15,46.8,46.95,4.0922,435590
2022-07-07,47.3,47.3,45.7,45.9,4.0007,446450
2022-07-08,46.05,46.45,45.45,45.5,3.9659,186230
2022-07-11,45.5,45.55,44.1,44.1,3.8438,844270
2022-07-12,44.5,45.0,44.25,44.85,3.9092,190680
2022-07-13,45.0,45.55,44.2,44.25,3.8569,627260
2022-07-14,44.95,44.95,43.3,43.3,3.7741,404460
2022-07-15,43.5,44.25,43.4,43.85,3.822,223530
2022-07-18,44.2,44.4,43.85,44.3,3.8613,651500
2022-07-19,44.3,44.5,43.55,43.55,3.7959,1019810
2022-07-20,44.3,44.45,43.5,43.6,3.8003,319450
2022-07-21,44.25,44.25,43.8,44.0,3.8351,74910
2022-07-22,44.3,44.6,43.85,44.5,3.8787,113820
2022-07-25,44.5,44.8,44.35,44.8,3.9048,132530
2022-07-26,44.85,46.0,44.85,45.9,4.0007,269040
2022-07-27,46.05,47.85,46.05,47.3,4.1227,501520
2022-07-28,47.85,48.95,47.85,48.3,4.2099,618960
2022-07-29,48.75,48.8,47.7,47.9,4.175,202250
2022-08-01,47.85,48.0,47.4,47.7,4.1576,217630
2022-08-02,47.55,47.55,46.4,46.45,4.0487,479590
2022-08-03,46.45,46.85,46.3,46.4,4.0443,686480
2022-08-04,46.6,46.6,45.7,46.05,4.0138,236680
2022-08-05,46.2,46.95,45.7,46.15,4.0225,135200
2022-08-08,46.75,47.2,46.2,47.0,4.0966,274860
2022-08-09,47.35,47.9,47.0,47.2,4.114,243790
2022-08-10,47.3,47.8,47.2,47.4,4.1315,158390
2022-08-11,47.8,49.15,47.75,49.0,4.2709,1002100
2022-08-12,49.1,49.35,48.3,48.9,4.2622,541330
2022-08-16,48.9,48.9,48.0,48.6,4.2361,372170
2022-08-17,48.65,48.65,47.85,48.15,4.1968,172820
2022-08-18,48.2,48.75,47.95,48.7,4.2448,112060
2022-08-19,48.7,48.7,47.8,47.95,4.1794,288620
2022-08-22,48.25,48.4,47.7,47.75,4.162,265980
2022-08-23,47.8,48.3,47.75,47.75,4.162,398180
2022-08-24,47.75,47.85,47.6,47.75,4.162,120320
2022-08-25,47.8,48.5,47.75,47.75,4.162,145130
2022-08-26,48.25,48.3,47.65,47.65,4.1533,288490
2022-08-29,47.2,47.35,46.9,47.1,4.1053,171960
2022-08-30,47.05,47.05,46.4,46.4,4.0443,222320
2022-08-31,46.35,46.9,44.55,44.7,3.8961,841620
2022-09-01,44.7,44.7,42.85,43.0,3.748,829960
2022-09-02,43.35,43.4,43.0,43.35,3.7785,625600
2022-09-05,43.4,45.0,43.2,44.95,3.9179,546830
2022-09-06,45.0,46.0,44.95,45.0,3.9223,528490
2022-09-07,45.2,45.2,43.9,44.35,3.8656,282060
2022-09-08,44.55,44.85,43.7,44.0,3.8351,153250
2022-09-09,44.35,44.65,44.0,44.4,3.87,153030
2022-09-12,44.45,44.85,44.2,44.7,3.8961,262810
2022-09-13,44.85,44.95,44.45,44.6,3.8874,47630
2022-09-14,44.35,44.35,43.45,43.6,3.8003,382040
2022-09-15,43.65,43.7,43.4,43.5,3.7915,230770
2022-09-16,43.65,43.85,42.7,42.7,3.7218,456350
2022-09-19,43.0,43.0,41.4,42.0,3.6608,537370
2022-09-20,42.3,42.7,42.0,42.0,3.6608,571770
2022-09-21,42.0,42.35,41.05,41.7,3.6346,679620
2022-09-22,41.7,41.9,41.2,41.35,3.6041,306580
2022-09-23,41.25,41.25,40.1,40.55,3.5344,887710
2022-09-26,40.55,41.0,38.75,39.15,3.4124,1183600
2022-09-27,39.1,40.15,38.65,40.05,3.4908,1139080
2022-09-28,40.1,40.35,39.4,40.25,3.5083,503880
2022-09-29,40.35,40.6,38.8,38.8,3.3819,411080
2022-09-30,39.3,40.0,39.2,40.0,3.4865,224400
2022-10-03,40.2,40.35,39.65,40.35,3.517,161520
2022-10-04,40.65,41.25,40.4,40.4,3.5213,386210
2022-10-05,40.55,41.25,40.2,40.3,3.5126,503570
2022-10-06,40.5,41.1,40.2,40.3,3.5126,83400
2022-10-07,40.35,40.4,40.1,40.25,3.5083,57440
2022-10-10,40.4,40.4,39.05,40.0,3.4865,420700
2022-10-11,40.0,40.0,38.6,38.9,3.3906,179520
2022-10-12,39.1,39.1,38.5,38.75,3.3775,213650
2022-10-13,38.85,39.0,38.05,38.55,3.3601,194130
2022-10-14,38.95,39.4,38.7,38.85,3.3862,429800
2022-10-17,38.9,39.45,38.9,39.3,3.4255,99930
2022-10-18,39.5,40.55,39.5,40.25,3.5083,459630
2022-10-19,40.3,40.75,39.8,40.2,3.5039,101140
2022-10-20,39.95,40.25,39.9,40.0,3.4865,30300
2022-10-21,40.3,40.3,39.85,39.85,3.4734,47820
2022-10-24,40.35,40.45,38.4,38.5,3.3557,726180
2022-10-25,39.0,39.0,38.5,38.8,3.3819,233420
2022-10-26,38.8,38.95,38.6,38.8,3.3819,101280
2022-10-27,38.9,38.95,38.0,38.3,3.3383,499520
2022-10-28,38.85,38.85,38.2,38.2,3.3296,134220
2022-10-31,38.7,38.8,38.3,38.35,3.3427,91410
2022-11-01,38.7,39.0,38.3,38.45,3.3514,247380
2022-11-02,38.65,38.7,37.95,38.0,3.3121,615480
2022-11-03,38.15,38.2,37.15,37.75,3.2904,565070
2022-11-04,37.85,38.0,37.2,37.7,3.286,398210
2022-11-07,38.0,38.75,38.0,38.6,3.3644,335770
2022-11-08,38.8,40.8,38.8,40.8,3.5562,560240
2022-11-09,40.9,40.9,40.0,40.7,3.5475,208960
2022-11-10,40.7,40.7,40.2,40.5,3.53,1704360
2022-11-11,41.15,41.4,40.85,41.4,3.6085,753570
2022-11-14,41.5,41.9,41.4,41.9,3.6521,587840
2022-11-15,41.8,41.8,40.3,40.6,3.5388,924740
2022-11-16,40.5,41.0,40.35,40.4,3.5213,410110
2022-11-17,40.8,41.45,40.55,41.45,3.6129,906740
2022-11-18,41.05,41.6,40.65,40.65,3.5431,234890
2022-11-21,41.0,41.0,40.15,40.25,3.5083,201920
2022-11-22,40.5,40.75,39.5,39.5,3.4429,421370
2022-11-23,39.75,40.55,39.75,40.1,3.4952,234940
2022-11-24,40.2,40.9,39.85,40.0,3.4865,1116760
2022-11-25,40.35,40.5,40.1,40.1,3.4952,35070
2022-11-28,40.25,40.4,39.75,40.0,3.4865,738020
2022-11-29,40.15,40.3,39.95,40.0,3.4865,1853770
2022-12-02,40.3,41.05,40.2,40.9,3.5649,1081460
2022-12-05,40.9,41.7,40.9,41.25,3.5954,435420
2022-12-06,41.5,41.85,41.4,41.65,3.6303,465340
2022-12-07,41.65,41.75,41.2,41.5,3.6172,1080680
2022-12-08,41.65,41.65,40.0,40.5,3.53,1153190
2022-12-09,40.95,41.1,40.35,40.95,3.5693,250120
2022-12-12,41.0,41.0,40.8,41.0,3.5736,622170
2022-12-13,40.8,41.1,40.55,40.8,3.5562,593550
2022-12-14,41.0,41.0,39.85,39.95,3.4821,1097350
2022-12-15,40.2,40.2,39.8,39.8,3.469,837870
2022-12-16,40.0,40.1,39.6,39.9,3.4778,502090
2022-12-19,39.9,40.7,39.9,40.3,3.5126,2591970
2022-12-20,40.4,40.6,39.95,40.5,3.53,1767490
2022-12-21,40.8,40.9,40.15,40.3,3.5126,504750
2022-12-22,40.4,40.45,39.9,40.0,3.4865,302970
2022-12-23,40.0,40.4,39.85,40.15,3.4995,175170
2022-12-27,40.15,40.2,39.9,40.0,3.4865,325320
2022-12-28,39.0,39.45,37.7,37.7,3.286,3563620
2022-12-29,37.7,37.7,36.65,37.55,3.2729,1448700
2022-12-30,37.65,38.2,37.6,37.75,3.2904,498390
2023-01-03,38.0,39.75,37.95,39.7,3.4603,787090
2023-01-04,39.8,40.1,39.5,39.7,3.4603,426840
2023-01-05,39.95,40.05,39.75,40.0,3.4865,207690
2023-01-06,40.0,40.1,39.5,39.75,3.4647,89330
2023-01-09,39.75,40.1,39.75,40.1,3.4952,263940
2023-01-10,40.1,40.1,39.65,39.8,3.469,239280
2023-01-11,39.95,40.85,39.8,40.7,3.5475,540070
2023-01-12,40.7,40.95,40.45,40.5,3.53,278190
2023-01-13,40.7,40.75,40.2,40.3,3.5126,340380
2023-01-16,40.6,40.65,39.6,39.6,3.4516,167820
2023-01-17,39.7,40.2,39.7,39.7,3.4603,365100
2023-01-18,39.8,40.15,39.3,39.3,3.4255,519130
2023-01-19,39.0,39.95,39.0,39.85,3.4734,333720
2023-01-20,39.8,40.4,39.7,40.15,3.4995,486990
2023-01-23,40.35,40.7,40.15,40.7,3.5475,193480
2023-01-25,40.7,40.85,40.35,40.7,3.5475,398550
2023-01-26,40.8,41.2,40.35,41.1,3.5823,262910
2023-01-27,41.1,41.1,40.3,40.35,3.517,574890
2023-01-30,40.35,40.9,39.0,39.75,3.4647,447240
2023-01-31,40.05,40.35,39.8,40.1,3.4952,324850
2023-02-01,40.4,40.45,40.0,40.15,3.4995,79270
2023-02-02,40.3,40.75,40.2,40.5,3.53,581630
2023-02-03,40.5,40.85,40.4,40.75,3.5518,271400
2023-02-06,40.85,40.85,40.05,40.5,3.53,179860
2023-02-07,40.5,40.7,40.2,40.4,3.5213,148870
2023-02-08,40.45,40.8,40.25,40.5,3.53,395290
2023-02-09,40.65,40.65,39.8,40.15,3.4995,564480
2023-02-10,40.15,40.4,40.05,40.2,3.5039,92730
2023-02-13,40.45,40.55,39.9,40.2,3.5039,104750
2023-02-14,40.25,40.4,39.9,39.9,3.4778,489940
2023-02-15,40.0,40.55,40.0,40.45,3.5257,620470
2023-02-16,40.5,40.7,40.45,40.7,3.5475,344630
2023-02-17,40.7,40.7,40.15,40.3,3.5126,291230
2023-02-20,40.3,40.5,40.25,40.3,3.5126,355190
2023-02-21,40.4,40.45,40.1,40.15,3.4995,415880
2023-02-22,40.3,40.3,39.8,39.8,3.469,534530
2023-02-23,39.8,40.1,39.8,40.0,3.4865,299060
2023-02-24,40.0,40.2,40.0,40.2,3.5039,47390
2023-02-27,40.2,40.65,40.2,40.4,3.5213,157200
2023-02-28,40.45,40.6,40.2,40.4,3.5213,188910
2023-03-01,40.6,40.6,40.4,40.5,3.53,265990
2023-03-02,40.7,41.45,40.7,41.35,3.6041,636230
2023-03-03,41.45,42.0,41.4,41.95,3.6564,704180
2023-03-06,42.0,42.9,42.0,42.5,3.7044,785910
2023-03-07,42.5,42.7,41.9,41.95,3.6564,412690
2023-03-08,41.85,41.95,40.6,40.7,3.5475,903530
2023-03-09,40.95,41.3,40.35,41.0,3.5736,959610
2023-03-10,40.9,40.9,40.25,40.5,3.53,396600
2023-03-13,40.5,40.9,39.9,40.2,3.5039,304430
2023-03-14,40.2,41.0,40.2,41.0,3.5736,229910
2023-03-15,41.1,41.4,39.9,40.0,3.4865,471760
2023-03-16,40.45,40.85,40.05,40.25,3.5083,151460
2023-03-17,40.45,40.9,40.0,40.0,3.4865,362460
2023-03-20,40.2,40.45,39.6,39.65,3.456,302990
2023-03-21,40.0,40.1,39.5,39.5,3.4429,407300
2023-03-22,39.9,39.9,38.0,38.1,3.3209,1687530
2023-03-23,38.65,38.7,38.0,38.15,3.3252,696010
2023-03-24,38.5,38.5,37.7,38.0,3.3121,848530
2023-03-27,38.35,38.65,38.0,38.3,3.3383,628840
2023-03-28,38.4,38.7,37.7,38.7,3.3732,900650
2023-03-29,38.7,38.8,37.85,38.2,3.3296,519310
2023-03-30,38.25,38.7,38.0,38.15,3.3252,396330
2023-03-31,38.5,39.65,38.1,39.65,3.456,326910
2023-04-03,39.65,40.0,39.3,39.55,3.4472,223960
2023-04-04,39.4,39.65,39.2,39.2,3.4167,307820
2023-04-05,39.4,39.55,39.0,39.3,3.4255,261580
2023-04-06,39.35,39.7,39.3,39.7,3.4603,208890
2023-04-07,39.7,39.8,39.1,39.1,3.408,2271510
2023-04-10,39.5,39.5,39.3,39.4,3.4342,140460
2023-04-11,39.45,39.8,39.4,39.5,3.4429,343080
2023-04-12,39.5,39.5,39.4,39.4,3.4342,127350
2023-04-13,39.5,39.5,39.4,39.5,3.4429,93300
2023-04-18,39.5,39.7,39.25,39.45,3.4385,270520
2023-04-19,39.5,39.5,39.4,39.4,3.4342,190160
2023-04-20,39.45,39.5,39.2,39.35,3.4298,148360
2023-04-21,39.35,39.45,39.25,39.25,3.4211,184780
2023-04-24,39.3,39.5,39.3,39.45,3.4385,79500
2023-04-25,39.5,39.5,39.2,39.3,3.4255,143270
2023-04-26,39.4,39.45,38.6,38.85,3.3862,802400
2023-04-27,39.1,39.35,38.75,38.8,3.3819,340370
2023-04-28,39.15,39.2,38.8,38.8,3.3819,162000
2023-05-02,39.0,39.15,38.3,38.3,3.3383,941470
2023-05-03,38.55,39.0,38.35,38.4,3.347,218320
2023-05-04,38.4,38.7,38.2,38.2,3.3296,815180
2023-05-05,38.25,38.75,38.2,38.2,3.3296,324080
2023-05-08,38.6,38.75,38.0,38.2,3.3296,591720
2023-05-09,38.4,38.5,38.1,38.4,3.347,87660
2023-05-10,38.55,38.7,38.2,38.3,3.3383,136220
2023-05-11,38.3,38.5,37.95,38.0,3.3121,854800
2023-05-12,38.45,38.45,38.15,38.3,3.3383,230160
2023-05-15,38.3,39.2,38.3,39.0,3.3993,459220
2023-05-16,39.1,39.7,39.1,39.5,3.4429,935880
2023-05-17,39.55,39.7,39.45,39.65,3.456,526530
2023-05-18,39.6,39.65,39.45,39.6,3.4516,310160
2023-05-19,39.65,39.7,39.5,39.65,3.456,312570
2023-05-22,39.7,40.0,39.45,39.6,3.4516,741300
2023-05-23,39.5,39.9,39.5,39.55,3.4472,1278380
2023-05-24,39.85,39.85,39.55,39.7,3.4603,207240
2023-05-25,39.75,39.8,39.4,39.4,3.4342,361630
2023-05-26,39.6,39.9,39.45,39.9,3.4778,246030
2023-05-29,39.9,40.55,39.9,40.45,3.5257,226900
2023-05-30,40.5,40.95,40.35,40.7,3.5475,635850
2023-05-31,40.75,40.8,40.55,40.6,3.5388,754530
2023-06-02,40.6,40.8,40.4,40.5,3.53,517840
2023-06-06,40.6,41.9,40.55,41.9,3.6521,1016030
2023-06-07,41.85,42.6,41.75,42.25,3.6826,913350
2023-06-08,42.3,42.55,42.3,42.55,3.7087,903340
2023-06-09,42.5,42.6,41.95,42.5,3.7044,741860
2023-06-12,42.2,42.4,42.05,42.35,3.6913,978830
2023-06-13,42.45,42.5,41.65,41.75,3.639,393030
2023-06-14,41.95,42.1,41.6,41.8,3.6434,217280
2023-06-15,41.75,42.0,41.35,41.75,3.639,206880
2023-06-16,41.9,42.45,41.7,42.45,3.7,500380
2023-06-19,42.45,42.55,42.25,42.45,3.7,383240
2023-06-20,42.45,42.45,42.3,42.3,3.6869,270470
2023-06-21,42.4,42.45,41.7,41.75,3.639,616290
2023-06-22,42.15,42.15,41.55,41.55,3.6216,395880
2023-06-23,41.5,42.0,40.8,41.8,3.6434,938910
2023-06-26,41.9,42.0,41.55,41.95,3.6564,485250
2023-06-27,42.0,42.25,41.85,42.1,3.6695,677690
2023-06-28,42.2,43.4,42.2,43.25,3.7697,1682500
2023-06-29,43.3,44.85,43.1,44.8,3.9048,1395890
2023-06-30,44.9,45.0,44.2,44.25,3.8569,4717400
2023-07-03,44.45,44.6,43.6,44.25,3.8569,1456800
2023-07-04,44.3,44.45,43.95,44.35,3.8656,1048790
2023-07-05,41.0,42.35,40.8,42.0,3.9674,2957200
2023-07-06,42.3,42.6,41.2,41.2,3.8919,1779370
2023-07-07,41.35,41.75,41.05,41.45,3.9155,823050
2023-07-10,41.85,41.85,41.05,41.15,3.8871,466700
2023-07-11,41.35,41.5,41.05,41.05,3.8777,880220
2023-07-12,41.15,42.0,41.05,41.3,3.9013,921100
2023-07-13,41.2,41.4,40.75,40.85,3.8588,1178790
2023-07-14,40.9,41.3,40.85,41.2,3.8919,542320
2023-07-17,41.45,41.65,41.2,41.3,3.9013,733940
2023-07-18,41.4,41.5,41.05,41.1,3.8824,794900
2023-07-19,41.25,41.25,40.85,40.85,3.8588,491640
2023-07-20,41.0,41.5,40.85,41.0,3.873,1513250
2023-07-21,41.3,41.3,40.8,40.8,3.8541,532950
2023-07-24,40.9,41.0,40.6,40.6,3.8352,450120
2023-07-25,40.6,40.9,40.2,40.9,3.8635,593960
2023-07-26,40.9,40.95,40.25,40.25,3.8021,334520
2023-07-27,40.65,41.3,40.3,41.15,3.8871,738430
2023-07-28,41.15,41.5,40.8,41.1,3.8824,613080
2023-07-31,41.25,41.6,40.6,40.6,3.8352,763320
2023-08-01,41.0,41.35,40.8,41.3,3.9013,279990
2023-08-02,41.3,41.5,41.05,41.4,3.9107,529870
2023-08-03,41.45,41.45,39.95,40.0,3.7785,1522770
2023-08-04,40.45,40.45,39.95,40.0,3.7785,584090
2023-08-07,40.0,40.0,39.75,39.9,3.7691,546230
2023-08-08,39.95,40.35,39.65,39.7,3.7502,894580
2023-08-09,39.7,40.0,38.85,39.0,3.684,855310
2023-08-10,39.15,39.95,39.15,39.65,3.7454,920160
2023-08-11,39.65,40.15,39.6,39.95,3.7738,742510
2023-08-14,39.95,40.0,39.8,39.85,3.7643,280630
2023-08-16,39.95,39.95,39.15,39.5,3.7313,999850
2023-08-17,39.5,39.5,38.7,38.75,3.6604,734230
2023-08-18,38.85,38.85,38.35,38.45,3.6321,965010
2023-08-21,38.45,39.0,38.4,38.6,3.6463,647700
2023-08-22,38.9,39.35,38.7,38.7,3.6557,292820
2023-08-23,38.95,39.15,38.8,39.0,3.684,563110
2023-08-24,39.15,39.7,39.0,39.65,3.7454,492830
2023-08-25,39.7,39.7,38.95,39.05,3.6888,524970
2023-08-28,39.3,39.4,39.05,39.15,3.6982,197100
2023-08-29,39.3,39.85,39.1,39.8,3.7596,867960
2023-08-30,39.85,40.15,39.85,40.05,3.7832,559540
2023-08-31,39.95,40.65,39.95,40.5,3.8257,951760
2023-09-01,40.45,40.55,40.05,40.5,3.8257,549630
2023-09-04,40.5,41.3,40.4,40.95,3.8682,414850
2023-09-05,40.95,40.95,40.55,40.9,3.8635,448190
2023-09-06,41.0,41.65,40.9,41.65,3.9344,6163850
2023-09-07,41.25,41.85,41.25,41.7,3.9391,639700
2023-09-08,41.65,42.1,41.65,42.1,3.9769,315590
2023-09-11,42.1,42.75,42.0,42.55,4.0194,2055370
2023-09-12,42.7,42.95,42.6,42.9,4.0524,754420
2023-09-13,42.85,43.4,42.7,43.0,4.0619,1194160
2023-09-14,43.0,43.3,42.9,43.05,4.0666,2076980
2023-09-15,43.05,44.05,42.9,43.95,4.1516,4205810
2023-09-18,43.95,44.15,43.65,44.0,4.1564,928670
2023-09-19,43.8,44.15,43.5,43.8,4.1375,243550
2023-09-20,43.8,44.1,43.3,44.1,4.1658,2771650
2023-09-21,44.1,44.1,43.8,43.9,4.1469,2676210
2023-09-22,43.9,44.05,43.8,44.05,4.1611,466230
2023-09-25,44.05,44.1,43.9,44.05,4.1611,258490
2023-09-26,43.95,43.95,43.25,43.4,4.0997,1046690
2023-09-27,43.1,43.95,42.5,43.8,4.1375,1041370
2023-09-28,43.95,44.4,43.95,44.4,4.1941,888990
2023-09-29,44.45,45.4,44.45,45.0,4.2508,1512040
2023-10-02,45.0,45.25,44.65,44.65,4.2178,634220
2023-10-03,44.9,45.15,44.35,45.15,4.265,1482520
2023-10-04,44.9,44.95,44.3,44.35,4.1894,215880
2023-10-05,44.55,44.6,43.4,44.25,4.18,508930
2023-10-06,44.2,44.35,43.8,44.0,4.1564,601260
2023-10-09,44.2,44.2,42.6,43.2,4.0808,403720
2023-10-10,43.6,44.5,43.6,44.5,4.2036,1918240
2023-10-11,44.5,45.0,44.4,44.9,4.2414,585430
2023-10-12,44.9,45.1,44.6,45.1,4.2603,2184420
2023-10-13,45.0,45.15,44.75,45.1,4.2603,1378790
2023-10-16,45.1,45.1,44.1,45.0,4.2508,193090
2023-10-17,45.05,45.25,44.7,45.0,4.2508,486510
2023-10-18,45.15,45.75,44.8,45.65,4.3122,1410840
2023-10-19,45.6,46.45,45.2,45.3,4.2792,2331030
2023-10-20,45.1,45.7,44.95,45.15,4.265,806070
2023-10-23,45.1,45.5,45.05,45.35,4.2839,611120
2023-10-24,45.35,45.8,45.35,45.8,4.3264,128390
2023-10-25,45.5,46.5,45.15,46.5,4.3925,3021770
2023-10-26,46.5,46.65,46.0,46.6,4.402,2377840
2023-10-27,46.6,46.6,45.85,46.3,4.3736,1480330
2023-10-30,46.3,46.5,45.95,46.0,4.3453,663700
2023-10-31,46.1,46.45,45.55,45.55,4.3028,251010
2023-11-01,45.55,46.0,45.25,45.6,4.3075,349890
2023-11-02,45.65,46.4,45.65,46.3,4.3736,854240
2023-11-03,46.25,46.3,45.75,46.25,4.3689,134400
2023-11-06,46.3,46.65,46.2,46.6,4.402,261130
2023-11-07,46.6,46.75,46.5,46.7,4.4114,337960
2023-11-08,46.7,46.75,46.5,46.7,4.4114,195970
2023-11-09,46.75,46.85,46.3,46.5,4.3925,402330
2023-11-10,46.5,46.6,46.3,46.45,4.3878,106090
2023-11-13,46.5,46.7,46.15,46.5,4.3925,214780
2023-11-14,46.5,47.0,46.1,47.0,4.4397,596820
2023-11-15,48.7,49.65,47.8,47.8,4.5153,4554750
2023-11-16,48.2,48.45,47.9,48.4,4.572,501170
2023-11-17,48.4,48.95,48.25,48.9,4.6192,315370
2023-11-20,48.75,49.0,48.6,48.9,4.6192,523810
2023-11-21,48.95,49.65,48.75,49.6,4.6853,510260
2023-11-22,49.65,49.85,49.65,49.7,4.6948,767590
2023-11-23,49.75,49.75,49.15,49.5,4.6759,492860
2023-11-24,49.6,49.85,49.4,49.75,4.6995,649230
2023-11-27,49.85,49.95,49.25,49.35,4.6617,482410
2023-11-28,49.7,49.7,49.05,49.45,4.6712,445640
2023-11-29,49.45,50.0,48.0,48.0,4.5342,1916320
2023-12-04,49.2,49.7,48.7,49.1,4.6381,477250
2023-12-05,49.35,49.65,48.8,48.9,4.6192,651060
2023-12-06,49.0,49.0,47.85,48.25,4.5578,1302390
2023-12-07,48.95,49.4,48.8,49.05,4.6334,455080
2023-12-08,49.3,49.85,49.05,49.85,4.709,448620
2023-12-11,49.85,49.9,49.1,49.9,4.7137,827520
2023-12-12,49.9,49.95,48.8,49.95,4.7184,1848350
2023-12-13,50.0,50.0,49.6,50.0,4.7231,901920
2023-12-14,50.2,50.6,49.95,50.6,4.7798,626230
2023-12-15,50.7,51.1,50.2,51.0,4.8176,1316460
2023-12-18,51.0,51.3,50.2,50.3,4.7515,2218490
2023-12-19,50.6,50.8,50.3,50.8,4.7987,1163690
2023-12-20,50.5,50.8,50.2,50.7,4.7893,1716530
2023-12-21,50.4,50.4,49.2,49.5,4.6759,1036400
2023-12-22,49.65,49.7,49.3,49.7,4.6948,469080
2023-12-27,49.75,49.8,49.5,49.65,4.6901,204990
2023-12-28,49.7,49.75,49.55,49.65,4.6901,88110
2023-12-29,49.7,50.1,49.55,50.1,4.7326,629610
2024-01-03,50.1,50.3,49.55,49.55,4.6806,332640
2024-01-04,49.75,49.95,49.6,49.8,4.7042,119060
2024-01-05,49.95,50.1,49.8,50.1,4.7326,236320
2024-01-08,50.2,50.5,49.9,50.3,4.7515,435900
2024-01-09,50.4,50.5,50.0,50.2,4.742,1040660
2024-01-10,50.2,50.6,50.2,50.5,4.7704,513100
2024-01-11,50.6,50.9,50.4,50.8,4.7987,782430
2024-01-12,50.9,51.3,50.9,51.2,4.8365,478490
2024-01-15,51.3,51.4,50.7,51.2,4.8365,486990
2024-01-16,51.3,51.8,51.0,51.7,4.8837,525830
2024-01-17,51.7,51.7,51.0,51.0,4.8176,665010
2024-01-18,51.0,51.1,50.3,50.5,4.7704,501510
2024-01-19,51.0,51.3,50.7,50.9,4.8081,190040
2024-01-22,51.2,51.3,51.0,51.3,4.8459,428170
2024-01-23,51.3,51.3,49.75,51.0,4.8176,2311320
2024-01-25,51.0,51.2,50.7,50.8,4.7987,1955590
2024-01-26,50.6,51.0,50.0,50.0,4.7231,491360
2024-01-29,50.6,50.7,49.9,50.1,4.7326,1101940
2024-01-30,50.2,51.1,50.2,51.0,4.8176,718820
2024-01-31,51.1,51.3,50.9,51.2,4.8365,218430
2024-02-01,51.2,51.7,50.9,51.4,4.8554,676190
2024-02-02,51.7,51.9,51.5,51.7,4.8837,420030
2024-02-05,51.8,52.8,51.6,52.2,4.9309,443790
2024-02-06,52.4,52.9,52.3,52.7,4.9782,343190
2024-02-07,52.7,53.4,52.7,53.4,5.0443,295110
2024-02-08,53.5,53.7,53.1,53.1,5.016,204440
2024-02-09,53.4,53.9,53.1,53.1,5.016,841480
2024-02-12,53.5,53.8,53.2,53.5,5.0537,330870
2024-02-13,53.5,53.5,53.0,53.0,5.0065,465850
2024-02-14,53.0,53.5,52.2,52.9,4.9971,588050
2024-02-15,53.0,53.0,52.6,52.8,4.9876,221480
2024-02-16,52.8,53.2,52.4,53.0,5.0065,572150
2024-02-19,53.2,53.3,52.9,53.1,5.016,193480
2024-02-20,53.1,53.1,52.1,52.1,4.9215,332600
2024-02-21,52.8,52.9,52.2,52.9,4.9971,455140
2024-02-22,52.9,53.0,52.3,52.6,4.9687,225100
2024-02-23,52.8,53.0,52.2,52.3,4.9404,226900
2024-02-26,52.3,52.7,52.3,52.3,4.9404,221350
2024-02-27,51.9,51.9,50.0,50.5,4.7704,1571290
2024-02-28,51.2,51.4,50.5,50.6,4.7798,754640
2024-02-29,50.8,50.8,49.8,50.0,4.7231,1214760
2024-03-01,50.0,50.4,49.55,49.55,4.6806,640800
2024-03-04,49.55,50.9,49.55,50.9,4.8081,2428570
2024-03-05,50.9,51.4,50.9,50.9,4.8081,2002460
2024-03-06,51.3,51.5,50.9,51.3,4.8459,1085410
2024-03-07,51.2,51.4,50.8,50.8,4.7987,2303170
2024-03-08,51.2,51.2,50.9,51.2,4.8365,154150
2024-03-11,51.2,51.5,50.9,51.1,4.827,408880
2024-03-12,51.0,51.8,51.0,51.6,4.8743,2235140
2024-03-13,51.6,52.0,51.5,51.8,4.8932,138650
2024-03-14,51.9,52.2,51.5,51.7,4.8837,292170
2024-03-15,51.7,52.2,51.4,52.0,4.9121,463870
2024-03-18,52.0,52.0,51.6,52.0,4.9121,350530
2024-03-19,51.8,52.2,51.8,52.1,4.9215,389290
2024-03-20,52.2,52.9,52.0,52.9,4.9971,1394860
2024-03-21,52.9,54.0,52.7,53.8,5.0821,2749990
2024-03-22,53.9,55.0,53.8,54.9,5.186,861820
2024-03-25,54.0,54.8,52.6,54.6,5.1577,2357860
2024-03-26,54.6,55.5,54.4,55.3,5.2238,1343810
2024-03-27,55.5,55.5,54.8,55.3,5.2238,270090
2024-03-28,55.4,55.8,54.4,55.8,5.271,1383100
2024-03-29,55.8,56.2,54.4,56.1,5.2993,869320
2024-04-01,56.1,56.1,55.7,56.0,5.2899,178530
2024-04-02,55.9,56.4,55.7,56.4,5.3277,303930
2024-04-03,56.1,56.3,55.5,55.5,5.2427,920500
2024-04-04,55.8,55.9,55.3,55.4,5.2332,181810
2024-04-05,55.4,55.8,55.0,55.3,5.2238,242560
2024-04-08,55.3,55.5,55.1,55.3,5.2238,128210
2024-04-09,55.1,55.3,53.7,54.4,5.1388,657560
2024-04-10,54.6,54.6,53.6,54.1,5.1104,342200
2024-04-11,54.2,54.2,52.0,53.5,5.0537,2351960
2024-04-12,53.3,53.3,52.4,52.5,4.9593,243620
2024-04-15,52.7,52.7,51.4,51.8,4.8932,461380
2024-04-16,52.3,52.5,51.6,51.7,4.8837,351900
2024-04-17,52.0,52.2,51.7,51.8,4.8932,740390
2024-04-18,52.0,52.2,51.7,51.8,4.8932,201420
2024-04-19,51.8,52.1,51.5,51.6,4.8743,325890
2024-04-22,52.0,52.1,51.0,51.0,4.8176,350240
2024-04-23,51.5,51.5,51.1,51.2,4.8365,349770
2024-04-24,51.3,52.9,51.2,52.0,4.9121,879680
2024-04-25,52.5,52.9,52.1,52.7,4.9782,271990
2024-04-26,51.6,52.4,51.0,52.2,4.9309,509040
2024-04-29,52.2,52.5,51.9,52.5,4.9593,303980
2024-04-30,52.6,52.8,52.4,52.5,4.9593,329020
2024-05-02,52.7,52.8,52.0,52.2,4.9309,283280
2024-05-07,52.2,52.6,51.8,52.5,4.9593,285260
2024-05-08,52.5,52.9,52.2,52.7,4.9782,417900
2024-05-09,52.7,53.0,52.2,53.0,5.0065,457070
2024-05-10,52.6,53.5,52.6,53.5,5.0537,394790
2024-05-13,53.5,53.5,52.0,52.4,4.9498,558920
2024-05-14,52.2,53.0,51.8,53.0,5.0065,1215840
2024-05-15,53.4,54.2,53.0,53.9,5.0915,1593930
2024-05-16,53.9,53.9,53.3,53.9,5.0915,903000
2024-05-17,54.0,55.2,53.9,55.2,5.2143,415810
2024-05-20,55.4,56.6,55.4,56.2,5.3088,633690
2024-05-21,56.2,56.5,56.2,56.3,5.3182,290770
2024-05-22,56.3,56.5,56.1,56.2,5.3088,211090
2024-05-23,56.2,56.3,55.1,55.1,5.2049,443450
2024-05-24,55.1,56.4,55.0,56.4,5.3277,1012610
2024-05-27,56.5,58.9,56.5,58.7,5.545,2103340
2024-05-28,6.38,6.38,5.9,6.1,5.7622,841558
2024-05-29,6.13,6.15,6.05,6.13,5.7906,271938
2024-05-30,5.89,5.89,5.65,5.72,5.4033,1318056
2024-05-31,5.73,5.75,5.3,5.43,5.1293,1857178
2024-06-03,5.41,5.41,5.1,5.35,5.0537,2609328
2024-06-04,5.37,5.57,5.37,5.56,5.2521,1265943
2024-06-05,5.6,5.68,5.57,5.68,5.3655,366037
2024-06-06,5.69,5.85,5.68,5.83,5.5072,860757
2024-06-07,5.84,5.85,5.75,5.81,5.4883,610936
2024-06-10,5.81,5.81,5.53,5.71,5.3938,975589
2024-06-11,5.72,5.75,5.68,5.73,5.4127,488407
2024-06-12,5.73,5.75,5.68,5.72,5.4033,120699
2024-06-13,5.74,5.76,5.7,5.71,5.3938,386795
2024-06-14,5.75,5.75,5.67,5.71,5.3938,630037
2024-06-17,5.73,5.75,5.68,5.74,5.4221,291120
2024-06-18,5.74,5.79,5.7,5.76,5.441,353355
2024-06-19,5.75,5.76,5.62,5.72,5.4033,698065
2024-06-20,5.75,5.8,5.71,5.79,5.4694,165348
2024-06-21,5.78,5.9,5.72,5.9,5.5733,494141
2024-06-25,5.9,5.9,5.81,5.85,5.5261,356746
2024-06-26,5.85,5.9,5.81,5.88,5.5544,307620
2024-06-27,5.88,5.9,5.74,5.9,5.5733,440339
2024-06-28,5.89,6.0,5.86,5.96,5.63,383682
2024-07-01,5.96,5.97,5.89,5.95,5.6205,690972
2024-07-02,5.95,5.97,5.93,5.96,5.63,279330
2024-07-03,5.97,5.97,5.92,5.97,5.6394,788940
2024-07-04,5.87,5.93,5.85,5.93,5.7386,872902
2024-07-05,5.93,5.95,5.88,5.94,5.7483,596183
2024-07-08,5.94,5.94,5.87,5.89,5.6999,437483
2024-07-09,5.89,5.89,5.8,5.8,5.6128,676316
2024-07-10,5.88,5.89,5.83,5.86,5.6709,464872
2024-07-11,5.86,5.9,5.83,5.9,5.7096,313082
2024-07-12,5.9,5.91,5.83,5.89,5.6999,293496
2024-07-15,5.9,5.91,5.85,5.9,5.7096,235388
2024-07-16,5.9,5.92,5.88,5.9,5.7096,235016
2024-07-17,5.9,5.9,5.86,5.9,5.7096,405930
2024-07-18,5.92,5.92,5.85,5.92,5.7289,1022532
2024-07-19,5.9,5.94,5.88,5.93,5.7386,143741
2024-07-22,5.94,5.95,5.91,5.92,5.7289,179637
2024-07-23,5.92,5.97,5.92,5.96,5.7676,447807
2024-07-24,5.96,5.96,5.89,5.92,5.7289,404228
2024-07-25,5.92,5.93,5.84,5.86,5.6709,363425
2024-07-26,5.85,5.93,5.82,5.92,5.7289,172560
2024-07-29,5.92,5.94,5.86,5.87,5.6805,125156
2024-07-30,5.94,5.94,5.9,5.94,5.7483,189804
2024-07-31,5.94,5.95,5.9,5.93,5.7386,234647
2024-08-01,5.95,5.95,5.9,5.94,5.7483,120264
2024-08-02,5.92,5.92,5.86,5.9,5.7096,231912
2024-08-05,5.78,5.78,5.4,5.69,5.5064,1938329
2024-08-06,5.65,5.8,5.6,5.75,5.5644,921534
2024-08-07,5.76,5.84,5.61,5.76,5.5741,235587
2024-08-08,5.75,5.75,5.53,5.7,5.516,586918
2024-08-09,5.69,5.79,5.67,5.76,5.5741,542451
2024-08-12,5.78,5.85,5.78,5.84,5.6515,82234
2024-08-13,5.84,5.85,5.73,5.76,5.5741,263752
2024-08-14,5.82,5.85,5.78,5.78,5.5934,197615
2024-08-16,5.8,5.85,5.79,5.84,5.6515,192509
2024-08-19,5.84,5.9,5.83,5.84,5.6515,197793
2024-08-20,5.88,5.93,5.88,5.91,5.7193,132895
2024-08-21,5.91,5.95,5.9,5.94,5.7483,172695
2024-08-22,5.94,5.95,5.9,5.91,5.7193,66743
2024-08-23,5.94,5.96,5.9,5.96,5.7676,352068
2024-08-26,5.96,5.96,5.92,5.93,5.7386,48205
2024-08-27,5.94,5.95,5.89,5.89,5.6999,110959
2024-08-28,5.94,5.94,5.87,5.88,5.6902,98933
2024-08-29,5.89,5.93,5.87,5.92,5.7289,151666
2024-08-30,5.92,5.95,5.76,5.76,5.5741,217557
2024-09-02,5.84,5.88,5.74,5.74,5.5547,156571
2024-09-03,5.75,5.84,5.72,5.82,5.6322,198590
2024-09-04,5.8,5.83,5.77,5.83,5.6418,92760
2024-09-05,5.83,5.83,5.62,5.65,5.4676,410342
2024-09-06,5.67,5.78,5.46,5.48,5.3031,931863
2024-09-09,5.47,5.54,5.46,5.5,5.3225,261987
2024-09-10,5.5,5.62,5.33,5.37,5.1967,630013
2024-09-11,5.37,5.38,5.18,5.38,5.2064,1156720
2024-09-12,5.3,5.37,5.3,5.36,5.187,180452
2024-09-13,5.4,5.4,5.36,5.39,5.216,67120
2024-09-16,5.4,5.5,5.38,5.5,5.3225,175430
2024-09-17,5.5,5.64,5.45,5.5,5.3225,617713
2024-09-18,5.5,5.55,5.4,5.47,5.2935,61910
2024-09-19,5.48,5.59,5.47,5.59,5.4096,1057954
2024-09-20,5.59,5.63,5.53,5.53,5.3515,188027
2024-09-23,5.6,5.62,5.5,5.5,5.3225,241920
2024-09-24,5.53,5.58,5.5,5.52,5.3418,648954
2024-09-25,5.57,5.57,5.5,5.52,5.3418,248348
2024-09-26,5.52,5.54,5.49,5.52,5.3418,1598379
2024-09-27,5.54,5.6,5.54,5.59,5.4096,364842
2024-09-30,5.54,5.58,5.53,5.56,5.3805,115281
2024-10-01,5.56,5.6,5.55,5.59,5.4096,166802
2024-10-02,5.6,5.61,5.57,5.6,5.4193,224673
2024-10-03,5.6,5.62,5.5,5.5,5.3225,292982
2024-10-04,5.5,5.58,5.48,5.55,5.3709,209663
2024-10-07,5.51,5.56,5.51,5.56,5.3805,338040
2024-10-08,5.56,5.56,5.5,5.52,5.3418,165324
2024-10-09,5.52,5.6,5.52,5.6,5.4193,165456
2024-10-10,5.6,5.6,5.52,5.56,5.3805,190706
2024-10-11,5.56,5.57,5.54,5.57,5.3902,150812
2024-10-14,5.57,5.57,5.5,5.53,5.3515,149357
2024-10-15,5.55,5.55,5.43,5.48,5.3031,169742
2024-10-16,5.46,5.49,5.36,5.49,5.3128,207185
2024-10-17,5.43,5.49,5.39,5.43,5.2547,71551
2024-10-18,5.45,5.45,5.39,5.42,5.2451,57439
2024-10-21,5.42,5.43,5.35,5.35,5.1773,144523
2024-10-22,5.35,5.39,5.34,5.35,5.1773,158573
2024-10-23,5.35,5.4,5.32,5.39,5.216,329986
2024-10-24,5.36,5.43,5.35,5.43,5.2547,41467
2024-10-25,5.44,5.5,5.44,5.5,5.3225,74184
2024-10-28,5.49,5.5,5.49,5.5,5.3225,74226
2024-10-29,5.52,5.54,5.47,5.5,5.3225,154836
2024-10-30,5.5,5.54,5.43,5.48,5.3031,185735
2024-10-31,5.48,5.48,5.42,5.43,5.2547,275188
2024-11-01,5.43,5.47,5.39,5.39,5.216,141846
2024-11-04,5.39,5.4,5.2,5.22,5.0515,787864
2024-11-05,5.24,5.29,5.18,5.22,5.0515,514634
2024-11-06,5.24,5.32,5.18,5.3,5.1289,1121771
2024-11-07,5.33,5.33,5.3,5.33,5.158,245183
2024-11-08,5.34,5.37,5.33,5.36,5.187,1797752
2024-11-11,5.36,5.4,5.34,5.4,5.2257,291803
2024-11-12,5.4,5.52,5.36,5.51,5.3322,392029
2024-11-13,5.5,5.55,5.5,5.55,5.3709,207384
2024-11-14,5.53,5.55,5.5,5.55,5.3709,590492
2024-11-15,5.5,5.54,5.49,5.49,5.3128,86143
2024-11-18,5.51,5.53,5.46,5.46,5.2838,113616
2024-11-19,5.48,5.5,5.19,5.3,5.1289,765233
2024-11-20,5.33,5.38,5.26,5.3,5.1289,429786
2024-11-21,5.32,5.38,5.26,5.3,5.1289,97027
2024-11-22,5.3,5.35,5.25,5.3,5.1289,187701
2024-11-25,5.25,5.35,5.1,5.35,5.1773,858229
2024-11-26,5.33,5.34,5.24,5.26,5.0902,69196
2024-11-27,5.27,5.3,5.21,5.27,5.0999,422785
2024-11-28,5.25,5.26,5.06,5.07,4.9064,605259
2024-11-29,5.08,5.1,4.995,4.995,4.8338,1434621
2024-12-02,5.08,5.23,5.0,5.05,4.887,836401
2024-12-03,5.08,5.1,4.9,5.02,4.858,3038637
2024-12-04,5.01,5.04,4.8,5.01,4.8483,1390458
2024-12-05,5.0,5.09,4.92,5.05,4.887,2408874
2024-12-06,5.05,5.5,5.04,5.25,5.0806,1406622
2024-12-09,5.39,5.4,5.31,5.36,5.187,488611
2024-12-10,5.36,5.45,5.34,5.45,5.2741,343409
2024-12-11,5.45,5.55,5.45,5.54,5.3612,364821
2024-12-12,5.54,5.57,5.47,5.51,5.3322,126902
2024-12-13,5.51,5.51,5.46,5.49,5.3128,225671
2024-12-16,5.49,5.49,5.41,5.43,5.2547,205021
2024-12-17,5.44,5.45,5.4,5.43,5.2547,185704
2024-12-18,5.41,5.41,5.24,5.3,5.1289,512932
2024-12-19,5.3,5.33,5.0,5.28,5.1096,1155173
2024-12-20,5.29,5.43,5.29,5.39,5.216,378679
2024-12-23,5.4,5.44,5.3,5.37,5.1967,449974
2024-12-27,5.32,5.4,5.3,5.31,5.1386,176936
2024-12-30,5.2,5.28,5.14,5.14,4.9741,672549
2025-01-03,5.24,5.27,5.19,5.19,5.0225,282291
2025-01-08,5.23,5.36,5.22,5.31,5.1386,231485
2025-01-09,5.36,5.44,5.35,5.41,5.2354,658900
2025-01-10,5.46,5.49,5.38,5.38,5.2064,601654
2025-01-13,5.4,5.4,5.28,5.3,5.1289,348198
2025-01-14,5.3,5.39,5.28,5.39,5.216,264068
2025-01-15,5.39,5.39,5.35,5.36,5.187,174912
2025-01-16,5.36,5.39,5.28,5.39,5.216,713818
2025-01-17,5.38,5.38,5.29,5.35,5.1773,567221
2025-01-20,5.35,5.35,5.29,5.31,5.1386,95561
2025-01-21,5.3,5.33,5.26,5.3,5.1289,200013
2025-01-22,5.32,5.34,5.28,5.32,5.1483,341989
2025-01-23,5.32,5.32,5.26,5.3,5.1289,92161
2025-01-27,5.27,5.36,5.24,5.31,5.1386,589816
2025-01-28,5.31,5.32,5.24,5.32,5.1483,1203886
2025-01-29,5.3,5.35,5.26,5.34,5.1676,282734
2025-01-30,5.31,5.34,5.3,5.34,5.1676,1217226
2025-01-31,5.32,5.42,5.32,5.41,5.2354,378810
2025-02-03,5.45,5.45,5.35,5.4,5.2257,248096
2025-02-04,5.41,5.42,5.39,5.39,5.216,96617
2025-02-05,5.4,5.42,5.38,5.41,5.2354,180758
2025-02-06,5.4,5.5,5.4,5.48,5.3031,332985
2025-02-07,5.45,5.53,5.45,5.48,5.3031,415349
2025-02-10,5.53,5.57,5.5,5.54,5.3612,454717
2025-02-11,5.55,5.66,5.52,5.65,5.4676,272249
2025-02-12,5.65,5.69,5.61,5.69,5.5064,261584
2025-02-13,5.67,5.81,5.64,5.75,5.5644,468679
2025-02-14,5.79,5.96,5.79,5.96,5.7676,816382
2025-02-17,5.96,5.96,5.85,5.9,5.7096,2556324
2025-02-18,5.89,5.92,5.87,5.9,5.7096,375857
2025-02-19,5.87,5.96,5.87,5.94,5.7483,840013
2025-02-20,5.94,5.94,5.88,5.9,5.7096,1217281
2025-02-21,5.9,5.9,5.81,5.81,5.6225,95329
2025-02-24,5.85,5.89,5.82,5.85,5.6612,1049376
2025-02-25,5.85,5.91,5.83,5.91,5.7193,374427
2025-02-26,5.91,5.91,5.85,5.9,5.7096,373534
2025-02-27,5.88,5.94,5.86,5.93,5.7386,104275
2025-02-28,5.96,6.0,5.9,5.9,5.7096,443606
2025-03-03,5.9,5.97,5.87,5.92,5.7289,152884
2025-03-04,5.92,5.94,5.8,5.8,5.6128,342972
2025-03-05,5.84,5.9,5.82,5.86,5.6709,258369
2025-03-06,5.86,5.93,5.86,5.92,5.7289,568698
2025-03-07,5.89,5.95,5.89,5.92,5.7289,125455
2025-03-10,5.9,5.96,5.85,5.88,5.6902,832116
2025-03-11,5.92,5.98,5.84,5.98,5.787,518704
2025-03-12,5.95,5.96,5.9,5.93,5.7386,281546
2025-03-13,5.95,5.97,5.9,5.96,5.7676,212793
2025-03-14,5.96,5.97,5.95,5.95,5.758,1282566
2025-03-17,5.95,5.97,5.91,5.96,5.7676,760866
2025-03-18,5.93,5.94,5.86,5.91,5.7193,414018
2025-03-19,5.9,5.94,5.86,5.91,5.7193,148958
2025-03-20,5.9,5.93,5.89,5.93,5.7386,113089
2025-03-21,5.94,5.94,5.9,5.91,5.7193,324692
2025-03-24,5.91,5.97,5.9,5.97,5.7773,1026640
2025-03-25,5.95,5.98,5.93,5.97,5.7773,213541
2025-03-26,5.97,6.07,5.93,6.03,5.8354,689008
2025-03-27,6.03,6.07,6.01,6.04,5.8451,172829
2025-03-28,6.0,6.04,5.98,6.04,5.8451,5545794
2025-03-31,6.01,6.04,5.97,6.0,5.8063,1225141
2025-04-01,6.0,6.04,5.98,6.01,5.816,1254194
2025-04-02,6.01,6.02,6.0,6.01,5.816,540441
2025-04-03,5.98,6.02,5.95,6.0,5.8063,510019
2025-04-04,5.98,5.99,5.85,5.86,5.6709,1344619
2025-04-07,5.75,5.78,5.5,5.7,5.516,881857
2025-04-08,5.8,5.93,5.76,5.93,5.7386,719814
2025-04-09,5.87,5.88,5.67,5.67,5.487,440004
2025-04-10,5.95,5.96,5.85,5.85,5.6612,269278
2025-04-11,5.85,5.95,5.83,5.91,5.7193,471424
2025-04-14,5.95,6.0,5.92,5.98,5.787,300160
2025-04-15,5.98,5.99,5.97,5.98,5.787,248767
2025-04-16,5.98,5.98,5.93,5.96,5.7676,136281
2025-04-17,5.96,5.98,5.92,5.96,5.7676,296407
2025-04-22,5.96,5.98,5.92,5.98,5.787,467151
2025-04-23,5.98,6.0,5.97,5.98,5.787,74274
2025-04-24,5.99,6.0,5.95,5.96,5.7676,239622
2025-04-25,5.97,5.99,5.95,5.96,5.7676,193551
2025-04-28,5.97,5.98,5.95,5.97,5.7773,198858
2025-04-29,5.97,5.98,5.93,5.97,5.7773,1091863
2025-04-30,5.97,5.97,5.93,5.95,5.758,251907
2025-05-02,5.95,5.96,5.95,5.95,5.758,229762
2025-05-05,5.7,5.95,5.61,5.8,5.6128,1259525
2025-05-06,5.78,5.79,5.71,5.77,5.5838,750629
2025-05-07,5.74,5.8,5.71,5.8,5.6128,1778032
2025-05-08,5.78,5.78,5.73,5.76,5.5741,598142
2025-05-09,5.76,5.76,5.7,5.7,5.516,189402
2025-05-12,5.71,5.82,5.7,5.82,5.6322,449461
2025-05-13,5.82,5.9,5.8,5.85,5.6612,556667
2025-05-14,5.85,5.85,5.8,5.82,5.6322,69815
2025-05-15,5.77,5.78,5.61,5.77,5.5838,339497
2025-05-16,5.76,5.88,5.76,5.88,5.6902,200927
2025-05-19,5.96,6.0,5.9,5.94,5.7483,347208
2025-05-20,5.94,6.01,5.92,5.95,5.758,1903522
2025-05-21,5.96,6.0,5.9,5.91,5.7193,92622
2025-05-22,5.99,6.05,5.96,6.04,5.8451,153598
2025-05-23,6.04,6.08,5.94,5.94,5.7483,117283
2025-05-26,6.05,6.1,5.97,6.1,5.9031,428904
2025-05-27,6.13,6.27,6.11,6.19,5.9902,145740
2025-05-28,6.2,6.25,6.1,6.24,6.0386,62092
2025-05-29,6.24,6.43,6.21,6.42,6.2128,338049
2025-05-30,6.43,6.83,6.43,6.83,6.6096,930525
2025-06-02,6.8,6.89,6.6,6.86,6.6386,216549
2025-06-03,6.84,7.0,6.65,6.96,6.7354,594513
2025-06-04,7.0,7.0,6.8,6.88,6.6579,294917
2025-06-05,6.87,6.98,6.8,6.89,6.6676,513207
2025-06-06,6.89,6.95,6.81,6.92,6.6967,187204
2025-06-10,6.9,6.91,6.8,6.81,6.5902,298462
2025-06-11,6.77,6.81,6.7,6.81,6.5902,83672
2025-06-12,6.8,6.83,6.71,6.82,6.5999,121427
2025-06-13,6.83,6.86,6.8,6.85,6.6289,109859
2025-06-16,6.86,6.89,6.75,6.89,6.6676,164226
2025-06-17,6.88,6.93,6.75,6.93,6.7063,305914
2025-06-18,6.93,6.94,6.85,6.94,6.716,109469
2025-06-19,6.93,6.93,6.86,6.91,6.687,156755
2025-06-20,6.9,7.0,6.83,7.0,6.7741,465665
2025-06-23,6.99,7.0,6.82,7.0,6.7741,1089001
2025-06-24,6.94,7.01,6.85,7.01,6.7837,486289
2025-06-25,7.01,7.01,6.93,6.94,6.716,1084267
2025-06-26,6.94,6.99,6.9,6.97,6.745,292329
2025-06-27,6.97,6.98,6.92,6.96,6.7354,153335
2025-06-30,6.96,7.01,6.91,7.01,6.7837,2562923
2025-07-01,7.0,7.01,6.95,7.0,6.7741,257463
2025-07-02,7.0,7.01,6.89,6.89,6.6676,553957
2025-07-03,6.85,6.89,6.6,6.79,6.7239,249199
2025-07-04,6.8,6.8,6.7,6.7,6.6347,207316
2025-07-07,6.75,6.76,6.6,6.74,6.6744,270753
2025-07-08,6.73,6.76,6.67,6.74,6.6744,112479
2025-07-09,6.76,6.8,6.72,6.79,6.7239,44114
2025-07-10,6.79,6.9,6.79,6.9,6.8328,173555
2025-07-11,6.91,6.98,6.86,6.92,6.8526,153076
2025-07-14,6.96,7.0,6.91,7.0,6.9318,202158
2025-07-15,7.0,7.15,6.98,7.08,7.011,421699
2025-07-16,7.09,7.35,7.05,7.3,7.2289,304688
2025-07-17,7.35,7.53,7.35,7.48,7.4071,205411
2025-07-18,7.51,7.73,7.5,7.58,7.5062,327584
2025-07-21,7.58,7.6,7.45,7.5,7.427,253648
2025-07-22,7.49,7.54,7.35,7.35,7.2784,292037
2025-07-23,7.41,7.41,7.24,7.28,7.2091,253401
2025-07-24,7.38,7.46,7.35,7.41,7.3378,480074
2025-07-25,7.44,7.55,7.41,7.54,7.4666,146630
2025-07-28,7.54,7.64,7.35,7.55,7.4765,448620
2025-07-29,7.55,7.69,7.55,7.63,7.5557,146332
2025-07-30,7.66,7.8,7.66,7.8,7.724,244161
2025-07-31,7.8,8.12,7.8,7.95,7.8726,762693
2025-08-01,8.07,8.1,7.88,7.95,7.8726,200561
2025-08-04,7.99,8.04,7.95,7.96,7.8825,189212
2025-08-05,7.98,8.05,7.95,8.0,7.9221,158054
2025-08-06,8.0,8.04,7.98,8.03,7.9518,130231
2025-08-07,8.04,8.32,8.04,8.29,8.2093,466666
2025-08-08,8.31,8.61,8.25,8.26,8.1795,466972
2025-08-11,8.27,8.37,8.25,8.35,8.2687,256218
2025-08-12,8.35,8.38,8.28,8.28,8.1994,262093
2025-08-13,8.34,8.59,8.31,8.58,8.4964,245995
2025-08-14,8.58,8.58,8.42,8.46,8.3776,377260
2025-08-18,8.5,8.5,8.26,8.37,8.2885,1364206
2025-08-19,8.4,8.58,8.26,8.26,8.1795,412290
2025-08-20,8.27,8.43,8.27,8.42,8.338,101886
2025-08-21,8.48,8.5,8.42,8.44,8.3578,554293
2025-08-22,8.41,8.49,8.41,8.49,8.4073,677347
2025-08-25,8.49,8.5,8.39,8.39,8.3083,131754
2025-08-26,8.42,8.48,8.2,8.2,8.1201,406981
2025-08-27,8.22,8.28,8.1,8.12,8.0409,217908
2025-08-28,8.17,8.17,8.06,8.08,8.0013,147920
2025-08-29,8.1,8.11,7.98,7.98,7.9023,318953
2025-09-01,7.98,8.0,7.65,7.77,7.6943,512074
2025-09-02,7.75,7.75,7.68,7.69,7.6151,287975
2025-09-03,7.69,8.0,7.68,7.89,7.8132,390684
2025-09-04,7.91,8.05,7.83,7.83,7.7537,248510
2025-09-05,7.94,8.0,7.85,7.93,7.8528,170183
2025-09-08,7.93,7.99,7.88,7.92,7.8429,70020
2025-09-09,7.93,7.98,7.8,7.8,7.724,194972
2025-09-10,7.91,7.91,7.75,7.8,7.724,262621
2025-09-11,7.84,7.88,7.8,7.86,7.7834,103999
2025-09-12,7.87,7.91,7.85,7.9,7.8231,260820
2025-09-15,7.88,7.92,7.84,7.92,7.8429,187467
2025-09-16,7.92,8.0,7.84,7.84,7.7636,189701
2025-09-17,7.95,7.95,7.86,7.92,7.8429,162197
2025-09-18,7.94,7.98,7.92,7.95,7.8726,119630
2025-09-19,7.95,8.1,7.95,7.98,7.9023,134696
2025-09-22,8.0,8.27,8.0,8.23,8.1498,614137
2025-09-23,8.23,8.25,8.02,8.02,7.9419,330282
2025-09-24,8.16,8.35,8.1,8.3,8.2192,503966
2025-09-25,8.32,8.48,8.32,8.41,8.3281,283116
2025-09-26,8.42,8.46,8.41,8.45,8.3677,168278
2025-09-29,8.45,8.48,8.39,8.48,8.3974,253085
2025-09-30,8.49,8.51,8.33,8.51,8.4271,879676
2025-10-01,8.5,8.52,8.46,8.46,8.3776,101573
2025-10-02,8.49,8.57,8.45,8.52,8.437,147638
2025-10-03,8.54,8.64,8.5,8.63,8.5459,182607
2025-10-06,8.64,8.66,8.48,8.66,8.5757,189837
2025-10-07,8.65,8.65,8.6,8.63,8.5459,228546
2025-10-08,8.59,8.64,8.57,8.61,8.5261,99432
2025-10-09,8.61,8.64,8.56,8.6,8.5162,164174
2025-10-10,8.6,8.64,8.56,8.61,8.5261,186785
2025-10-13,8.56,8.61,8.52,8.6,8.5162,397843
2025-10-14,8.6,8.62,8.57,8.59,8.5063,147241
2025-10-15,8.6,8.63,8.59,8.61,8.5261,172694
2025-10-16,8.61,8.65,8.48,8.63,8.5459,595893
2025-10-17,8.65,8.71,8.62,8.7,8.6153,353792
2025-10-20,8.7,8.74,8.64,8.72,8.6351,249940
2025-10-21,8.72,8.98,8.71,8.98,8.8925,280703
2025-10-22,8.99,9.25,8.98,9.21,9.1203,356295
2025-10-23,9.26,9.71,9.26,9.36,9.2688,911165
2025-10-24,9.41,9.59,9.39,9.5,9.4075,351497
2025-10-27,9.64,9.76,9.61,9.76,9.6649,480626
2025-10-28,9.76,10.18,9.76,10.0,9.9026,1145137
2025-10-29,10.0,10.0,9.65,9.85,9.7541,609737
2025-10-30,9.85,9.85,9.51,9.7,9.6055,250849
2025-10-31,9.69,9.7,9.56,9.56,9.4669,291962
2025-11-03,9.65,9.7,9.54,9.69,9.5956,263389
2025-11-04,9.7,9.7,9.62,9.63,9.5362,379787
2025-11-05,9.64,9.69,9.64,9.69,9.5956,118864
2025-11-06,9.69,9.75,9.64,9.7,9.6055,413759
2025-11-07,9.7,9.72,9.62,9.68,9.5857,206157
2025-11-10,9.7,9.74,9.62,9.69,9.5956,182642
2025-11-11,9.74,9.86,9.74,9.85,9.7541,224312
2025-11-12,9.86,10.0,9.86,9.98,9.8828,402838
2025-11-13,9.99,10.0,9.98,9.98,9.8828,179451
2025-11-14,10.0,10.3,9.95,9.98,9.8828,984584
2025-11-17,9.99,10.12,9.99,10.12,10.0214,403124
2025-11-18,10.18,10.18,10.06,10.08,9.9818,348556
2025-11-19,10.08,10.1,9.84,9.94,9.8432,298868
2025-11-20,9.94,10.02,9.9,9.96,9.863,400398
2025-11-21,9.94,9.94,9.54,9.8,9.7046,744173
2025-11-24,9.8,9.98,9.77,9.92,9.8234,349250
2025-11-25,9.92,10.0,9.9,9.95,9.8531,232936
2025-11-26,9.97,10.0,9.68,9.68,9.5857,632733
2025-11-27,9.75,9.78,9.66,9.68,9.5857,137880
2025-11-28,9.68,9.78,9.56,9.56,9.4669,198362
2025-12-02,9.59,9.66,9.58,9.59,9.4966,155602
2025-12-03,9.6,10.0,9.6,9.83,9.7343,679986
2025-12-04,9.83,9.9,9.83,9.89,9.7937,328725
2025-12-05,9.88,9.94,9.81,9.94,9.8432,204172
2025-12-08,9.94,9.96,9.9,9.96,9.863,217430
2025-12-09,9.96,9.99,9.92,9.99,9.8927,294762
2025-12-10,9.99,9.99,9.79,9.94,9.8432,462774
2025-12-11,9.85,9.94,9.8,9.92,9.8234,417520
2025-12-12,9.92,9.96,9.79,9.86,9.764,378296
2025-12-15,9.88,9.97,9.76,9.91,9.8135,540976
2025-12-16,9.94,9.98,9.85,9.85,9.7541,931205
2025-12-17,9.87,9.9,9.65,9.65,9.556,475339
2025-12-18,9.7,9.86,9.7,9.77,9.6748,413952
2025-12-19,9.77,9.77,9.65,9.76,9.6649,590426
2025-12-22,9.77,9.9,9.7,9.9,9.8036,814992
2025-12-23,9.91,9.99,9.84,9.99,9.8927,657802
2025-12-29,9.99,10.0,9.84,9.99,9.8927,1360274
2025-12-30,9.91,9.99,9.87,9.99,9.8927,1735048
2026-01-05,9.99,10.4,9.98,10.3,10.1997,391443
2026-01-08,10.32,10.96,10.32,10.6,10.4968,799883
2026-01-09,10.7,10.9,10.7,10.86,10.7542,843153
2026-01-12,10.9,11.38,10.9,11.28,11.1701,1066515
2026-01-13,11.38,11.86,11.1,11.24,11.1305,1220807
2026-01-14,11.44,11.68,11.24,11.56,11.4474,610288
2026-01-15,11.64,11.7,11.46,11.5,11.388,980357
2026-01-16,11.54,11.76,11.46,11.58,11.4672,1016358
2026-01-19,11.58,11.6,11.28,11.34,11.2296,1003769
2026-01-20,11.34,11.34,11.22,11.24,11.1305,660894
2026-01-21,11.2,11.24,10.8,10.94,10.8334,893676
2026-01-22,11.18,11.2,10.98,11.1,10.9919,1090434
2026-01-23,11.16,11.66,11.14,11.6,11.487,1743467
2026-01-26,11.62,11.78,11.62,11.74,11.6257,318796
2026-01-27,11.78,11.94,11.62,11.64,11.5266,1628019
2026-01-28,11.7,11.88,11.56,11.76,11.6455,646199
2026-01-29,11.76,11.8,11.4,11.52,11.4078,11159384
2026-01-30,11.52,11.64,11.32,11.32,11.2097,396724
2026-02-02,11.32,11.32,10.9,11.12,11.0117,592323
2026-02-03,11.18,11.36,11.18,11.22,11.1107,985460
2026-02-04,11.3,11.3,11.12,11.12,11.0117,772392
2026-02-05,11.12,11.3,11.04,11.14,11.0315,1291397
2026-02-06,11.12,11.12,10.88,11.0,10.8929,631484
2026-02-09,11.0,11.06,10.86,10.9,10.7938,515328
2026-02-10,10.98,11.0,10.82,10.96,10.8533,710505
2026-02-11,10.96,11.02,10.9,10.94,10.8334,451976
2026-02-12,10.98,11.62,10.94,11.5,11.388,673903
2026-02-13,11.44,11.48,11.16,11.34,11.2296,527362
2026-02-16,11.44,11.64,11.4,11.64,11.5266,522396
2026-02-17,11.66,11.9,11.48,11.5,11.388,1753943
2026-02-18,11.54,11.7,11.46,11.46,11.3484,662212
2026-02-19,11.58,11.6,11.36,11.6,11.487,617281
2026-02-20,11.6,11.68,11.5,11.56,11.4474,382120
2026-02-23,11.66,11.9,11.56,11.9,11.7841,357233
2026-02-24,11.9,11.92,11.76,11.78,11.6653,702331
2026-02-25,11.78,11.9,11.7,11.78,11.6653,729613
2026-02-26,11.8,11.92,11.6,11.62,11.5068,527766
2026-02-27,11.82,11.92,11.6,11.6,11.487,1019728
2026-03-02,11.52,11.84,11.4,11.76,11.6455,1060531
2026-03-03,11.84,12.2,11.5,11.58,11.4672,831213
2026-03-04,11.58,11.8,11.4,11.52,11.4078,746576
2026-03-05,11.6,11.76,11.36,11.46,11.3484,841955
2026-03-06,11.58,11.58,11.4,11.46,11.3484,262019
2026-03-09,11.46,11.5,11.34,11.4,11.289,399704
2026-03-10,11.42,11.62,11.4,11.6,11.487,332731
2026-03-11,11.66,11.92,11.66,11.9,11.7841,456416
2026-03-12,11.9,12.14,11.84,12.0,11.8831,679135
2026-03-13,12.0,12.0,11.82,11.9,11.7841,320556
2026-03-16,11.92,11.94,11.76,11.86,11.7445,146594
2026-03-17,11.9,11.96,11.84,11.92,11.8039,214531
2026-03-18,11.92,12.0,11.78,11.94,11.8237,475462
2026-03-19,11.98,12.0,11.82,11.9,11.7841,210149
2026-03-20,11.94,12.08,11.88,11.9,11.7841,206914
2026-03-23,11.9,12.0,11.6,11.9,11.7841,238674
2026-03-24,11.94,11.96,11.78,11.82,11.7049,301186
2026-03-25,11.8,11.92,11.8,11.86,11.7445,73980
2026-03-26,11.9,11.9,11.7,11.76,11.6455,150913
2026-03-27,11.8,11.82,11.42,11.5,11.388,280936
2026-03-30,11.5,11.58,11.06,11.24,11.1305,567186
2026-03-31,11.28,11.94,11.16,11.94,11.8237,933523
2026-04-01,11.94,12.0,11.76,11.88,11.7643,251506
2026-04-02,11.9,11.9,11.72,11.78,11.6653,52327
2026-04-03,11.8,11.84,11.7,11.72,11.6058,49629
2026-04-06,11.72,11.88,11.72,11.72,11.6058,1484450
2026-04-07,11.72,11.98,11.72,11.98,11.8633,354566
2026-04-08,12.0,12.06,11.94,12.0,11.8831,230256
2026-04-09,12.0,12.04,11.9,11.92,11.8039,207275
2026-04-14,12.04,12.28,11.92,11.92,11.8039,2061290
2026-04-15,12.0,12.16,11.96,12.12,12.002,247494
2026-04-16,12.16,12.44,12.1,12.44,12.3188,531986
2026-04-17,12.44,12.86,12.44,12.7,12.5763,665539
2026-04-20,12.6,12.78,12.32,12.32,12.2,955873
2026-04-21,12.26,12.34,12.02,12.28,12.1604,466907
2026-04-22,12.26,12.6,12.26,12.44,12.3188,226516
2026-04-23,12.46,12.7,12.46,12.62,12.4971,312815
2026-04-24,12.62,13.16,12.62,12.78,12.6555,753298
2026-04-27,12.92,13.06,12.5,12.9,12.7744,728317
2026-04-28,12.7,12.92,12.5,12.56,12.4377,551358
2026-04-29,12.56,12.74,12.56,12.64,12.5169,160384
2026-04-30,12.64,12.68,12.22,12.24,12.1208,370930
2026-05-04,12.24,12.24,12.04,12.22,12.101,314133
2026-05-05,12.16,12.7,12.1,12.58,12.4575,452817
2026-05-06,12.58,13.0,12.58,12.92,12.7942,379127
2026-05-07,13.1,14.0,13.08,13.5,13.3685,861162
2026-05-08,13.58,14.18,13.58,14.1,13.9627,482147
2026-05-11,14.32,14.88,14.32,14.34,14.2003,814803
2026-05-12,14.52,14.78,14.52,14.52,14.3786,563290
2026-05-13,14.64,14.64,14.24,14.36,14.2201,489816
2026-05-14,14.5,14.8,14.16,14.16,14.0221,602176
2026-05-15,14.42,14.64,14.3,14.46,14.3192,306575
2026-05-18,14.7,14.94,14.54,14.9,14.7549,235726
2026-05-19,14.94,15.8,14.8,14.9,14.7549,1318443
2026-05-20,14.92,15.14,14.8,14.86,14.7153,606654
2026-05-21,14.86,15.0,14.76,14.82,14.6757,417426
2026-05-22,14.96,15.04,14.4,14.5,14.3588,607131
2026-05-25,14.58,14.58,14.18,14.3,14.1607,820063
2026-05-26,14.34,14.34,13.84,14.0,13.8636,1715456
2026-05-27,14.02,14.06,13.72,13.76,13.626,451524
2026-05-28,13.74,13.8,13.5,13.6,13.4675,701106
2026-05-29,13.6,13.6,13.18,13.22,13.0912,877446
2026-06-02,13.38,13.82,13.2,13.22,13.0912,1073195
2026-06-03,13.38,13.44,13.16,13.22,13.0912,820560
2026-06-04,13.3,13.34,13.14,13.22,13.0912,624176
2026-06-05,13.28,13.3,13.12,13.2,13.0714,261694
2026-06-08,13.18,13.28,13.12,13.2,13.0714,420477
2026-06-09,13.28,13.28,13.12,13.2,13.0714,442432
2026-06-10,13.22,13.24,13.14,13.18,13.0516,246998
2026-06-11,13.18,13.24,13.12,13.2,13.0714,426972
2026-06-12,13.26,13.44,13.24,13.3,13.1705,238105
2026-06-15,13.3,13.3,13.14,13.18,13.0516,221385
2026-06-16,13.2,13.26,13.18,13.18,13.0516,494927
2026-06-17,13.22,13.88,13.2,13.7,13.5666,189719
2026-06-18,13.94,14.28,13.94,14.12,13.9825,226280
2026-06-19,14.2,14.4,14.06,14.1,13.9627,182668
2026-06-22,14.2,14.36,14.12,14.22,14.0815,135962
2026-06-23,14.22,14.5,14.14,14.46,14.3192,306929
2026-06-24,14.46,14.54,14.3,14.44,14.2994,230932
2026-06-25,14.5,15.14,14.5,15.1,14.9529,535395
2026-06-26,15.12,15.46,14.78,15.1,14.9529,484967
2026-06-29,15.12,15.2,14.9,15.1,14.9529,256198
2026-06-30,15.14,15.2,14.9,15.02,14.8737,564803
2026-07-01,15.16,15.48,15.14,15.48,15.3292,301875
2026-07-02,15.48,16.14,15.38,16.14,15.9828,792175
2026-07-03,16.2,16.48,15.7,15.8,15.6461,1643239
2026-07-06,15.7,15.8,15.44,15.66,15.66,427039
2026-07-07,15.68,15.68,15.3,15.5,15.5,491435
2026-07-08,15.5,15.6,15.38,15.44,15.44,340419
2026-07-09,15.54,15.6,15.38,15.5,15.5,595273
2026-07-10,15.6,15.6,15.46,15.5,15.5,418579
2026-07-13,15.5,15.68,15.2,15.3,15.3,801376
2026-07-14,15.3,15.48,15.18,15.24,15.24,2015880
2026-07-15,15.3,15.38,15.2,15.2,15.2,1087893
2026-07-16,15.3,15.76,15.26,15.76,15.76,1897978
2026-07-17,15.78,15.9,15.44,15.58,15.58,360786
2026-07-20,15.62,16.3,15.62,16.28,16.28,425989
2026-07-21,16.38,17.58,16.38,17.46,17.46,1451157
2026-07-22,17.56,18.98,17.56,18.3,18.3,1875448
2026-07-23,18.72,19.44,18.42,18.6,18.6,1638260
2026-07-24,18.78,19.02,18.36,18.58,18.58,956500
2026-07-27,18.58,18.96,18.22,18.48,18.48,579182
2026-07-28,18.6,18.84,18.48,18.5,18.5,659954
2026-07-29,18.44,18.48,18.3,18.4,18.4,491347
2026-07-30,18.36,18.4,17.4,18.34,18.34,674655
2026-07-31,18.34,18.5,18.22,18.5,18.5,307708
2026-08-03,18.52,18.76,18.5,18.62,18.62,240567
2026-08-04,18.78,18.78,18.28,18.28,18.28,698472
2026-08-05,18.42,18.44,18.2,18.3,18.3,398287
2026-08-06,18.3,18.3,17.76,18.2,18.2,667018
2026-08-07,18.2,18.5,18.0,18.38,18.38,379742
2026-08-10,18.44,18.84,18.44,18.68,18.68,630689
2026-08-11,18.68,18.86,18.52,18.52,18.52,563475
2026-08-12,18.52,18.74,18.52,18.56,18.56,304258
2026-08-13,18.58,19.0,18.58,18.9,18.9,346654
2026-08-14,18.9,19.4,18.9,19.2,19.2,463788
2026-08-17,18.6,19.16,18.6,19.02,19.02,547580
2026-08-18,19.06,19.6,19.02,19.56,19.56,588657
2026-08-19,19.6,20.4,19.6,19.9,19.9,619472
2026-08-20,20.2,20.5,19.6,19.84,19.84,1124734
2026-08-21,19.98,20.1,19.84,19.9,19.9,516446
2026-08-24,19.94,20.1,19.88,19.96,19.96,199350
2026-08-25,20.0,20.1,19.78,19.86,19.86,1168914
2026-08-26,19.64,19.84,19.48,19.66,19.66,307406
2026-08-27,19.66,19.78,18.96,19.14,19.14,273205
2026-08-28,19.14,19.38,18.68,18.76,18.76,290255
2026-08-31,18.72,18.72,16.8,16.8,16.8,2601295
2026-09-01,17.12,17.58,16.92,17.38,17.38,1275080
2026-09-02,17.44,18.4,17.44,17.52,17.52,1121646
2026-09-03,17.82,18.06,17.78,17.8,17.8,598116
2026-09-04,18.02,18.16,17.3,17.58,17.58,347912
2026-09-07,17.58,17.58,17.58,17.58,17.58,189809
2026-09-08,17.68,17.82,17.16,17.2,17.2,304996
2026-09-09,17.38,17.38,16.6,16.72,16.72,716602
2026-09-10,16.72,16.8,16.02,16.16,16.16,1027826
2026-09-11,16.0,16.72,15.02,16.2,16.2,1959677
2026-09-14,16.38,16.6,16.1,16.44,16.44,463156
2026-09-15,16.5,16.66,15.76,15.8,15.8,477780
2026-09-16,15.82,15.84,15.18,15.4,15.4,922572
2026-09-17,15.4,15.4,15.4,15.4,15.4,1097013
2026-09-18,15.96,16.7,15.72,16.0,16.0,705607
