date,open,high,low,close,adjusted_close,volume
2013-11-04,11.639,11.639,11.349,11.529,3.1471,304168
2013-11-05,11.539,11.599,11.529,11.549,3.1526,128221
2013-11-06,11.569,11.629,11.549,11.589,3.1635,76789
2013-11-07,11.599,11.659,11.589,11.589,3.1635,221454
2013-11-08,11.589,11.589,11.529,11.549,3.1526,29558
2013-11-11,11.559,11.589,11.489,11.499,3.139,22702
2013-11-12,11.699,11.799,11.579,11.629,3.1744,403981
2013-11-13,11.599,11.609,11.449,11.449,3.1253,68519
2013-11-14,11.409,11.599,11.409,11.599,3.1663,39073
2013-11-15,11.589,11.719,11.529,11.649,3.1799,85152
2013-11-18,11.699,11.709,11.549,11.549,3.1526,74385
2013-11-19,11.649,11.659,11.619,11.649,3.1799,28827
2013-11-20,11.649,11.689,11.599,11.609,3.169,12074
2013-11-21,11.609,11.609,11.609,11.609,3.169,0
2013-11-22,11.609,11.629,11.559,11.569,3.1581,57917
2013-11-25,11.569,11.569,11.469,11.469,3.1308,114281
2013-11-26,11.499,11.499,11.389,11.389,3.1089,101793
2013-11-27,11.399,11.499,11.369,11.379,3.1062,75822
2013-11-28,11.399,11.409,11.359,11.389,3.1089,48824
2013-11-29,11.399,11.399,11.359,11.359,3.1007,53902
2013-12-02,11.369,11.409,11.369,11.399,3.1117,44162
2013-12-03,11.409,11.409,11.349,11.369,3.1035,134100
2013-12-04,11.369,11.399,11.329,11.349,3.098,575234
2013-12-05,11.359,11.379,11.349,11.359,3.1007,25903
2013-12-06,11.359,11.369,11.349,11.369,3.1035,4423
2013-12-09,11.379,11.389,11.259,11.289,3.0816,32729
2013-12-10,11.289,11.289,11.0191,11.0691,3.0216,31675
2013-12-11,11.0691,11.0891,11.0291,11.0891,3.0271,116056
2013-12-12,11.0891,11.339,11.0891,11.1291,3.038,16853
2013-12-13,11.199,11.249,11.1291,11.1491,3.0434,10810
2013-12-16,11.1491,11.189,11.1491,11.179,3.0516,16007
2013-12-17,11.219,11.219,10.9491,10.9991,3.0025,26632
2013-12-18,11.0491,11.1291,10.9891,11.1191,3.0353,21813
2013-12-19,11.179,11.199,11.1391,11.199,3.0571,10782
2013-12-20,11.239,11.299,11.209,11.299,3.0844,21531
2013-12-23,11.299,11.299,11.299,11.299,3.0844,0
2013-12-24,11.299,11.299,11.299,11.299,3.0844,0
2013-12-25,11.299,11.299,11.299,11.299,3.0844,0
2013-12-26,11.299,11.299,11.299,11.299,3.0844,0
2013-12-27,11.299,11.299,11.299,11.299,3.0844,0
2013-12-30,11.269,11.289,11.0891,11.189,3.0543,45834
2013-12-31,11.189,11.189,11.189,11.189,3.0543,0
2014-01-01,11.189,11.189,11.189,11.189,3.0543,0
2014-01-02,11.189,11.189,11.189,11.189,3.0543,0
2014-01-03,11.1691,11.199,11.0491,11.0491,3.0161,19276
2014-01-06,11.1091,11.1091,10.9991,11.0391,3.0134,17217
2014-01-07,11.199,11.199,11.0091,11.0391,3.0134,18441
2014-01-08,11.1191,11.1491,11.0491,11.0491,3.0161,41032
2014-01-09,11.1591,11.219,11.1491,11.1491,3.0434,13385
2014-01-10,11.209,11.209,11.1391,11.1591,3.0462,10365
2014-01-13,11.1491,11.179,11.1191,11.1191,3.0353,14488
2014-01-14,11.1191,11.1591,11.0891,11.1091,3.0325,15260
2014-01-15,11.1391,11.1391,10.9391,10.9491,2.9888,76094
2014-01-16,10.9291,10.9791,10.8491,10.8991,2.9752,66550
2014-01-17,10.9491,10.9591,10.6891,10.6991,2.9206,119598
2014-01-20,10.7991,10.7991,10.6891,10.6891,2.9179,44460
2014-01-21,10.6991,10.7991,10.5791,10.5891,2.8906,185263
2014-01-22,10.5791,10.6991,10.5791,10.6491,2.907,22059
2014-01-23,10.6491,10.7791,10.6091,10.6091,2.896,5777
2014-01-24,10.6091,10.6191,10.3991,10.4391,2.8496,140261
2014-01-27,10.4791,10.4791,10.1891,10.1991,2.7841,100300
2014-01-28,10.1991,10.4391,10.1891,10.1991,2.7841,54049
2014-01-29,10.1991,10.3491,10.1691,10.1991,2.7841,143480
2014-01-30,10.2091,10.3991,10.1991,10.2491,2.7978,50903
2014-01-31,10.3691,10.3691,10.1491,10.1491,2.7705,15123
2014-02-03,10.1491,10.1591,9.9792,10.0991,2.7568,24786
2014-02-04,9.9992,9.9992,9.8392,9.8392,2.6859,108869
2014-02-05,9.7992,9.8892,9.6892,9.7492,2.6613,35384
2014-02-06,9.7992,9.8892,9.6192,9.6892,2.6449,196297
2014-02-07,9.6692,9.7292,9.4592,9.4992,2.5931,158069
2014-02-10,9.4392,9.5792,9.4092,9.4792,2.5876,70272
2014-02-11,9.4892,9.5192,9.4192,9.4192,2.5712,131429
2014-02-12,9.4392,9.4492,8.8093,8.9492,2.4429,460146
2014-02-13,8.9692,9.1792,8.8592,8.9092,2.432,30655
2014-02-14,8.8992,9.1292,8.7793,8.7993,2.402,144589
2014-02-17,8.8193,8.9192,8.5893,8.5993,2.3474,154809
2014-02-18,8.5993,8.9892,8.5693,8.8892,2.4265,230600
2014-02-19,8.8592,9.1792,8.8592,8.9992,2.4566,125603
2014-02-20,8.9992,9.0992,8.9692,9.0392,2.4675,11868
2014-02-21,8.9792,9.1792,8.9792,9.1192,2.4893,39009
2014-02-24,9.1292,9.1592,8.9992,9.0492,2.4702,46995
2014-02-25,9.1492,9.1492,8.9892,8.9992,2.4566,8888
2014-02-26,8.9892,8.9992,8.8292,8.8292,2.4102,6037
2014-02-27,8.8592,8.9892,8.8292,8.9892,2.4538,6465
2014-02-28,9.0092,9.1792,8.9992,9.1592,2.5002,142291
2014-03-03,9.1092,9.1092,8.7993,8.7993,2.402,56183
2014-03-04,8.7993,8.9992,8.7993,8.9092,2.432,47036
2014-03-05,8.9692,9.0692,8.9692,9.0492,2.4702,13666
2014-03-06,9.0592,9.1892,9.0592,9.1892,2.5084,8258
2014-03-07,9.1892,9.1992,9.0492,9.0492,2.4702,10001
2014-03-10,9.1392,9.1392,8.9992,9.0092,2.4593,12116
2014-03-11,9.0092,9.0092,9.0092,9.0092,2.4593,0
2014-03-12,9.0992,9.0992,8.7993,8.8992,2.4293,15479
2014-03-13,8.8992,9.1192,8.8392,8.8692,2.4211,78433
2014-03-14,8.8592,8.9592,8.7493,8.7493,2.3884,10364
2014-03-17,8.7493,9.0292,8.7493,9.0192,2.462,7385
2014-03-18,8.9992,9.0992,8.9192,9.0892,2.4811,28340
2014-03-19,9.0192,9.0992,8.9792,8.9992,2.4566,32501
2014-03-20,9.0292,9.0292,8.9492,8.9692,2.4484,25061
2014-03-21,9.0392,9.0492,8.7493,8.7493,2.3884,58522
2014-03-24,8.9292,8.9292,8.7793,8.7793,2.3965,37086
2014-03-25,8.7993,8.8992,8.7793,8.7993,2.402,18544
2014-03-26,8.7993,9.0792,8.7993,9.0492,2.4702,29494
2014-03-27,9.0592,9.3492,9.0492,9.2892,2.5357,116989
2014-03-28,9.5392,9.6692,9.4792,9.4892,2.5903,209968
2014-03-31,9.5192,9.6592,9.3792,9.3792,2.5603,39996
2014-04-01,9.4392,9.4392,9.2992,9.2992,2.5385,45115
2014-04-02,9.3392,9.3392,9.1292,9.2692,2.5303,10165
2014-04-03,9.1292,9.3392,9.1292,9.3292,2.5467,20048
2014-04-04,9.2692,9.3092,9.2492,9.2592,2.5275,15662
2014-04-07,9.2592,9.2692,9.1592,9.1792,2.5057,7875
2014-04-08,9.1792,9.2492,8.9992,9.1792,2.5057,164524
2014-04-09,9.0992,9.1992,9.0992,9.1292,2.4921,5569
2014-04-10,9.1292,9.2992,9.1192,9.2492,2.5248,13972
2014-04-11,9.2092,9.2592,9.1392,9.1692,2.503,47416
2014-04-14,9.1292,9.2292,9.1292,9.1992,2.5112,18817
2014-04-15,9.2792,9.4192,9.1692,9.3992,2.5658,45899
2014-04-16,9.4392,9.4492,9.3692,9.4092,2.5685,19758
2014-04-17,9.4192,9.4292,9.3392,9.3592,2.5548,17885
2014-04-18,9.3992,9.4392,9.3592,9.4392,2.5767,28300
2014-04-21,9.4392,9.4392,9.4392,9.4392,2.5767,0
2014-04-22,9.4292,9.5092,9.4292,9.4992,2.5931,33193
2014-04-23,9.5092,9.6292,9.4992,9.5492,2.6067,50726
2014-04-24,9.5992,9.5992,9.4692,9.4992,2.5931,50780
2014-04-25,9.5892,9.5892,9.3892,9.4492,2.5794,17703
2014-04-28,9.4492,9.4892,9.4192,9.4492,2.5794,41220
2014-04-29,9.4492,9.4492,9.4492,9.4492,2.5794,0
2014-04-30,9.4992,9.5792,9.4992,9.5492,2.6067,120194
2014-05-01,9.5492,9.5492,9.5492,9.5492,2.6067,0
2014-05-02,9.5192,9.5792,9.4892,9.4992,2.5931,33957
2014-05-05,9.4992,9.5992,9.4392,9.4492,2.5794,24448
2014-05-06,9.4992,9.4992,9.3892,9.4392,2.5767,43247
2014-05-07,9.3992,9.5992,9.3992,9.5492,2.6067,244303
2014-05-08,9.5492,9.6692,9.5092,9.6592,2.6367,68586
2014-05-09,9.7492,9.7592,9.6492,9.6592,2.6367,67776
2014-05-12,9.7292,9.8492,9.6492,9.7492,2.6613,131428
2014-05-13,9.7492,9.8492,9.5692,9.5992,2.6204,371226
2014-05-14,8.3493,8.5893,8.2493,8.3593,2.611,374430
2014-05-15,8.3493,8.5593,8.3493,8.4093,2.6266,121502
2014-05-16,8.3993,8.4793,8.3993,8.3993,2.6235,29484
2014-05-19,8.4493,8.4793,8.3693,8.4093,2.6266,16569
2014-05-20,8.3993,8.4193,8.3193,8.3193,2.5985,41648
2014-05-21,8.3093,8.3693,8.2493,8.3493,2.6079,85635
2014-05-22,8.3393,8.3393,8.1993,8.2193,2.5673,40070
2014-05-23,8.1993,8.2793,8.1393,8.1893,2.5579,46601
2014-05-26,8.1893,8.2393,7.9893,8.0393,2.5111,200696
2014-05-27,8.0493,8.1793,7.9993,8.0293,2.5079,37543
2014-05-28,8.1093,8.1093,7.9793,7.9793,2.4923,21048
2014-05-29,7.9993,8.1593,7.9893,8.0993,2.5298,24504
2014-05-30,8.1393,8.2293,8.0493,8.2093,2.5642,25660
2014-06-02,8.2193,8.2493,8.1793,8.2093,2.5642,13560
2014-06-03,8.2193,8.2293,7.9993,7.9993,2.4986,36754
2014-06-04,8.0993,8.0993,8.0193,8.0293,2.5079,5108
2014-06-05,8.0793,8.0893,7.9993,8.0093,2.5017,43742
2014-06-06,7.9993,8.0493,7.9993,8.0493,2.5142,42482
2014-06-09,8.0493,8.0493,8.0493,8.0493,2.5142,0
2014-06-10,8.0793,8.0793,7.9993,8.0093,2.5017,23731
2014-06-11,8.0193,8.0793,7.9893,8.0093,2.5017,41159
2014-06-12,8.0493,8.0893,7.9993,8.0093,2.5017,28919
2014-06-13,8.0093,8.0093,7.9293,7.9293,2.4767,75819
2014-06-16,7.9793,8.0493,7.9793,7.9893,2.4954,35813
2014-06-17,7.9793,7.9993,7.9493,7.9893,2.4954,28916
2014-06-18,8.0193,8.0193,7.9793,7.9993,2.4986,32928
2014-06-19,8.0193,8.0493,7.9793,7.9993,2.4986,51393
2014-06-20,7.9993,7.9993,7.9693,7.9993,2.4986,21375
2014-06-23,7.9993,8.0493,7.9793,8.0193,2.5048,52641
2014-06-24,8.0493,8.2893,8.0493,8.1993,2.561,121719
2014-06-25,8.1993,8.2493,8.0993,8.0993,2.5298,37448
2014-06-26,8.1193,8.1193,7.9893,7.9993,2.4986,74439
2014-06-27,8.0193,8.0893,7.9793,7.9993,2.4986,139361
2014-06-30,8.0093,8.1193,7.9993,8.0693,2.5204,161301
2014-07-01,8.1093,8.3793,8.0993,8.1493,2.5454,215594
2014-07-02,8.2093,8.4193,8.2093,8.3893,2.6204,61317
2014-07-03,8.4093,8.4493,8.3793,8.3893,2.6204,59135
2014-07-04,8.4393,8.4393,8.2993,8.3493,2.6079,72475
2014-07-07,8.3793,8.3993,8.2693,8.2793,2.586,16001
2014-07-08,8.2793,8.2993,8.0693,8.1493,2.5454,41788
2014-07-09,8.1493,8.2393,8.1393,8.1993,2.561,24245
2014-07-10,8.2393,8.2493,7.9793,8.1093,2.5329,67521
2014-07-11,8.1293,8.2493,8.1293,8.1893,2.5579,12068
2014-07-14,8.2193,8.2493,8.1993,8.2493,2.5767,7307
2014-07-15,8.2793,8.3893,8.2493,8.2993,2.5923,9794
2014-07-16,8.2993,8.3593,8.1893,8.2393,2.5735,28496
2014-07-17,8.2493,8.2493,8.2193,8.2293,2.5704,7595
2014-07-18,8.2293,8.2293,8.1793,8.1993,2.561,9609
2014-07-21,8.1893,8.1993,8.0993,8.1793,2.5548,9159
2014-07-22,8.1793,8.2493,8.1493,8.2393,2.5735,15799
2014-07-23,8.1993,8.2493,8.1493,8.2093,2.5642,17117
2014-07-24,8.2393,8.3593,8.1993,8.3493,2.6079,35407
2014-07-25,8.3493,8.5393,8.3493,8.4893,2.6516,144979
2014-07-28,8.4893,8.5293,8.3493,8.3993,2.6235,27933
2014-07-29,8.3993,8.4793,8.3593,8.4793,2.6485,11761
2014-07-30,8.4693,8.4793,8.3993,8.4193,2.6298,7079
2014-07-31,8.4193,8.4193,8.4193,8.4193,2.6298,0
2014-08-01,8.3493,8.4093,8.2093,8.3193,2.5985,27981
2014-08-04,8.3793,8.3893,8.3193,8.3493,2.6079,4005
2014-08-05,8.4993,8.5293,8.3493,8.4893,2.6516,109903
2014-08-06,8.4693,8.4793,8.4093,8.4393,2.636,6444
2014-08-07,8.4593,8.4893,8.3993,8.3993,2.6235,11768
2014-08-08,8.4193,8.4593,8.2793,8.2793,2.586,61758
2014-08-11,8.3993,8.4493,8.3493,8.3993,2.6235,18404
2014-08-12,8.3993,8.4193,8.3093,8.4193,2.6298,8751
2014-08-13,8.4193,8.4293,8.3493,8.4093,2.6266,27389
2014-08-14,8.1993,8.1993,7.9593,7.9893,2.4954,442943
2014-08-15,7.9893,7.9893,7.9893,7.9893,2.4954,0
2014-08-18,8.0593,8.0593,7.9393,7.9493,2.483,129829
2014-08-19,7.9493,7.9993,7.4594,7.5794,2.3674,506458
2014-08-20,7.6294,7.6793,7.5794,7.5994,2.3737,159282
2014-08-21,7.6493,7.6793,7.5794,7.5894,2.3705,90519
2014-08-22,7.5894,7.5894,7.5894,7.5894,2.3705,0
2014-08-25,7.5894,7.6793,7.4994,7.4994,2.3424,181510
2014-08-26,7.5094,7.6793,7.4994,7.5594,2.3612,108324
2014-08-27,7.6194,7.6993,7.5994,7.6593,2.3924,59219
2014-08-28,7.6993,7.7793,7.6593,7.7193,2.4111,32895
2014-08-29,7.7593,7.7793,7.7393,7.7593,2.4236,46031
2014-09-01,7.7793,7.8693,7.7793,7.8393,2.4486,19025
2014-09-02,7.8593,7.8993,7.7993,7.8093,2.4392,44429
2014-09-03,7.8393,7.8693,7.7993,7.8293,2.4455,20858
2014-09-04,7.8493,7.9693,7.7993,7.9493,2.483,116161
2014-09-05,7.9593,7.9693,7.7893,7.8393,2.4486,35043
2014-09-08,7.8893,7.8893,7.7793,7.8093,2.4392,32958
2014-09-09,7.8093,7.8793,7.7993,7.8093,2.4392,21968
2014-09-10,7.8093,7.9593,7.7993,7.9093,2.4705,26100
2014-09-11,7.9093,7.9293,7.7993,7.8493,2.4517,26395
2014-09-12,7.8093,7.8993,7.7993,7.8693,2.458,11550
2014-09-15,7.8993,7.9493,7.8693,7.9393,2.4798,39825
2014-09-16,8.0493,8.0993,8.0093,8.0993,2.5298,374664
2014-09-17,8.2593,8.4393,8.2193,8.4293,2.6329,204400
2014-09-18,8.4293,8.5493,8.4193,8.5293,2.6641,110527
2014-09-19,8.5593,8.8592,8.5593,8.7293,2.7266,247142
2014-09-22,8.7693,8.8992,8.5393,8.5493,2.6704,166166
2014-09-23,8.6693,8.6793,8.3193,8.4593,2.6423,60721
2014-09-24,8.5893,8.5993,8.1493,8.3493,2.6079,128866
2014-09-25,8.3593,8.4893,8.3293,8.4193,2.6298,65425
2014-09-26,8.3493,8.3993,8.2193,8.3393,2.6048,14108
2014-09-29,8.3793,8.4393,8.2493,8.2693,2.5829,24362
2014-09-30,8.2493,8.3593,8.2493,8.2593,2.5798,44074
2014-10-01,8.2993,8.3393,8.2493,8.2493,2.5767,9562
2014-10-02,8.2393,8.2393,8.0893,8.1393,2.5423,60176
2014-10-03,8.2293,8.2293,8.1393,8.1893,2.5579,9944
2014-10-06,8.1893,8.1893,8.1893,8.1893,2.5579,0
2014-10-07,8.1993,8.2293,8.0993,8.1193,2.5361,32440
2014-10-08,8.1793,8.1793,8.0093,8.0293,2.5079,53592
2014-10-09,8.0293,8.0293,8.0293,8.0293,2.5079,0
2014-10-10,7.9793,7.9993,7.7993,7.9593,2.4861,62186
2014-10-13,7.8993,7.9893,7.8793,7.9093,2.4705,18835
2014-10-14,7.9193,7.9493,7.7993,7.8493,2.4517,31326
2014-10-15,7.9193,7.9393,7.7993,7.8493,2.4517,33847
2014-10-16,7.7793,7.8593,7.5494,7.6094,2.3768,95775
2014-10-17,7.6493,7.7893,7.6194,7.7593,2.4236,64581
2014-10-20,7.7993,8.3793,7.7793,7.8293,2.4455,58451
2014-10-21,7.9393,7.9693,7.8693,7.9193,2.4736,27508
2014-10-22,7.9993,7.9993,7.8293,7.8493,2.4517,47139
2014-10-23,7.8493,7.9693,7.8193,7.8393,2.4486,40608
2014-10-24,7.8593,7.8993,7.7593,7.7893,2.433,31600
2014-10-27,7.8393,7.9493,7.7793,7.7793,2.4299,34632
2014-10-28,7.7993,7.8593,7.7793,7.7993,2.4361,20003
2014-10-29,7.8393,7.8393,7.7493,7.7993,2.4361,23909
2014-10-30,7.7493,7.8093,7.7393,7.7993,2.4361,19957
2014-10-31,7.8393,7.9393,7.7993,7.7993,2.4361,46833
2014-11-03,7.8093,7.9293,7.8093,7.8793,2.4611,4167
2014-11-04,7.8993,8.1693,7.8993,8.1493,2.5454,61330
2014-11-05,8.1593,8.4993,8.1593,8.2893,2.5892,119020
2014-11-06,8.4093,8.4493,8.2293,8.4393,2.636,142524
2014-11-07,8.4393,8.5193,8.3693,8.4193,2.6298,61821
2014-11-10,8.3893,8.4093,8.3393,8.3493,2.6079,21100
2014-11-11,8.3693,8.3993,8.1793,8.2793,2.586,26745
2014-11-12,8.2893,8.3393,8.1493,8.1493,2.5454,77804
2014-11-13,8.1193,8.2993,8.1193,8.1293,2.5392,18793
2014-11-14,8.1193,8.2393,8.1193,8.1493,2.5454,79025
2014-11-17,8.1193,8.1193,7.9193,8.0793,2.5236,15682
2014-11-18,7.9993,8.0993,7.8993,8.0893,2.5267,24345
2014-11-19,7.9693,8.0793,7.9293,8.0493,2.5142,10470
2014-11-20,7.9593,8.0893,7.8993,7.8993,2.4673,10463
2014-11-21,7.9493,7.9893,7.8293,7.8993,2.4673,30003
2014-11-24,7.9893,7.9993,7.9493,7.9793,2.4923,23666
2014-11-25,8.0093,8.0493,7.9293,7.9893,2.4954,39292
2014-11-26,7.9893,7.9893,7.8293,7.8293,2.4455,12136
2014-11-27,7.9693,7.9793,7.8893,7.9393,2.4798,7077
2014-11-28,7.9393,7.9793,7.8393,7.8993,2.4673,34361
2014-12-01,7.8993,7.8993,7.8993,7.8993,2.4673,0
2014-12-02,7.8993,7.9993,7.8993,7.9793,2.4923,8987
2014-12-03,7.9993,8.0993,7.9793,7.9893,2.4954,53083
2014-12-04,8.0093,8.1293,7.9993,8.0993,2.5298,24902
2014-12-05,8.0993,8.1993,8.0893,8.1593,2.5485,33670
2014-12-08,8.1893,8.2393,8.0093,8.0293,2.5079,50514
2014-12-09,8.0493,8.1093,7.9293,7.9293,2.4767,9065
2014-12-10,8.0593,8.0593,7.9493,7.9893,2.4954,4513
2014-12-11,7.9193,7.9893,7.8693,7.8993,2.4673,45232
2014-12-12,7.8893,7.8893,7.7793,7.8493,2.4517,16343
2014-12-15,7.8493,7.8993,7.7793,7.7993,2.4361,35474
2014-12-16,7.8593,7.8593,7.6493,7.6993,2.4049,56716
2014-12-17,7.6993,7.6993,7.5194,7.5494,2.358,38174
2014-12-18,7.7393,7.8193,7.5894,7.7993,2.4361,40796
2014-12-19,7.8293,7.9493,7.8193,7.8293,2.4455,16856
2014-12-22,7.8793,7.8793,7.7793,7.8393,2.4486,17923
2014-12-23,7.7993,7.8293,7.7493,7.7493,2.4205,57622
2014-12-24,7.7493,7.7493,7.7493,7.7493,2.4205,0
2014-12-25,7.7493,7.7493,7.7493,7.7493,2.4205,0
2014-12-26,7.7493,7.7493,7.7493,7.7493,2.4205,0
2014-12-29,7.7593,7.7993,7.6693,7.7393,2.4174,92673
2014-12-30,7.6993,7.7993,7.5994,7.7393,2.4174,103297
2014-12-31,7.7393,7.7393,7.7393,7.7393,2.4174,0
2015-01-01,7.7393,7.7393,7.7393,7.7393,2.4174,0
2015-01-02,7.7393,7.7393,7.7393,7.7393,2.4174,0
2015-01-05,7.7393,8.0693,7.6493,7.8293,2.4455,47908
2015-01-06,7.9493,7.9493,7.7993,7.8193,2.4423,20469
2015-01-07,7.8493,7.9493,7.7893,7.8893,2.4642,31039
2015-01-08,7.9443,8.0443,7.9193,7.9193,2.4736,28749
2015-01-09,8.0443,8.0443,7.8693,7.8893,2.4642,57975
2015-01-12,7.9393,7.9393,7.7793,7.8093,2.4392,22190
2015-01-13,7.8193,7.9943,7.7993,7.8193,2.4423,12353
2015-01-14,7.8493,7.8943,7.7743,7.7743,2.4283,17449
2015-01-15,7.8243,7.8893,7.6993,7.7943,2.4345,35411
2015-01-16,7.7943,7.8593,7.6893,7.7493,2.4205,39856
2015-01-19,7.7993,7.7993,7.7193,7.7893,2.433,7636
2015-01-20,7.7493,7.8743,7.7193,7.7893,2.433,15882
2015-01-21,7.8493,7.8593,7.7993,7.7993,2.4361,9601
2015-01-22,7.8293,7.9193,7.7993,7.8793,2.4611,25104
2015-01-23,7.8993,7.9843,7.8593,7.8793,2.4611,19050
2015-01-26,7.8493,7.8993,7.7293,7.7993,2.4361,25459
2015-01-27,7.8493,7.9193,7.8093,7.8893,2.4642,37145
2015-01-28,7.8993,7.8993,7.7943,7.8193,2.4423,13402
2015-01-29,7.8293,7.8293,7.7343,7.7993,2.4361,59803
2015-01-30,7.8943,7.8993,7.7843,7.8993,2.4673,13951
2015-02-02,7.9493,7.9493,7.8293,7.8993,2.4673,3267
2015-02-03,7.8493,7.8993,7.7993,7.8293,2.4455,34140
2015-02-04,7.8893,7.8993,7.8293,7.8293,2.4455,56619
2015-02-05,7.8793,7.8893,7.7993,7.8293,2.4455,18160
2015-02-06,7.9093,7.9093,7.7993,7.8693,2.458,16238
2015-02-09,7.8643,7.8693,7.7493,7.7993,2.4361,14593
2015-02-10,7.8243,7.8893,7.7993,7.8543,2.4533,33048
2015-02-11,7.8843,7.8943,7.7993,7.8193,2.4423,31761
2015-02-12,7.7993,7.8843,7.7993,7.8193,2.4423,181633
2015-02-13,7.8193,7.9243,7.7693,7.7993,2.4361,191591
2015-02-16,7.7993,7.8393,7.7293,7.7493,2.4205,25352
2015-02-17,7.7593,7.7593,7.5494,7.5944,2.3721,72598
2015-02-18,7.5894,7.6693,7.5794,7.5994,2.3737,64293
2015-02-19,7.6693,7.6693,7.5694,7.5794,2.3674,33690
2015-02-20,7.6194,7.6194,7.5644,7.5944,2.3721,29815
2015-02-23,7.5994,7.6993,7.5194,7.6993,2.4049,113909
2015-02-24,7.6593,7.6993,7.5844,7.5994,2.3737,131607
2015-02-25,7.5994,7.6493,7.5794,7.5844,2.369,6188
2015-02-26,7.5794,7.5994,7.5044,7.5244,2.3502,24263
2015-02-27,7.5494,7.5994,7.5494,7.5994,2.3737,7163
2015-03-02,7.5844,7.6294,7.5844,7.6094,2.3768,95232
2015-03-03,7.6044,7.6993,7.5794,7.6993,2.4049,51028
2015-03-04,7.7093,7.7193,7.6244,7.6943,2.4033,5002
2015-03-05,7.6993,7.6993,7.6294,7.6493,2.3892,1963
2015-03-06,7.6493,7.6993,7.5394,7.6344,2.3846,6880
2015-03-09,7.6793,7.6793,7.5494,7.5794,2.3674,147952
2015-03-10,7.6393,7.6393,7.5594,7.5894,2.3705,10357
2015-03-11,7.6094,7.7293,7.5594,7.6943,2.4033,54983
2015-03-12,7.6993,7.9393,7.6893,7.9143,2.472,148934
2015-03-13,7.8593,7.9143,7.7493,7.7493,2.4205,24885
2015-03-16,7.7843,7.8943,7.6593,7.6893,2.4017,37159
2015-03-17,7.6344,7.7293,7.5844,7.5994,2.3737,72448
2015-03-18,7.6493,7.6493,7.5694,7.5994,2.3737,9593
2015-03-19,7.5994,7.5994,7.5844,7.5844,2.369,4388
2015-03-20,7.6493,7.6493,7.5494,7.5494,2.358,27140
2015-03-23,7.5394,7.5994,7.5044,7.5294,2.3518,33553
2015-03-24,7.5994,7.6393,7.4994,7.4994,2.3424,55704
2015-03-25,7.4994,7.5494,7.4694,7.4694,2.3331,30815
2015-03-26,7.4894,7.5844,7.4894,7.5444,2.3565,117440
2015-03-27,7.4894,7.5394,7.4894,7.5244,2.3502,3387
2015-03-30,7.4894,7.4994,7.3094,7.3194,2.2862,49467
2015-03-31,7.4094,7.4094,7.2994,7.2994,2.28,59439
2015-04-01,7.3294,7.3344,7.2944,7.2994,2.28,8607
2015-04-02,7.2944,7.3494,7.2944,7.3294,2.2893,147464
2015-04-03,7.3494,7.3994,7.2894,7.3094,2.2831,9291
2015-04-06,7.2994,7.3894,7.2994,7.3494,2.2956,12434
2015-04-07,7.3494,7.3994,7.3194,7.3494,2.2956,4181
2015-04-08,7.3494,7.4244,7.3294,7.3494,2.2956,22216
2015-04-09,7.3344,7.4944,7.3344,7.4844,2.3377,9230
2015-04-10,7.4844,7.4894,7.3494,7.4694,2.3331,3702
2015-04-13,7.4694,7.4694,7.4694,7.4694,2.3331,0
2015-04-14,7.4694,7.5094,7.4294,7.4294,2.3206,165829
2015-04-15,7.4294,7.5444,7.3594,7.4494,2.3268,15076
2015-04-16,7.4194,7.4994,7.4094,7.4394,2.3237,5769
2015-04-17,7.4844,7.5344,7.3494,7.4494,2.3268,13268
2015-04-20,7.4944,7.5294,7.4094,7.5294,2.3518,2748
2015-04-21,7.5294,7.5294,7.3994,7.4794,2.3362,10434
2015-04-22,7.5094,7.5094,7.3994,7.4394,2.3237,4421
2015-04-23,7.4994,7.5094,7.3994,7.4694,2.3331,2125
2015-04-24,7.4894,7.6294,7.4794,7.5944,2.3721,21024
2015-04-27,7.6194,7.6493,7.5444,7.6493,2.3892,14400
2015-04-28,7.6393,7.6543,7.5494,7.5494,2.358,5637
2015-04-29,7.5394,7.6393,7.5394,7.6194,2.3799,9886
2015-04-30,7.5794,7.6393,7.5594,7.6144,2.3783,8556
2015-05-01,7.6144,7.6144,7.6144,7.6144,2.3783,0
2015-05-04,7.6144,7.6194,7.5794,7.6094,2.3768,3340
2015-05-05,7.5994,7.7943,7.5994,7.7493,2.4205,79574
2015-05-06,7.7493,7.7843,7.6493,7.6493,2.3892,7743
2015-05-07,7.7393,7.7393,7.6493,7.6993,2.4049,1660
2015-05-08,7.7593,7.7693,7.6593,7.6643,2.3939,11427
2015-05-11,7.7843,7.7843,7.5494,7.5994,2.3737,4767
2015-05-12,7.5794,7.6593,7.5294,7.6194,2.3799,2676
2015-05-13,7.6693,7.6693,7.5994,7.6493,2.3892,4995
2015-05-14,7.6593,7.6593,7.5494,7.5594,2.3612,4014
2015-05-15,7.6444,7.7093,7.5694,7.6843,2.4002,55346
2015-05-18,7.6993,7.6993,7.6493,7.6493,2.3892,9035
2015-05-19,7.6893,7.6993,7.6044,7.6593,2.3924,3275
2015-05-20,7.6943,7.6943,7.5794,7.6793,2.3986,5799
2015-05-21,7.6493,7.6593,7.5894,7.5994,2.3737,2218
2015-05-22,7.6493,7.6493,7.5594,7.6393,2.3861,7311
2015-05-25,7.6393,7.6393,7.5694,7.6194,2.3799,849
2015-05-26,7.6444,7.6444,7.5694,7.6194,2.3799,28542
2015-05-27,7.5944,7.6044,7.5644,7.5694,2.3643,56766
2015-05-28,7.5994,7.6194,7.5294,7.5494,2.358,69498
2015-05-29,7.5144,7.5494,7.5044,7.5394,2.3549,15738
2015-06-01,7.5394,7.5394,7.5394,7.5394,2.3549,0
2015-06-02,7.5144,7.5394,7.4694,7.4694,2.3331,15852
2015-06-03,7.4544,7.5144,7.3994,7.4144,2.3159,22166
2015-06-04,7.4194,7.4394,7.3844,7.3944,2.3096,39555
2015-06-05,7.2894,7.3294,7.2194,7.2994,2.3764,59359
2015-06-08,7.2494,7.2994,7.2044,7.2494,2.3601,26107
2015-06-09,7.2494,7.2494,7.1594,7.1994,2.3438,37656
2015-06-10,7.2094,7.2494,7.1594,7.1794,2.3373,51468
2015-06-11,7.1994,7.1994,7.0594,7.1194,2.3178,17490
2015-06-12,7.0594,7.1794,7.0594,7.1094,2.3145,9657
2015-06-15,7.1494,7.1794,7.1344,7.1694,2.334,3190
2015-06-16,7.1494,7.1494,7.0594,7.1394,2.3243,31053
2015-06-17,7.0844,7.2894,7.0544,7.1994,2.3438,61594
2015-06-18,7.2694,7.2944,7.1994,7.2594,2.3633,1105
2015-06-19,7.2494,7.3944,7.1594,7.2344,2.3552,65851
2015-06-22,7.3694,7.3694,7.1594,7.1594,2.3308,6781
2015-06-23,7.2894,7.2894,7.1794,7.2494,2.3601,2280
2015-06-24,7.2994,7.3494,7.1744,7.2594,2.3633,25508
2015-06-25,7.3394,7.4494,7.2994,7.4194,2.4154,80935
2015-06-26,7.4194,7.5894,7.4044,7.5844,2.4692,60031
2015-06-29,7.3994,7.5194,7.1794,7.3994,2.4089,31038
2015-06-30,7.3694,7.4894,7.3694,7.4794,2.435,59078
2015-07-01,7.4794,7.6793,7.4794,7.5844,2.4692,59585
2015-07-02,7.6493,7.6693,7.5394,7.5994,2.474,23856
2015-07-03,7.5894,7.5994,7.4494,7.5994,2.474,75360
2015-07-06,7.4394,7.5894,7.3994,7.4194,2.4154,45729
2015-07-07,7.5694,7.5694,7.4044,7.4494,2.4252,264254
2015-07-08,7.5494,7.5494,7.4094,7.4194,2.4154,134314
2015-07-09,7.4494,7.4494,7.4194,7.4494,2.4252,32952
2015-07-10,7.4894,7.5394,7.4244,7.4244,2.4171,26808
2015-07-13,7.5244,7.5394,7.4044,7.5394,2.4545,70969
2015-07-14,7.5444,7.5494,7.4594,7.5444,2.4561,1297
2015-07-15,7.5444,7.5444,7.3994,7.4944,2.4399,62484
2015-07-16,7.4994,7.4994,7.4044,7.4294,2.4187,15744
2015-07-17,7.4294,7.4844,7.4194,7.4844,2.4366,5048
2015-07-20,7.4844,7.4894,7.4344,7.4794,2.435,4266
2015-07-21,7.4794,7.4794,7.4194,7.4344,2.4203,12629
2015-07-22,7.4294,7.4394,7.3494,7.3494,2.3926,35737
2015-07-23,7.3894,7.4094,7.3494,7.3844,2.404,67059
2015-07-24,7.3944,7.4444,7.3694,7.4444,2.4236,4694
2015-07-27,7.4344,7.4394,7.3994,7.3994,2.4089,11934
2015-07-28,7.4444,7.4444,7.3994,7.4294,2.4187,20625
2015-07-29,7.4294,7.4994,7.4294,7.4544,2.4268,356054
2015-07-30,7.4794,7.4994,7.4294,7.4844,2.4366,569180
2015-07-31,7.4844,7.5794,7.4844,7.4994,2.4415,84748
2015-08-03,7.5694,7.5794,7.3994,7.3994,2.4089,71687
2015-08-04,7.3994,7.5344,7.3994,7.4294,2.4187,9050
2015-08-05,7.4294,7.4894,7.3994,7.4294,2.4187,305668
2015-08-06,7.4894,7.4894,7.4044,7.4194,2.4154,8325
2015-08-07,7.4894,7.4994,7.4144,7.4144,2.4138,15565
2015-08-10,7.4144,7.4794,7.4044,7.4794,2.435,122929
2015-08-11,7.4944,7.5394,7.4594,7.5394,2.4545,42826
2015-08-12,7.5094,7.5094,7.4594,7.4744,2.4333,32941
2015-08-13,7.4994,7.5294,7.4994,7.5194,2.448,49900
2015-08-14,7.4494,7.4794,7.3494,7.4094,2.4122,71641
2015-08-17,7.4794,7.4794,7.3594,7.4294,2.4187,3401
2015-08-18,7.4394,7.4394,7.2744,7.2994,2.3764,20980
2015-08-19,7.2994,7.3494,7.2494,7.3494,2.3926,23025
2015-08-20,7.2544,7.3494,7.2494,7.3494,2.3926,37232
2015-08-21,7.2794,7.3394,7.2594,7.2994,2.3764,55179
2015-08-24,7.2494,7.2494,6.3995,6.9894,2.2754,199607
2015-08-25,6.9494,7.1494,6.6994,7.0794,2.3047,68241
2015-08-26,6.9094,7.0794,6.7994,6.9844,2.2738,15701
2015-08-27,6.9994,7.0644,6.9194,6.9894,2.2754,8863
2015-08-28,6.9894,6.9994,6.9294,6.9694,2.2689,7054
2015-08-31,6.9294,6.9694,6.8994,6.9594,2.2657,4936
2015-09-01,6.9094,6.9394,6.8144,6.8494,2.2299,20920
2015-09-02,6.8494,6.8494,6.5294,6.8294,2.2234,13621
2015-09-03,6.8494,6.8494,6.7994,6.8094,2.2168,5740
2015-09-04,6.8694,6.8694,6.8094,6.8494,2.2299,10584
2015-09-07,6.8694,6.8694,6.7144,6.7994,2.2136,7698
2015-09-08,6.7494,6.7994,6.7044,6.7194,2.1875,8673
2015-09-09,6.7994,6.8644,6.7844,6.7994,2.2136,7067
2015-09-10,6.8994,6.8994,6.6494,6.7494,2.1973,46433
2015-09-11,6.7994,6.7994,6.6144,6.7994,2.2136,2341
2015-09-14,6.7294,6.8994,6.7294,6.8794,2.2396,11320
2015-09-15,6.8494,6.9544,6.8494,6.8594,2.2331,12538
2015-09-16,6.9494,6.9544,6.8994,6.9394,2.2592,3394
2015-09-17,6.9394,6.9694,6.8594,6.9494,2.2624,13079
2015-09-18,6.9494,6.9744,6.8594,6.9394,2.2592,11802
2015-09-21,6.9494,7.0694,6.9494,7.0694,2.3015,3518
2015-09-22,7.0994,7.0994,6.8094,7.0494,2.295,91134
2015-09-23,7.0394,7.0394,6.9494,7.0394,2.2917,3677
2015-09-24,6.9994,7.0394,6.9194,7.0394,2.2917,6106
2015-09-25,7.0294,7.0394,6.9994,7.0394,2.2917,143
2015-09-28,7.0294,7.0294,6.9194,7.0094,2.282,13528
2015-09-29,7.0094,7.0194,6.9994,6.9994,2.2787,2673
2015-09-30,6.9994,7.0094,6.9494,7.0094,2.282,14815
2015-10-01,6.9994,7.0094,6.9994,7.0094,2.282,5579
2015-10-02,7.0094,7.0194,6.9994,7.0194,2.2852,6859
2015-10-05,7.0094,7.0694,6.9794,7.0694,2.3015,13854
2015-10-06,6.9994,7.1194,6.9994,7.0994,2.3113,21421
2015-10-07,7.0194,7.1194,6.9994,7.0494,2.295,7414
2015-10-08,7.0094,7.0994,6.9494,6.9994,2.2787,14908
2015-10-09,6.9594,7.0994,6.9594,6.9694,2.2689,21758
2015-10-12,7.0794,7.0894,6.9694,6.9994,2.2787,21738
2015-10-13,6.9694,6.9994,6.9294,6.9494,2.2624,24041
2015-10-14,6.8994,6.9894,6.8994,6.9594,2.2657,34407
2015-10-15,6.9094,6.9494,6.8294,6.8894,2.2429,17665
2015-10-16,6.8794,6.9394,6.8694,6.8694,2.2364,11378
2015-10-19,6.8794,6.8894,6.8294,6.8894,2.2429,2960
2015-10-20,6.8394,6.8394,6.7794,6.7994,2.2136,155819
2015-10-21,6.8394,6.8894,6.7794,6.8094,2.2168,1361
2015-10-22,6.8494,6.8694,6.7894,6.8694,2.2364,19770
2015-10-23,6.7994,6.9494,6.7994,6.9494,2.2624,10489
2015-10-26,6.9394,6.9394,6.8394,6.9394,2.2592,107
2015-10-27,6.8394,6.9294,6.8394,6.9294,2.2559,792
2015-10-28,6.9194,6.9294,6.9194,6.9294,2.2559,15
2015-10-29,6.8494,6.9294,6.8494,6.9294,2.2559,5024
2015-10-30,6.9294,6.9294,6.8494,6.8994,2.2461,32310
2015-11-02,6.8994,6.8994,6.8194,6.8994,2.2461,1976
2015-11-03,6.8294,6.8894,6.7994,6.8194,2.2201,8988
2015-11-04,6.8194,6.8894,6.7894,6.8494,2.2299,9644
2015-11-05,6.8494,6.8594,6.7994,6.8594,2.2331,8680
2015-11-06,6.8694,6.8694,6.8094,6.8394,2.2266,5995
2015-11-09,6.8294,6.8894,6.7994,6.8794,2.2396,44438
2015-11-10,6.7994,6.9294,6.7994,6.8994,2.2461,5205
2015-11-11,6.9394,6.9794,6.8794,6.9294,2.2559,11012
2015-11-12,6.9294,6.9294,6.8194,6.8794,2.2396,3661
2015-11-13,6.9294,7.0694,6.9094,6.9994,2.2787,40219
2015-11-16,7.0394,7.0394,6.9294,6.9494,2.2624,5061
2015-11-17,6.9494,6.9994,6.9094,6.9394,2.2592,4278
2015-11-18,6.9794,6.9794,6.8194,6.8994,2.2461,950
2015-11-19,6.8394,6.9694,6.8394,6.9694,2.2689,1349
2015-11-20,6.8594,6.9794,6.8594,6.9694,2.2689,2157
2015-11-23,6.9694,6.9794,6.8494,6.9394,2.2592,4328
2015-11-24,6.9694,6.9694,6.9094,6.9394,2.2592,1885
2015-11-25,6.9594,6.9594,6.8994,6.9494,2.2624,2942
2015-11-26,6.8994,6.9594,6.8994,6.9494,2.2624,7981
2015-11-27,6.9094,6.9394,6.8994,6.8994,2.2461,3646
2015-11-30,6.8994,6.8994,6.8994,6.8994,2.2461,0
2015-12-01,6.8994,6.8994,6.8994,6.8994,2.2461,0
2015-12-02,6.8994,6.9494,6.8494,6.8494,2.2299,27061
2015-12-03,6.8494,6.8994,6.8194,6.8694,2.2364,6012
2015-12-04,6.8294,6.8694,6.8194,6.8694,2.2364,537
2015-12-07,6.8894,6.8894,6.7994,6.8294,2.2234,19306
2015-12-08,6.8094,6.8394,6.7794,6.7994,2.2136,33195
2015-12-09,6.8394,6.8394,6.7694,6.7694,2.2038,10668
2015-12-10,6.7694,6.7994,6.7394,6.7794,2.2071,10177
2015-12-11,6.7794,6.7894,6.6794,6.6994,2.181,21568
2015-12-14,6.7794,6.7794,6.4994,6.5894,2.1452,32985
2015-12-15,6.5894,6.6394,6.4495,6.5394,2.1289,21179
2015-12-16,6.5594,6.5594,6.4495,6.4894,2.1127,14782
2015-12-17,6.4894,6.5794,6.4495,6.4495,2.0997,25577
2015-12-18,6.4994,6.4994,6.4095,6.4095,2.0867,13643
2015-12-21,6.4694,6.4794,6.3595,6.3795,2.0769,21451
2015-12-22,6.3895,6.4095,6.3595,6.3795,2.0769,34809
2015-12-23,6.3895,6.4894,6.3895,6.4594,2.1029,15970
2015-12-24,6.4594,6.4594,6.4594,6.4594,2.1029,0
2015-12-25,6.4594,6.4594,6.4594,6.4594,2.1029,0
2015-12-28,6.4594,6.4894,6.4295,6.4594,2.1029,9706
2015-12-29,6.4594,6.4594,6.3995,6.4395,2.0964,71134
2015-12-30,6.3995,6.4395,6.3995,6.4195,2.0899,80752
2015-12-31,6.4395,6.4395,6.4395,6.4395,2.0964,0
2016-01-01,6.4195,6.4195,6.4195,6.4195,2.0899,0
2016-01-04,6.4794,6.4794,6.3995,6.4694,2.1062,704
2016-01-05,6.4495,6.4694,6.3995,6.4694,2.1062,5259
2016-01-06,6.4195,6.4794,6.3995,6.4694,2.1062,5150
2016-01-07,6.4195,6.4195,6.2995,6.3895,2.0801,52005
2016-01-08,6.3895,6.3995,5.9995,6.2795,2.0443,32437
2016-01-11,6.2995,6.3895,6.0695,6.1995,2.0183,9156
2016-01-12,6.1895,6.2295,6.0495,6.1195,1.9922,26540
2016-01-13,6.1995,6.1995,6.0595,6.0995,1.9857,9680
2016-01-14,6.0995,6.0995,5.8595,5.9195,1.9271,84588
2016-01-15,5.8995,5.9295,5.4995,5.7595,1.875,57860
2016-01-18,5.6495,5.6995,5.3195,5.4395,1.7709,79083
2016-01-19,5.4995,5.6695,5.4995,5.5495,1.8067,6092
2016-01-20,5.5495,5.5495,5.2995,5.3995,1.7578,62657
2016-01-21,5.3595,5.5495,5.2995,5.5495,1.8067,32559
2016-01-22,5.6295,5.7395,5.5695,5.7295,1.8653,29221
2016-01-25,5.7495,5.7695,5.6095,5.7395,1.8685,2347
2016-01-26,5.7095,5.7795,5.6195,5.7495,1.8718,15884
2016-01-27,5.7495,5.8995,5.7295,5.7895,1.8848,8168
2016-01-28,5.6195,5.8695,5.6195,5.8495,1.9043,26563
2016-01-29,5.8695,6.0295,5.8695,5.9995,1.9532,4993
2016-02-01,6.0995,6.0995,5.9795,5.9995,1.9532,7909
2016-02-02,6.0895,6.0895,5.9095,5.9895,1.9499,11048
2016-02-03,5.8995,5.9995,5.8695,5.8995,1.9206,38308
2016-02-04,5.9695,5.9995,5.8895,5.8995,1.9206,25629
2016-02-05,5.9795,5.9895,5.8995,5.9895,1.9499,1175
2016-02-08,5.9095,5.9895,5.7395,5.7995,1.8881,8076
2016-02-09,5.7795,5.8995,5.6095,5.6995,1.8555,10112
2016-02-10,5.7595,5.7995,5.6595,5.6895,1.8523,7226
2016-02-11,5.7395,5.7895,5.5495,5.5495,1.8067,7995
2016-02-12,5.5495,5.5995,5.4995,5.5495,1.8067,9951
2016-02-15,5.6695,5.6695,5.5395,5.5395,1.8034,5252
2016-02-16,5.5195,5.5495,5.2796,5.3295,1.7351,64755
2016-02-17,5.3195,5.4695,5.3195,5.4295,1.7676,6166
2016-02-18,5.4595,5.4595,5.4295,5.4595,1.7774,1598
2016-02-19,5.4595,5.5795,5.4095,5.4995,1.7904,7445
2016-02-22,5.4195,5.5595,5.3995,5.5495,1.8067,6051
2016-02-23,5.5195,5.5195,5.4495,5.4995,1.7904,8130
2016-02-24,5.4995,5.5595,5.3995,5.4595,1.7774,2955
2016-02-25,5.4995,5.5495,5.4295,5.4995,1.7904,3430
2016-02-26,5.5495,5.6495,5.5495,5.6295,1.8327,13692
2016-02-29,5.6295,5.6295,5.4995,5.4995,1.7904,9791
2016-03-01,5.6295,5.6295,5.4895,5.4995,1.7904,68368
2016-03-02,5.4995,5.6195,5.4995,5.5995,1.823,203335
2016-03-03,5.6095,5.6095,5.5395,5.5995,1.823,68688
2016-03-04,5.6095,5.6095,5.4795,5.4995,1.7904,28780
2016-03-07,5.4995,5.5995,5.4995,5.5495,1.8067,30711
2016-03-08,5.5095,5.5795,5.4695,5.4995,1.7904,13569
2016-03-09,5.5695,5.5695,5.4695,5.4695,1.7806,11918
2016-03-10,5.4995,5.4995,5.4595,5.4895,1.7871,14185
2016-03-11,5.4895,5.4895,5.4495,5.4895,1.7871,7719
2016-03-14,5.4895,5.4995,5.4695,5.4795,1.7839,13636
2016-03-15,5.4795,5.4795,5.4395,5.4795,1.7839,6134
2016-03-16,5.4795,5.5895,5.4295,5.4995,1.7904,22703
2016-03-17,5.4695,5.4995,5.4395,5.4995,1.7904,10146
2016-03-18,5.4595,5.4995,5.4395,5.4895,1.7871,25122
2016-03-21,5.4895,5.4895,5.4195,5.4495,1.7741,11919
2016-03-22,5.4795,5.4895,5.4095,5.4295,1.7676,64567
2016-03-23,5.4695,5.4695,5.3995,5.4195,1.7644,8226
2016-03-24,5.3995,5.3995,5.2995,5.2995,1.7253,11270
2016-03-25,5.2995,5.3895,5.2995,5.2995,1.7253,14209
2016-03-28,5.3895,5.3895,5.2895,5.3695,1.7481,6601
2016-03-29,5.3495,5.3695,5.2895,5.2895,1.722,57581
2016-03-30,5.3095,5.3495,5.2995,5.3395,1.7383,41951
2016-03-31,5.3295,5.3395,5.3195,5.3395,1.7383,4341
2016-04-01,5.3295,5.3395,5.2895,5.2995,1.7253,17843
2016-04-04,5.3195,5.3195,5.2396,5.2396,1.7058,26986
2016-04-05,5.2796,5.3395,5.2496,5.3295,1.7351,12385
2016-04-06,5.3295,5.3295,5.2796,5.3295,1.7351,740
2016-04-07,5.3295,5.3295,5.2796,5.2995,1.7253,62204
2016-04-08,5.3295,5.3295,5.2196,5.2196,1.6993,33514
2016-04-11,5.3195,5.3195,5.2296,5.2895,1.722,2902
2016-04-12,5.3195,5.3195,5.2496,5.3095,1.7285,2910
2016-04-13,5.3295,5.3295,5.2995,5.2995,1.7253,45142
2016-04-14,5.3295,5.3395,5.2995,5.3095,1.7285,11923
2016-04-15,5.3095,5.3195,5.2995,5.3195,1.7318,1344
2016-04-18,5.2995,5.3195,5.2796,5.2995,1.7253,2823
2016-04-19,5.2995,5.2995,5.2696,5.2895,1.722,3231
2016-04-20,5.3095,5.3095,5.2496,5.2596,1.7123,3557
2016-04-21,5.2796,5.2796,5.2496,5.2696,1.7156,401
2016-04-22,5.2796,5.2796,5.2496,5.2596,1.7123,17031
2016-04-25,5.2796,5.2796,5.2296,5.2396,1.7058,23383
2016-04-26,5.2296,5.2496,5.1896,5.2196,1.6993,20839
2016-04-27,5.2696,5.2696,5.1696,5.1796,1.6863,6681
2016-04-28,5.1796,5.1796,5.0896,5.0996,1.6602,5832
2016-04-29,5.0996,5.1596,5.0796,5.0996,1.6602,12145
2016-05-02,5.0996,5.0996,5.0996,5.0996,1.6602,0
2016-05-03,5.0996,5.0996,4.8796,4.9296,1.6049,36257
2016-05-04,4.8796,4.9696,4.4996,4.8696,1.5853,18359
2016-05-05,4.9096,4.9296,4.8496,4.8496,1.5788,3930
2016-05-06,4.8396,4.9396,4.8096,4.8796,1.5886,4470
2016-05-09,4.8796,4.8896,4.7996,4.8696,1.5853,4099
2016-05-10,4.8796,4.8896,4.8096,4.8896,1.5918,14118
2016-05-11,4.8946,4.8996,4.7996,4.7996,1.5625,8260
2016-05-12,4.8796,4.8796,4.8296,4.8296,1.5723,662
2016-05-13,4.8996,4.9996,4.8896,4.9796,1.6211,158030
2016-05-16,5.0896,5.1696,5.0896,5.1296,1.67,14894
2016-05-17,5.1296,5.2696,5.0996,5.1896,1.6895,17246
2016-05-18,5.2096,5.2396,4.9496,5.1396,1.6732,12638
2016-05-19,5.1396,5.1496,4.9796,4.9996,1.6277,45857
2016-05-20,5.0996,5.1296,5.0996,5.0996,1.6602,895
2016-05-23,5.1196,5.1196,4.9796,5.0696,1.6504,6236
2016-05-24,5.0696,5.0796,4.9596,4.9996,1.6277,41026
2016-05-25,5.0496,5.0496,4.9846,4.9846,1.6228,2878
2016-05-26,5.0096,5.0396,4.9896,5.0196,1.6342,23980
2016-05-27,5.0296,5.0296,4.9846,5.0196,1.6342,13168
2016-05-30,5.0596,5.0596,4.9996,5.0296,1.6374,12794
2016-05-31,5.0796,5.2096,5.0796,5.1496,1.6765,6097
2016-06-01,5.1796,5.2096,5.1196,5.1796,1.6863,7855
2016-06-02,5.1996,5.1996,5.0996,5.1696,1.683,13603
2016-06-03,5.1796,5.2596,5.0996,5.2596,1.7123,19192
2016-06-06,5.2696,5.3295,5.2496,5.2895,1.722,61931
2016-06-07,5.0996,5.1196,5.0096,5.1196,1.7776,60468
2016-06-08,5.1296,5.1396,5.0896,5.1396,1.7846,13330
2016-06-09,5.1496,5.1696,5.0196,5.0896,1.7672,2820
2016-06-10,5.0796,5.0796,4.9996,5.0296,1.7464,2675
2016-06-13,4.9896,5.0296,4.9496,4.9796,1.729,12422
2016-06-14,4.9996,5.0096,4.9846,4.9996,1.736,2805
2016-06-15,4.9996,5.0596,4.9996,5.0396,1.7498,759
2016-06-16,5.0096,5.0296,4.9896,4.9996,1.736,55041
2016-06-17,4.9996,5.0196,4.9796,4.9796,1.729,3502
2016-06-20,4.9796,4.9796,4.9796,4.9796,1.729,0
2016-06-21,5.0196,5.0496,4.9896,5.0396,1.7498,10812
2016-06-22,5.0196,5.0896,5.0196,5.0596,1.7568,2788
2016-06-23,5.0596,5.0596,5.0196,5.0196,1.7429,44023
2016-06-24,4.4996,4.8796,4.4996,4.8296,1.6769,14909
2016-06-27,4.8396,4.8996,4.8296,4.8696,1.6908,13719
2016-06-28,4.8896,4.9996,4.8596,4.9896,1.7325,10470
2016-06-29,5.0196,5.0596,4.9996,5.0396,1.7498,17573
2016-06-30,5.0496,5.0496,5.0096,5.0196,1.7429,2618
2016-07-01,5.0496,5.0596,5.0296,5.0596,1.7568,2458
2016-07-04,5.0596,5.0596,4.9996,5.0496,1.7533,7578
2016-07-05,5.0496,5.0596,4.9896,4.9996,1.736,8178
2016-07-06,4.9996,4.9996,4.9696,4.9796,1.729,2530
2016-07-07,4.9796,4.9996,4.9696,4.9996,1.736,5291
2016-07-08,4.9996,4.9996,4.9796,4.9996,1.736,5853
2016-07-11,4.9896,5.0096,4.9796,4.9996,1.736,3904
2016-07-12,4.9996,5.1496,4.9896,5.1196,1.7776,32553
2016-07-13,5.1196,5.2396,5.1196,5.2396,1.8193,6401
2016-07-14,5.2496,5.2496,5.1996,5.1996,1.8054,4159
2016-07-15,5.1996,5.1996,5.0896,5.1896,1.8019,26461
2016-07-18,5.1896,5.1896,5.1196,5.1896,1.8019,646
2016-07-19,5.1896,5.1896,5.0996,5.0996,1.7707,14038
2016-07-20,5.1596,5.1796,5.1596,5.1796,1.7985,4524
2016-07-21,5.1796,5.1996,5.1796,5.1896,1.8019,1363
2016-07-22,5.1896,5.1896,5.1496,5.1896,1.8019,3348
2016-07-25,5.1796,5.1996,5.1796,5.1796,1.7985,5846
2016-07-26,5.1796,5.1996,5.1496,5.1896,1.8019,4245
2016-07-27,5.1996,5.1996,5.1896,5.1996,1.8054,2663
2016-07-28,5.1996,5.1996,5.1496,5.1996,1.8054,5305
2016-07-29,5.1996,5.2796,5.1596,5.2796,1.8332,17084
2016-08-01,5.2796,5.2995,5.1796,5.2995,1.8401,5870
2016-08-02,5.2995,5.2995,5.2096,5.2796,1.8332,591
2016-08-03,5.2796,5.2995,5.1896,5.2995,1.8401,9038
2016-08-04,5.2895,5.2895,5.2396,5.2895,1.8366,3461
2016-08-05,5.2396,5.2995,5.2196,5.2995,1.8401,4675
2016-08-08,5.2895,5.3795,5.2895,5.3595,1.8609,3627
2016-08-09,5.3895,5.3995,5.2296,5.3295,1.8505,10368
2016-08-10,5.3495,5.4395,5.1996,5.2796,1.8332,8429
2016-08-11,5.3995,5.4395,5.1996,5.3795,1.8679,4256
2016-08-12,5.2196,5.2196,5.0796,5.0896,1.7672,58988
2016-08-15,5.0896,5.0896,5.0896,5.0896,1.7672,0
2016-08-16,5.0896,5.1496,5.0096,5.0496,1.7533,20845
2016-08-17,5.0696,5.1396,5.0396,5.1396,1.7846,10549
2016-08-18,5.1196,5.1696,5.0896,5.1596,1.7915,25968
2016-08-19,5.1696,5.1696,5.0596,5.1596,1.7915,7640
2016-08-22,5.1596,5.1596,5.1096,5.1496,1.788,8827
2016-08-23,5.1496,5.1496,5.1296,5.1496,1.788,3515
2016-08-24,5.1496,5.1496,5.1096,5.1096,1.7742,8793
2016-08-25,5.1396,5.1496,5.0996,5.1496,1.788,4196
2016-08-26,5.1496,5.1496,5.0496,5.1196,1.7776,15105
2016-08-29,5.1196,5.1196,5.0796,5.1096,1.7742,4854
2016-08-30,5.1196,5.1296,5.1096,5.1296,1.7811,13882
2016-08-31,5.1296,5.1296,5.0796,5.1096,1.7742,16912
2016-09-01,5.0996,5.1196,5.0896,5.0996,1.7707,1811
2016-09-02,5.0996,5.1096,5.0696,5.0996,1.7707,2140
2016-09-05,5.1096,5.1296,5.0596,5.1296,1.7811,15057
2016-09-06,5.1296,5.1296,5.1096,5.1296,1.7811,4216
2016-09-07,5.1296,5.1296,5.0596,5.1196,1.7776,17335
2016-09-08,5.1196,5.1196,5.0596,5.1196,1.7776,6575
2016-09-09,5.1196,5.1196,5.0596,5.1096,1.7742,15779
2016-09-12,5.0896,5.0996,5.0296,5.0896,1.7672,2181
2016-09-13,5.0896,5.1096,5.0496,5.0996,1.7707,4247
2016-09-14,5.0496,5.0996,5.0396,5.0796,1.7637,4808
2016-09-15,5.0996,5.0996,5.0296,5.0296,1.7464,9256
2016-09-16,5.0296,5.0296,4.9496,4.9496,1.7186,61960
2016-09-19,4.9996,5.0096,4.9896,4.9996,1.736,8807
2016-09-20,4.9996,4.9996,4.8496,4.9496,1.7186,24302
2016-09-21,4.9496,4.9496,4.8896,4.8996,1.7012,5134
2016-09-22,4.9496,4.9496,4.8496,4.8946,1.6995,6115
2016-09-23,4.9096,4.9496,4.8896,4.9396,1.7151,3346
2016-09-26,4.9396,4.9596,4.8896,4.8996,1.7012,2143
2016-09-27,4.8996,4.9346,4.8996,4.9096,1.7047,1285
2016-09-28,4.9296,4.9296,4.9196,4.9246,1.7099,318
2016-09-29,4.9246,4.9246,4.9046,4.9246,1.7099,1469
2016-09-30,4.9296,4.9346,4.9196,4.9346,1.7134,656
2016-10-03,4.9346,4.9446,4.8896,4.9296,1.7117,5884
2016-10-04,4.9296,4.9296,4.8896,4.9296,1.7117,5281
2016-10-05,4.9246,4.9296,4.9246,4.9246,1.7099,1034
2016-10-06,4.9196,4.9196,4.8896,4.9146,1.7064,886
2016-10-07,4.9146,4.9146,4.8796,4.8996,1.7012,2805
2016-10-10,4.9196,4.9196,4.8746,4.8796,1.6943,4932
2016-10-11,4.9096,4.9096,4.8696,4.8996,1.7012,3950
2016-10-12,4.8996,4.8996,4.8496,4.8896,1.6978,20900
2016-10-13,4.8946,4.8946,4.7996,4.8446,1.6821,9782
2016-10-14,4.8446,4.8996,4.8446,4.8496,1.6839,6001
2016-10-17,4.8896,4.8946,4.7996,4.7996,1.6665,59412
2016-10-18,4.8496,4.8496,4.7546,4.7996,1.6665,71675
2016-10-19,4.8196,4.8996,4.7996,4.8996,1.7012,11562
2016-10-20,4.8996,4.9146,4.7996,4.7996,1.6665,55872
2016-10-21,4.8496,4.9096,4.8496,4.8996,1.7012,7967
2016-10-24,4.8996,4.9096,4.8896,4.8996,1.7012,14177
2016-10-25,4.9096,4.9096,4.8596,4.8996,1.7012,16525
2016-10-26,4.8996,4.8996,4.8696,4.8896,1.6978,2556
2016-10-27,4.8946,4.9146,4.8896,4.9146,1.7064,23616
2016-10-28,4.9146,4.9196,4.8896,4.9146,1.7064,3270
2016-10-31,4.9196,4.9196,4.8696,4.9196,1.7082,4072
2016-11-01,4.9196,4.9196,4.8996,4.9096,1.7047,1406
2016-11-02,4.9096,4.9146,4.7996,4.8746,1.6926,21022
2016-11-03,4.8696,4.8796,4.8196,4.8746,1.6926,4329
2016-11-04,4.8746,4.8796,4.8446,4.8446,1.6821,214
2016-11-07,4.8696,4.8746,4.8346,4.8746,1.6926,15956
2016-11-08,4.8746,4.9096,4.8496,4.9096,1.7047,21449
2016-11-09,4.7996,4.8596,4.7896,4.8596,1.6873,43948
2016-11-10,4.8596,4.8846,4.8546,4.8596,1.6873,82582
2016-11-11,4.8696,4.8996,4.8596,4.8946,1.6995,5560
2016-11-14,4.8946,4.8996,4.7996,4.8746,1.6926,15795
2016-11-15,4.8646,4.8646,4.8346,4.8646,1.6891,14019
2016-11-16,4.8646,4.8646,4.7996,4.8296,1.6769,13945
2016-11-17,4.8296,4.8596,4.7996,4.8546,1.6856,7510
2016-11-18,4.8496,4.9146,4.8296,4.9146,1.7064,20335
2016-11-21,4.9096,4.9096,4.8796,4.8896,1.6978,3539
2016-11-22,4.8896,4.8996,4.8896,4.8996,1.7012,1002
2016-11-23,4.8946,4.8996,4.8696,4.8696,1.6908,1706
2016-11-24,4.8746,4.9046,4.8696,4.9046,1.703,36869
2016-11-25,4.9046,4.9046,4.8346,4.8996,1.7012,11641
2016-11-28,4.8996,4.9096,4.8696,4.8996,1.7012,15012
2016-11-29,4.8996,4.9096,4.8796,4.9096,1.7047,17822
2016-11-30,4.9096,4.9096,4.9096,4.9096,1.7047,0
2016-12-01,4.9096,4.9096,4.9096,4.9096,1.7047,0
2016-12-02,4.9146,4.9146,4.8746,4.8896,1.6978,2809
2016-12-05,4.8996,4.8996,4.8896,4.8996,1.7012,471
2016-12-06,4.8996,4.8996,4.8796,4.8896,1.6978,2140
2016-12-07,4.8996,4.9046,4.8346,4.8446,1.6821,88288
2016-12-08,4.8496,4.8996,4.8496,4.8896,1.6978,45046
2016-12-09,4.8946,4.8996,4.8596,4.8596,1.6873,9292
2016-12-12,4.8696,4.8896,4.8446,4.8596,1.6873,16912
2016-12-13,4.8596,4.8946,4.8296,4.8296,1.6769,133188
2016-12-14,4.8896,4.8896,4.7946,4.8146,1.6717,46384
2016-12-15,4.8396,4.8496,4.7946,4.8196,1.6735,14262
2016-12-16,4.7946,4.8196,4.7896,4.8146,1.6717,49750
2016-12-19,4.7796,4.8096,4.7796,4.7996,1.6665,41940
2016-12-20,4.8196,4.8196,4.7846,4.8196,1.6735,32626
2016-12-21,4.8196,4.8346,4.7896,4.7996,1.6665,6641
2016-12-22,4.8096,4.8096,4.7896,4.8096,1.67,4348
2016-12-23,4.8096,4.8346,4.7946,4.8196,1.6735,29432
2016-12-26,4.8196,4.8196,4.8196,4.8196,1.6735,0
2016-12-27,4.7946,4.8296,4.7946,4.8196,1.6735,16236
2016-12-28,4.8196,4.8646,4.8096,4.8296,1.6769,22234
2016-12-29,4.8296,4.8446,4.8096,4.8396,1.6804,38063
2016-12-30,4.8446,4.8446,4.8046,4.8046,1.6682,42057
2017-01-02,4.8046,4.8046,4.8046,4.8046,1.6682,0
2017-01-03,4.8446,4.8846,4.8296,4.8846,1.696,7025
2017-01-04,4.8846,4.9896,4.8846,4.9896,1.7325,33781
2017-01-05,4.9896,5.0996,4.9896,5.0496,1.7533,28291
2017-01-06,5.0496,5.1196,5.0496,5.1196,1.7776,30788
2017-01-09,5.1296,5.1496,5.0696,5.1496,1.788,27400
2017-01-10,5.0596,5.1496,5.0596,5.1296,1.7811,4480
2017-01-11,5.1296,5.1496,5.0596,5.0696,1.7603,41261
2017-01-12,5.1396,5.1396,5.0496,5.0496,1.7533,114266
2017-01-13,5.0996,5.0996,5.0496,5.0596,1.7568,7941
2017-01-16,5.0996,5.1096,5.0596,5.0696,1.7603,8234
2017-01-17,5.0596,5.1096,5.0596,5.0996,1.7707,4930
2017-01-18,5.1096,5.1096,5.0196,5.0496,1.7533,27042
2017-01-19,5.0496,5.0896,5.0496,5.0796,1.7637,8162
2017-01-20,5.0796,5.1996,5.0696,5.1996,1.8054,24031
2017-01-23,5.1996,5.2496,5.0096,5.2496,1.8228,24274
2017-01-24,5.2496,5.2496,5.2496,5.2496,1.8228,0
2017-01-25,5.2596,5.8395,5.2596,5.8295,2.0241,163209
2017-01-26,5.8095,6.2995,5.6495,5.6495,1.9616,288871
2017-01-27,5.7395,5.9495,5.7395,5.7495,1.9963,193097
2017-01-30,5.8595,6.0595,5.8095,6.0395,2.097,205186
2017-01-31,6.0495,6.0995,5.9895,6.0395,2.097,41612
2017-02-01,6.0295,6.0995,5.8495,6.0995,2.1179,106599
2017-02-02,6.0395,6.0995,5.9995,5.9995,2.0831,37902
2017-02-03,6.0295,6.0995,5.9695,6.0995,2.1179,19373
2017-02-06,6.0195,6.0895,5.9895,6.0495,2.1005,24718
2017-02-07,6.0795,6.0795,5.9995,6.0495,2.1005,15894
2017-02-08,6.0495,6.0695,5.9495,5.9495,2.0658,43211
2017-02-09,6.0295,6.0295,5.8495,5.9595,2.0693,25678
2017-02-10,5.9995,6.0495,5.9995,6.0495,2.1005,12945
2017-02-13,6.0495,6.0495,5.9995,6.0195,2.0901,12841
2017-02-14,6.0195,6.0495,5.9695,6.0195,2.0901,10497
2017-02-15,6.0095,6.0395,5.8595,5.8695,2.038,37300
2017-02-16,5.8695,5.9295,5.8095,5.9195,2.0554,36303
2017-02-17,5.9295,5.9695,5.8795,5.9695,2.0727,11218
2017-02-20,5.9795,6.1195,5.9795,6.0995,2.1179,85156
2017-02-21,6.1295,6.4195,6.1295,6.3995,2.222,120290
2017-02-22,6.3895,6.4395,6.3495,6.4195,2.229,52553
2017-02-23,6.4395,6.4395,6.3095,6.3895,2.2186,22477
2017-02-24,6.3295,6.3795,6.2295,6.3495,2.2047,261835
2017-02-27,6.3495,6.3595,6.2595,6.3595,2.2081,10756
2017-02-28,6.2795,6.3595,6.2595,6.3295,2.1977,12999
2017-03-01,6.3495,6.3895,6.2095,6.3595,2.2081,13087
2017-03-02,6.3795,6.3795,6.2495,6.2995,2.1873,16992
2017-03-03,6.3395,6.3395,6.2795,6.3295,2.1977,8526
2017-03-06,6.3395,6.3795,6.2595,6.3795,2.2151,9736
2017-03-07,6.3695,6.3695,6.2895,6.3395,2.2012,2711
2017-03-08,6.3495,6.3495,6.2795,6.3095,2.1908,1679
2017-03-09,6.3395,6.3395,6.2195,6.2595,2.1734,104983
2017-03-10,6.2595,6.2895,6.2195,6.2895,2.1838,8720
2017-03-13,6.2795,6.2795,6.1495,6.2495,2.1699,11543
2017-03-14,6.2595,6.2795,6.1895,6.1995,2.1526,11134
2017-03-15,6.2195,6.2795,6.1895,6.1995,2.1526,30915
2017-03-16,6.2495,6.2595,6.1995,6.2495,2.1699,18982
2017-03-17,6.2495,6.2495,6.2195,6.2295,2.163,1276
2017-03-20,6.1995,6.2595,6.1995,6.2395,2.1665,6048
2017-03-21,6.2495,6.2995,6.2495,6.2995,2.1873,6329
2017-03-22,6.2995,6.3095,6.1995,6.3095,2.1908,31390
2017-03-23,6.2995,6.2995,6.1995,6.2395,2.1665,12826
2017-03-24,6.2495,6.2495,6.2095,6.2395,2.1665,8181
2017-03-27,6.2495,6.2695,6.2295,6.2695,2.1769,3609
2017-03-28,6.2995,6.2995,6.2395,6.2595,2.1734,4477
2017-03-29,6.2695,6.3995,6.2595,6.3895,2.2186,44764
2017-03-30,6.3895,6.9994,6.3895,6.4994,2.2567,609530
2017-03-31,6.5994,6.7794,6.5894,6.6994,2.3262,390157
2017-04-03,6.8594,6.9994,6.7394,6.9894,2.4269,249552
2017-04-04,6.9894,7.1594,6.9794,7.1394,2.4789,130984
2017-04-05,7.1494,7.1494,6.9994,6.9994,2.4303,131646
2017-04-06,7.0294,7.0294,6.8594,6.8594,2.3817,33683
2017-04-07,6.8894,6.8994,6.8494,6.8994,2.3956,55494
2017-04-10,6.8994,7.1194,6.7594,6.7794,2.3539,156756
2017-04-11,6.7894,6.8694,6.7894,6.7994,2.3609,28325
2017-04-12,6.9994,7.1194,6.9594,7.0994,2.465,465193
2017-04-13,7.1094,7.1294,7.0494,7.0894,2.4616,73930
2017-04-14,7.0794,7.1394,7.0594,7.0894,2.4616,28720
2017-04-17,7.0894,7.0894,7.0894,7.0894,2.4616,0
2017-04-18,6.9994,6.9994,6.7594,6.8994,2.3956,129151
2017-04-19,6.8994,6.9394,6.8994,6.9294,2.406,16161
2017-04-20,6.9294,6.9794,6.9294,6.9694,2.4199,16283
2017-04-21,6.9694,7.0294,6.9594,6.9994,2.4303,57461
2017-04-24,6.9994,7.0094,6.6994,6.9394,2.4095,86009
2017-04-25,6.6994,6.8494,6.5994,6.8494,2.3782,216445
2017-04-26,6.8494,6.8994,6.7694,6.8994,2.3956,38334
2017-04-27,6.8094,6.8494,6.6994,6.7694,2.3505,15197
2017-04-28,6.7894,6.7894,6.6394,6.6894,2.3227,21027
2017-05-01,6.6894,6.6894,6.6894,6.6894,2.3227,0
2017-05-02,6.6594,6.6994,6.6294,6.6294,2.3019,18336
2017-05-03,6.6394,6.6794,6.5194,6.6494,2.3088,49964
2017-05-04,6.5994,6.6594,6.5894,6.6594,2.3123,23239
2017-05-05,6.5994,6.6494,6.5994,6.6194,2.2984,16261
2017-05-08,6.5994,6.9394,6.5994,6.8394,2.3748,11175
2017-05-09,6.8894,6.8894,6.7994,6.8394,2.3748,15415
2017-05-10,6.8694,6.8894,6.8294,6.8694,2.3852,2968
2017-05-11,6.8494,6.9294,6.8294,6.8994,2.3956,24977
2017-05-12,6.9394,6.9994,6.9394,6.9994,2.4303,110639
2017-05-15,6.9994,6.9994,6.8394,6.9394,2.4095,50710
2017-05-16,6.8994,6.9394,6.8094,6.8094,2.3644,29031
2017-05-17,6.8394,6.8394,6.7194,6.7794,2.3539,23039
2017-05-18,6.7194,6.7894,6.6494,6.7594,2.347,25364
2017-05-19,6.7794,6.8894,6.7794,6.8894,2.3921,8761
2017-05-22,6.8494,6.8794,6.8494,6.8794,2.3887,12265
2017-05-23,6.8794,6.9194,6.8394,6.9094,2.3991,64564
2017-05-24,6.9094,6.9394,6.8994,6.9194,2.4025,23080
2017-05-25,6.9194,6.9294,6.8794,6.8794,2.3887,17669
2017-05-26,6.8994,6.9094,6.8194,6.8994,2.3956,13592
2017-05-29,6.8694,6.9394,6.8694,6.9394,2.4095,32063
2017-05-30,6.9394,7.1194,6.9394,7.0394,2.4442,194817
2017-05-31,7.0894,7.0894,6.9694,6.9994,2.4303,173013
2017-06-01,6.9994,6.9994,6.9994,6.9994,2.4303,0
2017-06-02,6.9994,6.9994,6.9994,6.9994,2.4303,0
2017-06-05,6.9994,6.9994,6.9994,6.9994,2.4303,0
2017-06-06,6.9994,7.0694,6.9794,6.9994,2.4303,71855
2017-06-07,6.9794,7.0094,6.9594,6.9994,2.4303,168783
2017-06-08,6.8194,6.8194,6.6694,6.7094,2.4449,84477
2017-06-09,6.8994,6.9994,6.7494,6.8094,2.4813,186791
2017-06-12,6.8394,6.8594,6.6494,6.8594,2.4996,33943
2017-06-13,6.7994,6.8794,6.7194,6.8794,2.5068,16205
2017-06-14,6.8794,6.8794,6.7494,6.7594,2.4631,1112
2017-06-15,6.6594,6.6994,6.6194,6.6294,2.4157,30464
2017-06-16,6.6494,6.6894,6.5994,6.6494,2.423,14060
2017-06-19,6.7194,6.7194,6.3995,6.5794,2.3975,54257
2017-06-20,6.6094,6.6094,6.3995,6.4295,2.3429,53097
2017-06-21,6.5194,6.5194,6.3995,6.4894,2.3647,6130
2017-06-22,6.4195,6.4894,6.3895,6.4395,2.3465,12889
2017-06-23,6.4395,6.4994,6.3995,6.4894,2.3647,25083
2017-06-26,6.4794,6.4894,6.4295,6.4594,2.3538,2277
2017-06-27,6.4794,6.4894,6.3995,6.4894,2.3647,36460
2017-06-28,6.4694,6.4994,6.3995,6.4894,2.3647,71044
2017-06-29,6.4894,6.6394,6.2995,6.3495,2.3138,148819
2017-06-30,6.4195,6.4195,6.3095,6.3895,2.3283,7291
2017-07-03,6.4495,6.4994,6.3895,6.4794,2.3611,5889
2017-07-04,6.4495,6.6694,6.4495,6.6694,2.4303,28514
2017-07-05,6.6694,6.8094,6.6694,6.7394,2.4558,10185
2017-07-06,6.7994,6.7994,6.6994,6.7694,2.4668,6575
2017-07-07,6.7194,6.7794,6.5994,6.7194,2.4485,8289
2017-07-10,6.7294,6.7594,6.6894,6.7594,2.4631,15704
2017-07-11,6.7694,6.7894,6.5994,6.7394,2.4558,47531
2017-07-12,6.6994,6.6994,6.4994,6.6794,2.434,36622
2017-07-13,6.6894,6.6994,6.5594,6.6094,2.4085,18781
2017-07-14,6.6194,6.6394,6.5294,6.5294,2.3793,3401
2017-07-17,6.5394,6.5994,6.5194,6.5794,2.3975,12756
2017-07-18,6.5394,6.6694,6.5394,6.6694,2.4303,5073
2017-07-19,6.6894,6.8794,6.6894,6.8494,2.4959,56595
2017-07-20,6.8294,6.9494,6.8294,6.9394,2.5287,39849
2017-07-21,6.9494,6.9894,6.9494,6.9494,2.5324,24299
2017-07-24,6.9094,6.9094,6.8494,6.8794,2.5068,4611
2017-07-25,6.8494,6.8894,6.8094,6.8894,2.5105,22984
2017-07-26,6.8894,6.9594,6.8294,6.9494,2.5324,6499
2017-07-27,6.9494,6.9794,6.9494,6.9794,2.5433,22418
2017-07-28,6.9894,7.0794,6.9694,7.0394,2.5652,37945
2017-07-31,7.0494,7.1394,7.0494,7.1194,2.5943,65993
2017-08-01,7.1294,7.1494,7.1194,7.1294,2.5979,36913
2017-08-02,7.1194,7.1394,7.0494,7.0494,2.5688,18796
2017-08-03,7.0994,7.1294,7.0294,7.0694,2.5761,45527
2017-08-04,7.0994,7.1494,7.0294,7.1494,2.6052,57843
2017-08-07,7.1594,7.4794,7.0994,7.4694,2.7218,80846
2017-08-08,7.4694,7.7893,7.4694,7.6993,2.8056,75589
2017-08-09,7.7193,7.7293,7.5394,7.6194,2.7765,16162
2017-08-10,7.6493,7.6493,7.3194,7.4994,2.7328,16982
2017-08-11,7.7893,7.7893,7.3594,7.4294,2.7073,113225
2017-08-14,7.4894,7.5694,7.4294,7.4994,2.7328,12905
2017-08-15,7.4994,7.4994,7.4994,7.4994,2.7328,0
2017-08-16,7.4994,7.5494,7.3894,7.4794,2.7255,34424
2017-08-17,7.4594,7.4994,7.4294,7.4394,2.7109,56020
2017-08-18,7.4194,7.4494,7.3294,7.3794,2.689,15718
2017-08-21,7.4194,7.4794,7.3194,7.3894,2.6927,20383
2017-08-22,7.4394,7.4994,7.3394,7.4394,2.7109,26077
2017-08-23,7.4494,7.4494,7.2694,7.2794,2.6526,65686
2017-08-24,7.3694,7.3694,7.1994,7.2794,2.6526,37962
2017-08-25,7.2394,7.3494,7.2294,7.3194,2.6672,10431
2017-08-28,7.3294,7.3294,7.2594,7.3194,2.6672,7098
2017-08-29,7.3194,7.3794,7.2194,7.2694,2.649,23936
2017-08-30,7.2694,7.3194,7.2094,7.2594,2.6453,19928
2017-08-31,7.2594,7.3094,7.0094,7.1594,2.6089,85213
2017-09-01,7.2094,7.2794,7.1594,7.1994,2.6235,14250
2017-09-04,7.1994,7.2194,7.1494,7.1594,2.6089,8920
2017-09-05,7.1594,7.1894,7.1294,7.1894,2.6198,2669
2017-09-06,7.1594,7.1894,7.1294,7.1294,2.5979,12182
2017-09-07,7.1494,7.1994,7.0594,7.0994,2.587,47449
2017-09-08,7.1794,7.1894,6.8294,7.1494,2.6052,166248
2017-09-11,7.1994,7.5494,7.1794,7.4794,2.7255,181278
2017-09-12,7.5494,7.5894,7.4194,7.4994,2.7328,56253
2017-09-13,7.5494,7.7593,7.5494,7.7493,2.8238,154633
2017-09-14,7.3994,7.4594,7.3594,7.4294,2.7073,58435
2017-09-15,7.4294,7.4794,7.3894,7.4394,2.7109,41268
2017-09-18,7.4294,7.4494,7.2994,7.3394,2.6745,52350
2017-09-19,7.3294,7.4494,7.2994,7.4494,2.7146,32575
2017-09-20,7.4094,7.4294,7.3394,7.3794,2.689,11905
2017-09-21,7.3494,7.3994,7.3294,7.3694,2.6854,6427
2017-09-22,7.3394,7.3894,7.2494,7.2994,2.6599,10044
2017-09-25,7.2494,7.3494,7.2494,7.2694,2.649,6434
2017-09-26,7.2794,7.3794,7.2794,7.3394,2.6745,4448
2017-09-27,7.3094,7.3494,7.2494,7.2494,2.6417,20061
2017-09-28,7.2994,7.3294,7.2994,7.3194,2.6672,4574
2017-09-29,7.3394,7.3794,7.2994,7.3494,2.6781,8888
2017-10-02,7.3594,7.3694,7.1994,7.2994,2.6599,3343
2017-10-03,7.3194,7.3694,7.2994,7.3694,2.6854,9441
2017-10-04,7.3194,7.3894,7.2994,7.3494,2.6781,18679
2017-10-05,7.3494,7.3494,7.2794,7.3394,2.6745,1315
2017-10-06,7.3394,7.4194,7.3394,7.4194,2.7036,19008
2017-10-09,7.4194,7.4394,7.3994,7.4394,2.7109,15439
2017-10-10,7.4494,7.5494,7.4394,7.5294,2.7437,26812
2017-10-11,7.5394,7.6194,7.4594,7.5494,2.751,53936
2017-10-12,7.5294,7.5494,7.4994,7.4994,2.7328,6751
2017-10-13,7.5094,7.5494,7.4894,7.4994,2.7328,42129
2017-10-16,7.3394,7.3394,7.1994,7.2594,2.7806,32023
2017-10-17,7.2594,7.2894,7.2094,7.2094,2.7614,15038
2017-10-18,7.2194,7.2794,7.2194,7.2794,2.7883,32180
2017-10-19,7.2494,7.2794,6.9994,7.2294,2.7691,30648
2017-10-20,7.1994,7.2694,7.1594,7.2594,2.7806,15138
2017-10-23,7.2394,7.2394,7.1994,7.1994,2.7576,2765
2017-10-24,7.1994,7.2294,7.1794,7.1994,2.7576,6950
2017-10-25,7.1994,7.1994,7.1494,7.1894,2.7538,6743
2017-10-26,7.1694,7.1894,7.1494,7.1894,2.7538,11107
2017-10-27,7.1594,7.1794,7.1494,7.1694,2.7461,14696
2017-10-30,7.1894,7.1894,7.1594,7.1794,2.7499,38297
2017-10-31,7.1694,7.1894,7.0994,7.1794,2.7499,17246
2017-11-01,7.1794,7.1894,7.1494,7.1694,2.7461,12912
2017-11-02,7.1894,7.2194,7.1794,7.1994,2.7576,39283
2017-11-03,7.2094,7.2994,7.2094,7.2994,2.7959,99043
2017-11-06,7.2894,7.2994,7.2094,7.2494,2.7768,20750
2017-11-07,7.2694,7.3194,7.2494,7.3194,2.8036,20540
2017-11-08,7.2994,7.4694,7.2994,7.4194,2.8419,29898
2017-11-09,7.4294,7.5694,7.4194,7.5294,2.884,62526
2017-11-10,7.5294,7.6393,7.4994,7.6393,2.9261,64949
2017-11-13,7.6493,7.6893,7.6294,7.6294,2.9223,56955
2017-11-14,7.6294,7.6993,7.4994,7.6493,2.9299,34571
2017-11-15,7.6194,7.6493,7.5494,7.5794,2.9032,31571
2017-11-16,7.5794,7.5794,7.4994,7.5394,2.8878,16549
2017-11-17,7.5394,7.5494,7.4994,7.5094,2.8763,30674
2017-11-20,7.5194,7.5194,7.3994,7.5094,2.8763,87533
2017-11-21,7.4994,7.4994,7.4394,7.4994,2.8725,9460
2017-11-22,7.4894,7.5094,7.4694,7.4994,2.8725,4404
2017-11-23,7.4894,7.4994,7.4594,7.4994,2.8725,18931
2017-11-24,7.4794,7.4994,7.4794,7.4894,2.8687,1711
2017-11-27,7.4794,7.4894,7.4594,7.4894,2.8687,5191
2017-11-28,7.4894,7.4994,7.4394,7.4894,2.8687,7415
2017-11-29,7.4894,7.4894,7.4594,7.4594,2.8572,32919
2017-11-30,7.4594,7.4594,7.4594,7.4594,2.8572,0
2017-12-01,7.4594,7.4594,7.4594,7.4594,2.8572,0
2017-12-04,7.4994,7.4994,7.4194,7.4494,2.8534,18477
2017-12-05,7.4794,7.4794,7.4194,7.4394,2.8495,9735
2017-12-06,7.4394,7.4394,7.3794,7.3794,2.8266,9217
2017-12-07,7.3694,7.4394,7.2894,7.3294,2.8074,31011
2017-12-08,7.2794,7.3094,7.0994,7.1894,2.7538,61904
2017-12-11,7.1794,7.2094,7.0894,7.1094,2.7231,46862
2017-12-12,7.0994,7.0994,6.9594,7.0394,2.6963,87044
2017-12-13,7.0394,7.0394,6.7994,6.9994,2.681,36972
2017-12-14,7.1394,7.1394,6.9594,6.9694,2.6695,26271
2017-12-15,6.9594,7.0494,6.9594,7.0494,2.7002,21581
2017-12-18,7.0494,7.0894,6.9994,7.0494,2.7002,7335
2017-12-19,7.0594,7.2794,7.0594,7.2394,2.7729,40657
2017-12-20,7.2794,7.2794,7.1494,7.1994,2.7576,21631
2017-12-21,7.1694,7.1894,7.1194,7.1494,2.7385,7138
2017-12-22,7.1494,7.1894,7.1394,7.1894,2.7538,29911
2017-12-25,7.1894,7.1894,7.1894,7.1894,2.7538,0
2017-12-26,7.1894,7.1894,7.1894,7.1894,2.7538,0
2017-12-27,7.1794,7.1894,7.0994,7.1394,2.7346,7200
2017-12-28,7.1494,7.1694,7.0994,7.1094,2.7231,39470
2017-12-29,7.1194,7.1994,7.0994,7.1994,2.7576,44789
2018-01-01,7.1994,7.1994,7.1994,7.1994,2.7576,0
2018-01-02,7.1994,7.1994,7.1994,7.1994,2.7576,0
2018-01-03,7.2994,7.4494,7.1994,7.3994,2.8342,27428
2018-01-04,7.3994,7.4994,7.3994,7.4994,2.8725,19101
2018-01-05,7.4194,7.5494,7.4194,7.5494,2.8917,11585
2018-01-08,7.5494,7.6094,7.5394,7.5994,2.9108,14736
2018-01-09,7.5794,7.5994,7.5594,7.5894,2.907,5820
2018-01-10,7.5894,7.5894,7.5094,7.5494,2.8917,32855
2018-01-11,7.5794,7.5894,7.5294,7.5894,2.907,29975
2018-01-12,7.5894,7.6893,7.5894,7.6793,2.9414,81508
2018-01-15,7.6693,7.7293,7.6693,7.7193,2.9567,527702
2018-01-16,7.6593,7.7593,7.6493,7.7593,2.9721,1027468
2018-01-17,7.7693,8.1993,7.7593,7.9793,3.0563,187521
2018-01-18,8.0693,8.1393,7.9393,7.9893,3.0602,45286
2018-01-19,7.9893,8.0193,7.9893,7.9993,3.064,19666
2018-01-22,7.9993,8.0793,7.9493,7.9993,3.064,98096
2018-01-23,8.0393,8.1193,7.9893,7.9993,3.064,158457
2018-01-24,7.9993,7.9993,7.9993,7.9993,3.064,0
2018-01-25,7.9993,8.1193,7.9993,8.0493,3.0831,112520
2018-01-26,8.1293,8.1393,8.0793,8.0993,3.1023,29175
2018-01-29,8.1493,8.1493,7.9893,7.9993,3.064,55337
2018-01-30,7.9993,7.9993,7.9593,7.9693,3.0525,23385
2018-01-31,7.9793,8.1093,7.9793,8.0193,3.0717,103817
2018-02-01,8.0993,8.2793,8.0693,8.1193,3.11,208921
2018-02-02,8.1293,8.1293,8.0093,8.0493,3.0831,74739
2018-02-05,7.9993,8.0593,7.9293,7.9993,3.064,94892
2018-02-06,7.6493,7.8893,7.5694,7.8493,3.0065,274809
2018-02-07,8.0393,8.0493,7.7493,7.9393,3.041,135621
2018-02-08,7.9493,8.0593,7.9493,8.0093,3.0678,74575
2018-02-09,7.8293,7.9793,7.8293,7.8993,3.0257,161348
2018-02-12,7.9593,8.1993,7.8593,7.9993,3.064,350343
2018-02-13,8.1293,8.1293,8.0193,8.0993,3.1023,74513
2018-02-14,8.1393,8.2993,8.0993,8.2293,3.1521,187232
2018-02-15,8.2893,8.3993,8.1993,8.3393,3.1942,353892
2018-02-16,8.3393,8.4393,8.2093,8.2193,3.1483,182915
2018-02-19,8.2493,8.2893,8.1093,8.1093,3.1061,88888
2018-02-20,8.1493,8.1593,7.9993,8.0993,3.1023,256295
2018-02-21,8.1093,8.1393,8.0093,8.1093,3.1061,67882
2018-02-22,8.1093,8.1193,8.0293,8.0593,3.087,143649
2018-02-23,8.0993,8.0993,8.0193,8.0593,3.087,95258
2018-02-26,8.1293,8.1593,8.0893,8.1593,3.1253,35481
2018-02-27,8.1593,8.2893,8.1493,8.2893,3.1751,99998
2018-02-28,8.2193,8.2993,8.2193,8.2893,3.1751,61180
2018-03-01,8.2293,8.2893,8.2193,8.2593,3.1636,42660
2018-03-02,8.2393,8.2393,8.1193,8.1793,3.1329,49246
2018-03-05,8.1793,8.1793,8.0993,8.0993,3.1023,89378
2018-03-06,8.1793,8.1993,8.0993,8.1493,3.1215,214418
2018-03-07,8.1493,8.1993,8.0793,8.1293,3.1138,125413
2018-03-08,8.2393,8.2393,8.1593,8.1993,3.1406,219330
2018-03-09,8.1993,8.1993,8.0993,8.1993,3.1406,56232
2018-03-12,8.2393,8.2593,8.1993,8.1993,3.1406,147646
2018-03-13,8.2493,8.3193,8.2493,8.2493,3.1598,126205
2018-03-14,8.3093,8.3093,8.2393,8.2793,3.1712,17830
2018-03-15,8.2893,8.2993,8.2693,8.2693,3.1674,41073
2018-03-16,8.2793,8.4193,8.2793,8.4093,3.221,159408
2018-03-19,8.4093,8.4293,8.3493,8.3593,3.2019,74481
2018-03-20,8.3593,8.3993,8.3093,8.3193,3.1866,52686
2018-03-21,8.3193,8.4593,8.3193,8.4393,3.2325,158671
2018-03-22,8.4493,8.4493,8.2893,8.2893,3.1751,80644
2018-03-23,8.3293,8.3993,8.2693,8.2993,3.1789,166798
2018-03-26,8.2693,8.3493,8.2693,8.2893,3.1751,40262
2018-03-27,8.3393,8.3393,8.2693,8.2993,3.1789,263837
2018-03-28,8.3293,8.3293,8.2593,8.2893,3.1751,106373
2018-03-29,8.1793,8.1993,8.0493,8.0493,3.0831,384211
2018-03-30,8.1393,8.1693,8.1293,8.1593,3.1253,60279
2018-04-02,8.1593,8.1693,8.1193,8.1493,3.1215,20024
2018-04-03,8.1793,8.1793,8.1193,8.1493,3.1215,184698
2018-04-04,8.1793,8.1793,8.1293,8.1493,3.1215,8546
2018-04-05,8.1493,8.1993,8.1493,8.1693,3.1291,14822
2018-04-06,8.1693,8.1693,8.1693,8.1693,3.1291,0
2018-04-09,8.1693,8.1693,8.1693,8.1693,3.1291,0
2018-04-10,8.2193,8.2293,8.1693,8.1793,3.1329,122674
2018-04-11,8.1793,8.1993,8.0993,8.1393,3.1176,61328
2018-04-12,8.1693,8.1693,8.1193,8.1393,3.1176,14029
2018-04-13,8.1993,8.1993,8.1393,8.1593,3.1253,122504
2018-04-16,8.1793,8.1893,8.1693,8.1893,3.1368,21345
2018-04-17,8.1893,8.2593,8.1893,8.2493,3.1598,92510
2018-04-18,8.2493,8.2893,8.2393,8.2693,3.1674,37127
2018-04-19,8.2993,8.2993,8.2693,8.2993,3.1789,29010
2018-04-20,8.2993,8.2993,8.2593,8.2593,3.1636,1906
2018-04-23,8.2693,8.2693,8.1993,8.2193,3.1483,10336
2018-04-24,8.2293,8.2893,8.2293,8.2893,3.1751,19807
2018-04-25,8.2893,8.2893,8.1993,8.2593,3.1636,24886
2018-04-26,8.2493,8.2593,8.1993,8.2093,3.1444,11933
2018-04-27,8.2093,8.2093,8.0093,8.0893,3.0985,37102
2018-04-30,8.1593,8.1593,8.0993,8.1493,3.1215,14065
2018-05-01,8.1493,8.1493,8.1493,8.1493,3.1215,0
2018-05-02,8.1493,8.1793,8.1393,8.1793,3.1329,79599
2018-05-03,8.1893,8.1993,8.1193,8.1293,3.1138,13946
2018-05-04,8.1393,8.1493,8.1193,8.1393,3.1176,91269
2018-05-07,8.1893,8.1893,8.0893,8.1193,3.11,23202
2018-05-08,8.1793,8.1893,8.1293,8.1793,3.1329,22272
2018-05-09,8.1893,8.2793,8.1893,8.2793,3.1712,39141
2018-05-10,8.2693,8.2993,8.2493,8.2993,3.1789,19824
2018-05-11,8.3593,8.5193,8.3593,8.4293,3.2287,430828
2018-05-14,8.4393,8.4693,8.4193,8.4293,3.2287,142468
2018-05-15,8.4393,8.4493,8.3393,8.3993,3.2172,52071
2018-05-16,8.3893,8.3993,8.2593,8.2793,3.1712,85219
2018-05-17,8.2793,8.3593,8.1693,8.3493,3.1981,60234
2018-05-18,8.2793,8.3293,8.1393,8.1893,3.1368,125986
2018-05-21,8.1193,8.1793,8.0493,8.1193,3.11,45752
2018-05-22,8.1193,8.3493,8.1193,8.3093,3.1827,61934
2018-05-23,8.3093,8.3093,8.1993,8.2593,3.1636,15218
2018-05-24,8.2693,8.2693,8.2193,8.2493,3.1598,8930
2018-05-25,8.2493,8.2993,8.2193,8.2993,3.1789,14389
2018-05-28,8.2993,8.2993,8.2993,8.2993,3.1789,0
2018-05-29,8.2793,8.3393,8.2593,8.2893,3.1751,77062
2018-05-30,8.2993,8.2993,8.1393,8.1993,3.1406,45255
2018-05-31,8.1793,8.2493,8.1693,8.2493,3.1598,57470
2018-06-01,8.2493,8.2493,8.2493,8.2493,3.1598,0
2018-06-04,8.2493,8.3893,8.2393,8.3893,3.2134,141689
2018-06-05,8.3893,8.4793,8.2993,8.4593,3.2402,188197
2018-06-06,8.4993,8.5493,8.4593,8.5093,3.2593,236245
2018-06-07,7.9493,7.9493,7.5994,7.6993,3.2979,362697
2018-06-08,7.7593,7.7693,7.6393,7.6993,3.2979,55879
2018-06-11,7.7493,7.7493,7.6294,7.6993,3.2979,25327
2018-06-12,7.6493,7.6593,7.5994,7.6493,3.2765,46860
2018-06-13,7.6493,7.6493,7.4594,7.4994,3.2123,66753
2018-06-14,7.5094,7.5494,7.4294,7.4394,3.1866,16180
2018-06-15,7.4894,7.5494,7.4394,7.5394,3.2294,24736
2018-06-18,7.5394,7.5394,7.4594,7.4894,3.208,12357
2018-06-19,7.4594,7.4894,7.3794,7.4894,3.208,23014
2018-06-20,7.4894,7.4994,7.4194,7.4994,3.2123,37324
2018-06-21,7.4594,7.5294,7.3994,7.4394,3.1866,48869
2018-06-22,7.4894,7.5294,7.4594,7.5094,3.2166,11869
2018-06-25,7.5094,7.5094,7.4594,7.4894,3.208,53185
2018-06-26,7.4894,7.4994,7.4694,7.4994,3.2123,8635
2018-06-27,7.4994,7.4994,7.4294,7.4794,3.2037,26140
2018-06-28,7.4794,7.4994,7.4394,7.4994,3.2123,40986
2018-06-29,7.4994,7.5094,7.4794,7.4994,3.2123,54827
2018-07-02,7.4994,7.5094,7.3194,7.3394,3.1437,22560
2018-07-03,7.2594,7.3994,7.1894,7.1894,3.0795,104008
2018-07-04,7.0694,7.1694,6.9994,6.9994,2.9981,315134
2018-07-05,7.0094,7.0994,6.9994,7.0994,3.0409,12767
2018-07-06,7.1394,7.1394,7.0794,7.0994,3.0409,14338
2018-07-09,7.0994,7.1994,7.0994,7.1194,3.0495,158668
2018-07-10,7.1194,7.1794,7.1194,7.1794,3.0752,7043
2018-07-11,7.1794,7.1994,7.1194,7.1494,3.0624,25906
2018-07-12,7.1894,7.2494,7.1294,7.1294,3.0538,97789
2018-07-13,7.2194,7.2194,7.1394,7.1794,3.0752,7337
2018-07-16,7.1794,7.2294,7.1794,7.2194,3.0923,11988
2018-07-17,7.2294,7.3694,7.2194,7.3694,3.1566,60629
2018-07-18,7.3594,7.4494,7.3594,7.3794,3.1609,14375
2018-07-19,7.3694,7.3894,7.2994,7.3694,3.1566,9867
2018-07-20,7.3894,7.3994,7.2994,7.3494,3.148,11688
2018-07-23,7.3394,7.3894,7.2894,7.3394,3.1437,28456
2018-07-24,7.3194,7.4194,7.3094,7.3994,3.1694,57604
2018-07-25,7.3894,7.3894,7.2894,7.2994,3.1266,33335
2018-07-26,7.2994,7.3694,7.2994,7.3594,3.1523,25878
2018-07-27,7.3594,7.4794,7.3594,7.4794,3.2037,35441
2018-07-30,7.4894,7.4994,7.4494,7.4694,3.1994,46751
2018-07-31,7.4594,7.4794,7.4294,7.4694,3.1994,28159
2018-08-01,7.4594,7.4794,7.4294,7.4694,3.1994,23324
2018-08-02,7.4394,7.4794,7.4294,7.4494,3.1909,24711
2018-08-03,7.4694,7.4794,7.4294,7.4794,3.2037,61489
2018-08-06,7.4594,7.5294,7.4594,7.4994,3.2123,54691
2018-08-07,7.4994,7.4994,7.4294,7.4794,3.2037,45090
2018-08-08,7.4894,7.4894,7.4494,7.4794,3.2037,45383
2018-08-09,7.4894,7.5194,7.4694,7.5094,3.2166,20454
2018-08-10,7.5294,7.5294,7.4894,7.5094,3.2166,9778
2018-08-13,7.4894,7.5094,7.4594,7.4994,3.2123,16842
2018-08-14,7.4394,7.4394,7.2794,7.3794,3.1609,75435
2018-08-15,7.3794,7.3794,7.3794,7.3794,3.1609,0
2018-08-16,7.3794,7.3894,7.2994,7.2994,3.1266,78471
2018-08-17,7.2994,7.3294,7.2794,7.2994,3.1266,40403
2018-08-20,7.3294,7.3494,7.3094,7.3394,3.1437,15106
2018-08-21,7.2894,7.3194,7.1894,7.1894,3.0795,234960
2018-08-22,7.2094,7.3394,7.2094,7.3194,3.1352,4512
2018-08-23,7.3194,7.3194,7.2594,7.2894,3.1223,13619
2018-08-24,7.2894,7.2894,7.2194,7.2394,3.1009,38278
2018-08-27,7.2794,7.2794,7.2394,7.2394,3.1009,9971
2018-08-28,7.2594,7.2694,7.2294,7.2294,3.0966,48417
2018-08-29,7.2694,7.3294,7.2394,7.2994,3.1266,42974
2018-08-30,7.2994,7.3294,7.2994,7.3094,3.1309,16578
2018-08-31,7.3294,7.3394,7.2994,7.3394,3.1437,56280
2018-09-03,7.3594,7.3594,7.2894,7.3094,3.1309,5926
2018-09-04,7.3494,7.3494,7.3194,7.3394,3.1437,16258
2018-09-05,7.2994,7.3294,7.2994,7.3294,3.1395,12080
2018-09-06,7.3494,7.3494,7.2994,7.3194,3.1352,11562
2018-09-07,7.3194,7.3294,7.3094,7.3294,3.1395,7260
2018-09-10,7.3194,7.3494,7.3094,7.3494,3.148,15665
2018-09-11,7.3494,7.3694,7.3494,7.3494,3.148,23890
2018-09-12,7.3694,7.3994,7.3594,7.3794,3.1609,44639
2018-09-13,7.3594,7.3894,7.2994,7.3194,3.1352,42348
2018-09-14,7.3294,7.3294,7.2694,7.3194,3.1352,22417
2018-09-17,7.3194,7.3594,7.2994,7.3594,3.1523,6785
2018-09-18,7.3394,7.3794,7.3394,7.3594,3.1523,15958
2018-09-19,7.3794,7.4194,7.3694,7.4094,3.1737,28059
2018-09-20,7.4094,7.4194,7.3994,7.4094,3.1737,23854
2018-09-21,7.3994,7.4394,7.3794,7.4394,3.1866,36229
2018-09-24,7.4394,7.4694,7.4294,7.4594,3.1951,21093
2018-09-25,7.4694,7.4894,7.4394,7.4894,3.208,18544
2018-09-26,7.4194,7.5094,7.4194,7.5094,3.2166,13888
2018-09-27,7.4394,7.5494,7.4394,7.5494,3.2337,38703
2018-09-28,7.5494,7.5994,7.5494,7.5794,3.2465,73487
2018-10-01,7.5794,7.6194,7.5794,7.6094,3.2594,9929
2018-10-02,7.6194,7.7693,7.6094,7.7393,3.315,98318
2018-10-03,7.7393,7.8393,7.7393,7.7993,3.3407,79801
2018-10-04,7.7993,7.8293,7.7993,7.7993,3.3407,22202
2018-10-05,7.7993,7.8093,7.7493,7.7793,3.3322,24498
2018-10-08,7.7793,7.7993,7.7793,7.7893,3.3364,7635
2018-10-09,7.7993,7.8593,7.7893,7.8293,3.3536,61242
2018-10-10,7.8393,7.8393,7.7893,7.7893,3.3364,56348
2018-10-11,7.6993,7.6993,7.4994,7.6693,3.285,298789
2018-10-12,7.6393,7.7393,7.6393,7.6893,3.2936,16522
2018-10-15,7.6893,7.6893,7.5994,7.6893,3.2936,8145
2018-10-16,7.7293,7.7893,7.6993,7.7693,3.3279,14209
2018-10-17,7.7693,7.8793,7.7493,7.8493,3.3621,75328
2018-10-18,7.8693,8.0093,7.8693,7.9593,3.4093,49153
2018-10-19,7.9793,8.0493,7.9793,8.0193,3.435,101984
2018-10-22,8.0193,8.0693,8.0093,8.0193,3.435,21503
2018-10-23,8.0193,8.0193,7.9393,7.9493,3.405,35110
2018-10-24,7.9593,7.9893,7.8693,7.9493,3.405,162000
2018-10-25,7.8793,7.8793,7.7493,7.8193,3.3493,20469
2018-10-26,7.8393,7.8793,7.7693,7.7793,3.3322,27026
2018-10-29,7.7893,7.8993,7.7893,7.8993,3.3836,22812
2018-10-30,7.8893,7.8893,7.7993,7.8493,3.3621,7557
2018-10-31,7.8493,7.9393,7.8193,7.9193,3.3921,11318
2018-11-01,7.9493,7.9793,7.8993,7.9493,3.405,10728
2018-11-02,7.9793,8.0193,7.9293,8.0193,3.435,24582
2018-11-05,8.0293,8.0293,7.9893,7.9993,3.4264,57926
2018-11-06,7.9993,7.9993,7.9593,7.9893,3.4221,78666
2018-11-07,7.9593,8.1393,7.9593,8.1093,3.4735,105893
2018-11-08,8.1493,8.1493,7.9993,8.0293,3.4392,453163
2018-11-09,8.2993,8.4193,8.2893,8.3793,3.5892,281146
2018-11-12,8.3893,8.4793,8.3893,8.3993,3.5977,139998
2018-11-13,8.4293,8.4493,8.3493,8.3493,3.5763,104073
2018-11-14,8.4493,8.5093,8.3993,8.3993,3.5977,168395
2018-11-15,8.3993,8.4593,8.3893,8.4193,3.6063,110122
2018-11-16,8.4793,8.4893,8.3993,8.4593,3.6234,61539
2018-11-19,8.4493,8.4993,8.4493,8.4993,3.6406,40056
2018-11-20,8.7993,8.9992,8.7993,8.9092,3.8161,612837
2018-11-21,8.9392,8.9992,8.9092,8.9992,3.8547,150560
2018-11-22,8.9592,9.0492,8.9392,9.0392,3.8718,170390
2018-11-23,8.9992,9.0392,8.9692,8.9792,3.8461,73508
2018-11-26,8.9992,9.0792,8.9992,9.0492,3.8761,58206
2018-11-27,9.0492,9.2792,9.0492,9.2392,3.9575,155776
2018-11-28,9.2492,9.4092,9.2392,9.3892,4.0217,262164
2018-11-29,9.3892,9.6292,9.3892,9.5692,4.0988,189643
2018-11-30,9.5692,9.5692,9.5692,9.5692,4.0988,0
2018-12-03,9.5692,9.8492,9.5692,9.7992,4.1974,346147
2018-12-04,9.7792,9.7992,9.6392,9.7092,4.1588,80299
2018-12-05,9.6992,9.7692,9.6592,9.7692,4.1845,66431
2018-12-06,9.7492,9.7692,9.6292,9.6792,4.146,75876
2018-12-07,9.6992,9.7992,9.6792,9.7692,4.1845,180197
2018-12-10,9.7692,9.7992,9.6592,9.6892,4.1502,352724
2018-12-11,9.7492,9.7792,9.5892,9.6592,4.1374,364456
2018-12-12,9.6892,9.7292,9.5992,9.6892,4.1502,202852
2018-12-13,9.6992,9.8492,9.6792,9.8392,4.2145,173831
2018-12-14,9.8592,9.8992,9.8592,9.8892,4.2359,176031
2018-12-17,9.8892,9.9292,9.8592,9.8592,4.2231,116446
2018-12-18,9.7992,9.8992,9.6992,9.7192,4.1631,121586
2018-12-19,9.5992,9.5992,8.9992,9.4492,4.0474,494905
2018-12-20,9.1092,9.4492,8.8692,9.1992,3.9404,559629
2018-12-21,7.8193,7.8193,7.4594,7.5994,3.9457,263729
2018-12-24,7.3994,7.7693,7.3694,7.7093,4.0027,173862
2018-12-25,7.7093,7.7093,7.7093,7.7093,4.0027,0
2018-12-26,7.7093,7.7093,7.7093,7.7093,4.0027,0
2018-12-27,7.7893,7.8993,7.6893,7.7393,4.0183,53253
2018-12-28,7.7393,7.9993,7.7193,7.9493,4.1273,249476
2018-12-31,7.9793,8.2593,7.9593,8.1593,4.2364,70906
2019-01-01,8.1593,8.1593,8.1593,8.1593,4.2364,0
2019-01-02,8.1593,8.1593,8.1593,8.1593,4.2364,0
2019-01-03,8.2093,8.4793,8.2093,8.4793,4.4025,88538
2019-01-04,8.4693,8.8692,8.4693,8.7393,4.5375,183897
2019-01-07,8.7393,8.7393,8.7393,8.7393,4.5375,0
2019-01-08,8.8992,8.9292,8.4993,8.5993,4.4648,141571
2019-01-09,8.5893,8.7793,8.0193,8.2993,4.309,199689
2019-01-10,8.3093,8.3093,7.9693,8.0793,4.1948,145538
2019-01-11,8.0793,8.1893,7.9493,7.9493,4.1273,97491
2019-01-14,8.1293,8.1393,7.4994,7.5994,3.9457,123563
2019-01-15,7.6094,7.9893,7.5094,7.9593,4.1325,70500
2019-01-16,8.0593,8.1693,7.9993,8.1093,4.2104,42897
2019-01-17,8.1093,8.1793,8.0693,8.0993,4.2052,30716
2019-01-18,8.1793,8.1793,7.7193,7.7993,4.0494,255102
2019-01-21,7.7493,8.0693,7.6793,7.6993,3.9975,60971
2019-01-22,7.6993,7.7993,7.6493,7.6993,3.9975,89922
2019-01-23,7.8693,7.8693,7.6793,7.7293,4.0131,17480
2019-01-24,7.7293,7.7293,7.7293,7.7293,4.0131,0
2019-01-25,7.7493,7.7493,7.6194,7.7393,4.0183,32894
2019-01-28,7.7893,7.9993,7.7593,7.9193,4.1117,49054
2019-01-29,7.7893,7.9193,7.6493,7.8693,4.0858,22243
2019-01-30,7.7793,7.9293,7.6493,7.9293,4.1169,51607
2019-01-31,7.9493,7.9693,7.9293,7.9493,4.1273,15085
2019-02-01,7.9493,7.9893,7.8993,7.9393,4.1221,32679
2019-02-04,7.9493,8.1693,7.9393,8.1693,4.2415,103693
2019-02-05,8.1993,8.4493,8.1993,8.4093,4.3662,145592
2019-02-06,8.4193,8.4993,8.2493,8.4993,4.4129,83290
2019-02-07,8.4993,8.6293,8.3993,8.6293,4.4804,175178
2019-02-08,8.5993,8.6293,8.5093,8.5993,4.4648,72167
2019-02-11,8.5993,8.6193,8.4293,8.5093,4.4181,30358
2019-02-12,8.5093,8.7393,8.5093,8.6793,4.5063,46452
2019-02-13,8.7493,8.9992,8.7493,8.9992,4.6724,115748
2019-02-14,8.9992,9.1992,8.9392,9.0192,4.6828,113351
2019-02-15,8.9992,9.5092,8.9192,9.3492,4.8542,841027
2019-02-18,9.3992,9.4092,9.2392,9.2892,4.823,21955
2019-02-19,9.2392,9.2892,9.0492,9.0592,4.7036,88173
2019-02-20,9.2292,9.3292,9.0592,9.1892,4.7711,48725
2019-02-21,9.2292,9.3492,9.2192,9.3192,4.8386,56116
2019-02-22,9.3192,9.4092,9.2492,9.4092,4.8853,63832
2019-02-25,9.3892,9.3892,9.0692,9.3792,4.8697,86802
2019-02-26,9.2792,9.3292,9.2092,9.2992,4.8282,9938
2019-02-27,9.2992,9.2992,9.1992,9.2892,4.823,3564
2019-02-28,9.2892,9.3192,9.2092,9.2692,4.8126,21947
2019-03-01,9.2892,9.2992,9.1992,9.1992,4.7763,17296
2019-03-04,9.2192,9.3292,9.2192,9.3192,4.8386,34687
2019-03-05,9.2992,9.3192,9.2692,9.2992,4.8282,27671
2019-03-06,9.2992,9.3192,9.2592,9.2992,4.8282,64810
2019-03-07,9.3192,9.3692,9.2992,9.3492,4.8542,16384
2019-03-08,9.3292,9.4992,9.3292,9.4992,4.932,117593
2019-03-11,9.5092,9.5992,9.4892,9.5292,4.9476,70040
2019-03-12,9.4992,9.5392,9.4092,9.4092,4.8853,4973
2019-03-13,9.3992,9.4592,9.3792,9.4392,4.9009,15595
2019-03-14,9.4792,9.4792,9.4392,9.4692,4.9165,8703
2019-03-15,9.4792,9.4992,9.4792,9.4792,4.9217,7351
2019-03-18,9.4792,9.4792,9.4092,9.4492,4.9061,14920
2019-03-19,9.4492,9.4892,9.4192,9.4892,4.9268,23367
2019-03-20,9.5092,9.5892,9.5092,9.5892,4.9788,71861
2019-03-21,9.5992,9.7692,9.5992,9.7392,5.0566,144331
2019-03-22,9.7392,9.7792,9.6992,9.7392,5.0566,92582
2019-03-25,9.6992,9.7192,9.6492,9.7092,5.0411,580961
2019-03-26,9.7092,9.7592,9.6992,9.7392,5.0566,59226
2019-03-27,9.7692,9.7692,9.6892,9.7292,5.0515,16405
2019-03-28,9.7092,9.7692,9.6992,9.7392,5.0566,13727
2019-03-29,9.6992,9.7392,9.6892,9.7292,5.0515,14918
2019-04-01,9.7292,9.7292,9.6592,9.6992,5.0359,6780
2019-04-02,9.6992,9.6992,9.5492,9.5992,4.984,61777
2019-04-03,9.6492,9.6692,9.5992,9.6492,5.0099,61029
2019-04-04,9.6792,9.6992,9.6692,9.6892,5.0307,13061
2019-04-05,9.6792,9.7192,9.6692,9.6992,5.0359,86783
2019-04-08,9.7392,10.2191,9.7392,10.1791,5.285,802042
2019-04-09,10.1791,10.4191,10.1791,10.3591,5.3785,282867
2019-04-10,10.3991,10.4591,10.2791,10.3191,5.3577,93000
2019-04-11,10.3191,10.4191,10.3191,10.4191,5.4097,63199
2019-04-12,10.4191,10.4591,10.3791,10.4391,5.42,22932
2019-04-15,10.4591,10.4791,10.4191,10.4191,5.4097,195598
2019-04-16,10.4391,10.4591,10.3991,10.3991,5.3993,41364
2019-04-17,10.3991,10.5591,10.3991,10.4791,5.4408,211657
2019-04-18,10.4991,10.6791,10.4991,10.6591,5.5343,213806
2019-04-19,10.6991,10.9191,10.6991,10.8391,5.6277,64661
2019-04-22,10.8991,10.8991,10.5991,10.6991,5.555,52005
2019-04-23,10.6991,10.7791,10.0991,10.2191,5.3058,145375
2019-04-24,10.2991,10.4391,10.2991,10.3591,5.3785,38252
2019-04-25,10.4391,10.4391,10.3391,10.3791,5.3889,23941
2019-04-26,10.3791,10.3791,10.3791,10.3791,5.3889,0
2019-04-29,10.3791,10.3791,10.3791,10.3791,5.3889,0
2019-04-30,10.3591,10.4391,10.3391,10.3791,5.3889,25915
2019-05-01,10.3791,10.3791,10.3791,10.3791,5.3889,0
2019-05-02,10.4791,10.5991,10.4191,10.4191,5.4097,46487
2019-05-03,10.4391,10.9391,10.3991,10.9391,5.6796,259531
2019-05-06,10.8991,10.9391,10.8191,10.8391,5.6277,76234
2019-05-07,10.8791,10.8791,10.6991,10.8591,5.6381,21011
2019-05-08,10.8591,10.9991,10.7391,10.9191,5.6693,48254
2019-05-09,10.8791,10.9991,10.8391,10.8791,5.6485,64588
2019-05-10,10.9791,10.9991,10.7791,10.9591,5.69,36060
2019-05-13,10.8991,10.8991,10.5991,10.7791,5.5966,88623
2019-05-14,10.7991,10.7991,10.6791,10.7791,5.5966,52436
2019-05-15,10.8591,10.8591,10.7991,10.8391,5.6277,23476
2019-05-16,10.8191,10.8191,10.7391,10.7791,5.5966,6201
2019-05-17,10.7991,10.8791,10.7991,10.8791,5.6485,19812
2019-05-20,10.9791,10.9791,10.5791,10.5791,5.4927,40903
2019-05-21,10.7791,10.7791,10.5991,10.6191,5.5135,17417
2019-05-22,10.6991,10.7791,10.5991,10.7791,5.5966,45651
2019-05-23,10.7191,10.8791,10.7191,10.8391,5.6277,124387
2019-05-24,10.8391,10.8391,10.7791,10.7991,5.607,462287
2019-05-27,10.7991,10.8791,10.7991,10.8591,5.6381,51614
2019-05-28,10.8591,10.9991,10.8391,10.9391,5.6796,70315
2019-05-29,10.9791,11.1191,10.8791,10.9791,5.7004,74208
2019-05-30,11.1191,11.499,11.0991,11.359,5.8977,258599
2019-05-31,11.459,11.479,11.339,11.399,5.9184,50064
2019-06-03,11.339,11.419,11.339,11.419,5.9288,86345
2019-06-04,11.379,11.439,11.359,11.379,5.908,133498
2019-06-05,11.379,11.459,11.379,11.459,5.9496,77995
2019-06-06,11.459,11.959,11.439,11.899,6.178,218648
2019-06-07,11.899,11.979,11.879,11.919,6.1884,171829
2019-06-10,11.959,12.099,11.899,11.959,6.2092,500553
2019-06-11,10.8991,11.0991,10.8991,10.9591,6.3582,247606
2019-06-12,11.0191,11.0191,10.5991,10.6191,6.1609,102203
2019-06-13,10.6591,10.8191,10.6391,10.6591,6.1841,94839
2019-06-14,10.6591,10.6591,10.3991,10.5391,6.1145,63464
2019-06-17,10.5391,10.5391,10.5391,10.5391,6.1145,0
2019-06-18,10.5391,10.6591,10.4991,10.4991,6.0913,28885
2019-06-19,10.5991,10.6191,10.4991,10.4991,6.0913,657349
2019-06-20,10.6191,10.6991,10.5591,10.6391,6.1725,29317
2019-06-21,10.7191,10.7991,10.7191,10.7991,6.2653,43165
2019-06-24,10.7791,10.7991,10.7191,10.7591,6.2421,43824
2019-06-25,10.7191,10.8591,10.6791,10.8391,6.2886,103866
2019-06-26,10.8391,10.9591,10.7591,10.9191,6.335,181872
2019-06-27,10.9391,11.0191,10.9391,10.9991,6.3814,36357
2019-06-28,10.9991,11.1591,10.8991,11.0991,6.4394,100342
2019-07-01,11.0991,11.179,11.0791,11.0791,6.4278,58813
2019-07-02,11.1191,11.1391,10.9591,10.9791,6.3698,43012
2019-07-03,11.0391,11.1191,10.9791,11.1191,6.451,56161
2019-07-04,11.1191,11.1391,11.0191,11.0791,6.4278,12425
2019-07-05,11.0791,11.199,11.0391,11.1191,6.451,35848
2019-07-08,11.179,11.179,11.0591,11.1191,6.451,5014
2019-07-09,11.1591,11.179,10.9791,11.0391,6.4046,26952
2019-07-10,10.9991,11.0391,10.9591,10.9991,6.3814,10757
2019-07-11,11.0191,11.0391,10.9791,10.9991,6.3814,14261
2019-07-12,11.0591,11.299,11.0591,11.179,6.4858,299351
2019-07-15,11.219,11.239,11.1391,11.179,6.4858,25632
2019-07-16,11.179,11.179,11.0991,11.1591,6.4742,22244
2019-07-17,11.1591,11.199,11.1391,11.199,6.4974,10855
2019-07-18,11.179,11.179,11.0791,11.0791,6.4278,47300
2019-07-19,11.0991,11.199,11.0991,11.199,6.4974,11748
2019-07-22,11.219,11.219,11.1191,11.199,6.4974,12699
2019-07-23,11.199,11.239,11.1591,11.219,6.509,32409
2019-07-24,11.219,11.219,11.1591,11.179,6.4858,56570
2019-07-25,11.199,11.219,11.1391,11.199,6.4974,13507
2019-07-26,11.199,11.199,11.1191,11.1391,6.4626,14213
2019-07-29,11.199,11.219,11.199,11.199,6.4974,74600
2019-07-30,11.219,11.219,11.179,11.219,6.509,21110
2019-07-31,11.199,11.239,11.179,11.239,6.5206,48509
2019-08-01,11.259,11.319,11.239,11.319,6.567,33994
2019-08-02,11.339,11.339,11.279,11.319,6.567,19531
2019-08-05,11.319,11.319,11.1591,11.219,6.509,93649
2019-08-06,11.219,11.219,11.0391,11.199,6.4974,33328
2019-08-07,11.219,11.259,11.1591,11.179,6.4858,38002
2019-08-08,11.179,11.259,11.179,11.219,6.509,7101
2019-08-09,11.259,11.319,11.239,11.319,6.567,28081
2019-08-12,11.319,11.519,11.319,11.519,6.683,129034
2019-08-13,11.579,11.699,11.559,11.699,6.7874,36513
2019-08-14,11.859,12.079,11.799,11.919,6.9151,168490
2019-08-15,11.919,11.919,11.919,11.919,6.9151,0
2019-08-16,11.919,11.959,11.759,11.799,6.8455,95824
2019-08-19,11.799,11.959,11.799,11.939,6.9267,53592
2019-08-20,11.959,12.019,11.959,11.999,6.9615,28914
2019-08-21,12.039,12.239,12.019,12.199,7.0775,152766
2019-08-22,12.199,12.3989,12.199,12.3589,7.1703,105608
2019-08-23,12.3989,12.4589,12.339,12.4189,7.2051,44542
2019-08-26,12.3989,12.3989,12.299,12.3589,7.1703,49463
2019-08-27,12.3589,12.5189,12.279,12.4589,7.2283,66519
2019-08-28,12.4989,12.5789,12.4389,12.4989,7.2515,44634
2019-08-29,12.4989,12.5389,12.4589,12.5389,7.2747,22224
2019-08-30,12.4589,12.6989,12.4589,12.5989,7.3095,44719
2019-09-02,12.5989,12.9189,12.5989,12.7989,7.4256,79856
2019-09-03,12.8589,12.9389,12.7989,12.8189,7.4372,85251
2019-09-04,12.8789,12.9589,12.8389,12.9389,7.5068,35923
2019-09-05,12.9589,12.9589,12.8989,12.9189,7.4952,22764
2019-09-06,12.9189,12.9189,12.7989,12.8989,7.4836,25571
2019-09-09,12.8589,12.8789,12.6589,12.7989,7.4256,411759
2019-09-10,12.8389,12.8389,12.7789,12.7989,7.4256,25890
2019-09-11,12.7789,12.7989,12.7789,12.7989,7.4256,21123
2019-09-12,12.7989,12.7989,12.7389,12.7789,7.414,8320
2019-09-13,12.7789,12.7789,12.6789,12.7189,7.3792,46004
2019-09-16,12.7389,12.7389,12.6389,12.6989,7.3676,27685
2019-09-17,12.6989,12.8189,12.6989,12.7989,7.4256,98764
2019-09-18,12.7589,12.7989,12.7589,12.7989,7.4256,67712
2019-09-19,12.7589,12.8789,12.7589,12.8589,7.4604,34903
2019-09-20,12.8789,13.0989,12.8789,13.0589,7.5764,84029
2019-09-23,13.0989,13.1989,12.9789,13.0989,7.5996,44770
2019-09-24,13.1189,13.1589,12.9989,13.0789,7.588,25411
2019-09-25,13.0389,13.3989,13.0389,13.2989,7.7157,80321
2019-09-26,13.2989,13.4389,13.2789,13.2989,7.7157,55300
2019-09-27,13.5189,13.7988,13.2389,13.2989,7.7157,165683
2019-09-30,13.2989,13.3589,13.2989,13.3189,7.7273,22100
2019-10-01,13.3189,13.4189,13.2389,13.4189,7.7853,38172
2019-10-02,13.4189,13.4189,13.2589,13.2589,7.6925,36407
2019-10-03,13.2389,13.4389,13.2189,13.2189,7.6693,26165
2019-10-04,13.2989,13.4189,13.1589,13.3389,7.7389,27631
2019-10-07,13.3989,13.5788,13.2989,13.5788,7.8781,13321
2019-10-08,13.5988,13.6588,13.4389,13.4989,7.8317,14347
2019-10-09,13.4589,13.4589,13.3589,13.3989,7.7737,13593
2019-10-10,13.4589,13.4589,13.2989,13.3989,7.7737,8011
2019-10-11,13.3189,13.3789,13.3189,13.3789,7.7621,4267
2019-10-14,13.3789,13.3989,13.2989,13.3389,7.7389,10687
2019-10-15,13.3389,13.3989,13.2189,13.2389,7.6809,8840
2019-10-16,13.2389,13.3789,13.2389,13.3789,7.7621,8497
2019-10-17,13.3789,13.4589,13.3789,13.4589,7.8085,7023
2019-10-18,13.4589,13.6588,13.3989,13.5988,7.8897,18900
2019-10-21,13.6388,13.8588,13.6388,13.7988,8.0057,40610
2019-10-22,13.7988,14.0588,13.7988,14.0588,8.1565,68824
2019-10-23,14.0788,14.1988,14.0588,14.1988,8.2378,21144
2019-10-24,14.1988,14.5188,14.1988,14.4988,8.4118,92523
2019-10-25,14.5188,14.5788,14.4788,14.4988,8.4118,29815
2019-10-28,14.4788,14.4788,14.1188,14.3988,8.3538,34216
2019-10-29,14.3988,14.4788,14.3788,14.3988,8.3538,22172
2019-10-30,14.4188,14.5188,14.3988,14.4588,8.3886,17552
2019-10-31,14.4988,14.5988,14.2388,14.3188,8.3074,165422
2019-11-01,14.2588,14.5388,14.2588,14.2988,8.2958,51329
2019-11-04,14.2988,14.4588,14.2988,14.2988,8.2958,24655
2019-11-05,14.4188,14.4388,14.3188,14.4388,8.377,10527
2019-11-06,14.4388,14.4388,14.3588,14.3988,8.3538,12796
2019-11-07,14.3788,14.3988,14.2388,14.3188,8.3074,8984
2019-11-08,14.3188,14.3988,14.2388,14.3988,8.3538,9484
2019-11-11,14.3188,14.3188,13.9988,13.9988,8.1217,92762
2019-11-12,14.1188,14.1588,13.5988,13.7388,7.9709,128674
2019-11-13,14.0788,14.2788,14.0788,14.1788,8.2262,152139
2019-11-14,14.3188,14.4988,14.1588,14.1588,8.2146,120341
2019-11-15,14.1588,14.2388,13.9788,14.0188,8.1333,79599
2019-11-18,14.0588,14.2388,13.9988,14.2388,8.261,40229
2019-11-19,14.0988,14.1588,13.8988,13.9788,8.1101,68580
2019-11-20,13.7588,14.0988,13.6988,13.9988,8.1217,61538
2019-11-21,13.9788,13.9788,13.8588,13.9588,8.0985,25565
2019-11-22,13.9588,13.9588,13.8388,13.8988,8.0637,35470
2019-11-25,13.9588,13.9788,13.7988,13.8988,8.0637,25003
2019-11-26,13.8788,13.8988,13.8588,13.8788,8.0521,25618
2019-11-27,13.8788,13.9788,13.8388,13.9588,8.0985,32512
2019-11-28,13.9788,14.0388,13.9788,13.9988,8.1217,23937
2019-11-29,13.9988,14.0388,13.9388,13.9388,8.0869,45799
2019-12-02,14.0188,14.1988,13.9988,14.1988,8.2378,23177
2019-12-03,14.1988,14.3388,13.9588,13.9588,8.0985,88694
2019-12-04,14.0788,14.2788,14.0788,14.1988,8.2378,37465
2019-12-05,14.3988,14.6987,14.2988,14.6588,8.5046,124533
2019-12-06,14.6788,14.8787,14.4988,14.6388,8.493,108482
2019-12-09,14.6388,14.6788,14.5388,14.6188,8.4814,19655
2019-12-10,14.6388,14.6388,14.3388,14.3988,8.3538,25837
2019-12-11,14.2388,14.3788,13.9588,14.1388,8.203,55419
2019-12-12,14.1988,14.2988,13.9988,13.9988,8.1217,157793
2019-12-13,14.0988,14.3788,13.9988,14.3788,8.3422,33114
2019-12-16,14.3788,14.3788,14.2788,14.2988,8.2958,39494
2019-12-17,14.3588,14.3988,13.9988,14.0588,8.1565,131380
2019-12-18,13.9988,14.0988,13.9388,13.9788,8.1101,55622
2019-12-19,14.1788,14.1788,13.7988,13.9188,8.0753,44124
2019-12-20,13.9188,14.2388,13.7988,14.2188,8.2494,19981
2019-12-23,14.2188,14.2388,14.0188,14.0188,8.1333,20832
2019-12-24,14.0188,14.0188,14.0188,14.0188,8.1333,0
2019-12-25,14.0188,14.0188,14.0188,14.0188,8.1333,0
2019-12-26,14.0188,14.0188,14.0188,14.0188,8.1333,0
2019-12-27,14.0188,14.2388,14.0188,14.1988,8.2378,15060
2019-12-30,14.1988,14.2588,14.1588,14.2588,8.2726,189156
2019-12-31,14.2588,14.2588,14.2588,14.2588,8.2726,0
2020-01-01,14.2588,14.2588,14.2588,14.2588,8.2726,0
2020-01-02,14.2588,14.2588,14.2588,14.2588,8.2726,0
2020-01-03,14.2588,14.2588,14.1988,14.1988,8.2378,40381
2020-01-06,14.1988,14.1988,14.0188,14.1588,8.2146,17053
2020-01-07,14.0188,14.2788,13.9788,14.1988,8.2378,33135
2020-01-08,14.1788,14.3388,14.1388,14.2988,8.2958,38334
2020-01-09,14.3188,14.3988,14.2588,14.3988,8.3538,27456
2020-01-10,14.3788,14.5388,14.3388,14.4788,8.4002,55956
2020-01-13,14.4988,14.5788,14.4988,14.5588,8.4466,26642
2020-01-14,14.5988,14.7787,14.5788,14.7387,8.551,57520
2020-01-15,14.7387,14.7987,14.6788,14.7987,8.5858,24341
2020-01-16,14.7787,15.0587,14.7787,14.9987,8.7018,370147
2020-01-17,14.9987,15.1987,14.9987,15.1387,8.7831,49839
2020-01-20,15.1387,15.1387,14.9787,14.9987,8.7018,37485
2020-01-21,14.9987,15.0387,14.8387,14.9787,8.6902,26230
2020-01-22,14.9987,15.0387,14.9387,15.0187,8.7134,17117
2020-01-23,15.0187,15.0387,14.8987,15.0187,8.7134,33168
2020-01-24,15.0187,15.0187,15.0187,15.0187,8.7134,0
2020-01-27,15.0187,15.0987,14.9587,15.0187,8.7134,42228
2020-01-28,15.0387,15.0387,14.9387,14.9387,8.667,16493
2020-01-29,14.9987,14.9987,14.8187,14.8987,8.6438,28935
2020-01-30,14.9987,14.9987,14.1988,14.5188,8.4234,68213
2020-01-31,14.5588,14.7587,14.4988,14.6188,8.4814,87147
2020-02-03,14.6987,14.6987,14.4988,14.6188,8.4814,52738
2020-02-04,14.7987,14.7987,14.6388,14.6588,8.5046,80764
2020-02-05,14.8587,14.8987,14.6588,14.8987,8.6438,49775
2020-02-06,14.8387,15.2787,14.8387,15.2787,8.8643,68711
2020-02-07,15.2787,15.2987,15.1987,15.2587,8.8527,14108
2020-02-10,15.2387,15.2987,15.1187,15.1787,8.8063,58521
2020-02-11,15.1787,15.2187,15.0787,15.1987,8.8179,47960
2020-02-12,15.2187,15.3587,15.1987,15.3187,8.8875,42852
2020-02-13,15.2987,15.5587,15.2987,15.5187,9.0035,46289
2020-02-14,15.5987,15.8786,15.4987,15.6387,9.0732,64755
2020-02-17,15.6587,15.7187,15.5387,15.6987,9.108,19266
2020-02-18,15.6787,15.7587,15.5387,15.7587,9.1428,37926
2020-02-19,15.7787,15.8986,15.7787,15.8786,9.2123,24178
2020-02-20,15.8986,15.9586,15.8587,15.9386,9.2471,8907
2020-02-21,15.8986,15.9186,15.8587,15.8786,9.2123,15500
2020-02-24,15.6787,15.6787,14.7987,15.2987,8.8759,226871
2020-02-25,15.0387,15.3787,15.0387,15.2987,8.8759,123465
2020-02-26,15.2987,15.2987,14.7587,15.0587,8.7367,357551
2020-02-27,14.9987,15.1987,14.8987,14.9187,8.6554,175816
2020-02-28,14.5988,14.6188,13.7988,13.9788,8.1101,473138
2020-03-02,14.1188,14.9587,14.1188,14.8387,8.609,335720
2020-03-03,15.0987,15.4387,15.0987,15.3187,8.8875,152715
2020-03-04,15.3387,15.4787,14.9987,15.3787,8.9223,74798
2020-03-05,15.4787,15.6987,14.9987,15.1387,8.7831,108046
2020-03-06,15.0587,15.0587,14.6788,14.6788,8.5162,105690
2020-03-09,13.5988,13.9388,13.0389,13.3589,7.7505,449629
2020-03-10,13.5388,14.0988,13.1589,13.3789,7.7621,269204
2020-03-11,13.1189,13.1989,12.239,12.299,7.1356,338487
2020-03-12,11.7,11.7,10.8,11.4,6.614,540523
2020-03-13,11.4,12.24,11.4,11.64,6.7532,271689
2020-03-16,11.38,11.38,10.56,10.98,6.3703,212621
2020-03-17,11.04,11.56,10.7,11.5,6.672,170028
2020-03-18,11.42,11.44,10.88,11.32,6.5676,125767
2020-03-19,11.2,11.7,11.2,11.68,6.7764,173169
2020-03-20,11.9,12.26,11.74,11.8,6.846,194989
2020-03-23,11.5,11.74,10.94,11.4,6.614,162971
2020-03-24,12.0,12.04,11.4,11.74,6.8112,68502
2020-03-25,12.9,13.1,12.2,12.6,7.3102,406788
2020-03-26,12.66,13.0,12.48,12.9,7.4842,150920
2020-03-27,12.98,13.3,12.9,13.1,7.6003,114211
2020-03-30,13.1,13.3,12.92,13.3,7.7163,36648
2020-03-31,13.4,14.18,13.4,13.82,8.018,192614
2020-04-01,13.88,14.04,13.58,13.98,8.1108,80690
2020-04-02,13.98,14.6,13.98,14.28,8.2849,192584
2020-04-03,14.36,14.54,14.28,14.3,8.2965,55752
2020-04-06,14.52,14.66,14.4,14.66,8.5053,170279
2020-04-07,14.72,15.16,14.72,15.12,8.7722,123932
2020-04-08,15.12,15.12,14.9,15.0,8.7026,77926
2020-04-09,15.16,15.22,14.94,15.1,8.7606,74387
2020-04-10,15.14,15.32,15.0,15.1,8.7606,107701
2020-04-13,15.0,15.06,14.5,14.98,8.691,119159
2020-04-14,15.0,15.14,14.9,15.1,8.7606,40526
2020-04-15,15.1,15.1,14.58,14.68,8.5169,85674
2020-04-16,14.78,14.78,14.48,14.54,8.4357,57169
2020-04-17,14.54,14.54,14.54,14.54,8.4357,0
2020-04-20,14.54,14.54,14.54,14.54,8.4357,0
2020-04-21,14.54,14.66,14.26,14.44,8.3777,43164
2020-04-22,14.44,14.8,14.44,14.76,8.5634,16002
2020-04-23,14.72,15.2,14.72,14.9,8.6446,36361
2020-04-24,14.98,14.98,14.78,14.98,8.691,16486
2020-04-27,14.96,15.5,14.96,15.4,8.9347,167982
2020-04-28,15.42,16.1,15.42,15.8,9.1667,467378
2020-04-29,15.96,16.1,15.82,15.96,9.2596,180484
2020-04-30,16.04,16.1,15.7,15.7,9.1087,98426
2020-05-01,15.7,15.7,15.7,15.7,9.1087,0
2020-05-04,15.64,15.8,15.36,15.36,8.9115,101686
2020-05-05,15.76,15.78,15.5,15.72,9.1203,26783
2020-05-06,15.76,15.76,15.54,15.54,9.0159,70578
2020-05-07,15.78,15.78,15.5,15.76,9.1435,28828
2020-05-08,15.84,16.12,15.82,16.1,9.3408,110797
2020-05-11,15.96,16.44,15.96,16.34,9.48,98712
2020-05-12,16.4,16.54,16.36,16.52,9.5845,62783
2020-05-13,16.54,16.64,16.52,16.54,9.5961,144941
2020-05-14,16.5,16.6,16.28,16.44,9.538,50209
2020-05-15,16.44,16.54,16.38,16.46,9.5497,86965
2020-05-18,16.56,16.78,16.52,16.74,9.7121,148182
2020-05-19,16.8,17.5,16.8,17.4,10.095,191502
2020-05-20,17.4,18.34,17.4,18.32,10.6288,134122
2020-05-21,18.28,18.92,17.8,18.58,10.7796,168638
2020-05-22,18.5,18.8,18.48,18.6,10.7912,84234
2020-05-25,18.7,18.8,18.7,18.8,10.9073,67641
2020-05-26,18.82,19.16,18.82,19.16,11.1161,131994
2020-05-27,19.16,19.18,18.78,19.08,11.0697,81179
2020-05-28,19.08,19.08,18.9,19.06,11.0581,12971
2020-05-29,19.0,19.1,18.92,19.06,11.0581,80830
2020-06-01,19.06,19.06,19.06,19.06,11.0581,0
2020-06-02,19.1,19.22,19.06,19.2,11.1393,133539
2020-06-03,19.14,19.48,19.1,19.28,11.1857,136816
2020-06-04,19.3,19.3,19.1,19.2,11.1393,103270
2020-06-05,19.18,19.18,19.0,19.08,11.0697,92217
2020-06-08,19.08,19.08,19.08,19.08,11.0697,0
2020-06-09,19.1,19.3,19.04,19.16,11.1161,123884
2020-06-10,19.2,19.2,19.0,19.08,11.0697,209047
2020-06-11,19.06,19.06,18.2,18.48,10.7216,222667
2020-06-12,18.3,18.7,17.54,18.52,10.7448,329739
2020-06-15,16.0,16.84,16.0,16.42,10.4601,281621
2020-06-16,16.44,16.46,16.3,16.36,10.4219,179023
2020-06-17,16.34,16.36,15.5,15.58,9.925,305328
2020-06-18,15.54,15.86,15.5,15.52,9.8868,43323
2020-06-19,15.44,15.46,14.96,14.98,9.5428,153140
2020-06-22,14.9,14.9,14.0,14.54,9.2625,360266
2020-06-23,14.56,15.44,14.56,15.44,9.8358,70580
2020-06-24,15.52,16.14,15.26,15.26,9.7211,132581
2020-06-25,15.2,15.7,14.8,15.6,9.9377,94402
2020-06-26,15.7,15.92,15.5,15.7,10.0014,60566
2020-06-29,15.88,15.88,15.44,15.62,9.9505,37081
2020-06-30,15.66,15.76,15.5,15.68,9.9887,26490
2020-07-01,15.68,15.78,15.54,15.6,9.9377,33323
2020-07-02,15.68,15.68,15.6,15.66,9.9759,21868
2020-07-03,15.68,15.76,15.66,15.7,10.0014,23921
2020-07-06,15.72,15.8,15.68,15.7,10.0014,40791
2020-07-07,15.7,15.78,15.62,15.72,10.0142,30598
2020-07-08,15.7,15.78,15.62,15.76,10.0397,15872
2020-07-09,15.78,15.8,15.72,15.8,10.0651,18632
2020-07-10,15.76,15.78,15.7,15.74,10.0269,12767
2020-07-13,15.74,16.04,15.64,16.04,10.218,44026
2020-07-14,15.96,16.04,15.94,15.96,10.1671,20008
2020-07-15,16.02,16.02,15.96,15.96,10.1671,26181
2020-07-16,16.02,16.24,16.0,16.22,10.3327,23873
2020-07-17,16.24,16.48,16.24,16.36,10.4219,45550
2020-07-20,16.38,16.76,16.38,16.7,10.6385,60381
2020-07-21,16.7,17.1,16.56,17.0,10.8296,491443
2020-07-22,17.0,17.08,16.9,16.9,10.7659,312275
2020-07-23,16.9,17.06,16.9,17.0,10.8296,66696
2020-07-24,17.0,17.02,16.76,16.86,10.7404,32107
2020-07-27,16.88,16.98,16.38,16.74,10.6639,30069
2020-07-28,17.0,17.0,16.7,16.86,10.7404,239305
2020-07-29,16.98,16.98,16.78,16.86,10.7404,4654
2020-07-30,16.8,16.9,16.5,16.5,10.5111,43702
2020-07-31,16.52,16.66,16.52,16.58,10.562,22088
2020-08-03,16.56,16.66,16.24,16.32,10.3964,33460
2020-08-04,16.3,16.3,16.04,16.2,10.3199,34794
2020-08-05,16.2,16.58,16.06,16.58,10.562,16143
2020-08-06,16.58,16.68,16.44,16.66,10.613,18026
2020-08-07,16.66,16.68,16.6,16.68,10.6257,5284
2020-08-10,16.68,16.96,16.56,16.88,10.7531,82644
2020-08-11,16.94,16.94,16.82,16.86,10.7404,343709
2020-08-12,16.92,16.96,16.86,16.88,10.7531,29022
2020-08-13,16.86,16.96,16.86,16.86,10.7404,13319
2020-08-14,17.0,17.2,16.86,16.96,10.8041,136040
2020-08-17,16.9,17.0,16.68,16.78,10.6894,46975
2020-08-18,16.94,16.94,16.52,16.84,10.7276,14670
2020-08-19,16.7,16.84,16.58,16.58,10.562,16787
2020-08-20,16.5,16.56,16.46,16.56,10.5493,30127
2020-08-21,16.5,16.56,16.44,16.56,10.5493,174846
2020-08-24,16.7,16.84,16.62,16.78,10.6894,76098
2020-08-25,16.84,16.86,16.72,16.8,10.7022,47792
2020-08-26,16.82,16.84,16.56,16.84,10.7276,233448
2020-08-27,16.84,16.9,16.76,16.84,10.7276,257376
2020-08-28,16.92,16.94,16.86,16.9,10.7659,35065
2020-08-31,16.9,16.92,16.82,16.86,10.7404,33774
2020-09-01,16.86,16.92,16.84,16.86,10.7404,167250
2020-09-02,16.9,16.92,16.86,16.86,10.7404,363906
2020-09-03,16.84,16.92,16.82,16.9,10.7659,613319
2020-09-04,16.86,16.9,16.7,16.7,10.6385,96302
2020-09-07,16.8,16.9,16.7,16.9,10.7659,49248
2020-09-08,16.9,16.96,16.84,16.9,10.7659,382744
2020-09-09,16.9,16.96,16.86,16.9,10.7659,85718
2020-09-10,16.92,16.96,16.9,16.9,10.7659,489884
2020-09-11,16.96,16.96,16.92,16.94,10.7914,171301
2020-09-14,16.96,17.18,16.96,17.08,10.8805,272093
2020-09-15,17.16,17.16,17.02,17.08,10.8805,109803
2020-09-16,17.08,17.1,16.9,17.0,10.8296,53135
2020-09-17,16.9,17.0,16.88,16.94,10.7914,59746
2020-09-18,17.06,17.08,16.28,16.28,10.3709,449537
2020-09-21,16.5,16.92,16.36,16.46,10.4856,100309
2020-09-22,16.56,16.7,16.56,16.66,10.613,12561
2020-09-23,16.76,16.76,16.58,16.66,10.613,82550
2020-09-24,16.78,16.78,16.62,16.62,10.5875,32151
2020-09-25,16.66,16.76,16.5,16.64,10.6002,30128
2020-09-28,16.7,16.76,16.54,16.7,10.6385,15036
2020-09-29,16.7,16.7,16.56,16.56,10.5493,7535
2020-09-30,16.68,16.68,16.58,16.6,10.5748,29428
2020-10-01,16.64,16.66,16.56,16.56,10.5493,13601
2020-10-02,16.6,16.6,16.44,16.44,10.4728,30269
2020-10-05,16.58,16.58,16.36,16.36,10.4219,21475
2020-10-06,16.32,16.4,16.04,16.3,10.3836,80743
2020-10-07,16.32,16.4,16.2,16.28,10.3709,10741
2020-10-08,16.3,16.52,16.3,16.4,10.4474,9903
2020-10-09,16.5,16.94,16.5,16.78,10.6894,905613
2020-10-12,16.92,17.0,16.8,16.8,10.7022,203373
2020-10-13,16.82,16.82,16.64,16.72,10.6512,15907
2020-10-14,16.7,16.78,16.66,16.74,10.6639,18625
2020-10-15,16.72,16.72,16.22,16.46,10.4856,188282
2020-10-16,16.56,16.78,16.52,16.74,10.6639,11734
2020-10-19,16.74,16.74,16.66,16.66,10.613,96011
2020-10-20,16.72,16.74,16.46,16.48,10.4983,19326
2020-10-21,16.5,16.64,16.5,16.58,10.562,7171
2020-10-22,16.52,16.6,16.46,16.52,10.5238,5570
2020-10-23,16.64,16.7,16.52,16.7,10.6385,10240
2020-10-26,16.7,16.7,16.34,16.34,10.4091,28904
2020-10-27,16.42,16.6,16.42,16.58,10.562,5327
2020-10-28,16.52,16.52,16.24,16.24,10.3454,39923
2020-10-29,16.24,16.24,16.04,16.08,10.2435,27134
2020-10-30,16.06,16.08,15.7,15.84,10.0906,33731
2020-11-02,15.86,16.38,15.86,16.26,10.3582,27361
2020-11-03,16.26,16.38,16.16,16.36,10.4219,59966
2020-11-04,16.36,16.48,16.36,16.36,10.4219,10009
2020-11-05,16.36,16.56,16.36,16.5,10.5111,42152
2020-11-06,16.4,16.58,16.22,16.36,10.4219,21711
2020-11-09,16.42,16.88,16.42,16.86,10.7404,153428
2020-11-10,16.86,16.96,16.62,16.62,10.5875,56621
2020-11-11,16.78,16.78,16.4,16.48,10.4983,24093
2020-11-12,16.8,16.8,16.3,16.38,10.4346,79777
2020-11-13,16.5,16.78,16.44,16.6,10.5748,19584
2020-11-16,16.7,16.74,16.44,16.74,10.6639,17945
2020-11-17,16.74,16.74,16.6,16.6,10.5748,11403
2020-11-18,16.52,16.72,16.52,16.66,10.613,8725
2020-11-19,16.74,16.74,16.62,16.72,10.6512,14456
2020-11-20,16.74,16.84,16.72,16.8,10.7022,97368
2020-11-23,16.8,16.86,16.8,16.84,10.7276,87761
2020-11-24,16.86,17.2,16.86,16.98,10.8168,451430
2020-11-25,17.1,17.1,16.9,16.9,10.7659,34084
2020-11-26,16.92,16.96,16.84,16.84,10.7276,115766
2020-11-27,16.9,16.92,16.84,16.88,10.7531,25984
2020-12-02,16.88,16.98,16.82,16.86,10.7404,63151
2020-12-03,16.9,17.2,16.84,16.88,10.7531,134274
2020-12-04,17.1,17.1,16.88,16.9,10.7659,145494
2020-12-07,16.9,16.9,16.84,16.86,10.7404,88668
2020-12-08,16.84,17.0,16.82,16.86,10.7404,83849
2020-12-09,16.88,16.88,16.82,16.84,10.7276,50856
2020-12-10,16.84,16.88,16.84,16.84,10.7276,25342
2020-12-11,16.86,16.92,16.84,16.84,10.7276,68023
2020-12-14,17.02,17.04,16.88,16.9,10.7659,50832
2020-12-15,17.0,17.02,16.86,16.86,10.7404,22978
2020-12-16,17.0,17.04,16.98,16.98,10.8168,213363
2020-12-17,17.0,17.08,16.96,17.0,10.8296,92623
2020-12-18,17.0,17.04,16.96,17.0,10.8296,130565
2020-12-21,17.06,17.06,16.78,16.86,10.7404,72819
2020-12-22,16.98,16.98,16.84,16.86,10.7404,40326
2020-12-23,16.88,17.24,16.86,17.1,10.8933,232629
2020-12-28,17.12,17.5,17.0,17.48,11.1353,474308
2020-12-29,17.7,17.92,17.7,17.88,11.3902,481907
2020-12-30,17.88,17.92,17.72,17.86,11.3774,277696
2021-01-04,17.86,18.4,17.86,18.2,11.594,71033
2021-01-05,18.2,18.28,17.86,18.14,11.5558,68536
2021-01-06,18.14,18.26,18.1,18.24,11.6195,102344
2021-01-07,18.3,18.32,18.1,18.2,11.594,40394
2021-01-08,18.24,18.24,18.16,18.2,11.594,46846
2021-01-11,18.24,18.26,18.0,18.2,11.594,88154
2021-01-12,18.2,18.24,18.16,18.24,11.6195,46879
2021-01-13,18.34,18.5,18.34,18.44,11.7469,121031
2021-01-14,18.5,19.0,18.5,18.98,12.0909,164034
2021-01-15,19.0,19.52,18.86,18.94,12.0654,330697
2021-01-18,19.0,19.2,18.98,19.06,12.1419,27162
2021-01-19,19.12,19.38,19.08,19.24,12.2565,40402
2021-01-20,19.36,19.52,19.18,19.4,12.3585,173953
2021-01-21,19.42,19.58,19.42,19.56,12.4604,55127
2021-01-22,19.56,19.66,19.34,19.64,12.5113,88487
2021-01-25,19.64,19.86,19.5,19.8,12.6133,89143
2021-01-26,19.84,19.86,19.56,19.78,12.6005,34461
2021-01-27,19.86,20.4,19.7,19.84,12.6387,157155
2021-01-28,19.8,20.3,19.54,20.25,12.8999,116282
2021-01-29,20.2,20.7,20.15,20.5,13.0592,117224
2021-02-01,20.35,21.35,20.35,21.35,13.6007,296199
2021-02-02,21.6,22.0,21.6,21.75,13.8555,125163
2021-02-03,21.8,21.9,21.55,21.85,13.9192,172723
2021-02-04,21.85,22.2,21.8,22.1,14.0784,133226
2021-02-05,22.1,22.75,22.1,22.7,14.4607,180453
2021-02-08,22.7,23.4,22.7,23.4,14.9066,217087
2021-02-09,23.45,24.45,23.45,24.1,15.3525,257684
2021-02-10,24.3,24.4,22.45,23.5,14.9703,437681
2021-02-11,23.45,23.45,22.8,22.8,14.5244,111823
2021-02-12,22.7,22.75,21.7,21.85,13.9192,268468
2021-02-15,22.1,23.0,22.1,22.8,14.5244,154997
2021-02-16,22.9,23.65,22.9,23.15,14.7473,258275
2021-02-17,23.15,23.4,22.8,23.0,14.6518,83800
2021-02-18,22.9,23.2,22.8,22.8,14.5244,36115
2021-02-19,22.75,22.8,22.2,22.3,14.2059,92703
2021-02-22,22.1,22.65,22.0,22.5,14.3333,75245
2021-02-23,22.55,22.85,22.2,22.4,14.2696,54268
2021-02-24,22.35,22.5,22.0,22.0,14.0147,76093
2021-02-25,22.55,23.2,22.55,22.9,14.5881,112264
2021-02-26,22.9,22.95,22.5,22.7,14.4607,35944
2021-03-01,23.0,23.3,22.8,23.0,14.6518,40772
2021-03-02,23.0,23.2,22.85,22.85,14.5562,19474
2021-03-03,23.05,23.1,22.95,23.05,14.6836,23529
2021-03-04,23.05,23.75,23.0,23.7,15.0977,76260
2021-03-05,23.85,24.4,23.85,24.3,15.4799,147856
2021-03-08,24.35,25.0,24.35,24.85,15.8303,126374
2021-03-09,24.85,24.95,24.4,24.7,15.7347,77259
2021-03-10,24.75,24.75,24.35,24.35,15.5118,67011
2021-03-11,24.75,24.75,24.4,24.5,15.6073,36656
2021-03-12,24.5,24.55,24.0,24.5,15.6073,71778
2021-03-15,24.5,24.75,24.45,24.65,15.7029,30313
2021-03-16,23.9,24.0,23.3,23.95,15.257,368539
2021-03-17,23.95,23.95,23.75,23.85,15.1933,81737
2021-03-18,23.85,23.95,23.7,23.85,15.1933,28879
2021-03-19,23.85,24.9,23.8,24.9,15.8621,185325
2021-03-22,25.0,25.35,24.75,24.9,15.8621,44793
2021-03-23,24.9,24.95,24.6,24.75,15.7666,43690
2021-03-24,24.7,24.8,24.45,24.7,15.7347,46723
2021-03-25,24.85,24.9,24.6,24.8,15.7984,57452
2021-03-26,24.85,25.1,24.85,24.9,15.8621,59331
2021-03-29,25.0,25.25,24.95,25.2,16.0532,30066
2021-03-30,25.2,25.25,25.15,25.2,16.0532,44126
2021-03-31,25.2,25.4,25.05,25.4,16.1807,34850
2021-04-01,25.4,26.4,25.4,26.25,16.7221,135743
2021-04-02,26.25,26.7,26.05,26.4,16.8177,33103
2021-04-05,26.4,28.3,26.3,27.2,17.3273,172759
2021-04-06,27.25,28.0,27.25,27.5,17.5184,129787
2021-04-07,27.6,27.65,27.25,27.3,17.391,32385
2021-04-08,27.35,27.4,27.25,27.35,17.4229,41446
2021-04-09,27.45,27.5,27.35,27.4,17.4547,13155
2021-04-12,27.4,27.45,27.35,27.35,17.4229,48411
2021-04-13,27.35,27.4,26.95,26.95,17.1681,64045
2021-04-14,27.0,27.1,26.95,27.05,17.2318,29910
2021-04-15,27.0,27.2,26.95,27.2,17.3273,26173
2021-04-16,27.25,27.5,27.05,27.3,17.391,26175
2021-04-19,27.5,27.65,27.3,27.4,17.4547,29569
2021-04-20,27.5,27.5,27.0,27.4,17.4547,13900
2021-04-21,27.3,27.4,26.95,27.15,17.2955,11511
2021-04-22,27.2,27.3,26.95,27.3,17.391,11069
2021-04-23,27.3,27.35,27.0,27.35,17.4229,21768
2021-04-26,27.35,27.6,27.35,27.5,17.5184,32212
2021-04-27,27.5,27.55,27.3,27.4,17.4547,23900
2021-04-28,27.55,27.55,27.3,27.4,17.4547,22493
2021-04-29,27.5,27.6,27.3,27.5,17.5184,41438
2021-05-04,27.5,27.7,27.5,27.65,17.614,9346
2021-05-05,27.75,28.25,27.65,28.15,17.9325,62515
2021-05-06,28.2,28.45,27.9,27.9,17.7732,49153
2021-05-07,27.9,28.15,27.9,28.0,17.8369,24869
2021-05-10,28.15,28.35,28.0,28.35,18.0599,63550
2021-05-11,28.4,28.4,27.9,28.0,17.8369,32395
2021-05-12,28.1,28.2,28.1,28.2,17.9644,8346
2021-05-13,28.2,28.5,28.0,28.4,18.0918,120151
2021-05-14,28.45,28.45,28.2,28.45,18.1236,54383
2021-05-17,28.5,28.55,28.4,28.55,18.1873,35000
2021-05-18,28.55,28.75,28.45,28.6,18.2192,32223
2021-05-19,28.75,29.0,28.65,28.65,18.251,53798
2021-05-20,28.9,28.9,28.4,28.7,18.2829,36678
2021-05-21,28.7,28.85,28.25,28.85,18.3784,39695
2021-05-24,28.9,28.9,28.6,28.9,18.4103,23182
2021-05-25,28.9,29.3,28.9,29.3,18.6651,52069
2021-05-26,29.3,29.4,28.7,28.7,18.2829,41444
2021-05-27,28.75,29.25,28.45,28.9,18.4103,43304
2021-05-28,29.0,29.0,28.8,28.8,18.3466,58141
2021-05-31,28.8,29.2,28.8,28.85,18.3784,57605
2021-06-02,28.9,29.0,28.7,28.85,18.3784,99136
2021-06-03,28.85,28.85,28.65,28.75,18.3147,109155
2021-06-04,28.75,28.75,27.85,27.9,17.7732,157974
2021-06-07,26.5,26.6,25.85,26.05,17.581,269006
2021-06-08,26.0,26.05,25.9,26.0,17.5473,72319
2021-06-09,26.0,26.0,25.8,25.9,17.4798,33840
2021-06-10,25.9,26.0,25.85,25.9,17.4798,39336
2021-06-11,26.0,27.5,26.0,27.5,18.5596,73489
2021-06-14,27.35,27.45,26.9,27.2,18.3571,22239
2021-06-15,27.35,28.0,27.35,27.85,18.7958,56071
2021-06-16,27.9,28.35,27.7,27.7,18.6946,49736
2021-06-17,28.1,28.1,27.5,27.65,18.6608,26047
2021-06-18,27.65,27.9,27.35,27.7,18.6946,36174
2021-06-22,27.75,27.85,27.2,27.2,18.3571,50318
2021-06-23,27.5,27.75,27.4,27.4,18.4921,29336
2021-06-24,27.4,27.6,27.35,27.35,18.4584,36107
2021-06-25,27.6,27.7,27.35,27.45,18.5258,65479
2021-06-28,27.5,27.65,27.3,27.6,18.6271,255922
2021-06-29,27.55,27.75,27.4,27.5,18.5596,35857
2021-06-30,27.5,27.75,27.5,27.6,18.6271,28108
2021-07-01,27.65,27.7,27.45,27.45,18.5258,21816
2021-07-02,27.45,27.6,27.4,27.55,18.5933,33184
2021-07-05,27.65,27.65,27.15,27.5,18.5596,26769
2021-07-06,27.65,27.8,27.35,27.65,18.6608,48570
2021-07-07,27.75,27.85,27.25,27.45,18.5258,20979
2021-07-08,27.45,27.55,26.9,27.15,18.3234,26957
2021-07-09,27.1,27.4,26.95,27.3,18.4246,31867
2021-07-12,27.1,27.45,27.0,27.45,18.5258,23869
2021-07-13,27.45,27.5,27.2,27.5,18.5596,55881
2021-07-14,27.55,27.55,27.4,27.4,18.4921,13072
2021-07-15,27.5,27.5,27.25,27.25,18.3909,12713
2021-07-16,27.35,27.45,27.25,27.3,18.4246,3491
2021-07-19,27.3,27.4,27.0,27.0,18.2221,35826
2021-07-20,27.15,27.2,27.0,27.05,18.2559,8068
2021-07-21,27.1,27.35,27.1,27.35,18.4584,28759
2021-07-22,27.4,27.45,27.3,27.45,18.5258,22748
2021-07-23,27.45,27.45,27.2,27.3,18.4246,12111
2021-07-26,27.4,27.4,27.1,27.25,18.3909,7329
2021-07-27,27.25,27.45,27.15,27.45,18.5258,35083
2021-07-28,27.35,27.7,27.3,27.6,18.6271,37314
2021-07-29,27.6,28.1,27.35,28.0,18.897,30199
2021-07-30,28.1,28.1,27.6,27.85,18.7958,11720
2021-08-02,27.9,28.15,27.9,28.05,18.9308,22718
2021-08-03,28.15,28.25,28.05,28.05,18.9308,30775
2021-08-04,28.2,28.2,28.05,28.05,18.9308,10404
2021-08-05,28.15,28.2,28.0,28.0,18.897,7643
2021-08-06,28.2,28.25,28.1,28.15,18.9983,21016
2021-08-09,28.2,28.25,28.05,28.05,18.9308,16780
2021-08-10,28.2,28.3,28.0,28.15,18.9983,44411
2021-08-11,28.25,29.45,28.05,29.35,19.8081,125094
2021-08-12,29.45,30.3,29.35,30.2,20.3818,104498
2021-08-13,30.25,30.25,29.0,29.85,20.1456,86347
2021-08-16,29.8,29.8,29.5,29.5,19.9094,30166
2021-08-17,29.6,29.7,29.3,29.6,19.9769,45054
2021-08-18,29.85,29.9,29.5,29.55,19.9431,19034
2021-08-19,29.7,29.7,28.85,29.35,19.8081,65931
2021-08-20,29.35,29.4,29.0,29.35,19.8081,11564
2021-08-23,29.4,30.15,29.35,29.85,20.1456,64882
2021-08-24,29.95,30.05,29.45,29.6,19.9769,40302
2021-08-25,29.8,30.1,29.8,30.0,20.2468,91148
2021-08-26,30.1,30.1,30.0,30.0,20.2468,20269
2021-08-27,30.1,30.15,30.05,30.05,20.2806,13074
2021-08-30,30.1,30.15,30.05,30.05,20.2806,24252
2021-08-31,30.15,30.15,29.85,29.9,20.1793,35011
2021-09-01,30.05,30.05,29.8,29.8,20.1118,17685
2021-09-02,30.0,30.1,29.8,29.85,20.1456,17422
2021-09-03,29.9,30.1,29.55,29.6,19.9769,174476
2021-09-06,29.6,29.95,29.55,29.6,19.9769,26022
2021-09-07,29.9,29.9,29.5,29.5,19.9094,20738
2021-09-08,29.8,29.8,29.2,29.4,19.8419,32369
2021-09-09,29.4,29.7,29.25,29.7,20.0444,19907
2021-09-10,29.7,29.8,29.5,29.5,19.9094,22735
2021-09-13,29.7,29.7,29.4,29.4,19.8419,8450
2021-09-14,29.4,29.8,29.35,29.7,20.0444,17374
2021-09-15,29.8,29.95,29.4,29.4,19.8419,29538
2021-09-16,29.5,29.8,29.45,29.7,20.0444,28343
2021-09-17,29.8,31.1,29.7,31.1,20.9892,194545
2021-09-20,30.9,31.0,30.0,30.9,20.8542,94619
2021-09-21,30.9,31.85,30.9,31.85,21.4954,113610
2021-09-22,32.1,33.0,32.1,32.65,22.0353,88250
2021-09-23,32.8,33.4,32.65,33.25,22.4402,91389
2021-09-24,33.5,36.75,33.45,35.0,23.6213,159963
2021-09-27,35.3,38.8,35.3,38.4,25.9159,270362
2021-09-28,38.6,39.95,36.6,36.9,24.9036,153256
2021-09-29,37.5,38.7,36.8,38.2,25.781,78309
2021-09-30,38.2,38.9,38.0,38.25,25.8147,46973
2021-10-01,38.55,38.55,36.1,37.9,25.5785,64170
2021-10-04,37.9,37.9,37.1,37.5,25.3085,21361
2021-10-05,37.5,37.7,37.2,37.45,25.2748,32734
2021-10-06,37.45,37.8,37.45,37.6,25.376,43110
2021-10-07,37.7,38.0,37.35,37.65,25.4098,29511
2021-10-08,37.7,37.95,37.55,37.75,25.4773,36948
2021-10-11,37.9,38.2,37.8,37.85,25.5447,43629
2021-10-12,37.9,38.0,37.85,37.95,25.6122,20370
2021-10-13,37.9,37.9,37.45,37.75,25.4773,44625
2021-10-14,37.7,37.95,37.7,37.9,25.5785,11084
2021-10-15,37.85,37.85,37.5,37.8,25.511,8729
2021-10-18,37.8,38.2,37.5,38.0,25.646,79929
2021-10-19,37.95,38.1,37.8,38.1,25.7135,18623
2021-10-20,38.1,38.25,37.8,38.25,25.8147,25549
2021-10-21,38.3,39.45,38.25,39.4,26.5908,77609
2021-10-22,39.45,40.0,39.3,39.95,26.962,35956
2021-10-25,39.95,41.9,39.95,40.7,27.4682,377570
2021-10-26,40.8,41.8,40.75,41.0,27.6707,56567
2021-10-27,41.7,42.85,41.5,42.75,28.8517,135772
2021-10-28,42.95,44.0,42.75,42.75,28.8517,113898
2021-10-29,43.45,43.75,42.8,43.15,29.1217,44500
2021-11-01,43.45,43.45,41.2,41.85,28.2443,70096
2021-11-02,42.6,42.7,41.65,41.8,28.2106,58461
2021-11-03,42.6,42.95,42.1,42.95,28.9867,22819
2021-11-04,43.0,44.45,43.0,43.65,29.4591,77123
2021-11-05,44.3,44.5,43.8,43.95,29.6616,54760
2021-11-08,44.35,45.05,43.95,44.65,30.134,68226
2021-11-09,44.9,45.1,43.0,44.1,29.7628,99244
2021-11-10,44.25,44.95,42.85,42.9,28.953,84000
2021-11-11,42.8,42.9,41.4,42.25,28.5143,53707
2021-11-12,42.8,43.8,42.8,43.8,29.5604,350090
2021-11-15,43.8,44.55,43.4,43.5,29.3579,31161
2021-11-16,43.7,44.1,43.55,43.65,29.4591,11540
2021-11-17,43.8,43.9,43.4,43.45,29.3242,21380
2021-11-18,43.7,43.85,43.35,43.45,29.3242,22739
2021-11-19,43.5,43.55,41.0,42.7,28.818,64321
2021-11-22,43.0,43.3,42.75,42.85,28.9192,21088
2021-11-23,43.0,43.2,42.1,42.2,28.4805,27633
2021-11-24,42.1,42.4,41.9,41.95,28.3118,21965
2021-11-25,41.95,42.1,41.45,41.9,28.2781,34919
2021-11-26,42.0,42.0,39.0,40.5,27.3332,109396
2021-11-29,40.5,43.5,38.4,43.3,29.2229,148808
2021-12-02,42.5,42.95,42.0,42.25,28.5143,64806
2021-12-03,42.5,43.25,42.5,42.9,28.953,29407
2021-12-06,42.9,43.0,42.3,42.35,28.5818,21040
2021-12-07,42.45,43.05,42.2,42.6,28.7505,19404
2021-12-08,42.6,43.2,42.6,42.7,28.818,17710
2021-12-09,43.0,43.2,42.7,42.7,28.818,12360
2021-12-10,43.0,43.0,42.6,42.9,28.953,14615
2021-12-13,42.9,43.0,42.1,42.45,28.6493,18241
2021-12-14,42.45,42.75,41.7,41.7,28.1431,35552
2021-12-15,42.3,42.3,40.7,40.85,27.5694,23476
2021-12-16,41.6,42.3,41.0,42.0,28.3456,17472
2021-12-17,42.0,42.0,41.7,41.9,28.2781,8289
2021-12-20,41.9,41.9,41.4,41.45,27.9744,19006
2021-12-21,41.55,41.85,41.5,41.6,28.0756,9734
2021-12-22,41.9,43.2,41.9,42.9,28.953,31519
2021-12-23,43.0,44.15,42.8,43.4,29.2904,41578
2021-12-27,43.75,44.75,43.7,44.75,30.2015,41779
2021-12-28,44.8,46.45,44.8,46.4,31.3151,86057
2021-12-29,46.5,48.45,46.5,48.0,32.3949,95221
2021-12-30,48.2,48.75,46.5,47.0,31.72,103655
2022-01-03,47.05,47.85,46.9,47.0,31.72,26406
2022-01-04,47.1,47.75,46.9,47.6,32.125,34310
2022-01-05,47.65,48.0,47.6,47.6,32.125,47419
2022-01-06,47.4,47.4,46.1,47.1,31.7875,35047
2022-01-07,47.0,47.25,46.95,46.95,31.6863,36083
2022-01-10,47.3,47.5,46.9,47.2,31.855,247835
2022-01-11,47.3,47.3,47.0,47.25,31.8888,25050
2022-01-12,47.25,47.35,47.0,47.25,31.8888,91390
2022-01-13,47.25,47.75,47.05,47.6,32.125,45882
2022-01-14,47.6,47.85,47.25,47.45,32.0237,75454
2022-01-17,47.55,47.55,46.5,46.8,31.5851,59439
2022-01-18,46.85,47.0,45.1,45.9,30.9776,68863
2022-01-19,44.0,45.0,43.9,44.9,30.3028,60442
2022-01-20,44.8,44.8,43.75,43.95,29.6616,70718
2022-01-21,45.0,45.9,42.75,44.4,29.9653,232146
2022-01-25,42.9,43.45,41.2,43.3,29.2229,217224
2022-01-26,43.55,45.95,43.55,45.25,30.539,76401
2022-01-27,45.25,45.5,44.3,45.5,30.7077,33225
2022-01-28,45.7,46.3,45.7,45.7,30.8427,26966
2022-01-31,46.0,46.45,46.0,46.25,31.2139,53774
2022-02-01,46.3,46.65,46.1,46.15,31.1464,59559
2022-02-02,46.25,46.55,45.45,46.1,31.1126,31861
2022-02-03,46.1,46.5,46.0,46.1,31.1126,16343
2022-02-04,46.2,46.5,46.1,46.35,31.2814,25635
2022-02-07,46.2,46.4,46.2,46.35,31.2814,120738
2022-02-08,46.2,46.45,46.0,46.35,31.2814,57810
2022-02-09,46.4,46.6,45.5,45.8,30.9102,51239
2022-02-10,46.45,46.5,45.85,46.35,31.2814,12285
2022-02-11,46.35,46.35,45.85,46.3,31.2476,9942
2022-02-14,46.2,46.2,43.9,44.75,30.2015,91429
2022-02-15,44.15,46.05,44.05,46.0,31.0451,33820
2022-02-16,46.25,46.4,45.1,45.4,30.6402,28625
2022-02-17,46.0,46.0,44.1,44.5,30.0328,22867
2022-02-18,44.5,45.85,44.1,44.45,29.9991,32030
2022-02-21,44.5,45.0,43.45,43.45,29.3242,39240
2022-02-22,43.0,43.45,41.2,43.05,29.0542,84812
2022-02-23,43.2,44.6,43.2,44.0,29.6953,19297
2022-02-24,41.2,43.0,41.1,42.0,28.3456,344472
2022-02-25,42.2,43.9,42.0,42.8,28.8855,56113
2022-02-28,41.9,42.5,41.35,41.35,27.9069,50015
2022-03-01,41.65,42.7,39.25,39.5,26.6583,75863
2022-03-02,39.75,39.75,36.6,37.5,25.3085,263497
2022-03-03,37.7,39.3,36.9,36.95,24.9373,96125
2022-03-04,36.75,36.75,34.5,34.5,23.2839,229074
2022-03-07,33.1,33.5,31.0,32.8,22.1365,321666
2022-03-08,32.8,35.9,32.7,34.85,23.5201,126398
2022-03-09,36.5,39.3,36.5,39.0,26.3209,157123
2022-03-10,39.9,43.0,39.5,40.8,27.5357,155005
2022-03-11,40.2,42.1,40.1,41.9,28.2781,75958
2022-03-14,42.5,43.5,42.5,42.6,28.7505,67157
2022-03-15,42.8,42.9,41.55,42.05,28.3793,35597
2022-03-16,42.5,42.7,42.25,42.3,28.548,23690
2022-03-17,42.4,42.9,42.4,42.45,28.6493,52832
2022-03-18,42.85,44.95,42.8,44.95,30.3365,435297
2022-03-21,44.95,45.7,44.8,45.3,30.5727,38453
2022-03-22,45.75,45.9,45.0,45.1,30.4377,31464
2022-03-23,45.4,45.5,43.6,43.6,29.4254,29461
2022-03-24,43.65,44.3,42.0,42.1,28.413,46885
2022-03-25,43.1,43.1,41.5,42.0,28.3456,45385
2022-03-28,42.0,43.05,41.0,42.8,28.8855,45241
2022-03-29,42.05,44.9,42.05,44.9,30.3028,62177
2022-03-30,44.95,45.1,43.7,44.3,29.8978,26021
2022-03-31,44.2,44.75,44.15,44.15,29.7966,6237
2022-04-01,44.4,44.6,44.0,44.2,29.8303,7123
2022-04-04,44.4,44.65,44.2,44.6,30.1003,33393
2022-04-05,44.55,44.8,44.45,44.7,30.1678,8929
2022-04-06,44.7,45.0,44.5,44.65,30.134,11017
2022-04-07,44.65,45.0,44.2,44.8,30.2353,17986
2022-04-08,44.9,44.9,44.2,44.6,30.1003,5467
2022-04-11,44.6,44.8,44.3,44.7,30.1678,7947
2022-04-12,44.65,44.65,43.85,43.95,29.6616,17443
2022-04-13,44.2,44.8,43.9,44.7,30.1678,27016
2022-04-14,44.8,45.3,44.65,44.75,30.2015,15736
2022-04-15,44.75,45.15,44.7,45.1,30.4377,19790
2022-04-18,45.25,45.4,45.05,45.1,30.4377,15888
2022-04-19,45.35,45.35,44.7,44.95,30.3365,14785
2022-04-20,45.15,45.15,44.95,45.15,30.4715,27043
2022-04-21,45.15,45.2,45.05,45.2,30.5052,5355
2022-04-26,44.7,45.1,44.5,44.95,30.3365,9999
2022-04-27,44.95,45.0,44.25,44.4,29.9653,12515
2022-04-28,44.4,45.1,44.1,44.5,30.0328,12362
2022-04-29,44.5,44.95,44.25,44.85,30.269,5484
2022-05-02,44.8,44.8,43.75,43.8,29.5604,11185
2022-05-03,44.35,44.35,43.5,43.7,29.4929,19461
2022-05-04,43.8,43.8,42.6,42.6,28.7505,68353
2022-05-05,43.05,43.35,43.05,43.1,29.0879,23619
2022-05-06,43.15,43.25,42.2,42.9,28.953,22530
2022-05-09,42.2,42.2,41.55,41.95,28.3118,28850
2022-05-10,42.0,43.0,41.8,42.0,28.3456,12355
2022-05-11,41.95,42.45,41.1,41.45,27.9744,16383
2022-05-12,43.1,43.35,41.8,41.95,28.3118,38901
2022-05-13,43.1,44.0,41.95,43.85,29.5941,174180
2022-05-16,43.8,43.85,43.1,43.15,29.1217,52113
2022-05-17,43.35,43.75,43.05,43.3,29.2229,13345
2022-05-18,43.6,43.7,43.0,43.5,29.3579,7615
2022-05-19,43.2,43.4,42.9,43.35,29.2567,3814
2022-05-20,43.65,43.9,43.6,43.9,29.6279,7290
2022-05-23,43.9,45.5,43.9,45.0,30.3702,56789
2022-05-24,45.4,45.45,44.3,44.3,29.8978,13325
2022-05-25,44.6,45.05,44.6,45.05,30.404,28928
2022-05-26,44.7,45.3,44.7,45.3,30.5727,22537
2022-05-27,45.3,45.4,44.8,45.3,30.5727,38184
2022-05-30,45.0,45.8,44.75,45.8,30.9102,24250
2022-05-31,45.8,45.85,45.2,45.35,30.6065,12200
2022-06-02,45.35,45.65,45.2,45.2,30.5052,8727
2022-06-03,45.4,45.5,44.9,45.0,30.3702,38606
2022-06-06,44.4,44.4,43.75,43.95,31.0236,32054
2022-06-07,44.0,44.0,43.55,43.55,30.7412,24750
2022-06-08,43.95,44.0,43.55,43.9,30.9883,13733
2022-06-09,44.0,44.0,43.8,43.8,30.9177,5214
2022-06-10,43.8,43.95,43.35,43.5,30.706,16885
2022-06-14,43.45,43.45,42.05,42.05,29.6824,27121
2022-06-15,42.1,43.45,42.05,42.15,29.753,38492
2022-06-16,42.75,42.8,42.0,42.15,29.753,8797
2022-06-17,42.55,42.8,42.0,42.8,30.2118,28746
2022-06-20,42.9,44.0,42.9,43.75,30.8824,20790
2022-06-21,43.8,44.1,43.8,43.85,30.953,20149
2022-06-22,43.85,43.95,43.45,43.75,30.8824,10600
2022-06-23,43.75,43.95,43.6,43.95,31.0236,20605
2022-06-24,43.95,44.5,43.9,44.5,31.4118,45875
2022-06-27,44.6,45.5,44.6,45.3,31.9765,21228
2022-06-28,45.5,46.65,45.45,46.25,32.6471,40892
2022-06-29,46.5,46.65,46.0,46.0,32.4707,16315
2022-06-30,46.1,46.1,45.0,45.0,31.7648,33094
2022-07-01,45.0,45.7,45.0,45.25,31.9413,15725
2022-07-04,45.3,45.65,44.05,44.6,31.4824,37779
2022-07-05,45.0,45.0,43.0,43.15,30.4589,71932
2022-07-06,43.35,44.7,43.35,44.0,31.0589,13576
2022-07-07,44.3,44.45,43.8,44.1,31.1295,58497
2022-07-08,44.3,44.6,44.1,44.5,31.4118,10290
2022-07-11,44.55,44.55,43.7,44.0,31.0589,43258
2022-07-12,43.4,44.15,43.35,44.0,31.0589,14075
2022-07-13,44.15,44.55,44.0,44.55,31.4471,23315
2022-07-14,44.0,44.5,43.75,43.9,30.9883,12883
2022-07-15,44.2,44.2,43.6,43.6,30.7765,11496
2022-07-18,43.9,43.9,43.25,43.55,30.7412,12026
2022-07-19,43.8,43.85,43.2,43.45,30.6707,6729
2022-07-20,43.5,44.3,43.4,44.3,31.2707,9089
2022-07-21,44.3,44.4,43.8,44.35,31.306,18330
2022-07-22,44.35,44.8,44.05,44.05,31.0942,7193
2022-07-25,44.65,44.8,44.15,44.7,31.553,5352
2022-07-26,44.8,45.3,44.8,45.1,31.8354,13423
2022-07-27,45.2,46.3,45.2,46.3,32.6824,20967
2022-07-28,46.35,47.3,46.3,46.6,32.8942,30958
2022-07-29,46.6,46.8,45.7,46.75,33.0001,8587
2022-08-01,46.75,47.5,46.75,47.1,33.2471,15291
2022-08-02,47.1,47.1,46.5,46.5,32.8236,12531
2022-08-03,46.7,47.05,46.4,46.4,32.753,36481
2022-08-04,46.5,47.0,46.4,46.5,32.8236,8323
2022-08-05,46.5,46.9,46.4,46.65,32.9295,5966
2022-08-08,46.65,47.15,46.6,47.0,33.1765,16406
2022-08-09,47.15,47.7,47.0,47.65,33.6354,15329
2022-08-10,47.65,47.8,47.45,47.6,33.6001,15344
2022-08-11,47.8,48.35,47.8,48.0,33.8824,21785
2022-08-12,48.8,49.25,48.7,49.15,34.6942,53747
2022-08-16,49.2,50.0,49.15,49.95,35.2589,43635
2022-08-17,50.0,50.2,49.05,49.2,34.7295,23095
2022-08-18,49.2,49.9,49.1,49.8,35.153,11011
2022-08-19,49.8,49.8,49.2,49.2,34.7295,18966
2022-08-22,49.3,49.45,47.9,47.95,33.8471,24429
2022-08-23,47.95,48.7,47.75,47.75,33.706,21473
2022-08-24,47.9,47.9,46.85,46.95,33.1413,24995
2022-08-25,46.95,47.1,45.95,46.65,32.9295,33115
2022-08-26,46.95,47.0,45.55,46.1,32.5413,30540
2022-08-29,45.8,45.8,44.95,45.0,31.7648,25636
2022-08-30,44.95,45.75,44.3,44.95,31.7295,29530
2022-08-31,44.9,45.95,44.85,44.85,31.6589,18734
2022-09-01,44.85,45.1,43.85,43.9,30.9883,76987
2022-09-02,44.0,45.25,44.0,44.9,31.6942,39232
2022-09-05,44.7,46.1,44.5,46.0,32.4707,14772
2022-09-06,46.1,47.2,46.1,46.8,33.0354,21193
2022-09-07,46.8,46.8,45.6,46.0,32.4707,13092
2022-09-08,46.25,46.25,45.15,45.35,32.0118,12793
2022-09-09,45.4,45.4,44.85,45.3,31.9765,17831
2022-09-12,45.3,45.85,45.05,45.3,31.9765,10855
2022-09-13,45.9,46.1,45.3,45.35,32.0118,9629
2022-09-14,45.2,45.3,44.7,44.9,31.6942,15993
2022-09-15,44.9,45.3,44.9,45.0,31.7648,7111
2022-09-16,45.0,47.6,44.7,47.6,33.6001,86332
2022-09-19,46.95,47.0,45.25,45.45,32.0824,38023
2022-09-20,45.55,46.2,45.55,45.75,32.2942,12219
2022-09-21,45.8,45.8,44.75,45.1,31.8354,28262
2022-09-22,45.2,45.35,44.65,45.0,31.7648,22836
2022-09-23,44.6,44.75,42.55,42.55,30.0354,49670
2022-09-26,43.0,43.25,40.5,41.0,28.9412,95138
2022-09-27,41.4,42.0,40.95,41.05,28.9765,46951
2022-09-28,41.5,42.1,40.8,42.1,29.7177,36235
2022-09-29,42.35,42.9,41.8,41.8,29.506,10066
2022-09-30,41.85,42.9,41.65,42.5,30.0001,11574
2022-10-03,42.5,43.2,42.05,43.2,30.4942,21594
2022-10-04,43.5,44.0,43.5,43.75,30.8824,8787
2022-10-05,43.75,43.95,42.0,42.25,29.8236,22581
2022-10-06,42.7,42.7,41.8,42.0,29.6471,11338
2022-10-07,41.8,42.35,41.8,41.95,29.6118,4703
2022-10-10,41.9,41.95,41.25,41.25,29.1177,41504
2022-10-11,41.6,41.6,40.75,40.9,28.8707,9100
2022-10-12,41.1,41.15,40.6,40.6,28.6589,7046
2022-10-13,40.4,40.4,38.85,39.5,27.8824,57758
2022-10-14,39.75,40.35,39.75,39.9,28.1648,14866
2022-10-17,40.1,41.5,40.1,40.7,28.7295,36410
2022-10-18,40.95,43.0,40.95,41.95,29.6118,42177
2022-10-19,41.95,43.0,41.5,41.6,29.3648,45907
2022-10-20,41.6,42.0,41.4,41.6,29.3648,21583
2022-10-21,41.6,41.8,40.5,41.05,28.9765,28949
2022-10-24,41.05,41.5,39.8,39.8,28.0942,45651
2022-10-25,39.95,40.5,39.05,39.8,28.0942,48272
2022-10-26,40.0,40.0,39.8,39.8,28.0942,9430
2022-10-27,39.9,39.95,39.75,39.8,28.0942,9101
2022-10-28,40.0,40.15,39.7,39.75,28.0589,6837
2022-10-31,40.2,40.3,39.8,40.2,28.3765,15960
2022-11-01,40.3,40.55,39.95,39.95,28.2001,32289
2022-11-02,40.0,40.35,39.55,39.75,28.0589,22997
2022-11-03,40.0,40.0,39.45,39.55,27.9177,48004
2022-11-04,39.6,40.05,39.35,39.65,27.9883,21862
2022-11-07,40.05,40.45,39.65,39.65,27.9883,42883
2022-11-08,39.8,40.25,39.65,40.1,28.3059,22488
2022-11-09,40.4,40.65,40.25,40.55,28.6236,36300
2022-11-10,40.6,41.95,40.35,41.95,29.6118,35249
2022-11-11,42.2,43.7,42.2,42.8,30.2118,49148
2022-11-14,43.35,43.6,42.95,43.6,30.7765,27116
2022-11-15,43.65,43.7,42.9,43.1,30.4236,30838
2022-11-16,43.4,43.6,42.4,42.45,29.9648,13739
2022-11-17,42.45,42.95,42.1,42.3,29.8589,39542
2022-11-18,42.8,42.8,42.1,42.1,29.7177,12511
2022-11-21,42.3,42.5,42.05,42.15,29.753,3933
2022-11-22,42.35,42.4,42.0,42.25,29.8236,4118
2022-11-23,42.25,42.4,41.75,41.9,29.5765,11101
2022-11-24,42.35,42.4,41.75,41.95,29.6118,25511
2022-11-25,42.0,43.0,41.75,43.0,30.353,14860
2022-11-28,42.85,42.9,42.4,42.5,30.0001,4506
2022-11-29,42.85,42.9,42.4,42.45,29.9648,8171
2022-12-02,42.8,42.95,42.0,42.05,29.6824,38504
2022-12-05,42.15,43.05,42.15,42.9,30.2824,41974
2022-12-06,43.0,43.8,42.95,43.5,30.706,33260
2022-12-07,43.85,43.85,42.5,43.4,30.6354,22380
2022-12-08,43.4,43.7,42.8,42.85,30.2471,21705
2022-12-09,43.2,44.0,43.0,43.9,30.9883,23521
2022-12-12,43.9,43.95,43.45,43.85,30.953,3459
2022-12-13,43.85,44.4,43.85,44.0,31.0589,12225
2022-12-14,44.3,44.3,42.95,42.95,30.3177,40293
2022-12-15,43.15,43.2,42.1,42.25,29.8236,44474
2022-12-16,42.25,43.6,42.05,43.6,30.7765,78215
2022-12-19,43.65,44.5,43.0,44.5,31.4118,36334
2022-12-20,44.5,44.5,43.7,44.1,31.1295,37884
2022-12-21,44.2,44.95,44.2,44.7,31.553,47993
2022-12-22,44.85,44.9,43.8,44.3,31.2707,36064
2022-12-23,44.3,44.3,43.75,43.9,30.9883,9810
2022-12-27,43.8,43.8,43.35,43.75,30.8824,8500
2022-12-28,43.6,43.6,42.0,42.15,29.753,61347
2022-12-29,42.15,42.4,41.9,42.3,29.8589,26965
2022-12-30,42.4,42.95,42.4,42.8,30.2118,11748
2023-01-03,42.8,43.95,42.6,43.9,30.9883,25552
2023-01-04,43.95,44.35,43.6,43.65,30.8118,27717
2023-01-05,44.1,44.35,43.6,44.1,31.1295,21685
2023-01-06,44.1,44.25,43.65,43.7,30.8471,7291
2023-01-09,43.75,44.0,43.75,43.9,30.9883,4565
2023-01-10,43.9,44.6,43.9,44.5,31.4118,22096
2023-01-11,44.55,44.9,44.4,44.4,31.3413,21864
2023-01-12,44.5,44.95,44.5,44.95,31.7295,34261
2023-01-13,44.95,45.0,44.7,44.95,31.7295,21612
2023-01-16,44.95,44.95,42.7,42.8,30.2118,114933
2023-01-17,43.65,43.7,43.1,43.2,30.4942,21729
2023-01-18,43.55,44.0,43.55,43.8,30.9177,21382
2023-01-19,43.9,44.1,43.65,43.8,30.9177,4850
2023-01-20,43.8,44.1,43.6,43.6,30.7765,4535
2023-01-23,44.0,44.6,43.9,44.5,31.4118,8890
2023-01-25,44.65,44.8,44.2,44.2,31.2001,21862
2023-01-26,44.8,44.8,44.25,44.3,31.2707,17025
2023-01-27,44.4,44.55,44.4,44.45,31.3765,11240
2023-01-30,44.45,44.45,43.6,43.95,31.0236,14876
2023-01-31,44.0,44.3,44.0,44.3,31.2707,9093
2023-02-01,44.3,44.3,43.9,44.25,31.2354,6687
2023-02-02,44.25,44.3,44.0,44.2,31.2001,41230
2023-02-03,44.25,44.3,43.85,44.0,31.0589,21969
2023-02-06,44.1,44.4,43.6,44.0,31.0589,40096
2023-02-07,44.0,44.0,43.85,43.85,30.953,21635
2023-02-08,44.0,44.0,43.4,43.8,30.9177,21652
2023-02-09,42.0,43.8,42.0,43.65,30.8118,69200
2023-02-10,43.7,43.7,43.5,43.5,30.706,11870
2023-02-13,43.7,43.9,43.6,43.85,30.953,33698
2023-02-14,43.85,43.85,43.5,43.85,30.953,13095
2023-02-15,43.85,43.85,43.5,43.7,30.8471,7669
2023-02-16,43.75,43.85,43.4,43.5,30.706,22092
2023-02-17,43.5,43.5,43.35,43.35,30.6001,6898
2023-02-20,43.4,43.55,43.35,43.5,30.706,22600
2023-02-21,43.35,43.5,43.1,43.4,30.6354,22167
2023-02-22,43.5,43.5,43.4,43.5,30.706,6560
2023-02-23,43.45,43.5,43.4,43.5,30.706,24055
2023-02-24,43.5,43.7,43.45,43.6,30.7765,49236
2023-02-27,43.7,43.7,43.6,43.65,30.8118,31592
2023-02-28,43.7,43.8,43.5,43.5,30.706,22099
2023-03-01,43.7,44.15,43.65,44.15,31.1648,73528
2023-03-02,44.6,45.9,44.6,45.8,32.3295,58875
2023-03-03,45.85,48.45,45.8,48.0,33.8824,135979
2023-03-06,48.35,49.5,48.35,48.95,34.553,62014
2023-03-07,48.9,48.95,48.1,48.45,34.2001,26892
2023-03-08,47.95,48.2,47.1,47.6,33.6001,23910
2023-03-09,47.7,47.9,47.55,47.6,33.6001,11130
2023-03-10,47.6,47.6,46.05,46.4,32.753,57569
2023-03-13,46.7,47.5,44.9,45.5,32.1177,100169
2023-03-14,45.8,46.0,44.5,45.45,32.0824,154860
2023-03-15,45.5,46.45,44.7,44.95,31.7295,80612
2023-03-16,45.0,45.9,45.0,45.0,31.7648,53313
2023-03-17,45.15,45.9,44.95,45.9,32.4001,83477
2023-03-20,45.9,45.9,44.85,44.85,31.6589,54102
2023-03-21,45.3,45.5,44.9,45.0,31.7648,45843
2023-03-22,45.05,45.4,44.35,44.8,31.6236,53975
2023-03-23,44.95,45.25,44.3,44.35,31.306,72554
2023-03-24,44.8,44.8,43.65,43.95,31.0236,84919
2023-03-27,44.1,44.5,43.95,44.0,31.0589,21181
2023-03-28,44.45,44.5,43.55,44.4,31.3413,48981
2023-03-29,44.4,44.45,43.8,44.3,31.2707,23583
2023-03-30,44.35,44.8,44.0,44.5,31.4118,18148
2023-03-31,44.75,45.5,44.75,45.5,32.1177,21421
2023-04-03,45.75,46.1,45.6,46.0,32.4707,26750
2023-04-04,46.15,46.25,45.8,46.1,32.5413,23820
2023-04-05,46.15,46.25,45.95,45.95,32.4354,11975
2023-04-06,46.25,46.5,46.15,46.35,32.7177,12737
2023-04-07,46.4,46.5,46.3,46.35,32.7177,21647
2023-04-10,46.5,46.55,46.35,46.45,32.7883,22282
2023-04-11,46.5,46.5,45.75,45.9,32.4001,21841
2023-04-12,46.0,46.1,45.9,46.1,32.5413,7166
2023-04-13,46.1,46.3,45.95,46.1,32.5413,15342
2023-04-18,46.3,46.3,46.0,46.2,32.6118,21419
2023-04-19,46.2,46.25,46.0,46.2,32.6118,9925
2023-04-20,46.2,46.2,45.5,45.65,32.2236,27548
2023-04-21,45.8,46.0,45.35,45.55,32.153,34432
2023-04-24,45.95,45.95,45.45,45.95,32.4354,29842
2023-04-25,46.0,46.0,45.75,45.95,32.4354,22307
2023-04-26,45.9,45.95,45.75,45.8,32.3295,8529
2023-04-27,45.8,45.85,45.5,45.65,32.2236,23684
2023-04-28,45.85,46.15,45.75,45.75,32.2942,11538
2023-05-02,46.1,46.3,45.9,46.2,32.6118,21825
2023-05-03,46.3,46.85,46.3,46.7,32.9648,25475
2023-05-04,46.85,47.0,46.75,46.75,33.0001,11034
2023-05-05,46.75,46.95,46.75,46.9,33.106,11609
2023-05-08,46.9,46.95,46.8,46.8,33.0354,9229
2023-05-09,46.9,46.9,46.65,46.85,33.0707,11213
2023-05-10,46.85,46.9,46.7,46.75,33.0001,10050
2023-05-11,46.8,46.9,46.45,46.75,33.0001,27441
2023-05-12,46.8,47.4,46.8,47.4,33.4589,30654
2023-05-15,47.5,49.0,47.5,49.0,34.5883,103440
2023-05-16,49.0,49.1,48.7,49.1,34.6589,20894
2023-05-17,49.0,49.15,48.9,48.9,34.5177,21312
2023-05-18,49.1,49.5,48.9,49.4,34.8707,59600
2023-05-19,49.4,49.5,49.0,49.35,34.8354,32835
2023-05-22,49.45,49.5,49.25,49.4,34.8707,22072
2023-05-23,49.45,49.95,49.35,49.95,35.2589,50781
2023-05-24,49.95,50.0,49.8,49.95,35.2589,35311
2023-05-25,49.95,51.0,49.85,51.0,36.0001,71550
2023-05-26,50.8,52.2,50.7,51.8,36.5648,84021
2023-05-29,51.8,51.9,51.0,51.4,36.2824,86440
2023-05-30,51.4,51.6,50.8,51.5,36.353,74187
2023-05-31,51.5,51.7,51.1,51.4,36.2824,244280
2023-06-02,51.4,51.5,50.0,50.8,35.8589,97125
2023-06-06,47.5,48.4,46.5,46.75,36.3036,130488
2023-06-07,46.75,47.0,45.3,45.9,35.6435,83924
2023-06-08,45.9,46.0,45.7,45.75,35.527,21354
2023-06-09,45.85,45.85,44.4,44.5,34.5563,99209
2023-06-12,44.85,44.9,44.6,44.8,34.7893,24678
2023-06-13,44.85,45.1,44.0,44.25,34.3622,52209
2023-06-14,44.3,44.5,43.35,43.45,33.741,76904
2023-06-15,43.45,44.75,43.45,43.75,33.9739,18405
2023-06-16,43.9,44.5,43.75,44.4,34.4787,50030
2023-06-19,44.65,44.7,43.85,44.3,34.401,67247
2023-06-20,44.3,44.65,43.7,44.05,34.2069,31472
2023-06-21,44.05,44.55,43.5,43.5,33.7798,38723
2023-06-22,43.8,43.85,43.2,43.45,33.741,38932
2023-06-23,43.4,43.45,42.7,43.4,33.7021,60016
2023-06-26,43.4,44.0,43.15,43.45,33.741,48774
2023-06-27,43.45,44.95,43.2,44.9,34.867,101019
2023-06-28,44.9,44.95,44.35,44.6,34.634,33363
2023-06-29,44.7,45.8,44.7,45.65,35.4494,57607
2023-06-30,45.75,45.95,44.6,44.6,34.634,56091
2023-07-03,45.25,45.3,43.75,43.85,34.0516,49194
2023-07-04,44.3,44.4,43.75,44.35,34.4398,16881
2023-07-05,45.0,45.6,44.95,45.2,35.0999,99634
2023-07-06,45.7,46.35,45.5,45.5,35.3329,62235
2023-07-07,45.7,46.3,45.3,45.3,35.1776,31518
2023-07-10,45.9,46.0,45.1,45.1,35.0223,129353
2023-07-11,45.5,46.2,45.15,46.2,35.8765,56877
2023-07-12,46.2,46.9,45.9,45.9,35.6435,57968
2023-07-13,45.9,46.5,45.1,45.35,35.2164,52586
2023-07-14,45.6,45.8,45.35,45.35,35.2164,26742
2023-07-17,45.8,45.85,45.1,45.1,35.0223,51212
2023-07-18,45.65,45.65,45.0,45.4,35.2552,89470
2023-07-19,45.45,46.2,45.2,45.8,35.5658,68783
2023-07-20,46.0,46.5,46.0,46.1,35.7988,45785
2023-07-21,46.35,46.35,45.75,45.75,35.527,68864
2023-07-24,46.2,46.3,45.1,45.1,35.0223,51721
2023-07-25,45.55,45.6,45.0,45.05,34.9834,46435
2023-07-26,45.2,45.2,44.95,45.0,34.9446,24664
2023-07-27,45.0,45.4,44.9,45.3,35.1776,57668
2023-07-28,45.35,45.35,44.85,44.95,34.9058,26388
2023-07-31,45.25,45.3,44.95,45.05,34.9834,11117
2023-08-01,45.1,45.25,44.95,45.0,34.9446,35194
2023-08-02,45.0,45.25,44.85,44.95,34.9058,21532
2023-08-03,45.0,45.0,44.0,44.55,34.5952,45687
2023-08-04,44.6,44.95,44.6,44.95,34.9058,11070
2023-08-07,45.0,45.0,44.55,44.55,34.5952,14842
2023-08-08,44.85,45.2,44.7,45.2,35.0999,32326
2023-08-09,45.2,45.35,44.7,44.9,34.867,17034
2023-08-10,44.9,45.0,44.7,44.85,34.8281,9138
2023-08-11,44.8,45.2,44.7,45.2,35.0999,12632
2023-08-14,45.2,45.25,45.1,45.1,35.0223,22335
2023-08-16,45.2,45.2,44.7,45.2,35.0999,29888
2023-08-17,45.0,45.0,44.55,44.7,34.7116,27764
2023-08-18,44.75,44.9,44.0,44.15,34.2845,53520
2023-08-21,44.15,44.75,43.9,44.0,34.1681,24098
2023-08-22,44.1,44.75,44.1,44.1,34.2457,6945
2023-08-23,44.2,45.15,44.2,45.0,34.9446,60703
2023-08-24,45.0,45.2,44.85,45.2,35.0999,31471
2023-08-25,44.75,45.0,44.75,44.8,34.7893,8175
2023-08-28,45.0,45.4,44.9,45.4,35.2552,21790
2023-08-29,45.4,45.95,45.25,45.95,35.6823,39545
2023-08-30,45.75,45.95,45.6,45.6,35.4105,34892
2023-08-31,45.4,47.05,45.4,47.05,36.5365,172366
2023-09-01,45.85,46.95,45.85,46.0,35.7212,40129
2023-09-04,46.0,46.1,45.75,45.95,35.6823,24595
2023-09-05,46.25,46.25,45.55,45.6,35.4105,15190
2023-09-06,45.75,45.95,45.55,45.9,35.6435,19330
2023-09-07,45.9,46.85,45.9,46.75,36.3036,43774
2023-09-08,46.6,47.0,46.5,46.95,36.4589,33485
2023-09-11,46.95,46.95,46.25,46.75,36.3036,24420
2023-09-12,46.8,46.95,46.65,46.85,36.3812,43911
2023-09-13,46.75,46.75,46.4,46.75,36.3036,24475
2023-09-14,46.75,46.8,46.45,46.8,36.3424,24927
2023-09-15,46.8,46.95,46.4,46.4,36.0318,63981
2023-09-18,46.4,47.0,46.25,46.9,36.42,56192
2023-09-19,46.85,47.0,46.55,46.55,36.1483,19681
2023-09-20,46.7,47.0,46.7,47.0,36.4977,28156
2023-09-21,46.95,47.0,46.8,46.8,36.3424,40278
2023-09-22,47.05,47.25,46.8,47.2,36.653,11287
2023-09-25,47.2,47.3,46.9,47.0,36.4977,22755
2023-09-26,47.0,47.0,46.5,46.5,36.1094,13429
2023-09-27,46.5,47.2,46.45,47.05,36.5365,43489
2023-09-28,47.2,47.6,47.15,47.6,36.9636,46871
2023-09-29,47.65,49.25,47.65,48.8,37.8955,96090
2023-10-02,48.8,49.1,48.8,49.05,38.0896,47332
2023-10-03,49.05,49.05,48.75,48.9,37.9731,37813
2023-10-04,48.7,48.7,47.7,47.75,37.0801,36711
2023-10-05,48.0,48.05,47.4,47.4,36.8083,22745
2023-10-06,47.95,47.95,47.45,47.85,37.1578,38614
2023-10-09,48.0,48.0,46.2,46.65,36.2259,69448
2023-10-10,46.7,47.5,46.45,46.85,36.3812,51831
2023-10-11,47.0,47.2,46.85,46.95,36.4589,72484
2023-10-12,47.0,47.15,46.85,47.0,36.4977,25187
2023-10-13,47.0,47.0,45.95,46.0,35.7212,142421
2023-10-16,46.1,46.45,45.7,46.0,35.7212,33861
2023-10-17,46.0,46.0,44.95,45.5,35.3329,183133
2023-10-18,45.65,45.65,44.95,45.4,35.2552,82391
2023-10-19,45.45,45.5,45.2,45.5,35.3329,28620
2023-10-20,45.55,45.6,45.2,45.5,35.3329,33494
2023-10-23,45.5,45.9,45.5,45.8,35.5658,13741
2023-10-24,45.9,46.7,45.9,46.7,36.2647,35385
2023-10-25,46.75,46.85,46.25,46.45,36.0706,16502
2023-10-26,46.5,46.75,45.7,45.7,35.4882,28944
2023-10-27,46.2,46.4,45.7,45.95,35.6823,15926
2023-10-30,45.95,46.0,45.35,45.55,35.3717,28392
2023-10-31,45.55,45.85,45.35,45.5,35.3329,23838
2023-11-01,45.5,45.7,45.35,45.65,35.4494,33662
2023-11-02,45.6,45.7,45.4,45.65,35.4494,37632
2023-11-03,45.75,46.85,45.65,46.85,36.3812,47790
2023-11-06,46.85,47.45,46.85,47.05,36.5365,26542
2023-11-07,47.4,47.8,47.05,47.7,37.0413,34695
2023-11-08,47.7,47.8,47.2,47.3,36.7307,17839
2023-11-09,47.3,47.35,46.9,47.25,36.6918,21620
2023-11-10,47.0,47.25,46.6,47.25,36.6918,12431
2023-11-13,47.7,47.75,47.25,47.55,36.9248,34672
2023-11-14,47.7,47.85,47.55,47.75,37.0801,21032
2023-11-15,47.65,47.75,47.2,47.65,37.0025,24119
2023-11-16,47.65,47.8,47.0,47.5,36.886,29087
2023-11-17,47.5,47.8,47.25,47.45,36.8471,9143
2023-11-20,47.45,47.7,47.2,47.45,36.8471,21548
2023-11-21,47.55,47.8,47.3,47.75,37.0801,32428
2023-11-22,47.8,48.05,47.8,48.05,37.3131,49839
2023-11-23,48.05,48.1,47.85,48.0,37.2742,13057
2023-11-24,48.05,48.05,47.9,48.0,37.2742,21098
2023-11-27,48.0,48.1,47.75,47.85,37.1578,9262
2023-11-28,47.85,48.05,47.8,47.95,37.2354,17925
2023-11-29,48.0,48.1,47.4,47.55,36.9248,17760
2023-12-04,47.8,47.8,47.3,47.5,36.886,21911
2023-12-05,47.5,48.1,47.5,47.85,37.1578,30380
2023-12-06,48.0,48.55,47.85,48.1,37.3519,71968
2023-12-07,48.5,48.6,48.1,48.45,37.6237,19239
2023-12-08,48.6,49.25,48.4,49.25,38.2449,21603
2023-12-11,49.25,49.4,49.05,49.35,38.3226,28242
2023-12-12,49.35,49.4,48.85,49.3,38.2838,27734
2023-12-13,49.3,49.35,48.65,48.9,37.9731,34276
2023-12-14,48.95,49.5,48.9,49.3,38.2838,27251
2023-12-15,49.45,49.95,49.45,49.95,38.7885,49963
2023-12-18,49.95,49.95,49.75,49.9,38.7497,21581
2023-12-19,49.9,50.7,49.7,50.4,39.138,48211
2023-12-20,50.6,50.6,49.55,49.55,38.4779,41765
2023-12-21,49.55,49.95,48.7,48.75,37.8567,46408
2023-12-22,48.75,49.2,48.45,49.1,38.1284,34300
2023-12-27,49.1,49.4,48.75,49.0,38.0508,13799
2023-12-28,48.95,49.05,48.5,48.85,37.9343,31640
2023-12-29,48.85,49.25,48.85,49.1,38.1284,42115
2024-01-03,49.0,49.2,48.6,48.6,37.7402,15372
2024-01-04,49.1,49.1,48.9,49.0,38.0508,11732
2024-01-05,49.1,49.35,49.05,49.35,38.3226,15312
2024-01-08,49.35,50.0,49.3,49.5,38.4391,26917
2024-01-09,49.6,50.5,49.6,50.1,38.905,51555
2024-01-10,50.1,50.6,50.1,50.4,39.138,18437
2024-01-11,50.4,51.0,50.3,51.0,39.6039,25824
2024-01-12,51.0,52.0,50.9,52.0,40.3804,109158
2024-01-15,52.0,52.0,51.4,51.9,40.3028,19121
2024-01-16,51.9,52.4,51.6,52.2,40.5357,23337
2024-01-17,52.2,52.3,51.6,51.6,40.0698,33438
2024-01-18,51.6,51.8,51.2,51.2,39.7592,26440
2024-01-19,51.7,51.9,51.2,51.9,40.3028,16648
2024-01-22,51.9,52.2,51.7,51.7,40.1475,17709
2024-01-23,51.7,51.7,50.1,50.4,39.138,88892
2024-01-25,49.7,49.7,48.4,48.6,37.7402,142648
2024-01-26,48.65,49.45,48.6,48.95,38.012,36624
2024-01-29,48.95,49.5,48.55,48.55,37.7013,52022
2024-01-30,48.7,49.0,48.5,48.8,37.8955,66615
2024-01-31,48.85,49.5,48.7,49.3,38.2838,21585
2024-02-01,49.5,49.55,49.25,49.3,38.2838,17527
2024-02-02,49.6,49.6,49.45,49.6,38.5167,13432
2024-02-05,49.5,49.55,48.95,49.45,38.4002,56628
2024-02-06,49.45,49.5,49.15,49.15,38.1673,12452
2024-02-07,49.2,49.45,49.05,49.3,38.2838,11845
2024-02-08,49.3,49.3,48.8,49.0,38.0508,48560
2024-02-09,49.0,49.25,48.7,48.7,37.8178,31470
2024-02-12,49.0,49.2,48.65,48.75,37.8567,15090
2024-02-13,49.0,49.4,48.75,48.75,37.8567,27900
2024-02-14,49.2,49.3,48.75,48.75,37.8567,20569
2024-02-15,48.75,49.2,48.65,48.65,37.779,38481
2024-02-16,49.0,49.15,48.75,48.8,37.8955,32099
2024-02-19,49.0,49.15,48.65,48.75,37.8567,13110
2024-02-20,49.0,49.2,48.4,48.4,37.5849,66402
2024-02-21,48.85,48.95,48.5,48.55,37.7013,18294
2024-02-22,48.6,48.85,48.25,48.3,37.5072,42193
2024-02-23,48.3,48.65,48.0,48.0,37.2742,43026
2024-02-26,48.3,48.7,47.95,48.5,37.6625,23131
2024-02-27,48.0,48.75,47.9,48.75,37.8567,30811
2024-02-28,48.75,48.75,48.5,48.5,37.6625,16258
2024-02-29,48.5,48.6,47.2,47.2,36.653,64490
2024-03-01,47.5,47.9,47.4,47.8,37.1189,23381
2024-03-04,47.9,48.15,47.15,48.15,37.3907,44714
2024-03-05,48.2,48.85,48.2,48.2,37.4296,67682
2024-03-06,48.3,48.9,48.3,48.7,37.8178,29176
2024-03-07,48.7,48.9,48.55,48.6,37.7402,17256
2024-03-08,48.55,48.85,48.55,48.8,37.8955,11473
2024-03-11,48.6,48.8,48.25,48.5,37.6625,14624
2024-03-12,48.5,48.55,48.05,48.45,37.6237,24407
2024-03-13,48.5,48.7,48.3,48.4,37.5849,27645
2024-03-14,48.5,48.75,48.4,48.75,37.8567,14614
2024-03-15,48.75,48.8,48.5,48.8,37.8955,8454
2024-03-18,48.5,48.8,48.2,48.25,37.4684,31158
2024-03-19,48.4,48.55,48.25,48.55,37.7013,26984
2024-03-20,48.55,49.0,48.25,48.5,37.6625,79337
2024-03-21,48.75,49.3,48.75,49.25,38.2449,32573
2024-03-22,49.4,49.95,49.25,49.6,38.5167,44594
2024-03-25,49.65,49.9,49.6,49.9,38.7497,23373
2024-03-26,49.9,50.3,49.9,50.1,38.905,39340
2024-03-27,50.2,50.5,49.8,50.0,38.8273,64337
2024-03-28,50.0,50.0,49.45,49.45,38.4002,44572
2024-03-29,49.85,49.85,48.5,49.3,38.2838,78267
2024-04-01,49.4,49.9,48.85,49.0,38.0508,59989
2024-04-02,48.95,49.1,48.2,48.35,37.546,86042
2024-04-03,48.65,48.75,48.25,48.5,37.6625,68203
2024-04-04,48.6,48.6,48.2,48.25,37.4684,35628
2024-04-05,48.35,48.4,48.0,48.05,37.3131,36672
2024-04-08,48.1,48.4,48.0,48.2,37.4296,32800
2024-04-09,48.2,48.75,48.2,48.75,37.8567,39065
2024-04-10,48.6,48.6,48.0,48.3,37.5072,35547
2024-04-11,48.5,48.65,47.8,47.8,37.1189,31733
2024-04-12,47.95,48.3,47.55,47.7,37.0413,16842
2024-04-15,47.7,48.15,47.55,47.9,37.1966,24219
2024-04-16,47.7,47.8,47.45,47.45,36.8471,51855
2024-04-17,47.6,47.8,47.5,47.7,37.0413,12080
2024-04-18,47.75,48.3,47.75,48.05,37.3131,10918
2024-04-19,47.95,48.45,47.55,48.45,37.6237,17718
2024-04-22,48.45,48.45,47.65,48.25,37.4684,57105
2024-04-23,47.85,48.3,47.8,47.9,37.1966,9353
2024-04-24,48.0,48.35,47.7,48.3,37.5072,36540
2024-04-25,48.35,48.6,47.85,48.6,37.7402,38055
2024-04-26,48.65,49.0,48.55,49.0,38.0508,36527
2024-04-29,49.0,49.3,48.8,48.8,37.8955,18252
2024-04-30,48.9,49.3,48.85,49.2,38.2061,33628
2024-05-02,49.2,49.25,48.35,49.15,38.1673,56365
2024-05-07,49.1,49.25,48.6,48.75,37.8567,20980
2024-05-08,48.85,49.1,48.5,48.5,37.6625,19636
2024-05-09,48.65,48.7,48.0,48.6,37.7402,62592
2024-05-10,48.6,48.8,48.1,48.8,37.8955,24130
2024-05-13,48.55,48.55,48.1,48.4,37.5849,33299
2024-05-14,47.85,48.35,47.85,48.0,37.2742,51222
2024-05-15,47.9,48.15,47.75,48.0,37.2742,30336
2024-05-16,47.8,48.4,47.8,48.15,37.3907,22375
2024-05-17,48.45,48.8,48.4,48.5,37.6625,23954
2024-05-20,48.8,48.9,48.6,48.6,37.7402,42451
2024-05-21,48.8,48.95,48.4,48.55,37.7013,37712
2024-05-22,48.55,48.9,48.5,48.85,37.9343,104909
2024-05-23,48.85,48.9,48.5,48.8,37.8955,25516
2024-05-24,48.85,49.15,48.45,49.15,38.1673,59482
2024-05-27,49.15,49.35,48.8,49.2,38.2061,50101
2024-05-28,49.25,49.6,49.15,49.6,38.5167,54840
2024-05-29,49.6,49.75,48.85,49.1,38.1284,81995
2024-05-30,47.0,47.0,46.4,46.45,39.024,111186
2024-05-31,46.6,46.65,45.55,46.2,38.814,61812
2024-06-03,46.0,46.0,45.5,45.9,38.562,32662
2024-06-04,45.6,46.3,45.5,46.2,38.814,25454
2024-06-05,46.2,46.7,45.7,46.0,38.646,83751
2024-06-06,45.95,46.0,45.3,45.8,38.4779,56270
2024-06-07,45.6,45.9,45.15,45.9,38.562,28276
2024-06-10,45.9,45.9,45.25,45.3,38.0579,28916
2024-06-11,45.4,45.5,45.05,45.25,38.0159,31699
2024-06-12,45.3,45.3,45.0,45.05,37.8479,34248
2024-06-13,45.2,45.2,44.8,45.05,37.8479,65062
2024-06-14,45.0,45.2,44.5,45.0,37.8058,113643
2024-06-17,45.1,45.15,44.9,45.1,37.8899,43340
2024-06-18,45.1,45.5,45.1,45.4,38.1419,25648
2024-06-19,45.5,45.5,44.2,44.45,37.3438,174345
2024-06-20,44.45,45.05,44.45,45.05,37.8479,26951
2024-06-21,45.05,45.95,45.05,45.95,38.604,49575
2024-06-25,46.0,46.0,45.7,46.0,38.646,22688
2024-06-26,46.0,46.0,45.55,45.95,38.604,24997
2024-06-27,45.95,46.0,45.2,45.9,38.562,40805
2024-06-28,45.5,46.0,45.35,45.7,38.3939,25323
2024-07-01,45.85,46.0,45.2,45.3,38.0579,29894
2024-07-02,45.4,45.4,44.9,45.4,38.1419,59910
2024-07-03,45.4,45.55,45.1,45.1,37.8899,32423
2024-07-04,45.1,45.5,45.05,45.35,38.0999,45805
2024-07-05,45.45,45.55,45.05,45.35,38.0999,31595
2024-07-08,45.4,45.6,45.3,45.5,38.2259,23560
2024-07-09,45.5,45.5,45.3,45.4,38.1419,11429
2024-07-10,45.4,45.4,45.25,45.4,38.1419,21158
2024-07-11,45.45,45.45,45.3,45.4,38.1419,20076
2024-07-12,45.3,46.05,45.3,46.05,38.688,34203
2024-07-15,46.05,46.4,46.0,46.4,38.982,45002
2024-07-16,46.45,47.05,46.45,47.05,39.5281,42663
2024-07-17,47.05,47.1,46.9,47.1,39.5701,18579
2024-07-18,47.1,47.5,46.85,47.5,39.9062,24203
2024-07-19,47.6,47.6,47.2,47.55,39.9482,11353
2024-07-22,47.3,47.5,47.25,47.35,39.7802,18642
2024-07-23,47.5,47.65,47.25,47.5,39.9062,24250
2024-07-24,47.3,47.65,47.2,47.5,39.9062,10725
2024-07-25,47.4,47.45,46.85,46.95,39.4441,16558
2024-07-26,46.95,46.95,46.35,46.7,39.2341,14005
2024-07-29,46.7,47.0,46.5,46.5,39.066,8079
2024-07-30,46.85,46.95,46.5,46.7,39.2341,5422
2024-07-31,46.8,46.95,46.6,46.95,39.4441,6414
2024-08-01,46.95,46.95,46.3,46.3,38.898,6462
2024-08-02,46.8,46.9,46.35,46.6,39.1501,8437
2024-08-05,46.3,46.3,44.4,45.05,37.8479,93681
2024-08-06,45.0,46.0,45.0,45.3,38.0579,31857
2024-08-07,45.3,46.0,45.3,46.0,38.646,15957
2024-08-08,46.3,46.45,45.35,45.45,38.1839,18957
2024-08-09,45.45,46.45,45.4,46.25,38.856,46240
2024-08-12,46.4,46.9,46.2,46.9,39.4021,7888
2024-08-13,46.9,48.0,46.35,47.0,39.4861,39872
2024-08-14,46.9,46.9,45.65,46.0,38.646,17568
2024-08-16,46.2,46.5,45.85,46.1,38.73,7804
2024-08-19,46.4,46.75,46.15,46.15,38.772,11861
2024-08-20,46.35,46.35,45.8,46.0,38.646,14344
2024-08-21,46.0,46.0,45.35,45.45,38.1839,27130
2024-08-22,45.55,45.55,45.3,45.45,38.1839,15515
2024-08-23,45.5,45.5,44.8,45.0,37.8058,52301
2024-08-26,45.0,45.0,44.6,44.95,37.7638,22828
2024-08-27,45.0,45.0,44.6,44.85,37.6798,12578
2024-08-28,44.9,44.9,44.35,44.5,37.3858,38572
2024-08-29,44.45,44.7,44.35,44.5,37.3858,10739
2024-08-30,44.35,44.5,44.35,44.5,37.3858,11663
2024-09-02,44.5,44.5,43.5,44.1,37.0497,71580
2024-09-03,44.1,44.7,44.1,44.65,37.5118,14941
2024-09-04,44.65,44.65,43.85,43.85,36.8397,12119
2024-09-05,44.0,44.3,42.5,43.45,36.5036,76176
2024-09-06,43.45,43.75,42.05,42.6,35.7895,54565
2024-09-09,42.5,43.2,41.8,42.1,35.3695,67566
2024-09-10,42.1,42.9,42.1,42.6,35.7895,52260
2024-09-11,42.6,42.8,42.4,42.6,35.7895,60449
2024-09-12,42.6,42.85,42.4,42.8,35.9576,8310
2024-09-13,42.8,42.85,42.0,42.1,35.3695,23499
2024-09-16,42.0,42.3,41.9,42.0,35.2855,14499
2024-09-17,42.0,42.3,41.3,41.3,34.6974,40222
2024-09-18,41.6,41.9,41.0,41.6,34.9494,22234
2024-09-19,41.7,43.0,41.6,43.0,36.1256,117596
2024-09-20,43.1,43.5,42.35,42.35,35.5795,20796
2024-09-23,43.0,43.25,42.0,42.45,35.6635,20032
2024-09-24,42.45,43.25,42.45,42.9,36.0416,32734
2024-09-25,43.0,43.4,42.95,43.4,36.4616,20395
2024-09-26,43.4,43.4,41.4,42.3,35.5375,73029
2024-09-27,42.6,42.85,42.3,42.8,35.9576,24963
2024-09-30,42.8,42.85,42.2,42.25,35.4955,16811
2024-10-01,42.25,42.45,42.0,42.35,35.5795,12028
2024-10-02,42.35,42.35,41.95,42.1,35.3695,9566
2024-10-03,42.1,42.2,41.8,42.0,35.2855,16114
2024-10-04,42.3,42.3,41.0,41.5,34.8654,68782
2024-10-07,41.5,43.25,41.5,43.25,36.3356,22686
2024-10-08,43.2,43.2,41.9,42.7,35.8735,15999
2024-10-09,42.7,43.0,42.1,43.0,36.1256,12348
2024-10-10,43.0,43.0,42.4,42.9,36.0416,8619
2024-10-11,42.85,43.0,42.6,43.0,36.1256,16465
2024-10-14,43.0,43.1,42.8,43.0,36.1256,6322
2024-10-15,43.0,43.15,42.75,43.15,36.2516,7810
2024-10-16,43.15,43.15,42.8,43.1,36.2096,8238
2024-10-17,43.1,43.15,42.8,43.0,36.1256,4951
2024-10-18,43.15,43.15,42.9,43.1,36.2096,4264
2024-10-21,42.9,43.1,42.55,43.1,36.2096,21511
2024-10-22,43.1,43.15,42.6,43.1,36.2096,10537
2024-10-23,43.05,43.05,42.3,42.35,35.5795,23236
2024-10-24,42.6,43.0,42.6,42.85,35.9996,5145
2024-10-25,43.0,43.1,42.8,42.85,35.9996,8236
2024-10-28,43.0,43.1,42.8,43.0,36.1256,11652
2024-10-29,43.0,43.25,42.85,42.85,35.9996,16761
2024-10-30,43.15,43.5,42.85,42.9,36.0416,8659
2024-10-31,43.1,43.45,42.8,43.1,36.2096,7636
2024-11-01,43.1,43.45,42.75,43.0,36.1256,13815
2024-11-04,43.3,43.4,42.75,42.75,35.9156,18913
2024-11-05,43.3,43.5,43.2,43.5,36.5457,12506
2024-11-06,43.35,43.7,43.15,43.6,36.6297,17270
2024-11-07,43.55,43.95,43.0,43.7,36.7137,22276
2024-11-08,43.75,43.95,43.5,43.9,36.8817,12852
2024-11-11,43.9,44.0,43.5,44.0,36.9657,45158
2024-11-12,44.0,44.05,43.75,44.05,37.0077,15850
2024-11-13,44.05,44.75,44.0,44.65,37.5118,19659
2024-11-14,44.4,44.5,43.5,44.0,36.9657,37718
2024-11-15,43.4,43.75,42.9,43.0,36.1256,17779
2024-11-18,43.4,43.55,42.5,42.6,35.7895,22953
2024-11-19,42.5,42.65,42.45,42.55,35.7475,13107
2024-11-20,42.5,42.65,42.2,42.3,35.5375,6218
2024-11-21,42.3,42.7,42.2,42.4,35.6215,4204
2024-11-22,42.45,42.45,42.0,42.15,35.4115,9995
2024-11-25,42.0,42.1,41.25,41.5,34.8654,27041
2024-11-26,41.5,41.8,40.9,41.7,35.0334,41790
2024-11-27,41.7,42.0,41.2,41.6,34.9494,16798
2024-11-28,41.6,42.0,40.8,41.45,34.8234,21705
2024-11-29,41.0,41.45,40.1,40.1,33.6892,41699
2024-12-02,40.7,41.5,39.9,39.9,33.5212,48804
2024-12-03,40.0,40.55,38.25,38.95,32.7231,57234
2024-12-04,38.9,40.0,36.95,39.5,33.1851,105610
2024-12-05,39.5,39.6,38.5,38.5,32.345,95145
2024-12-06,38.8,41.5,38.4,40.7,34.1933,126190
2024-12-09,41.5,42.45,40.9,41.85,35.1594,27948
2024-12-10,41.6,42.5,41.6,42.5,35.7055,14874
2024-12-11,42.55,43.0,42.3,43.0,36.1256,30052
2024-12-12,43.0,43.05,42.25,42.95,36.0836,21034
2024-12-13,42.95,43.1,42.7,43.1,36.2096,10733
2024-12-16,43.1,43.3,42.5,43.2,36.2936,8243
2024-12-17,43.2,43.2,42.25,42.25,35.4955,11238
2024-12-18,42.25,42.25,41.5,41.55,34.9074,25278
2024-12-19,41.5,41.5,40.0,40.6,34.1093,34742
2024-12-20,40.05,41.55,40.05,41.35,34.7394,25394
2024-12-23,41.35,41.4,40.65,41.2,34.6134,28021
2024-12-27,41.4,41.8,41.2,41.7,35.0334,9639
2024-12-30,41.7,41.7,41.0,41.55,34.9074,25735
2025-01-03,41.55,42.0,41.15,41.4,34.7814,12247
2025-01-08,41.4,41.4,40.85,41.0,34.4453,16258
2025-01-09,41.0,41.05,40.75,41.0,34.4453,21758
2025-01-10,41.05,41.05,40.7,40.75,34.2353,13003
2025-01-13,40.75,40.9,40.5,40.55,34.0673,12063
2025-01-14,40.5,41.4,40.4,41.4,34.7814,42227
2025-01-15,41.4,41.45,40.7,41.35,34.7394,4037
2025-01-16,41.35,41.35,40.45,40.65,34.1513,21033
2025-01-17,40.85,40.95,40.45,40.55,34.0673,22240
2025-01-20,40.65,40.9,40.55,40.6,34.1093,8086
2025-01-21,40.6,41.3,40.15,40.3,33.8572,24282
2025-01-22,40.4,41.1,40.4,40.75,34.2353,10673
2025-01-23,40.7,42.1,40.35,41.5,34.8654,22550
2025-01-27,41.4,41.4,40.4,40.5,34.0253,24633
2025-01-28,40.55,41.1,40.3,41.0,34.4453,26717
2025-01-29,40.55,41.5,40.55,41.5,34.8654,21814
2025-01-30,41.5,41.5,40.4,40.75,34.2353,22946
2025-01-31,40.75,41.0,40.55,40.8,34.2773,23787
2025-02-03,40.9,41.2,40.75,40.8,34.2773,13327
2025-02-04,40.6,40.8,40.6,40.75,34.2353,4432
2025-02-05,40.75,40.95,40.55,40.8,34.2773,8837
2025-02-06,40.9,41.25,40.8,41.2,34.6134,21585
2025-02-07,41.2,41.5,40.8,40.8,34.2773,11488
2025-02-10,40.85,41.0,40.8,41.0,34.4453,7607
2025-02-11,41.0,41.2,40.75,40.9,34.3613,6978
2025-02-12,40.8,41.0,40.6,40.9,34.3613,22216
2025-02-13,40.8,41.3,40.7,41.25,34.6554,60594
2025-02-14,41.35,41.8,41.35,41.75,35.0754,10172
2025-02-17,41.75,41.75,41.25,41.3,34.6974,8038
2025-02-18,41.5,42.0,41.3,42.0,35.2855,15067
2025-02-19,42.0,43.85,42.0,43.8,36.7977,60510
2025-02-20,43.8,43.8,42.9,43.05,36.1676,26410
2025-02-21,43.5,43.55,42.2,42.5,35.7055,21453
2025-02-24,42.5,42.65,42.15,42.45,35.6635,4889
2025-02-25,42.45,42.7,42.1,42.65,35.8315,13317
2025-02-26,42.65,42.7,41.9,41.95,35.2434,16743
2025-02-27,41.95,42.4,41.6,41.9,35.2014,16427
2025-02-28,41.85,41.9,41.3,41.9,35.2014,19539
2025-03-03,41.8,41.9,41.0,41.45,34.8234,14304
2025-03-04,41.1,41.3,40.35,40.35,33.8992,25968
2025-03-05,40.55,41.1,40.45,40.95,34.4033,9526
2025-03-06,40.95,41.15,40.4,40.8,34.2773,21907
2025-03-07,40.6,41.1,40.6,41.1,34.5293,7612
2025-03-10,41.1,41.25,40.85,41.1,34.5293,12489
2025-03-11,41.1,41.5,40.6,41.5,34.8654,8542
2025-03-12,41.2,41.9,40.8,41.7,35.0334,22169
2025-03-13,41.75,41.8,40.35,40.75,34.2353,21690
2025-03-14,40.75,40.95,40.2,40.2,33.7732,70590
2025-03-17,40.35,40.7,40.2,40.45,33.9833,7993
2025-03-18,40.45,40.65,40.0,40.25,33.8152,48888
2025-03-19,40.6,40.6,40.0,40.0,33.6052,31845
2025-03-20,40.35,40.55,40.3,40.4,33.9412,16175
2025-03-21,40.3,40.5,38.6,38.6,32.429,108024
2025-03-24,40.05,40.1,39.5,40.05,33.6472,22034
2025-03-25,40.1,40.1,39.6,39.7,33.3532,11599
2025-03-26,39.6,39.95,39.1,39.6,33.2691,33596
2025-03-27,39.5,39.9,39.15,39.7,33.3532,22121
2025-03-28,39.7,40.4,39.7,40.4,33.9412,19152
2025-03-31,39.8,40.25,39.65,39.65,33.3112,67039
2025-04-01,39.65,40.15,39.6,40.0,33.6052,31526
2025-04-02,40.1,40.15,39.8,40.1,33.6892,5618
2025-04-03,40.0,40.4,39.6,40.0,33.6052,22514
2025-04-04,39.7,39.7,39.0,39.0,32.7651,22930
2025-04-07,38.85,38.95,37.25,38.5,32.345,52945
2025-04-08,38.95,40.5,38.95,40.3,33.8572,42452
2025-04-09,40.2,40.2,38.9,38.9,32.6811,28524
2025-04-10,40.6,40.6,39.3,39.35,33.0591,26110
2025-04-11,39.5,39.75,39.1,39.2,32.9331,7876
2025-04-14,39.65,39.75,39.5,39.6,33.2691,5796
2025-04-15,39.6,39.85,39.6,39.85,33.4792,3746
2025-04-16,39.85,40.0,39.75,39.9,33.5212,3862
2025-04-17,40.0,40.25,39.25,39.95,33.5632,23391
2025-04-22,40.2,40.4,40.0,40.15,33.7312,5528
2025-04-23,40.15,40.7,40.15,40.7,34.1933,25709
2025-04-24,40.7,41.4,40.65,41.35,34.7394,22217
2025-04-25,41.3,41.55,41.0,41.3,34.6974,21501
2025-04-28,41.3,41.35,40.9,41.3,34.6974,8178
2025-04-29,41.3,41.3,40.55,40.55,34.0673,20179
2025-04-30,40.9,40.95,40.25,40.3,33.8572,14512
2025-05-02,40.5,40.8,40.0,40.0,33.6052,11516
2025-05-05,39.95,40.0,38.75,39.1,32.8491,100734
2025-05-06,38.9,39.15,38.35,38.5,32.345,32243
2025-05-07,38.5,39.8,38.5,39.0,32.7651,73266
2025-05-08,39.0,39.4,38.55,38.55,32.387,50817
2025-05-09,38.5,39.2,38.5,38.6,32.429,22911
2025-05-12,39.1,39.2,38.55,39.05,32.8071,27656
2025-05-13,39.05,39.75,39.05,39.55,33.2271,23101
2025-05-14,39.6,39.7,38.8,39.2,32.9331,31255
2025-05-15,39.2,39.5,38.55,38.7,32.513,36019
2025-05-16,38.75,40.0,38.75,40.0,33.6052,60267
2025-05-19,40.85,41.9,40.85,41.85,35.1594,46753
2025-05-20,41.85,42.7,41.25,42.5,35.7055,40711
2025-05-21,42.5,42.9,40.45,40.45,33.9833,43217
2025-05-22,41.8,42.0,40.8,41.7,35.0334,26971
2025-05-23,41.7,42.35,41.5,41.95,35.2434,26109
2025-05-26,41.95,43.3,41.95,43.25,36.3356,49637
2025-05-27,43.35,43.4,42.9,43.15,36.2516,17892
2025-05-28,43.45,43.6,43.2,43.55,36.5877,22307
2025-05-29,43.6,43.75,43.2,43.55,36.5877,21215
2025-05-30,43.55,44.0,43.0,44.0,36.9657,129689
2025-06-02,41.95,42.05,40.8,41.9,37.505,60320
2025-06-03,42.0,42.45,41.95,42.2,37.7735,40872
2025-06-04,42.25,42.45,42.0,42.1,37.684,31145
2025-06-05,42.15,42.45,42.0,42.2,37.7735,22542
2025-06-06,42.2,42.25,41.85,42.15,37.7287,36433
2025-06-10,42.15,42.15,41.3,41.35,37.0126,22508
2025-06-11,41.4,41.65,40.9,41.4,37.0574,32158
2025-06-12,41.6,41.8,41.0,41.1,36.7889,8359
2025-06-13,41.2,41.4,41.2,41.3,36.9679,13487
2025-06-16,41.3,41.4,40.8,41.0,36.6994,14548
2025-06-17,41.0,41.0,40.8,41.0,36.6994,70687
2025-06-18,41.0,41.4,40.95,41.15,36.8336,3976
2025-06-19,41.15,41.25,40.95,41.15,36.8336,15060
2025-06-20,41.2,41.5,41.1,41.1,36.7889,23594
2025-06-23,41.1,41.3,40.7,40.9,36.6098,12781
2025-06-24,40.95,41.3,40.8,41.0,36.6994,14567
2025-06-25,41.0,41.3,40.9,41.0,36.6994,108359
2025-06-26,41.0,41.2,40.75,41.05,36.7441,12197
2025-06-27,41.0,41.15,40.65,41.1,36.7889,21739
2025-06-30,41.15,41.5,40.9,41.4,37.0574,27743
2025-07-01,41.5,41.75,41.4,41.7,37.3259,14168
2025-07-02,41.7,41.85,41.55,41.7,37.3259,80922
2025-07-03,41.6,42.55,41.55,42.5,38.042,76893
2025-07-04,42.5,42.5,42.05,42.5,38.042,10590
2025-07-07,42.15,42.8,41.7,42.8,38.3106,17467
2025-07-08,42.8,42.9,42.0,42.8,38.3106,22882
2025-07-09,42.8,42.9,42.5,42.7,38.221,7974
2025-07-10,42.7,43.3,42.5,43.3,38.7581,63224
2025-07-11,43.0,43.45,42.9,43.1,38.5791,7283
2025-07-14,43.1,43.4,42.95,43.35,38.8029,14854
2025-07-15,43.35,43.8,43.1,43.8,39.2057,23728
2025-07-16,43.8,44.85,43.8,44.5,39.8322,89206
2025-07-17,44.5,44.95,44.5,44.95,40.235,23897
2025-07-18,45.0,45.0,44.1,44.8,40.1008,36086
2025-07-21,44.8,44.95,43.8,44.75,40.056,48092
2025-07-22,44.6,44.6,43.6,44.1,39.4742,69726
2025-07-23,44.2,44.4,43.7,44.3,39.6532,9055
2025-07-24,44.2,44.8,43.9,44.45,39.7875,22124
2025-07-25,44.8,46.0,44.45,45.95,41.1301,104662
2025-07-28,45.95,46.1,45.6,45.95,41.1301,20022
2025-07-29,45.85,46.0,45.5,45.85,41.0406,23501
2025-07-30,45.8,45.95,45.35,45.65,40.8616,18155
2025-07-31,45.65,46.0,45.65,45.95,41.1301,26962
2025-08-01,45.95,45.95,45.5,45.7,40.9064,13311
2025-08-04,45.7,45.9,45.3,45.5,40.7273,24864
2025-08-05,45.5,46.1,45.4,46.1,41.2644,49578
2025-08-06,46.1,46.95,45.75,46.95,42.0252,42475
2025-08-07,46.9,47.35,46.6,47.1,42.1595,57636
2025-08-08,47.0,48.0,46.75,48.0,42.9651,50798
2025-08-11,48.0,48.0,47.2,47.6,42.6071,26215
2025-08-12,47.65,47.65,46.6,46.6,41.712,36864
2025-08-13,47.0,48.05,46.8,47.6,42.6071,75577
2025-08-14,47.95,48.0,46.5,47.1,42.1595,60551
2025-08-18,47.2,47.4,46.1,47.0,42.07,23596
2025-08-19,47.1,47.1,46.5,46.5,41.6224,18702
2025-08-20,46.8,47.0,46.55,46.55,41.6672,10354
2025-08-21,47.0,47.0,46.2,46.25,41.3987,8244
2025-08-22,46.15,46.6,46.15,46.4,41.5329,9268
2025-08-25,46.4,46.9,46.3,46.9,41.9805,25510
2025-08-26,46.9,47.0,46.4,46.4,41.5329,33273
2025-08-27,47.0,47.0,46.25,46.55,41.6672,3008
2025-08-28,46.55,46.8,46.45,46.65,41.7567,3491
2025-08-29,46.65,46.65,46.2,46.2,41.3539,6629
2025-09-01,46.3,46.6,46.0,46.3,41.4434,9293
2025-09-02,46.05,46.3,46.05,46.15,41.3092,15270
2025-09-03,46.25,46.45,46.05,46.4,41.5329,8355
2025-09-04,46.4,46.65,46.1,46.1,41.2644,29876
2025-09-05,46.5,46.5,46.1,46.5,41.6224,15139
2025-09-08,46.5,46.7,46.1,46.3,41.4434,40321
2025-09-09,46.5,46.65,46.2,46.5,41.6224,42158
2025-09-10,46.65,46.7,46.2,46.7,41.8015,13876
2025-09-11,46.6,46.85,46.2,46.85,41.9357,25110
2025-09-12,46.6,46.7,46.25,46.6,41.712,23592
2025-09-15,46.6,46.7,46.2,46.5,41.6224,11286
2025-09-16,46.15,46.45,46.1,46.2,41.3539,9806
2025-09-17,46.4,46.45,46.2,46.45,41.5777,14560
2025-09-18,46.2,46.5,46.15,46.15,41.3092,5433
2025-09-19,46.35,46.4,45.0,45.0,40.2798,15038
2025-09-22,45.3,46.2,45.3,45.3,40.5483,7399
2025-09-23,45.2,45.3,44.75,44.85,40.1455,18984
2025-09-24,44.8,45.25,44.5,45.0,40.2798,12648
2025-09-25,45.1,45.7,45.0,45.6,40.8168,56684
2025-09-26,45.6,45.9,45.6,45.8,40.9959,9565
2025-09-29,45.8,45.85,45.25,45.25,40.5036,11466
2025-09-30,45.3,45.85,45.3,45.5,40.7273,7708
2025-10-01,45.5,45.5,45.05,45.4,40.6378,7739
2025-10-02,45.4,47.45,45.05,47.3,42.3385,105357
2025-10-03,47.5,47.5,47.0,47.3,42.3385,25937
2025-10-06,47.25,47.5,47.0,47.5,42.5175,22258
2025-10-07,47.3,47.4,47.0,47.4,42.428,13559
2025-10-08,47.3,47.5,47.05,47.5,42.5175,39722
2025-10-09,47.2,47.5,47.2,47.5,42.5175,32784
2025-10-10,47.5,47.55,47.2,47.3,42.3385,8446
2025-10-13,47.3,47.3,46.5,47.1,42.1595,42802
2025-10-14,47.05,47.05,46.7,46.95,42.0252,5648
2025-10-15,46.9,47.8,46.9,47.8,42.7861,65786
2025-10-16,47.8,47.85,47.6,47.6,42.6071,32255
2025-10-17,47.8,47.8,47.2,47.6,42.6071,8212
2025-10-20,47.6,47.7,47.1,47.1,42.1595,29188
2025-10-21,47.1,47.6,46.35,47.2,42.249,22856
2025-10-22,47.2,47.55,46.75,47.45,42.4728,22402
2025-10-23,47.5,47.8,47.2,47.7,42.6966,26292
2025-10-24,47.8,47.85,47.25,47.65,42.6518,14350
2025-10-27,47.65,47.65,46.7,47.5,42.5175,31370
2025-10-28,47.3,48.0,47.05,48.0,42.9651,49545
2025-10-29,48.0,48.05,47.5,47.75,42.7413,41192
2025-10-30,47.5,47.8,47.3,47.6,42.6071,6178
2025-10-31,47.75,47.75,47.5,47.6,42.6071,10436
2025-11-03,47.65,47.7,47.3,47.45,42.4728,22265
2025-11-04,47.45,47.6,46.5,46.5,41.6224,57979
2025-11-05,47.1,47.2,46.65,47.0,42.07,5969
2025-11-06,46.9,48.0,46.55,47.95,42.9203,43081
2025-11-07,47.8,47.95,47.4,47.4,42.428,10188
2025-11-10,47.7,47.9,47.5,47.7,42.6966,8345
2025-11-11,47.55,48.3,47.55,48.1,43.0546,30328
2025-11-12,48.2,49.1,48.2,48.65,43.5469,39211
2025-11-13,48.65,49.1,48.65,48.9,43.7707,16495
2025-11-14,49.7,51.5,49.5,50.9,45.5609,115193
2025-11-17,51.0,51.8,50.2,50.4,45.1134,66563
2025-11-18,50.9,51.2,49.95,50.0,44.7553,98442
2025-11-19,50.1,50.5,49.0,49.2,44.0392,63954
2025-11-20,49.2,49.45,48.6,48.75,43.6364,16433
2025-11-21,48.8,48.9,47.1,47.4,42.428,64923
2025-11-24,47.4,48.8,47.4,48.0,42.9651,49634
2025-11-25,48.1,49.95,48.0,49.65,44.442,98631
2025-11-26,49.65,50.3,49.65,49.9,44.6658,49973
2025-11-27,50.1,50.9,49.9,50.3,45.0238,36962
2025-11-28,50.5,51.0,50.0,51.0,45.6504,35824
2025-12-02,51.0,51.4,50.1,51.4,46.0085,50322
2025-12-03,51.4,52.0,50.7,52.0,46.5455,109400
2025-12-04,51.9,52.5,51.4,52.5,46.9931,58802
2025-12-05,51.9,52.7,51.8,52.5,46.9931,22142
2025-12-08,52.5,52.9,51.4,52.9,47.3511,44557
2025-12-09,52.9,53.8,52.1,53.8,48.1567,93757
2025-12-10,54.0,55.0,53.8,55.0,49.2308,101848
2025-12-11,55.0,55.1,54.3,55.1,49.3204,55899
2025-12-12,55.1,55.1,54.5,54.5,48.7833,22181
2025-12-15,54.5,54.7,53.0,54.1,48.4253,49325
2025-12-16,54.3,54.9,53.8,54.7,48.9623,26952
2025-12-17,54.7,54.9,54.4,54.6,48.8728,11662
2025-12-18,54.6,54.9,54.1,54.2,48.5148,36985
2025-12-19,54.4,54.5,53.4,54.0,48.3357,24184
2025-12-22,54.0,54.9,53.5,54.9,49.1413,79160
2025-12-23,55.0,55.9,54.4,55.9,50.0364,154984
2025-12-29,55.1,56.0,54.8,55.3,49.4994,82958
2025-12-30,55.4,55.7,54.9,54.9,49.1413,32653
2026-01-05,55.3,57.2,55.3,57.2,51.2001,35066
2026-01-08,57.2,61.0,57.2,58.9,52.7218,110593
2026-01-09,59.4,61.8,59.4,61.7,55.2281,59734
2026-01-12,61.5,67.0,61.5,65.4,58.54,111294
2026-01-13,66.4,68.0,63.9,63.9,57.1973,135137
2026-01-14,65.0,66.0,64.0,66.0,59.077,39632
2026-01-15,66.0,67.0,66.0,66.4,59.4351,29950
2026-01-16,66.6,68.0,66.4,67.9,60.7777,56771
2026-01-19,67.9,68.0,66.4,66.7,59.7036,36738
2026-01-20,66.6,66.6,63.2,63.2,56.5707,60789
2026-01-21,64.0,64.6,63.0,63.8,57.1078,41848
2026-01-22,64.5,66.4,64.5,65.4,58.54,37436
2026-01-23,66.4,68.0,66.0,68.0,60.8672,18304
2026-01-26,68.0,69.9,68.0,69.9,62.5679,31304
2026-01-27,70.0,74.3,70.0,73.3,65.6113,139922
2026-01-28,73.8,76.0,73.8,76.0,68.0281,64067
2026-01-29,76.2,78.5,73.0,73.0,65.3428,107815
2026-01-30,73.0,74.0,71.6,72.2,64.6267,46586
2026-02-02,71.9,71.9,68.0,71.0,63.5525,91457
2026-02-03,71.5,73.0,71.5,72.6,64.9847,54186
2026-02-04,73.2,73.2,71.0,71.1,63.6421,45475
2026-02-05,71.1,71.7,68.4,68.6,61.4043,57378
2026-02-06,68.6,69.2,66.0,69.0,61.7623,78398
2026-02-09,69.2,70.0,66.8,67.8,60.6882,75189
2026-02-10,67.8,69.0,67.8,68.0,60.8672,47154
2026-02-11,68.3,69.0,67.3,68.7,61.4938,43635
2026-02-12,68.7,69.0,68.1,68.4,61.2253,120231
2026-02-13,68.5,68.8,67.5,67.5,60.4197,56446
2026-02-16,68.0,68.9,67.8,68.0,60.8672,57759
2026-02-17,68.9,69.2,67.9,68.1,60.9567,168838
2026-02-18,68.1,68.8,68.0,68.5,61.3148,41648
2026-02-19,68.5,69.4,68.5,68.5,61.3148,58129
2026-02-20,69.0,69.2,68.0,68.3,61.1358,101357
2026-02-23,68.4,69.0,68.0,68.4,61.2253,121227
2026-02-24,68.6,68.9,67.9,67.9,60.7777,46362
2026-02-25,68.1,68.6,68.1,68.3,61.1358,25079
2026-02-26,68.4,68.6,67.8,68.4,61.2253,28825
2026-02-27,68.4,68.6,67.3,67.3,60.2407,64593
2026-03-02,67.2,67.2,65.4,66.0,59.077,52924
2026-03-03,66.0,66.5,63.0,63.0,56.3917,74156
2026-03-04,63.6,66.0,63.4,64.3,57.5553,46423
2026-03-05,64.3,67.4,64.3,66.0,59.077,58557
2026-03-06,66.8,66.8,65.2,65.3,58.4504,16149
2026-03-09,65.4,65.4,63.4,64.5,57.7344,35725
2026-03-10,66.0,66.5,64.8,65.8,58.898,26055
2026-03-11,66.0,67.8,66.0,67.4,60.3302,39924
2026-03-12,67.6,67.9,67.3,67.4,60.3302,22449
2026-03-13,67.6,67.9,67.0,67.2,60.1511,11001
2026-03-16,67.0,67.5,66.3,67.5,60.4197,26206
2026-03-17,67.2,67.6,66.5,66.5,59.5246,14970
2026-03-18,66.6,67.2,66.4,66.4,59.4351,22750
2026-03-19,66.4,66.7,66.0,66.2,59.256,8480
2026-03-20,66.5,67.0,66.4,66.4,59.4351,8648
2026-03-23,66.9,67.2,66.1,66.8,59.7931,45512
2026-03-24,67.0,67.2,66.2,66.4,59.4351,22229
2026-03-25,67.0,67.0,66.0,66.0,59.077,28036
2026-03-26,66.9,66.9,66.1,66.5,59.5246,7302
2026-03-27,66.6,67.2,66.2,67.2,60.1511,45699
2026-03-30,66.9,67.0,66.1,66.9,59.8826,123320
2026-03-31,67.0,67.2,66.6,66.8,59.7931,99204
2026-04-01,66.8,67.0,66.7,66.8,59.7931,41686
2026-04-02,67.0,67.2,66.7,66.8,59.7931,10803
2026-04-03,66.8,67.3,66.7,66.8,59.7931,10225
2026-04-06,66.8,67.0,66.7,66.8,59.7931,9197
2026-04-07,66.8,67.2,64.5,65.1,58.2714,2006920
2026-04-08,66.0,67.4,66.0,67.3,60.2407,32669
2026-04-09,67.4,67.9,67.1,67.3,60.2407,17200
2026-04-14,67.7,70.5,67.5,70.4,63.0155,99015
2026-04-15,70.2,73.9,70.2,73.7,65.9693,83004
2026-04-16,73.7,75.5,73.7,75.0,67.133,53602
2026-04-17,75.1,75.3,72.0,73.1,65.4323,91082
2026-04-20,72.8,72.8,70.8,71.7,64.1791,33702
2026-04-21,70.7,70.8,69.0,70.0,62.6574,62498
2026-04-22,70.8,72.8,70.8,71.7,64.1791,28283
2026-04-23,72.2,73.0,72.0,73.0,65.3428,22075
2026-04-24,73.0,75.1,72.6,74.3,66.5064,58790
2026-04-27,74.5,75.2,72.2,73.0,65.3428,69987
2026-04-28,73.0,73.0,71.8,72.5,64.8952,36117
2026-04-29,71.8,72.6,71.8,72.4,64.8057,13105
2026-04-30,71.8,71.8,70.0,70.7,63.284,66254
2026-05-04,70.0,70.0,68.5,69.4,62.1204,41976
2026-05-05,69.0,70.0,67.0,69.9,62.5679,90669
2026-05-06,69.1,71.5,69.1,70.0,62.6574,98425
2026-05-07,70.0,72.3,69.9,70.6,63.1945,40679
2026-05-08,70.6,71.7,69.3,70.0,62.6574,50717
2026-05-11,69.9,70.0,69.2,70.0,62.6574,33241
2026-05-12,70.0,70.0,68.9,69.9,62.5679,33635
2026-05-13,69.1,70.0,69.0,70.0,62.6574,41267
2026-05-14,69.9,69.9,69.6,69.9,62.5679,70543
2026-05-15,70.1,70.1,69.2,69.7,62.3889,38570
2026-05-18,69.7,70.0,69.2,69.5,62.2099,34020
2026-05-19,69.9,70.0,69.2,70.0,62.6574,35660
2026-05-20,70.0,70.0,69.2,69.5,62.2099,69873
2026-05-21,69.4,69.5,69.2,69.5,62.2099,52118
2026-05-22,70.2,70.9,69.3,69.5,62.2099,62835
2026-05-25,69.5,69.6,69.0,69.3,62.0309,44985
2026-05-26,69.3,69.6,69.0,69.2,61.9414,62378
2026-05-27,69.1,69.6,69.1,69.6,62.2994,24475
2026-05-28,69.7,69.7,69.5,69.6,62.2994,31472
2026-05-29,69.6,69.6,68.0,68.0,60.8672,65025
2026-06-02,69.4,70.0,69.2,69.5,62.2099,50541
2026-06-03,69.5,69.8,69.3,69.5,65.9191,38831
2026-06-04,69.8,70.0,67.1,69.3,65.7294,131703
2026-06-05,69.3,69.4,68.9,69.1,65.5397,38248
2026-06-08,69.1,69.4,68.7,69.3,65.7294,48128
2026-06-09,69.3,69.6,69.3,69.5,65.9191,51834
2026-06-10,69.5,69.5,69.2,69.5,65.9191,36044
2026-06-11,69.7,69.9,69.4,69.5,65.9191,34137
2026-06-12,69.9,70.0,69.2,69.5,65.9191,29260
2026-06-15,69.5,70.3,69.5,69.8,66.2036,128038
2026-06-16,70.4,70.8,70.4,70.6,66.9624,76474
2026-06-17,71.0,74.0,70.8,73.3,69.5233,60086
2026-06-18,73.7,75.0,73.7,74.9,71.0408,52390
2026-06-19,75.0,76.7,74.5,75.9,71.9893,194197
2026-06-22,73.2,73.8,71.4,72.7,72.7,96773
2026-06-23,72.7,72.7,70.6,71.0,71.0,58287
2026-06-24,71.0,71.0,69.0,70.4,70.4,89439
2026-06-25,70.4,72.2,70.0,71.9,71.9,71464
2026-06-26,71.8,71.9,70.8,71.9,71.9,25141
2026-06-29,71.8,72.0,70.7,71.7,71.7,12591
2026-06-30,71.7,72.3,71.3,72.2,72.2,36162
2026-07-01,72.0,73.0,71.6,73.0,73.0,27121
2026-07-02,73.0,73.1,72.3,72.6,72.6,56383
2026-07-03,73.1,73.1,72.1,72.7,72.7,35887
2026-07-06,72.8,73.0,71.4,71.7,71.7,47378
2026-07-07,71.8,72.6,70.4,71.0,71.0,51535
2026-07-08,71.4,71.4,70.5,71.0,71.0,14776
2026-07-09,71.0,71.1,70.8,71.0,71.0,23504
2026-07-10,70.3,71.0,70.3,71.0,71.0,58640
2026-07-13,71.0,71.4,70.7,71.0,71.0,55051
2026-07-14,71.0,71.0,70.6,70.6,70.6,47446
2026-07-15,71.0,71.2,70.1,70.9,70.9,25009
2026-07-16,70.5,71.0,70.0,70.7,70.7,40936
2026-07-17,70.9,70.9,70.2,70.4,70.4,31649
2026-07-20,70.4,70.4,69.5,69.6,69.6,44951
2026-07-21,69.9,70.1,69.6,70.0,70.0,68210
2026-07-22,70.0,70.2,69.6,69.9,69.9,33402
2026-07-23,69.9,70.0,69.6,69.9,69.9,38232
2026-07-24,69.9,70.3,69.8,70.0,70.0,26186
2026-07-27,69.8,70.0,69.6,69.7,69.7,37115
2026-07-28,69.6,69.7,67.5,68.0,68.0,120136
2026-07-29,68.0,68.1,67.0,67.1,67.1,56997
2026-07-30,65.9,67.3,63.1,64.7,64.7,164888
2026-07-31,65.6,65.6,64.2,64.6,64.6,48237
2026-08-03,64.8,68.0,64.7,66.6,66.6,71096
2026-08-04,67.0,67.3,64.9,65.2,65.2,144052
2026-08-05,65.9,67.0,65.8,66.7,66.7,44548
2026-08-06,66.8,66.8,65.7,66.5,66.5,32853
2026-08-07,66.5,66.5,65.2,66.3,66.3,60544
2026-08-10,66.3,66.8,66.2,66.5,66.5,44717
2026-08-11,66.5,66.5,65.1,65.5,65.5,60545
2026-08-12,65.6,66.0,65.1,65.9,65.9,16131
2026-08-13,65.9,66.8,64.8,65.4,65.4,82334
2026-08-14,65.4,66.3,65.4,66.0,66.0,17948
2026-08-17,66.0,66.2,65.1,65.1,65.1,20375
2026-08-18,65.7,65.8,64.0,64.4,64.4,74957
2026-08-19,64.4,65.1,64.4,64.6,64.6,44482
2026-08-20,64.8,66.2,64.6,65.0,65.0,60241
2026-08-21,65.0,65.3,64.7,64.9,64.9,28843
2026-08-24,64.9,65.5,64.5,64.5,64.5,41763
2026-08-25,65.2,65.2,63.5,63.6,63.6,76611
2026-08-26,63.6,63.9,63.0,63.1,63.1,46000
2026-08-27,63.1,64.3,63.1,63.1,63.1,26408
2026-08-28,63.1,64.8,63.1,64.8,64.8,44091
2026-08-31,64.8,65.0,63.5,63.5,63.5,42911
2026-09-01,63.5,63.9,63.2,63.5,63.5,18310
2026-09-02,63.7,63.9,62.8,62.8,62.8,31933
2026-09-03,63.1,65.0,63.0,65.0,65.0,35381
2026-09-04,65.0,65.1,63.3,64.3,64.3,33898
2026-09-07,64.3,64.3,64.3,64.3,64.3,28069
2026-09-08,63.2,63.5,62.0,62.0,62.0,43938
2026-09-09,62.1,62.9,61.0,61.5,61.5,45814
2026-09-10,61.5,61.7,59.7,60.4,60.4,42574
2026-09-11,59.7,60.7,58.1,58.8,58.8,50673
2026-09-14,59.4,59.8,58.6,58.6,58.6,28403
2026-09-15,59.5,59.8,58.6,59.8,59.8,22263
2026-09-16,58.8,59.8,58.0,58.0,58.0,37246
2026-09-17,58.0,58.0,58.0,58.0,58.0,84197
2026-09-18,56.8,58.7,55.5,55.5,55.5,52789
