date,open,high,low,close,adjusted_close,volume
2001-09-04,638.5014,657.0087,555.2186,555.2186,134.7482,9388626
2001-09-05,490.4431,536.7114,471.9358,471.9358,114.5359,1517996
2001-09-06,407.1603,413.6379,401.6081,401.6081,97.4678,3403199
2001-09-07,361.8175,397.9067,341.4594,371.0711,90.0567,23861519
2001-09-10,397.9067,426.593,388.653,416.414,101.0611,19959164
2001-09-11,453.4285,471.9358,441.3988,471.9358,114.5359,8711595
2001-09-12,481.1895,536.7114,471.9358,536.7114,130.2566,10371049
2001-09-13,592.2332,610.7405,582.9796,610.7405,148.223,17431836
2001-09-14,619.9941,675.516,527.4577,527.4577,128.0108,14249738
2001-09-17,508.9504,527.4577,462.6822,490.4431,119.0276,5627837
2001-09-18,499.6967,545.965,481.1895,481.1895,116.7818,10286218
2001-09-19,508.9504,518.204,462.6822,471.9358,114.5359,13690607
2001-09-20,462.6822,471.9358,453.4285,462.6822,112.2902,2646633
2001-09-21,455.2793,462.6822,429.3691,430.2944,104.4298,5401115
2001-09-24,430.2944,430.2944,402.5335,412.7125,100.1628,8485414
2001-09-25,429.3691,447.8763,411.7871,422.8915,102.6332,10772837
2001-09-26,433.9959,446.0256,416.414,416.414,101.0611,7644664
2001-09-27,421.0408,434.9213,417.3393,421.0408,102.184,1750553
2001-09-28,421.0408,421.0408,421.0408,421.0408,102.184,0
2001-10-01,416.414,416.414,397.9067,397.9067,96.5695,7898078
2001-10-02,397.9067,400.6828,389.5784,391.4291,94.9975,4855168
2001-10-03,392.3545,397.9067,380.3248,391.4291,94.9975,3140168
2001-10-04,396.9813,396.9813,375.6979,378.474,91.8533,5223780
2001-10-05,377.5487,387.7277,373.8472,375.6979,91.1796,4689287
2001-10-08,375.6979,393.2798,375.6979,389.5784,94.5483,5499455
2001-10-09,393.2798,406.235,374.7726,376.6233,91.4042,17191282
2001-10-10,387.7277,387.7277,377.5487,377.5487,91.6288,8595965
2001-10-11,378.474,382.1755,375.6979,381.2501,92.5271,785852
2001-10-12,384.0262,392.3545,378.474,384.0262,93.2008,1442783
2001-10-15,384.0262,396.0559,378.474,379.3994,92.0779,8671719
2001-10-16,379.3994,379.3994,379.3994,379.3994,92.0779,0
2001-10-17,375.6979,384.0262,374.7726,379.3994,92.0779,1713054
2001-10-18,378.474,385.877,376.6233,384.0262,93.2008,3182746
2001-10-19,384.0262,391.4291,382.1755,390.5038,94.7729,3193768
2001-10-22,388.653,414.5632,388.653,407.1603,98.8153,157705337
2001-10-23,411.7871,461.7568,411.7871,416.414,101.0611,7392655
2001-10-24,419.1901,431.2198,402.5335,414.5632,100.612,2359286
2001-10-25,411.7871,416.414,409.011,411.7871,99.9382,1375890
2001-10-26,411.7871,411.7871,411.7871,411.7871,99.9382,0
2001-10-29,432.1452,446.0256,427.5183,437.6974,106.2265,3669365
2001-10-30,444.1749,444.1749,421.0408,421.9662,102.4086,5735470
2001-10-31,416.414,416.414,407.1603,409.011,99.2645,1869209
2001-11-01,402.5335,409.9364,395.1306,408.0857,99.0399,5479355
2001-11-02,416.414,425.6676,409.9364,415.4886,100.8366,3282382
2001-11-05,409.9364,424.7422,408.0857,421.0408,102.184,2498475
2001-11-06,421.0408,424.7422,412.7125,416.414,101.0611,1519725
2001-11-07,412.7125,420.1154,412.7125,416.414,101.0611,2417858
2001-11-08,416.414,418.2647,412.7125,416.414,101.0611,2956457
2001-11-09,416.414,419.1901,411.7871,414.5632,100.612,10912458
2001-11-12,416.414,417.3393,408.0857,416.414,101.0611,11916495
2001-11-13,413.6379,417.3393,408.0857,415.4886,100.8366,7503422
2001-11-14,415.4886,415.4886,406.235,407.1603,98.8153,1567922
2001-11-15,407.1603,407.1603,402.5335,404.3842,98.1416,1046614
2001-11-16,403.4589,409.011,402.5335,407.1603,98.8153,1601963
2001-11-19,407.1603,407.1603,403.4589,407.1603,98.8153,1767844
2001-11-20,405.3096,407.1603,402.5335,407.1603,98.8153,2235767
2001-11-21,405.3096,411.7871,403.4589,408.0857,99.0399,1579377
2001-11-22,407.1603,410.8618,405.3096,409.9364,99.4891,2817160
2001-11-23,409.9364,409.9364,409.9364,409.9364,99.4891,0
2001-11-26,405.3096,408.0857,394.2052,402.5335,97.6924,7503746
2001-11-27,402.5335,402.5335,402.5335,402.5335,97.6924,0
2001-11-28,391.4291,396.0559,389.5784,395.1306,95.8958,10330309
2001-11-29,392.3545,396.9813,391.4291,392.3545,95.222,1809449
2001-11-30,389.5784,392.3545,384.0262,384.0262,93.2008,3003897
2001-12-03,384.9516,384.9516,371.9965,380.3248,92.3025,2269808
2001-12-04,379.3994,389.5784,379.3994,379.3994,92.0779,2057892
2001-12-05,380.3248,384.0262,378.474,378.474,91.8533,2253598
2001-12-06,377.5487,381.2501,375.6979,381.2501,92.5271,7102499
2001-12-07,375.6979,381.2501,375.6979,379.3994,92.0779,409191894
2001-12-10,380.3248,380.3248,373.8472,379.3994,92.0779,1150573
2001-12-11,376.6233,379.3994,373.8472,373.8472,90.7304,4180947
2001-12-12,374.7726,376.6233,364.5936,365.5189,88.7092,1695332
2001-12-13,364.5936,370.1458,363.6682,370.1458,89.8321,3242074
2001-12-14,369.2204,370.1458,360.8921,363.6682,88.2601,4354176
2001-12-17,364.5936,370.1458,362.7428,368.295,89.383,14231367
2001-12-18,368.295,368.295,368.295,368.295,89.383,0
2001-12-19,368.295,368.295,368.295,368.295,89.383,0
2001-12-20,368.295,368.295,368.295,368.295,89.383,0
2001-12-21,368.295,368.295,368.295,368.295,89.383,0
2001-12-24,368.295,368.295,368.295,368.295,89.383,0
2001-12-25,368.295,368.295,368.295,368.295,89.383,0
2001-12-26,368.295,368.295,368.295,368.295,89.383,0
2001-12-27,368.295,368.295,368.295,368.295,89.383,0
2001-12-28,368.295,368.295,368.295,368.295,89.383,0
2001-12-31,368.295,368.295,368.295,368.295,89.383,0
2002-01-01,368.295,368.295,368.295,368.295,89.383,0
2002-01-02,368.295,368.295,368.295,368.295,89.383,0
2002-01-03,368.295,368.295,368.295,368.295,89.383,0
2002-01-04,368.295,368.295,368.295,368.295,89.383,0
2002-01-07,368.295,368.295,368.295,368.295,89.383,0
2002-01-08,370.1458,383.1009,366.4443,383.1009,92.9763,3412277
2002-01-09,383.1009,410.8618,375.6979,409.011,99.2645,2238577
2002-01-10,407.1603,416.414,396.0559,405.3096,98.3662,2196864
2002-01-11,402.5335,406.235,380.3248,386.8023,93.8746,2110844
2002-01-14,385.877,393.2798,379.3994,387.7277,94.0992,1306188
2002-01-15,384.9516,392.3545,371.0711,371.0711,90.0567,2733733
2002-01-16,371.9965,379.3994,360.8921,364.5936,88.4846,3837191
2002-01-17,362.7428,370.1458,362.7428,364.5936,88.4846,1458236
2002-01-18,364.5936,364.5936,364.5936,364.5936,88.4846,0
2002-01-21,374.7726,379.3994,371.0711,372.9218,90.5058,1724401
2002-01-22,374.7726,388.653,372.9218,384.0262,93.2008,2227879
2002-01-23,381.2501,393.2798,381.2501,388.653,94.3237,5333466
2002-01-24,388.653,399.7574,386.8023,396.9813,96.3449,1628439
2002-01-25,396.9813,402.5335,389.5784,402.5335,97.6924,28757212
2002-01-28,391.4291,408.0857,391.4291,408.0857,99.0399,2245709
2002-01-29,402.5335,411.7871,402.5335,411.7871,99.9382,3160376
2002-01-30,411.7871,420.1154,409.011,420.1154,101.9594,5729634
2002-01-31,417.3393,425.6676,412.7125,425.6676,103.3069,2608161
2002-02-01,425.6676,451.5778,425.6676,444.1749,107.7985,6150334
2002-02-04,445.1003,499.6967,445.1003,499.6967,121.2733,13921867
2002-02-05,518.204,555.2186,448.8017,471.9358,114.5359,16176654
2002-02-06,471.9358,471.9358,436.772,444.1749,107.7985,4212178
2002-02-07,439.5481,462.6822,434.9213,438.6227,106.4511,1723861
2002-02-08,436.772,448.8017,434.9213,446.951,108.4723,1220492
2002-02-11,444.1749,462.6822,444.1749,456.2046,110.7181,2540404
2002-02-12,454.3539,458.0554,437.6974,437.6974,106.2265,1235297
2002-02-13,437.6974,437.6974,426.593,433.9959,105.3282,2672568
2002-02-14,426.593,459.9061,426.593,441.3988,107.1248,3890791
2002-02-15,440.4734,453.4285,440.4734,444.1749,107.7985,3841081
2002-02-18,453.4285,471.9358,453.4285,471.9358,114.5359,4260159
2002-02-19,462.6822,481.1895,460.8315,462.6822,112.2902,2076803
2002-02-20,459.9061,471.9358,453.4285,453.4285,110.0443,2955160
2002-02-21,454.3539,458.0554,453.4285,453.4285,110.0443,1942586
2002-02-22,450.6524,453.4285,445.1003,448.8017,108.9214,1545877
2002-02-25,448.8017,461.7568,446.0256,460.8315,111.841,11223038
2002-02-26,456.2046,459.9061,449.7271,458.0554,111.1673,1996294
2002-02-27,454.3539,461.7568,449.7271,451.5778,109.5952,1267932
2002-02-28,451.5778,452.5032,444.1749,452.5032,109.8198,2354207
2002-03-01,448.8017,453.4285,444.1749,453.4285,110.0443,3224783
2002-03-04,444.1749,457.13,444.1749,454.3539,110.2689,9644633
2002-03-05,453.4285,458.0554,451.5778,454.3539,110.2689,2034441
2002-03-06,453.4285,462.6822,446.951,458.0554,111.1673,3245424
2002-03-07,454.3539,481.1895,453.4285,471.9358,114.5359,7424642
2002-03-08,462.6822,481.1895,462.6822,471.9358,114.5359,2847743
2002-03-11,481.1895,481.1895,471.9358,481.1895,116.7818,3448587
2002-03-12,481.1895,490.4431,461.7568,471.9358,114.5359,5077027
2002-03-13,471.9358,471.9358,462.6822,471.9358,114.5359,1825443
2002-03-14,462.6822,471.9358,462.6822,471.9358,114.5359,1717269
2002-03-15,462.6822,471.9358,462.6822,471.9358,114.5359,1717269
2002-03-18,471.9358,499.6967,471.9358,490.4431,119.0276,2626424
2002-03-19,490.4431,499.6967,481.1895,499.6967,121.2733,5520095
2002-03-20,499.6967,499.6967,499.6967,499.6967,121.2733,0
2002-03-21,499.6967,499.6967,499.6967,499.6967,121.2733,0
2002-03-22,499.6967,499.6967,499.6967,499.6967,121.2733,0
2002-03-25,490.4431,499.6967,462.6822,490.4431,119.0276,5746385
2002-03-26,481.1895,499.6967,481.1895,499.6967,121.2733,1436839
2002-03-27,490.4431,508.9504,490.4431,508.9504,123.5192,7529034
2002-03-28,508.9504,508.9504,508.9504,508.9504,123.5192,0
2002-03-29,499.6967,508.9504,499.6967,508.9504,123.5192,2042222
2002-04-01,499.6967,518.204,499.6967,518.204,125.765,2926630
2002-04-02,518.204,527.4577,508.9504,518.204,125.765,2810892
2002-04-03,508.9504,527.4577,508.9504,527.4577,128.0108,4947564
2002-04-04,518.204,527.4577,518.204,527.4577,128.0108,10493596
2002-04-05,527.4577,527.4577,527.4577,527.4577,128.0108,0
2002-04-08,527.4577,536.7114,508.9504,518.204,125.765,6645058
2002-04-09,518.204,527.4577,518.204,527.4577,128.0108,24438049
2002-04-10,527.4577,545.965,527.4577,536.7114,130.2566,5026668
2002-04-11,536.7114,545.965,527.4577,545.965,132.5024,3808337
2002-04-12,536.7114,545.965,527.4577,536.7114,130.2566,8547984
2002-04-15,536.7114,592.2332,536.7114,592.2332,153.7583,4868352
2002-04-16,592.2332,610.7405,573.7259,573.7259,148.9533,6986761
2002-04-17,573.7259,592.2332,573.7259,592.2332,153.7583,5272949
2002-04-18,592.2332,629.2477,592.2332,629.2477,163.3681,4784277
2002-04-19,629.2477,657.0087,629.2477,647.7551,168.1731,4768391
2002-04-22,657.0087,721.7842,657.0087,721.7842,187.3929,19566994
2002-04-23,731.0378,786.5597,731.0378,758.7988,197.0028,21597114
2002-04-24,768.0524,777.3061,712.5306,768.0524,199.4052,40703966
2002-04-25,768.0524,768.0524,768.0524,768.0524,199.4052,0
2002-04-26,768.0524,768.0524,768.0524,768.0524,199.4052,0
2002-04-29,768.0524,768.0524,768.0524,768.0524,199.4052,0
2002-04-30,860.5889,879.0961,823.5743,879.0961,228.2349,24594420
2002-05-01,879.0961,879.0961,879.0961,879.0961,228.2349,0
2002-05-02,879.0961,879.0961,879.0961,879.0961,228.2349,0
2002-05-03,879.0961,879.0961,879.0961,879.0961,228.2349,0
2002-05-06,879.0961,879.0961,879.0961,879.0961,228.2349,0
2002-05-07,980.8862,980.8862,906.8571,934.618,242.6498,26165801
2002-05-08,953.1253,962.379,851.3352,953.1253,247.4547,7371690
2002-05-09,953.1253,953.1253,906.8571,934.618,242.6498,4705281
2002-05-10,925.3644,934.618,897.6035,934.618,242.6498,4865110
2002-05-13,916.1107,934.618,897.6035,906.8571,235.4423,3613171
2002-05-14,897.6035,897.6035,805.067,823.5743,213.8201,7209700
2002-05-15,851.3352,869.8425,823.5743,860.5889,223.43,6124290
2002-05-16,869.8425,879.0961,842.0816,851.3352,221.0275,5858340
2002-05-17,860.5889,860.5889,814.3206,832.8279,216.2226,2954079
2002-05-20,842.0816,860.5889,832.8279,851.3352,221.0275,2647497
2002-05-21,860.5889,879.0961,851.3352,879.0961,228.2349,4957398
2002-05-22,869.8425,897.6035,869.8425,897.6035,233.0399,5081565
2002-05-23,888.3498,925.3644,888.3498,916.1107,237.8448,8798155
2002-05-24,916.1107,943.8716,906.8571,916.1107,237.8448,5466819
2002-05-27,916.1107,925.3644,879.0961,888.3498,230.6374,4105842
2002-05-28,888.3498,906.8571,860.5889,879.0961,228.2349,2045572
2002-05-29,869.8425,897.6035,860.5889,869.8425,225.8325,3058254
2002-05-30,860.5889,869.8425,842.0816,860.5889,223.43,3833516
2002-05-31,851.3352,869.8425,842.0816,860.5889,223.43,2600381
2002-06-03,851.3352,860.5889,832.8279,851.3352,221.0275,6119211
2002-06-04,842.0816,851.3352,832.8279,842.0816,218.625,1380645
2002-06-05,842.0816,851.3352,832.8279,851.3352,221.0275,4264698
2002-06-06,842.0816,842.0816,832.8279,832.8279,216.2226,1606934
2002-06-07,832.8279,832.8279,832.8279,832.8279,216.2226,0
2002-06-10,832.8279,832.8279,814.3206,814.3206,211.4176,2701206
2002-06-11,814.3206,814.3206,786.5597,805.067,209.0151,4752182
2002-06-12,805.067,832.8279,805.067,823.5743,213.8201,1537448
2002-06-13,814.3206,832.8279,814.3206,832.8279,216.2226,1935345
2002-06-14,823.5743,851.3352,823.5743,842.0816,218.625,2135699
2002-06-17,860.5889,888.3498,860.5889,879.0961,228.2349,3982647
2002-06-18,879.0961,888.3498,842.0816,851.3352,221.0275,2227230
2002-06-19,842.0816,860.5889,832.8279,860.5889,223.43,3639647
2002-06-20,851.3352,860.5889,842.0816,842.0816,218.625,2003751
2002-06-21,842.0816,842.0816,832.8279,832.8279,216.2226,3453126
2002-06-24,832.8279,851.3352,823.5743,832.8279,216.2226,1343146
2002-06-25,832.8279,832.8279,814.3206,814.3206,211.4176,2341996
2002-06-26,814.3206,823.5743,795.8134,805.067,209.0151,2789928
2002-06-27,805.067,805.067,786.5597,805.067,209.0151,1892119
2002-06-28,795.8134,805.067,786.5597,786.5597,204.2102,1866832
2002-07-01,795.8134,795.8134,749.5452,749.5452,194.6003,2595842
2002-07-02,758.7988,777.3061,749.5452,768.0524,199.4052,1470447
2002-07-03,758.7988,768.0524,731.0378,731.0378,189.7953,2834775
2002-07-04,721.7842,731.0378,684.7697,703.2769,182.5879,3585938
2002-07-05,703.2769,740.2915,703.2769,712.5306,184.9904,1667991
2002-07-08,721.7842,777.3061,721.7842,740.2915,192.1978,2619400
2002-07-09,749.5452,749.5452,721.7842,740.2915,192.1978,3487058
2002-07-10,740.2915,758.7988,731.0378,740.2915,192.1978,2658628
2002-07-11,731.0378,731.0378,712.5306,712.5306,184.9904,1115560
2002-07-12,712.5306,712.5306,712.5306,712.5306,184.9904,0
2002-07-15,721.7842,749.5452,721.7842,740.2915,192.1978,1496599
2002-07-16,740.2915,749.5452,712.5306,740.2915,192.1978,4119998
2002-07-17,740.2915,740.2915,740.2915,740.2915,192.1978,0
2002-07-18,740.2915,740.2915,740.2915,740.2915,192.1978,0
2002-07-19,740.2915,740.2915,740.2915,740.2915,192.1978,0
2002-07-22,740.2915,740.2915,740.2915,740.2915,192.1978,0
2002-07-23,740.2915,740.2915,740.2915,740.2915,192.1978,0
2002-07-24,740.2915,740.2915,740.2915,740.2915,192.1978,0
2002-07-25,740.2915,740.2915,740.2915,740.2915,192.1978,0
2002-07-26,740.2915,740.2915,740.2915,740.2915,192.1978,0
2002-07-29,740.2915,740.2915,740.2915,740.2915,192.1978,0
2002-07-30,740.2915,740.2915,740.2915,740.2915,192.1978,0
2002-07-31,740.2915,740.2915,740.2915,740.2915,192.1978,0
2002-08-01,740.2915,740.2915,740.2915,740.2915,192.1978,0
2002-08-02,740.2915,740.2915,740.2915,740.2915,192.1978,0
2002-08-05,740.2915,786.5597,740.2915,749.5452,194.6003,2170064
2002-08-06,758.7988,795.8134,749.5452,795.8134,206.6127,2485183
2002-08-07,814.3206,832.8279,795.8134,814.3206,211.4176,3116718
2002-08-08,814.3206,832.8279,805.067,823.5743,213.8201,2477078
2002-08-09,823.5743,851.3352,823.5743,842.0816,218.625,3243262
2002-08-12,842.0816,851.3352,814.3206,823.5743,213.8201,4116216
2002-08-13,823.5743,823.5743,814.3206,814.3206,211.4176,1939019
2002-08-14,814.3206,823.5743,795.8134,814.3206,211.4176,2629126
2002-08-15,805.067,823.5743,795.8134,814.3206,211.4176,1402258
2002-08-16,814.3206,823.5743,805.067,823.5743,213.8201,2265053
2002-08-19,814.3206,823.5743,805.067,823.5743,213.8201,1133283
2002-08-20,823.5743,823.5743,805.067,814.3206,211.4176,3006599
2002-08-21,814.3206,814.3206,805.067,805.067,209.0151,2334539
2002-08-22,814.3206,814.3206,795.8134,814.3206,211.4176,3346573
2002-08-23,814.3206,823.5743,805.067,823.5743,213.8201,2557262
2002-08-26,823.5743,860.5889,823.5743,860.5889,223.43,2831533
2002-08-27,860.5889,860.5889,832.8279,832.8279,216.2226,2809271
2002-08-28,823.5743,842.0816,823.5743,832.8279,216.2226,1911571
2002-08-29,842.0816,851.3352,842.0816,851.3352,221.0275,3326257
2002-08-30,851.3352,851.3352,832.8279,851.3352,221.0275,4133831
2002-09-02,842.0816,897.6035,842.0816,897.6035,233.0399,7762023
2002-09-03,897.6035,925.3644,888.3498,897.6035,233.0399,10084892
2002-09-04,897.6035,906.8571,888.3498,897.6035,233.0399,4092766
2002-09-05,906.8571,916.1107,897.6035,916.1107,237.8448,8116802
2002-09-06,916.1107,943.8716,916.1107,934.618,242.6498,10351489
2002-09-09,934.618,943.8716,916.1107,925.3644,240.2473,5156239
2002-09-10,925.3644,943.8716,925.3644,934.618,242.6498,4817237
2002-09-11,943.8716,1017.9008,943.8716,990.1399,257.0646,7441609
2002-09-12,999.3935,1073.4227,999.3935,1064.1691,276.2844,10804284
2002-09-13,1054.9154,1101.1836,1017.9008,1054.9154,273.8819,12843913
2002-09-16,1073.4227,1101.1836,1036.4081,1091.9299,283.4918,14647743
2002-09-17,1082.6763,1165.9591,1082.6763,1138.1981,295.5041,8639623
2002-09-18,1156.7054,1165.9591,1101.1836,1119.6909,290.6992,11675292
2002-09-19,1128.9446,1147.4518,1119.6909,1128.9446,293.1017,6388402
2002-09-20,1128.9446,1128.9446,1128.9446,1128.9446,293.1017,0
2002-09-23,1128.9446,1128.9446,1128.9446,1128.9446,293.1017,0
2002-09-24,1128.9446,1128.9446,1128.9446,1128.9446,293.1017,0
2002-09-25,1128.9446,1128.9446,1128.9446,1128.9446,293.1017,0
2002-09-26,1128.9446,1128.9446,1128.9446,1128.9446,293.1017,0
2002-09-27,1128.9446,1128.9446,1128.9446,1128.9446,293.1017,0
2002-09-30,1202.9736,1249.2419,1175.2128,1202.9736,312.3215,30338211
2002-10-01,1202.9736,1286.2565,1202.9736,1286.2565,333.9437,9322922
2002-10-02,1286.2565,1369.5393,1277.0028,1369.5393,355.566,18370817
2002-10-03,1378.793,1415.8075,1332.5247,1341.7783,348.3586,22401770
2002-10-04,1360.2856,1360.2856,1267.7491,1277.0028,331.5413,18678263
2002-10-07,1249.2419,1267.7491,1175.2128,1258.4955,326.7363,11045054
2002-10-08,1258.4955,1341.7783,1239.9883,1314.0175,341.1512,8917027
2002-10-09,1332.5247,1341.7783,1304.7638,1314.0175,341.1512,9158230
2002-10-10,1332.5247,1351.032,1258.4955,1277.0028,331.5413,10828923
2002-10-11,1277.0028,1277.0028,1202.9736,1212.2273,314.7239,9978771
2002-10-14,1221.481,1221.481,1165.9591,1175.2128,305.1141,9754427
2002-10-15,1165.9591,1249.2419,1156.7054,1239.9883,321.9314,3630894
2002-10-16,1258.4955,1295.5101,1239.9883,1267.7491,329.1388,4721167
2002-10-17,1267.7491,1277.0028,1230.7346,1277.0028,331.5413,2708122
2002-10-18,1249.2419,1267.7491,1230.7346,1267.7491,329.1388,3271576
2002-10-21,1258.4955,1267.7491,1239.9883,1249.2419,324.3338,2090635
2002-10-22,1249.2419,1267.7491,1239.9883,1267.7491,329.1388,2655062
2002-10-23,1249.2419,1295.5101,1249.2419,1295.5101,336.3462,4196941
2002-10-24,1286.2565,1304.7638,1267.7491,1286.2565,333.9437,4056456
2002-10-25,1286.2565,1295.5101,1267.7491,1277.0028,331.5413,3189878
2002-10-28,1277.0028,1304.7638,1258.4955,1258.4955,326.7363,7477162
2002-10-29,1258.4955,1267.7491,1239.9883,1249.2419,324.3338,2522898
2002-10-30,1239.9883,1249.2419,1221.481,1249.2419,324.3338,2720225
2002-10-31,1239.9883,1267.7491,1239.9883,1258.4955,326.7363,1765358
2002-11-01,1249.2419,1258.4955,1239.9883,1258.4955,326.7363,2506472
2002-11-04,1249.2419,1277.0028,1249.2419,1258.4955,326.7363,2795439
2002-11-05,1258.4955,1277.0028,1249.2419,1277.0028,331.5413,3132711
2002-11-06,1277.0028,1277.0028,1258.4955,1267.7491,329.1388,3824871
2002-11-07,1258.4955,1267.7491,1239.9883,1249.2419,324.3338,1712730
2002-11-08,1239.9883,1249.2419,1221.481,1230.7346,319.5289,2594545
2002-11-11,1239.9883,1267.7491,1230.7346,1258.4955,326.7363,1401610
2002-11-12,1258.4955,1258.4955,1230.7346,1230.7346,319.5289,2552508
2002-11-13,1239.9883,1249.2419,1230.7346,1249.2419,324.3338,2359719
2002-11-14,1239.9883,1249.2419,1221.481,1221.481,317.1264,1925079
2002-11-15,1230.7346,1249.2419,1221.481,1230.7346,319.5289,6595996
2002-11-18,1230.7346,1249.2419,1221.481,1221.481,317.1264,3369375
2002-11-19,1221.481,1230.7346,1184.4664,1202.9736,312.3215,3944932
2002-11-20,1193.7201,1230.7346,1147.4518,1221.481,317.1264,5198816
2002-11-21,1230.7346,1267.7491,1165.9591,1193.7201,309.919,5790475
2002-11-22,1193.7201,1212.2273,1175.2128,1184.4664,307.5165,1118046
2002-11-25,1184.4664,1184.4664,1184.4664,1184.4664,307.5165,0
2002-11-26,1193.7201,1212.2273,1165.9591,1175.2128,305.1141,5168882
2002-11-27,1175.2128,1175.2128,1128.9446,1128.9446,293.1017,4570631
2002-11-28,1128.9446,1128.9446,1054.9154,1064.1691,276.2844,6579894
2002-11-29,1054.9154,1082.6763,980.8862,1073.4227,278.6869,7061542
2002-12-02,1073.4227,1073.4227,1073.4227,1073.4227,278.6869,0
2002-12-03,1073.4227,1073.4227,1073.4227,1073.4227,278.6869,0
2002-12-04,1064.1691,1101.1836,1064.1691,1091.9299,283.4918,6362790
2002-12-05,1101.1836,1101.1836,1054.9154,1082.6763,281.0893,6084738
2002-12-06,1054.9154,1054.9154,1017.9008,1017.9008,264.272,1828468
2002-12-09,1017.9008,1017.9008,916.1107,925.3644,240.2473,3501971
2002-12-10,925.3644,925.3644,925.3644,925.3644,240.2473,0
2002-12-11,925.3644,925.3644,925.3644,925.3644,240.2473,0
2002-12-12,925.3644,925.3644,925.3644,925.3644,240.2473,0
2002-12-13,925.3644,925.3644,925.3644,925.3644,240.2473,0
2002-12-16,1017.9008,1064.1691,1008.6472,1064.1691,276.2844,5730175
2002-12-17,1091.9299,1138.1981,1082.6763,1119.6909,290.6992,8035321
2002-12-18,1110.4373,1147.4518,1110.4373,1119.6909,290.6992,4728191
2002-12-19,1119.6909,1175.2128,1119.6909,1165.9591,302.7116,7855500
2002-12-20,1165.9591,1165.9591,1165.9591,1165.9591,302.7116,0
2002-12-23,1165.9591,1165.9591,1165.9591,1165.9591,302.7116,0
2002-12-24,1165.9591,1165.9591,1165.9591,1165.9591,302.7116,0
2002-12-25,1165.9591,1165.9591,1165.9591,1165.9591,302.7116,0
2002-12-26,1165.9591,1165.9591,1165.9591,1165.9591,302.7116,0
2002-12-27,1165.9591,1165.9591,1165.9591,1165.9591,302.7116,0
2002-12-30,1165.9591,1165.9591,1165.9591,1165.9591,302.7116,0
2002-12-31,1165.9591,1165.9591,1165.9591,1165.9591,302.7116,0
2003-01-01,1165.9591,1165.9591,1165.9591,1165.9591,302.7116,0
2003-01-02,1165.9591,1165.9591,1165.9591,1165.9591,302.7116,0
2003-01-03,1165.9591,1165.9591,1165.9591,1165.9591,302.7116,0
2003-01-06,1165.9591,1221.481,1156.7054,1221.481,317.1264,1701816
2003-01-07,1212.2273,1239.9883,1184.4664,1184.4664,307.5165,3355110
2003-01-08,1184.4664,1221.481,1175.2128,1212.2273,314.7239,2032064
2003-01-09,1212.2273,1230.7346,1212.2273,1230.7346,319.5289,1554306
2003-01-10,1221.481,1249.2419,1212.2273,1230.7346,319.5289,2987363
2003-01-13,1230.7346,1277.0028,1230.7346,1267.7491,329.1388,3956495
2003-01-14,1277.0028,1304.7638,1249.2419,1267.7491,329.1388,6111214
2003-01-15,1267.7491,1277.0028,1239.9883,1267.7491,329.1388,4542967
2003-01-16,1267.7491,1267.7491,1221.481,1221.481,317.1264,3256663
2003-01-17,1193.7201,1230.7346,1184.4664,1212.2273,314.7239,2096363
2003-01-20,1212.2273,1212.2273,1184.4664,1184.4664,307.5165,3588424
2003-01-21,1184.4664,1202.9736,1184.4664,1184.4664,307.5165,1959120
2003-01-22,1184.4664,1193.7201,1175.2128,1184.4664,307.5165,2197512
2003-01-23,1175.2128,1175.2128,1147.4518,1147.4518,297.9066,2173198
2003-01-24,1138.1981,1165.9591,1119.6909,1156.7054,300.3091,6237759
2003-01-27,1156.7054,1175.2128,1138.1981,1138.1981,295.5041,2954619
2003-01-28,1138.1981,1147.4518,1128.9446,1128.9446,293.1017,3216354
2003-01-29,1128.9446,1128.9446,1110.4373,1110.4373,288.2968,2901235
2003-01-30,1110.4373,1138.1981,1110.4373,1128.9446,293.1017,3668284
2003-01-31,1156.7054,1184.4664,1147.4518,1156.7054,300.3091,2951918
2003-02-03,1165.9591,1184.4664,1156.7054,1165.9591,302.7116,1790321
2003-02-04,1165.9591,1202.9736,1156.7054,1165.9591,302.7116,8270579
2003-02-05,1165.9591,1165.9591,1110.4373,1110.4373,288.2968,5897568
2003-02-06,1119.6909,1147.4518,1101.1836,1119.6909,290.6992,23321407
2003-02-07,1119.6909,1138.1981,1110.4373,1138.1981,295.5041,6039891
2003-02-10,1147.4518,1156.7054,1119.6909,1138.1981,295.5041,2898101
2003-02-11,1128.9446,1147.4518,1119.6909,1147.4518,297.9066,2476105
2003-02-12,1147.4518,1147.4518,1138.1981,1138.1981,295.5041,1869425
2003-02-13,1138.1981,1138.1981,1138.1981,1138.1981,295.5041,0
2003-02-14,1138.1981,1138.1981,1138.1981,1138.1981,295.5041,0
2003-02-17,1110.4373,1110.4373,1064.1691,1110.4373,288.2968,5878225
2003-02-18,1091.9299,1091.9299,1054.9154,1054.9154,273.8819,2379711
2003-02-19,1045.6617,1064.1691,971.6326,980.8862,254.6621,6126235
2003-02-20,953.1253,1064.1691,934.618,1064.1691,276.2844,7791633
2003-02-21,1036.4081,1073.4227,1017.9008,1036.4081,269.077,6883342
2003-02-24,1045.6617,1073.4227,1045.6617,1054.9154,273.8819,3366133
2003-02-25,1008.6472,1036.4081,980.8862,990.1399,257.0646,6481014
2003-02-26,971.6326,1008.6472,962.379,999.3935,259.4671,6102569
2003-02-27,999.3935,1054.9154,999.3935,1027.1544,266.6745,3521963
2003-02-28,1036.4081,1064.1691,1017.9008,1036.4081,269.077,2987363
2003-03-03,1036.4081,1036.4081,1036.4081,1036.4081,269.077,0
2003-03-04,1017.9008,1036.4081,1008.6472,1027.1544,266.6745,1939884
2003-03-05,1017.9008,1045.6617,1017.9008,1027.1544,266.6745,2212641
2003-03-06,1027.1544,1036.4081,1017.9008,1017.9008,264.272,1511620
2003-03-07,1017.9008,1017.9008,990.1399,999.3935,259.4671,1067471
2003-03-10,1008.6472,1017.9008,999.3935,999.3935,259.4671,978101
2003-03-11,999.3935,1008.6472,971.6326,971.6326,252.2597,1444728
2003-03-12,971.6326,999.3935,971.6326,971.6326,252.2597,2593140
2003-03-13,990.1399,990.1399,971.6326,980.8862,254.6621,1493033
2003-03-14,971.6326,990.1399,943.8716,953.1253,247.4547,2619832
2003-03-17,943.8716,953.1253,925.3644,943.8716,245.0522,3469552
2003-03-18,953.1253,980.8862,943.8716,971.6326,252.2597,2554885
2003-03-19,962.379,999.3935,962.379,990.1399,257.0646,2756535
2003-03-20,980.8862,990.1399,943.8716,953.1253,247.4547,1932752
2003-03-21,953.1253,980.8862,943.8716,980.8862,254.6621,2679593
2003-03-24,962.379,980.8862,962.379,980.8862,254.6621,2444334
2003-03-25,971.6326,980.8862,962.379,980.8862,254.6621,1923566
2003-03-26,971.6326,980.8862,953.1253,971.6326,252.2597,4918170
2003-03-27,962.379,971.6326,953.1253,971.6326,252.2597,1542419
2003-03-28,1110.4373,1110.4373,1064.1691,1110.4373,288.2968,5878225
2003-03-31,980.8862,1008.6472,980.8862,999.3935,259.4671,2728979
2003-04-01,1008.6472,1045.6617,1008.6472,1045.6617,271.4794,2088690
2003-04-02,1027.1544,1073.4227,1017.9008,1073.4227,278.6869,7163880
2003-04-03,1073.4227,1110.4373,1064.1691,1110.4373,288.2968,4491528
2003-04-04,1110.4373,1138.1981,1082.6763,1082.6763,281.0893,4264698
2003-04-07,1082.6763,1110.4373,1064.1691,1110.4373,288.2968,5660040
2003-04-08,1110.4373,1128.9446,1073.4227,1091.9299,283.4918,2393327
2003-04-09,1091.9299,1091.9299,1064.1691,1091.9299,283.4918,1572245
2003-04-10,1091.9299,1091.9299,1064.1691,1082.6763,281.0893,2969749
2003-04-11,1064.1691,1073.4227,1054.9154,1073.4227,278.6869,2073777
2003-04-14,1064.1691,1082.6763,1054.9154,1082.6763,281.0893,2478267
2003-04-15,1064.1691,1082.6763,1064.1691,1073.4227,278.6869,2475673
2003-04-16,1073.4227,1091.9299,1064.1691,1082.6763,281.0893,2322544
2003-04-17,1082.6763,1101.1836,1073.4227,1091.9299,283.4918,1726346
2003-04-18,1091.9299,1091.9299,1091.9299,1091.9299,283.4918,0
2003-04-21,1277.0028,1286.2565,1277.0028,1286.2565,333.9437,1201256
2003-04-22,1286.2565,1286.2565,1286.2565,1286.2565,333.9437,0
2003-04-23,1286.2565,1286.2565,1286.2565,1286.2565,333.9437,0
2003-04-24,1286.2565,1286.2565,1286.2565,1286.2565,333.9437,0
2003-04-25,1286.2565,1286.2565,1286.2565,1286.2565,333.9437,0
2003-04-28,1286.2565,1286.2565,1286.2565,1286.2565,333.9437,0
2003-04-29,1286.2565,1286.2565,1286.2565,1286.2565,333.9437,0
2003-04-30,1286.2565,1286.2565,1286.2565,1286.2565,333.9437,0
2003-05-01,1286.2565,1286.2565,1286.2565,1286.2565,333.9437,0
2003-05-02,1286.2565,1286.2565,1286.2565,1286.2565,333.9437,0
2003-05-05,1286.2565,1286.2565,1286.2565,1286.2565,333.9437,0
2003-05-06,1286.2565,1286.2565,1286.2565,1286.2565,333.9437,0
2003-05-07,1286.2565,1286.2565,1286.2565,1286.2565,333.9437,0
2003-05-08,1286.2565,1286.2565,1286.2565,1286.2565,333.9437,0
2003-05-09,1286.2565,1286.2565,1286.2565,1286.2565,333.9437,0
2003-05-12,1286.2565,1286.2565,1286.2565,1286.2565,333.9437,0
2003-05-13,1286.2565,1286.2565,1286.2565,1286.2565,333.9437,0
2003-05-14,1128.9446,1175.2128,1110.4373,1147.4518,297.9066,16339941
2003-05-15,1175.2128,1212.2273,1175.2128,1193.7201,309.919,10440535
2003-05-16,1212.2273,1221.481,1184.4664,1193.7201,309.919,7450362
2003-05-19,1184.4664,1193.7201,1165.9591,1165.9591,302.7116,2885566
2003-05-20,1165.9591,1193.7201,1138.1981,1193.7201,309.919,5801930
2003-05-21,1184.4664,1202.9736,1175.2128,1193.7201,309.919,3026915
2003-05-22,1165.9591,1184.4664,1156.7054,1175.2128,305.1141,5998285
2003-05-23,1175.2128,1175.2128,1138.1981,1156.7054,300.3091,6323455
2003-05-26,1138.1981,1147.4518,1110.4373,1119.6909,290.6992,1817662
2003-05-27,1128.9446,1147.4518,1101.1836,1138.1981,295.5041,4524920
2003-05-28,1138.1981,1165.9591,1138.1981,1147.4518,297.9066,2977421
2003-05-29,1128.9446,1147.4518,1128.9446,1147.4518,297.9066,922339
2003-05-30,1138.1981,1156.7054,1138.1981,1147.4518,297.9066,1486441
2003-06-02,1138.1981,1147.4518,1128.9446,1147.4518,297.9066,764887
2003-06-03,1138.1981,1175.2128,1138.1981,1175.2128,305.1141,3597501
2003-06-04,1156.7054,1184.4664,1147.4518,1184.4664,307.5165,6329182
2003-06-05,1184.4664,1184.4664,1165.9591,1184.4664,307.5165,8256531
2003-06-06,1175.2128,1193.7201,1175.2128,1193.7201,309.919,3821737
2003-06-09,1184.4664,1202.9736,1184.4664,1193.7201,309.919,4208180
2003-06-10,1184.4664,1193.7201,1175.2128,1184.4664,307.5165,5129330
2003-06-11,1184.4664,1202.9736,1175.2128,1202.9736,312.3215,16079071
2003-06-12,1202.9736,1230.7346,1202.9736,1202.9736,312.3215,4214556
2003-06-13,1202.9736,1212.2273,1202.9736,1212.2273,314.7239,3195930
2003-06-16,1202.9736,1221.481,1202.9736,1212.2273,314.7239,1539609
2003-06-17,1212.2273,1221.481,1202.9736,1212.2273,314.7239,4629959
2003-06-18,1212.2273,1258.4955,1212.2273,1249.2419,324.3338,56670973
2003-06-19,1249.2419,1286.2565,1249.2419,1277.0028,331.5413,4774551
2003-06-20,1304.7638,1341.7783,1277.0028,1286.2565,333.9437,16566555
2003-06-23,1295.5101,1304.7638,1258.4955,1277.0028,331.5413,5275867
2003-06-24,1258.4955,1267.7491,1249.2419,1258.4955,326.7363,5130735
2003-06-25,1258.4955,1267.7491,1249.2419,1249.2419,324.3338,3351868
2003-06-26,1249.2419,1267.7491,1249.2419,1267.7491,329.1388,2088042
2003-06-27,1258.4955,1267.7491,1249.2419,1249.2419,324.3338,5886978
2003-06-30,1249.2419,1267.7491,1239.9883,1249.2419,324.3338,3426650
2003-07-01,1249.2419,1277.0028,1249.2419,1277.0028,331.5413,2205725
2003-07-02,1267.7491,1286.2565,1267.7491,1286.2565,333.9437,3385369
2003-07-03,1286.2565,1304.7638,1286.2565,1304.7638,338.7487,3085055
2003-07-04,1295.5101,1323.271,1295.5101,1323.271,343.5536,2795655
2003-07-07,1314.0175,1332.5247,1304.7638,1323.271,343.5536,2209616
2003-07-08,1314.0175,1314.0175,1286.2565,1295.5101,336.3462,2167038
2003-07-09,1295.5101,1314.0175,1286.2565,1314.0175,341.1512,1513674
2003-07-10,1304.7638,1323.271,1295.5101,1323.271,343.5536,3630245
2003-07-11,1304.7638,1323.271,1304.7638,1314.0175,341.1512,4055159
2003-07-14,1314.0175,1314.0175,1304.7638,1314.0175,341.1512,1895361
2003-07-15,1304.7638,1314.0175,1304.7638,1304.7638,338.7487,1936642
2003-07-16,1304.7638,1304.7638,1286.2565,1295.5101,336.3462,1973817
2003-07-17,1295.5101,1295.5101,1286.2565,1286.2565,333.9437,1216169
2003-07-18,1286.2565,1295.5101,1286.2565,1286.2565,333.9437,1934265
2003-07-21,1286.2565,1286.2565,1286.2565,1286.2565,333.9437,2262244
2003-07-22,1286.2565,1295.5101,1267.7491,1295.5101,336.3462,14307229
2003-07-23,1277.0028,1286.2565,1277.0028,1277.0028,331.5413,738627
2003-07-24,1277.0028,1277.0028,1277.0028,1277.0028,331.5413,827133
2003-07-25,1277.0028,1286.2565,1267.7491,1277.0028,331.5413,924176
2003-07-28,1277.0028,1286.2565,1267.7491,1277.0028,331.5413,0
2003-07-29,1277.0028,1295.5101,1267.7491,1295.5101,336.3462,2878217
2003-07-30,1277.0028,1286.2565,1277.0028,1277.0028,331.5413,743058
2003-07-31,1304.7638,1314.0175,1277.0028,1295.5101,336.3462,4865758
2003-08-01,1277.0028,1295.5101,1277.0028,1295.5101,336.3462,1437379
2003-08-04,1286.2565,1304.7638,1277.0028,1295.5101,336.3462,991177
2003-08-05,1295.5101,1314.0175,1286.2565,1314.0175,341.1512,3146328
2003-08-06,1295.5101,1304.7638,1286.2565,1304.7638,338.7487,1270742
2003-08-07,1295.5101,1314.0175,1286.2565,1314.0175,341.1512,3146328
2003-08-08,1277.0028,1286.2565,1277.0028,1286.2565,333.9437,558158
2003-08-11,1277.0028,1277.0028,1267.7491,1277.0028,331.5413,804872
2003-08-12,1277.0028,1295.5101,1277.0028,1295.5101,336.3462,117251
2003-08-13,1277.0028,1286.2565,1267.7491,1286.2565,333.9437,731495
2003-08-14,1277.0028,1295.5101,1277.0028,1286.2565,333.9437,1359032
2003-08-15,1277.0028,1286.2565,1277.0028,1277.0028,331.5413,609273
2003-08-18,1277.0028,1286.2565,1277.0028,1277.0028,331.5413,449444
2003-08-19,1277.0028,1277.0028,1267.7491,1277.0028,331.5413,847882
2003-08-20,1267.7491,1286.2565,1267.7491,1286.2565,333.9437,1155977
2003-08-21,1286.2565,1286.2565,1286.2565,1286.2565,333.9437,0
2003-08-22,1277.0028,1286.2565,1267.7491,1277.0028,331.5413,2378738
2003-08-25,1277.0028,1277.0028,1267.7491,1267.7491,329.1388,714961
2003-08-26,1277.0028,1286.2565,1277.0028,1286.2565,333.9437,7854743
2003-08-27,1277.0028,1286.2565,1277.0028,1286.2565,333.9437,954975
2003-08-28,1286.2565,1295.5101,1277.0028,1295.5101,336.3462,837075
2003-08-29,1286.2565,1295.5101,1277.0028,1295.5101,336.3462,1800263
2003-09-01,1286.2565,1295.5101,1286.2565,1286.2565,333.9437,1105078
2003-09-02,1286.2565,1295.5101,1286.2565,1295.5101,336.3462,4319811
2003-09-03,1286.2565,1304.7638,1286.2565,1304.7638,338.7487,2171793
2003-09-04,1295.5101,1304.7638,1295.5101,1295.5101,336.3462,594144
2003-09-05,1295.5101,1295.5101,1286.2565,1295.5101,336.3462,1611149
2003-09-08,1295.5101,1295.5101,1286.2565,1286.2565,333.9437,480027
2003-09-09,1286.2565,1295.5101,1286.2565,1295.5101,336.3462,3623221
2003-09-10,1286.2565,1323.271,1286.2565,1304.7638,338.7487,32438033
2003-09-11,1304.7638,1304.7638,1304.7638,1304.7638,338.7487,536437
2003-09-12,1295.5101,1304.7638,1295.5101,1304.7638,338.7487,1030837
2003-09-15,1295.5101,1295.5101,1286.2565,1286.2565,333.9437,762294
2003-09-16,1286.2565,1304.7638,1286.2565,1295.5101,336.3462,4333536
2003-09-17,1295.5101,1295.5101,1286.2565,1286.2565,333.9437,1215305
2003-09-18,1286.2565,1295.5101,1286.2565,1286.2565,333.9437,1036348
2003-09-19,1286.2565,1304.7638,1286.2565,1304.7638,338.7487,2720658
2003-09-22,1304.7638,1332.5247,1286.2565,1295.5101,336.3462,5464658
2003-09-23,1295.5101,1295.5101,1286.2565,1295.5101,336.3462,12364426
2003-09-24,1286.2565,1295.5101,1286.2565,1295.5101,336.3462,1169053
2003-09-25,1295.5101,1295.5101,1286.2565,1295.5101,336.3462,16325569
2003-09-26,1286.2565,1295.5101,1286.2565,1295.5101,336.3462,1273012
2003-09-29,1295.5101,1295.5101,1295.5101,1295.5101,336.3462,0
2003-09-30,1286.2565,1286.2565,1267.7491,1286.2565,333.9437,17309938
2003-10-01,1267.7491,1277.0028,1267.7491,1277.0028,331.5413,561184
2003-10-02,1267.7491,1267.7491,1249.2419,1267.7491,329.1388,1077521
2003-10-03,1249.2419,1249.2419,1230.7346,1249.2419,324.3338,1116425
2003-10-06,1249.2419,1267.7491,1249.2419,1258.4955,326.7363,550701
2003-10-07,1258.4955,1258.4955,1239.9883,1239.9883,321.9314,12241123
2003-10-08,1249.2419,1249.2419,1239.9883,1239.9883,321.9314,828862
2003-10-09,1249.2419,1267.7491,1249.2419,1258.4955,326.7363,2012072
2003-10-10,1258.4955,1267.7491,1258.4955,1267.7491,329.1388,244552
2003-10-13,1277.0028,1286.2565,1277.0028,1286.2565,333.9437,1877638
2003-10-14,1286.2565,1295.5101,1277.0028,1286.2565,333.9437,2690075
2003-10-15,1286.2565,1295.5101,1277.0028,1286.2565,333.9437,2690075
2003-10-16,1277.0028,1286.2565,1277.0028,1286.2565,333.9437,1237566
2003-10-17,1277.0028,1295.5101,1277.0028,1295.5101,336.3462,24348138
2003-10-20,1277.0028,1295.5101,1277.0028,1295.5101,336.3462,837940
2003-10-21,1286.2565,1295.5101,1286.2565,1295.5101,336.3462,2845797
2003-10-22,1277.0028,1286.2565,1277.0028,1277.0028,331.5413,529088
2003-10-23,1277.0028,1286.2565,1267.7491,1277.0028,331.5413,1046182
2003-10-24,1267.7491,1286.2565,1267.7491,1277.0028,331.5413,350132
2003-10-27,1267.7491,1286.2565,1267.7491,1286.2565,333.9437,1597316
2003-10-28,1267.7491,1286.2565,1267.7491,1277.0028,331.5413,9585305
2003-10-29,1277.0028,1304.7638,1277.0028,1304.7638,338.7487,29663126
2003-10-30,1286.2565,1304.7638,1286.2565,1295.5101,336.3462,2660897
2003-10-31,1295.5101,1295.5101,1286.2565,1286.2565,333.9437,983288
2003-11-03,1286.2565,1295.5101,1277.0028,1277.0028,331.5413,475272
2003-11-04,1286.2565,1286.2565,1267.7491,1267.7491,329.1388,526711
2003-11-05,1267.7491,1277.0028,1267.7491,1277.0028,331.5413,694645
2003-11-06,1277.0028,1286.2565,1267.7491,1277.0028,331.5413,481323
2003-11-07,1267.7491,1277.0028,1267.7491,1267.7491,329.1388,798820
2003-11-10,1267.7491,1323.271,1267.7491,1323.271,343.5536,42921795
2003-11-11,1295.5101,1314.0175,1286.2565,1314.0175,341.1512,929471
2003-11-12,1304.7638,1332.5247,1295.5101,1314.0175,341.1512,4030736
2003-11-13,1314.0175,1332.5247,1314.0175,1332.5247,345.9561,3033831
2003-11-14,1323.271,1351.032,1323.271,1351.032,350.761,39358982
2003-11-17,1351.032,1369.5393,1332.5247,1351.032,350.761,2120570
2003-11-18,1351.032,1360.2856,1351.032,1351.032,350.761,1086599
2003-11-19,1351.032,1360.2856,1341.7783,1351.032,350.761,1438352
2003-11-20,1351.032,1360.2856,1351.032,1360.2856,353.1635,1557548
2003-11-21,1351.032,1369.5393,1351.032,1369.5393,355.566,2322652
2003-11-24,1360.2856,1369.5393,1360.2856,1369.5393,355.566,1080223
2003-11-25,1360.2856,1369.5393,1351.032,1360.2856,353.1635,2358746
2003-11-26,1351.032,1360.2856,1351.032,1351.032,350.761,608192
2003-11-27,1351.032,1369.5393,1351.032,1369.5393,355.566,4965827
2003-11-28,1351.032,1369.5393,1351.032,1369.5393,355.566,24650181
2003-12-01,1369.5393,1369.5393,1369.5393,1369.5393,355.566,0
2003-12-02,1369.5393,1369.5393,1369.5393,1369.5393,355.566,0
2003-12-03,1351.032,1360.2856,1351.032,1351.032,350.761,858040
2003-12-04,1351.032,1360.2856,1351.032,1351.032,350.761,968375
2003-12-05,1351.032,1369.5393,1351.032,1369.5393,355.566,1938911
2003-12-08,1351.032,1360.2856,1351.032,1351.032,350.761,5141650
2003-12-09,1351.032,1351.032,1341.7783,1351.032,350.761,2046977
2003-12-10,1341.7783,1360.2856,1341.7783,1360.2856,353.1635,13105864
2003-12-11,1351.032,1360.2856,1351.032,1360.2856,353.1635,4482882
2003-12-12,1351.032,1369.5393,1351.032,1369.5393,355.566,27876370
2003-12-15,1360.2856,1369.5393,1351.032,1360.2856,353.1635,993014
2003-12-16,1360.2856,1369.5393,1351.032,1360.2856,353.1635,1497356
2003-12-17,1360.2856,1369.5393,1351.032,1369.5393,355.566,1827064
2003-12-18,1360.2856,1378.793,1360.2856,1360.2856,353.1635,11830474
2003-12-19,1360.2856,1360.2856,1360.2856,1360.2856,353.1635,0
2003-12-22,1360.2856,1360.2856,1360.2856,1360.2856,353.1635,0
2003-12-23,1360.2856,1360.2856,1360.2856,1360.2856,353.1635,0
2003-12-24,1360.2856,1360.2856,1360.2856,1360.2856,353.1635,0
2003-12-25,1360.2856,1360.2856,1360.2856,1360.2856,353.1635,0
2003-12-26,1360.2856,1360.2856,1360.2856,1360.2856,353.1635,0
2003-12-29,1360.2856,1360.2856,1360.2856,1360.2856,353.1635,0
2003-12-30,1360.2856,1360.2856,1360.2856,1360.2856,353.1635,0
2003-12-31,1360.2856,1360.2856,1360.2856,1360.2856,353.1635,0
2004-01-01,1360.2856,1360.2856,1360.2856,1360.2856,353.1635,0
2004-01-02,1360.2856,1360.2856,1360.2856,1360.2856,353.1635,0
2004-01-05,1360.2856,1360.2856,1360.2856,1360.2856,353.1635,0
2004-01-06,1360.2856,1360.2856,1360.2856,1360.2856,353.1635,0
2004-01-07,1360.2856,1360.2856,1360.2856,1360.2856,353.1635,0
2004-01-08,1397.3002,1415.8075,1369.5393,1388.0465,360.3709,7928336
2004-01-09,1378.793,1388.0465,1369.5393,1369.5393,355.566,684703
2004-01-12,1369.5393,1369.5393,1332.5247,1341.7783,348.3586,1492060
2004-01-13,1341.7783,1351.032,1332.5247,1341.7783,348.3586,1872235
2004-01-14,1341.7783,1360.2856,1332.5247,1341.7783,348.3586,2877677
2004-01-15,1341.7783,1351.032,1341.7783,1351.032,350.761,713340
2004-01-16,1341.7783,1341.7783,1332.5247,1341.7783,348.3586,380931
2004-01-19,1332.5247,1341.7783,1314.0175,1323.271,343.5536,2572608
2004-01-20,1314.0175,1323.271,1295.5101,1314.0175,341.1512,6273961
2004-01-21,1295.5101,1351.032,1295.5101,1341.7783,348.3586,45206624
2004-01-22,1332.5247,1351.032,1314.0175,1351.032,350.761,755702
2004-01-23,1341.7783,1360.2856,1332.5247,1351.032,350.761,2033901
2004-01-26,1341.7783,1369.5393,1332.5247,1360.2856,353.1635,10173830
2004-01-27,1360.2856,1360.2856,1332.5247,1341.7783,348.3586,1483955
2004-01-28,1341.7783,1341.7783,1332.5247,1341.7783,348.3586,359858
2004-01-29,1341.7783,1341.7783,1323.271,1341.7783,348.3586,1836681
2004-01-30,1332.5247,1341.7783,1323.271,1341.7783,348.3586,948707
2004-02-02,1332.5247,1332.5247,1323.271,1332.5247,345.9561,1018409
2004-02-03,1332.5247,1332.5247,1323.271,1332.5247,345.9561,1829441
2004-02-04,1323.271,1360.2856,1323.271,1360.2856,353.1635,2118624
2004-02-05,1341.7783,1369.5393,1341.7783,1351.032,350.761,5040068
2004-02-06,1351.032,1351.032,1341.7783,1351.032,350.761,603005
2004-02-09,1341.7783,1369.5393,1341.7783,1360.2856,353.1635,2118516
2004-02-10,1360.2856,1369.5393,1351.032,1360.2856,353.1635,785636
2004-02-11,1360.2856,1406.5538,1360.2856,1397.3002,362.7734,6865187
2004-02-12,1388.0465,1415.8075,1388.0465,1415.8075,367.5784,1451752
2004-02-13,1388.0465,1434.3148,1388.0465,1415.8075,367.5784,5913886
2004-02-16,1415.8075,1471.3293,1415.8075,1443.5684,374.7858,3249098
2004-02-17,1443.5684,1462.0757,1434.3148,1452.822,377.1882,3141249
2004-02-18,1452.822,1619.3877,1452.822,1545.3585,401.213,4655787
2004-02-19,1554.6122,1610.134,1554.6122,1591.6267,413.2253,8344172
2004-02-20,1582.373,1591.6267,1480.583,1526.8512,396.408,5342436
2004-02-23,1508.3439,1526.8512,1499.0903,1526.8512,396.408,6417580
2004-02-24,1499.0903,1508.3439,1480.583,1508.3439,391.6031,2293799
2004-02-25,1480.583,1508.3439,1471.3293,1471.3293,381.9932,4201263
2004-02-26,1480.583,1526.8512,1480.583,1526.8512,396.408,2178493
2004-02-27,1508.3439,1536.1049,1499.0903,1526.8512,396.408,744571
2004-03-01,1526.8512,1526.8512,1526.8512,1526.8512,396.408,0
2004-03-02,1508.3439,1536.1049,1508.3439,1526.8512,396.408,2314655
2004-03-03,1517.5975,1554.6122,1517.5975,1545.3585,401.213,905156
2004-03-04,1536.1049,1582.373,1536.1049,1582.373,410.8228,2245385
2004-03-05,1573.1194,1582.373,1526.8512,1582.373,410.8228,1184938
2004-03-08,1554.6122,1573.1194,1526.8512,1554.6122,403.6155,785744
2004-03-09,1545.3585,1582.373,1545.3585,1554.6122,403.6155,984801
2004-03-10,1554.6122,1573.1194,1554.6122,1563.8658,406.0179,757539
2004-03-11,1563.8658,1619.3877,1563.8658,1619.3877,420.4328,3387422
2004-03-12,1619.3877,1637.8949,1619.3877,1637.8949,425.2377,4080122
2004-03-15,1637.8949,1739.6851,1619.3877,1730.4314,449.2624,3295242
2004-03-16,1711.9241,1804.4606,1711.9241,1795.2069,466.0797,6697902
2004-03-17,1804.4606,1813.7141,1767.4459,1804.4606,468.4822,14752783
2004-03-18,1795.2069,1804.4606,1776.6996,1795.2069,466.0797,6448594
2004-03-19,1795.2069,1943.2651,1795.2069,1943.2651,504.5193,15153274
2004-03-22,1943.2651,1943.2651,1943.2651,1943.2651,504.5193,0
2004-03-23,1943.2651,1943.2651,1943.2651,1943.2651,504.5193,0
2004-03-24,1943.2651,1943.2651,1943.2651,1943.2651,504.5193,0
2004-03-25,1989.5334,2128.3381,1896.9969,1943.2651,504.5193,8867209
2004-03-26,1943.2651,1943.2651,1850.7288,1943.2651,504.5193,2877353
2004-03-29,1896.9969,1896.9969,1832.2214,1896.9969,492.5069,1385508
2004-03-30,1841.4751,1850.7288,1804.4606,1832.2214,475.6896,3327770
2004-03-31,1822.9678,1896.9969,1822.9678,1896.9969,492.5069,1057529
2004-04-01,1896.9969,2035.8016,1896.9969,1989.5334,516.5317,8060176
2004-04-02,1989.5334,1989.5334,1896.9969,1989.5334,516.5317,2625452
2004-04-05,1989.5334,2082.0698,1989.5334,2035.8016,528.544,6783706
2004-04-06,1989.5334,2082.0698,1989.5334,2035.8016,528.544,4179110
2004-04-07,1989.5334,1989.5334,1989.5334,1989.5334,516.5317,583661
2004-04-08,1989.5334,1989.5334,1989.5334,1989.5334,516.5317,0
2004-04-09,2035.8016,2035.8016,1896.9969,1896.9969,492.5069,9108195
2004-04-12,1896.9969,1896.9969,1896.9969,1896.9969,492.5069,0
2004-04-13,1943.2651,1989.5334,1943.2651,1943.2651,504.5193,655093
2004-04-14,1943.2651,2082.0698,1943.2651,1943.2651,504.5193,6770846
2004-04-15,1943.2651,1943.2651,1943.2651,1943.2651,504.5193,0
2004-04-16,1943.2651,1943.2651,1943.2651,1943.2651,504.5193,0
2004-04-19,1943.2651,1943.2651,1943.2651,1943.2651,504.5193,0
2004-04-20,1989.5334,2082.0698,1989.5334,2082.0698,540.5564,4088875
2004-04-21,2082.0698,2174.6062,2035.8016,2174.6062,564.5811,3269739
2004-04-22,2128.3381,2267.1428,2128.3381,2267.1428,588.6059,6136069
2004-04-23,2313.4109,2313.4109,2267.1428,2313.4109,600.6182,10949308
2004-04-26,2313.4109,2313.4109,2313.4109,2313.4109,600.6182,0
2004-04-27,2128.3381,2128.3381,1943.2651,1943.2651,504.5193,12288348
2004-04-28,1943.2651,1943.2651,1943.2651,1943.2651,504.5193,0
2004-04-29,1943.2651,1943.2651,1943.2651,1943.2651,504.5193,0
2004-04-30,1943.2651,1943.2651,1943.2651,1943.2651,504.5193,0
2004-05-03,1943.2651,1943.2651,1943.2651,1943.2651,504.5193,0
2004-05-04,1943.2651,1943.2651,1943.2651,1943.2651,504.5193,0
2004-05-05,1943.2651,1943.2651,1943.2651,1943.2651,504.5193,0
2004-05-06,1943.2651,1943.2651,1943.2651,1943.2651,504.5193,0
2004-05-07,1943.2651,1943.2651,1943.2651,1943.2651,504.5193,0
2004-05-10,2045.0553,2220.8745,2035.8016,2146.8455,557.3738,30688127
2004-05-11,2174.6062,2211.6208,2128.3381,2211.6208,574.191,3551465
2004-05-12,2202.3672,2220.8745,2174.6062,2220.8745,576.5935,2882756
2004-05-13,2211.6208,2220.8745,2156.0989,2211.6208,574.191,5654961
2004-05-14,2174.6062,2174.6062,2128.3381,2156.0989,559.7762,2851633
2004-05-17,2146.8455,2174.6062,2100.5771,2146.8455,557.3738,4051485
2004-05-18,2146.8455,2146.8455,2146.8455,2146.8455,557.3738,0
2004-05-19,2137.5918,2193.1135,2119.0845,2193.1135,569.3861,1644541
2004-05-20,2174.6062,2276.3962,2165.3525,2276.3962,591.0083,4663784
2004-05-21,2267.1428,2396.6936,2248.6355,2396.6936,622.2405,11025602
2004-05-24,2479.9766,2489.2302,2285.6499,2359.6792,612.6306,9494962
2004-05-25,2359.6792,2359.6792,2359.6792,2359.6792,612.6306,0
2004-05-26,2359.6792,2359.6792,2359.6792,2359.6792,612.6306,0
2004-05-27,2359.6792,2359.6792,2359.6792,2359.6792,612.6306,0
2004-05-28,2359.6792,2359.6792,2359.6792,2359.6792,612.6306,0
2004-05-31,2294.9036,2331.9182,2220.8745,2267.1428,588.6059,9646794
2004-06-01,2230.1282,2359.6792,2220.8745,2359.6792,612.6306,6655216
2004-06-02,2322.6646,2405.9473,2322.6646,2378.1865,617.4356,4117080
2004-06-03,2350.4255,2387.4402,2341.1719,2387.4402,619.838,7877653
2004-06-04,2359.6792,2359.6792,2304.1572,2341.1719,607.8257,1870398
2004-06-07,2359.6792,2368.9329,2322.6646,2341.1719,607.8257,1984083
2004-06-08,2341.1719,2341.1719,2267.1428,2304.1572,598.2157,6039674
2004-06-09,2313.4109,2313.4109,2257.8892,2294.9036,595.8133,2636150
2004-06-10,2267.1428,2313.4109,2267.1428,2285.6499,593.4108,3186096
2004-06-11,2285.6499,2294.9036,2257.8892,2267.1428,588.6059,2594329
2004-06-14,2267.1428,2276.3962,2248.6355,2248.6355,583.8009,1348549
2004-06-15,2267.1428,2285.6499,2257.8892,2257.8892,586.2034,1602071
2004-06-16,2267.1428,2267.1428,2239.3818,2248.6355,583.8009,3169130
2004-06-17,2257.8892,2276.3962,2248.6355,2267.1428,588.6059,842587
2004-06-18,2267.1428,2267.1428,2239.3818,2248.6355,583.8009,2300931
2004-06-21,2248.6355,2257.8892,2239.3818,2239.3818,581.3984,805844
2004-06-22,2239.3818,2248.6355,2202.3672,2202.3672,571.7885,3979081
2004-06-23,2174.6062,2220.8745,2174.6062,2174.6062,564.5811,1912435
2004-06-24,2174.6062,2202.3672,2156.0989,2156.0989,559.7762,2017691
2004-06-25,2156.0989,2174.6062,2146.8455,2156.0989,559.7762,936604
2004-06-28,2146.8455,2156.0989,2128.3381,2146.8455,557.3738,823027
2004-06-29,2146.8455,2211.6208,2146.8455,2202.3672,571.7885,1526209
2004-06-30,2211.6208,2276.3962,2202.3672,2248.6355,583.8009,3082677
2004-07-01,2230.1282,2304.1572,2220.8745,2304.1572,598.2157,2192649
2004-07-02,2276.3962,2313.4109,2276.3962,2294.9036,595.8133,1660427
2004-07-05,2313.4109,2341.1719,2313.4109,2322.6646,603.0207,1225895
2004-07-06,2359.6792,2368.9329,2331.9182,2359.6792,612.6306,3131090
2004-07-07,2350.4255,2359.6792,2313.4109,2322.6646,603.0207,1474986
2004-07-08,2322.6646,2378.1865,2322.6646,2350.4255,610.2281,3008004
2004-07-09,2396.6936,2405.9473,2359.6792,2387.4402,619.838,7660009
2004-07-12,2368.9329,2396.6936,2341.1719,2368.9329,615.0331,4224065
2004-07-13,2359.6792,2378.1865,2331.9182,2341.1719,607.8257,1244374
2004-07-14,2341.1719,2350.4255,2322.6646,2331.9182,605.4232,1210550
2004-07-15,2331.9182,2341.1719,2276.3962,2294.9036,595.8133,4477155
2004-07-16,2294.9036,2368.9329,2276.3962,2368.9329,615.0331,5176231
2004-07-19,2359.6792,2396.6936,2341.1719,2368.9329,615.0331,2377225
2004-07-20,2378.1865,2387.4402,2341.1719,2359.6792,612.6306,6643653
2004-07-21,2359.6792,2359.6792,2322.6646,2359.6792,612.6306,1597532
2004-07-22,2350.4255,2368.9329,2322.6646,2359.6792,612.6306,4043272
2004-07-23,2359.6792,2359.6792,2239.3818,2248.6355,583.8009,5363941
2004-07-26,2183.8599,2202.3672,2128.3381,2193.1135,569.3861,20810721
2004-07-27,2174.6062,2257.8892,2174.6062,2220.8745,576.5935,3036533
2004-07-28,2239.3818,2313.4109,2239.3818,2285.6499,593.4108,3542712
2004-07-29,2285.6499,2359.6792,2285.6499,2350.4255,610.2281,4041326
2004-07-30,2341.1719,2378.1865,2331.9182,2359.6792,612.6306,3295458
2004-08-02,2341.1719,2350.4255,2294.9036,2313.4109,600.6182,1712514
2004-08-03,2304.1572,2304.1572,2239.3818,2239.3818,581.3984,4273559
2004-08-04,2230.1282,2230.1282,2202.3672,2220.8745,576.5935,2839530
2004-08-05,2211.6208,2257.8892,2211.6208,2230.1282,578.996,1275605
2004-08-06,2211.6208,2248.6355,2211.6208,2248.6355,583.8009,1018193
2004-08-09,2220.8745,2285.6499,2220.8745,2220.8745,576.5935,3122877
2004-08-10,2230.1282,2239.3818,2211.6208,2220.8745,576.5935,1753363
2004-08-11,2211.6208,2257.8892,2202.3672,2248.6355,583.8009,3344196
2004-08-12,2220.8745,2220.8745,2202.3672,2220.8745,576.5935,1060014
2004-08-13,2202.3672,2220.8745,2193.1135,2211.6208,574.191,1737261
2004-08-16,2211.6208,2211.6208,2193.1135,2193.1135,569.3861,729334
2004-08-17,2193.1135,2220.8745,2183.8599,2202.3672,571.7885,1058718
2004-08-18,2202.3672,2239.3818,2193.1135,2220.8745,576.5935,2246358
2004-08-19,2220.8745,2239.3818,2211.6208,2230.1282,578.996,728145
2004-08-20,2211.6208,2239.3818,2211.6208,2220.8745,576.5935,1869858
2004-08-23,2220.8745,2239.3818,2211.6208,2211.6208,574.191,961675
2004-08-24,2211.6208,2211.6208,2165.3525,2174.6062,564.5811,3713456
2004-08-25,2165.3525,2174.6062,2128.3381,2146.8455,557.3738,2347831
2004-08-26,2137.5918,2137.5918,2128.3381,2137.5918,554.9713,511582
2004-08-27,2137.5918,2137.5918,2137.5918,2137.5918,554.9713,0
2004-08-30,2156.0989,2174.6062,2082.0698,2082.0698,540.5564,2596058
2004-08-31,2072.8162,2082.0698,2017.2943,2035.8016,528.544,1768600
2004-09-01,1998.787,2091.3235,1998.787,2082.0698,540.5564,1934157
2004-09-02,2082.0698,2183.8599,2082.0698,2165.3525,562.1786,2061674
2004-09-03,2146.8455,2156.0989,2100.5771,2100.5771,545.3613,1371567
2004-09-06,2100.5771,2165.3525,2100.5771,2165.3525,562.1786,1875369
2004-09-07,2128.3381,2202.3672,2128.3381,2174.6062,564.5811,1377727
2004-09-08,2174.6062,2174.6062,2165.3525,2174.6062,564.5811,179604
2004-09-09,2174.6062,2230.1282,2146.8455,2220.8745,576.5935,2549049
2004-09-10,2183.8599,2220.8745,2137.5918,2137.5918,554.9713,4169384
2004-09-13,2183.8599,2220.8745,2100.5771,2100.5771,545.3613,2610539
2004-09-14,2100.5771,2100.5771,2100.5771,2100.5771,545.3613,0
2004-09-15,2100.5771,2100.5771,2100.5771,2100.5771,545.3613,0
2004-09-16,2100.5771,2100.5771,2100.5771,2100.5771,545.3613,0
2004-09-17,2091.3235,2174.6062,2082.0698,2174.6062,564.5811,3101697
2004-09-20,2146.8455,2193.1135,2146.8455,2183.8599,566.9836,1555819
2004-09-21,2156.0989,2183.8599,2146.8455,2146.8455,557.3738,1012682
2004-09-22,2146.8455,2156.0989,2119.0845,2128.3381,552.5688,1885311
2004-09-23,2128.3381,2211.6208,2128.3381,2165.3525,562.1786,12292995
2004-09-24,2128.3381,2146.8455,2054.3088,2054.3088,533.349,3548115
2004-09-27,2072.8162,2091.3235,2072.8162,2091.3235,542.9589,1447645
2004-09-28,2082.0698,2128.3381,2082.0698,2128.3381,552.5688,3952605
2004-09-29,2119.0845,2146.8455,2109.8308,2137.5918,554.9713,2978394
2004-09-30,2128.3381,2146.8455,2091.3235,2091.3235,542.9589,1499301
2004-10-01,2091.3235,2137.5918,2091.3235,2137.5918,554.9713,3514183
2004-10-04,2109.8308,2128.3381,2100.5771,2109.8308,547.7638,0
2004-10-05,2109.8308,2183.8599,2109.8308,2174.6062,564.5811,9663436
2004-10-06,2165.3525,2174.6062,2146.8455,2174.6062,564.5811,4038517
2004-10-07,2165.3525,2239.3818,2165.3525,2230.1282,578.996,26314175
2004-10-08,2230.1282,2294.9036,2211.6208,2220.8745,576.5935,1801128
2004-10-11,2220.8745,2239.3818,2211.6208,2211.6208,574.191,774721
2004-10-12,2220.8745,2294.9036,2220.8745,2294.9036,595.8133,134660252
2004-10-13,2276.3962,2359.6792,2276.3962,2350.4255,610.2281,7204081
2004-10-14,2350.4255,2452.2156,2322.6646,2405.9473,624.6429,12095775
2004-10-15,2405.9473,2470.7229,2405.9473,2470.7229,641.4603,13973414
2004-10-18,2442.9619,2461.4692,2424.4546,2452.2156,636.6553,13447459
2004-10-19,2433.7083,2433.7083,2350.4255,2359.6792,612.6306,1418576
2004-10-20,2359.6792,2405.9473,2350.4255,2378.1865,617.4356,1806855
2004-10-21,2387.4402,2452.2156,2387.4402,2433.7083,631.8504,237317760
2004-10-22,2452.2156,2609.5276,2452.2156,2581.7666,670.2899,49142047
2004-10-25,2581.7666,2637.2886,2581.7666,2618.7813,679.8999,23103547
2004-10-26,2609.5276,2655.7957,2609.5276,2646.542,687.1072,20033405
2004-10-27,2637.2886,2637.2886,2516.991,2572.5129,667.8875,3301294
2004-10-28,2554.0056,2591.0203,2526.2446,2554.0056,663.0825,4303385
2004-10-29,2544.752,2600.2739,2535.4983,2563.2593,665.485,5241718
2004-11-01,2544.752,2600.2739,2544.752,2572.5129,667.8875,8319965
2004-11-02,2572.5129,2581.7666,2554.0056,2554.0056,663.0825,6575139
2004-11-03,2554.0056,2572.5129,2544.752,2572.5129,667.8875,4412856
2004-11-04,2554.0056,2563.2593,2535.4983,2554.0056,663.0825,5739252
2004-11-05,2544.752,2544.752,2479.9766,2489.2302,646.2652,3803042
2004-11-08,2479.9766,2544.752,2479.9766,2544.752,660.68,4873863
2004-11-09,2498.4839,2516.991,2489.2302,2489.2302,646.2652,3157783
2004-11-10,2489.2302,2489.2302,2433.7083,2433.7083,631.8504,2092689
2004-11-11,2433.7083,2479.9766,2433.7083,2470.7229,641.4603,1857862
2004-11-12,2470.7229,2507.7375,2470.7229,2498.4839,648.6677,22574242
2004-11-15,2479.9766,2498.4839,2479.9766,2489.2302,646.2652,1118694
2004-11-16,2498.4839,2526.2446,2489.2302,2516.991,653.4726,4901312
2004-11-17,2516.991,2637.2886,2516.991,2618.7813,679.8999,20793214
2004-11-18,2618.7813,2618.7813,2544.752,2544.752,660.68,5539115
2004-11-19,2554.0056,2572.5129,2507.7375,2526.2446,655.8751,5476761
2004-11-22,2535.4983,2609.5276,2535.4983,2609.5276,677.4974,2888483
2004-11-23,2609.5276,2674.303,2600.2739,2674.303,694.3147,6081496
2004-11-24,2674.303,2702.064,2637.2886,2683.5566,696.7171,8911516
2004-11-25,2674.303,2674.303,2618.7813,2628.0349,682.3023,5737523
2004-11-26,2628.0349,2674.303,2618.7813,2665.0493,691.9122,5990613
2004-11-29,2655.7957,2720.5713,2655.7957,2674.303,694.3147,8814365
2004-11-30,2674.303,2729.825,2637.2886,2692.8103,699.1196,16142073
2004-12-01,2692.8103,2692.8103,2692.8103,2692.8103,699.1196,0
2004-12-02,2683.5566,2905.644,2674.303,2905.644,754.3765,13381323
2004-12-03,2831.615,2961.166,2785.3467,2785.3467,723.1443,5168450
2004-12-06,2868.6296,2877.8833,2803.854,2868.6296,744.7666,5383176
2004-12-07,2887.1367,2905.644,2822.3613,2822.3613,732.7542,9966668
2004-12-08,2831.615,2896.3904,2831.615,2868.6296,744.7666,3004330
2004-12-09,2905.644,2924.1514,2868.6296,2877.8833,747.1691,8800641
2004-12-10,2887.1367,2942.6587,2887.1367,2914.8977,756.7789,9777337
2004-12-13,2914.8977,3007.4341,2905.644,2988.927,775.9988,3889494
2004-12-14,2988.927,2988.927,2988.927,2988.927,775.9988,0
2004-12-15,2988.927,2988.927,2988.927,2988.927,775.9988,0
2004-12-16,2988.927,2988.927,2988.927,2988.927,775.9988,0
2004-12-17,2961.166,3099.9707,2961.166,2998.1807,778.4013,75990498
2004-12-20,3062.9561,3099.9707,3044.4487,3081.4634,800.0235,7811841
2004-12-21,3081.4634,3173.9998,3072.2097,3072.2097,797.621,82849094
2004-12-22,3072.2097,3099.9707,3044.4487,3062.9561,795.2185,12722339
2004-12-23,3062.9561,3090.717,3016.6877,3016.6877,783.2061,3153892
2004-12-24,3025.9414,3081.4634,3016.6877,3081.4634,800.0235,18934271
2004-12-27,3081.4634,3081.4634,3081.4634,3081.4634,800.0235,0
2004-12-28,3081.4634,3081.4634,3081.4634,3081.4634,800.0235,0
2004-12-29,3081.4634,3081.4634,3081.4634,3081.4634,800.0235,0
2004-12-30,3081.4634,3081.4634,3081.4634,3081.4634,800.0235,0
2004-12-31,3081.4634,3081.4634,3081.4634,3081.4634,800.0235,0
2005-01-03,3062.9561,3238.7754,3025.9414,3229.5217,838.4631,14313064
2005-01-04,3201.7607,3322.0581,3201.7607,3312.8044,860.0853,14137674
2005-01-05,3322.0581,3507.1309,3322.0581,3470.1165,900.9274,18271073
2005-01-06,3507.1309,3645.9355,3507.1309,3590.4138,932.1595,11540535
2005-01-07,3599.6675,3618.1748,3571.9065,3590.4138,932.1595,8582889
2005-01-10,3590.4138,3599.6675,3470.1165,3488.6238,905.7323,18238437
2005-01-11,3488.6238,3488.6238,3488.6238,3488.6238,905.7323,0
2005-01-12,3488.6238,3488.6238,3488.6238,3488.6238,905.7323,0
2005-01-13,3488.6238,3488.6238,3488.6238,3488.6238,905.7323,0
2005-01-14,3488.6238,3488.6238,3488.6238,3488.6238,905.7323,0
2005-01-17,3534.8918,3599.6675,3534.8918,3581.1602,929.757,19492970
2005-01-18,3599.6675,3793.9939,3599.6675,3793.9939,985.0139,35157610
2005-01-19,3840.2622,3932.7986,3793.9939,3914.2913,1016.246,19568291
2005-01-20,3905.0376,3923.5449,3673.6965,3692.2039,958.5867,32345853
2005-01-21,3682.9502,3895.7839,3571.9065,3858.7695,1001.8312,43584561
2005-01-24,3858.7695,4164.1396,3849.5159,4164.1396,1081.1128,23028226
2005-01-25,4154.8862,4201.1543,3997.574,4099.3643,1064.2955,16134293
2005-01-26,4071.6033,4071.6033,3914.2913,3914.2913,1016.246,4903041
2005-01-27,3905.0376,3905.0376,3766.2329,3840.2622,997.0263,8257179
2005-01-28,3886.5303,3960.5596,3849.5159,3877.2766,1006.6361,3396607
2005-01-31,3877.2766,3886.5303,3840.2622,3840.2622,997.0263,3175613
2005-02-01,3849.5159,3886.5303,3831.0085,3886.5303,1009.0386,3162754
2005-02-02,3886.5303,3979.0669,3886.5303,3923.5449,1018.6485,4052025
2005-02-03,3923.5449,3942.0522,3905.0376,3942.0522,1023.4535,7708098
2005-02-04,3923.5449,3979.0669,3868.0229,3960.5596,1028.2584,24959465
2005-02-07,3895.7839,3895.7839,3858.7695,3868.0229,1004.2336,3688060
2005-02-08,3858.7695,3858.7695,3682.9502,3682.9502,956.1842,8547227
2005-02-09,3516.3845,3692.2039,3423.8481,3655.1892,948.9768,12236801
2005-02-10,3719.9648,3868.0229,3719.9648,3868.0229,1004.2336,10029130
2005-02-11,3812.5012,3942.0522,3812.5012,3886.5303,1009.0386,17511048
2005-02-14,3849.5159,4071.6033,3849.5159,4071.6033,1057.0881,81055206
2005-02-15,4016.0813,4080.8569,4016.0813,4071.6033,1057.0881,6939968
2005-02-16,4053.0959,4164.1396,4053.0959,4164.1396,1081.1128,8449536
2005-02-17,4117.8716,4182.647,4090.1106,4164.1396,1081.1128,7902292
2005-02-18,4164.1396,4164.1396,4164.1396,4164.1396,1081.1128,0
2005-02-21,4136.3789,4265.9297,4136.3789,4256.6763,1105.1376,5824624
2005-02-22,4265.9297,4441.749,4265.9297,4432.4951,1150.7845,4661190
2005-02-23,4358.4663,4858.1631,4358.4663,4858.1631,1261.2983,11088172
2005-02-24,4765.6265,4904.4312,4626.8218,4719.3584,1225.2612,11243679
2005-02-25,4534.2856,4719.3584,4534.2856,4626.8218,1201.2364,7195327
2005-02-28,4552.7925,4673.0898,4488.0171,4534.2856,1177.2118,9246519
2005-03-01,4460.2563,4626.8218,4460.2563,4562.0464,1184.4192,5295
2005-03-02,4562.0464,4562.0464,4562.0464,4562.0464,1184.4192,0
2005-03-03,4562.0464,4562.0464,4562.0464,4562.0464,1184.4192,0
2005-03-04,4562.0464,4562.0464,4562.0464,4562.0464,1184.4192,0
2005-03-07,4302.9443,4469.5098,4302.9443,4302.9443,1117.1499,4971
2005-03-08,4191.9004,4339.959,4164.1396,4191.9004,1088.3202,4862
2005-03-09,4117.8716,4256.6763,4117.8716,4201.1543,1090.7227,4754
2005-03-10,4256.6763,4506.5244,4256.6763,4441.749,1153.187,5079
2005-03-11,4376.9736,4488.0171,4376.9736,4376.9736,1136.3697,5079
2005-03-14,4349.2124,4395.481,4349.2124,4349.2124,1129.1622,5079
2005-03-15,4164.1396,4265.9297,4164.1396,4164.1396,1081.1128,4862
2005-03-16,3932.7986,4145.6323,3932.7986,3932.7986,1021.051,4646
2005-03-17,3608.9211,3886.5303,3608.9211,3608.9211,936.9644,4214
2005-03-18,3497.8774,3516.3845,3497.8774,3497.8774,908.1348,3998
2005-03-21,3451.6091,3738.4722,3451.6091,3451.6091,896.1224,4106
2005-03-22,3386.8335,3470.1165,3377.5798,3386.8335,879.3051,3890
2005-03-23,3396.0872,3451.6091,3396.0872,3405.3408,884.11,3890
2005-03-24,3331.3118,3405.3408,3331.3118,3331.3118,864.8903,3890
2005-03-25,3192.5071,3285.0435,3192.5071,3192.5071,828.8532,3674
2005-03-28,2831.615,3099.9707,2831.615,2831.615,735.1567,3458
2005-03-29,3016.6877,3127.7317,2554.0056,3016.6877,783.2061,3458
2005-03-30,3127.7317,3229.5217,3062.9561,3127.7317,812.0359,3566
2005-03-31,3192.5071,3331.3118,3192.5071,3248.0291,843.268,3674
2005-04-01,3331.3118,3516.3845,3294.2971,3331.3118,864.8903,3890
2005-04-04,3349.8191,3507.1309,3331.3118,3349.8191,869.6952,9978123
2005-04-05,3359.0728,3359.0728,3201.7607,3331.3118,864.8903,4916657
2005-04-06,3331.3118,3331.3118,3331.3118,3331.3118,864.8903,0
2005-04-07,3414.5945,3414.5945,3192.5071,3238.7754,840.8655,3348518
2005-04-08,3164.7461,3312.8044,3109.2244,3238.7754,840.8655,4778658
2005-04-11,3192.5071,3285.0435,3192.5071,3285.0435,852.8779,1004685
2005-04-12,3257.2825,3359.0728,3248.0291,3359.0728,872.0977,2901235
2005-04-13,3405.3408,3423.8481,3359.0728,3423.8481,888.915,6078686
2005-04-14,3423.8481,3442.3555,3349.8191,3396.0872,881.7075,3419409
2005-04-15,3331.3118,3331.3118,3211.0144,3294.2971,855.2803,2076047
2005-04-18,3229.5217,3229.5217,3099.9707,3183.2534,826.4507,3974866
2005-04-19,3164.7461,3211.0144,3099.9707,3146.2388,816.8408,1700627
2005-04-20,3072.2097,3136.9851,2979.6733,3044.4487,790.4136,2626424
2005-04-21,2979.6733,3099.9707,2979.6733,3090.717,802.4259,1080007
2005-04-22,3090.717,3090.717,3090.717,3090.717,802.4259,0
2005-04-25,3016.6877,3016.6877,2822.3613,2831.615,735.1567,2846446
2005-04-26,2822.3613,2998.1807,2822.3613,2942.6587,763.9864,2724764
2005-04-27,2942.6587,2979.6733,2905.644,2905.644,754.3765,624834
2005-04-28,2887.1367,2942.6587,2877.8833,2924.1514,759.1814,1037645
2005-04-29,2914.8977,2961.166,2914.8977,2914.8977,756.7789,1820580
2005-05-02,2914.8977,2914.8977,2914.8977,2914.8977,756.7789,0
2005-05-03,2924.1514,3081.4634,2924.1514,3072.2097,797.621,1975978
2005-05-04,3146.2388,3201.7607,3099.9707,3146.2388,816.8408,1892551
2005-05-05,3146.2388,3146.2388,3146.2388,3146.2388,816.8408,0
2005-05-06,3146.2388,3146.2388,3146.2388,3146.2388,816.8408,0
2005-05-09,2998.1807,3099.9707,2979.6733,3044.4487,790.4136,5434291
2005-05-10,3035.1951,3053.7024,2961.166,3007.4341,780.8037,2983041
2005-05-11,3007.4341,3007.4341,2933.405,2998.1807,778.4013,1136201
2005-05-12,2961.166,2961.166,2914.8977,2942.6587,763.9864,773965
2005-05-13,2914.8977,2988.927,2887.1367,2988.927,775.9988,2112465
2005-05-16,2979.6733,3044.4487,2979.6733,3007.4341,780.8037,2044816
2005-05-17,2998.1807,3044.4487,2988.927,3044.4487,790.4136,5839861
2005-05-18,3007.4341,3035.1951,3007.4341,3016.6877,783.2061,981667
2005-05-19,3025.9414,3164.7461,3025.9414,3164.7461,821.6457,8583321
2005-05-20,3211.0144,3322.0581,3164.7461,3275.7898,850.4754,10971786
2005-05-23,3285.0435,3303.5508,3229.5217,3275.7898,850.4754,3631974
2005-05-24,3275.7898,3275.7898,3275.7898,3275.7898,850.4754,0
2005-05-25,3275.7898,3275.7898,3275.7898,3275.7898,850.4754,0
2005-05-26,3275.7898,3275.7898,3275.7898,3275.7898,850.4754,0
2005-05-27,3349.8191,3349.8191,3183.2534,3331.3118,864.8903,12701807
2005-05-30,3266.5361,3285.0435,3072.2097,3072.2097,797.621,3894898
2005-05-31,3062.9561,3285.0435,3062.9561,3238.7754,840.8655,1579485
2005-06-01,3229.5217,3386.8335,3229.5217,3377.5798,876.9026,4022199
2005-06-02,3349.8191,3405.3408,3312.8044,3405.3408,884.11,2844501
2005-06-03,3405.3408,3405.3408,3405.3408,3405.3408,884.11,0
2005-06-06,3331.3118,3368.3264,3312.8044,3322.0581,862.4878,2652144
2005-06-07,3322.0581,3414.5945,3322.0581,3414.5945,886.5125,5413543
2005-06-08,3396.0872,3608.9211,3396.0872,3608.9211,936.9644,8925457
2005-06-09,3608.9211,3886.5303,3581.1602,3756.9792,975.404,14215157
2005-06-10,3729.2185,3793.9939,3673.6965,3692.2039,958.5867,2309576
2005-06-13,3645.9355,3784.7402,3645.9355,3692.2039,958.5867,2771556
2005-06-14,3682.9502,3729.2185,3682.9502,3719.9648,965.7941,865388
2005-06-15,3701.4575,3729.2185,3692.2039,3692.2039,958.5867,1940640
2005-06-16,3673.6965,3793.9939,3673.6965,3756.9792,975.404,1888337
2005-06-17,3747.7256,3793.9939,3729.2185,3756.9792,975.404,1752606
2005-06-20,3747.7256,3775.4866,3729.2185,3738.4722,970.5991,1541987
2005-06-21,3729.2185,3738.4722,3701.4575,3729.2185,968.1966,2395380
2005-06-22,3701.4575,3710.7112,3673.6965,3673.6965,953.7817,3205007
2005-06-23,3655.1892,3729.2185,3655.1892,3729.2185,968.1966,1775192
2005-06-24,3701.4575,3756.9792,3701.4575,3729.2185,968.1966,3784130
2005-06-27,3729.2185,3729.2185,3729.2185,3729.2185,968.1966,0
2005-06-28,3729.2185,3729.2185,3729.2185,3729.2185,968.1966,0
2005-06-29,3729.2185,3729.2185,3729.2185,3729.2185,968.1966,0
2005-06-30,3729.2185,3729.2185,3729.2185,3729.2185,968.1966,0
2005-07-01,3729.2185,3729.2185,3729.2185,3729.2185,968.1966,0
2005-07-04,0.3701,0.3794,0.3701,0.3794,0.0985,6339772
2005-07-05,0.3812,0.3877,0.3812,0.384,0.0997,2716767
2005-07-06,0.384,0.384,0.384,0.384,0.0997,0
2005-07-07,0.384,0.384,0.384,0.384,0.0997,0
2005-07-08,0.384,0.384,0.384,0.384,0.0997,0
2005-07-11,0.384,0.384,0.384,0.384,0.0997,0
2005-07-12,0.384,0.384,0.384,0.384,0.0997,0
2005-07-13,0.384,0.384,0.384,0.384,0.0997,0
2005-07-14,0.384,0.384,0.384,0.384,0.0997,0
2005-07-15,0.384,0.384,0.384,0.384,0.0997,0
2005-07-18,0.384,0.384,0.384,0.384,0.0997,0
2005-07-19,0.384,0.384,0.384,0.384,0.0997,0
2005-07-20,0.384,0.384,0.384,0.384,0.0997,0
2005-07-21,0.384,0.384,0.384,0.384,0.0997,0
2005-07-22,0.384,0.384,0.384,0.384,0.0997,0
2005-07-25,0.384,0.384,0.384,0.384,0.0997,0
2005-07-26,0.384,0.384,0.384,0.384,0.0997,0
2005-07-27,0.384,0.384,0.384,0.384,0.0997,0
2005-07-28,0.384,0.384,0.384,0.384,0.0997,0
2005-07-29,0.384,0.384,0.384,0.384,0.0997,0
2005-08-01,0.384,0.384,0.384,0.384,0.0997,0
2005-08-02,0.384,0.384,0.384,0.384,0.0997,0
2005-08-03,0.384,0.384,0.384,0.384,0.0997,0
2005-08-04,0.4534,0.4627,0.4534,0.4571,0.1187,3445129
2005-08-05,0.4544,0.4618,0.4488,0.4562,0.1184,2230472
2005-08-08,0.4488,0.4544,0.4414,0.4442,0.1153,1235513
2005-08-09,0.4423,0.4534,0.422,0.4432,0.1151,3191283
2005-08-10,0.4414,0.4451,0.4349,0.4432,0.1151,2184869
2005-08-11,0.434,0.4451,0.434,0.4377,0.1136,3517965
2005-08-12,0.4368,0.4423,0.4368,0.4377,0.1136,2655170
2005-08-15,0.4405,0.4479,0.4395,0.4395,0.1141,2979799
2005-08-16,0.4395,0.4423,0.4294,0.4303,0.1117,12622379
2005-08-17,0.4303,0.434,0.4201,0.4257,0.1105,12020021
2005-08-18,0.4173,0.4303,0.4155,0.4164,0.1081,7555402
2005-08-19,0.4146,0.421,0.4118,0.4118,0.1069,4858950
2005-08-22,0.4109,0.4155,0.4081,0.4109,0.1067,4475858
2005-08-23,0.4136,0.4229,0.4118,0.4164,0.1081,39322456
2005-08-24,0.4192,0.4238,0.4099,0.4118,0.1069,21460951
2005-08-25,0.4146,0.4155,0.4099,0.4136,0.1074,1542959
2005-08-26,0.4099,0.4146,0.4099,0.4099,0.1064,3724154
2005-08-29,0.4081,0.4155,0.4035,0.4146,0.1076,5534792
2005-08-30,0.4109,0.4229,0.4109,0.4192,0.1088,3200577
2005-08-31,0.4201,0.4266,0.4192,0.4257,0.1105,21334082
2005-09-01,0.422,0.434,0.422,0.4312,0.112,13428764
2005-09-02,0.434,0.4405,0.434,0.4358,0.1131,7455009
2005-09-05,0.4377,0.4395,0.4257,0.4266,0.1108,2733517
2005-09-06,0.4257,0.4368,0.4247,0.4358,0.1131,4249893
2005-09-07,0.4303,0.4395,0.4303,0.4358,0.1131,2648794
2005-09-08,0.4349,0.4395,0.434,0.4358,0.1131,2172765
2005-09-09,0.434,0.4405,0.4331,0.434,0.1127,4068775
2005-09-12,0.4349,0.4395,0.4331,0.4395,0.1141,6949046
2005-09-13,0.4377,0.4414,0.4368,0.4386,0.1139,6607667
2005-09-14,0.4395,0.4423,0.4312,0.4358,0.1131,7956649
2005-09-15,0.4349,0.4377,0.4331,0.4349,0.1129,5961759
2005-09-16,0.4331,0.4368,0.4284,0.4358,0.1131,5885357
2005-09-19,0.434,0.4377,0.4312,0.4377,0.1136,1606286
2005-09-20,0.4358,0.4442,0.4358,0.4423,0.1148,19104582
2005-09-21,0.4432,0.4442,0.4321,0.4321,0.1122,11250271
2005-09-22,0.4331,0.4368,0.4331,0.4358,0.1131,2088258
2005-09-23,0.4368,0.4423,0.4368,0.4405,0.1144,3545414
2005-09-26,0.4395,0.4432,0.4386,0.4386,0.1139,4541454
2005-09-27,0.4395,0.4405,0.4358,0.4358,0.1131,8693980
2005-09-28,0.4358,0.4358,0.4229,0.4247,0.1103,13351713
2005-09-29,0.4229,0.4238,0.4173,0.4173,0.1083,5808522
2005-09-30,0.4183,0.4275,0.4183,0.4192,0.1088,9519385
2005-10-03,0.422,0.422,0.4155,0.4173,0.1083,5925449
2005-10-04,0.4164,0.4275,0.4164,0.4229,0.1098,6744802
2005-10-05,0.422,0.4257,0.4201,0.4247,0.1103,4636551
2005-10-06,0.4257,0.4294,0.4247,0.4275,0.111,10416329
2005-10-07,0.4266,0.4266,0.421,0.422,0.1096,3356731
2005-10-10,0.4201,0.4229,0.4183,0.422,0.1096,2397542
2005-10-11,0.421,0.4294,0.4201,0.4247,0.1103,4758449
2005-10-12,0.4238,0.4257,0.4201,0.421,0.1093,7503854
2005-10-13,0.421,0.4238,0.4155,0.4155,0.1079,22802585
2005-10-14,0.4127,0.4146,0.4016,0.4053,0.1052,12664416
2005-10-17,0.4044,0.4081,0.4016,0.4016,0.1043,12995313
2005-10-18,0.4016,0.4127,0.397,0.4072,0.1057,17471712
2005-10-19,0.4081,0.409,0.4062,0.4062,0.1055,748137
2005-10-20,0.4109,0.4109,0.3988,0.4016,0.1043,18345746
2005-10-21,0.4016,0.4016,0.3979,0.3998,0.1038,3985240
2005-10-24,0.3998,0.4044,0.3998,0.3998,0.1038,7524279
2005-10-25,0.3998,0.4072,0.3998,0.4062,0.1055,3516020
2005-10-26,0.4072,0.409,0.3998,0.4025,0.1045,11497633
2005-10-27,0.4007,0.4025,0.3988,0.3998,0.1038,5875199
2005-10-28,0.3979,0.3979,0.3794,0.3803,0.0987,14419941
2005-10-31,0.372,0.3794,0.3618,0.3738,0.097,7726686
2005-11-01,0.372,0.3766,0.3692,0.3738,0.097,3390556
2005-11-02,0.3748,0.3887,0.3748,0.3887,0.1009,8823659
2005-11-03,0.3896,0.3905,0.3822,0.3822,0.0992,7098068
2005-11-04,0.3812,0.3868,0.3812,0.3868,0.1004,3218407
2005-11-07,0.3887,0.4164,0.3859,0.4164,0.1081,9420181
2005-11-08,0.4072,0.4072,0.3887,0.3905,0.1014,13114617
2005-11-09,0.3905,0.3933,0.3877,0.3933,0.1021,3255258
2005-11-10,0.3933,0.3933,0.3887,0.3887,0.1009,3133684
2005-11-11,0.3905,0.3914,0.3868,0.3887,0.1009,3784239
2005-11-14,0.3887,0.3933,0.3859,0.3933,0.1021,2425855
2005-11-15,0.3887,0.3942,0.3887,0.3914,0.1016,3735285
2005-11-16,0.3933,0.3951,0.3896,0.3942,0.1023,982639
2005-11-17,0.3933,0.4025,0.3914,0.3924,0.1019,19186280
2005-11-18,0.3924,0.3979,0.3887,0.3933,0.1021,16354854
2005-11-21,0.3979,0.4007,0.3924,0.3933,0.1021,26256576
2005-11-22,0.3933,0.3933,0.3933,0.3933,0.1021,0
2005-11-23,0.3933,0.3933,0.3933,0.3933,0.1021,0
2005-11-24,0.4072,0.4118,0.4035,0.4053,0.1052,28771369
2005-11-25,0.4053,0.4109,0.4053,0.4072,0.1057,15083463
2005-11-28,0.4081,0.4247,0.4081,0.4229,0.1098,25681883
2005-11-29,0.4294,0.4442,0.4294,0.4432,0.1151,42923091
2005-11-30,0.4479,0.4581,0.4469,0.4479,0.1163,17180907
2005-12-01,0.4479,0.4479,0.4479,0.4479,0.1163,0
2005-12-02,0.4479,0.4479,0.4479,0.4479,0.1163,0
2005-12-05,0.4479,0.4507,0.4442,0.4488,0.1165,11412261
2005-12-06,0.4442,0.4442,0.4358,0.4414,0.1146,11924275
2005-12-07,0.4349,0.4534,0.4349,0.4469,0.116,11705226
2005-12-08,0.4516,0.4627,0.4516,0.4627,0.1201,20921056
2005-12-09,0.4766,0.4766,0.4516,0.4544,0.118,14888837
2005-12-12,0.4534,0.4581,0.4442,0.4442,0.1153,14001835
2005-12-13,0.446,0.4571,0.4442,0.4469,0.116,7422697
2005-12-14,0.4469,0.4488,0.4395,0.4395,0.1141,6719947
2005-12-15,0.4386,0.4395,0.4358,0.4377,0.1136,2923713
2005-12-16,0.4358,0.446,0.434,0.4414,0.1146,4883805
2005-12-19,0.4469,0.4469,0.4368,0.4469,0.116,7302853
2005-12-20,0.4442,0.4488,0.4414,0.4488,0.1165,8946421
2005-12-21,0.4442,0.4525,0.4442,0.4497,0.1168,27547527
2005-12-22,0.4497,0.4525,0.446,0.446,0.1158,13143795
2005-12-23,0.4488,0.4507,0.4349,0.4414,0.1146,27931591
2005-12-26,0.4414,0.4414,0.4414,0.4414,0.1146,0
2005-12-27,0.4414,0.4414,0.4414,0.4414,0.1146,0
2005-12-28,0.4414,0.4414,0.4414,0.4414,0.1146,0
2005-12-29,0.4414,0.4414,0.4414,0.4414,0.1146,0
2005-12-30,0.4414,0.4414,0.4414,0.4414,0.1146,0
2006-01-02,0.4414,0.4414,0.4414,0.4414,0.1146,0
2006-01-03,0.4423,0.4534,0.4405,0.4507,0.117,6070257
2006-01-04,0.4534,0.4812,0.4534,0.4766,0.1237,38293996
2006-01-05,0.4812,0.4812,0.4673,0.4766,0.1237,12467089
2006-01-06,0.4719,0.4812,0.4673,0.4719,0.1225,6243054
2006-01-09,0.4719,0.4997,0.4719,0.4951,0.1285,30458920
2006-01-10,0.4997,0.5089,0.4904,0.4997,0.1297,9785874
2006-01-11,0.4997,0.5321,0.4951,0.5275,0.137,28675298
2006-01-12,0.5275,0.5506,0.5228,0.546,0.1418,23581305
2006-01-13,0.546,0.5506,0.5321,0.5321,0.1381,18049970
2006-01-16,0.5321,0.546,0.5275,0.5367,0.1393,5910752
2006-01-17,0.5413,0.5552,0.5413,0.5506,0.1429,22414630
2006-01-18,0.5506,0.5506,0.5506,0.5506,0.1429,0
2006-01-19,0.5275,0.5552,0.5275,0.5552,0.1441,12428941
2006-01-20,0.5552,0.5784,0.5506,0.5737,0.1489,14241417
2006-01-23,0.5691,0.5784,0.5598,0.5784,0.1502,11872836
2006-01-24,0.5691,0.5737,0.5506,0.5552,0.1441,13572707
2006-01-25,0.5552,0.5691,0.5506,0.5691,0.1478,11099627
2006-01-26,0.5598,0.5691,0.5552,0.5598,0.1453,16732976
2006-01-27,0.5645,0.5645,0.5552,0.5598,0.1453,3632623
2006-01-30,0.5598,0.5691,0.5552,0.5598,0.1453,11332833
2006-01-31,0.5645,0.5691,0.5598,0.5691,0.1478,6577192
2006-02-01,0.5737,0.5969,0.5691,0.5969,0.155,14619538
2006-02-02,0.5922,0.6061,0.5876,0.5876,0.1526,10591071
2006-02-03,0.583,0.5876,0.5784,0.583,0.1514,10313018
2006-02-06,0.583,0.5876,0.5737,0.583,0.1514,5136571
2006-02-07,0.5784,0.5969,0.5784,0.5922,0.1537,12474977
2006-02-08,0.5969,0.6015,0.5737,0.5784,0.1502,16781389
2006-02-09,0.5737,0.583,0.5645,0.5784,0.1502,65046917
2006-02-10,0.5737,0.5876,0.5737,0.583,0.1514,4650816
2006-02-13,0.583,0.5876,0.5737,0.5737,0.1489,2161526
2006-02-14,0.5737,0.5737,0.5506,0.5506,0.1429,10996641
2006-02-15,0.546,0.5598,0.5413,0.546,0.1418,20163516
2006-02-16,0.546,0.5552,0.5413,0.5552,0.1441,5764323
2006-02-17,0.5506,0.5598,0.546,0.5598,0.1453,5565375
2006-02-20,0.5552,0.5737,0.5552,0.5691,0.1478,6818287
2006-02-21,0.5645,0.5645,0.5413,0.5598,0.1453,6091546
2006-02-22,0.5506,0.5691,0.546,0.5691,0.1478,6365924
2006-02-23,0.5598,0.5645,0.5552,0.5598,0.1453,3544441
2006-02-24,0.5552,0.5645,0.5506,0.5552,0.1441,3164267
2006-02-27,0.5552,0.5645,0.5552,0.5598,0.1453,3718643
2006-02-28,0.5598,0.5784,0.5552,0.5784,0.1502,6511921
2006-03-01,0.5784,0.583,0.5737,0.5784,0.1502,4457919
2006-03-02,0.5737,0.5784,0.5552,0.5552,0.1441,11202722
2006-03-03,0.5506,0.5691,0.5506,0.5691,0.1478,4102384
2006-03-06,0.5645,0.5784,0.5598,0.5784,0.1502,4355257
2006-03-07,0.5737,0.5737,0.5645,0.5691,0.1478,4374384
2006-03-08,0.5645,0.5737,0.5645,0.5691,0.1478,5305045
2006-03-09,0.5645,0.5737,0.5506,0.5552,0.1441,5649882
2006-03-10,0.5552,0.5552,0.5321,0.546,0.1418,10135250
2006-03-13,0.5552,0.5598,0.546,0.5506,0.1429,6996595
2006-03-14,0.546,0.546,0.5182,0.5228,0.1357,6510408
2006-03-15,0.5182,0.5321,0.5136,0.5275,0.137,5034557
2006-03-16,0.5275,0.5413,0.5228,0.5413,0.1405,5795122
2006-03-17,0.5367,0.5506,0.5367,0.5413,0.1405,3817090
2006-03-20,0.5413,0.5413,0.5321,0.5367,0.1393,6256022
2006-03-21,0.5321,0.5552,0.5321,0.5552,0.1441,7573881
2006-03-22,0.546,0.5552,0.5367,0.5413,0.1405,3602364
2006-03-23,0.5367,0.5552,0.5367,0.546,0.1418,3528988
2006-03-24,0.546,0.546,0.5413,0.546,0.1418,2477942
2006-03-27,0.546,0.5552,0.5413,0.5552,0.1441,1683985
2006-03-28,0.546,0.5598,0.5367,0.5413,0.1405,5023426
2006-03-29,0.5413,0.5413,0.5413,0.5413,0.1405,0
2006-03-30,0.5367,0.5413,0.5136,0.5275,0.137,15949609
2006-03-31,0.5275,0.5367,0.5182,0.5228,0.1357,6777762
2006-04-03,0.5367,0.5367,0.5275,0.5321,0.1381,3504997
2006-04-04,0.5228,0.5275,0.4951,0.5043,0.1309,10768082
2006-04-05,0.4951,0.5089,0.4951,0.4997,0.1297,5202815
2006-04-06,0.4719,0.4904,0.4618,0.4766,0.1237,11328078
2006-04-07,0.4766,0.4904,0.4719,0.4858,0.1261,2953755
2006-04-10,0.4904,0.4997,0.4858,0.4997,0.1297,1911247
2006-04-11,0.4997,0.5089,0.4951,0.5043,0.1309,4454461
2006-04-12,0.4951,0.5043,0.4951,0.5043,0.1309,1298191
2006-04-13,0.5043,0.5043,0.4858,0.4951,0.1285,2916040
2006-04-14,0.4904,0.4951,0.4858,0.4951,0.1285,865064
2006-04-17,0.4951,0.5043,0.4951,0.4997,0.1297,1771518
2006-04-18,0.4951,0.4997,0.4951,0.4951,0.1285,3476252
2006-04-19,0.4951,0.4997,0.4904,0.4951,0.1285,2060485
2006-04-20,0.4904,0.4997,0.4904,0.4951,0.1285,1533666
2006-04-21,0.4904,0.4997,0.4904,0.4997,0.1297,870792
2006-04-24,0.4997,0.4997,0.4997,0.4997,0.1297,0
2006-04-25,0.4997,0.4997,0.4997,0.4997,0.1297,0
2006-04-26,0.4997,0.4997,0.4997,0.4997,0.1297,0
2006-04-27,0.4997,0.4997,0.4997,0.4997,0.1297,0
2006-04-28,0.5043,0.5275,0.5043,0.5228,0.1357,12978455
2006-05-01,0.5228,0.5228,0.5228,0.5228,0.1357,0
2006-05-02,0.5182,0.5228,0.5136,0.5228,0.1357,3637377
2006-05-03,0.5182,0.5228,0.5043,0.5136,0.1333,3946985
2006-05-04,0.5089,0.5136,0.4997,0.4997,0.1297,3090458
2006-05-05,0.5089,0.5182,0.4997,0.5136,0.1333,7647149
2006-05-08,0.5089,0.5228,0.5089,0.5228,0.1357,6353605
2006-05-09,0.4997,0.5089,0.4997,0.5089,0.1347,4863705
2006-05-10,0.4997,0.5089,0.4997,0.4997,0.1323,5025587
2006-05-11,0.4997,0.4997,0.4997,0.4997,0.1323,0
2006-05-12,0.4951,0.4997,0.4951,0.4997,0.1323,2067509
2006-05-15,0.4997,0.4997,0.4812,0.4812,0.1274,4114163
2006-05-16,0.5089,0.5089,0.4858,0.4858,0.1286,9749456
2006-05-17,0.4904,0.4997,0.4858,0.4904,0.1298,3660287
2006-05-18,0.4858,0.4904,0.4673,0.4673,0.1237,7139241
2006-05-19,0.4673,0.4766,0.4673,0.4719,0.1249,2050759
2006-05-22,0.4766,0.4766,0.4581,0.4618,0.1222,4176516
2006-05-23,0.459,0.4673,0.4072,0.4081,0.108,10920130
2006-05-24,0.4405,0.4534,0.4303,0.4358,0.1154,10427784
2006-05-25,0.4432,0.4553,0.4386,0.4507,0.1193,3335010
2006-05-26,0.4507,0.4812,0.4507,0.4812,0.1274,5635617
2006-05-29,0.4766,0.4858,0.4673,0.4673,0.1237,2607297
2006-05-30,0.4673,0.4766,0.4627,0.4719,0.1249,4337426
2006-05-31,0.4673,0.4766,0.4627,0.4719,0.1249,4323378
2006-06-01,0.4719,0.4719,0.4627,0.4627,0.1225,3152163
2006-06-02,0.4627,0.4812,0.4627,0.4766,0.1262,3553951
2006-06-05,0.4719,0.4766,0.4719,0.4766,0.1262,730306
2006-06-06,0.4673,0.4766,0.4673,0.4766,0.1262,1752714
2006-06-07,0.4766,0.4812,0.4719,0.4766,0.1262,9006290
2006-06-08,0.4719,0.4766,0.4627,0.4673,0.1237,8896387
2006-06-09,0.4673,0.4719,0.4627,0.4673,0.1237,4882725
2006-06-12,0.4673,0.4719,0.4627,0.4673,0.1237,16348911
2006-06-13,0.4627,0.4673,0.459,0.4627,0.1225,9099766
2006-06-14,0.4618,0.4627,0.4581,0.4581,0.1213,1134688
2006-06-15,0.4581,0.4581,0.4581,0.4581,0.1213,0
2006-06-16,0.4581,0.4581,0.4581,0.4581,0.1213,0
2006-06-19,0.4534,0.4581,0.4516,0.4571,0.121,957244
2006-06-20,0.4544,0.4581,0.4525,0.4534,0.12,2394840
2006-06-21,0.4516,0.4534,0.4507,0.4516,0.1195,1124530
2006-06-22,0.4497,0.4534,0.4469,0.4488,0.1188,2544511
2006-06-23,0.4451,0.4507,0.4423,0.4423,0.1171,1265663
2006-06-26,0.4405,0.4405,0.4257,0.4349,0.1151,3060308
2006-06-27,0.4257,0.4303,0.4238,0.4238,0.1122,2696991
2006-06-28,0.421,0.4395,0.4183,0.4395,0.1163,3571998
2006-06-29,0.4395,0.4599,0.4395,0.4581,0.1213,1600018
2006-06-30,0.4618,0.4719,0.4599,0.4719,0.1249,5047957
2006-07-03,0.4767,0.4767,0.4673,0.4766,0.1262,1993701
2006-07-04,0.4904,0.4904,0.4812,0.4904,0.1298,2003643
2006-07-05,0.4807,0.4807,0.4719,0.4766,0.1262,942439
2006-07-06,0.4766,0.4766,0.4673,0.4766,0.1262,1171214
2006-07-07,0.4858,0.4858,0.4766,0.4858,0.1286,3460474
2006-07-10,0.4819,0.4819,0.4766,0.4812,0.1274,1914705
2006-07-11,0.4812,0.4812,0.4673,0.4812,0.1274,1305215
2006-07-12,0.4766,0.4766,0.4719,0.4766,0.1262,1128960
2006-07-13,0.4768,0.4768,0.4719,0.4766,0.1262,2546132
2006-07-14,0.4766,0.4766,0.4673,0.4766,0.1262,1815717
2006-07-17,0.4858,0.4858,0.4673,0.4858,0.1286,1980949
2006-07-18,0.4951,0.4951,0.4812,0.4951,0.131,7915908
2006-07-19,0.4896,0.4896,0.4766,0.4812,0.1274,2765397
2006-07-20,0.4858,0.4858,0.4766,0.4858,0.1286,1399232
2006-07-21,0.4837,0.4837,0.4812,0.4812,0.1274,1072334
2006-07-24,0.4766,0.4766,0.4719,0.4766,0.1262,1165594
2006-07-25,0.4858,0.4858,0.4719,0.4858,0.1286,1998239
2006-07-26,0.5043,0.5043,0.4858,0.5043,0.1335,4507413
2006-07-27,0.514,0.514,0.5089,0.5136,0.1359,4557772
2006-07-28,0.5205,0.5205,0.5136,0.5182,0.1372,2779013
2006-07-31,0.5102,0.5102,0.5043,0.5089,0.1347,2864385
2006-08-01,0.5061,0.5061,0.4997,0.4997,0.1323,2718820
2006-08-02,0.4924,0.4924,0.4812,0.4858,0.1286,3912620
2006-08-03,0.4858,0.4858,0.4858,0.4858,0.1286,0
2006-08-04,0.4812,0.4858,0.4766,0.4812,0.1274,6697361
2006-08-07,0.4812,0.4904,0.4766,0.4766,0.1262,7941088
2006-08-08,0.4812,0.4951,0.4812,0.4951,0.131,5018023
2006-08-09,0.4997,0.5136,0.4997,0.5089,0.1347,9211074
2006-08-10,0.5089,0.5182,0.5089,0.5136,0.1359,9092634
2006-08-11,0.5089,0.5136,0.5043,0.5089,0.1347,5885789
2006-08-14,0.5043,0.5136,0.5043,0.5089,0.1347,2172873
2006-08-15,0.5089,0.5089,0.5043,0.5089,0.1347,5617354
2006-08-16,0.5228,0.5228,0.5089,0.5228,0.1384,8571218
2006-08-17,0.5228,0.5228,0.5043,0.5043,0.1335,13080577
2006-08-18,0.5043,0.5089,0.4997,0.5043,0.1335,4379896
2006-08-21,0.5043,0.5136,0.5043,0.5089,0.1347,6080631
2006-08-22,0.5043,0.5089,0.5043,0.5089,0.1347,3839136
2006-08-23,0.5043,0.5043,0.4997,0.4997,0.1323,2437526
2006-08-24,0.4997,0.5089,0.4997,0.4997,0.1323,7023827
2006-08-25,0.4997,0.5043,0.4951,0.4997,0.1323,11810374
2006-08-28,0.4997,0.5043,0.4951,0.4997,0.1323,2164876
2006-08-29,0.4997,0.5043,0.4951,0.4951,0.131,3613819
2006-08-30,0.5043,0.5228,0.4951,0.5136,0.1359,35337539
2006-08-31,0.5136,0.5275,0.5043,0.5136,0.1359,13055722
2006-09-01,0.5136,0.5136,0.5043,0.5089,0.1347,18074609
2006-09-04,0.5089,0.5182,0.5043,0.5089,0.1347,4650600
2006-09-05,0.5089,0.5136,0.4997,0.5089,0.1347,8419926
2006-09-06,0.5043,0.5089,0.4951,0.5043,0.1335,4670592
2006-09-07,0.5043,0.5089,0.4997,0.5043,0.1335,5204112
2006-09-08,0.4997,0.5182,0.4997,0.5136,0.1359,2972558
2006-09-11,0.5089,0.5182,0.5043,0.5089,0.1347,5785180
2006-09-12,0.5043,0.5089,0.4997,0.5089,0.1347,2626857
2006-09-13,0.5043,0.5089,0.4997,0.5043,0.1335,5330116
2006-09-14,0.5043,0.5043,0.4997,0.4997,0.1323,1384211
2006-09-15,0.4997,0.5043,0.4951,0.4951,0.131,6636628
2006-09-18,0.4997,0.5043,0.4951,0.4951,0.131,5708237
2006-09-19,0.4997,0.5089,0.4997,0.5089,0.1347,9751618
2006-09-20,0.5089,0.5136,0.5043,0.5089,0.1347,7221695
2006-09-21,0.5043,0.5089,0.5043,0.5089,0.1347,7026961
2006-09-22,0.5043,0.5089,0.4997,0.5043,0.1335,2604487
2006-09-25,0.5043,0.5089,0.4997,0.4997,0.1323,5668145
2006-09-26,0.5089,0.5136,0.4997,0.4997,0.1323,4969718
2006-09-27,0.5043,0.5089,0.5043,0.5089,0.1347,2091608
2006-09-28,0.5089,0.5275,0.5089,0.5182,0.1372,15817661
2006-09-29,0.5228,0.5275,0.5136,0.5182,0.1372,6554391
2006-10-02,0.5182,0.5321,0.5182,0.5321,0.1408,4464187
2006-10-03,0.5367,0.5506,0.5321,0.546,0.1445,17956061
2006-10-04,0.546,0.5691,0.546,0.5645,0.1494,12726662
2006-10-05,0.5645,0.5691,0.5506,0.5552,0.147,6347877
2006-10-06,0.5552,0.5598,0.546,0.5598,0.1482,5112472
2006-10-09,0.5552,0.5598,0.546,0.5506,0.1457,8045695
2006-10-10,0.5506,0.5552,0.5413,0.5506,0.1457,7589875
2006-10-11,0.5413,0.5552,0.5367,0.5413,0.1433,72663160
2006-10-12,0.5413,0.5506,0.5413,0.5506,0.1457,7235204
2006-10-13,0.5506,0.5552,0.5413,0.546,0.1445,12641722
2006-10-16,0.5506,0.5598,0.546,0.5598,0.1482,11066451
2006-10-17,0.5598,0.583,0.5598,0.5784,0.1531,6790838
2006-10-18,0.5784,0.583,0.5691,0.5737,0.1519,8397989
2006-10-19,0.5645,0.5737,0.5645,0.5737,0.1519,4793571
2006-10-20,0.5645,0.5691,0.5645,0.5645,0.1494,2148559
2006-10-23,0.5645,0.5645,0.5506,0.5598,0.1482,11223038
2006-10-24,0.5598,0.5598,0.5552,0.5552,0.147,9271591
2006-10-25,0.5552,0.5691,0.5552,0.5645,0.1494,6634575
2006-10-26,0.5645,0.5691,0.5598,0.5645,0.1494,4200399
2006-10-27,0.5598,0.5645,0.5552,0.5552,0.147,2963265
2006-10-30,0.5552,0.5645,0.5506,0.5552,0.147,49141291
2006-10-31,0.5506,0.583,0.5506,0.583,0.1543,68823051
2006-11-01,0.5922,0.5922,0.5645,0.5691,0.1506,8142738
2006-11-02,0.5691,0.5784,0.5691,0.5737,0.1519,2255760
2006-11-03,0.5737,0.5784,0.5645,0.5691,0.1506,1878287
2006-11-06,0.5691,0.5784,0.5691,0.5737,0.1519,2608161
2006-11-07,0.5737,0.5737,0.5598,0.5645,0.1494,11529296
2006-11-08,0.5645,0.5645,0.546,0.546,0.1445,7152858
2006-11-09,0.546,0.5645,0.546,0.5552,0.147,2671704
2006-11-10,0.5552,0.5737,0.5552,0.5691,0.1506,6617393
2006-11-13,0.5691,0.5737,0.5598,0.5645,0.1494,2754698
2006-11-14,0.5598,0.5645,0.5552,0.5645,0.1494,3975839
2006-11-15,0.5691,0.5691,0.546,0.546,0.1445,13818772
2006-11-16,0.546,0.546,0.5275,0.5275,0.1396,12738333
2006-11-17,0.5275,0.5552,0.5182,0.5552,0.147,8185100
2006-11-20,0.5367,0.5552,0.5367,0.5506,0.1457,11001179
2006-11-21,0.5506,0.5506,0.5321,0.5321,0.1408,3881822
2006-11-22,0.5367,0.5367,0.5275,0.5275,0.1396,4470995
2006-11-23,0.5228,0.5228,0.5089,0.5136,0.1359,6442651
2006-11-24,0.5136,0.5275,0.5089,0.5228,0.1384,7331706
2006-11-27,0.5228,0.5367,0.5228,0.5321,0.1408,2985958
2006-11-28,0.5321,0.5367,0.5228,0.5275,0.1396,12064004
2006-11-29,0.5228,0.5367,0.5228,0.5275,0.1396,11971932
2006-11-30,0.5275,0.5506,0.5275,0.546,0.1445,11116161
2006-12-01,0.546,0.546,0.546,0.546,0.1445,0
2006-12-04,0.5413,0.546,0.5321,0.5367,0.1421,9777553
2006-12-05,0.5321,0.5367,0.5275,0.5321,0.1408,2953323
2006-12-06,0.5275,0.5413,0.5275,0.5367,0.1421,4405615
2006-12-07,0.5413,0.5506,0.5413,0.546,0.1445,2880919
2006-12-08,0.5413,0.5506,0.5413,0.5413,0.1433,3286381
2006-12-11,0.5367,0.546,0.5367,0.546,0.1445,1453049
2006-12-12,0.5367,0.546,0.5367,0.5367,0.1421,4677184
2006-12-13,0.5367,0.5413,0.5228,0.5275,0.1396,3729774
2006-12-14,0.5275,0.5367,0.5182,0.5228,0.1384,6495495
2006-12-15,0.5228,0.5367,0.5043,0.5043,0.1335,9311683
2006-12-18,0.5089,0.5182,0.5043,0.5043,0.1335,6445028
2006-12-19,0.5089,0.5275,0.5089,0.5228,0.1384,9200591
2006-12-20,0.5228,0.5228,0.5228,0.5228,0.1384,0
2006-12-21,0.5228,0.5228,0.5228,0.5228,0.1384,0
2006-12-22,0.5228,0.5228,0.5228,0.5228,0.1384,0
2006-12-25,0.5228,0.5228,0.5228,0.5228,0.1384,0
2006-12-26,0.5228,0.5228,0.5228,0.5228,0.1384,0
2006-12-27,0.5228,0.5228,0.5228,0.5228,0.1384,0
2006-12-28,0.5228,0.5228,0.5228,0.5228,0.1384,0
2006-12-29,0.5228,0.5228,0.5228,0.5228,0.1384,0
2007-01-01,0.5228,0.5228,0.5228,0.5228,0.1384,0
2007-01-02,0.5228,0.5228,0.5228,0.5228,0.1384,0
2007-01-03,0.5275,0.5645,0.5275,0.5598,0.1482,8081032
2007-01-04,0.5598,0.5598,0.5413,0.546,0.1445,11881589
2007-01-05,0.5413,0.5598,0.5413,0.5598,0.1482,8869695
2007-01-08,0.5552,0.5645,0.5506,0.5552,0.147,5567320
2007-01-09,0.5552,0.5691,0.5506,0.5598,0.1482,8682309
2007-01-10,0.5645,0.5645,0.5506,0.5552,0.147,6465345
2007-01-11,0.546,0.5691,0.5413,0.5645,0.1494,9221016
2007-01-12,0.5598,0.5691,0.5598,0.5645,0.1494,11032194
2007-01-15,0.5598,0.5691,0.5552,0.5691,0.1506,4682047
2007-01-16,0.5598,0.5645,0.5506,0.5645,0.1494,5442504
2007-01-17,0.5598,0.5645,0.5552,0.5552,0.147,975291
2007-01-18,0.5506,0.5552,0.5506,0.5506,0.1457,813409
2007-01-19,0.5506,0.5598,0.546,0.5552,0.147,3033940
2007-01-22,0.5598,0.5691,0.546,0.5691,0.1506,4204181
2007-01-23,0.5645,0.5737,0.5598,0.5691,0.1506,4491095
2007-01-24,0.5645,0.5645,0.5552,0.5552,0.147,3834165
2007-01-25,0.5552,0.5645,0.5506,0.5552,0.147,3342034
2007-01-26,0.5598,0.5598,0.5506,0.5506,0.1457,3528447
2007-01-29,0.5552,0.5691,0.5506,0.5691,0.1506,6904523
2007-01-30,0.5552,0.5645,0.5506,0.5506,0.1457,12005541
2007-01-31,0.5506,0.5598,0.5506,0.5598,0.1482,5747789
2007-02-01,0.5552,0.5645,0.5552,0.5552,0.147,8988999
2007-02-02,0.5552,0.5645,0.5552,0.5552,0.147,7981072
2007-02-05,0.5598,0.5645,0.5598,0.5598,0.1482,4315273
2007-02-06,0.5598,0.5598,0.5552,0.5552,0.147,767913
2007-02-07,0.5552,0.5645,0.5552,0.5598,0.1482,2656791
2007-02-08,0.5598,0.5645,0.5552,0.5645,0.1494,3396716
2007-02-09,0.5552,0.5645,0.5552,0.5598,0.1482,7955676
2007-02-12,0.5598,0.5645,0.5598,0.5645,0.1494,2700882
2007-02-13,0.5552,0.5598,0.5506,0.5506,0.1457,4181487
2007-02-14,0.5506,0.5552,0.546,0.5506,0.1457,16813593
2007-02-15,0.5506,0.5552,0.5506,0.5552,0.147,1126691
2007-02-16,0.5506,0.5552,0.5506,0.5506,0.1457,1244806
2007-02-19,0.5506,0.5552,0.546,0.5506,0.1457,5275759
2007-02-20,0.5506,0.5598,0.5506,0.5506,0.1457,2519548
2007-02-21,0.5506,0.5598,0.5506,0.5598,0.1482,2771556
2007-02-22,0.5552,0.5552,0.5506,0.5506,0.1457,1010088
2007-02-23,0.5552,0.5598,0.5506,0.5552,0.147,5013484
2007-02-26,0.5552,0.5598,0.5506,0.5552,0.147,15468393
2007-02-27,0.5552,0.5552,0.5552,0.5552,0.147,0
2007-02-28,0.5552,0.5552,0.5413,0.546,0.1445,18539615
2007-03-01,0.546,0.5552,0.546,0.546,0.1445,5744115
2007-03-02,0.546,0.5506,0.5321,0.5321,0.1408,8234918
2007-03-05,0.5275,0.5275,0.4812,0.4997,0.1323,11356715
2007-03-06,0.5228,0.5321,0.5043,0.5228,0.1384,7067162
2007-03-07,0.5321,0.5367,0.5228,0.5275,0.1396,3593179
2007-03-08,0.5321,0.5367,0.5228,0.5275,0.1396,4428633
2007-03-09,0.5275,0.5321,0.5228,0.5321,0.1408,2789928
2007-03-12,0.5275,0.5367,0.5228,0.5321,0.1408,1603476
2007-03-13,0.5275,0.5367,0.5275,0.5367,0.1421,2199890
2007-03-14,0.5275,0.5598,0.5182,0.5598,0.1482,23844661
2007-03-15,0.546,0.5552,0.5413,0.5506,0.1457,2248951
2007-03-16,0.5413,0.5506,0.5367,0.5413,0.1433,1105942
2007-03-19,0.5413,0.546,0.5321,0.546,0.1445,1789241
2007-03-20,0.546,0.546,0.5321,0.5413,0.1433,8206929
2007-03-21,0.5367,0.5413,0.5367,0.5367,0.1421,1391343
2007-03-22,0.5413,0.5413,0.5321,0.5321,0.1408,2662842
2007-03-23,0.5367,0.5413,0.5321,0.5367,0.1421,8616173
2007-03-26,0.5367,0.5413,0.5321,0.5367,0.1421,1830846
2007-03-27,0.5321,0.5367,0.5275,0.5275,0.1396,15137604
2007-03-28,0.5321,0.5321,0.5228,0.5275,0.1396,2987579
2007-03-29,0.5228,0.5275,0.5228,0.5275,0.1396,2008289
2007-03-30,0.5228,0.5275,0.5182,0.5275,0.1396,1462883
2007-04-02,0.5228,0.5275,0.5228,0.5275,0.1396,1049424
2007-04-03,0.5182,0.5321,0.5182,0.5275,0.1396,1280144
2007-04-04,0.5275,0.5321,0.5182,0.5228,0.1384,3369915
2007-04-05,0.5228,0.5275,0.5182,0.5182,0.1372,1375350
2007-04-06,0.5182,0.5275,0.5182,0.5275,0.1396,698427
2007-04-09,0.5275,0.5275,0.5275,0.5275,0.1396,0
2007-04-10,0.5228,0.5275,0.5182,0.5182,0.1372,3551249
2007-04-11,0.5182,0.5182,0.5089,0.5136,0.1359,9503283
2007-04-12,0.5136,0.5182,0.5089,0.5089,0.1347,3211815
2007-04-13,0.5136,0.5182,0.5089,0.5089,0.1347,2082855
2007-04-16,0.5089,0.5136,0.5089,0.5136,0.1359,2497502
2007-04-17,0.5136,0.5136,0.5136,0.5136,0.1359,0
2007-04-18,0.5136,0.5136,0.5136,0.5136,0.1359,0
2007-04-19,0.4627,0.4997,0.4581,0.4904,0.1298,7843721
2007-04-20,0.4904,0.5043,0.4904,0.5043,0.1335,15034942
2007-04-23,0.5043,0.5043,0.5043,0.5043,0.1335,0
2007-04-24,0.5089,0.5136,0.4997,0.5043,0.1335,4151121
2007-04-25,0.4997,0.5043,0.4997,0.5043,0.1335,985341
2007-04-26,0.4997,0.5089,0.4997,0.5089,0.1347,2164228
2007-04-27,0.5089,0.5182,0.5089,0.5136,0.1359,2203672
2007-04-30,0.5136,0.5136,0.5136,0.5136,0.1359,0
2007-05-01,0.5136,0.5136,0.5136,0.5136,0.1359,0
2007-05-02,0.5136,0.5136,0.5136,0.5136,0.1409,0
2007-05-03,0.4904,0.5043,0.4904,0.5043,0.1383,5015645
2007-05-04,0.4997,0.5089,0.4997,0.5089,0.1396,4216825
2007-05-07,0.5043,0.5182,0.4997,0.5182,0.1421,3606471
2007-05-08,0.5182,0.5182,0.5182,0.5182,0.1421,0
2007-05-09,0.4997,0.5043,0.4951,0.4951,0.1358,2229824
2007-05-10,0.4997,0.5089,0.4997,0.5043,0.1383,1545553
2007-05-11,0.4997,0.5043,0.4997,0.5043,0.1383,1637409
2007-05-14,0.5043,0.5043,0.5043,0.5043,0.1383,0
2007-05-15,0.5043,0.5043,0.5043,0.5043,0.1383,0
2007-05-16,0.5043,0.5043,0.5043,0.5043,0.1383,0
2007-05-17,0.5043,0.5043,0.5043,0.5043,0.1383,0
2007-05-18,0.4858,0.4904,0.4812,0.4904,0.1345,963080
2007-05-21,0.4951,0.4951,0.4812,0.4812,0.132,2093445
2007-05-22,0.4812,0.4951,0.4812,0.4951,0.1358,2536838
2007-05-23,0.4951,0.5043,0.4858,0.5043,0.1383,2225393
2007-05-24,0.4951,0.4997,0.4858,0.4951,0.1358,1775841
2007-05-25,0.4858,0.4951,0.4858,0.4951,0.1358,2012288
2007-05-28,0.4904,0.4951,0.4858,0.4904,0.1345,2273482
2007-05-29,0.4719,0.4766,0.4673,0.4673,0.1282,14525953
2007-05-30,0.4673,0.4719,0.4627,0.4627,0.1269,8578350
2007-05-31,0.4673,0.4812,0.4627,0.4719,0.1294,46154143
2007-06-01,0.4719,0.4719,0.4719,0.4719,0.1294,0
2007-06-04,0.4719,0.4812,0.4673,0.4719,0.1294,4573982
2007-06-05,0.4719,0.4766,0.4627,0.4673,0.1282,11166196
2007-06-06,0.4627,0.4673,0.4627,0.4627,0.1269,3109369
2007-06-07,0.4627,0.4719,0.4618,0.4673,0.1282,3785427
2007-06-08,0.4673,0.4673,0.4599,0.4608,0.1264,5092156
2007-06-11,0.4627,0.4627,0.4581,0.4608,0.1264,1878071
2007-06-12,0.4599,0.4766,0.459,0.4766,0.1307,9717577
2007-06-13,0.4766,0.4766,0.4627,0.4719,0.1294,2872598
2007-06-14,0.4627,0.4766,0.4627,0.4766,0.1307,2771448
2007-06-15,0.4719,0.4858,0.4673,0.4858,0.1332,3354786
2007-06-18,0.4766,0.4904,0.4766,0.4858,0.1332,2344914
2007-06-19,0.4766,0.4904,0.4766,0.4858,0.1332,1831278
2007-06-20,0.4812,0.4997,0.4812,0.4904,0.1345,7365531
2007-06-21,0.4858,0.4997,0.4812,0.4951,0.1358,4976850
2007-06-22,0.4904,0.4951,0.4858,0.4904,0.1345,2365986
2007-06-25,0.4904,0.4904,0.4812,0.4812,0.132,2688778
2007-06-26,0.4858,0.4951,0.4858,0.4858,0.1332,6757446
2007-06-27,0.4858,0.4951,0.4812,0.4812,0.132,6487606
2007-06-28,0.4858,0.4904,0.4812,0.4858,0.1332,3689681
2007-06-29,0.4904,0.4904,0.4858,0.4904,0.1345,3215490
2007-07-02,0.4858,0.5043,0.4858,0.5043,0.1383,3256122
2007-07-03,0.4997,0.5182,0.4997,0.5089,0.1396,12881196
2007-07-04,0.5089,0.5228,0.5089,0.5228,0.1434,9853848
2007-07-05,0.5228,0.5552,0.5228,0.5413,0.1484,21418481
2007-07-06,0.5367,0.546,0.5228,0.5228,0.1434,2612592
2007-07-09,0.5228,0.5321,0.5228,0.5275,0.1447,3114556
2007-07-10,0.5275,0.5367,0.5228,0.5321,0.1459,1304026
2007-07-11,0.5321,0.5321,0.5182,0.5182,0.1421,1620983
2007-07-12,0.5182,0.5275,0.5136,0.5228,0.1434,2704015
2007-07-13,0.5228,0.5321,0.5182,0.5228,0.1434,4823937
2007-07-16,0.5182,0.5321,0.5182,0.5321,0.1459,1129825
2007-07-17,0.5228,0.5413,0.5228,0.5228,0.1434,3620411
2007-07-18,0.5182,0.5275,0.5182,0.5228,0.1434,2927711
2007-07-19,0.5228,0.5413,0.5228,0.5413,0.1484,3652182
2007-07-20,0.5321,0.5506,0.5321,0.546,0.1497,2413319
2007-07-23,0.5367,0.5552,0.5321,0.5552,0.1523,7601438
2007-07-24,0.546,0.5552,0.546,0.5552,0.1523,2171577
2007-07-25,0.5413,0.546,0.5275,0.5367,0.1472,8236863
2007-07-26,0.5275,0.5367,0.5228,0.5228,0.1434,1701708
2007-07-27,0.5089,0.5182,0.5043,0.5089,0.1396,8156354
2007-07-30,0.5089,0.5136,0.4904,0.4904,0.1345,3207925
2007-07-31,0.4904,0.5136,0.4904,0.5089,0.1396,3602905
2007-08-01,0.4997,0.4997,0.4904,0.4904,0.1345,5543221
2007-08-02,0.4997,0.5043,0.4951,0.5043,0.1383,2811865
2007-08-03,0.4997,0.5043,0.4997,0.4997,0.137,560860
2007-08-06,0.4951,0.4997,0.4904,0.4951,0.1358,1151222
2007-08-07,0.4997,0.5043,0.4951,0.4951,0.1358,1376214
2007-08-08,0.4951,0.4997,0.4904,0.4951,0.1358,1010520
2007-08-09,0.4997,0.4997,0.4858,0.4951,0.1358,2940031
2007-08-10,0.4858,0.4997,0.4812,0.4997,0.137,3714320
2007-08-13,0.4858,0.4951,0.4812,0.4858,0.1332,2496746
2007-08-14,0.4858,0.4904,0.4812,0.4812,0.132,4484395
2007-08-15,0.4766,0.4812,0.4766,0.4766,0.1307,886245
2007-08-16,0.4719,0.4719,0.4581,0.4581,0.1256,7416213
2007-08-17,0.4581,0.4673,0.4442,0.4442,0.1218,5657339
2007-08-20,0.4673,0.4673,0.4562,0.4581,0.1256,3571241
2007-08-21,0.4599,0.4627,0.4562,0.4571,0.1254,1993701
2007-08-22,0.4553,0.4673,0.4553,0.4627,0.1269,12123980
2007-08-23,0.4673,0.4812,0.4673,0.4766,0.1307,4071909
2007-08-24,0.4719,0.4719,0.4618,0.4627,0.1269,4662703
2007-08-27,0.4673,0.4812,0.4627,0.4719,0.1294,3866693
2007-08-28,0.4766,0.4904,0.4766,0.4858,0.1332,5511558
2007-08-29,0.4719,0.4904,0.4673,0.4858,0.1332,3588640
2007-08-30,0.4812,0.4904,0.4812,0.4904,0.1345,1227192
2007-08-31,0.4812,0.4858,0.4766,0.4812,0.132,803467
2007-09-03,0.4719,0.4812,0.4719,0.4766,0.1307,532222
2007-09-04,0.4719,0.4766,0.4719,0.4719,0.1294,482620
2007-09-05,0.4719,0.4766,0.4719,0.4766,0.1307,3408062
2007-09-06,0.4719,0.4812,0.4719,0.4719,0.1294,1656860
2007-09-07,0.4719,0.4766,0.4673,0.4673,0.1282,1540366
2007-09-10,0.4673,0.4766,0.4627,0.4673,0.1282,1443431
2007-09-11,0.4627,0.4719,0.4618,0.4627,0.1269,4366388
2007-09-12,0.4627,0.4719,0.4627,0.4673,0.1282,2246898
2007-09-13,0.4627,0.4673,0.4627,0.4627,0.1269,1298407
2007-09-14,0.4627,0.4673,0.4618,0.4627,0.1269,2908475
2007-09-17,0.4627,0.4719,0.4627,0.4673,0.1282,3163294
2007-09-18,0.4627,0.4673,0.4627,0.4627,0.1269,2581577
2007-09-19,0.4673,0.4766,0.4673,0.4766,0.1307,1420413
2007-09-20,0.4719,0.4766,0.4673,0.4719,0.1294,2321788
2007-09-21,0.4627,0.4997,0.4627,0.4951,0.1358,9326920
2007-09-24,0.4858,0.4904,0.4812,0.4858,0.1332,5049146
2007-09-25,0.4766,0.4858,0.4719,0.4719,0.1294,2570987
2007-09-26,0.4719,0.4766,0.4673,0.4673,0.1282,3956171
2007-09-27,0.4719,0.4766,0.4627,0.4627,0.1269,5684679
2007-09-28,0.4627,0.4719,0.4627,0.4627,0.1269,6790622
2007-10-01,0.4627,0.4719,0.4627,0.4627,0.1269,1639462
2007-10-02,0.4719,0.4904,0.4719,0.4858,0.1332,3905812
2007-10-03,0.4858,0.4904,0.4812,0.4858,0.1332,5363833
2007-10-04,0.4766,0.4951,0.4766,0.4904,0.1345,53389347
2007-10-05,0.4904,0.5089,0.4858,0.5043,0.1383,4518976
2007-10-08,0.5089,0.5228,0.5043,0.5136,0.1409,4174031
2007-10-09,0.5043,0.5182,0.4997,0.4997,0.137,2254355
2007-10-10,0.5043,0.5136,0.4997,0.5089,0.1396,2701530
2007-10-11,0.5043,0.5043,0.4904,0.4904,0.1345,2094634
2007-10-12,0.4858,0.4997,0.4858,0.4904,0.1345,3157567
2007-10-15,0.4904,0.5043,0.4904,0.4951,0.1358,2438606
2007-10-16,0.4951,0.4997,0.4904,0.4951,0.1358,1441594
2007-10-17,0.4904,0.4997,0.4904,0.4951,0.1358,4981064
2007-10-18,0.4951,0.4951,0.4858,0.4858,0.1332,3923859
2007-10-19,0.4858,0.4904,0.4627,0.4627,0.1269,14207700
2007-10-22,0.4673,0.4766,0.4673,0.4673,0.1282,1754227
2007-10-23,0.4719,0.5089,0.4673,0.5089,0.1396,15751741
2007-10-24,0.4997,0.5043,0.4904,0.4997,0.137,2027633
2007-10-25,0.4858,0.4951,0.4812,0.4904,0.1345,98973121
2007-10-26,0.4858,0.4951,0.4812,0.4812,0.132,14043116
2007-10-29,0.4812,0.4904,0.4812,0.4858,0.1332,1162352
2007-10-30,0.4812,0.4858,0.4719,0.4719,0.1294,2054109
2007-10-31,0.4719,0.4858,0.4719,0.4858,0.1332,14432152
2007-11-01,0.4766,0.4904,0.4766,0.4904,0.1345,2749079
2007-11-02,0.4766,0.4951,0.4719,0.4951,0.1358,2574985
2007-11-05,0.4812,0.4951,0.4812,0.4812,0.132,1803397
2007-11-06,0.4766,0.4812,0.4673,0.4719,0.1294,5079944
2007-11-07,0.4719,0.4858,0.4719,0.4812,0.132,2038656
2007-11-08,0.4673,0.4766,0.4627,0.4719,0.1294,1607042
2007-11-09,0.4719,0.4719,0.4627,0.4627,0.1269,3145139
2007-11-12,0.4627,0.4673,0.4618,0.4627,0.1269,1523724
2007-11-13,0.4608,0.4673,0.4599,0.4608,0.1264,1439216
2007-11-14,0.4627,0.4673,0.4599,0.4599,0.1261,1695872
2007-11-15,0.4608,0.4627,0.4581,0.4627,0.1269,1188937
2007-11-16,0.4562,0.4673,0.4544,0.4581,0.1256,7825566
2007-11-19,0.4581,0.4719,0.4562,0.459,0.1259,4250109
2007-11-20,0.459,0.4608,0.4432,0.4488,0.1231,8125988
2007-11-21,0.446,0.4562,0.446,0.4516,0.1238,14539678
2007-11-22,0.4488,0.459,0.4469,0.4581,0.1256,7522766
2007-11-23,0.4497,0.4627,0.4497,0.4627,0.1269,4788275
2007-11-26,0.4627,0.4719,0.4571,0.4571,0.1254,2123812
2007-11-27,0.4571,0.4571,0.4571,0.4571,0.1254,0
2007-11-28,0.4534,0.4544,0.4451,0.4451,0.1221,10344465
2007-11-29,0.4544,0.459,0.4507,0.4534,0.1243,7425291
2007-11-30,0.4497,0.4553,0.4497,0.4534,0.1243,4190025
2007-12-03,0.4544,0.459,0.4534,0.4534,0.1243,1369838
2007-12-04,0.4534,0.4581,0.4516,0.4534,0.1243,2372038
2007-12-05,0.4525,0.4599,0.4507,0.4581,0.1256,2491451
2007-12-06,0.4581,0.4673,0.4581,0.4627,0.1269,2925334
2007-12-07,0.4627,0.4673,0.4618,0.4673,0.1282,1657617
2007-12-10,0.4627,0.4627,0.4599,0.4627,0.1269,1803289
2007-12-11,0.4627,0.4627,0.4599,0.4627,0.1269,2466595
2007-12-12,0.459,0.4618,0.4571,0.4599,0.1261,2240955
2007-12-13,0.4553,0.4608,0.4553,0.4553,0.1249,1222869
2007-12-14,0.4562,0.4673,0.4553,0.4627,0.1269,1541230
2007-12-17,0.4627,0.4673,0.4562,0.4562,0.1251,3068953
2007-12-18,0.4562,0.4766,0.4562,0.4719,0.1294,4343910
2007-12-19,0.4627,0.4719,0.4618,0.4673,0.1282,5984129
2007-12-20,0.4627,0.4812,0.4608,0.4766,0.1307,15026729
2007-12-21,0.4673,0.4812,0.4544,0.4599,0.1261,50021799
2007-12-24,0.4599,0.4599,0.4599,0.4599,0.1261,0
2007-12-25,0.4599,0.4599,0.4599,0.4599,0.1261,0
2007-12-26,0.4599,0.4599,0.4599,0.4599,0.1261,0
2007-12-27,0.4599,0.4599,0.4599,0.4599,0.1261,0
2007-12-28,0.4599,0.4599,0.4599,0.4599,0.1261,0
2007-12-31,0.4599,0.4599,0.4599,0.4599,0.1261,0
2008-01-01,0.4599,0.4599,0.4599,0.4599,0.1261,0
2008-01-02,0.4599,0.4599,0.4599,0.4599,0.1261,0
2008-01-03,0.4673,0.4673,0.4599,0.4618,0.1266,940465
2008-01-04,0.4599,0.4719,0.4599,0.4719,0.1294,3769640
2008-01-07,0.4627,0.4719,0.4627,0.4673,0.1282,4843661
2008-01-08,0.4627,0.4719,0.4618,0.4627,0.1269,4695916
2008-01-09,0.4599,0.4719,0.4562,0.4719,0.1294,3099823
2008-01-10,0.4673,0.4673,0.4497,0.4497,0.1233,9259683
2008-01-11,0.4534,0.4627,0.4451,0.4451,0.1221,5575482
2008-01-14,0.446,0.4479,0.4368,0.4368,0.1198,3173581
2008-01-15,0.4405,0.4442,0.4257,0.4331,0.1188,4927664
2008-01-16,0.4247,0.4331,0.4109,0.4164,0.1142,5285283
2008-01-17,0.4109,0.4109,0.4109,0.4109,0.1127,0
2008-01-18,0.4109,0.4238,0.4044,0.4099,0.1124,4407734
2008-01-21,0.4053,0.4072,0.3942,0.3998,0.1096,1661057
2008-01-22,0.3896,0.3896,0.3655,0.3775,0.1035,7739652
2008-01-23,0.3887,0.3979,0.3729,0.3729,0.1023,6640350
2008-01-24,0.3794,0.384,0.3766,0.3794,0.104,4299272
2008-01-25,0.3887,0.3998,0.3887,0.3951,0.1084,6861516
2008-01-28,0.3887,0.3887,0.3738,0.3738,0.1025,3545629
2008-01-29,0.3803,0.3887,0.3775,0.3803,0.1043,1396452
2008-01-30,0.3766,0.3914,0.3748,0.3822,0.1048,2048305
2008-01-31,0.3794,0.3812,0.3618,0.3627,0.0995,2906048
2008-02-01,0.3655,0.3701,0.3526,0.3544,0.0972,5247643
2008-02-04,0.3609,0.3646,0.3489,0.3609,0.099,2775467
2008-02-05,0.3507,0.3609,0.347,0.347,0.0952,6109469
2008-02-06,0.3433,0.347,0.3313,0.347,0.0952,14405222
2008-02-07,0.335,0.3572,0.335,0.3526,0.0967,7530726
2008-02-08,0.3563,0.3572,0.3507,0.3535,0.0969,4855420
2008-02-11,0.3516,0.3563,0.3433,0.3442,0.0944,2818550
2008-02-12,0.3442,0.347,0.3405,0.3424,0.0939,4532220
2008-02-13,0.3433,0.3479,0.3405,0.3415,0.0937,847657
2008-02-14,0.3544,0.3544,0.3461,0.347,0.0952,1310978
2008-02-15,0.3479,0.3507,0.3378,0.3396,0.0931,3199583
2008-02-18,0.3387,0.3516,0.3387,0.3405,0.0934,1311993
2008-02-19,0.3396,0.3452,0.3387,0.3433,0.0941,1578685
2008-02-20,0.3415,0.3553,0.3415,0.3526,0.0967,4260883
2008-02-21,0.3581,0.372,0.3581,0.3711,0.1018,6604166
2008-02-22,0.3701,0.3738,0.3683,0.3711,0.1018,19597627
2008-02-25,0.3701,0.3905,0.3701,0.3905,0.1071,8666255
2008-02-26,0.385,0.397,0.384,0.3877,0.1063,13770241
2008-02-27,0.384,0.3868,0.3729,0.3785,0.1038,1654309
2008-02-28,0.3711,0.3794,0.3711,0.3748,0.1028,683692
2008-02-29,0.372,0.3785,0.3655,0.3664,0.1005,13115001
2008-03-03,0.3609,0.3655,0.3563,0.3563,0.0977,811265
2008-03-04,0.3581,0.3701,0.3572,0.3609,0.099,2089093
2008-03-05,0.359,0.3664,0.359,0.3627,0.0995,603087
2008-03-06,0.3609,0.3664,0.3609,0.3655,0.1002,1095901
2008-03-07,0.3609,0.3646,0.359,0.3637,0.0997,1448612
2008-03-10,0.36,0.372,0.36,0.3701,0.1015,6849719
2008-03-11,0.3683,0.372,0.3683,0.3701,0.1015,2905458
2008-03-12,0.3748,0.3794,0.3729,0.3766,0.1033,23162526
2008-03-13,0.3757,0.3803,0.3711,0.3803,0.1043,10696346
2008-03-14,0.3775,0.3924,0.3775,0.3905,0.1071,12223835
2008-03-17,0.3775,0.384,0.3775,0.384,0.1053,2782372
2008-03-18,0.3822,0.4025,0.3822,0.3988,0.1094,9482262
2008-03-19,0.4025,0.4099,0.3924,0.4072,0.1117,10750904
2008-03-20,0.3942,0.3979,0.3664,0.3701,0.1015,9353171
2008-03-21,0.3868,0.3868,0.3775,0.3822,0.1048,1755753
2008-03-24,0.3748,0.384,0.3748,0.3794,0.104,212192
2008-03-25,0.3794,0.3868,0.372,0.372,0.102,1572403
2008-03-26,0.372,0.3803,0.372,0.3794,0.104,1518378
2008-03-27,0.3729,0.384,0.3729,0.3794,0.104,3716860
2008-03-28,0.3748,0.384,0.3748,0.384,0.1053,1983492
2008-03-31,0.3757,0.384,0.3748,0.384,0.1053,958472
2008-04-01,0.3794,0.3887,0.3794,0.3868,0.1061,1810838
2008-04-02,0.3887,0.3979,0.3887,0.3942,0.1081,3258156
2008-04-03,0.3933,0.3933,0.3859,0.3887,0.1066,851060
2008-04-04,0.3887,0.3933,0.3877,0.3896,0.1068,491433
2008-04-07,0.3887,0.3998,0.3887,0.3988,0.1094,7520886
2008-04-08,0.3961,0.4035,0.3961,0.4025,0.1104,997376
2008-04-09,0.3951,0.4072,0.3951,0.4035,0.1107,1505321
2008-04-10,0.3988,0.4072,0.3988,0.4025,0.1104,2084396
2008-04-11,0.3998,0.4072,0.3979,0.3979,0.1091,3611747
2008-04-14,0.3933,0.3961,0.3701,0.384,0.1053,5632425
2008-04-15,0.3794,0.3951,0.3794,0.3942,0.1081,617709
2008-04-16,0.3914,0.4127,0.3914,0.4127,0.1132,21139954
2008-04-17,0.4136,0.4183,0.4109,0.4164,0.1142,8597527
2008-04-18,0.4118,0.4257,0.4099,0.4238,0.1162,4891920
2008-04-21,0.421,0.4331,0.421,0.4331,0.1188,3115287
2008-04-22,0.4331,0.4331,0.4331,0.4331,0.1188,0
2008-04-23,0.4331,0.4331,0.4331,0.4331,0.1188,0
2008-04-24,0.4331,0.459,0.4257,0.4571,0.1254,20206702
2008-04-25,0.4488,0.4581,0.4488,0.4571,0.1254,2247914
2008-04-28,0.4571,0.4571,0.4571,0.4571,0.1254,0
2008-04-29,0.4581,0.4673,0.4581,0.4673,0.1282,2363399
2008-04-30,0.4627,0.4627,0.4497,0.4525,0.1241,8935867
2008-05-01,0.4525,0.4525,0.4525,0.4525,0.1241,0
2008-05-02,0.4525,0.4525,0.4525,0.4525,0.1241,0
2008-05-05,0.4544,0.4618,0.4507,0.4507,0.1236,5248212
2008-05-06,0.4507,0.4562,0.4488,0.4534,0.1243,3424603
2008-05-07,0.4627,0.4627,0.4525,0.4544,0.1301,21395513
2008-05-08,0.4534,0.4581,0.4497,0.4534,0.1298,2821101
2008-05-09,0.4516,0.4553,0.4488,0.4497,0.1288,3828648
2008-05-12,0.4442,0.4525,0.4395,0.4525,0.1296,4275311
2008-05-13,0.4469,0.4534,0.446,0.4534,0.1298,2558707
2008-05-14,0.4479,0.459,0.4479,0.4581,0.1312,6232679
2008-05-15,0.4553,0.4766,0.4553,0.4673,0.1338,5509277
2008-05-16,0.4719,0.4904,0.4719,0.4904,0.1404,3833404
2008-05-19,0.4904,0.4951,0.4766,0.4951,0.1418,3406573
2008-05-20,0.4858,0.4997,0.4858,0.4997,0.1431,3737046
2008-05-21,0.4904,0.4951,0.4858,0.4951,0.1418,7110158
2008-05-22,0.4858,0.4997,0.4812,0.4812,0.1378,3737601
2008-05-23,0.4904,0.4904,0.4812,0.4858,0.1391,537244
2008-05-26,0.4766,0.4904,0.4766,0.4812,0.1378,10124731
2008-05-27,0.4858,0.4904,0.4812,0.4858,0.1391,1798239
2008-05-28,0.4858,0.4951,0.4858,0.4951,0.1418,3013144
2008-05-29,0.4904,0.5136,0.4904,0.4997,0.1431,10441786
2008-05-30,0.4997,0.5089,0.4997,0.5089,0.1457,12040472
2008-06-02,0.4997,0.5182,0.4951,0.5182,0.1484,7301318
2008-06-03,0.5089,0.5089,0.5043,0.5043,0.1444,4074263
2008-06-04,0.4997,0.5043,0.4812,0.4812,0.1378,2267580
2008-06-05,0.4812,0.4904,0.4812,0.4858,0.1391,937444
2008-06-06,0.4904,0.4951,0.4812,0.4812,0.1378,4964131
2008-06-09,0.4766,0.4997,0.4766,0.4858,0.1391,4782034
2008-06-10,0.4812,0.4904,0.4673,0.4719,0.1351,4220096
2008-06-11,0.4719,0.4858,0.4719,0.4812,0.1378,1122188
2008-06-12,0.4719,0.4812,0.4673,0.4719,0.1351,4635503
2008-06-13,0.4766,0.4812,0.4719,0.4766,0.1365,949918
2008-06-16,0.4766,0.4812,0.4719,0.4812,0.1378,1335741
2008-06-17,0.4719,0.4858,0.4719,0.4858,0.1391,1149203
2008-06-18,0.4766,0.4766,0.4673,0.4673,0.1338,2165190
2008-06-19,0.4673,0.4673,0.4544,0.4544,0.1301,19424309
2008-06-20,0.4553,0.4618,0.4451,0.4451,0.1274,4204241
2008-06-23,0.446,0.4516,0.4395,0.4442,0.1272,9209561
2008-06-24,0.4423,0.4479,0.4275,0.4395,0.1258,2757111
2008-06-25,0.4284,0.4395,0.4284,0.4303,0.1232,1955605
2008-06-26,0.4321,0.4349,0.4127,0.422,0.1208,5066071
2008-06-27,0.4081,0.4303,0.4081,0.4275,0.1224,2941501
2008-06-30,0.4358,0.4358,0.4257,0.4284,0.1227,1608102
2008-07-01,0.4257,0.4266,0.4146,0.4155,0.119,1712436
2008-07-02,0.4173,0.4386,0.4164,0.4349,0.1245,2637309
2008-07-03,0.4349,0.4349,0.4229,0.4257,0.1219,4459600
2008-07-04,0.4275,0.434,0.4164,0.4229,0.1211,1710194
2008-07-07,0.4201,0.4275,0.4173,0.4183,0.1198,998300
2008-07-08,0.4164,0.421,0.4136,0.4136,0.1184,4575594
2008-07-09,0.4146,0.4192,0.4109,0.4136,0.1184,3279334
2008-07-10,0.4081,0.4155,0.4053,0.4081,0.1168,1831155
2008-07-11,0.4072,0.4146,0.3942,0.3942,0.1129,1945082
2008-07-14,0.3896,0.3979,0.3831,0.385,0.1102,2076667
2008-07-15,0.3775,0.3794,0.3729,0.3748,0.1073,9266202
2008-07-16,0.3748,0.3785,0.3544,0.3627,0.1038,14735539
2008-07-17,0.3748,0.3794,0.3674,0.3785,0.1084,19498581
2008-07-18,0.3794,0.3896,0.3766,0.385,0.1102,10771107
2008-07-21,0.384,0.3933,0.384,0.3887,0.1113,8135339
2008-07-22,0.384,0.3868,0.3766,0.3794,0.1086,1405691
2008-07-23,0.3794,0.4007,0.3794,0.3933,0.1126,8307590
2008-07-24,0.397,0.4044,0.3961,0.4044,0.1158,1274868
2008-07-25,0.3979,0.4035,0.3924,0.4025,0.1152,226364
2008-07-28,0.3979,0.4025,0.3942,0.4007,0.1147,494216
2008-07-29,0.3942,0.4099,0.3914,0.4099,0.1174,2055298
2008-07-30,0.4081,0.4303,0.4072,0.4303,0.1232,3018810
2008-07-31,0.4294,0.4349,0.4257,0.4257,0.1219,1077953
2008-08-01,0.421,0.4386,0.421,0.4358,0.1248,1973168
2008-08-04,0.4442,0.4599,0.4442,0.4507,0.129,7215103
2008-08-05,0.4516,0.4581,0.4497,0.4516,0.1293,2945758
2008-08-06,0.4534,0.4553,0.4312,0.4312,0.1235,4467753
2008-08-07,0.4321,0.4432,0.4321,0.4423,0.1266,6126775
2008-08-08,0.4423,0.4423,0.4349,0.4349,0.1245,3044422
2008-08-11,0.4395,0.4488,0.4349,0.4386,0.1256,7336029
2008-08-12,0.4377,0.4395,0.4257,0.4303,0.1232,997769
2008-08-13,0.422,0.4257,0.4155,0.4164,0.1192,1993376
2008-08-14,0.4099,0.4192,0.4099,0.4164,0.1192,2760426
2008-08-15,0.4146,0.4183,0.4007,0.4118,0.1179,1884230
2008-08-18,0.4007,0.4164,0.4007,0.4072,0.1166,1481376
2008-08-19,0.3988,0.4479,0.3933,0.4479,0.1282,2673852
2008-08-20,0.421,0.421,0.4072,0.4164,0.1192,3804212
2008-08-21,0.4081,0.4155,0.4062,0.409,0.1171,2297647
2008-08-22,0.4081,0.4109,0.4072,0.409,0.1171,2658356
2008-08-25,0.409,0.4118,0.4072,0.4118,0.1179,2994358
2008-08-26,0.4072,0.4072,0.3942,0.3988,0.1142,988489
2008-08-27,0.397,0.3979,0.3896,0.3896,0.1115,3870697
2008-08-28,0.3924,0.4025,0.3896,0.3961,0.1134,1607241
2008-08-29,0.3988,0.4025,0.3803,0.3803,0.1089,4678552
2008-09-01,0.3803,0.3933,0.3794,0.3887,0.1113,1365670
2008-09-02,0.3933,0.3998,0.3859,0.3859,0.1105,4860901
2008-09-03,0.3896,0.397,0.384,0.3914,0.1121,616333
2008-09-04,0.3868,0.3942,0.3868,0.3896,0.1115,278713
2008-09-05,0.3868,0.3868,0.3794,0.3803,0.1089,9535993
2008-09-08,0.3803,0.3979,0.3803,0.3914,0.1121,4786486
2008-09-09,0.3887,0.3951,0.384,0.384,0.1099,819376
2008-09-10,0.384,0.3877,0.3748,0.3775,0.1081,307162
2008-09-11,0.3748,0.3757,0.3609,0.3609,0.1033,2262513
2008-09-12,0.3618,0.3692,0.3563,0.36,0.1031,3941618
2008-09-15,0.3563,0.3683,0.3424,0.3442,0.0985,1558337
2008-09-16,0.3405,0.3405,0.3248,0.3267,0.0935,65452800
2008-09-17,0.3341,0.3415,0.3267,0.3368,0.0964,7540203
2008-09-18,0.3239,0.3285,0.3146,0.323,0.0925,12983224
2008-09-19,0.335,0.347,0.3331,0.3424,0.098,31176271
2008-09-22,0.3535,0.3563,0.3424,0.3452,0.0988,7216323
2008-09-23,0.3433,0.3489,0.3331,0.3331,0.0954,3765697
2008-09-24,0.3341,0.3415,0.3313,0.3331,0.0954,2724451
2008-09-25,0.3304,0.3359,0.3304,0.3313,0.0949,3919514
2008-09-26,0.3368,0.3368,0.3211,0.323,0.0925,7418363
2008-09-29,0.3239,0.3322,0.3128,0.3146,0.0901,1956748
2008-09-30,0.2961,0.3026,0.2887,0.2933,0.084,4964859
2008-10-01,0.3026,0.3091,0.298,0.3054,0.0874,3508524
2008-10-02,0.3072,0.3128,0.297,0.3035,0.0869,6930278
2008-10-03,0.2961,0.3035,0.2961,0.3026,0.0866,1816930
2008-10-06,0.2961,0.2961,0.2684,0.2869,0.0821,4861020
2008-10-07,0.2869,0.2915,0.2693,0.273,0.0782,15305657
2008-10-08,0.2684,0.2684,0.2323,0.2332,0.0668,2241648
2008-10-09,0.2452,0.2471,0.2313,0.235,0.0673,14033798
2008-10-10,0.1999,0.1999,0.1999,0.1999,0.0572,7878302
2008-10-13,0.2221,0.2295,0.2082,0.2202,0.063,17689248
2008-10-14,0.2489,0.2526,0.2378,0.2498,0.0715,70336293
2008-10-15,0.2406,0.2443,0.2212,0.2221,0.0636,9845635
2008-10-16,0.2036,0.2082,0.1953,0.2036,0.0583,22373348
2008-10-17,0.2128,0.2156,0.1851,0.186,0.0533,18963340
2008-10-20,0.1934,0.1962,0.1869,0.1897,0.0543,10501593
2008-10-21,0.1943,0.1999,0.1851,0.1851,0.053,28153990
2008-10-22,0.1777,0.1841,0.1619,0.1666,0.0477,5432238
2008-10-23,0.1629,0.1758,0.1508,0.1573,0.045,9464812
2008-10-24,0.1573,0.1573,0.1342,0.137,0.0392,17536443
2008-10-27,0.1296,0.1296,0.1166,0.1194,0.0342,22722616
2008-10-28,0.1258,0.137,0.1194,0.137,0.0392,9030064
2008-10-29,0.1573,0.1573,0.1481,0.1555,0.0445,23421152
2008-10-30,0.1666,0.1675,0.1527,0.1545,0.0442,28660277
2008-10-31,0.1518,0.1527,0.1407,0.1471,0.0421,9013098
2008-11-03,0.1564,0.1684,0.1564,0.1666,0.0477,15745473
2008-11-04,0.173,0.1916,0.161,0.1851,0.053,15125501
2008-11-05,0.1934,0.1943,0.1601,0.1758,0.0503,39468560
2008-11-06,0.1684,0.186,0.1638,0.1851,0.053,11887317
2008-11-07,0.1832,0.2036,0.1832,0.186,0.0533,28638232
2008-11-10,0.1953,0.2045,0.1925,0.2017,0.0577,17787047
2008-11-11,0.1851,0.2027,0.1758,0.1897,0.0543,8567976
2008-11-12,0.1851,0.1916,0.1758,0.1767,0.0506,9304659
2008-11-13,0.1666,0.173,0.1638,0.1684,0.0482,5620596
2008-11-14,0.1758,0.1823,0.1758,0.1804,0.0516,3552006
2008-11-17,0.1666,0.1795,0.1647,0.1647,0.0472,11072395
2008-11-18,0.1481,0.1684,0.1481,0.1647,0.0472,7738141
2008-11-19,0.1684,0.1693,0.1573,0.1638,0.0469,2244521
2008-11-20,0.1573,0.1592,0.1481,0.1573,0.045,11852412
2008-11-21,0.161,0.1851,0.1481,0.1555,0.0445,15509566
2008-11-24,0.1647,0.1684,0.1388,0.1638,0.0469,8111615
2008-11-25,0.1712,0.1758,0.1656,0.174,0.0498,12758217
2008-11-26,0.1675,0.1786,0.1573,0.1675,0.048,6111322
2008-11-27,0.173,0.174,0.1666,0.1703,0.0488,3866585
2008-11-28,0.1703,0.173,0.1573,0.1684,0.0482,10145084
2008-12-01,0.1684,0.1684,0.1684,0.1684,0.0482,0
2008-12-02,0.1629,0.1684,0.1573,0.1666,0.0477,12849965
2008-12-03,0.1703,0.1703,0.1573,0.1666,0.0477,2254139
2008-12-04,0.1656,0.1721,0.1573,0.1675,0.048,5151268
2008-12-05,0.1684,0.1684,0.1573,0.1656,0.0474,1172943
2008-12-08,0.1684,0.1851,0.1481,0.1684,0.0482,8256315
2008-12-09,0.1684,0.173,0.1666,0.1693,0.0485,6827256
2008-12-10,0.1703,0.1712,0.1666,0.1693,0.0485,1978463
2008-12-11,0.1684,0.1693,0.1573,0.1693,0.0485,2185301
2008-12-12,0.1666,0.173,0.1573,0.173,0.0495,3797639
2008-12-15,0.1712,0.1712,0.1481,0.1481,0.0424,3292108
2008-12-16,0.1481,0.1481,0.1481,0.1481,0.0424,0
2008-12-17,0.1721,0.1758,0.1666,0.1675,0.048,9339240
2008-12-18,0.1675,0.1684,0.1573,0.1666,0.0477,5793609
2008-12-19,0.1656,0.1666,0.1573,0.1601,0.0458,3755817
2008-12-22,0.1619,0.1629,0.1573,0.1619,0.0464,1225787
2008-12-23,0.1619,0.1675,0.1481,0.1675,0.048,7878734
2008-12-24,0.1675,0.1675,0.1675,0.1675,0.048,0
2008-12-25,0.1675,0.1675,0.1675,0.1675,0.048,0
2008-12-26,0.1675,0.1675,0.1675,0.1675,0.048,0
2008-12-29,0.1675,0.1675,0.1675,0.1675,0.048,0
2008-12-30,0.1675,0.1675,0.1675,0.1675,0.048,0
2008-12-31,0.1675,0.1675,0.1675,0.1675,0.048,0
2009-01-01,0.1675,0.1675,0.1675,0.1675,0.048,0
2009-01-02,0.1675,0.1675,0.1675,0.1675,0.048,0
2009-01-05,0.1675,0.1675,0.1675,0.1675,0.048,0
2009-01-06,0.173,0.1851,0.1666,0.1841,0.0527,7832806
2009-01-07,0.1851,0.1869,0.1666,0.1795,0.0514,5453419
2009-01-08,0.1758,0.1795,0.1666,0.1795,0.0514,5748870
2009-01-09,0.1758,0.186,0.1749,0.1777,0.0509,5636914
2009-01-12,0.1777,0.1851,0.1666,0.1832,0.0525,4454893
2009-01-13,0.1804,0.1823,0.1666,0.1804,0.0516,1246752
2009-01-14,0.1823,0.1832,0.1758,0.1786,0.0511,1795617
2009-01-15,0.1777,0.1795,0.1666,0.1786,0.0511,4921844
2009-01-16,0.1777,0.1804,0.1666,0.1767,0.0506,4649087
2009-01-19,0.1777,0.1786,0.1666,0.1758,0.0503,5074865
2009-01-20,0.173,0.173,0.1481,0.1656,0.0474,3674660
2009-01-21,0.1638,0.1656,0.1555,0.1564,0.0448,7590847
2009-01-22,0.1601,0.1619,0.1481,0.1545,0.0442,3051446
2009-01-23,0.1527,0.1564,0.1388,0.1444,0.0413,5226049
2009-01-26,0.1444,0.1518,0.1388,0.1508,0.0432,2150936
2009-01-27,0.1545,0.1555,0.1481,0.1527,0.0437,2795223
2009-01-28,0.1545,0.1555,0.1388,0.1518,0.0435,3131631
2009-01-29,0.1536,0.1619,0.1481,0.1555,0.0445,4588570
2009-01-30,0.1564,0.1582,0.1388,0.1555,0.0445,3399093
2009-02-02,0.1555,0.1555,0.1481,0.1518,0.0435,4155552
2009-02-03,0.1527,0.1573,0.1481,0.1508,0.0432,3891007
2009-02-04,0.1536,0.1536,0.1296,0.1462,0.0419,5159697
2009-02-05,0.1471,0.1536,0.1444,0.1518,0.0435,5074649
2009-02-06,0.1555,0.1592,0.1481,0.1527,0.0437,9396730
2009-02-09,0.1555,0.1573,0.1481,0.149,0.0427,2495341
2009-02-10,0.149,0.1508,0.1388,0.1462,0.0419,6895445
2009-02-11,0.1453,0.1481,0.1296,0.1462,0.0419,1477039
2009-02-12,0.149,0.1499,0.1388,0.1416,0.0405,5428348
2009-02-13,0.1434,0.1434,0.136,0.1379,0.0395,4310518
2009-02-16,0.1379,0.1379,0.111,0.1342,0.0384,4208504
2009-02-17,0.1333,0.1333,0.1203,0.1277,0.0366,3366998
2009-02-18,0.1249,0.137,0.1203,0.1323,0.0379,6427306
2009-02-19,0.1351,0.1397,0.1296,0.1388,0.0397,6346797
2009-02-20,0.1397,0.1407,0.1296,0.1388,0.0397,4161928
2009-02-23,0.1397,0.1434,0.1203,0.1323,0.0379,4234548
2009-02-24,0.1314,0.1314,0.1203,0.1212,0.0347,3977136
2009-02-25,0.1184,0.1203,0.1036,0.1129,0.0323,27507110
2009-02-26,0.111,0.1147,0.1018,0.112,0.0321,17973460
2009-02-27,0.1138,0.1138,0.1018,0.111,0.0318,11396699
2009-03-02,0.111,0.111,0.1018,0.1101,0.0315,21546107
2009-03-03,0.1083,0.1101,0.1018,0.1073,0.0307,16454383
2009-03-04,0.1083,0.1194,0.1018,0.1194,0.0342,31377585
2009-03-05,0.1221,0.1268,0.111,0.1157,0.0331,6987409
2009-03-06,0.1147,0.1221,0.1018,0.1166,0.0334,4629959
2009-03-09,0.1184,0.1184,0.111,0.112,0.0321,4963990
2009-03-10,0.112,0.1157,0.1018,0.1138,0.0326,1997483
2009-03-11,0.1166,0.1175,0.111,0.1157,0.0331,3869286
2009-03-12,0.1147,0.1221,0.111,0.1221,0.035,8519454
2009-03-13,0.124,0.1323,0.1203,0.1296,0.0371,7171445
2009-03-16,0.1333,0.1425,0.1296,0.1388,0.0397,6368302
2009-03-17,0.1388,0.1462,0.1296,0.1342,0.0384,15494761
2009-03-18,0.1379,0.1416,0.1296,0.1323,0.0379,9394353
2009-03-19,0.137,0.1499,0.1351,0.1397,0.04,9999412
2009-03-20,0.1397,0.1481,0.1388,0.1407,0.0403,10131792
2009-03-23,0.1444,0.149,0.1296,0.1444,0.0413,22484116
2009-03-24,0.1518,0.1518,0.1296,0.1388,0.0397,14608515
2009-03-25,0.1388,0.1416,0.1296,0.1416,0.0405,29939341
2009-03-26,0.1425,0.1462,0.1388,0.1425,0.0408,20658997
2009-03-27,0.1453,0.1462,0.1203,0.1416,0.0405,47584390
2009-03-30,0.1388,0.1388,0.1296,0.137,0.0392,8132580
2009-03-31,0.137,0.1425,0.1333,0.1416,0.0405,6959744
2009-04-01,0.1444,0.1462,0.1388,0.1462,0.0419,9073831
2009-04-02,0.1499,0.1555,0.1388,0.1518,0.0435,21744731
2009-04-03,0.1545,0.1555,0.1481,0.1518,0.0435,6585838
2009-04-06,0.1536,0.1555,0.1388,0.1508,0.0432,17625489
2009-04-07,0.1536,0.1536,0.1388,0.1444,0.0413,9205346
2009-04-08,0.1388,0.1471,0.1296,0.1471,0.0421,12089724
2009-04-09,0.1499,0.1536,0.1388,0.1508,0.0432,10509373
2009-04-10,0.1545,0.1592,0.1388,0.1518,0.0435,16880809
2009-04-13,0.1527,0.1555,0.1296,0.1508,0.0432,3794937
2009-04-14,0.1508,0.1545,0.1481,0.1499,0.0429,7828916
2009-04-15,0.149,0.1555,0.1203,0.1555,0.0445,8405445
2009-04-16,0.1555,0.1693,0.1545,0.1675,0.048,10582426
2009-04-17,0.1675,0.1693,0.1573,0.1592,0.0456,5196331
2009-04-20,0.1592,0.1592,0.1592,0.1592,0.0456,0
2009-04-21,0.1545,0.1666,0.1481,0.1582,0.0453,16283531
2009-04-22,0.1582,0.1647,0.1582,0.1592,0.0456,2172117
2009-04-23,0.1629,0.1647,0.1481,0.1619,0.0464,2301255
2009-04-24,0.1638,0.1656,0.1573,0.1647,0.0472,5204004
2009-04-27,0.1656,0.1703,0.1573,0.1693,0.0485,3171939
2009-04-28,0.1693,0.1693,0.1693,0.1693,0.0485,0
2009-04-29,0.1693,0.1693,0.1693,0.1693,0.0485,0
2009-04-30,0.1675,0.1749,0.1666,0.173,0.0495,11834689
2009-05-01,0.173,0.173,0.173,0.173,0.0495,0
2009-05-04,0.173,0.174,0.1666,0.173,0.0495,3339333
2009-05-05,0.174,0.1758,0.1573,0.174,0.0498,6483716
2009-05-06,0.1721,0.1758,0.1666,0.1758,0.0503,4620882
2009-05-07,0.1758,0.198,0.1758,0.1934,0.0554,23030603
2009-05-08,0.1916,0.1943,0.1851,0.186,0.0533,8532098
2009-05-11,0.186,0.1934,0.1758,0.1925,0.0551,7485916
2009-05-12,0.1925,0.1925,0.1758,0.1906,0.0546,6935538
2009-05-13,0.1878,0.1943,0.1851,0.1888,0.0541,4260159
2009-05-14,0.1869,0.1869,0.1666,0.1758,0.0503,3813200
2009-05-15,0.1786,0.1906,0.1666,0.1906,0.0546,11951400
2009-05-18,0.1851,0.2101,0.1758,0.2054,0.0588,8430084
2009-05-19,0.2128,0.2239,0.2036,0.2128,0.0609,13142714
2009-05-20,0.2119,0.2212,0.2036,0.2128,0.0609,2802355
2009-05-21,0.211,0.2119,0.1943,0.2073,0.0594,2594437
2009-05-22,0.2036,0.2128,0.1943,0.2128,0.0609,9023580
2009-05-25,0.2128,0.2221,0.1943,0.2202,0.063,8687172
2009-05-26,0.2184,0.2202,0.2036,0.2138,0.0612,5414839
2009-05-27,0.2202,0.2212,0.2036,0.2128,0.0609,4456298
2009-05-28,0.2138,0.2156,0.211,0.2156,0.0617,13807966
2009-05-29,0.2175,0.2221,0.2128,0.2202,0.063,3001628
2009-06-01,0.2239,0.2369,0.2128,0.2369,0.0678,4873431
2009-06-02,0.2378,0.2461,0.2313,0.2406,0.0689,12036555
2009-06-03,0.2489,0.2573,0.2406,0.2415,0.0691,11033167
2009-06-04,0.2434,0.2498,0.2313,0.2406,0.0689,16020716
2009-06-05,0.2452,0.2545,0.2313,0.2424,0.0694,9416723
2009-06-08,0.2424,0.2424,0.2424,0.2424,0.0694,0
2009-06-09,0.2406,0.2443,0.2313,0.2406,0.0689,4614074
2009-06-10,0.2452,0.2508,0.2313,0.2498,0.0715,2814026
2009-06-11,0.2517,0.2554,0.2406,0.2526,0.0723,2690075
2009-06-12,0.2535,0.2573,0.2406,0.2471,0.0707,3837623
2009-06-15,0.2406,0.2406,0.2313,0.236,0.0676,1613958
2009-06-16,0.2332,0.2341,0.2128,0.2258,0.0646,7266110
2009-06-17,0.2249,0.2249,0.2036,0.2147,0.0615,4573765
2009-06-18,0.2147,0.2221,0.2128,0.2202,0.063,1975870
2009-06-19,0.2249,0.2286,0.2128,0.2267,0.0649,1809341
2009-06-22,0.2276,0.2276,0.2119,0.2128,0.0609,11521299
2009-06-23,0.2054,0.2128,0.1943,0.2101,0.0602,5296616
2009-06-24,0.2128,0.2221,0.2036,0.2138,0.0612,3853292
2009-06-25,0.2175,0.2175,0.2036,0.2101,0.0602,1681932
2009-06-26,0.2175,0.2175,0.2036,0.2147,0.0615,1803938
2009-06-29,0.2119,0.2147,0.2036,0.2128,0.0609,1198230
2009-06-30,0.2147,0.2193,0.2036,0.2193,0.0628,4940324
2009-07-01,0.2156,0.2221,0.2036,0.2147,0.0615,7379363
2009-07-02,0.2147,0.2175,0.2036,0.2156,0.0617,2385979
2009-07-03,0.2128,0.2175,0.2036,0.2175,0.0623,2163796
2009-07-06,0.2128,0.2147,0.2036,0.2128,0.0609,858040
2009-07-07,0.2128,0.2249,0.2036,0.2239,0.0641,8359517
2009-07-08,0.2175,0.223,0.2036,0.2175,0.0623,700264
2009-07-09,0.2193,0.223,0.2128,0.2175,0.0623,799144
2009-07-10,0.2193,0.2193,0.2036,0.2128,0.0609,1795725
2009-07-13,0.2101,0.2119,0.2036,0.2101,0.0602,819569
2009-07-14,0.211,0.2184,0.2036,0.211,0.0604,813193
2009-07-15,0.2119,0.2221,0.2036,0.2221,0.0636,1045642
2009-07-16,0.2239,0.2258,0.2128,0.223,0.0638,1905519
2009-07-17,0.223,0.223,0.2128,0.2202,0.063,1576135
2009-07-20,0.223,0.2313,0.2212,0.2304,0.066,2267971
2009-07-21,0.2286,0.2406,0.2221,0.2397,0.0686,4309221
2009-07-22,0.2406,0.2424,0.2221,0.2286,0.0654,6460698
2009-07-23,0.2313,0.2332,0.2221,0.2304,0.066,2683051
2009-07-24,0.236,0.2415,0.2221,0.2332,0.0668,5691379
2009-07-27,0.2378,0.2406,0.2221,0.236,0.0676,2780094
2009-07-28,0.2378,0.2378,0.2221,0.2304,0.066,1818743
2009-07-29,0.2295,0.2304,0.2221,0.2267,0.0649,3983944
2009-07-30,0.2286,0.2369,0.2221,0.236,0.0676,6480042
2009-07-31,0.2387,0.2471,0.2313,0.2341,0.067,18410909
2009-08-03,0.2378,0.2434,0.2313,0.2415,0.0691,5155266
2009-08-04,0.2443,0.2452,0.2313,0.2369,0.0678,7236284
2009-08-05,0.2415,0.2415,0.2313,0.2397,0.0686,3432809
2009-08-06,0.2397,0.2415,0.2313,0.2406,0.0689,8379077
2009-08-07,0.2387,0.2415,0.2313,0.2387,0.0683,3009301
2009-08-10,0.2434,0.2498,0.2313,0.2443,0.0699,5812305
2009-08-11,0.2443,0.248,0.2313,0.2461,0.0705,2271645
2009-08-12,0.2434,0.2434,0.2313,0.2397,0.0686,3847457
2009-08-13,0.2415,0.2471,0.2313,0.2434,0.0697,1151654
2009-08-14,0.2471,0.2498,0.2406,0.248,0.071,34785108
2009-08-17,0.2406,0.2406,0.2313,0.2332,0.0668,1849433
2009-08-18,0.2332,0.2387,0.2221,0.2378,0.0681,1001551
2009-08-19,0.2378,0.2378,0.2221,0.2332,0.0668,4215204
2009-08-20,0.236,0.2424,0.2313,0.2406,0.0689,1695440
2009-08-21,0.2378,0.2452,0.2313,0.2424,0.0694,4258214
2009-08-24,0.2471,0.2498,0.2406,0.2489,0.0713,3848646
2009-08-25,0.2489,0.2526,0.2406,0.2517,0.0721,2697748
2009-08-26,0.2498,0.2526,0.2406,0.2461,0.0705,1973817
2009-08-27,0.2498,0.2508,0.2313,0.2471,0.0707,1184182
2009-08-28,0.2471,0.2498,0.2313,0.2406,0.0689,10239534
2009-08-31,0.2387,0.2406,0.2221,0.2341,0.067,3928398
2009-09-01,0.2378,0.2397,0.2221,0.2378,0.0681,2318654
2009-09-02,0.2313,0.2323,0.2221,0.2249,0.0644,4567606
2009-09-03,0.2258,0.2313,0.2128,0.2286,0.0654,1019490
2009-09-04,0.2304,0.236,0.2221,0.236,0.0676,7546540
2009-09-07,0.235,0.2471,0.2313,0.2471,0.0707,3324095
2009-09-08,0.2434,0.2498,0.2406,0.2471,0.0707,4699770
2009-09-09,0.2471,0.248,0.2406,0.2471,0.0707,2091068
2009-09-10,0.2471,0.2498,0.2406,0.2443,0.0699,3853617
2009-09-11,0.2443,0.2471,0.2397,0.2406,0.0689,15377185
2009-09-14,0.2387,0.2397,0.2313,0.235,0.0673,1807936
2009-09-15,0.2397,0.2461,0.2313,0.2443,0.0699,8003874
2009-09-16,0.2434,0.248,0.2313,0.2471,0.0707,2676783
2009-09-17,0.2471,0.2498,0.2406,0.2424,0.0694,4691125
2009-09-18,0.2434,0.2443,0.2406,0.2424,0.0694,2553048
2009-09-21,0.2424,0.2424,0.2313,0.2369,0.0678,2034333
2009-09-22,0.2369,0.2461,0.2313,0.2452,0.0702,2426071
2009-09-23,0.2452,0.2489,0.2406,0.248,0.071,1900872
2009-09-24,0.2406,0.2443,0.2313,0.2415,0.0691,3351652
2009-09-25,0.2424,0.2452,0.2406,0.2452,0.0702,2860494
2009-09-28,0.2434,0.2434,0.2313,0.2406,0.0689,1755524
2009-09-29,0.2406,0.2452,0.2313,0.2452,0.0702,1109833
2009-09-30,0.2443,0.2498,0.2313,0.2452,0.0702,3535364
2009-10-01,0.2406,0.2498,0.2313,0.2387,0.0683,3682873
2009-10-02,0.2369,0.2369,0.2221,0.2276,0.0652,2128350
2009-10-05,0.2276,0.235,0.2221,0.2313,0.0662,1148736
2009-10-06,0.236,0.2498,0.2313,0.2424,0.0694,4844578
2009-10-07,0.2434,0.2498,0.2313,0.2498,0.0715,5704239
2009-10-08,0.2498,0.2498,0.2387,0.2406,0.0689,2504418
2009-10-09,0.2397,0.2415,0.2313,0.2378,0.0681,2761614
2009-10-12,0.2397,0.2452,0.2313,0.2415,0.0691,2953971
2009-10-13,0.2415,0.2434,0.2313,0.2415,0.0691,1022300
2009-10-14,0.2434,0.2545,0.2406,0.2526,0.0723,9875029
2009-10-15,0.2545,0.2591,0.2489,0.2563,0.0734,5196331
2009-10-16,0.2573,0.2702,0.2498,0.2526,0.0723,11002692
2009-10-19,0.2545,0.2647,0.2498,0.2637,0.0755,3505646
2009-10-20,0.2637,0.2637,0.2637,0.2637,0.0755,0
2009-10-21,0.2647,0.2647,0.2498,0.2591,0.0742,2886430
2009-10-22,0.2573,0.26,0.2498,0.26,0.0744,1110913
2009-10-23,0.261,0.2702,0.2591,0.2702,0.0774,8110318
2009-10-26,0.2711,0.2711,0.2591,0.2628,0.0752,1952203
2009-10-27,0.2591,0.2591,0.2498,0.2545,0.0729,3086892
2009-10-28,0.2535,0.2535,0.2406,0.2452,0.0702,3929803
2009-10-29,0.2424,0.2498,0.2406,0.2471,0.0707,10910837
2009-10-30,0.248,0.2498,0.2313,0.2406,0.0689,2226690
2009-11-02,0.2397,0.2498,0.2313,0.2378,0.0681,5938741
2009-11-03,0.2387,0.2387,0.2221,0.2313,0.0662,10420759
2009-11-04,0.2313,0.2369,0.2221,0.2341,0.067,8784647
2009-11-05,0.2332,0.2341,0.2221,0.2323,0.0665,10019296
2009-11-06,0.236,0.236,0.2221,0.2276,0.0652,6026815
2009-11-09,0.2313,0.2341,0.2221,0.2313,0.0662,4607374
2009-11-10,0.2387,0.2387,0.2313,0.2378,0.0681,14323006
2009-11-11,0.2406,0.2498,0.2313,0.2424,0.0694,11842902
2009-11-12,0.2434,0.2461,0.2313,0.2434,0.0697,5264953
2009-11-13,0.2434,0.2452,0.2313,0.2415,0.0691,2309360
2009-11-16,0.2443,0.2471,0.2406,0.2443,0.0699,5340598
2009-11-17,0.2452,0.2452,0.2313,0.2406,0.0689,2935060
2009-11-18,0.2406,0.2434,0.2313,0.2406,0.0689,1099566
2009-11-19,0.2406,0.2406,0.2313,0.2397,0.0686,1278955
2009-11-20,0.2378,0.2424,0.2313,0.2397,0.0686,1403771
2009-11-23,0.2397,0.2443,0.2397,0.2443,0.0699,571666
2009-11-24,0.2434,0.248,0.2313,0.2434,0.0697,8820309
2009-11-25,0.2461,0.2461,0.2406,0.2424,0.0694,1092002
2009-11-26,0.2424,0.2434,0.2313,0.2406,0.0689,1629088
2009-11-27,0.236,0.2387,0.2313,0.2378,0.0681,2705961
2009-11-30,0.2387,0.2406,0.2313,0.236,0.0676,457117
2009-12-01,0.236,0.236,0.236,0.236,0.0676,0
2009-12-02,0.2387,0.2424,0.2313,0.2424,0.0694,1228164
2009-12-03,0.2406,0.2452,0.2406,0.2443,0.0699,2531435
2009-12-04,0.2424,0.2443,0.2313,0.2443,0.0699,763483
2009-12-07,0.2415,0.2415,0.2313,0.235,0.0673,4720843
2009-12-08,0.2341,0.2387,0.2313,0.2387,0.0683,1582619
2009-12-09,0.235,0.236,0.2313,0.2332,0.0668,2735679
2009-12-10,0.2332,0.235,0.2313,0.2332,0.0668,2630315
2009-12-11,0.2341,0.236,0.2221,0.2313,0.0662,1952203
2009-12-14,0.2313,0.235,0.2221,0.2323,0.0665,595441
2009-12-15,0.2332,0.2341,0.2313,0.2323,0.0665,2058648
2009-12-16,0.2332,0.2406,0.2313,0.2397,0.0686,3633703
2009-12-17,0.2397,0.2397,0.2313,0.235,0.0673,856959
2009-12-18,0.2378,0.2397,0.2313,0.2397,0.0686,1890066
2009-12-21,0.2313,0.236,0.2313,0.2313,0.0662,3168481
2009-12-22,0.2313,0.2313,0.2128,0.2313,0.0662,4451759
2009-12-23,0.2286,0.2313,0.2221,0.2295,0.0657,759700
2009-12-24,0.2313,0.2313,0.2221,0.2304,0.066,2295312
2009-12-25,0.2304,0.2304,0.2304,0.2304,0.066,0
2009-12-28,0.2304,0.2304,0.2304,0.2304,0.066,0
2009-12-29,0.2304,0.2304,0.2304,0.2304,0.066,0
2009-12-30,0.2304,0.2304,0.2304,0.2304,0.066,0
2009-12-31,0.2304,0.2304,0.2304,0.2304,0.066,0
2010-01-01,0.2304,0.2304,0.2304,0.2304,0.066,0
2010-01-04,0.2295,0.2341,0.2221,0.2332,0.0668,4349637
2010-01-05,0.236,0.2452,0.236,0.2452,0.0702,5166073
2010-01-06,0.2461,0.2498,0.2406,0.2424,0.0694,4042191
2010-01-07,0.2443,0.2498,0.2406,0.2498,0.0715,7854203
2010-01-08,0.2498,0.26,0.2498,0.2582,0.0739,16108249
2010-01-11,0.2582,0.2684,0.2582,0.2684,0.0768,7313335
2010-01-12,0.2674,0.2674,0.2591,0.2628,0.0752,10084676
2010-01-13,0.261,0.2684,0.2591,0.2684,0.0768,6971848
2010-01-14,0.2684,0.2693,0.2591,0.2619,0.075,9724817
2010-01-15,0.2628,0.2711,0.2498,0.2702,0.0774,3930884
2010-01-18,0.2693,0.2693,0.2591,0.2684,0.0768,4692746
2010-01-19,0.2665,0.2684,0.2591,0.2619,0.075,1723645
2010-01-20,0.2637,0.2656,0.2591,0.2591,0.0742,4249137
2010-01-21,0.2582,0.26,0.2498,0.2582,0.0739,1779839
2010-01-22,0.2545,0.2563,0.2498,0.2498,0.0715,1931671
2010-01-25,0.2489,0.2535,0.2489,0.2526,0.0723,4993708
2010-01-26,0.2526,0.2526,0.2406,0.2471,0.0707,767265
2010-01-27,0.2406,0.2526,0.2406,0.2526,0.0723,2155907
2010-01-28,0.2563,0.2619,0.2498,0.26,0.0744,2061890
2010-01-29,0.26,0.26,0.2498,0.2573,0.0737,3422435
2010-02-01,0.2582,0.2628,0.2498,0.2628,0.0752,9321193
2010-02-02,0.2628,0.2647,0.2591,0.2628,0.0752,4333968
2010-02-03,0.2628,0.2637,0.2498,0.2628,0.0752,5365994
2010-02-04,0.2591,0.261,0.2498,0.2582,0.0739,2999899
2010-02-05,0.2545,0.2545,0.2406,0.2443,0.0699,2618428
2010-02-08,0.2434,0.2498,0.2406,0.2452,0.0702,596521
2010-02-09,0.2471,0.2498,0.2406,0.2471,0.0707,3114989
2010-02-10,0.2471,0.2526,0.2406,0.2489,0.0713,4569551
2010-02-11,0.2489,0.2508,0.2406,0.2489,0.0713,3133360
2010-02-12,0.2489,0.2498,0.2452,0.2471,0.0707,1046074
2010-02-15,0.2498,0.2517,0.2443,0.248,0.071,2541161
2010-02-16,0.2471,0.2526,0.2434,0.2498,0.0715,2583847
2010-02-17,0.2517,0.2545,0.248,0.2508,0.0718,1330827
2010-02-18,0.2498,0.2563,0.2498,0.2526,0.0723,2634097
2010-02-19,0.2498,0.2582,0.2498,0.2582,0.0739,4686802
2010-02-22,0.2591,0.2619,0.2582,0.2619,0.075,1151978
2010-02-23,0.2619,0.2628,0.2563,0.2591,0.0742,745111
2010-02-24,0.2563,0.2619,0.2563,0.261,0.0747,3614251
2010-02-25,0.261,0.261,0.2582,0.2582,0.0739,3741769
2010-02-26,0.2573,0.2591,0.2545,0.2545,0.0729,1419981
2010-03-01,0.2563,0.26,0.2563,0.2573,0.0737,2676243
2010-03-02,0.2573,0.2591,0.2535,0.2591,0.0742,2925334
2010-03-03,0.2554,0.261,0.2554,0.261,0.0747,9536783
2010-03-04,0.261,0.2637,0.2573,0.2628,0.0752,5756651
2010-03-05,0.2628,0.2674,0.2628,0.2637,0.0755,2218045
2010-03-08,0.2665,0.2665,0.2619,0.2628,0.0752,840749
2010-03-09,0.2628,0.2656,0.2619,0.2628,0.0752,799684
2010-03-10,0.2637,0.2656,0.2637,0.2637,0.0755,2364474
2010-03-11,0.2637,0.2711,0.2637,0.2647,0.0758,8217303
2010-03-12,0.2665,0.2721,0.2665,0.2693,0.0771,3336523
2010-03-15,0.2711,0.2961,0.2711,0.2933,0.084,26453903
2010-03-16,0.2961,0.2989,0.2896,0.2924,0.0837,14661792
2010-03-17,0.2952,0.3017,0.2943,0.3007,0.0861,11970960
2010-03-18,0.3007,0.3128,0.2933,0.3109,0.089,13469288
2010-03-19,0.3109,0.3165,0.3026,0.3054,0.0874,7045332
2010-03-22,0.3063,0.3118,0.2989,0.3054,0.0874,2017583
2010-03-23,0.3054,0.3128,0.3054,0.3128,0.0896,4735431
2010-03-24,0.3128,0.3146,0.3054,0.3072,0.088,4938054
2010-03-25,0.31,0.3146,0.3091,0.3118,0.0893,2395813
2010-03-26,0.3118,0.323,0.3109,0.323,0.0925,3280869
2010-03-29,0.323,0.323,0.3137,0.3146,0.0901,4283177
2010-03-30,0.3155,0.322,0.3146,0.322,0.0922,4935353
2010-03-31,0.322,0.322,0.3174,0.3183,0.0911,3221433
2010-04-01,0.322,0.3341,0.3183,0.3331,0.0954,7041550
2010-04-02,0.3341,0.3378,0.3313,0.3331,0.0954,1874396
2010-04-05,0.3331,0.3331,0.3331,0.3331,0.0954,0
2010-04-06,0.3322,0.3359,0.3276,0.3285,0.0941,4277774
2010-04-07,0.3285,0.3368,0.3267,0.3368,0.0964,4011392
2010-04-08,0.335,0.3387,0.3322,0.3368,0.0964,8245400
2010-04-09,0.3368,0.3405,0.3368,0.3387,0.097,11821289
2010-04-12,0.3387,0.3387,0.3285,0.3331,0.0954,5315203
2010-04-13,0.3341,0.335,0.3239,0.3248,0.093,2959915
2010-04-14,0.3267,0.3313,0.323,0.3239,0.0927,5973322
2010-04-15,0.3257,0.3378,0.3257,0.3267,0.0935,2128350
2010-04-16,0.3267,0.3313,0.3239,0.3248,0.093,3983295
2010-04-19,0.323,0.323,0.3137,0.3183,0.0911,2716227
2010-04-20,0.3192,0.3239,0.3165,0.3165,0.0906,1304351
2010-04-21,0.3165,0.3211,0.3146,0.3155,0.0903,1207632
2010-04-22,0.3155,0.322,0.3026,0.3035,0.0869,1568030
2010-04-23,0.3035,0.3146,0.3007,0.3146,0.0901,1611257
2010-04-26,0.3183,0.3211,0.3054,0.3081,0.0882,2883188
2010-04-27,0.3072,0.3081,0.3007,0.3007,0.0861,2241279
2010-04-28,0.2998,0.3091,0.2832,0.3007,0.0861,8897035
2010-04-29,0.3007,0.3007,0.3007,0.3007,0.0861,0
2010-04-30,0.3007,0.3007,0.3007,0.3007,0.0861,0
2010-05-03,0.3007,0.3035,0.2961,0.297,0.085,5542141
2010-05-04,0.2961,0.2989,0.2869,0.2915,0.0835,12548570
2010-05-05,0.2776,0.2841,0.2739,0.2776,0.0795,14183602
2010-05-06,0.273,0.2841,0.2684,0.2785,0.0797,9487614
2010-05-07,0.2684,0.2785,0.26,0.2776,0.0795,7350077
2010-05-10,0.2869,0.3035,0.2869,0.2933,0.084,6629280
2010-05-11,0.2943,0.2943,0.2776,0.2776,0.0795,5726392
2010-05-12,0.2813,0.2896,0.2776,0.2869,0.0821,5574560
2010-05-13,0.2915,0.298,0.2896,0.2961,0.0848,5052063
2010-05-14,0.2961,0.2961,0.2869,0.2887,0.0827,6008443
2010-05-17,0.2776,0.2822,0.2721,0.2721,0.0779,5420027
2010-05-18,0.2739,0.2776,0.2637,0.2702,0.0774,9761560
2010-05-19,0.2693,0.2739,0.2656,0.2739,0.0784,6674668
2010-05-20,0.273,0.2859,0.273,0.2859,0.0819,12043904
2010-05-21,0.2776,0.2822,0.2721,0.2767,0.0792,19507450
2010-05-24,0.2767,0.2767,0.2767,0.2767,0.0792,0
2010-05-25,0.2684,0.2684,0.236,0.236,0.0676,10305129
2010-05-26,0.2498,0.2647,0.2434,0.2647,0.0758,6897283
2010-05-27,0.2684,0.2776,0.2684,0.273,0.0782,11520867
2010-05-28,0.2795,0.2841,0.2739,0.2776,0.0795,6497440
2010-05-31,0.2748,0.2776,0.2693,0.2711,0.0776,3401362
2010-06-01,0.2684,0.2711,0.2656,0.2684,0.0768,1525345
2010-06-02,0.2619,0.2748,0.2619,0.2739,0.0784,794822
2010-06-03,0.2785,0.2832,0.273,0.2776,0.0795,1445916
2010-06-04,0.273,0.2804,0.2684,0.2702,0.0774,2884269
2010-06-07,0.2637,0.2711,0.2628,0.2684,0.0768,2327731
2010-06-08,0.2656,0.2693,0.2563,0.2591,0.0742,1044453
2010-06-09,0.2628,0.2656,0.26,0.2619,0.075,599223
2010-06-10,0.2619,0.2693,0.2619,0.2637,0.0755,4860787
2010-06-11,0.2684,0.2684,0.2637,0.2647,0.0758,1248697
2010-06-14,0.2665,0.2721,0.26,0.26,0.0744,1953824
2010-06-15,0.26,0.2776,0.26,0.2739,0.0784,2757832
2010-06-16,0.2804,0.2887,0.2804,0.2822,0.0808,8525830
2010-06-17,0.2869,0.2961,0.2832,0.2961,0.0848,4016796
2010-06-18,0.2961,0.2961,0.2869,0.2869,0.0821,1784702
2010-06-21,0.2952,0.297,0.2915,0.2943,0.0843,1958687
2010-06-22,0.2924,0.2961,0.2915,0.2924,0.0837,1432408
2010-06-23,0.2915,0.2961,0.2869,0.2961,0.0848,3593179
2010-06-24,0.2961,0.3007,0.2915,0.2924,0.0837,2354748
2010-06-25,0.2924,0.2933,0.2758,0.2869,0.0821,5423269
2010-06-28,0.2785,0.2869,0.273,0.2822,0.0808,2962616
2010-06-29,0.273,0.2776,0.2684,0.2711,0.0776,2888051
2010-06-30,0.2684,0.2804,0.2684,0.2804,0.0803,4306411
2010-07-01,0.2758,0.2822,0.2758,0.2813,0.0805,804547
2010-07-02,0.2795,0.2906,0.2795,0.2906,0.0832,547892
2010-07-05,0.2869,0.2915,0.2758,0.2758,0.079,1507514
2010-07-06,0.2776,0.2822,0.2748,0.2748,0.0787,6469343
2010-07-07,0.2748,0.2813,0.273,0.273,0.0782,457117
2010-07-08,0.2785,0.2869,0.2767,0.2776,0.0795,506827
2010-07-09,0.2804,0.2832,0.2776,0.2832,0.0811,1613418
2010-07-12,0.2776,0.2804,0.2748,0.2748,0.0787,819136
2010-07-13,0.2776,0.2776,0.2748,0.2758,0.079,1353520
2010-07-14,0.2785,0.2822,0.2748,0.2748,0.0787,1551821
2010-07-15,0.2748,0.2776,0.2739,0.2758,0.079,1419440
2010-07-16,0.2739,0.2804,0.2739,0.2804,0.0803,1142793
2010-07-19,0.2739,0.2795,0.2739,0.2795,0.08,148590
2010-07-20,0.2804,0.2804,0.2748,0.2776,0.0795,1075252
2010-07-21,0.2758,0.2813,0.2758,0.2813,0.0805,155074
2010-07-22,0.2785,0.2878,0.2776,0.2813,0.0805,1385940
2010-07-23,0.2822,0.2915,0.2813,0.2813,0.0805,2072697
2010-07-26,0.2869,0.2869,0.2832,0.285,0.0816,4951563
2010-07-27,0.2869,0.2952,0.2869,0.2943,0.0843,878572
2010-07-28,0.2906,0.2943,0.2906,0.2943,0.0843,1127123
2010-07-29,0.2915,0.2943,0.2896,0.2915,0.0835,885597
2010-07-30,0.2906,0.2906,0.2859,0.2887,0.0827,375527
2010-08-02,0.2887,0.3007,0.2887,0.3007,0.0861,1540474
2010-08-03,0.3007,0.3007,0.3007,0.3007,0.0861,0
2010-08-04,0.3007,0.3007,0.3007,0.3007,0.0861,0
2010-08-05,0.3091,0.3183,0.3063,0.3072,0.088,6744910
2010-08-06,0.3128,0.3128,0.2989,0.3007,0.0861,9005641
2010-08-09,0.3007,0.3063,0.3007,0.3035,0.0869,497101
2010-08-10,0.3017,0.3044,0.3007,0.3017,0.0864,3964384
2010-08-11,0.3007,0.3026,0.2961,0.3007,0.0861,1240592
2010-08-12,0.297,0.31,0.297,0.3054,0.0874,1428626
2010-08-13,0.3091,0.3118,0.3044,0.3054,0.0874,2980987
2010-08-16,0.3026,0.3137,0.3026,0.3118,0.0893,3032319
2010-08-17,0.31,0.3211,0.31,0.3183,0.0911,4888885
2010-08-18,0.3192,0.3192,0.3109,0.3109,0.089,1184398
2010-08-19,0.3118,0.3155,0.3118,0.3118,0.0893,2264513
2010-08-20,0.3192,0.3192,0.3118,0.3146,0.0901,1794428
2010-08-23,0.3128,0.3128,0.3109,0.3128,0.0896,4219959
2010-08-24,0.3118,0.3118,0.3007,0.3054,0.0874,1240052
2010-08-25,0.3007,0.3054,0.2961,0.3054,0.0874,2188867
2010-08-26,0.3017,0.31,0.3007,0.3054,0.0874,2630855
2010-08-27,0.2998,0.3091,0.2998,0.3081,0.0882,3287353
2010-08-30,0.3063,0.31,0.3054,0.3072,0.088,1048235
2010-08-31,0.3054,0.3054,0.3007,0.3017,0.0864,111307
2010-09-01,0.3026,0.3026,0.2989,0.3007,0.0861,1540474
2010-09-02,0.2998,0.3044,0.2998,0.3035,0.0869,123735
2010-09-03,0.3007,0.3054,0.3007,0.3054,0.0874,534924
2010-09-06,0.3054,0.3137,0.3017,0.3137,0.0898,992581
2010-09-07,0.3063,0.3063,0.3035,0.3035,0.0869,88613
2010-09-08,0.3017,0.3026,0.3007,0.3026,0.0866,1966252
2010-09-09,0.3007,0.3081,0.3007,0.3072,0.088,461980
2010-09-10,0.3054,0.3118,0.3035,0.3118,0.0893,1162785
2010-09-13,0.3072,0.3128,0.3063,0.3063,0.0877,1517240
2010-09-14,0.3072,0.3118,0.3072,0.3118,0.0893,322575
2010-09-15,0.3118,0.3128,0.3091,0.3128,0.0896,1269229
2010-09-16,0.3128,0.3146,0.3109,0.3137,0.0898,1635571
2010-09-17,0.3146,0.3155,0.3044,0.3044,0.0872,1545877
2010-09-20,0.3044,0.3091,0.3044,0.3044,0.0872,805088
2010-09-21,0.3054,0.3072,0.3044,0.3063,0.0877,2138076
2010-09-22,0.3054,0.3072,0.3044,0.3044,0.0872,4089200
2010-09-23,0.3044,0.3072,0.3035,0.3054,0.0874,566263
2010-09-24,0.3054,0.3063,0.3044,0.3054,0.0874,155614
2010-09-27,0.3081,0.3081,0.3054,0.3063,0.0877,3372725
2010-09-28,0.3044,0.3109,0.3044,0.3091,0.0885,7323601
2010-09-29,0.3063,0.3091,0.3063,0.3072,0.088,429020
2010-09-30,0.3063,0.3146,0.3063,0.3146,0.0901,5836619
2010-10-01,0.3091,0.3137,0.3091,0.31,0.0888,910992
2010-10-04,0.3128,0.3128,0.3054,0.3063,0.0877,851016
2010-10-05,0.3063,0.3091,0.3054,0.3054,0.0874,560860
2010-10-06,0.3081,0.3137,0.3072,0.3137,0.0898,1223301
2010-10-07,0.3137,0.3155,0.31,0.31,0.0888,4781359
2010-10-08,0.3146,0.3146,0.31,0.3137,0.0898,4526325
2010-10-11,0.31,0.3109,0.31,0.31,0.0888,101581
2010-10-12,0.31,0.3118,0.31,0.3118,0.0893,158856
2010-10-13,0.3091,0.3137,0.3091,0.3128,0.0896,761862
2010-10-14,0.3109,0.3128,0.31,0.31,0.0888,78347
2010-10-15,0.31,0.3137,0.31,0.3137,0.0898,2791873
2010-10-18,0.31,0.3128,0.31,0.3128,0.0896,203163
2010-10-19,0.3109,0.3146,0.3109,0.3137,0.0898,1779839
2010-10-20,0.3128,0.3137,0.3118,0.3118,0.0893,2596274
2010-10-21,0.3128,0.3137,0.3118,0.3128,0.0896,606247
2010-10-22,0.31,0.3118,0.31,0.3118,0.0893,868846
2010-10-25,0.31,0.3109,0.3072,0.3081,0.0882,3699623
2010-10-26,0.3081,0.3081,0.3044,0.3044,0.0872,993122
2010-10-27,0.298,0.3081,0.297,0.3063,0.0877,2483346
2010-10-28,0.3081,0.3081,0.3054,0.3063,0.0877,118872
2010-10-29,0.3054,0.31,0.3054,0.3081,0.0882,58895
2010-11-01,0.3054,0.3081,0.3054,0.3081,0.0882,70782
2010-11-02,0.3091,0.3118,0.3054,0.3109,0.089,1022840
2010-11-03,0.3118,0.3146,0.3063,0.3146,0.0901,4382057
2010-11-04,0.3137,0.3155,0.3109,0.3118,0.0893,326357
2010-11-05,0.3137,0.3155,0.3118,0.3146,0.0901,437125
2010-11-08,0.3081,0.3109,0.3081,0.3091,0.0885,2349885
2010-11-09,0.3072,0.31,0.3072,0.31,0.0888,819677
2010-11-10,0.31,0.31,0.3054,0.3054,0.0874,25026357
2010-11-11,0.3044,0.3128,0.3044,0.3128,0.0896,12361617
2010-11-12,0.3054,0.31,0.3054,0.3081,0.0882,563021
2010-11-15,0.3063,0.31,0.3054,0.31,0.0888,766184
2010-11-16,0.3054,0.3091,0.3054,0.3091,0.0885,311228
2010-11-17,0.3054,0.31,0.3054,0.3072,0.088,886137
2010-11-18,0.3054,0.31,0.3054,0.3091,0.0885,185872
2010-11-19,0.3063,0.3091,0.3054,0.3063,0.0877,315011
2010-11-22,0.3072,0.3081,0.3054,0.3054,0.0874,375527
2010-11-23,0.3017,0.3072,0.3007,0.3054,0.0874,5444882
2010-11-24,0.3017,0.3081,0.3007,0.3081,0.0882,1512917
2010-11-25,0.3035,0.3072,0.3026,0.3072,0.088,1897090
2010-11-26,0.3017,0.3044,0.298,0.298,0.0853,3648292
2010-11-29,0.3007,0.3054,0.2998,0.2998,0.0858,4205910
2010-11-30,0.2989,0.3063,0.2989,0.3035,0.0869,1718782
2010-12-01,0.3035,0.3035,0.3035,0.3035,0.0869,0
2010-12-02,0.3035,0.3109,0.3035,0.3054,0.0874,1097405
2010-12-03,0.3054,0.3109,0.3054,0.3081,0.0882,2343941
2010-12-06,0.3063,0.3063,0.298,0.3044,0.0872,1748500
2010-12-07,0.3044,0.3109,0.3044,0.31,0.0888,2907503
2010-12-08,0.3054,0.3081,0.3054,0.3081,0.0882,1965712
2010-12-09,0.3081,0.3081,0.3007,0.3054,0.0874,861822
2010-12-10,0.3026,0.3081,0.3026,0.3054,0.0874,5150943
2010-12-13,0.3044,0.3054,0.3044,0.3054,0.0874,38903
2010-12-14,0.3026,0.3054,0.3026,0.3035,0.0869,4038409
2010-12-15,0.3026,0.3054,0.3026,0.3035,0.0869,525738
2010-12-16,0.3035,0.3035,0.3017,0.3035,0.0869,16209
2010-12-17,0.3026,0.3054,0.3026,0.3054,0.0874,3868746
2010-12-20,0.3026,0.3054,0.3007,0.3009,0.0861,414971
2010-12-21,0.3007,0.3054,0.3007,0.3017,0.0864,374987
2010-12-22,0.3018,0.3018,0.298,0.3017,0.0864,16462704
2010-12-23,0.3007,0.31,0.3007,0.31,0.0888,7300907
2010-12-24,0.31,0.31,0.31,0.31,0.0888,0
2010-12-27,0.3118,0.3127,0.3054,0.31,0.0888,2390950
2010-12-28,0.3081,0.31,0.3081,0.31,0.0888,1598289
2010-12-29,0.3145,0.3145,0.3091,0.31,0.0888,353914
2010-12-30,0.31,0.3118,0.3072,0.31,0.0888,826701
2010-12-31,0.31,0.31,0.31,0.31,0.0888,0
2011-01-03,0.3126,0.3155,0.31,0.3155,0.0903,10313234
2011-01-04,0.3165,0.3239,0.3165,0.3239,0.0927,3233861
2011-01-05,0.3225,0.3248,0.3183,0.3239,0.0927,7713177
2011-01-06,0.3239,0.3341,0.3239,0.3331,0.0954,3840108
2011-01-07,0.3313,0.3331,0.3239,0.3239,0.0927,2443902
2011-01-10,0.3294,0.3294,0.323,0.3257,0.0932,7243633
2011-01-11,0.3248,0.329,0.3242,0.3257,0.0932,2788090
2011-01-12,0.3267,0.3322,0.3267,0.3313,0.0949,709450
2011-01-13,0.3329,0.3385,0.3283,0.3376,0.0967,3687196
2011-01-14,0.3336,0.3415,0.3331,0.3368,0.0964,3300861
2011-01-17,0.3359,0.3423,0.3359,0.3412,0.0977,1545337
2011-01-18,0.3396,0.3468,0.3331,0.3414,0.0977,9331459
2011-01-19,0.3387,0.347,0.3387,0.3457,0.099,3055012
2011-01-20,0.3458,0.3461,0.3424,0.3424,0.098,7702371
2011-01-21,0.3415,0.3461,0.335,0.3396,0.0972,6938888
2011-01-24,0.3368,0.3428,0.3359,0.3405,0.0975,9175304
2011-01-25,0.3387,0.3415,0.3368,0.3415,0.0978,6882153
2011-01-26,0.3378,0.3396,0.3285,0.3387,0.097,9048327
2011-01-27,0.3331,0.3368,0.329,0.3368,0.0964,8595533
2011-01-28,0.3331,0.3378,0.3322,0.3376,0.0967,6801645
2011-01-31,0.3336,0.3359,0.3299,0.3331,0.0954,4346936
2011-02-01,0.3373,0.3373,0.3304,0.3351,0.0959,44286879
2011-02-02,0.3387,0.3415,0.3379,0.3412,0.0977,3575348
2011-02-03,0.3387,0.3419,0.3368,0.3415,0.0978,6236462
2011-02-04,0.3391,0.3452,0.3391,0.3433,0.0983,6000879
2011-02-07,0.3469,0.349,0.3433,0.3485,0.0998,1825226
2011-02-08,0.3489,0.3489,0.3433,0.3484,0.0997,608949
2011-02-09,0.3452,0.3489,0.3452,0.347,0.0993,3105803
2011-02-10,0.3446,0.3446,0.3387,0.3422,0.098,1208713
2011-02-11,0.341,0.3424,0.3379,0.3379,0.0967,141565
2011-02-14,0.3379,0.34,0.3379,0.3396,0.0972,1538853
2011-02-15,0.3419,0.3442,0.3387,0.3442,0.0985,1564789
2011-02-16,0.3406,0.3416,0.3336,0.3336,0.0955,6165139
2011-02-17,0.3337,0.3368,0.3336,0.335,0.0959,403084
2011-02-18,0.335,0.3423,0.3341,0.3423,0.098,524658
2011-02-21,0.336,0.3422,0.3341,0.3341,0.0957,2345562
2011-02-22,0.3341,0.3378,0.3341,0.3378,0.0967,397140
2011-02-23,0.3424,0.3512,0.3424,0.3507,0.1004,7357101
2011-02-24,0.3516,0.3516,0.3425,0.3425,0.0981,2985850
2011-02-25,0.3425,0.347,0.3424,0.347,0.0993,848854
2011-02-28,0.347,0.3701,0.3442,0.3683,0.1054,6016008
2011-03-01,0.3674,0.3674,0.3563,0.3563,0.102,6991840
2011-03-02,0.3516,0.3581,0.3516,0.3537,0.1013,1561547
2011-03-03,0.3545,0.3637,0.3545,0.3609,0.1033,7734250
2011-03-04,0.3609,0.3627,0.3572,0.3581,0.1025,3194417
2011-03-07,0.359,0.3655,0.3561,0.3655,0.1046,3066359
2011-03-08,0.3618,0.3627,0.3577,0.3609,0.1033,1717161
2011-03-09,0.3583,0.3651,0.3583,0.362,0.1036,8338337
2011-03-10,0.3619,0.3729,0.3618,0.3729,0.1068,5333034
2011-03-11,0.3701,0.3701,0.3608,0.3655,0.1046,6718434
2011-03-14,0.3609,0.3669,0.3609,0.3655,0.1046,1248697
2011-03-15,0.3577,0.3609,0.3516,0.3544,0.1015,3920617
2011-03-16,0.3544,0.3646,0.3544,0.3609,0.1033,7466248
2011-03-17,0.3558,0.3698,0.3553,0.3693,0.1057,3498621
2011-03-18,0.3697,0.3766,0.3697,0.3701,0.106,4813239
2011-03-21,0.3669,0.3839,0.3669,0.3839,0.1099,1412956
2011-03-22,0.3842,0.3978,0.3842,0.3887,0.1113,6567683
2011-03-23,0.3972,0.3973,0.384,0.384,0.1099,1755524
2011-03-24,0.3851,0.3959,0.3851,0.3859,0.1105,4554962
2011-03-25,0.3967,0.4072,0.3891,0.4072,0.1166,6905387
2011-03-28,0.3982,0.4118,0.3935,0.3979,0.1139,1870614
2011-03-29,0.3979,0.4035,0.3952,0.3964,0.1135,1385400
2011-03-30,0.3979,0.3988,0.3933,0.3988,0.1142,2289368
2011-03-31,0.3988,0.3994,0.3951,0.3961,0.1134,1445376
2011-04-01,0.3961,0.3974,0.3888,0.3924,0.1123,3179288
2011-04-04,0.3924,0.3933,0.385,0.3877,0.111,2060809
2011-04-05,0.3844,0.3961,0.3841,0.3877,0.111,1086058
2011-04-06,0.3877,0.3988,0.3877,0.3979,0.1139,4208072
2011-04-07,0.3979,0.4071,0.3979,0.4071,0.1166,3433242
2011-04-08,0.3989,0.4164,0.3989,0.4164,0.1192,5162290
2011-04-11,0.4192,0.4258,0.4058,0.4067,0.1164,5096370
2011-04-12,0.4099,0.4104,0.3979,0.4009,0.1148,2055406
2011-04-13,0.4025,0.4072,0.4007,0.4018,0.115,1127123
2011-04-14,0.4016,0.4062,0.394,0.394,0.1128,1050397
2011-04-15,0.3947,0.403,0.3887,0.3961,0.1134,1943558
2011-04-18,0.4007,0.4007,0.3896,0.3896,0.1115,1712298
2011-04-19,0.3887,0.3914,0.3859,0.3914,0.1121,8698735
2011-04-20,0.3914,0.4002,0.3914,0.3979,0.1139,3307886
2011-04-21,0.3979,0.4025,0.3921,0.3934,0.1126,6482851
2011-04-22,0.3937,0.3979,0.3924,0.3979,0.1139,51871
2011-04-25,0.3979,0.3979,0.3979,0.3979,0.1139,0
2011-04-26,0.3979,0.3979,0.3979,0.3979,0.1139,0
2011-04-27,0.3979,0.3979,0.3979,0.3979,0.1139,0
2011-04-28,0.4025,0.409,0.3979,0.4072,0.1166,2763776
2011-04-29,0.4062,0.4081,0.3979,0.4072,0.1166,2144560
2011-05-02,0.3961,0.4072,0.3961,0.4046,0.1158,1542635
2011-05-03,0.3989,0.3998,0.3905,0.3964,0.1135,8425870
2011-05-04,0.3951,0.3995,0.3897,0.3947,0.113,5698836
2011-05-05,0.3911,0.4061,0.3911,0.3979,0.1139,9200159
2011-05-06,0.395,0.3979,0.3914,0.3965,0.1135,3023133
2011-05-09,0.3933,0.3979,0.3914,0.397,0.1137,1176293
2011-05-10,0.385,0.3872,0.3813,0.3845,0.1152,1770113
2011-05-11,0.3868,0.3886,0.3701,0.3762,0.1127,3592098
2011-05-12,0.3703,0.3887,0.3703,0.3826,0.1147,3772567
2011-05-13,0.3826,0.3887,0.3794,0.3877,0.1162,3211707
2011-05-16,0.3873,0.3873,0.3794,0.3794,0.1137,560860
2011-05-17,0.3749,0.3822,0.3749,0.3766,0.1129,3125255
2011-05-18,0.3776,0.3821,0.3766,0.3776,0.1132,3649373
2011-05-19,0.3821,0.384,0.3794,0.3794,0.1137,840749
2011-05-20,0.3794,0.3822,0.3794,0.382,0.1145,570045
2011-05-23,0.3794,0.3794,0.3704,0.3704,0.111,2640041
2011-05-24,0.3712,0.3748,0.3664,0.3692,0.1106,1785783
2011-05-25,0.3701,0.3701,0.3609,0.3641,0.1091,4591704
2011-05-26,0.3641,0.3748,0.3641,0.3655,0.1095,3378128
2011-05-27,0.3655,0.3785,0.3655,0.3692,0.1106,2308279
2011-05-30,0.3701,0.372,0.3674,0.3685,0.1104,614892
2011-05-31,0.3684,0.3743,0.3675,0.3683,0.1104,1793887
2011-06-01,0.3683,0.3775,0.3683,0.3748,0.1123,1275173
2011-06-02,0.3725,0.3725,0.3674,0.3683,0.1104,1080655
2011-06-03,0.3657,0.3748,0.3657,0.3683,0.1104,2476321
2011-06-06,0.3701,0.3701,0.3674,0.3674,0.1101,360938
2011-06-07,0.367,0.3738,0.3669,0.3701,0.1109,4795408
2011-06-08,0.3701,0.3701,0.3655,0.3655,0.1095,10806553
2011-06-09,0.3655,0.3701,0.3627,0.3655,0.1095,2729195
2011-06-10,0.3633,0.3646,0.3581,0.3609,0.1081,5455148
2011-06-13,0.3609,0.3609,0.3609,0.3609,0.1081,0
2011-06-14,0.3609,0.3618,0.3581,0.3618,0.1084,7450038
2011-06-15,0.359,0.3609,0.3553,0.3563,0.1068,3307345
2011-06-16,0.3535,0.3563,0.3424,0.3563,0.1068,4658165
2011-06-17,0.3516,0.3572,0.347,0.3507,0.1051,3929263
2011-06-20,0.3516,0.3609,0.3503,0.3536,0.106,4215096
2011-06-21,0.3588,0.369,0.3526,0.3545,0.1062,3520234
2011-06-22,0.3609,0.3646,0.3563,0.3586,0.1075,2479563
2011-06-23,0.3564,0.3664,0.3564,0.3568,0.1069,1504272
2011-06-24,0.3569,0.3701,0.3563,0.359,0.1076,3201441
2011-06-27,0.3609,0.3609,0.3507,0.3527,0.1057,11128048
2011-06-28,0.3529,0.3563,0.3516,0.3526,0.1057,7850961
2011-06-29,0.3599,0.3609,0.3516,0.3526,0.1057,12559377
2011-06-30,0.3563,0.3609,0.3517,0.3535,0.1059,1793887
2011-07-01,0.3526,0.3569,0.3526,0.3546,0.1063,450633
2011-07-04,0.3549,0.3692,0.3549,0.3609,0.1081,1754984
2011-07-05,0.3701,0.3701,0.3627,0.3701,0.1109,9286612
2011-07-06,0.3701,0.372,0.3664,0.3683,0.1104,1731209
2011-07-07,0.3748,0.3887,0.3701,0.3748,0.1123,10835731
2011-07-08,0.384,0.3859,0.3692,0.3692,0.1106,10005247
2011-07-11,0.3701,0.3701,0.3675,0.3678,0.1102,812652
2011-07-12,0.3674,0.3674,0.3567,0.3609,0.1081,734305
2011-07-13,0.3577,0.3609,0.3553,0.36,0.1079,233421
2011-07-14,0.36,0.3609,0.3546,0.3562,0.1067,920718
2011-07-15,0.3544,0.3581,0.347,0.3581,0.1073,1368109
2011-07-18,0.3581,0.3581,0.3507,0.3526,0.1057,729442
2011-07-19,0.3547,0.3604,0.3517,0.3536,0.106,384172
2011-07-20,0.3529,0.3609,0.3529,0.3549,0.1064,2216424
2011-07-21,0.3553,0.358,0.3549,0.3549,0.1064,1354061
2011-07-22,0.3609,0.3627,0.3481,0.3481,0.1043,1766871
2011-07-25,0.3479,0.36,0.3405,0.3518,0.1054,1360004
2011-07-26,0.3572,0.3572,0.3516,0.3517,0.1054,1458884
2011-07-27,0.3516,0.3526,0.3516,0.3521,0.1055,1774976
2011-07-28,0.3516,0.3517,0.347,0.3516,0.1054,2642202
2011-07-29,0.3481,0.3535,0.3479,0.3481,0.1043,3445129
2011-08-01,0.3517,0.3563,0.3507,0.3563,0.1068,319873
2011-08-02,0.3536,0.3571,0.3516,0.3516,0.1054,3843891
2011-08-03,0.3516,0.3516,0.3443,0.3452,0.1034,1471312
2011-08-04,0.3442,0.3489,0.3405,0.3424,0.1026,4497147
2011-08-05,0.3304,0.3304,0.3128,0.3192,0.0957,24233697
2011-08-08,0.3054,0.3229,0.2869,0.2943,0.0882,6885395
2011-08-09,0.2869,0.2957,0.2501,0.2915,0.0874,12044985
2011-08-10,0.3054,0.3128,0.2961,0.2989,0.0896,12228696
2011-08-11,0.2966,0.3026,0.2869,0.2915,0.0874,4705173
2011-08-12,0.3054,0.3054,0.2952,0.3007,0.0901,5002894
2011-08-15,0.3007,0.3007,0.3007,0.3007,0.0901,0
2011-08-16,0.3053,0.3054,0.2952,0.2962,0.0888,3805527
2011-08-17,0.2952,0.298,0.2924,0.2952,0.0885,19700347
2011-08-18,0.2947,0.2947,0.2832,0.2862,0.0858,14043116
2011-08-19,0.2858,0.2858,0.2702,0.2739,0.0821,4698149
2011-08-22,0.2753,0.2776,0.2702,0.273,0.0818,4120539
2011-08-23,0.2741,0.2776,0.2741,0.2762,0.0828,8079520
2011-08-24,0.2776,0.2857,0.2776,0.2845,0.0853,5450825
2011-08-25,0.2858,0.2943,0.2858,0.2896,0.0868,2221287
2011-08-26,0.2873,0.2952,0.2859,0.2912,0.0873,407947
2011-08-29,0.2924,0.3026,0.2883,0.3007,0.0901,1995430
2011-08-30,0.3035,0.3054,0.2952,0.2989,0.0896,1322181
2011-08-31,0.2989,0.31,0.297,0.3099,0.0929,3626679
2011-09-01,0.3099,0.3132,0.3054,0.31,0.0929,1720403
2011-09-02,0.3054,0.3055,0.2985,0.3007,0.0901,4222120
2011-09-05,0.2961,0.3007,0.2869,0.296,0.0887,1111994
2011-09-06,0.2915,0.3003,0.2915,0.2998,0.0898,1673394
2011-09-07,0.3144,0.3144,0.2999,0.3099,0.0929,1115236
2011-09-08,0.3091,0.3118,0.3031,0.3118,0.0934,660280
2011-09-09,0.3117,0.3118,0.3036,0.3054,0.0915,370664
2011-09-12,0.3017,0.3017,0.2855,0.2878,0.0862,1465368
2011-09-13,0.2961,0.2961,0.2758,0.2832,0.0849,10945418
2011-09-14,0.2776,0.291,0.2776,0.2822,0.0846,6070581
2011-09-15,0.2833,0.2869,0.2785,0.2785,0.0835,9138562
2011-09-16,0.2839,0.285,0.2721,0.2721,0.0815,2615186
2011-09-19,0.2775,0.2775,0.2679,0.2684,0.0804,1800912
2011-09-20,0.2684,0.2712,0.266,0.2711,0.0812,1580458
2011-09-21,0.2721,0.2752,0.2665,0.2752,0.0825,1055259
2011-09-22,0.2716,0.2716,0.2628,0.2628,0.0788,3177667
2011-09-23,0.2611,0.2674,0.2545,0.2591,0.0776,2642202
2011-09-26,0.2545,0.261,0.2501,0.2582,0.0774,697563
2011-09-27,0.2635,0.2656,0.261,0.2633,0.0789,1000686
2011-09-28,0.2662,0.2662,0.261,0.2637,0.079,865064
2011-09-29,0.2637,0.2642,0.261,0.2637,0.079,3167400
2011-09-30,0.2646,0.2654,0.261,0.2619,0.0785,1079034
2011-10-03,0.26,0.26,0.2545,0.2573,0.0771,814814
2011-10-04,0.2563,0.2568,0.2498,0.2568,0.077,2653549
2011-10-05,0.2526,0.2591,0.2499,0.2545,0.0763,893161
2011-10-06,0.2591,0.2647,0.2591,0.2637,0.079,6434222
2011-10-07,0.2684,0.2804,0.2637,0.2776,0.0832,6083009
2011-10-10,0.2776,0.2822,0.2767,0.2776,0.0832,1548038
2011-10-11,0.2821,0.2859,0.2776,0.2776,0.0832,320414
2011-10-12,0.2776,0.2813,0.2739,0.2813,0.0843,193437
2011-10-13,0.2826,0.2827,0.273,0.273,0.0818,3870367
2011-10-14,0.2776,0.2776,0.273,0.2766,0.0829,3315450
2011-10-17,0.2776,0.2859,0.2776,0.2841,0.0851,2014881
2011-10-18,0.285,0.2863,0.2795,0.286,0.0857,1626386
2011-10-19,0.2864,0.2915,0.2864,0.2913,0.0873,414971
2011-10-20,0.2832,0.2908,0.2809,0.2841,0.0851,582473
2011-10-21,0.2869,0.2914,0.2836,0.2869,0.086,1853864
2011-10-24,0.287,0.2912,0.2859,0.2859,0.0857,116710
2011-10-25,0.2869,0.2869,0.2845,0.2845,0.0853,77807
2011-10-26,0.2869,0.2869,0.2795,0.2804,0.084,1204390
2011-10-27,0.287,0.2998,0.2869,0.2998,0.0898,2773502
2011-10-28,0.2996,0.3063,0.2943,0.2957,0.0886,1529667
2011-10-31,0.2933,0.2933,0.2822,0.2842,0.0852,575989
2011-11-01,0.2832,0.2832,0.273,0.2776,0.0832,1371351
2011-11-02,0.2776,0.2804,0.2734,0.2776,0.0832,2346102
2011-11-03,0.2776,0.2776,0.2748,0.276,0.0827,1675556
2011-11-04,0.2776,0.2866,0.2776,0.2826,0.0847,2613565
2011-11-07,0.2832,0.2943,0.2825,0.2943,0.0882,1372972
2011-11-08,0.2961,0.3007,0.2939,0.2943,0.0882,2600056
2011-11-09,0.3056,0.3072,0.2961,0.3005,0.09,2355288
2011-11-10,0.2962,0.3054,0.2945,0.2945,0.0883,3070141
2011-11-11,0.2961,0.3044,0.2948,0.3007,0.0901,1407013
2011-11-14,0.3053,0.3053,0.2961,0.2961,0.0887,681353
2011-11-15,0.297,0.2989,0.2917,0.2943,0.0882,328519
2011-11-16,0.2961,0.298,0.2952,0.2966,0.0889,1399448
2011-11-17,0.2957,0.3003,0.2924,0.2924,0.0876,2741082
2011-11-18,0.2915,0.2915,0.2818,0.2819,0.0845,4115676
2011-11-21,0.2776,0.2813,0.2776,0.2776,0.0832,1328125
2011-11-22,0.2785,0.2785,0.2695,0.2711,0.0812,1301649
2011-11-23,0.273,0.273,0.2637,0.2674,0.0801,2816187
2011-11-24,0.2674,0.2687,0.2573,0.2573,0.0771,2081882
2011-11-25,0.2574,0.2637,0.2523,0.2545,0.0763,3240345
2011-11-28,0.26,0.2684,0.254,0.2563,0.0768,1489683
2011-11-29,0.2546,0.2591,0.2499,0.2563,0.0768,8579323
2011-11-30,0.259,0.2684,0.2563,0.2684,0.0804,7823945
2011-12-01,0.2684,0.2684,0.2684,0.2684,0.0804,0
2011-12-02,0.2692,0.2781,0.2692,0.2767,0.0829,8605258
2011-12-05,0.2771,0.2808,0.2771,0.2776,0.0832,307446
2011-12-06,0.2731,0.2776,0.2697,0.2697,0.0808,513311
2011-12-07,0.2697,0.273,0.2694,0.2694,0.0807,873169
2011-12-08,0.2697,0.273,0.2684,0.2684,0.0804,199380
2011-12-09,0.2702,0.2721,0.2665,0.2702,0.081,2282884
2011-12-12,0.2694,0.2751,0.2694,0.2702,0.081,77266
2011-12-13,0.2694,0.2756,0.2684,0.2684,0.0804,1351359
2011-12-14,0.2685,0.2715,0.2674,0.2684,0.0804,988259
2011-12-15,0.2715,0.2743,0.2656,0.2684,0.0804,2275860
2011-12-16,0.2675,0.2767,0.2665,0.2665,0.0799,1228164
2011-12-19,0.2679,0.2721,0.2675,0.2693,0.0807,135081
2011-12-20,0.2684,0.2684,0.2591,0.2601,0.0779,4030304
2011-12-21,0.2642,0.2684,0.2642,0.2674,0.0801,1137930
2011-12-22,0.2674,0.2684,0.2665,0.2684,0.0804,92396
2011-12-23,0.2703,0.271,0.2684,0.2684,0.0804,387414
2011-12-26,0.2684,0.2684,0.2684,0.2684,0.0804,0
2011-12-27,0.2684,0.2688,0.266,0.267,0.08,237744
2011-12-28,0.2669,0.2702,0.2651,0.2656,0.0796,266921
2011-12-29,0.2656,0.2684,0.2656,0.2684,0.0804,237203
2011-12-30,0.2684,0.2684,0.2642,0.2684,0.0804,1322722
2012-01-02,0.2684,0.2684,0.2684,0.2684,0.0804,0
2012-01-03,0.2684,0.2684,0.2684,0.2684,0.0804,0
2012-01-04,0.2693,0.2711,0.2678,0.2684,0.0804,1946800
2012-01-05,0.2684,0.2702,0.2656,0.2684,0.0804,3007463
2012-01-06,0.27,0.2753,0.27,0.2748,0.0823,2086745
2012-01-09,0.2739,0.2757,0.273,0.2745,0.0823,239905
2012-01-10,0.273,0.273,0.2656,0.2686,0.0805,271784
2012-01-11,0.2661,0.2708,0.2656,0.2684,0.0804,1304891
2012-01-12,0.2711,0.2739,0.2711,0.2711,0.0812,2012720
2012-01-13,0.273,0.2751,0.2684,0.2714,0.0813,1908977
2012-01-16,0.2714,0.2714,0.2674,0.2702,0.081,2037575
2012-01-17,0.2711,0.2767,0.2711,0.2758,0.0826,3981674
2012-01-18,0.2751,0.2776,0.2735,0.2745,0.0823,1352980
2012-01-19,0.2775,0.2808,0.2753,0.2804,0.084,7981180
2012-01-20,0.2804,0.2822,0.2785,0.2804,0.084,1421602
2012-01-23,0.2804,0.2836,0.279,0.279,0.0836,1420521
2012-01-24,0.2832,0.285,0.2795,0.2832,0.0849,5721529
2012-01-25,0.2856,0.2924,0.285,0.2924,0.0876,5665335
2012-01-26,0.2946,0.3026,0.2946,0.3013,0.0903,6340205
2012-01-27,0.3007,0.3085,0.3007,0.3056,0.0916,11857491
2012-01-30,0.3056,0.3056,0.3007,0.3027,0.0907,2162931
2012-01-31,0.3045,0.3155,0.3045,0.3128,0.0937,6815693
2012-02-01,0.3151,0.3248,0.3146,0.3197,0.0958,5045039
2012-02-02,0.3239,0.3248,0.3146,0.3146,0.0943,2561693
2012-02-03,0.3165,0.3238,0.3165,0.3216,0.0964,2655170
2012-02-06,0.3231,0.3283,0.3111,0.3155,0.0945,6894041
2012-02-07,0.3192,0.3215,0.3167,0.3192,0.0957,1446997
2012-02-08,0.3211,0.333,0.3184,0.3321,0.0995,8433434
2012-02-09,0.3321,0.3405,0.3269,0.3396,0.1018,3774729
2012-02-10,0.3368,0.3398,0.3313,0.3387,0.1015,5381663
2012-02-13,0.3387,0.3452,0.3378,0.3442,0.1031,2806462
2012-02-14,0.346,0.3563,0.341,0.3424,0.1026,3471065
2012-02-15,0.3454,0.3479,0.3341,0.3341,0.1001,4437171
2012-02-16,0.3341,0.3404,0.3192,0.3378,0.1012,4645737
2012-02-17,0.3378,0.3404,0.3331,0.3368,0.1009,1372972
2012-02-20,0.3403,0.3526,0.3403,0.3516,0.1054,4198886
2012-02-21,0.3535,0.3609,0.3479,0.3609,0.1081,4219418
2012-02-22,0.3657,0.3831,0.3553,0.3794,0.1137,18060453
2012-02-23,0.3831,0.3844,0.3766,0.3808,0.1141,6146227
2012-02-24,0.3812,0.384,0.3766,0.384,0.1151,2964778
2012-02-27,0.3836,0.3839,0.3766,0.3811,0.1142,6731402
2012-02-28,0.3785,0.3803,0.3775,0.3794,0.1137,2454168
2012-02-29,0.3794,0.3845,0.3771,0.384,0.1151,12370802
2012-03-01,0.384,0.384,0.3803,0.384,0.1151,3660179
2012-03-02,0.3841,0.3998,0.3841,0.3933,0.1179,4547938
2012-03-05,0.3887,0.3977,0.3887,0.3933,0.1179,1836573
2012-03-06,0.3933,0.3973,0.3831,0.384,0.1151,2857793
2012-03-07,0.3794,0.3803,0.3711,0.3713,0.1113,3295998
2012-03-08,0.3729,0.3817,0.3667,0.3709,0.1111,2524411
2012-03-09,0.3702,0.3766,0.3627,0.3701,0.1109,4633310
2012-03-12,0.3628,0.3655,0.3577,0.359,0.1076,3519694
2012-03-13,0.3609,0.3701,0.3573,0.3582,0.1073,2771340
2012-03-14,0.3629,0.3683,0.3629,0.3655,0.1095,1845759
2012-03-15,0.3674,0.3674,0.3614,0.3628,0.1087,1207632
2012-03-16,0.3623,0.3697,0.3623,0.365,0.1094,2161851
2012-03-19,0.3683,0.3683,0.3591,0.3609,0.1081,2870220
2012-03-20,0.3609,0.3634,0.36,0.3609,0.1081,1892767
2012-03-21,0.3604,0.3627,0.3568,0.3568,0.1069,1648539
2012-03-22,0.3572,0.3598,0.3498,0.3526,0.1057,2346102
2012-03-23,0.3499,0.3535,0.3484,0.3516,0.1054,1731209
2012-03-26,0.3535,0.3674,0.3535,0.3637,0.109,758079
2012-03-27,0.3692,0.3771,0.3675,0.3752,0.1124,2297473
2012-03-28,0.3704,0.3831,0.3703,0.3796,0.1138,2960995
2012-03-29,0.3803,0.3831,0.3748,0.3794,0.1137,3538606
2012-03-30,0.3831,0.3859,0.38,0.3839,0.115,4167007
2012-04-02,0.3858,0.3863,0.384,0.3859,0.1156,3822278
2012-04-03,0.3841,0.3854,0.3738,0.3794,0.1137,1275713
2012-04-04,0.3758,0.3794,0.3705,0.3721,0.1115,857500
2012-04-05,0.3722,0.3783,0.3701,0.3701,0.1109,1577216
2012-04-06,0.3701,0.3734,0.3686,0.3733,0.1119,108065
2012-04-09,0.3701,0.3701,0.3611,0.3692,0.1106,687837
2012-04-10,0.3651,0.3701,0.361,0.3627,0.1087,1495086
2012-04-11,0.361,0.3651,0.359,0.3627,0.1087,1913300
2012-04-12,0.3646,0.3646,0.3614,0.3623,0.1086,293938
2012-04-13,0.3646,0.3701,0.3627,0.3674,0.1101,620836
2012-04-16,0.3674,0.3674,0.3674,0.3674,0.1101,0
2012-04-17,0.3664,0.3692,0.3655,0.3688,0.1105,511690
2012-04-18,0.3692,0.3711,0.3683,0.3701,0.1109,1702572
2012-04-19,0.3655,0.3701,0.3655,0.3674,0.1101,1073631
2012-04-20,0.3664,0.3674,0.3646,0.3657,0.1096,2673541
2012-04-23,0.3617,0.3645,0.3582,0.3645,0.1092,928282
2012-04-24,0.3609,0.3652,0.3609,0.3652,0.1094,301502
2012-04-25,0.3655,0.3722,0.3627,0.3705,0.111,1334609
2012-04-26,0.3706,0.3752,0.3706,0.3748,0.1123,4822424
2012-04-27,0.3748,0.3748,0.3748,0.3748,0.1123,0
2012-04-30,0.3766,0.3766,0.3701,0.3711,0.1112,233961
2012-05-01,0.3711,0.3711,0.3711,0.3711,0.1112,0
2012-05-02,0.3711,0.3765,0.3711,0.3748,0.1123,1751742
2012-05-03,0.3701,0.3821,0.3701,0.3821,0.1145,6104082
2012-05-04,0.3822,0.3822,0.3738,0.3738,0.112,581392
2012-05-07,0.3706,0.372,0.3666,0.3701,0.1109,2158609
2012-05-08,0.3701,0.3748,0.3701,0.3747,0.1123,2223448
2012-05-09,0.3794,0.3794,0.362,0.362,0.1085,5325469
2012-05-10,0.3655,0.3701,0.3632,0.3632,0.1088,1275173
2012-05-11,0.3632,0.3701,0.361,0.3638,0.109,1158462
2012-05-14,0.3627,0.3637,0.3424,0.3424,0.1026,5758272
2012-05-15,0.3228,0.328,0.3146,0.3239,0.1067,5395172
2012-05-16,0.3183,0.323,0.3151,0.3174,0.1046,2503878
2012-05-17,0.3179,0.3218,0.317,0.3188,0.105,872629
2012-05-18,0.3151,0.3181,0.31,0.3146,0.1037,4301008
2012-05-21,0.3146,0.3192,0.3112,0.3112,0.1025,1544256
2012-05-22,0.3146,0.323,0.3146,0.323,0.1064,1423223
2012-05-23,0.3202,0.3248,0.3176,0.3202,0.1055,2241819
2012-05-24,0.3202,0.3252,0.3202,0.3239,0.1067,2372038
2012-05-25,0.3253,0.3292,0.3253,0.3257,0.1073,284212
2012-05-28,0.3285,0.3322,0.3241,0.3242,0.1068,275026
2012-05-29,0.3267,0.3289,0.3243,0.3257,0.1073,102662
2012-05-30,0.3253,0.3276,0.3239,0.3271,0.1078,1022840
2012-05-31,0.3204,0.3267,0.3192,0.3221,0.1061,608949
2012-06-01,0.3215,0.3215,0.3091,0.3109,0.1024,13694605
2012-06-04,0.3109,0.3109,0.3109,0.3109,0.1024,0
2012-06-05,0.3144,0.3144,0.3031,0.31,0.1021,1690685
2012-06-06,0.3118,0.3179,0.3118,0.3179,0.1047,641909
2012-06-07,0.3201,0.3308,0.3192,0.324,0.1068,1943558
2012-06-08,0.3267,0.3267,0.3203,0.3239,0.1067,2277481
2012-06-11,0.3275,0.3378,0.3267,0.3331,0.1098,3219272
2012-06-12,0.3286,0.3341,0.3268,0.3341,0.1101,1288141
2012-06-13,0.3368,0.3378,0.3331,0.3378,0.1113,1311375
2012-06-14,0.3378,0.3405,0.3332,0.3405,0.1122,1116317
2012-06-15,0.3405,0.3465,0.3401,0.3465,0.1142,7572152
2012-06-18,0.3471,0.3563,0.3465,0.3465,0.1142,2274779
2012-06-19,0.3452,0.347,0.3428,0.347,0.1143,1300028
2012-06-20,0.3435,0.3516,0.3435,0.3502,0.1154,2004075
2012-06-21,0.3501,0.3516,0.3379,0.3415,0.1125,1435110
2012-06-22,0.3396,0.3447,0.3378,0.3424,0.1128,1066606
2012-06-25,0.3378,0.3424,0.3378,0.3424,0.1128,1830630
2012-06-26,0.3379,0.3424,0.3379,0.3424,0.1128,2356909
2012-06-27,0.3424,0.3458,0.3424,0.3425,0.1129,1052018
2012-06-28,0.3433,0.3461,0.3396,0.3438,0.1133,781854
2012-06-29,0.3461,0.3515,0.3442,0.347,0.1143,940170
2012-07-02,0.3516,0.3563,0.35,0.354,0.1166,3917916
2012-07-03,0.3526,0.3581,0.3516,0.354,0.1166,1079574
2012-07-04,0.3512,0.3512,0.3405,0.3425,0.1129,4021659
2012-07-05,0.3406,0.3452,0.3405,0.3424,0.1128,5532955
2012-07-06,0.3424,0.3468,0.3405,0.3428,0.113,4868352
2012-07-09,0.3502,0.3502,0.3428,0.3475,0.1145,2227230
2012-07-10,0.3479,0.3516,0.3479,0.3493,0.1151,2445523
2012-07-11,0.3515,0.3516,0.347,0.3489,0.115,698643
2012-07-12,0.3515,0.3515,0.3463,0.3463,0.1141,5122306
2012-07-13,0.3503,0.3516,0.347,0.3507,0.1156,7220399
2012-07-16,0.3479,0.3561,0.3479,0.349,0.115,5296832
2012-07-17,0.349,0.3556,0.349,0.3516,0.1159,1218979
2012-07-18,0.3516,0.3549,0.3516,0.3535,0.1165,1202229
2012-07-19,0.3563,0.3567,0.3527,0.3563,0.1174,5071515
2012-07-20,0.3535,0.3562,0.3489,0.3492,0.1151,512230
2012-07-23,0.3489,0.3489,0.3416,0.3424,0.1128,2723791
2012-07-24,0.3424,0.3442,0.3396,0.3396,0.1119,1088219
2012-07-25,0.3423,0.3498,0.3419,0.347,0.1143,11859652
2012-07-26,0.3452,0.3498,0.3447,0.3498,0.1153,71863
2012-07-27,0.3503,0.3507,0.3452,0.3498,0.1153,3922779
2012-07-30,0.3489,0.3543,0.3489,0.3535,0.1165,1280036
2012-07-31,0.3544,0.3589,0.3527,0.3589,0.1183,3659099
2012-08-01,0.3589,0.3623,0.3589,0.3609,0.1189,2468757
2012-08-02,0.3618,0.3618,0.3553,0.3554,0.1171,576529
2012-08-03,0.3527,0.3614,0.3516,0.3593,0.1184,51871
2012-08-06,0.3604,0.3627,0.3604,0.3614,0.1191,419294
2012-08-07,0.3627,0.3627,0.3567,0.3572,0.1177,1489683
2012-08-08,0.3607,0.3607,0.353,0.3535,0.1165,2047841
2012-08-09,0.3564,0.3599,0.353,0.353,0.1163,477649
2012-08-10,0.3527,0.353,0.3503,0.3516,0.1159,3197118
2012-08-13,0.3535,0.3544,0.3514,0.3516,0.1159,2182923
2012-08-14,0.3562,0.3562,0.3507,0.3507,0.1156,5696134
2012-08-15,0.3507,0.3507,0.3507,0.3507,0.1156,0
2012-08-16,0.3552,0.3552,0.3479,0.3497,0.1152,2226690
2012-08-17,0.3506,0.3507,0.3498,0.3499,0.1153,5049362
2012-08-20,0.3516,0.3562,0.3516,0.3544,0.1168,928282
2012-08-21,0.3527,0.361,0.3527,0.3572,0.1177,3652074
2012-08-22,0.3605,0.3618,0.3553,0.3581,0.118,3904948
2012-08-23,0.3617,0.3637,0.36,0.3609,0.1189,1563168
2012-08-24,0.3565,0.3609,0.3565,0.359,0.1183,520875
2012-08-27,0.3572,0.359,0.3564,0.3574,0.1178,1084978
2012-08-28,0.3577,0.3581,0.3569,0.3572,0.1177,1365948
2012-08-29,0.3567,0.3569,0.3554,0.3569,0.1176,1747960
2012-08-30,0.3564,0.3608,0.3558,0.3558,0.1172,2691372
2012-08-31,0.3563,0.3594,0.3563,0.3563,0.1174,2033253
2012-09-03,0.359,0.3595,0.3563,0.3563,0.1174,1368109
2012-09-04,0.3563,0.3572,0.3559,0.3559,0.1173,1144414
2012-09-05,0.3562,0.3563,0.3554,0.3559,0.1173,4770012
2012-09-06,0.3571,0.3609,0.3564,0.3609,0.1189,3953577
2012-09-07,0.361,0.3715,0.3609,0.3701,0.1219,8642541
2012-09-10,0.3706,0.3794,0.3688,0.3775,0.1244,11935298
2012-09-11,0.3794,0.3794,0.3732,0.3785,0.1247,2530354
2012-09-12,0.3794,0.3839,0.3775,0.3839,0.1265,4727327
2012-09-13,0.38,0.3831,0.3794,0.3794,0.125,3212248
2012-09-14,0.3839,0.387,0.3826,0.3831,0.1262,13711355
2012-09-17,0.3798,0.384,0.3795,0.3803,0.1253,1582079
2012-09-18,0.3796,0.3797,0.3766,0.378,0.1246,5106637
2012-09-19,0.3794,0.3794,0.3771,0.3771,0.1243,2404458
2012-09-20,0.3749,0.3771,0.3717,0.3729,0.1229,4043272
2012-09-21,0.3743,0.3792,0.3729,0.3779,0.1245,2413643
2012-09-24,0.3757,0.3757,0.3664,0.3667,0.1208,1338932
2012-09-25,0.3711,0.3743,0.3665,0.3703,0.122,3165779
2012-09-26,0.3695,0.3701,0.3627,0.3637,0.1198,1633410
2012-09-27,0.3655,0.3674,0.3636,0.3637,0.1198,2143479
2012-09-28,0.363,0.3683,0.363,0.3638,0.1199,977452
2012-10-01,0.3665,0.3701,0.3643,0.3701,0.1219,342567
2012-10-02,0.3745,0.3745,0.3694,0.3738,0.1232,2460112
2012-10-03,0.372,0.372,0.3697,0.3701,0.1219,1387021
2012-10-04,0.3738,0.3748,0.3692,0.3748,0.1235,2489289
2012-10-05,0.3704,0.3743,0.3704,0.3729,0.1229,1012574
2012-10-08,0.3729,0.3729,0.3693,0.3701,0.1219,702426
2012-10-09,0.3701,0.3701,0.3654,0.3664,0.1207,2216424
2012-10-10,0.3701,0.3701,0.3663,0.3683,0.1214,616513
2012-10-11,0.367,0.3728,0.3664,0.3728,0.1228,2247763
2012-10-12,0.3734,0.3734,0.3692,0.3725,0.1227,970428
2012-10-15,0.3704,0.3748,0.3704,0.3726,0.1228,633804
2012-10-16,0.3748,0.384,0.3748,0.384,0.1265,8894874
2012-10-17,0.3845,0.3884,0.3823,0.3823,0.126,4580898
2012-10-18,0.384,0.385,0.3805,0.384,0.1265,4430687
2012-10-19,0.3838,0.3877,0.3808,0.3831,0.1262,1269770
2012-10-22,0.3806,0.3812,0.3775,0.3794,0.125,1703653
2012-10-23,0.3794,0.3812,0.3775,0.3794,0.125,3868205
2012-10-24,0.3767,0.3812,0.3767,0.3794,0.125,1450239
2012-10-25,0.3785,0.3834,0.3785,0.3799,0.1252,347971
2012-10-26,0.3796,0.3812,0.3775,0.3794,0.125,2080261
2012-10-29,0.378,0.3794,0.3775,0.3794,0.125,5418946
2012-10-30,0.3794,0.3831,0.3786,0.3786,0.1247,1253019
2012-10-31,0.3812,0.3822,0.3788,0.3788,0.1248,4660326
2012-11-01,0.3794,0.3822,0.3788,0.3817,0.1258,1848461
2012-11-02,0.3817,0.3845,0.3804,0.384,0.1265,1732290
2012-11-05,0.3831,0.3859,0.3822,0.385,0.1269,6333721
2012-11-06,0.3859,0.3884,0.385,0.3868,0.1275,3410008
2012-11-07,0.385,0.3854,0.3783,0.3799,0.1252,2554669
2012-11-08,0.3794,0.3794,0.3729,0.3729,0.1229,2821050
2012-11-09,0.3729,0.3766,0.3701,0.3706,0.1221,2279642
2012-11-12,0.3701,0.3729,0.3655,0.3655,0.1204,1655023
2012-11-13,0.3655,0.3655,0.3618,0.3627,0.1195,1228164
2012-11-14,0.3624,0.3688,0.3624,0.3655,0.1204,3288974
2012-11-15,0.3655,0.3683,0.3627,0.3674,0.1211,1536691
2012-11-16,0.3657,0.3678,0.3657,0.3678,0.1212,341487
2012-11-19,0.3701,0.3729,0.37,0.372,0.1226,861282
2012-11-20,0.3711,0.3791,0.3706,0.3784,0.1247,991501
2012-11-21,0.3766,0.3785,0.3748,0.3766,0.1241,1173591
2012-11-22,0.3732,0.3757,0.3729,0.3734,0.123,264220
2012-11-23,0.3722,0.3729,0.3711,0.372,0.1226,366342
2012-11-26,0.3722,0.3722,0.3701,0.3706,0.1221,1037429
2012-11-27,0.3701,0.3701,0.3646,0.3655,0.1204,5350865
2012-11-28,0.3655,0.3655,0.3609,0.3609,0.1189,4423122
2012-11-29,0.3652,0.37,0.3536,0.3681,0.1213,8178940
2012-11-30,0.3681,0.3681,0.3681,0.3681,0.1213,0
2012-12-03,0.3679,0.3683,0.3664,0.367,0.1209,1458344
2012-12-04,0.3667,0.3667,0.3627,0.3632,0.1197,6492037
2012-12-05,0.3664,0.3669,0.3627,0.3641,0.12,1928429
2012-12-06,0.3696,0.3696,0.3646,0.3683,0.1214,1868993
2012-12-07,0.3665,0.3666,0.3657,0.3657,0.1205,1697169
2012-12-10,0.369,0.3691,0.3656,0.3664,0.1207,1148736
2012-12-11,0.3692,0.3697,0.3655,0.3674,0.1211,1802533
2012-12-12,0.3683,0.3741,0.3683,0.3711,0.1223,2571959
2012-12-13,0.3729,0.3742,0.3697,0.3697,0.1218,1940857
2012-12-14,0.3701,0.3733,0.3692,0.3701,0.1219,464141
2012-12-17,0.3701,0.3701,0.3678,0.3692,0.1217,364180
2012-12-18,0.3701,0.3729,0.3692,0.3693,0.1217,3506186
2012-12-19,0.3702,0.3748,0.3702,0.3745,0.1234,668925
2012-12-20,0.3745,0.3793,0.3745,0.3789,0.1248,966646
2012-12-21,0.3789,0.3876,0.3785,0.3876,0.1277,5804740
2012-12-24,0.3876,0.3876,0.3876,0.3876,0.1277,0
2012-12-25,0.3876,0.3876,0.3876,0.3876,0.1277,0
2012-12-26,0.3876,0.3876,0.3876,0.3876,0.1277,0
2012-12-27,0.3877,0.4004,0.3877,0.4004,0.1319,6226736
2012-12-28,0.3979,0.4002,0.3933,0.3961,0.1305,4904014
2012-12-31,0.3961,0.3961,0.3961,0.3961,0.1305,0
2013-01-01,0.3961,0.3961,0.3961,0.3961,0.1305,0
2013-01-02,0.3961,0.3961,0.3961,0.3961,0.1305,0
2013-01-03,0.3988,0.4118,0.3988,0.4072,0.1342,3291676
2013-01-04,0.4109,0.4127,0.4048,0.4099,0.1351,15674366
2013-01-07,0.4048,0.4062,0.3988,0.4026,0.1327,1699330
2013-01-08,0.4011,0.4109,0.3988,0.4109,0.1354,5498374
2013-01-09,0.4109,0.4127,0.4044,0.4085,0.1346,1579918
2013-01-10,0.4089,0.4117,0.4045,0.4108,0.1354,4507953
2013-01-11,0.4072,0.4257,0.4072,0.4193,0.1382,9554074
2013-01-14,0.4256,0.4349,0.4256,0.4321,0.1424,2834559
2013-01-15,0.4321,0.4395,0.4266,0.4349,0.1433,3698543
2013-01-16,0.4394,0.4394,0.4247,0.4349,0.1433,2975584
2013-01-17,0.4349,0.4349,0.4261,0.4303,0.1418,3140384
2013-01-18,0.4303,0.4347,0.4201,0.4275,0.1409,3371644
2013-01-21,0.4284,0.4303,0.4136,0.4181,0.1378,1402690
2013-01-22,0.4118,0.4257,0.4109,0.4183,0.1378,5689650
2013-01-23,0.4184,0.4275,0.4184,0.4257,0.1403,5048822
2013-01-24,0.4257,0.4266,0.4169,0.4201,0.1384,452794
2013-01-25,0.4197,0.4257,0.4183,0.4257,0.1403,886677
2013-01-28,0.4271,0.4271,0.4184,0.4243,0.1398,97799
2013-01-29,0.4243,0.4243,0.4164,0.4183,0.1378,617594
2013-01-30,0.4178,0.4217,0.413,0.4136,0.1363,581392
2013-01-31,0.4131,0.4164,0.4063,0.4065,0.1339,1399989
2013-02-01,0.4155,0.4163,0.415,0.4152,0.1368,2619508
2013-02-04,0.4152,0.416,0.4121,0.4127,0.136,855338
2013-02-05,0.4145,0.4146,0.4123,0.4127,0.136,1788484
2013-02-06,0.412,0.4136,0.4072,0.4099,0.1351,1279495
2013-02-07,0.4099,0.4099,0.4053,0.4072,0.1342,1665289
2013-02-08,0.4069,0.4076,0.405,0.4053,0.1335,4154579
2013-02-11,0.4035,0.4081,0.4026,0.4033,0.1329,2079721
2013-02-12,0.4025,0.4025,0.3961,0.3963,0.1306,10695786
2013-02-13,0.3962,0.4072,0.3962,0.4027,0.1327,1436191
2013-02-14,0.4061,0.4061,0.397,0.397,0.1308,2511443
2013-02-15,0.397,0.4039,0.3967,0.3971,0.1308,2474700
2013-02-18,0.3979,0.4005,0.3966,0.3979,0.1311,2060809
2013-02-19,0.3979,0.4035,0.3979,0.4016,0.1323,3119852
2013-02-20,0.4109,0.4154,0.4099,0.4137,0.1363,4743536
2013-02-21,0.4127,0.4135,0.4035,0.4099,0.1351,2904261
2013-02-22,0.4099,0.4186,0.4086,0.4184,0.1379,7186358
2013-02-25,0.415,0.4186,0.4127,0.4146,0.1366,2402837
2013-02-26,0.411,0.4113,0.4081,0.4107,0.1353,8462612
2013-02-27,0.4118,0.4132,0.4085,0.4132,0.1361,554916
2013-02-28,0.4192,0.4192,0.4146,0.4146,0.1366,3267361
2013-03-01,0.4155,0.4155,0.409,0.409,0.1348,6003581
2013-03-04,0.409,0.4102,0.4072,0.4102,0.1352,880734
2013-03-05,0.4102,0.4177,0.41,0.4166,0.1373,1854404
2013-03-06,0.4183,0.4203,0.4164,0.4164,0.1372,2899398
2013-03-07,0.4169,0.4206,0.4164,0.4173,0.1375,2487128
2013-03-08,0.4173,0.422,0.4164,0.4183,0.1378,4200507
2013-03-11,0.4201,0.4201,0.4118,0.4172,0.1375,1999752
2013-03-12,0.4164,0.4237,0.4164,0.4237,0.1396,2820510
2013-03-13,0.421,0.4229,0.4173,0.4229,0.1393,1325964
2013-03-14,0.421,0.4395,0.421,0.4349,0.1433,15448509
2013-03-15,0.4349,0.4375,0.4321,0.4354,0.1435,2834559
2013-03-18,0.4321,0.4335,0.4257,0.4275,0.1409,2019204
2013-03-19,0.427,0.4335,0.427,0.4312,0.1421,559239
2013-03-20,0.4349,0.4368,0.4308,0.4354,0.1435,6230518
2013-03-21,0.4317,0.4349,0.4274,0.4275,0.1409,552214
2013-03-22,0.4259,0.4259,0.4127,0.4206,0.1386,1189801
2013-03-25,0.422,0.4261,0.4206,0.4257,0.1403,3970327
2013-03-26,0.4303,0.4321,0.4238,0.4321,0.1424,4961288
2013-03-27,0.4321,0.4321,0.4168,0.4275,0.1409,1270310
2013-03-28,0.4229,0.4317,0.421,0.4238,0.1396,545190
2013-03-29,0.4228,0.4284,0.4168,0.417,0.1374,731603
2013-04-01,0.417,0.4201,0.4168,0.4183,0.1378,161017
2013-04-02,0.4175,0.4303,0.4173,0.4303,0.1418,4547938
2013-04-03,0.4284,0.4321,0.4257,0.4321,0.1424,1230326
2013-04-04,0.428,0.4317,0.4264,0.4317,0.1422,890460
2013-04-05,0.4317,0.4317,0.4238,0.4274,0.1408,491157
2013-04-08,0.4275,0.4275,0.4222,0.4229,0.1393,449012
2013-04-09,0.4222,0.4261,0.4222,0.4261,0.1404,929363
2013-04-10,0.4234,0.4303,0.4229,0.4303,0.1418,404705
2013-04-11,0.4303,0.4303,0.4238,0.43,0.1417,597602
2013-04-12,0.4218,0.4303,0.4218,0.4303,0.1418,1076332
2013-04-15,0.4257,0.4275,0.4215,0.4243,0.1398,967726
2013-04-16,0.4175,0.4266,0.4164,0.4266,0.1406,2560612
2013-04-17,0.4247,0.4257,0.4183,0.421,0.1387,705127
2013-04-18,0.4183,0.422,0.4173,0.421,0.1387,2392571
2013-04-19,0.4192,0.421,0.4164,0.4173,0.1375,1706354
2013-04-22,0.4173,0.4173,0.4173,0.4173,0.1375,0
2013-04-23,0.4164,0.4164,0.4073,0.4073,0.1342,986098
2013-04-24,0.4078,0.4164,0.4076,0.4164,0.1372,1865211
2013-04-25,0.4159,0.4164,0.4136,0.4146,0.1366,1261124
2013-04-26,0.4163,0.4164,0.4146,0.4164,0.1372,243687
2013-04-29,0.4155,0.4302,0.4146,0.4302,0.1418,3485653
2013-04-30,0.4303,0.4303,0.4201,0.4284,0.1412,828322
2013-05-01,0.4284,0.4284,0.4284,0.4284,0.1412,0
2013-05-02,0.4204,0.4275,0.4203,0.4257,0.1403,221534
2013-05-03,0.4257,0.4271,0.4238,0.4238,0.1396,158316
2013-05-06,0.4238,0.4238,0.4238,0.4238,0.1396,0
2013-05-07,0.4238,0.4257,0.4173,0.4174,0.1375,1029324
2013-05-08,0.4176,0.4192,0.4176,0.4192,0.1381,1711758
2013-05-09,0.417,0.421,0.417,0.4192,0.1381,2655710
2013-05-10,0.4035,0.406,0.3933,0.4003,0.1413,1033106
2013-05-13,0.4003,0.4201,0.4003,0.4201,0.1483,995283
2013-05-14,0.4155,0.4155,0.4109,0.411,0.1451,54032
2013-05-15,0.4072,0.4073,0.3965,0.3979,0.1405,5951169
2013-05-16,0.398,0.4007,0.384,0.384,0.1356,5944145
2013-05-17,0.3794,0.3923,0.3794,0.3799,0.1341,6704926
2013-05-20,0.3812,0.3834,0.3734,0.3792,0.1339,27053667
2013-05-21,0.3794,0.3794,0.3751,0.3794,0.134,15436081
2013-05-22,0.3794,0.3886,0.378,0.3883,0.1371,9695099
2013-05-23,0.384,0.3913,0.3794,0.3913,0.1382,10050095
2013-05-24,0.3913,0.3975,0.3891,0.3942,0.1392,4106490
2013-05-27,0.3896,0.4044,0.3896,0.3979,0.1405,3233861
2013-05-28,0.3979,0.4033,0.3961,0.3961,0.1399,5573480
2013-05-29,0.3952,0.397,0.3894,0.3904,0.1378,5216863
2013-05-30,0.3884,0.3961,0.3879,0.3879,0.137,10715778
2013-05-31,0.3887,0.3924,0.3822,0.3831,0.1353,3136602
2013-06-03,0.3868,0.3887,0.3808,0.3887,0.1372,2386087
2013-06-04,0.3887,0.3924,0.385,0.3924,0.1385,1803613
2013-06-05,0.3923,0.3923,0.3868,0.3887,0.1372,1144414
2013-06-06,0.3831,0.3886,0.3831,0.3857,0.1362,342567
2013-06-07,0.3841,0.3882,0.3836,0.3881,0.137,463060
2013-06-10,0.3887,0.3997,0.3887,0.3979,0.1405,9494097
2013-06-11,0.3986,0.3998,0.3924,0.3978,0.1405,4712197
2013-06-12,0.3976,0.3979,0.3924,0.3979,0.1405,1209793
2013-06-13,0.3936,0.3951,0.3887,0.3928,0.1387,1957607
2013-06-14,0.3933,0.3968,0.3911,0.3922,0.1385,4433929
2013-06-17,0.3931,0.3977,0.3906,0.3924,0.1385,1020679
2013-06-18,0.3974,0.3974,0.3942,0.3951,0.1395,2066753
2013-06-19,0.3951,0.3979,0.3936,0.3977,0.1404,1771194
2013-06-20,0.3961,0.397,0.3924,0.3947,0.1394,1550740
2013-06-21,0.3906,0.3959,0.3891,0.3905,0.1379,7036687
2013-06-24,0.3905,0.3905,0.3905,0.3905,0.1379,0
2013-06-25,0.3887,0.3896,0.3863,0.3863,0.1364,2654629
2013-06-26,0.3842,0.3903,0.3794,0.3797,0.1341,6147308
2013-06-27,0.3877,0.3887,0.3822,0.3874,0.1368,2074318
2013-06-28,0.384,0.39,0.384,0.3898,0.1376,6790298
2013-07-01,0.3887,0.3919,0.3859,0.3896,0.1376,123194
2013-07-02,0.3896,0.3905,0.3843,0.3845,0.1358,2919930
2013-07-03,0.3885,0.3885,0.3812,0.384,0.1356,235582
2013-07-04,0.3876,0.3885,0.3833,0.3846,0.1358,36742
2013-07-05,0.3886,0.3887,0.385,0.385,0.1359,63758
2013-07-08,0.3882,0.3899,0.3882,0.3887,0.1372,193437
2013-07-09,0.3887,0.3905,0.3879,0.3895,0.1375,572747
2013-07-10,0.3874,0.3933,0.3871,0.3905,0.1379,13417957
2013-07-11,0.3933,0.3951,0.3933,0.3944,0.1393,4350718
2013-07-12,0.3905,0.397,0.3905,0.3951,0.1395,3817955
2013-07-15,0.3951,0.3984,0.3933,0.397,0.1402,822378
2013-07-16,0.397,0.397,0.3924,0.3959,0.1398,916395
2013-07-17,0.3926,0.3969,0.3926,0.3935,0.1389,211808
2013-07-18,0.3924,0.3969,0.3924,0.3969,0.1401,315011
2013-07-19,0.3942,0.3979,0.3942,0.3972,0.1402,872629
2013-07-22,0.3972,0.3995,0.3939,0.3939,0.1391,287454
2013-07-23,0.3936,0.3988,0.3936,0.3979,0.1405,3453774
2013-07-24,0.3979,0.3979,0.3933,0.3934,0.1389,446851
2013-07-25,0.3933,0.3936,0.3912,0.3924,0.1385,484133
2013-07-26,0.3914,0.3933,0.3911,0.3924,0.1385,344188
2013-07-29,0.3925,0.397,0.3919,0.3919,0.1384,880734
2013-07-30,0.3933,0.3969,0.3912,0.3924,0.1385,110767
2013-07-31,0.3979,0.3983,0.3915,0.3924,0.1385,2895616
2013-08-01,0.3975,0.3998,0.3933,0.3998,0.1412,7478675
2013-08-02,0.3998,0.4007,0.3974,0.3988,0.1408,1961389
2013-08-05,0.3998,0.3998,0.3956,0.3988,0.1408,894782
2013-08-06,0.3979,0.4072,0.3965,0.4072,0.1438,2507120
2013-08-07,0.4025,0.4164,0.4025,0.4159,0.1468,2299634
2013-08-08,0.4164,0.4229,0.4143,0.4146,0.1464,2906422
2013-08-09,0.4146,0.4155,0.4072,0.409,0.1444,1645838
2013-08-12,0.4099,0.4099,0.4056,0.4061,0.1434,1505352
2013-08-13,0.4109,0.4164,0.4081,0.4164,0.147,2524951
2013-08-14,0.4164,0.4192,0.4118,0.4128,0.1458,2939923
2013-08-15,0.4128,0.4128,0.4128,0.4128,0.1458,0
2013-08-16,0.4119,0.4163,0.4109,0.4163,0.147,1059582
2013-08-19,0.4164,0.419,0.4146,0.4164,0.147,1905735
2013-08-20,0.415,0.4163,0.4132,0.4155,0.1467,725119
2013-08-21,0.415,0.415,0.41,0.412,0.1455,902887
2013-08-22,0.412,0.4164,0.4109,0.4118,0.1454,2333675
2013-08-23,0.4119,0.4192,0.4119,0.4155,0.1467,408487
2013-08-26,0.418,0.4183,0.4146,0.4146,0.1464,736466
2013-08-27,0.4138,0.4138,0.4062,0.4072,0.1438,1930050
2013-08-28,0.4072,0.4072,0.4016,0.4025,0.1421,3106343
2013-08-29,0.4062,0.4064,0.4007,0.4025,0.1421,6166760
2013-08-30,0.4025,0.4062,0.4007,0.4025,0.1421,923420
2013-09-02,0.4031,0.4064,0.4031,0.4064,0.1435,103742
2013-09-03,0.4117,0.4117,0.4046,0.4046,0.1429,2580605
2013-09-04,0.4053,0.4053,0.4022,0.4022,0.142,5277380
2013-09-05,0.4034,0.4035,0.3979,0.3998,0.1412,335003
2013-09-06,0.3998,0.4044,0.3979,0.4044,0.1428,1697709
2013-09-09,0.4035,0.4039,0.4002,0.4039,0.1426,97258
2013-09-10,0.4035,0.4058,0.4034,0.4035,0.1425,233421
2013-09-11,0.4053,0.4053,0.3977,0.3988,0.1408,5772320
2013-09-12,0.3998,0.4061,0.3998,0.4053,0.1431,601925
2013-09-13,0.4053,0.409,0.4039,0.4072,0.1438,467383
2013-09-16,0.4053,0.4072,0.4024,0.4025,0.1421,671627
2013-09-17,0.4026,0.4026,0.4007,0.4009,0.1416,410108
2013-09-18,0.4025,0.4025,0.3991,0.4023,0.142,1106591
2013-09-19,0.4025,0.4104,0.4025,0.4025,0.1421,4151337
2013-09-20,0.4025,0.4044,0.3974,0.3979,0.1405,7848259
2013-09-23,0.3979,0.415,0.3979,0.4147,0.1464,8852188
2013-09-24,0.4164,0.4192,0.4104,0.4104,0.1449,10415897
2013-09-25,0.409,0.4183,0.409,0.4174,0.1474,2095390
2013-09-26,0.4164,0.4183,0.4127,0.4164,0.147,963944
2013-09-27,0.4164,0.4173,0.4136,0.4141,0.1462,2735679
2013-09-30,0.4127,0.4163,0.4113,0.4146,0.1464,598142
2013-10-01,0.4118,0.4155,0.4118,0.412,0.1455,1958687
2013-10-02,0.4121,0.415,0.4118,0.4146,0.1464,702426
2013-10-03,0.4146,0.4146,0.4118,0.4127,0.1457,1852783
2013-10-04,0.4118,0.4164,0.4118,0.4164,0.147,2822131
2013-10-07,0.4127,0.4164,0.4122,0.4127,0.1457,171283
2013-10-08,0.4127,0.4141,0.4118,0.4136,0.146,801305
2013-10-09,0.4122,0.4136,0.4104,0.4104,0.1449,2655170
2013-10-10,0.4109,0.4127,0.409,0.4117,0.1454,2222367
2013-10-11,0.409,0.4118,0.4063,0.4072,0.1438,969347
2013-10-14,0.4072,0.4081,0.4044,0.4072,0.1438,1332448
2013-10-15,0.4045,0.4085,0.4044,0.4072,0.1438,1349738
2013-10-16,0.4072,0.4111,0.4072,0.4111,0.1452,2656791
2013-10-17,0.409,0.4118,0.409,0.4091,0.1444,1778758
2013-10-18,0.4049,0.4095,0.4028,0.4035,0.1425,2554129
2013-10-21,0.4035,0.4035,0.3979,0.3979,0.1405,2385006
2013-10-22,0.3979,0.4007,0.3979,0.3984,0.1407,3713131
2013-10-23,0.3984,0.4044,0.3984,0.402,0.1419,1615039
2013-10-24,0.4021,0.4072,0.4021,0.4072,0.1438,1671233
2013-10-25,0.4072,0.4072,0.4035,0.407,0.1437,1833872
2013-10-28,0.4062,0.4072,0.398,0.399,0.1409,2819970
2013-10-29,0.4048,0.4048,0.4007,0.4048,0.1429,1569111
2013-10-30,0.4026,0.4072,0.4026,0.4062,0.1434,7066405
2013-10-31,0.4067,0.4118,0.4062,0.4118,0.1454,10265685
2013-11-01,0.4109,0.4164,0.4109,0.4155,0.1467,6280769
2013-11-04,0.4192,0.4228,0.4192,0.421,0.1486,11191807
2013-11-05,0.421,0.4312,0.421,0.4303,0.1519,14493750
2013-11-06,0.4328,0.4428,0.4328,0.4427,0.1563,4847820
2013-11-07,0.4432,0.4441,0.4395,0.4423,0.1562,9595139
2013-11-08,0.4436,0.4436,0.4349,0.4395,0.1552,4459864
2013-11-11,0.4395,0.4395,0.4321,0.4372,0.1544,2061890
2013-11-12,0.4372,0.4442,0.4331,0.4421,0.1561,4695988
2013-11-13,0.4349,0.4358,0.4164,0.4174,0.1474,39835659
2013-11-14,0.4194,0.4243,0.4072,0.4127,0.1457,50007868
2013-11-15,0.415,0.4206,0.4146,0.4173,0.1473,22515455
2013-11-18,0.4147,0.4173,0.4118,0.4128,0.1458,17495270
2013-11-19,0.4161,0.4164,0.4146,0.4164,0.147,8678743
2013-11-20,0.4173,0.4209,0.4164,0.4206,0.1485,8745744
2013-11-21,0.4209,0.4229,0.4164,0.4229,0.1493,3646671
2013-11-22,0.4234,0.4243,0.421,0.4243,0.1498,4351258
2013-11-25,0.4246,0.4284,0.4238,0.4247,0.15,16683157
2013-11-26,0.4249,0.4254,0.4201,0.4254,0.1502,8723590
2013-11-27,0.4238,0.4257,0.4226,0.4238,0.1496,6182429
2013-11-28,0.4238,0.4257,0.4238,0.4245,0.1499,4808916
2013-11-29,0.4247,0.4257,0.4211,0.4257,0.1503,23990009
2013-12-02,0.4257,0.4308,0.4244,0.4267,0.1507,7458143
2013-12-03,0.4275,0.4284,0.4239,0.4257,0.1503,8601476
2013-12-04,0.4257,0.4257,0.4229,0.4229,0.1493,5323308
2013-12-05,0.4257,0.4257,0.4229,0.4243,0.1498,7028042
2013-12-06,0.4252,0.4257,0.423,0.4234,0.1495,8222166
2013-12-09,0.4247,0.428,0.4224,0.4275,0.1509,32224603
2013-12-10,0.428,0.428,0.421,0.4234,0.1495,9143425
2013-12-11,0.4242,0.4242,0.421,0.4228,0.1493,2037035
2013-12-12,0.4229,0.4256,0.4229,0.4234,0.1495,20726970
2013-12-13,0.4229,0.4238,0.4225,0.4238,0.1496,1297326
2013-12-16,0.4238,0.4245,0.4229,0.4238,0.1496,3172804
2013-12-17,0.4247,0.4247,0.4224,0.4229,0.1493,14746083
2013-12-18,0.4229,0.4247,0.422,0.4247,0.15,2913987
2013-12-19,0.4257,0.4275,0.4239,0.4275,0.1509,11644602
2013-12-20,0.4278,0.4303,0.4259,0.4259,0.1504,6010064
2013-12-23,0.43,0.4303,0.4247,0.4284,0.1513,4513897
2013-12-24,0.4284,0.4284,0.4284,0.4284,0.1513,0
2013-12-25,0.4284,0.4284,0.4284,0.4284,0.1513,0
2013-12-26,0.4284,0.4284,0.4284,0.4284,0.1513,0
2013-12-27,0.4294,0.4331,0.4294,0.4321,0.1526,2986391
2013-12-30,0.4329,0.4347,0.4313,0.4347,0.1535,3647211
2013-12-31,0.4347,0.4347,0.4347,0.4347,0.1535,0
2014-01-01,0.4347,0.4347,0.4347,0.4347,0.1535,0
2014-01-02,0.4347,0.4347,0.4347,0.4347,0.1535,0
2014-01-03,0.4332,0.4346,0.4288,0.4331,0.1529,1926808
2014-01-06,0.4331,0.4331,0.4321,0.433,0.1529,1481578
2014-01-07,0.4321,0.4335,0.4321,0.4335,0.1531,7762347
2014-01-08,0.4344,0.4348,0.4331,0.434,0.1532,3596961
2014-01-09,0.4347,0.4395,0.434,0.4395,0.1552,8317264
2014-01-10,0.4395,0.4437,0.4395,0.4413,0.1558,4243193
2014-01-13,0.4422,0.4428,0.4395,0.4414,0.1559,2759993
2014-01-14,0.4406,0.4422,0.4372,0.4406,0.1556,3129037
2014-01-15,0.4419,0.4436,0.4395,0.4432,0.1565,4263725
2014-01-16,0.4432,0.446,0.4419,0.446,0.1575,7747218
2014-01-17,0.446,0.4488,0.4442,0.4488,0.1585,5903080
2014-01-20,0.4488,0.4488,0.4451,0.4479,0.1581,3257095
2014-01-21,0.4474,0.4497,0.4451,0.4488,0.1585,3737987
2014-01-22,0.4488,0.4512,0.4456,0.4488,0.1585,2606000
2014-01-23,0.4487,0.4488,0.4444,0.4457,0.1574,3208465
2014-01-24,0.4457,0.4481,0.4414,0.4442,0.1568,10836271
2014-01-27,0.4395,0.4432,0.4308,0.4396,0.1552,3627760
2014-01-28,0.44,0.4439,0.4395,0.4405,0.1555,2406619
2014-01-29,0.4432,0.4456,0.4321,0.4333,0.153,10700109
2014-01-30,0.4333,0.4376,0.4331,0.4376,0.1545,2828615
2014-01-31,0.439,0.439,0.4304,0.4313,0.1523,2339078
2014-02-03,0.4331,0.4377,0.4174,0.4347,0.1535,3658558
2014-02-04,0.4257,0.4349,0.4257,0.4348,0.1535,1734992
2014-02-05,0.4303,0.4389,0.4303,0.4321,0.1526,710530
2014-02-06,0.4321,0.4349,0.4303,0.4308,0.1521,2751348
2014-02-07,0.4312,0.4349,0.4247,0.4303,0.1519,12191413
2014-02-10,0.434,0.4347,0.4304,0.4312,0.1522,4842416
2014-02-11,0.4331,0.4348,0.4284,0.4303,0.1519,3153352
2014-02-12,0.4302,0.4308,0.4284,0.4302,0.1519,1867912
2014-02-13,0.4294,0.4302,0.4266,0.4284,0.1513,2865898
2014-02-14,0.4303,0.4349,0.4178,0.4178,0.1475,5465414
2014-02-17,0.4275,0.4303,0.4257,0.4274,0.1509,3400282
2014-02-18,0.4284,0.4391,0.4266,0.4293,0.1516,2967479
2014-02-19,0.4349,0.4349,0.4224,0.4229,0.1493,4924006
2014-02-20,0.4229,0.4274,0.421,0.4246,0.1499,2846446
2014-02-21,0.431,0.434,0.4271,0.4312,0.1522,1240592
2014-02-24,0.4312,0.4319,0.4248,0.4248,0.15,1434570
2014-02-25,0.4284,0.4289,0.423,0.4234,0.1495,9877730
2014-02-26,0.4201,0.4201,0.4073,0.4134,0.146,9475186
2014-02-27,0.4134,0.4146,0.4118,0.4146,0.1464,4563607
2014-02-28,0.4163,0.4201,0.4118,0.4201,0.1483,7407352
2014-03-03,0.42,0.4234,0.4007,0.4007,0.1415,11614884
2014-03-04,0.4076,0.4118,0.4048,0.4053,0.1431,8166512
2014-03-05,0.4094,0.4118,0.4062,0.4072,0.1438,9642688
2014-03-06,0.4116,0.4118,0.4062,0.4072,0.1438,3087972
2014-03-07,0.409,0.409,0.4059,0.4062,0.1434,14706098
2014-03-10,0.4062,0.4088,0.4044,0.4048,0.1429,895322
2014-03-11,0.4051,0.4057,0.4021,0.4021,0.142,1842517
2014-03-12,0.4035,0.4044,0.3942,0.3942,0.1392,3767705
2014-03-13,0.396,0.4045,0.3951,0.4016,0.1418,1489143
2014-03-14,0.4012,0.4021,0.3979,0.3988,0.1408,2042979
2014-03-17,0.3988,0.406,0.3988,0.4039,0.1426,1911139
2014-03-18,0.406,0.4078,0.406,0.4073,0.1438,7662387
2014-03-19,0.4078,0.4117,0.4062,0.4072,0.1438,3686655
2014-03-20,0.4072,0.408,0.4062,0.4072,0.1438,2646525
2014-03-21,0.4072,0.4081,0.3981,0.3981,0.1406,2656250
2014-03-24,0.4035,0.4063,0.4027,0.406,0.1434,828322
2014-03-25,0.4062,0.4081,0.4053,0.4062,0.1434,2054866
2014-03-26,0.4072,0.4081,0.4035,0.4062,0.1434,6128937
2014-03-27,0.4062,0.4067,0.4014,0.4024,0.1421,2349344
2014-03-28,0.4025,0.4044,0.3975,0.3979,0.1405,4753803
2014-03-31,0.3998,0.3998,0.3951,0.3951,0.1395,1784702
2014-04-01,0.3956,0.3974,0.3942,0.3951,0.1395,2615726
2014-04-02,0.3957,0.4048,0.3956,0.4048,0.1429,2105657
2014-04-03,0.405,0.4067,0.4043,0.406,0.1434,1649080
2014-04-04,0.4062,0.4081,0.4054,0.4081,0.1441,4136208
2014-04-07,0.408,0.4118,0.4072,0.4118,0.1454,1946260
2014-04-08,0.4118,0.4164,0.4072,0.4118,0.1454,3029617
2014-04-09,0.4079,0.4155,0.4077,0.4135,0.146,847774
2014-04-10,0.4154,0.4192,0.4154,0.4192,0.148,5381663
2014-04-11,0.4164,0.4173,0.4095,0.4095,0.1446,903968
2014-04-14,0.4096,0.415,0.409,0.409,0.1444,1230866
2014-04-15,0.4135,0.4178,0.4128,0.4164,0.147,2169415
2014-04-16,0.4164,0.4182,0.4129,0.4164,0.147,1347577
2014-04-17,0.4164,0.4193,0.4133,0.415,0.1465,1479417
2014-04-18,0.4146,0.4181,0.4136,0.4181,0.1476,85371
2014-04-21,0.4181,0.4181,0.4181,0.4181,0.1476,0
2014-04-22,0.4182,0.4206,0.4164,0.4206,0.1485,2588709
2014-04-23,0.4188,0.4197,0.4164,0.4164,0.147,2077559
2014-04-24,0.4165,0.4165,0.4136,0.4155,0.1467,1186559
2014-04-25,0.4137,0.4146,0.4118,0.412,0.1455,513311
2014-04-28,0.4118,0.4146,0.4099,0.4099,0.1447,1182128
2014-04-29,0.4099,0.4099,0.4099,0.4099,0.1447,0
2014-04-30,0.4164,0.421,0.4136,0.421,0.1486,4108219
2014-05-01,0.421,0.421,0.421,0.421,0.1486,0
2014-05-02,0.4196,0.422,0.4195,0.421,0.1486,1049856
2014-05-05,0.4219,0.4219,0.4196,0.4215,0.1488,3304320
2014-05-06,0.422,0.4232,0.4196,0.4219,0.149,859337
2014-05-07,0.4219,0.4257,0.4197,0.4224,0.1491,4691233
2014-05-08,0.425,0.4292,0.4221,0.4284,0.1513,7250441
2014-05-09,0.4286,0.4303,0.4266,0.4303,0.1519,2155691
2014-05-12,0.4308,0.4312,0.4266,0.4274,0.1509,1061635
2014-05-13,0.4258,0.428,0.4252,0.4252,0.1501,10126065
2014-05-14,0.4058,0.4058,0.4008,0.4039,0.1537,3114124
2014-05-15,0.4038,0.4068,0.4016,0.4062,0.1546,1683228
2014-05-16,0.4062,0.4076,0.406,0.406,0.1545,5042013
2014-05-19,0.407,0.407,0.4016,0.406,0.1545,1782216
2014-05-20,0.4031,0.4035,0.3979,0.3979,0.1515,1423655
2014-05-21,0.3979,0.4013,0.3906,0.3906,0.1487,1922161
2014-05-22,0.3932,0.3974,0.3881,0.3897,0.1483,3745335
2014-05-23,0.3897,0.3965,0.3897,0.3965,0.1509,4495310
2014-05-26,0.3961,0.3977,0.3935,0.3961,0.1508,3821737
2014-05-27,0.3961,0.398,0.3941,0.3979,0.1515,310688
2014-05-28,0.3998,0.3998,0.397,0.3974,0.1513,2728114
2014-05-29,0.3974,0.4053,0.3971,0.4025,0.1532,6476475
2014-05-30,0.4053,0.4098,0.4048,0.4072,0.155,8525938
2014-06-02,0.4058,0.4072,0.4036,0.4049,0.1541,2739893
2014-06-03,0.4071,0.4071,0.4035,0.4048,0.1541,287454
2014-06-04,0.4033,0.4064,0.4021,0.4064,0.1547,600196
2014-06-05,0.4035,0.4064,0.403,0.4046,0.154,206729
2014-06-06,0.4052,0.4069,0.4027,0.4069,0.1549,387955
2014-06-09,0.4069,0.4069,0.4069,0.4069,0.1549,0
2014-06-10,0.4065,0.409,0.4062,0.409,0.1557,4562527
2014-06-11,0.4098,0.4107,0.4075,0.4099,0.156,8676582
2014-06-12,0.409,0.4162,0.409,0.4162,0.1584,5389012
2014-06-13,0.4118,0.4182,0.4118,0.4182,0.1592,5428888
2014-06-16,0.4174,0.4206,0.4127,0.4205,0.1601,788230
2014-06-17,0.4198,0.4205,0.4163,0.4183,0.1592,7810869
2014-06-18,0.4166,0.4186,0.4164,0.4183,0.1592,3403956
2014-06-19,0.421,0.421,0.4169,0.4201,0.1599,1685822
2014-06-20,0.4201,0.4209,0.4172,0.4206,0.1601,10792073
2014-06-23,0.4209,0.4223,0.4192,0.4206,0.1601,391197
2014-06-24,0.4206,0.4354,0.4206,0.435,0.1656,12504587
2014-06-25,0.4349,0.4395,0.4312,0.4358,0.1659,5405546
2014-06-26,0.4349,0.4395,0.4332,0.4349,0.1655,5479030
2014-06-27,0.4358,0.4372,0.4304,0.4326,0.1647,4055159
2014-06-30,0.4348,0.446,0.4348,0.446,0.1698,8201850
2014-07-01,0.4442,0.446,0.4423,0.4451,0.1694,12880223
2014-07-02,0.4451,0.4627,0.4442,0.4474,0.1703,12464279
2014-07-03,0.4524,0.4534,0.4469,0.4488,0.1708,2673325
2014-07-04,0.4469,0.4497,0.4381,0.4462,0.1698,1118046
2014-07-07,0.4469,0.4469,0.4388,0.4397,0.1674,450633
2014-07-08,0.4397,0.4423,0.4386,0.4386,0.167,2264297
2014-07-09,0.4409,0.4409,0.4306,0.4306,0.1639,2166281
2014-07-10,0.4308,0.4368,0.4261,0.4321,0.1645,1664101
2014-07-11,0.4266,0.4395,0.4266,0.4363,0.1661,1461694
2014-07-14,0.4386,0.4497,0.4386,0.4497,0.1712,1551172
2014-07-15,0.4451,0.4497,0.4442,0.4486,0.1708,5143703
2014-07-16,0.4486,0.4516,0.4486,0.4498,0.1712,4196941
2014-07-17,0.4507,0.4507,0.448,0.4483,0.1706,1879151
2014-07-18,0.4497,0.4497,0.4386,0.4387,0.167,1073415
2014-07-21,0.4379,0.4386,0.4349,0.4386,0.167,209322
2014-07-22,0.4386,0.4455,0.4386,0.4442,0.1691,3595880
2014-07-23,0.446,0.4479,0.4414,0.4442,0.1691,1070713
2014-07-24,0.4442,0.4488,0.4423,0.4488,0.1708,824756
2014-07-25,0.4424,0.4493,0.4424,0.4483,0.1706,496020
2014-07-28,0.4469,0.4483,0.4414,0.4414,0.168,512662
2014-07-29,0.4442,0.446,0.4405,0.4405,0.1677,414755
2014-07-30,0.4405,0.4466,0.4359,0.4465,0.17,3353597
2014-07-31,0.4465,0.4479,0.4414,0.4441,0.169,1601207
2014-08-01,0.4423,0.4442,0.4378,0.4441,0.169,1719646
2014-08-04,0.4488,0.4489,0.4442,0.4442,0.1691,2996873
2014-08-05,0.4483,0.4483,0.4451,0.447,0.1702,388603
2014-08-06,0.447,0.4477,0.441,0.4414,0.168,234286
2014-08-07,0.4442,0.4483,0.4416,0.4417,0.1681,171500
2014-08-08,0.4416,0.4432,0.4388,0.4388,0.167,366450
2014-08-11,0.4432,0.446,0.4395,0.441,0.1679,122762
2014-08-12,0.4405,0.4408,0.4312,0.4395,0.1673,8337364
2014-08-13,0.4391,0.4437,0.437,0.4407,0.1678,850259
2014-08-14,0.4407,0.4407,0.4358,0.4359,0.1659,546595
2014-08-15,0.4359,0.4359,0.4359,0.4359,0.1659,0
2014-08-18,0.4362,0.4482,0.436,0.4482,0.1706,4451651
2014-08-19,0.4442,0.4497,0.4397,0.4482,0.1706,4502766
2014-08-20,0.4442,0.4488,0.4442,0.4479,0.1705,1494546
2014-08-21,0.4488,0.4525,0.4395,0.4525,0.1722,3766516
2014-08-22,0.4451,0.4494,0.4437,0.4488,0.1708,927526
2014-08-25,0.4443,0.4479,0.4443,0.4451,0.1694,560535
2014-08-26,0.4451,0.4474,0.4446,0.4451,0.1694,524874
2014-08-27,0.4442,0.4469,0.4423,0.4446,0.1692,1765250
2014-08-28,0.446,0.4469,0.4446,0.446,0.1698,2667381
2014-08-29,0.4424,0.4539,0.4424,0.4534,0.1726,10579292
2014-09-01,0.4534,0.4544,0.4443,0.4443,0.1691,165124
2014-09-02,0.4513,0.4516,0.4461,0.4479,0.1705,213861
2014-09-03,0.4469,0.4511,0.4469,0.4472,0.1702,675193
2014-09-04,0.4502,0.4531,0.4442,0.4442,0.1691,1619578
2014-09-05,0.4496,0.4497,0.4414,0.4414,0.168,1126475
2014-09-08,0.4414,0.4443,0.4414,0.4423,0.1684,939845
2014-09-09,0.4432,0.4432,0.4409,0.4414,0.168,2171252
2014-09-10,0.4432,0.4441,0.4414,0.444,0.169,85912
2014-09-11,0.4423,0.4432,0.4372,0.4377,0.1666,1234648
2014-09-12,0.4372,0.4409,0.4372,0.4372,0.1664,145672
2014-09-15,0.4373,0.4422,0.4373,0.4386,0.167,842587
2014-09-16,0.4386,0.4386,0.4284,0.4294,0.1635,7690700
2014-09-17,0.4295,0.4348,0.4238,0.4252,0.1619,3466742
2014-09-18,0.4252,0.4321,0.4252,0.4321,0.1645,1197150
2014-09-19,0.4328,0.4354,0.4234,0.4234,0.1612,2478591
2014-09-22,0.4284,0.4349,0.4284,0.4324,0.1646,8119720
2014-09-23,0.4348,0.4349,0.4312,0.4348,0.1655,1717377
2014-09-24,0.4319,0.4347,0.4303,0.4329,0.1648,534816
2014-09-25,0.4331,0.4349,0.4331,0.4349,0.1655,391089
2014-09-26,0.4349,0.4349,0.4304,0.4345,0.1654,234610
2014-09-29,0.4339,0.4349,0.4309,0.434,0.1652,534059
2014-09-30,0.4313,0.4352,0.4303,0.4352,0.1657,4719222
2014-10-01,0.4354,0.4354,0.4321,0.4321,0.1645,1506757
2014-10-02,0.4306,0.4321,0.4247,0.4256,0.162,1872127
2014-10-03,0.4251,0.4265,0.425,0.4252,0.1619,4574306
2014-10-06,0.4252,0.433,0.4249,0.4251,0.1618,616297
2014-10-07,0.4309,0.431,0.4232,0.4252,0.1619,3179936
2014-10-08,0.4252,0.4252,0.4167,0.4184,0.1593,2763668
2014-10-09,0.4245,0.4247,0.4183,0.4183,0.1592,1187856
2014-10-10,0.4183,0.4183,0.409,0.409,0.1557,19577801
2014-10-13,0.4136,0.4136,0.4062,0.4062,0.1546,5320282
2014-10-14,0.4085,0.4086,0.4025,0.4083,0.1554,6785543
2014-10-15,0.4072,0.4146,0.4062,0.4072,0.155,19577369
2014-10-16,0.4072,0.4087,0.3933,0.3934,0.1498,9278183
2014-10-17,0.3971,0.4025,0.3971,0.3971,0.1512,11149878
2014-10-20,0.4042,0.4042,0.3956,0.3961,0.1508,3318584
2014-10-21,0.3969,0.4012,0.3961,0.3998,0.1522,11436035
2014-10-22,0.3998,0.4053,0.3998,0.4025,0.1532,8583321
2014-10-23,0.4016,0.4078,0.3998,0.4054,0.1543,6434222
2014-10-24,0.4072,0.4085,0.4062,0.4062,0.1546,3252016
2014-10-27,0.4063,0.4136,0.4063,0.4094,0.1558,2947487
2014-10-28,0.4073,0.4135,0.4025,0.404,0.1538,2171468
2014-10-29,0.4046,0.4067,0.4027,0.4027,0.1533,1258855
2014-10-30,0.4062,0.4062,0.4035,0.4044,0.1539,6402450
2014-10-31,0.4048,0.4062,0.4036,0.4053,0.1543,1815825
2014-11-03,0.4053,0.4067,0.4007,0.4007,0.1525,3962979
2014-11-04,0.4048,0.4048,0.3961,0.3961,0.1508,3067872
2014-11-05,0.3962,0.3979,0.391,0.391,0.1488,2843744
2014-11-06,0.3958,0.3979,0.3924,0.3924,0.1494,3664934
2014-11-07,0.3951,0.3979,0.3942,0.3951,0.1504,8388047
2014-11-10,0.3942,0.3977,0.3942,0.3962,0.1508,15604771
2014-11-11,0.397,0.397,0.3951,0.3961,0.1508,751163
2014-11-12,0.3965,0.3974,0.3939,0.3939,0.1499,3066683
2014-11-13,0.3942,0.3979,0.3933,0.3933,0.1497,3803906
2014-11-14,0.3961,0.3961,0.3924,0.3942,0.1501,7263733
2014-11-17,0.3942,0.3979,0.3937,0.3978,0.1514,1451752
2014-11-18,0.4024,0.4024,0.3933,0.3934,0.1498,2233606
2014-11-19,0.3977,0.3977,0.3933,0.3958,0.1507,1027054
2014-11-20,0.3958,0.3958,0.3958,0.3958,0.1507,0
2014-11-21,0.3974,0.3979,0.3951,0.3974,0.1513,7267191
2014-11-24,0.3988,0.3993,0.3951,0.3951,0.1504,3471713
2014-11-25,0.3961,0.3979,0.393,0.3979,0.1515,4267292
2014-11-26,0.3979,0.3979,0.3942,0.3979,0.1515,2092364
2014-11-27,0.3943,0.3979,0.3942,0.3953,0.1505,1047371
2014-11-28,0.3957,0.3957,0.385,0.3868,0.1472,14023448
2014-12-01,0.3868,0.3868,0.3868,0.3868,0.1472,0
2014-12-02,0.3868,0.3909,0.3832,0.3836,0.146,5914138
2014-12-03,0.3831,0.3912,0.3831,0.3887,0.148,3016487
2014-12-04,0.3912,0.3979,0.391,0.3927,0.1495,3664634
2014-12-05,0.3928,0.3979,0.384,0.384,0.1462,5865108
2014-12-08,0.3875,0.3927,0.3812,0.3812,0.1451,7395728
2014-12-09,0.3876,0.3876,0.372,0.3757,0.143,8317549
2014-12-10,0.3766,0.3823,0.3711,0.3711,0.1413,2472865
2014-12-11,0.3748,0.3748,0.3618,0.3627,0.1381,19020684
2014-12-12,0.3646,0.3692,0.3563,0.357,0.1359,4214103
2014-12-15,0.3585,0.3607,0.3579,0.3586,0.1365,981746
2014-12-16,0.3565,0.36,0.3519,0.3556,0.1354,5222557
2014-12-17,0.3563,0.3572,0.3424,0.3424,0.1303,12989836
2014-12-18,0.3445,0.3642,0.3445,0.3564,0.1357,8416669
2014-12-19,0.3645,0.3701,0.3553,0.3553,0.1352,4524831
2014-12-22,0.3689,0.3701,0.3604,0.3701,0.1409,1566755
2014-12-23,0.3692,0.3701,0.3655,0.3701,0.1409,1132931
2014-12-24,0.3701,0.3701,0.3701,0.3701,0.1409,0
2014-12-25,0.3701,0.3701,0.3701,0.3701,0.1409,0
2014-12-26,0.3701,0.3701,0.3701,0.3701,0.1409,0
2014-12-29,0.3656,0.384,0.3655,0.3839,0.1461,3946903
2014-12-30,0.383,0.383,0.3701,0.3775,0.1437,7656694
2014-12-31,0.3775,0.3775,0.3775,0.3775,0.1437,0
2015-01-01,0.3775,0.3775,0.3775,0.3775,0.1437,0
2015-01-02,0.3775,0.3775,0.3775,0.3775,0.1437,0
2015-01-05,0.3773,0.3773,0.3646,0.3646,0.1388,2838783
2015-01-06,0.3618,0.3618,0.3553,0.3572,0.136,3004259
2015-01-07,0.359,0.3664,0.3563,0.3664,0.1395,3183480
2015-01-08,0.362,0.3701,0.3609,0.3664,0.1395,6352050
2015-01-09,0.3683,0.3692,0.3572,0.3572,0.136,1584798
2015-01-12,0.3637,0.3637,0.3558,0.3563,0.1356,2654762
2015-01-13,0.3561,0.3655,0.3516,0.3655,0.1391,18244161
2015-01-14,0.3645,0.3645,0.3562,0.3563,0.1356,1762353
2015-01-15,0.3562,0.3581,0.349,0.3508,0.1335,4753695
2015-01-16,0.3509,0.3562,0.3473,0.3507,0.1335,4526258
2015-01-19,0.351,0.3544,0.3434,0.345,0.1313,3680914
2015-01-20,0.347,0.3503,0.3442,0.3452,0.1314,1967686
2015-01-21,0.3467,0.3467,0.3415,0.3416,0.13,6202940
2015-01-22,0.3447,0.3465,0.3415,0.3424,0.1303,18919858
2015-01-23,0.3465,0.3478,0.3419,0.3427,0.1305,2635505
2015-01-26,0.3439,0.3439,0.335,0.336,0.1279,4067481
2015-01-27,0.3405,0.3405,0.3341,0.3349,0.1275,7067493
2015-01-28,0.3414,0.3414,0.3366,0.3366,0.1281,3629844
2015-01-29,0.3373,0.3378,0.335,0.3354,0.1277,2468590
2015-01-30,0.3358,0.3405,0.3331,0.3347,0.1274,3052289
2015-02-02,0.3348,0.3373,0.3322,0.3367,0.1282,19999203
2015-02-03,0.3391,0.3415,0.3332,0.3378,0.1286,3020798
2015-02-04,0.3424,0.3442,0.3415,0.3419,0.1301,3414591
2015-02-05,0.3419,0.3419,0.3382,0.3415,0.13,3476274
2015-02-06,0.3434,0.3456,0.3406,0.3419,0.1301,999178
2015-02-09,0.3424,0.344,0.3407,0.3419,0.1301,431759
2015-02-10,0.3419,0.3419,0.3406,0.3418,0.1301,483921
2015-02-11,0.3418,0.3438,0.3377,0.3378,0.1286,5459105
2015-02-12,0.3415,0.3415,0.3373,0.3377,0.1285,4241225
2015-02-13,0.341,0.3419,0.3405,0.3419,0.1301,2779947
2015-02-16,0.3426,0.3527,0.3426,0.3498,0.1332,7513912
2015-02-17,0.3538,0.3538,0.3479,0.3479,0.1324,4621970
2015-02-18,0.3511,0.3549,0.3462,0.3549,0.1351,16892023
2015-02-19,0.353,0.353,0.347,0.3476,0.1323,5309332
2015-02-20,0.3481,0.3515,0.3479,0.3512,0.1337,1805007
2015-02-23,0.3512,0.3517,0.3481,0.3517,0.1339,1490587
2015-02-24,0.3516,0.3555,0.3516,0.3527,0.1343,5303149
2015-02-25,0.3526,0.3535,0.3471,0.3479,0.1324,4813565
2015-02-26,0.348,0.3516,0.3442,0.3516,0.1338,3927934
2015-02-27,0.3516,0.3516,0.3452,0.347,0.1321,5133217
2015-03-02,0.3538,0.3538,0.3456,0.347,0.1321,4936755
2015-03-03,0.3489,0.3489,0.3433,0.3433,0.1307,3011588
2015-03-04,0.3433,0.347,0.3426,0.3433,0.1307,1318870
2015-03-05,0.3433,0.3452,0.3408,0.3415,0.13,5587084
2015-03-06,0.3424,0.3424,0.3324,0.3378,0.1286,11329752
2015-03-09,0.3345,0.3396,0.3345,0.3368,0.1282,7675156
2015-03-10,0.3378,0.3387,0.335,0.336,0.1279,2823992
2015-03-11,0.3352,0.3373,0.3345,0.3368,0.1282,2669048
2015-03-12,0.3372,0.344,0.3359,0.3423,0.1303,2867104
2015-03-13,0.3401,0.3424,0.3378,0.3387,0.1289,2387330
2015-03-16,0.3422,0.3422,0.3304,0.3327,0.1266,8278201
2015-03-17,0.3331,0.3366,0.3293,0.333,0.1268,1721990
2015-03-18,0.3331,0.3331,0.3284,0.3292,0.1253,6931224
2015-03-19,0.329,0.3322,0.329,0.332,0.1264,5792618
2015-03-20,0.3308,0.3331,0.3257,0.3257,0.124,4701821
2015-03-23,0.3257,0.3329,0.3257,0.3329,0.1267,1662017
2015-03-24,0.335,0.3403,0.3307,0.335,0.1275,6098423
2015-03-25,0.3353,0.3387,0.3285,0.3304,0.1258,3658344
2015-03-26,0.331,0.3368,0.3304,0.3359,0.1279,24833614
2015-03-27,0.335,0.3359,0.3315,0.3315,0.1262,269313
2015-03-30,0.3356,0.3378,0.3317,0.3372,0.1284,2403425
2015-03-31,0.3376,0.3376,0.3341,0.3362,0.128,174417
2015-04-01,0.336,0.3367,0.3331,0.3331,0.1268,1141836
2015-04-02,0.3358,0.3358,0.3317,0.3331,0.1268,5886466
2015-04-03,0.3331,0.3331,0.3239,0.3239,0.1233,1281405
2015-04-06,0.3285,0.3285,0.3238,0.3271,0.1245,1088476
2015-04-07,0.324,0.3272,0.323,0.3252,0.1238,567659
2015-04-08,0.3253,0.3285,0.3238,0.3285,0.125,1259457
2015-04-09,0.3294,0.3368,0.3285,0.3368,0.1282,1642421
2015-04-10,0.3367,0.3384,0.3342,0.3381,0.1287,1472027
2015-04-13,0.3381,0.3381,0.3381,0.3381,0.1287,0
2015-04-14,0.3331,0.3413,0.3331,0.3413,0.1299,1398704
2015-04-15,0.3415,0.3453,0.3396,0.3452,0.1314,3025761
2015-04-16,0.3457,0.3513,0.3457,0.351,0.1336,5428089
2015-04-17,0.3506,0.3725,0.3459,0.3725,0.1418,13522364
2015-04-20,0.3701,0.3701,0.3572,0.361,0.1374,6172592
2015-04-21,0.3609,0.3627,0.3573,0.3577,0.1362,1000933
2015-04-22,0.3587,0.3587,0.3503,0.354,0.1348,3857617
2015-04-23,0.3544,0.3609,0.3544,0.36,0.137,15837459
2015-04-24,0.3608,0.3625,0.359,0.3614,0.1376,1994764
2015-04-27,0.3609,0.363,0.3602,0.363,0.1382,1531954
2015-04-28,0.3633,0.3688,0.3577,0.3602,0.1371,2833752
2015-04-29,0.3602,0.3609,0.3564,0.3564,0.1357,265085
2015-04-30,0.359,0.3627,0.3563,0.3627,0.1381,23921867
2015-05-01,0.3627,0.3627,0.3627,0.3627,0.1381,0
2015-05-04,0.3609,0.3701,0.36,0.3674,0.1399,3058060
2015-05-05,0.3678,0.3701,0.3655,0.3698,0.1408,2704908
2015-05-06,0.3658,0.3701,0.3658,0.3695,0.1407,1234034
2015-05-07,0.3696,0.3696,0.3659,0.3678,0.14,783233
2015-05-08,0.3683,0.3683,0.3573,0.3676,0.1399,1698068
2015-05-11,0.3676,0.3683,0.3611,0.3655,0.1391,876710
2015-05-12,0.3655,0.3655,0.3594,0.3655,0.1391,648370
2015-05-13,0.3651,0.3654,0.3605,0.3646,0.1388,388076
2015-05-14,0.3651,0.3651,0.3604,0.3609,0.1374,1247971
2015-05-15,0.3609,0.3649,0.3544,0.3598,0.137,1811597
2015-05-18,0.3526,0.359,0.3516,0.3581,0.1363,1297358
2015-05-19,0.3563,0.3586,0.3542,0.3581,0.1363,1661428
2015-05-20,0.3516,0.3539,0.3452,0.3529,0.1387,2504037
2015-05-21,0.3529,0.3529,0.3442,0.3469,0.1363,517462
2015-05-22,0.3461,0.3488,0.3439,0.3488,0.1371,1143762
2015-05-25,0.3462,0.3486,0.3442,0.3461,0.136,3310253
2015-05-26,0.3456,0.347,0.3452,0.3456,0.1358,2334495
2015-05-27,0.3469,0.3499,0.3442,0.3448,0.1355,10514425
2015-05-28,0.3492,0.3492,0.3428,0.3442,0.1353,253372
2015-05-29,0.3469,0.3527,0.3442,0.3515,0.1381,8840483
2015-06-01,0.3515,0.3515,0.3515,0.3515,0.1381,0
2015-06-02,0.3512,0.3512,0.3461,0.3469,0.1363,2019743
2015-06-03,0.3469,0.3497,0.3442,0.3445,0.1354,2291440
2015-06-04,0.3452,0.3455,0.3401,0.3424,0.1345,1642098
2015-06-05,0.3447,0.3447,0.3387,0.3405,0.1338,401522
2015-06-08,0.3388,0.3424,0.3373,0.3378,0.1327,1265279
2015-06-09,0.3354,0.339,0.3331,0.3377,0.1327,3033804
2015-06-10,0.3378,0.3395,0.3366,0.339,0.1332,494986
2015-06-11,0.3378,0.3408,0.3378,0.3401,0.1336,113306
2015-06-12,0.338,0.3401,0.3374,0.3401,0.1336,455324
2015-06-15,0.3405,0.341,0.3374,0.3378,0.1327,1371024
2015-06-16,0.3386,0.3386,0.3313,0.335,0.1316,3214851
2015-06-17,0.3331,0.3353,0.3331,0.3346,0.1315,213622
2015-06-18,0.3349,0.3369,0.3333,0.3368,0.1323,809686
2015-06-19,0.3387,0.341,0.3368,0.3405,0.1338,2296399
2015-06-22,0.3379,0.3421,0.3379,0.3415,0.1342,9878433
2015-06-23,0.3405,0.3464,0.3388,0.3453,0.1357,3348180
2015-06-24,0.3465,0.3514,0.3434,0.3514,0.1381,9353372
2015-06-25,0.3514,0.3537,0.3484,0.3536,0.1389,1461429
2015-06-26,0.3537,0.3562,0.3493,0.3553,0.1396,1462523
2015-06-29,0.3441,0.3516,0.3405,0.3507,0.1378,2053332
2015-06-30,0.3515,0.3515,0.3435,0.3488,0.1371,1389536
2015-07-01,0.3488,0.3558,0.3453,0.3535,0.1389,1825940
2015-07-02,0.351,0.3533,0.3433,0.3433,0.1349,1777399
2015-07-03,0.3452,0.3484,0.3436,0.3484,0.1369,3609891
2015-07-06,0.3426,0.3483,0.3424,0.3468,0.1363,918557
2015-07-07,0.3453,0.3459,0.3381,0.3452,0.1356,5642606
2015-07-08,0.3426,0.3442,0.3419,0.3437,0.1351,2925785
2015-07-09,0.3433,0.3455,0.3422,0.3453,0.1357,5289384
2015-07-10,0.3455,0.3535,0.3447,0.3535,0.1389,1503463
2015-07-13,0.3507,0.3562,0.3479,0.3562,0.14,7044681
2015-07-14,0.3562,0.3564,0.3527,0.3564,0.14,954258
2015-07-15,0.3563,0.3637,0.3545,0.3629,0.1426,7379601
2015-07-16,0.3629,0.3629,0.3519,0.3616,0.1421,7943972
2015-07-17,0.3615,0.3646,0.3565,0.361,0.1419,11036652
2015-07-20,0.361,0.3646,0.3609,0.3637,0.1429,2029310
2015-07-21,0.3638,0.3638,0.359,0.3627,0.1425,2019224
2015-07-22,0.3629,0.3629,0.3595,0.3614,0.142,9864715
2015-07-23,0.3591,0.3621,0.3564,0.3595,0.1413,25777952
2015-07-24,0.3609,0.3621,0.359,0.3609,0.1418,1108397
2015-07-27,0.3609,0.3635,0.3609,0.3635,0.1428,12408141
2015-07-28,0.3618,0.3632,0.359,0.3618,0.1422,3559349
2015-07-29,0.3609,0.3623,0.359,0.3609,0.1418,439852
2015-07-30,0.3621,0.3621,0.36,0.3621,0.1423,3924351
2015-07-31,0.3609,0.3627,0.3609,0.3627,0.1425,1203545
2015-08-03,0.3611,0.3626,0.3564,0.3564,0.14,594288
2015-08-04,0.3599,0.36,0.3563,0.3563,0.14,255390
2015-08-05,0.3555,0.3572,0.3527,0.3563,0.14,11796107
2015-08-06,0.3563,0.3563,0.3516,0.3525,0.1385,8455979
2015-08-07,0.3521,0.3535,0.3512,0.3515,0.1381,471567
2015-08-10,0.3515,0.3625,0.3498,0.361,0.1419,3260921
2015-08-11,0.3623,0.3623,0.3577,0.3586,0.1409,5514481
2015-08-12,0.3618,0.3618,0.3553,0.3569,0.1402,3657584
2015-08-13,0.3558,0.359,0.3558,0.3563,0.14,1295344
2015-08-14,0.3584,0.3584,0.3558,0.3582,0.1408,6696727
2015-08-17,0.3607,0.3608,0.347,0.347,0.1364,699267
2015-08-18,0.3516,0.3516,0.347,0.3507,0.1378,4130932
2015-08-19,0.3514,0.3515,0.347,0.3479,0.1367,11306413
2015-08-20,0.3489,0.3489,0.3438,0.3451,0.1356,4052826
2015-08-21,0.3433,0.3451,0.3403,0.3424,0.1345,2285452
2015-08-24,0.3377,0.3377,0.3092,0.3128,0.1229,16767354
2015-08-25,0.3091,0.3239,0.306,0.3237,0.1272,6023424
2015-08-26,0.3238,0.3239,0.3146,0.3239,0.1273,2458549
2015-08-27,0.3299,0.3299,0.3224,0.3257,0.128,2716739
2015-08-28,0.3285,0.3308,0.3211,0.3211,0.1262,2081339
2015-08-31,0.3284,0.3284,0.3192,0.3192,0.1254,711230
2015-09-01,0.3239,0.3253,0.3192,0.3192,0.1254,1448836
2015-09-02,0.322,0.322,0.3165,0.3165,0.1244,840166
2015-09-03,0.3218,0.3239,0.3169,0.3211,0.1262,276770
2015-09-04,0.3206,0.3239,0.3197,0.3229,0.1269,248576
2015-09-07,0.3204,0.3216,0.3191,0.3206,0.126,163944
2015-09-08,0.3234,0.3237,0.3192,0.3197,0.1256,342719
2015-09-09,0.3198,0.3239,0.3198,0.3211,0.1262,643440
2015-09-10,0.323,0.323,0.3183,0.3192,0.1254,317437
2015-09-11,0.3192,0.3192,0.316,0.316,0.1242,741827
2015-09-14,0.3162,0.3224,0.3162,0.3224,0.1267,3304101
2015-09-15,0.3231,0.3231,0.3192,0.3192,0.1254,2450948
2015-09-16,0.3229,0.3229,0.3188,0.3192,0.1254,493958
2015-09-17,0.3235,0.3235,0.3192,0.3192,0.1254,396570
2015-09-18,0.3204,0.3225,0.316,0.316,0.1242,1455863
2015-09-21,0.3188,0.3192,0.3174,0.3192,0.1254,381003
2015-09-22,0.3192,0.3192,0.316,0.316,0.1242,642637
2015-09-23,0.3183,0.3183,0.3169,0.3174,0.1247,99717
2015-09-24,0.3188,0.3202,0.3146,0.3151,0.1238,1232464
2015-09-25,0.3151,0.3206,0.3151,0.3197,0.1256,1591645
2015-09-28,0.3169,0.3183,0.3146,0.3146,0.1236,1370073
2015-09-29,0.3146,0.3165,0.3137,0.3142,0.1235,1030343
2015-09-30,0.3142,0.3142,0.31,0.31,0.1218,2679035
2015-10-01,0.3142,0.3146,0.3072,0.3081,0.1211,3589588
2015-10-02,0.3109,0.3146,0.3044,0.3072,0.1207,1501238
2015-10-05,0.3077,0.3109,0.3077,0.31,0.1218,223145
2015-10-06,0.3081,0.31,0.3021,0.3044,0.1196,3360690
2015-10-07,0.3054,0.3072,0.2994,0.3072,0.1207,13492056
2015-10-08,0.3081,0.3105,0.3054,0.3105,0.122,5778180
2015-10-09,0.3109,0.3179,0.3109,0.316,0.1242,4942968
2015-10-12,0.3165,0.3169,0.3151,0.3169,0.1245,572137
2015-10-13,0.3137,0.316,0.3063,0.3091,0.1215,6592872
2015-10-14,0.3072,0.3128,0.3054,0.3054,0.12,6509010
2015-10-15,0.3086,0.3086,0.3054,0.3081,0.1211,813621
2015-10-16,0.3086,0.3086,0.3058,0.3081,0.1211,980631
2015-10-19,0.3086,0.3086,0.3063,0.3077,0.1209,80378
2015-10-20,0.3063,0.3086,0.3035,0.3063,0.1204,2717282
2015-10-21,0.3054,0.3072,0.3031,0.3054,0.12,305166
2015-10-22,0.3044,0.3044,0.3003,0.3044,0.1196,1049901
2015-10-23,0.3054,0.3063,0.3017,0.3049,0.1198,1236793
2015-10-26,0.3054,0.3063,0.3026,0.3054,0.12,153258
2015-10-27,0.3044,0.3049,0.2957,0.2961,0.1164,2028124
2015-10-28,0.298,0.2989,0.2961,0.2966,0.1165,1256564
2015-10-29,0.298,0.3017,0.297,0.3007,0.1182,573542
2015-10-30,0.3017,0.3017,0.298,0.3003,0.118,480517
2015-11-02,0.2998,0.2998,0.2961,0.2994,0.1176,635708
2015-11-03,0.2989,0.3007,0.297,0.298,0.1171,844364
2015-11-04,0.298,0.3017,0.298,0.3017,0.1186,1816675
2015-11-05,0.297,0.3012,0.2957,0.3007,0.1182,1261792
2015-11-06,0.3007,0.3007,0.297,0.2994,0.1176,774852
2015-11-09,0.2989,0.2994,0.2924,0.2924,0.1149,2337831
2015-11-10,0.2952,0.2952,0.2915,0.2929,0.1151,1405578
2015-11-11,0.2929,0.2929,0.2892,0.2896,0.1138,1434840
2015-11-12,0.2906,0.292,0.279,0.292,0.1147,3547028
2015-11-13,0.2915,0.3021,0.2896,0.3021,0.1187,19176899
2015-11-16,0.3021,0.3021,0.2892,0.2915,0.1145,577882
2015-11-17,0.2938,0.2943,0.2873,0.2873,0.1129,2776040
2015-11-18,0.2924,0.2924,0.2827,0.2827,0.1111,1720872
2015-11-19,0.2827,0.2869,0.2758,0.2776,0.1091,6231322
2015-11-20,0.2767,0.2804,0.2744,0.2804,0.1102,6195639
2015-11-23,0.2799,0.2878,0.279,0.2869,0.1127,1808537
2015-11-24,0.2873,0.2887,0.2822,0.2832,0.1113,1506725
2015-11-25,0.285,0.2869,0.2841,0.2855,0.1122,467743
2015-11-26,0.2859,0.2906,0.2855,0.2855,0.1122,816578
2015-11-27,0.2878,0.2878,0.2804,0.2804,0.1102,1005569
2015-11-30,0.2804,0.2804,0.2804,0.2804,0.1102,0
2015-12-01,0.2804,0.2804,0.2804,0.2804,0.1102,0
2015-12-02,0.2808,0.2822,0.2748,0.2758,0.1084,1503320
2015-12-03,0.2808,0.2808,0.2762,0.2776,0.1091,1868837
2015-12-04,0.2804,0.2804,0.2753,0.2767,0.1087,631809
2015-12-07,0.2767,0.2859,0.2758,0.2859,0.1123,2054170
2015-12-08,0.2785,0.2836,0.2785,0.2804,0.1102,13349341
2015-12-09,0.279,0.2827,0.2776,0.2776,0.1091,2942427
2015-12-10,0.2795,0.2836,0.2748,0.2776,0.1091,12798021
2015-12-11,0.2776,0.2799,0.2725,0.2748,0.108,2969489
2015-12-14,0.2758,0.2758,0.267,0.2707,0.1064,6804978
2015-12-15,0.2684,0.2721,0.2684,0.2711,0.1065,2928070
2015-12-16,0.2734,0.2734,0.2674,0.2684,0.1055,3169624
2015-12-17,0.2679,0.2697,0.2679,0.2679,0.1053,1520442
2015-12-18,0.2711,0.2711,0.2679,0.2697,0.106,8697359
2015-12-21,0.2711,0.2795,0.2684,0.279,0.1096,4093910
2015-12-22,0.279,0.2799,0.2776,0.2781,0.1093,4711106
2015-12-23,0.2799,0.2804,0.2753,0.2758,0.1084,6035165
2015-12-24,0.2776,0.2776,0.2776,0.2776,0.1091,0
2015-12-25,0.2758,0.2758,0.2758,0.2758,0.1084,0
2015-12-28,0.2758,0.2776,0.2702,0.273,0.1073,13824569
2015-12-29,0.273,0.2748,0.2711,0.273,0.1073,3134063
2015-12-30,0.2734,0.2734,0.2684,0.2684,0.1055,10853772
2015-12-31,0.2688,0.2688,0.2688,0.2688,0.1056,0
2016-01-01,0.2684,0.2684,0.2684,0.2684,0.1055,0
2016-01-04,0.2721,0.2721,0.2679,0.2697,0.106,1552920
2016-01-05,0.2707,0.2707,0.267,0.2684,0.1055,1116149
2016-01-06,0.2684,0.2702,0.2619,0.2637,0.1036,1276390
2016-01-07,0.2596,0.2619,0.2498,0.2573,0.1011,7844547
2016-01-08,0.2619,0.2619,0.2545,0.2554,0.1004,2299498
2016-01-11,0.2577,0.2577,0.2498,0.2535,0.0996,916396
2016-01-12,0.2563,0.2563,0.2489,0.2535,0.0996,2320286
2016-01-13,0.2503,0.254,0.2489,0.2531,0.0995,1328635
2016-01-14,0.2531,0.2531,0.2452,0.2452,0.0964,7767097
2016-01-15,0.2494,0.2498,0.2318,0.2387,0.0938,3506871
2016-01-18,0.2313,0.2313,0.2179,0.2202,0.0865,10557784
2016-01-19,0.2179,0.2276,0.2179,0.2249,0.0884,9809354
2016-01-20,0.2226,0.2267,0.2184,0.2249,0.0884,2878481
2016-01-21,0.2267,0.2313,0.2221,0.2313,0.0909,2294791
2016-01-22,0.236,0.2397,0.229,0.2318,0.0911,7122050
2016-01-25,0.2387,0.2387,0.2286,0.2286,0.0898,2125425
2016-01-26,0.2267,0.2276,0.2188,0.2258,0.0887,1334622
2016-01-27,0.2267,0.2281,0.2258,0.2267,0.0891,2288606
2016-01-28,0.2263,0.229,0.2249,0.2281,0.0896,6328516
2016-01-29,0.229,0.2327,0.2286,0.2295,0.0902,15158048
2016-02-01,0.23,0.23,0.2272,0.2272,0.0893,4332710
2016-02-02,0.2267,0.2267,0.2212,0.2221,0.0873,5466322
2016-02-03,0.223,0.2235,0.2184,0.2184,0.0858,3921447
2016-02-04,0.2221,0.2244,0.2212,0.2239,0.088,9314713
2016-02-05,0.2244,0.2249,0.2235,0.2239,0.088,1801037
2016-02-08,0.2235,0.2239,0.2193,0.2193,0.0862,2223288
2016-02-09,0.2193,0.2193,0.2151,0.2175,0.0855,1776884
2016-02-10,0.2156,0.2184,0.211,0.211,0.0829,1554621
2016-02-11,0.2147,0.2147,0.1999,0.2027,0.0797,7701033
2016-02-12,0.2017,0.2036,0.1994,0.1994,0.0784,1902259
2016-02-15,0.2036,0.2087,0.2008,0.2008,0.0789,3841600
2016-02-16,0.2017,0.205,0.1999,0.2013,0.0791,1798539
2016-02-17,0.2031,0.2036,0.199,0.2013,0.0791,9083146
2016-02-18,0.1994,0.2064,0.199,0.205,0.0806,2519283
2016-02-19,0.2054,0.2124,0.2045,0.2087,0.082,3413243
2016-02-22,0.2101,0.2156,0.2101,0.2156,0.0847,4116194
2016-02-23,0.2161,0.2249,0.2119,0.2221,0.0873,5113714
2016-02-24,0.2212,0.2221,0.2142,0.2165,0.0851,572750
2016-02-25,0.2184,0.2226,0.2175,0.2221,0.0873,925939
2016-02-26,0.223,0.23,0.223,0.23,0.0904,4263377
2016-02-29,0.2295,0.2295,0.2188,0.2188,0.086,3869413
2016-03-01,0.2212,0.2267,0.2212,0.2244,0.0882,2261410
2016-03-02,0.2258,0.2286,0.2212,0.2221,0.0873,4829511
2016-03-03,0.2249,0.2263,0.223,0.2239,0.088,420724
2016-03-04,0.2267,0.2272,0.223,0.2244,0.0882,1013476
2016-03-07,0.2253,0.2378,0.2249,0.2378,0.0934,11675249
2016-03-08,0.2392,0.2434,0.2387,0.2415,0.0949,16470450
2016-03-09,0.2429,0.2429,0.2383,0.2392,0.094,5130380
2016-03-10,0.2406,0.2406,0.2327,0.2346,0.0922,2591643
2016-03-11,0.236,0.2387,0.2341,0.236,0.0927,1211105
2016-03-14,0.2378,0.2392,0.2346,0.235,0.0923,4330737
2016-03-15,0.2346,0.2346,0.2309,0.2332,0.0916,9587952
2016-03-16,0.2332,0.236,0.2313,0.236,0.0927,7826745
2016-03-17,0.236,0.2387,0.2327,0.2341,0.092,14798918
2016-03-18,0.2369,0.2369,0.2313,0.2313,0.0909,3563628
2016-03-21,0.2323,0.2341,0.2313,0.2332,0.0916,1018741
2016-03-22,0.2337,0.2337,0.2286,0.2286,0.0898,28871781
2016-03-23,0.2286,0.2309,0.2272,0.2286,0.0898,14227269
2016-03-24,0.2286,0.2286,0.2221,0.2239,0.088,1446482
2016-03-25,0.2258,0.2258,0.2221,0.2249,0.0884,475390
2016-03-28,0.2249,0.2249,0.2235,0.2239,0.088,173594
2016-03-29,0.2239,0.2249,0.2221,0.2226,0.0875,11589671
2016-03-30,0.223,0.223,0.2179,0.2212,0.0869,20320358
2016-03-31,0.2212,0.2249,0.2188,0.2221,0.0873,5349204
2016-04-01,0.2221,0.2226,0.2193,0.2212,0.0869,2238597
2016-04-04,0.2221,0.2221,0.2188,0.2202,0.0865,4571915
2016-04-05,0.2198,0.2198,0.2161,0.2165,0.0851,1044195
2016-04-06,0.2184,0.2184,0.2156,0.217,0.0853,3210546
2016-04-07,0.2179,0.2184,0.2165,0.2175,0.0855,6950573
2016-04-08,0.2179,0.2184,0.217,0.2175,0.0855,746297
2016-04-11,0.2184,0.2184,0.217,0.2175,0.0855,10381512
2016-04-12,0.2184,0.2188,0.2161,0.2184,0.0858,28501302
2016-04-13,0.2207,0.223,0.2193,0.2207,0.0867,5345358
2016-04-14,0.2207,0.223,0.2188,0.2198,0.0864,1682544
2016-04-15,0.2221,0.2221,0.2184,0.2188,0.086,30995068
2016-04-18,0.2175,0.2184,0.2138,0.2147,0.0844,2476468
2016-04-19,0.2147,0.2165,0.2142,0.2147,0.0844,19833048
2016-04-20,0.2147,0.2156,0.2124,0.2147,0.0844,3842183
2016-04-21,0.2151,0.2156,0.2133,0.2142,0.0842,14237512
2016-04-22,0.2151,0.2175,0.2147,0.2156,0.0847,5536116
2016-04-25,0.2156,0.2188,0.2151,0.2188,0.086,319086
2016-04-26,0.2188,0.2193,0.2165,0.2165,0.0851,976619
2016-04-27,0.2165,0.2188,0.2147,0.2147,0.0844,973520
2016-04-28,0.217,0.2184,0.2165,0.2175,0.0855,5923952
2016-04-29,0.2179,0.2179,0.2128,0.2128,0.0836,12694040
2016-05-02,0.2128,0.2128,0.2128,0.2128,0.0836,0
2016-05-03,0.2147,0.2147,0.205,0.211,0.0829,3131876
2016-05-04,0.2124,0.2128,0.2087,0.211,0.0829,4524265
2016-05-05,0.2119,0.2161,0.2119,0.2128,0.0836,256990
2016-05-06,0.2165,0.2165,0.2124,0.2128,0.0836,1890502
2016-05-09,0.2138,0.2138,0.2105,0.2124,0.0835,620861
2016-05-10,0.2128,0.2138,0.2105,0.2138,0.084,3182976
2016-05-11,0.2151,0.2175,0.2124,0.2128,0.0836,3374787
2016-05-12,0.2128,0.2128,0.2124,0.2124,0.0835,890423
2016-05-13,0.2128,0.2128,0.2119,0.2128,0.0836,491207
2016-05-16,0.2147,0.2151,0.2114,0.2128,0.0836,1938422
2016-05-17,0.2128,0.2147,0.2073,0.2119,0.0833,11905263
2016-05-18,0.2128,0.2128,0.2105,0.2114,0.0831,2107766
2016-05-19,0.2119,0.2119,0.2082,0.2082,0.0818,3318534
2016-05-20,0.211,0.211,0.2091,0.211,0.0829,1689357
2016-05-23,0.2082,0.211,0.2082,0.2091,0.0822,679068
2016-05-24,0.211,0.2128,0.2082,0.211,0.0829,1109399
2016-05-25,0.2124,0.2151,0.2124,0.2128,0.0836,2916259
2016-05-26,0.2151,0.2156,0.2128,0.2138,0.084,1189996
2016-05-27,0.2138,0.2151,0.2128,0.2138,0.084,1150694
2016-05-30,0.2138,0.2151,0.2114,0.2138,0.084,1449368
2016-05-31,0.2147,0.2161,0.205,0.205,0.0806,8953080
2016-06-01,0.2128,0.2142,0.2087,0.2114,0.0831,1551941
2016-06-02,0.2128,0.2156,0.2114,0.2138,0.084,1610724
2016-06-03,0.2156,0.2221,0.2147,0.2193,0.0862,2019557
2016-06-06,0.2193,0.2253,0.2188,0.2249,0.0884,2648210
2016-06-07,0.2249,0.236,0.2249,0.2341,0.092,5930789
2016-06-08,0.2355,0.2392,0.2304,0.2392,0.094,7123053
2016-06-09,0.2369,0.2415,0.2337,0.2337,0.0918,8144410
2016-06-10,0.2332,0.2332,0.2263,0.2295,0.0902,4127321
2016-06-13,0.2295,0.2295,0.2249,0.229,0.09,1358093
2016-06-14,0.2286,0.2304,0.2258,0.2286,0.0898,843269
2016-06-15,0.2286,0.2304,0.2272,0.2304,0.0905,574587
2016-06-16,0.2304,0.2304,0.2221,0.223,0.0876,4066241
2016-06-17,0.2221,0.2263,0.2221,0.2258,0.0887,499218
2016-06-20,0.2258,0.2258,0.2258,0.2258,0.0887,0
2016-06-21,0.2286,0.2313,0.2286,0.2313,0.0909,436805
2016-06-22,0.2313,0.2337,0.2286,0.2304,0.0905,4583689
2016-06-23,0.2304,0.2313,0.2281,0.2304,0.0905,1247586
2016-06-24,0.2082,0.2263,0.2073,0.223,0.0876,6804803
2016-06-27,0.2249,0.2249,0.2147,0.2212,0.0869,2161820
2016-06-28,0.2239,0.2267,0.2221,0.2267,0.0891,851136
2016-06-29,0.2295,0.2295,0.2267,0.2272,0.0893,426480
2016-06-30,0.2276,0.2281,0.2221,0.2221,0.0873,9635127
2016-07-01,0.2263,0.2263,0.223,0.2239,0.088,184329
2016-07-04,0.2258,0.2304,0.223,0.2295,0.0902,3542858
2016-07-05,0.2281,0.2323,0.2253,0.2313,0.0909,2808562
2016-07-06,0.2332,0.2337,0.2286,0.2318,0.0911,3667317
2016-07-07,0.2318,0.2323,0.2295,0.2313,0.0909,703487
2016-07-08,0.2323,0.2323,0.2304,0.2304,0.0905,24315
2016-07-11,0.2313,0.2327,0.2295,0.2318,0.0911,301389
2016-07-12,0.2327,0.2406,0.2313,0.2369,0.0931,2095368
2016-07-13,0.2397,0.2443,0.2378,0.2434,0.0956,3206721
2016-07-14,0.2452,0.2471,0.2434,0.2448,0.0962,3883527
2016-07-15,0.2461,0.2466,0.2411,0.2415,0.0949,767026
2016-07-18,0.2443,0.2443,0.2383,0.2387,0.0938,5474232
2016-07-19,0.2397,0.2443,0.2397,0.2406,0.0945,2026133
2016-07-20,0.2411,0.2424,0.2401,0.2401,0.0943,3852882
2016-07-21,0.2406,0.2424,0.2397,0.2397,0.0942,8423658
2016-07-22,0.2406,0.2424,0.2397,0.2406,0.0945,5329731
2016-07-25,0.2424,0.2438,0.2406,0.2406,0.0945,1799009
2016-07-26,0.2434,0.2438,0.2397,0.2397,0.0942,1694520
2016-07-27,0.2397,0.242,0.2392,0.2406,0.0945,1576546
2016-07-28,0.2401,0.2406,0.2374,0.2387,0.0938,6204428
2016-07-29,0.2392,0.2392,0.2364,0.2369,0.0931,2474530
2016-08-01,0.2387,0.2406,0.2374,0.2406,0.0945,7273551
2016-08-02,0.2406,0.2406,0.236,0.236,0.0927,2307248
2016-08-03,0.2401,0.2401,0.236,0.236,0.0927,4556815
2016-08-04,0.2392,0.2392,0.236,0.2378,0.0934,462547
2016-08-05,0.2383,0.2387,0.2378,0.2387,0.0938,1880933
2016-08-08,0.2392,0.2434,0.2383,0.2434,0.0956,1376143
2016-08-09,0.2438,0.2452,0.2424,0.2443,0.096,1137525
2016-08-10,0.2406,0.2406,0.2327,0.2355,0.0925,2491586
2016-08-11,0.236,0.2374,0.2346,0.235,0.0923,5812966
2016-08-12,0.236,0.2383,0.235,0.2355,0.0925,1672838
2016-08-15,0.2355,0.2355,0.2355,0.2355,0.0925,0
2016-08-16,0.2355,0.2392,0.2355,0.2392,0.094,252886
2016-08-17,0.2392,0.2392,0.2374,0.2383,0.0936,223759
2016-08-18,0.2378,0.2397,0.2374,0.2383,0.0936,291182
2016-08-19,0.2392,0.2401,0.2383,0.2397,0.0942,95938
2016-08-22,0.2397,0.2411,0.2392,0.2397,0.0942,626441
2016-08-23,0.2406,0.2406,0.2387,0.2392,0.094,215408
2016-08-24,0.2392,0.2406,0.2387,0.2401,0.0943,291354
2016-08-25,0.2406,0.2411,0.2383,0.2406,0.0945,667488
2016-08-26,0.2406,0.2406,0.2392,0.2397,0.0942,521327
2016-08-29,0.2397,0.2406,0.2387,0.2406,0.0945,639409
2016-08-30,0.2406,0.2406,0.2392,0.2397,0.0942,107603
2016-08-31,0.2397,0.2411,0.2369,0.2369,0.0931,2370632
2016-09-01,0.2401,0.2406,0.2383,0.2383,0.0936,790109
2016-09-02,0.2401,0.2406,0.236,0.2369,0.0931,1351251
2016-09-05,0.2378,0.2397,0.235,0.2397,0.0942,2097539
2016-09-06,0.2397,0.2401,0.2369,0.2383,0.0936,73484
2016-09-07,0.2401,0.2401,0.2374,0.2383,0.0936,252438
2016-09-08,0.2383,0.2411,0.2364,0.2369,0.0931,3813139
2016-09-09,0.2397,0.2397,0.2355,0.2355,0.0925,1181097
2016-09-12,0.2374,0.2374,0.2323,0.2327,0.0914,593707
2016-09-13,0.2332,0.236,0.2318,0.2323,0.0913,2167188
2016-09-14,0.2323,0.2332,0.2309,0.2309,0.0907,6193754
2016-09-15,0.2318,0.2346,0.2309,0.2313,0.0909,2618131
2016-09-16,0.2313,0.2346,0.2304,0.2346,0.0922,7877647
2016-09-19,0.2323,0.2332,0.2309,0.2313,0.0909,258645
2016-09-20,0.2323,0.236,0.2323,0.2341,0.092,648391
2016-09-21,0.2355,0.2406,0.2355,0.2387,0.0938,1610816
2016-09-22,0.2392,0.2397,0.236,0.2397,0.0942,408098
2016-09-23,0.2387,0.2401,0.2272,0.2313,0.0909,6649017
2016-09-26,0.2337,0.2337,0.2258,0.2281,0.0896,7156998
2016-09-27,0.2286,0.2304,0.2239,0.2244,0.0882,1198946
2016-09-28,0.2258,0.2276,0.2239,0.2249,0.0884,787785
2016-09-29,0.2267,0.2304,0.2263,0.2267,0.0891,5304424
2016-09-30,0.229,0.229,0.2216,0.2258,0.0887,2539739
2016-10-03,0.2258,0.2267,0.223,0.2249,0.0884,484255
2016-10-04,0.2258,0.2258,0.2207,0.2258,0.0887,3989574
2016-10-05,0.2253,0.2272,0.2212,0.2226,0.0875,2162945
2016-10-06,0.2221,0.2239,0.2184,0.2193,0.0862,3032486
2016-10-07,0.2202,0.2207,0.2184,0.2188,0.086,1182309
2016-10-10,0.2188,0.2202,0.2151,0.2161,0.0849,2364375
2016-10-11,0.2165,0.2198,0.2165,0.2184,0.0858,1610829
2016-10-12,0.2188,0.2202,0.2175,0.2184,0.0858,2096899
2016-10-13,0.2188,0.2193,0.2064,0.2091,0.0822,13966303
2016-10-14,0.205,0.2138,0.2017,0.2128,0.0836,33615386
2016-10-17,0.2101,0.2105,0.2064,0.2082,0.0818,31169386
2016-10-18,0.2054,0.2128,0.2013,0.2119,0.0833,170760510
2016-10-19,0.2119,0.2161,0.2101,0.2156,0.0847,21711073
2016-10-20,0.2161,0.2198,0.2151,0.2198,0.0864,28907235
2016-10-21,0.2198,0.2198,0.2151,0.2151,0.0845,6386743
2016-10-24,0.217,0.217,0.2142,0.2142,0.0842,3843347
2016-10-25,0.2142,0.2161,0.2114,0.2128,0.0836,11987992
2016-10-26,0.2128,0.2128,0.2101,0.2101,0.0826,4136046
2016-10-27,0.2114,0.2147,0.2105,0.2142,0.0842,4599990
2016-10-28,0.2142,0.2142,0.211,0.2124,0.0835,4585009
2016-10-31,0.211,0.2128,0.2082,0.2087,0.082,3470173
2016-11-01,0.2101,0.2101,0.2077,0.2096,0.0824,3434644
2016-11-02,0.2101,0.2101,0.2073,0.2073,0.0815,8795089
2016-11-03,0.2073,0.211,0.2068,0.2087,0.082,1480825
2016-11-04,0.2091,0.2096,0.205,0.2064,0.0811,10749647
2016-11-07,0.2073,0.211,0.2073,0.2105,0.0827,7155237
2016-11-08,0.2105,0.211,0.2101,0.211,0.0829,1608587
2016-11-09,0.2054,0.2119,0.2045,0.2119,0.0833,9209627
2016-11-10,0.211,0.2124,0.2105,0.211,0.0829,18331088
2016-11-11,0.2114,0.2124,0.2082,0.2087,0.082,11345079
2016-11-14,0.2119,0.2119,0.2082,0.2101,0.0826,795509
2016-11-15,0.2091,0.211,0.2091,0.211,0.0829,1299694
2016-11-16,0.2114,0.2114,0.2087,0.2101,0.0826,3171451
2016-11-17,0.211,0.211,0.2091,0.2105,0.0827,904580
2016-11-18,0.2101,0.2101,0.2077,0.2082,0.0818,2701907
2016-11-21,0.2082,0.2101,0.2082,0.2091,0.0822,949550
2016-11-22,0.2101,0.2101,0.2087,0.2101,0.0826,3193280
2016-11-23,0.2101,0.2101,0.2082,0.2096,0.0824,2721559
2016-11-24,0.2091,0.211,0.2087,0.211,0.0829,1797933
2016-11-25,0.2114,0.2114,0.2105,0.2105,0.0827,588441
2016-11-28,0.2105,0.2105,0.2077,0.2082,0.0818,3690574
2016-11-29,0.2091,0.2128,0.2077,0.2128,0.0836,12372409
2016-11-30,0.2128,0.2128,0.2128,0.2128,0.0836,0
2016-12-01,0.2128,0.2128,0.2128,0.2128,0.0836,0
2016-12-02,0.2151,0.2216,0.2151,0.2216,0.0871,20340931
2016-12-05,0.2216,0.2216,0.2188,0.2193,0.0862,4164515
2016-12-06,0.2202,0.2202,0.2147,0.2175,0.0855,13415112
2016-12-07,0.2151,0.2179,0.2142,0.2175,0.0855,9601645
2016-12-08,0.2175,0.2188,0.2161,0.2165,0.0851,4554249
2016-12-09,0.2179,0.2188,0.2165,0.2179,0.0856,840545
2016-12-12,0.2193,0.2258,0.2193,0.2249,0.0884,53354834
2016-12-13,0.2249,0.23,0.2249,0.229,0.09,36531715
2016-12-14,0.2295,0.2341,0.2281,0.2337,0.0918,34601930
2016-12-15,0.2337,0.2337,0.2309,0.2327,0.0914,11427655
2016-12-16,0.2332,0.2424,0.2323,0.2411,0.0947,37974472
2016-12-19,0.2415,0.2448,0.2406,0.2434,0.0956,8376747
2016-12-20,0.2438,0.2443,0.2378,0.242,0.0951,6695958
2016-12-21,0.2406,0.242,0.2397,0.242,0.0951,9684980
2016-12-22,0.2415,0.2424,0.2406,0.2415,0.0949,11346152
2016-12-23,0.2415,0.2415,0.2406,0.2415,0.0949,920260
2016-12-26,0.2415,0.2415,0.2415,0.2415,0.0949,0
2016-12-27,0.2411,0.242,0.2397,0.2411,0.0947,6229463
2016-12-28,0.2406,0.2411,0.2401,0.2406,0.0945,3204280
2016-12-29,0.2411,0.2429,0.2406,0.242,0.0951,5427133
2016-12-30,0.2424,0.2448,0.2415,0.2415,0.0949,5463237
2017-01-02,0.2415,0.2415,0.2415,0.2415,0.0949,0
2017-01-03,0.2438,0.26,0.2424,0.2568,0.1009,21153225
2017-01-04,0.2563,0.2637,0.2559,0.2596,0.102,15874487
2017-01-05,0.261,0.2619,0.2577,0.2591,0.1018,55552297
2017-01-06,0.26,0.2614,0.2591,0.261,0.1026,3162422
2017-01-09,0.261,0.2656,0.2605,0.2656,0.1044,7961423
2017-01-10,0.2656,0.2656,0.2637,0.2647,0.104,20218699
2017-01-11,0.2647,0.2665,0.2642,0.266,0.1045,32189110
2017-01-12,0.2665,0.267,0.2614,0.2628,0.1033,13426848
2017-01-13,0.2623,0.2623,0.2582,0.2591,0.1018,19830509
2017-01-16,0.2596,0.26,0.2563,0.2568,0.1009,479062
2017-01-17,0.2573,0.2596,0.2554,0.2591,0.1018,14812705
2017-01-18,0.26,0.26,0.2568,0.2568,0.1009,2571563
2017-01-19,0.2573,0.2628,0.2573,0.2619,0.1029,1618734
2017-01-20,0.2614,0.2674,0.2614,0.2674,0.1051,19349560
2017-01-23,0.2679,0.2679,0.2637,0.2637,0.1036,25573039
2017-01-24,0.2637,0.2637,0.2637,0.2637,0.1036,0
2017-01-25,0.2628,0.2647,0.2623,0.2647,0.104,63246085
2017-01-26,0.2633,0.266,0.2628,0.2651,0.1042,15969560
2017-01-27,0.2651,0.2651,0.2591,0.2619,0.1029,3880557
2017-01-30,0.2623,0.2637,0.261,0.2619,0.1029,7517193
2017-01-31,0.2623,0.2623,0.261,0.2619,0.1029,480562
2017-02-01,0.2628,0.2628,0.2596,0.2619,0.1029,4619374
2017-02-02,0.2623,0.2647,0.2605,0.261,0.1026,3412111
2017-02-03,0.2628,0.2637,0.2605,0.2619,0.1029,6583478
2017-02-06,0.2633,0.2651,0.2614,0.2647,0.104,16621842
2017-02-07,0.2647,0.2647,0.2605,0.2637,0.1036,6112948
2017-02-08,0.2637,0.2637,0.2605,0.2614,0.1027,1003603
2017-02-09,0.2614,0.2623,0.261,0.2619,0.1029,2821031
2017-02-10,0.2623,0.2637,0.2614,0.2623,0.1031,15100586
2017-02-13,0.2642,0.2642,0.2614,0.2623,0.1031,1725600
2017-02-14,0.2628,0.2628,0.2591,0.2591,0.1018,2430940
2017-02-15,0.2623,0.2637,0.2591,0.2637,0.1036,4911195
2017-02-16,0.2665,0.2688,0.2619,0.2647,0.104,10527993
2017-02-17,0.2647,0.2674,0.2628,0.2628,0.1033,7437916
2017-02-20,0.2637,0.266,0.2637,0.2637,0.1036,14370186
2017-02-21,0.266,0.2739,0.2637,0.273,0.1073,24195885
2017-02-22,0.2748,0.2813,0.2744,0.2804,0.1102,50404808
2017-02-23,0.2804,0.2845,0.2785,0.2827,0.1111,41620292
2017-02-24,0.2836,0.2841,0.2767,0.2785,0.1094,10832780
2017-02-27,0.2795,0.2822,0.2776,0.2818,0.1107,22178595
2017-02-28,0.2832,0.285,0.2767,0.2767,0.1087,7373942
2017-03-01,0.2818,0.2841,0.2781,0.2841,0.1116,4365906
2017-03-02,0.2845,0.2845,0.2799,0.2804,0.1102,13918617
2017-03-03,0.2804,0.2822,0.2767,0.2767,0.1087,10382283
2017-03-06,0.2758,0.2799,0.2748,0.2771,0.1089,1360226
2017-03-07,0.2776,0.279,0.2762,0.2767,0.1087,6310329
2017-03-08,0.2767,0.2776,0.2758,0.2776,0.1091,11779833
2017-03-09,0.2753,0.2758,0.2702,0.2739,0.1076,7890512
2017-03-10,0.2707,0.2758,0.2707,0.2753,0.1082,5128639
2017-03-13,0.2753,0.2753,0.2721,0.2748,0.108,5692835
2017-03-14,0.2753,0.2753,0.2739,0.2744,0.1078,5169558
2017-03-15,0.2744,0.2832,0.2744,0.2822,0.1109,14495754
2017-03-16,0.2813,0.2827,0.2795,0.2795,0.1098,14665808
2017-03-17,0.2813,0.2827,0.2795,0.2827,0.1111,12465155
2017-03-20,0.2808,0.2818,0.2771,0.2813,0.1105,2208432
2017-03-21,0.2785,0.2813,0.2776,0.2776,0.1091,2055033
2017-03-22,0.2776,0.2808,0.2739,0.2795,0.1098,8278090
2017-03-23,0.2808,0.2808,0.2781,0.2795,0.1098,7592879
2017-03-24,0.2799,0.2804,0.2795,0.2799,0.11,2572467
2017-03-27,0.2795,0.2822,0.2776,0.2799,0.11,5884034
2017-03-28,0.2804,0.2813,0.2795,0.2808,0.1103,1327329
2017-03-29,0.2813,0.2813,0.279,0.2795,0.1098,11250716
2017-03-30,0.2804,0.2813,0.279,0.2813,0.1105,9026388
2017-03-31,0.2799,0.2818,0.2799,0.2799,0.11,3683645
2017-04-03,0.2804,0.2818,0.2799,0.2818,0.1107,790985
2017-04-04,0.2818,0.2878,0.2813,0.2869,0.1127,3513936
2017-04-05,0.2878,0.2924,0.2873,0.291,0.1143,10684542
2017-04-06,0.291,0.2943,0.2906,0.2915,0.1145,836101
2017-04-07,0.2915,0.2933,0.2906,0.2929,0.1151,4190006
2017-04-10,0.2929,0.2929,0.2859,0.291,0.1143,4132721
2017-04-11,0.292,0.2924,0.2883,0.2892,0.1136,124949
2017-04-12,0.2892,0.2943,0.2892,0.2943,0.1156,11234009
2017-04-13,0.2938,0.2947,0.2929,0.2947,0.1158,2219827
2017-04-14,0.2947,0.2952,0.2901,0.2943,0.1156,411994
2017-04-17,0.2943,0.2943,0.2943,0.2943,0.1156,0
2017-04-18,0.2924,0.2943,0.2924,0.2938,0.1154,409966
2017-04-19,0.2924,0.2961,0.2906,0.2961,0.1164,6639656
2017-04-20,0.291,0.2989,0.291,0.2989,0.1175,3294511
2017-04-21,0.2957,0.2994,0.2957,0.298,0.1171,7204164
2017-04-24,0.2989,0.3007,0.2984,0.2998,0.1178,1094962
2017-04-25,0.3003,0.3003,0.297,0.2989,0.1175,395158
2017-04-26,0.2961,0.2975,0.2933,0.2961,0.1164,11845405
2017-04-27,0.2957,0.2966,0.2943,0.2943,0.1156,11434048
2017-04-28,0.2943,0.2989,0.2933,0.298,0.1171,14179214
2017-05-01,0.298,0.298,0.298,0.298,0.1171,0
2017-05-02,0.2994,0.2998,0.2961,0.298,0.1171,2867286
2017-05-03,0.2961,0.3003,0.2961,0.2989,0.1175,3255218
2017-05-04,0.2989,0.2998,0.2947,0.2975,0.1169,6048709
2017-05-05,0.2961,0.297,0.2952,0.2966,0.1165,41567369
2017-05-08,0.298,0.298,0.2961,0.298,0.1171,572125
2017-05-09,0.2984,0.2998,0.2966,0.2966,0.1165,2424267
2017-05-10,0.2989,0.2994,0.2966,0.298,0.1171,2173438
2017-05-11,0.3012,0.3044,0.298,0.2989,0.1175,13103802
2017-05-12,0.304,0.3068,0.3017,0.3017,0.1186,5144306
2017-05-15,0.3026,0.3086,0.3026,0.3063,0.1204,27107927
2017-05-16,0.3054,0.3118,0.3054,0.3105,0.122,23595913
2017-05-17,0.3123,0.3128,0.3086,0.31,0.1218,8208933
2017-05-18,0.3109,0.3109,0.3054,0.3081,0.1211,17034247
2017-05-19,0.3086,0.3123,0.3077,0.3114,0.1224,24951947
2017-05-22,0.2989,0.3026,0.2989,0.3021,0.1247,11298645
2017-05-23,0.3026,0.3049,0.3012,0.3044,0.1257,13529020
2017-05-24,0.3054,0.3068,0.3031,0.3063,0.1265,10717233
2017-05-25,0.3068,0.3077,0.3063,0.3072,0.1268,3328591
2017-05-26,0.3068,0.3068,0.3035,0.3054,0.1261,14194095
2017-05-29,0.304,0.3054,0.3035,0.3044,0.1257,16945322
2017-05-30,0.3044,0.3044,0.2998,0.2998,0.1238,11042843
2017-05-31,0.3017,0.3049,0.2947,0.3049,0.1259,11045525
2017-06-01,0.3049,0.3049,0.3049,0.3049,0.1259,0
2017-06-02,0.3049,0.3049,0.3049,0.3049,0.1259,0
2017-06-05,0.3049,0.3049,0.3049,0.3049,0.1259,0
2017-06-06,0.3044,0.3054,0.3007,0.3054,0.1261,21882835
2017-06-07,0.3049,0.3054,0.3031,0.3054,0.1261,9047987
2017-06-08,0.3054,0.3063,0.3035,0.3063,0.1265,6516122
2017-06-09,0.3044,0.3063,0.3026,0.3058,0.1262,1017813
2017-06-12,0.3063,0.3063,0.3035,0.3054,0.1261,6881522
2017-06-13,0.3044,0.3072,0.3044,0.3068,0.1267,11029619
2017-06-14,0.3072,0.3077,0.3054,0.3072,0.1268,7374021
2017-06-15,0.3058,0.3072,0.3017,0.3026,0.1249,2084095
2017-06-16,0.3017,0.3031,0.2989,0.3026,0.1249,12463816
2017-06-19,0.297,0.3012,0.2933,0.2966,0.1224,5590473
2017-06-20,0.2966,0.2966,0.2873,0.2873,0.1186,1707785
2017-06-21,0.2873,0.2901,0.2776,0.2845,0.1175,10206174
2017-06-22,0.2822,0.2822,0.279,0.2804,0.1158,829168
2017-06-23,0.2795,0.2822,0.2795,0.2804,0.1158,1216284
2017-06-26,0.2818,0.2822,0.2776,0.279,0.1152,5360188
2017-06-27,0.2776,0.279,0.2771,0.279,0.1152,817756
2017-06-28,0.2781,0.2799,0.2767,0.279,0.1152,4781309
2017-06-29,0.2804,0.2822,0.2684,0.2693,0.1112,4608564
2017-06-30,0.2707,0.2753,0.26,0.2623,0.1083,12959594
2017-07-03,0.2647,0.2721,0.2614,0.2614,0.1079,4478566
2017-07-04,0.2642,0.2716,0.2642,0.2707,0.1118,1448257
2017-07-05,0.2716,0.2832,0.2716,0.2818,0.1163,3397942
2017-07-06,0.2813,0.2822,0.2781,0.2813,0.1161,755658
2017-07-07,0.2813,0.2818,0.2721,0.2753,0.1137,1928964
2017-07-10,0.2799,0.2799,0.2758,0.2771,0.1144,411351
2017-07-11,0.2776,0.2799,0.2762,0.2785,0.115,468630
2017-07-12,0.2799,0.2832,0.2795,0.2832,0.1169,3853439
2017-07-13,0.2836,0.285,0.2813,0.285,0.1177,5894318
2017-07-14,0.2855,0.2855,0.2818,0.2832,0.1169,167606
2017-07-17,0.2845,0.285,0.2822,0.2832,0.1169,201743
2017-07-18,0.2818,0.2855,0.2813,0.2845,0.1175,6243274
2017-07-19,0.285,0.2859,0.2841,0.2859,0.118,6510604
2017-07-20,0.2864,0.2933,0.2859,0.292,0.1205,29020233
2017-07-21,0.292,0.2994,0.292,0.2961,0.1222,3898619
2017-07-24,0.2961,0.298,0.2915,0.2947,0.1217,7580348
2017-07-25,0.2924,0.2961,0.2915,0.2957,0.1221,8360923
2017-07-26,0.2952,0.2961,0.2929,0.2929,0.1209,2147517
2017-07-27,0.2961,0.2961,0.2929,0.2961,0.1222,5364243
2017-07-28,0.2952,0.2966,0.2952,0.2961,0.1222,612374
2017-07-31,0.2961,0.3017,0.292,0.292,0.1205,9561888
2017-08-01,0.2975,0.2975,0.2929,0.2933,0.1211,3495949
2017-08-02,0.2952,0.2984,0.2929,0.2933,0.1211,5486316
2017-08-03,0.2961,0.2998,0.2938,0.2998,0.1238,3576755
2017-08-04,0.3003,0.3003,0.2961,0.2961,0.1222,637783
2017-08-07,0.2952,0.3017,0.2952,0.3012,0.1243,4236745
2017-08-08,0.3021,0.3021,0.2984,0.3017,0.1246,2155570
2017-08-09,0.3017,0.3017,0.2957,0.2961,0.1222,6422517
2017-08-10,0.3049,0.3049,0.2966,0.298,0.123,1937879
2017-08-11,0.2975,0.298,0.2943,0.298,0.123,7771681
2017-08-14,0.2984,0.3007,0.2966,0.2998,0.1238,6520362
2017-08-15,0.2998,0.2998,0.2998,0.2998,0.1238,0
2017-08-16,0.2998,0.3003,0.2943,0.2961,0.1222,3551283
2017-08-17,0.2961,0.297,0.2938,0.2938,0.1213,25616366
2017-08-18,0.2947,0.2961,0.2924,0.2924,0.1207,18654320
2017-08-21,0.2957,0.2957,0.292,0.2924,0.1207,735044
2017-08-22,0.2957,0.2957,0.2906,0.2924,0.1207,1948034
2017-08-23,0.2929,0.2929,0.291,0.2924,0.1207,6027645
2017-08-24,0.2933,0.2933,0.291,0.2915,0.1203,842127
2017-08-25,0.2924,0.2952,0.2915,0.2933,0.1211,425971
2017-08-28,0.2947,0.2947,0.2915,0.2933,0.1211,668153
2017-08-29,0.2938,0.2938,0.2869,0.292,0.1205,3260839
2017-08-30,0.2933,0.2933,0.2887,0.2906,0.12,3056195
2017-08-31,0.2906,0.2906,0.2776,0.2776,0.1146,9221643
2017-09-01,0.2781,0.2836,0.2781,0.2813,0.1161,1241942
2017-09-04,0.2813,0.2822,0.2776,0.2776,0.1146,2007455
2017-09-05,0.2813,0.2813,0.2776,0.2813,0.1161,351093
2017-09-06,0.2813,0.2813,0.2771,0.2776,0.1146,5993628
2017-09-07,0.2808,0.2808,0.2753,0.2762,0.114,3608609
2017-09-08,0.273,0.2758,0.2656,0.2702,0.1115,38278654
2017-09-11,0.2697,0.2781,0.2697,0.2781,0.1148,4583108
2017-09-12,0.2795,0.2808,0.2758,0.2762,0.114,9037704
2017-09-13,0.2762,0.2776,0.2753,0.2762,0.114,3526898
2017-09-14,0.2781,0.2795,0.2748,0.2748,0.1134,2540327
2017-09-15,0.2748,0.2771,0.2693,0.2693,0.1112,3460095
2017-09-18,0.2697,0.273,0.2697,0.2711,0.1119,497593
2017-09-19,0.2711,0.2725,0.2697,0.2702,0.1115,14452111
2017-09-20,0.2684,0.2684,0.2591,0.2637,0.1089,44521914
2017-09-21,0.2637,0.2637,0.261,0.2619,0.1081,32476651
2017-09-22,0.2619,0.2637,0.2605,0.2619,0.1081,8513519
2017-09-25,0.2637,0.2647,0.2619,0.2637,0.1089,31361980
2017-09-26,0.2637,0.2702,0.2637,0.2702,0.1115,29984230
2017-09-27,0.2707,0.2734,0.2679,0.2684,0.1108,7598317
2017-09-28,0.2725,0.273,0.2674,0.2684,0.1108,7877856
2017-09-29,0.2702,0.2702,0.2674,0.2674,0.1104,4845533
2017-10-02,0.2707,0.2707,0.2665,0.2665,0.11,3498482
2017-10-03,0.2688,0.2688,0.2656,0.2656,0.1096,3320291
2017-10-04,0.2656,0.2688,0.2619,0.2684,0.1108,9048701
2017-10-05,0.2684,0.2684,0.266,0.2679,0.1106,582567
2017-10-06,0.267,0.2684,0.266,0.2665,0.11,5959875
2017-10-09,0.267,0.267,0.2637,0.266,0.1098,2066226
2017-10-10,0.267,0.267,0.2642,0.267,0.1102,3832004
2017-10-11,0.2674,0.2674,0.2647,0.267,0.1102,945745
2017-10-12,0.2674,0.2684,0.2665,0.2665,0.11,1752915
2017-10-13,0.2684,0.2693,0.2679,0.2679,0.1106,12364304
2017-10-16,0.2684,0.2697,0.2656,0.2674,0.1104,12218812
2017-10-17,0.2684,0.2688,0.2656,0.266,0.1098,8103195
2017-10-18,0.266,0.2684,0.2656,0.2684,0.1108,10868315
2017-10-19,0.2688,0.2688,0.2651,0.2651,0.1094,1433286
2017-10-20,0.2665,0.2674,0.2637,0.2637,0.1089,2461860
2017-10-23,0.2642,0.2665,0.2614,0.2619,0.1081,13055034
2017-10-24,0.2651,0.2651,0.2628,0.2637,0.1089,1681082
2017-10-25,0.2637,0.2637,0.2591,0.2628,0.1085,7678582
2017-10-26,0.2633,0.2647,0.2619,0.2628,0.1085,338215
2017-10-27,0.2628,0.2628,0.2591,0.2623,0.1083,567545
2017-10-30,0.2619,0.267,0.2596,0.267,0.1102,7919267
2017-10-31,0.2665,0.2665,0.2628,0.2647,0.1093,9536940
2017-11-01,0.266,0.267,0.2619,0.2628,0.1085,16765769
2017-11-02,0.2637,0.2665,0.2628,0.2628,0.1085,3363939
2017-11-03,0.266,0.266,0.2623,0.2656,0.1096,9984315
2017-11-06,0.2656,0.2684,0.2642,0.2674,0.1104,5767483
2017-11-07,0.2684,0.2739,0.2674,0.2725,0.1125,19512804
2017-11-08,0.2734,0.2734,0.2702,0.2716,0.1121,7416469
2017-11-09,0.2744,0.2758,0.2656,0.2679,0.1106,11040074
2017-11-10,0.2684,0.2702,0.266,0.2679,0.1106,12980756
2017-11-13,0.2684,0.2702,0.2656,0.2674,0.1104,7701601
2017-11-14,0.2684,0.2684,0.2656,0.2679,0.1106,6251664
2017-11-15,0.2679,0.2679,0.2651,0.2656,0.1096,3853687
2017-11-16,0.2656,0.2656,0.2637,0.2642,0.1091,1339765
2017-11-17,0.2651,0.267,0.2647,0.267,0.1102,259155
2017-11-20,0.267,0.2702,0.2665,0.2674,0.1104,2375834
2017-11-21,0.2684,0.2684,0.2665,0.2674,0.1104,812755
2017-11-22,0.2688,0.2688,0.2591,0.2619,0.1081,11269102
2017-11-23,0.2656,0.2674,0.2628,0.267,0.1102,4577293
2017-11-24,0.2674,0.2688,0.2656,0.2656,0.1096,29012915
2017-11-27,0.2674,0.2674,0.2623,0.2637,0.1089,3139015
2017-11-28,0.2656,0.267,0.2637,0.266,0.1098,3695495
2017-11-29,0.267,0.2679,0.2642,0.2656,0.1096,10815903
2017-11-30,0.2656,0.2656,0.2656,0.2656,0.1096,0
2017-12-01,0.2656,0.2656,0.2656,0.2656,0.1096,0
2017-12-04,0.2674,0.2684,0.2656,0.2674,0.1104,11131361
2017-12-05,0.2679,0.2684,0.2623,0.2623,0.1083,5169210
2017-12-06,0.2623,0.266,0.2623,0.2623,0.1083,11433391
2017-12-07,0.2633,0.2633,0.2582,0.2605,0.1075,14668379
2017-12-08,0.2614,0.2619,0.2605,0.2619,0.1081,106965
2017-12-11,0.2619,0.2619,0.2591,0.26,0.1073,3549235
2017-12-12,0.26,0.2619,0.2582,0.2591,0.107,13854209
2017-12-13,0.2591,0.26,0.254,0.26,0.1073,16764825
2017-12-14,0.26,0.2619,0.2573,0.2619,0.1081,4838778
2017-12-15,0.2623,0.2628,0.2591,0.2591,0.107,1287592
2017-12-18,0.2623,0.2623,0.2586,0.2591,0.107,1051906
2017-12-19,0.26,0.2619,0.2582,0.2619,0.1081,6907468
2017-12-20,0.261,0.2619,0.2596,0.26,0.1073,25253142
2017-12-21,0.26,0.2614,0.2591,0.2591,0.107,7349257
2017-12-22,0.2605,0.2614,0.2591,0.261,0.1077,3596474
2017-12-25,0.261,0.261,0.261,0.261,0.1077,0
2017-12-26,0.261,0.261,0.261,0.261,0.1077,0
2017-12-27,0.261,0.2614,0.26,0.2614,0.1079,2122085
2017-12-28,0.2614,0.2619,0.26,0.2619,0.1081,3057687
2017-12-29,0.261,0.2656,0.261,0.2647,0.1093,2232069
2018-01-01,0.2647,0.2647,0.2647,0.2647,0.1093,0
2018-01-02,0.2647,0.2647,0.2647,0.2647,0.1093,0
2018-01-03,0.2637,0.2716,0.2637,0.2711,0.1119,18540048
2018-01-04,0.2711,0.2785,0.2707,0.2776,0.1146,10386451
2018-01-05,0.2785,0.2822,0.2785,0.2804,0.1158,17312396
2018-01-08,0.2813,0.2813,0.2748,0.2785,0.115,6580269
2018-01-09,0.2776,0.2813,0.2776,0.2804,0.1158,5771105
2018-01-10,0.2804,0.2822,0.2804,0.2822,0.1165,10534478
2018-01-11,0.2827,0.2864,0.2822,0.2864,0.1182,7493062
2018-01-12,0.2864,0.2896,0.2813,0.2869,0.1184,10017030
2018-01-15,0.2859,0.2859,0.2827,0.2841,0.1173,3726217
2018-01-16,0.2827,0.285,0.2822,0.2841,0.1173,2744768
2018-01-17,0.2855,0.2906,0.2841,0.2906,0.12,2688307
2018-01-18,0.2906,0.2957,0.2901,0.2947,0.1217,4765880
2018-01-19,0.2957,0.2957,0.2887,0.2887,0.1192,4878882
2018-01-22,0.2883,0.291,0.2864,0.2901,0.1198,11271731
2018-01-23,0.291,0.2924,0.2855,0.2859,0.118,16591415
2018-01-24,0.2859,0.2859,0.2859,0.2859,0.118,0
2018-01-25,0.2883,0.2883,0.285,0.2869,0.1184,63496380
2018-01-26,0.2892,0.2906,0.2859,0.2859,0.118,3820974
2018-01-29,0.2906,0.2906,0.2859,0.2869,0.1184,6811871
2018-01-30,0.2869,0.2878,0.2836,0.2855,0.1179,3527274
2018-01-31,0.2869,0.2887,0.2836,0.2836,0.1171,16031599
2018-02-01,0.2859,0.2859,0.2827,0.2827,0.1167,2116889
2018-02-02,0.2859,0.2859,0.2781,0.279,0.1152,5733223
2018-02-05,0.2781,0.2799,0.2734,0.279,0.1152,6215279
2018-02-06,0.2739,0.2758,0.2633,0.273,0.1127,12289860
2018-02-07,0.2762,0.2771,0.2642,0.2684,0.1108,8036661
2018-02-08,0.2688,0.2721,0.2674,0.2707,0.1118,3988441
2018-02-09,0.2665,0.2697,0.2628,0.2684,0.1108,7051244
2018-02-12,0.2679,0.2725,0.2679,0.2725,0.1125,1298603
2018-02-13,0.273,0.2753,0.273,0.2753,0.1137,7633515
2018-02-14,0.2762,0.2767,0.2744,0.2762,0.114,1363206
2018-02-15,0.2758,0.2785,0.2758,0.2762,0.114,7742583
2018-02-16,0.2771,0.2859,0.2771,0.285,0.1177,5187988
2018-02-19,0.285,0.285,0.2785,0.285,0.1177,4067165
2018-02-20,0.2845,0.2855,0.2827,0.285,0.1177,10310631
2018-02-21,0.2869,0.2883,0.2818,0.2818,0.1163,4848809
2018-02-22,0.2841,0.285,0.2808,0.2808,0.1159,4465174
2018-02-23,0.2845,0.285,0.2827,0.285,0.1177,1328278
2018-02-26,0.2859,0.2887,0.2832,0.2836,0.1171,5134807
2018-02-27,0.2864,0.2864,0.2832,0.2841,0.1173,4205737
2018-02-28,0.2836,0.2869,0.2832,0.2869,0.1184,7707466
2018-03-01,0.2859,0.2859,0.2832,0.2836,0.1171,7949297
2018-03-02,0.2832,0.2832,0.2804,0.2827,0.1167,9809829
2018-03-05,0.2813,0.2832,0.2799,0.2827,0.1167,4417364
2018-03-06,0.2827,0.2827,0.2813,0.2827,0.1167,3365812
2018-03-07,0.2832,0.2832,0.2804,0.2808,0.1159,1121681
2018-03-08,0.2813,0.2832,0.2808,0.2832,0.1169,3042602
2018-03-09,0.2832,0.2845,0.2818,0.2845,0.1175,1019032
2018-03-12,0.285,0.2855,0.2822,0.285,0.1177,11789207
2018-03-13,0.2855,0.2864,0.2836,0.285,0.1177,11541460
2018-03-14,0.2859,0.2859,0.2832,0.2832,0.1169,6212597
2018-03-15,0.2827,0.2841,0.2822,0.2841,0.1173,923450
2018-03-16,0.285,0.2864,0.2827,0.2859,0.118,7287728
2018-03-19,0.2864,0.2938,0.285,0.2859,0.118,30817502
2018-03-20,0.2869,0.292,0.2869,0.2873,0.1186,9254612
2018-03-21,0.2887,0.2957,0.2873,0.2957,0.1221,29060308
2018-03-22,0.2952,0.2952,0.2869,0.2896,0.1196,35360935
2018-03-23,0.2864,0.2906,0.2841,0.2878,0.1188,29184562
2018-03-26,0.2906,0.2906,0.2864,0.2892,0.1194,12098590
2018-03-27,0.2892,0.2952,0.2892,0.2952,0.1219,12702092
2018-03-28,0.2933,0.2961,0.2896,0.2947,0.1217,8010194
2018-03-29,0.2943,0.2961,0.2933,0.2933,0.1211,28664765
2018-03-30,0.2947,0.2952,0.2929,0.2943,0.1215,475158
2018-04-02,0.2924,0.2975,0.2924,0.2975,0.1228,1813674
2018-04-03,0.2961,0.2975,0.2952,0.2975,0.1228,20604367
2018-04-04,0.2961,0.3017,0.2952,0.3017,0.1246,7928514
2018-04-05,0.3021,0.3072,0.3021,0.3068,0.1267,24368752
2018-04-06,0.3068,0.3068,0.3068,0.3068,0.1267,0
2018-04-09,0.3068,0.3068,0.3068,0.3068,0.1267,0
2018-04-10,0.3072,0.3091,0.3054,0.3081,0.1272,25470300
2018-04-11,0.3086,0.3155,0.3081,0.3151,0.1301,24993194
2018-04-12,0.3155,0.3234,0.3155,0.3211,0.1326,20574558
2018-04-13,0.323,0.3234,0.3095,0.3105,0.1282,3636777
2018-04-16,0.3137,0.3188,0.3128,0.3146,0.1299,11410065
2018-04-17,0.3155,0.3169,0.3132,0.3146,0.1299,4955638
2018-04-18,0.3146,0.3202,0.3137,0.3197,0.132,3297892
2018-04-19,0.3202,0.3234,0.3183,0.3234,0.1335,6341869
2018-04-20,0.3202,0.3267,0.3202,0.3257,0.1345,20265144
2018-04-23,0.3267,0.3285,0.3239,0.328,0.1354,15808241
2018-04-24,0.329,0.3322,0.329,0.3317,0.1369,16445945
2018-04-25,0.3304,0.3308,0.3276,0.3285,0.1356,21902611
2018-04-26,0.3308,0.3308,0.3211,0.3239,0.1337,3155736
2018-04-27,0.3239,0.3262,0.3155,0.3211,0.1326,13843819
2018-04-30,0.3216,0.3216,0.3165,0.3169,0.1308,2846610
2018-05-01,0.3169,0.3169,0.3169,0.3169,0.1308,0
2018-05-02,0.3169,0.3234,0.3165,0.3234,0.1335,3040983
2018-05-03,0.3257,0.3271,0.323,0.3239,0.1337,2888162
2018-05-04,0.3234,0.3262,0.3225,0.3225,0.1331,713941
2018-05-07,0.3262,0.3308,0.3239,0.3299,0.1362,32363321
2018-05-08,0.3304,0.3322,0.3294,0.3299,0.1362,11169257
2018-05-09,0.3308,0.3322,0.3294,0.3317,0.1369,32157135
2018-05-10,0.3317,0.3401,0.3317,0.3378,0.1395,10773706
2018-05-11,0.3396,0.3452,0.3364,0.3378,0.1395,7735314
2018-05-14,0.3401,0.3401,0.3359,0.3378,0.1395,289655
2018-05-15,0.3391,0.3391,0.3313,0.3378,0.1395,5428188
2018-05-16,0.3391,0.3391,0.3253,0.3253,0.1343,8211341
2018-05-17,0.3276,0.3322,0.3211,0.323,0.1333,13714749
2018-05-18,0.3248,0.3248,0.3151,0.3188,0.1316,7965957
2018-05-21,0.316,0.3188,0.3109,0.3137,0.1295,17740180
2018-05-22,0.3165,0.3183,0.3146,0.3174,0.131,12372902
2018-05-23,0.3192,0.3192,0.3128,0.3151,0.1301,5345362
2018-05-24,0.2961,0.2994,0.2915,0.297,0.1309,5951130
2018-05-25,0.297,0.2984,0.291,0.291,0.1283,2916203
2018-05-28,0.291,0.291,0.291,0.291,0.1283,0
2018-05-29,0.2957,0.2957,0.2836,0.2869,0.1265,13883375
2018-05-30,0.2869,0.2869,0.2804,0.2822,0.1244,12607537
2018-05-31,0.2864,0.2864,0.2795,0.2832,0.1248,7923786
2018-06-01,0.2832,0.2832,0.2832,0.2832,0.1248,0
2018-06-04,0.2869,0.2906,0.2822,0.2869,0.1265,4439849
2018-06-05,0.2869,0.3035,0.2869,0.3003,0.1324,7094657
2018-06-06,0.3003,0.3031,0.298,0.3031,0.1336,1182360
2018-06-07,0.3031,0.3031,0.2984,0.2989,0.1318,5164074
2018-06-08,0.3012,0.3035,0.2994,0.3035,0.1338,1598226
2018-06-11,0.304,0.304,0.2994,0.3007,0.1326,4039205
2018-06-12,0.3031,0.3035,0.2984,0.3017,0.133,2368946
2018-06-13,0.3035,0.3035,0.2984,0.3007,0.1326,3049491
2018-06-14,0.298,0.3007,0.2887,0.2906,0.1281,3252242
2018-06-15,0.2915,0.2975,0.2915,0.2943,0.1297,1370018
2018-06-18,0.2961,0.2961,0.2887,0.2938,0.1295,2870607
2018-06-19,0.2869,0.291,0.2869,0.2896,0.1277,6857397
2018-06-20,0.285,0.2952,0.285,0.2952,0.1301,2055703
2018-06-21,0.2957,0.2957,0.2906,0.2933,0.1293,16134299
2018-06-22,0.2961,0.2961,0.2887,0.2915,0.1285,1717907
2018-06-25,0.2938,0.2938,0.2804,0.2832,0.1248,6879480
2018-06-26,0.2841,0.2859,0.2836,0.2841,0.1252,7845398
2018-06-27,0.2859,0.2887,0.2767,0.2859,0.126,21371865
2018-06-28,0.285,0.2896,0.2804,0.2896,0.1277,8412051
2018-06-29,0.2915,0.298,0.2887,0.2966,0.1307,20450696
2018-07-02,0.2966,0.2994,0.2961,0.2984,0.1315,4652084
2018-07-03,0.2984,0.3081,0.2984,0.3007,0.1326,19255166
2018-07-04,0.3049,0.3054,0.3017,0.3031,0.1336,9615492
2018-07-05,0.3035,0.3049,0.2998,0.2998,0.1322,3491502
2018-07-06,0.2998,0.3026,0.2998,0.3026,0.1334,4951916
2018-07-09,0.3049,0.3049,0.3012,0.3044,0.1342,1577650
2018-07-10,0.3007,0.304,0.3007,0.304,0.134,8003633
2018-07-11,0.304,0.3054,0.2966,0.2966,0.1307,12577374
2018-07-12,0.298,0.3012,0.2966,0.2984,0.1315,3758605
2018-07-13,0.3012,0.3012,0.298,0.3007,0.1326,264034
2018-07-16,0.2998,0.3007,0.2989,0.2998,0.1322,7416869
2018-07-17,0.3007,0.3021,0.2998,0.2998,0.1322,9074078
2018-07-18,0.3007,0.3007,0.2989,0.2989,0.1318,494052
2018-07-19,0.2961,0.2961,0.2822,0.285,0.1256,19874840
2018-07-20,0.2845,0.2961,0.2808,0.2915,0.1285,21023630
2018-07-23,0.2943,0.2961,0.2943,0.2943,0.1297,336600
2018-07-24,0.2961,0.298,0.2938,0.298,0.1314,3238620
2018-07-25,0.298,0.298,0.2947,0.2952,0.1301,184651
2018-07-26,0.2952,0.2989,0.2952,0.2961,0.1305,3850579
2018-07-27,0.2952,0.2998,0.2952,0.2984,0.1315,1532278
2018-07-30,0.2998,0.3035,0.2998,0.3012,0.1328,5202891
2018-07-31,0.3017,0.3017,0.2943,0.2943,0.1297,1067944
2018-08-01,0.3007,0.3007,0.2943,0.297,0.1309,968369
2018-08-02,0.2957,0.2957,0.291,0.2943,0.1297,3536395
2018-08-03,0.2943,0.2994,0.2924,0.2994,0.132,3293684
2018-08-06,0.2998,0.3044,0.2989,0.3044,0.1342,3553851
2018-08-07,0.3026,0.3044,0.3007,0.3035,0.1338,3054266
2018-08-08,0.3035,0.3072,0.3017,0.3072,0.1354,15387433
2018-08-09,0.3072,0.3109,0.3063,0.3072,0.1354,20433380
2018-08-10,0.3054,0.3054,0.3007,0.3031,0.1336,6719746
2018-08-13,0.3031,0.304,0.2952,0.297,0.1309,19887430
2018-08-14,0.297,0.3017,0.2943,0.2943,0.1297,29544462
2018-08-15,0.2943,0.2943,0.2943,0.2943,0.1297,0
2018-08-16,0.2961,0.2989,0.2943,0.297,0.1309,18583785
2018-08-17,0.3003,0.3017,0.3003,0.3007,0.1326,16409411
2018-08-20,0.3017,0.3063,0.3012,0.3049,0.1344,4532723
2018-08-21,0.3049,0.3077,0.3044,0.3044,0.1342,39769513
2018-08-22,0.3063,0.3063,0.3021,0.3044,0.1342,3423693
2018-08-23,0.3026,0.3054,0.3021,0.3054,0.1346,1122299
2018-08-24,0.3054,0.3063,0.3031,0.3063,0.135,1819070
2018-08-27,0.3035,0.3063,0.3035,0.3054,0.1346,6713982
2018-08-28,0.3054,0.3128,0.3054,0.3128,0.1379,19037107
2018-08-29,0.3128,0.3142,0.3091,0.3118,0.1374,4020589
2018-08-30,0.31,0.3132,0.3081,0.3118,0.1374,3042898
2018-08-31,0.3109,0.3109,0.3035,0.3035,0.1338,15915089
2018-09-03,0.3105,0.3105,0.3035,0.3068,0.1352,6482613
2018-09-04,0.3081,0.3091,0.304,0.3081,0.1358,2376724
2018-09-05,0.3081,0.3095,0.3054,0.3081,0.1358,7159893
2018-09-06,0.3095,0.3114,0.3081,0.31,0.1367,11835614
2018-09-07,0.3109,0.3118,0.3081,0.3095,0.1364,6476915
2018-09-10,0.3091,0.3128,0.3077,0.3128,0.1379,3015828
2018-09-11,0.31,0.3123,0.3081,0.3095,0.1364,20178120
2018-09-12,0.3091,0.3118,0.3077,0.3114,0.1373,2320343
2018-09-13,0.3114,0.3114,0.3081,0.3114,0.1373,68667795
2018-09-14,0.3109,0.3118,0.3091,0.3091,0.1363,16119902
2018-09-17,0.3091,0.3123,0.3081,0.3118,0.1374,21039206
2018-09-18,0.3109,0.3192,0.3109,0.3192,0.1407,14169208
2018-09-19,0.3151,0.3239,0.3146,0.3211,0.1415,8251610
2018-09-20,0.3211,0.3341,0.3211,0.3331,0.1468,42292244
2018-09-21,0.3331,0.3438,0.3313,0.3424,0.1509,81866768
2018-09-24,0.3424,0.3442,0.3368,0.3378,0.1489,11287594
2018-09-25,0.3401,0.3401,0.3322,0.3336,0.1471,9461159
2018-09-26,0.3336,0.3345,0.3317,0.3322,0.1464,10920503
2018-09-27,0.3345,0.3354,0.3313,0.3354,0.1478,9348617
2018-09-28,0.335,0.3364,0.3341,0.3354,0.1478,3648461
2018-10-01,0.3364,0.3364,0.3336,0.3354,0.1478,6149255
2018-10-02,0.3364,0.3419,0.3354,0.3415,0.1505,20761460
2018-10-03,0.3401,0.3424,0.3401,0.3419,0.1507,14667409
2018-10-04,0.3415,0.3428,0.3405,0.3428,0.1511,5646905
2018-10-05,0.3433,0.3558,0.3433,0.3493,0.154,15734747
2018-10-08,0.3516,0.3516,0.3479,0.3493,0.154,569479
2018-10-09,0.3479,0.3526,0.3479,0.3526,0.1554,2718426
2018-10-10,0.353,0.3549,0.3516,0.3526,0.1554,2345581
2018-10-11,0.3428,0.3493,0.3419,0.3489,0.1538,16003114
2018-10-12,0.347,0.3503,0.3428,0.3498,0.1542,12364170
2018-10-15,0.3516,0.3567,0.347,0.3544,0.1562,10965718
2018-10-16,0.3544,0.366,0.3544,0.3623,0.1597,11599546
2018-10-17,0.3623,0.3655,0.3614,0.3637,0.1603,22556792
2018-10-18,0.3655,0.3655,0.3609,0.3637,0.1603,41208797
2018-10-19,0.3618,0.366,0.3609,0.3655,0.1611,40512962
2018-10-22,0.3655,0.3655,0.3618,0.3641,0.1605,19713852
2018-10-23,0.3646,0.3655,0.3623,0.3655,0.1611,20043382
2018-10-24,0.3618,0.3646,0.3618,0.3618,0.1595,23387503
2018-10-25,0.3609,0.3609,0.3479,0.3479,0.1534,30300864
2018-10-26,0.3484,0.3512,0.3415,0.3415,0.1505,4774823
2018-10-29,0.3438,0.353,0.3424,0.353,0.1556,14512266
2018-10-30,0.3516,0.3572,0.3512,0.3516,0.155,3824453
2018-10-31,0.3604,0.3641,0.3563,0.3604,0.1589,27961647
2018-11-01,0.3604,0.3627,0.3563,0.3623,0.1597,3160747
2018-11-02,0.3623,0.3627,0.3581,0.36,0.1587,4181450
2018-11-05,0.359,0.3637,0.359,0.3609,0.1591,9789555
2018-11-06,0.3618,0.3637,0.3609,0.3637,0.1603,16343055
2018-11-07,0.3637,0.366,0.3632,0.366,0.1613,11600899
2018-11-08,0.366,0.366,0.3609,0.3609,0.1591,3265032
2018-11-09,0.3614,0.3641,0.3586,0.3609,0.1591,152681744
2018-11-12,0.3646,0.3646,0.3572,0.3609,0.1591,1672851
2018-11-13,0.3586,0.3586,0.3544,0.3572,0.1575,2698064
2018-11-14,0.3516,0.3516,0.3415,0.3424,0.1509,4196340
2018-11-15,0.3424,0.3516,0.3419,0.3475,0.1532,2727052
2018-11-16,0.3516,0.3526,0.3452,0.3516,0.155,997067
2018-11-19,0.3516,0.353,0.347,0.3498,0.1542,4977530
2018-11-20,0.3493,0.3507,0.3424,0.3424,0.1509,3274882
2018-11-21,0.3405,0.3405,0.335,0.3387,0.1493,14073236
2018-11-22,0.3378,0.3391,0.3354,0.3373,0.1487,13896142
2018-11-23,0.3378,0.3415,0.3331,0.3415,0.1505,38049409
2018-11-26,0.3405,0.3405,0.3331,0.3341,0.1473,6252775
2018-11-27,0.3359,0.3405,0.335,0.3391,0.1495,23702143
2018-11-28,0.3405,0.3419,0.3391,0.3396,0.1497,3593998
2018-11-29,0.3396,0.3438,0.3378,0.3438,0.1516,12718694
2018-11-30,0.3438,0.3438,0.3438,0.3438,0.1516,0
2018-12-03,0.3479,0.3498,0.3456,0.3461,0.1526,8538472
2018-12-04,0.3465,0.3489,0.3442,0.3489,0.1538,3216863
2018-12-05,0.3442,0.347,0.3424,0.3461,0.1526,686787
2018-12-06,0.3433,0.3461,0.3345,0.3345,0.1475,2219715
2018-12-07,0.3359,0.341,0.335,0.3387,0.1493,5743714
2018-12-10,0.3387,0.3387,0.3341,0.3341,0.1473,11639965
2018-12-11,0.335,0.3354,0.3322,0.3322,0.1464,5313284
2018-12-12,0.3345,0.3345,0.3308,0.3308,0.1458,18196440
2018-12-13,0.3331,0.3331,0.3313,0.3313,0.146,12085746
2018-12-14,0.3313,0.3322,0.3313,0.3322,0.1464,452705
2018-12-17,0.3313,0.3313,0.3239,0.3248,0.1432,12712014
2018-12-18,0.3276,0.3276,0.3137,0.3211,0.1415,21871965
2018-12-19,0.3054,0.3081,0.2758,0.2795,0.1232,113747165
2018-12-20,0.2795,0.291,0.2739,0.2767,0.122,64366913
2018-12-21,0.2776,0.2776,0.2591,0.2591,0.1142,25118200
2018-12-24,0.2545,0.2892,0.2545,0.2864,0.1262,20998872
2018-12-25,0.2864,0.2864,0.2864,0.2864,0.1262,0
2018-12-26,0.2864,0.2864,0.2864,0.2864,0.1262,0
2018-12-27,0.2961,0.3007,0.2813,0.2813,0.124,3321315
2018-12-28,0.2864,0.2864,0.2748,0.2795,0.1232,20123690
2018-12-31,0.2822,0.2822,0.2762,0.2767,0.122,1750694
2019-01-01,0.2767,0.2767,0.2767,0.2767,0.122,0
2019-01-02,0.2767,0.2767,0.2767,0.2767,0.122,0
2019-01-03,0.2776,0.279,0.2771,0.2771,0.1221,2116929
2019-01-04,0.2795,0.2901,0.2776,0.2896,0.1277,15088227
2019-01-07,0.2896,0.2896,0.2896,0.2896,0.1277,0
2019-01-08,0.2915,0.2924,0.279,0.279,0.123,3699244
2019-01-09,0.2841,0.2841,0.2771,0.2771,0.1221,38922786
2019-01-10,0.2795,0.2795,0.2771,0.2771,0.1221,23883784
2019-01-11,0.2808,0.2808,0.2693,0.2693,0.1187,4391071
2019-01-14,0.2702,0.2707,0.2596,0.261,0.1151,5414944
2019-01-15,0.2637,0.2864,0.2596,0.2864,0.1262,12659020
2019-01-16,0.2845,0.2878,0.2799,0.2813,0.124,6701849
2019-01-17,0.2855,0.2869,0.2822,0.2864,0.1262,1122376
2019-01-18,0.2873,0.2924,0.2864,0.2915,0.1285,4181135
2019-01-21,0.292,0.292,0.285,0.2869,0.1265,1689030
2019-01-22,0.285,0.2915,0.2827,0.2915,0.1285,4614247
2019-01-23,0.2915,0.2952,0.2906,0.2933,0.1293,4557239
2019-01-24,0.2933,0.2933,0.2933,0.2933,0.1293,0
2019-01-25,0.2924,0.297,0.2869,0.297,0.1309,8406165
2019-01-28,0.2915,0.298,0.2915,0.2975,0.1311,1739039
2019-01-29,0.297,0.297,0.2892,0.2943,0.1297,4659900
2019-01-30,0.297,0.3044,0.2943,0.304,0.134,18053393
2019-01-31,0.3035,0.3095,0.2966,0.298,0.1314,22028949
2019-02-01,0.2961,0.3054,0.2961,0.3054,0.1346,729342
2019-02-04,0.3035,0.3109,0.3003,0.3091,0.1363,29479468
2019-02-05,0.3109,0.3142,0.31,0.3123,0.1377,1753476
2019-02-06,0.323,0.323,0.3142,0.3146,0.1387,11138986
2019-02-07,0.3174,0.3192,0.3142,0.3155,0.1391,9440998
2019-02-08,0.3165,0.3165,0.3128,0.3132,0.1381,39066939
2019-02-11,0.3137,0.3146,0.3035,0.304,0.134,2104426
2019-02-12,0.3054,0.3188,0.3054,0.3188,0.1405,2079185
2019-02-13,0.3188,0.3257,0.3146,0.3239,0.1428,19803622
2019-02-14,0.3267,0.3267,0.3192,0.3225,0.1422,884087
2019-02-15,0.3225,0.3234,0.3192,0.3211,0.1415,23939201
2019-02-18,0.322,0.3239,0.3216,0.323,0.1424,4965503
2019-02-19,0.323,0.3248,0.3211,0.3211,0.1415,5043296
2019-02-20,0.3211,0.323,0.3169,0.3192,0.1407,15036168
2019-02-21,0.3192,0.3225,0.3174,0.3225,0.1422,15490204
2019-02-22,0.3225,0.3225,0.3174,0.3179,0.1401,1098194
2019-02-25,0.3211,0.3211,0.3165,0.3211,0.1415,296461
2019-02-26,0.3183,0.3192,0.3169,0.3192,0.1407,4203948
2019-02-27,0.3174,0.3183,0.3142,0.3142,0.1385,564518
2019-02-28,0.3174,0.3183,0.3146,0.3155,0.1391,3998120
2019-03-01,0.3151,0.3179,0.3146,0.3146,0.1387,6872893
2019-03-04,0.3183,0.3225,0.3142,0.3216,0.1418,2021653
2019-03-05,0.323,0.3294,0.323,0.3285,0.1448,9708878
2019-03-06,0.3243,0.3285,0.3234,0.3271,0.1442,1933315
2019-03-07,0.3267,0.3267,0.3239,0.3239,0.1428,7892478
2019-03-08,0.323,0.3234,0.3179,0.3179,0.1401,6038330
2019-03-11,0.3192,0.3239,0.3192,0.3234,0.1426,693765
2019-03-12,0.3234,0.3243,0.322,0.3239,0.1428,15657875
2019-03-13,0.323,0.323,0.3174,0.323,0.1424,4650681
2019-03-14,0.3234,0.3294,0.3234,0.3294,0.1452,2303517
2019-03-15,0.3294,0.3322,0.3262,0.3294,0.1452,9699113
2019-03-18,0.3304,0.3336,0.3285,0.3331,0.1468,14522390
2019-03-19,0.3336,0.3368,0.3327,0.3368,0.1485,12555619
2019-03-20,0.3368,0.3401,0.3368,0.3401,0.1499,4367890
2019-03-21,0.3401,0.341,0.3359,0.3401,0.1499,10237524
2019-03-22,0.3405,0.341,0.3331,0.3387,0.1493,1762231
2019-03-25,0.3345,0.3364,0.3239,0.3331,0.1468,742351
2019-03-26,0.3364,0.3378,0.3322,0.335,0.1477,3545414
2019-03-27,0.3345,0.3387,0.3331,0.3378,0.1489,4105474
2019-03-28,0.3378,0.3391,0.3262,0.3378,0.1489,3298327
2019-03-29,0.3391,0.341,0.329,0.3304,0.1456,14074347
2019-04-01,0.3387,0.3387,0.3331,0.3359,0.1481,3306309
2019-04-02,0.3378,0.3382,0.3331,0.335,0.1477,2834703
2019-04-03,0.3373,0.3373,0.3331,0.3341,0.1473,10757880
2019-04-04,0.3382,0.3382,0.3359,0.3359,0.1481,7463221
2019-04-05,0.3373,0.3373,0.3368,0.3368,0.1485,5559929
2019-04-08,0.3373,0.3373,0.3354,0.3364,0.1483,2458122
2019-04-09,0.3368,0.3396,0.3368,0.3396,0.1497,24004101
2019-04-10,0.3387,0.3405,0.3378,0.3391,0.1495,13076718
2019-04-11,0.3387,0.3415,0.3387,0.3405,0.1501,1919908
2019-04-12,0.3405,0.341,0.3387,0.3391,0.1495,5747160
2019-04-15,0.341,0.341,0.3401,0.3401,0.1499,372738
2019-04-16,0.3401,0.3401,0.3368,0.3387,0.1493,1755937
2019-04-17,0.3387,0.3387,0.3368,0.3382,0.1491,634679
2019-04-18,0.3391,0.341,0.3373,0.3387,0.1493,4172267
2019-04-19,0.3382,0.3401,0.3382,0.3396,0.1497,343370
2019-04-22,0.3405,0.3503,0.3405,0.3503,0.1544,3489232
2019-04-23,0.3438,0.3516,0.3438,0.3516,0.155,13745353
2019-04-24,0.3498,0.3521,0.3479,0.3512,0.1548,8290541
2019-04-25,0.3507,0.3549,0.3503,0.3516,0.155,3250341
2019-04-26,0.3516,0.3516,0.3516,0.3516,0.155,0
2019-04-29,0.3516,0.3516,0.3516,0.3516,0.155,0
2019-04-30,0.3516,0.3549,0.3516,0.354,0.156,3935887
2019-05-01,0.354,0.354,0.354,0.354,0.156,0
2019-05-02,0.3535,0.354,0.3498,0.3516,0.155,4810100
2019-05-03,0.3549,0.3553,0.3516,0.3516,0.155,7869440
2019-05-06,0.3535,0.3549,0.3535,0.3549,0.1564,7390917
2019-05-07,0.3544,0.3567,0.353,0.3567,0.1572,4666502
2019-05-08,0.3549,0.3553,0.354,0.3549,0.1564,8585063
2019-05-09,0.3553,0.3586,0.3544,0.3586,0.1581,2408115
2019-05-10,0.3563,0.3586,0.3549,0.3567,0.1572,9801854
2019-05-13,0.3567,0.3567,0.3424,0.3461,0.1526,12465994
2019-05-14,0.3461,0.3498,0.3447,0.3479,0.1534,9834720
2019-05-15,0.3507,0.3516,0.3489,0.3512,0.1548,21088492
2019-05-16,0.3526,0.353,0.3516,0.3526,0.1554,35477661
2019-05-17,0.3526,0.354,0.3516,0.3521,0.1552,2237193
2019-05-20,0.3526,0.3544,0.3516,0.3526,0.1554,10189599
2019-05-21,0.3516,0.353,0.3516,0.3516,0.155,6079252
2019-05-22,0.3313,0.3336,0.3267,0.3322,0.1586,15179156
2019-05-23,0.3336,0.3336,0.3322,0.3322,0.1586,5442748
2019-05-24,0.3331,0.3419,0.3308,0.3405,0.1626,11152177
2019-05-27,0.341,0.3428,0.3396,0.3415,0.1631,16283873
2019-05-28,0.3433,0.3604,0.3433,0.3604,0.1721,25945298
2019-05-29,0.3563,0.3572,0.3516,0.3563,0.1701,8545375
2019-05-30,0.354,0.3558,0.3498,0.3498,0.167,3919872
2019-05-31,0.3516,0.3558,0.3475,0.3558,0.1699,21457048
2019-06-03,0.3553,0.3553,0.3479,0.3535,0.1688,6169001
2019-06-04,0.3503,0.354,0.3498,0.3535,0.1688,5246152
2019-06-05,0.3544,0.3577,0.3535,0.3563,0.1701,4934381
2019-06-06,0.3577,0.3609,0.3572,0.3609,0.1723,34680430
2019-06-07,0.3609,0.3632,0.3581,0.3632,0.1734,5085459
2019-06-10,0.3632,0.3632,0.3627,0.3632,0.1734,5508905
2019-06-11,0.3632,0.3655,0.3632,0.3655,0.1745,31532101
2019-06-12,0.3646,0.3674,0.3637,0.3646,0.1741,26645829
2019-06-13,0.3646,0.3646,0.3489,0.3489,0.1666,11087055
2019-06-14,0.3516,0.3572,0.3516,0.3553,0.1696,1912193
2019-06-17,0.3553,0.3553,0.3553,0.3553,0.1696,0
2019-06-18,0.3553,0.3618,0.3553,0.3618,0.1728,2586681
2019-06-19,0.3627,0.3664,0.3627,0.3655,0.1745,81575541
2019-06-20,0.3664,0.3674,0.3655,0.366,0.1748,6064247
2019-06-21,0.3664,0.3683,0.366,0.3664,0.1749,37677504
2019-06-24,0.3664,0.3688,0.3558,0.3558,0.1699,2615797
2019-06-25,0.3563,0.3586,0.3498,0.3563,0.1701,20944653
2019-06-26,0.3563,0.359,0.3553,0.3563,0.1701,2491191
2019-06-27,0.3595,0.3637,0.3563,0.3618,0.1728,14574145
2019-06-28,0.3632,0.3669,0.3627,0.3655,0.1745,2068865
2019-07-01,0.3651,0.3664,0.3646,0.3664,0.1749,7536593
2019-07-02,0.3664,0.3664,0.3618,0.3618,0.1728,61533620
2019-07-03,0.3618,0.366,0.3618,0.3655,0.1745,75204574
2019-07-04,0.366,0.366,0.3641,0.3655,0.1745,1009701
2019-07-05,0.3655,0.3674,0.3651,0.3669,0.1752,2265475
2019-07-08,0.3655,0.3664,0.3646,0.3655,0.1745,941804
2019-07-09,0.3655,0.3655,0.3609,0.3646,0.1741,6504683
2019-07-10,0.3641,0.3641,0.3563,0.3563,0.1701,1091919
2019-07-11,0.3609,0.3641,0.3581,0.3641,0.1738,17714684
2019-07-12,0.3646,0.3933,0.3641,0.3766,0.1798,12204373
2019-07-15,0.3748,0.3887,0.3748,0.3868,0.1847,3572441
2019-07-16,0.3854,0.3873,0.3794,0.3794,0.1812,8592587
2019-07-17,0.3836,0.384,0.3803,0.3803,0.1816,7871871
2019-07-18,0.3803,0.3803,0.378,0.3789,0.1809,7393444
2019-07-19,0.3794,0.3812,0.3757,0.3775,0.1802,14318431
2019-07-22,0.3775,0.3775,0.3743,0.3771,0.1801,1318907
2019-07-23,0.3766,0.3785,0.3752,0.3785,0.1807,97003
2019-07-24,0.3757,0.3757,0.359,0.359,0.1714,86482156
2019-07-25,0.3618,0.3651,0.359,0.3646,0.1741,47175158
2019-07-26,0.3651,0.3651,0.3572,0.3627,0.1732,2863785
2019-07-29,0.3627,0.3655,0.3627,0.3646,0.1741,4646478
2019-07-30,0.3646,0.3655,0.3646,0.3646,0.1741,6630745
2019-07-31,0.3674,0.3859,0.3674,0.3859,0.1843,19129218
2019-08-01,0.384,0.384,0.3706,0.3729,0.1781,9574575
2019-08-02,0.3743,0.3743,0.3688,0.3711,0.1772,12956980
2019-08-05,0.3729,0.3729,0.3669,0.3669,0.1752,2722190
2019-08-06,0.3688,0.3697,0.3664,0.3683,0.1759,1105323
2019-08-07,0.3706,0.3734,0.3688,0.3692,0.1763,1358643
2019-08-08,0.3688,0.3738,0.3688,0.3734,0.1783,7099887
2019-08-09,0.3734,0.3748,0.3701,0.3748,0.179,2513668
2019-08-12,0.3748,0.3748,0.3701,0.3738,0.1785,2489219
2019-08-13,0.3738,0.3752,0.3729,0.3748,0.179,68627
2019-08-14,0.3748,0.3775,0.3748,0.3748,0.179,1935387
2019-08-15,0.3748,0.3748,0.3748,0.3748,0.179,0
2019-08-16,0.3729,0.3734,0.3701,0.3715,0.1774,2704754
2019-08-19,0.372,0.372,0.3706,0.372,0.1776,546777
2019-08-20,0.3725,0.3738,0.372,0.3725,0.1779,553978
2019-08-21,0.3738,0.3771,0.3725,0.3771,0.1801,408507
2019-08-22,0.3771,0.3803,0.3771,0.3794,0.1812,4323252
2019-08-23,0.3794,0.3799,0.3757,0.3757,0.1794,778424
2019-08-26,0.3748,0.3748,0.3701,0.3715,0.1774,1492569
2019-08-27,0.3748,0.3836,0.3711,0.3836,0.1832,7715332
2019-08-28,0.3836,0.3873,0.3794,0.3826,0.1827,2054154
2019-08-29,0.3822,0.3822,0.3789,0.3803,0.1816,2303661
2019-08-30,0.3794,0.3822,0.3794,0.3822,0.1825,2866222
2019-09-02,0.3822,0.3826,0.3794,0.3822,0.1825,1430294
2019-09-03,0.3826,0.3845,0.3822,0.3845,0.1836,1625538
2019-09-04,0.3845,0.3845,0.3822,0.384,0.1834,2389655
2019-09-05,0.3845,0.3854,0.3845,0.385,0.1838,888192
2019-09-06,0.385,0.385,0.3822,0.3826,0.1827,2226382
2019-09-09,0.385,0.385,0.3817,0.3831,0.1829,216590
2019-09-10,0.3845,0.3854,0.3822,0.3831,0.1829,1810102
2019-09-11,0.3826,0.384,0.3789,0.3794,0.1812,7754443
2019-09-12,0.3794,0.3812,0.3766,0.3766,0.1798,8342473
2019-09-13,0.3771,0.3808,0.3766,0.3794,0.1812,434223
2019-09-16,0.3854,0.3877,0.3836,0.3836,0.1832,11197450
2019-09-17,0.3868,0.3868,0.3822,0.3822,0.1825,8642265
2019-09-18,0.3826,0.3854,0.3817,0.3831,0.1829,1784661
2019-09-19,0.385,0.3863,0.3822,0.3826,0.1827,3747896
2019-09-20,0.384,0.3873,0.3826,0.3868,0.1847,12662791
2019-09-23,0.3873,0.3882,0.3854,0.3854,0.184,8270922
2019-09-24,0.3877,0.3887,0.3859,0.3877,0.1851,6932196
2019-09-25,0.3877,0.3882,0.3873,0.3882,0.1854,2386700
2019-09-26,0.3887,0.39,0.3882,0.39,0.1862,4204017
2019-09-27,0.39,0.3933,0.39,0.3905,0.1865,6144337
2019-09-30,0.3877,0.3924,0.3877,0.391,0.1867,1204247
2019-10-01,0.3905,0.391,0.3877,0.3882,0.1854,738281
2019-10-02,0.3877,0.3877,0.3803,0.3803,0.1816,3884884
2019-10-03,0.3803,0.3803,0.3757,0.3757,0.1794,1395289
2019-10-04,0.3785,0.3826,0.3785,0.3789,0.1809,481590
2019-10-07,0.3794,0.3859,0.3789,0.3859,0.1843,2220285
2019-10-08,0.3854,0.3854,0.3826,0.384,0.1834,300903
2019-10-09,0.384,0.3845,0.3822,0.384,0.1834,2030681
2019-10-10,0.384,0.39,0.3799,0.384,0.1834,3182209
2019-10-11,0.3873,0.3873,0.3845,0.3845,0.1836,106590
2019-10-14,0.3845,0.3887,0.3826,0.3845,0.1836,164964
2019-10-15,0.3882,0.3896,0.384,0.3887,0.1856,3135143
2019-10-16,0.3891,0.3891,0.3859,0.3863,0.1844,15141367
2019-10-17,0.3873,0.3891,0.3863,0.3873,0.1849,354232
2019-10-18,0.3887,0.3896,0.3822,0.3822,0.1825,2396386
2019-10-21,0.3887,0.3891,0.385,0.3859,0.1843,3760781
2019-10-22,0.3868,0.3951,0.3868,0.3951,0.1887,2513039
2019-10-23,0.3951,0.3951,0.3919,0.3947,0.1885,755164
2019-10-24,0.3947,0.3951,0.3933,0.3951,0.1887,1289411
2019-10-25,0.3956,0.3974,0.3956,0.397,0.1896,11428969
2019-10-28,0.397,0.3988,0.3951,0.3979,0.19,2031099
2019-10-29,0.3993,0.4044,0.3988,0.4044,0.1931,3818537
2019-10-30,0.3905,0.3974,0.3887,0.3961,0.1891,2601952
2019-10-31,0.3961,0.3961,0.3896,0.3896,0.186,2505540
2019-11-01,0.3961,0.3961,0.391,0.3928,0.1876,97645
2019-11-04,0.3933,0.397,0.3891,0.397,0.1896,1125718
2019-11-05,0.3974,0.3998,0.3956,0.3998,0.1909,1643414
2019-11-06,0.4002,0.4007,0.3979,0.3998,0.1909,1542932
2019-11-07,0.3988,0.4016,0.3979,0.3998,0.1909,6330434
2019-11-08,0.4016,0.4016,0.4002,0.4007,0.1913,960628
2019-11-11,0.4007,0.4021,0.3993,0.4011,0.1915,1366655
2019-11-12,0.3979,0.4016,0.3979,0.4016,0.1918,1509925
2019-11-13,0.4002,0.4007,0.3988,0.3998,0.1909,1360089
2019-11-14,0.4007,0.4007,0.3993,0.3993,0.1907,881306
2019-11-15,0.3993,0.4011,0.3979,0.3984,0.1902,942719
2019-11-18,0.3979,0.4007,0.3979,0.3998,0.1909,2326492
2019-11-19,0.3998,0.4007,0.3984,0.4002,0.1911,7174283
2019-11-20,0.3998,0.4062,0.3993,0.4035,0.1927,184317153
2019-11-21,0.4053,0.4053,0.4016,0.4035,0.1927,2826922
2019-11-22,0.4035,0.4053,0.4025,0.4035,0.1927,2009356
2019-11-25,0.4039,0.4062,0.403,0.4035,0.1927,1202169
2019-11-26,0.4044,0.4118,0.4035,0.4044,0.1931,64964896
2019-11-27,0.409,0.409,0.4048,0.4072,0.1944,4237049
2019-11-28,0.409,0.4095,0.4072,0.4095,0.1955,1344980
2019-11-29,0.4085,0.4095,0.4072,0.4085,0.195,1091574
2019-12-02,0.4099,0.4099,0.4062,0.4076,0.1946,15136257
2019-12-03,0.4081,0.4085,0.4067,0.4072,0.1944,2771434
2019-12-04,0.4067,0.4099,0.4067,0.4095,0.1955,7063193
2019-12-05,0.4095,0.4095,0.4072,0.4072,0.1944,3956728
2019-12-06,0.4095,0.4095,0.4072,0.4085,0.195,6882191
2019-12-09,0.4085,0.4095,0.4067,0.4072,0.1944,757685
2019-12-10,0.4072,0.4081,0.4044,0.4058,0.1938,13394751
2019-12-11,0.4058,0.4076,0.4053,0.4053,0.1935,15233328
2019-12-12,0.4062,0.4062,0.4035,0.4035,0.1927,17124680
2019-12-13,0.4062,0.409,0.4039,0.409,0.1953,623382
2019-12-16,0.409,0.4095,0.4072,0.4095,0.1955,1872787
2019-12-17,0.4095,0.4095,0.4072,0.409,0.1953,1658534
2019-12-18,0.4095,0.4095,0.4058,0.409,0.1953,17341320
2019-12-19,0.409,0.409,0.4072,0.4085,0.195,14761379
2019-12-20,0.4085,0.409,0.4072,0.4076,0.1946,4944076
2019-12-23,0.4076,0.4085,0.4062,0.4072,0.1944,5664713
2019-12-24,0.4072,0.4072,0.4072,0.4072,0.1944,0
2019-12-25,0.4072,0.4072,0.4072,0.4072,0.1944,0
2019-12-26,0.4072,0.4072,0.4072,0.4072,0.1944,0
2019-12-27,0.4072,0.4136,0.4072,0.4136,0.1975,2382231
2019-12-30,0.4141,0.4155,0.4122,0.4136,0.1975,1194300
2019-12-31,0.4136,0.4136,0.4136,0.4136,0.1975,0
2020-01-01,0.4136,0.4136,0.4136,0.4136,0.1975,0
2020-01-02,0.4136,0.4136,0.4136,0.4136,0.1975,0
2020-01-03,0.4155,0.4164,0.4136,0.4136,0.1975,1878594
2020-01-06,0.4164,0.4164,0.4136,0.4155,0.1984,11321726
2020-01-07,0.4146,0.421,0.4141,0.4164,0.1988,3362149
2020-01-08,0.4173,0.421,0.4136,0.4155,0.1984,4512826
2020-01-09,0.4155,0.4164,0.4136,0.4164,0.1988,12162144
2020-01-10,0.4146,0.4164,0.4146,0.4146,0.198,9248299
2020-01-13,0.4141,0.4164,0.4127,0.4146,0.198,2047101
2020-01-14,0.4146,0.4146,0.4136,0.4146,0.198,1927003
2020-01-15,0.416,0.416,0.4136,0.4141,0.1977,943493
2020-01-16,0.4141,0.4141,0.409,0.4109,0.1962,2768336
2020-01-17,0.4118,0.4141,0.4099,0.4118,0.1966,1369730
2020-01-20,0.4118,0.4146,0.4095,0.4146,0.198,2584330
2020-01-21,0.4146,0.4146,0.409,0.4127,0.1971,55564484
2020-01-22,0.4146,0.416,0.4136,0.4136,0.1975,2280324
2020-01-23,0.4136,0.416,0.4127,0.4155,0.1984,14610617
2020-01-24,0.4155,0.4155,0.4155,0.4155,0.1984,0
2020-01-27,0.4155,0.4155,0.4021,0.4025,0.1922,5213667
2020-01-28,0.4053,0.4053,0.3947,0.3974,0.1897,3977491
2020-01-29,0.3979,0.4025,0.3965,0.3965,0.1893,1140255
2020-01-30,0.4039,0.4039,0.3863,0.3863,0.1844,5234427
2020-01-31,0.3859,0.3919,0.3859,0.3887,0.1856,12488263
2020-02-03,0.3914,0.3914,0.3859,0.3873,0.1849,12914826
2020-02-04,0.3887,0.3905,0.3859,0.3887,0.1856,3177468
2020-02-05,0.3887,0.3933,0.385,0.3919,0.1871,10318886
2020-02-06,0.3887,0.4025,0.3863,0.3979,0.19,12698196
2020-02-07,0.3979,0.4016,0.3887,0.39,0.1862,16870036
2020-02-10,0.3979,0.4007,0.3896,0.39,0.1862,2826464
2020-02-11,0.3924,0.3937,0.3882,0.3887,0.1856,1101723
2020-02-12,0.3905,0.397,0.3905,0.3933,0.1878,5968678
2020-02-13,0.3933,0.3951,0.3882,0.3933,0.1878,8770852
2020-02-14,0.3965,0.3965,0.3914,0.3933,0.1878,4127152
2020-02-17,0.3937,0.3947,0.3905,0.3914,0.1869,2475697
2020-02-18,0.3905,0.3951,0.3891,0.3933,0.1878,1852965
2020-02-19,0.3951,0.3956,0.3905,0.3956,0.1889,743342
2020-02-20,0.3933,0.3961,0.3914,0.3914,0.1869,945845
2020-02-21,0.3956,0.3956,0.3868,0.3877,0.1851,1604427
2020-02-24,0.3873,0.3873,0.3678,0.372,0.1776,14939890
2020-02-25,0.3701,0.3748,0.3632,0.3637,0.1737,9072989
2020-02-26,0.3632,0.3683,0.3516,0.3618,0.1728,15736971
2020-02-27,0.3567,0.3655,0.3558,0.3558,0.1699,6865660
2020-02-28,0.353,0.353,0.3285,0.3285,0.1569,33806150
2020-03-02,0.3424,0.353,0.3424,0.3438,0.1642,16537603
2020-03-03,0.3544,0.3614,0.3516,0.3609,0.1723,13604553
2020-03-04,0.3618,0.3738,0.3614,0.3738,0.1785,19339573
2020-03-05,0.3762,0.3762,0.3516,0.3563,0.1701,11517969
2020-03-06,0.3558,0.3563,0.3424,0.3507,0.1675,16852407
2020-03-09,0.2674,0.3137,0.2665,0.3021,0.1442,40854368
2020-03-10,0.3146,0.3192,0.2984,0.2984,0.1425,17162626
2020-03-11,0.3054,0.3054,0.2776,0.2808,0.1341,23666539
2020-03-12,0.2748,0.2776,0.2596,0.273,0.1304,40638263
2020-03-13,0.2776,0.285,0.273,0.2758,0.1317,13385682
2020-03-16,0.2684,0.2684,0.2471,0.2582,0.1233,22118562
2020-03-17,0.261,0.2679,0.2545,0.2605,0.1244,20218154
2020-03-18,0.2586,0.2591,0.2498,0.2531,0.1208,23566949
2020-03-19,0.2522,0.2614,0.2522,0.2591,0.1237,11042844
2020-03-20,0.2637,0.2767,0.2637,0.2721,0.1299,6304492
2020-03-23,0.2628,0.2637,0.2526,0.2554,0.1219,9546508
2020-03-24,0.2679,0.2702,0.2614,0.2642,0.1261,8179640
2020-03-25,0.2776,0.2832,0.267,0.273,0.1304,3606216
2020-03-26,0.2744,0.2762,0.2684,0.273,0.1304,9359800
2020-03-27,0.2771,0.2771,0.2637,0.2721,0.1299,3572378
2020-03-30,0.2707,0.2707,0.2628,0.266,0.127,1823319
2020-03-31,0.2684,0.2767,0.267,0.2684,0.1282,6918133
2020-04-01,0.2665,0.2679,0.2628,0.2642,0.1261,4869211
2020-04-02,0.2684,0.2869,0.2684,0.2869,0.137,22474572
2020-04-03,0.2822,0.2892,0.2767,0.2869,0.137,31100381
2020-04-06,0.2933,0.2957,0.2906,0.2924,0.1396,3919719
2020-04-07,0.2961,0.3109,0.2961,0.304,0.1452,14589901
2020-04-08,0.3035,0.3035,0.2961,0.297,0.1418,11322506
2020-04-09,0.3007,0.3077,0.2975,0.298,0.1423,29518533
2020-04-10,0.3007,0.304,0.297,0.304,0.1452,8373522
2020-04-13,0.3095,0.3109,0.3021,0.304,0.1452,6835637
2020-04-14,0.3054,0.3054,0.3017,0.3017,0.1441,5571471
2020-04-15,0.3007,0.3017,0.2813,0.2836,0.1354,12163786
2020-04-16,0.2859,0.2947,0.285,0.2924,0.1396,10305804
2020-04-17,0.2924,0.2924,0.2924,0.2924,0.1396,0
2020-04-20,0.2924,0.2924,0.2924,0.2924,0.1396,0
2020-04-21,0.2758,0.2841,0.2748,0.2776,0.1325,10088190
2020-04-22,0.2776,0.2832,0.2776,0.2813,0.1343,4922924
2020-04-23,0.2864,0.2896,0.2832,0.285,0.1361,5389995
2020-04-24,0.2864,0.2864,0.2827,0.2845,0.1358,3995515
2020-04-27,0.2859,0.2947,0.2855,0.291,0.1389,13703498
2020-04-28,0.2933,0.2994,0.292,0.2952,0.141,11790830
2020-04-29,0.2961,0.3031,0.2938,0.3021,0.1442,13047108
2020-04-30,0.3035,0.3081,0.2961,0.2961,0.1414,11787380
2020-05-01,0.2961,0.2961,0.2961,0.2961,0.1414,0
2020-05-04,0.2957,0.2998,0.2943,0.2957,0.1412,10363258
2020-05-05,0.2998,0.3017,0.2961,0.297,0.1418,16626451
2020-05-06,0.3012,0.3044,0.2998,0.3007,0.1436,15162362
2020-05-07,0.3021,0.3118,0.3021,0.3095,0.1478,4609974
2020-05-08,0.3137,0.3285,0.3128,0.328,0.1566,24420859
2020-05-11,0.3304,0.335,0.3257,0.3331,0.159,19945079
2020-05-12,0.3331,0.3378,0.3304,0.3378,0.1613,28388985
2020-05-13,0.3137,0.3146,0.3091,0.3118,0.1639,11560157
2020-05-14,0.3109,0.3109,0.3026,0.3049,0.1603,15697192
2020-05-15,0.3049,0.3072,0.304,0.3068,0.1613,13659680
2020-05-18,0.3068,0.3146,0.3063,0.3142,0.1652,7253890
2020-05-19,0.3165,0.3202,0.3155,0.3202,0.1683,6112819
2020-05-20,0.3192,0.3206,0.3155,0.3188,0.1676,16937799
2020-05-21,0.3192,0.3192,0.3151,0.3169,0.1666,2347802
2020-05-22,0.3183,0.3183,0.3146,0.3169,0.1666,1485145
2020-05-25,0.3188,0.3188,0.3155,0.3169,0.1666,661044
2020-05-26,0.3192,0.3192,0.3146,0.3174,0.1669,5344140
2020-05-27,0.3188,0.3188,0.3132,0.3142,0.1652,33998666
2020-05-28,0.3155,0.3183,0.3142,0.3183,0.1673,1517353
2020-05-29,0.3183,0.3183,0.3146,0.3183,0.1673,8485696
2020-06-01,0.3183,0.3183,0.3183,0.3183,0.1673,0
2020-06-02,0.3174,0.3183,0.3151,0.3174,0.1669,24892719
2020-06-03,0.3183,0.3197,0.316,0.3174,0.1669,6591152
2020-06-04,0.3188,0.3192,0.3155,0.3179,0.1671,7807980
2020-06-05,0.3179,0.3179,0.3142,0.3142,0.1652,9119678
2020-06-08,0.3142,0.3142,0.3142,0.3142,0.1652,0
2020-06-09,0.3192,0.3192,0.3142,0.3142,0.1652,4040809
2020-06-10,0.3174,0.3174,0.3109,0.3109,0.1634,2919067
2020-06-11,0.3105,0.3137,0.3007,0.3007,0.1581,9054948
2020-06-12,0.298,0.3095,0.2924,0.3095,0.1627,3513947
2020-06-15,0.2975,0.3063,0.297,0.3054,0.1606,25151041
2020-06-16,0.3058,0.3077,0.3054,0.3054,0.1606,21054826
2020-06-17,0.3058,0.3072,0.3044,0.3054,0.1606,14489236
2020-06-18,0.3077,0.3077,0.3049,0.3068,0.1613,1684802
2020-06-19,0.3063,0.3072,0.3044,0.3072,0.1615,4252165
2020-06-22,0.3026,0.3044,0.2989,0.3031,0.1593,5900807
2020-06-23,0.3049,0.3072,0.3044,0.3054,0.1606,3754645
2020-06-24,0.3068,0.3068,0.3003,0.3054,0.1606,9609389
2020-06-25,0.3054,0.3054,0.298,0.298,0.1567,2851483
2020-06-26,0.3007,0.304,0.2952,0.2961,0.1557,2602089
2020-06-29,0.2961,0.2998,0.2952,0.2998,0.1576,1562317
2020-06-30,0.2998,0.3003,0.298,0.2998,0.1576,8780011
2020-07-01,0.3007,0.3012,0.297,0.3007,0.1581,3204200
2020-07-02,0.3007,0.3007,0.298,0.3007,0.1581,3529116
2020-07-03,0.3026,0.3026,0.2989,0.3007,0.1581,2278789
2020-07-06,0.3026,0.3044,0.2984,0.3007,0.1581,2458335
2020-07-07,0.3007,0.3007,0.2966,0.2966,0.1559,2168469
2020-07-08,0.297,0.3007,0.2961,0.2998,0.1576,1843688
2020-07-09,0.2998,0.3007,0.2966,0.3007,0.1581,4652102
2020-07-10,0.3007,0.3007,0.297,0.298,0.1567,17296529
2020-07-13,0.2998,0.3007,0.298,0.2998,0.1576,346533
2020-07-14,0.2989,0.2998,0.2947,0.2947,0.1549,12233801
2020-07-15,0.2998,0.2998,0.2943,0.2943,0.1547,12927387
2020-07-16,0.2994,0.2994,0.297,0.298,0.1567,4767539
2020-07-17,0.298,0.2989,0.2961,0.297,0.1561,16162820
2020-07-20,0.297,0.297,0.2933,0.2933,0.1542,2299846
2020-07-21,0.2989,0.2989,0.2924,0.2933,0.1542,5558675
2020-07-22,0.2933,0.2952,0.2924,0.2924,0.1537,1466825
2020-07-23,0.2933,0.2943,0.292,0.2933,0.1542,9307402
2020-07-24,0.2943,0.2943,0.2901,0.2906,0.1528,2647534
2020-07-27,0.2943,0.2943,0.2906,0.2924,0.1537,2758393
2020-07-28,0.2938,0.2938,0.2906,0.2915,0.1532,2384242
2020-07-29,0.2952,0.2952,0.2878,0.2906,0.1528,4543742
2020-07-30,0.2915,0.2915,0.2832,0.2855,0.1501,6031007
2020-07-31,0.2859,0.291,0.2859,0.2869,0.1508,2015333
2020-08-03,0.2869,0.2896,0.2859,0.2869,0.1508,2664429
2020-08-04,0.2869,0.2869,0.285,0.2869,0.1508,5836380
2020-08-05,0.2869,0.2869,0.2822,0.2869,0.1508,3302649
2020-08-06,0.2869,0.2896,0.2869,0.2892,0.152,3201841
2020-08-07,0.2892,0.2892,0.2887,0.2887,0.1518,30587228
2020-08-10,0.2887,0.2957,0.2887,0.2957,0.1555,41393767
2020-08-11,0.2961,0.3054,0.2961,0.3049,0.1603,14529394
2020-08-12,0.3049,0.3054,0.3031,0.3035,0.1596,1079679
2020-08-13,0.3054,0.3054,0.3026,0.3049,0.1603,23358599
2020-08-14,0.3049,0.3049,0.3007,0.3044,0.16,28892598
2020-08-17,0.2998,0.3063,0.2998,0.3063,0.161,64397569
2020-08-18,0.3068,0.3086,0.3035,0.3081,0.162,1440208
2020-08-19,0.3081,0.3105,0.3081,0.3105,0.1632,821586
2020-08-20,0.31,0.31,0.3077,0.3091,0.1625,21956228
2020-08-21,0.3081,0.3105,0.3072,0.3091,0.1625,4132398
2020-08-24,0.3109,0.3109,0.3072,0.3095,0.1627,6228540
2020-08-25,0.3095,0.3114,0.3095,0.3109,0.1634,3118557
2020-08-26,0.3109,0.3137,0.3105,0.3137,0.1649,857239
2020-08-27,0.3137,0.3192,0.3137,0.3192,0.1678,16418169
2020-08-28,0.3202,0.322,0.3183,0.3197,0.1681,3508874
2020-08-31,0.3216,0.3368,0.3197,0.3322,0.1746,11017852
2020-09-01,0.3331,0.3378,0.3327,0.3373,0.1773,42884655
2020-09-02,0.3359,0.3373,0.3313,0.335,0.1761,14855899
2020-09-03,0.3364,0.3419,0.3331,0.3387,0.1781,9729095
2020-09-04,0.3345,0.3419,0.3304,0.3415,0.1795,5385986
2020-09-07,0.3405,0.3415,0.3368,0.3378,0.1776,6548165
2020-09-08,0.3378,0.3396,0.3354,0.3368,0.1771,9105149
2020-09-09,0.335,0.3433,0.3327,0.3378,0.1776,16649923
2020-09-10,0.3424,0.3461,0.3396,0.3456,0.1817,9575833
2020-09-11,0.3456,0.3456,0.3415,0.3415,0.1795,1279428
2020-09-14,0.3415,0.3428,0.3401,0.3424,0.18,9316276
2020-09-15,0.3438,0.3438,0.3415,0.3433,0.1805,3550164
2020-09-16,0.3313,0.3331,0.322,0.323,0.1698,20467673
2020-09-17,0.323,0.3294,0.3174,0.3206,0.1685,27836735
2020-09-18,0.3211,0.3216,0.3155,0.3174,0.1669,14364096
2020-09-21,0.3202,0.3202,0.3086,0.31,0.163,16333125
2020-09-22,0.31,0.3155,0.3086,0.3128,0.1644,11646554
2020-09-23,0.3146,0.3146,0.3123,0.3142,0.1652,13255107
2020-09-24,0.3118,0.3137,0.3114,0.3118,0.1639,58082402
2020-09-25,0.3137,0.3146,0.3063,0.3068,0.1613,6900678
2020-09-28,0.3095,0.3109,0.3072,0.3081,0.162,5195679
2020-09-29,0.3091,0.31,0.3058,0.3072,0.1615,3743269
2020-09-30,0.31,0.31,0.3072,0.31,0.163,5233418
2020-10-01,0.3105,0.3105,0.3017,0.3017,0.1586,10692620
2020-10-02,0.3035,0.3035,0.2966,0.2989,0.1571,28786410
2020-10-05,0.3003,0.3035,0.2989,0.3035,0.1596,1348915
2020-10-06,0.3054,0.3058,0.3021,0.3049,0.1603,9555308
2020-10-07,0.3054,0.3054,0.3021,0.3026,0.1591,3578929
2020-10-08,0.3035,0.3044,0.2989,0.2989,0.1571,8122631
2020-10-09,0.2989,0.3026,0.2989,0.3007,0.1581,7780128
2020-10-12,0.3007,0.3026,0.3007,0.3007,0.1581,13795203
2020-10-13,0.3007,0.3007,0.2975,0.2994,0.1574,13977455
2020-10-14,0.2984,0.3017,0.297,0.3012,0.1583,2316184
2020-10-15,0.3007,0.3017,0.2989,0.3007,0.1581,8871076
2020-10-16,0.3017,0.3044,0.3012,0.3017,0.1586,1593214
2020-10-19,0.304,0.304,0.3017,0.304,0.1598,691932
2020-10-20,0.3031,0.3031,0.3012,0.3021,0.1588,634323
2020-10-21,0.3021,0.3044,0.3007,0.3007,0.1581,17331432
2020-10-22,0.3007,0.304,0.2998,0.3017,0.1586,1849012
2020-10-23,0.3017,0.3072,0.3017,0.3049,0.1603,17163533
2020-10-26,0.3049,0.3054,0.3026,0.304,0.1598,4557630
2020-10-27,0.304,0.3049,0.3017,0.3049,0.1603,21456254
2020-10-28,0.3044,0.3044,0.297,0.298,0.1567,23700242
2020-10-29,0.2961,0.297,0.2901,0.2901,0.1525,22999583
2020-10-30,0.2883,0.2933,0.2883,0.2896,0.1522,7039725
2020-11-02,0.291,0.2938,0.2887,0.2887,0.1518,6573552
2020-11-03,0.2943,0.2961,0.2887,0.2892,0.152,11837191
2020-11-04,0.2938,0.2938,0.2887,0.2892,0.152,1390785
2020-11-05,0.291,0.2938,0.2906,0.292,0.1535,1525109
2020-11-06,0.2929,0.2938,0.2869,0.2887,0.1518,27189704
2020-11-09,0.2906,0.3137,0.2906,0.3114,0.1637,19259196
2020-11-10,0.3105,0.3142,0.3072,0.3114,0.1637,7051030
2020-11-11,0.3114,0.3132,0.31,0.3132,0.1647,3833467
2020-11-12,0.3132,0.3132,0.31,0.3105,0.1632,7709469
2020-11-13,0.3109,0.3109,0.3054,0.3054,0.1606,5404649
2020-11-16,0.3109,0.3109,0.2975,0.3003,0.1579,7357565
2020-11-17,0.304,0.304,0.2966,0.2966,0.1559,3679711
2020-11-18,0.3003,0.3054,0.3003,0.3044,0.16,3145561
2020-11-19,0.3054,0.3077,0.3044,0.3068,0.1613,328139
2020-11-20,0.3081,0.3192,0.3081,0.3146,0.1654,11991643
2020-11-23,0.3165,0.3239,0.3146,0.3239,0.1703,14480137
2020-11-24,0.3206,0.3341,0.3206,0.3322,0.1746,35553643
2020-11-25,0.3341,0.3341,0.3308,0.3313,0.1742,10209074
2020-11-26,0.3322,0.3331,0.3276,0.3304,0.1737,6546049
2020-11-27,0.3285,0.3331,0.3267,0.329,0.173,11795434
2020-12-02,0.329,0.3336,0.328,0.3304,0.1737,30250476
2020-12-03,0.3294,0.3345,0.3294,0.3341,0.1756,14657922
2020-12-04,0.3345,0.3387,0.3331,0.3378,0.1776,10626561
2020-12-07,0.3378,0.3378,0.3327,0.3331,0.1751,1738006
2020-12-08,0.3331,0.3359,0.3308,0.3317,0.1744,7068167
2020-12-09,0.3327,0.3331,0.3313,0.3322,0.1746,1122903
2020-12-10,0.3317,0.3341,0.3308,0.3331,0.1751,11769960
2020-12-11,0.3341,0.3341,0.3313,0.3327,0.1749,528681
2020-12-14,0.3331,0.3373,0.3331,0.3373,0.1773,4898806
2020-12-15,0.3368,0.3368,0.3354,0.3364,0.1769,7067688
2020-12-16,0.3364,0.3368,0.335,0.3368,0.1771,6601559
2020-12-17,0.3368,0.3378,0.335,0.3378,0.1776,1439684
2020-12-18,0.3378,0.3387,0.3364,0.3364,0.1769,6609475
2020-12-21,0.3359,0.3359,0.3276,0.3299,0.1734,6856786
2020-12-22,0.3313,0.3378,0.3313,0.3359,0.1766,12612654
2020-12-23,0.3336,0.3378,0.3336,0.3341,0.1756,1577640
2020-12-28,0.3378,0.3378,0.3359,0.3364,0.1769,1840667
2020-12-29,0.3373,0.3419,0.3373,0.3387,0.1781,5152350
2020-12-30,0.3387,0.3391,0.3354,0.3364,0.1769,2563619
2021-01-04,0.3364,0.3433,0.3359,0.3419,0.1797,28107640
2021-01-05,0.3415,0.3433,0.3401,0.3424,0.18,7552669
2021-01-06,0.3433,0.3572,0.3433,0.3516,0.1848,18656235
2021-01-07,0.3572,0.359,0.3544,0.359,0.1887,5729887
2021-01-08,0.359,0.3678,0.3581,0.3609,0.1897,9744647
2021-01-11,0.3641,0.3646,0.3604,0.3604,0.1895,2352586
2021-01-12,0.3637,0.3655,0.3618,0.3651,0.1919,1715388
2021-01-13,0.3651,0.3701,0.3651,0.3692,0.1941,9816970
2021-01-14,0.3692,0.3692,0.3646,0.3683,0.1936,7331931
2021-01-15,0.3655,0.3683,0.3632,0.3632,0.1909,4808533
2021-01-18,0.3674,0.3674,0.3595,0.3595,0.189,5416871
2021-01-19,0.3609,0.3669,0.359,0.3669,0.1929,5295941
2021-01-20,0.3674,0.3674,0.3614,0.3646,0.1917,10915350
2021-01-21,0.3651,0.3678,0.3646,0.3674,0.1932,9977365
2021-01-22,0.3674,0.3683,0.3637,0.3674,0.1932,10926989
2021-01-25,0.3678,0.3678,0.3646,0.3664,0.1926,11074166
2021-01-26,0.3664,0.3701,0.3623,0.3701,0.1946,9492309
2021-01-27,0.3706,0.372,0.3683,0.3711,0.1951,9372964
2021-01-28,0.3632,0.372,0.3632,0.3688,0.1939,1144596
2021-01-29,0.3688,0.3711,0.3674,0.3688,0.1939,826755
2021-02-01,0.3688,0.3715,0.3683,0.3706,0.1948,9617610
2021-02-02,0.3711,0.3711,0.3697,0.3701,0.1946,6630929
2021-02-03,0.3711,0.3711,0.3669,0.3701,0.1946,5777274
2021-02-04,0.372,0.384,0.372,0.378,0.1987,7603797
2021-02-05,0.3775,0.3794,0.3771,0.3785,0.199,7310027
2021-02-08,0.3785,0.3808,0.3752,0.3757,0.1975,8966353
2021-02-09,0.3785,0.3785,0.3697,0.3697,0.1944,14957555
2021-02-10,0.3738,0.3738,0.3692,0.3701,0.1946,3558935
2021-02-11,0.3701,0.3701,0.3572,0.3618,0.1902,13716898
2021-02-12,0.3655,0.3655,0.3544,0.3563,0.1873,15476256
2021-02-15,0.3623,0.3637,0.3604,0.3614,0.19,7802007
2021-02-16,0.3618,0.3697,0.3567,0.3637,0.1912,17723047
2021-02-17,0.3664,0.3664,0.353,0.3535,0.1858,15738346
2021-02-18,0.3563,0.3563,0.3516,0.3544,0.1863,7600338
2021-02-19,0.353,0.3544,0.3475,0.3484,0.1832,24120498
2021-02-22,0.3503,0.3516,0.3424,0.3433,0.1805,14313015
2021-02-23,0.3512,0.3512,0.3387,0.3419,0.1797,29869557
2021-02-24,0.3419,0.3493,0.3419,0.3433,0.1805,6478320
2021-02-25,0.3489,0.3535,0.3461,0.353,0.1856,7598173
2021-02-26,0.3516,0.3516,0.347,0.347,0.1824,6382445
2021-03-01,0.3512,0.3558,0.3503,0.3553,0.1868,1711802
2021-03-02,0.3553,0.3563,0.3484,0.3503,0.1842,12718327
2021-03-03,0.3549,0.3549,0.3507,0.3516,0.1848,8713531
2021-03-04,0.353,0.3535,0.3507,0.3535,0.1858,1606159
2021-03-05,0.354,0.3692,0.354,0.3678,0.1934,15626064
2021-03-08,0.3678,0.3734,0.3664,0.3701,0.1946,32430953
2021-03-09,0.3701,0.3701,0.3669,0.3692,0.1941,12357063
2021-03-10,0.3697,0.3729,0.3692,0.3692,0.1941,4793840
2021-03-11,0.3725,0.3757,0.3706,0.3752,0.1973,7816506
2021-03-12,0.3748,0.3771,0.3748,0.3752,0.1973,11621831
2021-03-15,0.3785,0.3785,0.3757,0.3762,0.1978,2905615
2021-03-16,0.3766,0.3789,0.372,0.3789,0.1992,9748884
2021-03-17,0.3785,0.3794,0.3762,0.3766,0.198,7741109
2021-03-18,0.3771,0.3882,0.3771,0.3845,0.2021,10154303
2021-03-19,0.3822,0.3845,0.3766,0.3845,0.2021,7854556
2021-03-22,0.3808,0.3877,0.3808,0.3845,0.2021,5712876
2021-03-23,0.385,0.385,0.3785,0.3794,0.1995,4829022
2021-03-24,0.3785,0.3794,0.378,0.378,0.1987,8772022
2021-03-25,0.3785,0.384,0.378,0.384,0.2019,11682670
2021-03-26,0.384,0.385,0.3817,0.385,0.2024,5657111
2021-03-29,0.385,0.3854,0.3826,0.385,0.2024,5272067
2021-03-30,0.385,0.39,0.384,0.3896,0.2048,10379461
2021-03-31,0.3896,0.3979,0.3873,0.3979,0.2092,11887871
2021-04-01,0.3984,0.4053,0.397,0.4044,0.2126,7554239
2021-04-02,0.4044,0.4048,0.4021,0.4025,0.2116,1944129
2021-04-05,0.4016,0.4048,0.4011,0.4025,0.2116,2123618
2021-04-06,0.403,0.4039,0.3956,0.4025,0.2116,9152015
2021-04-07,0.4035,0.4062,0.4016,0.4044,0.2126,7181712
2021-04-08,0.4062,0.4062,0.4021,0.4035,0.2121,1512774
2021-04-09,0.4025,0.4067,0.4025,0.4067,0.2138,3036171
2021-04-12,0.4067,0.4072,0.4021,0.4048,0.2128,8370690
2021-04-13,0.4044,0.4053,0.403,0.4039,0.2123,3837758
2021-04-14,0.4039,0.4053,0.4025,0.4025,0.2116,7328705
2021-04-15,0.4035,0.4044,0.4016,0.4025,0.2116,6991253
2021-04-16,0.4044,0.4044,0.4025,0.4025,0.2116,2848982
2021-04-19,0.4039,0.4048,0.4016,0.4025,0.2116,7594497
2021-04-20,0.4021,0.4044,0.4016,0.4044,0.2126,3748485
2021-04-21,0.4025,0.4025,0.4007,0.4007,0.2107,1415180
2021-04-22,0.403,0.4039,0.4011,0.4025,0.2116,11868208
2021-04-23,0.4035,0.4099,0.4035,0.409,0.215,23600494
2021-04-26,0.4099,0.4132,0.4035,0.4048,0.2128,7744599
2021-04-27,0.4109,0.4132,0.4058,0.4132,0.2172,10581406
2021-04-28,0.4136,0.421,0.4132,0.4201,0.2209,13035970
2021-04-29,0.4201,0.4358,0.4104,0.4104,0.2158,34763024
2021-05-04,0.422,0.4261,0.415,0.415,0.2182,8389084
2021-05-05,0.4183,0.4224,0.4155,0.422,0.2219,8281412
2021-05-06,0.4229,0.4257,0.4187,0.4197,0.2206,2653473
2021-05-07,0.4197,0.4275,0.4183,0.4275,0.2247,7395098
2021-05-10,0.428,0.4363,0.428,0.4331,0.2277,9904914
2021-05-11,0.4345,0.4363,0.4331,0.4354,0.2289,11460108
2021-05-12,0.4358,0.4377,0.4358,0.4377,0.2301,14276595
2021-05-13,0.3951,0.4072,0.3951,0.4053,0.2293,19421440
2021-05-14,0.4053,0.4081,0.4035,0.4044,0.2288,10500767
2021-05-17,0.4044,0.4076,0.4044,0.4048,0.229,4643690
2021-05-18,0.4053,0.4085,0.4044,0.4067,0.2301,5734316
2021-05-19,0.4076,0.4081,0.4044,0.4053,0.2293,3193210
2021-05-20,0.4053,0.4053,0.3998,0.4021,0.2275,2752830
2021-05-21,0.4044,0.4044,0.3961,0.3988,0.2256,7397966
2021-05-24,0.3993,0.4016,0.3956,0.3974,0.2248,2290460
2021-05-25,0.3956,0.3979,0.3891,0.3896,0.2204,6753901
2021-05-26,0.3896,0.3933,0.3854,0.3887,0.2199,9287068
2021-05-27,0.3947,0.3947,0.3701,0.3706,0.2097,19433135
2021-05-28,0.378,0.3789,0.3701,0.3725,0.2108,12902663
2021-05-31,0.3725,0.3817,0.3725,0.3789,0.2144,7741023
2021-06-02,0.3812,0.384,0.3794,0.3822,0.2162,10052152
2021-06-03,0.3836,0.3863,0.3775,0.3775,0.2136,11944364
2021-06-04,0.3822,0.3822,0.3752,0.3752,0.2123,3302320
2021-06-07,0.3771,0.3799,0.3678,0.3678,0.2081,16627686
2021-06-08,0.3701,0.3711,0.3655,0.3655,0.2068,13935970
2021-06-09,0.3655,0.3701,0.3655,0.3697,0.2092,4562424
2021-06-10,0.3701,0.3757,0.3692,0.3711,0.21,48061023
2021-06-11,0.3766,0.3812,0.3757,0.3803,0.2152,8663406
2021-06-14,0.3817,0.385,0.3817,0.384,0.2173,4569985
2021-06-15,0.384,0.3887,0.384,0.3882,0.2196,3584630
2021-06-16,0.3928,0.3937,0.3887,0.3905,0.2209,26811089
2021-06-17,0.3928,0.3933,0.3882,0.3887,0.2199,1271619
2021-06-18,0.3914,0.3924,0.3831,0.3831,0.2168,2506718
2021-06-22,0.3873,0.3877,0.3701,0.3711,0.21,18382198
2021-06-23,0.3785,0.3817,0.3775,0.3812,0.2157,21428951
2021-06-24,0.3831,0.3887,0.3822,0.3887,0.2199,12991606
2021-06-25,0.3887,0.397,0.3868,0.397,0.2246,15609087
2021-06-28,0.3974,0.4025,0.3974,0.4011,0.2269,4549202
2021-06-29,0.4011,0.4011,0.3961,0.397,0.2246,9109175
2021-06-30,0.3974,0.3979,0.391,0.3933,0.2225,3624469
2021-07-01,0.3947,0.4021,0.3933,0.4011,0.2269,7627165
2021-07-02,0.4016,0.4025,0.3979,0.3979,0.2251,3911352
2021-07-05,0.3984,0.4025,0.3984,0.4025,0.2277,1898346
2021-07-06,0.4025,0.4067,0.4025,0.4062,0.2298,3348648
2021-07-07,0.4062,0.4067,0.4058,0.4062,0.2298,1639115
2021-07-08,0.4058,0.4058,0.397,0.3984,0.2254,7011384
2021-07-09,0.4002,0.4002,0.397,0.3979,0.2251,10729570
2021-07-12,0.3979,0.4062,0.3979,0.4062,0.2298,3711138
2021-07-13,0.4058,0.4058,0.4021,0.4048,0.229,934511
2021-07-14,0.4044,0.4058,0.4025,0.4053,0.2293,1129071
2021-07-15,0.4035,0.4053,0.4025,0.4035,0.2283,2523994
2021-07-16,0.4035,0.4062,0.4011,0.4062,0.2298,4689400
2021-07-19,0.4053,0.4058,0.3942,0.3947,0.2233,3930499
2021-07-20,0.3947,0.4016,0.3933,0.397,0.2246,5565918
2021-07-21,0.3993,0.4025,0.3956,0.4025,0.2277,2773177
2021-07-22,0.403,0.403,0.3961,0.397,0.2246,3902072
2021-07-23,0.4016,0.4016,0.397,0.3984,0.2254,579148
2021-07-26,0.3979,0.4011,0.397,0.3988,0.2256,1141520
2021-07-27,0.3988,0.3998,0.3942,0.3947,0.2233,5151651
2021-07-28,0.3965,0.3965,0.384,0.3859,0.2183,15117387
2021-07-29,0.3887,0.3887,0.3836,0.385,0.2178,9449371
2021-07-30,0.3845,0.3854,0.3826,0.3831,0.2168,5064074
2021-08-02,0.3854,0.3854,0.3789,0.3789,0.2144,11352163
2021-08-03,0.3808,0.3812,0.3775,0.3785,0.2142,4469744
2021-08-04,0.3785,0.3794,0.3729,0.3738,0.2115,16141166
2021-08-05,0.3738,0.3771,0.3738,0.3738,0.2115,10066475
2021-08-06,0.3752,0.3752,0.3738,0.3748,0.2121,2402604
2021-08-09,0.3752,0.3771,0.3711,0.3752,0.2123,9529641
2021-08-10,0.3757,0.3863,0.3729,0.384,0.2173,9005584
2021-08-11,0.384,0.3882,0.384,0.3868,0.2188,22031377
2021-08-12,0.3873,0.3905,0.3868,0.3873,0.2191,7768095
2021-08-13,0.3887,0.391,0.3887,0.391,0.2212,1762945
2021-08-16,0.3914,0.3942,0.391,0.3928,0.2222,4265614
2021-08-17,0.3928,0.3933,0.3845,0.3868,0.2188,7237714
2021-08-18,0.3863,0.3868,0.3826,0.3845,0.2175,2449954
2021-08-19,0.3873,0.3873,0.3775,0.3799,0.2149,2330123
2021-08-20,0.3799,0.3877,0.3799,0.3877,0.2194,1883100
2021-08-23,0.3919,0.4062,0.3896,0.3998,0.2262,50394596
2021-08-24,0.4044,0.416,0.3988,0.4109,0.2325,50060111
2021-08-25,0.4081,0.434,0.4081,0.4257,0.2409,46835410
2021-08-26,0.4266,0.4303,0.4183,0.4257,0.2409,24388729
2021-08-27,0.4164,0.4243,0.4155,0.421,0.2382,11332644
2021-08-30,0.4187,0.4261,0.4187,0.4257,0.2409,20847618
2021-08-31,0.4266,0.4266,0.4072,0.4072,0.2304,20143426
2021-09-01,0.4141,0.4164,0.409,0.4164,0.2356,20876414
2021-09-02,0.4164,0.4164,0.4081,0.4113,0.2327,5424736
2021-09-03,0.4099,0.4252,0.409,0.421,0.2382,32674899
2021-09-06,0.4201,0.421,0.4141,0.4164,0.2356,8063035
2021-09-07,0.4206,0.4206,0.4146,0.4183,0.2367,13319797
2021-09-08,0.4183,0.4183,0.4141,0.4164,0.2356,15051874
2021-09-09,0.416,0.4284,0.4146,0.4284,0.2424,17093375
2021-09-10,0.4284,0.4294,0.4201,0.4257,0.2409,10510540
2021-09-13,0.4271,0.4284,0.4206,0.4266,0.2414,10909654
2021-09-14,0.4271,0.4345,0.4215,0.4345,0.2458,10885050
2021-09-15,0.434,0.4368,0.4266,0.4335,0.2453,20622436
2021-09-16,0.4308,0.4437,0.4284,0.4349,0.2461,37613547
2021-09-17,0.4349,0.4395,0.4229,0.4391,0.2484,330946259
2021-09-20,0.4391,0.4391,0.4173,0.4201,0.2377,12261781
2021-09-21,0.4252,0.4284,0.4229,0.4247,0.2403,2502684
2021-09-22,0.4257,0.4284,0.4257,0.4271,0.2417,13836125
2021-09-23,0.4289,0.4294,0.4271,0.4289,0.2427,10094377
2021-09-24,0.4294,0.4303,0.4252,0.4257,0.2409,14977995
2021-09-27,0.4294,0.4303,0.4229,0.4257,0.2409,8933557
2021-09-28,0.4312,0.4312,0.4271,0.4294,0.243,7348531
2021-09-29,0.4294,0.4303,0.4238,0.4257,0.2409,4203521
2021-09-30,0.4257,0.4261,0.421,0.4229,0.2393,56181489
2021-10-01,0.4247,0.4266,0.415,0.4257,0.2409,43360456
2021-10-04,0.4284,0.4289,0.4271,0.428,0.2422,2383688
2021-10-05,0.4284,0.4284,0.4257,0.4284,0.2424,9344248
2021-10-06,0.4284,0.4289,0.4266,0.4284,0.2424,2802225
2021-10-07,0.4289,0.4331,0.4271,0.4317,0.2443,28432350
2021-10-08,0.4335,0.4428,0.4326,0.4428,0.2505,3422148
2021-10-11,0.4428,0.4488,0.4428,0.446,0.2523,9886332
2021-10-12,0.4451,0.4479,0.4437,0.4442,0.2513,11216130
2021-10-13,0.4442,0.4493,0.4442,0.4493,0.2542,2889115
2021-10-14,0.4497,0.4516,0.4451,0.4451,0.2518,9302157
2021-10-15,0.446,0.4507,0.4442,0.4442,0.2513,7446672
2021-10-18,0.4446,0.4469,0.44,0.4419,0.25,4088452
2021-10-19,0.4442,0.4442,0.4335,0.4382,0.2479,18539716
2021-10-20,0.4395,0.4414,0.4345,0.4368,0.2471,12200496
2021-10-21,0.4409,0.4479,0.4345,0.4474,0.2531,9389301
2021-10-22,0.4479,0.4497,0.4405,0.4488,0.2539,4401660
2021-10-25,0.4488,0.4571,0.4488,0.4534,0.2565,7978775
2021-10-26,0.4511,0.4534,0.4483,0.4511,0.2552,21514037
2021-10-27,0.4534,0.4562,0.4516,0.4562,0.2581,31728593
2021-10-28,0.4557,0.4645,0.4553,0.4613,0.261,15465754
2021-10-29,0.4613,0.4613,0.4562,0.4562,0.2581,25370342
2021-11-01,0.4599,0.4608,0.4567,0.4581,0.2592,5837540
2021-11-02,0.4581,0.459,0.4539,0.459,0.2597,10396176
2021-11-03,0.4599,0.4719,0.4585,0.4719,0.267,11051185
2021-11-04,0.4719,0.4719,0.4627,0.4655,0.2634,13240384
2021-11-05,0.4645,0.4682,0.4645,0.4664,0.2639,2448351
2021-11-08,0.4673,0.4692,0.4655,0.4682,0.2649,6543530
2021-11-09,0.4682,0.471,0.4682,0.471,0.2665,5721227
2021-11-10,0.4701,0.4719,0.4673,0.4673,0.2644,20558301
2021-11-11,0.4673,0.4673,0.4567,0.4567,0.2584,4589204
2021-11-12,0.4618,0.4618,0.4507,0.4525,0.256,8657169
2021-11-15,0.4516,0.459,0.4502,0.4571,0.2586,826678
2021-11-16,0.4576,0.459,0.4534,0.4557,0.2578,3769659
2021-11-17,0.4571,0.4622,0.4507,0.4507,0.255,5877470
2021-11-18,0.4553,0.4581,0.4516,0.4539,0.2568,2245319
2021-11-19,0.4539,0.4544,0.4395,0.4437,0.251,7538016
2021-11-22,0.4442,0.453,0.4437,0.4456,0.2521,10724063
2021-11-23,0.4442,0.446,0.434,0.4349,0.2461,5151595
2021-11-24,0.4349,0.4428,0.4349,0.4395,0.2487,2418366
2021-11-25,0.4405,0.4479,0.4395,0.4405,0.2492,7381929
2021-11-26,0.4395,0.4395,0.421,0.4229,0.2393,6968945
2021-11-29,0.4234,0.4275,0.4072,0.4136,0.234,25553327
2021-12-02,0.4072,0.4229,0.4072,0.4109,0.2325,18953507
2021-12-03,0.416,0.4201,0.416,0.4173,0.2361,17281706
2021-12-06,0.422,0.4345,0.4187,0.421,0.2382,7342520
2021-12-07,0.4303,0.4414,0.4303,0.4349,0.2461,3693462
2021-12-08,0.4395,0.4414,0.4331,0.4331,0.245,6276474
2021-12-09,0.4391,0.4391,0.4335,0.4335,0.2453,2321358
2021-12-10,0.4349,0.4363,0.4321,0.434,0.2456,4007755
2021-12-13,0.4368,0.4368,0.422,0.422,0.2388,3072482
2021-12-14,0.4331,0.4331,0.421,0.4229,0.2393,2686436
2021-12-15,0.4257,0.4257,0.416,0.4183,0.2367,4209528
2021-12-16,0.4206,0.4308,0.4206,0.4266,0.2414,19544827
2021-12-17,0.4289,0.4395,0.422,0.4395,0.2487,6795955
2021-12-20,0.4382,0.4386,0.428,0.4386,0.2482,3187197
2021-12-21,0.4395,0.44,0.4363,0.4377,0.2476,1679253
2021-12-22,0.44,0.44,0.4349,0.4395,0.2487,4334922
2021-12-23,0.44,0.4474,0.44,0.4465,0.2526,3870251
2021-12-27,0.446,0.4604,0.446,0.4562,0.2581,2892815
2021-12-28,0.4618,0.4664,0.4544,0.4544,0.2571,5032908
2021-12-29,0.4571,0.4613,0.4553,0.4553,0.2576,2449350
2021-12-30,0.4553,0.4618,0.4544,0.4618,0.2613,3109950
2022-01-03,0.4618,0.4618,0.4557,0.4604,0.2605,1891989
2022-01-04,0.4608,0.4618,0.4581,0.4581,0.2592,2568737
2022-01-05,0.4608,0.4608,0.4544,0.4571,0.2586,1748706
2022-01-06,0.4544,0.4719,0.4507,0.4682,0.2649,8770925
2022-01-07,0.4701,0.4738,0.4613,0.4627,0.2618,5261184
2022-01-10,0.4627,0.4692,0.4581,0.4581,0.2592,2240101
2022-01-11,0.4585,0.4618,0.4548,0.4557,0.2578,5999697
2022-01-12,0.4562,0.4682,0.4562,0.4645,0.2628,18470318
2022-01-13,0.4655,0.4701,0.4576,0.459,0.2597,9149693
2022-01-14,0.4581,0.4645,0.4581,0.4618,0.2613,2102921
2022-01-17,0.4627,0.4645,0.4562,0.4581,0.2592,2979037
2022-01-18,0.4618,0.4618,0.4474,0.4493,0.2542,10981175
2022-01-19,0.4488,0.4488,0.4349,0.4349,0.2461,16175233
2022-01-20,0.4257,0.4395,0.4238,0.4349,0.2461,29568433
2022-01-21,0.434,0.434,0.4187,0.4215,0.2385,25045691
2022-01-25,0.4164,0.4169,0.403,0.4146,0.2346,55007806
2022-01-26,0.421,0.4349,0.421,0.4312,0.244,16490105
2022-01-27,0.4303,0.4321,0.4247,0.4312,0.244,8185320
2022-01-28,0.4345,0.4382,0.4303,0.4303,0.2435,9589269
2022-01-31,0.4321,0.4405,0.4321,0.4368,0.2471,6385519
2022-02-01,0.4405,0.4511,0.4405,0.4483,0.2536,11635060
2022-02-02,0.4516,0.4548,0.4493,0.4493,0.2542,10135851
2022-02-03,0.4544,0.4576,0.4405,0.4414,0.2497,31422200
2022-02-04,0.4442,0.4479,0.4423,0.4428,0.2505,3840933
2022-02-07,0.4469,0.4469,0.4391,0.4437,0.251,17035809
2022-02-08,0.4437,0.4437,0.4391,0.4395,0.2487,5110955
2022-02-09,0.4432,0.4432,0.4303,0.4308,0.2437,35348791
2022-02-10,0.4345,0.4345,0.4308,0.4321,0.2445,5252216
2022-02-11,0.4326,0.4331,0.428,0.428,0.2422,7703543
2022-02-14,0.4257,0.4294,0.4201,0.4275,0.2419,17833153
2022-02-15,0.4294,0.4368,0.4294,0.434,0.2456,16059046
2022-02-16,0.4358,0.4405,0.4335,0.4335,0.2453,2949431
2022-02-17,0.434,0.4391,0.4284,0.4284,0.2424,3519299
2022-02-18,0.428,0.434,0.428,0.434,0.2456,1249464
2022-02-21,0.4321,0.4349,0.4247,0.4247,0.2403,6772431
2022-02-22,0.4164,0.434,0.4127,0.4289,0.2427,39875824
2022-02-23,0.4303,0.4358,0.4275,0.434,0.2456,47654385
2022-02-24,0.4164,0.4275,0.4141,0.4164,0.2356,34645779
2022-02-25,0.4183,0.4275,0.4183,0.4243,0.2401,26178526
2022-02-28,0.4238,0.4271,0.4155,0.4271,0.2417,26351263
2022-03-01,0.4266,0.4284,0.4247,0.4271,0.2417,39818672
2022-03-02,0.4275,0.4321,0.4164,0.4192,0.2372,40506344
2022-03-03,0.421,0.4275,0.4118,0.4141,0.2343,14693512
2022-03-04,0.4141,0.4141,0.3924,0.3947,0.2233,24824165
2022-03-07,0.3914,0.3988,0.3711,0.3914,0.2215,14850500
2022-03-08,0.3914,0.4155,0.3887,0.3974,0.2248,17950653
2022-03-09,0.4072,0.4155,0.4016,0.4021,0.2275,19801217
2022-03-10,0.409,0.4099,0.3993,0.4002,0.2264,19504415
2022-03-11,0.4002,0.4141,0.4002,0.4122,0.2332,17234300
2022-03-14,0.4155,0.4229,0.415,0.4206,0.238,10214888
2022-03-15,0.4183,0.421,0.4146,0.4192,0.2372,5318336
2022-03-16,0.4229,0.4284,0.4215,0.4224,0.239,5081733
2022-03-17,0.4234,0.4289,0.4206,0.4257,0.2409,11389752
2022-03-18,0.4284,0.4368,0.4238,0.4368,0.2471,76248058
2022-03-21,0.4372,0.4423,0.4303,0.4326,0.2448,17405912
2022-03-22,0.4349,0.4419,0.4349,0.4395,0.2487,11567890
2022-03-23,0.4409,0.4414,0.4326,0.4349,0.2461,18790347
2022-03-24,0.4349,0.4386,0.4326,0.4345,0.2458,5507495
2022-03-25,0.4354,0.4391,0.4317,0.4321,0.2445,11678896
2022-03-28,0.4349,0.4386,0.4331,0.4349,0.2461,31709241
2022-03-29,0.4377,0.4442,0.4368,0.4414,0.2497,8365751
2022-03-30,0.4442,0.4446,0.4358,0.4358,0.2466,5858124
2022-03-31,0.4386,0.4419,0.4349,0.4349,0.2461,2034404
2022-04-01,0.4372,0.4386,0.4345,0.4358,0.2466,1249972
2022-04-04,0.4391,0.4391,0.4363,0.4377,0.2476,6886229
2022-04-05,0.4377,0.4414,0.4368,0.4377,0.2476,7141464
2022-04-06,0.4414,0.4419,0.4345,0.4377,0.2476,7007331
2022-04-07,0.4377,0.4405,0.434,0.434,0.2456,2688035
2022-04-08,0.4395,0.4423,0.434,0.4345,0.2458,5770824
2022-04-11,0.4345,0.4391,0.4326,0.4335,0.2453,3503056
2022-04-12,0.4335,0.4349,0.4275,0.4331,0.245,2896513
2022-04-13,0.4349,0.4354,0.4298,0.4354,0.2463,4341610
2022-04-14,0.4354,0.4391,0.4335,0.4349,0.2461,5983272
2022-04-15,0.4382,0.4414,0.4372,0.4409,0.2495,4125245
2022-04-18,0.4414,0.4474,0.4409,0.4465,0.2526,6755959
2022-04-19,0.4465,0.4479,0.4395,0.4405,0.2492,6190798
2022-04-20,0.4432,0.4451,0.4386,0.4395,0.2487,11781103
2022-04-21,0.4405,0.4437,0.4405,0.4423,0.2503,10993402
2022-04-26,0.4395,0.4405,0.4326,0.4326,0.2448,16190480
2022-04-27,0.4345,0.4442,0.434,0.4377,0.2476,3487587
2022-04-28,0.4442,0.4479,0.4395,0.4432,0.2508,9732902
2022-04-29,0.4479,0.4534,0.4432,0.4442,0.2513,9918702
2022-05-02,0.446,0.4507,0.4386,0.4395,0.2487,5171258
2022-05-03,0.4432,0.4432,0.4372,0.4377,0.2476,4695278
2022-05-04,0.4391,0.4419,0.4377,0.4395,0.2487,3539318
2022-05-05,0.4442,0.4451,0.4372,0.4377,0.2476,6205202
2022-05-06,0.4377,0.4386,0.4317,0.4321,0.2445,13857220
2022-05-09,0.4345,0.4428,0.4335,0.4349,0.2461,4926596
2022-05-10,0.4349,0.4386,0.4303,0.4303,0.2435,24482820
2022-05-11,0.4349,0.4368,0.4321,0.4358,0.2466,19597433
2022-05-12,0.4062,0.4099,0.3979,0.4025,0.2471,14319089
2022-05-13,0.403,0.4099,0.403,0.4085,0.2507,12222717
2022-05-16,0.4095,0.4146,0.4076,0.4104,0.2519,8028026
2022-05-17,0.4136,0.4141,0.4025,0.4044,0.2482,14964533
2022-05-18,0.4076,0.4095,0.4044,0.4072,0.2499,10686336
2022-05-19,0.4062,0.4067,0.4025,0.4062,0.2493,2888048
2022-05-20,0.4072,0.4141,0.4072,0.4141,0.2542,7250339
2022-05-23,0.4136,0.4201,0.4118,0.4155,0.255,48524301
2022-05-24,0.4155,0.4155,0.4118,0.4146,0.2545,17522011
2022-05-25,0.415,0.4201,0.4136,0.4146,0.2545,10415929
2022-05-26,0.4146,0.4183,0.4118,0.4169,0.2559,7522397
2022-05-27,0.4183,0.4192,0.4136,0.4187,0.257,4321252
2022-05-30,0.4192,0.4192,0.4178,0.4192,0.2573,1848489
2022-05-31,0.4201,0.4294,0.4192,0.4294,0.2636,20258764
2022-06-02,0.4298,0.4298,0.4201,0.4294,0.2636,10692109
2022-06-03,0.4289,0.4294,0.4183,0.4201,0.2579,6151306
2022-06-06,0.4257,0.4257,0.4201,0.4247,0.2607,2530216
2022-06-07,0.4257,0.428,0.4247,0.4257,0.2613,26143916
2022-06-08,0.4275,0.4275,0.4252,0.4257,0.2613,4359905
2022-06-09,0.4257,0.4275,0.4247,0.4257,0.2613,10315808
2022-06-10,0.4266,0.4271,0.4234,0.4238,0.2601,7629021
2022-06-14,0.4224,0.4261,0.416,0.4257,0.2613,8306594
2022-06-15,0.4451,0.4502,0.4349,0.4423,0.2715,45997443
2022-06-16,0.4442,0.4483,0.4419,0.4428,0.2718,7640832
2022-06-17,0.4428,0.4442,0.4414,0.4442,0.2727,20849106
2022-06-20,0.4442,0.4497,0.4354,0.4391,0.2695,18343372
2022-06-21,0.4428,0.4456,0.4409,0.4423,0.2715,3509430
2022-06-22,0.4474,0.4474,0.4391,0.4423,0.2715,8328844
2022-06-23,0.4423,0.4442,0.4382,0.4405,0.2704,7558703
2022-06-24,0.4437,0.4456,0.4423,0.4442,0.2727,15818455
2022-06-27,0.446,0.4488,0.4446,0.4483,0.2752,10188403
2022-06-28,0.4488,0.4516,0.446,0.4516,0.2772,20685837
2022-06-29,0.453,0.453,0.4511,0.452,0.2774,6512768
2022-06-30,0.453,0.4544,0.4507,0.4511,0.2769,6540815
2022-07-01,0.4525,0.4539,0.4516,0.4534,0.2783,9390135
2022-07-04,0.4534,0.4585,0.4534,0.4576,0.2809,29138216
2022-07-05,0.473,0.473,0.465,0.469,0.2879,31564705
2022-07-06,0.472,0.4765,0.4695,0.4725,0.29,14804624
2022-07-07,0.4725,0.474,0.4685,0.47,0.2885,15730219
2022-07-08,0.47,0.472,0.463,0.465,0.2854,14183827
2022-07-11,0.465,0.47,0.465,0.47,0.2885,5908187
2022-07-12,0.471,0.475,0.468,0.469,0.2879,17170029
2022-07-13,0.469,0.469,0.4595,0.4595,0.2821,7197361
2022-07-14,0.4635,0.467,0.46,0.465,0.2854,6598608
2022-07-15,0.466,0.478,0.466,0.4775,0.2931,22303134
2022-07-18,0.4775,0.4865,0.4775,0.484,0.2971,8988122
2022-07-19,0.4845,0.4895,0.477,0.489,0.3002,8784937
2022-07-20,0.488,0.4885,0.48,0.4825,0.2962,11676046
2022-07-21,0.4855,0.4925,0.484,0.4925,0.3023,4450432
2022-07-22,0.4935,0.5,0.4925,0.4975,0.3054,6619491
2022-07-25,0.5,0.502,0.498,0.502,0.3081,7821606
2022-07-26,0.503,0.509,0.501,0.501,0.3075,10432835
2022-07-27,0.506,0.523,0.506,0.516,0.3167,22585539
2022-07-28,0.528,0.539,0.527,0.53,0.3253,28950857
2022-07-29,0.536,0.538,0.526,0.53,0.3253,7555671
2022-08-01,0.533,0.536,0.527,0.529,0.3247,16568228
2022-08-02,0.53,0.534,0.521,0.525,0.3223,8576279
2022-08-03,0.529,0.535,0.525,0.528,0.3241,9607511
2022-08-04,0.53,0.532,0.528,0.529,0.3247,10341508
2022-08-05,0.531,0.533,0.528,0.53,0.3253,7675303
2022-08-08,0.53,0.532,0.527,0.529,0.3247,20022702
2022-08-09,0.529,0.53,0.525,0.529,0.3247,21004040
2022-08-10,0.4885,0.489,0.48,0.4865,0.3264,18402456
2022-08-11,0.487,0.492,0.4865,0.4895,0.3284,10212937
2022-08-12,0.49,0.493,0.49,0.491,0.3294,5210397
2022-08-16,0.4905,0.4915,0.486,0.486,0.3261,7944159
2022-08-17,0.4865,0.488,0.483,0.4845,0.325,10243885
2022-08-18,0.485,0.4885,0.484,0.4885,0.3277,1011075
2022-08-19,0.4855,0.488,0.484,0.4865,0.3264,977757
2022-08-22,0.4865,0.4865,0.481,0.483,0.324,6695716
2022-08-23,0.4845,0.485,0.472,0.4735,0.3177,10716955
2022-08-24,0.4735,0.478,0.4725,0.4745,0.3183,2866933
2022-08-25,0.4745,0.476,0.4725,0.476,0.3193,4396688
2022-08-26,0.4745,0.4795,0.474,0.478,0.3207,3314600
2022-08-29,0.473,0.4765,0.472,0.4755,0.319,2182558
2022-08-30,0.4755,0.479,0.472,0.477,0.32,7580011
2022-08-31,0.4765,0.4765,0.469,0.474,0.318,14844131
2022-09-01,0.468,0.47,0.456,0.46,0.3086,12417761
2022-09-02,0.46,0.4625,0.45,0.455,0.3053,15354667
2022-09-05,0.455,0.4615,0.4545,0.4615,0.3096,1878014
2022-09-06,0.4635,0.471,0.462,0.466,0.3126,7511900
2022-09-07,0.466,0.466,0.462,0.4645,0.3116,6183613
2022-09-08,0.466,0.466,0.4575,0.459,0.3079,13868764
2022-09-09,0.459,0.462,0.4505,0.456,0.3059,7796212
2022-09-12,0.4565,0.4565,0.4475,0.456,0.3059,21354747
2022-09-13,0.457,0.459,0.452,0.457,0.3066,24323085
2022-09-14,0.4565,0.4575,0.4505,0.4575,0.3069,23896840
2022-09-15,0.456,0.459,0.4555,0.456,0.3059,24222057
2022-09-16,0.4575,0.459,0.448,0.455,0.3053,16752765
2022-09-19,0.455,0.455,0.4335,0.435,0.2918,13910987
2022-09-20,0.4395,0.4455,0.4375,0.4375,0.2935,3492261
2022-09-21,0.4375,0.441,0.423,0.425,0.2851,16817966
2022-09-22,0.4285,0.429,0.421,0.423,0.2838,8767630
2022-09-23,0.4235,0.424,0.413,0.416,0.2791,7253678
2022-09-26,0.416,0.417,0.403,0.406,0.2724,30684041
2022-09-27,0.408,0.4165,0.4,0.4,0.2684,29894597
2022-09-28,0.4025,0.405,0.389,0.396,0.2657,83042668
2022-09-29,0.399,0.4045,0.397,0.3985,0.2674,11121774
2022-09-30,0.4,0.4195,0.4,0.418,0.2804,11039259
2022-10-03,0.4175,0.436,0.412,0.435,0.2918,8973128
2022-10-04,0.438,0.445,0.429,0.44,0.2952,9496599
2022-10-05,0.441,0.444,0.431,0.4315,0.2895,11924420
2022-10-06,0.4345,0.441,0.4315,0.4345,0.2915,3055110
2022-10-07,0.435,0.439,0.431,0.431,0.2892,5891396
2022-10-10,0.4315,0.439,0.423,0.43,0.2885,5697733
2022-10-11,0.4325,0.4325,0.422,0.425,0.2851,2179220
2022-10-12,0.426,0.431,0.4175,0.418,0.2804,7646972
2022-10-13,0.4195,0.423,0.414,0.4195,0.2814,6864775
2022-10-14,0.425,0.4295,0.417,0.42,0.2818,5281997
2022-10-17,0.42,0.424,0.418,0.42,0.2818,1749404
2022-10-18,0.4225,0.427,0.422,0.4265,0.2861,10229538
2022-10-19,0.427,0.43,0.424,0.427,0.2865,3798877
2022-10-20,0.427,0.4315,0.425,0.4265,0.2861,3799187
2022-10-21,0.4295,0.431,0.427,0.43,0.2885,2109031
2022-10-24,0.43,0.4345,0.4285,0.433,0.2905,3253785
2022-10-25,0.434,0.4425,0.432,0.4425,0.2969,2525913
2022-10-26,0.443,0.448,0.4425,0.446,0.2992,5889756
2022-10-27,0.4475,0.4505,0.4475,0.4495,0.3016,7241793
2022-10-28,0.46,0.4635,0.452,0.452,0.3032,13224181
2022-10-31,0.459,0.462,0.452,0.452,0.3032,29899798
2022-11-01,0.4595,0.4595,0.4555,0.4565,0.3063,3479221
2022-11-02,0.458,0.459,0.4495,0.454,0.3046,5724192
2022-11-03,0.449,0.4535,0.442,0.452,0.3032,21190483
2022-11-04,0.451,0.4565,0.4505,0.452,0.3032,7977178
2022-11-07,0.454,0.459,0.4505,0.4505,0.3022,5785920
2022-11-08,0.4545,0.4565,0.446,0.4525,0.3036,10441868
2022-11-09,0.453,0.4535,0.447,0.449,0.3012,6428148
2022-11-10,0.452,0.452,0.448,0.449,0.3012,9996724
2022-11-11,0.4515,0.455,0.451,0.451,0.3026,5127725
2022-11-14,0.452,0.455,0.4515,0.454,0.3046,9813286
2022-11-15,0.454,0.4555,0.452,0.453,0.3039,5723894
2022-11-16,0.4535,0.4545,0.4415,0.448,0.3006,12341754
2022-11-17,0.448,0.45,0.446,0.45,0.3019,7862238
2022-11-18,0.45,0.451,0.4455,0.446,0.2992,3117884
2022-11-21,0.447,0.4485,0.444,0.444,0.2979,3148922
2022-11-22,0.4445,0.447,0.444,0.445,0.2985,3138409
2022-11-23,0.447,0.448,0.445,0.4455,0.2989,2966913
2022-11-24,0.446,0.452,0.445,0.4505,0.3022,6381099
2022-11-25,0.451,0.454,0.4475,0.4525,0.3036,7749546
2022-11-28,0.4505,0.451,0.4475,0.448,0.3006,5595343
2022-11-29,0.449,0.463,0.448,0.463,0.3106,40797874
2022-12-02,0.461,0.462,0.456,0.457,0.3066,22210216
2022-12-05,0.46,0.4645,0.457,0.4645,0.3116,21119934
2022-12-06,0.465,0.4765,0.465,0.474,0.318,19005438
2022-12-07,0.474,0.476,0.4645,0.468,0.314,14570083
2022-12-08,0.4675,0.4715,0.464,0.4655,0.3123,14782546
2022-12-09,0.464,0.4675,0.4605,0.4675,0.3136,7348683
2022-12-12,0.465,0.471,0.4615,0.4685,0.3143,22366892
2022-12-13,0.467,0.468,0.4605,0.4645,0.3116,19551532
2022-12-14,0.45,0.46,0.4465,0.46,0.3086,200459658
2022-12-15,0.455,0.4615,0.45,0.455,0.3053,43148914
2022-12-16,0.456,0.459,0.4535,0.459,0.3079,17767107
2022-12-19,0.4595,0.4615,0.455,0.4575,0.3069,11127417
2022-12-20,0.457,0.4575,0.4535,0.4565,0.3063,50727955
2022-12-21,0.4595,0.46,0.4545,0.456,0.3059,10800386
2022-12-22,0.456,0.459,0.456,0.4575,0.3069,4235532
2022-12-23,0.4575,0.459,0.456,0.456,0.3059,10278138
2022-12-27,0.4575,0.458,0.4555,0.456,0.3059,18773573
2022-12-28,0.446,0.45,0.4275,0.428,0.2871,224512939
2022-12-29,0.428,0.43,0.4175,0.4195,0.2814,76939668
2022-12-30,0.4195,0.421,0.418,0.42,0.2818,30493755
2023-01-03,0.42,0.4315,0.419,0.431,0.2892,62168647
2023-01-04,0.432,0.437,0.4295,0.432,0.2898,17227671
2023-01-05,0.4355,0.4365,0.4315,0.434,0.2912,11040216
2023-01-06,0.4355,0.4355,0.429,0.4295,0.2881,10947636
2023-01-09,0.4325,0.442,0.43,0.442,0.2965,12291248
2023-01-10,0.442,0.4445,0.4405,0.443,0.2972,7573773
2023-01-11,0.444,0.449,0.4435,0.448,0.3006,22869534
2023-01-12,0.456,0.46,0.453,0.455,0.3053,13183991
2023-01-13,0.455,0.4565,0.4445,0.445,0.2985,13785115
2023-01-16,0.4475,0.4485,0.439,0.4415,0.2962,9978616
2023-01-17,0.442,0.4495,0.442,0.444,0.2979,13037742
2023-01-18,0.446,0.447,0.4435,0.445,0.2985,3729962
2023-01-19,0.446,0.446,0.443,0.444,0.2979,4564947
2023-01-20,0.445,0.445,0.441,0.4435,0.2975,20899663
2023-01-23,0.444,0.4475,0.444,0.4475,0.3002,7491167
2023-01-25,0.448,0.448,0.4455,0.448,0.3006,4904913
2023-01-26,0.4485,0.4515,0.4485,0.4495,0.3016,3395158
2023-01-27,0.45,0.451,0.449,0.45,0.3019,33045181
2023-01-30,0.4515,0.456,0.448,0.455,0.3053,11818826
2023-01-31,0.459,0.4655,0.4585,0.461,0.3093,20982051
2023-02-01,0.466,0.47,0.465,0.4675,0.3136,16552673
2023-02-02,0.4735,0.4735,0.466,0.4685,0.3143,15600278
2023-02-03,0.469,0.4705,0.468,0.47,0.3153,13450101
2023-02-06,0.4705,0.474,0.469,0.4705,0.3157,19651129
2023-02-07,0.473,0.4775,0.4685,0.476,0.3193,23163796
2023-02-08,0.476,0.48,0.4735,0.475,0.3187,41693580
2023-02-09,0.475,0.4775,0.4675,0.4725,0.317,36511107
2023-02-10,0.473,0.4735,0.469,0.4695,0.315,22752068
2023-02-13,0.4725,0.478,0.4705,0.476,0.3193,24131951
2023-02-14,0.476,0.483,0.476,0.48,0.322,6725620
2023-02-15,0.4815,0.4825,0.476,0.48,0.322,6798293
2023-02-16,0.482,0.4825,0.4765,0.478,0.3207,5745819
2023-02-17,0.478,0.4795,0.473,0.4745,0.3183,6742910
2023-02-20,0.4745,0.4795,0.47,0.4765,0.3197,4266543
2023-02-21,0.477,0.4785,0.473,0.474,0.318,3016783
2023-02-22,0.477,0.477,0.4695,0.4725,0.317,12331925
2023-02-23,0.4755,0.477,0.471,0.477,0.32,25998326
2023-02-24,0.476,0.479,0.475,0.479,0.3214,3262597
2023-02-27,0.4795,0.48,0.4745,0.475,0.3187,8972426
2023-02-28,0.477,0.4785,0.475,0.476,0.3193,46673527
2023-03-01,0.476,0.479,0.4755,0.477,0.32,20910334
2023-03-02,0.478,0.4785,0.4755,0.4765,0.3197,15819965
2023-03-03,0.4785,0.479,0.4765,0.4765,0.3197,7387826
2023-03-06,0.478,0.484,0.4765,0.484,0.3247,12145926
2023-03-07,0.4845,0.486,0.4815,0.484,0.3247,15115170
2023-03-08,0.482,0.501,0.48,0.497,0.3334,19722191
2023-03-09,0.497,0.509,0.495,0.501,0.3361,24803199
2023-03-10,0.502,0.506,0.496,0.498,0.3341,9037080
2023-03-13,0.4975,0.501,0.4865,0.487,0.3267,12816255
2023-03-14,0.489,0.499,0.4875,0.4965,0.3331,21992484
2023-03-15,0.4995,0.504,0.485,0.488,0.3274,25406766
2023-03-16,0.491,0.4945,0.4825,0.485,0.3254,23638974
2023-03-17,0.488,0.4945,0.4875,0.49,0.3287,23247102
2023-03-20,0.488,0.4885,0.4795,0.4795,0.3217,11526081
2023-03-21,0.48,0.4845,0.4665,0.4695,0.315,12807501
2023-03-22,0.473,0.473,0.457,0.46,0.3086,26470894
2023-03-23,0.4645,0.4695,0.4595,0.466,0.3126,9632875
2023-03-24,0.4695,0.4695,0.456,0.46,0.3086,12019104
2023-03-27,0.4605,0.469,0.4605,0.468,0.314,3726862
2023-03-28,0.468,0.474,0.468,0.468,0.314,20644068
2023-03-29,0.468,0.4715,0.458,0.461,0.3093,10560169
2023-03-30,0.457,0.4625,0.4505,0.458,0.3073,13528664
2023-03-31,0.46,0.465,0.458,0.4605,0.3089,5914842
2023-04-03,0.465,0.469,0.465,0.468,0.314,5369861
2023-04-04,0.4688,0.4762,0.4688,0.4762,0.3195,8842828
2023-04-05,0.4764,0.4862,0.4764,0.48,0.322,17773423
2023-04-06,0.483,0.4858,0.4792,0.483,0.324,3804848
2023-04-07,0.483,0.4854,0.483,0.4852,0.3255,1933301
2023-04-10,0.4854,0.4886,0.484,0.4884,0.3277,2060253
2023-04-11,0.4886,0.4948,0.4884,0.4948,0.332,4399466
2023-04-12,0.4942,0.4942,0.4844,0.489,0.3281,8806439
2023-04-13,0.489,0.4898,0.4876,0.4892,0.3282,1426011
2023-04-18,0.4912,0.497,0.4898,0.4968,0.3333,9833410
2023-04-19,0.4968,0.499,0.496,0.498,0.3341,6111110
2023-04-20,0.4984,0.4994,0.493,0.4952,0.3322,8079194
2023-04-21,0.4952,0.496,0.493,0.4938,0.3313,2748424
2023-04-24,0.4936,0.4956,0.4922,0.495,0.3321,9322350
2023-04-25,0.4952,0.499,0.495,0.499,0.3348,17783392
2023-04-26,0.4994,0.5,0.4962,0.497,0.3334,7153101
2023-04-27,0.4978,0.4978,0.4864,0.4878,0.3273,6171058
2023-04-28,0.488,0.49,0.485,0.485,0.3254,4893896
2023-05-02,0.488,0.4966,0.482,0.4934,0.331,5054621
2023-05-03,0.496,0.496,0.485,0.489,0.3281,7738689
2023-05-04,0.488,0.492,0.4836,0.4836,0.3244,16651384
2023-05-05,0.4838,0.4882,0.4838,0.486,0.3261,15814829
2023-05-08,0.486,0.4928,0.486,0.4928,0.3306,4330400
2023-05-09,0.4928,0.495,0.4896,0.49,0.3287,5601614
2023-05-10,0.4934,0.4934,0.49,0.4922,0.3302,18003045
2023-05-11,0.4924,0.495,0.492,0.4944,0.3317,12713837
2023-05-12,0.465,0.4694,0.46,0.468,0.3397,9887188
2023-05-15,0.47,0.4724,0.4682,0.4688,0.3403,12819190
2023-05-16,0.4688,0.474,0.467,0.474,0.3441,11355694
2023-05-17,0.47,0.4748,0.47,0.4748,0.3447,2978550
2023-05-18,0.4748,0.478,0.4738,0.4762,0.3457,3968228
2023-05-19,0.478,0.4828,0.4762,0.4812,0.3493,7042694
2023-05-22,0.4828,0.4898,0.4828,0.4898,0.3556,5391046
2023-05-23,0.4864,0.499,0.4864,0.497,0.3608,11295324
2023-05-24,0.496,0.4972,0.4872,0.495,0.3593,5332513
2023-05-25,0.495,0.495,0.4862,0.494,0.3586,2576880
2023-05-26,0.494,0.494,0.489,0.493,0.3579,5520405
2023-05-29,0.493,0.493,0.4894,0.492,0.3572,1134035
2023-05-30,0.4924,0.4972,0.4852,0.4972,0.3609,10501269
2023-05-31,0.4922,0.4972,0.492,0.497,0.3608,16448216
2023-06-02,0.4968,0.497,0.491,0.495,0.3593,4422918
2023-06-06,0.4956,0.4978,0.4956,0.497,0.3608,6648018
2023-06-07,0.497,0.4976,0.495,0.495,0.3593,12999394
2023-06-08,0.495,0.497,0.4904,0.492,0.3572,10235116
2023-06-09,0.494,0.494,0.4904,0.4926,0.3576,7867134
2023-06-12,0.4926,0.493,0.4902,0.493,0.3579,4111662
2023-06-13,0.4928,0.4974,0.4902,0.497,0.3608,11937418
2023-06-14,0.4978,0.498,0.492,0.497,0.3608,5561110
2023-06-15,0.497,0.4976,0.4912,0.4916,0.3569,4049789
2023-06-16,0.495,0.495,0.488,0.488,0.3543,51002209
2023-06-19,0.4912,0.495,0.4904,0.492,0.3572,4581697
2023-06-20,0.493,0.4938,0.492,0.492,0.3572,3773770
2023-06-21,0.4942,0.4946,0.492,0.492,0.3572,14100478
2023-06-22,0.492,0.4942,0.4902,0.4902,0.3559,867474
2023-06-23,0.49,0.49,0.484,0.4896,0.3554,3229036
2023-06-26,0.4898,0.49,0.4852,0.4852,0.3522,4588997
2023-06-27,0.489,0.493,0.488,0.49,0.3557,8822786
2023-06-28,0.49,0.495,0.49,0.495,0.3593,9100040
2023-06-29,0.495,0.515,0.495,0.507,0.3681,22415673
2023-06-30,0.512,0.515,0.499,0.5,0.363,50635363
2023-07-03,0.5,0.512,0.5,0.51,0.3702,22360930
2023-07-04,0.509,0.516,0.5085,0.516,0.3746,11443313
2023-07-05,0.52,0.5455,0.512,0.5455,0.396,41763133
2023-07-06,0.5495,0.5495,0.528,0.5325,0.3866,33138262
2023-07-07,0.5375,0.538,0.5325,0.535,0.3884,15536863
2023-07-10,0.5365,0.5365,0.521,0.5245,0.3808,25089561
2023-07-11,0.5265,0.5395,0.525,0.5395,0.3917,10319978
2023-07-12,0.5395,0.547,0.532,0.5345,0.388,18138811
2023-07-13,0.5365,0.54,0.527,0.535,0.3884,15245486
2023-07-14,0.536,0.54,0.536,0.539,0.3913,2556541
2023-07-17,0.5385,0.5425,0.5375,0.54,0.392,7066634
2023-07-18,0.544,0.55,0.5425,0.55,0.3993,16619058
2023-07-19,0.549,0.553,0.5475,0.55,0.3993,20598923
2023-07-20,0.55,0.5545,0.5475,0.553,0.4015,20069904
2023-07-21,0.5535,0.5535,0.547,0.55,0.3993,13644678
2023-07-24,0.55,0.551,0.544,0.5495,0.3989,16468559
2023-07-25,0.55,0.551,0.543,0.551,0.4,8712547
2023-07-26,0.551,0.5515,0.5435,0.548,0.3978,11545395
2023-07-27,0.5595,0.5695,0.55,0.55,0.3993,43194364
2023-07-28,0.542,0.55,0.542,0.5475,0.3975,30080702
2023-07-31,0.548,0.551,0.54,0.54,0.392,10598747
2023-08-01,0.5475,0.5475,0.5395,0.5455,0.396,9857567
2023-08-02,0.545,0.549,0.5405,0.5475,0.3975,7837309
2023-08-03,0.547,0.547,0.5355,0.538,0.3906,8082420
2023-08-04,0.5405,0.5455,0.534,0.534,0.3877,6958882
2023-08-07,0.534,0.5405,0.5335,0.5355,0.3888,2728166
2023-08-08,0.541,0.541,0.5355,0.538,0.3906,8133145
2023-08-09,0.538,0.538,0.5345,0.5345,0.388,29018333
2023-08-10,0.538,0.538,0.532,0.5325,0.3866,14003368
2023-08-11,0.5325,0.5365,0.532,0.533,0.3869,3651134
2023-08-14,0.5365,0.5365,0.5325,0.535,0.3884,5531180
2023-08-16,0.5365,0.5365,0.5235,0.524,0.3804,14395716
2023-08-17,0.526,0.527,0.51,0.515,0.3739,11687152
2023-08-18,0.5155,0.5155,0.5085,0.5135,0.3728,14484014
2023-08-21,0.5135,0.521,0.5095,0.515,0.3739,11052127
2023-08-22,0.5195,0.531,0.5195,0.526,0.3819,4016322
2023-08-23,0.53,0.5335,0.521,0.522,0.379,4559047
2023-08-24,0.528,0.531,0.524,0.529,0.384,7792752
2023-08-25,0.529,0.53,0.527,0.5285,0.3837,4203702
2023-08-28,0.531,0.537,0.526,0.537,0.3898,2971851
2023-08-29,0.537,0.546,0.537,0.544,0.3949,5659956
2023-08-30,0.544,0.55,0.544,0.549,0.3986,5865717
2023-08-31,0.5495,0.5495,0.532,0.532,0.3862,14567697
2023-09-01,0.5435,0.548,0.54,0.5415,0.3931,5840562
2023-09-04,0.5425,0.55,0.5425,0.549,0.3986,2747388
2023-09-05,0.549,0.55,0.5455,0.55,0.3993,10364097
2023-09-06,0.5495,0.5555,0.549,0.5555,0.4033,5740842
2023-09-07,0.554,0.559,0.553,0.555,0.4029,6325766
2023-09-08,0.5585,0.564,0.556,0.564,0.4094,4935894
2023-09-11,0.565,0.572,0.5645,0.571,0.4145,7018749
2023-09-12,0.5715,0.5795,0.57,0.579,0.4203,6511284
2023-09-13,0.586,0.589,0.571,0.575,0.4174,14278293
2023-09-14,0.5795,0.582,0.578,0.58,0.4211,22143584
2023-09-15,0.58,0.5935,0.58,0.5935,0.4309,30125612
2023-09-18,0.5935,0.6,0.59,0.5935,0.4309,22321417
2023-09-19,0.596,0.598,0.5925,0.5945,0.4316,11955357
2023-09-20,0.5975,0.6015,0.596,0.601,0.4363,58975445
2023-09-21,0.601,0.603,0.592,0.5995,0.4352,7201150
2023-09-22,0.5995,0.6025,0.5975,0.6,0.4356,22871955
2023-09-25,0.6,0.6015,0.5985,0.5995,0.4352,12162752
2023-09-26,0.5995,0.6,0.594,0.597,0.4334,19855539
2023-09-27,0.558,0.574,0.557,0.567,0.4452,44983329
2023-09-28,0.57,0.57,0.567,0.568,0.446,18662383
2023-09-29,0.5695,0.574,0.5665,0.57,0.4475,36613060
2023-10-02,0.57,0.5725,0.567,0.569,0.4467,16810415
2023-10-03,0.568,0.568,0.557,0.561,0.4405,11250206
2023-10-04,0.5605,0.5605,0.5445,0.5505,0.4322,19142868
2023-10-05,0.551,0.556,0.545,0.5485,0.4306,11179728
2023-10-06,0.552,0.552,0.537,0.544,0.4271,18721732
2023-10-09,0.55,0.5515,0.54,0.5445,0.4275,7323879
2023-10-10,0.547,0.5545,0.5455,0.554,0.435,13898541
2023-10-11,0.555,0.56,0.554,0.554,0.435,4954889
2023-10-12,0.5595,0.5595,0.55,0.5505,0.4322,8918700
2023-10-13,0.5555,0.557,0.5535,0.556,0.4365,5568063
2023-10-16,0.561,0.561,0.554,0.56,0.4397,5761840
2023-10-17,0.56,0.56,0.55,0.55,0.4318,3783843
2023-10-18,0.553,0.558,0.551,0.552,0.4334,2521040
2023-10-19,0.555,0.5595,0.552,0.554,0.435,7672361
2023-10-20,0.554,0.555,0.543,0.5455,0.4283,9816335
2023-10-23,0.55,0.556,0.549,0.553,0.4342,14413108
2023-10-24,0.5565,0.557,0.553,0.555,0.4358,4822866
2023-10-25,0.5555,0.557,0.553,0.5545,0.4354,5155238
2023-10-26,0.555,0.555,0.552,0.553,0.4342,2968336
2023-10-27,0.553,0.5545,0.5465,0.5495,0.4314,7505509
2023-10-30,0.5525,0.553,0.549,0.55,0.4318,2122931
2023-10-31,0.546,0.549,0.5335,0.536,0.4208,16900933
2023-11-01,0.538,0.5395,0.5235,0.529,0.4153,22045649
2023-11-02,0.531,0.5395,0.527,0.5355,0.4204,10771019
2023-11-03,0.5385,0.549,0.537,0.549,0.431,7463774
2023-11-06,0.549,0.555,0.546,0.5475,0.4299,4776027
2023-11-07,0.5535,0.5595,0.552,0.556,0.4365,7300949
2023-11-08,0.556,0.556,0.544,0.548,0.4303,5165886
2023-11-09,0.5505,0.553,0.545,0.545,0.4279,1751790
2023-11-10,0.547,0.549,0.54,0.544,0.4271,5151564
2023-11-13,0.5445,0.551,0.544,0.551,0.4326,2379196
2023-11-14,0.5525,0.5555,0.55,0.5535,0.4346,3692627
2023-11-15,0.5535,0.5555,0.547,0.547,0.4295,25085875
2023-11-16,0.553,0.554,0.549,0.5535,0.4346,3059144
2023-11-17,0.55,0.553,0.5475,0.55,0.4318,3887454
2023-11-20,0.5495,0.551,0.5465,0.5465,0.4291,2390727
2023-11-21,0.55,0.5545,0.548,0.5535,0.4346,5104464
2023-11-22,0.554,0.557,0.552,0.552,0.4334,4649426
2023-11-23,0.556,0.557,0.55,0.553,0.4342,2041900
2023-11-24,0.5545,0.555,0.553,0.553,0.4342,2140334
2023-11-27,0.5535,0.5535,0.545,0.545,0.4279,5833713
2023-11-28,0.55,0.551,0.5435,0.5435,0.4267,6935129
2023-11-29,0.545,0.549,0.541,0.541,0.4248,24530337
2023-12-04,0.549,0.549,0.544,0.547,0.4295,7572254
2023-12-05,0.5475,0.5485,0.545,0.5465,0.4291,4333830
2023-12-06,0.5485,0.552,0.5465,0.551,0.4326,13535355
2023-12-07,0.5515,0.5545,0.546,0.549,0.431,31403164
2023-12-08,0.552,0.561,0.549,0.56,0.4397,14152683
2023-12-11,0.561,0.5715,0.56,0.565,0.4436,27351572
2023-12-12,0.565,0.5735,0.56,0.571,0.4483,25233950
2023-12-13,0.571,0.579,0.57,0.578,0.4538,27423164
2023-12-14,0.578,0.582,0.5745,0.582,0.457,15661838
2023-12-15,0.582,0.589,0.5785,0.5835,0.4581,14955449
2023-12-18,0.5835,0.586,0.576,0.58,0.4554,22409425
2023-12-19,0.58,0.583,0.576,0.583,0.4577,24082411
2023-12-20,0.58,0.5825,0.57,0.579,0.4546,17018230
2023-12-21,0.571,0.5725,0.5595,0.563,0.442,24593300
2023-12-22,0.5665,0.57,0.562,0.57,0.4475,7064348
2023-12-27,0.5695,0.5785,0.5685,0.5755,0.4518,5268827
2023-12-28,0.5755,0.578,0.567,0.5715,0.4487,3714926
2023-12-29,0.5735,0.5745,0.5655,0.5745,0.4511,4282528
2024-01-03,0.5745,0.5785,0.5665,0.567,0.4452,5676390
2024-01-04,0.571,0.5725,0.568,0.568,0.446,3465194
2024-01-05,0.57,0.575,0.567,0.569,0.4467,10088467
2024-01-08,0.57,0.575,0.5695,0.5695,0.4471,7444251
2024-01-09,0.5735,0.5815,0.5735,0.581,0.4562,28572303
2024-01-10,0.5815,0.584,0.581,0.581,0.4562,3277706
2024-01-11,0.584,0.5845,0.578,0.5795,0.455,12984334
2024-01-12,0.58,0.5845,0.578,0.58,0.4554,12599905
2024-01-15,0.58,0.581,0.576,0.5785,0.4542,11479701
2024-01-16,0.58,0.583,0.57,0.577,0.453,10469204
2024-01-17,0.577,0.5785,0.5685,0.57,0.4475,15819873
2024-01-18,0.572,0.575,0.5695,0.574,0.4507,4623837
2024-01-19,0.575,0.5775,0.574,0.574,0.4507,2922216
2024-01-22,0.5775,0.5795,0.573,0.5745,0.4511,4075260
2024-01-23,0.5745,0.575,0.5605,0.565,0.4436,18848810
2024-01-25,0.5665,0.568,0.553,0.559,0.4389,8564312
2024-01-26,0.56,0.5705,0.5595,0.56,0.4397,9644221
2024-01-29,0.569,0.572,0.5605,0.567,0.4452,7862180
2024-01-30,0.5705,0.5815,0.569,0.575,0.4515,57144120
2024-01-31,0.5795,0.581,0.575,0.58,0.4554,6821694
2024-02-01,0.584,0.59,0.584,0.5875,0.4613,12759732
2024-02-02,0.59,0.5985,0.5875,0.5875,0.4613,10068957
2024-02-05,0.594,0.596,0.585,0.585,0.4593,5761566
2024-02-06,0.5855,0.5895,0.578,0.578,0.4538,8218395
2024-02-07,0.586,0.586,0.579,0.585,0.4593,3710992
2024-02-08,0.5845,0.589,0.5845,0.586,0.4601,4690445
2024-02-09,0.59,0.592,0.588,0.5915,0.4644,2157666
2024-02-12,0.5915,0.595,0.59,0.593,0.4656,5148279
2024-02-13,0.595,0.595,0.5885,0.589,0.4624,4423699
2024-02-14,0.5945,0.5945,0.5895,0.59,0.4632,1498304
2024-02-15,0.591,0.5915,0.5875,0.59,0.4632,2679504
2024-02-16,0.591,0.5955,0.59,0.59,0.4632,4670589
2024-02-19,0.5955,0.6,0.595,0.598,0.4695,11505298
2024-02-20,0.596,0.6,0.5955,0.5955,0.4676,8252345
2024-02-21,0.5955,0.612,0.5955,0.612,0.4805,7084140
2024-02-22,0.612,0.625,0.612,0.6225,0.4888,11464963
2024-02-23,0.622,0.625,0.603,0.613,0.4813,6554238
2024-02-26,0.619,0.625,0.614,0.618,0.4852,4234928
2024-02-27,0.618,0.6205,0.603,0.603,0.4734,9801919
2024-02-28,0.606,0.6135,0.605,0.6095,0.4785,6647032
2024-02-29,0.6095,0.625,0.6075,0.617,0.4844,26993642
2024-03-01,0.617,0.622,0.6145,0.6185,0.4856,6992169
2024-03-04,0.619,0.623,0.616,0.621,0.4876,18597318
2024-03-05,0.621,0.6295,0.6205,0.6295,0.4942,15488389
2024-03-06,0.6295,0.632,0.625,0.63,0.4946,4694571
2024-03-07,0.631,0.6355,0.6295,0.6295,0.4942,6337538
2024-03-08,0.6345,0.642,0.634,0.642,0.5041,12941175
2024-03-11,0.642,0.643,0.63,0.635,0.4986,11591014
2024-03-12,0.64,0.64,0.6335,0.6365,0.4997,14196400
2024-03-13,0.64,0.644,0.639,0.64,0.5025,4602514
2024-03-14,0.644,0.644,0.64,0.644,0.5056,3470142
2024-03-15,0.644,0.651,0.64,0.642,0.5041,25643745
2024-03-18,0.65,0.6535,0.65,0.6515,0.5115,5104038
2024-03-19,0.653,0.653,0.6485,0.65,0.5103,14581077
2024-03-20,0.653,0.654,0.65,0.652,0.5119,40258471
2024-03-21,0.6545,0.6595,0.654,0.659,0.5174,28684400
2024-03-22,0.6595,0.682,0.6595,0.677,0.5315,14658969
2024-03-25,0.6775,0.683,0.67,0.67,0.526,15857913
2024-03-26,0.6765,0.677,0.6705,0.6705,0.5264,9479237
2024-03-27,0.675,0.675,0.6725,0.675,0.53,5053149
2024-03-28,0.6745,0.68,0.666,0.67,0.526,10477713
2024-03-29,0.67,0.68,0.67,0.6735,0.5288,5295004
2024-04-01,0.676,0.678,0.6695,0.6755,0.5304,4956279
2024-04-02,0.6755,0.68,0.6725,0.674,0.5292,11498043
2024-04-03,0.6735,0.6785,0.672,0.672,0.5276,5540400
2024-04-04,0.675,0.68,0.674,0.675,0.53,10876542
2024-04-05,0.6755,0.6785,0.6715,0.6725,0.528,15106535
2024-04-08,0.674,0.68,0.674,0.68,0.5339,6975332
2024-04-09,0.68,0.69,0.68,0.685,0.5378,8517165
2024-04-10,0.6895,0.6905,0.6805,0.685,0.5378,6041016
2024-04-11,0.685,0.689,0.671,0.678,0.5323,7633572
2024-04-12,0.681,0.689,0.681,0.687,0.5394,4886936
2024-04-15,0.687,0.6875,0.6815,0.685,0.5378,7445200
2024-04-16,0.685,0.685,0.675,0.679,0.5331,5411467
2024-04-17,0.68,0.688,0.68,0.685,0.5378,17079042
2024-04-18,0.6865,0.6885,0.678,0.6805,0.5343,3154989
2024-04-19,0.681,0.687,0.68,0.683,0.5363,9356375
2024-04-22,0.683,0.687,0.6785,0.68,0.5339,5736009
2024-04-23,0.685,0.6865,0.681,0.684,0.537,3834202
2024-04-24,0.685,0.69,0.685,0.69,0.5417,27607530
2024-04-25,0.69,0.692,0.6865,0.687,0.5394,7291736
2024-04-26,0.6895,0.6925,0.6885,0.689,0.541,5210879
2024-04-29,0.692,0.7,0.6915,0.6995,0.5492,7161640
2024-04-30,0.7,0.718,0.691,0.691,0.5425,18001766
2024-05-02,0.707,0.708,0.7,0.706,0.5543,5194141
2024-05-07,0.7085,0.715,0.7015,0.705,0.5535,7060692
2024-05-08,0.7045,0.7045,0.699,0.7,0.5496,10373174
2024-05-09,0.7,0.7095,0.7,0.7075,0.5555,6275597
2024-05-10,0.71,0.71,0.703,0.708,0.5559,13883605
2024-05-13,0.709,0.71,0.705,0.707,0.5551,21726715
2024-05-14,0.68,0.69,0.678,0.6825,0.5691,43811047
2024-05-15,0.683,0.688,0.679,0.679,0.5662,24290625
2024-05-16,0.679,0.6815,0.679,0.68,0.567,6537304
2024-05-17,0.682,0.6865,0.682,0.683,0.5695,6708032
2024-05-20,0.685,0.6865,0.675,0.675,0.5628,17975379
2024-05-21,0.677,0.679,0.6645,0.666,0.5553,12642954
2024-05-22,0.666,0.6805,0.666,0.6805,0.5674,4505296
2024-05-23,0.6805,0.6845,0.68,0.684,0.5704,2684842
2024-05-24,0.684,0.706,0.681,0.706,0.5887,12215694
2024-05-27,0.7055,0.7065,0.698,0.705,0.5879,5955541
2024-05-28,0.705,0.7095,0.696,0.7035,0.5866,4405027
2024-05-29,0.7025,0.707,0.698,0.703,0.5862,4578227
2024-05-30,0.7025,0.7035,0.698,0.703,0.5862,2990138
2024-05-31,0.7025,0.703,0.698,0.7025,0.5858,4246346
2024-06-03,0.7015,0.703,0.698,0.699,0.5829,4862465
2024-06-04,0.7015,0.703,0.698,0.7,0.5837,2644143
2024-06-05,0.7015,0.708,0.7,0.7065,0.5891,9456089
2024-06-06,0.707,0.7345,0.707,0.725,0.6045,9655499
2024-06-07,0.725,0.7485,0.722,0.745,0.6212,12195699
2024-06-10,0.7485,0.751,0.7235,0.726,0.6054,13057662
2024-06-11,0.735,0.742,0.7315,0.7365,0.6141,31063225
2024-06-12,0.74,0.7475,0.74,0.746,0.6221,14115533
2024-06-13,0.747,0.768,0.7465,0.7545,0.6291,12487420
2024-06-14,0.7595,0.76,0.75,0.75,0.6254,7472847
2024-06-17,0.754,0.76,0.745,0.75,0.6254,43780113
2024-06-18,0.753,0.7585,0.747,0.75,0.6254,15285560
2024-06-19,0.76,0.777,0.7575,0.76,0.6337,58869849
2024-06-20,0.7665,0.7685,0.7625,0.7625,0.6358,55299625
2024-06-21,0.7695,0.7765,0.7695,0.773,0.6446,16904324
2024-06-25,0.7775,0.78,0.769,0.772,0.6437,34164999
2024-06-26,0.772,0.777,0.764,0.7645,0.6375,9216704
2024-06-27,0.7695,0.7695,0.752,0.754,0.6287,12810418
2024-06-28,0.754,0.771,0.754,0.765,0.6379,10668597
2024-07-01,0.77,0.77,0.762,0.763,0.6362,12300281
2024-07-02,0.766,0.7695,0.7595,0.76,0.6337,8186327
2024-07-03,0.767,0.7675,0.7605,0.765,0.6379,5076953
2024-07-04,0.765,0.777,0.763,0.776,0.6471,15522451
2024-07-05,0.775,0.7765,0.772,0.7735,0.645,9365135
2024-07-08,0.774,0.7765,0.771,0.7715,0.6433,7658935
2024-07-09,0.774,0.774,0.761,0.761,0.6346,9168142
2024-07-10,0.7675,0.773,0.755,0.77,0.6421,12136104
2024-07-11,0.77,0.774,0.768,0.772,0.6437,7208770
2024-07-12,0.772,0.774,0.7695,0.77,0.6421,5380981
2024-07-15,0.773,0.777,0.7695,0.777,0.6479,5890777
2024-07-16,0.777,0.7875,0.7765,0.7815,0.6517,39603500
2024-07-17,0.785,0.787,0.781,0.782,0.6521,17852215
2024-07-18,0.782,0.785,0.782,0.7825,0.6525,8835795
2024-07-19,0.784,0.785,0.7825,0.784,0.6537,7628120
2024-07-22,0.784,0.785,0.7815,0.7825,0.6525,6873240
2024-07-23,0.783,0.799,0.7825,0.788,0.6571,10953743
2024-07-24,0.7925,0.795,0.788,0.793,0.6612,11242463
2024-07-25,0.793,0.793,0.7795,0.781,0.6512,18162685
2024-07-26,0.784,0.792,0.784,0.789,0.6579,7547686
2024-07-29,0.79,0.793,0.789,0.79,0.6587,6444935
2024-07-30,0.79,0.791,0.787,0.79,0.6587,15753168
2024-07-31,0.7925,0.798,0.789,0.789,0.6579,12827840
2024-08-01,0.791,0.7985,0.786,0.786,0.6554,8049562
2024-08-02,0.79,0.79,0.785,0.786,0.6554,10235243
2024-08-05,0.778,0.778,0.746,0.755,0.6296,43801396
2024-08-06,0.763,0.784,0.7595,0.765,0.6379,37895229
2024-08-07,0.775,0.782,0.7695,0.7775,0.6483,25598504
2024-08-08,0.7775,0.7795,0.773,0.774,0.6454,11957698
2024-08-09,0.7635,0.7635,0.7525,0.7535,0.6536,14420247
2024-08-12,0.755,0.765,0.755,0.759,0.6584,7727438
2024-08-13,0.764,0.764,0.757,0.757,0.6567,5562276
2024-08-14,0.76,0.76,0.7585,0.759,0.6584,3908250
2024-08-16,0.759,0.76,0.7555,0.7555,0.6554,4352111
2024-08-19,0.7565,0.7605,0.755,0.76,0.6593,21190675
2024-08-20,0.76,0.7655,0.76,0.76,0.6593,5393341
2024-08-21,0.76,0.765,0.759,0.7605,0.6597,3152031
2024-08-22,0.7645,0.7645,0.759,0.7625,0.6614,4214828
2024-08-23,0.763,0.765,0.7615,0.7615,0.6606,4005429
2024-08-26,0.763,0.764,0.76,0.763,0.6619,3761092
2024-08-27,0.764,0.764,0.761,0.761,0.6601,3885445
2024-08-28,0.7615,0.7625,0.759,0.759,0.6584,3102334
2024-08-29,0.759,0.762,0.7535,0.758,0.6575,4696914
2024-08-30,0.759,0.7615,0.755,0.755,0.6549,5930109
2024-09-02,0.762,0.763,0.755,0.7595,0.6588,2130365
2024-09-03,0.76,0.7655,0.76,0.765,0.6636,7780521
2024-09-04,0.762,0.762,0.752,0.753,0.6532,10077779
2024-09-05,0.7525,0.7585,0.74,0.743,0.6445,10565104
2024-09-06,0.7495,0.7495,0.711,0.718,0.6228,21216121
2024-09-09,0.718,0.7325,0.7175,0.722,0.6263,11817475
2024-09-10,0.723,0.728,0.719,0.723,0.6272,5857584
2024-09-11,0.719,0.7205,0.71,0.71,0.6159,5872831
2024-09-12,0.711,0.7195,0.7095,0.7145,0.6198,5066962
2024-09-13,0.717,0.724,0.717,0.724,0.6281,2042556
2024-09-16,0.725,0.7295,0.725,0.728,0.6315,2624527
2024-09-17,0.728,0.729,0.726,0.7275,0.6311,3119333
2024-09-18,0.729,0.731,0.7265,0.7265,0.6302,7155936
2024-09-19,0.73,0.7325,0.728,0.729,0.6324,8571054
2024-09-20,0.733,0.734,0.724,0.734,0.6367,18808138
2024-09-23,0.732,0.738,0.729,0.73,0.6333,26510687
2024-09-24,0.7325,0.735,0.7285,0.73,0.6333,9169379
2024-09-25,0.7325,0.7325,0.726,0.73,0.6333,3514462
2024-09-26,0.73,0.73,0.7205,0.7205,0.625,17073749
2024-09-27,0.7295,0.73,0.725,0.73,0.6333,24995359
2024-09-30,0.73,0.73,0.72,0.729,0.6324,12551329
2024-10-01,0.729,0.73,0.725,0.728,0.6315,4325368
2024-10-02,0.7285,0.7285,0.722,0.724,0.6281,10544926
2024-10-03,0.726,0.7275,0.7245,0.7245,0.6285,2814190
2024-10-04,0.726,0.729,0.7245,0.728,0.6315,13419143
2024-10-07,0.7285,0.73,0.728,0.73,0.6333,10750017
2024-10-08,0.7295,0.7295,0.722,0.722,0.6263,6831520
2024-10-09,0.726,0.73,0.7235,0.73,0.6333,25628104
2024-10-10,0.73,0.73,0.728,0.73,0.6333,3533043
2024-10-11,0.73,0.73,0.7275,0.73,0.6333,4497208
2024-10-14,0.73,0.73,0.726,0.727,0.6307,4354467
2024-10-15,0.727,0.73,0.726,0.727,0.6307,7610415
2024-10-16,0.7255,0.73,0.72,0.724,0.6281,5058851
2024-10-17,0.724,0.727,0.7195,0.7235,0.6276,4172841
2024-10-18,0.722,0.728,0.72,0.7215,0.6259,1580481
2024-10-21,0.724,0.7295,0.7235,0.729,0.6324,11951139
2024-10-22,0.729,0.73,0.715,0.715,0.6202,11697058
2024-10-23,0.72,0.726,0.715,0.7245,0.6285,11981358
2024-10-24,0.7245,0.729,0.7215,0.727,0.6307,11641321
2024-10-25,0.7285,0.729,0.7205,0.721,0.6254,1622867
2024-10-28,0.72,0.72,0.712,0.712,0.6176,4039533
2024-10-29,0.7155,0.7375,0.7155,0.7375,0.6398,9567777
2024-10-30,0.738,0.7435,0.73,0.737,0.6393,6561241
2024-10-31,0.7365,0.739,0.72,0.739,0.6411,8749525
2024-11-01,0.73,0.739,0.73,0.7385,0.6406,4568485
2024-11-04,0.7385,0.7385,0.7295,0.733,0.6359,14233828
2024-11-05,0.733,0.733,0.729,0.7325,0.6354,2159419
2024-11-06,0.733,0.735,0.7285,0.7315,0.6346,2895410
2024-11-07,0.733,0.7335,0.7305,0.7305,0.6337,2808174
2024-11-08,0.732,0.736,0.731,0.732,0.635,16141293
2024-11-11,0.733,0.7435,0.733,0.7435,0.645,7241552
2024-11-12,0.744,0.7535,0.744,0.75,0.6506,7895461
2024-11-13,0.75,0.753,0.744,0.7445,0.6458,3736526
2024-11-14,0.748,0.75,0.7415,0.745,0.6463,27942220
2024-11-15,0.745,0.745,0.74,0.7415,0.6432,2281342
2024-11-18,0.7435,0.744,0.73,0.73,0.6333,5175800
2024-11-19,0.7325,0.7335,0.7175,0.7185,0.6233,6701476
2024-11-20,0.7185,0.7315,0.7185,0.722,0.6263,3801135
2024-11-21,0.7265,0.735,0.7245,0.735,0.6376,4875767
2024-11-22,0.736,0.738,0.729,0.7345,0.6372,2864443
2024-11-25,0.7335,0.7335,0.715,0.7335,0.6363,13903669
2024-11-26,0.733,0.7335,0.723,0.729,0.6324,3765317
2024-11-27,0.73,0.7325,0.725,0.7305,0.6337,3942399
2024-11-28,0.7275,0.7315,0.715,0.725,0.6289,18588994
2024-11-29,0.72,0.7215,0.698,0.713,0.6185,23755510
2024-12-02,0.7135,0.733,0.7135,0.72,0.6246,10017356
2024-12-03,0.7245,0.725,0.7,0.7,0.6072,23166689
2024-12-04,0.698,0.71,0.678,0.706,0.6124,21360476
2024-12-05,0.705,0.706,0.695,0.7015,0.6085,17410992
2024-12-06,0.7,0.7395,0.7,0.7205,0.625,26900624
2024-12-09,0.7295,0.7365,0.723,0.7275,0.6311,11529178
2024-12-10,0.7275,0.738,0.726,0.738,0.6402,7644403
2024-12-11,0.74,0.75,0.7385,0.747,0.648,8372342
2024-12-12,0.747,0.7485,0.742,0.7425,0.6441,10087889
2024-12-13,0.75,0.75,0.743,0.748,0.6489,4850647
2024-12-16,0.746,0.7475,0.733,0.734,0.6367,6175769
2024-12-17,0.736,0.741,0.733,0.735,0.6376,5619716
2024-12-18,0.73,0.7325,0.7155,0.7175,0.6224,9367422
2024-12-19,0.719,0.72,0.7,0.7015,0.6085,31555943
2024-12-20,0.703,0.7235,0.7025,0.7105,0.6163,7665400
2024-12-23,0.7275,0.7275,0.715,0.7155,0.6207,4078755
2024-12-27,0.73,0.73,0.717,0.718,0.6228,5383446
2024-12-30,0.7005,0.713,0.7,0.709,0.615,13819317
2025-01-03,0.715,0.728,0.715,0.7275,0.6311,2659493
2025-01-08,0.7295,0.741,0.7295,0.739,0.6411,6899452
2025-01-09,0.7395,0.74,0.7305,0.7305,0.6337,6847542
2025-01-10,0.7375,0.7375,0.728,0.728,0.6315,5302426
2025-01-13,0.7295,0.735,0.718,0.72,0.6246,4000983
2025-01-14,0.7185,0.7215,0.717,0.72,0.6246,7117178
2025-01-15,0.72,0.7215,0.715,0.715,0.6202,2662823
2025-01-16,0.718,0.725,0.718,0.7245,0.6285,12549313
2025-01-17,0.7245,0.7265,0.719,0.7265,0.6302,6148423
2025-01-20,0.7265,0.7265,0.722,0.7245,0.6285,6392970
2025-01-21,0.7245,0.7265,0.721,0.7265,0.6302,2855981
2025-01-22,0.7265,0.729,0.7225,0.7265,0.6302,6577499
2025-01-23,0.7265,0.7275,0.7215,0.7255,0.6294,2920502
2025-01-27,0.7255,0.7255,0.71,0.7235,0.6276,6616472
2025-01-28,0.723,0.733,0.72,0.732,0.635,7903698
2025-01-29,0.7305,0.731,0.7255,0.727,0.6307,5224678
2025-01-30,0.7275,0.734,0.727,0.73,0.6333,2199723
2025-01-31,0.7295,0.734,0.729,0.729,0.6324,3687143
2025-02-03,0.734,0.734,0.723,0.728,0.6315,4360491
2025-02-04,0.728,0.7295,0.72,0.728,0.6315,7376705
2025-02-05,0.728,0.74,0.728,0.74,0.6419,13023008
2025-02-06,0.735,0.7485,0.733,0.7485,0.6493,9699105
2025-02-07,0.7435,0.748,0.736,0.736,0.6385,4479255
2025-02-10,0.7415,0.744,0.7355,0.736,0.6385,7047174
2025-02-11,0.736,0.745,0.736,0.745,0.6463,10565196
2025-02-12,0.745,0.7545,0.743,0.7545,0.6545,5817452
2025-02-13,0.7535,0.756,0.7455,0.7525,0.6528,12964477
2025-02-14,0.7525,0.755,0.7475,0.755,0.6549,6675849
2025-02-17,0.7555,0.7575,0.75,0.7575,0.6571,4115631
2025-02-18,0.7575,0.7625,0.754,0.7625,0.6614,7935200
2025-02-19,0.765,0.771,0.765,0.77,0.668,21004526
2025-02-20,0.7705,0.772,0.764,0.7655,0.6641,4061003
2025-02-21,0.7655,0.7695,0.752,0.7525,0.6528,3118301
2025-02-24,0.752,0.752,0.745,0.745,0.6463,3766034
2025-02-25,0.7465,0.757,0.7445,0.757,0.6567,12958950
2025-02-26,0.757,0.758,0.752,0.758,0.6575,8703566
2025-02-27,0.7575,0.7585,0.751,0.7585,0.658,1617867
2025-02-28,0.7595,0.76,0.75,0.75,0.6506,5279334
2025-03-03,0.759,0.759,0.748,0.752,0.6523,3005216
2025-03-04,0.7515,0.752,0.723,0.723,0.6272,6737267
2025-03-05,0.7315,0.7445,0.731,0.7445,0.6458,5241519
2025-03-06,0.744,0.75,0.735,0.738,0.6402,4037898
2025-03-07,0.739,0.7515,0.735,0.75,0.6506,11892341
2025-03-10,0.75,0.7515,0.74,0.74,0.6419,15711986
2025-03-11,0.743,0.744,0.7325,0.7425,0.6441,2465295
2025-03-12,0.74,0.74,0.734,0.739,0.6411,2736606
2025-03-13,0.738,0.7395,0.735,0.735,0.6376,1445402
2025-03-14,0.7355,0.74,0.731,0.731,0.6341,5284451
2025-03-17,0.732,0.735,0.731,0.734,0.6367,3115432
2025-03-18,0.734,0.7385,0.73,0.73,0.6333,2675065
2025-03-19,0.738,0.7415,0.733,0.733,0.6359,4779629
2025-03-20,0.738,0.7445,0.731,0.733,0.6359,36491692
2025-03-21,0.7395,0.743,0.7295,0.734,0.6367,21923302
2025-03-24,0.734,0.74,0.73,0.7305,0.6337,4470800
2025-03-25,0.736,0.739,0.728,0.731,0.6341,10891318
2025-03-26,0.74,0.74,0.729,0.73,0.6333,3356694
2025-03-27,0.734,0.737,0.7315,0.736,0.6385,2585229
2025-03-28,0.7355,0.7425,0.73,0.7425,0.6441,11201064
2025-03-31,0.743,0.7445,0.739,0.739,0.6411,1499397
2025-04-01,0.74,0.746,0.739,0.745,0.6463,3501961
2025-04-02,0.745,0.7505,0.745,0.748,0.6489,4511427
2025-04-03,0.7445,0.7445,0.729,0.73,0.6333,7472837
2025-04-04,0.7305,0.734,0.72,0.72,0.6246,17226883
2025-04-07,0.71,0.715,0.7,0.705,0.6116,43100767
2025-04-08,0.71,0.717,0.7055,0.71,0.6159,10718798
2025-04-09,0.7045,0.705,0.6955,0.6955,0.6033,18917022
2025-04-10,0.72,0.724,0.7095,0.711,0.6168,9386949
2025-04-11,0.714,0.721,0.713,0.719,0.6237,2290455
2025-04-14,0.7195,0.7235,0.71,0.713,0.6185,2573318
2025-04-15,0.713,0.719,0.709,0.715,0.6202,10505160
2025-04-16,0.715,0.7185,0.712,0.713,0.6185,2633780
2025-04-17,0.717,0.718,0.7095,0.7105,0.6163,1386125
2025-04-22,0.711,0.719,0.7105,0.719,0.6237,5164408
2025-04-23,0.7195,0.728,0.719,0.728,0.6315,7102135
2025-04-24,0.729,0.7315,0.7255,0.726,0.6298,4201444
2025-04-25,0.7305,0.734,0.7265,0.733,0.6359,6343867
2025-04-28,0.734,0.7375,0.732,0.736,0.6385,9368773
2025-04-29,0.736,0.744,0.7335,0.742,0.6437,11911169
2025-04-30,0.742,0.7425,0.716,0.716,0.6211,5950060
2025-05-02,0.7265,0.7295,0.718,0.719,0.6237,4585052
2025-05-05,0.715,0.716,0.7,0.7005,0.6077,13139827
2025-05-06,0.7,0.712,0.695,0.701,0.6081,12165511
2025-05-07,0.702,0.717,0.702,0.71,0.6159,8186000
2025-05-08,0.709,0.715,0.693,0.693,0.6012,11059551
2025-05-09,0.698,0.707,0.695,0.707,0.6133,17295166
2025-05-12,0.688,0.688,0.67,0.6855,0.6345,20081789
2025-05-13,0.685,0.688,0.678,0.68,0.6294,10270041
2025-05-14,0.682,0.6825,0.667,0.668,0.6183,17164794
2025-05-15,0.668,0.668,0.6455,0.6455,0.5975,24203927
2025-05-16,0.652,0.674,0.649,0.67,0.6202,18007418
2025-05-19,0.6995,0.7095,0.692,0.699,0.647,17816752
2025-05-20,0.6995,0.7015,0.6935,0.697,0.6451,14737015
2025-05-21,0.696,0.6965,0.68,0.68,0.6294,3983907
2025-05-22,0.686,0.699,0.6805,0.699,0.647,4192929
2025-05-23,0.699,0.7,0.69,0.691,0.6396,1614291
2025-05-26,0.695,0.698,0.694,0.695,0.6433,4913796
2025-05-27,0.697,0.715,0.695,0.708,0.6553,11859151
2025-05-28,0.714,0.715,0.71,0.7105,0.6576,1695657
2025-05-29,0.7105,0.712,0.706,0.706,0.6535,1465485
2025-05-30,0.708,0.718,0.699,0.718,0.6646,11847765
2025-06-02,0.716,0.737,0.7135,0.737,0.6822,7397301
2025-06-03,0.736,0.7395,0.73,0.734,0.6794,5466851
2025-06-04,0.736,0.738,0.722,0.734,0.6794,4107290
2025-06-05,0.734,0.7435,0.731,0.742,0.6868,12622062
2025-06-06,0.7425,0.743,0.739,0.742,0.6868,6442959
2025-06-10,0.741,0.742,0.73,0.732,0.6775,7435254
2025-06-11,0.7325,0.736,0.728,0.73,0.6757,6647125
2025-06-12,0.73,0.7385,0.7285,0.733,0.6785,4363678
2025-06-13,0.739,0.7435,0.7325,0.7435,0.6882,13383230
2025-06-16,0.744,0.749,0.735,0.749,0.6933,6402202
2025-06-17,0.749,0.7635,0.74,0.7635,0.7067,8891505
2025-06-18,0.7625,0.766,0.7585,0.76,0.7035,4438424
2025-06-19,0.76,0.762,0.748,0.755,0.6988,14448879
2025-06-20,0.75,0.768,0.748,0.768,0.7109,22506857
2025-06-23,0.77,0.775,0.7505,0.7505,0.6947,7521977
2025-06-24,0.757,0.7585,0.75,0.755,0.6988,3446307
2025-06-25,0.751,0.7575,0.747,0.751,0.6951,4804193
2025-06-26,0.753,0.7585,0.748,0.751,0.6951,2215543
2025-06-27,0.7565,0.7565,0.7475,0.755,0.6988,3065523
2025-06-30,0.755,0.7685,0.747,0.753,0.697,8612461
2025-07-01,0.753,0.76,0.7515,0.7575,0.7011,4695147
2025-07-02,0.76,0.76,0.748,0.748,0.6924,18401724
2025-07-03,0.75,0.765,0.75,0.765,0.7081,36010041
2025-07-04,0.7625,0.7665,0.7595,0.764,0.7072,4246711
2025-07-07,0.764,0.77,0.759,0.77,0.7127,5572759
2025-07-08,0.77,0.7795,0.763,0.779,0.721,4743452
2025-07-09,0.7785,0.7785,0.771,0.775,0.7173,3691113
2025-07-10,0.775,0.779,0.766,0.773,0.7155,3503452
2025-07-11,0.773,0.777,0.76,0.7615,0.7048,9001673
2025-07-14,0.7745,0.7745,0.76,0.769,0.7118,2436140
2025-07-15,0.7695,0.77,0.76,0.7635,0.7067,6584314
2025-07-16,0.7635,0.772,0.763,0.769,0.7118,3482558
2025-07-17,0.769,0.776,0.7655,0.769,0.7118,5768035
2025-07-18,0.774,0.7775,0.7675,0.7765,0.7187,3721806
2025-07-21,0.773,0.777,0.77,0.7745,0.7169,3713466
2025-07-22,0.7745,0.7755,0.77,0.77,0.7127,5480370
2025-07-23,0.77,0.7775,0.77,0.775,0.7173,18246796
2025-07-24,0.7775,0.7795,0.7725,0.7735,0.716,4815004
2025-07-25,0.777,0.779,0.772,0.776,0.7183,2435695
2025-07-28,0.776,0.786,0.774,0.786,0.7275,3810285
2025-07-29,0.785,0.786,0.777,0.777,0.7192,26909683
2025-07-30,0.781,0.786,0.776,0.776,0.7183,4303021
2025-07-31,0.78,0.7885,0.776,0.781,0.7229,7709153
2025-08-01,0.782,0.7895,0.7805,0.7895,0.7308,5333156
2025-08-04,0.788,0.7895,0.78,0.7865,0.728,3243566
2025-08-05,0.7895,0.7995,0.787,0.797,0.7377,3898875
2025-08-06,0.797,0.812,0.7955,0.8055,0.7456,4712077
2025-08-07,0.8055,0.8315,0.8055,0.83,0.7682,9413576
2025-08-08,0.8315,0.85,0.824,0.825,0.7636,6740804
2025-08-11,0.825,0.844,0.825,0.8335,0.7715,23558360
2025-08-12,0.834,0.8435,0.831,0.836,0.7738,5449118
2025-08-13,0.838,0.86,0.8365,0.8585,0.7946,7723410
2025-08-14,0.8535,0.8575,0.832,0.852,0.7886,6695474
2025-08-18,0.8485,0.8485,0.8255,0.827,0.7655,4528474
2025-08-19,0.827,0.827,0.814,0.816,0.7553,5682339
2025-08-20,0.822,0.828,0.82,0.825,0.7636,919486
2025-08-21,0.826,0.831,0.824,0.827,0.7655,3555122
2025-08-22,0.827,0.83,0.8225,0.823,0.7618,2138729
2025-08-25,0.823,0.8495,0.8225,0.8495,0.7863,11699272
2025-08-26,0.8495,0.855,0.84,0.842,0.7794,5741973
2025-08-27,0.848,0.852,0.842,0.846,0.7831,68284607
2025-08-28,0.848,0.85,0.837,0.84,0.7775,4262335
2025-08-29,0.84,0.845,0.836,0.842,0.7794,2878706
2025-09-01,0.84,0.84,0.8285,0.83,0.7682,1955405
2025-09-02,0.825,0.829,0.821,0.8265,0.765,3243400
2025-09-03,0.8265,0.848,0.826,0.843,0.7803,2975150
2025-09-04,0.844,0.844,0.826,0.826,0.7645,2907408
2025-09-05,0.835,0.8595,0.826,0.8575,0.7937,11869197
2025-09-08,0.8505,0.855,0.8405,0.8505,0.7872,2835595
2025-09-09,0.8535,0.854,0.8475,0.85,0.7868,23098259
2025-09-10,0.85,0.851,0.849,0.85,0.7868,2313037
2025-09-11,0.85,0.8515,0.85,0.851,0.7877,2048496
2025-09-12,0.851,0.857,0.8475,0.856,0.7923,4298441
2025-09-15,0.855,0.859,0.8525,0.8585,0.7946,2817751
2025-09-16,0.8585,0.861,0.853,0.853,0.7895,3099928
2025-09-17,0.8605,0.875,0.8605,0.871,0.8062,9343861
2025-09-18,0.871,0.8785,0.871,0.8785,0.8131,3846575
2025-09-19,0.8765,0.879,0.853,0.853,0.7895,83485913
2025-09-22,0.867,0.867,0.858,0.861,0.7969,9928368
2025-09-23,0.86,0.863,0.8585,0.8585,0.7946,4137534
2025-09-24,0.86,0.8625,0.856,0.858,0.7942,3987155
2025-09-25,0.86,0.87,0.86,0.869,0.8043,5034468
2025-09-26,0.869,0.871,0.862,0.8625,0.7983,6756066
2025-09-29,0.8685,0.878,0.8685,0.8705,0.8057,3785229
2025-09-30,0.8715,0.8785,0.871,0.871,0.8062,5597851
2025-10-01,0.878,0.878,0.872,0.875,0.8099,2448474
2025-10-02,0.8755,0.88,0.875,0.88,0.8145,2792957
2025-10-03,0.88,0.885,0.8785,0.881,0.8155,5294629
2025-10-06,0.881,0.885,0.881,0.881,0.8155,4470574
2025-10-07,0.8815,0.8845,0.878,0.878,0.8127,5387019
2025-10-08,0.8825,0.8845,0.8815,0.882,0.8164,2056505
2025-10-09,0.8845,0.8855,0.8815,0.883,0.8173,3532283
2025-10-10,0.8835,0.884,0.8775,0.88,0.8145,4180157
2025-10-13,0.879,0.8815,0.877,0.879,0.8136,10745500
2025-10-14,0.879,0.881,0.875,0.876,0.8108,3547616
2025-10-15,0.877,0.8795,0.875,0.8765,0.8113,7282673
2025-10-16,0.8765,0.8815,0.8765,0.879,0.8136,3858590
2025-10-17,0.8815,0.883,0.8765,0.878,0.8127,5444326
2025-10-20,0.879,0.884,0.878,0.883,0.8173,4104850
2025-10-21,0.883,0.9,0.883,0.898,0.8312,12438220
2025-10-22,0.898,0.9095,0.898,0.9075,0.84,6644987
2025-10-23,0.91,0.926,0.91,0.925,0.8562,7867311
2025-10-24,0.925,0.9505,0.925,0.95,0.8793,8449874
2025-10-27,0.95,0.959,0.9465,0.949,0.8784,11707792
2025-10-28,0.949,0.957,0.949,0.957,0.8858,4920790
2025-10-29,0.9555,0.9555,0.929,0.946,0.8756,8981660
2025-10-30,0.9465,0.948,0.9255,0.9255,0.8566,4972331
2025-10-31,0.9295,0.955,0.9295,0.943,0.8728,5136782
2025-11-03,0.95,0.9535,0.949,0.9515,0.8807,3753678
2025-11-04,0.9515,0.9535,0.948,0.95,0.8793,5884426
2025-11-05,0.953,0.9545,0.951,0.9535,0.8826,3606515
2025-11-06,0.954,0.957,0.9525,0.957,0.8858,9752885
2025-11-07,0.9575,0.959,0.9565,0.959,0.8877,3779693
2025-11-10,0.952,0.956,0.9405,0.944,0.8924,8387674
2025-11-11,0.948,0.9635,0.9465,0.9625,0.9099,6823671
2025-11-12,0.962,0.9625,0.9575,0.9625,0.9099,4361853
2025-11-13,0.963,0.963,0.957,0.959,0.9066,4235999
2025-11-14,0.961,0.9735,0.958,0.9635,0.9108,11955316
2025-11-17,0.965,0.969,0.963,0.969,0.916,5633264
2025-11-18,0.966,0.979,0.966,0.9755,0.9222,11355321
2025-11-19,0.975,0.9755,0.954,0.9545,0.9023,11770047
2025-11-20,0.957,0.962,0.95,0.952,0.8999,26363572
2025-11-21,0.9495,0.95,0.91,0.9255,0.8749,21177387
2025-11-24,0.929,0.9345,0.927,0.93,0.8791,6506268
2025-11-25,0.93,0.942,0.93,0.932,0.881,5778078
2025-11-26,0.936,0.936,0.9205,0.9245,0.8739,9950178
2025-11-27,0.9285,0.93,0.926,0.928,0.8773,2476133
2025-11-28,0.9295,0.94,0.917,0.917,0.8669,7668261
2025-12-02,0.932,0.932,0.922,0.93,0.8791,2767289
2025-12-03,0.9305,0.958,0.93,0.951,0.899,10212774
2025-12-04,0.9555,0.97,0.955,0.97,0.917,7697290
2025-12-05,0.97,0.971,0.954,0.966,0.9132,8211338
2025-12-08,0.966,0.9695,0.96,0.9695,0.9165,5505776
2025-12-09,0.965,0.974,0.962,0.9735,0.9203,5981053
2025-12-10,0.9735,0.9745,0.9685,0.9745,0.9212,7828023
2025-12-11,0.9745,0.9745,0.9675,0.9735,0.9203,8250457
2025-12-12,0.9735,0.9745,0.972,0.9735,0.9203,4436523
2025-12-15,0.9735,0.977,0.972,0.977,0.9236,9228041
2025-12-16,0.9775,0.982,0.9765,0.982,0.9283,7937176
2025-12-17,0.982,0.982,0.9725,0.975,0.9217,5709181
2025-12-18,0.975,0.983,0.972,0.981,0.9274,3884425
2025-12-19,0.981,0.9825,0.978,0.982,0.9283,6236865
2025-12-22,0.98,0.982,0.973,0.982,0.9283,7043759
2025-12-23,0.982,0.9915,0.982,0.9905,0.9363,9243090
2025-12-29,0.99,0.991,0.982,0.9905,0.9363,5269812
2025-12-30,0.9895,0.997,0.9875,0.995,0.9406,14172886
2026-01-05,0.9965,1.014,0.996,1.014,0.9586,10584548
2026-01-08,1.014,1.043,1.012,1.022,0.9661,15316884
2026-01-09,1.026,1.034,1.026,1.03,0.9737,16021207
2026-01-12,1.034,1.043,1.032,1.035,0.9784,14556423
2026-01-13,1.039,1.049,1.023,1.023,0.9671,17306325
2026-01-14,1.033,1.04,1.031,1.04,0.9831,6023896
2026-01-15,1.04,1.051,1.035,1.045,0.9879,13556091
2026-01-16,1.05,1.078,1.045,1.067,1.0087,11212142
2026-01-19,1.066,1.067,1.039,1.062,1.0039,14755975
2026-01-20,1.061,1.065,1.056,1.06,1.002,15651747
2026-01-21,1.06,1.062,1.019,1.033,0.9765,22317115
2026-01-22,1.05,1.059,1.041,1.045,0.9879,17053632
2026-01-23,1.057,1.06,1.049,1.059,1.0011,17248343
2026-01-26,1.059,1.06,1.045,1.056,0.9983,9301923
2026-01-27,1.056,1.06,1.04,1.04,0.9831,26116221
2026-01-28,1.045,1.053,1.041,1.043,0.986,13717314
2026-01-29,1.045,1.05,1.03,1.03,0.9737,87233314
2026-01-30,1.035,1.04,1.013,1.017,0.9614,18141246
2026-02-02,1.017,1.017,0.999,1.006,0.951,13207354
2026-02-03,1.006,1.011,1.003,1.003,0.9482,17770501
2026-02-04,1.01,1.01,0.9995,1.0,0.9453,22076186
2026-02-05,1.0,1.005,0.967,0.967,0.9141,19173016
2026-02-06,0.9795,0.985,0.969,0.98,0.9264,9199787
2026-02-09,0.981,0.984,0.977,0.98,0.9264,11816624
2026-02-10,0.982,0.985,0.975,0.975,0.9217,22242965
2026-02-11,0.98,0.982,0.9765,0.978,0.9245,9375003
2026-02-12,0.978,1.003,0.976,0.992,0.9378,12391415
2026-02-13,0.992,1.006,0.985,0.9935,0.9392,7763463
2026-02-16,0.998,1.01,0.995,1.01,0.9548,10371109
2026-02-17,1.01,1.043,1.01,1.04,0.9831,13582872
2026-02-18,1.04,1.046,1.017,1.039,0.9822,21373756
2026-02-19,1.04,1.045,1.038,1.044,0.9869,5311270
2026-02-20,1.044,1.05,1.044,1.05,0.9926,8675230
2026-02-23,1.04,1.042,1.002,1.028,0.9718,17598299
2026-02-24,1.028,1.03,1.002,1.005,0.95,20019022
2026-02-25,1.005,1.014,0.997,0.9975,0.943,22072331
2026-02-26,0.9975,1.0,0.98,0.98,0.9264,17493563
2026-02-27,0.982,0.9955,0.971,0.971,0.9179,14332468
2026-03-02,0.9775,1.013,0.9775,0.982,0.9283,15626914
2026-03-03,0.995,0.998,0.9695,0.9735,0.9203,12247381
2026-03-04,0.974,0.9865,0.9735,0.9835,0.9297,15824841
2026-03-05,0.995,1.0,0.9915,0.997,0.9425,14087010
2026-03-06,1.0,1.014,0.9985,1.01,0.9548,12680322
2026-03-09,1.02,1.039,1.0,1.011,0.9557,17763890
2026-03-10,1.015,1.02,1.0,1.01,0.9548,10932514
2026-03-11,1.014,1.02,1.003,1.02,0.9642,7276654
2026-03-12,1.02,1.04,1.008,1.04,0.9831,29009112
2026-03-13,1.037,1.037,1.024,1.03,0.9737,5936302
2026-03-16,1.029,1.038,1.025,1.033,0.9765,7797714
2026-03-17,1.033,1.039,1.025,1.03,0.9737,16762942
2026-03-18,1.03,1.03,1.016,1.016,0.9604,4904923
2026-03-19,1.017,1.029,0.9995,1.01,0.9548,53596241
2026-03-20,1.004,1.015,1.0,1.0,0.9453,341069891
2026-03-23,1.0,1.01,0.9935,1.002,0.9472,31173913
2026-03-24,1.009,1.009,0.998,1.001,0.9463,7345743
2026-03-25,1.005,1.006,0.9965,1.0,0.9453,10327582
2026-03-26,1.0,1.003,0.998,1.001,0.9463,7065680
2026-03-27,1.003,1.014,1.0,1.012,0.9567,12638177
2026-03-30,1.015,1.019,1.0,1.011,0.9557,22613951
2026-03-31,1.008,1.011,1.0,1.001,0.9463,6094097
2026-04-01,1.006,1.013,0.999,0.999,0.9444,5577916
2026-04-02,1.009,1.009,0.999,0.999,0.9444,5331288
2026-04-03,1.001,1.005,0.999,1.001,0.9463,1408483
2026-04-06,1.001,1.005,1.0,1.002,0.9472,2460284
2026-04-07,1.003,1.003,0.999,1.001,0.9463,8141210
2026-04-08,1.004,1.011,0.9975,0.999,0.9444,9629323
2026-04-09,1.005,1.005,0.9995,1.001,0.9463,4346736
2026-04-14,1.002,1.011,1.002,1.01,0.9548,11729922
2026-04-15,1.01,1.012,1.005,1.005,0.95,10464664
2026-04-16,1.005,1.013,1.005,1.01,0.9548,21847490
2026-04-17,1.011,1.013,0.9995,1.003,0.9482,7496662
2026-04-20,1.003,1.005,0.999,1.0,0.9453,8943514
2026-04-21,0.999,1.006,0.992,1.006,0.951,7953432
2026-04-22,1.007,1.014,1.006,1.007,0.9519,2841734
2026-04-23,1.012,1.02,1.005,1.019,0.9633,13885323
2026-04-24,1.015,1.021,1.011,1.017,0.9614,13655371
2026-04-27,1.017,1.021,1.0,1.005,0.95,14374260
2026-04-28,1.001,1.005,0.999,1.001,0.9463,5692182
2026-04-29,1.001,1.006,0.999,1.002,0.9472,5971102
2026-04-30,1.005,1.009,0.9985,1.005,0.95,17005167
2026-05-04,1.005,1.009,0.999,1.0,0.9453,5177151
2026-05-05,1.0,1.002,0.993,1.001,0.9463,8059685
2026-05-06,1.001,1.007,0.999,1.002,0.9472,17952607
2026-05-07,1.007,1.02,1.004,1.013,0.9576,7747789
2026-05-08,1.018,1.021,1.006,1.008,0.9529,17411251
2026-05-11,1.012,1.014,1.008,1.009,0.9538,24635598
2026-05-12,1.011,1.014,1.009,1.011,0.9557,35298236
2026-05-13,1.014,1.062,1.012,1.057,0.9992,48523343
2026-05-14,1.02,1.035,1.011,1.031,1.031,14135960
2026-05-15,1.031,1.056,1.025,1.056,1.056,19033826
2026-05-18,1.054,1.054,1.029,1.036,1.036,10209300
2026-05-19,1.04,1.05,1.031,1.039,1.039,54715454
2026-05-20,1.04,1.04,1.026,1.031,1.031,107403322
2026-05-21,1.035,1.051,1.029,1.05,1.05,19730215
2026-05-22,1.05,1.054,1.042,1.048,1.048,4416081
2026-05-25,1.048,1.052,1.041,1.048,1.048,15792815
2026-05-26,1.046,1.05,1.04,1.05,1.05,11943252
2026-05-27,1.05,1.051,1.044,1.049,1.049,9048697
2026-05-28,1.05,1.057,1.049,1.056,1.056,6279360
2026-05-29,1.056,1.058,1.045,1.052,1.052,14550817
2026-06-02,1.05,1.05,1.027,1.034,1.034,6537680
2026-06-03,1.035,1.038,1.027,1.035,1.035,16163011
2026-06-04,1.035,1.044,1.033,1.044,1.044,8826599
2026-06-05,1.042,1.042,1.037,1.037,1.037,7700157
2026-06-08,1.041,1.042,1.033,1.04,1.04,8134403
2026-06-09,1.04,1.04,1.036,1.036,1.036,7227903
2026-06-10,1.036,1.04,1.03,1.03,1.03,4598424
2026-06-11,1.03,1.045,1.029,1.045,1.045,2648480
2026-06-12,1.045,1.051,1.039,1.049,1.049,3200692
2026-06-15,1.049,1.05,1.035,1.036,1.036,3870442
2026-06-16,1.04,1.041,1.03,1.03,1.03,13368363
2026-06-17,1.04,1.042,1.028,1.039,1.039,6055081
2026-06-18,1.043,1.045,1.034,1.034,1.034,6501458
2026-06-19,1.034,1.042,1.034,1.035,1.035,7472776
2026-06-22,1.039,1.041,1.035,1.04,1.04,6710342
2026-06-23,1.04,1.045,1.038,1.044,1.044,7278870
2026-06-24,1.041,1.051,1.039,1.05,1.05,8265958
2026-06-25,1.05,1.06,1.046,1.06,1.06,11164494
2026-06-26,1.06,1.06,1.038,1.04,1.04,12039101
2026-06-29,1.049,1.054,1.041,1.045,1.045,4497333
2026-06-30,1.049,1.061,1.048,1.06,1.06,8430815
2026-07-01,1.064,1.076,1.061,1.075,1.075,5758714
2026-07-02,1.075,1.112,1.075,1.09,1.09,19677671
2026-07-03,1.102,1.105,1.073,1.09,1.09,19981854
2026-07-06,1.09,1.118,1.09,1.118,1.118,6066973
2026-07-07,1.12,1.15,1.12,1.135,1.135,14613824
2026-07-08,1.135,1.135,1.125,1.135,1.135,5811100
2026-07-09,1.138,1.164,1.138,1.16,1.16,7350002
2026-07-10,1.164,1.199,1.161,1.199,1.199,9462948
2026-07-13,1.199,1.256,1.174,1.179,1.179,20157818
2026-07-14,1.181,1.2,1.174,1.174,1.174,21703191
2026-07-15,1.18,1.189,1.167,1.188,1.188,8353212
2026-07-16,1.19,1.246,1.19,1.24,1.24,8124285
2026-07-17,1.24,1.249,1.225,1.235,1.235,7965557
2026-07-20,1.238,1.25,1.229,1.25,1.25,9127040
2026-07-21,1.254,1.3,1.254,1.294,1.294,21247072
2026-07-22,1.295,1.359,1.295,1.318,1.318,18369713
2026-07-23,1.319,1.319,1.264,1.287,1.287,24147255
2026-07-24,1.287,1.29,1.246,1.251,1.251,16763960
2026-07-27,1.25,1.259,1.22,1.259,1.259,9780234
2026-07-28,1.261,1.288,1.261,1.285,1.285,12741452
2026-07-29,1.284,1.288,1.257,1.271,1.271,10629617
2026-07-30,1.268,1.27,1.23,1.26,1.26,13177860
2026-07-31,1.24,1.261,1.229,1.258,1.258,7981199
2026-08-03,1.262,1.275,1.26,1.27,1.27,8485465
2026-08-04,1.272,1.274,1.26,1.26,1.26,8525801
2026-08-05,1.265,1.278,1.265,1.271,1.271,11572030
2026-08-06,1.273,1.275,1.243,1.271,1.271,10967072
2026-08-07,1.271,1.272,1.26,1.27,1.27,4135269
2026-08-10,1.24,1.285,1.24,1.285,1.285,5859287
2026-08-11,1.285,1.301,1.269,1.29,1.29,11438978
2026-08-12,1.302,1.319,1.301,1.316,1.316,4020081
2026-08-13,1.316,1.321,1.304,1.314,1.314,6800395
2026-08-14,1.251,1.3,1.251,1.287,1.287,17141525
2026-08-17,1.293,1.298,1.28,1.284,1.284,4053676
2026-08-18,1.285,1.294,1.274,1.289,1.289,12800844
2026-08-19,1.298,1.298,1.29,1.295,1.295,5402882
2026-08-20,1.298,1.299,1.276,1.283,1.283,9356741
2026-08-21,1.284,1.294,1.283,1.286,1.286,3042140
2026-08-24,1.286,1.293,1.28,1.289,1.289,5823239
2026-08-25,1.285,1.286,1.262,1.27,1.27,5300609
2026-08-26,1.268,1.28,1.257,1.268,1.268,4005643
2026-08-27,1.27,1.279,1.25,1.25,1.25,6459026
2026-08-28,1.25,1.257,1.225,1.225,1.225,7934342
2026-08-31,1.23,1.234,1.178,1.195,1.195,21709800
2026-09-01,1.192,1.219,1.185,1.203,1.203,10673963
2026-09-02,1.205,1.227,1.2,1.203,1.203,11079326
2026-09-03,1.21,1.23,1.21,1.23,1.23,10300957
2026-09-04,1.23,1.23,1.216,1.22,1.22,3294835
2026-09-07,1.22,1.22,1.22,1.22,1.22,5918680
2026-09-08,1.21,1.22,1.207,1.22,1.22,8086607
2026-09-09,1.22,1.221,1.196,1.198,1.198,4676187
2026-09-10,1.2,1.202,1.197,1.198,1.198,9517278
2026-09-11,1.198,1.229,1.179,1.223,1.223,12940183
2026-09-14,1.223,1.23,1.212,1.219,1.219,7281463
2026-09-15,1.211,1.235,1.196,1.235,1.235,16792352
2026-09-16,1.226,1.226,1.18,1.184,1.184,15574859
2026-09-17,1.184,1.184,1.184,1.184,1.184,24386725
2026-09-18,1.205,1.21,1.179,1.185,1.185,13358648
