date,open,high,low,close,adjusted_close,volume
2018-10-09,1.00427,1.00833,1.00003,1.00686,1.00686,108803
2018-10-10,1.00494,1.01908,1.00397,1.00962,1.00962,711783
2018-10-11,1.00994,1.03123,1.00173,1.00978,1.00978,4177290
2018-10-12,1.00861,1.01871,1.00114,1.01272,1.01272,1322240
2018-10-13,1.01445,1.02029,1.00355,1.00743,1.00743,698507
2018-10-14,1.00726,1.02251,1.00492,1.01631,1.01631,982750
2018-10-15,1.0169,1.11373,0.998372,1.0268,1.0268,10660400
2018-10-16,1.02723,1.03551,1.01899,1.02143,1.02143,2124080
2018-10-17,1.02404,1.02653,1.01058,1.01219,1.01219,1102740
2018-10-18,1.01466,1.02062,1.00923,1.01489,1.01489,1182450
2018-10-19,1.01475,1.01643,1.00631,1.00698,1.00698,715078
2018-10-20,1.00749,1.01363,1.00255,1.00643,1.00643,299871
2018-10-21,1.00682,1.01961,1.0032,1.0129,1.0129,509276
2018-10-22,1.01231,1.0248,1.00329,1.0093,1.0093,1211160
2018-10-23,1.00923,1.01796,1.00747,1.01059,1.01059,1503840
2018-10-24,1.00938,1.01209,1.00238,1.01002,1.01002,923940
2018-10-25,1.01046,1.01369,1.0019,1.00797,1.00797,1365520
2018-10-26,1.00611,1.01552,1.00352,1.01163,1.01163,950623
2018-10-27,1.01208,1.01489,1.00107,1.00824,1.00824,712963
2018-10-28,1.00662,1.01496,1.00273,1.01107,1.01107,282707
2018-10-29,1.01083,1.019,1.00553,1.00837,1.00837,1983680
2018-10-30,1.00643,1.01086,1.00301,1.00468,1.00468,715882
2018-10-31,1.00673,1.00873,0.994033,0.996386,0.996386,1279360
2018-11-01,0.996413,1.0184,0.991167,0.992502,0.992502,1800480
2018-11-02,0.992897,1.00801,0.988213,0.999969,0.999969,2042390
2018-11-03,1.00028,1.0083,0.99781,1.00379,1.00379,1402480
2018-11-04,1.00401,1.00809,0.982746,0.997669,0.997669,2144200
2018-11-05,0.996997,1.00745,0.996702,0.998748,0.998748,1287400
2018-11-06,1.00249,1.00506,0.99711,1.00052,1.00052,2241070
2018-11-07,1.00144,1.01161,0.997181,1.0043,1.0043,2589880
2018-11-08,1.00383,1.00721,0.998625,1.00384,1.00384,3423190
2018-11-09,1.00407,1.01361,1.00194,1.00804,1.00804,3478250
2018-11-10,1.00711,1.02973,0.995854,1.01096,1.01096,2497760
2018-11-11,1.01264,1.01993,0.996741,1.00901,1.00901,4726130
2018-11-12,1.00856,1.01514,1.0006,1.0132,1.0132,6446540
2018-11-13,1.00826,1.02223,0.999477,1.01282,1.01282,6483310
2018-11-14,1.01763,1.04334,0.999077,1.02307,1.02307,24013300
2018-11-15,1.02067,1.06139,1.00785,1.01831,1.01831,18776600
2018-11-16,1.01712,1.03941,1.00618,1.03027,1.03027,9247040
2018-11-17,1.03344,1.03933,1.00616,1.00912,1.00912,5537380
2018-11-18,1.00962,1.01463,1.00118,1.01188,1.01188,5735460
2018-11-19,1.01203,1.05217,1.00131,1.02019,1.02019,27873100
2018-11-20,1.01588,1.0567,1.00722,1.01995,1.01995,43293600
2018-11-21,1.02412,1.03205,1.00892,1.01441,1.01441,20164000
2018-11-22,1.01285,1.02256,1.00616,1.01948,1.01948,11556600
2018-11-23,1.01613,1.02783,1.00833,1.02061,1.02061,17717500
2018-11-24,1.01718,1.03969,1.01105,1.02296,1.02296,19409700
2018-11-25,1.02687,1.04013,0.990265,1.02596,1.02596,23476200
2018-11-26,1.01831,1.05881,1.01551,1.03741,1.03741,29734800
2018-11-27,1.03242,1.038,0.995528,1.0121,1.0121,13622700
2018-11-28,1.00871,1.02585,1.00372,1.01164,1.01164,23327400
2018-11-29,1.0116764307,1.020604029,1.0039204359,1.0145967489,1.0145967489,18025473
2018-11-30,1.013566686,1.0204493743,1.0040656962,1.0103967066,1.0103967066,14143221
2018-12-01,1.0128178952,1.0253430663,1.0001936091,1.0081973826,1.0081973826,14198649
2018-12-02,1.0082554935,1.0317921797,0.9932867265,1.0127712083,1.0127712083,10761895
2018-12-03,1.0111194379,1.0165831076,1.0002159111,1.0097488772,1.0097488772,12188098
2018-12-04,1.0090276562,1.0164270868,1.0035397428,1.0127950262,1.0127950262,12556999
2018-12-05,1.0114549523,1.0185984979,1.0048916698,1.0136330425,1.0136330425,14257800
2018-12-06,1.010984896,1.0216686821,1.0021316212,1.0182659233,1.0182659233,21637768
2018-12-07,1.0179308478,1.025060206,1.0023805539,1.0113080391,1.0113080391,29947363
2018-12-08,1.0112983625,1.0275764263,1.0065704376,1.0221832899,1.0221832899,17724714
2018-12-09,1.0187985582,1.0327738608,1.0139174846,1.0182528405,1.0182528405,14831259
2018-12-10,1.0181712766,1.0291198762,1.0147960831,1.0246925069,1.0246925069,12987868
2018-12-11,1.0252332615,1.0373405354,1.0172285976,1.0203357402,1.0203357402,12104531
2018-12-12,1.0219559451,1.0428646731,0.9897603594,1.0227704518,1.0227704518,10392693
2018-12-13,1.036771237,1.036771237,0.9829853996,1.0159128611,1.0159128611,8569160
2018-12-14,1.0152335992,1.0284297256,1.0120292175,1.0172918989,1.0172918989,11571584
2018-12-15,1.0183930831,1.0214654453,0.9951209991,0.9979403013,0.9979403013,8595919
2018-12-16,1.0048411253,1.0410598668,0.9980085927,1.0119610354,1.0119610354,9383751
2018-12-17,1.0274522132,1.0339689899,0.9980676604,1.0142330563,1.0142330563,18392475
2018-12-18,1.0141953194,1.0205854507,1.0000133124,1.0098537496,1.0098537496,24572396
2018-12-19,1.0090530979,1.02086046,1.0020775676,1.0192304134,1.0192304134,46352135
2018-12-20,1.0212352488,1.0244183692,1.006774022,1.0151192383,1.0151192383,58976758
2018-12-21,1.0164159757,1.0241972568,1.0061003197,1.0154268828,1.0154268828,46603504
2018-12-22,1.0124420449,1.0190310363,0.997087341,1.0106675697,1.0106675697,26222950
2018-12-23,1.0080213212,1.0177505737,1.0054263307,1.0107187846,1.0107187846,23629168
2018-12-24,1.0107487148,1.0214280054,0.998427723,1.0115711748,1.0115711748,43621601
2018-12-25,1.0101945512,1.0283848552,1.0080462099,1.0117371196,1.0117371196,27610569
2018-12-26,1.0132089721,1.0218895225,1.006779011,1.0136244228,1.0136244228,19786403
2018-12-27,1.0155983925,1.0338823239,1.0115791518,1.0174804793,1.0174804793,23019282
2018-12-28,1.0173902746,1.0185267742,0.9785832076,1.0112103825,1.0112103825,28974098
2018-12-29,1.0108817407,1.0402584327,1.0025290073,1.0216647393,1.0216647393,22783697
2018-12-30,1.0196053538,1.0254727774,1.0096502392,1.01316869,1.01316869,18537225
2018-12-31,1.012397959,1.0257654161,1.0052355627,1.0165651269,1.0165651269,20975704
2019-01-01,1.0189458668,1.0222303445,1.008677397,1.0133006042,1.0133006042,17007853
2019-01-02,1.014262311,1.0202640787,1.0091684644,1.0181726125,1.0181726125,18125812
2019-01-03,1.0144576441,1.0225617129,1.0099543753,1.0135770458,1.0135770458,15279811
2019-01-04,1.0152474749,1.0176347887,1.0010576781,1.0081604918,1.0081604918,17203036
2019-01-05,1.0067331861,1.0161178174,1.0024525828,1.0110095967,1.0110095967,15428171
2019-01-06,1.0107495998,1.0152889942,0.9891688257,1.0101080451,1.0101080451,18503989
2019-01-07,1.0095088556,1.0121680889,1.0016291109,1.0053577603,1.0053577603,18697630
2019-01-08,1.0060537573,1.0166269806,1.0040160425,1.0079182776,1.0079182776,23189996
2019-01-09,1.0066143535,1.0112605544,1.0007630196,1.0022638175,1.0022638175,23000567
2019-01-10,1.0028419851,1.0347933509,1.0019502669,1.0131036065,1.0131036065,51534670
2019-01-11,1.0169421204,1.0170066332,1.0077048886,1.0147347728,1.0147347728,25279715
2019-01-12,1.0147813078,1.0174941423,1.0077269589,1.0106913786,1.0106913786,12617410
2019-01-13,1.0109351338,1.0262679858,1.0083176751,1.0111094628,1.0111094628,16808894
2019-01-14,1.0110120274,1.0166353926,0.9987435414,1.007592022,1.007592022,25825886
2019-01-15,1.0074582915,1.0179567367,1.0065097018,1.0120690496,1.0120690496,26459207
2019-01-16,1.0132400892,1.0177289389,1.0079833355,1.012362885,1.012362885,25957206
2019-01-17,1.0100178771,1.044891531,1.0095703614,1.0303526625,1.0303526625,41708422
2019-01-18,1.0290605267,1.0354523714,1.0098301904,1.0131148306,1.0131148306,18899249
2019-01-19,1.0098771681,1.0147764571,1.0026104619,1.0114106114,1.0114106114,15830400
2019-01-20,1.012287445,1.0286188324,1.0104747852,1.0166690627,1.0166690627,14934092
2019-01-21,1.015444668,1.0227646131,1.0066863856,1.0125469309,1.0125469309,12277261
2019-01-22,1.013008213,1.0166891475,1.0064815591,1.008540964,1.008540964,18848807
2019-01-23,1.0087171131,1.0133860084,1.0062888047,1.0087350423,1.0087350423,14686835
2019-01-24,1.0092522275,1.0130397324,1.0066487358,1.0102709031,1.0102709031,19309437
2019-01-25,1.0109688715,1.0135932622,1.008942501,1.0120500909,1.0120500909,16078526
2019-01-26,1.0119751201,1.0153298315,1.0063152532,1.0124759508,1.0124759508,12311593
2019-01-27,1.0137161292,1.019325933,1.0116098856,1.0139415885,1.0139415885,17334193
2019-01-28,1.0146559216,1.0191195206,1.0109574326,1.0118024359,1.0118024359,34421448
2019-01-29,1.0117939447,1.01739375,1.0100760778,1.0140503551,1.0140503551,26620698
2019-01-30,1.0138430646,1.0165124789,1.0098802883,1.0132331752,1.0132331752,28233801
2019-01-31,1.0131619496,1.0157689314,1.0007580246,1.0124848392,1.0124848392,30016994
2019-02-01,1.0117652244,1.0318915072,1.0078204818,1.0158444053,1.0158444053,26896947
2019-02-02,1.0147540083,1.0183636555,1.0110247574,1.0183379017,1.0183379017,23207115
2019-02-03,1.015590316,1.0169001175,1.0066406675,1.0142435009,1.0142435009,26365349
2019-02-04,1.0137598539,1.0167350854,1.009285437,1.0114252973,1.0114252973,24242526
2019-02-05,1.0115683106,1.0141656147,1.0057996907,1.0087294241,1.0087294241,19011789
2019-02-06,1.0088768829,1.0172344226,1.0075271058,1.0130506122,1.0130506122,27032564
2019-02-07,1.0136486078,1.0247235154,1.0087533647,1.0110483509,1.0110483509,15429983
2019-02-08,1.0113919807,1.0243346435,1.0082188213,1.0173124368,1.0173124368,31291521
2019-02-09,1.0172050173,1.0186226547,1.0082415758,1.011700656,1.011700656,21523062
2019-02-10,1.0119485823,1.0205499676,1.0102408995,1.0143886724,1.0143886724,19451268
2019-02-11,1.015700889,1.0196358235,1.011723411,1.013288809,1.013288809,19063318
2019-02-12,1.0124314636,1.0195931785,1.0113789188,1.0177738707,1.0177738707,28682063
2019-02-13,1.0184121161,1.0191847133,1.0088242588,1.011627507,1.011627507,27483515
2019-02-14,1.0109760053,1.0155703092,1.0090540286,1.0114285699,1.0114285699,27582140
2019-02-15,1.01197444,1.0165461754,1.0034744211,1.0118226306,1.0118226306,35775279
2019-02-16,1.0115063491,1.0156491135,1.0069938114,1.0132392325,1.0132392325,44255529
2019-02-17,1.0144251046,1.0265481797,1.0083018748,1.0237893131,1.0237893131,45168007
2019-02-18,1.0231017149,1.0309408995,1.0015289986,1.0128967106,1.0128967106,51464756
2019-02-19,1.0130044379,1.0196685333,1.0033229787,1.0040689834,1.0040689834,49393554
2019-02-20,1.0040500115,1.0204627921,0.9986583461,1.0157410588,1.0157410588,41527390
2019-02-21,1.015285781,1.016393946,1.0051297865,1.0120172402,1.0120172402,35317064
2019-02-22,1.0098363081,1.0194253073,1.0054608206,1.0157376572,1.0157376572,32159403
2019-02-23,1.0140656227,1.037757876,1.0072011052,1.0121445527,1.0121445527,36243964
2019-02-24,1.0132388151,1.0289115995,0.9989501056,1.0071806432,1.0071806432,51756152
2019-02-25,1.0043428822,1.0227593988,1.0043428822,1.0175858846,1.0175858846,52796841
2019-02-26,1.0162300002,1.0215193198,1.0111720385,1.0111720385,1.0111720385,42569527
2019-02-27,1.012674714,1.0217572349,1.0082846421,1.0159615372,1.0159615372,38328217
2019-02-28,1.0151919746,1.0199191974,1.0106030419,1.0136727933,1.0136727933,31630079
2019-03-01,1.0131166326,1.0237241227,1.0108564751,1.0108564751,1.0108564751,21097111
2019-03-02,1.0100916783,1.0201169282,1.0080775065,1.0099847936,1.0099847936,18482080
2019-03-03,1.0087055404,1.0148537412,1.0069310293,1.0119752681,1.0119752681,17429846
2019-03-04,1.0103135135,1.017490884,1.0103135135,1.0154830781,1.0154830781,23960578
2019-03-05,1.0157270185,1.0168449561,1.010612094,1.0168449561,1.0168449561,32016571
2019-03-06,1.0175542239,1.0207539767,1.0118511664,1.0139033972,1.0139033972,24347412
2019-03-07,1.0134578575,1.0177643003,1.011248094,1.0134847378,1.0134847378,24225454
2019-03-08,1.0144452016,1.0214505706,1.0105817643,1.0145193738,1.0145193738,27535813
2019-03-09,1.0141617484,1.0204892036,1.0112311941,1.0123584398,1.0123584398,24550954
2019-03-10,1.0143047204,1.0228431107,1.0104461258,1.0195041163,1.0195041163,21622742
2019-03-11,1.0205566451,1.0214834576,1.0104792807,1.0136198031,1.0136198031,25473881
2019-03-12,1.0132495752,1.0165278766,1.0078539164,1.0121574216,1.0121574216,25249458
2019-03-13,1.0128210084,1.019185247,1.0108467695,1.0132917894,1.0132917894,32955078
2019-03-14,1.0133735195,1.0202394747,1.0124363019,1.0170898857,1.0170898857,30654411
2019-03-15,1.0163064992,1.0196199503,1.0141598447,1.0152604242,1.0152604242,30356979
2019-03-16,1.0160438463,1.0186572212,1.0112977216,1.0154282224,1.0154282224,35637112
2019-03-17,1.0150518608,1.0235670117,1.0143609639,1.0194492175,1.0194492175,38655614
2019-03-18,1.0204246773,1.0220322873,1.010793888,1.0153982662,1.0153982662,41889761
2019-03-19,1.0156001645,1.0210187047,1.0143539426,1.0161522442,1.0161522442,34394867
2019-03-20,1.0168694004,1.0177152469,1.0099903643,1.0141576862,1.0141576862,43164011
2019-03-21,1.0136443631,1.0168276369,1.0105560771,1.0140481902,1.0140481902,43135935
2019-03-22,1.0135997478,1.0177154603,1.0086596423,1.0090156181,1.0090156181,33465329
2019-03-23,1.0091574081,1.0151167039,1.0074618703,1.0122136053,1.0122136053,23348602
2019-03-24,1.011324271,1.0127715485,1.0033660681,1.0080544681,1.0080544681,17336324
2019-03-25,1.0087456558,1.0242542394,1.0062482778,1.012812875,1.012812875,34431703
2019-03-26,1.0134052466,1.0150811414,1.0090700516,1.0125081097,1.0125081097,33876854
2019-03-27,1.0125143338,1.0196587558,1.0110539963,1.0161443369,1.0161443369,37698423
2019-03-28,1.0164346292,1.0206006074,1.0063870932,1.0137950669,1.0137950669,28392576
2019-03-29,1.0137950669,1.015089482,0.9988327252,1.0025287698,1.0025287698,37377861
2019-03-30,1.0009469927,1.0491488767,0.9929548656,1.001990259,1.001990259,26227081
2019-03-31,1.001990259,1.0080567118,0.998964933,1.0014944265,1.0014944265,24262615
2019-04-01,1.0013937788,1.005909931,0.9941192357,1.0026333251,1.0026333251,30912903
2019-04-02,1.0023375648,1.0226104294,0.9938303306,1.0019297895,1.0019297895,75355543
2019-04-03,1.001950448,1.0248551971,0.9891502803,1.0009286515,1.0009286515,87987040
2019-04-04,1.0009804277,1.0069904603,0.997175518,1.0023445281,1.0023445281,52686902
2019-04-05,1.0027025462,1.0097418572,1.0001497229,1.0027993949,1.0027993949,43799308
2019-04-06,1.0032302441,1.0118631368,0.9973512687,1.0010021607,1.0010021607,43756481
2019-04-07,1.0004221076,1.0132627571,0.9980522945,1.0053589669,1.0053589669,43184042
2019-04-08,1.0057491403,1.0080371714,0.9936602456,1.0021275202,1.0021275202,49978405
2019-04-09,1.0021275202,1.0040232512,0.9966173523,1.0011809941,1.0011809941,40372954
2019-04-10,1.0009733655,1.014706009,0.9959673089,1.0013792838,1.0013792838,48590445
2019-04-11,1.0016741954,1.005682075,0.997778755,1.0028258276,1.0028258276,63695457
2019-04-12,1.0025792949,1.0058332933,0.9988839269,1.002897771,1.002897771,44545387
2019-04-13,1.0030264533,1.0061146677,1.0003046846,1.0040670139,1.0040670139,35520365
2019-04-14,1.0040670139,1.0099002754,0.9994142674,1.0080248949,1.0080248949,31692818
2019-04-15,1.0080248949,1.009677307,0.9956594395,0.9989799866,0.9989799866,44283943
2019-04-16,0.9990902751,1.0137526549,0.9975801224,1.01040846,1.01040846,31481366
2019-04-17,1.0117335108,1.0144807977,1.0019494729,1.0056843529,1.0056843529,32737398
2019-04-18,1.0054796659,1.0076226361,1.0002580276,1.0026450109,1.0026450109,41597044
2019-04-19,1.003558265,1.0052386438,0.9973921455,1.0026293441,1.0026293441,34134430
2019-04-20,1.0029418625,1.0056419535,0.9961620526,1.0009685481,1.0009685481,39216250
2019-04-21,1.001430341,1.0072471866,0.9944106186,1.0020828559,1.0020828559,46250000
2019-04-22,1.0020704639,1.0082071155,0.9969208287,1.0038383703,1.0038383703,46697245
2019-04-23,1.0035615315,1.0054014125,0.9946802046,0.9994392589,0.9994392589,55954909
2019-04-24,0.9994392589,1.0045481848,0.9919649196,0.9989305687,0.9989305687,56853285
2019-04-25,0.9987366653,1.0175271852,0.9960138215,1.0071499564,1.0071499564,82371631
2019-04-26,1.0052094743,1.0242615623,1.0052094743,1.0193937896,1.0193937896,113370626
2019-04-27,1.0190793647,1.0210364255,1.0116240822,1.0129789358,1.0129789358,48849898
2019-04-28,1.0130075575,1.0189558909,1.0123007265,1.0155938525,1.0155938525,44378359
2019-04-29,1.0158906634,1.0184848667,1.0103620291,1.0152809818,1.0152809818,71768244
2019-04-30,1.0153094255,1.0175510669,1.0109166048,1.0153044691,1.0153044691,81415438
2019-05-01,1.0152087424,1.0162764642,1.0082360699,1.0119026432,1.0119026432,90100967
2019-05-02,1.0116422599,1.018533788,1.0113270242,1.0161916237,1.0161916237,83209787
2019-05-03,1.0162999873,1.0236889858,1.0098196268,1.0178262769,1.0178262769,108921203
2019-05-04,1.0178262769,1.0225661831,1.00573806,1.0092450995,1.0092450995,117381605
2019-05-05,1.0097655863,1.0131853056,1.0032566214,1.0093858221,1.0093858221,79929581
2019-05-06,1.0091697131,1.0123830269,1.0064517072,1.008191063,1.008191063,89601155
2019-05-07,1.0081468016,1.0169017418,1.0028707056,1.0106919753,1.0106919753,100559475
2019-05-08,1.0097576114,1.0171012271,1.0051495779,1.0074004371,1.0074004371,99486108
2019-05-09,1.0072016418,1.0096371719,1.0021858681,1.0040437086,1.0040437086,134758323
2019-05-10,1.0043326743,1.0098118664,1.0005870089,1.0056069463,1.0056069463,247829264
2019-05-11,1.006717542,1.0104160576,0.9885573996,0.9968577599,0.9968577599,510302993
2019-05-12,0.9954161122,1.0118610105,0.991181578,0.9983532603,0.9983532603,481377527
2019-05-13,0.9983532603,1.0080199754,0.9825827753,0.9996983826,0.9996983826,268233283
2019-05-14,0.9988843249,1.0094025631,0.9929345113,0.9988408387,0.9988408387,235041654
2019-05-15,0.998904943,1.0032517634,0.9945393753,0.9981859485,0.9981859485,217410064
2019-05-16,0.9975168197,1.0125659034,0.99090447,0.9987866255,0.9987866255,289789111
2019-05-17,0.9992234389,1.0188147742,0.9931252357,0.9987285027,0.9987285027,293691288
2019-05-18,0.9987285027,1.0067906671,0.9933058012,0.9965424649,0.9965424649,154811622
2019-05-19,0.997067005,1.0075317428,0.9899890718,1.0027730391,1.0027730391,184721780
2019-05-20,1.0027730391,1.0146823621,0.9929186546,0.9965239954,0.9965239954,276118420
2019-05-21,0.9973580134,1.0035095418,0.9947185855,0.9988887418,0.9988887418,170890835
2019-05-22,0.9988887418,1.0088363553,0.9924181108,1.0000867421,1.0000867421,125174452
2019-05-23,1.0001959841,1.0035798798,0.995097479,0.9999630507,0.9999630507,129739544
2019-05-24,0.9997161947,1.0035344655,0.9971696341,0.9983753804,0.9983753804,148518446
2019-05-25,0.9983753804,1.0011383769,0.9965473607,0.9980147117,0.9980147117,95403891
2019-05-26,0.997862794,1.0046283269,0.9922970439,0.9971133871,0.9971133871,132653003
2019-05-27,0.9974234276,1.0171671137,0.9950176852,1.0048380578,1.0048380578,157886328
2019-05-28,1.0057314615,1.00734749,0.9972329865,1.0051787882,1.0051787882,106019351
2019-05-29,1.0054244561,1.0066379341,0.9971514032,0.9984299801,0.9984299801,115843796
2019-05-30,0.9984299801,1.0237245769,0.9947858052,0.9994896074,0.9994896074,169319401
2019-05-31,0.9994896074,1.0062381688,0.9962607255,1.001047213,1.001047213,98020521
2019-06-01,1.0006545199,1.0076597523,0.9960195362,0.9999372362,0.9999372362,70583907
2019-06-02,0.9999372362,1.0069744492,0.9955014448,0.9991909586,0.9991909586,80548187
2019-06-03,0.9991909586,1.0170468133,0.9934182869,0.9978972937,0.9978972937,111821198
2019-06-04,0.9990789532,1.0154256189,0.9922527032,1.0024853072,1.0024853072,136428049
2019-06-05,1.0024853072,1.0116306807,0.997838261,1.003696134,1.003696134,93861385
2019-06-06,1.0031135465,1.0139297423,0.9940337813,1.0037330501,1.0037330501,85196344
2019-06-07,1.0045247378,1.0048787281,0.9978011403,1.0016898456,1.0016898456,86557460
2019-06-08,1.0012074876,1.0041378159,0.9933349983,0.9941240246,0.9941240246,58308368
2019-06-09,0.9939772194,1.0031199503,0.9933329397,1.0016636525,1.0016636525,71761740
2019-06-10,1.00061179,1.0041211749,0.9933541226,1.000683131,1.000683131,84730095
2019-06-11,1.0008101443,1.0061722981,0.9976431525,1.0007383455,1.0007383455,77849492
2019-06-12,1.0010215499,1.0040147883,0.9918338605,0.9998536122,0.9998536122,104507306
2019-06-13,0.9990891195,1.0028034644,0.9976846938,0.9989531307,0.9989531307,100661027
2019-06-14,0.999250546,1.0029911372,0.9960349449,1.0025795819,1.0025795819,102745227
2019-06-15,1.0016342847,1.0031659608,0.9970034277,0.9992339316,0.9992339316,74693218
2019-06-16,0.9992339316,1.0135541651,0.9967312831,1.0002112817,1.0002112817,110310160
2019-06-17,1.0001428996,1.0062490262,0.9965848432,1.0023181764,1.0023181764,109557094
2019-06-18,1.0041697998,1.006217858,0.9969936397,0.9986283681,0.9986283681,100022653
2019-06-19,0.9983009969,1.0028977276,0.9965846686,0.9989096691,0.9989096691,76300038
2019-06-20,0.9986578759,1.0014539721,0.9931012131,0.9976630754,0.9976630754,119884299
2019-06-21,0.9976131553,1.0081478877,0.9960488944,0.99805084,0.99805084,112588159
2019-06-22,0.998379271,1.0189141024,0.9954026543,0.9999750373,0.9999750373,198318684
2019-06-23,0.9998517587,1.0140992503,0.9971402941,1.0004633852,1.0004633852,126408037
2019-06-24,1.0004633852,1.0074951953,0.9967797057,1.0000004216,1.0000004216,146462988
2019-06-25,0.9998238093,1.0119644503,0.9964697093,1.0028461123,1.0028461123,162151709
2019-06-26,1.0028461123,1.0390427442,0.9936591677,1.0045217529,1.0045217529,301891501
2019-06-27,1.0045217529,1.0148455809,0.9965341698,1.0018218016,1.0018218016,270933375
2019-06-28,1.0006844584,1.0084368837,0.9981748876,1.0026697686,1.0026697686,222978120
2019-06-29,1.0027699163,1.0173607135,0.9960927482,0.9996323279,0.9996323279,204845657
2019-06-30,1.0004710795,1.012141564,0.997759873,1.0031924067,1.0031924067,184930416
2019-07-01,1.0031924067,1.0102817584,0.9953215562,1.0008368991,1.0008368991,180323705
2019-07-02,1.0005789099,1.0088903362,0.9883371915,1.0020630452,1.0020630452,197506894
2019-07-03,1.0023734939,1.0066276885,0.9881037163,1.0009897207,1.0009897207,187818876
2019-07-04,1.001409529,1.0145308073,0.9968774746,0.9993863989,0.9993863989,157145205
2019-07-05,0.9990672237,1.0086785594,0.9925363667,1.0004658714,1.0004658714,105604889
2019-07-06,1.0003740316,1.00729547,0.9916498555,0.9961199382,0.9961199382,95844874
2019-07-07,0.9958852585,1.0033430683,0.9928258063,0.9967196081,0.9967196081,79091529
2019-07-08,0.9968359597,1.0046248337,0.9867176645,0.9993703449,0.9993703449,122496181
2019-07-09,0.9995534088,1.0147444214,0.9951971957,0.9994774532,0.9994774532,164588273
2019-07-10,0.9978521356,1.0143061898,0.9922179486,1.0011099874,1.0011099874,190158658
2019-07-11,1.0010790855,1.0100730153,0.9956160802,0.9993348693,0.9993348693,178747822
2019-07-12,0.9987232755,1.0042361556,0.9948678156,1.001399639,1.001399639,135296874
2019-07-13,1.0019013614,1.0097822471,0.9953114573,0.9991305553,0.9991305553,95762367
2019-07-14,0.99864239,1.0116539153,0.9955642945,0.9985678459,0.9985678459,106041670
2019-07-15,0.999675155,1.0073578158,0.9945297953,1.0036129077,1.0036129077,138049441
2019-07-16,1.0045207553,1.0118695127,0.9949448746,0.9999407461,0.9999407461,184923693
2019-07-17,1.0007610867,1.005520314,0.9944679878,1.0022892133,1.0022892133,162980968
2019-07-18,1.0024670435,1.006949789,0.9856358331,1.0032886327,1.0032886327,170055529
2019-07-19,1.0032886327,1.0164718355,0.9911155404,0.9998521052,0.9998521052,123323972
2019-07-20,0.9993879588,1.0127845257,0.9948348873,1.0018302456,1.0018302456,97823106
2019-07-21,1.0025664936,1.0062942436,0.9977139305,1.0014314124,1.0014314124,77161429
2019-07-22,1.0011573424,1.0142404825,0.9930300424,1.0017111312,1.0017111312,84139079
2019-07-23,1.0014050641,1.0053451992,0.99593848,1.0011042899,1.0011042899,76690057
2019-07-24,1.0011042899,1.011465451,0.9973529313,1.0032625917,1.0032625917,81723548
2019-07-25,1.0035720483,1.0079387794,0.9941088788,1.0031250637,1.0031250637,94853819
2019-07-26,1.0027102943,1.008873587,0.9969900975,1.0026081801,1.0026081801,65047970
2019-07-27,1.0026081801,1.0179735432,0.9917352929,1.0006230443,1.0006230443,112409400
2019-07-28,1.0006230443,1.0112421962,0.9871317965,1.0020148829,1.0020148829,61030066
2019-07-29,1.0008506883,1.0081052782,0.9963130974,1.0027254809,1.0027254809,64034829
2019-07-30,1.0026974249,1.0054465788,0.9935440943,1.0026225314,1.0026225314,72740003
2019-07-31,1.001685634,1.0053115164,0.9975998529,1.0016925474,1.0016925474,76363107
2019-08-01,1.0016145163,1.0060559165,0.9956472608,1.0022580288,1.0022580288,90755236
2019-08-02,1.002507877,1.0087107369,0.9989104201,0.9997801091,0.9997801091,108695096
2019-08-03,0.9998847064,1.0051171825,0.9973544316,1.0017811096,1.0017811096,139947812
2019-08-04,1.0019275456,1.005113774,0.9933404022,0.9980902738,0.9980902738,105761004
2019-08-05,0.9981538145,1.0061790456,0.9918432936,1.00210509,1.00210509,343644659
2019-08-06,1.0029520054,1.0186745538,0.9959839341,0.9996024546,0.9996024546,149803388
2019-08-07,0.9991127042,1.0184510839,0.9969010509,1.0011560414,1.0011560414,133917479
2019-08-08,1.0011560414,1.0069761033,0.994047567,0.9964851489,0.9964851489,107836436
2019-08-09,0.996950772,1.0053935007,0.9966431351,0.9998617212,0.9998617212,86084349
2019-08-10,0.9998617212,1.0227113452,0.9966320178,1.0031139125,1.0031139125,121464047
2019-08-11,1.0031135481,1.0085134223,0.9970968016,0.9975426374,0.9975426374,88725828
2019-08-12,0.9988143819,1.0108808748,0.9980217028,1.0023590215,1.0023590215,101717903
2019-08-13,1.0017791826,1.0073755349,0.9985253831,1.0006296152,1.0006296152,106639934
2019-08-14,1.0003560448,1.0133728963,0.9961252509,1.0019675511,1.0019675511,155009810
2019-08-15,1.0019675511,1.0072554348,0.9898038055,1.000913584,1.000913584,139392936
2019-08-16,1.0013609236,1.0083319367,0.986851924,1.0008607895,1.0008607895,125713021
2019-08-17,1.000716789,1.0061869876,0.9940246215,1.0008526465,1.0008526465,87160072
2019-08-18,1.0003022881,1.0046063928,0.9941497612,1.00178389,1.00178389,84496697
2019-08-19,1.0017130102,1.0059224389,0.9946571888,1.0011479079,1.0011479079,110441849
2019-08-20,1.0012622297,1.0063696683,0.9977140969,1.0015642381,1.0015642381,95290236
2019-08-21,1.0013759243,1.0171711663,0.9943258684,0.999723264,0.999723264,140393308
2019-08-22,0.999723264,1.0135410647,0.9958795636,1.0002381425,1.0002381425,161974031
2019-08-23,1.0002381425,1.0111683208,0.9904634475,1.0015192643,1.0015192643,166459701
2019-08-24,1.00177586,1.0136237618,0.9948969191,1.0026820822,1.0026820822,148820460
2019-08-25,1.0026820822,1.0123824136,0.995391786,0.9991754478,0.9991754478,155556320
2019-08-26,0.9990660347,1.00812132,0.987236156,1.0021368708,1.0021368708,188397602
2019-08-27,1.0022523162,1.0089900909,0.9977289298,1.0013068498,1.0013068498,134282531
2019-08-28,1.0008871189,1.0284901754,0.9964509985,0.9998207444,0.9998207444,167046464
2019-08-29,1.0002829858,1.0077526721,0.9974361336,1.003470883,1.003470883,148444116
2019-08-30,1.003470883,1.0064650438,0.9979240153,1.0004846566,1.0004846566,118556193
2019-08-31,1.0005580139,1.01035523,0.9993041409,1.0034421441,1.0034421441,88557733
2019-09-01,1.0034558031,1.004914389,0.997469586,1.0012102194,1.0012102194,85163334
2019-09-02,1.0012510998,1.0026095726,0.9901100568,0.9979902048,0.9979902048,188570485
2019-09-03,0.998343091,1.0084370715,0.9947061123,1.0005871657,1.0005871657,312426040
2019-09-04,1.0008977181,1.0059393136,0.9959072275,1.0010984059,1.0010984059,214046131
2019-09-05,1.0011562813,1.0049509364,0.9957072147,0.9992521296,0.9992521296,161117389
2019-09-06,0.9992521296,1.0170883233,0.9952557909,1.0024766743,1.0024766743,235777567
2019-09-07,1.0031493845,1.0046605775,0.9953267474,1.0024058695,1.0024058695,216553605
2019-09-08,1.0021811651,1.0168930818,0.9968570073,1.0031950728,1.0031950728,184302338
2019-09-09,1.0031950728,1.0094055353,0.990454786,1.0013747121,1.0013747121,320254412
2019-09-10,1.0012469118,1.0168550674,0.9986221437,1.0013111389,1.0013111389,287595684
2019-09-11,1.0013111389,1.0081936989,0.9985835479,1.0020535763,1.0020535763,170908062
2019-09-12,1.0023857775,1.005949612,0.9977345121,0.9990253378,0.9990253378,208929233
2019-09-13,0.9990282536,1.0064898156,0.9974973922,0.998834625,0.998834625,159607257
2019-09-14,0.9995837064,1.0047387398,0.9981160851,0.9993462811,0.9993462811,146591060
2019-09-15,0.9993462811,1.0061395914,0.9985616495,1.0033871214,1.0033871214,108479017
2019-09-16,1.0031332183,1.0105042103,0.9953504736,0.9999264653,0.9999264653,303681510
2019-09-17,1.0000148642,1.0067660737,0.9981241311,1.003121225,1.003121225,171423477
2019-09-18,1.0040353297,1.0070961015,1.0005882412,1.0040552004,1.0040552004,166194614
2019-09-19,1.0041284324,1.0251544308,0.9900571066,0.9988345174,0.9988345174,232010536
2019-09-20,1.000002021,1.005593166,0.9988688287,1.0013697578,1.0013697578,192695287
2019-09-21,1.0010665725,1.0072969309,0.9995477408,1.0030598613,1.0030598613,159348829
2019-09-22,1.0034943676,1.008736931,0.9983078917,1.0021310891,1.0021310891,122958976
2019-09-23,1.0032011559,1.0153103743,0.9998053517,1.0030651858,1.0030651858,141559451
2019-09-24,1.0032005826,1.0550469789,0.9912357136,1.0041015208,1.0041015208,289013278
2019-09-25,1.00243432,1.0097829081,0.9977730166,1.004902211,1.004902211,216810339
2019-09-26,1.004897186,1.0245275041,0.9975465689,1.00532115,1.00532115,198067687
2019-09-27,1.0052899415,1.0101614248,0.9995777794,1.006369489,1.006369489,157011691
2019-09-28,1.0061441644,1.0110935193,0.9958030354,1.0021700674,1.0021700674,118395271
2019-09-29,1.0024629015,1.0157943781,0.9992179523,1.0044898499,1.0044898499,114528745
2019-09-30,1.0044722517,1.0133172371,0.9962896477,1.0013855557,1.0013855557,176210397
2019-10-01,1.0006841991,1.0093256968,0.9954527987,1.0032728329,1.0032728329,139974502
2019-10-02,1.0032728329,1.0064744196,0.998627791,1.0011277391,1.0011277391,170359263
2019-10-03,1.000854311,1.0101413127,0.9979367637,1.0023707729,1.0023707729,217085171
2019-10-04,1.0022916812,1.0130454588,1.0001764718,1.0054072719,1.0054072719,154530799
2019-10-05,1.0054072719,1.0085102118,0.9961085276,0.998863038,0.998863038,131141182
2019-10-06,0.9989162404,1.0218955919,0.9969031425,1.0135465196,1.0135465196,154064852
2019-10-07,1.0122691146,1.0173106009,0.9966377085,1.0054919382,1.0054919382,183256904
2019-10-08,1.0048572573,1.0091452406,0.9983724201,1.0054448506,1.0054448506,182457962
2019-10-09,1.0054448506,1.010168172,0.9917008016,1.0008681402,1.0008681402,213518684
2019-10-10,1.0005335686,1.0039929011,0.9956361131,1.0004918206,1.0004918206,219588027
2019-10-11,1.0003009879,1.0129773437,0.9909126615,1.0070178317,1.0070178317,212197499
2019-10-12,1.0070178317,1.0070178317,0.9992835588,1.0028407247,1.0028407247,155919006
2019-10-13,1.0029421276,1.0153552344,0.9999253474,1.0031685368,1.0031685368,141554667
2019-10-14,1.0031685368,1.0076062956,0.9940801151,1.0027494228,1.0027494228,190937613
2019-10-15,1.0029486572,1.0143114735,0.9964761725,1.0042895944,1.0042895944,225464591
2019-10-16,1.0043133644,1.0105090585,0.9998402136,1.0046789162,1.0046789162,273003369
2019-10-17,1.0043816893,1.008238342,1.0010042758,1.0031343579,1.0031343579,163371782
2019-10-18,1.0031343579,1.0151304492,1.0006153512,1.0016741285,1.0016741285,167707575
2019-10-19,1.0014894542,1.0084286423,0.9965032866,1.0039296243,1.0039296243,134004655
2019-10-20,1.0037004187,1.0073540847,0.9907787531,1.0005032512,1.0005032512,142910830
2019-10-21,1.000529959,1.0047614648,0.9988454304,1.0025878875,1.0025878875,204345569
2019-10-22,1.0022241412,1.0067576926,1.0000198914,1.0026925355,1.0026925355,157055490
2019-10-23,1.0026034693,1.0350861708,1.0004505385,1.0031700805,1.0031700805,202607602
2019-10-24,1.0029079007,1.0077234956,1.0019494331,1.0077234956,1.0077234956,169699224
2019-10-25,1.0077234956,1.0092653769,0.9745525629,1.0006401979,1.0006401979,269128282
2019-10-26,1.000589705,1.0088903741,0.9679258994,0.998885441,0.998885441,325436453
2019-10-27,0.9989957786,1.0068564021,0.9730981669,1.0008140582,1.0008140582,259625515
2019-10-28,1.0004015325,1.006401892,0.9746229024,1.0011583235,1.0011583235,279804543
2019-10-29,1.0021810006,1.0123117519,0.9922153144,0.9996347204,0.9996347204,275012859
2019-10-30,1.0000378277,1.0079435139,0.9983957098,1.0025876446,1.0025876446,278236712
2019-10-31,1.0024023454,1.0405766725,0.9963501508,1.0049746614,1.0049746614,238812359
2019-11-01,1.0052614573,1.0090212357,0.9986521019,1.0018738367,1.0018738367,244379930
2019-11-02,1.0018738367,1.009899626,0.9953566521,1.002745533,1.002745533,222754025
2019-11-03,1.0031367411,1.0125288453,0.997734986,1.0032124256,1.0032124256,208342328
2019-11-04,1.0029075003,1.0069365554,0.9914346445,1.0027287515,1.0027287515,310602968
2019-11-05,1.0027287515,1.0083316551,0.9954174048,1.0033576704,1.0033576704,294667615
2019-11-06,1.0039949809,1.0066543004,0.9992184835,1.0014068002,1.0014068002,254889570
2019-11-07,1.0014799439,1.0090443792,0.9995956368,1.0061039831,1.0061039831,239841337
2019-11-08,1.0059514942,1.0144851769,0.9997128119,1.0027022396,1.0027022396,274189415
2019-11-09,1.0028713754,1.0067138779,0.9994349651,0.9999084247,0.9999084247,181125623
2019-11-10,1.0004391177,1.009477953,0.9875400482,1.0021000261,1.0021000261,208138709
2019-11-11,1.002180147,1.012130263,0.9992958138,1.0040652759,1.0040652759,249046403
2019-11-12,1.0040910105,1.0110426556,0.9979578094,1.0027074638,1.0027074638,231927404
2019-11-13,1.002513727,1.008559119,1.0005315615,1.0043768839,1.0043768839,221641563
2019-11-14,1.0045356767,1.0146986235,1.0009746191,1.0069385126,1.0069385126,206724419
2019-11-15,1.0075779672,1.0151067386,0.998941837,1.0025901397,1.0025901397,217386443
2019-11-16,1.0027762491,1.0109779437,1.0023810936,1.0079688392,1.0079688392,196265977
2019-11-17,1.0079688392,1.0189817685,1.002996067,1.0082191992,1.0082191992,348968468
2019-11-18,1.0084149137,1.0233038266,1.0072656225,1.0136292014,1.0136292014,318741886
2019-11-19,1.0142060501,1.0292263301,1.0041298055,1.0102249399,1.0102249399,270511693
2019-11-20,1.0102249399,1.0200684174,1.0043634843,1.0070138222,1.0070138222,243202937
2019-11-21,1.006576287,1.0205978273,1.0025709728,1.0040424189,1.0040424189,273585206
2019-11-22,1.0040424189,1.0157169676,0.9920338725,1.0012472949,1.0012472949,360936425
2019-11-23,1.0011012521,1.0155443875,0.9989394967,1.0117439628,1.0117439628,278078472
2019-11-24,1.0119940696,1.0165460694,1.0020898128,1.0088790456,1.0088790456,205327943
2019-11-25,1.0081329624,1.0191070957,0.9870949672,1.0003926633,1.0003926633,292879020
2019-11-26,1.0001218558,1.0192330575,0.9967930977,1.0079346237,1.0079346237,253662665
2019-11-27,1.0024297174,1.0289312644,0.9850440361,1.0074877311,1.0074877311,320421509
2019-11-28,1.0070010135,1.0315317474,1.0041394224,1.0067545798,1.0067545798,297912088
2019-11-29,1.006490922,1.0164238781,0.9927045086,1.0030499459,1.0030499459,243248443
2019-11-30,1.0028709713,1.0131310304,0.9918262988,0.9976578241,0.9976578241,225316662
2019-12-01,0.9978691392,1.0111734647,0.981534749,0.996449857,0.996449857,195974260
2019-12-02,0.9966193985,1.0134689412,0.9871131875,0.998793617,0.998793617,236676758
2019-12-03,0.998793617,1.0123914791,0.9889561528,1.0021456203,1.0021456203,220114424
2019-12-04,1.0024097205,1.013198017,0.9893862971,1.0049551452,1.0049551452,266815750
2019-12-05,1.0041058976,1.0143419025,0.9956294286,1.0089454686,1.0089454686,278757472
2019-12-06,1.0091585087,1.0117968151,0.9986413196,1.0032507344,1.0032507344,303997788
2019-12-07,1.0038752777,1.0097012317,1.0020354112,1.0065594854,1.0065594854,303307059
2019-12-08,1.0063633058,1.0138366351,1.0020940708,1.0054697876,1.0054697876,343379311
2019-12-09,1.0061046905,1.0109992155,0.9963104127,1.00575366,1.00575366,289633306
2019-12-10,1.0058774902,1.0107972592,1.0006577217,1.0063405159,1.0063405159,337364122
2019-12-11,1.006807154,1.0139477112,1.0007699155,1.0007699155,1.0007699155,220178877
2019-12-12,1.0007513164,1.0139019861,0.9953255555,1.0069663558,1.0069663558,254328990
2019-12-13,1.0067810246,1.0082585766,1.0009786599,1.0030563756,1.0030563756,234842837
2019-12-14,1.0033248465,1.0100347032,1.0016575049,1.0068656781,1.0068656781,219599263
2019-12-15,1.0068656781,1.0089005369,0.9971247212,1.0056885548,1.0056885548,245259537
2019-12-16,1.0057092656,1.0194795415,1.000726772,1.0036170802,1.0036170802,267804554
2019-12-17,1.0036170802,1.021873696,0.9940541228,0.9987259876,0.9987259876,343419650
2019-12-18,0.9978723501,1.03440096,0.9937365542,1.0090511297,1.0090511297,502511827
2019-12-19,1.0093413681,1.0231676188,0.9968535227,1.0098154354,1.0098154354,328027662
2019-12-20,1.0098154354,1.0142740962,1.0039192519,1.0057090732,1.0057090732,286324794
2019-12-21,1.0056634039,1.0094808301,1.0047579887,1.0077460709,1.0077460709,318647354
2019-12-22,1.0077558644,1.0088649855,0.998061919,1.0020878522,1.0020878522,304211343
2019-12-23,1.0015870228,1.0096758115,0.9951269519,1.0005825245,1.0005825245,318337304
2019-12-24,1.0011893429,1.0257842952,0.9997440754,1.010235717,1.010235717,228681222
2019-12-25,1.010235717,1.0208253401,1.0049041648,1.0129361693,1.0129361693,275322378
2019-12-26,1.0129361693,1.0162157851,0.9969776366,1.0050478371,1.0050478371,220889371
2019-12-27,1.005338264,1.0242817705,0.9972827008,1.0086439587,1.0086439587,273234537
2019-12-28,1.0086439587,1.0125727991,1.001981455,1.0024017379,1.0024017379,264015986
2019-12-29,1.0025259104,1.0273434371,0.9997903258,1.0052833362,1.0052833362,277058217
2019-12-30,1.0061462797,1.0144918611,1.0044814763,1.0093577238,1.0093577238,391410188
2019-12-31,1.0091984926,1.0142530925,1.0010666314,1.0037295044,1.0037295044,267041315
2020-01-01,1.0037295044,1.0066392952,1.0019887604,1.004079232,1.004079232,242586528
2020-01-02,1.0044314868,1.0126362595,1.0025429999,1.0050170061,1.0050170061,318268134
2020-01-03,1.0053568486,1.0079282786,0.9884552438,1.0052729862,1.0052729862,374792167
2020-01-04,1.0048179188,1.0183910814,1.0012732756,1.009466062,1.009466062,334494308
2020-01-05,1.0087477003,1.0187177638,1.003931773,1.0084966606,1.0084966606,334597544
2020-01-06,1.0090729519,1.0151819223,0.9996354934,1.0031192829,1.0031192829,383494516
2020-01-07,1.0036519425,1.0109135396,0.9978171792,0.9994998951,0.9994998951,400308774
2020-01-08,0.9999833608,1.0137743497,0.9923881142,1.0046034629,1.0046034629,410892668
2020-01-09,1.003611515,1.0116322029,0.9970402573,1.0070308241,1.0070308241,307584171
2020-01-10,1.0082869787,1.016210157,0.9942344139,1.0008216177,1.0008216177,350097573
2020-01-11,1.0012266449,1.0094133907,0.9953344117,1.0025292799,1.0025292799,287180029
2020-01-12,1.0020412983,1.0113844465,0.99705939,1.0043180122,1.0043180122,330297498
2020-01-13,1.0042087476,1.0120621126,1.0005785862,1.0043191338,1.0043191338,343177235
2020-01-14,1.0053473137,1.0195373102,0.9944858432,1.0023706358,1.0023706358,469120389
2020-01-15,1.0015397985,1.0269604392,0.9921915357,1.0011654343,1.0011654343,493412531
2020-01-16,1.0010707952,1.0073637665,0.9989929047,1.0026680476,1.0026680476,430662074
2020-01-17,1.0025221356,1.0065147579,0.9983181368,1.0045229537,1.0045229537,479116540
2020-01-18,1.0041478566,1.0077644487,0.9998387666,1.0053200143,1.0053200143,413666367
2020-01-19,1.0050817108,1.0252532823,0.9938600268,0.9972901415,0.9972901415,423373607
2020-01-20,0.9973469911,1.0050305747,0.9964846311,1.0008032002,1.0008032002,343768616
2020-01-21,1.0006692461,1.0038364628,0.9972274335,1.00264151,1.00264151,311559856
2020-01-22,1.0020190118,1.0076200186,0.9987135921,1.0016150262,1.0016150262,309750921
2020-01-23,1.0014682563,1.0040871917,0.9959772462,1.000878618,1.000878618,320079261
2020-01-24,1.0010231402,1.0047336604,0.9942152904,1.0027933565,1.0027933565,315274054
2020-01-25,1.0031138967,1.0048922534,0.9984382087,1.0020353602,1.0020353602,265326087
2020-01-26,1.0020942191,1.0146300671,0.9977395996,1.0121842401,1.0121842401,292385181
2020-01-27,1.0121993853,1.0238604469,1.0073011635,1.0191205462,1.0191205462,393996733
2020-01-28,1.0190755887,1.0269382695,1.0049329955,1.0241959257,1.0241959257,502474594
2020-01-29,1.0243698912,1.0297545052,1.0126456889,1.0250957478,1.0250957478,381758732
2020-01-30,1.0244040688,1.0518677996,1.0224089847,1.0440291572,1.0440291572,316332808
2020-01-31,1.0436270921,1.0460535358,1.0216476597,1.0283741107,1.0283741107,361818896
2020-02-01,1.0285948916,1.0367413349,1.0222433652,1.0275459926,1.0275459926,313660538
2020-02-02,1.0275418491,1.0368283425,1.0220062817,1.0282099853,1.0282099853,384098792
2020-02-03,1.0282099853,1.0334404041,1.0230578896,1.026433903,1.026433903,387993602
2020-02-04,1.0255378801,1.0292407602,1.0196687082,1.0244359258,1.0244359258,382499609
2020-02-05,1.0241841744,1.0354009391,1.0224989242,1.03186939,1.03186939,468527693
2020-02-06,1.0320127043,1.0332424893,1.0229833213,1.0246570498,1.0246570498,501097854
2020-02-07,1.024562721,1.0248176286,1.0147731034,1.0169313575,1.0169313575,676480629
2020-02-08,1.0172909673,1.0240142245,1.0151961271,1.0195416322,1.0195416322,620221599
2020-02-09,1.0192043762,1.0420244682,1.0159848613,1.0245780994,1.0245780994,659695137
2020-02-10,1.0235267512,1.0311751986,1.0152318213,1.0188558045,1.0188558045,733552993
2020-02-11,1.0182723801,1.0222897633,1.004748224,1.0149089091,1.0149089091,845894777
2020-02-12,1.0145343073,1.0353925695,1.0125259138,1.0331368455,1.0331368455,555559141
2020-02-13,1.0334816554,1.0467983726,1.0182753249,1.0191160805,1.0191160805,850741759
2020-02-14,1.0186462641,1.0228248129,1.0148725645,1.0167226982,1.0167226982,928033207
2020-02-15,1.0167226982,1.030788628,1.0092407797,1.0112549565,1.0112549565,848189242
2020-02-16,1.0113333681,1.0223261869,1.0075073063,1.009633987,1.009633987,926497189
2020-02-17,1.0110069194,1.017807074,1.0071685407,1.0118980625,1.0118980625,983888760
2020-02-18,1.0116843438,1.035315069,1.0078093415,1.0212207849,1.0212207849,739770635
2020-02-19,1.0208036358,1.0460773569,1.0037617181,1.007413689,1.007413689,857550747
2020-02-20,1.0071419968,1.0153483954,1.004515148,1.0095118802,1.0095118802,977934310
2020-02-21,1.0104352075,1.0174574884,1.00464766,1.0112246099,1.0112246099,1007474893
2020-02-22,1.0107310924,1.0188492271,0.9961112046,0.9999222429,0.9999222429,945408542
2020-02-23,1.0006031979,1.0030121341,0.9915051325,0.9972806848,0.9972806848,1033736189
2020-02-24,0.9981205685,1.0071266565,0.9956627334,0.9995365998,0.9995365998,1114860352
2020-02-25,0.9994051743,1.0095991761,0.995669277,1.0003376972,1.0003376972,1047807481
2020-02-26,1.0001700697,1.0111693272,0.9973541277,1.002998469,1.002998469,1160696128
2020-02-27,1.0029921921,1.0065910706,0.9936364908,1.0006193226,1.0006193226,1097362414
2020-02-28,1.0008171286,1.007644051,0.9917010677,0.9929813394,0.9929813394,1039692084
2020-02-29,0.9934554729,1.0052884263,0.9926831134,1.0045862715,1.0045862715,938837732
2020-03-01,1.0047801079,1.0065399094,0.9969939565,1.0011614629,1.0011614629,897676018
2020-03-02,1.0016795818,1.0041980022,0.9933333771,0.9942114585,0.9942114585,938905914
2020-03-03,0.9945265187,1.0054608016,0.994380755,1.0028104284,1.0028104284,1012370159
2020-03-04,1.0018127165,1.0046828957,0.9941554443,1.0004525572,1.0004525572,786351195
2020-03-05,1.0003113188,1.0056859452,0.995662679,1.0043768314,1.0043768314,765829131
2020-03-06,1.0043579296,1.0055716292,0.9968762446,0.997433642,0.997433642,1401149802
2020-03-07,0.9966922152,1.0086509006,0.996589242,1.0004124922,1.0004124922,1239893192
2020-03-08,1.0004124922,1.0162196393,0.9970129605,1.007403789,1.007403789,1430098332
2020-03-09,1.006718139,1.0088001,0.9937960131,1.001110553,1.001110553,1320662037
2020-03-10,1.0016851295,1.0167141912,0.9921331217,1.0015186851,1.0015186851,1545918026
2020-03-11,1.0019685393,1.0060330407,0.9945395677,0.997317086,0.997317086,1295474005
2020-03-12,0.9977846258,1.0790990321,0.9578097674,1.0405532936,1.0405532936,1605204520
2020-03-13,1.0340635579,1.0604242668,0.9292217459,1.0025215101,1.0025215101,847303035
2020-03-14,1.0043058918,1.0075588264,0.984916991,1.0004970873,1.0004970873,574424825
2020-03-15,0.9984452674,1.0140018074,0.9945000178,1.0031440039,1.0031440039,712798810
2020-03-16,1.0024898156,1.0431933861,0.9725535037,0.9986029904,0.9986029904,700699447
2020-03-17,0.9963768566,1.0055660757,0.9552942566,0.9702375513,0.9702375513,561066412
2020-03-18,0.9679383096,1.0037394105,0.966304094,0.9701239439,0.9701239439,649533429
2020-03-19,0.9701239439,1.0058012616,0.9495258409,1.0021035031,1.0021035031,1067530248
2020-03-20,1.0010541344,1.0114234341,0.9604614835,0.9965847129,0.9965847129,961675019
2020-03-21,0.9949193272,1.0147180875,0.9858748887,1.0009142044,1.0009142044,1073258927
2020-03-22,0.9990329415,1.0116742294,0.9792834505,0.9959358587,0.9959358587,687125480
2020-03-23,0.9959358587,1.0069203699,0.9633066614,0.9910211434,0.9910211434,687375222
2020-03-24,0.9936574997,1.0131081253,0.9831024398,0.9959822643,0.9959822643,743619081
2020-03-25,0.9960950881,1.0058775945,0.9885499421,0.997521779,0.997521779,734599583
2020-03-26,0.997521779,1.0055196489,0.9905703458,0.9940559336,0.9940559336,829443692
2020-03-27,0.9943891158,1.0244050506,0.9875586694,1.0121639926,1.0121639926,956026571
2020-03-28,1.0121990967,1.0176764331,0.9930476714,0.9968717268,0.9968717268,821108456
2020-03-29,0.9975696996,1.008868402,0.9762536929,0.9780378265,0.9780378265,641642083
2020-03-30,0.9770263791,1.0054663611,0.9753876049,1.0054663611,1.0054663611,947341484
2020-03-31,1.003729138,1.0051979776,0.9911374472,1.0013338971,1.0013338971,757273271
2020-04-01,1.0013338971,1.00977185,0.9667869171,0.9957466308,0.9957466308,874513925
2020-04-02,0.9960313494,1.0050283406,0.987538275,0.9996028034,0.9996028034,1119590861
2020-04-03,1.0005476528,1.0061988522,0.9957498598,1.0006657087,1.0006657087,802031808
2020-04-04,1.0004161344,1.0149206976,0.9946026583,1.0015810072,1.0015810072,733529363
2020-04-05,1.0018600288,1.0061410708,0.9975163898,1.0015136411,1.0015136411,718937342
2020-04-06,1.0026467777,1.0096149954,0.9903092188,0.9967290006,0.9967290006,870767266
2020-04-07,0.99569989,1.0072833401,0.9902106586,0.9963283062,0.9963283062,895902328
2020-04-08,0.9961042412,1.0028964076,0.9860503175,0.995846486,0.995846486,775527778
2020-04-09,0.9955060411,1.0027835143,0.9939681499,1.0015116767,1.0015116767,767509663
2020-04-10,1.0012548237,1.006052745,0.9902645932,0.9989707254,0.9989707254,847956955
2020-04-11,0.9989707254,1.0007801435,0.9801561822,0.9950066811,0.9950066811,665074561
2020-04-12,0.9943842439,1.00412047,0.9883536388,1.0040652526,1.0040652526,805969792
2020-04-13,1.0035153563,1.0110355626,0.9910482114,0.9984233105,0.9984233105,721095996
2020-04-14,0.998584827,1.0027563102,0.989886407,0.9959272454,0.9959272454,723478384
2020-04-15,0.9948882427,1.0057732494,0.9672817972,0.999661283,0.999661283,834202006
2020-04-16,0.9996473428,1.0065909959,0.980824845,1.0010974466,1.0010974466,1055234948
2020-04-17,1.0007507475,1.0071993923,0.9940348811,1.0056425508,1.0056425508,789114157
2020-04-18,1.0061032398,1.0077109143,0.9938171454,0.9998854389,0.9998854389,850643276
2020-04-19,0.999326395,1.0108871265,0.9948264879,1.0060582916,1.0060582916,894054504
2020-04-20,1.0056749815,1.0097209355,0.9971881389,1.0021893411,1.0021893411,645616338
2020-04-21,1.0034288956,1.0076247434,0.9968669117,1.0024325669,1.0024325669,512937610
2020-04-22,1.0020313147,1.0077380906,0.9960278348,1.0005287707,1.0005287707,416817326
2020-04-23,1.0003279798,1.0053666971,0.9821469922,0.9938082999,0.9938082999,469598546
2020-04-24,0.9926891046,1.0076583356,0.9887800225,1.0061980925,1.0061980925,435965644
2020-04-25,1.0062307617,1.0089390359,0.994851805,1.0039659696,1.0039659696,379571252
2020-04-26,1.0042013967,1.0094779335,0.9933916469,0.9989564544,0.9989564544,419876552
2020-04-27,1.000119285,1.0065944469,0.995308086,1.0023145245,1.0023145245,425919491
2020-04-28,1.0025390331,1.0066070359,0.9981351618,1.0042239838,1.0042239838,358936206
2020-04-29,1.0039243309,1.0100651504,0.9908771214,1.0051511312,1.0051511312,617721870
2020-04-30,1.0048286654,1.0090589687,0.9921401123,1.0018213282,1.0018213282,588729708
2020-05-01,1.0018213282,1.0087355334,0.9987065049,1.0049201239,1.0049201239,483918719
2020-05-02,1.0058392358,1.0083695451,0.9960778191,1.0025093059,1.0025093059,527930176
2020-05-03,1.0030946217,1.0091299741,0.9965401996,0.9992958748,0.9992958748,538532397
2020-05-04,0.9996973124,1.0084366258,0.9983823485,1.0026517955,1.0026517955,546869282
2020-05-05,1.0021529366,1.0047114869,0.9938398745,0.9991190962,0.9991190962,568954079
2020-05-06,0.9971919458,1.0111840693,0.9947400681,1.0080726744,1.0080726744,570788155
2020-05-07,1.0080726744,1.0127598893,0.9894984151,1.0009239726,1.0009239726,569477470
2020-05-08,1.0009239726,1.0087105934,0.9946240503,1.0039931645,1.0039931645,573933002
2020-05-09,1.0041687383,1.0061582839,0.9966209006,1.002112746,1.002112746,527392293
2020-05-10,1.0020037213,1.0103481978,0.988601903,1.0016926015,1.0016926015,628815173
2020-05-11,1.0015256039,1.0052577006,0.9624389578,0.9973213822,0.9973213822,560486656
2020-05-12,0.9967464344,1.0055167121,0.9967161419,1.0011918677,1.0011918677,418915209
2020-05-13,1.0011488865,1.0036159305,0.9922318451,1.0010111783,1.0010111783,442974311
2020-05-14,0.9985307718,1.0087029885,0.9879947077,0.9968827216,0.9968827216,589452910
2020-05-15,0.9967570046,1.0175569426,0.9938829619,1.0029476688,1.0029476688,733477055
2020-05-16,1.0026658947,1.0040887017,0.9973013005,0.9993360275,0.9993360275,590472282
2020-05-17,0.9997017018,1.0046087133,0.9926978418,1.0015943343,1.0015943343,623833304
2020-05-18,1.001437139,1.0081488819,0.9940103874,1.0013098051,1.0013098051,556502433
2020-05-19,1.0012899121,1.0075641044,0.9942994681,0.9953954028,0.9953954028,645252420
2020-05-20,0.9946187001,1.009382136,0.9939361283,0.9999867692,0.9999867692,654997591
2020-05-21,1.0001594014,1.0119311758,0.9952180826,1.0019983801,1.0019983801,639942387
2020-05-22,1.0026032267,1.0059133761,0.9975292185,1.0031444155,1.0031444155,479674913
2020-05-23,1.002704302,1.0052793448,0.9965266359,1.0045996484,1.0045996484,418061541
2020-05-24,1.0046703594,1.0142983567,0.9961520042,1.0024024312,1.0024024312,420645623
2020-05-25,1.0014914228,1.0048735787,0.996154042,1.0023045726,1.0023045726,427366175
2020-05-26,1.0020659994,1.0073097724,0.9944655114,0.9993714051,0.9993714051,386722721
2020-05-27,0.9993714051,1.0052508385,0.9939925071,1.0023298477,1.0023298477,447623269
2020-05-28,1.0021703096,1.004622683,0.9930651192,0.9989592908,0.9989592908,477608688
2020-05-29,0.9979826188,1.0068072856,0.9974428602,1.002418716,1.002418716,445311776
2020-05-30,1.0026121672,1.0055716586,0.9961975651,1.003276281,1.003276281,478039732
2020-05-31,1.003276281,1.0083650906,0.9995109495,1.0024694829,1.0024694829,437098476
2020-06-01,1.0021796796,1.0051116743,0.9825286742,1.0024443248,1.0024443248,511987831
2020-06-02,1.0027248414,1.0087052445,0.9841318974,0.9989045574,0.9989045574,517602290
2020-06-03,0.9988065566,1.0040082834,0.9980528379,0.9999408487,0.9999408487,370385643
2020-06-04,1.0000928275,1.0044831551,0.9950871701,1.0013722137,1.0013722137,292616628
2020-06-05,1.0015560754,1.009603289,0.9983738499,1.0028605697,1.0028605697,267403161
2020-06-06,1.0033964431,1.0060464019,0.9950141281,0.9982703946,0.9982703946,249661876
2020-06-07,0.9982523246,1.0055767419,0.9956819437,1.0016705033,1.0016705033,278942203
2020-06-08,1.0017819771,1.0043772377,0.9952854221,0.9983953432,0.9983953432,258124392
2020-06-09,0.9983449503,1.0086466186,0.997734175,1.0029227263,1.0029227263,275906690
2020-06-10,1.0029246771,1.0044268302,0.9882342871,0.9994648049,0.9994648049,286430600
2020-06-11,0.9994648049,1.0088791342,0.9969085347,1.0023082963,1.0023082963,361418859
2020-06-12,1.0023749897,1.0037600524,1.0000479728,1.0014941575,1.0014941575,269662003
2020-06-13,1.0024982234,1.0040721864,1.0007661318,1.0010234378,1.0010234378,244922456
2020-06-14,0.9999353737,1.0077962546,0.9969248015,1.004572633,1.004572633,261665467
2020-06-15,1.004572633,1.0126125097,0.9999637035,1.0009257555,1.0009257555,329241566
2020-06-16,1.0010214827,1.0035720153,0.9988116108,1.0001506279,1.0001506279,305768693
2020-06-17,1.0001410529,1.0050630462,0.9994328745,1.0011803191,1.0011803191,296663411
2020-06-18,1.0014702927,1.0052216358,0.9987500679,1.0023079466,1.0023079466,265869062
2020-06-19,1.0029701709,1.0061353566,0.9975146569,0.9984900784,0.9984900784,286431524
2020-06-20,0.9984900784,1.0063841402,0.9915571344,0.9992282992,0.9992282992,264040919
2020-06-21,0.998519462,1.0052417617,0.9957913308,1.0022093769,1.0022093769,264643094
2020-06-22,1.0021448943,1.0029790071,0.9897289563,0.9961902801,0.9961902801,312776437
2020-06-23,0.9966509665,1.0024074361,0.990913039,1.0019764137,1.0019764137,275629670
2020-06-24,1.0019570703,1.0064048848,0.9994917597,1.0017554214,1.0017554214,317475211
2020-06-25,1.0019425197,1.0060865263,0.9940330995,1.0000618488,1.0000618488,280081178
2020-06-26,1.0008174569,1.007319595,0.9983183975,0.9998392289,0.9998392289,270824709
2020-06-27,1.0000893464,1.0107790039,0.9990415508,1.0038238589,1.0038238589,262437538
2020-06-28,1.0038238589,1.0079807431,0.9984082406,1.0029111871,1.0029111871,227229690
2020-06-29,1.0009249566,1.0113679129,0.9976097885,0.999403692,0.999403692,240627594
2020-06-30,0.9989121919,1.0074429108,0.997324156,0.9997029715,0.9997029715,230378726
2020-07-01,0.9999579286,1.0079562926,0.9976031648,1.0003254465,1.0003254465,277293073
2020-07-02,0.9998327784,1.0092124257,0.9978715964,1.0057460411,1.0057460411,268646941
2020-07-03,1.0059250853,1.0095150357,0.9976908702,1.0002377351,1.0002377351,250629643
2020-07-04,1.0001010242,1.009560711,0.9946381864,0.9995764452,0.9995764452,230791965
2020-07-05,0.9992007195,1.0061333901,0.9954870737,0.9978173241,0.9978173241,229374669
2020-07-06,0.9978173241,1.0045297125,0.9933544455,0.9992070079,0.9992070079,262308134
2020-07-07,0.9984423213,1.0043484065,0.9927938322,1.0001450884,1.0001450884,251459273
2020-07-08,1.0002135131,1.0037132182,0.9982582691,0.9992235698,0.9992235698,338710426
2020-07-09,0.9992235698,1.0068210207,0.9983081899,1.0036740144,1.0036740144,262565337
2020-07-10,1.0034926598,1.0060210675,0.997005765,0.9999299683,0.9999299683,268662387
2020-07-11,1.0002046626,1.0038308747,0.9974410111,1.0008221282,1.0008221282,228429648
2020-07-12,1.0007935615,1.0031991102,0.9975201297,0.9982425315,0.9982425315,247223175
2020-07-13,0.9982425315,1.003159324,0.9951282469,1.0024306879,1.0024306879,284329507
2020-07-14,1.0024306879,1.0038366108,0.9976877292,0.9988077915,0.9988077915,272931352
2020-07-15,0.9986818396,1.0052047407,0.9975538327,0.999520632,0.999520632,257140387
2020-07-16,0.9993595618,1.0055905702,0.9985475594,0.9999432092,0.9999432092,278630288
2020-07-17,0.9996685612,1.005416793,0.9977510986,0.9992187065,0.9992187065,248319472
2020-07-18,0.9992187065,1.0068455935,0.9970420107,0.9975585966,0.9975585966,237728742
2020-07-19,0.997522139,1.0063793251,0.9941395123,0.9971081501,0.9971081501,239654085
2020-07-20,0.9979998382,1.0047924321,0.9972858499,0.9988298993,0.9988298993,241979767
2020-07-21,0.9989619754,1.0044128148,0.996162943,0.9975483794,0.9975483794,268162461
2020-07-22,0.9977121525,1.0052197549,0.9962731755,1.0006997543,1.0006997543,275630027
2020-07-23,1.0003503048,1.0038142225,0.9962812025,0.9976553021,0.9976553021,295608573
2020-07-24,0.9978078309,1.0020336707,0.9962353,0.9980662167,0.9980662167,273580676
2020-07-25,0.9982283611,1.0017146835,0.996396239,0.9978045425,0.9978045425,280171826
2020-07-26,0.9978781638,1.003298639,0.9918745662,0.9974170023,0.9974170023,352834293
2020-07-27,0.9974254464,1.0053744143,0.9934196991,0.9985131799,0.9985131799,470335314
2020-07-28,0.9969184834,1.0045196671,0.9961904849,0.9986089051,0.9986089051,377869121
2020-07-29,0.9986509701,1.0076932779,0.9972184229,1.0000503097,1.0000503097,344833565
2020-07-30,1.0003015649,1.0037586283,0.9980209637,0.9998158254,0.9998158254,332715300
2020-07-31,0.9993677984,1.0130688552,0.997396785,1.0064833322,1.0064833322,352387844
2020-08-01,1.0064833322,1.0114319318,0.9932327119,0.9963757693,0.9963757693,428788849
2020-08-02,0.9965240282,1.020434694,0.9926345368,0.9973638281,0.9973638281,481496070
2020-08-03,0.9975130577,1.0028048861,0.9928551793,1.000051158,1.000051158,370719446
2020-08-04,1.0000056654,1.0024737011,0.9980045099,1.0000499993,1.0000499993,344445344
2020-08-05,1.0000295291,1.0024490636,0.997233946,1.0001277931,1.0001277931,351757028
2020-08-06,0.999911284,1.0015569663,0.9989843464,1.0002373881,1.0002373881,338670829
2020-08-07,1.0001719291,1.0039545025,0.9985849437,1.0002686797,1.0002686797,362226389
2020-08-08,1.0004350118,1.001774371,0.9984157193,0.9994279462,0.9994279462,334134858
2020-08-09,0.9992890827,1.0044580552,0.9978024399,1.0017601377,1.0017601377,326988690
2020-08-10,1.0017618734,1.0146103677,0.9979897549,1.0020723352,1.0020723352,405468663
2020-08-11,1.0016662968,1.0064301353,0.9999633859,1.0019992941,1.0019992941,421389774
2020-08-12,1.0019557395,1.0076815153,0.9974847813,1.004198468,1.004198468,402384827
2020-08-13,1.0043997066,1.0082266065,0.9969152064,1.0050124078,1.0050124078,453460226
2020-08-14,1.0051921823,1.0103257803,0.996069725,0.9996051603,0.9996051603,404192611
2020-08-15,0.9996495647,1.0028445709,0.9961366879,0.9989653973,0.9989653973,363887509
2020-08-16,0.998965153,1.0026024863,0.9945828717,0.9992659522,0.9992659522,378056620
2020-08-17,0.9992659522,1.0026303055,0.9944220676,0.9980220405,0.9980220405,436462695
2020-08-18,0.9981663939,1.0054949367,0.9956673578,1.0013395696,1.0013395696,415507652
2020-08-19,1.0008130829,1.0065591242,0.9993231975,1.001581371,1.001581371,407521488
2020-08-20,1.0016765359,1.0018515596,0.9976638956,0.9997201964,0.9997201964,351261530
2020-08-21,0.9997070547,1.0043294031,0.9976187848,1.002433519,1.002433519,402846713
2020-08-22,1.0023021102,1.0049873276,0.9987934756,0.9999388093,0.9999388093,336278907
2020-08-23,1.0001622757,1.0017377091,0.9986388089,0.9994675461,0.9994675461,299959710
2020-08-24,0.9993986462,1.0017864293,0.9975640095,1.0006298108,1.0006298108,315086650
2020-08-25,1.000357047,1.0066964081,0.9999521795,1.0017070434,1.0017070434,336440006
2020-08-26,1.0017909454,1.0022103635,0.9992479846,1.0013916968,1.0013916968,307466693
2020-08-27,1.0010562306,1.0028439944,0.999355783,1.001288815,1.001288815,319885737
2020-08-28,1.0016028897,1.0027390442,0.9998933814,1.0017074504,1.0017074504,330211751
2020-08-29,1.0014817234,1.00377144,1.0001092538,1.0026041136,1.0026041136,321728690
2020-08-30,1.0025976081,1.0059526938,0.9977381901,1.0012549868,1.0012549868,384070993
2020-08-31,1.0007825588,1.0055855498,0.9981350611,1.0039091295,1.0039091295,388657503
2020-09-01,1.0036493264,1.0076087436,0.997956476,1.0011862822,1.0011862822,478155175
2020-09-02,1.0005076665,1.0062612189,0.9970709528,1.0001905835,1.0001905835,545699500
2020-09-03,1.0008345841,1.0079579222,0.9982420357,1.0030305844,1.0030305844,569632814
2020-09-04,1.0042013194,1.0105449491,0.997156152,1.0034593742,1.0034593742,549725309
2020-09-05,1.0037571957,1.0148291279,1.0010786171,1.0047333969,1.0047333969,591701985
2020-09-06,1.0047333969,1.0083012701,0.9974694962,1.0010798289,1.0010798289,447289979
2020-09-07,1.0017258921,1.0057927051,0.9992680597,1.0015409112,1.0015409112,465106040
2020-09-08,1.0016295903,1.0064425224,0.9957918168,1.0034935247,1.0034935247,437692971
2020-09-09,1.0036211672,1.0048991792,0.9995810831,1.0018903926,1.0018903926,453341080
2020-09-10,1.0020486467,1.0114092275,0.9981317372,1.0027410952,1.0027410952,430412791
2020-09-11,1.0027410952,1.0103480902,0.9960734791,1.0015105643,1.0015105643,412149370
2020-09-12,1.0014178739,1.0104184492,1.0001271332,1.0017167537,1.0017167537,366444889
2020-09-13,1.0019723557,1.007221499,0.9994160961,1.0013167162,1.0013167162,406389837
2020-09-14,1.0012627771,1.0116399783,0.9969961909,1.0019392122,1.0019392122,477277457
2020-09-15,1.0019849772,1.0038267671,0.999016661,0.9999996912,0.9999996912,406597604
2020-09-16,1.0005359568,1.0020972807,0.9966697607,0.9979733506,0.9979733506,425437479
2020-09-17,0.9979764844,1.0025616841,0.9960980885,1.0004292506,1.0004292506,457241421
2020-09-18,1.0003560812,1.0410015459,0.9884642618,0.9996413632,0.9996413632,442248343
2020-09-19,0.9987703026,1.0038055307,0.99743048,1.0013995851,1.0013995851,372786315
2020-09-20,1.0015638695,1.0035369423,0.9994238038,1.0011815746,1.0011815746,380417648
2020-09-21,1.0011766749,1.0068423569,0.9996894558,1.0018431398,1.0018431398,452203611
2020-09-22,1.0019306802,1.0024763186,0.9993424315,1.0002596012,1.0002596012,343552519
2020-09-23,1.0004921,1.00204792,1.00024381,1.0009957,1.0009957,570244649
2020-09-24,1.00094696,1.00166264,1.00022377,1.00022377,1.00022377,485569424
2020-09-25,1.00026526,1.00059165,1.00014631,1.00035967,1.00035967,454308022
2020-09-26,1.00043205,1.0006977,1.00023025,1.00056342,1.00056342,403554372
2020-09-27,1.00056296,1.00071108,1.00034943,1.00047384,1.00047384,372960063
2020-09-28,1.00047353,1.00078341,0.99998653,1.00012526,1.00012526,394663533
2020-09-29,1.00031436,1.00086894,1.0000766,1.00055057,1.00055057,270605261
2020-09-30,1.0005515,1.00078716,1.00024473,1.00056409,1.00056409,292596570
2020-10-01,1.00056569,1.00107552,1.00023736,1.00081612,1.00081612,487472949
2020-10-02,1.00081612,1.00126694,1.0004187,1.00049664,1.00049664,465525692
2020-10-03,1.00056288,1.00111829,1.00038519,1.00097319,1.00097319,238468460
2020-10-04,1.00097364,1.00257373,1.00031959,1.00036871,1.00036871,241403386
2020-10-05,1.00036797,1.00143628,1.00017285,1.00047237,1.00047237,360918052
2020-10-06,1.00044919,1.00114008,1.00028499,1.00088338,1.00088338,425031250
2020-10-07,1.00088102,1.00139539,0.996671,1.0001681,1.0001681,374254318
2020-10-08,1.00016526,1.00117663,0.99981392,1.00043105,1.00043105,299815037
2020-10-09,1.00042943,1.00150687,1.00031039,1.00072743,1.00072743,327727313
2020-10-10,1.00040694,1.00079824,1.00018168,1.00029088,1.00029088,427180195
2020-10-11,1.00029089,1.00083933,1.00022211,1.000751,1.000751,403861256
2020-10-12,1.00070575,1.00114042,1.00018355,1.00039071,1.00039071,416476986
2020-10-13,1.00039173,1.0007867,1.00005866,1.00042961,1.00042961,387594913
2020-10-14,1.00042951,1.00102327,1.00022948,1.00080262,1.00080262,409435371
2020-10-15,1.00086424,1.00119384,1.00009655,1.00045231,1.00045231,391984913
2020-10-16,1.00042426,1.00164051,1.00026949,1.00064284,1.00064284,395543365
2020-10-17,1.00044715,1.00097046,1.00023687,1.0004439,1.0004439,333120960
2020-10-18,1.00040822,1.00080847,1.00017023,1.00043109,1.00043109,307862058
2020-10-19,1.00032185,1.00093193,1.00027072,1.00063807,1.00063807,413360977
2020-10-20,1.00041448,1.00069241,1.0002251,1.00043948,1.00043948,465386778
2020-10-21,1.00043085,1.00086831,0.99892413,0.99995623,0.99995623,604292164
2020-10-22,0.99997652,1.00028757,0.99970138,0.99999266,0.99999266,576937506
2020-10-23,1.00001777,1.00071846,0.99980074,1.0003127,1.0003127,437724211
2020-10-24,1.0003127,1.00103818,0.99986646,0.99992771,0.99992771,398566286
2020-10-25,0.99992771,1.00043051,0.99979592,1.00019472,1.00019472,402083347
2020-10-26,1.00019472,1.00050819,0.99783694,1.00017605,1.00017605,3320438919
2020-10-27,1.00017605,1.0005416,0.99960618,0.99999504,0.99999504,458104673
2020-10-28,0.99999504,1.00056024,0.99992907,1.00008227,1.00008227,528512165
2020-10-29,1.00008227,1.00043096,0.99970613,1.00014562,1.00014562,470459196
2020-10-30,1.00014562,1.00065877,1.00008686,1.00026456,1.00026456,431217496
2020-10-31,1.00026456,1.00032915,0.99983018,1.00027771,1.00027771,373758762
2020-11-01,1.00027771,1.00047166,0.99970869,1.00030367,1.00030367,351799541
2020-11-02,1.00030367,1.00083451,0.99964521,1.00026769,1.00026769,441571379
2020-11-03,1.00026769,1.00055007,0.99997228,0.99997228,0.99997228,442283090
2020-11-04,0.99997228,1.00045383,0.99989318,1.00034756,1.00034756,472844826
2020-11-05,1.00034756,1.00094218,0.99983425,0.99998786,0.99998786,539340014
2020-11-06,0.99998786,1.00041382,0.99948429,1.00014146,1.00014146,591081548
2020-11-07,1.00014146,1.00078672,0.98999456,1.00010125,1.00010125,557991189
2020-11-08,1.00010125,1.00099621,0.99960698,0.99995733,0.99995733,476614619
2020-11-09,0.99995733,1.00047745,0.9988863,0.99993203,0.99993203,622091070
2020-11-10,0.99993203,1.000507,0.99947376,1.00032487,1.00032487,343661075
2020-11-11,1.00032487,1.00046327,0.99974358,1.00014976,1.00014976,485540181
2020-11-12,1.00014976,1.00040345,0.99907873,0.9992072,0.9992072,537060492
2020-11-13,0.9992072,1.00031389,0.99906263,1.00001239,1.00001239,540727846
2020-11-14,1.00001239,1.00034983,0.99946704,1.00022437,1.00022437,449535541
2020-11-15,1.00022437,1.00028543,0.99980218,1.00016798,1.00016798,283637646
2020-11-16,1.00016798,1.00038152,0.99943055,1.00016163,1.00016163,512767433
2020-11-17,0.99994905,1.00027008,0.99826107,1.00007611,1.00007611,580963624
2020-11-18,1.00007611,1.0008512,0.99985075,1.00012058,1.00012058,656269397
2020-11-19,1.00012058,1.00047616,0.99990723,1.0001876,1.0001876,494516423
2020-11-20,1.0001876,1.00070339,0.99972389,1.00003932,1.00003932,566516098
2020-11-21,1.00003932,1.00023669,0.99941064,0.9999918,0.9999918,617179131
2020-11-22,0.9999918,1.00029969,0.99827712,0.99997751,0.99997751,612750450
2020-11-23,0.99997751,1.00032539,0.99851183,0.99981977,0.99981977,684467515
2020-11-24,0.99983746,1.00037549,0.99678833,0.99983031,0.99983031,767726663
2020-11-25,0.99983029,1.00029245,0.99563957,1.00005264,1.00005264,684764089
2020-11-26,1.00005262,1.00130433,0.9996175,1.00023493,1.00023493,1029792049
2020-11-27,1.00023502,1.00108028,0.99981404,1.00076925,1.00076925,579819717
2020-11-28,1.00076906,1.00085979,0.99990268,1.00004266,1.00004266,505337859
2020-11-29,1.00004264,1.00027257,0.99952345,1.00007259,1.00007259,469745856
2020-11-30,1.00007259,1.00047982,0.99966285,1.00019227,1.00019227,707506103
2020-12-01,1.00019227,1.00081762,0.99989984,1.00022674,1.00022674,791656264
2020-12-02,1.0002267,1.00081234,0.99900185,1.00005216,1.00005216,659579565
2020-12-03,1.00005217,1.00062332,0.99959722,0.99998822,0.99998822,613512931
2020-12-04,0.99998822,1.00043653,0.9995646,1.00005416,1.00005416,616718869
2020-12-05,1.00005416,1.00033489,0.99965257,1.00002447,1.00002447,528929182
2020-12-06,1.00002474,1.00042702,0.99993507,1.00026969,1.00026969,500125499
2020-12-07,1.00026963,1.00051672,0.99996938,1.00000792,1.00000792,503390382
2020-12-08,1.00000797,1.00086483,0.99972115,1.00010151,1.00010151,624652067
2020-12-09,1.00010151,1.00894295,0.999902,1.00078874,1.00078874,661526815
2020-12-10,1.00075173,1.00090843,0.99992021,1.00004617,1.00004617,386067664
2020-12-11,1.00004618,1.00136617,0.99787194,0.99999298,0.99999298,575419053
2020-12-12,0.99999282,1.00061331,0.99433412,1.00000147,1.00000147,372750751
2020-12-13,1.00000148,1.00051779,0.99959036,0.99988768,0.99988768,544392773
2020-12-14,0.99988768,1.00044379,0.9997998,0.99997186,0.99997186,511228529
2020-12-15,1.00007251,1.00044979,0.99986556,1.00023197,1.00023197,558700049
2020-12-16,1.00017487,1.0006811,0.99936771,0.99986571,0.99986571,777969586
2020-12-17,0.99980162,1.00017127,0.99844928,0.99982921,0.99982921,1292144145
2020-12-18,0.99976314,1.00027566,0.99964552,0.99989666,0.99989666,794460442
2020-12-19,0.99989666,1.00028595,0.99964024,0.99996038,0.99996038,749344674
2020-12-20,0.99996037,1.00013015,0.99971927,0.99989335,0.99989335,730501642
2020-12-21,0.99989335,1.00032842,0.9989839,0.99986641,0.99986641,835998783
2020-12-22,0.99986641,1.00175063,0.99959441,0.99997065,0.99997065,1004407433
2020-12-23,0.99997065,1.00087179,0.9996781,0.9999387,0.9999387,994946010
2020-12-24,0.99990832,1.00030472,0.9994783,1.00007413,1.00007413,822668329
2020-12-25,1.00014822,1.00040481,0.99968968,1.00019009,1.00019009,768443745
2020-12-26,1.00019008,1.00047628,0.99934873,0.9997332,0.9997332,837782777
2020-12-27,0.99980268,1.00022114,0.99217691,1.0000788,1.0000788,1168083151
2020-12-28,1.0000788,1.00035547,0.99950413,1.00010058,1.00010058,1037472251
2020-12-29,1.00010053,1.00109322,0.99861598,0.99997809,0.99997809,1102774805
2020-12-30,1.00004667,1.00045454,0.99944416,1.00001065,1.00001065,1158073232
2020-12-31,1.00001066,1.00040718,0.99950726,0.99980675,0.99980675,1099562416
2021-01-01,0.99980687,1.00029035,0.99954167,0.99982324,0.99982324,944050095
2021-01-02,0.99989587,1.0003242,0.99709741,1.00016197,1.00016197,1679209330
2021-01-03,1.000167,1.00060967,0.99840517,0.99973591,0.99973591,1828596899
2021-01-04,0.99962366,1.00049203,0.99875107,0.99937218,0.99937218,2201035267
2021-01-05,0.9994254,1.00026852,0.99870684,0.99974874,0.99974874,1662321027
2021-01-06,0.9997487,1.00008227,0.99787134,0.99968053,0.99968053,1791474728
2021-01-07,0.99968065,1.00031885,0.9976543,0.99791185,0.99791185,2265386969
2021-01-08,0.99791049,1.00224537,0.99790823,0.99968442,0.99968442,2236539817
2021-01-09,0.99968448,1.00078214,0.99932386,0.9997769,0.9997769,1553771951
2021-01-10,0.99983735,1.00134912,0.99944224,1.0000899,1.0000899,1917152178
2021-01-11,1.00008989,1.00325481,0.99983442,0.99995103,0.99995103,3166658513
2021-01-12,0.99996323,1.00103555,0.99946004,1.00059849,1.00059849,1934826250
2021-01-13,1.00059838,1.00198306,0.99950976,0.9998109,0.9998109,1739625823
2021-01-14,0.99981011,1.00064467,0.99937628,1.00011509,1.00011509,1810728488
2021-01-15,1.00011659,1.00078363,0.99964213,1.00008539,1.00008539,1630000401
2021-01-16,1.00008559,1.00095549,0.99968822,1.00013434,1.00013434,1671304227
2021-01-17,1.00013432,1.00049757,0.99984917,1.00045456,1.00045456,1463914697
2021-01-18,1.00046772,1.00080569,1.00001972,1.00056645,1.00056645,1412016575
2021-01-19,1.00056645,1.00181048,0.99996802,1.00004061,1.00004061,2019188111
2021-01-20,0.99999238,1.00032929,0.99950776,0.9999767,0.9999767,1814079623
2021-01-21,0.9999767,1.00078147,0.99970966,1.00041884,1.00041884,1853154939
2021-01-22,1.00041881,1.00122882,0.99977393,1.00027544,1.00027544,2196461508
2021-01-23,1.00027709,1.00035382,0.99989427,1.00000646,1.00000646,1287925958
2021-01-24,1.00000613,1.00135079,0.99975568,1.00016243,1.00016243,1335242694
2021-01-25,1.00019956,1.00053052,0.99991522,1.00004421,1.00004421,1637162641
2021-01-26,1.00004422,1.00071518,0.99991455,1.00007038,1.00007038,1584592377
2021-01-27,1.00007033,1.00188156,0.99935367,1.00001762,1.00001762,1674268317
2021-01-28,1.00000372,1.00026084,0.99925718,0.99957828,0.99957828,1532598984
2021-01-29,0.99890559,1.00083792,0.99847082,0.99997138,0.99997138,2410429032
2021-01-30,0.99993346,1.00035944,0.99972237,1.0000259,1.0000259,1443344471
2021-01-31,0.99996046,1.00023218,0.99958176,0.99996079,0.99996079,1245897595
2021-02-01,1.0000706,1.00018637,0.99918107,0.99994604,0.99994604,1456048772
2021-02-02,0.9998855,1.00073425,0.9994065,1.0004209,1.0004209,1750372396
2021-02-03,1.00042088,1.00094679,0.9995485,0.9997514,0.9997514,1827257483
2021-02-04,0.99979312,1.00008863,0.99930166,0.99974067,0.99974067,1864772386
2021-02-05,0.99979466,1.00059873,0.9983192,0.99994541,0.99994541,1722650454
2021-02-06,0.99994541,1.00037858,0.99952451,0.99999704,0.99999704,1802646232
2021-02-07,0.99998434,1.00014421,0.99962407,0.99988628,0.99988628,1416867095
2021-02-08,0.99983459,1.00042198,0.9982476,0.99979745,0.99979745,1791932105
2021-02-09,0.99979743,1.00220757,0.99927451,1.00003951,1.00003951,1689656162
2021-02-10,1.00003951,1.00234893,0.99952401,1.00001739,1.00001739,2156624147
2021-02-11,1.00005412,1.00094192,0.9994459,0.99984404,0.99984404,2045704986
2021-02-12,0.99985838,1.00038301,0.99941258,0.9998242,0.9998242,2186409043
2021-02-13,0.99982422,1.00014521,0.99959445,0.99986055,0.99986055,2279143401
2021-02-14,0.99986032,1.00056412,0.99967632,1.00002547,1.00002547,1913316177
2021-02-15,1.00002558,1.00118637,0.99968154,1.00003914,1.00003914,2214311704
2021-02-16,1.00003912,1.00026939,0.99981756,1.00011428,1.00011428,2062438717
2021-02-17,1.00005664,1.00104438,0.99968862,0.99984083,0.99984083,2132590491
2021-02-18,0.99980022,1.00029892,0.99979946,1.00004617,1.00004617,2094266690
2021-02-19,1.00010658,1.0006327,0.99976974,1.00005082,1.00005082,2321201287
2021-02-20,1.00005083,1.00015,0.99956048,0.99985207,0.99985207,2471881936
2021-02-21,0.99985352,1.0002562,0.99972788,0.99994535,0.99994535,1945631587
2021-02-22,0.99993673,1.00191666,0.9981835,1.00007366,1.00007366,3584165265
2021-02-23,1.00002074,1.00170194,0.99965771,1.00022051,1.00022051,4522385569
2021-02-24,1.00001927,1.00336844,0.99982359,1.00022884,1.00022884,2427751206
2021-02-25,1.00021998,1.00070955,0.99995892,1.00007188,1.00007188,2301651550
2021-02-26,1.00015335,1.0004738,0.99970946,0.99998599,0.99998599,2459413406
2021-02-27,0.99997267,1.00020391,0.99979007,1.00003089,1.00003089,1776838289
2021-02-28,1.00009468,1.0010073,0.99994157,1.00029625,1.00029625,2268777551
2021-03-01,1.00026643,1.00060194,0.99962487,0.99975693,0.99975693,1740798094
2021-03-02,0.99976781,1.00043198,0.99960763,1.00007774,1.00007774,1949254169
2021-03-03,1.00007776,1.00057911,0.9998197,1.00000157,1.00000157,1905564606
2021-03-04,1.00000157,1.00040068,0.99989428,1.0001626,1.0001626,1665593866
2021-03-05,1.00016257,1.00119624,1.0000312,1.00027743,1.00027743,1973917285
2021-03-06,1.00048355,1.00097566,0.99945071,0.99988131,0.99988131,1275477009
2021-03-07,0.99988131,1.00037489,0.99973113,0.99999415,0.99999415,1215837774
2021-03-08,0.99995253,1.00152595,0.99988874,0.99998412,0.99998412,1441044445
2021-03-09,0.9999842,1.00286072,0.99995765,1.00007396,1.00007396,1683029544
2021-03-10,1.000139,1.0009402,0.99991896,1.00005183,1.00005183,1751024086
2021-03-11,1.00000378,1.00080428,0.99980603,1.00012912,1.00012912,1487841641
2021-03-12,1.00014189,1.00088248,0.99979369,1.00017443,1.00017443,1612404621
2021-03-13,1.0001737,1.00070988,0.99987781,1.00023186,1.00023186,2044348842
2021-03-14,1.00012934,1.00021602,0.99980722,0.99999785,0.99999785,1544999695
2021-03-15,0.99992842,1.0008979,0.99929695,1.00008406,1.00008406,1927366887
2021-03-16,1.00008408,1.00036268,0.99955086,0.99999413,0.99999413,1868824949
2021-03-17,0.99999419,1.00209747,0.99866568,0.99890232,0.99890232,1782793504
2021-03-18,0.99885683,1.00145124,0.99869677,1.00099445,1.00099445,1525693757
2021-03-19,1.00095309,1.00398159,1.00032308,1.0024375,1.0024375,1472879184
2021-03-20,1.00243505,1.00392561,1.00130324,1.00215144,1.00215144,1191670789
2021-03-21,1.00209129,1.00257206,0.99928128,1.00096234,1.00096234,1265098606
2021-03-22,1.00098912,1.00398855,0.99908933,1.00131022,1.00131022,1380781628
2021-03-23,1.00134486,1.00202507,1.00024567,1.00080404,1.00080404,1511795325
2021-03-24,1.00093782,1.00231253,0.99986117,1.00155362,1.00155362,1916803425
2021-03-25,1.00149147,1.00153943,1.00012583,1.00083002,1.00083002,1646557726
2021-03-26,1.00076501,1.00218037,0.99933677,1.00080149,1.00080149,1591672366
2021-03-27,1.00070095,1.00171387,0.99975653,1.00027398,1.00027398,1340283946
2021-03-28,1.00028429,1.00253907,1.00000715,1.0007922,1.0007922,1294220918
2021-03-29,1.00080241,1.00085769,0.9993613,1.00002413,1.00002413,1535871374
2021-03-30,1.00002906,1.00094569,0.99931598,1.0005575,1.0005575,1506313602
2021-03-31,1.00058849,1.0019139,0.99918056,0.99960549,0.99960549,1589845937
2021-04-01,0.99969073,1.0012248,0.99941303,1.00086919,1.00086919,1515653266
2021-04-02,1.00070399,1.00198544,0.99897566,1.0003495,1.0003495,1645041684
2021-04-03,1.00029344,1.00286351,0.99810032,1.00279087,1.00279087,1521294666
2021-04-04,1.00272292,1.01109822,1.00092679,1.00295733,1.00295733,1205342903
2021-04-05,1.00305818,1.00434406,0.9998302,1.00004472,1.00004472,1398732746
2021-04-06,1.00014283,1.00189319,0.99948338,1.00142253,1.00142253,1519196566
2021-04-07,1.00147013,1.00254146,1.00079804,1.00223668,1.00223668,1821911304
2021-04-08,1.00232806,1.00240424,1.00001157,1.00023984,1.00023984,1443171575
2021-04-09,1.00020338,1.0016753,1.00020338,1.00149293,1.00149293,1140401440
2021-04-10,1.00151072,1.00249767,0.99824892,1.00059054,1.00059054,1642749490
2021-04-11,1.00059388,1.00309663,0.99957754,1.00286998,1.00286998,1336026255
2021-04-12,1.00275735,1.00275735,0.99984199,1.000371,1.000371,1582588399
2021-04-13,1.00037329,1.00114932,0.99917586,0.99945584,0.99945584,1943769751
2021-04-14,0.9994223,1.00265337,0.99925773,1.00143641,1.00143641,2400110758
2021-04-15,1.00146946,1.00305078,0.99996305,1.00032616,1.00032616,1888693157
2021-04-16,1.00022926,1.0026013,0.99941708,1.00103346,1.00103346,2557259201
2021-04-17,1.00103545,1.0107246,0.99876897,1.01049621,1.01049621,2143517952
2021-04-18,1.0105723,1.02652949,0.99980007,1.00009452,1.00009452,3829528301
2021-04-19,1.00014198,1.00019997,0.99980004,0.99996707,0.99996707,2323105009
2021-04-20,1.00011498,1.00019968,0.9998002,1.00005423,1.00005423,2318491536
2021-04-21,1.00014759,1.00019965,0.99980001,1.00013383,1.00013383,2311278586
2021-04-22,0.99980583,1.00019979,0.99980016,1.00002821,1.00002821,3112810473
2021-04-23,1.00015802,1.00019919,0.99980019,0.99997809,0.99997809,3676677427
2021-04-24,0.99996855,1.00019976,0.99980023,1.00006491,1.00006491,1788061914
2021-04-25,1.00017341,1.00019961,0.99980008,1.00017852,1.00017852,1642128335
2021-04-26,1.00015715,1.00019969,0.99980107,0.99998687,0.99998687,2285611608
2021-04-27,1.00002563,1.00019986,0.99980032,0.99992701,0.99992701,2024246696
2021-04-28,0.99996277,1.00019979,0.99980021,1.00019873,1.00019873,2010047371
2021-04-29,1.00007811,1.00019998,0.99980021,1.00014365,1.00014365,1840352705
2021-04-30,1.00001877,1.00019871,0.99980025,0.99982417,0.99982417,1906112907
2021-05-01,0.99980663,1.00019998,0.99980072,1.00015383,1.00015383,1867976129
2021-05-02,1.00011099,1.00019985,0.99980118,0.99994853,0.99994853,1366986801
2021-05-03,0.99997623,1.00019978,0.99980014,1.00010383,1.00010383,2684327606
2021-05-04,1.00013811,1.00019997,0.99980137,1.00019481,1.00019481,3275014762
2021-05-05,0.99993949,1.00019983,0.99980037,1.00011763,1.00011763,2783594521
2021-05-06,0.9998171,1.00019952,0.99980026,1.00005478,1.00005478,2220457984
2021-05-07,1.00004752,1.00019956,0.9998001,1.00007692,1.00007692,2266049147
2021-05-08,1.00002157,1.00019958,0.99980047,1.00003381,1.00003381,2317458254
2021-05-09,0.99982175,1.00019974,0.99980061,1.00005229,1.00005229,2704843631
2021-05-10,0.99993716,1.00019994,0.99980001,1.0000173,1.0000173,3173361075
2021-05-11,0.99983561,1.00019985,0.99980045,1.0001674,1.0001674,2566367931
2021-05-12,0.99993363,1.00019996,0.99980048,1.00009685,1.00009685,3183988042
2021-05-13,0.9998066,1.00019989,0.9998001,0.99982437,0.99982437,4460022465
2021-05-14,0.99988401,1.00019938,0.99980047,0.99996213,0.99996213,3146472043
2021-05-15,0.99995252,1.00019999,0.99980016,1.00009016,1.00009016,3328173098
2021-05-16,0.99984033,1.00019976,0.99980007,1.00015547,1.00015547,3772657577
2021-05-17,0.99985582,1.00019979,0.99980011,1.00009976,1.00009976,4135608294
2021-05-18,1.00015955,1.00116757,0.999571,1.00001839,1.00001839,3070777038
2021-05-19,1.00003802,1.00182436,0.99805533,0.99992609,0.99992609,8053431253
2021-05-20,0.99984999,1.00102968,0.99967653,0.99988004,0.99988004,5382601764
2021-05-21,0.99986848,1.00176616,0.99964842,1.00041709,1.00041709,4613942917
2021-05-22,1.00060662,1.00106815,0.99988818,1.00080685,1.00080685,3335609643
2021-05-23,1.0007618,1.00168301,1.00000391,1.00042174,1.00042174,5171953965
2021-05-24,1.00046241,1.00070574,0.99972624,1.00028747,1.00028747,4286226504
2021-05-25,1.00032382,1.00066972,0.99977575,0.9999299,0.9999299,3043007002
2021-05-26,0.99991704,1.0009053,0.99970967,1.00041767,1.00041767,2604239878
2021-05-27,1.00038936,1.00093163,0.99985975,1.00024939,1.00024939,1971138940
2021-05-28,1.00025079,1.00076769,0.9998615,1.00019569,1.00019569,2707603887
2021-05-29,1.00014398,1.00088099,0.99980091,0.99990108,0.99990108,2227562471
2021-05-30,0.99989521,1.00023551,0.99909303,0.99949847,0.99949847,2190418517
2021-05-31,0.99956039,1.00069729,0.9993909,1.00026444,1.00026444,2333931932
2021-06-01,1.00028345,1.00073847,0.99978342,1.00002504,1.00002504,1999280287
2021-06-02,1.00006534,1.00073679,0.99983604,1.00027737,1.00027737,1776182592
2021-06-03,1.00037119,1.00082305,1.0000166,1.00024168,1.00024168,2167192412
2021-06-04,1.00024307,1.00111949,0.99982209,1.00074936,1.00074936,2570089020
2021-06-05,1.00064982,1.00142321,0.99987914,1.00018434,1.00018434,1876582877
2021-06-06,1.00009545,1.00067836,0.9997498,1.00057698,1.00057698,1383139177
2021-06-07,1.00053749,1.00090169,0.99972317,1.00053988,1.00053988,1862347845
2021-06-08,1.0004935,1.0009044,0.99999884,1.00049674,1.00049674,2790193245
2021-06-09,1.00048807,1.00090421,0.99966619,0.99995007,0.99995007,2342690520
2021-06-10,0.99997478,1.00055436,0.99971799,1.0003166,1.0003166,1900199959
2021-06-11,1.00029253,1.00063975,0.99957545,1.00043475,1.00043475,1874628476
2021-06-12,1.00047947,1.00118458,0.99996347,1.00113594,1.00113594,1727912702
2021-06-13,1.00109589,1.00136664,0.99943395,0.99963004,0.99963004,1731376606
2021-06-14,0.99961017,1.00063443,0.9994224,1.00003023,1.00003023,1729527102
2021-06-15,1.00013017,1.01024168,0.99976243,1.00028435,1.00028435,1933931509
2021-06-16,1.00034517,1.00082352,0.99948479,1.00016764,1.00016764,1915334512
2021-06-17,1.00012622,1.00079919,0.99958973,1.00071689,1.00071689,2154845901
2021-06-18,1.00067181,1.0016006,0.99976357,1.00138354,1.00138354,2071077950
2021-06-19,1.00141209,1.00170982,1.00004344,1.00138626,1.00138626,1592022973
2021-06-20,1.00131284,1.00145354,1.00054782,1.00096177,1.00096177,2004269887
2021-06-21,1.00089786,1.00181314,1.00014158,1.00025988,1.00025988,4276274311
2021-06-22,1.00016697,1.00150129,1.00002965,1.00080515,1.00080515,4227695695
2021-06-23,1.0007385,1.00083773,1.00016598,1.00047021,1.00047021,3250654168
2021-06-24,1.00054161,1.00084796,1.00000081,1.00012618,1.00012618,2086547894
2021-06-25,1.00019022,1.00072351,0.99937409,1.00001683,1.00001683,2278575965
2021-06-26,0.99999314,1.00143569,0.99985081,1.00143569,1.00143569,2166740089
2021-06-27,1.00137738,1.00195488,1.00040779,1.00059122,1.00059122,2006379615
2021-06-28,1.00051524,1.0007142,0.99973929,0.99992529,0.99992529,2280426599
2021-06-29,0.99987593,1.00055854,0.99981473,1.00006596,1.00006596,2367988438
2021-06-30,1.00002377,1.00047466,0.99964813,1.00008869,1.00008869,2251615883
2021-07-01,1.0000654,1.0006732,0.99987772,1.00019184,1.00019184,2063325693
2021-07-02,1.00017658,1.00091608,0.99996563,1.00003484,1.00003484,1787895570
2021-07-03,1.00004785,1.00066985,0.99992538,0.99998396,0.99998396,1491016821
2021-07-04,0.99995588,1.00018714,0.99890072,0.99950038,0.99950038,1578667344
2021-07-05,0.9995655,1.00083925,0.99945864,1.00052779,1.00052779,1887495558
2021-07-06,1.00050058,1.00073132,0.9996621,1.00005854,1.00005854,2312601910
2021-07-07,1.00012604,1.00059885,0.99955225,1.00036953,1.00036953,1998620780
2021-07-08,1.00042381,1.00109077,0.99964111,0.99994464,0.99994464,2270470755
2021-07-09,0.99992907,1.0003065,0.99960289,0.99983057,0.99983057,1926093225
2021-07-10,0.99983771,1.00069868,0.99960579,1.0001543,1.0001543,1688326088
2021-07-11,1.00015564,1.00125235,1.00015564,1.00026757,1.00026757,1380260792
2021-07-12,1.00025345,1.00092415,1.00001352,1.00037212,1.00037212,1869328110
2021-07-13,1.00037349,1.00077955,0.99999254,1.00013966,1.00013966,2052753217
2021-07-14,1.00005533,1.00072186,0.99992672,0.99995353,0.99995353,2178980895
2021-07-15,1.00004145,1.00074313,0.99971385,1.00014627,1.00014627,2024673761
2021-07-16,1.00016481,1.00041155,0.99995669,1.0003355,1.0003355,1967709606
2021-07-17,1.00026686,1.00086458,0.99998341,1.00049464,1.00049464,1654537979
2021-07-18,1.00049542,1.00077784,0.99945604,1.00057363,1.00057363,1646186031
2021-07-19,1.00056086,1.00077667,1.00012073,1.00025916,1.00025916,1882742176
2021-07-20,1.00030459,1.00069381,1.00008044,1.00027453,1.00027453,2382271230
2021-07-21,1.00027973,1.00041588,0.9997593,1.00020118,1.00020118,2641185552
2021-07-22,1.00019325,1.00059316,0.99971774,1.00029236,1.00029236,1951581122
2021-07-23,1.00027946,1.0006341,0.99957764,1.00006508,1.00006508,1843554513
2021-07-24,1.00001581,1.00074082,0.99976461,1.00023272,1.00023272,1879930934
2021-07-25,1.00019987,1.00026196,0.99885454,0.99958723,0.99958723,1597724492
2021-07-26,0.99959793,1.00061846,0.99945195,1.00010799,1.00010799,4345976082
2021-07-27,1.0001555,1.00068273,0.99983609,1.00001917,1.00001917,3322377092
2021-07-28,1.00006248,1.00045381,0.99967003,0.99979753,0.99979753,3167300230
2021-07-29,0.99986713,1.00079864,0.99970796,1.00020814,1.00020814,2436098922
2021-07-30,1.00010884,1.00089915,0.99959523,0.9998427,0.9998427,2767764066
2021-07-31,0.99988764,1.00032615,0.99957526,0.99984654,0.99984654,2089374194
2021-08-01,0.99974469,1.00041636,0.99931544,1.00016095,1.00016095,2486455912
2021-08-02,1.00015567,1.00058466,0.99983659,1.00028556,1.00028556,2439258777
2021-08-03,1.00032731,1.00067469,1.00003154,1.00024382,1.00024382,2813334453
2021-08-04,1.00028724,1.00055329,0.99977227,1.00006281,1.00006281,2835178251
2021-08-05,1.0000982,1.00040702,0.99943448,0.9995971,0.9995971,3178159135
2021-08-06,0.99961936,1.00011848,0.99938011,0.99981076,0.99981076,2937467305
2021-08-07,0.99987402,1.00015001,0.99944835,0.99985691,0.99985691,3489017547
2021-08-08,0.99978247,0.99996633,0.9991199,0.99958902,0.99958902,3012509725
2021-08-09,0.99970799,1.00006851,0.99945726,0.99983316,0.99983316,3898068399
2021-08-10,0.99984712,1.00048104,0.9994782,0.99993741,0.99993741,2931130333
2021-08-11,1.0000166,1.00047037,0.99939059,0.99992286,0.99992286,2785529004
2021-08-12,0.99997435,1.00059042,0.99943585,1.00009216,1.00009216,2994704874
2021-08-13,1.00011377,1.00053893,0.99950015,0.99951383,0.99951383,2628902158
2021-08-14,0.99956862,1.00022957,0.99943078,0.99995355,0.99995355,2254426890
2021-08-15,0.99988373,1.00089101,0.99944788,0.99984904,0.99984904,2487714412
2021-08-16,0.99986551,1.00026182,0.99921525,1.00010179,1.00010179,2817667036
2021-08-17,1.00010447,1.00042391,0.99976054,1.00032895,1.00032895,3516524402
2021-08-18,1.0002846,1.00052732,0.99981823,1.00023736,1.00023736,3083898715
2021-08-19,1.00022904,1.00065398,0.99938506,0.99964905,0.99964905,2800835700
2021-08-20,0.99960951,1.0005646,0.99945928,1.00031113,1.00031113,2726460511
2021-08-21,1.00039437,1.0005103,0.99935292,0.9998661,0.9998661,2204325275
2021-08-22,0.99992566,1.00127475,0.99916181,1.00016717,1.00016717,2003215527
2021-08-23,1.00023282,1.00053541,0.99944985,1.00045988,1.00045988,2455907973
2021-08-24,1.00052624,1.00061242,0.99987354,1.00019665,1.00019665,2963784032
2021-08-25,1.00015415,1.00042068,0.9999362,1.0000373,1.0000373,2658484333
2021-08-26,1.00011278,1.00067587,0.99994034,1.00016524,1.00016524,2796769690
2021-08-27,1.00012773,1.0007287,0.99984944,0.9998923,0.9998923,2701122162
2021-08-28,0.99984465,1.00071549,0.99935086,1.00003651,1.00003651,1753172363
2021-08-29,1.00008075,1.00101851,0.99964591,1.00049775,1.00049775,1949814217
2021-08-30,1.00049472,1.00083035,0.99967644,1.00028778,1.00028778,2622499236
2021-08-31,1.00036878,1.0005832,0.99981043,1.00021412,1.00021412,3343430902
2021-09-01,1.00022841,1.00042805,0.99948799,0.99981864,0.99981864,3244150267
2021-09-02,0.99972832,1.00026222,0.99942253,1.00002082,1.00002082,3143686060
2021-09-03,0.99994728,1.00014006,0.99959644,0.9998398,0.9998398,3401964526
2021-09-04,0.99985398,1.00044183,0.99978972,0.99993667,0.99993667,2628095148
2021-09-05,0.99987962,1.00025436,0.99923525,0.99957508,0.99957508,2324755018
2021-09-06,0.99950377,1.0003278,0.99936127,0.99951781,0.99951781,2592075507
2021-09-07,0.99955871,1.00058839,0.99933263,1.00026176,1.00026176,5947165235
2021-09-08,1.00024283,1.00059462,0.99987079,1.0003046,1.0003046,4765769583
2021-09-09,1.00037059,1.00066691,0.98737995,1.00020989,1.00020989,3450210441
2021-09-10,1.00003979,1.00067664,0.99976364,1.00023129,1.00023129,3691326992
2021-09-11,1.00017132,1.00097082,0.99964887,1.00097082,1.00097082,2652390883
2021-09-12,1.00096609,1.00100896,0.9993185,0.99949042,0.99949042,2394483277
2021-09-13,0.99957072,1.0007013904,0.99937264,1.0000945643,1.0000945643,3628988394
2021-09-14,1.0000799277,1.0009045472,0.9999217243,1.0002776377,1.0002776377,2519296426
2021-09-15,1.0002590983,1.0004844415,0.9996640823,1.0000210993,1.0000210993,2470653828
2021-09-16,1.0000327669,1.0004317679,0.9998764881,1.0000642206,1.0000642206,3019567636
2021-09-17,1.0000983919,1.0009137545,0.9996727343,0.9998319113,0.9998319113,2793493277
2021-09-18,0.9998167886,1.0006924519,0.9990040934,0.9994053945,0.9994053945,2210179953
2021-09-19,0.9993798371,1.001716444,0.9981376513,1.0002545838,1.0002545838,2034748121
2021-09-20,1.0003769363,1.000567211,1.0000643588,1.000384234,1.000384234,5202372291
2021-09-21,1.0003542166,1.0006028238,1.0000220287,1.0003438169,1.0003438169,5165987150
2021-09-22,1.0003151837,1.0006323723,0.9995304562,0.9995628509,0.9995628509,3905266045
2021-09-23,0.9995743359,1.0009011454,0.9995127342,1.0000388924,1.0000388924,2989210780
2021-09-24,1.000023041,1.000822696,0.9996411661,1.0001351817,1.0001351817,4132538967
2021-09-25,1.0001279723,1.0011573253,0.9997768404,1.0003392796,1.0003392796,3005798209
2021-09-26,1.0004391616,1.0009619985,1.0000383814,1.0002547021,1.0002547021,3719002400
2021-09-27,1.0003344009,1.0009516215,0.9996739874,1.0003036573,1.0003036573,3153527155
2021-09-28,1.0002881544,1.0010525283,1.0001110693,1.0003866819,1.0003866819,3234280358
2021-09-29,1.0003532032,1.0005955487,0.9997759473,1.0004114444,1.0004114444,3096200242
2021-09-30,1.0004167409,1.0004985768,0.9995767322,1.0001397459,1.0001397459,3038068264
2021-10-01,1.0001002482,1.0002910628,0.9994619259,0.9995449801,0.9995449801,3489367696
2021-10-02,0.9995769903,1.0001225709,0.9994424024,0.9997901546,0.9997901546,2517695174
2021-10-03,0.9997265543,1.0001108816,0.9991986754,0.9996811296,0.9996811296,2262697516
2021-10-04,0.9996442966,1.0001476192,0.9991263799,0.9994160297,0.9994160297,2886834627
2021-10-05,0.9994147731,1.0005148167,0.9992151297,0.9998486681,0.9998486681,2723328431
2021-10-06,0.9998240061,1.0005504204,0.9991296679,0.999989617,0.999989617,3358844472
2021-10-07,0.9999972895,1.0006318905,0.9992897191,1.0000228431,1.0000228431,3128456280
2021-10-08,1.0000227464,1.0002069175,0.9994850865,0.999790812,0.999790812,2716836270
2021-10-09,0.9998527893,1.0002712144,0.9997240002,0.9998957173,0.9998957173,2005512526
2021-10-10,0.9998278055,1.0008116823,0.9990808408,1.0005975464,1.0005975464,2553564243
2021-10-11,1.0005935294,1.0007589413,0.9995188781,1.0003918175,1.0003918175,2971560705
2021-10-12,1.0004439016,1.0006913044,0.99981052,0.9999616064,0.9999616064,3375680364
2021-10-13,1.0000293478,1.0007298199,0.9995247524,1.0001473499,1.0001473499,3067360744
2021-10-14,1.000166826,1.0001763828,0.9996634545,0.9997424398,0.9997424398,3161139708
2021-10-15,0.9997394175,1.0005911873,0.9992338276,0.9992389035,0.9992389035,4289629016
2021-10-16,0.9992456451,1.0002047415,0.9991831903,0.9999680736,0.9999680736,2886818679
2021-10-17,0.9999247656,1.0006071263,0.9994835269,1.0002986498,1.0002986498,2647518203
2021-10-18,1.0003390195,1.0007935375,0.9995381161,1.0000581039,1.0000581039,3349379834
2021-10-19,1.0000777144,1.0006002129,0.9995535782,0.9999393507,0.9999393507,3317029545
2021-10-20,0.9999926485,1.0005172821,0.9994624195,0.9995901796,0.9995901796,3641553954
2021-10-21,0.99964115,1.0005967312,0.9993918102,1.0001181013,1.0001181013,4933838154
2021-10-22,1.0000792202,1.0005605432,0.999497788,1.0003339674,1.0003339674,3886103505
2021-10-23,1.0002992592,1.0013146263,0.9999706094,1.0011993898,1.0011993898,2934215247
2021-10-24,1.0011809169,1.0011809169,0.9992512803,1.0003084516,1.0003084516,2877560293
2021-10-25,1.0002578644,1.0009567861,0.9993464221,0.9996501569,0.9996501569,2881886893
2021-10-26,0.9996184201,1.0007879907,0.9995124481,1.0001352867,1.0001352867,3626626200
2021-10-27,1.0001092994,1.0007675012,0.9993833385,1.0002733587,1.0002733587,5829428897
2021-10-28,1.0002182744,1.000532405,0.9995891729,0.9999210436,0.9999210436,5988045784
2021-10-29,0.9999021395,1.0006502985,0.9993675706,0.9998293916,0.9998293916,4731131108
2021-10-30,0.9998714585,1.0006220493,0.999555568,1.0001310318,1.0001310318,3902638718
2021-10-31,1.0001860153,1.0010841498,0.9989091251,0.9997241154,0.9997241154,3903073032
2021-11-01,0.9996321147,1.0006586627,0.9990788005,0.9998610771,0.9998610771,4358098743
2021-11-02,0.9997685355,1.0007989286,0.9992822733,0.9998962857,0.9998962857,4521578460
2021-11-03,0.9998980718,1.0007222186,0.9994788121,1.0002254974,1.0002254974,4700643650
2021-11-04,1.0002099115,1.0005369221,0.9999008243,1.0002057795,1.0002057795,4626163402
2021-11-05,1.0002583097,1.0010083129,0.9999542325,1.000561508,1.000561508,3901573705
2021-11-06,1.000574786,1.0006782486,0.9997220528,1.0003446638,1.0003446638,3805073877
2021-11-07,1.0004384746,1.0010498827,0.9999121801,1.0006489462,1.0006489462,3580619669
2021-11-08,1.000662169,1.0007230431,0.9996716684,0.9998283622,0.9998283622,5334534827
2021-11-09,0.9997927401,1.0004720209,0.9997288632,1.0000754724,1.0000754724,5510084775
2021-11-10,1.0001296138,1.0019906449,0.9980101622,0.9995225624,0.9995225624,8390821902
2021-11-11,0.9995901646,1.0019884971,0.9983458323,0.9998555834,0.9998555834,5770365511
2021-11-12,0.9999385834,1.001994342,0.9980196867,0.9992961468,0.9992961468,4901205330
2021-11-13,0.999776944,1.0019861753,0.9980014546,1.000830352,1.000830352,2806361295
2021-11-14,1.0007993258,1.001911833,0.9980478874,0.9996466273,0.9996466273,3318788371
2021-11-15,0.9996807585,1.0019680263,0.9980811381,0.9996428445,0.9996428445,4118012760
2021-11-16,1.000717865,2.3495563783,0.9980234289,1.0004254468,1.0004254468,6486127186
2021-11-17,1.0019121246,1.1734781087,0.9980463417,0.9998502381,0.9998502381,5185892264
2021-11-18,0.9998486719,1.0019768532,0.9980489129,0.9996956851,0.9996956851,6254410701
2021-11-19,0.999688119,1.0019013103,0.9980172407,0.9999913902,0.9999913902,4866369149
2021-11-20,0.9997910541,1.0019687067,0.9980527191,0.9996991453,0.9996991453,3596758987
2021-11-21,0.999559497,1.0019923171,0.9980223725,1.0002346445,1.0002346445,3314709429
2021-11-22,1.0000456445,1.0019782274,0.9980455345,0.9999624928,0.9999624928,5353790196
2021-11-23,1.0000764928,1.0019974517,0.9980132158,1.0001153122,1.0001153122,4805345753
2021-11-24,0.9997724194,1.001987628,0.9980577387,1.000706722,1.000706722,4771592674
2021-11-25,0.9993918337,1.0019914352,0.9981846912,1.0003324516,1.0003324516,4514614915
2021-11-26,1.0006503439,1.0019810855,0.9981532604,0.9998425742,0.9998425742,6592288363
2021-11-27,0.999779766,1.0019979151,0.9980318785,1.0015940647,1.0015940647,3824221682
2021-11-28,1.0014310647,1.0019772457,0.9980098015,0.9998749378,0.9998749378,4387793390
2021-11-29,0.9999038799,1.0019577528,0.9980825429,1.0000777915,1.0000777915,4339110918
2021-11-30,0.999735332,1.0019867161,0.9980651633,0.9994562046,0.9994562046,5698220779
2021-12-01,1.0002055921,1.0019824074,0.998031374,0.9995932803,0.9995932803,4989445952
2021-12-02,0.9996602803,1.0019993302,0.9980042172,0.9988388234,0.9988388234,5089421584
2021-12-03,0.9990318234,1.0019720765,0.9980554557,1.0003268725,1.0003268725,5879299772
2021-12-04,1.0003168725,1.0019611625,0.9980093696,0.9999937247,0.9999937247,9498203241
2021-12-05,1.0001976537,1.0019979372,0.9980068419,0.9987145156,0.9987145156,5815739519
2021-12-06,0.9987695156,1.001949816,0.9980047329,0.999525909,0.999525909,7085836821
2021-12-07,1.0002066051,1.0019284135,0.9980107781,1.0000632259,1.0000632259,4621758475
2021-12-08,1.0000697782,1.0018872368,0.9980827189,0.9999125724,0.9999125724,4169038670
2021-12-09,0.9989081617,1.0019887733,0.9980580569,1.0005265769,1.0005265769,5294556413
2021-12-10,1.0002630743,1.0019939822,0.9980341127,1.0012160508,1.0012160508,5667174420
2021-12-11,1.0010730508,1.0019437395,0.9980041101,1.000172293,1.000172293,4131962866
2021-12-12,1.000113293,1.0019803468,0.998012433,1.0002385102,1.0002385102,3253441868
2021-12-13,1.0001365102,1.001999136,0.9982577372,0.9997796091,0.9997796091,4967338939
2021-12-14,1.00001927,1.0019926169,0.9981147454,1.000195478,1.000195478,4929898732
2021-12-15,0.9996252071,1.0019605096,0.9981437805,1.0002440153,1.0002440153,5885434505
2021-12-16,1.000496111,1.001993731,0.9980055433,0.9989521983,0.9989521983,4261770587
2021-12-17,1.0000108193,1.0018166305,0.9980757664,0.9998059208,0.9998059208,4989557925
2021-12-18,0.9980981405,1.0018439139,0.9980833418,0.9999296774,0.9999296774,3839132525
2021-12-19,1.0000156774,1.0019922038,0.998035942,0.9998831903,0.9998831903,3413716404
2021-12-20,1.0000561903,1.0019479857,0.9980095525,0.9996422763,0.9996422763,4314880732
2021-12-21,0.9991885826,1.0019936421,0.9980237667,1.0000662195,1.0000662195,3742498924
2021-12-22,1.0001472195,1.0017723868,0.9980200029,0.9981632607,0.9981632607,3384263782
2021-12-23,0.9982662607,1.0019912648,0.9980354149,1.0002185697,1.0002185697,4090339477
2021-12-24,1.0004000002,1.0019697449,0.9983165773,1.000665112,1.000665112,3426361439
2021-12-25,1.000512112,1.0019820095,0.9980182639,0.9998556592,0.9998556592,2505867410
2021-12-26,0.9998439887,1.0019986754,0.998014706,0.9991079023,0.9991079023,2674907883
2021-12-27,0.9992169023,1.0019734634,0.9980413311,0.9995821828,0.9995821828,2793491169
2021-12-28,0.9996331828,1.0019967568,0.9981653275,1.0008407758,1.0008407758,4171719361
2021-12-29,1.0007580579,1.0019352361,0.9982291336,0.9994633764,0.9994633764,3506506629
2021-12-30,0.9996219023,1.0018072631,0.9981037959,1.000345731,1.000345731,3137476099
2021-12-31,1.0003827432,1.0009325225,0.9991836431,1.000038906,1.000038906,3283686715
2022-01-01,1.0000832962,1.0008610395,0.9992174418,1.0000852892,1.0000852892,2655459065
2022-01-02,1.0000807098,1.0009663066,0.9992645936,0.9997648784,0.9997648784,2491554185
2022-01-03,0.9997761886,1.0009138057,0.9993956616,0.9997078569,0.9997078569,2979943098
2022-01-04,0.9998180717,1.0013560343,0.999134359,1.0005848031,1.0005848031,3450318436
2022-01-05,1.0006042604,1.0009020504,0.999287359,0.9997572122,0.9997572122,4834405737
2022-01-06,0.9997518468,1.0011721445,0.9992706848,0.9995601857,0.9995601857,4569272674
2022-01-07,0.9995250873,1.0008697995,0.9994020821,1.0004773771,1.0004773771,4710183601
2022-01-08,1.0004738376,1.0009972592,0.9994504815,0.9995124213,0.9995124213,4278836552
2022-01-09,0.9995063388,1.0011195312,0.999476213,0.9998355066,0.9998355066,2921877299
2022-01-10,0.9998298046,1.0011267355,0.9993036467,1.0003807093,1.0003807093,4659945891
2022-01-11,1.0003536481,1.0011606381,0.9990750415,1.0002156364,1.0002156364,3645526457
2022-01-12,1.000225087,1.0008210011,0.9991549077,0.999799382,0.999799382,3486307844
2022-01-13,0.999785833,1.0009783572,0.9989974945,0.9990250986,0.9990250986,3601566982
2022-01-14,0.9990954785,1.0007549493,0.9990954785,1.000034125,1.000034125,4005995393
2022-01-15,1.000054419,1.0006231563,0.999133038,0.9994822626,0.9994822626,2837817560
2022-01-16,0.9994944557,1.0007545105,0.9990724375,0.999691547,0.999691547,2296999988
2022-01-17,0.9997497447,1.0009001687,0.9992052655,0.9996785873,0.9996785873,3025152126
2022-01-18,0.9996689483,1.0009530812,0.9991597845,1.0001047278,1.0001047278,3223501722
2022-01-19,1.0000984514,1.0007582506,0.9991384641,1.0003310615,1.0003310615,3239858099
2022-01-20,1.0003364791,1.0013021608,0.9989262179,1.0004123173,1.0004123173,3125580294
2022-01-21,1.0004883733,1.0012143652,0.998995539,1.0004409013,1.0004409013,7940219543
2022-01-22,1.0004386326,1.0007546192,0.9989852559,1.0000319773,1.0000319773,6945199430
2022-01-23,1.0000899597,1.0011317175,0.9990891988,1.0001447133,1.0001447133,4572234577
2022-01-24,1.0001701473,1.0009897767,0.9991311746,1.00030513,1.00030513,7468827146
2022-01-25,1.0003184869,1.0010904212,0.9983140641,1.0004291899,1.0004291899,4146328235
2022-01-26,1.0004195466,1.0019967135,0.9980868978,0.9989236212,0.9989236212,5195373046
2022-01-27,0.9998501883,1.0011825548,0.9989233777,0.9997758098,0.9997758098,5023632111
2022-01-28,0.9997493028,1.0012758785,0.9989688853,0.9996512688,0.9996512688,4809047239
2022-01-29,1.0003577292,1.0019985031,0.998393314,0.9994784982,0.9994784982,2941069881
2022-01-30,1.0004047152,1.0007510986,0.9991957774,1.0000651205,1.0000651205,2333906963
2022-01-31,1.0000853055,1.0010747228,0.9990842665,0.9995389826,0.9995389826,2977541960
2022-02-01,0.999520314,1.0004669246,0.9990894527,0.9996832055,0.9996832055,3093316095
2022-02-02,0.9997056415,1.0007260138,0.9991753724,0.9999665434,0.9999665434,2735917325
2022-02-03,0.9999010743,1.0006270565,0.9990600153,1.0002311999,1.0002311999,2639131315
2022-02-04,1.0001866977,1.0006758055,0.9992316503,0.9995333562,0.9995333562,5446795900
2022-02-05,0.9995849206,1.0004786029,0.9988653044,1.0001168399,1.0001168399,5767688766
2022-02-06,1.0000906507,1.0004936245,0.999041058,1.0003565876,1.0003565876,2185135025
2022-02-07,1.0003119363,1.0011529776,0.9989975427,0.9990223199,0.9990223199,3534437072
2022-02-08,0.9990772006,1.0005684803,0.997990986,0.9991712056,0.9991712056,3736950599
2022-02-09,0.9991129763,1.0005635085,0.9990092033,0.9995868213,0.9995868213,2902479207
2022-02-10,0.999591563,1.0008205621,0.9988831224,1.0001025442,1.0001025442,4195499895
2022-02-11,1.0001436022,1.0005318602,0.9986838323,0.9993677162,0.9993677162,4014217487
2022-02-12,0.9993827467,1.0006783019,0.998825511,1.0001771216,1.0001771216,2817156195
2022-02-13,1.0001551405,1.0006218179,0.9987677849,0.9999831858,0.9999831858,2123450728
2022-02-14,0.9999853802,1.0006908588,0.9989784527,0.9993647791,0.9993647791,2963505590
2022-02-15,0.9993301619,1.0004148832,0.9988609973,0.9995708039,0.9995708039,3303759191
2022-02-16,0.9996086572,1.0006659275,0.9989224351,0.9997760129,0.9997760129,3231224663
2022-02-17,0.9996970152,1.0004547296,0.9988844324,0.9994019826,0.9994019826,3964363431
2022-02-18,0.9994035756,1.0005728592,0.9988993465,0.9997705176,0.9997705176,3506445548
2022-02-19,0.9997341253,1.0005070856,0.9990177299,0.9998697091,0.9998697091,2094832701
2022-02-20,0.9998641617,1.0007111356,0.9988779985,1.0000031168,1.0000031168,2869319070
2022-02-21,1.0000008689,1.0008560953,0.9988351718,0.999335144,0.999335144,5035066514
2022-02-22,0.9993589225,1.0010631555,0.9988243336,1.0000448023,1.0000448023,4311028906
2022-02-23,1.0000457182,1.0006975076,0.9988812005,0.9995128052,0.9995128052,4088593001
2022-02-24,0.9995209988,1.0007167836,0.998840175,0.9999628801,0.9999628801,9044960990
2022-02-25,0.9999435672,1.0009122827,0.9992822581,0.9999433123,0.9999433123,5563465156
2022-02-26,0.9999039412,1.0003974801,0.999134571,0.9999918194,0.9999918194,3262045031
2022-02-27,0.9999350636,1.0004198818,0.9985446239,0.9997217107,0.9997217107,4352100239
2022-02-28,0.999687891,1.0005705322,0.9988749755,0.9998534355,0.9998534355,5502186592
2022-03-01,0.9998400383,1.0005229074,0.998505162,0.9998141596,0.9998141596,5617261430
2022-03-02,0.9998029677,1.0005850875,0.9987701677,0.9995690891,0.9995690891,5351706956
2022-03-03,0.9995643385,1.000503047,0.9990410034,0.999933948,0.999933948,3923999317
2022-03-04,0.9999587535,1.0006852047,0.9990719605,0.999841353,0.999841353,4810312635
2022-03-05,0.9999215157,1.000888112,0.9977450617,0.9993713236,0.9993713236,2645372913
2022-03-06,0.9993797351,1.0004126445,0.9987682695,0.9998506628,0.9998506628,3162813903
2022-03-07,0.9998751516,1.0006869055,0.9986308833,0.9991339842,0.9991339842,4227523780
2022-03-08,0.9991005385,1.0012254264,0.9990691016,1.0002604971,1.0002604971,4167069281
2022-03-09,1.0002691827,1.0015206622,0.9992210429,1.0004499009,1.0004499009,4206640635
2022-03-10,1.0004402817,1.000705248,0.9989940512,0.9998007485,0.9998007485,3932910648
2022-03-11,0.9998075427,1.0001766737,0.9991677051,0.9993414806,0.9993414806,3885937976
2022-03-12,0.9993469286,1.0002384703,0.9992434949,0.9995380057,0.9995380057,2442312633
2022-03-13,0.9996988808,1.0001809053,0.9990275227,0.9999649188,0.9999649188,2802399958
2022-03-14,0.999946821,1.0006429158,0.9983970609,1.0002875925,1.0002875925,3579010932
2022-03-15,1.0002693005,1.0007982417,0.9987018436,0.9993672192,0.9993672192,3439991060
2022-03-16,0.9993616749,1.0005551809,0.9991678071,0.9998955027,0.9998955027,5396067900
2022-03-17,0.9999052058,1.0002455795,0.9994981058,0.9997839373,0.9997839373,3742857761
2022-03-18,0.9997525687,1.0001027308,0.9993234811,0.9998481757,0.9998481757,4336717258
2022-03-19,0.9998061009,1.0001690135,0.9993366332,0.9997478328,0.9997478328,2958600262
2022-03-20,0.9997551518,1.0002456923,0.9991571162,0.9999323759,0.9999323759,2943598190
2022-03-21,0.9999271216,1.0003770982,0.9993989857,0.9998278424,0.9998278424,3371335656
2022-03-22,0.9998196385,1.000267698,0.9994769666,0.9999039003,0.9999039003,4026123791
2022-03-23,0.9998903322,1.0003785738,0.9991769251,0.9999534432,0.9999534432,3777569857
2022-03-24,0.9999767595,1.0003793291,0.9990728211,0.9997054508,0.9997054508,4794381206
2022-03-25,0.9997031505,1.0002494332,0.9987829229,0.9991529173,0.9991529173,3995768300
2022-03-26,0.9992030865,1.0005448744,0.9990656376,0.9998921391,0.9998921391,2351508897
2022-03-27,0.9999204171,1.0004352803,0.9994948142,1.0000390674,1.0000390674,3193250085
2022-03-28,1.0000447664,1.0005113178,0.9992310838,1.0001256861,1.0001256861,4736107595
2022-03-29,1.0000636813,1.0003318588,0.9993451068,0.9999964976,0.9999964976,4605087735
2022-03-30,0.9999956543,1.0004778255,0.9991652722,0.9994306981,0.9994306981,4294916739
2022-03-31,0.9994478526,1.0002943592,0.9989408524,0.9994467364,0.9994467364,4965559497
2022-04-01,0.9995157232,1.0004183335,0.9990235111,0.9999939365,0.9999939365,4910693133
2022-04-02,1.0000070434,1.0003085262,0.9990645711,0.9993439288,0.9993439288,4174919496
2022-04-03,0.9993043591,1.0004383695,0.9985045676,1.0000942224,1.0000942224,3383196459
2022-04-04,1.0000883419,1.0003159856,0.998909766,1.00012226,1.00012226,4217884092
2022-04-05,1.0001380651,1.0003600841,0.9990336586,0.9996956286,0.9996956286,3993328112
2022-04-06,0.9996587704,1.0006016776,0.9986230378,0.9995854846,0.9995854846,5849605363
2022-04-07,0.9996121053,1.0011105632,0.999065619,1.0000374806,1.0000374806,3809231231
2022-04-08,1.0001095996,1.0010152731,0.997316348,0.9997413001,0.9997413001,3965817036
2022-04-09,0.9997461316,1.0005334183,0.9990671469,1.0000836738,1.0000836738,2269317026
2022-04-10,1.0000839966,1.0005027005,0.9991442941,0.999625866,0.999625866,2315716300
2022-04-11,0.9996955747,1.000304261,0.9990094685,0.9997319911,0.9997319911,5102389285
2022-04-12,0.9998139267,1.0006244408,0.9992318701,0.999865423,0.999865423,4605505010
2022-04-13,0.9998289353,1.0003904963,0.9991526083,0.9997452644,0.9997452644,3725782044
2022-04-14,0.9997251606,1.000333156,0.9990805113,0.9998394505,0.9998394505,3957318706
2022-04-15,0.9998312921,1.0005617819,0.9993855074,0.9997531048,0.9997531048,3220618832
2022-04-16,0.9997340375,1.0004315465,0.9992695537,1.0002263562,1.0002263562,2152278186
2022-04-17,1.0002023919,1.0003210866,0.9989048247,0.9992585444,0.9992585444,2678573075
2022-04-18,0.9992733577,1.0005496285,0.9988292453,0.9998731569,0.9998731569,4013104508
2022-04-19,0.999882948,1.0006048236,0.9993199644,0.9998965787,0.9998965787,3629844066
2022-04-20,0.9999078902,1.0006326405,0.9993131899,0.9998469803,0.9998469803,4170091755
2022-04-21,0.9998393788,1.001758998,0.9994390078,1.0002816311,1.0002816311,4474827385
2022-04-22,1.0002473123,1.0006771738,0.9994625753,1.0001986469,1.0001986469,3882678798
2022-04-23,1.0002368717,1.0006281171,0.999494978,1.0000037872,1.0000037872,2324060694
2022-04-24,0.9997912335,1.0018438601,0.9994781643,0.9999634564,0.9999634564,2649077080
2022-04-25,0.9999604694,1.002027939,0.9993995879,1.0002184615,1.0002184615,4720363070
2022-04-26,1.000191623,1.0018262307,0.9993629987,1.0001265831,1.0001265831,4221564998
2022-04-27,1.0001292648,1.0008387248,0.9995352802,1.0003206169,1.0003206169,3849488651
2022-04-28,1.0003098771,1.0005051729,0.99950728,1.000028774,1.000028774,4611631886
2022-04-29,1.0000072625,1.0004172463,0.9995416976,1.000022776,1.000022776,4076411418
2022-04-30,1.0000084572,1.0004945561,0.9992804673,1.0002952834,1.0002952834,3824993132
2022-05-01,1.0002791398,1.0008496255,0.9994869671,1.0003814201,1.0003814201,3757508036
2022-05-02,1.0003614974,1.0005640699,0.9995001963,1.0000601302,1.0000601302,3902762410
2022-05-03,1.0000555909,1.000381453,0.9994757522,1.0001194404,1.0001194404,3691702287
2022-05-04,1.000118102,1.0006475775,0.9996190708,1.0000773164,1.0000773164,4446134900
2022-05-05,1.0000661792,1.0006046519,0.999381015,0.9999578033,0.9999578033,5202645491
2022-05-06,0.9999468279,1.0006082282,0.9995232446,1.000072451,1.000072451,5376284197
2022-05-07,1.0000645811,1.0004274693,0.9996171748,0.9999059404,0.9999059404,3623126811
2022-05-08,0.9999178132,1.0006313825,0.9995477028,1.0000871054,1.0000871054,5432001418
2022-05-09,0.9999943229,1.0006816696,0.9993762559,0.9995946975,0.9995946975,8493986111
2022-05-10,0.9995756202,1.0006851813,0.9992778324,0.9998284843,0.9998284843,8611992228
2022-05-11,0.9997851556,1.0013496105,0.9992531573,1.0007660664,1.0007660664,15143285239
2022-05-12,1.0007771038,1.0114342362,0.9995314696,1.0006588844,1.0006588844,18612052637
2022-05-13,1.0006012434,1.001900877,0.9996373022,1.000346567,1.000346567,8025797259
2022-05-14,1.0004182803,1.0009766469,0.9996950021,1.0003809572,1.0003809572,5734214071
2022-05-15,1.0003677474,1.001026481,0.999863081,1.0001827571,1.0001827571,4610661832
2022-05-16,1.0001953352,1.000816237,0.9997395554,1.0005806574,1.0005806574,6650512579
2022-05-17,1.0006234106,1.001045237,0.9999400633,1.0002193688,1.0002193688,5271575140
2022-05-18,1.0002190274,1.0007987041,0.9997713065,0.9997713065,0.9997713065,5791540700
2022-05-19,0.9998097377,1.0008221586,0.9998097377,1.0002691188,1.0002691188,6580258237
2022-05-20,1.0002784149,1.0008874449,0.9997868298,0.9999068522,0.9999068522,5519038708
2022-05-21,0.9999439403,1.0008616721,0.9998656686,1.0002663583,1.0002663583,3085866979
2022-05-22,1.0002552224,1.0008342596,0.9999366295,1.0000917083,1.0000917083,3493584223
2022-05-23,1.0001150022,1.0009061436,0.9997278526,1.0001413039,1.0001413039,5594245864
2022-05-24,1.0001490804,1.0009071587,0.999738162,1.0001793313,1.0001793313,4616931095
2022-05-25,1.0001769972,1.0010070777,0.9997780234,0.9998211779,0.9998211779,4580073336
2022-05-26,0.999838121,1.0011716495,0.9997399615,0.9999300134,0.9999300134,6850921932
2022-05-27,0.9999638178,1.0012280512,0.9997046362,1.0004030403,1.0004030403,6832701659
2022-05-28,1.0002512447,1.0008467955,0.9998375133,1.0001501366,1.0001501366,4367920911
2022-05-29,1.0001487467,1.0008255756,0.9998284437,1.000586164,1.000586164,3972282488
2022-05-30,1.0005681265,1.0008705237,0.9995824093,1.0000994947,1.0000994947,6484139842
2022-05-31,1.0000799823,1.0007761317,0.999774485,1.0002097868,1.0002097868,5896228360
2022-06-01,1.0002158918,1.0007179926,0.9997115383,1.0001301564,1.0001301564,6158677984
2022-06-02,1.0001396348,1.0008081484,0.9998236671,1.0002243918,1.0002243918,4994899697
2022-06-03,1.0002716624,1.0007607075,0.9997649455,1.0001430202,1.0001430202,4266590882
2022-06-04,1.0001746124,1.0007264487,0.9998280809,1.0002425456,1.0002425456,3190396150
2022-06-05,1.0002052518,1.0009603081,0.9998823647,1.0001441809,1.0001441809,3227635578
2022-06-06,1.0001401748,1.0008335423,0.9996637903,1.0000819661,1.0000819661,4623471415
2022-06-07,1.0000890305,1.0008473064,0.9997417002,1.0001025525,1.0001025525,5926284249
2022-06-08,1.0000441984,1.000830339,0.999794405,1.0002183289,1.0002183289,4466105669
2022-06-09,1.0002116139,1.0006315759,0.9997468071,1.0002438175,1.0002438175,3391661643
2022-06-10,1.0002082684,1.0004773357,0.9996976267,1.0000633742,1.0000633742,4483108536
2022-06-11,1.0000884158,1.0010877307,0.9997381552,1.0000896887,1.0000896887,4801662884
2022-06-12,1.0001951872,1.0009148224,0.9995265183,1.0000485422,1.0000485422,6008997676
2022-06-13,0.9999737068,1.0011169834,0.9995008544,1.0004335005,1.0004335005,13815639937
2022-06-14,1.000503162,1.0012256781,0.9995924144,1.0007282619,1.0007282619,9261666900
2022-06-15,1.0006433313,1.0013402977,0.9997770335,1.0007043062,1.0007043062,10865090032
2022-06-16,1.0007106727,1.0009087716,0.9997885513,1.0003675511,1.0003675511,6216714654
2022-06-17,1.0004493287,1.0010643503,0.9999218209,1.000208097,1.000208097,5283451774
2022-06-18,1.0001510643,1.0013236603,0.9995873161,1.0003150078,1.0003150078,7168140282
2022-06-19,1.0002580943,1.0010957529,0.9998963079,1.0004040894,1.0004040894,6073489273
2022-06-20,1.000409237,1.0009827217,0.9998435642,1.0001518457,1.0001518457,5394231917
2022-06-21,1.0001801947,1.0011090642,0.999839499,0.9999428106,0.9999428106,4898540814
2022-06-22,0.9999641313,1.0007912397,0.9996284733,1.0001075935,1.0001075935,4567777097
2022-06-23,1.0000925728,1.0007788172,0.999818529,1.0005388769,1.0005388769,4598601365
2022-06-24,1.0005604632,1.0006203412,0.9998069917,0.9998639466,0.9998639466,5032854948
2022-06-25,0.9999203074,1.0006604131,0.9996618327,1.0001037896,1.0001037896,3411506544
2022-06-26,1.0000831778,1.0007355383,0.9998122612,0.9998131118,0.9998131118,3243270528
2022-06-27,1.0000090925,1.0006370009,0.9997734699,1.0001656887,1.0001656887,3977297459
2022-06-28,1.0001225021,1.0006866141,0.9998149367,1.0001403925,1.0001403925,4237935225
2022-06-29,1.0001211387,1.0006822615,0.9998367229,1.0003648244,1.0003648244,5094612628
2022-06-30,1.0003925156,1.0007932074,0.9997438453,0.9999144296,0.9999144296,5219514116
2022-07-01,1.0000900911,1.0006593032,0.9998116086,1.0001774372,1.0001774372,5311122206
2022-07-02,1.000216317,1.0006771183,0.9996776338,0.9999710314,0.9999710314,3973778503
2022-07-03,0.9999603195,1.0006550396,0.999773318,1.0003717409,1.0003717409,3614447154
2022-07-04,1.0003566489,1.0007296014,0.9998117397,1.0003059333,1.0003059333,5032411793
2022-07-05,1.0003364173,1.0005821788,0.999809025,1.0000529332,1.0000529332,6243487902
2022-07-06,1.0001123281,1.0007813407,0.9997351882,0.9998794516,0.9998794516,5406302050
2022-07-07,0.9998933328,1.0016969332,0.9984712066,1.0000915452,1.0000915452,5521739581
2022-07-08,1.0001049774,1.0007109332,0.9996353814,0.9997782439,0.9997782439,6142274118
2022-07-09,0.9999154546,1.0005246254,0.9998115578,1.0000455741,1.0000455741,4905270940
2022-07-10,1.0000600989,1.0003869286,0.9997015103,1.0000291113,1.0000291113,4439375698
2022-07-11,1.0000458595,1.000652318,0.9997256501,1.000168851,1.000168851,4843512117
2022-07-12,1.0001707003,1.0005741087,0.9996863873,0.9998533187,0.9998533187,4780296209
2022-07-13,0.99990976,1.0007881801,0.9995345918,1.0000470764,1.0000470764,5445116047
2022-07-14,1.0001641464,1.0004748905,0.9997080182,0.9999969819,0.9999969819,5345559224
2022-07-15,1.0000092986,1.0004652303,0.9996001274,0.9999627813,0.9999627813,5646216485
2022-07-16,0.999945667,1.0008646518,0.9995888521,1.0001508993,1.0001508993,5382938984
2022-07-17,1.0001717274,1.0004404193,0.9994516839,1.0002490431,1.0002490431,5540927850
2022-07-18,1.0002423122,1.0007703203,0.9995186647,1.0000776019,1.0000776019,8456901936
2022-07-19,0.9998715482,1.0005008014,0.999354453,0.9998931902,0.9998931902,9504899153
2022-07-20,0.9998734893,1.0005793424,0.9994501126,0.9999134283,0.9999134283,8806753436
2022-07-21,0.9998865853,1.0005489321,0.9994583197,1.000082252,1.000082252,7372587537
2022-07-22,1.0000790941,1.0004469839,0.9992192073,1.0000173473,1.0000173473,6285903773
2022-07-23,0.9999515123,1.0004080101,0.9994970836,1.0000136583,1.0000136583,5287167945
2022-07-24,1.0000065642,1.0004752539,0.9995984568,1.0000838808,1.0000838808,4866184511
2022-07-25,1.0000636594,1.0004849741,0.9993629922,0.9997423244,0.9997423244,6431520471
2022-07-26,0.9997765704,1.0006686951,0.9995847771,1.0001418146,1.0001418146,6871887569
2022-07-27,1.0001614037,1.0006950033,0.9996347323,1.000114685,1.000114685,8262809031
2022-07-28,1.0001405983,1.0004919884,0.9994190706,1.0000221017,1.0000221017,9419521160
2022-07-29,1.0000244401,1.0005059369,0.9992096663,0.9996779527,0.9996779527,8773001546
2022-07-30,0.9997201732,1.0004190328,0.9993755445,0.9998656658,0.9998656658,6342886733
2022-07-31,0.9997476394,1.0003010263,0.9993162668,0.9997973384,0.9997973384,7124030237
2022-08-01,0.9997583151,1.0004685836,0.9995228351,0.9998373709,0.9998373709,8090652736
2022-08-02,0.9998555422,1.0005832979,0.9993477242,0.9999344297,0.9999344297,8333966555
2022-08-03,0.9999669666,1.0005124005,0.999564614,1.0000322063,1.0000322063,7123782220
2022-08-04,1.0000343005,1.0006864406,0.9996124654,1.0000364043,1.0000364043,6265705595
2022-08-05,1.0000371847,1.0004181943,0.9994240687,1.0000875641,1.0000875641,6033672422
2022-08-06,1.0001212337,1.0002878503,0.999566087,0.9997057151,0.9997057151,4013049170
2022-08-07,0.9998484654,1.0003536332,0.9994912899,0.9999188403,0.9999188403,3504912367
2022-08-08,0.9999375062,1.0004538859,0.9994424719,1.0000659224,1.0000659224,6960679226
2022-08-09,1.0000798617,1.0002989098,0.9991454448,0.9997979909,0.9997979909,6736005317
2022-08-10,0.9997715482,1.0003257051,0.9995323613,1.0001351917,1.0001351917,7908008277
2022-08-11,1.0001358223,1.0002575367,0.9996422192,0.9999144433,0.9999144433,8324806426
2022-08-12,0.9998838112,1.0002786731,0.9996505576,1.0000667217,1.0000667217,6575377525
2022-08-13,1.0000414717,1.0001600176,0.9996706399,0.9999522066,0.9999522066,5445129024
2022-08-14,0.9999522176,1.0001713555,0.9995576571,0.9998481746,0.9998481746,4448890165
2022-08-15,0.9998819494,1.0002610184,0.9994593052,0.999949345,0.999949345,7302904711
2022-08-16,0.9999153017,1.0002323217,0.9996212148,1.0000611354,1.0000611354,6162980451
2022-08-17,1.0000641598,1.0002611107,0.9994210192,0.9999545231,0.9999545231,6429626031
2022-08-18,0.9999746475,1.00019171,0.9996252553,0.999907481,0.999907481,5259309739
2022-08-19,0.9999372093,1.0004001536,0.9994782275,1.0000276802,1.0000276802,7104084896
2022-08-20,0.999954079,1.0004612016,0.9997373588,1.000210942,1.000210942,7104084896
2022-08-21,1.0001879502,1.0003968484,0.9997591816,1.0001408463,1.0001408463,5446317941
2022-08-22,1.0001142855,1.0003636937,0.9997636065,1.0001381591,1.0001381591,5446317941
2022-08-23,1.0001360504,1.0003947358,0.9997045527,0.999982226,0.999982226,5446317941
2022-08-24,0.9999988002,1.0002387672,0.9996470003,0.9998610934,0.9998610934,7342467396
2022-08-25,0.9999208249,1.0001952756,0.9996711043,0.9999597619,0.9999597619,7247298408
2022-08-26,0.999979302,1.0003175354,0.9995490577,0.9999742,0.9999742,9023777773
2022-08-27,0.9999214113,1.0003503455,0.9997011717,1.0000085984,1.0000085984,12367955268
2022-08-28,1.0000142858,1.0002396688,0.999726537,1.0000308623,1.0000308623,6479740107
2022-08-29,0.9999347845,1.0003660365,0.9998007861,0.9999665067,0.9999665067,8146241733
2022-08-30,0.9999803851,1.0005021661,0.999687285,1.0000064363,1.0000064363,6564730413
2022-08-31,0.999978836,1.0003906515,0.9996815848,1.0000276003,1.0000276003,5586800452
2022-09-01,1.0000552213,1.0003973669,0.9996595801,0.9999764661,0.9999764661,5070758690
2022-09-02,0.9999704525,1.0002784147,0.9997323984,1.0001008153,1.0001008153,4800544392
2022-09-03,1.0001329099,1.0002943454,0.9996398031,1.0001262764,1.0001262764,5057166378
2022-09-04,1.0001164827,1.00025487,0.9997960531,1.0001068689,1.0001068689,6332291606
2022-09-05,1.0001212048,1.0002900098,0.9995924376,0.9998817741,0.9998817741,6182567826
2022-09-06,0.9998997724,1.0003180515,0.9994568347,0.9998781511,0.9998781511,7323352432
2022-09-07,0.999804789,1.0003157787,0.9997099674,0.9999929523,0.9999929523,5925798240
2022-09-08,0.9999672212,1.0002594375,0.9996998604,0.9999142946,0.9999142946,5599051311
2022-09-09,0.9999070881,1.0002202849,0.9996327988,0.9999450204,0.9999450204,7486756055
2022-09-10,0.9999451444,1.000224024,0.9996862766,0.9998627096,0.9998627096,6034410916
2022-09-11,0.9998608665,1.0002533724,0.9996299116,0.9999513646,0.9999513646,5285353049
2022-09-12,0.9999598868,1.0001998706,0.9995160943,1.0000109948,1.0000109948,6603561164
2022-09-13,1.0000224522,1.0002250262,0.9993640949,1.0001140618,1.0001140618,7447771857
2022-09-14,0.9999649085,1.0002682571,0.9997701952,1.0000395218,1.0000395218,5785823308
2022-09-15,1.0000376868,1.000429855,0.9997438335,1.0001617903,1.0001617903,7140693834
2022-09-16,1.000169658,1.0003358776,0.9997470662,1.0001183244,1.0001183244,5765020468
2022-09-17,1.0000769316,1.0002826886,0.9998557873,1.0000316673,1.0000316673,3630797018
2022-09-18,1.0000812172,1.0002386606,0.9996511882,1.0000771547,1.0000771547,4028540366
2022-09-19,0.9999940028,1.0004495119,0.9996675495,0.9998729615,0.9998729615,5448220572
2022-09-20,0.9999020557,1.0003079119,0.9995998048,0.9999480835,0.9999480835,4922676526
2022-09-21,0.9999154973,1.0006927856,0.9993490084,1.0001128235,1.0001128235,5956755763
2022-09-22,1.0001344712,1.0004876621,0.9996129784,0.9999196186,0.9999196186,5233558179
2022-09-23,0.9999456544,1.0003856072,0.9997198609,0.9999929256,0.9999929256,5282910708
2022-09-24,1.0000095254,1.0002427215,0.9996472915,0.999973367,0.999973367,3875334932
2022-09-25,0.9999675084,1.0003009101,0.9998171268,0.9999683312,0.9999683312,3878358168
2022-09-26,1.0000493699,1.0004206647,0.9997406637,1.0001647832,1.0001647832,3999499289
2022-09-27,1.0002142284,1.0004121545,0.9997052412,1.0001226197,1.0001226197,4795683665
2022-09-28,1.0000542163,1.0003437574,0.9997672606,1.0000109813,1.0000109813,4650658918
2022-09-29,1.000053627,1.0003190035,0.9996524681,1.0001242148,1.0001242148,4102135594
2022-09-30,0.9999719153,1.0003951502,0.9998012212,1.0000663579,1.0000663579,4870470845
2022-10-01,1.0000424552,1.0001712123,0.9997983839,0.9999838351,0.9999838351,3108134491
2022-10-02,1.0000132224,1.0003114184,0.9994424847,0.9999907187,0.9999907187,2933405193
2022-10-03,1.0000319369,1.000215102,0.9998157098,0.9999271191,0.9999271191,4449830981
2022-10-04,0.9999155972,1.0002000157,0.9997878965,0.999931779,0.999931779,3702781171
2022-10-05,0.9999429174,1.0002525951,0.9997095751,0.9999375715,0.9999375715,3648372214
2022-10-06,1.0000059667,1.0002716018,0.9997127094,0.9999687174,0.9999687174,4064924187
2022-10-07,0.9999879654,1.0002504743,0.9997313599,1.0000215212,1.0000215212,3663387742
2022-10-08,0.9999929738,1.0001885911,0.9997663765,1.0001471784,1.0001471784,2735745388
2022-10-09,1.0001505585,1.0002171838,0.9998540856,0.9999931031,0.9999931031,2260430910
2022-10-10,0.9999810118,1.0002427359,0.9997384924,0.999941187,0.999941187,3234465931
2022-10-11,0.9999336974,1.0002731597,0.9997104882,1.0000249813,1.0000249813,3635935332
2022-10-12,1.000024075,1.0002554223,0.9998602928,0.9999617589,0.9999617589,2920458912
2022-10-13,0.9999703922,1.0003507744,0.999546316,1.0000156014,1.0000156014,4863475901
2022-10-14,1.0000093467,1.0003235622,0.9997012387,0.9999945152,0.9999945152,4058420604
2022-10-15,0.999995887,1.0002354616,0.9998375481,0.9999295401,0.9999295401,2551998130
2022-10-16,0.9999061559,1.0002862916,0.9998317185,0.9999532245,0.9999532245,2511992440
2022-10-17,0.9999606014,1.0002177858,0.9998538415,0.9999846815,0.9999846815,2980936199
2022-10-18,0.9999908996,1.0003023593,0.9998480859,0.9999978497,0.9999978497,2885568216
2022-10-19,0.9999824216,1.0004034395,0.9997612627,1.000055418,1.000055418,2645576295
2022-10-20,1.0000393925,1.000401507,0.9997513246,0.9999996221,0.9999996221,2679829482
2022-10-21,0.9999860135,1.0004021181,0.9998387933,1.0000140422,1.0000140422,3250082894
2022-10-22,1.0000194778,1.0001908222,0.9998096302,1.0000288137,1.0000288137,1929650726
2022-10-23,1.0000231325,1.0003160161,0.9997817497,1.000029691,1.000029691,2276952462
2022-10-24,1.0000803012,1.0002604896,0.9997666624,0.9999804262,0.9999804262,3031244247
2022-10-25,0.9999423727,1.0007322217,0.9997062213,0.9999656099,0.9999656099,4523233356
2022-10-26,0.999926268,1.0004252848,0.9997123725,1.0000274375,1.0000274375,4575654708
2022-10-27,1.0000223573,1.0002613275,0.9997305798,0.9999694728,0.9999694728,4234666654
2022-10-28,0.9999525977,1.0002878308,0.9996857918,0.9999226827,0.9999226827,4000469292
2022-10-29,0.9999178227,1.0004258764,0.9996990654,1.0000792588,1.0000792588,4594883158
2022-10-30,1.0000522334,1.0002608672,0.9997758184,1.0001149035,1.0001149035,3672657264
2022-10-31,1.0000857728,1.0003786761,0.9994522325,0.9999964054,0.9999964054,5307443271
2022-11-01,1.0000122811,1.0002535067,0.9997285287,1.000044479,1.000044479,3559235451
2022-11-02,1.0000348725,1.0003813617,0.9995721131,1.0000965014,1.0000965014,6343248164
2022-11-03,1.0001336867,1.0006538034,0.999793672,1.0000648319,1.0000648319,3480226568
2022-11-04,1.0000408401,1.0004962852,0.9996690184,1.0000361223,1.0000361223,4189794922
2022-11-05,1.00001844,1.0003148134,0.999762415,0.9999038655,0.9999038655,2820629269
2022-11-06,0.9999081693,1.0003108753,0.9995938555,0.999869271,0.999869271,2414704424
2022-11-07,0.999850912,1.0003878281,0.9996575097,1.0003233485,1.0003233485,3478168774
2022-11-08,1.0002972381,1.0013234513,0.9987104065,0.9999817544,0.9999817544,9481272661
2022-11-09,1.0001320805,1.0012065097,0.9991563728,1.0003421024,1.0003421024,10733960295
2022-11-10,1.0003588341,1.0073301553,0.9998570184,1.00069176,1.00069176,9392844548
2022-11-11,1.0006599395,1.0013275993,0.9996463289,1.0007342891,1.0007342891,4591678573
2022-11-12,1.0007578061,1.0009348501,0.9999994866,1.0002235038,1.0002235038,2456430569
2022-11-13,1.0001780025,1.000620306,0.99994774,1.00013634,1.00013634,2374782585
2022-11-14,1.0001351834,1.0009874468,0.9997785373,1.0005864169,1.0005864169,4017714642
2022-11-15,1.0006180483,1.0008052615,0.9998823134,1.0003448982,1.0003448982,3132740778
2022-11-16,1.0003559638,1.0005125186,0.9997886912,1.0001856334,1.0001856334,3988959847
2022-11-17,1.0001993516,1.0005262992,0.9997691158,1.0001621022,1.0001621022,2882973153
2022-11-18,1.0001598924,1.0004878283,1.0000386878,1.0002475179,1.0002475179,2638924708
2022-11-19,1.0002257657,1.0004604305,0.9999966503,1.0001563343,1.0001563343,2142545663
2022-11-20,1.0001672011,1.0004987762,0.9998317224,1.0002138382,1.0002138382,2631891750
2022-11-21,1.0002094831,1.0007792972,0.999807543,1.0003301221,1.0003301221,6600804024
2022-11-22,1.000251588,1.0007223671,0.999969044,1.0004189373,1.0004189373,4058680571
2022-11-23,1.0004796088,1.0007865814,1.0000139759,1.0003272834,1.0003272834,4043753926
2022-11-24,1.0003291985,1.0006349391,0.9999647312,1.0002148209,1.0002148209,3455771499
2022-11-25,1.0001674951,1.0003160309,0.9998925119,1.0000569956,1.0000569956,2547890810
2022-11-26,1.0000808978,1.0006389898,0.9998687511,1.0001509445,1.0001509445,2436483647
2022-11-27,1.0001652431,1.0003538774,0.9998376925,1.0001409812,1.0001409812,2289589937
2022-11-28,1.0001761147,1.0006230784,0.9996778907,1.0002012338,1.0002012338,2949046303
2022-11-29,1.0002530084,1.0004438132,0.9999430455,1.0000756515,1.0000756515,2909572697
2022-11-30,1.0000786778,1.0006075183,0.9996464026,1.000008383,1.000008383,3389698194
2022-12-01,1.0000149721,1.000261143,0.9995612526,1.0000027774,1.0000027774,2503961407
2022-12-02,1.0000120683,1.0002949071,0.9996952889,1.0000507401,1.0000507401,2490597772
2022-12-03,1.0000646701,1.0002446469,0.9997416327,0.9999623936,0.9999623936,1795238577
2022-12-04,0.9999657523,1.0002527722,0.999810308,1.0000158105,1.0000158105,1702758189
2022-12-05,1.0001183866,1.0003967557,0.999679035,1.0000207452,1.0000207452,2283841749
2022-12-06,1.0000185662,1.0002554993,0.9996702733,1.0000903281,1.0000903281,2226009116
2022-12-07,1.000098816,1.000199152,0.9994976527,1.0000273657,1.0000273657,2274813216
2022-12-08,1.0000347705,1.0004422428,0.9998061706,1.00002863,1.00002863,2170271743
2022-12-09,1.0000334423,1.0003072475,0.9997610407,1.0000425085,1.0000425085,2120225426
2022-12-10,1.0000380279,1.0002198504,0.9999127664,1.0000722815,1.0000722815,1280687558
2022-12-11,1.0000693047,1.0003404834,0.9997398064,0.9999957645,0.9999957645,1330942018
2022-12-12,0.9999972822,1.0002877957,0.9997262292,1.0000958264,1.0000958264,2410188441
2022-12-13,1.0000959608,1.0005168325,0.9996337187,1.0001340649,1.0001340649,3884992735
2022-12-14,1.0001354712,1.0002809519,0.9995704779,0.9997852382,0.9997852382,3172325582
2022-12-15,1.0000397425,1.0002489837,0.9995704779,1.0000154917,1.0000154917,2460794466
2022-12-16,1.000006078,1.0002461008,0.9993431135,0.9999013569,0.9999013569,3154403231
2022-12-17,0.9998987953,1.0004097875,0.9994025904,1.0000199984,1.0000199984,2160638041
2022-12-18,1.0000192669,1.0002663845,0.9996330437,0.9997614746,0.9997614746,1068964229
2022-12-19,0.9997918722,1.0002498731,0.9993460202,1.0001911676,1.0001911676,2366552622
2022-12-20,1.0001903617,1.0004428697,0.9997627156,0.9999911153,0.9999911153,2562520190
2022-12-21,0.9999872141,1.0002702035,0.9997361733,1.0000956844,1.0000956844,1950566712
2022-12-22,1.0000400826,1.0003426529,0.9995059111,1.0001103515,1.0001103515,1850998745
2022-12-23,1.0001199451,1.0002710139,0.999785763,1.0000341741,1.0000341741,1885345751
2022-12-24,1.0000129979,1.0002339329,0.999917695,1.0000461797,1.0000461797,915340746
2022-12-25,1.0000293671,1.0002153045,0.9997551945,1.0000823125,1.0000823125,1380163674
2022-12-26,1.0001097101,1.0001960864,0.9998540292,1.0001027859,1.0001027859,1442718612
2022-12-27,1.0001036083,1.0002722413,0.999697949,1.0001687711,1.0001687711,1696141537
2022-12-28,1.0001275175,1.0002443502,0.9997706419,1.0001851921,1.0001851921,2210122747
2022-12-29,1.0001565627,1.0003311891,0.9997828525,1.0001384377,1.0001384377,1972864413
2022-12-30,1.0001016663,1.0002956926,0.9998519194,1.0001208866,1.0001208866,1879667314
2022-12-31,1.000196047,1.0003410496,0.9998770287,1.0000285996,1.0000285996,1329559200
2023-01-01,1.0000221275,1.0003623683,0.9998542078,0.9999932734,0.9999932734,1197927576
2023-01-02,1.0000140923,1.000216644,0.999848455,0.9999886989,0.9999886989,1562545140
2023-01-03,1.000009539,1.0002514014,0.9997089764,1.0000981088,1.0000981088,2006189065
2023-01-04,1.0001090261,1.0003017345,0.9997380507,1.0000035978,1.0000035978,2402538600
2023-01-05,1.0000112591,1.0002165403,0.9998055117,1.000020564,1.000020564,2080129330
2023-01-06,1.0000080859,1.0003429748,0.9997960604,1.0000127356,1.0000127356,2361812755
2023-01-07,1.0000145765,1.0003274044,0.9998776273,0.9999819088,0.9999819088,1570732742
2023-01-08,0.9999453689,1.0003637545,0.9998327352,1.0001961164,1.0001961164,1788498969
2023-01-09,1.0002375128,1.0003584478,0.9995876122,1.0000461006,1.0000461006,3646138496
2023-01-10,1.0000046549,1.0002347241,0.9997058409,0.9999874673,0.9999874673,2630571530
2023-01-11,1.0000078865,1.0003844194,0.9997021738,1.0001315675,1.0001315675,2801305360
2023-01-12,1.000114614,1.0004469175,0.9992766335,1.0000721496,1.0000721496,4571366092
2023-01-13,1.0000807124,1.0005384291,0.9996056127,1.0002467555,1.0002467555,3509707746
2023-01-14,1.0001807789,1.0007850098,0.9993901055,1.0000837939,1.0000837939,4297415658
2023-01-15,1.0001052459,1.000313077,0.9995454716,0.9999262052,0.9999262052,2635965361
2023-01-16,0.9998996473,1.0004949277,0.9996269089,0.9999616359,0.9999616359,2899726940
2023-01-17,1.0000082143,1.0003578637,0.9996184035,0.9998101268,0.9998101268,2965132328
2023-01-18,0.9998081742,1.0006840245,0.9993915478,0.9998447964,0.9998447964,4209476194
2023-01-19,0.9997963725,1.0003080212,0.9997432893,1.0000240661,1.0000240661,3098920631
2023-01-20,1.0000416162,1.0006806853,0.9996666011,1.0002654042,1.0002654042,3444375885
2023-01-21,1.000298291,1.0005046216,0.9991431729,0.9998404762,0.9998404762,3742948234
2023-01-22,0.9998605261,1.0003855003,0.9994306915,0.999976225,0.999976225,3227947507
2023-01-23,0.9998365941,1.0004258998,0.9994233676,0.9998580394,0.9998580394,3419783936
2023-01-24,0.9998259186,1.0003212036,0.9990892893,0.9999581854,0.9999581854,3576076257
2023-01-25,0.9999327359,1.0005062022,0.9995004483,1.0000623988,1.0000623988,4154869647
2023-01-26,1.0000285465,1.0003386924,0.9996284469,0.9999601858,0.9999601858,3258930502
2023-01-27,0.9999798033,1.0003878725,0.9995799721,1.0000265842,1.0000265842,3615689955
2023-01-28,0.9999816199,1.0002646238,0.9996351453,1.0001297874,1.0001297874,2554816547
2023-01-29,1.0001135747,1.0003929436,0.9996547688,1.0000010326,1.0000010326,2963258500
2023-01-30,1.0000747593,1.0003334967,0.9995034196,1.0001009658,1.0001009658,3562976035
2023-01-31,1.0000206699,1.0004307564,0.9996504586,1.0000580659,1.0000580659,2960609713
2023-02-01,1.0000171123,1.0007714077,0.9995247442,1.0001497227,1.0001497227,3454788463
2023-02-02,1.0000867912,1.0004553319,0.9993697274,0.9997748367,0.9997748367,4233203635
2023-02-03,0.9997885704,1.0004932911,0.9996647253,1.0000353097,1.0000353097,3432403396
2023-02-04,0.999980667,1.0002921906,0.9996690697,0.9999205015,0.9999205015,2476218901
2023-02-05,0.9998843093,1.0003066514,0.9991760691,0.9999543539,0.9999543539,2929555475
2023-02-06,0.9999598578,1.0004585197,0.999501004,0.99992849,0.99992849,3098238993
2023-02-07,0.9998388997,1.0003200023,0.9994771624,0.9999933068,0.9999933068,3694028407
2023-02-08,1.0000113049,1.0002765641,0.9995309137,1.0000120932,1.0000120932,3602936283
2023-02-09,1.0000235445,1.0005024025,0.9994622048,1.0001224165,1.0001224165,4476731490
2023-02-10,1.0001160004,1.0003837127,0.9995007638,1.0000314992,1.0000314992,3672886124
2023-02-11,1.000004946,1.0002957792,0.9995841905,0.9999765783,0.9999765783,2420063116
2023-02-12,0.9999782864,1.0004567266,0.9995884925,1.0000657114,1.0000657114,2523403098
2023-02-13,1.0001335583,1.0003875568,0.9994304659,1.0000947324,1.0000947324,4929525447
2023-02-14,1.0001117729,1.0005343277,0.9995618874,1.000056505,1.000056505,4219254344
2023-02-15,1.0000663668,1.0005032771,0.9996439028,1.0000710572,1.0000710572,4265639806
2023-02-16,1.0000113625,1.0004360536,0.9994785577,0.9998579018,0.9998579018,5620785014
2023-02-17,0.9998310545,1.0004906517,0.9995662223,0.9999346777,0.9999346777,4696979332
2023-02-18,0.9999837312,1.0003058224,0.9997237716,0.9998872732,0.9998872732,2724755647
2023-02-19,0.9999802854,1.0002892273,0.9994668053,0.9998966758,0.9998966758,3217361040
2023-02-20,0.9999618618,1.0003213023,0.9994736142,1.0001430132,1.0001430132,3456245956
2023-02-21,1.0001214338,1.0002095218,0.9995134985,1.0000640104,1.0000640104,4145675499
2023-02-22,1.0000966376,1.0003875715,0.9995895369,1.0001453851,1.0001453851,4388750217
2023-02-23,1.0001533307,1.0004364858,0.9995168764,1.0000831995,1.0000831995,4056250193
2023-02-24,1.0000763918,1.0003340561,0.9994306464,1.0000448155,1.0000448155,4261268706
2023-02-25,1.0000558917,1.0002865013,0.9996658664,1.0002865013,1.0002865013,2686817523
2023-02-26,1.0001135805,1.0003082172,0.9996787544,1.0001357487,1.0001357487,2507543870
2023-02-27,1.0001252188,1.0004657927,0.999631233,1.0000745701,1.0000745701,3267016287
2023-02-28,1.0000801476,1.0002550696,0.9995789536,0.9998758465,0.9998758465,3109767982
2023-03-01,0.9999231131,1.0003290597,0.999701277,1.0001459561,1.0001459561,3676550737
2023-03-02,1.0000632255,1.0006101588,0.9993921764,1.0002947654,1.0002947654,3569810686
2023-03-03,1.0003179328,1.0004902535,0.999370039,1.0000001783,1.0000001783,4111203947
2023-03-04,0.9999802305,1.0002815908,0.9996581238,1.0000477882,1.0000477882,2215392974
2023-03-05,1.0000553547,1.0003604663,0.999607671,1.0000099751,1.0000099751,2396832193
2023-03-06,1.0000380591,1.0002386381,0.9996611238,0.9999532143,0.9999532143,2954077279
2023-03-07,0.9999492045,1.0004064208,0.9996678819,1.0000812157,1.0000812157,3567136291
2023-03-08,1.0000906578,1.0003293545,0.9996376972,0.9998693548,0.9998693548,3259552390
2023-03-09,0.9998460284,1.0002576201,0.9993750902,1.0000077029,1.0000077029,3762826045
2023-03-10,1.0000009041,1.0009154368,0.9992181191,0.999478547,0.999478547,7610706906
2023-03-11,0.9994698831,1.0000670335,0.8774,0.9715,0.9715,26682206827
2023-03-12,0.9683,0.9954245825,0.9470126067,0.9920691726,0.9920691726,9955867537
2023-03-13,0.9911583821,1.0002780729,0.9880355782,0.998946756,0.998946756,9184314805
2023-03-14,0.9991290163,1.0000867993,0.9975623311,0.9991785646,0.9991785646,7814525316
2023-03-15,0.9991321047,1.0007802295,0.9978530724,1.0001843997,1.0001843997,7297504595
2023-03-16,1.0000886334,1.0006438952,0.9990605055,0.9999612189,0.9999612189,5813165153
2023-03-17,1.0000110843,1.0008767992,0.9988663322,1.0000446277,1.0000446277,6804547128
2023-03-18,0.9998877865,1.0005968422,0.9984051203,0.9995019398,0.9995019398,4862447405
2023-03-19,0.9997122205,1.0004801294,0.9984230918,0.9998449095,0.9998449095,4030817576
2023-03-20,0.9999534072,1.0004018307,0.9973899144,0.9979803872,0.9979803872,6812088662
2023-03-21,0.9979217162,1.0000747321,0.9964487916,0.998525846,0.998525846,5061226074
2023-03-22,0.9985896199,0.9998589278,0.9969656202,0.9991241189,0.9991241189,6207409133
2023-03-23,0.9991181307,1.0000406686,0.9975429741,0.9990372825,0.9990372825,6139163965
2023-03-24,0.9991832544,1.0001687568,0.9983179167,0.9998621977,0.9998621977,5536710750
2023-03-25,0.9997326931,1.0001960139,0.9990994277,0.9997358471,0.9997358471,3630877871
2023-03-26,0.9997924341,1.000192577,0.9993290712,0.9998846588,0.9998846588,3302521189
2023-03-27,0.9997467936,1.0001882579,0.9989419557,0.999683843,0.999683843,4510405294
2023-03-28,0.9995419976,1.0003524986,0.9991849361,0.9998843125,0.9998843125,4167400927
2023-03-29,0.9997915946,1.0003194278,0.998928053,0.9998107809,0.9998107809,4219185140
2023-03-30,0.9999077929,1.0003338408,0.9991540992,1.0000086536,1.0000086536,4893829473
2023-03-31,0.9999584419,1.0002856791,0.9994773922,0.9997837487,0.9997837487,4103572101
2023-04-01,0.9996817906,1.0002814479,0.9994508372,0.9997858294,0.9997858294,2593064644
2023-04-02,0.9996511531,1.0000570036,0.9991918053,0.9997424146,0.9997424146,2930085933
2023-04-03,0.9999121755,1.0004896651,0.9992743535,0.9998558988,0.9998558988,4466068651
2023-04-04,0.9996255973,1.0001951764,0.9990330689,0.999817333,0.999817333,4031916462
2023-04-05,0.9997241553,1.0002299327,0.9992595451,0.999766017,0.999766017,4169747376
2023-04-06,0.9998327259,1.0002048204,0.9992806904,0.9999964615,0.9999964615,3814620125
2023-04-07,0.9998473545,1.0002931233,0.9989116175,1.0000551787,1.0000551787,2903250734
2023-04-08,0.9999095677,1.0003300583,0.9994370232,0.9998186669,0.9998186669,2282839968
2023-04-09,0.999885415,1.0004048645,0.9993682706,0.9997451874,0.9997451874,2572735226
2023-04-10,0.9998702074,1.000309803,0.9993145585,0.9997167138,0.9997167138,3782006070
2023-04-11,0.9997868901,1.0003254114,0.9990331636,1.0000119761,1.0000119761,4226589595
2023-04-12,0.9998957571,1.0003426287,0.9992319811,0.9998533693,0.9998533693,4455109085
2023-04-13,0.9994860495,1.0002986441,0.9992441969,0.9998989984,0.9998989984,4497996156
2023-04-14,1.0000237542,1.0004331312,0.9990363612,0.9999614596,0.9999614596,6483808260
2023-04-15,0.9999031581,1.0003220612,0.9993692099,0.9998748085,0.9998748085,3570934315
2023-04-16,0.9998026038,1.0002183699,0.9989472277,0.9997046565,0.9997046565,3945942527
2023-04-17,0.9996206675,1.0001207741,0.9991783389,0.9998650697,0.9998650697,4388563239
2023-04-18,0.9999580942,1.0003747088,0.9996362234,1.0000306572,1.0000306572,4416719010
2023-04-19,1.00005012,1.0003088575,0.9990402585,1.0000505925,1.0000505925,5954252197
2023-04-20,0.9998737559,1.0004506945,0.9994588156,1.0001641449,1.0001641449,5370179003
2023-04-21,1.0001611076,1.0008079731,0.9997463734,1.000336752,1.000336752,5485001575
2023-04-22,1.0003356304,1.0007601601,0.9998005508,1.0001067964,1.0001067964,3371754245
2023-04-23,1.0000639998,1.0004929852,0.9995416521,0.9998940339,0.9998940339,3475533157
2023-04-24,0.9999195609,1.000443238,0.9995471849,1.0000419769,1.0000419769,4393039848
2023-04-25,0.9999554044,1.0003765546,0.9996129864,1.0000003855,1.0000003855,4849844618
2023-04-26,0.9998781794,1.0006509138,0.9995744648,0.9998836023,0.9998836023,6469260029
2023-04-27,1.0000511324,1.0005249305,0.9993339957,0.9996822898,0.9996822898,5592517130
2023-04-28,0.9998600735,1.0003215516,0.9994833068,0.9998950948,0.9998950948,4103487467
2023-04-29,0.9998723232,1.0002208556,0.9996928058,0.9999832474,0.9999832474,2544777872
2023-04-30,0.999869554,1.0003649102,0.9996464204,0.9999961737,0.9999961737,3328615964
2023-05-01,0.9999195602,1.0005441303,0.9995793405,1.0001001166,1.0001001166,3639367736
2023-05-02,1.0001765514,1.0005153136,0.9994463694,0.9999334246,0.9999334246,2902760212
2023-05-03,0.9999524973,1.0004739248,0.9996214083,1.000021314,1.000021314,3636049113
2023-05-04,0.9999095164,1.000447923,0.9997013747,1.0000621773,1.0000621773,3016766782
2023-05-05,1.0000189896,1.0004122885,0.9996819629,1.0000139932,1.0000139932,4114517917
2023-05-06,1.0000497409,1.0004260015,0.9995629129,1.0000521525,1.0000521525,3737756631
2023-05-07,1.0000201297,1.0004398522,0.999654028,1.0001453658,1.0001453658,2509528527
2023-05-08,1.0001910264,1.0004121483,0.9996294934,1.0000490634,1.0000490634,4488130638
2023-05-09,1.0000686231,1.0003252755,0.9996126689,1.0002227066,1.0002227066,2959273885
2023-05-10,1.0001298581,1.0007249686,0.9992303621,1.0000308965,1.0000308965,4343854748
2023-05-11,1.0000531909,1.0006453696,0.999581354,1.0001736057,1.0001736057,3909082089
2023-05-12,0.999926871,1.0004972573,0.9994688838,1.0000586937,1.0000586937,4185712320
2023-05-13,1.0000012969,1.0005171733,0.9996711706,1.0000283524,1.0000283524,1974042367
2023-05-14,1.00005347,1.0003327692,0.9996493403,1.0000968344,1.0000968344,2047773213
2023-05-15,1.0000455238,1.0004015202,0.9996110454,1.0000212961,1.0000212961,3148745500
2023-05-16,1.0000635724,1.000273449,0.9995829774,0.9999479667,0.9999479667,2722392153
2023-05-17,0.9998970335,1.0003553124,0.999520467,1.0000033084,1.0000033084,3131943202
2023-05-18,0.999978399,1.0006250506,0.9996154657,0.9999882423,0.9999882423,2968729105
2023-05-19,1.0000146225,1.0005019087,0.9994720765,0.9999647716,0.9999647716,2439159656
2023-05-20,0.9999942146,1.0003129738,0.9997697232,1.0000764119,1.0000764119,1435963394
2023-05-21,1.0001551553,1.0004028198,0.999749248,0.9998890554,0.9998890554,1777767516
2023-05-22,0.9998170668,1.0003946269,0.9996627772,0.999955304,0.999955304,2589848746
2023-05-23,1.0000267516,1.0003686175,0.999557862,0.9999617813,0.9999617813,2924076287
2023-05-24,0.9999070727,1.0003535967,0.9995375743,1.0001355354,1.0001355354,3291167507
2023-05-25,0.9999908967,1.0003304179,0.9996103546,0.999997919,0.999997919,2770193924
2023-05-26,0.9998800443,1.0006217816,0.9996565576,0.9999336301,0.9999336301,2485067667
2023-05-27,1.0000407481,1.0005956857,0.9997354328,1.0000336758,1.0000336758,1450362893
2023-05-28,1.0001361753,1.0004399026,0.9996418089,0.9999982147,0.9999982147,2614572603
2023-05-29,1.0001165702,1.0004223291,0.9994957761,0.9998623646,0.9998623646,2719634408
2023-05-30,0.9998790752,1.0003978052,0.9995808296,0.9998436563,0.9998436563,2801360301
2023-05-31,0.9998598592,1.0005909736,0.9994315531,1.0001793102,1.0001793102,2753700484
2023-06-01,0.9999786794,1.0004714643,0.9995199757,1.0000551178,1.0000551178,3010435468
2023-06-02,1.0000836366,1.0003576074,0.9995543468,1.0000615494,1.0000615494,2963165478
2023-06-03,1.0000120564,1.0002090371,0.9996498614,0.999903279,0.999903279,1761598228
2023-06-04,0.9998851821,1.0003314642,0.9995767659,0.9997964367,0.9997964367,1912106592
2023-06-05,0.9998626816,1.0004553612,0.9994728782,0.9999129761,0.9999129761,4613674985
2023-06-06,1.0000347674,1.0005798677,0.9995719317,0.9998512327,0.9998512327,4430436583
2023-06-07,0.9998905061,1.0003543172,0.9996340768,0.999901954,0.999901954,4279564855
2023-06-08,0.9999466005,1.000446917,0.9996383549,1.0000974005,1.0000974005,2722751251
2023-06-09,0.9999605008,1.0005588092,0.999699248,0.9999493573,0.9999493573,2665781846
2023-06-10,0.9999937475,1.0006480011,0.9996865305,0.9998840758,0.9998840758,5562774660
2023-06-11,0.999938123,1.0005057273,0.9996028996,0.9999339814,0.9999339814,2395915206
2023-06-12,0.9997376827,1.0010141786,0.9994909458,1.0002156112,1.0002156112,3482493796
2023-06-13,1.0001320186,1.0005658342,0.9996392007,0.9999807183,0.9999807183,3455989217
2023-06-14,1.0000297113,1.0005953326,0.9992955087,1.0000522967,1.0000522967,3368200180
2023-06-15,0.9999053665,1.0022586962,0.9995118208,1.0000848915,1.0000848915,6040215579
2023-06-16,1.0000397283,1.0005766976,0.9996202963,1.0001203068,1.0001203068,3727702817
2023-06-17,1.0001126661,1.0004963884,0.9997122101,1.0000693645,1.0000693645,2353245046
2023-06-18,1.0000556732,1.0006481565,0.9997252948,1.0000177121,1.0000177121,1927548864
2023-06-19,0.999990621,1.0007038193,0.9996904316,1.0001703384,1.0001703384,3052004763
2023-06-20,1.0001148555,1.0008792676,0.9997042815,1.0003020851,1.0003020851,4705226783
2023-06-21,1.000192495,1.0004938926,0.9992935116,1.0000780022,1.0000780022,6494016298
2023-06-22,1.0000983416,1.0005312153,0.999030621,0.9999676881,0.9999676881,4887538535
2023-06-23,0.999995778,1.0007342773,0.9994736155,0.9999905569,0.9999905569,5087372638
2023-06-24,1.00000893,1.000436558,0.9995974108,0.9999316766,0.9999316766,2382774730
2023-06-25,0.999868094,1.000562336,0.9995505004,1.0001374183,1.0001374183,2847495718
2023-06-26,1.0001543652,1.000538815,0.999528214,1.000025363,1.000025363,3856083147
2023-06-27,1.0000448916,1.0003734089,0.9995523445,0.999999767,0.999999767,3824274035
2023-06-28,0.9999065769,1.0004873454,0.9995063639,1.000048058,1.000048058,3482152553
2023-06-29,1.0001190114,1.0005239753,0.9997239101,0.999962423,0.999962423,3165466479
2023-06-30,0.9997955006,1.0009375269,0.9994796923,1.0002531231,1.0002531231,6373895760
2023-07-01,0.9999598678,1.0007379139,0.9997931649,1.0001343796,1.0001343796,2631090680
2023-07-02,1.0000558634,1.0008035304,0.9997096705,1.0001346439,1.0001346439,2553765961
2023-07-03,1.000201692,1.0008273632,0.9996413714,0.999980028,0.999980028,3591365139
2023-07-04,0.999919803,1.0006154574,0.9995405482,1.0001649902,1.0001649902,2950403752
2023-07-05,1.000254038,1.000520273,0.9994400267,1.0001014545,1.0001014545,3099466412
2023-07-06,0.9999968025,1.000501806,0.9994965547,1.0000699544,1.0000699544,4263171820
2023-07-07,0.9999714887,1.0006505266,0.9996247057,0.9999410956,0.9999410956,3149204362
2023-07-08,1.0000152993,1.0006835762,0.9997476444,1.0000293632,1.0000293632,1870945839
2023-07-09,1.000037366,1.000658305,0.9997401079,1.000112026,1.000112026,1767586724
2023-07-10,1.0001252642,1.0006655084,0.9995539104,0.9999668572,0.9999668572,3359012284
2023-07-11,1.0000280314,1.0006943641,0.9996751078,0.999970563,0.999970563,2747012361
2023-07-12,1.0000079601,1.0009287436,0.9995622696,0.9999715493,0.9999715493,3099598321
2023-07-13,1.000047729,1.00078423,0.9995182657,0.999905599,0.999905599,5528502864
2023-07-14,1.0001159077,1.0008053882,0.9994237087,1.0001956064,1.0001956064,4852861593
2023-07-15,1.0002083381,1.0006003403,0.9996837502,1.0000574185,1.0000574185,2140381966
2023-07-16,0.9999620737,1.0007452488,0.9996737309,1.0001689723,1.0001689723,2080513172
2023-07-17,1.0001508103,1.0005480456,0.9996635441,0.9999350992,0.9999350992,3208017139
2023-07-18,0.999992164,1.0005314795,0.9995257006,0.9999721792,0.9999721792,2974234953
2023-07-19,0.9998925594,1.0004074772,0.9993924581,1.0000413949,1.0000413949,2779406654
2023-07-20,1.000045096,1.000540122,0.9995726348,0.9999939041,0.9999939041,3200825513
2023-07-21,1.0000252795,1.0005669675,0.999628046,1.0001401117,1.0001401117,6052246403
2023-07-22,1.0001388384,1.0009123374,0.9996446932,0.9998079801,0.9998079801,2059171696
2023-07-23,0.9999624534,1.0007990339,0.9996123502,0.9998766323,0.9998766323,1923166146
2023-07-24,1.0000283837,1.0005422014,0.9993602389,1.0000357671,1.0000357671,2972535139
2023-07-25,1.0000670837,1.0007725132,0.99976224,0.9999697713,0.9999697713,2242969853
2023-07-26,0.9999897671,1.0009760201,0.9995658927,1.0001345318,1.0001345318,2959690717
2023-07-27,1.0000872367,1.0005183474,0.999645284,0.9998058668,0.9998058668,2447050412
2023-07-28,0.9998554808,1.0006795278,0.9993977574,1.0001655826,1.0001655826,2576906993
2023-07-29,1.0001964507,1.0006282717,0.999772845,1.000057904,1.000057904,1552851362
2023-07-30,1.0001033858,1.0005744971,0.9996863939,1.0000220215,1.0000220215,2064962482
2023-07-31,1.0000315373,1.00061721,0.9996192703,1.0000097086,1.0000097086,2797739009
2023-08-01,0.9999960707,1.0006083804,0.9995427037,1.0000720125,1.0000720125,4107231674
2023-08-02,1.0000866222,1.0006452942,0.9996497741,0.9998907556,0.9998907556,3899981415
2023-08-03,0.999857877,1.0005283126,0.9996335937,1.000242975,1.000242975,2992754699
2023-08-04,1.0001231817,1.000482407,0.999255325,0.9999892254,0.9999892254,3102941071
2023-08-05,1.0000220337,1.0002930165,0.9997173878,0.9998772644,0.9998772644,1690306453
2023-08-06,0.9999183818,1.0003183239,0.9995933185,0.9998170696,0.9998170696,1962209985
2023-08-07,0.9997303047,1.0005152139,0.9996518457,0.9999744741,0.9999744741,2920815525
2023-08-08,0.999997124,1.0007994095,0.9998134907,1.0000803201,1.0000803201,3392828372
2023-08-09,1.0000138032,1.0006719045,0.9995975683,1.0001891256,1.0001891256,3123624699
2023-08-10,1.0001285415,1.0005349169,0.9997697493,1.0001701002,1.0001701002,2804649587
2023-08-11,1.0000752239,1.000829381,0.9998355363,1.0000821222,1.0000821222,2442850118
2023-08-12,1.00007575,1.0004372457,0.9999278007,1.0000342284,1.0000342284,1641540904
2023-08-13,1.000091274,1.000406637,0.9998650726,1.0000280529,1.0000280529,1761869668
2023-08-14,1.0000414621,1.0005688312,0.999825099,1.0001208432,1.0001208432,2921375821
2023-08-15,1.0001092477,1.0005545982,0.999868666,1.0000690155,1.0000690155,2774696602
2023-08-16,1.0000154633,1.000851988,0.9998165529,1.0000372128,1.0000372128,3289212879
2023-08-17,1.0000173463,1.0011550337,0.9992260293,1.0004367107,1.0004367107,6519582155
2023-08-18,1.0002856749,1.000768135,0.9995730797,1.0001279558,1.0001279558,4966467815
2023-08-19,0.9999637841,1.0005608695,0.9997583578,1.000188532,1.000188532,2489094112
2023-08-20,1.000069154,1.0005483616,0.9998443202,1.0001021979,1.0001021979,2106341342
2023-08-21,1.000094549,1.0006354172,0.9997566058,1.0000019363,1.0000019363,3060565177
2023-08-22,1.0000010012,1.0007883365,0.9997779966,0.9999913029,0.9999913029,3647897906
2023-08-23,1.0001252781,1.0009565636,0.9997715115,1.000170009,1.000170009,3730953867
2023-08-24,1.0000560437,1.0005668661,0.999825149,0.9999151169,0.9999151169,2907706728
2023-08-25,0.9999942242,1.0005317469,0.9997621548,1.0000902839,1.0000902839,2870155394
2023-08-26,1.0000806913,1.0005768872,0.9998549802,1.0000100263,1.0000100263,1491868952
2023-08-27,0.9999921976,1.0005586878,0.9997702534,1.0000057159,1.0000057159,1551269738
2023-08-28,1.0000073495,1.0006022777,0.9997815543,0.9999228721,0.9999228721,2747710982
2023-08-29,0.9999508571,1.0015189885,0.9998606706,1.0000563256,1.0000563256,4288358015
2023-08-30,1.0000262354,1.0007362369,0.9997184158,1.0001547333,1.0001547333,3635286825
2023-08-31,1.0001045706,1.0008767487,0.999765711,1.0001078073,1.0001078073,4228660874
2023-09-01,1.0001147507,1.0006100232,0.9997738953,1.0001959855,1.0001959855,3352194868
2023-09-02,1.0001968257,1.0005268375,0.9999170414,1.0001703535,1.0001703535,1764318129
2023-09-03,1.0001387052,1.0008389532,0.9998636308,1.0001301725,1.0001301725,1878209470
2023-09-04,1.0000529341,1.000428168,0.9997903779,1.0000997023,1.0000997023,2275770718
2023-09-05,0.9999197384,1.0004094836,0.9998415125,1.000030077,1.000030077,2529858601
2023-09-06,1.0001606158,1.0011822094,0.9997758081,1.0001396476,1.0001396476,2855555338
2023-09-07,1.0000784181,1.000688113,0.9998005171,1.0004269305,1.0004269305,2428528084
2023-09-08,1.0002859717,1.0008404323,0.9998950508,1.0000974279,1.0000974279,2652808484
2023-09-09,1.0000314847,1.0006724085,0.9999336574,1.0001296651,1.0001296651,1288697563
2023-09-10,1.0000907863,1.0006254252,0.9998403391,0.9999467751,0.9999467751,2034179122
2023-09-11,0.9999627923,1.0010319915,0.9998073134,1.0000471451,1.0000471451,3827178715
2023-09-12,1.0001408653,1.0007430955,0.9998430606,1.0002057845,1.0002057845,4520366160
2023-09-13,1.000084034,1.000840915,0.999883952,1.000165091,1.000165091,3192111737
2023-09-14,1.00017632,1.0008434837,0.9999114031,1.0001633939,1.0001633939,3162074793
2023-09-15,1.0001511301,1.0007017436,0.9998987477,1.0003417404,1.0003417404,2660676460
2023-09-16,1.0001255024,1.0008203645,0.9999786433,1.0001677356,1.0001677356,1708005224
2023-09-17,1.0001163261,1.0008352081,0.9999504625,1.0000833908,1.0000833908,1585056981
2023-09-18,1.0000248097,1.0007657121,0.9998663548,1.0001163299,1.0001163299,3435389761
2023-09-19,1.0000293693,1.0006628908,0.9998218788,1.0001100466,1.0001100466,3053934292
2023-09-20,1.0000544781,1.000552221,0.9998478361,1.0001846155,1.0001846155,3103179365
2023-09-21,1.0001765699,1.0006070055,0.9997515765,1.0000043974,1.0000043974,2975710420
2023-09-22,1.0000016055,1.0004428865,0.9997471767,1.0000890636,1.0000890636,2571335978
2023-09-23,1.0000768628,1.0004739179,0.9999290554,0.9999787964,0.9999787964,1770927144
2023-09-24,0.9999732589,1.0007371739,0.999910396,1.0000865361,1.0000865361,1785908523
2023-09-25,1.0001125789,1.0006322066,0.9997994994,1.000052772,1.000052772,2956159954
2023-09-26,1.0000014074,1.0007103666,0.9998839648,1.0000789624,1.0000789624,2698152867
2023-09-27,1.0000467312,1.0007585333,0.9998893439,1.0001561851,1.0001561851,2473184892
2023-09-28,1.0001908195,1.0011577223,0.9998711596,1.0000638001,1.0000638001,3111905152
2023-09-29,1.0001269028,1.0006792519,0.9998057226,1.0000945145,1.0000945145,2434341381
2023-09-30,1.0001229823,1.000576128,0.9998280364,1.0001055754,1.0001055754,1372115519
2023-10-01,1.0001107703,1.0004202871,0.999865067,1.0000898514,1.0000898514,2061687654
2023-10-02,1.0002876742,1.0006565508,0.9997866027,1.0000302827,1.0000302827,4197739502
2023-10-03,1.0000296887,1.0005810498,0.9997371988,1.000094976,1.000094976,2520912223
2023-10-04,1.0000140353,1.0004886999,0.9998138107,1.0003931527,1.0003931527,2560902818
2023-10-05,1.0002608525,1.000433143,0.9998300438,0.9999493473,0.9999493473,2671315261
2023-10-06,0.9998937156,1.0003644447,0.9997728633,0.9999911508,0.9999911508,2590803813
2023-10-07,0.9999899882,1.0001851041,0.9997497707,0.9999604676,0.9999604676,1179571042
2023-10-08,1.0000123202,1.0001323946,0.9997079294,0.9999689927,0.9999689927,1621879275
2023-10-09,0.999958321,1.0006654181,0.9996845549,0.9999021534,0.9999021534,2797548386
2023-10-10,0.9999929654,1.0005325895,0.9997290755,0.999976252,0.999976252,2402546704
2023-10-11,1.0000409983,1.0005242352,0.9998185125,0.9999700925,0.9999700925,2952223563
2023-10-12,0.9999741055,1.000797733,0.9998429513,1.000108406,1.000108406,2354134010
2023-10-13,1.0000539679,1.0007378126,0.9998807841,1.0002389221,1.0002389221,2256260023
2023-10-14,1.0001672427,1.0005313027,0.9999535499,1.0001128738,1.0001128738,1036838776
2023-10-15,1.0000480327,1.000672788,0.9999035,1.0003141107,1.0003141107,1366917286
2023-10-16,1.0002327502,1.0008224736,0.9998180921,1.0002074264,1.0002074264,4703592443
2023-10-17,1.0002214787,1.000328176,0.9998144509,1.000023694,1.000023694,2840553486
2023-10-18,1.0000539791,1.0004701549,0.999886674,1.0000387999,1.0000387999,2648160709
2023-10-19,1.000208202,1.0005483356,0.9998578965,0.9999883974,0.9999883974,2652500406
2023-10-20,1.0000118817,1.000544092,0.9996430123,1.0000641042,1.0000641042,3464401132
2023-10-21,1.0000146202,1.0002119447,0.9998131948,0.9999493196,0.9999493196,2029693357
2023-10-22,0.9999261482,1.00050859,0.9997216977,0.9999184027,0.9999184027,2139970395
2023-10-23,1.0003010135,1.000587334,0.9993255024,1.0000888975,1.0000888975,6974709631
2023-10-24,0.9999769158,1.0004820157,0.9995181764,0.9999943905,0.9999943905,8074666907
2023-10-25,0.9999962977,1.0007851488,0.9998131552,1.0001963651,1.0001963651,5304032294
2023-10-26,1.0001538724,1.0005222341,0.9998162947,1.0000190285,1.0000190285,4962675018
2023-10-27,1.0000055703,1.0007902726,0.9998145282,0.9999997945,0.9999997945,4082394599
2023-10-28,1.0000315751,1.000599954,0.9995868595,1.0000560552,1.0000560552,2468016438
2023-10-29,1.0000384333,1.0004761162,0.9998417276,1.0000220507,1.0000220507,2543105671
2023-10-30,0.9999512417,1.0004683842,0.9997077423,1.0001678273,1.0001678273,3923554176
2023-10-31,1.0001983177,1.0004522564,0.9997629476,0.999940183,0.999940183,3514523823
2023-11-01,1.0001005451,1.0004475511,0.9996435197,1.0002331054,1.0002331054,4780026293
2023-11-02,1.0001779982,1.0006335659,0.9997683753,1.0001196671,1.0001196671,4727405731
2023-11-03,1.000158292,1.0006455217,0.9997877833,1.0002486049,1.0002486049,3917354437
2023-11-04,1.0001714432,1.0006907074,0.9999447842,1.000175249,1.000175249,2236249364
2023-11-05,1.0002608825,1.0007587347,0.9996591618,0.9999968458,0.9999968458,3320758545
2023-11-06,1.0000906795,1.0004428719,0.9998064027,0.9999843221,0.9999843221,3704537072
2023-11-07,0.9999415022,1.0008075074,0.9997972862,1.0000282302,1.0000282302,4331266462
2023-11-08,1.0000218389,1.0004125544,0.9998518895,1.0000337799,1.0000337799,3483561051
2023-11-09,1.0000512512,1.0003630738,0.9992382354,0.9999559931,0.9999559931,7796943402
2023-11-10,0.9999082726,1.0003895076,0.9995319209,0.9995419959,0.9995419959,5800619880
2023-11-11,0.9998331952,1.0001353177,0.9994628373,0.9997095498,0.9997095498,4054656387
2023-11-12,0.9996890138,1.0003270327,0.9992034057,0.9996009852,0.9996009852,3363812288
2023-11-13,0.999773467,1.0008109101,0.9993403175,0.9999634773,0.9999634773,5884242661
2023-11-14,1.000259451,1.0005083613,0.9996076882,1.0000252054,1.0000252054,5897076012
2023-11-15,1.0000742444,1.0004277301,0.9998027292,1.0000298622,1.0000298622,6459430865
2023-11-16,1.000089019,1.0003716832,0.9996484941,0.9999516825,0.9999516825,6587299689
2023-11-17,1.0000173729,1.0004526564,0.9997118684,1.0001905577,1.0001905577,5656392614
2023-11-18,1.0001206515,1.000290286,0.9998013866,1.0000733363,1.0000733363,3527085445
2023-11-19,1.0000742961,1.0002644589,0.9997951048,0.9999763938,0.9999763938,3377536219
2023-11-20,1.0000269137,1.00024708,0.9995487764,0.9999688748,0.9999688748,5715544230
2023-11-21,0.9998206499,1.0003294572,0.9995646733,1.0000458974,1.0000458974,6746318099
2023-11-22,1.0000113692,1.0005745854,0.9995688055,0.9999823948,0.9999823948,5843849576
2023-11-23,1.0000044348,1.0002031526,0.9997547139,0.9999564259,0.9999564259,3906905702
2023-11-24,1.0000204237,1.0004508429,0.9994333341,0.9996318792,0.9996318792,5071942600
2023-11-25,0.999555056,1.0001500526,0.9993966607,0.9998872351,0.9998872351,2220573375
2023-11-26,0.9998757358,1.0000034544,0.9992257656,0.9998677649,0.9998677649,2981851641
2023-11-27,0.9998597189,1.0005123444,0.99946683,0.9999987649,0.9999987649,4857602258
2023-11-28,1.0001127184,1.0005330466,0.9994288756,0.9999137183,0.9999137183,4946072076
2023-11-29,0.9998534009,1.0002276457,0.9993231165,1.0000403476,1.0000403476,4806411317
2023-11-30,1.0000218916,1.0002876329,0.9997914761,1.0000064423,1.0000064423,3955267282
2023-12-01,1.0000927891,1.0002070743,0.9994963653,0.9997967758,0.9997967758,5045550334
2023-12-02,0.9997513737,1.0001146641,0.9993197676,0.9999531652,0.9999531652,3627380584
2023-12-03,0.9999657249,1.000168627,0.9988953912,0.9998963138,0.9998963138,3432480206
2023-12-04,0.9999015404,1.000474308,0.9990457445,0.9999207837,0.9999207837,7360707792
2023-12-05,0.9999725069,1.0004435629,0.9993580859,1.0002840923,1.0002840923,6856709757
2023-12-06,1.0000126347,1.0006186031,0.9997780181,1.0000306623,1.0000306623,6126970583
2023-12-07,0.9999774595,1.0006074174,0.9997650008,0.9999972861,0.9999972861,6488731738
2023-12-08,1.000016896,1.0005569923,0.9998069986,0.9999247134,0.9999247134,6282261785
2023-12-09,0.9999185285,1.0006559974,0.9998417797,1.0001946594,1.0001946594,4743965792
2023-12-10,1.0000564422,1.0005856314,0.9998305078,1.0000284075,1.0000284075,3540530606
2023-12-11,1.0000951047,1.0029671034,0.9996932671,1.0000800348,1.0000800348,8980651787
2023-12-12,1.0001542616,1.0009954646,0.9997842273,1.0003047468,1.0003047468,6327509556
2023-12-13,1.0002658054,1.0010929342,0.9998085023,1.0000028456,1.0000028456,6632941650
2023-12-14,1.0001232205,1.0009925032,0.9998479002,0.9999771378,0.9999771378,6352617430
2023-12-15,1.0000489855,1.0008458591,0.9998459581,1.0001699287,1.0001699287,5589250638
2023-12-16,1.0001705529,1.000811696,0.9998422195,0.9999729582,0.9999729582,3971109127
2023-12-17,0.9998734687,1.0010661807,0.9997742095,1.0005456146,1.0005456146,4203857073
2023-12-18,1.0002129538,1.0009482128,0.9998368465,1.0000306935,1.0000306935,5768924196
2023-12-19,1.0000007586,1.0009368216,0.9996962678,1.000257131,1.000257131,5304568228
2023-12-20,1.0001542924,1.0012373448,0.9997217993,1.0000265814,1.0000265814,5626388921
2023-12-21,0.999964696,1.0006767565,0.9997037745,0.9999822615,0.9999822615,5752000926
2023-12-22,0.9999824018,1.0010389844,0.9998433625,1.000204845,1.000204845,6215615616
2023-12-23,1.0002130686,1.0006594021,0.9998738873,1.0002481586,1.0002481586,3587593263
2023-12-24,1.0000511723,1.000690915,0.9997204917,1.0003088152,1.0003088152,4449639052
2023-12-25,1.0003117929,1.0006063252,0.9997962945,1.0003972553,1.0003972553,4515777689
2023-12-26,1.0002652378,1.0006517293,0.9997087902,1.0003572185,1.0003572185,5897181585
2023-12-27,1.0003367251,1.0008498713,0.9998852079,0.9999608586,0.9999608586,6415682081
2023-12-28,1.0001546227,1.000982133,0.9996845362,1.0007509123,1.0007509123,6962497226
2023-12-29,1.000660026,1.0011737423,0.9999212391,1.0003425758,1.0003425758,6732719103
2023-12-30,1.0003819283,1.0011574222,0.9998560151,1.0003301954,1.0003301954,3591793169
2023-12-31,1.0001356905,1.0012272117,0.9998343565,1.0000696458,1.0000696458,3568612484
2024-01-01,1.0000953939,1.0007766025,0.9998427942,1.0001309506,1.0001309506,3619152850
2024-01-02,1.0000250982,1.0007604568,0.9994847918,1.0001629451,1.0001629451,7168716923
2024-01-03,1.0000899981,1.0009255195,0.9978137632,1.0001823519,1.0001823519,9659438355
2024-01-04,0.9999160874,1.0006549012,0.9998550429,0.9999793379,0.9999793379,6513854273
2024-01-05,0.9998750484,1.0007436294,0.9996708659,1.0000513161,1.0000513161,6668210536
2024-01-06,1.0000539181,1.0004961092,0.9997773425,1.0001126255,1.0001126255,3301845016
2024-01-07,0.9999928359,1.0005853646,0.9996653604,0.9999800232,0.9999800232,3454405965
2024-01-08,1.0000378127,1.0008578582,0.9994757409,0.9998548191,0.9998548191,7434325806
2024-01-09,1.0000247872,1.0007222839,0.9994128599,0.9999921287,0.9999921287,7685031179
2024-01-10,1.0000307263,1.0007100797,0.9994282953,0.9998149044,0.9998149044,10293999660
2024-01-11,0.9998901699,1.000441829,0.9993774478,1.0002370053,1.0002370053,9752773344
2024-01-12,1.000196983,1.0008012064,0.9994910748,1.0002951599,1.0002951599,9173229465
2024-01-13,1.0004768779,1.0005564146,0.9997495227,1.0001497898,1.0001497898,4721219489
2024-01-14,1.0001875468,1.000569773,0.9998867305,1.0001913923,1.0001913923,3885825077
2024-01-15,1.000155309,1.0008500358,0.9998461509,1.0005221383,1.0005221383,4968009259
2024-01-16,1.0002179044,1.0009318927,0.9998526537,1.0002059243,1.0002059243,5325841668
2024-01-17,1.0001852921,1.0009564088,0.9998071435,1.0001636769,1.0001636769,5296515232
2024-01-18,1.0001833726,1.0012331583,0.9996982905,1.0002171207,1.0002171207,6065965043
2024-01-19,1.0003902464,1.000803659,0.9996938392,1.0001910307,1.0001910307,5781605843
2024-01-20,1.0002420151,1.0016252137,0.9997770757,1.0000500962,1.0000500962,2710642311
2024-01-21,1.0001049803,1.0009193375,0.9998227992,1.0000193286,1.0000193286,2267115211
2024-01-22,1.0000207457,1.0009556453,0.9997855474,1.0000199912,1.0000199912,7125306569
2024-01-23,0.9999549534,1.0011846109,0.9997421481,1.0000868597,1.0000868597,6820740579
2024-01-24,1.0001713639,1.0008215442,0.9998431196,1.0001792918,1.0001792918,5374964637
2024-01-25,1.0000666041,1.0008349618,0.9998747651,1.0002853628,1.0002853628,4814403169
2024-01-26,1.0001327089,1.0010418822,0.9998868063,1.0001437551,1.0001437551,5487181666
2024-01-27,1.0001260008,1.0006260842,0.9999050937,1.0000878304,1.0000878304,2863545371
2024-01-28,1.0001391652,1.0003263782,0.9996997488,1.0001225105,1.0001225105,4447643739
2024-01-29,1.0001165938,1.0006676171,0.9999322249,1.0001756345,1.0001756345,4920736968
2024-01-30,1.0001746398,1.0003852619,0.9997539783,1.0000562841,1.0000562841,5630117915
2024-01-31,1.0000680479,1.0007600112,0.9997797146,1.0001736672,1.0001736672,7284362922
2024-02-01,1.0001700573,1.0009201127,0.9997940074,1.0003436652,1.0003436652,5394329612
2024-02-02,1.0003311149,1.0007266496,0.9998918442,1.0001424715,1.0001424715,4598678104
2024-02-03,1.0001312496,1.0004640757,0.9998651008,1.000145393,1.000145393,2502413315
2024-02-04,1.000171144,1.0005229177,0.9999296346,1.0001271705,1.0001271705,2734642073
2024-02-05,1.0001666838,1.0008896321,0.9997993041,1.000056653,1.000056653,4507910878
2024-02-06,1.0000959053,1.0008255421,0.999843256,1.0002206202,1.0002206202,4415864090
2024-02-07,1.0001545582,1.0007238387,0.9996941883,1.0000925784,1.0000925784,5719303290
2024-02-08,0.9998640819,1.0002404406,0.9993761165,1.0000484226,1.0000484226,6233371927
2024-02-09,0.9999884981,1.0004264257,0.9993817892,0.9999253702,0.9999253702,8069980546
2024-02-10,1.0000118444,1.0003927151,0.9997832639,1.000013956,1.000013956,3745251311
2024-02-11,1.0000109102,1.0005411953,0.9996128461,0.9999424246,0.9999424246,4073957830
2024-02-12,0.9999289148,1.0007798097,0.9997670862,0.9999729379,0.9999729379,6739557067
2024-02-13,0.9999552796,1.0006949817,0.9995663737,1.0000962805,1.0000962805,6825450889
2024-02-14,1.0001952158,1.0005973338,0.9994883416,1.0000320172,1.0000320172,6680249701
2024-02-15,1.0000053056,1.0002454393,0.9992045795,0.9999644358,0.9999644358,7527179544
2024-02-16,0.9999174284,1.0002244157,0.9992631778,1.0000089013,1.0000089013,5614125794
2024-02-17,0.9999974751,1.0003438246,0.999447955,1.0000647069,1.0000647069,3780445355
2024-02-18,1.0000053562,1.000304352,0.9993905952,1.0000520632,1.0000520632,3863859252
2024-02-19,1.0000318691,1.000186682,0.9994775691,0.999876217,0.999876217,5396207837
2024-02-20,0.99977199,1.0002685628,0.9993334959,0.999930802,0.999930802,7544920935
2024-02-21,0.9999179289,1.0002361417,0.9992833173,1.0000314987,1.0000314987,6349227247
2024-02-22,1.0001407292,1.0003463017,0.9994374494,1.000021191,1.000021191,6826866133
2024-02-23,1.0000899952,1.0005171873,0.9996814058,1.0000189008,1.0000189008,4974874020
2024-02-24,0.9999724402,1.0003475081,0.9996391597,1.0001236005,1.0001236005,3060116653
2024-02-25,1.0000451243,1.0005585807,0.9995151947,0.9998749726,0.9998749726,3463826952
2024-02-26,1.0000030989,1.0003234484,0.9991659064,0.9999496078,0.9999496078,6783326949
2024-02-27,1.00001091,1.0003267677,0.9989057584,0.9999206051,0.9999206051,8273690025
2024-02-28,0.9999767317,1.0002175578,0.9980708498,0.999952063,0.999952063,11959164677
2024-02-29,1.0000109844,1.0003178579,0.9989032953,0.9997537814,0.9997537814,10631188477
2024-03-01,0.9998494646,1.0002526916,0.9993386784,0.99994198,0.99994198,7468283734
2024-03-02,0.9999571283,1.0001968014,0.9991944304,0.9997945445,0.9997945445,5668798810
2024-03-03,0.9998422634,1.0004350428,0.9993695516,0.9998900195,0.9998900195,5663975274
2024-03-04,0.9999008441,1.0005604335,0.999385612,0.9999352073,0.9999352073,10518120570
2024-03-05,0.999995741,1.0005426527,0.9985735094,0.9999979596,0.9999979596,18001924574
2024-03-06,0.9998461698,1.0015259342,0.9991473167,0.9998006113,0.9998006113,12709293551
2024-03-07,0.9998294254,1.0004525075,0.9982023796,0.9997077201,0.9997077201,10388182989
2024-03-08,0.9999897622,1.0004060351,0.9978895775,0.9998973346,0.9998973346,10713621716
2024-03-09,0.9998440866,1.0002981868,0.9990243237,1.0000392093,1.0000392093,5513805821
2024-03-10,1.0000594998,1.0002636374,0.9990138761,0.9999950556,0.9999950556,7240540541
2024-03-11,1.0000031476,1.0003129555,0.9989106707,0.9999566896,0.9999566896,12100716195
2024-03-12,0.9999816161,1.0004178832,0.9984851535,0.9999544329,0.9999544329,12511458622
2024-03-13,1.0000050054,1.0006629547,0.9989847464,0.9997691301,0.9997691301,10114698359
2024-03-14,0.9997459369,1.0003741148,0.9987989041,0.999931889,0.999931889,13013493200
2024-03-15,0.9998576398,1.002098409,0.999112005,1.0000365149,1.0000365149,17489269628
2024-03-16,1.0000087324,1.0009428972,0.9990294612,1.0001158628,1.0001158628,12373832704
2024-03-17,1.0000993055,1.0012409879,0.999503629,1.0001537415,1.0001537415,11925580792
2024-03-18,1.0001884168,1.0010972514,0.9992308792,0.9999056717,0.9999056717,12802524795
2024-03-19,0.9999277111,1.0014547404,0.99946262,1.0000987701,1.0000987701,14129126750
2024-03-20,1.0002337801,1.0014821942,0.9996576003,1.0001752599,1.0001752599,13623240407
2024-03-21,1.000154432,1.0017249635,0.9996508265,1.0001076832,1.0001076832,9554155555
2024-03-22,1.0000969876,1.0010914036,0.9992227554,1.0000501477,1.0000501477,8965555313
2024-03-23,0.999994266,1.000758943,0.9996254738,1.0001982018,1.0001982018,5054824899
2024-03-24,1.0002549971,1.0011247563,0.9997346872,1.0001483332,1.0001483332,5296441294
2024-03-25,1.0000920557,1.0011941533,0.9988471737,0.9999152557,0.9999152557,8257351260
2024-03-26,0.999906978,1.0004018234,0.9989383194,1.000057309,1.000057309,8407213538
2024-03-27,1.0000075052,1.0008202939,0.9994846635,1.000078126,1.000078126,10072829600
2024-03-28,1.000071606,1.0007982966,0.9995464395,1.0000270952,1.0000270952,8026263655
2024-03-29,1.0000701572,1.0004452144,0.9993821047,0.99988026,0.99988026,7136644890
2024-03-30,0.9998884052,1.0003620499,0.9994375851,0.9999579295,0.9999579295,5877790949
2024-03-31,0.9999853655,1.0008947682,0.9996530661,0.9999984528,0.9999984528,5561724629
2024-04-01,0.9999740155,1.0012768787,0.9996861422,1.0000476276,1.0000476276,9035171770
2024-04-02,1.0000587074,1.0005353948,0.9989891584,0.999995935,0.999995935,12493890476
2024-04-03,1.0000047034,1.0004724684,0.9993459834,0.9999981075,0.9999981075,9728672985
2024-04-04,0.9999545955,1.0002727061,0.9990826641,1.0000403588,1.0000403588,12034799564
2024-04-05,1.0000278721,1.0006169741,0.9993363005,0.9998554178,0.9998554178,13790745235
2024-04-06,0.9998894588,1.0003064306,0.9995358734,1.0000555973,1.0000555973,8021149275
2024-04-07,1.0000712357,1.0002927058,0.9993797229,0.9999214138,0.9999214138,4713439433
2024-04-08,0.9999504833,1.0010323443,0.999390344,1.0002104987,1.0002104987,8121148241
2024-04-09,1.0002739702,1.0008646295,0.9995225939,0.9999925557,0.9999925557,7949691378
2024-04-10,0.9999839796,1.0010622481,0.9994423567,1.0001638158,1.0001638158,7603456293
2024-04-11,1.000028461,1.001080637,0.9994171809,1.0003136245,1.0003136245,7223448243
2024-04-12,1.000325039,1.001660231,0.9992186318,0.9999615182,0.9999615182,10539883881
2024-04-13,0.9999375893,1.0017303731,0.9989704506,0.9999401521,0.9999401521,12008147392
2024-04-14,1.0000138645,1.0011998008,0.9990865955,1.0002906447,1.0002906447,10996382552
2024-04-15,1.0003060494,1.0010190271,0.9992663625,1.0001557327,1.0001557327,9899289273
2024-04-16,1.0000982341,1.0011650568,0.9994628796,1.0000006961,1.0000006961,9306979016
2024-04-17,1.0000654357,1.0011024264,0.9993688672,1.0000033643,1.0000033643,8797320706
2024-04-18,0.9999970286,1.0011722886,0.9994376924,1.0001622264,1.0001622264,8537096534
2024-04-19,1.000148921,1.000883121,0.9995392062,1.000090191,1.000090191,11026707590
2024-04-20,1.000215551,1.0009599974,0.9996635569,1.0000594483,1.0000594483,5172051416
2024-04-21,1.0000410035,1.0008843819,0.9996044302,1.0000065447,1.0000065447,4622993536
2024-04-22,1.0000842749,1.0009961462,0.9995709388,1.0000503786,1.0000503786,7099413055
2024-04-23,1.0000372175,1.0008406172,0.9996793285,0.9999980237,0.9999980237,5682840288
2024-04-24,0.9999914805,1.00105124,0.9995908122,1.0004522007,1.0004522007,7285867078
2024-04-25,1.0002552716,1.0011498697,0.9995797341,1.0000010778,1.0000010778,7296808841
2024-04-26,1.0000486203,1.001212124,0.9996232566,1.0000761798,1.0000761798,6238863810
2024-04-27,0.9999987318,1.0013093367,0.9996420574,1.0000338325,1.0000338325,4837869303
2024-04-28,1.0000342974,1.0009451344,0.9996348317,1.0000637166,1.0000637166,4003587751
2024-04-29,1.0000697706,1.0011695322,0.9996740509,1.0000106231,1.0000106231,6353850718
2024-04-30,1.00000376,1.0013459836,0.9993326779,0.9999357372,0.9999357372,8551034898
2024-05-01,0.9999140563,1.0013615189,0.9994362879,0.9999663263,0.9999663263,9451759014
2024-05-02,0.9999638513,1.001535936,0.9997146116,1.0001016995,1.0001016995,7331043686
2024-05-03,1.0000963223,1.0017250928,0.9996167132,1.0001711298,1.0001711298,7138386537
2024-05-04,1.0001942577,1.0012894968,0.9996477968,1.0000923156,1.0000923156,5593446561
2024-05-05,1.0001004433,1.0011628468,0.9995612126,1.0002257237,1.0002257237,4318363603
2024-05-06,1.0002974327,1.0013529065,0.9996563061,1.0000179013,1.0000179013,6005322108
2024-05-07,1.0000274259,1.0011223627,0.9996923812,0.9998499447,0.9998499447,5575954842
2024-05-08,0.9998070893,1.0014452048,0.9996029651,0.9999106883,0.9999106883,5502550653
2024-05-09,0.9999427593,1.0010452374,0.9996239981,1.0000675522,1.0000675522,5118793775
2024-05-10,1.000113889,1.0024673158,0.9997066726,1.0001022191,1.0001022191,5916392041
2024-05-11,1.0001170639,1.0009355187,0.9997178343,0.9999649846,0.9999649846,3228859416
2024-05-12,0.9999656543,1.000814018,0.9996827827,1.0000267816,1.0000267816,2560805182
2024-05-13,1.0000232823,1.0015741441,0.9994331006,1.0000227207,1.0000227207,5504768753
2024-05-14,1.0000101031,1.0014935107,0.9996507264,1.0001042258,1.0001042258,5790525927
2024-05-15,1.0001264387,1.0010161224,0.9997288909,1.0001275509,1.0001275509,8085028154
2024-05-16,1.0000758311,1.0009326636,0.9996076849,0.9999712857,0.9999712857,6684369918
2024-05-17,0.9999785797,1.001026659,0.9997113072,1.0000178004,1.0000178004,6590780561
2024-05-18,1.000163762,1.0008075605,0.9995134806,1.0000822793,1.0000822793,3748984171
2024-05-19,1.0000439973,1.0009355428,0.9994851888,0.9999527493,0.9999527493,3531934053
2024-05-20,0.9999710917,1.0009147536,0.9994785378,0.9999025206,0.9999025206,9745625023
2024-05-21,0.9998601815,1.0007150926,0.9993720029,1.0000388133,1.0000388133,10821965697
2024-05-22,1.0000219116,1.0007249494,0.9994973846,0.9998613185,0.9998613185,7995414894
2024-05-23,0.999845356,1.0015743228,0.9993192164,1.000082268,1.000082268,10711191548
2024-05-24,1.0000780617,1.0009318353,0.9996249571,1.0000798296,1.0000798296,6974788144
2024-05-25,1.0000774093,1.0007906645,0.9997202906,0.9999142079,0.9999142079,2916318920
2024-05-26,0.999900643,1.0008550393,0.9997238072,0.999953305,0.999953305,4006530902
2024-05-27,0.9999463723,1.0010052151,0.9997077321,1.0000326122,1.0000326122,5846002184
2024-05-28,1.0000328191,1.001149981,0.9997277803,0.9999975183,0.9999975183,7130885149
2024-05-29,0.9999876818,1.0012144563,0.999699036,1.0000476514,1.0000476514,6200045453
2024-05-30,0.999957021,1.0010193603,0.9997008379,0.9999911147,0.9999911147,6596463941
2024-05-31,0.999982662,1.0012712868,0.9995194424,1.0000895375,1.0000895375,6257893920
2024-06-01,1.0000918336,1.0008347523,0.9998077605,1.000030691,1.000030691,2558109472
2024-06-02,1.0000471027,1.0006948933,0.9997831593,0.9999087583,0.9999087583,3180459748
2024-06-03,0.9999570187,1.0010350437,0.9995880234,0.9999638813,0.9999638813,5759511394
2024-06-04,1.0000174889,1.0010278166,0.9997504033,1.0001160703,1.0001160703,6054685985
2024-06-05,1.0001287204,1.0004535999,0.9995783576,1.0000323278,1.0000323278,6274992543
2024-06-06,1.0000326471,1.0006966322,0.9996425361,0.9998240494,0.9998240494,5526353581
2024-06-07,0.9998824383,1.0010008437,0.999669368,1.0000925593,1.0000925593,7530255040
2024-06-08,0.9999739086,1.0004899388,0.9998196003,1.0000155608,1.0000155608,3059267864
2024-06-09,0.9999718353,1.0003021875,0.9998065143,0.9999518821,0.9999518821,2509473567
2024-06-10,0.9999605574,1.0002627844,0.9997572005,0.9999349635,0.9999349635,4910419104
2024-06-11,0.9999637312,1.0005417732,0.9997387982,1.0000819988,1.0000819988,6723356948
2024-06-12,1.0000266103,1.0003674181,0.9997432095,0.9999737075,0.9999737075,6871867010
2024-06-13,1.0001018156,1.0004595748,0.9995986214,0.9999841292,0.9999841292,5971089832
2024-06-14,1.000053853,1.0007600569,0.9997717948,0.9999264637,0.9999264637,6091367068
2024-06-15,0.9999908924,1.0004845071,0.9997792814,1.0000820069,1.0000820069,2755427647
2024-06-16,1.0000446123,1.0006612788,0.9998155947,0.9999700039,0.9999700039,2632098818
2024-06-17,1.0000302941,1.0007081092,0.9997454159,1.0000589849,1.0000589849,5844947783
2024-06-18,1.0000519285,1.0015540527,0.9996861503,1.0000289122,1.0000289122,7136467512
2024-06-19,1.0000175015,1.0007266271,0.9997339051,1.0001004398,1.0001004398,4457463559
2024-06-20,1.0001004398,1.0006823175,0.9997437498,1.0000480859,1.0000480859,5213531694
2024-06-21,1.0000618743,1.0008318033,0.9997549109,1.0000339286,1.0000339286,5778982985
2024-06-22,0.9999803785,1.0006862593,0.9997820531,1.0000017806,1.0000017806,2459845315
2024-06-23,1.0000910092,1.0004395341,0.9997548408,0.9999482128,0.9999482128,2542629622
2024-06-24,0.9999778341,1.0008218194,0.9995470058,1.0000515243,1.0000515243,8141512257
2024-06-25,1.0000198875,1.0007946103,0.9997941706,1.0000171013,1.0000171013,5991607536
2024-06-26,0.9999574422,1.000728183,0.999648495,0.9998228495,0.9998228495,4964437157
2024-06-27,0.9998619238,1.0005670769,0.9996241753,0.99980703,0.99980703,5254114011
2024-06-28,0.9998891406,1.000746329,0.9996561748,1.0000367847,1.0000367847,5731112290
2024-06-29,0.9999322042,1.0003665133,0.9996787061,0.999815547,0.999815547,2662005047
2024-06-30,0.9998100601,1.0005507932,0.9996307101,0.9999329053,0.9999329053,3501717888
2024-07-01,0.9999015859,1.000772016,0.9997369557,0.9999450409,0.9999450409,4714986074
2024-07-02,0.9999469644,1.0005795897,0.9997316226,0.9998804973,0.9998804973,4088170748
2024-07-03,0.9998991271,1.0007846862,0.9997380265,0.9999035412,0.9999035412,5941703427
2024-07-04,0.9999268386,1.0009716403,0.999483086,0.9999261377,0.9999261377,7220316786
2024-07-05,1.0000673866,1.0009869192,0.9996290214,1.0000076608,1.0000076608,10285011034
2024-07-06,1.0000908643,1.000650224,0.9997396954,0.9999364018,0.9999364018,3574500456
2024-07-07,1.0000177684,1.0006086024,0.9997399488,0.9999017341,0.9999017341,3667249702
2024-07-08,0.9998425651,1.001681989,0.9994904439,0.9999234801,0.9999234801,8124831163
2024-07-09,0.9999644151,1.0010207013,0.9997601637,0.9999724738,0.9999724738,5416525622
2024-07-10,0.9999994646,1.0008639843,0.9997495588,0.9999389408,0.9999389408,5380030813
2024-07-11,1.0000445996,1.0009651304,0.9997677754,0.9999941178,0.9999941178,6096076403
2024-07-12,0.9999792055,1.0008290038,0.9997664137,0.9999971893,0.9999971893,5327947652
2024-07-13,1.0001274493,1.0007878677,0.9997750687,1.0001154399,1.0001154399,3212398138
2024-07-14,1.0000046215,1.0010243566,0.999748102,0.9999440089,0.9999440089,4256989618
2024-07-15,1.0000667619,1.0009897033,0.9996774261,1.0000654269,1.0000654269,7433084707
2024-07-16,1.0000587668,1.0008428835,0.9997249848,1.0001408488,1.0001408488,7796844852
2024-07-17,1.0002138064,1.000952315,0.9997237335,1.0000845992,1.0000845992,6728358080
2024-07-18,1.0001077378,1.0014027504,0.999688281,0.9999390191,0.9999390191,5968408600
2024-07-19,0.9998859736,1.0011740829,0.9996548395,0.9999960498,0.9999960498,7526347950
2024-07-20,0.999991891,1.000859074,0.9996276322,1.0000519591,1.0000519591,3884141780
2024-07-21,1.0000500799,1.0010452258,0.9996028318,1.0000252902,1.0000252902,5265680633
2024-07-22,1.0000258819,1.0008299685,0.9996464589,1.0000278819,1.0000278819,5765488048
2024-07-23,0.9999803668,1.0010931482,0.9993536827,0.9999515573,0.9999515573,8082893148
2024-07-24,0.9999714516,1.0012167859,0.9995783613,0.999865522,0.999865522,5549791333
2024-07-25,0.9999038205,1.0011540584,0.9995702693,1.0000138238,1.0000138238,7654250854
2024-07-26,0.999942814,1.0010726049,0.9995912171,1.0001792699,1.0001792699,5793637323
2024-07-27,1.0001806307,1.0012820603,0.9993814333,1.0000548371,1.0000548371,5532713251
2024-07-28,0.9999986691,1.0010007478,0.9997276062,0.9999063794,0.9999063794,3031560130
2024-07-29,0.9999186427,1.0010632611,0.9996546204,0.9999644993,0.9999644993,6797227757
2024-07-30,0.9999466305,1.0010275656,0.9996104861,1.0000015686,1.0000015686,5332646102
2024-07-31,1.0000060726,1.0011089203,0.9996761076,1.0000357248,1.0000357248,5968875897
2024-08-01,1.0000259705,1.0013215567,0.9996373138,1.0000038338,1.0000038338,7390211553
2024-08-02,0.9999757975,1.001116224,0.9994907285,0.9998842608,0.9998842608,8383547954
2024-08-03,0.9998798774,1.0013157845,0.9996356589,1.0000569717,1.0000569717,5917141670
2024-08-04,0.9999347801,1.0017379702,0.9995803278,0.9999711301,0.9999711301,6455293009
2024-08-05,0.9999251669,1.0019099545,0.9988326955,1.0000165762,1.0000165762,24826261611
2024-08-06,1.0000421396,1.0014979684,0.9993862987,1.000157173,1.000157173,10057433619
2024-08-07,0.9999766955,1.001340825,0.999405126,1.0000517545,1.0000517545,9172640907
2024-08-08,0.9998884222,1.001600947,0.9987496656,0.9999264323,0.9999264323,8609634275
2024-08-09,0.9999309481,1.0011972866,0.9995321493,1.0001721844,1.0001721844,6203173859
2024-08-10,1.0001736321,1.0012037748,0.9996379605,0.9999585613,0.9999585613,2840668190
2024-08-11,0.9999412773,1.0012320331,0.9995230557,0.9998440008,0.9998440008,4241023138
2024-08-12,0.9998577199,1.0012755632,0.9995280394,0.9999213974,0.9999213974,7736713766
2024-08-13,0.9999429518,1.0012011108,0.9992443658,0.99989811,0.99989811,5704692463
2024-08-14,0.9999265927,1.0012195935,0.9994653488,0.9999812123,0.9999812123,6330884911
2024-08-15,0.9999677515,1.0012896343,0.9994158572,1.0000933029,1.0000933029,7187161595
2024-08-16,1.0000867441,1.0011515013,0.99941585,0.9999629038,0.9999629038,5554835179
2024-08-17,0.9999548458,1.0007595302,0.9996372805,1.0000020381,1.0000020381,2312459420
2024-08-18,0.9998695206,1.0010116949,0.9995942996,1.0004768332,1.0004768332,3106041184
2024-08-19,1.0002432708,1.0013527576,0.9993231984,1.0001667944,1.0001667944,4852810943
2024-08-20,1.0001667999,1.0010700828,0.9994589591,0.9999575318,0.9999575318,5325316305
2024-08-21,0.999983181,1.0011548186,0.9993261772,1.0000175539,1.0000175539,5665095199
2024-08-22,0.9998918556,1.0010993884,0.9995109777,0.9999807256,0.9999807256,4782782342
2024-08-23,0.9999675848,1.0011256346,0.99951803,0.9999995349,0.9999995349,8562443281
2024-08-24,1.0000084785,1.000908615,0.999640603,0.9999472373,0.9999472373,4057904148
2024-08-25,0.9999371325,1.0008548394,0.9995346835,1.0000367191,1.0000367191,3777049671
2024-08-26,0.9999579183,1.0011482823,0.9996263172,0.999918759,0.999918759,5394349814
2024-08-27,0.9998787044,1.0017363006,0.9994595135,1.0000268063,1.0000268063,6943030162
2024-08-28,1.000000605,1.0014460416,0.9992495773,0.9999187492,0.9999187492,7652368988
2024-08-29,0.9999264709,1.0020380527,0.9996486743,0.9999629853,0.9999629853,6251270493
2024-08-30,0.9999401202,1.0012655098,0.9992801253,0.9999716187,0.9999716187,6018973038
2024-08-31,1.0000033887,1.0006206102,0.9996656462,0.9999719405,0.9999719405,1982580539
2024-09-01,0.9999662476,1.0012399178,0.9993408236,0.9999925326,0.9999925326,3944521735
2024-09-02,1.0000128357,1.0012027703,0.9995809066,0.9999326265,0.9999326265,4433901472
2024-09-03,0.999905852,1.0009042719,0.9996959406,0.9999978391,0.9999978391,4872467519
2024-09-04,0.9999844551,1.0012537074,0.9995470412,1.0000148155,1.0000148155,6477656833
2024-09-05,1.0000170683,1.0012089911,0.999540192,1.0000418935,1.0000418935,5761221107
2024-09-06,0.9999693783,1.0012849503,0.9994818735,1.0000557809,1.0000557809,10002129981
2024-09-07,1.0000879567,1.0009732666,0.9996906524,0.9999681637,0.9999681637,3252565092
2024-09-08,1.0000315554,1.0012793457,0.9996654425,0.9999119026,0.9999119026,3426790820
2024-09-09,1.0000538352,1.0011301258,0.9995975684,0.9999124297,0.9999124297,6525561297
2024-09-10,0.9999206253,1.0010710182,0.9994792828,0.9999069678,0.9999069678,4970979431
2024-09-11,0.9999291023,1.0012100281,0.9993092115,0.9999561367,0.9999561367,6194531532
2024-09-12,0.9999562417,1.0014641032,0.9992834297,1.0000132989,1.0000132989,5583428255
2024-09-13,1.0000464066,1.0013126132,0.9993009311,1.000170517,1.000170517,5979995702
2024-09-14,1.000092693,1.0006248522,0.9995839222,0.9998924732,0.9998924732,3141619292
2024-09-15,0.9998263668,1.0006542177,0.9996473478,1.0000503864,1.0000503864,3316385139
2024-09-16,0.9999967836,1.0010553743,0.9993264862,0.9999421187,0.9999421187,6009825679
2024-09-17,0.9999420474,1.0014693217,0.9995160489,0.9998470936,0.9998470936,6832779460
2024-09-18,0.9998537989,1.0012594111,0.9995266098,0.9998099633,0.9998099633,6960600328
2024-09-19,0.9998136365,1.0010439908,0.9994501777,0.9999452165,0.9999452165,7071100441
2024-09-20,0.9999580338,1.0011264047,0.9994940429,1.0000149952,1.0000149952,6050168399
2024-09-21,0.999882696,1.0009161939,0.9997872124,1.0001514236,1.0001514236,2570745139
2024-09-22,1.0002185929,1.0012093796,0.9996451775,1.000020074,1.000020074,3722435881
2024-09-23,1.0000256231,1.0012956658,0.9996949028,1.0000452207,1.0000452207,6075070143
2024-09-24,1.0000110208,1.0009737354,0.9992383502,0.999927369,0.999927369,6354408025
2024-09-25,0.9999188238,1.001002632,0.999653866,0.999988359,0.999988359,5027597589
2024-09-26,0.9999152938,1.0010140828,0.9994133541,1.0000945562,1.0000945562,6835010999
2024-09-27,1.0000996269,1.0010235787,0.9995458707,0.9999305316,0.9999305316,5842305183
2024-09-28,0.9999816373,1.0008666562,0.9996496401,0.9999665542,0.9999665542,2872721698
2024-09-29,0.9999859381,1.0008188712,0.9996808711,0.9998990875,0.9998990875,3054087540
2024-09-30,0.9998933869,1.0008988677,0.9993408355,0.9999452548,0.9999452548,6665769413
2024-10-01,0.999995439,1.0013603207,0.9994955779,0.9999583834,0.9999583834,10848900888
2024-10-02,0.9999497597,1.0012088228,0.9995928372,0.9999686424,0.9999686424,6994868258
2024-10-03,0.9999637817,1.0013313299,0.9995995663,1.0000537418,1.0000537418,6648292023
2024-10-04,1.0000094204,1.0013277291,0.9996597629,1.0000887065,1.0000887065,6045872517
2024-10-05,1.0000888461,1.0006847434,0.9997578814,0.9999845341,0.9999845341,2483346552
2024-10-06,0.9999771908,1.000776238,0.999587999,0.9999388067,0.9999388067,2566380267
2024-10-07,0.9999130206,1.0010679522,0.999486584,1.0001145504,1.0001145504,6657443142
2024-10-08,0.9999765959,1.0011374593,0.9994897917,0.9999277843,0.9999277843,6015193014
2024-10-09,0.9999294755,1.000844022,0.9994869626,0.9998403549,0.9998403549,5488861733
2024-10-10,0.9998380786,1.0010761895,0.9995032128,1.0000051163,1.0000051163,5487546707
2024-10-11,1.0000198925,1.0007453363,0.9996025873,0.9998785377,0.9998785377,5062260065
2024-10-12,0.9998722879,1.0006364125,0.9996649671,0.999925053,0.999925053,2688400173
2024-10-13,0.9999235716,1.0006324909,0.9995426625,0.9998000183,0.9998000183,2864489654
2024-10-14,0.9997952458,1.0007192358,0.9985773444,0.9997679777,0.9997679777,7287349529
2024-10-15,0.9997752776,1.0009908525,0.9994188887,0.9999091945,0.9999091945,8158392140
2024-10-16,0.9999006273,1.0009871304,0.9994771766,0.9998449261,0.9998449261,6696380074
2024-10-17,0.9999002524,1.0006973867,0.9994853382,0.9998647884,0.9998647884,5414632057
2024-10-18,0.9999236991,1.0007448464,0.9994502972,0.9999196114,0.9999196114,6032177392
2024-10-19,0.9999220817,1.0001499181,0.9994693237,0.9999759149,0.9999759149,2433012234
2024-10-20,0.9999927493,1.0003998775,0.9994766617,0.9999072968,0.9999072968,3407729614
2024-10-21,0.9998950603,1.0008056851,0.9995459998,0.9999089708,0.9999089708,6942827868
2024-10-22,1.0000157189,1.0007525516,0.999382771,0.9998501326,0.9998501326,6299084767
2024-10-23,0.999809501,1.0007264316,0.9994290117,0.9999881759,0.9999881759,7180272273
2024-10-24,0.999930199,1.0005916066,0.9994466379,1.0000023421,1.0000023421,6751752975
2024-10-25,1.0000237049,1.0010294136,0.9993669618,0.9998230262,0.9998230262,10349261606
2024-10-26,0.9996277768,1.0012391443,0.999487637,0.9998294912,0.9998294912,4501871708
2024-10-27,0.999939032,1.0005810257,0.9995144682,0.9999573173,0.9999573173,3435115036
2024-10-28,0.999890877,1.0008076231,0.9995077175,0.999855051,0.999855051,7852957302
2024-10-29,0.999881064,1.000667196,0.9992425066,0.999934322,0.999934322,9596165797
2024-10-30,0.9999244079,1.0007873026,0.9990282253,0.9998323457,0.9998323457,7228206285
2024-10-31,0.9997848832,1.0009183592,0.9994034507,1.0000117824,1.0000117824,8076588759
2024-11-01,1.000052547,1.0008991249,0.9993629488,0.999848081,0.999848081,9015564727
2024-11-02,0.9999147578,1.0007961985,0.9997211021,0.9999739425,0.9999739425,3452412889
2024-11-03,0.9999978701,1.0009926611,0.9996635475,0.9999055181,0.9999055181,5813342971
2024-11-04,0.9999750955,1.0012181335,0.9995016729,1.0001819403,1.0001819403,7276116614
2024-11-05,1.0001708149,1.0010090818,0.9997236442,1.0000373032,1.0000373032,7134708417
2024-11-06,1.0000390392,1.00120473,0.9989021182,0.9999771376,0.9999771376,18761282529
2024-11-07,0.9999687203,1.0003763036,0.9988094852,0.9999759378,0.9999759378,11496612662
2024-11-08,0.9999740836,1.000374343,0.9990331225,0.9996537688,0.9996537688,9887580646
2024-11-09,0.9997894972,1.0001523434,0.9991490293,0.9999182097,0.9999182097,5656279369
2024-11-10,0.9999186856,1.000354656,0.998762017,0.9999939774,0.9999939774,12234527657
2024-11-11,1.0000480486,1.0004580371,0.9988662755,0.9997779204,0.9997779204,17333067299
2024-11-12,0.9998045725,1.0005239735,0.9981879116,1.0000614712,1.0000614712,19965628237
2024-11-13,1.0000102981,1.0006902353,0.9986500496,1.0000429089,1.0000429089,19408804164
2024-11-14,0.9999985539,1.0004246731,0.9990454478,0.9999292886,0.9999292886,14655228620
2024-11-15,0.9998719664,1.000673247,0.9994733936,0.9998283393,0.9998283393,11937522034
2024-11-16,0.9999622092,1.0002231146,0.9993889191,0.9997378918,0.9997378918,6860911415
2024-11-17,0.9997549093,1.000567391,0.9993415757,1.0000443429,1.0000443429,8340439536
2024-11-18,1.0000587621,1.0008086746,0.9996050918,0.9999693318,0.9999693318,11308072958
2024-11-19,0.9999643184,1.0005149735,0.9991834313,1.0000337037,1.0000337037,10786686009
2024-11-20,1.0000310238,1.0003828661,0.9989913426,0.9998986387,0.9998986387,11034592309
2024-11-21,0.9998877009,1.0003665197,0.9988792188,0.9999469669,0.9999469669,14804992372
2024-11-22,0.99993794,1.0003862171,0.9987812255,1.0000245107,1.0000245107,12996186019
2024-11-23,1.0000177336,1.000434139,0.9991600276,0.9999547822,0.9999547822,9667189128
2024-11-24,0.9999841419,1.0002827177,0.9988687225,0.9998115177,0.9998115177,8372990053
2024-11-25,1.0000234865,1.0009202051,0.9985775356,0.9999849835,0.9999849835,13994888761
2024-11-26,0.9999349802,1.001118388,0.999312798,1.0000916289,1.0000916289,13492395639
2024-11-27,1.0000233974,1.0011160896,0.9995003392,0.9999699986,0.9999699986,11875242690
2024-11-28,0.999892668,1.0007037564,0.9995231975,1.0000307173,1.0000307173,8182163025
2024-11-29,1.0000456636,1.0010311811,0.9997081241,0.999869108,0.999869108,9445741613
2024-11-30,0.9999253872,1.0005820985,0.9996447289,1.0000581007,1.0000581007,6674129328
2024-12-01,1.0001727531,1.0005827489,0.9996951268,0.9999920543,0.9999920543,7199615705
2024-12-02,1.0000143345,1.0008602068,0.9995928052,0.9999560848,0.9999560848,13993252120
2024-12-03,0.9998934858,1.0010205143,0.9995661648,1.0002594339,1.0002594339,12588468097
2024-12-04,1.0000821225,1.0008171562,0.9992682273,0.9998703413,0.9998703413,14566231354
2024-12-05,1.0000009147,1.0006423928,0.9981668461,1.0002400576,1.0002400576,21397586720
2024-12-06,0.9999154899,1.0004211103,0.9990716365,0.9998431706,0.9998431706,14138620427
2024-12-07,0.9998768562,1.0002696507,0.9991508318,0.9999593302,0.9999593302,6778500949
2024-12-08,0.9998694273,1.0004679342,0.9996767383,1.0001339138,1.0001339138,6377521647
2024-12-09,1.0000106756,1.0015745977,0.9988123375,0.9999596699,0.9999596699,17356499121
2024-12-10,0.9999980917,1.0007056907,0.9995526766,1.0000091314,1.0000091314,16205054595
2024-12-11,1.0000226263,1.0007172138,0.9991928695,0.9997627948,0.9997627948,11895234521
2024-12-12,0.9997548322,1.0003240609,0.9987246079,0.9999146497,0.9999146497,12062083208
2024-12-13,0.9998880319,1.0004488854,0.9993562844,0.9998874991,0.9998874991,9114211832
2024-12-14,0.9998420202,1.0002118826,0.9992509351,0.9997208636,0.9997208636,6251462807
2024-12-15,0.9997258669,1.0002818834,0.9995017075,0.9997290851,0.9997290851,7231351889
2024-12-16,0.999665392,1.0003291301,0.9990004149,0.9997760126,0.9997760126,12630474818
2024-12-17,0.9998501428,1.0002292654,0.9986395196,0.9999197482,0.9999197482,11318307939
2024-12-18,0.9999630476,1.0003725385,0.9981645867,1.0000068635,1.0000068635,13913234580
2024-12-19,0.9999783704,1.0015772532,0.9987116899,1.0001250847,1.0001250847,13783077258
2024-12-20,1.0001275481,1.0013766947,0.9994339367,1.0000362713,1.0000362713,14518266682
2024-12-21,1.0000431578,1.0009769241,0.9995739855,1.0000019142,1.0000019142,7762954179
2024-12-22,0.9999907206,1.0009105844,0.9995645469,1.0000053913,1.0000053913,6004278873
2024-12-23,0.9999917019,1.0012076034,0.9991890226,1.0000174626,1.0000174626,9456995473
2024-12-24,1.0000040841,1.0008886138,0.9996440151,1.0000067984,1.0000067984,7328436637
2024-12-25,1.000002161,1.0012389567,0.9996273695,1.0000073079,1.0000073079,4968406014
2024-12-26,1.0000398219,1.0012332563,0.9996546326,0.9998893529,0.9998893529,6293907750
2024-12-27,0.9999847042,1.0011552626,0.9994908865,1.0000504731,1.0000504731,7058593949
2024-12-28,1.0000648474,1.0007331943,0.9995833879,1.0000406045,1.0000406045,4275867712
2024-12-29,1.0000084494,1.0010046408,0.9997349684,0.999976314,0.999976314,4676908159
2024-12-30,1.0000725786,1.0010052473,0.9995629481,0.9998783203,0.9998783203,8198256021
2024-12-31,0.9998787204,1.0010384564,0.9996396653,0.9999822075,0.9999822075,6536628101
2025-01-01,0.9999692493,1.0007057227,0.9996266614,0.9999450839,0.9999450839,4814331123
2025-01-02,0.999925398,1.0012760621,0.9996239233,1.0000383061,1.0000383061,7015734565
2025-01-03,0.99995988,1.0009153906,0.9997244969,0.9998905305,0.9998905305,7108083150
2025-01-04,0.9999180834,1.0006105083,0.9997491162,1.0002087128,1.0002087128,4779945985
2025-01-05,1.0002086593,1.0007314783,0.9997054355,1.0000622505,1.0000622505,3837973655
2025-01-06,1.0000617911,1.0007736799,0.9995198486,0.9999656576,0.9999656576,7731799916
2025-01-07,0.9998978638,1.0007628533,0.999579667,1.0001093264,1.0001093264,9456450545
2025-01-08,1.0001189324,1.0012004569,0.9994863985,0.9999841899,0.9999841899,9359722628
2025-01-09,1.0000081097,1.001489069,0.9995886923,1.0000183102,1.0000183102,8459464210
2025-01-10,1.0000429924,1.0014016813,0.999331172,1.0000761816,1.0000761816,7843222136
2025-01-11,0.9999527366,1.0008861551,0.9996854775,0.9999520441,0.9999520441,3760069434
2025-01-12,0.9999671031,1.0007676732,0.9995192211,0.9999673667,0.9999673667,3330316049
2025-01-13,0.9999696252,1.0015724808,0.9995510165,0.9999636547,0.9999636547,9931508302
2025-01-14,1.0000558642,1.0011492459,0.9995538538,1.0001332532,1.0001332532,6762370105
2025-01-15,1.0001332718,1.0010888922,0.9990726021,0.9998901719,0.9998901719,8920524801
2025-01-16,0.999899773,1.0004498212,0.9992685943,1.0000097814,1.0000097814,8642062676
2025-01-17,0.9999917095,1.000422235,0.9989948342,0.9999291988,0.9999291988,9993616896
2025-01-18,0.9999336691,1.0006588358,0.9992984083,1.0000331259,1.0000331259,20031244124
2025-01-19,0.9999720343,1.0022949336,0.99955127,1.0005192132,1.0005192132,25940426522
2025-01-20,1.0004735875,1.0017319754,0.9991241707,1.0001074038,1.0001074038,26853357037
2025-01-21,0.9999563192,1.0010829085,0.9993299131,0.9998759182,0.9998759182,14830922157
2025-01-22,0.9998122948,1.0007421694,0.9995433394,0.9999739435,0.9999739435,10044372261
2025-01-23,0.9999784543,1.0005925434,0.9993574026,0.9999649785,0.9999649785,21214955925
2025-01-24,1.0000049534,1.0003335685,0.9993257298,0.9999186242,0.9999186242,10239429179
2025-01-25,0.9999619351,1.0003680235,0.9994191942,0.9999892533,0.9999892533,6639518364
2025-01-26,0.9999856126,1.0005679002,0.999630363,0.9999810953,0.9999810953,6265241677
2025-01-27,1.0000744956,1.0013214844,0.9994699423,1.0000665138,1.0000665138,14155994278
2025-01-28,1.0001141586,1.0011600548,0.9994340765,1.0001793137,1.0001793137,8727690529
2025-01-29,0.9999513973,1.0008703637,0.9995345954,1.000047595,1.000047595,8752826477
2025-01-30,1.0000522681,1.0009257505,0.9995581808,1.0000010773,1.0000010773,7862432550
2025-01-31,1.0000009521,1.000788565,0.9995702812,1.0001298108,1.0001298108,8846936448
2025-02-01,1.0000892483,1.0010125972,0.9994802731,1.0000270711,1.0000270711,6185622117
2025-02-02,1.0001149855,1.0008545525,0.9987600966,0.9999416003,0.9999416003,11920276473
2025-02-03,0.9998708599,1.001637635,0.9983317351,0.9999404591,0.9999404591,25631139115
2025-02-04,0.9999162869,1.00059527,0.9986838636,0.999902482,0.999902482,13781033980
2025-02-05,0.9998720348,1.000985974,0.9991238026,1.000059509,1.000059509,9168611887
2025-02-06,1.0000084167,1.0015374847,0.9995911893,1.0000570299,1.0000570299,9168007548
2025-02-07,0.9999249929,1.0008424056,0.999382499,1.000107139,1.000107139,9658671792
2025-02-08,1.0001540731,1.0008381513,0.9996676473,1.0000891057,1.0000891057,4752901210
2025-02-09,1.0001021683,1.0013756432,0.9995934599,1.0000267493,1.0000267493,5561659216
2025-02-10,1.0000287092,1.0010370926,0.9994737441,0.9999390494,0.9999390494,7290485956
2025-02-11,0.9999309234,1.0011457487,0.9996024959,0.9999459985,0.9999459985,7590822419
2025-02-12,0.9999360178,1.0018575578,0.9994293262,1.0000398646,1.0000398646,9290154331
2025-02-13,1.0000823569,1.0011006684,0.9991197555,1.0000296771,1.0000296771,7971520510
2025-02-14,1.0000588316,1.001085487,0.9994544112,0.9999298366,0.9999298366,8868475735
2025-02-15,0.9999215887,1.0003468193,0.9997585123,0.9999628428,0.9999628428,4631171038
2025-02-16,0.9999919383,1.000635316,0.9997114224,0.9999469441,0.9999469441,4310300996
2025-02-17,1.0000152302,1.0010255122,0.9996493143,0.9999588877,0.9999588877,6994398261
2025-02-18,0.9999635032,1.0010404267,0.9993048425,0.9998214275,0.9998214275,8525503716
2025-02-19,0.9998104315,1.0008916924,0.9995930204,0.9999345378,0.9999345378,6140029876
2025-02-20,0.9999481766,1.0006770727,0.9995448522,0.9999821722,0.9999821722,7453422390
2025-02-21,0.9999868179,1.0009592889,0.9993318751,1.000116858,1.000116858,10738574137
2025-02-22,1.0002167573,1.0007552575,0.9997491986,1.0001334983,1.0001334983,5462121672
2025-02-23,1.0001338849,1.0008864882,0.9996583392,1.0000437138,1.0000437138,5105617640
2025-02-24,1.0000391116,1.0013008694,0.9993855299,0.9998038427,0.9998038427,10369215725
2025-02-25,0.99983242,1.0017661743,0.9990034569,0.9999932314,0.9999932314,16057418626
2025-02-26,0.9999338238,1.0011354027,0.9991686598,0.9999149773,0.9999149773,11546719465
2025-02-27,0.9999161889,1.0012822933,0.9994407824,0.9998184832,0.9998184832,9719464108
2025-02-28,0.9997663161,1.0016647625,0.9991272533,0.9998782029,0.9998782029,14081466100
2025-03-01,0.9999047286,1.0012122978,0.9994887626,0.9997811345,0.9997811345,5501083056
2025-03-02,0.9998174352,1.0026004005,0.9995341238,1.0000275992,1.0000275992,13210357333
2025-03-03,1.0000047532,1.0026969528,0.9992482129,0.9998659644,0.9998659644,13808944206
2025-03-04,0.9998583762,1.0021275312,0.9992306594,0.9998530281,0.9998530281,14008589283
2025-03-05,0.9999005574,1.0013831831,0.9988208746,0.9999965841,0.9999965841,9271446360
2025-03-06,0.9999756161,1.0015819348,0.9993500037,1.0001033401,1.0001033401,9861139718
2025-03-07,1.000117898,1.0019104429,0.9990045962,0.9998267452,0.9998267452,12032728232
2025-03-08,0.9999116096,1.0014588953,0.999482517,0.9999279747,0.9999279747,4127743059
2025-03-09,0.9999522795,1.001286705,0.9995147168,0.9998533854,0.9998533854,6144542711
2025-03-10,0.9999323609,1.0016144419,0.9993063842,1.0000425967,1.0000425967,17810860152
2025-03-11,1.0000908868,1.0015818999,0.9988471565,0.9999324318,0.9999324318,14833420303
2025-03-12,0.9998943356,1.0015665938,0.9990667607,0.9997671158,0.9997671158,11962339616
2025-03-13,0.9998329677,1.0014140371,0.9995029783,0.9999979097,0.9999979097,11856838776
2025-03-14,1.0000169482,1.0021470897,0.9994944028,0.9999988738,0.9999988738,8847938133
2025-03-15,0.9999407435,1.0007641186,0.9996676231,0.9999710293,0.9999710293,4232926386
2025-03-16,0.9999692419,1.0012675386,0.9995938995,1.0001184106,1.0001184106,5342376239
2025-03-17,1.0001190954,1.0009289338,0.9990482064,1.0000436985,1.0000436985,7364251292
2025-03-18,1.0000438865,1.0010251693,0.9995892023,0.9999134082,0.9999134082,7571744811
2025-03-19,0.9999130061,1.00187991,0.9991968883,1.0000884106,1.0000884106,11517621398
2025-03-20,1.000007521,1.0009129085,0.9996209057,0.9998723207,0.9998723207,10484925681
2025-03-21,0.9998472657,1.0009646407,0.9996614435,1.0000402496,1.0000402496,8056596360
2025-03-22,1.0000709354,1.0006811972,0.9996972734,1.0000211467,1.0000211467,3687086901
2025-03-23,1.0000265526,1.0007359914,0.9997209111,1.0000272863,1.0000272863,4334955293
2025-03-24,1.0001327849,1.0007420559,0.9997007639,1.0001069463,1.0001069463,10763138743
2025-03-25,1.0000132782,1.0008350149,0.99963501,0.9999927318,0.9999927318,9053718025
2025-03-26,1.0000331342,1.0008001141,0.9996449859,0.9998946297,0.9998946297,8964829253
2025-03-27,0.9998475607,1.0008285707,0.9996563563,0.9999328786,0.9999328786,9335553639
2025-03-28,0.9999539297,1.001565828,0.999567401,1.0000211238,1.0000211238,11720323398
2025-03-29,1.000009528,1.0010664505,0.9996903412,0.9999168798,0.9999168798,6452445830
2025-03-30,0.9999119616,1.0011271528,0.9996185525,1.00005994,1.00005994,5545589305
2025-03-31,1.0000450315,1.0010768314,0.9993995848,0.999886425,0.999886425,10972505506
2025-04-01,0.999909934,1.0008451141,0.9996283825,1.0000374111,1.0000374111,8951500963
2025-04-02,1.0000568354,1.0005584298,0.9984695076,1.0000012909,1.0000012909,15685504944
2025-04-03,0.9999860287,1.0006573553,0.9994731223,0.999940534,0.999940534,12665493909
2025-04-04,0.9999369256,1.0006484641,0.9991682046,0.9999219637,0.9999219637,14661520062
2025-04-05,0.9999309036,1.0009179154,0.9995358138,0.9999930094,0.9999930094,4505740439
2025-04-06,0.999989312,1.0008616353,0.9993592826,0.9999427775,0.9999427775,11438674601
2025-04-07,1.0000118566,1.0012947309,0.9986084072,1.0002408191,1.0002408191,25379799007
2025-04-08,1.0002208484,1.0008905118,0.998892356,0.9998389559,0.9998389559,15359090304
2025-04-09,0.999860153,1.0010381374,0.9987087884,0.9999286642,0.9999286642,22801529129
2025-04-10,0.9999027695,1.0006067302,0.999155262,0.9999474065,0.9999474065,12968188424
2025-04-11,0.999883383,1.0003804828,0.9992076615,0.9999671657,0.9999671657,11171173047
2025-04-12,0.9999652307,1.0004541294,0.999420935,0.9999933302,0.9999933302,7676882234
2025-04-13,0.9998971898,1.000413961,0.9992792634,0.999905197,0.999905197,8398473378
2025-04-14,0.9999499357,1.0004154882,0.9994058283,0.9997508857,0.9997508857,11279262236
2025-04-15,0.9997443105,1.0004010318,0.9994220262,0.9999273343,0.9999273343,9638173514
2025-04-16,0.9999710547,1.0006168739,0.9994765783,0.9999618248,0.9999618248,10258839386
2025-04-17,0.9999297596,1.0003140649,0.9992203546,0.9998852615,0.9998852615,8550832288
2025-04-18,0.999908581,1.0003863033,0.9991177208,0.9997883508,0.9997883508,4681472583
2025-04-19,0.9998220822,1.0003004214,0.9991035363,0.9999491905,0.9999491905,4255964173
2025-04-20,0.9999695816,1.0003908584,0.9993300626,0.9999874423,0.9999874423,4503260698
2025-04-21,0.999972516,1.0005155148,0.9987690797,0.9999028757,0.9999028757,10453764698
2025-04-22,0.9999420961,1.000816122,0.9988855187,0.9998036827,0.9998036827,14475389659
2025-04-23,0.9997734957,1.0004592494,0.9989083414,0.9998981267,0.9998981267,13860599906
2025-04-24,0.9998639761,1.000555568,0.9994310189,0.9998430822,0.9998430822,11129405830
2025-04-25,0.9999238814,1.0003778061,0.9991433101,0.9999414287,0.9999414287,12976876537
2025-04-26,0.9998839106,1.0006520576,0.9994652858,1.0000105024,1.0000105024,7151498585
2025-04-27,1.0001391441,1.0007894364,0.9995892046,0.9999017092,0.9999017092,6350730742
2025-04-28,0.9999172635,1.0007038071,0.9995369639,1.0000041128,1.0000041128,10867333898
2025-04-29,1.0000323185,1.0006338663,0.9996755306,1.0000043055,1.0000043055,9391457251
2025-04-30,1.0000230144,1.0009370383,0.9994565336,1.0000405882,1.0000405882,9764127557
2025-05-01,1.0001010673,1.0008883111,0.9995730061,0.999866477,0.999866477,10463292535
2025-05-02,0.9998487056,1.0003114536,0.9994929599,0.9998895723,0.9998895723,8583953657
2025-05-03,0.9998957344,1.0007269943,0.9996942294,0.9999737376,0.9999737376,4826910165
2025-05-04,0.9998657029,1.0010502315,0.9996943733,0.9999743966,0.9999743966,5567029250
2025-05-05,1.0000248376,1.0009871529,0.9996882684,0.9998841687,0.9998841687,8446419371
2025-05-06,0.9999059892,1.0009846196,0.9996722263,0.9999832379,0.9999832379,9735549194
2025-05-07,0.9999528283,1.0007671343,0.9994681864,0.9999219101,0.9999219101,9504150861
2025-05-08,0.9999269633,1.0008745282,0.9993282748,0.9999479532,0.9999479532,18666751902
2025-05-09,0.999922591,1.0009237641,0.9994090461,0.9999980216,0.9999980216,20283556220
2025-05-10,1.0000251091,1.0002986971,0.9990911419,1.0000276166,1.0000276166,11056735651
2025-05-11,1.000040327,1.0004116957,0.999241851,0.9999791647,0.9999791647,9538712033
2025-05-12,0.9999850905,1.0007247665,0.9994332927,1.0000759233,1.0000759233,15429153390
2025-05-13,1.0000747477,1.0006376012,0.9996296706,1.0000750614,1.0000750614,12265069905
2025-05-14,1.0000083304,1.0003970607,0.9994425482,0.9999699974,0.9999699974,11084092068
2025-05-15,0.9999767899,1.0004672378,0.9993823465,0.9998741869,0.9998741869,11937891647
2025-05-16,0.9998205314,1.0003410404,0.9992405362,0.9999063655,0.9999063655,9520953398
2025-05-17,0.9999063544,1.0002400162,0.9993351697,0.9999238892,0.9999238892,6911257570
2025-05-18,0.9999013522,1.0003508847,0.9990880904,0.9999400124,0.9999400124,9206519661
2025-05-19,0.999861923,1.0003337382,0.9991075332,0.9999621898,0.9999621898,13501319705
2025-05-20,0.9999578616,1.0003750307,0.9990275869,0.9998943534,0.9998943534,11702597699
2025-05-21,0.9998928473,1.0004190944,0.9991296217,0.9998966177,0.9998966177,16330278133
2025-05-22,0.9998361597,1.0002229851,0.9987226724,0.9994382327,0.9994382327,14980112894
2025-05-23,0.9993745266,1.0004275765,0.9990082773,0.9997853856,0.9997853856,16085759239
2025-05-24,0.999774894,1.0002850341,0.9989828256,0.9999341423,0.9999341423,7377433614
2025-05-25,1.0000161292,1.0002776659,0.9989195645,0.9998658583,0.9998658583,8742768426
2025-05-26,0.9997613222,1.0003843906,0.999016603,0.9998122411,0.9998122411,10605358709
2025-05-27,0.9998125933,1.0002733136,0.9988580309,0.9997746042,0.9997746042,12566362778
2025-05-28,0.999782609,1.000167346,0.9989202862,0.9998171246,0.9998171246,10577895466
2025-05-29,0.999799439,1.0001856826,0.9991731654,0.9996089536,0.9996089536,12819165934
2025-05-30,0.9996291454,1.0004283195,0.9992280625,0.99974161,0.99974161,14037798803
2025-05-31,0.999691687,1.0003103288,0.9994004264,0.9998316911,0.9998316911,8112828884
2025-06-01,0.9998315739,1.0002571562,0.9994150191,0.9997504276,0.9997504276,6956757549
2025-06-02,0.9997307415,1.0001467069,0.9994350722,0.9998990505,0.9998990505,9976424446
2025-06-03,0.9999135106,1.0002314376,0.9990577519,0.999711557,0.999711557,11229827940
2025-06-04,0.999777695,1.0000774651,0.9988722879,0.9997634761,0.9997634761,8468630531
2025-06-05,0.9998119372,1.0014375919,0.9988819004,1.0000528883,1.0000528883,12971199685
2025-06-06,1.0001477072,1.0010018177,0.9993964925,0.9998318495,0.9998318495,10624202500
2025-06-07,0.9998180843,1.0004486616,0.9995614017,0.9998043609,0.9998043609,5939831750
2025-06-08,0.9998311025,1.0004266621,0.9994784096,0.9999006507,0.9999006507,5642596754
2025-06-09,0.9999138024,1.0004720689,0.9994760713,0.999936055,0.999936055,11121173460
2025-06-10,0.9999033837,1.0002090771,0.998611216,0.999804905,0.999804905,12534543490
2025-06-11,0.9998486928,1.0002775192,0.9989780612,0.999828454,0.999828454,12114377963
2025-06-12,0.999829449,1.0003598608,0.9991143805,0.9997287293,0.9997287293,12038406500
2025-06-13,0.9997845107,1.0003627978,0.9989139545,0.9997112209,0.9997112209,15711024871
2025-06-14,0.9997978009,1.000700976,0.99956239,0.9999493851,0.9999493851,5927291347
2025-06-15,0.9999026948,1.0006258987,0.9994221317,0.9998046123,0.9998046123,6601492165
2025-06-16,0.9998567446,1.0009039073,0.9995315918,0.9999342497,0.9999342497,11821030209
2025-06-17,0.9998674607,1.0006399377,0.9994450691,0.9999192517,0.9999192517,11930708142
2025-06-18,0.9999191187,1.0010266413,0.9991469477,0.9998326327,0.9998326327,10252994413
2025-06-19,0.9998442495,1.000670225,0.9995750065,0.9998993514,0.9998993514,7012804058
2025-06-20,0.9998727899,1.0006197401,0.9994615749,0.9999424981,0.9999424981,10219555385
2025-06-21,0.9999422547,1.0012146549,0.9994373844,0.9997224914,0.9997224914,7263078240
2025-06-22,1.0001454746,1.0011534356,0.9993930111,0.9998939788,0.9998939788,13027778966
2025-06-23,0.9999094675,1.001183292,0.9992623184,1.0004329165,1.0004329165,14686763043
2025-06-24,1.0004377565,1.0008892248,0.9994804218,0.9999543942,0.9999543942,11980793061
2025-06-25,0.999931832,1.0004271578,0.999317619,0.9994295127,0.9994295127,9748172042
2025-06-26,0.9996423067,1.0002906586,0.9992592281,0.9997672996,0.9997672996,9274454781
2025-06-27,0.9996999407,1.0004091611,0.9994702674,0.9998660512,0.9998660512,8447973357
2025-06-28,0.9998949588,1.0001340414,0.9995955409,0.99983404,0.99983404,4015558104
2025-06-29,0.9998348729,1.0001604987,0.9994269626,0.9998699094,0.9998699094,4981220318
2025-06-30,0.9998991571,1.0006567312,0.9992978295,1.0000185061,1.0000185061,8876089065
2025-07-01,1.0000729394,1.000902697,0.9996394895,0.9998661868,0.9998661868,7863372173
2025-07-02,0.9998901153,1.0009439833,0.9995734396,0.999825296,0.999825296,11124702357
2025-07-03,0.9998672112,1.0012991291,0.9995118773,0.99996471,0.99996471,9758263203
2025-07-04,0.9998649415,1.0006582087,0.9995179357,1.0000463409,1.0000463409,7747270405
2025-07-05,0.9999280474,1.0006718923,0.9996261896,0.9999268716,0.9999268716,3602760501
2025-07-06,0.9999268827,1.0008133814,0.9993996596,0.9999911678,0.9999911678,5146917512
2025-07-07,1.0000134655,1.0010795546,0.9993849224,0.9999361163,0.9999361163,8541090307
2025-07-08,0.9999185339,1.0009561332,0.9994967824,0.9999397083,0.9999397083,8584432861
2025-07-09,0.9999397083,1.0011444185,0.9995556793,1.0001822316,1.0001822316,11342438464
2025-07-10,1.0001823043,1.0007690946,0.9982909687,0.9998651886,0.9998651886,15815857771
2025-07-11,0.999869142,1.0003367097,0.9987232066,0.9994402231,0.9994402231,18217653749
2025-07-12,0.9996366168,1.0005500254,0.9990338624,0.9999559479,0.9999559479,8994227812
2025-07-13,0.999895674,1.0003853872,0.9983426931,0.9999603046,0.9999603046,8461787677
2025-07-14,0.9999787073,1.0003986121,0.9987786866,0.9998438369,0.9998438369,17800069673
2025-07-15,0.999872559,1.0007605406,0.9991065645,0.9999379101,0.9999379101,18602272527
2025-07-16,0.9999379101,1.0006277938,0.9996081929,0.9999099986,0.9999099986,17506051651
2025-07-17,0.9999099986,1.0002155825,0.9993671441,1.0000103336,1.0000103336,21906138430
2025-07-18,0.9999760868,1.0008402374,0.9995531655,0.9999314529,0.9999314529,26908573486
2025-07-19,0.9999124788,1.0001681984,0.9994423487,0.9999073854,0.9999073854,11628426139
2025-07-20,0.9999115954,1.0002646719,0.999369422,0.99981618,0.99981618,16253482798
2025-07-21,0.9998863145,1.0003683455,0.9993367831,0.9998207767,0.9998207767,16532954256
2025-07-22,0.9997578313,1.0003908574,0.9994466173,0.9998071091,0.9998071091,17095427045
2025-07-23,0.9998272189,1.0007181853,0.9995551647,0.999847321,0.999847321,16808656532
2025-07-24,0.9998795737,1.0008510961,0.9995962204,1.0000796649,1.0000796649,15424381497
2025-07-25,1.0000796649,1.0007739727,0.9993865247,0.9999013281,0.9999013281,18063900377
2025-07-26,0.9999593768,1.0005912935,0.9996251109,1.0000044635,1.0000044635,8378511168
2025-07-27,0.9999796398,1.000642372,0.9994568749,0.9997912929,0.9997912929,10077840035
2025-07-28,0.999838514,1.0009035623,0.9993820331,0.9998307583,0.9998307583,14882841056
2025-07-29,0.9998137324,1.0018560656,0.9993809231,0.9998052517,0.9998052517,14152832124
2025-07-30,0.9998329361,1.0011881293,0.9993671862,0.9998633166,0.9998633166,14423286074
2025-07-31,0.9998636634,1.0010381844,0.9995593519,1.0000318381,1.0000318381,13445008332
2025-08-01,1.0000124021,1.0010720172,0.9992020995,0.9997888843,0.9997888843,19199023766
2025-08-02,0.9997064273,1.0009980092,0.9994863985,0.9998233674,0.9998233674,10038466860
2025-08-03,0.9998195864,1.0007814415,0.9995478932,0.9998362226,0.9998362226,8058008600
2025-08-04,0.9999379793,1.0006893302,0.9994570541,0.9998125497,0.9998125497,12059949389
2025-08-05,0.9998466097,1.0005825276,0.9993692912,0.9998685414,0.9998685414,12482917549
2025-08-06,0.9999022795,1.000757946,0.9994656948,0.9999144425,0.9999144425,10916165114
2025-08-07,0.9998929685,1.0005556931,0.999429848,0.9998464241,0.9998464241,14119800391
2025-08-08,0.9998655048,1.0008474623,0.9992948989,0.9998225966,0.9998225966,15080567440
2025-08-09,0.9997837816,1.0005230583,0.9995275324,0.9999488748,0.9999488748,11707660629
2025-08-10,0.999884157,1.0005017384,0.9994118753,0.9999243285,0.9999243285,12193306382
2025-08-11,0.9999243878,1.0007138018,0.9994724697,1.000082094,1.000082094,18732918004
2025-08-12,0.9998885395,1.0006770542,0.9993834461,0.9997971298,0.9997971298,20558939449
2025-08-13,0.9997873092,1.0002058445,0.9988408523,0.9998672754,0.9998672754,22930563658
2025-08-14,0.9998330467,1.0005391847,0.9985276935,0.9998626429,0.9998626429,29102475004
2025-08-15,0.9999440339,1.0006573509,0.9993487141,0.9999038085,0.9999038085,20681294602
2025-08-16,0.9998923438,1.000722709,0.999628009,0.9999392302,0.9999392302,10123245722
2025-08-17,0.9999214396,1.0006278362,0.9996845572,0.9999350902,0.9999350902,10186621236
2025-08-18,0.9999424304,1.0008511927,0.9992820937,0.9999095971,0.9999095971,18143039597
2025-08-19,0.9999101166,1.000938002,0.9994854178,1.0001952963,1.0001952963,18271587874
2025-08-20,1.000155701,1.0011329751,0.999454027,0.999819265,0.999819265,17516160087
2025-08-21,0.9998260219,1.0009751474,0.9991249501,0.9997101224,0.9997101224,13587141721
2025-08-22,0.9997490892,1.0017232899,0.9986835838,0.9998229207,0.9998229207,23347410779
2025-08-23,0.9998210243,1.0007957734,0.999260191,0.999977807,0.999977807,12118973017
2025-08-24,1.0000518773,1.0018371018,0.9991800191,0.9997846759,0.9997846759,18928901669
2025-08-25,0.9998693767,1.0014190779,0.999302931,0.9998714648,0.9998714648,22563572014
2025-08-26,0.9998505789,1.0017134259,0.9993002489,1.0000185781,1.0000185781,19383954606
2025-08-27,1.0000031101,1.0014183579,0.999379804,0.999989419,0.999989419,18664613785
2025-08-28,0.9999876328,1.0014625216,0.9993066294,0.9999957088,0.9999957088,15359022661
2025-08-29,0.9999554243,1.001178621,0.9991842037,0.9999137615,0.9999137615,20747617894
2025-08-30,0.999891149,1.0011478578,0.9994305293,0.9998154765,0.9998154765,9549055113
2025-08-31,0.9998720632,1.0007158144,0.9994038439,0.9997903246,0.9997903246,9422306318
2025-09-01,0.9997159099,1.0009836736,0.9991234075,0.9999050393,0.9999050393,17089848528
2025-09-02,0.9998370035,1.0011092417,0.9992892928,0.9998654204,0.9998654204,16704202079
2025-09-03,0.9998061326,1.0010170949,0.9995226089,1.0000341589,1.0000341589,13147418934
2025-09-04,0.9999912341,1.0008614991,0.9993351615,0.9998941065,0.9998941065,12609800924
2025-09-05,0.9999193168,1.0010813154,0.9992735703,0.9998391948,0.9998391948,17107891795
2025-09-06,0.9998343115,1.0007758543,0.9992172551,0.9998538127,0.9998538127,5985125337
2025-09-07,0.9998368756,1.000506266,0.9994739653,1.0000686325,1.0000686325,6648281705
2025-09-08,1.0000033634,1.0004544943,0.9992980205,0.999810349,0.999810349,13550807567
2025-09-09,0.9998561281,1.0002021251,0.9992681039,0.9998866871,0.9998866871,14130609482
2025-09-10,0.9998909783,1.0006589279,0.9992637659,0.9998485541,0.9998485541,15333630537
2025-09-11,0.999781375,1.0001778572,0.9990769624,0.999757536,0.999757536,15710414378
2025-09-12,0.999747564,1.0002238816,0.9990601583,0.9997820465,0.9997820465,19459637605
2025-09-13,0.9997009972,1.0001085705,0.9990615307,0.9996494221,0.9996494221,13143947641
2025-09-14,0.9996477224,1.0003611205,0.9991607573,1.0000329661,1.0000329661,12869800872
2025-09-15,0.9999640614,1.0008753956,0.9993037642,0.9999856026,0.9999856026,17113358551
2025-09-16,0.9998809674,1.000693526,0.9994386778,1.0001690224,1.0001690224,14448278591
2025-09-17,1.0001958058,1.0015008801,0.9993069574,0.9999034888,0.9999034888,24465422204
2025-09-18,0.9998786455,1.0004361242,0.9994065222,0.9997041869,0.9997041869,27483010208
2025-09-19,0.9995923689,1.0005014202,0.9993596007,0.9998931541,0.9998931541,12775678194
2025-09-20,0.9999585886,1.0006036233,0.9993905816,0.99972701,0.99972701,8885529948
2025-09-21,0.9997562429,1.0009471766,0.9994172474,0.9997992788,0.9997992788,9451899160
2025-09-22,0.9998205209,1.001002792,0.9994205239,0.9999819272,0.9999819272,24334552459
2025-09-23,0.9998534678,1.0006265516,0.9993672334,0.9996821408,0.9996821408,17131156895
2025-09-24,0.9996632052,1.0008486927,0.999304832,0.9996935103,0.9996935103,15374932240
2025-09-25,0.9996984838,1.0012472003,0.9992445582,1.0000161592,1.0000161592,26930517234
2025-09-26,0.9999303143,1.0008454235,0.9992527388,0.9997482822,0.9997482822,19578086528
2025-09-27,0.9997580837,1.0004278224,0.9993420299,0.9998298295,0.9998298295,8597379910
2025-09-28,0.9998298835,1.0007334796,0.9993252807,0.9998995499,0.9998995499,9271470844
2025-09-29,0.999729882,1.0007114754,0.9993324328,0.9998222995,0.9998222995,15591146723
2025-09-30,0.9997625297,1.0007333614,0.999364541,0.9997946595,0.9997946595,16243262405
2025-10-01,0.9998055617,1.0003217623,0.9993801079,1.0000125816,1.0000125816,19015696130
2025-10-02,0.9998158079,1.0005272401,0.9995346198,0.9999777248,0.9999777248,19207540518
2025-10-03,0.9997998989,1.0000832141,0.999154879,0.9996693833,0.9996693833,21465642020
2025-10-04,0.9996758807,1.000055519,0.9990854725,0.9997896327,0.9997896327,9929127239
2025-10-05,0.9997809538,1.0002209241,0.9992377727,0.9998061256,0.9998061256,15850637824
2025-10-06,0.9997873757,1.0002324974,0.9992126616,0.9995990369,0.9995990369,20262848755
2025-10-07,0.9995979981,1.0002803178,0.9990783997,0.9998358477,0.9998358477,22966777631
2025-10-08,0.9998926148,1.0005177558,0.9993420039,0.9998794124,0.9998794124,18700124511
2025-10-09,0.9997846894,1.0002468025,0.9995149669,0.9998283045,0.9998283045,20052145232
2025-10-10,0.9998255614,1.0049588938,0.9966726865,1.0000337051,1.0000337051,44539851941
2025-10-11,0.9999593316,1.0013117895,0.9993267906,0.999833675,0.999833675,27417334181
2025-10-12,0.9998895314,1.0014763161,0.9993511805,1.0002881806,1.0002881806,27619798454
2025-10-13,1.0002224314,1.0009079912,0.9993545049,1.000085193,1.000085193,23705141432
2025-10-14,1.0000502929,1.0010695051,0.9986702737,1.0000547691,1.0000547691,27879677000
2025-10-15,1.0000364901,1.0012155239,0.9994667229,0.9999064135,0.9999064135,21084302739
2025-10-16,1.0001914888,1.0015536541,0.9991827993,1.0000019597,1.0000019597,22286952756
2025-10-17,1.0000141693,1.0013607057,0.9993345465,0.9998706727,0.9998706727,23711670135
2025-10-18,0.9999042216,1.0011820095,0.999400285,0.9999518272,0.9999518272,9277791302
2025-10-19,0.9999692629,1.0014525914,0.9993644088,0.9999679444,0.9999679444,12291952376
2025-10-20,0.9999905829,1.0013594876,0.9992750676,1.0000438154,1.0000438154,16926508572
2025-10-21,1.000015536,1.0012998233,0.999152879,0.9998485548,0.9998485548,22593232949
2025-10-22,0.9999674881,1.0009257249,0.9992808277,0.9999696898,0.9999696898,22115266618
2025-10-23,0.9999289643,1.0003992523,0.9993800353,1.0001222615,1.0001222615,16181704760
2025-10-24,1.0001207674,1.0006243817,0.9989096974,1.0001046547,1.0001046547,14943172043
2025-10-25,1.0000900022,1.0004500221,0.9995872346,0.9998916603,0.9998916603,7226602066
2025-10-26,0.9999143804,1.0003934466,0.9993302754,0.9997614839,0.9997614839,11250914221
2025-10-27,0.9997396687,1.0004714871,0.9994306683,0.9998673903,0.9998673903,17128050892
2025-10-28,0.9999158372,1.0004068452,0.9993736018,0.9999703249,0.9999703249,17460882890
2025-10-29,0.9998600417,1.0019345596,0.9992510719,0.9999304093,0.9999304093,18531597399
2025-10-30,0.9999033454,1.0013962629,0.9991468709,1.0001010748,1.0001010748,19297317107
2025-10-31,0.9998894335,1.0010459935,0.9991055173,0.9997351592,0.9997351592,18192736045
2025-11-01,0.9997602079,1.0016131711,0.999406824,1.0000136581,1.0000136581,8276413018
2025-11-02,0.9999761788,1.00090582,0.9993317056,0.9998288576,0.9998288576,9329717192
2025-11-03,0.9998474273,1.0012147242,0.9990758458,0.9999010574,0.9999010574,22484873172
2025-11-04,0.9997989106,1.001275903,0.9990631257,0.9996361117,0.9996361117,31208623577
2025-11-05,0.9997224634,1.0009974816,0.9992113049,0.9998252121,0.9998252121,19365140378
2025-11-06,0.9998074698,1.0012940117,0.9991905314,0.9997550721,0.9997550721,17993806725
2025-11-07,0.9996824071,1.0011884505,0.9991038911,1.0000910711,1.0000910711,20539763837
2025-11-08,1.0000825857,1.0009135519,0.9992727708,0.9998446468,0.9998446468,10466745014
2025-11-09,0.9998305419,1.000968144,0.9992621407,1.0001336911,1.0001336911,10844489300
2025-11-10,1.0001578542,1.0009481067,0.9993022691,0.9998559396,0.9998559396,15895450134
2025-11-11,0.9998587143,1.0008346973,0.9990553036,0.9998041038,0.9998041038,15715033512
2025-11-12,0.9998032564,1.0009782487,0.9990176501,0.9999722938,0.9999722938,15268281920
2025-11-13,0.9999949067,1.0011958266,0.9990390184,0.9998766616,0.9998766616,20176471346
2025-11-14,0.9998817186,1.0012574109,0.9991019041,0.9998015628,0.9998015628,23734959561
2025-11-15,0.9999302166,1.0013912992,0.9992022354,0.9999589546,0.9999589546,8443360111
2025-11-16,1.0000185845,1.0020611205,0.999122326,0.9998061601,0.9998061601,12104296124
2025-11-17,0.9998191126,1.0019738276,0.999136849,0.9998982625,0.9998982625,20439106807
2025-11-18,0.9998806032,1.0018397645,0.9990249686,0.9998128364,0.9998128364,19481280133
2025-11-19,0.9998159447,1.0033252533,0.9989450588,0.9999611,0.9999611,19002018090
2025-11-20,0.9998639272,1.0017443616,0.9986689245,1.0003563562,1.0003563562,19801458308
2025-11-21,1.0001411861,1.0018518788,0.9986921464,0.9998456546,0.9998456546,26614932876
2025-11-22,0.9999091426,1.001276363,0.9989141095,0.9997181798,0.9997181798,8611853217
2025-11-23,0.99973025,1.0011969089,0.9987162091,0.9998292855,0.9998292855,9901038647
2025-11-24,0.9997945221,1.0012711842,0.9990099404,0.9997382401,0.9997382401,15754929687
2025-11-25,0.9997252255,1.001339637,0.9991105244,0.9996085422,0.9996085422,14725488132
2025-11-26,0.9996839118,1.0009808913,0.9989882094,0.9999835548,0.9999835548,13391097650
2025-11-27,0.9999876357,1.0008525814,0.9993957505,0.9998620003,0.9998620003,10713071103
2025-11-28,0.9998618065,1.0007932213,0.9993050553,0.9998023475,0.9998023475,12811581630
2025-11-29,0.9997950273,1.0009883573,0.9994745218,0.9998732781,0.9998732781,6278622212
2025-11-30,0.9997995231,1.0007794999,0.9994720025,0.9997897847,0.9997897847,5764967438
2025-12-01,0.9997974457,1.0011500122,0.9992459778,0.9997924204,0.9997924204,17352100455
2025-12-02,0.9998009091,1.0011258553,0.9992622782,1.0000362384,1.0000362384,14433976983
2025-12-03,1.0000077354,1.000433113,0.9993015688,0.9998710401,0.9998710401,13890740335
2025-12-04,0.9998760723,1.0004321873,0.999443673,0.9998443904,0.9998443904,11941001425
2025-12-05,0.9998332774,1.0005542914,0.9990867588,0.9999618004,0.9999618004,12765146876
2025-12-06,0.9999327011,1.00134268,0.9995934001,1.0000471295,1.0000471295,4991035794
2025-12-07,1.000085655,1.0006818572,0.9993065065,1.0000708503,1.0000708503,7817626807
2025-12-08,1.0000041163,1.0005536477,0.9992253712,0.9999677756,0.9999677756,11650628638
2025-12-09,0.9997966497,1.00072132,0.998815068,0.9999698375,0.9999698375,14324888356
2025-12-10,0.9998929462,1.0011530136,0.9988240929,0.9997767796,0.9997767796,14070562885
2025-12-11,0.9998737422,1.0006609958,0.9991203422,0.9999305232,0.9999305232,13047985541
2025-12-12,0.9999259837,1.0006125942,0.9992039981,0.9998794464,0.9998794464,10666488911
2025-12-13,0.9998623115,1.0002456818,0.999612481,0.999993589,0.999993589,4003035283
2025-12-14,0.9999925703,1.0007764921,0.9994996026,0.9999737748,0.9999737748,5970103430
2025-12-15,0.9999120708,1.0009450807,0.9980639565,0.9998999202,0.9998999202,12270727447
2025-12-16,0.9999592551,1.0014659935,0.9991949259,0.9998366874,0.9998366874,10982481247
2025-12-17,0.9998527295,1.0014381453,0.9991772749,0.9998826535,0.9998826535,12686054041
2025-12-18,0.9999043477,1.0014696688,0.9989817929,0.9998911184,0.9998911184,13313661791
2025-12-19,0.9999027448,1.0014827989,0.9991840764,0.999865134,0.999865134,12735656404
2025-12-20,0.99984642,1.0007247207,0.9993852525,0.9999059984,0.9999059984,3933444751
2025-12-21,0.999918439,1.0012633173,0.9992979109,0.999819429,0.999819429,5054508968
2025-12-22,0.9998142329,1.0008641081,0.9992960742,0.9997725194,0.9997725194,11804145521
2025-12-23,0.9997726268,1.0011072341,0.9991402965,0.9997545724,0.9997545724,19068730215
2025-12-24,0.9997488571,1.0006725935,0.9992924482,0.9997072356,0.9997072356,8031421173
2025-12-25,0.9996884446,1.0006756321,0.9992076135,0.9997769124,0.9997769124,5797792338
2025-12-26,0.9997827835,1.0006922073,0.9991840072,0.9996672,0.9996672,9069358312
2025-12-27,0.9996672389,1.0006487025,0.9993141253,0.9996663212,0.9996663212,3815119033
2025-12-28,0.9996368287,1.0006442015,0.9992563704,0.9997569855,0.9997569855,4225982198
2025-12-29,0.9997550485,1.0008456802,0.9991596701,0.999655094,0.999655094,12690592251
2025-12-30,0.9996617575,1.0006876435,0.9990114672,0.9997042251,0.9997042251,10022484460
2025-12-31,0.9997006028,1.0008565463,0.9991998636,0.9996350304,0.9996350304,9361127722
2026-01-01,0.9995745688,1.0003268854,0.999145022,0.9997575084,0.9997575084,5108664262
2026-01-02,0.9997575006,1.0009201802,0.9989275974,0.9999792263,0.9999792263,13144887912
2026-01-03,0.9999979201,1.000304042,0.999523396,0.9999322118,0.9999322118,5428085609
2026-01-04,0.9999286977,1.0001239839,0.9992394726,0.9998743066,0.9998743066,6308365381
2026-01-05,0.9999523732,1.0003440433,0.9989514787,0.9997172732,0.9997172732,14525256172
2026-01-06,0.9997001926,1.000319865,0.9987266424,0.9996491741,0.9996491741,14275543491
2026-01-07,0.999648037,1.0012349361,0.9990023605,0.9997943042,0.9997943042,11845994427
2026-01-08,0.9998056548,1.0007478982,0.9993762137,0.9998386839,0.9998386839,12816758107
2026-01-09,0.9998927766,1.0008324426,0.9989256139,0.9997368879,0.9997368879,10519608578
2026-01-10,0.999729005,1.000273495,0.9993233539,0.9997143634,0.9997143634,3739660466
2026-01-11,0.9997176871,1.0005893603,0.9992510095,0.9998305222,0.9998305222,4769494718
2026-01-12,0.999810762,1.0006691436,0.9993061892,1.0000249516,1.0000249516,12600071660
2026-01-13,0.999827858,1.0004819805,0.9987165592,0.9995781175,0.9995781175,18189977539
2026-01-14,0.9995994111,1.0001714753,0.9989645203,0.9997424897,0.9997424897,20336275079
2026-01-15,0.9997889604,1.0001357605,0.9986776518,0.9997737126,0.9997737126,13830715438
2026-01-16,0.9998072357,1.0001172851,0.9988454605,0.9997517043,0.9997517043,11164343412
2026-01-17,0.9997520994,0.9999931603,0.9994264679,0.9997398685,0.9997398685,7082818101
2026-01-18,0.9997631905,1.0003074471,0.9994878551,0.999918627,0.999918627,7376111724
2026-01-19,0.999833664,1.0005003565,0.9992125057,0.9998482252,0.9998482252,14825372333
2026-01-20,0.9998482359,1.0015694528,0.9989216424,0.9995768953,0.9995768953,19857549532
2026-01-21,0.9996413883,1.0009315159,0.9990958182,0.9997419367,0.9997419367,18649514637
2026-01-22,0.9997780667,1.0007419923,0.9991157177,0.9996943215,0.9996943215,14270056572
2026-01-23,0.9997002264,1.000869894,0.9989442055,0.9996502681,0.9996502681,14318125707
2026-01-24,0.9996726001,1.0004816473,0.9992735024,0.9997186735,0.9997186735,6062036354
2026-01-25,0.9996577852,1.0010270792,0.9991437002,0.9998066239,0.9998066239,9082099595
2026-01-26,0.9998053191,1.0009564718,0.9990818652,0.9995034265,0.9995034265,13675333559
2026-01-27,0.9996427017,1.0008331252,0.9990452074,0.9996417174,0.9996417174,22859750685
2026-01-28,0.9996462315,1.0011112981,0.999154531,0.9999623826,0.9999623826,12492899527
2026-01-29,0.9998871667,1.0008839834,0.9989997201,0.9997812664,0.9997812664,15643667862
2026-01-30,0.9997098224,1.0020605415,0.998659798,0.9997646619,0.9997646619,18739743826
2026-01-31,0.99975692,1.0029782758,0.998286226,0.9997663874,0.9997663874,18685671511
2026-02-01,0.9997435553,1.0011039938,0.999037893,0.9998391774,0.9998391774,14013556076
2026-02-02,0.9997452102,1.0018020762,0.9983586105,0.9996840247,0.9996840247,22215014775
2026-02-03,0.9997443005,1.0013557137,0.9983464955,0.9998705982,0.9998705982,20183840783
2026-02-04,0.9997479681,1.0014016864,0.998239434,0.9999032309,0.9999032309,20367841495
2026-02-05,0.9999144736,1.0026439467,0.9979471268,0.9999204461,0.9999204461,34958544782
2026-02-06,0.999861012,1.0026598461,0.9984033214,0.9999334588,0.9999334588,32575476835
2026-02-07,0.999917141,1.0011241959,0.99909999,0.9998767726,0.9998767726,16284486885
2026-02-08,0.9998935805,1.0011750988,0.9988758841,0.9998023397,0.9998023397,8718107351
2026-02-09,0.9998673979,1.0010311861,0.9990227244,0.9998689294,0.9998689294,15071991457
2026-02-10,1.0000715765,1.0010118662,0.9992069824,1.0001047838,1.0001047838,13685201330
2026-02-11,0.9999836856,1.0012093431,0.9990555865,0.9999027358,0.9999027358,15768940394
2026-02-12,0.9999440879,1.0011149205,0.9988466172,0.9998684342,0.9998684342,14506072884
2026-02-13,0.9998485138,1.001201704,0.99884842,0.9999872608,0.9999872608,12542607291
2026-02-14,0.9999192888,1.0007173742,0.9994865048,1.0000210209,1.0000210209,6375258457
2026-02-15,0.9999960522,1.000935025,0.9992864501,1.0000749481,1.0000749481,10019369963
2026-02-16,1.0000651893,1.0011313783,0.9992679734,1.0000211213,1.0000211213,9065005222
2026-02-17,0.9999973912,1.001148877,0.9991421863,0.9999244706,0.9999244706,10245499826
2026-02-18,0.999925947,1.0010049847,0.9992187863,0.9998601374,0.9998601374,9829768586
2026-02-19,0.9998688245,1.0011381781,0.9992124876,1.000069178,1.000069178,9250349586
2026-02-20,1.0000597696,1.0011454948,0.9993178613,1.0000793772,1.0000793772,11788526341
2026-02-21,1.000010763,1.0007056581,0.9994779463,1.0000348252,1.0000348252,4827433275
2026-02-22,0.9999825983,1.0008481727,0.999571084,0.9998603842,0.9998603842,4431887542
2026-02-23,0.9999808657,1.0012649668,0.9991931007,1.000070148,1.000070148,14798044452
2026-02-24,1.0000602039,1.0012058996,0.9990506799,1.0001515624,1.0001515624,12144212446
2026-02-25,1.0000885413,1.001096749,0.9992449042,0.9999661636,0.9999661636,15059931701
2026-02-26,1.0000245493,1.0012741579,0.9993380763,0.9999680348,0.9999680348,12083454924
2026-02-27,0.9999692007,1.0010663658,0.9990581399,0.99996759,0.99996759,11120526796
2026-02-28,0.9999550492,1.0009364643,0.9993520515,0.9999984112,0.9999984112,10363212514
2026-03-01,1.0001323837,1.001020985,0.9991470345,1.0000655478,1.0000655478,10083917557
2026-03-02,1.0000796344,1.0007686402,0.999324489,0.9998596931,0.9998596931,17801430255
2026-03-03,1.0000322808,1.0007754349,0.9994708403,1.0000576129,1.0000576129,15265585898
2026-03-04,1.0000346683,1.0004200452,0.9993197908,0.9999199084,0.9999199084,18377891146
2026-03-05,0.999975567,1.0002809991,0.9995595697,0.9998008098,0.9998008098,14528005431
2026-03-06,1.000123373,1.000469252,0.9994343571,0.9999439412,0.9999439412,11307141777
2026-03-07,0.9999736563,1.0003029144,0.9997264951,0.9999005329,0.9999005329,4419353154
2026-03-08,0.9998994446,1.0002390354,0.9996534845,0.9999964154,0.9999964154,6832441892
2026-03-09,0.9999955951,1.0005302958,0.9996639408,1.0000140947,1.0000140947,13223417727
2026-03-10,1.0000210669,1.0007120938,0.9995793841,1.0000180472,1.0000180472,13824248725
2026-03-11,1.0000161989,1.0004899204,0.9994527607,1.000177353,1.000177353,11636889674
2026-03-12,1.0002233758,1.0005142109,0.9995991978,0.999890503,0.999890503,11953196742
2026-03-13,0.999932162,1.0002566731,0.9992944409,0.9999699015,0.9999699015,14721594386
2026-03-14,0.999984471,1.0002621492,0.9994855135,0.9998862769,0.9998862769,4065360178
2026-03-15,0.9998681786,1.000297662,0.9995044028,0.9998944624,0.9998944624,6265594912
2026-03-16,0.9999383463,1.0003141464,0.9993168682,0.999949366,0.999949366,14804841553
2026-03-17,0.9999210722,1.0002753643,0.9993645556,0.9998487701,0.9998487701,12867619868
2026-03-18,1.0000442645,1.0002750457,0.9992051693,0.9998692995,0.9998692995,11966644417
2026-03-19,0.9998780939,1.0003516885,0.9995647824,1.000031572,1.000031572,11187065049
2026-03-20,1.0000411588,1.0005564618,0.9994908769,1.0001658342,1.0001658342,9342605246
2026-03-21,1.0001689867,1.0004404851,0.9996946495,1.0000464895,1.0000464895,3405676718
2026-03-22,1.0000756626,1.0003995047,0.9996665231,0.9999805494,0.9999805494,6818172709
2026-03-23,0.9999515578,1.0006899748,0.9992958519,1.0001185272,1.0001185272,14336587930
2026-03-24,1.0001060841,1.0005189637,0.999380799,1.0000056793,1.0000056793,11503850354
2026-03-25,1.0000379933,1.0009749087,0.9983664201,0.9998506949,0.9998506949,9891950862
2026-03-26,0.9998538424,1.000478795,0.9993129404,1.0000848242,1.0000848242,10473912782
2026-03-27,0.9998468061,1.0004153334,0.9993483794,0.9999440342,0.9999440342,11188014890
2026-03-28,1.0000040696,1.0003891191,0.9994574481,0.9997246218,0.9997246218,4638803608
2026-03-29,0.9997247359,1.0005315398,0.9993077167,0.9999876065,0.9999876065,4928797586
2026-03-30,0.9999889489,1.0006457532,0.9993030096,0.9996924622,0.9996924622,10412150498
2026-03-31,0.999701034,1.0001646652,0.9991357113,0.9996735207,0.9996735207,11937610059
2026-04-01,0.9996641743,1.0004225821,0.9987987302,0.999888002,0.999888002,12419162767
2026-04-02,0.9998780257,1.0002967027,0.9994284865,0.9999191887,0.9999191887,10841918199
2026-04-03,0.9998940534,1.0002208786,0.9993781565,0.9999201866,0.9999201866,5591343047
2026-04-04,1.0000090921,1.0001314028,0.9995181289,0.9999330002,0.9999330002,3420773647
2026-04-05,0.9999339232,1.0000960355,0.9995523455,0.9998111548,0.9998111548,5062594562
2026-04-06,0.9998087577,1.0004877472,0.9992458877,0.9994634976,0.9994634976,11013257356
2026-04-07,0.9995348705,1.0001759696,0.9994138323,0.9997331377,0.9997331377,12996614618
2026-04-08,0.9997883136,1.0003882953,0.9991357975,0.9998152299,0.9998152299,11616083005
2026-04-09,0.9998451885,1.0003335302,0.9992726974,0.9998205431,0.9998205431,11433373671
2026-04-10,0.9998927894,1.0002102894,0.9992396815,0.9998291675,0.9998291675,10408621814
2026-04-11,0.999821934,1.0000954701,0.9993276464,0.999787083,0.999787083,5360969434
2026-04-12,0.999816256,1.0001015445,0.9993478717,0.9997502176,0.9997502176,6810998325
2026-04-13,0.9997751708,1.0002948674,0.9991697452,0.9997068271,0.9997068271,13787134943
2026-04-14,0.9996431159,1.0001307267,0.9992527763,0.9996593979,0.9996593979,48397331732
2026-04-15,0.9997319646,1.000047567,0.9991994987,0.9996865262,0.9996865262,50324873398
2026-04-16,0.9997484087,1.0000876772,0.999457409,0.9997594785,0.9997594785,51514099644
2026-04-17,0.9998264973,1.0002234523,0.9992085278,0.9996444359,0.9996444359,59373340778
2026-04-18,0.9996959081,1.0000406514,0.9994014893,0.9996808011,0.9996808011,50261256473
2026-04-19,0.9996277729,1.0000851555,0.9994053289,0.9996663978,0.9996663978,46240717075
2026-04-20,0.9996541115,1.0000360292,0.9994467533,0.9997088928,0.9997088928,56253314897
2026-04-21,0.9997523356,1.0000450562,0.9993758121,0.9997603238,0.9997603238,55088785802
2026-04-22,0.9997230529,0.9999969574,0.9992566615,0.9997585089,0.9997585089,55002268844
2026-04-23,0.9996218303,1.0004996733,0.9994329136,0.9999980869,0.9999980869,58063452615
2026-04-24,0.9999429416,1.0003881549,0.9995240755,0.9998432763,0.9998432763,59451994320
2026-04-25,0.9999020458,1.000051411,0.9995460731,0.9997327278,0.9997327278,52285978958
2026-04-26,0.9997442313,1.0002878699,0.9994622217,0.9999551116,0.9999551116,51609784281
2026-04-27,0.9999861369,1.0003900304,0.9996202773,0.9998197599,0.9998197599,58369563643
2026-04-28,0.9998344372,1.0003790891,0.9995538691,0.9999534813,0.9999534813,51607421949
2026-04-29,0.999949162,1.0006094348,0.9995430061,0.999785429,0.999785429,46515590791
2026-04-30,0.9998723984,1.0004510123,0.9994102676,0.9997500734,0.9997500734,57325594959
2026-05-01,0.9998116586,1.0001848937,0.9994986517,0.9998409537,0.9998409537,56540568359
2026-05-02,0.9997848152,0.9999942341,0.9995329766,0.9997393132,0.9997393132,45521501928
2026-05-03,0.9997361591,1.0000891672,0.9994642874,0.999876834,0.999876834,42370165541
2026-05-04,0.9999007728,1.0000984145,0.9994565068,0.9998313941,0.9998313941,61799248386
2026-05-05,0.9998167068,1.0001857124,0.9993897802,0.9998127711,0.9998127711,60339466243
2026-05-06,0.9998314797,1.0000295605,0.9992781358,0.9998735001,0.9998735001,54359012528
2026-05-07,0.9999045046,1.0000526352,0.9992781451,0.9997935308,0.9997935308,53006537489
2026-05-08,0.9997823541,1.0000364339,0.9994536411,0.9998234919,0.9998234919,12629731511
2026-05-09,0.9998421689,0.9999791585,0.9995042473,0.9996939618,0.9996939618,5979947489
2026-05-10,0.9997379046,0.9999884991,0.9993134762,0.9997840632,0.9997840632,8670524275
2026-05-11,0.9997784092,1.0000446922,0.9993385672,0.9998178739,0.9998178739,12770866516
2026-05-12,0.9997873064,1.0000929866,0.9993880776,0.9997764122,0.9997764122,10248729671
2026-05-13,0.999759906,0.9999861067,0.9992545385,0.9997632597,0.9997632597,11330175212
2026-05-14,0.9997612187,0.9999837009,0.9993791337,0.9997771811,0.9997771811,13167898033
2026-05-15,0.9997332129,1.000031689,0.9988237341,0.9996682526,0.9996682526,12871524781
2026-05-16,0.9996725642,1.0000199821,0.9995325415,0.9996889056,0.9996889056,5545676774
2026-05-17,0.9997061705,1.000058484,0.9992301113,0.9997398757,0.9997398757,5825634551
2026-05-18,0.9997159909,1.0003431755,0.9994486176,0.9998243636,0.9998243636,14131158920
2026-05-19,0.9998220808,1.0002782842,0.9994402625,0.9997200281,0.9997200281,10594210355
2026-05-20,0.9997099829,1.000408714,0.9993392613,0.9996472638,0.9996472638,12234157464
2026-05-21,0.9996748058,1.0004560013,0.9993346401,0.9997146751,0.9997146751,10791714196
2026-05-22,0.9997162943,1.0003379812,0.9993942829,0.9996949157,0.9996949157,11956346546
2026-05-23,0.9996822497,1.0004608105,0.9994334967,0.9996961878,0.9996961878,8644364000
2026-05-24,0.9997977577,1.000397179,0.9993438595,0.9996554486,0.9996554486,7111372586
2026-05-25,0.9996554294,1.0001967507,0.9993253421,0.9996853593,0.9996853593,8859366843
2026-05-26,0.9996727653,1.0007868603,0.9993393554,0.9997646124,0.9997646124,15758816892
2026-05-27,0.9997648518,1.0006131007,0.9991826186,0.9996731426,0.9996731426,13736410842
2026-05-28,0.9996806167,1.0006701155,0.9992430265,0.9995951163,0.9995951163,12981196906
2026-05-29,0.9995894104,1.0003714728,0.9991787519,0.999604458,0.999604458,10129424755
2026-05-30,0.9996046315,1.0003047672,0.9992534906,0.9997170488,0.9997170488,5270784531
2026-05-31,0.9996931614,1.0010768297,0.9993424401,0.9995837307,0.9995837307,5292187563
2026-06-01,0.9995794945,1.0004946846,0.9991338094,0.9996980664,0.9996980664,15117931484
2026-06-02,0.9996750404,1.0005666385,0.9992123105,0.9997238888,0.9997238888,17806816619
2026-06-03,0.999724432,1.0003482951,0.9992003239,0.9996921061,0.9996921061,16325472714
2026-06-04,0.9997368725,1.0003135369,0.9991284429,0.9996473433,0.9996473433,20711774696
2026-06-05,0.9996829655,1.0009415436,0.9991615683,0.9997619577,0.9997619577,23793895701
2026-06-06,0.9997761304,1.0008199342,0.9991639985,0.9997213986,0.9997213986,11160861552
2026-06-07,0.99972021,1.0011442358,0.9991360887,0.9997425127,0.9997425127,10404259417
2026-06-08,0.9997736184,1.000916301,0.9989374572,0.9997694929,0.9997694929,12902206388
2026-06-09,0.999800194,1.0008271012,0.9993413205,0.999645281,0.999645281,12138196683
2026-06-10,0.9996489232,1.0011114929,0.9992122271,0.9997410099,0.9997410099,11554585947
2026-06-11,0.9997406711,1.0006994823,0.9992788816,0.9997932503,0.9997932503,11694155915
2026-06-12,0.9996826446,1.0004196649,0.9993595021,0.9998141004,0.9998141004,11543017985
2026-06-13,0.9997944667,0.9999954287,0.9990410724,0.999767088,0.999767088,4958502969
2026-06-14,0.9997564638,0.99996014,0.9991157813,0.9996865854,0.9996865854,5771028478
2026-06-15,0.9996950704,1.0000730361,0.999263096,0.9997026929,0.9997026929,12285117721
2026-06-16,0.9997116197,1.000148,0.9993663713,0.9997484105,0.9997484105,9729351417
2026-06-17,0.9997482859,1.0000710467,0.9988115219,0.999781291,0.999781291,11798173939
2026-06-18,0.9997535081,1.0000262161,0.9990823902,0.9997203934,0.9997203934,11050486532
2026-06-19,0.9997108984,1.0002142185,0.9993471161,0.9997015326,0.9997015326,6929920346
2026-06-20,0.999773447,1.0003615167,0.9994733901,0.9997675252,0.9997675252,5138264535
2026-06-21,0.999784651,1.0004524453,0.999459778,0.9998210202,0.9998210202,4680960477
2026-06-22,0.9997931497,1.0004856285,0.9993828971,0.9996525431,0.9996525431,9729877340
2026-06-23,0.9996918091,1.0005288833,0.9993365101,0.9997230026,0.9997230026,10044436794
2026-06-24,0.9997107872,1.0007558001,0.9992795174,0.9996564973,0.9996564973,13062376467
2026-06-25,0.9996964845,1.0008186277,0.998884792,0.9997200449,0.9997200449,14631679405
2026-06-26,0.9996318001,1.0007669207,0.9992506573,0.999850541,0.999850541,14985033847
2026-06-27,0.9997700787,1.0004170517,0.9993773631,0.9996445663,0.9996445663,4881329794
2026-06-28,0.9996496508,1.0012732337,0.9991556756,0.9995829636,0.9995829636,5577818251
2026-06-29,0.9994809872,1.0009062395,0.9991772235,0.9996298606,0.9996298606,14128306377
2026-06-30,0.9996083172,1.0002366611,0.999111219,0.9995937483,0.9995937483,12195105822
2026-07-01,0.9995987836,1.0005130588,0.9992818151,0.9996752712,0.9996752712,12035477906
2026-07-02,0.999706386,1.0004643346,0.9994013542,0.999798213,0.999798213,11138168050
2026-07-03,0.9997888492,1.0005809169,0.9992886055,0.9997898192,0.9997898192,8021149982
2026-07-04,0.9997752053,1.0006553138,0.9994495286,0.9998332066,0.9998332066,5298400998
2026-07-05,0.9998135361,1.0004512736,0.9994624612,0.9999365506,0.9999365506,5139942089
2026-07-06,0.9999802733,1.0013138469,0.999063097,0.9998683276,0.9998683276,10951901721
2026-07-07,0.9998613759,1.0005730056,0.9994247146,0.9996814477,0.9996814477,10846291633
2026-07-08,0.9998847953,1.0005019087,0.9993234491,0.9997596716,0.9997596716,9960461883
2026-07-09,0.9997555818,1.0005856723,0.9994521884,0.9997615575,0.9997615575,9486056797
2026-07-10,0.9997794488,1.000410754,0.9993754205,0.9998793368,0.9998793368,9703582496
2026-07-11,0.9998911464,1.0005445789,0.9995089253,0.9998390078,0.9998390078,6227344306
2026-07-12,0.9996860413,1.0004371466,0.9994203867,0.9997871901,0.9997871901,4817902102
2026-07-13,0.9998061929,1.0004245483,0.9993086515,0.999808747,0.999808747,10675469746
2026-07-14,0.9997904055,1.0009035835,0.999509907,0.9998552081,0.9998552081,11082603575
2026-07-15,0.999887439,1.0011060378,0.9993473488,0.9997701563,0.9997701563,9838163831
2026-07-16,0.9997934817,1.0005238686,0.9993430755,0.9998680789,0.9998680789,9168473676
2026-07-17,0.999879761,1.0007302277,0.9993178539,0.9999240345,0.9999240345,9079074680
2026-07-18,0.9999440315,1.0003928948,0.9995568988,0.9998945917,0.9998945917,3350658154
2026-07-19,0.999868495,1.0004369753,0.9995432804,0.9998819833,0.9998819833,4292940943
2026-07-20,0.99986275,1.0006344816,0.9993601825,0.9999821478,0.9999821478,10638978727
2026-07-21,0.9999865745,1.00064948,0.9996540258,0.9999937534,0.9999937534,9947646075
2026-07-22,0.9999549191,1.0007082411,0.9994433177,1.0000466346,1.0000466346,9326589444
2026-07-23,1.0000368678,1.0005115113,0.9995105718,0.9998420293,0.9998420293,9738785067
2026-07-24,0.9998447154,1.0006565224,0.9995296057,0.9999579333,0.9999579333,10777820824
2026-07-25,0.9999578717,1.0006104404,0.999613293,0.9999491389,0.9999491389,4842618189
2026-07-26,0.9999470018,1.0005460369,0.9995304082,1.0000355096,1.0000355096,5775644094
2026-07-27,1.0000359977,1.0008371648,0.9994324306,0.9998785903,0.9998785903,11057014808
2026-07-28,0.9999303574,1.0007314922,0.9994810337,0.9997953892,0.9997953892,10323803437
2026-07-29,0.9998202543,1.0006344476,0.9993092699,0.9997754152,0.9997754152,10804201564
2026-07-30,0.9997825873,1.0008136443,0.9992804107,0.9997604869,0.9997604869,8610345760
2026-07-31,0.9997909048,1.0004583338,0.9993772786,0.9997956316,0.9997956316,9888378036
2026-08-01,0.9997996244,1.0003335172,0.9994651803,0.9997830293,0.9997830293,3537000108
2026-08-02,0.9997694407,1.0003289935,0.9994595035,0.99978891,0.99978891,4323733057
2026-08-03,0.9998369799,1.0007569505,0.9993274564,0.9998738491,0.9998738491,8946591634
2026-08-04,0.9998691901,1.0008965133,0.9991182282,0.9998393331,0.9998393331,9184913533
2026-08-05,0.9998507299,1.0006310824,0.9994016141,0.999881902,0.999881902,9196819636
2026-08-06,0.9998875166,1.0004417779,0.9994332418,0.999790804,0.999790804,7063688203
2026-08-07,0.9997687592,1.000579157,0.999493668,0.9998729354,0.9998729354,7881521734
2026-08-08,0.9998965749,1.0002045718,0.9997051973,0.9998511249,0.9998511249,3348206041
2026-08-09,0.9998508566,1.0003997383,0.9995844742,1.0000239763,1.0000239763,4002960915
2026-08-10,1.0000270233,1.0005856194,0.9996097383,0.9998355623,0.9998355623,7912859642
2026-08-11,0.9998293401,1.000255392,0.9995805169,0.999994834,0.999994834,7133071323
2026-08-12,0.9999948394,1.0008691811,0.9995901709,0.999811541,0.999811541,8832162166
2026-08-13,0.9998330549,1.0005566186,0.9995743875,0.9999105057,0.9999105057,6918751807
2026-08-14,0.9999079495,1.0005079269,0.9995286522,0.9999112128,0.9999112128,7022408488
2026-08-15,0.9998910828,1.0002311893,0.9997030038,0.9998998709,0.9998998709,2712952519
2026-08-16,0.9998971621,1.0003969674,0.999583859,0.999783252,0.999783252,2570554955
2026-08-17,0.9997978029,1.0003218433,0.9995582823,0.9999887907,0.9999887907,7744953823
2026-08-18,1.0000090206,1.0007523902,0.9994771848,0.9998371073,0.9998371073,6416172020
2026-08-19,0.9998373123,1.0011010528,0.9995230059,0.9998726604,0.9998726604,17804128127
2026-08-20,0.9999077126,1.0007107212,0.9995404043,1.0000622081,1.0000622081,18876551866
2026-08-21,1.0000470901,1.0009760869,0.9996129374,1.0000086251,1.0000086251,26457428382
2026-08-22,1.0000670812,1.002408129,0.99961078,0.9999431215,0.9999431215,20103961076
2026-08-23,0.9999312484,1.0005148847,0.9996585024,1.0000786656,1.0000786656,13019405503
2026-08-24,1.0000441004,1.000462391,0.9996301519,1.0001130183,1.0001130183,21872424223
2026-08-25,1.0000681261,1.0005261752,0.9996677884,0.9999527552,0.9999527552,18101048010
2026-08-26,0.9998172759,1.0004198478,0.9996968335,0.9999473466,0.9999473466,14018886648
2026-08-27,0.9999509207,1.0002708161,0.9997287848,0.9999994218,0.9999994218,15931289624
2026-08-28,0.9999526127,1.0002713582,0.9996225793,1.0000098148,1.0000098148,18140479707
2026-08-29,1.0000196904,1.0003021761,0.9997615689,1.000018582,1.000018582,6061201573
2026-08-30,1.000021885,1.0003128912,0.9996997181,0.9999239937,0.9999239937,8308676729
2026-08-31,0.9999870917,1.0009566945,0.9996016985,1.0000565674,1.0000565674,14382731334
2026-09-01,0.9999854753,1.0007074716,0.9994810893,0.9998281508,0.9998281508,14439942366
2026-09-02,0.9998345965,1.0004989906,0.9994115576,0.9997799242,0.9997799242,11481361557
2026-09-03,0.9997869719,1.0004756012,0.9993734327,0.9998851894,0.9998851894,17096961447
2026-09-04,0.9998819959,1.0007394593,0.9995727514,0.9998688903,0.9998688903,16635320699
2026-09-05,0.9998562337,1.0002743593,0.9996547615,0.9998967498,0.9998967498,7856530155
2026-09-06,0.9999418537,1.0003947679,0.9995792648,0.9998811844,0.9998811844,9659280556
2026-09-07,0.9998995829,1.0008350554,0.9996005537,0.9999217166,0.9999217166,10080756956
2026-09-08,0.9999330835,1.0004783832,0.9995199838,0.9999236024,0.9999236024,13957657026
2026-09-09,0.9999489988,1.0007108698,0.9994817451,0.9998905209,0.9998905209,15653486436
2026-09-10,0.999900488,1.0007481137,0.9995554042,0.9998355656,0.9998355656,14965829114
2026-09-11,0.9998537902,1.0008746144,0.9993099392,0.9997477624,0.9997477624,18909809665
2026-09-12,0.9997646307,1.0000407727,0.999459204,0.9998636891,0.9998636891,4866847946
2026-09-13,0.9998632302,1.0003557945,0.9995291884,0.9998892748,0.9998892748,6524896067
2026-09-14,0.999831532,1.0004741331,0.9994048304,0.9998910345,0.9998910345,16398213486
2026-09-15,0.9999106095,1.0006321406,0.9993261023,0.9999315463,0.9999315463,19223327910
2026-09-16,0.9999223365,1.0008310839,0.9991685961,0.9998360089,0.9998360089,17793071970
2026-09-17,0.9999018785,1.0005631776,0.9994767072,0.9998579123,0.9998579123,13143660768
2026-09-18,0.9998670156,1.0003599338,0.9995485982,0.9997009105,0.9997009105,17872327928
